[2026-06-08T14:15:54.588+0000] {processor.py:161} INFO - Started process (PID=68) to work on /opt/airflow/dags/kaldata_dag.py
[2026-06-08T14:15:54.638+0000] {processor.py:830} INFO - Processing file /opt/airflow/dags/kaldata_dag.py for tasks to queue
[2026-06-08T14:15:54.751+0000] {logging_mixin.py:188} INFO - [2026-06-08T14:15:54.750+0000] {dagbag.py:540} INFO - Filling up the DagBag from /opt/airflow/dags/kaldata_dag.py
[2026-06-08T14:15:56.488+0000] {processor.py:840} INFO - DAG(s) 'kaldata_scraper' retrieved from /opt/airflow/dags/kaldata_dag.py
[2026-06-08T14:15:58.871+0000] {logging_mixin.py:188} INFO - [2026-06-08T14:15:58.870+0000] {dag.py:3047} INFO - Sync 1 DAGs
[2026-06-08T14:16:00.481+0000] {logging_mixin.py:188} INFO - [2026-06-08T14:16:00.481+0000] {dag.py:3834} INFO - Setting next_dagrun for kaldata_scraper to 2026-06-08 00:00:00+00:00, run_after=2026-06-09 00:00:00+00:00
[2026-06-08T14:16:02.367+0000] {processor.py:183} INFO - Processing /opt/airflow/dags/kaldata_dag.py took 7.862 seconds
[2026-06-08T14:16:40.284+0000] {processor.py:161} INFO - Started process (PID=101) to work on /opt/airflow/dags/kaldata_dag.py
[2026-06-08T14:16:40.365+0000] {processor.py:830} INFO - Processing file /opt/airflow/dags/kaldata_dag.py for tasks to queue
[2026-06-08T14:16:40.383+0000] {logging_mixin.py:188} INFO - [2026-06-08T14:16:40.382+0000] {dagbag.py:540} INFO - Filling up the DagBag from /opt/airflow/dags/kaldata_dag.py
[2026-06-08T14:16:41.258+0000] {processor.py:840} INFO - DAG(s) 'kaldata_scraper' retrieved from /opt/airflow/dags/kaldata_dag.py
[2026-06-08T14:16:42.194+0000] {logging_mixin.py:188} INFO - [2026-06-08T14:16:42.194+0000] {dag.py:3047} INFO - Sync 1 DAGs
[2026-06-08T14:16:42.836+0000] {logging_mixin.py:188} INFO - [2026-06-08T14:16:42.828+0000] {dag.py:3834} INFO - Setting next_dagrun for kaldata_scraper to 2026-06-08 00:00:00+00:00, run_after=2026-06-09 00:00:00+00:00
[2026-06-08T14:16:43.335+0000] {processor.py:183} INFO - Processing /opt/airflow/dags/kaldata_dag.py took 3.097 seconds
[2026-06-08T14:17:25.325+0000] {processor.py:161} INFO - Started process (PID=132) to work on /opt/airflow/dags/kaldata_dag.py
[2026-06-08T14:17:25.345+0000] {processor.py:830} INFO - Processing file /opt/airflow/dags/kaldata_dag.py for tasks to queue
[2026-06-08T14:17:25.356+0000] {logging_mixin.py:188} INFO - [2026-06-08T14:17:25.355+0000] {dagbag.py:540} INFO - Filling up the DagBag from /opt/airflow/dags/kaldata_dag.py
[2026-06-08T14:17:25.937+0000] {processor.py:840} INFO - DAG(s) 'kaldata_scraper' retrieved from /opt/airflow/dags/kaldata_dag.py
[2026-06-08T14:17:27.091+0000] {logging_mixin.py:188} INFO - [2026-06-08T14:17:27.090+0000] {dag.py:3047} INFO - Sync 1 DAGs
[2026-06-08T14:17:27.756+0000] {logging_mixin.py:188} INFO - [2026-06-08T14:17:27.756+0000] {dag.py:3834} INFO - Setting next_dagrun for kaldata_scraper to 2026-06-08 00:00:00+00:00, run_after=2026-06-09 00:00:00+00:00
[2026-06-08T14:17:29.096+0000] {processor.py:183} INFO - Processing /opt/airflow/dags/kaldata_dag.py took 3.833 seconds
[2026-06-08T14:18:01.507+0000] {processor.py:161} INFO - Started process (PID=161) to work on /opt/airflow/dags/kaldata_dag.py
[2026-06-08T14:18:01.525+0000] {processor.py:830} INFO - Processing file /opt/airflow/dags/kaldata_dag.py for tasks to queue
[2026-06-08T14:18:01.535+0000] {logging_mixin.py:188} INFO - [2026-06-08T14:18:01.532+0000] {dagbag.py:540} INFO - Filling up the DagBag from /opt/airflow/dags/kaldata_dag.py
[2026-06-08T14:18:02.556+0000] {processor.py:840} INFO - DAG(s) 'kaldata_scraper' retrieved from /opt/airflow/dags/kaldata_dag.py
[2026-06-08T14:18:03.316+0000] {logging_mixin.py:188} INFO - [2026-06-08T14:18:03.316+0000] {dag.py:3047} INFO - Sync 1 DAGs
[2026-06-08T14:18:03.617+0000] {logging_mixin.py:188} INFO - [2026-06-08T14:18:03.613+0000] {dag.py:3834} INFO - Setting next_dagrun for kaldata_scraper to 2026-06-08 00:00:00+00:00, run_after=2026-06-09 00:00:00+00:00
[2026-06-08T14:18:04.550+0000] {processor.py:183} INFO - Processing /opt/airflow/dags/kaldata_dag.py took 3.073 seconds
[2026-06-08T14:18:48.921+0000] {processor.py:161} INFO - Started process (PID=191) to work on /opt/airflow/dags/kaldata_dag.py
[2026-06-08T14:18:49.168+0000] {processor.py:830} INFO - Processing file /opt/airflow/dags/kaldata_dag.py for tasks to queue
[2026-06-08T14:18:49.325+0000] {logging_mixin.py:188} INFO - [2026-06-08T14:18:49.241+0000] {dagbag.py:540} INFO - Filling up the DagBag from /opt/airflow/dags/kaldata_dag.py
[2026-06-08T14:18:50.155+0000] {processor.py:840} INFO - DAG(s) 'kaldata_scraper' retrieved from /opt/airflow/dags/kaldata_dag.py
[2026-06-08T14:18:51.266+0000] {logging_mixin.py:188} INFO - [2026-06-08T14:18:51.265+0000] {dag.py:3047} INFO - Sync 1 DAGs
[2026-06-08T14:18:51.755+0000] {logging_mixin.py:188} INFO - [2026-06-08T14:18:51.754+0000] {dag.py:3834} INFO - Setting next_dagrun for kaldata_scraper to 2026-06-08 00:00:00+00:00, run_after=2026-06-09 00:00:00+00:00
[2026-06-08T14:18:52.000+0000] {processor.py:183} INFO - Processing /opt/airflow/dags/kaldata_dag.py took 3.548 seconds
[2026-06-08T14:19:29.090+0000] {processor.py:161} INFO - Started process (PID=221) to work on /opt/airflow/dags/kaldata_dag.py
[2026-06-08T14:19:29.335+0000] {processor.py:830} INFO - Processing file /opt/airflow/dags/kaldata_dag.py for tasks to queue
[2026-06-08T14:19:29.521+0000] {logging_mixin.py:188} INFO - [2026-06-08T14:19:29.520+0000] {dagbag.py:540} INFO - Filling up the DagBag from /opt/airflow/dags/kaldata_dag.py
[2026-06-08T14:19:31.812+0000] {processor.py:840} INFO - DAG(s) 'kaldata_scraper' retrieved from /opt/airflow/dags/kaldata_dag.py
[2026-06-08T14:19:32.359+0000] {logging_mixin.py:188} INFO - [2026-06-08T14:19:32.358+0000] {dag.py:3047} INFO - Sync 1 DAGs
[2026-06-08T14:19:33.857+0000] {logging_mixin.py:188} INFO - [2026-06-08T14:19:33.856+0000] {dag.py:3834} INFO - Setting next_dagrun for kaldata_scraper to 2026-06-08 00:00:00+00:00, run_after=2026-06-09 00:00:00+00:00
[2026-06-08T14:19:34.590+0000] {processor.py:183} INFO - Processing /opt/airflow/dags/kaldata_dag.py took 6.194 seconds
[2026-06-08T14:20:07.778+0000] {processor.py:161} INFO - Started process (PID=251) to work on /opt/airflow/dags/kaldata_dag.py
[2026-06-08T14:20:07.968+0000] {processor.py:830} INFO - Processing file /opt/airflow/dags/kaldata_dag.py for tasks to queue
[2026-06-08T14:20:08.016+0000] {logging_mixin.py:188} INFO - [2026-06-08T14:20:08.015+0000] {dagbag.py:540} INFO - Filling up the DagBag from /opt/airflow/dags/kaldata_dag.py
[2026-06-08T14:20:09.202+0000] {processor.py:840} INFO - DAG(s) 'kaldata_scraper' retrieved from /opt/airflow/dags/kaldata_dag.py
[2026-06-08T14:20:10.202+0000] {logging_mixin.py:188} INFO - [2026-06-08T14:20:10.202+0000] {dag.py:3047} INFO - Sync 1 DAGs
[2026-06-08T14:20:11.322+0000] {logging_mixin.py:188} INFO - [2026-06-08T14:20:11.322+0000] {dag.py:3834} INFO - Setting next_dagrun for kaldata_scraper to 2026-06-08 00:00:00+00:00, run_after=2026-06-09 00:00:00+00:00
[2026-06-08T14:20:11.775+0000] {processor.py:183} INFO - Processing /opt/airflow/dags/kaldata_dag.py took 4.243 seconds
[2026-06-08T14:20:49.900+0000] {processor.py:161} INFO - Started process (PID=283) to work on /opt/airflow/dags/kaldata_dag.py
[2026-06-08T14:20:49.959+0000] {processor.py:830} INFO - Processing file /opt/airflow/dags/kaldata_dag.py for tasks to queue
[2026-06-08T14:20:49.974+0000] {logging_mixin.py:188} INFO - [2026-06-08T14:20:49.969+0000] {dagbag.py:540} INFO - Filling up the DagBag from /opt/airflow/dags/kaldata_dag.py
[2026-06-08T14:20:50.623+0000] {processor.py:840} INFO - DAG(s) 'kaldata_scraper' retrieved from /opt/airflow/dags/kaldata_dag.py
[2026-06-08T14:20:51.514+0000] {logging_mixin.py:188} INFO - [2026-06-08T14:20:51.506+0000] {dag.py:3047} INFO - Sync 1 DAGs
[2026-06-08T14:20:52.117+0000] {logging_mixin.py:188} INFO - [2026-06-08T14:20:52.116+0000] {dag.py:3834} INFO - Setting next_dagrun for kaldata_scraper to 2026-06-08 00:00:00+00:00, run_after=2026-06-09 00:00:00+00:00
[2026-06-08T14:20:54.068+0000] {processor.py:183} INFO - Processing /opt/airflow/dags/kaldata_dag.py took 4.302 seconds
[2026-06-08T14:21:32.105+0000] {processor.py:161} INFO - Started process (PID=313) to work on /opt/airflow/dags/kaldata_dag.py
[2026-06-08T14:21:32.164+0000] {processor.py:830} INFO - Processing file /opt/airflow/dags/kaldata_dag.py for tasks to queue
[2026-06-08T14:21:32.230+0000] {logging_mixin.py:188} INFO - [2026-06-08T14:21:32.229+0000] {dagbag.py:540} INFO - Filling up the DagBag from /opt/airflow/dags/kaldata_dag.py
[2026-06-08T14:21:32.529+0000] {processor.py:840} INFO - DAG(s) 'kaldata_scraper' retrieved from /opt/airflow/dags/kaldata_dag.py
[2026-06-08T14:21:32.855+0000] {logging_mixin.py:188} INFO - [2026-06-08T14:21:32.854+0000] {dag.py:3047} INFO - Sync 1 DAGs
[2026-06-08T14:21:34.098+0000] {logging_mixin.py:188} INFO - [2026-06-08T14:21:34.075+0000] {dag.py:3834} INFO - Setting next_dagrun for kaldata_scraper to 2026-06-08 00:00:00+00:00, run_after=2026-06-09 00:00:00+00:00
[2026-06-08T14:21:34.563+0000] {processor.py:183} INFO - Processing /opt/airflow/dags/kaldata_dag.py took 2.527 seconds
[2026-06-08T14:22:16.240+0000] {processor.py:161} INFO - Started process (PID=342) to work on /opt/airflow/dags/kaldata_dag.py
[2026-06-08T14:22:16.388+0000] {processor.py:830} INFO - Processing file /opt/airflow/dags/kaldata_dag.py for tasks to queue
[2026-06-08T14:22:16.654+0000] {logging_mixin.py:188} INFO - [2026-06-08T14:22:16.405+0000] {dagbag.py:540} INFO - Filling up the DagBag from /opt/airflow/dags/kaldata_dag.py
[2026-06-08T14:22:19.753+0000] {processor.py:840} INFO - DAG(s) 'kaldata_scraper' retrieved from /opt/airflow/dags/kaldata_dag.py
[2026-06-08T14:22:20.959+0000] {logging_mixin.py:188} INFO - [2026-06-08T14:22:20.959+0000] {dag.py:3047} INFO - Sync 1 DAGs
[2026-06-08T14:22:22.497+0000] {logging_mixin.py:188} INFO - [2026-06-08T14:22:22.496+0000] {dag.py:3834} INFO - Setting next_dagrun for kaldata_scraper to 2026-06-08 00:00:00+00:00, run_after=2026-06-09 00:00:00+00:00
[2026-06-08T14:22:24.040+0000] {processor.py:183} INFO - Processing /opt/airflow/dags/kaldata_dag.py took 8.552 seconds
[2026-06-08T14:23:14.904+0000] {processor.py:161} INFO - Started process (PID=372) to work on /opt/airflow/dags/kaldata_dag.py
[2026-06-08T14:23:14.952+0000] {processor.py:830} INFO - Processing file /opt/airflow/dags/kaldata_dag.py for tasks to queue
[2026-06-08T14:23:15.064+0000] {logging_mixin.py:188} INFO - [2026-06-08T14:23:15.049+0000] {dagbag.py:540} INFO - Filling up the DagBag from /opt/airflow/dags/kaldata_dag.py
[2026-06-08T14:23:18.111+0000] {processor.py:840} INFO - DAG(s) 'kaldata_scraper' retrieved from /opt/airflow/dags/kaldata_dag.py
[2026-06-08T14:23:20.743+0000] {logging_mixin.py:188} INFO - [2026-06-08T14:23:20.743+0000] {dag.py:3047} INFO - Sync 1 DAGs
[2026-06-08T14:23:27.027+0000] {logging_mixin.py:188} INFO - [2026-06-08T14:23:27.026+0000] {dag.py:3834} INFO - Setting next_dagrun for kaldata_scraper to 2026-06-08 00:00:00+00:00, run_after=2026-06-09 00:00:00+00:00
[2026-06-08T14:23:29.163+0000] {processor.py:183} INFO - Processing /opt/airflow/dags/kaldata_dag.py took 14.374 seconds
[2026-06-08T14:24:10.131+0000] {processor.py:161} INFO - Started process (PID=403) to work on /opt/airflow/dags/kaldata_dag.py
[2026-06-08T14:24:10.459+0000] {processor.py:830} INFO - Processing file /opt/airflow/dags/kaldata_dag.py for tasks to queue
[2026-06-08T14:24:10.588+0000] {logging_mixin.py:188} INFO - [2026-06-08T14:24:10.586+0000] {dagbag.py:540} INFO - Filling up the DagBag from /opt/airflow/dags/kaldata_dag.py
[2026-06-08T14:24:14.327+0000] {processor.py:840} INFO - DAG(s) 'kaldata_scraper' retrieved from /opt/airflow/dags/kaldata_dag.py
[2026-06-08T14:24:16.165+0000] {logging_mixin.py:188} INFO - [2026-06-08T14:24:16.164+0000] {dag.py:3047} INFO - Sync 1 DAGs
[2026-06-08T14:24:17.347+0000] {logging_mixin.py:188} INFO - [2026-06-08T14:24:17.346+0000] {dag.py:3834} INFO - Setting next_dagrun for kaldata_scraper to 2026-06-08 00:00:00+00:00, run_after=2026-06-09 00:00:00+00:00
[2026-06-08T14:24:17.836+0000] {processor.py:183} INFO - Processing /opt/airflow/dags/kaldata_dag.py took 8.337 seconds
[2026-06-08T14:24:52.123+0000] {processor.py:161} INFO - Started process (PID=435) to work on /opt/airflow/dags/kaldata_dag.py
[2026-06-08T14:24:52.163+0000] {processor.py:830} INFO - Processing file /opt/airflow/dags/kaldata_dag.py for tasks to queue
[2026-06-08T14:24:52.218+0000] {logging_mixin.py:188} INFO - [2026-06-08T14:24:52.183+0000] {dagbag.py:540} INFO - Filling up the DagBag from /opt/airflow/dags/kaldata_dag.py
[2026-06-08T14:24:55.082+0000] {processor.py:840} INFO - DAG(s) 'kaldata_scraper' retrieved from /opt/airflow/dags/kaldata_dag.py
[2026-06-08T14:24:57.839+0000] {logging_mixin.py:188} INFO - [2026-06-08T14:24:57.825+0000] {dag.py:3047} INFO - Sync 1 DAGs
[2026-06-08T14:24:59.191+0000] {logging_mixin.py:188} INFO - [2026-06-08T14:24:59.190+0000] {dag.py:3834} INFO - Setting next_dagrun for kaldata_scraper to 2026-06-08 00:00:00+00:00, run_after=2026-06-09 00:00:00+00:00
[2026-06-08T14:24:59.627+0000] {processor.py:183} INFO - Processing /opt/airflow/dags/kaldata_dag.py took 7.924 seconds
[2026-06-08T14:25:35.069+0000] {processor.py:161} INFO - Started process (PID=467) to work on /opt/airflow/dags/kaldata_dag.py
[2026-06-08T14:25:35.080+0000] {processor.py:830} INFO - Processing file /opt/airflow/dags/kaldata_dag.py for tasks to queue
[2026-06-08T14:25:35.085+0000] {logging_mixin.py:188} INFO - [2026-06-08T14:25:35.083+0000] {dagbag.py:540} INFO - Filling up the DagBag from /opt/airflow/dags/kaldata_dag.py
[2026-06-08T14:25:35.775+0000] {processor.py:840} INFO - DAG(s) 'kaldata_scraper' retrieved from /opt/airflow/dags/kaldata_dag.py
[2026-06-08T14:25:37.151+0000] {logging_mixin.py:188} INFO - [2026-06-08T14:25:37.150+0000] {dag.py:3047} INFO - Sync 1 DAGs
[2026-06-08T14:25:41.057+0000] {logging_mixin.py:188} INFO - [2026-06-08T14:25:41.057+0000] {dag.py:3834} INFO - Setting next_dagrun for kaldata_scraper to 2026-06-08 00:00:00+00:00, run_after=2026-06-09 00:00:00+00:00
[2026-06-08T14:25:45.282+0000] {processor.py:183} INFO - Processing /opt/airflow/dags/kaldata_dag.py took 10.323 seconds
[2026-06-08T14:26:35.945+0000] {processor.py:161} INFO - Started process (PID=497) to work on /opt/airflow/dags/kaldata_dag.py
[2026-06-08T14:26:36.007+0000] {processor.py:830} INFO - Processing file /opt/airflow/dags/kaldata_dag.py for tasks to queue
[2026-06-08T14:26:36.041+0000] {logging_mixin.py:188} INFO - [2026-06-08T14:26:36.039+0000] {dagbag.py:540} INFO - Filling up the DagBag from /opt/airflow/dags/kaldata_dag.py
[2026-06-08T14:26:44.234+0000] {processor.py:840} INFO - DAG(s) 'kaldata_scraper' retrieved from /opt/airflow/dags/kaldata_dag.py
[2026-06-08T14:26:45.498+0000] {logging_mixin.py:188} INFO - [2026-06-08T14:26:45.497+0000] {dag.py:3047} INFO - Sync 1 DAGs
[2026-06-08T14:26:48.089+0000] {logging_mixin.py:188} INFO - [2026-06-08T14:26:48.088+0000] {dag.py:3834} INFO - Setting next_dagrun for kaldata_scraper to 2026-06-08 00:00:00+00:00, run_after=2026-06-09 00:00:00+00:00
[2026-06-08T14:26:52.200+0000] {processor.py:183} INFO - Processing /opt/airflow/dags/kaldata_dag.py took 16.561 seconds
[2026-06-08T14:27:36.974+0000] {processor.py:161} INFO - Started process (PID=529) to work on /opt/airflow/dags/kaldata_dag.py
[2026-06-08T14:27:37.324+0000] {processor.py:830} INFO - Processing file /opt/airflow/dags/kaldata_dag.py for tasks to queue
[2026-06-08T14:27:37.407+0000] {logging_mixin.py:188} INFO - [2026-06-08T14:27:37.375+0000] {dagbag.py:540} INFO - Filling up the DagBag from /opt/airflow/dags/kaldata_dag.py
[2026-06-08T14:27:43.371+0000] {processor.py:840} INFO - DAG(s) 'kaldata_scraper' retrieved from /opt/airflow/dags/kaldata_dag.py
[2026-06-08T14:27:50.380+0000] {logging_mixin.py:188} INFO - [2026-06-08T14:27:50.379+0000] {dag.py:3047} INFO - Sync 1 DAGs
[2026-06-08T14:27:53.107+0000] {logging_mixin.py:188} INFO - [2026-06-08T14:27:53.105+0000] {dag.py:3834} INFO - Setting next_dagrun for kaldata_scraper to 2026-06-08 00:00:00+00:00, run_after=2026-06-09 00:00:00+00:00
[2026-06-08T14:27:55.982+0000] {processor.py:183} INFO - Processing /opt/airflow/dags/kaldata_dag.py took 19.465 seconds
[2026-06-08T14:28:31.350+0000] {processor.py:161} INFO - Started process (PID=559) to work on /opt/airflow/dags/kaldata_dag.py
[2026-06-08T14:28:31.790+0000] {processor.py:830} INFO - Processing file /opt/airflow/dags/kaldata_dag.py for tasks to queue
[2026-06-08T14:28:31.975+0000] {logging_mixin.py:188} INFO - [2026-06-08T14:28:31.974+0000] {dagbag.py:540} INFO - Filling up the DagBag from /opt/airflow/dags/kaldata_dag.py
[2026-06-08T14:28:33.537+0000] {processor.py:840} INFO - DAG(s) 'kaldata_scraper' retrieved from /opt/airflow/dags/kaldata_dag.py
[2026-06-08T14:28:34.823+0000] {logging_mixin.py:188} INFO - [2026-06-08T14:28:34.792+0000] {dag.py:3047} INFO - Sync 1 DAGs
[2026-06-08T14:28:38.337+0000] {logging_mixin.py:188} INFO - [2026-06-08T14:28:37.884+0000] {dag.py:3834} INFO - Setting next_dagrun for kaldata_scraper to 2026-06-08 00:00:00+00:00, run_after=2026-06-09 00:00:00+00:00
[2026-06-08T14:28:44.145+0000] {processor.py:183} INFO - Processing /opt/airflow/dags/kaldata_dag.py took 13.077 seconds
[2026-06-08T14:29:18.264+0000] {processor.py:161} INFO - Started process (PID=590) to work on /opt/airflow/dags/kaldata_dag.py
[2026-06-08T14:29:18.287+0000] {processor.py:830} INFO - Processing file /opt/airflow/dags/kaldata_dag.py for tasks to queue
[2026-06-08T14:29:18.295+0000] {logging_mixin.py:188} INFO - [2026-06-08T14:29:18.294+0000] {dagbag.py:540} INFO - Filling up the DagBag from /opt/airflow/dags/kaldata_dag.py
[2026-06-08T14:29:18.559+0000] {processor.py:840} INFO - DAG(s) 'kaldata_scraper' retrieved from /opt/airflow/dags/kaldata_dag.py
[2026-06-08T14:29:18.886+0000] {logging_mixin.py:188} INFO - [2026-06-08T14:29:18.886+0000] {dag.py:3047} INFO - Sync 1 DAGs
[2026-06-08T14:29:19.561+0000] {logging_mixin.py:188} INFO - [2026-06-08T14:29:19.560+0000] {dag.py:3834} INFO - Setting next_dagrun for kaldata_scraper to 2026-06-08 00:00:00+00:00, run_after=2026-06-09 00:00:00+00:00
[2026-06-08T14:29:20.516+0000] {processor.py:183} INFO - Processing /opt/airflow/dags/kaldata_dag.py took 2.291 seconds
[2026-06-08T14:29:51.570+0000] {processor.py:161} INFO - Started process (PID=621) to work on /opt/airflow/dags/kaldata_dag.py
[2026-06-08T14:29:51.579+0000] {processor.py:830} INFO - Processing file /opt/airflow/dags/kaldata_dag.py for tasks to queue
[2026-06-08T14:29:51.589+0000] {logging_mixin.py:188} INFO - [2026-06-08T14:29:51.588+0000] {dagbag.py:540} INFO - Filling up the DagBag from /opt/airflow/dags/kaldata_dag.py
[2026-06-08T14:29:53.365+0000] {processor.py:840} INFO - DAG(s) 'kaldata_scraper' retrieved from /opt/airflow/dags/kaldata_dag.py
[2026-06-08T14:29:54.248+0000] {logging_mixin.py:188} INFO - [2026-06-08T14:29:54.247+0000] {dag.py:3047} INFO - Sync 1 DAGs
[2026-06-08T14:29:54.955+0000] {logging_mixin.py:188} INFO - [2026-06-08T14:29:54.954+0000] {dag.py:3834} INFO - Setting next_dagrun for kaldata_scraper to 2026-06-08 00:00:00+00:00, run_after=2026-06-09 00:00:00+00:00
[2026-06-08T14:29:55.169+0000] {processor.py:183} INFO - Processing /opt/airflow/dags/kaldata_dag.py took 3.651 seconds
[2026-06-08T14:30:26.388+0000] {processor.py:161} INFO - Started process (PID=653) to work on /opt/airflow/dags/kaldata_dag.py
[2026-06-08T14:30:26.407+0000] {processor.py:830} INFO - Processing file /opt/airflow/dags/kaldata_dag.py for tasks to queue
[2026-06-08T14:30:26.424+0000] {logging_mixin.py:188} INFO - [2026-06-08T14:30:26.423+0000] {dagbag.py:540} INFO - Filling up the DagBag from /opt/airflow/dags/kaldata_dag.py
[2026-06-08T14:30:27.279+0000] {processor.py:840} INFO - DAG(s) 'kaldata_scraper' retrieved from /opt/airflow/dags/kaldata_dag.py
[2026-06-08T14:30:27.547+0000] {logging_mixin.py:188} INFO - [2026-06-08T14:30:27.546+0000] {dag.py:3047} INFO - Sync 1 DAGs
[2026-06-08T14:30:27.831+0000] {logging_mixin.py:188} INFO - [2026-06-08T14:30:27.830+0000] {dag.py:3834} INFO - Setting next_dagrun for kaldata_scraper to 2026-06-08 00:00:00+00:00, run_after=2026-06-09 00:00:00+00:00
[2026-06-08T14:30:28.574+0000] {processor.py:183} INFO - Processing /opt/airflow/dags/kaldata_dag.py took 2.403 seconds
[2026-06-08T14:30:59.629+0000] {processor.py:161} INFO - Started process (PID=685) to work on /opt/airflow/dags/kaldata_dag.py
[2026-06-08T14:30:59.632+0000] {processor.py:830} INFO - Processing file /opt/airflow/dags/kaldata_dag.py for tasks to queue
[2026-06-08T14:30:59.635+0000] {logging_mixin.py:188} INFO - [2026-06-08T14:30:59.634+0000] {dagbag.py:540} INFO - Filling up the DagBag from /opt/airflow/dags/kaldata_dag.py
[2026-06-08T14:30:59.750+0000] {processor.py:840} INFO - DAG(s) 'kaldata_scraper' retrieved from /opt/airflow/dags/kaldata_dag.py
[2026-06-08T14:31:00.733+0000] {logging_mixin.py:188} INFO - [2026-06-08T14:31:00.728+0000] {dag.py:3047} INFO - Sync 1 DAGs
[2026-06-08T14:31:01.006+0000] {logging_mixin.py:188} INFO - [2026-06-08T14:31:01.005+0000] {dag.py:3834} INFO - Setting next_dagrun for kaldata_scraper to 2026-06-08 00:00:00+00:00, run_after=2026-06-09 00:00:00+00:00
[2026-06-08T14:31:01.149+0000] {processor.py:183} INFO - Processing /opt/airflow/dags/kaldata_dag.py took 1.534 seconds
[2026-06-08T14:31:32.716+0000] {processor.py:161} INFO - Started process (PID=715) to work on /opt/airflow/dags/kaldata_dag.py
[2026-06-08T14:31:32.731+0000] {processor.py:830} INFO - Processing file /opt/airflow/dags/kaldata_dag.py for tasks to queue
[2026-06-08T14:31:32.736+0000] {logging_mixin.py:188} INFO - [2026-06-08T14:31:32.735+0000] {dagbag.py:540} INFO - Filling up the DagBag from /opt/airflow/dags/kaldata_dag.py
[2026-06-08T14:31:32.942+0000] {processor.py:840} INFO - DAG(s) 'kaldata_scraper' retrieved from /opt/airflow/dags/kaldata_dag.py
[2026-06-08T14:31:33.732+0000] {logging_mixin.py:188} INFO - [2026-06-08T14:31:33.731+0000] {dag.py:3047} INFO - Sync 1 DAGs
[2026-06-08T14:31:34.802+0000] {logging_mixin.py:188} INFO - [2026-06-08T14:31:34.776+0000] {dag.py:3834} INFO - Setting next_dagrun for kaldata_scraper to 2026-06-08 00:00:00+00:00, run_after=2026-06-09 00:00:00+00:00
[2026-06-08T14:31:35.026+0000] {processor.py:183} INFO - Processing /opt/airflow/dags/kaldata_dag.py took 2.332 seconds
[2026-06-08T14:32:06.814+0000] {processor.py:161} INFO - Started process (PID=745) to work on /opt/airflow/dags/kaldata_dag.py
[2026-06-08T14:32:06.834+0000] {processor.py:830} INFO - Processing file /opt/airflow/dags/kaldata_dag.py for tasks to queue
[2026-06-08T14:32:06.843+0000] {logging_mixin.py:188} INFO - [2026-06-08T14:32:06.842+0000] {dagbag.py:540} INFO - Filling up the DagBag from /opt/airflow/dags/kaldata_dag.py
[2026-06-08T14:32:07.019+0000] {processor.py:840} INFO - DAG(s) 'kaldata_scraper' retrieved from /opt/airflow/dags/kaldata_dag.py
[2026-06-08T14:32:07.283+0000] {logging_mixin.py:188} INFO - [2026-06-08T14:32:07.280+0000] {dag.py:3047} INFO - Sync 1 DAGs
[2026-06-08T14:32:07.541+0000] {logging_mixin.py:188} INFO - [2026-06-08T14:32:07.539+0000] {dag.py:3834} INFO - Setting next_dagrun for kaldata_scraper to 2026-06-08 00:00:00+00:00, run_after=2026-06-09 00:00:00+00:00
[2026-06-08T14:32:07.816+0000] {processor.py:183} INFO - Processing /opt/airflow/dags/kaldata_dag.py took 1.069 seconds
[2026-06-08T14:32:55.444+0000] {processor.py:161} INFO - Started process (PID=775) to work on /opt/airflow/dags/kaldata_dag.py
[2026-06-08T14:32:55.638+0000] {processor.py:830} INFO - Processing file /opt/airflow/dags/kaldata_dag.py for tasks to queue
[2026-06-08T14:32:55.781+0000] {logging_mixin.py:188} INFO - [2026-06-08T14:32:55.735+0000] {dagbag.py:540} INFO - Filling up the DagBag from /opt/airflow/dags/kaldata_dag.py
[2026-06-08T14:33:00.456+0000] {processor.py:840} INFO - DAG(s) 'kaldata_scraper' retrieved from /opt/airflow/dags/kaldata_dag.py
[2026-06-08T14:33:01.097+0000] {logging_mixin.py:188} INFO - [2026-06-08T14:33:01.096+0000] {dag.py:3047} INFO - Sync 1 DAGs
[2026-06-08T14:33:01.597+0000] {logging_mixin.py:188} INFO - [2026-06-08T14:33:01.596+0000] {dag.py:3834} INFO - Setting next_dagrun for kaldata_scraper to 2026-06-08 00:00:00+00:00, run_after=2026-06-09 00:00:00+00:00
[2026-06-08T14:33:05.849+0000] {processor.py:183} INFO - Processing /opt/airflow/dags/kaldata_dag.py took 10.575 seconds
[2026-06-08T14:33:46.715+0000] {processor.py:161} INFO - Started process (PID=808) to work on /opt/airflow/dags/kaldata_dag.py
[2026-06-08T14:33:46.856+0000] {processor.py:830} INFO - Processing file /opt/airflow/dags/kaldata_dag.py for tasks to queue
[2026-06-08T14:33:46.980+0000] {logging_mixin.py:188} INFO - [2026-06-08T14:33:46.936+0000] {dagbag.py:540} INFO - Filling up the DagBag from /opt/airflow/dags/kaldata_dag.py
[2026-06-08T14:33:51.242+0000] {processor.py:840} INFO - DAG(s) 'kaldata_scraper' retrieved from /opt/airflow/dags/kaldata_dag.py
[2026-06-08T14:33:53.147+0000] {logging_mixin.py:188} INFO - [2026-06-08T14:33:53.146+0000] {dag.py:3047} INFO - Sync 1 DAGs
[2026-06-08T14:33:53.582+0000] {logging_mixin.py:188} INFO - [2026-06-08T14:33:53.581+0000] {dag.py:3834} INFO - Setting next_dagrun for kaldata_scraper to 2026-06-08 00:00:00+00:00, run_after=2026-06-09 00:00:00+00:00
[2026-06-08T14:33:54.539+0000] {processor.py:183} INFO - Processing /opt/airflow/dags/kaldata_dag.py took 8.034 seconds
[2026-06-08T14:34:28.088+0000] {processor.py:161} INFO - Started process (PID=838) to work on /opt/airflow/dags/kaldata_dag.py
[2026-06-08T14:34:28.099+0000] {processor.py:830} INFO - Processing file /opt/airflow/dags/kaldata_dag.py for tasks to queue
[2026-06-08T14:34:28.109+0000] {logging_mixin.py:188} INFO - [2026-06-08T14:34:28.108+0000] {dagbag.py:540} INFO - Filling up the DagBag from /opt/airflow/dags/kaldata_dag.py
[2026-06-08T14:34:28.298+0000] {processor.py:840} INFO - DAG(s) 'kaldata_scraper' retrieved from /opt/airflow/dags/kaldata_dag.py
[2026-06-08T14:34:29.260+0000] {logging_mixin.py:188} INFO - [2026-06-08T14:34:29.260+0000] {dag.py:3047} INFO - Sync 1 DAGs
[2026-06-08T14:34:29.627+0000] {logging_mixin.py:188} INFO - [2026-06-08T14:34:29.624+0000] {dag.py:3834} INFO - Setting next_dagrun for kaldata_scraper to 2026-06-08 00:00:00+00:00, run_after=2026-06-09 00:00:00+00:00
[2026-06-08T14:34:29.720+0000] {processor.py:183} INFO - Processing /opt/airflow/dags/kaldata_dag.py took 1.666 seconds
[2026-06-08T14:35:02.176+0000] {processor.py:161} INFO - Started process (PID=865) to work on /opt/airflow/dags/kaldata_dag.py
[2026-06-08T14:35:02.208+0000] {processor.py:830} INFO - Processing file /opt/airflow/dags/kaldata_dag.py for tasks to queue
[2026-06-08T14:35:02.273+0000] {logging_mixin.py:188} INFO - [2026-06-08T14:35:02.272+0000] {dagbag.py:540} INFO - Filling up the DagBag from /opt/airflow/dags/kaldata_dag.py
[2026-06-08T14:35:04.363+0000] {processor.py:840} INFO - DAG(s) 'kaldata_scraper' retrieved from /opt/airflow/dags/kaldata_dag.py
[2026-06-08T14:35:06.205+0000] {logging_mixin.py:188} INFO - [2026-06-08T14:35:06.204+0000] {dag.py:3047} INFO - Sync 1 DAGs
[2026-06-08T14:35:08.498+0000] {logging_mixin.py:188} INFO - [2026-06-08T14:35:08.497+0000] {dag.py:3834} INFO - Setting next_dagrun for kaldata_scraper to 2026-06-08 00:00:00+00:00, run_after=2026-06-09 00:00:00+00:00
[2026-06-08T14:35:10.233+0000] {processor.py:183} INFO - Processing /opt/airflow/dags/kaldata_dag.py took 8.288 seconds
[2026-06-08T14:35:42.079+0000] {processor.py:161} INFO - Started process (PID=898) to work on /opt/airflow/dags/kaldata_dag.py
[2026-06-08T14:35:42.091+0000] {processor.py:830} INFO - Processing file /opt/airflow/dags/kaldata_dag.py for tasks to queue
[2026-06-08T14:35:42.108+0000] {logging_mixin.py:188} INFO - [2026-06-08T14:35:42.106+0000] {dagbag.py:540} INFO - Filling up the DagBag from /opt/airflow/dags/kaldata_dag.py
[2026-06-08T14:35:42.362+0000] {processor.py:840} INFO - DAG(s) 'kaldata_scraper' retrieved from /opt/airflow/dags/kaldata_dag.py
[2026-06-08T14:35:43.776+0000] {logging_mixin.py:188} INFO - [2026-06-08T14:35:43.745+0000] {dag.py:3047} INFO - Sync 1 DAGs
[2026-06-08T14:35:44.595+0000] {logging_mixin.py:188} INFO - [2026-06-08T14:35:44.585+0000] {dag.py:3834} INFO - Setting next_dagrun for kaldata_scraper to 2026-06-08 00:00:00+00:00, run_after=2026-06-09 00:00:00+00:00
[2026-06-08T14:35:46.054+0000] {processor.py:183} INFO - Processing /opt/airflow/dags/kaldata_dag.py took 4.002 seconds
[2026-06-08T14:36:17.153+0000] {processor.py:161} INFO - Started process (PID=930) to work on /opt/airflow/dags/kaldata_dag.py
[2026-06-08T14:36:17.160+0000] {processor.py:830} INFO - Processing file /opt/airflow/dags/kaldata_dag.py for tasks to queue
[2026-06-08T14:36:17.167+0000] {logging_mixin.py:188} INFO - [2026-06-08T14:36:17.165+0000] {dagbag.py:540} INFO - Filling up the DagBag from /opt/airflow/dags/kaldata_dag.py
[2026-06-08T14:36:17.319+0000] {processor.py:840} INFO - DAG(s) 'kaldata_scraper' retrieved from /opt/airflow/dags/kaldata_dag.py
[2026-06-08T14:36:17.547+0000] {logging_mixin.py:188} INFO - [2026-06-08T14:36:17.547+0000] {dag.py:3047} INFO - Sync 1 DAGs
[2026-06-08T14:36:18.147+0000] {logging_mixin.py:188} INFO - [2026-06-08T14:36:18.146+0000] {dag.py:3834} INFO - Setting next_dagrun for kaldata_scraper to 2026-06-08 00:00:00+00:00, run_after=2026-06-09 00:00:00+00:00
[2026-06-08T14:36:18.658+0000] {processor.py:183} INFO - Processing /opt/airflow/dags/kaldata_dag.py took 1.554 seconds
[2026-06-08T14:36:49.556+0000] {processor.py:161} INFO - Started process (PID=958) to work on /opt/airflow/dags/kaldata_dag.py
[2026-06-08T14:36:49.582+0000] {processor.py:830} INFO - Processing file /opt/airflow/dags/kaldata_dag.py for tasks to queue
[2026-06-08T14:36:49.623+0000] {logging_mixin.py:188} INFO - [2026-06-08T14:36:49.597+0000] {dagbag.py:540} INFO - Filling up the DagBag from /opt/airflow/dags/kaldata_dag.py
[2026-06-08T14:36:51.758+0000] {processor.py:840} INFO - DAG(s) 'kaldata_scraper' retrieved from /opt/airflow/dags/kaldata_dag.py
[2026-06-08T14:36:53.188+0000] {logging_mixin.py:188} INFO - [2026-06-08T14:36:53.188+0000] {dag.py:3047} INFO - Sync 1 DAGs
[2026-06-08T14:36:53.572+0000] {logging_mixin.py:188} INFO - [2026-06-08T14:36:53.565+0000] {dag.py:3834} INFO - Setting next_dagrun for kaldata_scraper to 2026-06-08 00:00:00+00:00, run_after=2026-06-09 00:00:00+00:00
[2026-06-08T14:36:53.712+0000] {processor.py:183} INFO - Processing /opt/airflow/dags/kaldata_dag.py took 4.237 seconds
[2026-06-08T14:37:24.532+0000] {processor.py:161} INFO - Started process (PID=988) to work on /opt/airflow/dags/kaldata_dag.py
[2026-06-08T14:37:24.574+0000] {processor.py:830} INFO - Processing file /opt/airflow/dags/kaldata_dag.py for tasks to queue
[2026-06-08T14:37:24.587+0000] {logging_mixin.py:188} INFO - [2026-06-08T14:37:24.586+0000] {dagbag.py:540} INFO - Filling up the DagBag from /opt/airflow/dags/kaldata_dag.py
[2026-06-08T14:37:25.047+0000] {processor.py:840} INFO - DAG(s) 'kaldata_scraper' retrieved from /opt/airflow/dags/kaldata_dag.py
[2026-06-08T14:37:26.047+0000] {logging_mixin.py:188} INFO - [2026-06-08T14:37:26.046+0000] {dag.py:3047} INFO - Sync 1 DAGs
[2026-06-08T14:37:26.377+0000] {logging_mixin.py:188} INFO - [2026-06-08T14:37:26.376+0000] {dag.py:3834} INFO - Setting next_dagrun for kaldata_scraper to 2026-06-08 00:00:00+00:00, run_after=2026-06-09 00:00:00+00:00
[2026-06-08T14:37:26.606+0000] {processor.py:183} INFO - Processing /opt/airflow/dags/kaldata_dag.py took 2.204 seconds
[2026-06-08T14:38:03.851+0000] {processor.py:161} INFO - Started process (PID=1018) to work on /opt/airflow/dags/kaldata_dag.py
[2026-06-08T14:38:03.874+0000] {processor.py:830} INFO - Processing file /opt/airflow/dags/kaldata_dag.py for tasks to queue
[2026-06-08T14:38:03.913+0000] {logging_mixin.py:188} INFO - [2026-06-08T14:38:03.894+0000] {dagbag.py:540} INFO - Filling up the DagBag from /opt/airflow/dags/kaldata_dag.py
[2026-06-08T14:38:05.738+0000] {processor.py:840} INFO - DAG(s) 'kaldata_scraper' retrieved from /opt/airflow/dags/kaldata_dag.py
[2026-06-08T14:38:08.322+0000] {logging_mixin.py:188} INFO - [2026-06-08T14:38:08.305+0000] {dag.py:3047} INFO - Sync 1 DAGs
[2026-06-08T14:38:09.557+0000] {logging_mixin.py:188} INFO - [2026-06-08T14:38:09.528+0000] {dag.py:3834} INFO - Setting next_dagrun for kaldata_scraper to 2026-06-08 00:00:00+00:00, run_after=2026-06-09 00:00:00+00:00
[2026-06-08T14:38:11.405+0000] {processor.py:183} INFO - Processing /opt/airflow/dags/kaldata_dag.py took 7.735 seconds
[2026-06-08T14:38:56.006+0000] {processor.py:161} INFO - Started process (PID=1048) to work on /opt/airflow/dags/kaldata_dag.py
[2026-06-08T14:38:56.042+0000] {processor.py:830} INFO - Processing file /opt/airflow/dags/kaldata_dag.py for tasks to queue
[2026-06-08T14:38:56.093+0000] {logging_mixin.py:188} INFO - [2026-06-08T14:38:56.081+0000] {dagbag.py:540} INFO - Filling up the DagBag from /opt/airflow/dags/kaldata_dag.py
[2026-06-08T14:38:56.655+0000] {processor.py:840} INFO - DAG(s) 'kaldata_scraper' retrieved from /opt/airflow/dags/kaldata_dag.py
[2026-06-08T14:38:57.590+0000] {logging_mixin.py:188} INFO - [2026-06-08T14:38:57.589+0000] {dag.py:3047} INFO - Sync 1 DAGs
[2026-06-08T14:38:58.805+0000] {logging_mixin.py:188} INFO - [2026-06-08T14:38:58.804+0000] {dag.py:3834} INFO - Setting next_dagrun for kaldata_scraper to 2026-06-08 00:00:00+00:00, run_after=2026-06-09 00:00:00+00:00
[2026-06-08T14:38:59.300+0000] {processor.py:183} INFO - Processing /opt/airflow/dags/kaldata_dag.py took 3.824 seconds
[2026-06-08T14:39:31.288+0000] {processor.py:161} INFO - Started process (PID=1078) to work on /opt/airflow/dags/kaldata_dag.py
[2026-06-08T14:39:31.335+0000] {processor.py:830} INFO - Processing file /opt/airflow/dags/kaldata_dag.py for tasks to queue
[2026-06-08T14:39:31.353+0000] {logging_mixin.py:188} INFO - [2026-06-08T14:39:31.352+0000] {dagbag.py:540} INFO - Filling up the DagBag from /opt/airflow/dags/kaldata_dag.py
[2026-06-08T14:39:32.348+0000] {processor.py:840} INFO - DAG(s) 'kaldata_scraper' retrieved from /opt/airflow/dags/kaldata_dag.py
[2026-06-08T14:39:34.362+0000] {logging_mixin.py:188} INFO - [2026-06-08T14:39:34.332+0000] {dag.py:3047} INFO - Sync 1 DAGs
[2026-06-08T14:39:36.932+0000] {logging_mixin.py:188} INFO - [2026-06-08T14:39:36.931+0000] {dag.py:3834} INFO - Setting next_dagrun for kaldata_scraper to 2026-06-08 00:00:00+00:00, run_after=2026-06-09 00:00:00+00:00
[2026-06-08T14:39:38.423+0000] {processor.py:183} INFO - Processing /opt/airflow/dags/kaldata_dag.py took 7.193 seconds
[2026-06-08T14:40:10.002+0000] {processor.py:161} INFO - Started process (PID=1112) to work on /opt/airflow/dags/kaldata_dag.py
[2026-06-08T14:40:10.006+0000] {processor.py:830} INFO - Processing file /opt/airflow/dags/kaldata_dag.py for tasks to queue
[2026-06-08T14:40:10.021+0000] {logging_mixin.py:188} INFO - [2026-06-08T14:40:10.020+0000] {dagbag.py:540} INFO - Filling up the DagBag from /opt/airflow/dags/kaldata_dag.py
[2026-06-08T14:40:10.230+0000] {processor.py:840} INFO - DAG(s) 'kaldata_scraper' retrieved from /opt/airflow/dags/kaldata_dag.py
[2026-06-08T14:40:10.496+0000] {logging_mixin.py:188} INFO - [2026-06-08T14:40:10.495+0000] {dag.py:3047} INFO - Sync 1 DAGs
[2026-06-08T14:40:10.942+0000] {logging_mixin.py:188} INFO - [2026-06-08T14:40:10.941+0000] {dag.py:3834} INFO - Setting next_dagrun for kaldata_scraper to 2026-06-08 00:00:00+00:00, run_after=2026-06-09 00:00:00+00:00
[2026-06-08T14:40:11.682+0000] {processor.py:183} INFO - Processing /opt/airflow/dags/kaldata_dag.py took 1.735 seconds
[2026-06-08T14:40:42.448+0000] {processor.py:161} INFO - Started process (PID=1142) to work on /opt/airflow/dags/kaldata_dag.py
[2026-06-08T14:40:42.466+0000] {processor.py:830} INFO - Processing file /opt/airflow/dags/kaldata_dag.py for tasks to queue
[2026-06-08T14:40:42.480+0000] {logging_mixin.py:188} INFO - [2026-06-08T14:40:42.479+0000] {dagbag.py:540} INFO - Filling up the DagBag from /opt/airflow/dags/kaldata_dag.py
[2026-06-08T14:40:42.828+0000] {processor.py:840} INFO - DAG(s) 'kaldata_scraper' retrieved from /opt/airflow/dags/kaldata_dag.py
[2026-06-08T14:40:43.630+0000] {logging_mixin.py:188} INFO - [2026-06-08T14:40:43.629+0000] {dag.py:3047} INFO - Sync 1 DAGs
[2026-06-08T14:40:44.140+0000] {logging_mixin.py:188} INFO - [2026-06-08T14:40:44.140+0000] {dag.py:3834} INFO - Setting next_dagrun for kaldata_scraper to 2026-06-08 00:00:00+00:00, run_after=2026-06-09 00:00:00+00:00
[2026-06-08T14:40:44.355+0000] {processor.py:183} INFO - Processing /opt/airflow/dags/kaldata_dag.py took 1.977 seconds
[2026-06-08T14:41:16.403+0000] {processor.py:161} INFO - Started process (PID=1174) to work on /opt/airflow/dags/kaldata_dag.py
[2026-06-08T14:41:16.422+0000] {processor.py:830} INFO - Processing file /opt/airflow/dags/kaldata_dag.py for tasks to queue
[2026-06-08T14:41:16.439+0000] {logging_mixin.py:188} INFO - [2026-06-08T14:41:16.437+0000] {dagbag.py:540} INFO - Filling up the DagBag from /opt/airflow/dags/kaldata_dag.py
[2026-06-08T14:41:16.701+0000] {processor.py:840} INFO - DAG(s) 'kaldata_scraper' retrieved from /opt/airflow/dags/kaldata_dag.py
[2026-06-08T14:41:17.684+0000] {logging_mixin.py:188} INFO - [2026-06-08T14:41:17.682+0000] {dag.py:3047} INFO - Sync 1 DAGs
[2026-06-08T14:41:18.188+0000] {logging_mixin.py:188} INFO - [2026-06-08T14:41:18.187+0000] {dag.py:3834} INFO - Setting next_dagrun for kaldata_scraper to 2026-06-08 00:00:00+00:00, run_after=2026-06-09 00:00:00+00:00
[2026-06-08T14:41:18.274+0000] {processor.py:183} INFO - Processing /opt/airflow/dags/kaldata_dag.py took 1.921 seconds
[2026-06-08T14:41:48.655+0000] {processor.py:161} INFO - Started process (PID=1204) to work on /opt/airflow/dags/kaldata_dag.py
[2026-06-08T14:41:48.659+0000] {processor.py:830} INFO - Processing file /opt/airflow/dags/kaldata_dag.py for tasks to queue
[2026-06-08T14:41:48.662+0000] {logging_mixin.py:188} INFO - [2026-06-08T14:41:48.661+0000] {dagbag.py:540} INFO - Filling up the DagBag from /opt/airflow/dags/kaldata_dag.py
[2026-06-08T14:41:48.730+0000] {processor.py:840} INFO - DAG(s) 'kaldata_scraper' retrieved from /opt/airflow/dags/kaldata_dag.py
[2026-06-08T14:41:48.910+0000] {logging_mixin.py:188} INFO - [2026-06-08T14:41:48.909+0000] {dag.py:3047} INFO - Sync 1 DAGs
[2026-06-08T14:41:48.985+0000] {logging_mixin.py:188} INFO - [2026-06-08T14:41:48.985+0000] {dag.py:3834} INFO - Setting next_dagrun for kaldata_scraper to 2026-06-08 00:00:00+00:00, run_after=2026-06-09 00:00:00+00:00
[2026-06-08T14:41:49.040+0000] {processor.py:183} INFO - Processing /opt/airflow/dags/kaldata_dag.py took 0.407 seconds
[2026-06-08T14:42:19.572+0000] {processor.py:161} INFO - Started process (PID=1234) to work on /opt/airflow/dags/kaldata_dag.py
[2026-06-08T14:42:19.607+0000] {processor.py:830} INFO - Processing file /opt/airflow/dags/kaldata_dag.py for tasks to queue
[2026-06-08T14:42:19.654+0000] {logging_mixin.py:188} INFO - [2026-06-08T14:42:19.633+0000] {dagbag.py:540} INFO - Filling up the DagBag from /opt/airflow/dags/kaldata_dag.py
[2026-06-08T14:42:20.874+0000] {processor.py:840} INFO - DAG(s) 'kaldata_scraper' retrieved from /opt/airflow/dags/kaldata_dag.py
[2026-06-08T14:42:21.271+0000] {logging_mixin.py:188} INFO - [2026-06-08T14:42:21.271+0000] {dag.py:3047} INFO - Sync 1 DAGs
[2026-06-08T14:42:21.956+0000] {logging_mixin.py:188} INFO - [2026-06-08T14:42:21.955+0000] {dag.py:3834} INFO - Setting next_dagrun for kaldata_scraper to 2026-06-08 00:00:00+00:00, run_after=2026-06-09 00:00:00+00:00
[2026-06-08T14:42:22.499+0000] {processor.py:183} INFO - Processing /opt/airflow/dags/kaldata_dag.py took 2.964 seconds
[2026-06-08T14:43:32.171+0000] {processor.py:161} INFO - Started process (PID=1259) to work on /opt/airflow/dags/kaldata_dag.py
[2026-06-08T14:43:32.350+0000] {processor.py:830} INFO - Processing file /opt/airflow/dags/kaldata_dag.py for tasks to queue
[2026-06-08T14:43:32.899+0000] {logging_mixin.py:188} INFO - [2026-06-08T14:43:32.886+0000] {dagbag.py:540} INFO - Filling up the DagBag from /opt/airflow/dags/kaldata_dag.py
[2026-06-08T14:43:56.241+0000] {processor.py:840} INFO - DAG(s) 'kaldata_scraper' retrieved from /opt/airflow/dags/kaldata_dag.py
[2026-06-08T14:43:56.631+0000] {logging_mixin.py:188} INFO - [2026-06-08T14:43:56.603+0000] {dag.py:3047} INFO - Sync 1 DAGs
[2026-06-08T14:43:57.160+0000] {logging_mixin.py:188} INFO - [2026-06-08T14:43:57.148+0000] {dag.py:3834} INFO - Setting next_dagrun for kaldata_scraper to 2026-06-08 00:00:00+00:00, run_after=2026-06-09 00:00:00+00:00
[2026-06-08T14:44:02.017+0000] {processor.py:183} INFO - Processing /opt/airflow/dags/kaldata_dag.py took 35.756 seconds
[2026-06-08T14:45:00.694+0000] {processor.py:161} INFO - Started process (PID=1288) to work on /opt/airflow/dags/kaldata_dag.py
[2026-06-08T14:45:00.750+0000] {processor.py:830} INFO - Processing file /opt/airflow/dags/kaldata_dag.py for tasks to queue
[2026-06-08T14:45:00.786+0000] {logging_mixin.py:188} INFO - [2026-06-08T14:45:00.785+0000] {dagbag.py:540} INFO - Filling up the DagBag from /opt/airflow/dags/kaldata_dag.py
[2026-06-08T14:45:03.172+0000] {processor.py:840} INFO - DAG(s) 'kaldata_scraper' retrieved from /opt/airflow/dags/kaldata_dag.py
[2026-06-08T14:45:03.742+0000] {logging_mixin.py:188} INFO - [2026-06-08T14:45:03.742+0000] {dag.py:3047} INFO - Sync 1 DAGs
[2026-06-08T14:45:04.397+0000] {logging_mixin.py:188} INFO - [2026-06-08T14:45:04.396+0000] {dag.py:3834} INFO - Setting next_dagrun for kaldata_scraper to 2026-06-08 00:00:00+00:00, run_after=2026-06-09 00:00:00+00:00
[2026-06-08T14:45:05.553+0000] {processor.py:183} INFO - Processing /opt/airflow/dags/kaldata_dag.py took 4.871 seconds
[2026-06-08T14:45:56.364+0000] {processor.py:161} INFO - Started process (PID=1319) to work on /opt/airflow/dags/kaldata_dag.py
[2026-06-08T14:45:56.400+0000] {processor.py:830} INFO - Processing file /opt/airflow/dags/kaldata_dag.py for tasks to queue
[2026-06-08T14:45:56.432+0000] {logging_mixin.py:188} INFO - [2026-06-08T14:45:56.430+0000] {dagbag.py:540} INFO - Filling up the DagBag from /opt/airflow/dags/kaldata_dag.py
[2026-06-08T14:46:02.143+0000] {processor.py:840} INFO - DAG(s) 'kaldata_scraper' retrieved from /opt/airflow/dags/kaldata_dag.py
[2026-06-08T14:46:02.454+0000] {logging_mixin.py:188} INFO - [2026-06-08T14:46:02.453+0000] {dag.py:3047} INFO - Sync 1 DAGs
[2026-06-08T14:46:02.848+0000] {logging_mixin.py:188} INFO - [2026-06-08T14:46:02.847+0000] {dag.py:3834} INFO - Setting next_dagrun for kaldata_scraper to 2026-06-08 00:00:00+00:00, run_after=2026-06-09 00:00:00+00:00
[2026-06-08T14:46:03.236+0000] {processor.py:183} INFO - Processing /opt/airflow/dags/kaldata_dag.py took 6.966 seconds
[2026-06-08T14:46:40.847+0000] {processor.py:161} INFO - Started process (PID=1346) to work on /opt/airflow/dags/kaldata_dag.py
[2026-06-08T14:46:40.892+0000] {processor.py:830} INFO - Processing file /opt/airflow/dags/kaldata_dag.py for tasks to queue
[2026-06-08T14:46:40.940+0000] {logging_mixin.py:188} INFO - [2026-06-08T14:46:40.911+0000] {dagbag.py:540} INFO - Filling up the DagBag from /opt/airflow/dags/kaldata_dag.py
[2026-06-08T14:46:42.593+0000] {processor.py:840} INFO - DAG(s) 'kaldata_scraper' retrieved from /opt/airflow/dags/kaldata_dag.py
[2026-06-08T14:46:42.926+0000] {logging_mixin.py:188} INFO - [2026-06-08T14:46:42.916+0000] {dag.py:3047} INFO - Sync 1 DAGs
[2026-06-08T14:46:43.227+0000] {logging_mixin.py:188} INFO - [2026-06-08T14:46:43.226+0000] {dag.py:3834} INFO - Setting next_dagrun for kaldata_scraper to 2026-06-08 00:00:00+00:00, run_after=2026-06-09 00:00:00+00:00
[2026-06-08T14:46:43.539+0000] {processor.py:183} INFO - Processing /opt/airflow/dags/kaldata_dag.py took 2.804 seconds
[2026-06-08T14:47:17.873+0000] {processor.py:161} INFO - Started process (PID=1376) to work on /opt/airflow/dags/kaldata_dag.py
[2026-06-08T14:47:17.907+0000] {processor.py:830} INFO - Processing file /opt/airflow/dags/kaldata_dag.py for tasks to queue
[2026-06-08T14:47:17.946+0000] {logging_mixin.py:188} INFO - [2026-06-08T14:47:17.945+0000] {dagbag.py:540} INFO - Filling up the DagBag from /opt/airflow/dags/kaldata_dag.py
[2026-06-08T14:47:21.529+0000] {processor.py:840} INFO - DAG(s) 'kaldata_scraper' retrieved from /opt/airflow/dags/kaldata_dag.py
[2026-06-08T14:47:21.974+0000] {logging_mixin.py:188} INFO - [2026-06-08T14:47:21.974+0000] {dag.py:3047} INFO - Sync 1 DAGs
[2026-06-08T14:47:22.269+0000] {logging_mixin.py:188} INFO - [2026-06-08T14:47:22.269+0000] {dag.py:3834} INFO - Setting next_dagrun for kaldata_scraper to 2026-06-08 00:00:00+00:00, run_after=2026-06-09 00:00:00+00:00
[2026-06-08T14:47:23.096+0000] {processor.py:183} INFO - Processing /opt/airflow/dags/kaldata_dag.py took 5.253 seconds
[2026-06-08T14:47:59.448+0000] {processor.py:161} INFO - Started process (PID=1406) to work on /opt/airflow/dags/kaldata_dag.py
[2026-06-08T14:47:59.464+0000] {processor.py:830} INFO - Processing file /opt/airflow/dags/kaldata_dag.py for tasks to queue
[2026-06-08T14:47:59.501+0000] {logging_mixin.py:188} INFO - [2026-06-08T14:47:59.500+0000] {dagbag.py:540} INFO - Filling up the DagBag from /opt/airflow/dags/kaldata_dag.py
[2026-06-08T14:48:00.722+0000] {processor.py:840} INFO - DAG(s) 'kaldata_scraper' retrieved from /opt/airflow/dags/kaldata_dag.py
[2026-06-08T14:48:01.073+0000] {logging_mixin.py:188} INFO - [2026-06-08T14:48:01.073+0000] {dag.py:3047} INFO - Sync 1 DAGs
[2026-06-08T14:48:01.466+0000] {logging_mixin.py:188} INFO - [2026-06-08T14:48:01.465+0000] {dag.py:3834} INFO - Setting next_dagrun for kaldata_scraper to 2026-06-08 00:00:00+00:00, run_after=2026-06-09 00:00:00+00:00
[2026-06-08T14:48:02.294+0000] {processor.py:183} INFO - Processing /opt/airflow/dags/kaldata_dag.py took 2.879 seconds
[2026-06-08T14:48:49.784+0000] {processor.py:161} INFO - Started process (PID=1436) to work on /opt/airflow/dags/kaldata_dag.py
[2026-06-08T14:48:50.062+0000] {processor.py:830} INFO - Processing file /opt/airflow/dags/kaldata_dag.py for tasks to queue
[2026-06-08T14:48:50.145+0000] {logging_mixin.py:188} INFO - [2026-06-08T14:48:50.098+0000] {dagbag.py:540} INFO - Filling up the DagBag from /opt/airflow/dags/kaldata_dag.py
[2026-06-08T14:48:51.353+0000] {processor.py:840} INFO - DAG(s) 'kaldata_scraper' retrieved from /opt/airflow/dags/kaldata_dag.py
[2026-06-08T14:48:51.673+0000] {logging_mixin.py:188} INFO - [2026-06-08T14:48:51.672+0000] {dag.py:3047} INFO - Sync 1 DAGs
[2026-06-08T14:48:53.069+0000] {logging_mixin.py:188} INFO - [2026-06-08T14:48:53.068+0000] {dag.py:3834} INFO - Setting next_dagrun for kaldata_scraper to 2026-06-08 00:00:00+00:00, run_after=2026-06-09 00:00:00+00:00
[2026-06-08T14:48:54.033+0000] {processor.py:183} INFO - Processing /opt/airflow/dags/kaldata_dag.py took 4.625 seconds
[2026-06-08T14:49:31.821+0000] {processor.py:161} INFO - Started process (PID=1466) to work on /opt/airflow/dags/kaldata_dag.py
[2026-06-08T14:49:31.869+0000] {processor.py:830} INFO - Processing file /opt/airflow/dags/kaldata_dag.py for tasks to queue
[2026-06-08T14:49:31.886+0000] {logging_mixin.py:188} INFO - [2026-06-08T14:49:31.884+0000] {dagbag.py:540} INFO - Filling up the DagBag from /opt/airflow/dags/kaldata_dag.py
[2026-06-08T14:49:32.488+0000] {processor.py:840} INFO - DAG(s) 'kaldata_scraper' retrieved from /opt/airflow/dags/kaldata_dag.py
[2026-06-08T14:49:33.234+0000] {logging_mixin.py:188} INFO - [2026-06-08T14:49:33.233+0000] {dag.py:3047} INFO - Sync 1 DAGs
[2026-06-08T14:49:34.339+0000] {logging_mixin.py:188} INFO - [2026-06-08T14:49:34.338+0000] {dag.py:3834} INFO - Setting next_dagrun for kaldata_scraper to 2026-06-08 00:00:00+00:00, run_after=2026-06-09 00:00:00+00:00
[2026-06-08T14:49:35.053+0000] {processor.py:183} INFO - Processing /opt/airflow/dags/kaldata_dag.py took 3.261 seconds
[2026-06-08T14:50:11.383+0000] {processor.py:161} INFO - Started process (PID=1496) to work on /opt/airflow/dags/kaldata_dag.py
[2026-06-08T14:50:11.402+0000] {processor.py:830} INFO - Processing file /opt/airflow/dags/kaldata_dag.py for tasks to queue
[2026-06-08T14:50:11.417+0000] {logging_mixin.py:188} INFO - [2026-06-08T14:50:11.412+0000] {dagbag.py:540} INFO - Filling up the DagBag from /opt/airflow/dags/kaldata_dag.py
[2026-06-08T14:50:11.657+0000] {processor.py:840} INFO - DAG(s) 'kaldata_scraper' retrieved from /opt/airflow/dags/kaldata_dag.py
[2026-06-08T14:50:12.573+0000] {logging_mixin.py:188} INFO - [2026-06-08T14:50:12.490+0000] {dag.py:3047} INFO - Sync 1 DAGs
[2026-06-08T14:50:13.543+0000] {logging_mixin.py:188} INFO - [2026-06-08T14:50:13.542+0000] {dag.py:3834} INFO - Setting next_dagrun for kaldata_scraper to 2026-06-08 00:00:00+00:00, run_after=2026-06-09 00:00:00+00:00
[2026-06-08T14:50:13.682+0000] {processor.py:183} INFO - Processing /opt/airflow/dags/kaldata_dag.py took 2.340 seconds
[2026-06-08T14:50:44.418+0000] {processor.py:161} INFO - Started process (PID=1526) to work on /opt/airflow/dags/kaldata_dag.py
[2026-06-08T14:50:44.431+0000] {processor.py:830} INFO - Processing file /opt/airflow/dags/kaldata_dag.py for tasks to queue
[2026-06-08T14:50:44.435+0000] {logging_mixin.py:188} INFO - [2026-06-08T14:50:44.435+0000] {dagbag.py:540} INFO - Filling up the DagBag from /opt/airflow/dags/kaldata_dag.py
[2026-06-08T14:50:44.605+0000] {processor.py:840} INFO - DAG(s) 'kaldata_scraper' retrieved from /opt/airflow/dags/kaldata_dag.py
[2026-06-08T14:50:44.798+0000] {logging_mixin.py:188} INFO - [2026-06-08T14:50:44.798+0000] {dag.py:3047} INFO - Sync 1 DAGs
[2026-06-08T14:50:45.361+0000] {logging_mixin.py:188} INFO - [2026-06-08T14:50:45.333+0000] {dag.py:3834} INFO - Setting next_dagrun for kaldata_scraper to 2026-06-08 00:00:00+00:00, run_after=2026-06-09 00:00:00+00:00
[2026-06-08T14:50:45.710+0000] {processor.py:183} INFO - Processing /opt/airflow/dags/kaldata_dag.py took 1.379 seconds
[2026-06-08T14:51:18.045+0000] {processor.py:161} INFO - Started process (PID=1556) to work on /opt/airflow/dags/kaldata_dag.py
[2026-06-08T14:51:18.048+0000] {processor.py:830} INFO - Processing file /opt/airflow/dags/kaldata_dag.py for tasks to queue
[2026-06-08T14:51:18.054+0000] {logging_mixin.py:188} INFO - [2026-06-08T14:51:18.053+0000] {dagbag.py:540} INFO - Filling up the DagBag from /opt/airflow/dags/kaldata_dag.py
[2026-06-08T14:51:18.185+0000] {processor.py:840} INFO - DAG(s) 'kaldata_scraper' retrieved from /opt/airflow/dags/kaldata_dag.py
[2026-06-08T14:51:18.332+0000] {logging_mixin.py:188} INFO - [2026-06-08T14:51:18.332+0000] {dag.py:3047} INFO - Sync 1 DAGs
[2026-06-08T14:51:18.743+0000] {logging_mixin.py:188} INFO - [2026-06-08T14:51:18.730+0000] {dag.py:3834} INFO - Setting next_dagrun for kaldata_scraper to 2026-06-08 00:00:00+00:00, run_after=2026-06-09 00:00:00+00:00
[2026-06-08T14:51:19.222+0000] {processor.py:183} INFO - Processing /opt/airflow/dags/kaldata_dag.py took 1.189 seconds
[2026-06-08T14:51:49.758+0000] {processor.py:161} INFO - Started process (PID=1586) to work on /opt/airflow/dags/kaldata_dag.py
[2026-06-08T14:51:49.762+0000] {processor.py:830} INFO - Processing file /opt/airflow/dags/kaldata_dag.py for tasks to queue
[2026-06-08T14:51:49.765+0000] {logging_mixin.py:188} INFO - [2026-06-08T14:51:49.764+0000] {dagbag.py:540} INFO - Filling up the DagBag from /opt/airflow/dags/kaldata_dag.py
[2026-06-08T14:51:49.892+0000] {processor.py:840} INFO - DAG(s) 'kaldata_scraper' retrieved from /opt/airflow/dags/kaldata_dag.py
[2026-06-08T14:51:50.800+0000] {logging_mixin.py:188} INFO - [2026-06-08T14:51:50.799+0000] {dag.py:3047} INFO - Sync 1 DAGs
[2026-06-08T14:51:50.961+0000] {logging_mixin.py:188} INFO - [2026-06-08T14:51:50.960+0000] {dag.py:3834} INFO - Setting next_dagrun for kaldata_scraper to 2026-06-08 00:00:00+00:00, run_after=2026-06-09 00:00:00+00:00
[2026-06-08T14:51:51.029+0000] {processor.py:183} INFO - Processing /opt/airflow/dags/kaldata_dag.py took 1.283 seconds
[2026-06-08T14:52:22.077+0000] {processor.py:161} INFO - Started process (PID=1616) to work on /opt/airflow/dags/kaldata_dag.py
[2026-06-08T14:52:22.081+0000] {processor.py:830} INFO - Processing file /opt/airflow/dags/kaldata_dag.py for tasks to queue
[2026-06-08T14:52:22.086+0000] {logging_mixin.py:188} INFO - [2026-06-08T14:52:22.085+0000] {dagbag.py:540} INFO - Filling up the DagBag from /opt/airflow/dags/kaldata_dag.py
[2026-06-08T14:52:22.171+0000] {processor.py:840} INFO - DAG(s) 'kaldata_scraper' retrieved from /opt/airflow/dags/kaldata_dag.py
[2026-06-08T14:52:22.258+0000] {logging_mixin.py:188} INFO - [2026-06-08T14:52:22.257+0000] {dag.py:3047} INFO - Sync 1 DAGs
[2026-06-08T14:52:22.333+0000] {logging_mixin.py:188} INFO - [2026-06-08T14:52:22.333+0000] {dag.py:3834} INFO - Setting next_dagrun for kaldata_scraper to 2026-06-08 00:00:00+00:00, run_after=2026-06-09 00:00:00+00:00
[2026-06-08T14:52:22.409+0000] {processor.py:183} INFO - Processing /opt/airflow/dags/kaldata_dag.py took 0.343 seconds
[2026-06-08T14:52:52.984+0000] {processor.py:161} INFO - Started process (PID=1646) to work on /opt/airflow/dags/kaldata_dag.py
[2026-06-08T14:52:52.988+0000] {processor.py:830} INFO - Processing file /opt/airflow/dags/kaldata_dag.py for tasks to queue
[2026-06-08T14:52:52.998+0000] {logging_mixin.py:188} INFO - [2026-06-08T14:52:52.997+0000] {dagbag.py:540} INFO - Filling up the DagBag from /opt/airflow/dags/kaldata_dag.py
[2026-06-08T14:52:53.106+0000] {processor.py:840} INFO - DAG(s) 'kaldata_scraper' retrieved from /opt/airflow/dags/kaldata_dag.py
[2026-06-08T14:52:53.271+0000] {logging_mixin.py:188} INFO - [2026-06-08T14:52:53.271+0000] {dag.py:3047} INFO - Sync 1 DAGs
[2026-06-08T14:52:53.677+0000] {logging_mixin.py:188} INFO - [2026-06-08T14:52:53.676+0000] {dag.py:3834} INFO - Setting next_dagrun for kaldata_scraper to 2026-06-08 00:00:00+00:00, run_after=2026-06-09 00:00:00+00:00
[2026-06-08T14:52:54.145+0000] {processor.py:183} INFO - Processing /opt/airflow/dags/kaldata_dag.py took 1.202 seconds
[2026-06-08T14:53:25.576+0000] {processor.py:161} INFO - Started process (PID=1676) to work on /opt/airflow/dags/kaldata_dag.py
[2026-06-08T14:53:25.591+0000] {processor.py:830} INFO - Processing file /opt/airflow/dags/kaldata_dag.py for tasks to queue
[2026-06-08T14:53:25.624+0000] {logging_mixin.py:188} INFO - [2026-06-08T14:53:25.623+0000] {dagbag.py:540} INFO - Filling up the DagBag from /opt/airflow/dags/kaldata_dag.py
[2026-06-08T14:53:25.726+0000] {processor.py:840} INFO - DAG(s) 'kaldata_scraper' retrieved from /opt/airflow/dags/kaldata_dag.py
[2026-06-08T14:53:25.865+0000] {logging_mixin.py:188} INFO - [2026-06-08T14:53:25.864+0000] {dag.py:3047} INFO - Sync 1 DAGs
[2026-06-08T14:53:25.941+0000] {logging_mixin.py:188} INFO - [2026-06-08T14:53:25.940+0000] {dag.py:3834} INFO - Setting next_dagrun for kaldata_scraper to 2026-06-08 00:00:00+00:00, run_after=2026-06-09 00:00:00+00:00
[2026-06-08T14:53:26.016+0000] {processor.py:183} INFO - Processing /opt/airflow/dags/kaldata_dag.py took 0.475 seconds
[2026-06-08T14:53:56.259+0000] {processor.py:161} INFO - Started process (PID=1706) to work on /opt/airflow/dags/kaldata_dag.py
[2026-06-08T14:53:56.262+0000] {processor.py:830} INFO - Processing file /opt/airflow/dags/kaldata_dag.py for tasks to queue
[2026-06-08T14:53:56.266+0000] {logging_mixin.py:188} INFO - [2026-06-08T14:53:56.266+0000] {dagbag.py:540} INFO - Filling up the DagBag from /opt/airflow/dags/kaldata_dag.py
[2026-06-08T14:53:56.336+0000] {processor.py:840} INFO - DAG(s) 'kaldata_scraper' retrieved from /opt/airflow/dags/kaldata_dag.py
[2026-06-08T14:53:56.434+0000] {logging_mixin.py:188} INFO - [2026-06-08T14:53:56.434+0000] {dag.py:3047} INFO - Sync 1 DAGs
[2026-06-08T14:53:56.550+0000] {logging_mixin.py:188} INFO - [2026-06-08T14:53:56.549+0000] {dag.py:3834} INFO - Setting next_dagrun for kaldata_scraper to 2026-06-08 00:00:00+00:00, run_after=2026-06-09 00:00:00+00:00
[2026-06-08T14:53:56.695+0000] {processor.py:183} INFO - Processing /opt/airflow/dags/kaldata_dag.py took 0.451 seconds
[2026-06-08T14:54:34.685+0000] {processor.py:161} INFO - Started process (PID=1734) to work on /opt/airflow/dags/kaldata_dag.py
[2026-06-08T14:54:34.854+0000] {processor.py:830} INFO - Processing file /opt/airflow/dags/kaldata_dag.py for tasks to queue
[2026-06-08T14:54:35.220+0000] {logging_mixin.py:188} INFO - [2026-06-08T14:54:35.161+0000] {dagbag.py:540} INFO - Filling up the DagBag from /opt/airflow/dags/kaldata_dag.py
[2026-06-08T14:54:48.894+0000] {processor.py:840} INFO - DAG(s) 'kaldata_scraper' retrieved from /opt/airflow/dags/kaldata_dag.py
[2026-06-08T14:54:49.117+0000] {logging_mixin.py:188} INFO - [2026-06-08T14:54:49.116+0000] {dag.py:3047} INFO - Sync 1 DAGs
[2026-06-08T14:54:49.463+0000] {logging_mixin.py:188} INFO - [2026-06-08T14:54:49.462+0000] {dag.py:3834} INFO - Setting next_dagrun for kaldata_scraper to 2026-06-08 00:00:00+00:00, run_after=2026-06-09 00:00:00+00:00
[2026-06-08T14:54:49.798+0000] {processor.py:183} INFO - Processing /opt/airflow/dags/kaldata_dag.py took 15.274 seconds
[2026-06-08T14:55:20.575+0000] {processor.py:161} INFO - Started process (PID=1766) to work on /opt/airflow/dags/kaldata_dag.py
[2026-06-08T14:55:20.620+0000] {processor.py:830} INFO - Processing file /opt/airflow/dags/kaldata_dag.py for tasks to queue
[2026-06-08T14:55:20.640+0000] {logging_mixin.py:188} INFO - [2026-06-08T14:55:20.639+0000] {dagbag.py:540} INFO - Filling up the DagBag from /opt/airflow/dags/kaldata_dag.py
[2026-06-08T14:55:21.546+0000] {processor.py:840} INFO - DAG(s) 'kaldata_scraper' retrieved from /opt/airflow/dags/kaldata_dag.py
[2026-06-08T14:55:22.170+0000] {logging_mixin.py:188} INFO - [2026-06-08T14:55:22.155+0000] {dag.py:3047} INFO - Sync 1 DAGs
[2026-06-08T14:55:22.609+0000] {logging_mixin.py:188} INFO - [2026-06-08T14:55:22.608+0000] {dag.py:3834} INFO - Setting next_dagrun for kaldata_scraper to 2026-06-08 00:00:00+00:00, run_after=2026-06-09 00:00:00+00:00
[2026-06-08T14:55:23.197+0000] {processor.py:183} INFO - Processing /opt/airflow/dags/kaldata_dag.py took 2.654 seconds
[2026-06-08T14:55:53.888+0000] {processor.py:161} INFO - Started process (PID=1796) to work on /opt/airflow/dags/kaldata_dag.py
[2026-06-08T14:55:53.892+0000] {processor.py:830} INFO - Processing file /opt/airflow/dags/kaldata_dag.py for tasks to queue
[2026-06-08T14:55:53.896+0000] {logging_mixin.py:188} INFO - [2026-06-08T14:55:53.895+0000] {dagbag.py:540} INFO - Filling up the DagBag from /opt/airflow/dags/kaldata_dag.py
[2026-06-08T14:55:54.140+0000] {processor.py:840} INFO - DAG(s) 'kaldata_scraper' retrieved from /opt/airflow/dags/kaldata_dag.py
[2026-06-08T14:55:54.317+0000] {logging_mixin.py:188} INFO - [2026-06-08T14:55:54.316+0000] {dag.py:3047} INFO - Sync 1 DAGs
[2026-06-08T14:55:54.453+0000] {logging_mixin.py:188} INFO - [2026-06-08T14:55:54.453+0000] {dag.py:3834} INFO - Setting next_dagrun for kaldata_scraper to 2026-06-08 00:00:00+00:00, run_after=2026-06-09 00:00:00+00:00
[2026-06-08T14:55:54.587+0000] {processor.py:183} INFO - Processing /opt/airflow/dags/kaldata_dag.py took 0.718 seconds
[2026-06-08T14:56:25.078+0000] {processor.py:161} INFO - Started process (PID=1826) to work on /opt/airflow/dags/kaldata_dag.py
[2026-06-08T14:56:25.082+0000] {processor.py:830} INFO - Processing file /opt/airflow/dags/kaldata_dag.py for tasks to queue
[2026-06-08T14:56:25.085+0000] {logging_mixin.py:188} INFO - [2026-06-08T14:56:25.084+0000] {dagbag.py:540} INFO - Filling up the DagBag from /opt/airflow/dags/kaldata_dag.py
[2026-06-08T14:56:25.158+0000] {processor.py:840} INFO - DAG(s) 'kaldata_scraper' retrieved from /opt/airflow/dags/kaldata_dag.py
[2026-06-08T14:56:25.296+0000] {logging_mixin.py:188} INFO - [2026-06-08T14:56:25.295+0000] {dag.py:3047} INFO - Sync 1 DAGs
[2026-06-08T14:56:25.381+0000] {logging_mixin.py:188} INFO - [2026-06-08T14:56:25.380+0000] {dag.py:3834} INFO - Setting next_dagrun for kaldata_scraper to 2026-06-08 00:00:00+00:00, run_after=2026-06-09 00:00:00+00:00
[2026-06-08T14:56:25.477+0000] {processor.py:183} INFO - Processing /opt/airflow/dags/kaldata_dag.py took 0.416 seconds
[2026-06-08T14:56:57.823+0000] {processor.py:161} INFO - Started process (PID=1856) to work on /opt/airflow/dags/kaldata_dag.py
[2026-06-08T14:56:57.891+0000] {processor.py:830} INFO - Processing file /opt/airflow/dags/kaldata_dag.py for tasks to queue
[2026-06-08T14:56:57.933+0000] {logging_mixin.py:188} INFO - [2026-06-08T14:56:57.932+0000] {dagbag.py:540} INFO - Filling up the DagBag from /opt/airflow/dags/kaldata_dag.py
[2026-06-08T14:56:58.879+0000] {processor.py:840} INFO - DAG(s) 'kaldata_scraper' retrieved from /opt/airflow/dags/kaldata_dag.py
[2026-06-08T14:56:59.118+0000] {logging_mixin.py:188} INFO - [2026-06-08T14:56:59.117+0000] {dag.py:3047} INFO - Sync 1 DAGs
[2026-06-08T14:56:59.566+0000] {logging_mixin.py:188} INFO - [2026-06-08T14:56:59.554+0000] {dag.py:3834} INFO - Setting next_dagrun for kaldata_scraper to 2026-06-08 00:00:00+00:00, run_after=2026-06-09 00:00:00+00:00
[2026-06-08T14:56:59.760+0000] {processor.py:183} INFO - Processing /opt/airflow/dags/kaldata_dag.py took 1.971 seconds
[2026-06-08T14:57:30.494+0000] {processor.py:161} INFO - Started process (PID=1886) to work on /opt/airflow/dags/kaldata_dag.py
[2026-06-08T14:57:30.527+0000] {processor.py:830} INFO - Processing file /opt/airflow/dags/kaldata_dag.py for tasks to queue
[2026-06-08T14:57:30.549+0000] {logging_mixin.py:188} INFO - [2026-06-08T14:57:30.548+0000] {dagbag.py:540} INFO - Filling up the DagBag from /opt/airflow/dags/kaldata_dag.py
[2026-06-08T14:57:31.120+0000] {processor.py:840} INFO - DAG(s) 'kaldata_scraper' retrieved from /opt/airflow/dags/kaldata_dag.py
[2026-06-08T14:57:31.301+0000] {logging_mixin.py:188} INFO - [2026-06-08T14:57:31.300+0000] {dag.py:3047} INFO - Sync 1 DAGs
[2026-06-08T14:57:31.394+0000] {logging_mixin.py:188} INFO - [2026-06-08T14:57:31.393+0000] {dag.py:3834} INFO - Setting next_dagrun for kaldata_scraper to 2026-06-08 00:00:00+00:00, run_after=2026-06-09 00:00:00+00:00
[2026-06-08T14:57:31.462+0000] {processor.py:183} INFO - Processing /opt/airflow/dags/kaldata_dag.py took 0.991 seconds
[2026-06-08T14:58:01.999+0000] {processor.py:161} INFO - Started process (PID=1916) to work on /opt/airflow/dags/kaldata_dag.py
[2026-06-08T14:58:02.013+0000] {processor.py:830} INFO - Processing file /opt/airflow/dags/kaldata_dag.py for tasks to queue
[2026-06-08T14:58:02.033+0000] {logging_mixin.py:188} INFO - [2026-06-08T14:58:02.032+0000] {dagbag.py:540} INFO - Filling up the DagBag from /opt/airflow/dags/kaldata_dag.py
[2026-06-08T14:58:02.286+0000] {processor.py:840} INFO - DAG(s) 'kaldata_scraper' retrieved from /opt/airflow/dags/kaldata_dag.py
[2026-06-08T14:58:02.490+0000] {logging_mixin.py:188} INFO - [2026-06-08T14:58:02.489+0000] {dag.py:3047} INFO - Sync 1 DAGs
[2026-06-08T14:58:02.727+0000] {logging_mixin.py:188} INFO - [2026-06-08T14:58:02.726+0000] {dag.py:3834} INFO - Setting next_dagrun for kaldata_scraper to 2026-06-08 00:00:00+00:00, run_after=2026-06-09 00:00:00+00:00
[2026-06-08T14:58:03.036+0000] {processor.py:183} INFO - Processing /opt/airflow/dags/kaldata_dag.py took 1.067 seconds
[2026-06-08T14:58:33.830+0000] {processor.py:161} INFO - Started process (PID=1946) to work on /opt/airflow/dags/kaldata_dag.py
[2026-06-08T14:58:33.833+0000] {processor.py:830} INFO - Processing file /opt/airflow/dags/kaldata_dag.py for tasks to queue
[2026-06-08T14:58:33.836+0000] {logging_mixin.py:188} INFO - [2026-06-08T14:58:33.836+0000] {dagbag.py:540} INFO - Filling up the DagBag from /opt/airflow/dags/kaldata_dag.py
[2026-06-08T14:58:33.901+0000] {processor.py:840} INFO - DAG(s) 'kaldata_scraper' retrieved from /opt/airflow/dags/kaldata_dag.py
[2026-06-08T14:58:33.986+0000] {logging_mixin.py:188} INFO - [2026-06-08T14:58:33.986+0000] {dag.py:3047} INFO - Sync 1 DAGs
[2026-06-08T14:58:34.065+0000] {logging_mixin.py:188} INFO - [2026-06-08T14:58:34.064+0000] {dag.py:3834} INFO - Setting next_dagrun for kaldata_scraper to 2026-06-08 00:00:00+00:00, run_after=2026-06-09 00:00:00+00:00
[2026-06-08T14:58:34.127+0000] {processor.py:183} INFO - Processing /opt/airflow/dags/kaldata_dag.py took 0.313 seconds
[2026-06-08T14:59:06.868+0000] {processor.py:161} INFO - Started process (PID=1976) to work on /opt/airflow/dags/kaldata_dag.py
[2026-06-08T14:59:06.895+0000] {processor.py:830} INFO - Processing file /opt/airflow/dags/kaldata_dag.py for tasks to queue
[2026-06-08T14:59:06.921+0000] {logging_mixin.py:188} INFO - [2026-06-08T14:59:06.920+0000] {dagbag.py:540} INFO - Filling up the DagBag from /opt/airflow/dags/kaldata_dag.py
[2026-06-08T14:59:07.234+0000] {processor.py:840} INFO - DAG(s) 'kaldata_scraper' retrieved from /opt/airflow/dags/kaldata_dag.py
[2026-06-08T14:59:07.624+0000] {logging_mixin.py:188} INFO - [2026-06-08T14:59:07.623+0000] {dag.py:3047} INFO - Sync 1 DAGs
[2026-06-08T14:59:07.979+0000] {logging_mixin.py:188} INFO - [2026-06-08T14:59:07.978+0000] {dag.py:3834} INFO - Setting next_dagrun for kaldata_scraper to 2026-06-08 00:00:00+00:00, run_after=2026-06-09 00:00:00+00:00
[2026-06-08T14:59:08.239+0000] {processor.py:183} INFO - Processing /opt/airflow/dags/kaldata_dag.py took 1.396 seconds
[2026-06-08T14:59:40.039+0000] {processor.py:161} INFO - Started process (PID=2009) to work on /opt/airflow/dags/kaldata_dag.py
[2026-06-08T14:59:40.056+0000] {processor.py:830} INFO - Processing file /opt/airflow/dags/kaldata_dag.py for tasks to queue
[2026-06-08T14:59:40.084+0000] {logging_mixin.py:188} INFO - [2026-06-08T14:59:40.083+0000] {dagbag.py:540} INFO - Filling up the DagBag from /opt/airflow/dags/kaldata_dag.py
[2026-06-08T14:59:40.623+0000] {processor.py:840} INFO - DAG(s) 'kaldata_scraper' retrieved from /opt/airflow/dags/kaldata_dag.py
[2026-06-08T14:59:41.204+0000] {logging_mixin.py:188} INFO - [2026-06-08T14:59:41.202+0000] {dag.py:3047} INFO - Sync 1 DAGs
[2026-06-08T14:59:42.176+0000] {logging_mixin.py:188} INFO - [2026-06-08T14:59:42.175+0000] {dag.py:3834} INFO - Setting next_dagrun for kaldata_scraper to 2026-06-08 00:00:00+00:00, run_after=2026-06-09 00:00:00+00:00
[2026-06-08T14:59:42.407+0000] {processor.py:183} INFO - Processing /opt/airflow/dags/kaldata_dag.py took 2.400 seconds
[2026-06-08T15:00:13.271+0000] {processor.py:161} INFO - Started process (PID=2041) to work on /opt/airflow/dags/kaldata_dag.py
[2026-06-08T15:00:13.273+0000] {processor.py:830} INFO - Processing file /opt/airflow/dags/kaldata_dag.py for tasks to queue
[2026-06-08T15:00:13.276+0000] {logging_mixin.py:188} INFO - [2026-06-08T15:00:13.275+0000] {dagbag.py:540} INFO - Filling up the DagBag from /opt/airflow/dags/kaldata_dag.py
[2026-06-08T15:00:13.383+0000] {processor.py:840} INFO - DAG(s) 'kaldata_scraper' retrieved from /opt/airflow/dags/kaldata_dag.py
[2026-06-08T15:00:13.475+0000] {logging_mixin.py:188} INFO - [2026-06-08T15:00:13.474+0000] {dag.py:3047} INFO - Sync 1 DAGs
[2026-06-08T15:00:13.555+0000] {logging_mixin.py:188} INFO - [2026-06-08T15:00:13.555+0000] {dag.py:3834} INFO - Setting next_dagrun for kaldata_scraper to 2026-06-08 00:00:00+00:00, run_after=2026-06-09 00:00:00+00:00
[2026-06-08T15:00:13.618+0000] {processor.py:183} INFO - Processing /opt/airflow/dags/kaldata_dag.py took 0.361 seconds
[2026-06-08T15:00:43.982+0000] {processor.py:161} INFO - Started process (PID=2066) to work on /opt/airflow/dags/kaldata_dag.py
[2026-06-08T15:00:44.013+0000] {processor.py:830} INFO - Processing file /opt/airflow/dags/kaldata_dag.py for tasks to queue
[2026-06-08T15:00:44.062+0000] {logging_mixin.py:188} INFO - [2026-06-08T15:00:44.045+0000] {dagbag.py:540} INFO - Filling up the DagBag from /opt/airflow/dags/kaldata_dag.py
[2026-06-08T15:00:44.193+0000] {processor.py:840} INFO - DAG(s) 'kaldata_scraper' retrieved from /opt/airflow/dags/kaldata_dag.py
[2026-06-08T15:00:44.293+0000] {logging_mixin.py:188} INFO - [2026-06-08T15:00:44.293+0000] {dag.py:3047} INFO - Sync 1 DAGs
[2026-06-08T15:00:44.425+0000] {logging_mixin.py:188} INFO - [2026-06-08T15:00:44.424+0000] {dag.py:3834} INFO - Setting next_dagrun for kaldata_scraper to 2026-06-08 00:00:00+00:00, run_after=2026-06-09 00:00:00+00:00
[2026-06-08T15:00:44.526+0000] {processor.py:183} INFO - Processing /opt/airflow/dags/kaldata_dag.py took 0.566 seconds
[2026-06-08T15:01:15.920+0000] {processor.py:161} INFO - Started process (PID=2096) to work on /opt/airflow/dags/kaldata_dag.py
[2026-06-08T15:01:15.956+0000] {processor.py:830} INFO - Processing file /opt/airflow/dags/kaldata_dag.py for tasks to queue
[2026-06-08T15:01:15.968+0000] {logging_mixin.py:188} INFO - [2026-06-08T15:01:15.964+0000] {dagbag.py:540} INFO - Filling up the DagBag from /opt/airflow/dags/kaldata_dag.py
[2026-06-08T15:01:16.219+0000] {processor.py:840} INFO - DAG(s) 'kaldata_scraper' retrieved from /opt/airflow/dags/kaldata_dag.py
[2026-06-08T15:01:16.756+0000] {logging_mixin.py:188} INFO - [2026-06-08T15:01:16.755+0000] {dag.py:3047} INFO - Sync 1 DAGs
[2026-06-08T15:01:17.431+0000] {logging_mixin.py:188} INFO - [2026-06-08T15:01:17.430+0000] {dag.py:3834} INFO - Setting next_dagrun for kaldata_scraper to 2026-06-08 00:00:00+00:00, run_after=2026-06-09 00:00:00+00:00
[2026-06-08T15:01:17.936+0000] {processor.py:183} INFO - Processing /opt/airflow/dags/kaldata_dag.py took 2.163 seconds
[2026-06-08T15:01:48.654+0000] {processor.py:161} INFO - Started process (PID=2126) to work on /opt/airflow/dags/kaldata_dag.py
[2026-06-08T15:01:48.658+0000] {processor.py:830} INFO - Processing file /opt/airflow/dags/kaldata_dag.py for tasks to queue
[2026-06-08T15:01:48.663+0000] {logging_mixin.py:188} INFO - [2026-06-08T15:01:48.661+0000] {dagbag.py:540} INFO - Filling up the DagBag from /opt/airflow/dags/kaldata_dag.py
[2026-06-08T15:01:48.745+0000] {processor.py:840} INFO - DAG(s) 'kaldata_scraper' retrieved from /opt/airflow/dags/kaldata_dag.py
[2026-06-08T15:01:48.888+0000] {logging_mixin.py:188} INFO - [2026-06-08T15:01:48.887+0000] {dag.py:3047} INFO - Sync 1 DAGs
[2026-06-08T15:01:49.018+0000] {logging_mixin.py:188} INFO - [2026-06-08T15:01:49.017+0000] {dag.py:3834} INFO - Setting next_dagrun for kaldata_scraper to 2026-06-08 00:00:00+00:00, run_after=2026-06-09 00:00:00+00:00
[2026-06-08T15:01:49.102+0000] {processor.py:183} INFO - Processing /opt/airflow/dags/kaldata_dag.py took 0.464 seconds
[2026-06-08T15:02:21.153+0000] {processor.py:161} INFO - Started process (PID=2156) to work on /opt/airflow/dags/kaldata_dag.py
[2026-06-08T15:02:21.254+0000] {processor.py:830} INFO - Processing file /opt/airflow/dags/kaldata_dag.py for tasks to queue
[2026-06-08T15:02:21.415+0000] {logging_mixin.py:188} INFO - [2026-06-08T15:02:21.414+0000] {dagbag.py:540} INFO - Filling up the DagBag from /opt/airflow/dags/kaldata_dag.py
[2026-06-08T15:02:24.266+0000] {processor.py:840} INFO - DAG(s) 'kaldata_scraper' retrieved from /opt/airflow/dags/kaldata_dag.py
[2026-06-08T15:02:25.630+0000] {logging_mixin.py:188} INFO - [2026-06-08T15:02:25.630+0000] {dag.py:3047} INFO - Sync 1 DAGs
[2026-06-08T15:02:26.297+0000] {logging_mixin.py:188} INFO - [2026-06-08T15:02:26.296+0000] {dag.py:3834} INFO - Setting next_dagrun for kaldata_scraper to 2026-06-08 00:00:00+00:00, run_after=2026-06-09 00:00:00+00:00
[2026-06-08T15:02:26.662+0000] {processor.py:183} INFO - Processing /opt/airflow/dags/kaldata_dag.py took 5.542 seconds
[2026-06-08T15:02:57.379+0000] {processor.py:161} INFO - Started process (PID=2189) to work on /opt/airflow/dags/kaldata_dag.py
[2026-06-08T15:02:57.382+0000] {processor.py:830} INFO - Processing file /opt/airflow/dags/kaldata_dag.py for tasks to queue
[2026-06-08T15:02:57.386+0000] {logging_mixin.py:188} INFO - [2026-06-08T15:02:57.385+0000] {dagbag.py:540} INFO - Filling up the DagBag from /opt/airflow/dags/kaldata_dag.py
[2026-06-08T15:02:57.669+0000] {processor.py:840} INFO - DAG(s) 'kaldata_scraper' retrieved from /opt/airflow/dags/kaldata_dag.py
[2026-06-08T15:02:57.839+0000] {logging_mixin.py:188} INFO - [2026-06-08T15:02:57.839+0000] {dag.py:3047} INFO - Sync 1 DAGs
[2026-06-08T15:02:58.033+0000] {logging_mixin.py:188} INFO - [2026-06-08T15:02:58.033+0000] {dag.py:3834} INFO - Setting next_dagrun for kaldata_scraper to 2026-06-08 00:00:00+00:00, run_after=2026-06-09 00:00:00+00:00
[2026-06-08T15:02:58.152+0000] {processor.py:183} INFO - Processing /opt/airflow/dags/kaldata_dag.py took 0.794 seconds
[2026-06-08T15:03:30.752+0000] {processor.py:161} INFO - Started process (PID=2216) to work on /opt/airflow/dags/kaldata_dag.py
[2026-06-08T15:03:30.766+0000] {processor.py:830} INFO - Processing file /opt/airflow/dags/kaldata_dag.py for tasks to queue
[2026-06-08T15:03:30.793+0000] {logging_mixin.py:188} INFO - [2026-06-08T15:03:30.792+0000] {dagbag.py:540} INFO - Filling up the DagBag from /opt/airflow/dags/kaldata_dag.py
[2026-06-08T15:03:31.127+0000] {processor.py:840} INFO - DAG(s) 'kaldata_scraper' retrieved from /opt/airflow/dags/kaldata_dag.py
[2026-06-08T15:03:31.277+0000] {logging_mixin.py:188} INFO - [2026-06-08T15:03:31.276+0000] {dag.py:3047} INFO - Sync 1 DAGs
[2026-06-08T15:03:31.437+0000] {logging_mixin.py:188} INFO - [2026-06-08T15:03:31.436+0000] {dag.py:3834} INFO - Setting next_dagrun for kaldata_scraper to 2026-06-08 00:00:00+00:00, run_after=2026-06-09 00:00:00+00:00
[2026-06-08T15:03:31.816+0000] {processor.py:183} INFO - Processing /opt/airflow/dags/kaldata_dag.py took 1.109 seconds
[2026-06-08T15:04:02.770+0000] {processor.py:161} INFO - Started process (PID=2246) to work on /opt/airflow/dags/kaldata_dag.py
[2026-06-08T15:04:02.774+0000] {processor.py:830} INFO - Processing file /opt/airflow/dags/kaldata_dag.py for tasks to queue
[2026-06-08T15:04:02.798+0000] {logging_mixin.py:188} INFO - [2026-06-08T15:04:02.788+0000] {dagbag.py:540} INFO - Filling up the DagBag from /opt/airflow/dags/kaldata_dag.py
[2026-06-08T15:04:02.972+0000] {processor.py:840} INFO - DAG(s) 'kaldata_scraper' retrieved from /opt/airflow/dags/kaldata_dag.py
[2026-06-08T15:04:03.209+0000] {logging_mixin.py:188} INFO - [2026-06-08T15:04:03.208+0000] {dag.py:3047} INFO - Sync 1 DAGs
[2026-06-08T15:04:03.466+0000] {logging_mixin.py:188} INFO - [2026-06-08T15:04:03.466+0000] {dag.py:3834} INFO - Setting next_dagrun for kaldata_scraper to 2026-06-08 00:00:00+00:00, run_after=2026-06-09 00:00:00+00:00
[2026-06-08T15:04:03.855+0000] {processor.py:183} INFO - Processing /opt/airflow/dags/kaldata_dag.py took 1.103 seconds
[2026-06-08T15:04:34.164+0000] {processor.py:161} INFO - Started process (PID=2276) to work on /opt/airflow/dags/kaldata_dag.py
[2026-06-08T15:04:34.168+0000] {processor.py:830} INFO - Processing file /opt/airflow/dags/kaldata_dag.py for tasks to queue
[2026-06-08T15:04:34.173+0000] {logging_mixin.py:188} INFO - [2026-06-08T15:04:34.171+0000] {dagbag.py:540} INFO - Filling up the DagBag from /opt/airflow/dags/kaldata_dag.py
[2026-06-08T15:04:34.243+0000] {processor.py:840} INFO - DAG(s) 'kaldata_scraper' retrieved from /opt/airflow/dags/kaldata_dag.py
[2026-06-08T15:04:34.352+0000] {logging_mixin.py:188} INFO - [2026-06-08T15:04:34.352+0000] {dag.py:3047} INFO - Sync 1 DAGs
[2026-06-08T15:04:34.418+0000] {logging_mixin.py:188} INFO - [2026-06-08T15:04:34.417+0000] {dag.py:3834} INFO - Setting next_dagrun for kaldata_scraper to 2026-06-08 00:00:00+00:00, run_after=2026-06-09 00:00:00+00:00
[2026-06-08T15:04:34.466+0000] {processor.py:183} INFO - Processing /opt/airflow/dags/kaldata_dag.py took 0.317 seconds
[2026-06-08T15:05:07.844+0000] {processor.py:161} INFO - Started process (PID=2306) to work on /opt/airflow/dags/kaldata_dag.py
[2026-06-08T15:05:08.199+0000] {processor.py:830} INFO - Processing file /opt/airflow/dags/kaldata_dag.py for tasks to queue
[2026-06-08T15:05:09.003+0000] {logging_mixin.py:188} INFO - [2026-06-08T15:05:09.002+0000] {dagbag.py:540} INFO - Filling up the DagBag from /opt/airflow/dags/kaldata_dag.py
[2026-06-08T15:05:13.502+0000] {processor.py:840} INFO - DAG(s) 'kaldata_scraper' retrieved from /opt/airflow/dags/kaldata_dag.py
[2026-06-08T15:05:13.834+0000] {logging_mixin.py:188} INFO - [2026-06-08T15:05:13.833+0000] {dag.py:3047} INFO - Sync 1 DAGs
[2026-06-08T15:05:14.413+0000] {logging_mixin.py:188} INFO - [2026-06-08T15:05:14.413+0000] {dag.py:3834} INFO - Setting next_dagrun for kaldata_scraper to 2026-06-08 00:00:00+00:00, run_after=2026-06-09 00:00:00+00:00
[2026-06-08T15:05:14.773+0000] {processor.py:183} INFO - Processing /opt/airflow/dags/kaldata_dag.py took 6.970 seconds
[2026-06-08T15:05:45.312+0000] {processor.py:161} INFO - Started process (PID=2336) to work on /opt/airflow/dags/kaldata_dag.py
[2026-06-08T15:05:45.319+0000] {processor.py:830} INFO - Processing file /opt/airflow/dags/kaldata_dag.py for tasks to queue
[2026-06-08T15:05:45.322+0000] {logging_mixin.py:188} INFO - [2026-06-08T15:05:45.321+0000] {dagbag.py:540} INFO - Filling up the DagBag from /opt/airflow/dags/kaldata_dag.py
[2026-06-08T15:05:45.386+0000] {processor.py:840} INFO - DAG(s) 'kaldata_scraper' retrieved from /opt/airflow/dags/kaldata_dag.py
[2026-06-08T15:05:45.456+0000] {logging_mixin.py:188} INFO - [2026-06-08T15:05:45.456+0000] {dag.py:3047} INFO - Sync 1 DAGs
[2026-06-08T15:05:45.526+0000] {logging_mixin.py:188} INFO - [2026-06-08T15:05:45.525+0000] {dag.py:3834} INFO - Setting next_dagrun for kaldata_scraper to 2026-06-08 00:00:00+00:00, run_after=2026-06-09 00:00:00+00:00
[2026-06-08T15:05:45.607+0000] {processor.py:183} INFO - Processing /opt/airflow/dags/kaldata_dag.py took 0.308 seconds
[2026-06-08T15:06:16.179+0000] {processor.py:161} INFO - Started process (PID=2366) to work on /opt/airflow/dags/kaldata_dag.py
[2026-06-08T15:06:16.184+0000] {processor.py:830} INFO - Processing file /opt/airflow/dags/kaldata_dag.py for tasks to queue
[2026-06-08T15:06:16.197+0000] {logging_mixin.py:188} INFO - [2026-06-08T15:06:16.196+0000] {dagbag.py:540} INFO - Filling up the DagBag from /opt/airflow/dags/kaldata_dag.py
[2026-06-08T15:06:16.306+0000] {processor.py:840} INFO - DAG(s) 'kaldata_scraper' retrieved from /opt/airflow/dags/kaldata_dag.py
[2026-06-08T15:06:16.428+0000] {logging_mixin.py:188} INFO - [2026-06-08T15:06:16.427+0000] {dag.py:3047} INFO - Sync 1 DAGs
[2026-06-08T15:06:16.534+0000] {logging_mixin.py:188} INFO - [2026-06-08T15:06:16.533+0000] {dag.py:3834} INFO - Setting next_dagrun for kaldata_scraper to 2026-06-08 00:00:00+00:00, run_after=2026-06-09 00:00:00+00:00
[2026-06-08T15:06:16.643+0000] {processor.py:183} INFO - Processing /opt/airflow/dags/kaldata_dag.py took 0.475 seconds
[2026-06-08T15:06:47.101+0000] {processor.py:161} INFO - Started process (PID=2396) to work on /opt/airflow/dags/kaldata_dag.py
[2026-06-08T15:06:47.105+0000] {processor.py:830} INFO - Processing file /opt/airflow/dags/kaldata_dag.py for tasks to queue
[2026-06-08T15:06:47.110+0000] {logging_mixin.py:188} INFO - [2026-06-08T15:06:47.108+0000] {dagbag.py:540} INFO - Filling up the DagBag from /opt/airflow/dags/kaldata_dag.py
[2026-06-08T15:06:47.182+0000] {processor.py:840} INFO - DAG(s) 'kaldata_scraper' retrieved from /opt/airflow/dags/kaldata_dag.py
[2026-06-08T15:06:47.275+0000] {logging_mixin.py:188} INFO - [2026-06-08T15:06:47.274+0000] {dag.py:3047} INFO - Sync 1 DAGs
[2026-06-08T15:06:47.475+0000] {logging_mixin.py:188} INFO - [2026-06-08T15:06:47.474+0000] {dag.py:3834} INFO - Setting next_dagrun for kaldata_scraper to 2026-06-08 00:00:00+00:00, run_after=2026-06-09 00:00:00+00:00
[2026-06-08T15:06:47.728+0000] {processor.py:183} INFO - Processing /opt/airflow/dags/kaldata_dag.py took 0.638 seconds
[2026-06-08T15:07:18.081+0000] {processor.py:161} INFO - Started process (PID=2426) to work on /opt/airflow/dags/kaldata_dag.py
[2026-06-08T15:07:18.085+0000] {processor.py:830} INFO - Processing file /opt/airflow/dags/kaldata_dag.py for tasks to queue
[2026-06-08T15:07:18.088+0000] {logging_mixin.py:188} INFO - [2026-06-08T15:07:18.087+0000] {dagbag.py:540} INFO - Filling up the DagBag from /opt/airflow/dags/kaldata_dag.py
[2026-06-08T15:07:18.293+0000] {processor.py:840} INFO - DAG(s) 'kaldata_scraper' retrieved from /opt/airflow/dags/kaldata_dag.py
[2026-06-08T15:07:18.690+0000] {logging_mixin.py:188} INFO - [2026-06-08T15:07:18.689+0000] {dag.py:3047} INFO - Sync 1 DAGs
[2026-06-08T15:07:19.133+0000] {logging_mixin.py:188} INFO - [2026-06-08T15:07:19.133+0000] {dag.py:3834} INFO - Setting next_dagrun for kaldata_scraper to 2026-06-08 00:00:00+00:00, run_after=2026-06-09 00:00:00+00:00
[2026-06-08T15:07:19.351+0000] {processor.py:183} INFO - Processing /opt/airflow/dags/kaldata_dag.py took 1.285 seconds
[2026-06-08T15:07:50.056+0000] {processor.py:161} INFO - Started process (PID=2456) to work on /opt/airflow/dags/kaldata_dag.py
[2026-06-08T15:07:50.065+0000] {processor.py:830} INFO - Processing file /opt/airflow/dags/kaldata_dag.py for tasks to queue
[2026-06-08T15:07:50.068+0000] {logging_mixin.py:188} INFO - [2026-06-08T15:07:50.067+0000] {dagbag.py:540} INFO - Filling up the DagBag from /opt/airflow/dags/kaldata_dag.py
[2026-06-08T15:07:50.187+0000] {processor.py:840} INFO - DAG(s) 'kaldata_scraper' retrieved from /opt/airflow/dags/kaldata_dag.py
[2026-06-08T15:07:50.301+0000] {logging_mixin.py:188} INFO - [2026-06-08T15:07:50.301+0000] {dag.py:3047} INFO - Sync 1 DAGs
[2026-06-08T15:07:50.375+0000] {logging_mixin.py:188} INFO - [2026-06-08T15:07:50.374+0000] {dag.py:3834} INFO - Setting next_dagrun for kaldata_scraper to 2026-06-08 00:00:00+00:00, run_after=2026-06-09 00:00:00+00:00
[2026-06-08T15:07:50.431+0000] {processor.py:183} INFO - Processing /opt/airflow/dags/kaldata_dag.py took 0.390 seconds
[2026-06-08T15:08:21.404+0000] {processor.py:161} INFO - Started process (PID=2486) to work on /opt/airflow/dags/kaldata_dag.py
[2026-06-08T15:08:21.422+0000] {processor.py:830} INFO - Processing file /opt/airflow/dags/kaldata_dag.py for tasks to queue
[2026-06-08T15:08:21.433+0000] {logging_mixin.py:188} INFO - [2026-06-08T15:08:21.425+0000] {dagbag.py:540} INFO - Filling up the DagBag from /opt/airflow/dags/kaldata_dag.py
[2026-06-08T15:08:25.195+0000] {processor.py:840} INFO - DAG(s) 'kaldata_scraper' retrieved from /opt/airflow/dags/kaldata_dag.py
[2026-06-08T15:08:25.403+0000] {logging_mixin.py:188} INFO - [2026-06-08T15:08:25.403+0000] {dag.py:3047} INFO - Sync 1 DAGs
[2026-06-08T15:08:25.819+0000] {logging_mixin.py:188} INFO - [2026-06-08T15:08:25.818+0000] {dag.py:3834} INFO - Setting next_dagrun for kaldata_scraper to 2026-06-08 00:00:00+00:00, run_after=2026-06-09 00:00:00+00:00
[2026-06-08T15:08:26.237+0000] {processor.py:183} INFO - Processing /opt/airflow/dags/kaldata_dag.py took 4.855 seconds
[2026-06-08T15:08:58.751+0000] {processor.py:161} INFO - Started process (PID=2516) to work on /opt/airflow/dags/kaldata_dag.py
[2026-06-08T15:08:58.767+0000] {processor.py:830} INFO - Processing file /opt/airflow/dags/kaldata_dag.py for tasks to queue
[2026-06-08T15:08:58.781+0000] {logging_mixin.py:188} INFO - [2026-06-08T15:08:58.780+0000] {dagbag.py:540} INFO - Filling up the DagBag from /opt/airflow/dags/kaldata_dag.py
[2026-06-08T15:08:59.850+0000] {processor.py:840} INFO - DAG(s) 'kaldata_scraper' retrieved from /opt/airflow/dags/kaldata_dag.py
[2026-06-08T15:09:00.322+0000] {logging_mixin.py:188} INFO - [2026-06-08T15:09:00.321+0000] {dag.py:3047} INFO - Sync 1 DAGs
[2026-06-08T15:09:00.680+0000] {logging_mixin.py:188} INFO - [2026-06-08T15:09:00.679+0000] {dag.py:3834} INFO - Setting next_dagrun for kaldata_scraper to 2026-06-08 00:00:00+00:00, run_after=2026-06-09 00:00:00+00:00
[2026-06-08T15:09:01.283+0000] {processor.py:183} INFO - Processing /opt/airflow/dags/kaldata_dag.py took 2.566 seconds
[2026-06-08T15:09:34.109+0000] {processor.py:161} INFO - Started process (PID=2546) to work on /opt/airflow/dags/kaldata_dag.py
[2026-06-08T15:09:34.137+0000] {processor.py:830} INFO - Processing file /opt/airflow/dags/kaldata_dag.py for tasks to queue
[2026-06-08T15:09:34.156+0000] {logging_mixin.py:188} INFO - [2026-06-08T15:09:34.148+0000] {dagbag.py:540} INFO - Filling up the DagBag from /opt/airflow/dags/kaldata_dag.py
[2026-06-08T15:09:34.539+0000] {processor.py:840} INFO - DAG(s) 'kaldata_scraper' retrieved from /opt/airflow/dags/kaldata_dag.py
[2026-06-08T15:09:34.966+0000] {logging_mixin.py:188} INFO - [2026-06-08T15:09:34.963+0000] {dag.py:3047} INFO - Sync 1 DAGs
[2026-06-08T15:09:35.236+0000] {logging_mixin.py:188} INFO - [2026-06-08T15:09:35.224+0000] {dag.py:3834} INFO - Setting next_dagrun for kaldata_scraper to 2026-06-08 00:00:00+00:00, run_after=2026-06-09 00:00:00+00:00
[2026-06-08T15:09:35.648+0000] {processor.py:183} INFO - Processing /opt/airflow/dags/kaldata_dag.py took 1.640 seconds
[2026-06-08T15:10:07.178+0000] {processor.py:161} INFO - Started process (PID=2576) to work on /opt/airflow/dags/kaldata_dag.py
[2026-06-08T15:10:07.187+0000] {processor.py:830} INFO - Processing file /opt/airflow/dags/kaldata_dag.py for tasks to queue
[2026-06-08T15:10:07.204+0000] {logging_mixin.py:188} INFO - [2026-06-08T15:10:07.200+0000] {dagbag.py:540} INFO - Filling up the DagBag from /opt/airflow/dags/kaldata_dag.py
[2026-06-08T15:10:07.676+0000] {processor.py:840} INFO - DAG(s) 'kaldata_scraper' retrieved from /opt/airflow/dags/kaldata_dag.py
[2026-06-08T15:10:08.289+0000] {logging_mixin.py:188} INFO - [2026-06-08T15:10:08.288+0000] {dag.py:3047} INFO - Sync 1 DAGs
[2026-06-08T15:10:08.714+0000] {logging_mixin.py:188} INFO - [2026-06-08T15:10:08.713+0000] {dag.py:3834} INFO - Setting next_dagrun for kaldata_scraper to 2026-06-08 00:00:00+00:00, run_after=2026-06-09 00:00:00+00:00
[2026-06-08T15:10:09.165+0000] {processor.py:183} INFO - Processing /opt/airflow/dags/kaldata_dag.py took 2.062 seconds
[2026-06-08T15:10:43.143+0000] {processor.py:161} INFO - Started process (PID=2606) to work on /opt/airflow/dags/kaldata_dag.py
[2026-06-08T15:10:43.177+0000] {processor.py:830} INFO - Processing file /opt/airflow/dags/kaldata_dag.py for tasks to queue
[2026-06-08T15:10:43.301+0000] {logging_mixin.py:188} INFO - [2026-06-08T15:10:43.274+0000] {dagbag.py:540} INFO - Filling up the DagBag from /opt/airflow/dags/kaldata_dag.py
[2026-06-08T15:10:44.853+0000] {processor.py:840} INFO - DAG(s) 'kaldata_scraper' retrieved from /opt/airflow/dags/kaldata_dag.py
[2026-06-08T15:10:45.207+0000] {logging_mixin.py:188} INFO - [2026-06-08T15:10:45.207+0000] {dag.py:3047} INFO - Sync 1 DAGs
[2026-06-08T15:10:45.640+0000] {logging_mixin.py:188} INFO - [2026-06-08T15:10:45.639+0000] {dag.py:3834} INFO - Setting next_dagrun for kaldata_scraper to 2026-06-08 00:00:00+00:00, run_after=2026-06-09 00:00:00+00:00
[2026-06-08T15:10:45.920+0000] {processor.py:183} INFO - Processing /opt/airflow/dags/kaldata_dag.py took 2.922 seconds
[2026-06-08T15:11:24.670+0000] {processor.py:161} INFO - Started process (PID=2639) to work on /opt/airflow/dags/kaldata_dag.py
[2026-06-08T15:11:24.699+0000] {processor.py:830} INFO - Processing file /opt/airflow/dags/kaldata_dag.py for tasks to queue
[2026-06-08T15:11:24.770+0000] {logging_mixin.py:188} INFO - [2026-06-08T15:11:24.768+0000] {dagbag.py:540} INFO - Filling up the DagBag from /opt/airflow/dags/kaldata_dag.py
[2026-06-08T15:11:34.093+0000] {processor.py:840} INFO - DAG(s) 'kaldata_scraper' retrieved from /opt/airflow/dags/kaldata_dag.py
[2026-06-08T15:11:34.655+0000] {logging_mixin.py:188} INFO - [2026-06-08T15:11:34.655+0000] {dag.py:3047} INFO - Sync 1 DAGs
[2026-06-08T15:11:35.427+0000] {logging_mixin.py:188} INFO - [2026-06-08T15:11:35.427+0000] {dag.py:3834} INFO - Setting next_dagrun for kaldata_scraper to 2026-06-08 00:00:00+00:00, run_after=2026-06-09 00:00:00+00:00
[2026-06-08T15:11:35.848+0000] {processor.py:183} INFO - Processing /opt/airflow/dags/kaldata_dag.py took 11.199 seconds
[2026-06-08T15:12:10.570+0000] {processor.py:161} INFO - Started process (PID=2669) to work on /opt/airflow/dags/kaldata_dag.py
[2026-06-08T15:12:10.623+0000] {processor.py:830} INFO - Processing file /opt/airflow/dags/kaldata_dag.py for tasks to queue
[2026-06-08T15:12:10.701+0000] {logging_mixin.py:188} INFO - [2026-06-08T15:12:10.700+0000] {dagbag.py:540} INFO - Filling up the DagBag from /opt/airflow/dags/kaldata_dag.py
[2026-06-08T15:12:12.341+0000] {processor.py:840} INFO - DAG(s) 'kaldata_scraper' retrieved from /opt/airflow/dags/kaldata_dag.py
[2026-06-08T15:12:13.249+0000] {logging_mixin.py:188} INFO - [2026-06-08T15:12:13.249+0000] {dag.py:3047} INFO - Sync 1 DAGs
[2026-06-08T15:12:13.941+0000] {logging_mixin.py:188} INFO - [2026-06-08T15:12:13.940+0000] {dag.py:3834} INFO - Setting next_dagrun for kaldata_scraper to 2026-06-08 00:00:00+00:00, run_after=2026-06-09 00:00:00+00:00
[2026-06-08T15:12:14.646+0000] {processor.py:183} INFO - Processing /opt/airflow/dags/kaldata_dag.py took 4.125 seconds
[2026-06-08T15:12:45.920+0000] {processor.py:161} INFO - Started process (PID=2696) to work on /opt/airflow/dags/kaldata_dag.py
[2026-06-08T15:12:45.926+0000] {processor.py:830} INFO - Processing file /opt/airflow/dags/kaldata_dag.py for tasks to queue
[2026-06-08T15:12:45.936+0000] {logging_mixin.py:188} INFO - [2026-06-08T15:12:45.935+0000] {dagbag.py:540} INFO - Filling up the DagBag from /opt/airflow/dags/kaldata_dag.py
[2026-06-08T15:12:46.018+0000] {processor.py:840} INFO - DAG(s) 'kaldata_scraper' retrieved from /opt/airflow/dags/kaldata_dag.py
[2026-06-08T15:12:46.120+0000] {logging_mixin.py:188} INFO - [2026-06-08T15:12:46.119+0000] {dag.py:3047} INFO - Sync 1 DAGs
[2026-06-08T15:12:46.298+0000] {logging_mixin.py:188} INFO - [2026-06-08T15:12:46.292+0000] {dag.py:3834} INFO - Setting next_dagrun for kaldata_scraper to 2026-06-08 00:00:00+00:00, run_after=2026-06-09 00:00:00+00:00
[2026-06-08T15:12:46.372+0000] {processor.py:183} INFO - Processing /opt/airflow/dags/kaldata_dag.py took 0.472 seconds
[2026-06-08T15:13:17.969+0000] {processor.py:161} INFO - Started process (PID=2726) to work on /opt/airflow/dags/kaldata_dag.py
[2026-06-08T15:13:17.984+0000] {processor.py:830} INFO - Processing file /opt/airflow/dags/kaldata_dag.py for tasks to queue
[2026-06-08T15:13:18.001+0000] {logging_mixin.py:188} INFO - [2026-06-08T15:13:18.000+0000] {dagbag.py:540} INFO - Filling up the DagBag from /opt/airflow/dags/kaldata_dag.py
[2026-06-08T15:13:18.344+0000] {processor.py:840} INFO - DAG(s) 'kaldata_scraper' retrieved from /opt/airflow/dags/kaldata_dag.py
[2026-06-08T15:13:18.855+0000] {logging_mixin.py:188} INFO - [2026-06-08T15:13:18.854+0000] {dag.py:3047} INFO - Sync 1 DAGs
[2026-06-08T15:13:19.586+0000] {logging_mixin.py:188} INFO - [2026-06-08T15:13:19.585+0000] {dag.py:3834} INFO - Setting next_dagrun for kaldata_scraper to 2026-06-08 00:00:00+00:00, run_after=2026-06-09 00:00:00+00:00
[2026-06-08T15:13:20.102+0000] {processor.py:183} INFO - Processing /opt/airflow/dags/kaldata_dag.py took 2.158 seconds
[2026-06-08T15:13:51.266+0000] {processor.py:161} INFO - Started process (PID=2756) to work on /opt/airflow/dags/kaldata_dag.py
[2026-06-08T15:13:51.278+0000] {processor.py:830} INFO - Processing file /opt/airflow/dags/kaldata_dag.py for tasks to queue
[2026-06-08T15:13:51.286+0000] {logging_mixin.py:188} INFO - [2026-06-08T15:13:51.285+0000] {dagbag.py:540} INFO - Filling up the DagBag from /opt/airflow/dags/kaldata_dag.py
[2026-06-08T15:13:51.718+0000] {processor.py:840} INFO - DAG(s) 'kaldata_scraper' retrieved from /opt/airflow/dags/kaldata_dag.py
[2026-06-08T15:13:51.839+0000] {logging_mixin.py:188} INFO - [2026-06-08T15:13:51.838+0000] {dag.py:3047} INFO - Sync 1 DAGs
[2026-06-08T15:13:51.962+0000] {logging_mixin.py:188} INFO - [2026-06-08T15:13:51.962+0000] {dag.py:3834} INFO - Setting next_dagrun for kaldata_scraper to 2026-06-08 00:00:00+00:00, run_after=2026-06-09 00:00:00+00:00
[2026-06-08T15:13:52.138+0000] {processor.py:183} INFO - Processing /opt/airflow/dags/kaldata_dag.py took 0.904 seconds
[2026-06-08T15:14:23.050+0000] {processor.py:161} INFO - Started process (PID=2786) to work on /opt/airflow/dags/kaldata_dag.py
[2026-06-08T15:14:23.088+0000] {processor.py:830} INFO - Processing file /opt/airflow/dags/kaldata_dag.py for tasks to queue
[2026-06-08T15:14:23.110+0000] {logging_mixin.py:188} INFO - [2026-06-08T15:14:23.095+0000] {dagbag.py:540} INFO - Filling up the DagBag from /opt/airflow/dags/kaldata_dag.py
[2026-06-08T15:14:23.507+0000] {processor.py:840} INFO - DAG(s) 'kaldata_scraper' retrieved from /opt/airflow/dags/kaldata_dag.py
[2026-06-08T15:14:23.712+0000] {logging_mixin.py:188} INFO - [2026-06-08T15:14:23.700+0000] {dag.py:3047} INFO - Sync 1 DAGs
[2026-06-08T15:14:23.989+0000] {logging_mixin.py:188} INFO - [2026-06-08T15:14:23.979+0000] {dag.py:3834} INFO - Setting next_dagrun for kaldata_scraper to 2026-06-08 00:00:00+00:00, run_after=2026-06-09 00:00:00+00:00
[2026-06-08T15:14:24.120+0000] {processor.py:183} INFO - Processing /opt/airflow/dags/kaldata_dag.py took 1.107 seconds
[2026-06-08T15:14:55.397+0000] {processor.py:161} INFO - Started process (PID=2816) to work on /opt/airflow/dags/kaldata_dag.py
[2026-06-08T15:14:55.411+0000] {processor.py:830} INFO - Processing file /opt/airflow/dags/kaldata_dag.py for tasks to queue
[2026-06-08T15:14:55.429+0000] {logging_mixin.py:188} INFO - [2026-06-08T15:14:55.428+0000] {dagbag.py:540} INFO - Filling up the DagBag from /opt/airflow/dags/kaldata_dag.py
[2026-06-08T15:14:55.803+0000] {processor.py:840} INFO - DAG(s) 'kaldata_scraper' retrieved from /opt/airflow/dags/kaldata_dag.py
[2026-06-08T15:14:56.253+0000] {logging_mixin.py:188} INFO - [2026-06-08T15:14:56.252+0000] {dag.py:3047} INFO - Sync 1 DAGs
[2026-06-08T15:14:56.436+0000] {logging_mixin.py:188} INFO - [2026-06-08T15:14:56.435+0000] {dag.py:3834} INFO - Setting next_dagrun for kaldata_scraper to 2026-06-08 00:00:00+00:00, run_after=2026-06-09 00:00:00+00:00
[2026-06-08T15:14:56.642+0000] {processor.py:183} INFO - Processing /opt/airflow/dags/kaldata_dag.py took 1.274 seconds
[2026-06-08T15:15:27.733+0000] {processor.py:161} INFO - Started process (PID=2849) to work on /opt/airflow/dags/kaldata_dag.py
[2026-06-08T15:15:27.737+0000] {processor.py:830} INFO - Processing file /opt/airflow/dags/kaldata_dag.py for tasks to queue
[2026-06-08T15:15:27.741+0000] {logging_mixin.py:188} INFO - [2026-06-08T15:15:27.740+0000] {dagbag.py:540} INFO - Filling up the DagBag from /opt/airflow/dags/kaldata_dag.py
[2026-06-08T15:15:27.850+0000] {processor.py:840} INFO - DAG(s) 'kaldata_scraper' retrieved from /opt/airflow/dags/kaldata_dag.py
[2026-06-08T15:15:28.106+0000] {logging_mixin.py:188} INFO - [2026-06-08T15:15:28.105+0000] {dag.py:3047} INFO - Sync 1 DAGs
[2026-06-08T15:15:28.207+0000] {logging_mixin.py:188} INFO - [2026-06-08T15:15:28.206+0000] {dag.py:3834} INFO - Setting next_dagrun for kaldata_scraper to 2026-06-08 00:00:00+00:00, run_after=2026-06-09 00:00:00+00:00
[2026-06-08T15:15:28.298+0000] {processor.py:183} INFO - Processing /opt/airflow/dags/kaldata_dag.py took 0.590 seconds
[2026-06-08T15:15:59.300+0000] {processor.py:161} INFO - Started process (PID=2881) to work on /opt/airflow/dags/kaldata_dag.py
[2026-06-08T15:15:59.306+0000] {processor.py:830} INFO - Processing file /opt/airflow/dags/kaldata_dag.py for tasks to queue
[2026-06-08T15:15:59.314+0000] {logging_mixin.py:188} INFO - [2026-06-08T15:15:59.313+0000] {dagbag.py:540} INFO - Filling up the DagBag from /opt/airflow/dags/kaldata_dag.py
[2026-06-08T15:15:59.458+0000] {processor.py:840} INFO - DAG(s) 'kaldata_scraper' retrieved from /opt/airflow/dags/kaldata_dag.py
[2026-06-08T15:15:59.603+0000] {logging_mixin.py:188} INFO - [2026-06-08T15:15:59.602+0000] {dag.py:3047} INFO - Sync 1 DAGs
[2026-06-08T15:15:59.738+0000] {logging_mixin.py:188} INFO - [2026-06-08T15:15:59.735+0000] {dag.py:3834} INFO - Setting next_dagrun for kaldata_scraper to 2026-06-08 00:00:00+00:00, run_after=2026-06-09 00:00:00+00:00
[2026-06-08T15:15:59.877+0000] {processor.py:183} INFO - Processing /opt/airflow/dags/kaldata_dag.py took 0.593 seconds
[2026-06-08T15:16:30.731+0000] {processor.py:161} INFO - Started process (PID=2909) to work on /opt/airflow/dags/kaldata_dag.py
[2026-06-08T15:16:30.735+0000] {processor.py:830} INFO - Processing file /opt/airflow/dags/kaldata_dag.py for tasks to queue
[2026-06-08T15:16:30.738+0000] {logging_mixin.py:188} INFO - [2026-06-08T15:16:30.737+0000] {dagbag.py:540} INFO - Filling up the DagBag from /opt/airflow/dags/kaldata_dag.py
[2026-06-08T15:16:30.863+0000] {processor.py:840} INFO - DAG(s) 'kaldata_scraper' retrieved from /opt/airflow/dags/kaldata_dag.py
[2026-06-08T15:16:31.085+0000] {logging_mixin.py:188} INFO - [2026-06-08T15:16:31.085+0000] {dag.py:3047} INFO - Sync 1 DAGs
[2026-06-08T15:16:31.380+0000] {logging_mixin.py:188} INFO - [2026-06-08T15:16:31.380+0000] {dag.py:3834} INFO - Setting next_dagrun for kaldata_scraper to 2026-06-08 00:00:00+00:00, run_after=2026-06-09 00:00:00+00:00
[2026-06-08T15:16:31.559+0000] {processor.py:183} INFO - Processing /opt/airflow/dags/kaldata_dag.py took 0.844 seconds
[2026-06-08T15:17:02.283+0000] {processor.py:161} INFO - Started process (PID=2941) to work on /opt/airflow/dags/kaldata_dag.py
[2026-06-08T15:17:02.300+0000] {processor.py:830} INFO - Processing file /opt/airflow/dags/kaldata_dag.py for tasks to queue
[2026-06-08T15:17:02.319+0000] {logging_mixin.py:188} INFO - [2026-06-08T15:17:02.318+0000] {dagbag.py:540} INFO - Filling up the DagBag from /opt/airflow/dags/kaldata_dag.py
[2026-06-08T15:17:02.632+0000] {processor.py:840} INFO - DAG(s) 'kaldata_scraper' retrieved from /opt/airflow/dags/kaldata_dag.py
[2026-06-08T15:17:02.756+0000] {logging_mixin.py:188} INFO - [2026-06-08T15:17:02.755+0000] {dag.py:3047} INFO - Sync 1 DAGs
[2026-06-08T15:17:02.854+0000] {logging_mixin.py:188} INFO - [2026-06-08T15:17:02.853+0000] {dag.py:3834} INFO - Setting next_dagrun for kaldata_scraper to 2026-06-08 00:00:00+00:00, run_after=2026-06-09 00:00:00+00:00
[2026-06-08T15:17:02.911+0000] {processor.py:183} INFO - Processing /opt/airflow/dags/kaldata_dag.py took 0.659 seconds
[2026-06-08T15:17:33.851+0000] {processor.py:161} INFO - Started process (PID=2969) to work on /opt/airflow/dags/kaldata_dag.py
[2026-06-08T15:17:33.965+0000] {processor.py:830} INFO - Processing file /opt/airflow/dags/kaldata_dag.py for tasks to queue
[2026-06-08T15:17:34.016+0000] {logging_mixin.py:188} INFO - [2026-06-08T15:17:34.015+0000] {dagbag.py:540} INFO - Filling up the DagBag from /opt/airflow/dags/kaldata_dag.py
[2026-06-08T15:17:34.539+0000] {processor.py:840} INFO - DAG(s) 'kaldata_scraper' retrieved from /opt/airflow/dags/kaldata_dag.py
[2026-06-08T15:17:34.621+0000] {logging_mixin.py:188} INFO - [2026-06-08T15:17:34.620+0000] {dag.py:3047} INFO - Sync 1 DAGs
[2026-06-08T15:17:34.692+0000] {logging_mixin.py:188} INFO - [2026-06-08T15:17:34.691+0000] {dag.py:3834} INFO - Setting next_dagrun for kaldata_scraper to 2026-06-08 00:00:00+00:00, run_after=2026-06-09 00:00:00+00:00
[2026-06-08T15:17:34.756+0000] {processor.py:183} INFO - Processing /opt/airflow/dags/kaldata_dag.py took 1.036 seconds
[2026-06-08T15:18:06.144+0000] {processor.py:161} INFO - Started process (PID=2999) to work on /opt/airflow/dags/kaldata_dag.py
[2026-06-08T15:18:06.161+0000] {processor.py:830} INFO - Processing file /opt/airflow/dags/kaldata_dag.py for tasks to queue
[2026-06-08T15:18:06.170+0000] {logging_mixin.py:188} INFO - [2026-06-08T15:18:06.169+0000] {dagbag.py:540} INFO - Filling up the DagBag from /opt/airflow/dags/kaldata_dag.py
[2026-06-08T15:18:06.256+0000] {processor.py:840} INFO - DAG(s) 'kaldata_scraper' retrieved from /opt/airflow/dags/kaldata_dag.py
[2026-06-08T15:18:06.349+0000] {logging_mixin.py:188} INFO - [2026-06-08T15:18:06.348+0000] {dag.py:3047} INFO - Sync 1 DAGs
[2026-06-08T15:18:06.435+0000] {logging_mixin.py:188} INFO - [2026-06-08T15:18:06.435+0000] {dag.py:3834} INFO - Setting next_dagrun for kaldata_scraper to 2026-06-08 00:00:00+00:00, run_after=2026-06-09 00:00:00+00:00
[2026-06-08T15:18:06.521+0000] {processor.py:183} INFO - Processing /opt/airflow/dags/kaldata_dag.py took 0.406 seconds
[2026-06-08T15:18:37.367+0000] {processor.py:161} INFO - Started process (PID=3029) to work on /opt/airflow/dags/kaldata_dag.py
[2026-06-08T15:18:37.372+0000] {processor.py:830} INFO - Processing file /opt/airflow/dags/kaldata_dag.py for tasks to queue
[2026-06-08T15:18:37.377+0000] {logging_mixin.py:188} INFO - [2026-06-08T15:18:37.375+0000] {dagbag.py:540} INFO - Filling up the DagBag from /opt/airflow/dags/kaldata_dag.py
[2026-06-08T15:18:37.456+0000] {processor.py:840} INFO - DAG(s) 'kaldata_scraper' retrieved from /opt/airflow/dags/kaldata_dag.py
[2026-06-08T15:18:37.598+0000] {logging_mixin.py:188} INFO - [2026-06-08T15:18:37.593+0000] {dag.py:3047} INFO - Sync 1 DAGs
[2026-06-08T15:18:37.961+0000] {logging_mixin.py:188} INFO - [2026-06-08T15:18:37.960+0000] {dag.py:3834} INFO - Setting next_dagrun for kaldata_scraper to 2026-06-08 00:00:00+00:00, run_after=2026-06-09 00:00:00+00:00
[2026-06-08T15:18:38.209+0000] {processor.py:183} INFO - Processing /opt/airflow/dags/kaldata_dag.py took 0.858 seconds
[2026-06-08T15:19:09.643+0000] {processor.py:161} INFO - Started process (PID=3061) to work on /opt/airflow/dags/kaldata_dag.py
[2026-06-08T15:19:09.650+0000] {processor.py:830} INFO - Processing file /opt/airflow/dags/kaldata_dag.py for tasks to queue
[2026-06-08T15:19:09.655+0000] {logging_mixin.py:188} INFO - [2026-06-08T15:19:09.653+0000] {dagbag.py:540} INFO - Filling up the DagBag from /opt/airflow/dags/kaldata_dag.py
[2026-06-08T15:19:09.757+0000] {processor.py:840} INFO - DAG(s) 'kaldata_scraper' retrieved from /opt/airflow/dags/kaldata_dag.py
[2026-06-08T15:19:09.860+0000] {logging_mixin.py:188} INFO - [2026-06-08T15:19:09.859+0000] {dag.py:3047} INFO - Sync 1 DAGs
[2026-06-08T15:19:09.935+0000] {logging_mixin.py:188} INFO - [2026-06-08T15:19:09.935+0000] {dag.py:3834} INFO - Setting next_dagrun for kaldata_scraper to 2026-06-08 00:00:00+00:00, run_after=2026-06-09 00:00:00+00:00
[2026-06-08T15:19:09.995+0000] {processor.py:183} INFO - Processing /opt/airflow/dags/kaldata_dag.py took 0.369 seconds
[2026-06-08T15:19:40.776+0000] {processor.py:161} INFO - Started process (PID=3089) to work on /opt/airflow/dags/kaldata_dag.py
[2026-06-08T15:19:40.795+0000] {processor.py:830} INFO - Processing file /opt/airflow/dags/kaldata_dag.py for tasks to queue
[2026-06-08T15:19:40.799+0000] {logging_mixin.py:188} INFO - [2026-06-08T15:19:40.798+0000] {dagbag.py:540} INFO - Filling up the DagBag from /opt/airflow/dags/kaldata_dag.py
[2026-06-08T15:19:41.046+0000] {processor.py:840} INFO - DAG(s) 'kaldata_scraper' retrieved from /opt/airflow/dags/kaldata_dag.py
[2026-06-08T15:19:41.698+0000] {logging_mixin.py:188} INFO - [2026-06-08T15:19:41.697+0000] {dag.py:3047} INFO - Sync 1 DAGs
[2026-06-08T15:19:42.096+0000] {logging_mixin.py:188} INFO - [2026-06-08T15:19:42.085+0000] {dag.py:3834} INFO - Setting next_dagrun for kaldata_scraper to 2026-06-08 00:00:00+00:00, run_after=2026-06-09 00:00:00+00:00
[2026-06-08T15:19:42.295+0000] {processor.py:183} INFO - Processing /opt/airflow/dags/kaldata_dag.py took 1.554 seconds
[2026-06-08T15:20:13.011+0000] {processor.py:161} INFO - Started process (PID=3119) to work on /opt/airflow/dags/kaldata_dag.py
[2026-06-08T15:20:13.161+0000] {processor.py:830} INFO - Processing file /opt/airflow/dags/kaldata_dag.py for tasks to queue
[2026-06-08T15:20:13.168+0000] {logging_mixin.py:188} INFO - [2026-06-08T15:20:13.167+0000] {dagbag.py:540} INFO - Filling up the DagBag from /opt/airflow/dags/kaldata_dag.py
[2026-06-08T15:20:13.746+0000] {processor.py:840} INFO - DAG(s) 'kaldata_scraper' retrieved from /opt/airflow/dags/kaldata_dag.py
[2026-06-08T15:20:14.089+0000] {logging_mixin.py:188} INFO - [2026-06-08T15:20:14.089+0000] {dag.py:3047} INFO - Sync 1 DAGs
[2026-06-08T15:20:14.345+0000] {logging_mixin.py:188} INFO - [2026-06-08T15:20:14.344+0000] {dag.py:3834} INFO - Setting next_dagrun for kaldata_scraper to 2026-06-08 00:00:00+00:00, run_after=2026-06-09 00:00:00+00:00
[2026-06-08T15:20:14.604+0000] {processor.py:183} INFO - Processing /opt/airflow/dags/kaldata_dag.py took 1.653 seconds
[2026-06-08T15:20:46.293+0000] {processor.py:161} INFO - Started process (PID=3149) to work on /opt/airflow/dags/kaldata_dag.py
[2026-06-08T15:20:46.309+0000] {processor.py:830} INFO - Processing file /opt/airflow/dags/kaldata_dag.py for tasks to queue
[2026-06-08T15:20:46.316+0000] {logging_mixin.py:188} INFO - [2026-06-08T15:20:46.315+0000] {dagbag.py:540} INFO - Filling up the DagBag from /opt/airflow/dags/kaldata_dag.py
[2026-06-08T15:20:46.656+0000] {processor.py:840} INFO - DAG(s) 'kaldata_scraper' retrieved from /opt/airflow/dags/kaldata_dag.py
[2026-06-08T15:20:46.841+0000] {logging_mixin.py:188} INFO - [2026-06-08T15:20:46.840+0000] {dag.py:3047} INFO - Sync 1 DAGs
[2026-06-08T15:20:47.118+0000] {logging_mixin.py:188} INFO - [2026-06-08T15:20:47.117+0000] {dag.py:3834} INFO - Setting next_dagrun for kaldata_scraper to 2026-06-08 00:00:00+00:00, run_after=2026-06-09 00:00:00+00:00
[2026-06-08T15:20:47.470+0000] {processor.py:183} INFO - Processing /opt/airflow/dags/kaldata_dag.py took 1.211 seconds
[2026-06-08T15:21:18.609+0000] {processor.py:161} INFO - Started process (PID=3179) to work on /opt/airflow/dags/kaldata_dag.py
[2026-06-08T15:21:18.615+0000] {processor.py:830} INFO - Processing file /opt/airflow/dags/kaldata_dag.py for tasks to queue
[2026-06-08T15:21:18.619+0000] {logging_mixin.py:188} INFO - [2026-06-08T15:21:18.618+0000] {dagbag.py:540} INFO - Filling up the DagBag from /opt/airflow/dags/kaldata_dag.py
[2026-06-08T15:21:18.701+0000] {processor.py:840} INFO - DAG(s) 'kaldata_scraper' retrieved from /opt/airflow/dags/kaldata_dag.py
[2026-06-08T15:21:18.791+0000] {logging_mixin.py:188} INFO - [2026-06-08T15:21:18.791+0000] {dag.py:3047} INFO - Sync 1 DAGs
[2026-06-08T15:21:18.885+0000] {logging_mixin.py:188} INFO - [2026-06-08T15:21:18.884+0000] {dag.py:3834} INFO - Setting next_dagrun for kaldata_scraper to 2026-06-08 00:00:00+00:00, run_after=2026-06-09 00:00:00+00:00
[2026-06-08T15:21:19.059+0000] {processor.py:183} INFO - Processing /opt/airflow/dags/kaldata_dag.py took 0.465 seconds
[2026-06-08T15:21:51.146+0000] {processor.py:161} INFO - Started process (PID=3209) to work on /opt/airflow/dags/kaldata_dag.py
[2026-06-08T15:21:51.182+0000] {processor.py:830} INFO - Processing file /opt/airflow/dags/kaldata_dag.py for tasks to queue
[2026-06-08T15:21:51.214+0000] {logging_mixin.py:188} INFO - [2026-06-08T15:21:51.213+0000] {dagbag.py:540} INFO - Filling up the DagBag from /opt/airflow/dags/kaldata_dag.py
[2026-06-08T15:21:53.950+0000] {processor.py:840} INFO - DAG(s) 'kaldata_scraper' retrieved from /opt/airflow/dags/kaldata_dag.py
[2026-06-08T15:21:54.214+0000] {logging_mixin.py:188} INFO - [2026-06-08T15:21:54.213+0000] {dag.py:3047} INFO - Sync 1 DAGs
[2026-06-08T15:21:54.656+0000] {logging_mixin.py:188} INFO - [2026-06-08T15:21:54.655+0000] {dag.py:3834} INFO - Setting next_dagrun for kaldata_scraper to 2026-06-08 00:00:00+00:00, run_after=2026-06-09 00:00:00+00:00
[2026-06-08T15:21:54.851+0000] {processor.py:183} INFO - Processing /opt/airflow/dags/kaldata_dag.py took 3.725 seconds
[2026-06-08T15:22:25.968+0000] {processor.py:161} INFO - Started process (PID=3239) to work on /opt/airflow/dags/kaldata_dag.py
[2026-06-08T15:22:25.989+0000] {processor.py:830} INFO - Processing file /opt/airflow/dags/kaldata_dag.py for tasks to queue
[2026-06-08T15:22:25.993+0000] {logging_mixin.py:188} INFO - [2026-06-08T15:22:25.992+0000] {dagbag.py:540} INFO - Filling up the DagBag from /opt/airflow/dags/kaldata_dag.py
[2026-06-08T15:22:26.658+0000] {processor.py:840} INFO - DAG(s) 'kaldata_scraper' retrieved from /opt/airflow/dags/kaldata_dag.py
[2026-06-08T15:22:26.980+0000] {logging_mixin.py:188} INFO - [2026-06-08T15:22:26.980+0000] {dag.py:3047} INFO - Sync 1 DAGs
[2026-06-08T15:22:27.204+0000] {logging_mixin.py:188} INFO - [2026-06-08T15:22:27.203+0000] {dag.py:3834} INFO - Setting next_dagrun for kaldata_scraper to 2026-06-08 00:00:00+00:00, run_after=2026-06-09 00:00:00+00:00
[2026-06-08T15:22:27.363+0000] {processor.py:183} INFO - Processing /opt/airflow/dags/kaldata_dag.py took 1.426 seconds
[2026-06-08T15:22:58.323+0000] {processor.py:161} INFO - Started process (PID=3269) to work on /opt/airflow/dags/kaldata_dag.py
[2026-06-08T15:22:58.329+0000] {processor.py:830} INFO - Processing file /opt/airflow/dags/kaldata_dag.py for tasks to queue
[2026-06-08T15:22:58.336+0000] {logging_mixin.py:188} INFO - [2026-06-08T15:22:58.333+0000] {dagbag.py:540} INFO - Filling up the DagBag from /opt/airflow/dags/kaldata_dag.py
[2026-06-08T15:22:58.419+0000] {processor.py:840} INFO - DAG(s) 'kaldata_scraper' retrieved from /opt/airflow/dags/kaldata_dag.py
[2026-06-08T15:22:58.560+0000] {logging_mixin.py:188} INFO - [2026-06-08T15:22:58.548+0000] {dag.py:3047} INFO - Sync 1 DAGs
[2026-06-08T15:22:58.661+0000] {logging_mixin.py:188} INFO - [2026-06-08T15:22:58.660+0000] {dag.py:3834} INFO - Setting next_dagrun for kaldata_scraper to 2026-06-08 00:00:00+00:00, run_after=2026-06-09 00:00:00+00:00
[2026-06-08T15:22:58.756+0000] {processor.py:183} INFO - Processing /opt/airflow/dags/kaldata_dag.py took 0.447 seconds
[2026-06-08T15:23:29.459+0000] {processor.py:161} INFO - Started process (PID=3299) to work on /opt/airflow/dags/kaldata_dag.py
[2026-06-08T15:23:29.466+0000] {processor.py:830} INFO - Processing file /opt/airflow/dags/kaldata_dag.py for tasks to queue
[2026-06-08T15:23:29.470+0000] {logging_mixin.py:188} INFO - [2026-06-08T15:23:29.469+0000] {dagbag.py:540} INFO - Filling up the DagBag from /opt/airflow/dags/kaldata_dag.py
[2026-06-08T15:23:29.615+0000] {processor.py:840} INFO - DAG(s) 'kaldata_scraper' retrieved from /opt/airflow/dags/kaldata_dag.py
[2026-06-08T15:23:29.772+0000] {logging_mixin.py:188} INFO - [2026-06-08T15:23:29.771+0000] {dag.py:3047} INFO - Sync 1 DAGs
[2026-06-08T15:23:29.896+0000] {logging_mixin.py:188} INFO - [2026-06-08T15:23:29.896+0000] {dag.py:3834} INFO - Setting next_dagrun for kaldata_scraper to 2026-06-08 00:00:00+00:00, run_after=2026-06-09 00:00:00+00:00
[2026-06-08T15:23:30.006+0000] {processor.py:183} INFO - Processing /opt/airflow/dags/kaldata_dag.py took 0.566 seconds
[2026-06-08T15:24:00.536+0000] {processor.py:161} INFO - Started process (PID=3331) to work on /opt/airflow/dags/kaldata_dag.py
[2026-06-08T15:24:00.541+0000] {processor.py:830} INFO - Processing file /opt/airflow/dags/kaldata_dag.py for tasks to queue
[2026-06-08T15:24:00.544+0000] {logging_mixin.py:188} INFO - [2026-06-08T15:24:00.543+0000] {dagbag.py:540} INFO - Filling up the DagBag from /opt/airflow/dags/kaldata_dag.py
[2026-06-08T15:24:00.708+0000] {processor.py:840} INFO - DAG(s) 'kaldata_scraper' retrieved from /opt/airflow/dags/kaldata_dag.py
[2026-06-08T15:24:00.964+0000] {logging_mixin.py:188} INFO - [2026-06-08T15:24:00.963+0000] {dag.py:3047} INFO - Sync 1 DAGs
[2026-06-08T15:24:01.208+0000] {logging_mixin.py:188} INFO - [2026-06-08T15:24:01.197+0000] {dag.py:3834} INFO - Setting next_dagrun for kaldata_scraper to 2026-06-08 00:00:00+00:00, run_after=2026-06-09 00:00:00+00:00
[2026-06-08T15:24:01.471+0000] {processor.py:183} INFO - Processing /opt/airflow/dags/kaldata_dag.py took 0.947 seconds
[2026-06-08T15:24:32.542+0000] {processor.py:161} INFO - Started process (PID=3359) to work on /opt/airflow/dags/kaldata_dag.py
[2026-06-08T15:24:32.546+0000] {processor.py:830} INFO - Processing file /opt/airflow/dags/kaldata_dag.py for tasks to queue
[2026-06-08T15:24:32.554+0000] {logging_mixin.py:188} INFO - [2026-06-08T15:24:32.553+0000] {dagbag.py:540} INFO - Filling up the DagBag from /opt/airflow/dags/kaldata_dag.py
[2026-06-08T15:24:33.141+0000] {processor.py:840} INFO - DAG(s) 'kaldata_scraper' retrieved from /opt/airflow/dags/kaldata_dag.py
[2026-06-08T15:24:34.501+0000] {logging_mixin.py:188} INFO - [2026-06-08T15:24:34.498+0000] {dag.py:3047} INFO - Sync 1 DAGs
[2026-06-08T15:24:34.871+0000] {logging_mixin.py:188} INFO - [2026-06-08T15:24:34.871+0000] {dag.py:3834} INFO - Setting next_dagrun for kaldata_scraper to 2026-06-08 00:00:00+00:00, run_after=2026-06-09 00:00:00+00:00
[2026-06-08T15:24:35.019+0000] {processor.py:183} INFO - Processing /opt/airflow/dags/kaldata_dag.py took 2.543 seconds
[2026-06-08T15:25:05.480+0000] {processor.py:161} INFO - Started process (PID=3389) to work on /opt/airflow/dags/kaldata_dag.py
[2026-06-08T15:25:05.484+0000] {processor.py:830} INFO - Processing file /opt/airflow/dags/kaldata_dag.py for tasks to queue
[2026-06-08T15:25:05.488+0000] {logging_mixin.py:188} INFO - [2026-06-08T15:25:05.487+0000] {dagbag.py:540} INFO - Filling up the DagBag from /opt/airflow/dags/kaldata_dag.py
[2026-06-08T15:25:05.581+0000] {processor.py:840} INFO - DAG(s) 'kaldata_scraper' retrieved from /opt/airflow/dags/kaldata_dag.py
[2026-06-08T15:25:05.671+0000] {logging_mixin.py:188} INFO - [2026-06-08T15:25:05.670+0000] {dag.py:3047} INFO - Sync 1 DAGs
[2026-06-08T15:25:05.815+0000] {logging_mixin.py:188} INFO - [2026-06-08T15:25:05.811+0000] {dag.py:3834} INFO - Setting next_dagrun for kaldata_scraper to 2026-06-08 00:00:00+00:00, run_after=2026-06-09 00:00:00+00:00
[2026-06-08T15:25:05.905+0000] {processor.py:183} INFO - Processing /opt/airflow/dags/kaldata_dag.py took 0.439 seconds
[2026-06-08T15:25:37.285+0000] {processor.py:161} INFO - Started process (PID=3419) to work on /opt/airflow/dags/kaldata_dag.py
[2026-06-08T15:25:37.296+0000] {processor.py:830} INFO - Processing file /opt/airflow/dags/kaldata_dag.py for tasks to queue
[2026-06-08T15:25:37.303+0000] {logging_mixin.py:188} INFO - [2026-06-08T15:25:37.301+0000] {dagbag.py:540} INFO - Filling up the DagBag from /opt/airflow/dags/kaldata_dag.py
[2026-06-08T15:25:37.434+0000] {processor.py:840} INFO - DAG(s) 'kaldata_scraper' retrieved from /opt/airflow/dags/kaldata_dag.py
[2026-06-08T15:25:37.527+0000] {logging_mixin.py:188} INFO - [2026-06-08T15:25:37.526+0000] {dag.py:3047} INFO - Sync 1 DAGs
[2026-06-08T15:25:37.670+0000] {logging_mixin.py:188} INFO - [2026-06-08T15:25:37.669+0000] {dag.py:3834} INFO - Setting next_dagrun for kaldata_scraper to 2026-06-08 00:00:00+00:00, run_after=2026-06-09 00:00:00+00:00
[2026-06-08T15:25:37.747+0000] {processor.py:183} INFO - Processing /opt/airflow/dags/kaldata_dag.py took 0.540 seconds
[2026-06-08T15:26:09.258+0000] {processor.py:161} INFO - Started process (PID=3449) to work on /opt/airflow/dags/kaldata_dag.py
[2026-06-08T15:26:09.260+0000] {processor.py:830} INFO - Processing file /opt/airflow/dags/kaldata_dag.py for tasks to queue
[2026-06-08T15:26:09.265+0000] {logging_mixin.py:188} INFO - [2026-06-08T15:26:09.263+0000] {dagbag.py:540} INFO - Filling up the DagBag from /opt/airflow/dags/kaldata_dag.py
[2026-06-08T15:26:09.348+0000] {processor.py:840} INFO - DAG(s) 'kaldata_scraper' retrieved from /opt/airflow/dags/kaldata_dag.py
[2026-06-08T15:26:09.431+0000] {logging_mixin.py:188} INFO - [2026-06-08T15:26:09.430+0000] {dag.py:3047} INFO - Sync 1 DAGs
[2026-06-08T15:26:09.528+0000] {logging_mixin.py:188} INFO - [2026-06-08T15:26:09.527+0000] {dag.py:3834} INFO - Setting next_dagrun for kaldata_scraper to 2026-06-08 00:00:00+00:00, run_after=2026-06-09 00:00:00+00:00
[2026-06-08T15:26:09.646+0000] {processor.py:183} INFO - Processing /opt/airflow/dags/kaldata_dag.py took 0.404 seconds
[2026-06-08T15:26:42.054+0000] {processor.py:161} INFO - Started process (PID=3479) to work on /opt/airflow/dags/kaldata_dag.py
[2026-06-08T15:26:42.063+0000] {processor.py:830} INFO - Processing file /opt/airflow/dags/kaldata_dag.py for tasks to queue
[2026-06-08T15:26:42.066+0000] {logging_mixin.py:188} INFO - [2026-06-08T15:26:42.065+0000] {dagbag.py:540} INFO - Filling up the DagBag from /opt/airflow/dags/kaldata_dag.py
[2026-06-08T15:26:42.139+0000] {processor.py:840} INFO - DAG(s) 'kaldata_scraper' retrieved from /opt/airflow/dags/kaldata_dag.py
[2026-06-08T15:26:42.225+0000] {logging_mixin.py:188} INFO - [2026-06-08T15:26:42.224+0000] {dag.py:3047} INFO - Sync 1 DAGs
[2026-06-08T15:26:42.341+0000] {logging_mixin.py:188} INFO - [2026-06-08T15:26:42.340+0000] {dag.py:3834} INFO - Setting next_dagrun for kaldata_scraper to 2026-06-08 00:00:00+00:00, run_after=2026-06-09 00:00:00+00:00
[2026-06-08T15:26:42.411+0000] {processor.py:183} INFO - Processing /opt/airflow/dags/kaldata_dag.py took 0.373 seconds
[2026-06-08T15:27:13.636+0000] {processor.py:161} INFO - Started process (PID=3509) to work on /opt/airflow/dags/kaldata_dag.py
[2026-06-08T15:27:13.640+0000] {processor.py:830} INFO - Processing file /opt/airflow/dags/kaldata_dag.py for tasks to queue
[2026-06-08T15:27:13.648+0000] {logging_mixin.py:188} INFO - [2026-06-08T15:27:13.647+0000] {dagbag.py:540} INFO - Filling up the DagBag from /opt/airflow/dags/kaldata_dag.py
[2026-06-08T15:27:13.715+0000] {processor.py:840} INFO - DAG(s) 'kaldata_scraper' retrieved from /opt/airflow/dags/kaldata_dag.py
[2026-06-08T15:27:13.810+0000] {logging_mixin.py:188} INFO - [2026-06-08T15:27:13.810+0000] {dag.py:3047} INFO - Sync 1 DAGs
[2026-06-08T15:27:13.919+0000] {logging_mixin.py:188} INFO - [2026-06-08T15:27:13.918+0000] {dag.py:3834} INFO - Setting next_dagrun for kaldata_scraper to 2026-06-08 00:00:00+00:00, run_after=2026-06-09 00:00:00+00:00
[2026-06-08T15:27:14.004+0000] {processor.py:183} INFO - Processing /opt/airflow/dags/kaldata_dag.py took 0.381 seconds
[2026-06-08T15:27:45.357+0000] {processor.py:161} INFO - Started process (PID=3539) to work on /opt/airflow/dags/kaldata_dag.py
[2026-06-08T15:27:45.362+0000] {processor.py:830} INFO - Processing file /opt/airflow/dags/kaldata_dag.py for tasks to queue
[2026-06-08T15:27:45.367+0000] {logging_mixin.py:188} INFO - [2026-06-08T15:27:45.364+0000] {dagbag.py:540} INFO - Filling up the DagBag from /opt/airflow/dags/kaldata_dag.py
[2026-06-08T15:27:45.446+0000] {processor.py:840} INFO - DAG(s) 'kaldata_scraper' retrieved from /opt/airflow/dags/kaldata_dag.py
[2026-06-08T15:27:45.542+0000] {logging_mixin.py:188} INFO - [2026-06-08T15:27:45.541+0000] {dag.py:3047} INFO - Sync 1 DAGs
[2026-06-08T15:27:45.656+0000] {logging_mixin.py:188} INFO - [2026-06-08T15:27:45.655+0000] {dag.py:3834} INFO - Setting next_dagrun for kaldata_scraper to 2026-06-08 00:00:00+00:00, run_after=2026-06-09 00:00:00+00:00
[2026-06-08T15:27:45.726+0000] {processor.py:183} INFO - Processing /opt/airflow/dags/kaldata_dag.py took 0.385 seconds
[2026-06-08T15:28:16.199+0000] {processor.py:161} INFO - Started process (PID=3569) to work on /opt/airflow/dags/kaldata_dag.py
[2026-06-08T15:28:16.207+0000] {processor.py:830} INFO - Processing file /opt/airflow/dags/kaldata_dag.py for tasks to queue
[2026-06-08T15:28:16.218+0000] {logging_mixin.py:188} INFO - [2026-06-08T15:28:16.217+0000] {dagbag.py:540} INFO - Filling up the DagBag from /opt/airflow/dags/kaldata_dag.py
[2026-06-08T15:28:16.730+0000] {processor.py:840} INFO - DAG(s) 'kaldata_scraper' retrieved from /opt/airflow/dags/kaldata_dag.py
[2026-06-08T15:28:17.041+0000] {logging_mixin.py:188} INFO - [2026-06-08T15:28:17.026+0000] {dag.py:3047} INFO - Sync 1 DAGs
[2026-06-08T15:28:17.869+0000] {logging_mixin.py:188} INFO - [2026-06-08T15:28:17.868+0000] {dag.py:3834} INFO - Setting next_dagrun for kaldata_scraper to 2026-06-08 00:00:00+00:00, run_after=2026-06-09 00:00:00+00:00
[2026-06-08T15:28:18.352+0000] {processor.py:183} INFO - Processing /opt/airflow/dags/kaldata_dag.py took 2.174 seconds
[2026-06-08T15:28:49.997+0000] {processor.py:161} INFO - Started process (PID=3599) to work on /opt/airflow/dags/kaldata_dag.py
[2026-06-08T15:28:50.003+0000] {processor.py:830} INFO - Processing file /opt/airflow/dags/kaldata_dag.py for tasks to queue
[2026-06-08T15:28:50.012+0000] {logging_mixin.py:188} INFO - [2026-06-08T15:28:50.011+0000] {dagbag.py:540} INFO - Filling up the DagBag from /opt/airflow/dags/kaldata_dag.py
[2026-06-08T15:28:50.168+0000] {processor.py:840} INFO - DAG(s) 'kaldata_scraper' retrieved from /opt/airflow/dags/kaldata_dag.py
[2026-06-08T15:28:50.262+0000] {logging_mixin.py:188} INFO - [2026-06-08T15:28:50.261+0000] {dag.py:3047} INFO - Sync 1 DAGs
[2026-06-08T15:28:50.427+0000] {logging_mixin.py:188} INFO - [2026-06-08T15:28:50.427+0000] {dag.py:3834} INFO - Setting next_dagrun for kaldata_scraper to 2026-06-08 00:00:00+00:00, run_after=2026-06-09 00:00:00+00:00
[2026-06-08T15:28:50.543+0000] {processor.py:183} INFO - Processing /opt/airflow/dags/kaldata_dag.py took 0.562 seconds
[2026-06-08T15:29:21.243+0000] {processor.py:161} INFO - Started process (PID=3629) to work on /opt/airflow/dags/kaldata_dag.py
[2026-06-08T15:29:21.247+0000] {processor.py:830} INFO - Processing file /opt/airflow/dags/kaldata_dag.py for tasks to queue
[2026-06-08T15:29:21.254+0000] {logging_mixin.py:188} INFO - [2026-06-08T15:29:21.253+0000] {dagbag.py:540} INFO - Filling up the DagBag from /opt/airflow/dags/kaldata_dag.py
[2026-06-08T15:29:21.341+0000] {processor.py:840} INFO - DAG(s) 'kaldata_scraper' retrieved from /opt/airflow/dags/kaldata_dag.py
[2026-06-08T15:29:21.497+0000] {logging_mixin.py:188} INFO - [2026-06-08T15:29:21.496+0000] {dag.py:3047} INFO - Sync 1 DAGs
[2026-06-08T15:29:21.779+0000] {logging_mixin.py:188} INFO - [2026-06-08T15:29:21.778+0000] {dag.py:3834} INFO - Setting next_dagrun for kaldata_scraper to 2026-06-08 00:00:00+00:00, run_after=2026-06-09 00:00:00+00:00
[2026-06-08T15:29:22.057+0000] {processor.py:183} INFO - Processing /opt/airflow/dags/kaldata_dag.py took 0.831 seconds
[2026-06-08T15:29:53.223+0000] {processor.py:161} INFO - Started process (PID=3659) to work on /opt/airflow/dags/kaldata_dag.py
[2026-06-08T15:29:53.229+0000] {processor.py:830} INFO - Processing file /opt/airflow/dags/kaldata_dag.py for tasks to queue
[2026-06-08T15:29:53.233+0000] {logging_mixin.py:188} INFO - [2026-06-08T15:29:53.231+0000] {dagbag.py:540} INFO - Filling up the DagBag from /opt/airflow/dags/kaldata_dag.py
[2026-06-08T15:29:53.365+0000] {processor.py:840} INFO - DAG(s) 'kaldata_scraper' retrieved from /opt/airflow/dags/kaldata_dag.py
[2026-06-08T15:29:53.473+0000] {logging_mixin.py:188} INFO - [2026-06-08T15:29:53.472+0000] {dag.py:3047} INFO - Sync 1 DAGs
[2026-06-08T15:29:53.605+0000] {logging_mixin.py:188} INFO - [2026-06-08T15:29:53.605+0000] {dag.py:3834} INFO - Setting next_dagrun for kaldata_scraper to 2026-06-08 00:00:00+00:00, run_after=2026-06-09 00:00:00+00:00
[2026-06-08T15:29:53.703+0000] {processor.py:183} INFO - Processing /opt/airflow/dags/kaldata_dag.py took 0.497 seconds
[2026-06-08T15:30:44.393+0000] {processor.py:161} INFO - Started process (PID=3689) to work on /opt/airflow/dags/kaldata_dag.py
[2026-06-08T15:30:45.050+0000] {processor.py:830} INFO - Processing file /opt/airflow/dags/kaldata_dag.py for tasks to queue
[2026-06-08T15:30:45.069+0000] {logging_mixin.py:188} INFO - [2026-06-08T15:30:45.068+0000] {dagbag.py:540} INFO - Filling up the DagBag from /opt/airflow/dags/kaldata_dag.py
[2026-06-08T15:30:54.718+0000] {processor.py:840} INFO - DAG(s) 'kaldata_scraper' retrieved from /opt/airflow/dags/kaldata_dag.py
[2026-06-08T15:30:55.124+0000] {logging_mixin.py:188} INFO - [2026-06-08T15:30:55.123+0000] {dag.py:3047} INFO - Sync 1 DAGs
[2026-06-08T15:30:55.562+0000] {logging_mixin.py:188} INFO - [2026-06-08T15:30:55.562+0000] {dag.py:3834} INFO - Setting next_dagrun for kaldata_scraper to 2026-06-08 00:00:00+00:00, run_after=2026-06-09 00:00:00+00:00
[2026-06-08T15:30:56.285+0000] {processor.py:183} INFO - Processing /opt/airflow/dags/kaldata_dag.py took 12.026 seconds
[2026-06-08T15:31:32.882+0000] {processor.py:161} INFO - Started process (PID=3716) to work on /opt/airflow/dags/kaldata_dag.py
[2026-06-08T15:31:32.926+0000] {processor.py:830} INFO - Processing file /opt/airflow/dags/kaldata_dag.py for tasks to queue
[2026-06-08T15:31:32.949+0000] {logging_mixin.py:188} INFO - [2026-06-08T15:31:32.948+0000] {dagbag.py:540} INFO - Filling up the DagBag from /opt/airflow/dags/kaldata_dag.py
[2026-06-08T15:31:34.144+0000] {processor.py:840} INFO - DAG(s) 'kaldata_scraper' retrieved from /opt/airflow/dags/kaldata_dag.py
[2026-06-08T15:31:34.739+0000] {logging_mixin.py:188} INFO - [2026-06-08T15:31:34.729+0000] {dag.py:3047} INFO - Sync 1 DAGs
[2026-06-08T15:31:35.454+0000] {logging_mixin.py:188} INFO - [2026-06-08T15:31:35.453+0000] {dag.py:3834} INFO - Setting next_dagrun for kaldata_scraper to 2026-06-08 00:00:00+00:00, run_after=2026-06-09 00:00:00+00:00
[2026-06-08T15:31:36.129+0000] {processor.py:183} INFO - Processing /opt/airflow/dags/kaldata_dag.py took 3.287 seconds
[2026-06-08T15:32:07.605+0000] {processor.py:161} INFO - Started process (PID=3746) to work on /opt/airflow/dags/kaldata_dag.py
[2026-06-08T15:32:07.639+0000] {processor.py:830} INFO - Processing file /opt/airflow/dags/kaldata_dag.py for tasks to queue
[2026-06-08T15:32:07.846+0000] {logging_mixin.py:188} INFO - [2026-06-08T15:32:07.845+0000] {dagbag.py:540} INFO - Filling up the DagBag from /opt/airflow/dags/kaldata_dag.py
[2026-06-08T15:32:09.435+0000] {processor.py:840} INFO - DAG(s) 'kaldata_scraper' retrieved from /opt/airflow/dags/kaldata_dag.py
[2026-06-08T15:32:09.615+0000] {logging_mixin.py:188} INFO - [2026-06-08T15:32:09.614+0000] {dag.py:3047} INFO - Sync 1 DAGs
[2026-06-08T15:32:09.873+0000] {logging_mixin.py:188} INFO - [2026-06-08T15:32:09.872+0000] {dag.py:3834} INFO - Setting next_dagrun for kaldata_scraper to 2026-06-08 00:00:00+00:00, run_after=2026-06-09 00:00:00+00:00
[2026-06-08T15:32:10.008+0000] {processor.py:183} INFO - Processing /opt/airflow/dags/kaldata_dag.py took 2.434 seconds
[2026-06-08T15:32:41.498+0000] {processor.py:161} INFO - Started process (PID=3776) to work on /opt/airflow/dags/kaldata_dag.py
[2026-06-08T15:32:41.515+0000] {processor.py:830} INFO - Processing file /opt/airflow/dags/kaldata_dag.py for tasks to queue
[2026-06-08T15:32:41.519+0000] {logging_mixin.py:188} INFO - [2026-06-08T15:32:41.518+0000] {dagbag.py:540} INFO - Filling up the DagBag from /opt/airflow/dags/kaldata_dag.py
[2026-06-08T15:32:41.593+0000] {processor.py:840} INFO - DAG(s) 'kaldata_scraper' retrieved from /opt/airflow/dags/kaldata_dag.py
[2026-06-08T15:32:41.687+0000] {logging_mixin.py:188} INFO - [2026-06-08T15:32:41.686+0000] {dag.py:3047} INFO - Sync 1 DAGs
[2026-06-08T15:32:41.763+0000] {logging_mixin.py:188} INFO - [2026-06-08T15:32:41.762+0000] {dag.py:3834} INFO - Setting next_dagrun for kaldata_scraper to 2026-06-08 00:00:00+00:00, run_after=2026-06-09 00:00:00+00:00
[2026-06-08T15:32:41.828+0000] {processor.py:183} INFO - Processing /opt/airflow/dags/kaldata_dag.py took 0.368 seconds
[2026-06-08T15:33:12.834+0000] {processor.py:161} INFO - Started process (PID=3809) to work on /opt/airflow/dags/kaldata_dag.py
[2026-06-08T15:33:12.839+0000] {processor.py:830} INFO - Processing file /opt/airflow/dags/kaldata_dag.py for tasks to queue
[2026-06-08T15:33:12.844+0000] {logging_mixin.py:188} INFO - [2026-06-08T15:33:12.843+0000] {dagbag.py:540} INFO - Filling up the DagBag from /opt/airflow/dags/kaldata_dag.py
[2026-06-08T15:33:12.945+0000] {processor.py:840} INFO - DAG(s) 'kaldata_scraper' retrieved from /opt/airflow/dags/kaldata_dag.py
[2026-06-08T15:33:13.052+0000] {logging_mixin.py:188} INFO - [2026-06-08T15:33:13.051+0000] {dag.py:3047} INFO - Sync 1 DAGs
[2026-06-08T15:33:13.189+0000] {logging_mixin.py:188} INFO - [2026-06-08T15:33:13.189+0000] {dag.py:3834} INFO - Setting next_dagrun for kaldata_scraper to 2026-06-08 00:00:00+00:00, run_after=2026-06-09 00:00:00+00:00
[2026-06-08T15:33:13.545+0000] {processor.py:183} INFO - Processing /opt/airflow/dags/kaldata_dag.py took 0.729 seconds
[2026-06-08T15:33:50.806+0000] {processor.py:161} INFO - Started process (PID=3839) to work on /opt/airflow/dags/kaldata_dag.py
[2026-06-08T15:33:50.903+0000] {processor.py:830} INFO - Processing file /opt/airflow/dags/kaldata_dag.py for tasks to queue
[2026-06-08T15:33:50.918+0000] {logging_mixin.py:188} INFO - [2026-06-08T15:33:50.917+0000] {dagbag.py:540} INFO - Filling up the DagBag from /opt/airflow/dags/kaldata_dag.py
[2026-06-08T15:33:51.746+0000] {processor.py:840} INFO - DAG(s) 'kaldata_scraper' retrieved from /opt/airflow/dags/kaldata_dag.py
[2026-06-08T15:33:52.003+0000] {logging_mixin.py:188} INFO - [2026-06-08T15:33:52.002+0000] {dag.py:3047} INFO - Sync 1 DAGs
[2026-06-08T15:33:52.402+0000] {logging_mixin.py:188} INFO - [2026-06-08T15:33:52.401+0000] {dag.py:3834} INFO - Setting next_dagrun for kaldata_scraper to 2026-06-08 00:00:00+00:00, run_after=2026-06-09 00:00:00+00:00
[2026-06-08T15:33:53.385+0000] {processor.py:183} INFO - Processing /opt/airflow/dags/kaldata_dag.py took 2.790 seconds
[2026-06-08T15:34:35.879+0000] {processor.py:161} INFO - Started process (PID=3864) to work on /opt/airflow/dags/kaldata_dag.py
[2026-06-08T15:34:36.102+0000] {processor.py:830} INFO - Processing file /opt/airflow/dags/kaldata_dag.py for tasks to queue
[2026-06-08T15:34:36.618+0000] {logging_mixin.py:188} INFO - [2026-06-08T15:34:36.617+0000] {dagbag.py:540} INFO - Filling up the DagBag from /opt/airflow/dags/kaldata_dag.py
[2026-06-08T15:34:43.368+0000] {processor.py:840} INFO - DAG(s) 'kaldata_scraper' retrieved from /opt/airflow/dags/kaldata_dag.py
[2026-06-08T15:34:44.393+0000] {logging_mixin.py:188} INFO - [2026-06-08T15:34:44.392+0000] {dag.py:3047} INFO - Sync 1 DAGs
[2026-06-08T15:34:44.988+0000] {logging_mixin.py:188} INFO - [2026-06-08T15:34:44.988+0000] {dag.py:3834} INFO - Setting next_dagrun for kaldata_scraper to 2026-06-08 00:00:00+00:00, run_after=2026-06-09 00:00:00+00:00
[2026-06-08T15:34:45.258+0000] {processor.py:183} INFO - Processing /opt/airflow/dags/kaldata_dag.py took 9.399 seconds
[2026-06-08T15:35:15.928+0000] {processor.py:161} INFO - Started process (PID=3896) to work on /opt/airflow/dags/kaldata_dag.py
[2026-06-08T15:35:15.941+0000] {processor.py:830} INFO - Processing file /opt/airflow/dags/kaldata_dag.py for tasks to queue
[2026-06-08T15:35:15.959+0000] {logging_mixin.py:188} INFO - [2026-06-08T15:35:15.958+0000] {dagbag.py:540} INFO - Filling up the DagBag from /opt/airflow/dags/kaldata_dag.py
[2026-06-08T15:35:16.225+0000] {processor.py:840} INFO - DAG(s) 'kaldata_scraper' retrieved from /opt/airflow/dags/kaldata_dag.py
[2026-06-08T15:35:16.391+0000] {logging_mixin.py:188} INFO - [2026-06-08T15:35:16.391+0000] {dag.py:3047} INFO - Sync 1 DAGs
[2026-06-08T15:35:16.620+0000] {logging_mixin.py:188} INFO - [2026-06-08T15:35:16.618+0000] {dag.py:3834} INFO - Setting next_dagrun for kaldata_scraper to 2026-06-08 00:00:00+00:00, run_after=2026-06-09 00:00:00+00:00
[2026-06-08T15:35:16.729+0000] {processor.py:183} INFO - Processing /opt/airflow/dags/kaldata_dag.py took 0.822 seconds
[2026-06-08T15:35:47.572+0000] {processor.py:161} INFO - Started process (PID=3926) to work on /opt/airflow/dags/kaldata_dag.py
[2026-06-08T15:35:47.577+0000] {processor.py:830} INFO - Processing file /opt/airflow/dags/kaldata_dag.py for tasks to queue
[2026-06-08T15:35:47.580+0000] {logging_mixin.py:188} INFO - [2026-06-08T15:35:47.579+0000] {dagbag.py:540} INFO - Filling up the DagBag from /opt/airflow/dags/kaldata_dag.py
[2026-06-08T15:35:47.673+0000] {processor.py:840} INFO - DAG(s) 'kaldata_scraper' retrieved from /opt/airflow/dags/kaldata_dag.py
[2026-06-08T15:35:47.782+0000] {logging_mixin.py:188} INFO - [2026-06-08T15:35:47.781+0000] {dag.py:3047} INFO - Sync 1 DAGs
[2026-06-08T15:35:47.887+0000] {logging_mixin.py:188} INFO - [2026-06-08T15:35:47.887+0000] {dag.py:3834} INFO - Setting next_dagrun for kaldata_scraper to 2026-06-08 00:00:00+00:00, run_after=2026-06-09 00:00:00+00:00
[2026-06-08T15:35:47.954+0000] {processor.py:183} INFO - Processing /opt/airflow/dags/kaldata_dag.py took 0.391 seconds
[2026-06-08T15:36:19.750+0000] {processor.py:161} INFO - Started process (PID=3956) to work on /opt/airflow/dags/kaldata_dag.py
[2026-06-08T15:36:19.761+0000] {processor.py:830} INFO - Processing file /opt/airflow/dags/kaldata_dag.py for tasks to queue
[2026-06-08T15:36:19.765+0000] {logging_mixin.py:188} INFO - [2026-06-08T15:36:19.764+0000] {dagbag.py:540} INFO - Filling up the DagBag from /opt/airflow/dags/kaldata_dag.py
[2026-06-08T15:36:19.878+0000] {processor.py:840} INFO - DAG(s) 'kaldata_scraper' retrieved from /opt/airflow/dags/kaldata_dag.py
[2026-06-08T15:36:20.004+0000] {logging_mixin.py:188} INFO - [2026-06-08T15:36:20.003+0000] {dag.py:3047} INFO - Sync 1 DAGs
[2026-06-08T15:36:20.084+0000] {logging_mixin.py:188} INFO - [2026-06-08T15:36:20.083+0000] {dag.py:3834} INFO - Setting next_dagrun for kaldata_scraper to 2026-06-08 00:00:00+00:00, run_after=2026-06-09 00:00:00+00:00
[2026-06-08T15:36:20.150+0000] {processor.py:183} INFO - Processing /opt/airflow/dags/kaldata_dag.py took 0.413 seconds
[2026-06-08T15:36:50.399+0000] {processor.py:161} INFO - Started process (PID=3986) to work on /opt/airflow/dags/kaldata_dag.py
[2026-06-08T15:36:50.404+0000] {processor.py:830} INFO - Processing file /opt/airflow/dags/kaldata_dag.py for tasks to queue
[2026-06-08T15:36:50.411+0000] {logging_mixin.py:188} INFO - [2026-06-08T15:36:50.410+0000] {dagbag.py:540} INFO - Filling up the DagBag from /opt/airflow/dags/kaldata_dag.py
[2026-06-08T15:36:50.504+0000] {processor.py:840} INFO - DAG(s) 'kaldata_scraper' retrieved from /opt/airflow/dags/kaldata_dag.py
[2026-06-08T15:36:50.704+0000] {logging_mixin.py:188} INFO - [2026-06-08T15:36:50.703+0000] {dag.py:3047} INFO - Sync 1 DAGs
[2026-06-08T15:36:50.951+0000] {logging_mixin.py:188} INFO - [2026-06-08T15:36:50.950+0000] {dag.py:3834} INFO - Setting next_dagrun for kaldata_scraper to 2026-06-08 00:00:00+00:00, run_after=2026-06-09 00:00:00+00:00
[2026-06-08T15:36:51.231+0000] {processor.py:183} INFO - Processing /opt/airflow/dags/kaldata_dag.py took 0.848 seconds
[2026-06-08T15:37:23.113+0000] {processor.py:161} INFO - Started process (PID=4016) to work on /opt/airflow/dags/kaldata_dag.py
[2026-06-08T15:37:23.127+0000] {processor.py:830} INFO - Processing file /opt/airflow/dags/kaldata_dag.py for tasks to queue
[2026-06-08T15:37:23.145+0000] {logging_mixin.py:188} INFO - [2026-06-08T15:37:23.132+0000] {dagbag.py:540} INFO - Filling up the DagBag from /opt/airflow/dags/kaldata_dag.py
[2026-06-08T15:37:23.416+0000] {processor.py:840} INFO - DAG(s) 'kaldata_scraper' retrieved from /opt/airflow/dags/kaldata_dag.py
[2026-06-08T15:37:23.721+0000] {logging_mixin.py:188} INFO - [2026-06-08T15:37:23.720+0000] {dag.py:3047} INFO - Sync 1 DAGs
[2026-06-08T15:37:24.009+0000] {logging_mixin.py:188} INFO - [2026-06-08T15:37:24.008+0000] {dag.py:3834} INFO - Setting next_dagrun for kaldata_scraper to 2026-06-08 00:00:00+00:00, run_after=2026-06-09 00:00:00+00:00
[2026-06-08T15:37:24.383+0000] {processor.py:183} INFO - Processing /opt/airflow/dags/kaldata_dag.py took 1.288 seconds
[2026-06-08T15:38:00.015+0000] {processor.py:161} INFO - Started process (PID=4046) to work on /opt/airflow/dags/kaldata_dag.py
[2026-06-08T15:38:00.066+0000] {processor.py:830} INFO - Processing file /opt/airflow/dags/kaldata_dag.py for tasks to queue
[2026-06-08T15:38:00.114+0000] {logging_mixin.py:188} INFO - [2026-06-08T15:38:00.113+0000] {dagbag.py:540} INFO - Filling up the DagBag from /opt/airflow/dags/kaldata_dag.py
[2026-06-08T15:38:01.875+0000] {processor.py:840} INFO - DAG(s) 'kaldata_scraper' retrieved from /opt/airflow/dags/kaldata_dag.py
[2026-06-08T15:38:02.126+0000] {logging_mixin.py:188} INFO - [2026-06-08T15:38:02.126+0000] {dag.py:3047} INFO - Sync 1 DAGs
[2026-06-08T15:38:02.383+0000] {logging_mixin.py:188} INFO - [2026-06-08T15:38:02.370+0000] {dag.py:3834} INFO - Setting next_dagrun for kaldata_scraper to 2026-06-08 00:00:00+00:00, run_after=2026-06-09 00:00:00+00:00
[2026-06-08T15:38:03.340+0000] {processor.py:183} INFO - Processing /opt/airflow/dags/kaldata_dag.py took 3.336 seconds
[2026-06-08T15:38:46.206+0000] {processor.py:161} INFO - Started process (PID=4074) to work on /opt/airflow/dags/kaldata_dag.py
[2026-06-08T15:38:46.346+0000] {processor.py:830} INFO - Processing file /opt/airflow/dags/kaldata_dag.py for tasks to queue
[2026-06-08T15:38:46.399+0000] {logging_mixin.py:188} INFO - [2026-06-08T15:38:46.398+0000] {dagbag.py:540} INFO - Filling up the DagBag from /opt/airflow/dags/kaldata_dag.py
[2026-06-08T15:38:50.428+0000] {processor.py:840} INFO - DAG(s) 'kaldata_scraper' retrieved from /opt/airflow/dags/kaldata_dag.py
[2026-06-08T15:38:50.647+0000] {logging_mixin.py:188} INFO - [2026-06-08T15:38:50.646+0000] {dag.py:3047} INFO - Sync 1 DAGs
[2026-06-08T15:38:50.981+0000] {logging_mixin.py:188} INFO - [2026-06-08T15:38:50.981+0000] {dag.py:3834} INFO - Setting next_dagrun for kaldata_scraper to 2026-06-08 00:00:00+00:00, run_after=2026-06-09 00:00:00+00:00
[2026-06-08T15:38:51.315+0000] {processor.py:183} INFO - Processing /opt/airflow/dags/kaldata_dag.py took 5.138 seconds
[2026-06-08T15:39:23.525+0000] {processor.py:161} INFO - Started process (PID=4106) to work on /opt/airflow/dags/kaldata_dag.py
[2026-06-08T15:39:23.528+0000] {processor.py:830} INFO - Processing file /opt/airflow/dags/kaldata_dag.py for tasks to queue
[2026-06-08T15:39:23.533+0000] {logging_mixin.py:188} INFO - [2026-06-08T15:39:23.532+0000] {dagbag.py:540} INFO - Filling up the DagBag from /opt/airflow/dags/kaldata_dag.py
[2026-06-08T15:39:24.053+0000] {processor.py:840} INFO - DAG(s) 'kaldata_scraper' retrieved from /opt/airflow/dags/kaldata_dag.py
[2026-06-08T15:39:24.286+0000] {logging_mixin.py:188} INFO - [2026-06-08T15:39:24.273+0000] {dag.py:3047} INFO - Sync 1 DAGs
[2026-06-08T15:39:24.541+0000] {logging_mixin.py:188} INFO - [2026-06-08T15:39:24.534+0000] {dag.py:3834} INFO - Setting next_dagrun for kaldata_scraper to 2026-06-08 00:00:00+00:00, run_after=2026-06-09 00:00:00+00:00
[2026-06-08T15:39:24.635+0000] {processor.py:183} INFO - Processing /opt/airflow/dags/kaldata_dag.py took 1.121 seconds
[2026-06-08T15:39:54.908+0000] {processor.py:161} INFO - Started process (PID=4136) to work on /opt/airflow/dags/kaldata_dag.py
[2026-06-08T15:39:54.912+0000] {processor.py:830} INFO - Processing file /opt/airflow/dags/kaldata_dag.py for tasks to queue
[2026-06-08T15:39:54.915+0000] {logging_mixin.py:188} INFO - [2026-06-08T15:39:54.914+0000] {dagbag.py:540} INFO - Filling up the DagBag from /opt/airflow/dags/kaldata_dag.py
[2026-06-08T15:39:54.983+0000] {processor.py:840} INFO - DAG(s) 'kaldata_scraper' retrieved from /opt/airflow/dags/kaldata_dag.py
[2026-06-08T15:39:55.075+0000] {logging_mixin.py:188} INFO - [2026-06-08T15:39:55.075+0000] {dag.py:3047} INFO - Sync 1 DAGs
[2026-06-08T15:39:55.153+0000] {logging_mixin.py:188} INFO - [2026-06-08T15:39:55.153+0000] {dag.py:3834} INFO - Setting next_dagrun for kaldata_scraper to 2026-06-08 00:00:00+00:00, run_after=2026-06-09 00:00:00+00:00
[2026-06-08T15:39:55.225+0000] {processor.py:183} INFO - Processing /opt/airflow/dags/kaldata_dag.py took 0.337 seconds
[2026-06-08T15:40:25.756+0000] {processor.py:161} INFO - Started process (PID=4166) to work on /opt/airflow/dags/kaldata_dag.py
[2026-06-08T15:40:25.761+0000] {processor.py:830} INFO - Processing file /opt/airflow/dags/kaldata_dag.py for tasks to queue
[2026-06-08T15:40:25.771+0000] {logging_mixin.py:188} INFO - [2026-06-08T15:40:25.770+0000] {dagbag.py:540} INFO - Filling up the DagBag from /opt/airflow/dags/kaldata_dag.py
[2026-06-08T15:40:26.002+0000] {processor.py:840} INFO - DAG(s) 'kaldata_scraper' retrieved from /opt/airflow/dags/kaldata_dag.py
[2026-06-08T15:40:26.162+0000] {logging_mixin.py:188} INFO - [2026-06-08T15:40:26.162+0000] {dag.py:3047} INFO - Sync 1 DAGs
[2026-06-08T15:40:26.399+0000] {logging_mixin.py:188} INFO - [2026-06-08T15:40:26.398+0000] {dag.py:3834} INFO - Setting next_dagrun for kaldata_scraper to 2026-06-08 00:00:00+00:00, run_after=2026-06-09 00:00:00+00:00
[2026-06-08T15:40:26.561+0000] {processor.py:183} INFO - Processing /opt/airflow/dags/kaldata_dag.py took 0.821 seconds
[2026-06-08T15:40:57.269+0000] {processor.py:161} INFO - Started process (PID=4194) to work on /opt/airflow/dags/kaldata_dag.py
[2026-06-08T15:40:57.273+0000] {processor.py:830} INFO - Processing file /opt/airflow/dags/kaldata_dag.py for tasks to queue
[2026-06-08T15:40:57.279+0000] {logging_mixin.py:188} INFO - [2026-06-08T15:40:57.278+0000] {dagbag.py:540} INFO - Filling up the DagBag from /opt/airflow/dags/kaldata_dag.py
[2026-06-08T15:40:57.415+0000] {processor.py:840} INFO - DAG(s) 'kaldata_scraper' retrieved from /opt/airflow/dags/kaldata_dag.py
[2026-06-08T15:40:57.559+0000] {logging_mixin.py:188} INFO - [2026-06-08T15:40:57.558+0000] {dag.py:3047} INFO - Sync 1 DAGs
[2026-06-08T15:40:57.669+0000] {logging_mixin.py:188} INFO - [2026-06-08T15:40:57.668+0000] {dag.py:3834} INFO - Setting next_dagrun for kaldata_scraper to 2026-06-08 00:00:00+00:00, run_after=2026-06-09 00:00:00+00:00
[2026-06-08T15:40:57.830+0000] {processor.py:183} INFO - Processing /opt/airflow/dags/kaldata_dag.py took 0.584 seconds
[2026-06-08T15:41:28.320+0000] {processor.py:161} INFO - Started process (PID=4226) to work on /opt/airflow/dags/kaldata_dag.py
[2026-06-08T15:41:28.404+0000] {processor.py:830} INFO - Processing file /opt/airflow/dags/kaldata_dag.py for tasks to queue
[2026-06-08T15:41:28.443+0000] {logging_mixin.py:188} INFO - [2026-06-08T15:41:28.441+0000] {dagbag.py:540} INFO - Filling up the DagBag from /opt/airflow/dags/kaldata_dag.py
[2026-06-08T15:41:28.974+0000] {processor.py:840} INFO - DAG(s) 'kaldata_scraper' retrieved from /opt/airflow/dags/kaldata_dag.py
[2026-06-08T15:41:29.074+0000] {logging_mixin.py:188} INFO - [2026-06-08T15:41:29.073+0000] {dag.py:3047} INFO - Sync 1 DAGs
[2026-06-08T15:41:29.188+0000] {logging_mixin.py:188} INFO - [2026-06-08T15:41:29.187+0000] {dag.py:3834} INFO - Setting next_dagrun for kaldata_scraper to 2026-06-08 00:00:00+00:00, run_after=2026-06-09 00:00:00+00:00
[2026-06-08T15:41:29.309+0000] {processor.py:183} INFO - Processing /opt/airflow/dags/kaldata_dag.py took 1.018 seconds
[2026-06-08T15:42:00.230+0000] {processor.py:161} INFO - Started process (PID=4256) to work on /opt/airflow/dags/kaldata_dag.py
[2026-06-08T15:42:00.233+0000] {processor.py:830} INFO - Processing file /opt/airflow/dags/kaldata_dag.py for tasks to queue
[2026-06-08T15:42:00.236+0000] {logging_mixin.py:188} INFO - [2026-06-08T15:42:00.236+0000] {dagbag.py:540} INFO - Filling up the DagBag from /opt/airflow/dags/kaldata_dag.py
[2026-06-08T15:42:00.299+0000] {processor.py:840} INFO - DAG(s) 'kaldata_scraper' retrieved from /opt/airflow/dags/kaldata_dag.py
[2026-06-08T15:42:00.410+0000] {logging_mixin.py:188} INFO - [2026-06-08T15:42:00.409+0000] {dag.py:3047} INFO - Sync 1 DAGs
[2026-06-08T15:42:00.521+0000] {logging_mixin.py:188} INFO - [2026-06-08T15:42:00.521+0000] {dag.py:3834} INFO - Setting next_dagrun for kaldata_scraper to 2026-06-08 00:00:00+00:00, run_after=2026-06-09 00:00:00+00:00
[2026-06-08T15:42:00.623+0000] {processor.py:183} INFO - Processing /opt/airflow/dags/kaldata_dag.py took 0.408 seconds
[2026-06-08T15:42:31.061+0000] {processor.py:161} INFO - Started process (PID=4286) to work on /opt/airflow/dags/kaldata_dag.py
[2026-06-08T15:42:31.068+0000] {processor.py:830} INFO - Processing file /opt/airflow/dags/kaldata_dag.py for tasks to queue
[2026-06-08T15:42:31.071+0000] {logging_mixin.py:188} INFO - [2026-06-08T15:42:31.070+0000] {dagbag.py:540} INFO - Filling up the DagBag from /opt/airflow/dags/kaldata_dag.py
[2026-06-08T15:42:31.424+0000] {processor.py:840} INFO - DAG(s) 'kaldata_scraper' retrieved from /opt/airflow/dags/kaldata_dag.py
[2026-06-08T15:42:31.631+0000] {logging_mixin.py:188} INFO - [2026-06-08T15:42:31.630+0000] {dag.py:3047} INFO - Sync 1 DAGs
[2026-06-08T15:42:31.870+0000] {logging_mixin.py:188} INFO - [2026-06-08T15:42:31.870+0000] {dag.py:3834} INFO - Setting next_dagrun for kaldata_scraper to 2026-06-08 00:00:00+00:00, run_after=2026-06-09 00:00:00+00:00
[2026-06-08T15:42:32.111+0000] {processor.py:183} INFO - Processing /opt/airflow/dags/kaldata_dag.py took 1.063 seconds
[2026-06-08T15:43:03.156+0000] {processor.py:161} INFO - Started process (PID=4316) to work on /opt/airflow/dags/kaldata_dag.py
[2026-06-08T15:43:03.170+0000] {processor.py:830} INFO - Processing file /opt/airflow/dags/kaldata_dag.py for tasks to queue
[2026-06-08T15:43:03.186+0000] {logging_mixin.py:188} INFO - [2026-06-08T15:43:03.184+0000] {dagbag.py:540} INFO - Filling up the DagBag from /opt/airflow/dags/kaldata_dag.py
[2026-06-08T15:43:03.320+0000] {processor.py:840} INFO - DAG(s) 'kaldata_scraper' retrieved from /opt/airflow/dags/kaldata_dag.py
[2026-06-08T15:43:03.473+0000] {logging_mixin.py:188} INFO - [2026-06-08T15:43:03.470+0000] {dag.py:3047} INFO - Sync 1 DAGs
[2026-06-08T15:43:03.652+0000] {logging_mixin.py:188} INFO - [2026-06-08T15:43:03.651+0000] {dag.py:3834} INFO - Setting next_dagrun for kaldata_scraper to 2026-06-08 00:00:00+00:00, run_after=2026-06-09 00:00:00+00:00
[2026-06-08T15:43:03.814+0000] {processor.py:183} INFO - Processing /opt/airflow/dags/kaldata_dag.py took 0.682 seconds
[2026-06-08T15:43:35.962+0000] {processor.py:161} INFO - Started process (PID=4346) to work on /opt/airflow/dags/kaldata_dag.py
[2026-06-08T15:43:35.967+0000] {processor.py:830} INFO - Processing file /opt/airflow/dags/kaldata_dag.py for tasks to queue
[2026-06-08T15:43:35.972+0000] {logging_mixin.py:188} INFO - [2026-06-08T15:43:35.970+0000] {dagbag.py:540} INFO - Filling up the DagBag from /opt/airflow/dags/kaldata_dag.py
[2026-06-08T15:43:36.065+0000] {processor.py:840} INFO - DAG(s) 'kaldata_scraper' retrieved from /opt/airflow/dags/kaldata_dag.py
[2026-06-08T15:43:36.139+0000] {logging_mixin.py:188} INFO - [2026-06-08T15:43:36.139+0000] {dag.py:3047} INFO - Sync 1 DAGs
[2026-06-08T15:43:36.219+0000] {logging_mixin.py:188} INFO - [2026-06-08T15:43:36.218+0000] {dag.py:3834} INFO - Setting next_dagrun for kaldata_scraper to 2026-06-08 00:00:00+00:00, run_after=2026-06-09 00:00:00+00:00
[2026-06-08T15:43:36.278+0000] {processor.py:183} INFO - Processing /opt/airflow/dags/kaldata_dag.py took 0.327 seconds
[2026-06-08T15:44:10.226+0000] {processor.py:161} INFO - Started process (PID=4374) to work on /opt/airflow/dags/kaldata_dag.py
[2026-06-08T15:44:10.250+0000] {processor.py:830} INFO - Processing file /opt/airflow/dags/kaldata_dag.py for tasks to queue
[2026-06-08T15:44:10.261+0000] {logging_mixin.py:188} INFO - [2026-06-08T15:44:10.260+0000] {dagbag.py:540} INFO - Filling up the DagBag from /opt/airflow/dags/kaldata_dag.py
[2026-06-08T15:44:10.997+0000] {processor.py:840} INFO - DAG(s) 'kaldata_scraper' retrieved from /opt/airflow/dags/kaldata_dag.py
[2026-06-08T15:44:11.201+0000] {logging_mixin.py:188} INFO - [2026-06-08T15:44:11.190+0000] {dag.py:3047} INFO - Sync 1 DAGs
[2026-06-08T15:44:11.371+0000] {logging_mixin.py:188} INFO - [2026-06-08T15:44:11.370+0000] {dag.py:3834} INFO - Setting next_dagrun for kaldata_scraper to 2026-06-08 00:00:00+00:00, run_after=2026-06-09 00:00:00+00:00
[2026-06-08T15:44:11.616+0000] {processor.py:183} INFO - Processing /opt/airflow/dags/kaldata_dag.py took 1.404 seconds
[2026-06-08T15:44:43.215+0000] {processor.py:161} INFO - Started process (PID=4406) to work on /opt/airflow/dags/kaldata_dag.py
[2026-06-08T15:44:43.218+0000] {processor.py:830} INFO - Processing file /opt/airflow/dags/kaldata_dag.py for tasks to queue
[2026-06-08T15:44:43.221+0000] {logging_mixin.py:188} INFO - [2026-06-08T15:44:43.220+0000] {dagbag.py:540} INFO - Filling up the DagBag from /opt/airflow/dags/kaldata_dag.py
[2026-06-08T15:44:43.322+0000] {processor.py:840} INFO - DAG(s) 'kaldata_scraper' retrieved from /opt/airflow/dags/kaldata_dag.py
[2026-06-08T15:44:43.440+0000] {logging_mixin.py:188} INFO - [2026-06-08T15:44:43.438+0000] {dag.py:3047} INFO - Sync 1 DAGs
[2026-06-08T15:44:43.569+0000] {logging_mixin.py:188} INFO - [2026-06-08T15:44:43.568+0000] {dag.py:3834} INFO - Setting next_dagrun for kaldata_scraper to 2026-06-08 00:00:00+00:00, run_after=2026-06-09 00:00:00+00:00
[2026-06-08T15:44:43.676+0000] {processor.py:183} INFO - Processing /opt/airflow/dags/kaldata_dag.py took 0.479 seconds
[2026-06-08T15:45:14.028+0000] {processor.py:161} INFO - Started process (PID=4436) to work on /opt/airflow/dags/kaldata_dag.py
[2026-06-08T15:45:14.031+0000] {processor.py:830} INFO - Processing file /opt/airflow/dags/kaldata_dag.py for tasks to queue
[2026-06-08T15:45:14.034+0000] {logging_mixin.py:188} INFO - [2026-06-08T15:45:14.033+0000] {dagbag.py:540} INFO - Filling up the DagBag from /opt/airflow/dags/kaldata_dag.py
[2026-06-08T15:45:14.113+0000] {processor.py:840} INFO - DAG(s) 'kaldata_scraper' retrieved from /opt/airflow/dags/kaldata_dag.py
[2026-06-08T15:45:14.213+0000] {logging_mixin.py:188} INFO - [2026-06-08T15:45:14.212+0000] {dag.py:3047} INFO - Sync 1 DAGs
[2026-06-08T15:45:14.318+0000] {logging_mixin.py:188} INFO - [2026-06-08T15:45:14.317+0000] {dag.py:3834} INFO - Setting next_dagrun for kaldata_scraper to 2026-06-08 00:00:00+00:00, run_after=2026-06-09 00:00:00+00:00
[2026-06-08T15:45:14.427+0000] {processor.py:183} INFO - Processing /opt/airflow/dags/kaldata_dag.py took 0.412 seconds
[2026-06-08T15:45:45.893+0000] {processor.py:161} INFO - Started process (PID=4466) to work on /opt/airflow/dags/kaldata_dag.py
[2026-06-08T15:45:45.898+0000] {processor.py:830} INFO - Processing file /opt/airflow/dags/kaldata_dag.py for tasks to queue
[2026-06-08T15:45:45.901+0000] {logging_mixin.py:188} INFO - [2026-06-08T15:45:45.900+0000] {dagbag.py:540} INFO - Filling up the DagBag from /opt/airflow/dags/kaldata_dag.py
[2026-06-08T15:45:46.008+0000] {processor.py:840} INFO - DAG(s) 'kaldata_scraper' retrieved from /opt/airflow/dags/kaldata_dag.py
[2026-06-08T15:45:46.141+0000] {logging_mixin.py:188} INFO - [2026-06-08T15:45:46.140+0000] {dag.py:3047} INFO - Sync 1 DAGs
[2026-06-08T15:45:46.268+0000] {logging_mixin.py:188} INFO - [2026-06-08T15:45:46.266+0000] {dag.py:3834} INFO - Setting next_dagrun for kaldata_scraper to 2026-06-08 00:00:00+00:00, run_after=2026-06-09 00:00:00+00:00
[2026-06-08T15:45:46.370+0000] {processor.py:183} INFO - Processing /opt/airflow/dags/kaldata_dag.py took 0.492 seconds
[2026-06-08T15:46:17.386+0000] {processor.py:161} INFO - Started process (PID=4496) to work on /opt/airflow/dags/kaldata_dag.py
[2026-06-08T15:46:17.391+0000] {processor.py:830} INFO - Processing file /opt/airflow/dags/kaldata_dag.py for tasks to queue
[2026-06-08T15:46:17.395+0000] {logging_mixin.py:188} INFO - [2026-06-08T15:46:17.394+0000] {dagbag.py:540} INFO - Filling up the DagBag from /opt/airflow/dags/kaldata_dag.py
[2026-06-08T15:46:17.506+0000] {processor.py:840} INFO - DAG(s) 'kaldata_scraper' retrieved from /opt/airflow/dags/kaldata_dag.py
[2026-06-08T15:46:17.677+0000] {logging_mixin.py:188} INFO - [2026-06-08T15:46:17.676+0000] {dag.py:3047} INFO - Sync 1 DAGs
[2026-06-08T15:46:17.972+0000] {logging_mixin.py:188} INFO - [2026-06-08T15:46:17.964+0000] {dag.py:3834} INFO - Setting next_dagrun for kaldata_scraper to 2026-06-08 00:00:00+00:00, run_after=2026-06-09 00:00:00+00:00
[2026-06-08T15:46:18.604+0000] {processor.py:183} INFO - Processing /opt/airflow/dags/kaldata_dag.py took 1.230 seconds
[2026-06-08T15:46:49.309+0000] {processor.py:161} INFO - Started process (PID=4526) to work on /opt/airflow/dags/kaldata_dag.py
[2026-06-08T15:46:49.316+0000] {processor.py:830} INFO - Processing file /opt/airflow/dags/kaldata_dag.py for tasks to queue
[2026-06-08T15:46:49.321+0000] {logging_mixin.py:188} INFO - [2026-06-08T15:46:49.320+0000] {dagbag.py:540} INFO - Filling up the DagBag from /opt/airflow/dags/kaldata_dag.py
[2026-06-08T15:46:50.479+0000] {processor.py:840} INFO - DAG(s) 'kaldata_scraper' retrieved from /opt/airflow/dags/kaldata_dag.py
[2026-06-08T15:46:50.748+0000] {logging_mixin.py:188} INFO - [2026-06-08T15:46:50.747+0000] {dag.py:3047} INFO - Sync 1 DAGs
[2026-06-08T15:46:50.962+0000] {logging_mixin.py:188} INFO - [2026-06-08T15:46:50.952+0000] {dag.py:3834} INFO - Setting next_dagrun for kaldata_scraper to 2026-06-08 00:00:00+00:00, run_after=2026-06-09 00:00:00+00:00
[2026-06-08T15:46:51.103+0000] {processor.py:183} INFO - Processing /opt/airflow/dags/kaldata_dag.py took 1.838 seconds
[2026-06-08T15:47:21.751+0000] {processor.py:161} INFO - Started process (PID=4556) to work on /opt/airflow/dags/kaldata_dag.py
[2026-06-08T15:47:21.758+0000] {processor.py:830} INFO - Processing file /opt/airflow/dags/kaldata_dag.py for tasks to queue
[2026-06-08T15:47:21.761+0000] {logging_mixin.py:188} INFO - [2026-06-08T15:47:21.760+0000] {dagbag.py:540} INFO - Filling up the DagBag from /opt/airflow/dags/kaldata_dag.py
[2026-06-08T15:47:21.826+0000] {processor.py:840} INFO - DAG(s) 'kaldata_scraper' retrieved from /opt/airflow/dags/kaldata_dag.py
[2026-06-08T15:47:21.924+0000] {logging_mixin.py:188} INFO - [2026-06-08T15:47:21.924+0000] {dag.py:3047} INFO - Sync 1 DAGs
[2026-06-08T15:47:22.001+0000] {logging_mixin.py:188} INFO - [2026-06-08T15:47:22.000+0000] {dag.py:3834} INFO - Setting next_dagrun for kaldata_scraper to 2026-06-08 00:00:00+00:00, run_after=2026-06-09 00:00:00+00:00
[2026-06-08T15:47:22.067+0000] {processor.py:183} INFO - Processing /opt/airflow/dags/kaldata_dag.py took 0.331 seconds
[2026-06-08T15:47:52.405+0000] {processor.py:161} INFO - Started process (PID=4586) to work on /opt/airflow/dags/kaldata_dag.py
[2026-06-08T15:47:52.408+0000] {processor.py:830} INFO - Processing file /opt/airflow/dags/kaldata_dag.py for tasks to queue
[2026-06-08T15:47:52.413+0000] {logging_mixin.py:188} INFO - [2026-06-08T15:47:52.412+0000] {dagbag.py:540} INFO - Filling up the DagBag from /opt/airflow/dags/kaldata_dag.py
[2026-06-08T15:47:52.489+0000] {processor.py:840} INFO - DAG(s) 'kaldata_scraper' retrieved from /opt/airflow/dags/kaldata_dag.py
[2026-06-08T15:47:52.569+0000] {logging_mixin.py:188} INFO - [2026-06-08T15:47:52.568+0000] {dag.py:3047} INFO - Sync 1 DAGs
[2026-06-08T15:47:52.703+0000] {logging_mixin.py:188} INFO - [2026-06-08T15:47:52.702+0000] {dag.py:3834} INFO - Setting next_dagrun for kaldata_scraper to 2026-06-08 00:00:00+00:00, run_after=2026-06-09 00:00:00+00:00
[2026-06-08T15:47:52.844+0000] {processor.py:183} INFO - Processing /opt/airflow/dags/kaldata_dag.py took 0.458 seconds
[2026-06-08T15:48:23.586+0000] {processor.py:161} INFO - Started process (PID=4616) to work on /opt/airflow/dags/kaldata_dag.py
[2026-06-08T15:48:23.590+0000] {processor.py:830} INFO - Processing file /opt/airflow/dags/kaldata_dag.py for tasks to queue
[2026-06-08T15:48:23.593+0000] {logging_mixin.py:188} INFO - [2026-06-08T15:48:23.592+0000] {dagbag.py:540} INFO - Filling up the DagBag from /opt/airflow/dags/kaldata_dag.py
[2026-06-08T15:48:23.663+0000] {processor.py:840} INFO - DAG(s) 'kaldata_scraper' retrieved from /opt/airflow/dags/kaldata_dag.py
[2026-06-08T15:48:23.748+0000] {logging_mixin.py:188} INFO - [2026-06-08T15:48:23.747+0000] {dag.py:3047} INFO - Sync 1 DAGs
[2026-06-08T15:48:23.840+0000] {logging_mixin.py:188} INFO - [2026-06-08T15:48:23.840+0000] {dag.py:3834} INFO - Setting next_dagrun for kaldata_scraper to 2026-06-08 00:00:00+00:00, run_after=2026-06-09 00:00:00+00:00
[2026-06-08T15:48:23.911+0000] {processor.py:183} INFO - Processing /opt/airflow/dags/kaldata_dag.py took 0.336 seconds
[2026-06-08T15:48:54.483+0000] {processor.py:161} INFO - Started process (PID=4646) to work on /opt/airflow/dags/kaldata_dag.py
[2026-06-08T15:48:54.489+0000] {processor.py:830} INFO - Processing file /opt/airflow/dags/kaldata_dag.py for tasks to queue
[2026-06-08T15:48:54.498+0000] {logging_mixin.py:188} INFO - [2026-06-08T15:48:54.496+0000] {dagbag.py:540} INFO - Filling up the DagBag from /opt/airflow/dags/kaldata_dag.py
[2026-06-08T15:48:54.639+0000] {processor.py:840} INFO - DAG(s) 'kaldata_scraper' retrieved from /opt/airflow/dags/kaldata_dag.py
[2026-06-08T15:48:54.836+0000] {logging_mixin.py:188} INFO - [2026-06-08T15:48:54.835+0000] {dag.py:3047} INFO - Sync 1 DAGs
[2026-06-08T15:48:55.198+0000] {logging_mixin.py:188} INFO - [2026-06-08T15:48:55.197+0000] {dag.py:3834} INFO - Setting next_dagrun for kaldata_scraper to 2026-06-08 00:00:00+00:00, run_after=2026-06-09 00:00:00+00:00
[2026-06-08T15:48:55.771+0000] {processor.py:183} INFO - Processing /opt/airflow/dags/kaldata_dag.py took 1.308 seconds
[2026-06-08T15:49:26.967+0000] {processor.py:161} INFO - Started process (PID=4676) to work on /opt/airflow/dags/kaldata_dag.py
[2026-06-08T15:49:26.972+0000] {processor.py:830} INFO - Processing file /opt/airflow/dags/kaldata_dag.py for tasks to queue
[2026-06-08T15:49:26.975+0000] {logging_mixin.py:188} INFO - [2026-06-08T15:49:26.974+0000] {dagbag.py:540} INFO - Filling up the DagBag from /opt/airflow/dags/kaldata_dag.py
[2026-06-08T15:49:27.071+0000] {processor.py:840} INFO - DAG(s) 'kaldata_scraper' retrieved from /opt/airflow/dags/kaldata_dag.py
[2026-06-08T15:49:27.190+0000] {logging_mixin.py:188} INFO - [2026-06-08T15:49:27.190+0000] {dag.py:3047} INFO - Sync 1 DAGs
[2026-06-08T15:49:27.279+0000] {logging_mixin.py:188} INFO - [2026-06-08T15:49:27.279+0000] {dag.py:3834} INFO - Setting next_dagrun for kaldata_scraper to 2026-06-08 00:00:00+00:00, run_after=2026-06-09 00:00:00+00:00
[2026-06-08T15:49:27.342+0000] {processor.py:183} INFO - Processing /opt/airflow/dags/kaldata_dag.py took 0.388 seconds
[2026-06-08T15:49:57.847+0000] {processor.py:161} INFO - Started process (PID=4706) to work on /opt/airflow/dags/kaldata_dag.py
[2026-06-08T15:49:57.850+0000] {processor.py:830} INFO - Processing file /opt/airflow/dags/kaldata_dag.py for tasks to queue
[2026-06-08T15:49:57.854+0000] {logging_mixin.py:188} INFO - [2026-06-08T15:49:57.853+0000] {dagbag.py:540} INFO - Filling up the DagBag from /opt/airflow/dags/kaldata_dag.py
[2026-06-08T15:49:57.932+0000] {processor.py:840} INFO - DAG(s) 'kaldata_scraper' retrieved from /opt/airflow/dags/kaldata_dag.py
[2026-06-08T15:49:58.026+0000] {logging_mixin.py:188} INFO - [2026-06-08T15:49:58.025+0000] {dag.py:3047} INFO - Sync 1 DAGs
[2026-06-08T15:49:58.135+0000] {logging_mixin.py:188} INFO - [2026-06-08T15:49:58.134+0000] {dag.py:3834} INFO - Setting next_dagrun for kaldata_scraper to 2026-06-08 00:00:00+00:00, run_after=2026-06-09 00:00:00+00:00
[2026-06-08T15:49:58.245+0000] {processor.py:183} INFO - Processing /opt/airflow/dags/kaldata_dag.py took 0.410 seconds
[2026-06-08T15:50:28.618+0000] {processor.py:161} INFO - Started process (PID=4736) to work on /opt/airflow/dags/kaldata_dag.py
[2026-06-08T15:50:28.623+0000] {processor.py:830} INFO - Processing file /opt/airflow/dags/kaldata_dag.py for tasks to queue
[2026-06-08T15:50:28.628+0000] {logging_mixin.py:188} INFO - [2026-06-08T15:50:28.627+0000] {dagbag.py:540} INFO - Filling up the DagBag from /opt/airflow/dags/kaldata_dag.py
[2026-06-08T15:50:28.757+0000] {processor.py:840} INFO - DAG(s) 'kaldata_scraper' retrieved from /opt/airflow/dags/kaldata_dag.py
[2026-06-08T15:50:28.998+0000] {logging_mixin.py:188} INFO - [2026-06-08T15:50:28.998+0000] {dag.py:3047} INFO - Sync 1 DAGs
[2026-06-08T15:50:29.101+0000] {logging_mixin.py:188} INFO - [2026-06-08T15:50:29.100+0000] {dag.py:3834} INFO - Setting next_dagrun for kaldata_scraper to 2026-06-08 00:00:00+00:00, run_after=2026-06-09 00:00:00+00:00
[2026-06-08T15:50:29.180+0000] {processor.py:183} INFO - Processing /opt/airflow/dags/kaldata_dag.py took 0.576 seconds
[2026-06-08T15:50:59.785+0000] {processor.py:161} INFO - Started process (PID=4766) to work on /opt/airflow/dags/kaldata_dag.py
[2026-06-08T15:50:59.801+0000] {processor.py:830} INFO - Processing file /opt/airflow/dags/kaldata_dag.py for tasks to queue
[2026-06-08T15:50:59.818+0000] {logging_mixin.py:188} INFO - [2026-06-08T15:50:59.817+0000] {dagbag.py:540} INFO - Filling up the DagBag from /opt/airflow/dags/kaldata_dag.py
[2026-06-08T15:50:59.971+0000] {processor.py:840} INFO - DAG(s) 'kaldata_scraper' retrieved from /opt/airflow/dags/kaldata_dag.py
[2026-06-08T15:51:00.170+0000] {logging_mixin.py:188} INFO - [2026-06-08T15:51:00.169+0000] {dag.py:3047} INFO - Sync 1 DAGs
[2026-06-08T15:51:00.387+0000] {logging_mixin.py:188} INFO - [2026-06-08T15:51:00.386+0000] {dag.py:3834} INFO - Setting next_dagrun for kaldata_scraper to 2026-06-08 00:00:00+00:00, run_after=2026-06-09 00:00:00+00:00
[2026-06-08T15:51:00.562+0000] {processor.py:183} INFO - Processing /opt/airflow/dags/kaldata_dag.py took 0.809 seconds
[2026-06-08T15:51:30.978+0000] {processor.py:161} INFO - Started process (PID=4794) to work on /opt/airflow/dags/kaldata_dag.py
[2026-06-08T15:51:30.984+0000] {processor.py:830} INFO - Processing file /opt/airflow/dags/kaldata_dag.py for tasks to queue
[2026-06-08T15:51:30.996+0000] {logging_mixin.py:188} INFO - [2026-06-08T15:51:30.995+0000] {dagbag.py:540} INFO - Filling up the DagBag from /opt/airflow/dags/kaldata_dag.py
[2026-06-08T15:51:31.204+0000] {processor.py:840} INFO - DAG(s) 'kaldata_scraper' retrieved from /opt/airflow/dags/kaldata_dag.py
[2026-06-08T15:51:31.461+0000] {logging_mixin.py:188} INFO - [2026-06-08T15:51:31.460+0000] {dag.py:3047} INFO - Sync 1 DAGs
[2026-06-08T15:51:31.556+0000] {logging_mixin.py:188} INFO - [2026-06-08T15:51:31.555+0000] {dag.py:3834} INFO - Setting next_dagrun for kaldata_scraper to 2026-06-08 00:00:00+00:00, run_after=2026-06-09 00:00:00+00:00
[2026-06-08T15:51:31.622+0000] {processor.py:183} INFO - Processing /opt/airflow/dags/kaldata_dag.py took 0.677 seconds
[2026-06-08T15:52:02.440+0000] {processor.py:161} INFO - Started process (PID=4826) to work on /opt/airflow/dags/kaldata_dag.py
[2026-06-08T15:52:02.448+0000] {processor.py:830} INFO - Processing file /opt/airflow/dags/kaldata_dag.py for tasks to queue
[2026-06-08T15:52:02.457+0000] {logging_mixin.py:188} INFO - [2026-06-08T15:52:02.455+0000] {dagbag.py:540} INFO - Filling up the DagBag from /opt/airflow/dags/kaldata_dag.py
[2026-06-08T15:52:02.566+0000] {processor.py:840} INFO - DAG(s) 'kaldata_scraper' retrieved from /opt/airflow/dags/kaldata_dag.py
[2026-06-08T15:52:02.708+0000] {logging_mixin.py:188} INFO - [2026-06-08T15:52:02.708+0000] {dag.py:3047} INFO - Sync 1 DAGs
[2026-06-08T15:52:02.782+0000] {logging_mixin.py:188} INFO - [2026-06-08T15:52:02.781+0000] {dag.py:3834} INFO - Setting next_dagrun for kaldata_scraper to 2026-06-08 00:00:00+00:00, run_after=2026-06-09 00:00:00+00:00
[2026-06-08T15:52:02.869+0000] {processor.py:183} INFO - Processing /opt/airflow/dags/kaldata_dag.py took 0.452 seconds
[2026-06-08T15:52:35.443+0000] {processor.py:161} INFO - Started process (PID=4854) to work on /opt/airflow/dags/kaldata_dag.py
[2026-06-08T15:52:35.477+0000] {processor.py:830} INFO - Processing file /opt/airflow/dags/kaldata_dag.py for tasks to queue
[2026-06-08T15:52:35.523+0000] {logging_mixin.py:188} INFO - [2026-06-08T15:52:35.522+0000] {dagbag.py:540} INFO - Filling up the DagBag from /opt/airflow/dags/kaldata_dag.py
[2026-06-08T15:52:35.755+0000] {processor.py:840} INFO - DAG(s) 'kaldata_scraper' retrieved from /opt/airflow/dags/kaldata_dag.py
[2026-06-08T15:52:36.011+0000] {logging_mixin.py:188} INFO - [2026-06-08T15:52:36.011+0000] {dag.py:3047} INFO - Sync 1 DAGs
[2026-06-08T15:52:36.274+0000] {logging_mixin.py:188} INFO - [2026-06-08T15:52:36.274+0000] {dag.py:3834} INFO - Setting next_dagrun for kaldata_scraper to 2026-06-08 00:00:00+00:00, run_after=2026-06-09 00:00:00+00:00
[2026-06-08T15:52:36.597+0000] {processor.py:183} INFO - Processing /opt/airflow/dags/kaldata_dag.py took 1.208 seconds
[2026-06-08T15:53:13.388+0000] {processor.py:161} INFO - Started process (PID=4881) to work on /opt/airflow/dags/kaldata_dag.py
[2026-06-08T15:53:13.416+0000] {processor.py:830} INFO - Processing file /opt/airflow/dags/kaldata_dag.py for tasks to queue
[2026-06-08T15:53:13.428+0000] {logging_mixin.py:188} INFO - [2026-06-08T15:53:13.426+0000] {dagbag.py:540} INFO - Filling up the DagBag from /opt/airflow/dags/kaldata_dag.py
[2026-06-08T15:53:14.398+0000] {processor.py:840} INFO - DAG(s) 'kaldata_scraper' retrieved from /opt/airflow/dags/kaldata_dag.py
[2026-06-08T15:53:14.624+0000] {logging_mixin.py:188} INFO - [2026-06-08T15:53:14.612+0000] {dag.py:3047} INFO - Sync 1 DAGs
[2026-06-08T15:53:14.887+0000] {logging_mixin.py:188} INFO - [2026-06-08T15:53:14.886+0000] {dag.py:3834} INFO - Setting next_dagrun for kaldata_scraper to 2026-06-08 00:00:00+00:00, run_after=2026-06-09 00:00:00+00:00
[2026-06-08T15:53:15.311+0000] {processor.py:183} INFO - Processing /opt/airflow/dags/kaldata_dag.py took 1.944 seconds
[2026-06-08T15:53:47.750+0000] {processor.py:161} INFO - Started process (PID=4911) to work on /opt/airflow/dags/kaldata_dag.py
[2026-06-08T15:53:47.776+0000] {processor.py:830} INFO - Processing file /opt/airflow/dags/kaldata_dag.py for tasks to queue
[2026-06-08T15:53:47.783+0000] {logging_mixin.py:188} INFO - [2026-06-08T15:53:47.782+0000] {dagbag.py:540} INFO - Filling up the DagBag from /opt/airflow/dags/kaldata_dag.py
[2026-06-08T15:53:48.771+0000] {processor.py:840} INFO - DAG(s) 'kaldata_scraper' retrieved from /opt/airflow/dags/kaldata_dag.py
[2026-06-08T15:53:49.257+0000] {logging_mixin.py:188} INFO - [2026-06-08T15:53:49.256+0000] {dag.py:3047} INFO - Sync 1 DAGs
[2026-06-08T15:53:49.563+0000] {logging_mixin.py:188} INFO - [2026-06-08T15:53:49.562+0000] {dag.py:3834} INFO - Setting next_dagrun for kaldata_scraper to 2026-06-08 00:00:00+00:00, run_after=2026-06-09 00:00:00+00:00
[2026-06-08T15:53:49.880+0000] {processor.py:183} INFO - Processing /opt/airflow/dags/kaldata_dag.py took 2.150 seconds
[2026-06-08T15:54:20.616+0000] {processor.py:161} INFO - Started process (PID=4941) to work on /opt/airflow/dags/kaldata_dag.py
[2026-06-08T15:54:20.645+0000] {processor.py:830} INFO - Processing file /opt/airflow/dags/kaldata_dag.py for tasks to queue
[2026-06-08T15:54:20.695+0000] {logging_mixin.py:188} INFO - [2026-06-08T15:54:20.694+0000] {dagbag.py:540} INFO - Filling up the DagBag from /opt/airflow/dags/kaldata_dag.py
[2026-06-08T15:54:20.974+0000] {processor.py:840} INFO - DAG(s) 'kaldata_scraper' retrieved from /opt/airflow/dags/kaldata_dag.py
[2026-06-08T15:54:21.147+0000] {logging_mixin.py:188} INFO - [2026-06-08T15:54:21.146+0000] {dag.py:3047} INFO - Sync 1 DAGs
[2026-06-08T15:54:21.314+0000] {logging_mixin.py:188} INFO - [2026-06-08T15:54:21.313+0000] {dag.py:3834} INFO - Setting next_dagrun for kaldata_scraper to 2026-06-08 00:00:00+00:00, run_after=2026-06-09 00:00:00+00:00
[2026-06-08T15:54:21.505+0000] {processor.py:183} INFO - Processing /opt/airflow/dags/kaldata_dag.py took 0.911 seconds
[2026-06-08T15:54:52.093+0000] {processor.py:161} INFO - Started process (PID=4971) to work on /opt/airflow/dags/kaldata_dag.py
[2026-06-08T15:54:52.099+0000] {processor.py:830} INFO - Processing file /opt/airflow/dags/kaldata_dag.py for tasks to queue
[2026-06-08T15:54:52.108+0000] {logging_mixin.py:188} INFO - [2026-06-08T15:54:52.106+0000] {dagbag.py:540} INFO - Filling up the DagBag from /opt/airflow/dags/kaldata_dag.py
[2026-06-08T15:54:52.212+0000] {processor.py:840} INFO - DAG(s) 'kaldata_scraper' retrieved from /opt/airflow/dags/kaldata_dag.py
[2026-06-08T15:54:52.352+0000] {logging_mixin.py:188} INFO - [2026-06-08T15:54:52.352+0000] {dag.py:3047} INFO - Sync 1 DAGs
[2026-06-08T15:54:52.615+0000] {logging_mixin.py:188} INFO - [2026-06-08T15:54:52.614+0000] {dag.py:3834} INFO - Setting next_dagrun for kaldata_scraper to 2026-06-08 00:00:00+00:00, run_after=2026-06-09 00:00:00+00:00
[2026-06-08T15:54:53.040+0000] {processor.py:183} INFO - Processing /opt/airflow/dags/kaldata_dag.py took 0.961 seconds
[2026-06-08T15:55:23.670+0000] {processor.py:161} INFO - Started process (PID=5001) to work on /opt/airflow/dags/kaldata_dag.py
[2026-06-08T15:55:23.739+0000] {processor.py:830} INFO - Processing file /opt/airflow/dags/kaldata_dag.py for tasks to queue
[2026-06-08T15:55:23.755+0000] {logging_mixin.py:188} INFO - [2026-06-08T15:55:23.754+0000] {dagbag.py:540} INFO - Filling up the DagBag from /opt/airflow/dags/kaldata_dag.py
[2026-06-08T15:55:26.034+0000] {processor.py:840} INFO - DAG(s) 'kaldata_scraper' retrieved from /opt/airflow/dags/kaldata_dag.py
[2026-06-08T15:55:26.327+0000] {logging_mixin.py:188} INFO - [2026-06-08T15:55:26.327+0000] {dag.py:3047} INFO - Sync 1 DAGs
[2026-06-08T15:55:26.594+0000] {logging_mixin.py:188} INFO - [2026-06-08T15:55:26.593+0000] {dag.py:3834} INFO - Setting next_dagrun for kaldata_scraper to 2026-06-08 00:00:00+00:00, run_after=2026-06-09 00:00:00+00:00
[2026-06-08T15:55:27.583+0000] {processor.py:183} INFO - Processing /opt/airflow/dags/kaldata_dag.py took 3.936 seconds
[2026-06-08T15:55:59.291+0000] {processor.py:161} INFO - Started process (PID=5031) to work on /opt/airflow/dags/kaldata_dag.py
[2026-06-08T15:55:59.294+0000] {processor.py:830} INFO - Processing file /opt/airflow/dags/kaldata_dag.py for tasks to queue
[2026-06-08T15:55:59.297+0000] {logging_mixin.py:188} INFO - [2026-06-08T15:55:59.297+0000] {dagbag.py:540} INFO - Filling up the DagBag from /opt/airflow/dags/kaldata_dag.py
[2026-06-08T15:55:59.361+0000] {processor.py:840} INFO - DAG(s) 'kaldata_scraper' retrieved from /opt/airflow/dags/kaldata_dag.py
[2026-06-08T15:55:59.438+0000] {logging_mixin.py:188} INFO - [2026-06-08T15:55:59.438+0000] {dag.py:3047} INFO - Sync 1 DAGs
[2026-06-08T15:55:59.526+0000] {logging_mixin.py:188} INFO - [2026-06-08T15:55:59.523+0000] {dag.py:3834} INFO - Setting next_dagrun for kaldata_scraper to 2026-06-08 00:00:00+00:00, run_after=2026-06-09 00:00:00+00:00
[2026-06-08T15:55:59.586+0000] {processor.py:183} INFO - Processing /opt/airflow/dags/kaldata_dag.py took 0.306 seconds
[2026-06-08T15:56:30.035+0000] {processor.py:161} INFO - Started process (PID=5061) to work on /opt/airflow/dags/kaldata_dag.py
[2026-06-08T15:56:30.045+0000] {processor.py:830} INFO - Processing file /opt/airflow/dags/kaldata_dag.py for tasks to queue
[2026-06-08T15:56:30.048+0000] {logging_mixin.py:188} INFO - [2026-06-08T15:56:30.047+0000] {dagbag.py:540} INFO - Filling up the DagBag from /opt/airflow/dags/kaldata_dag.py
[2026-06-08T15:56:30.146+0000] {processor.py:840} INFO - DAG(s) 'kaldata_scraper' retrieved from /opt/airflow/dags/kaldata_dag.py
[2026-06-08T15:56:30.233+0000] {logging_mixin.py:188} INFO - [2026-06-08T15:56:30.232+0000] {dag.py:3047} INFO - Sync 1 DAGs
[2026-06-08T15:56:30.451+0000] {logging_mixin.py:188} INFO - [2026-06-08T15:56:30.450+0000] {dag.py:3834} INFO - Setting next_dagrun for kaldata_scraper to 2026-06-08 00:00:00+00:00, run_after=2026-06-09 00:00:00+00:00
[2026-06-08T15:56:30.519+0000] {processor.py:183} INFO - Processing /opt/airflow/dags/kaldata_dag.py took 0.500 seconds
[2026-06-08T15:57:01.208+0000] {processor.py:161} INFO - Started process (PID=5091) to work on /opt/airflow/dags/kaldata_dag.py
[2026-06-08T15:57:01.211+0000] {processor.py:830} INFO - Processing file /opt/airflow/dags/kaldata_dag.py for tasks to queue
[2026-06-08T15:57:01.214+0000] {logging_mixin.py:188} INFO - [2026-06-08T15:57:01.213+0000] {dagbag.py:540} INFO - Filling up the DagBag from /opt/airflow/dags/kaldata_dag.py
[2026-06-08T15:57:01.284+0000] {processor.py:840} INFO - DAG(s) 'kaldata_scraper' retrieved from /opt/airflow/dags/kaldata_dag.py
[2026-06-08T15:57:01.373+0000] {logging_mixin.py:188} INFO - [2026-06-08T15:57:01.372+0000] {dag.py:3047} INFO - Sync 1 DAGs
[2026-06-08T15:57:01.561+0000] {logging_mixin.py:188} INFO - [2026-06-08T15:57:01.561+0000] {dag.py:3834} INFO - Setting next_dagrun for kaldata_scraper to 2026-06-08 00:00:00+00:00, run_after=2026-06-09 00:00:00+00:00
[2026-06-08T15:57:01.731+0000] {processor.py:183} INFO - Processing /opt/airflow/dags/kaldata_dag.py took 0.535 seconds
[2026-06-08T15:57:33.199+0000] {processor.py:161} INFO - Started process (PID=5121) to work on /opt/airflow/dags/kaldata_dag.py
[2026-06-08T15:57:33.231+0000] {processor.py:830} INFO - Processing file /opt/airflow/dags/kaldata_dag.py for tasks to queue
[2026-06-08T15:57:33.249+0000] {logging_mixin.py:188} INFO - [2026-06-08T15:57:33.248+0000] {dagbag.py:540} INFO - Filling up the DagBag from /opt/airflow/dags/kaldata_dag.py
[2026-06-08T15:57:34.195+0000] {processor.py:840} INFO - DAG(s) 'kaldata_scraper' retrieved from /opt/airflow/dags/kaldata_dag.py
[2026-06-08T15:57:34.532+0000] {logging_mixin.py:188} INFO - [2026-06-08T15:57:34.532+0000] {dag.py:3047} INFO - Sync 1 DAGs
[2026-06-08T15:57:35.109+0000] {logging_mixin.py:188} INFO - [2026-06-08T15:57:35.108+0000] {dag.py:3834} INFO - Setting next_dagrun for kaldata_scraper to 2026-06-08 00:00:00+00:00, run_after=2026-06-09 00:00:00+00:00
[2026-06-08T15:57:35.591+0000] {processor.py:183} INFO - Processing /opt/airflow/dags/kaldata_dag.py took 2.440 seconds
[2026-06-08T15:58:06.786+0000] {processor.py:161} INFO - Started process (PID=5151) to work on /opt/airflow/dags/kaldata_dag.py
[2026-06-08T15:58:06.799+0000] {processor.py:830} INFO - Processing file /opt/airflow/dags/kaldata_dag.py for tasks to queue
[2026-06-08T15:58:06.811+0000] {logging_mixin.py:188} INFO - [2026-06-08T15:58:06.810+0000] {dagbag.py:540} INFO - Filling up the DagBag from /opt/airflow/dags/kaldata_dag.py
[2026-06-08T15:58:07.599+0000] {processor.py:840} INFO - DAG(s) 'kaldata_scraper' retrieved from /opt/airflow/dags/kaldata_dag.py
[2026-06-08T15:58:08.237+0000] {logging_mixin.py:188} INFO - [2026-06-08T15:58:08.235+0000] {dag.py:3047} INFO - Sync 1 DAGs
[2026-06-08T15:58:08.657+0000] {logging_mixin.py:188} INFO - [2026-06-08T15:58:08.656+0000] {dag.py:3834} INFO - Setting next_dagrun for kaldata_scraper to 2026-06-08 00:00:00+00:00, run_after=2026-06-09 00:00:00+00:00
[2026-06-08T15:58:09.026+0000] {processor.py:183} INFO - Processing /opt/airflow/dags/kaldata_dag.py took 2.273 seconds
[2026-06-08T15:58:42.322+0000] {processor.py:161} INFO - Started process (PID=5181) to work on /opt/airflow/dags/kaldata_dag.py
[2026-06-08T15:58:42.332+0000] {processor.py:830} INFO - Processing file /opt/airflow/dags/kaldata_dag.py for tasks to queue
[2026-06-08T15:58:42.348+0000] {logging_mixin.py:188} INFO - [2026-06-08T15:58:42.338+0000] {dagbag.py:540} INFO - Filling up the DagBag from /opt/airflow/dags/kaldata_dag.py
[2026-06-08T15:58:43.112+0000] {processor.py:840} INFO - DAG(s) 'kaldata_scraper' retrieved from /opt/airflow/dags/kaldata_dag.py
[2026-06-08T15:58:44.069+0000] {logging_mixin.py:188} INFO - [2026-06-08T15:58:44.068+0000] {dag.py:3047} INFO - Sync 1 DAGs
[2026-06-08T15:58:44.703+0000] {logging_mixin.py:188} INFO - [2026-06-08T15:58:44.688+0000] {dag.py:3834} INFO - Setting next_dagrun for kaldata_scraper to 2026-06-08 00:00:00+00:00, run_after=2026-06-09 00:00:00+00:00
[2026-06-08T15:58:45.574+0000] {processor.py:183} INFO - Processing /opt/airflow/dags/kaldata_dag.py took 3.294 seconds
[2026-06-08T15:59:16.108+0000] {processor.py:161} INFO - Started process (PID=5211) to work on /opt/airflow/dags/kaldata_dag.py
[2026-06-08T15:59:16.137+0000] {processor.py:830} INFO - Processing file /opt/airflow/dags/kaldata_dag.py for tasks to queue
[2026-06-08T15:59:16.154+0000] {logging_mixin.py:188} INFO - [2026-06-08T15:59:16.153+0000] {dagbag.py:540} INFO - Filling up the DagBag from /opt/airflow/dags/kaldata_dag.py
[2026-06-08T15:59:16.426+0000] {processor.py:840} INFO - DAG(s) 'kaldata_scraper' retrieved from /opt/airflow/dags/kaldata_dag.py
[2026-06-08T15:59:16.596+0000] {logging_mixin.py:188} INFO - [2026-06-08T15:59:16.595+0000] {dag.py:3047} INFO - Sync 1 DAGs
[2026-06-08T15:59:16.805+0000] {logging_mixin.py:188} INFO - [2026-06-08T15:59:16.804+0000] {dag.py:3834} INFO - Setting next_dagrun for kaldata_scraper to 2026-06-08 00:00:00+00:00, run_after=2026-06-09 00:00:00+00:00
[2026-06-08T15:59:17.012+0000] {processor.py:183} INFO - Processing /opt/airflow/dags/kaldata_dag.py took 0.926 seconds
[2026-06-08T15:59:47.518+0000] {processor.py:161} INFO - Started process (PID=5241) to work on /opt/airflow/dags/kaldata_dag.py
[2026-06-08T15:59:47.521+0000] {processor.py:830} INFO - Processing file /opt/airflow/dags/kaldata_dag.py for tasks to queue
[2026-06-08T15:59:47.524+0000] {logging_mixin.py:188} INFO - [2026-06-08T15:59:47.523+0000] {dagbag.py:540} INFO - Filling up the DagBag from /opt/airflow/dags/kaldata_dag.py
[2026-06-08T15:59:47.590+0000] {processor.py:840} INFO - DAG(s) 'kaldata_scraper' retrieved from /opt/airflow/dags/kaldata_dag.py
[2026-06-08T15:59:47.672+0000] {logging_mixin.py:188} INFO - [2026-06-08T15:59:47.672+0000] {dag.py:3047} INFO - Sync 1 DAGs
[2026-06-08T15:59:47.813+0000] {logging_mixin.py:188} INFO - [2026-06-08T15:59:47.813+0000] {dag.py:3834} INFO - Setting next_dagrun for kaldata_scraper to 2026-06-08 00:00:00+00:00, run_after=2026-06-09 00:00:00+00:00
[2026-06-08T15:59:47.963+0000] {processor.py:183} INFO - Processing /opt/airflow/dags/kaldata_dag.py took 0.469 seconds
[2026-06-08T16:00:18.620+0000] {processor.py:161} INFO - Started process (PID=5271) to work on /opt/airflow/dags/kaldata_dag.py
[2026-06-08T16:00:18.627+0000] {processor.py:830} INFO - Processing file /opt/airflow/dags/kaldata_dag.py for tasks to queue
[2026-06-08T16:00:18.630+0000] {logging_mixin.py:188} INFO - [2026-06-08T16:00:18.629+0000] {dagbag.py:540} INFO - Filling up the DagBag from /opt/airflow/dags/kaldata_dag.py
[2026-06-08T16:00:18.719+0000] {processor.py:840} INFO - DAG(s) 'kaldata_scraper' retrieved from /opt/airflow/dags/kaldata_dag.py
[2026-06-08T16:00:18.810+0000] {logging_mixin.py:188} INFO - [2026-06-08T16:00:18.806+0000] {dag.py:3047} INFO - Sync 1 DAGs
[2026-06-08T16:00:18.883+0000] {logging_mixin.py:188} INFO - [2026-06-08T16:00:18.883+0000] {dag.py:3834} INFO - Setting next_dagrun for kaldata_scraper to 2026-06-08 00:00:00+00:00, run_after=2026-06-09 00:00:00+00:00
[2026-06-08T16:00:18.965+0000] {processor.py:183} INFO - Processing /opt/airflow/dags/kaldata_dag.py took 0.362 seconds
[2026-06-08T16:00:49.346+0000] {processor.py:161} INFO - Started process (PID=5301) to work on /opt/airflow/dags/kaldata_dag.py
[2026-06-08T16:00:49.367+0000] {processor.py:830} INFO - Processing file /opt/airflow/dags/kaldata_dag.py for tasks to queue
[2026-06-08T16:00:49.375+0000] {logging_mixin.py:188} INFO - [2026-06-08T16:00:49.374+0000] {dagbag.py:540} INFO - Filling up the DagBag from /opt/airflow/dags/kaldata_dag.py
[2026-06-08T16:00:49.601+0000] {processor.py:840} INFO - DAG(s) 'kaldata_scraper' retrieved from /opt/airflow/dags/kaldata_dag.py
[2026-06-08T16:00:49.792+0000] {logging_mixin.py:188} INFO - [2026-06-08T16:00:49.791+0000] {dag.py:3047} INFO - Sync 1 DAGs
[2026-06-08T16:00:50.021+0000] {logging_mixin.py:188} INFO - [2026-06-08T16:00:50.010+0000] {dag.py:3834} INFO - Setting next_dagrun for kaldata_scraper to 2026-06-08 00:00:00+00:00, run_after=2026-06-09 00:00:00+00:00
[2026-06-08T16:00:50.287+0000] {processor.py:183} INFO - Processing /opt/airflow/dags/kaldata_dag.py took 0.964 seconds
[2026-06-08T16:01:21.588+0000] {processor.py:161} INFO - Started process (PID=5331) to work on /opt/airflow/dags/kaldata_dag.py
[2026-06-08T16:01:21.602+0000] {processor.py:830} INFO - Processing file /opt/airflow/dags/kaldata_dag.py for tasks to queue
[2026-06-08T16:01:21.606+0000] {logging_mixin.py:188} INFO - [2026-06-08T16:01:21.605+0000] {dagbag.py:540} INFO - Filling up the DagBag from /opt/airflow/dags/kaldata_dag.py
[2026-06-08T16:01:21.733+0000] {processor.py:840} INFO - DAG(s) 'kaldata_scraper' retrieved from /opt/airflow/dags/kaldata_dag.py
[2026-06-08T16:01:21.821+0000] {logging_mixin.py:188} INFO - [2026-06-08T16:01:21.819+0000] {dag.py:3047} INFO - Sync 1 DAGs
[2026-06-08T16:01:21.905+0000] {logging_mixin.py:188} INFO - [2026-06-08T16:01:21.904+0000] {dag.py:3834} INFO - Setting next_dagrun for kaldata_scraper to 2026-06-08 00:00:00+00:00, run_after=2026-06-09 00:00:00+00:00
[2026-06-08T16:01:21.991+0000] {processor.py:183} INFO - Processing /opt/airflow/dags/kaldata_dag.py took 0.429 seconds
[2026-06-08T16:01:52.266+0000] {processor.py:161} INFO - Started process (PID=5361) to work on /opt/airflow/dags/kaldata_dag.py
[2026-06-08T16:01:52.276+0000] {processor.py:830} INFO - Processing file /opt/airflow/dags/kaldata_dag.py for tasks to queue
[2026-06-08T16:01:52.280+0000] {logging_mixin.py:188} INFO - [2026-06-08T16:01:52.279+0000] {dagbag.py:540} INFO - Filling up the DagBag from /opt/airflow/dags/kaldata_dag.py
[2026-06-08T16:01:52.346+0000] {processor.py:840} INFO - DAG(s) 'kaldata_scraper' retrieved from /opt/airflow/dags/kaldata_dag.py
[2026-06-08T16:01:52.462+0000] {logging_mixin.py:188} INFO - [2026-06-08T16:01:52.461+0000] {dag.py:3047} INFO - Sync 1 DAGs
[2026-06-08T16:01:52.699+0000] {logging_mixin.py:188} INFO - [2026-06-08T16:01:52.699+0000] {dag.py:3834} INFO - Setting next_dagrun for kaldata_scraper to 2026-06-08 00:00:00+00:00, run_after=2026-06-09 00:00:00+00:00
[2026-06-08T16:01:52.969+0000] {processor.py:183} INFO - Processing /opt/airflow/dags/kaldata_dag.py took 0.714 seconds
[2026-06-08T16:02:24.346+0000] {processor.py:161} INFO - Started process (PID=5391) to work on /opt/airflow/dags/kaldata_dag.py
[2026-06-08T16:02:24.363+0000] {processor.py:830} INFO - Processing file /opt/airflow/dags/kaldata_dag.py for tasks to queue
[2026-06-08T16:02:24.442+0000] {logging_mixin.py:188} INFO - [2026-06-08T16:02:24.414+0000] {dagbag.py:540} INFO - Filling up the DagBag from /opt/airflow/dags/kaldata_dag.py
[2026-06-08T16:02:25.268+0000] {processor.py:840} INFO - DAG(s) 'kaldata_scraper' retrieved from /opt/airflow/dags/kaldata_dag.py
[2026-06-08T16:02:25.630+0000] {logging_mixin.py:188} INFO - [2026-06-08T16:02:25.628+0000] {dag.py:3047} INFO - Sync 1 DAGs
[2026-06-08T16:02:25.869+0000] {logging_mixin.py:188} INFO - [2026-06-08T16:02:25.869+0000] {dag.py:3834} INFO - Setting next_dagrun for kaldata_scraper to 2026-06-08 00:00:00+00:00, run_after=2026-06-09 00:00:00+00:00
[2026-06-08T16:02:26.217+0000] {processor.py:183} INFO - Processing /opt/airflow/dags/kaldata_dag.py took 1.945 seconds
[2026-06-08T16:02:56.684+0000] {processor.py:161} INFO - Started process (PID=5421) to work on /opt/airflow/dags/kaldata_dag.py
[2026-06-08T16:02:56.687+0000] {processor.py:830} INFO - Processing file /opt/airflow/dags/kaldata_dag.py for tasks to queue
[2026-06-08T16:02:56.690+0000] {logging_mixin.py:188} INFO - [2026-06-08T16:02:56.689+0000] {dagbag.py:540} INFO - Filling up the DagBag from /opt/airflow/dags/kaldata_dag.py
[2026-06-08T16:02:56.757+0000] {processor.py:840} INFO - DAG(s) 'kaldata_scraper' retrieved from /opt/airflow/dags/kaldata_dag.py
[2026-06-08T16:02:56.847+0000] {logging_mixin.py:188} INFO - [2026-06-08T16:02:56.847+0000] {dag.py:3047} INFO - Sync 1 DAGs
[2026-06-08T16:02:56.929+0000] {logging_mixin.py:188} INFO - [2026-06-08T16:02:56.929+0000] {dag.py:3834} INFO - Setting next_dagrun for kaldata_scraper to 2026-06-08 00:00:00+00:00, run_after=2026-06-09 00:00:00+00:00
[2026-06-08T16:02:57.015+0000] {processor.py:183} INFO - Processing /opt/airflow/dags/kaldata_dag.py took 0.344 seconds
[2026-06-08T16:03:28.602+0000] {processor.py:161} INFO - Started process (PID=5451) to work on /opt/airflow/dags/kaldata_dag.py
[2026-06-08T16:03:28.606+0000] {processor.py:830} INFO - Processing file /opt/airflow/dags/kaldata_dag.py for tasks to queue
[2026-06-08T16:03:28.610+0000] {logging_mixin.py:188} INFO - [2026-06-08T16:03:28.609+0000] {dagbag.py:540} INFO - Filling up the DagBag from /opt/airflow/dags/kaldata_dag.py
[2026-06-08T16:03:28.684+0000] {processor.py:840} INFO - DAG(s) 'kaldata_scraper' retrieved from /opt/airflow/dags/kaldata_dag.py
[2026-06-08T16:03:28.765+0000] {logging_mixin.py:188} INFO - [2026-06-08T16:03:28.764+0000] {dag.py:3047} INFO - Sync 1 DAGs
[2026-06-08T16:03:28.899+0000] {logging_mixin.py:188} INFO - [2026-06-08T16:03:28.899+0000] {dag.py:3834} INFO - Setting next_dagrun for kaldata_scraper to 2026-06-08 00:00:00+00:00, run_after=2026-06-09 00:00:00+00:00
[2026-06-08T16:03:28.991+0000] {processor.py:183} INFO - Processing /opt/airflow/dags/kaldata_dag.py took 0.406 seconds
[2026-06-08T16:04:00.323+0000] {processor.py:161} INFO - Started process (PID=5481) to work on /opt/airflow/dags/kaldata_dag.py
[2026-06-08T16:04:00.329+0000] {processor.py:830} INFO - Processing file /opt/airflow/dags/kaldata_dag.py for tasks to queue
[2026-06-08T16:04:00.340+0000] {logging_mixin.py:188} INFO - [2026-06-08T16:04:00.334+0000] {dagbag.py:540} INFO - Filling up the DagBag from /opt/airflow/dags/kaldata_dag.py
[2026-06-08T16:04:00.491+0000] {processor.py:840} INFO - DAG(s) 'kaldata_scraper' retrieved from /opt/airflow/dags/kaldata_dag.py
[2026-06-08T16:04:00.669+0000] {logging_mixin.py:188} INFO - [2026-06-08T16:04:00.668+0000] {dag.py:3047} INFO - Sync 1 DAGs
[2026-06-08T16:04:00.940+0000] {logging_mixin.py:188} INFO - [2026-06-08T16:04:00.936+0000] {dag.py:3834} INFO - Setting next_dagrun for kaldata_scraper to 2026-06-08 00:00:00+00:00, run_after=2026-06-09 00:00:00+00:00
[2026-06-08T16:04:01.415+0000] {processor.py:183} INFO - Processing /opt/airflow/dags/kaldata_dag.py took 1.111 seconds
[2026-06-08T16:04:32.347+0000] {processor.py:161} INFO - Started process (PID=5511) to work on /opt/airflow/dags/kaldata_dag.py
[2026-06-08T16:04:32.350+0000] {processor.py:830} INFO - Processing file /opt/airflow/dags/kaldata_dag.py for tasks to queue
[2026-06-08T16:04:32.353+0000] {logging_mixin.py:188} INFO - [2026-06-08T16:04:32.352+0000] {dagbag.py:540} INFO - Filling up the DagBag from /opt/airflow/dags/kaldata_dag.py
[2026-06-08T16:04:32.420+0000] {processor.py:840} INFO - DAG(s) 'kaldata_scraper' retrieved from /opt/airflow/dags/kaldata_dag.py
[2026-06-08T16:04:32.508+0000] {logging_mixin.py:188} INFO - [2026-06-08T16:04:32.506+0000] {dag.py:3047} INFO - Sync 1 DAGs
[2026-06-08T16:04:32.603+0000] {logging_mixin.py:188} INFO - [2026-06-08T16:04:32.603+0000] {dag.py:3834} INFO - Setting next_dagrun for kaldata_scraper to 2026-06-08 00:00:00+00:00, run_after=2026-06-09 00:00:00+00:00
[2026-06-08T16:04:32.684+0000] {processor.py:183} INFO - Processing /opt/airflow/dags/kaldata_dag.py took 0.351 seconds
[2026-06-08T16:05:04.008+0000] {processor.py:161} INFO - Started process (PID=5541) to work on /opt/airflow/dags/kaldata_dag.py
[2026-06-08T16:05:04.021+0000] {processor.py:830} INFO - Processing file /opt/airflow/dags/kaldata_dag.py for tasks to queue
[2026-06-08T16:05:04.025+0000] {logging_mixin.py:188} INFO - [2026-06-08T16:05:04.024+0000] {dagbag.py:540} INFO - Filling up the DagBag from /opt/airflow/dags/kaldata_dag.py
[2026-06-08T16:05:04.095+0000] {processor.py:840} INFO - DAG(s) 'kaldata_scraper' retrieved from /opt/airflow/dags/kaldata_dag.py
[2026-06-08T16:05:04.187+0000] {logging_mixin.py:188} INFO - [2026-06-08T16:05:04.187+0000] {dag.py:3047} INFO - Sync 1 DAGs
[2026-06-08T16:05:04.264+0000] {logging_mixin.py:188} INFO - [2026-06-08T16:05:04.264+0000] {dag.py:3834} INFO - Setting next_dagrun for kaldata_scraper to 2026-06-08 00:00:00+00:00, run_after=2026-06-09 00:00:00+00:00
[2026-06-08T16:05:04.351+0000] {processor.py:183} INFO - Processing /opt/airflow/dags/kaldata_dag.py took 0.354 seconds
[2026-06-08T16:05:35.580+0000] {processor.py:161} INFO - Started process (PID=5571) to work on /opt/airflow/dags/kaldata_dag.py
[2026-06-08T16:05:35.583+0000] {processor.py:830} INFO - Processing file /opt/airflow/dags/kaldata_dag.py for tasks to queue
[2026-06-08T16:05:35.587+0000] {logging_mixin.py:188} INFO - [2026-06-08T16:05:35.586+0000] {dagbag.py:540} INFO - Filling up the DagBag from /opt/airflow/dags/kaldata_dag.py
[2026-06-08T16:05:35.662+0000] {processor.py:840} INFO - DAG(s) 'kaldata_scraper' retrieved from /opt/airflow/dags/kaldata_dag.py
[2026-06-08T16:05:35.749+0000] {logging_mixin.py:188} INFO - [2026-06-08T16:05:35.748+0000] {dag.py:3047} INFO - Sync 1 DAGs
[2026-06-08T16:05:35.840+0000] {logging_mixin.py:188} INFO - [2026-06-08T16:05:35.835+0000] {dag.py:3834} INFO - Setting next_dagrun for kaldata_scraper to 2026-06-08 00:00:00+00:00, run_after=2026-06-09 00:00:00+00:00
[2026-06-08T16:05:35.982+0000] {processor.py:183} INFO - Processing /opt/airflow/dags/kaldata_dag.py took 0.419 seconds
[2026-06-08T16:06:06.635+0000] {processor.py:161} INFO - Started process (PID=5601) to work on /opt/airflow/dags/kaldata_dag.py
[2026-06-08T16:06:06.639+0000] {processor.py:830} INFO - Processing file /opt/airflow/dags/kaldata_dag.py for tasks to queue
[2026-06-08T16:06:06.661+0000] {logging_mixin.py:188} INFO - [2026-06-08T16:06:06.660+0000] {dagbag.py:540} INFO - Filling up the DagBag from /opt/airflow/dags/kaldata_dag.py
[2026-06-08T16:06:06.751+0000] {processor.py:840} INFO - DAG(s) 'kaldata_scraper' retrieved from /opt/airflow/dags/kaldata_dag.py
[2026-06-08T16:06:06.866+0000] {logging_mixin.py:188} INFO - [2026-06-08T16:06:06.865+0000] {dag.py:3047} INFO - Sync 1 DAGs
[2026-06-08T16:06:06.982+0000] {logging_mixin.py:188} INFO - [2026-06-08T16:06:06.981+0000] {dag.py:3834} INFO - Setting next_dagrun for kaldata_scraper to 2026-06-08 00:00:00+00:00, run_after=2026-06-09 00:00:00+00:00
[2026-06-08T16:06:07.090+0000] {processor.py:183} INFO - Processing /opt/airflow/dags/kaldata_dag.py took 0.487 seconds
[2026-06-08T16:06:38.177+0000] {processor.py:161} INFO - Started process (PID=5631) to work on /opt/airflow/dags/kaldata_dag.py
[2026-06-08T16:06:38.180+0000] {processor.py:830} INFO - Processing file /opt/airflow/dags/kaldata_dag.py for tasks to queue
[2026-06-08T16:06:38.185+0000] {logging_mixin.py:188} INFO - [2026-06-08T16:06:38.183+0000] {dagbag.py:540} INFO - Filling up the DagBag from /opt/airflow/dags/kaldata_dag.py
[2026-06-08T16:06:38.256+0000] {processor.py:840} INFO - DAG(s) 'kaldata_scraper' retrieved from /opt/airflow/dags/kaldata_dag.py
[2026-06-08T16:06:38.363+0000] {logging_mixin.py:188} INFO - [2026-06-08T16:06:38.363+0000] {dag.py:3047} INFO - Sync 1 DAGs
[2026-06-08T16:06:38.445+0000] {logging_mixin.py:188} INFO - [2026-06-08T16:06:38.445+0000] {dag.py:3834} INFO - Setting next_dagrun for kaldata_scraper to 2026-06-08 00:00:00+00:00, run_after=2026-06-09 00:00:00+00:00
[2026-06-08T16:06:38.502+0000] {processor.py:183} INFO - Processing /opt/airflow/dags/kaldata_dag.py took 0.334 seconds
[2026-06-08T16:07:09.031+0000] {processor.py:161} INFO - Started process (PID=5661) to work on /opt/airflow/dags/kaldata_dag.py
[2026-06-08T16:07:09.034+0000] {processor.py:830} INFO - Processing file /opt/airflow/dags/kaldata_dag.py for tasks to queue
[2026-06-08T16:07:09.037+0000] {logging_mixin.py:188} INFO - [2026-06-08T16:07:09.037+0000] {dagbag.py:540} INFO - Filling up the DagBag from /opt/airflow/dags/kaldata_dag.py
[2026-06-08T16:07:09.090+0000] {processor.py:840} INFO - DAG(s) 'kaldata_scraper' retrieved from /opt/airflow/dags/kaldata_dag.py
[2026-06-08T16:07:09.154+0000] {logging_mixin.py:188} INFO - [2026-06-08T16:07:09.153+0000] {dag.py:3047} INFO - Sync 1 DAGs
[2026-06-08T16:07:09.222+0000] {logging_mixin.py:188} INFO - [2026-06-08T16:07:09.220+0000] {dag.py:3834} INFO - Setting next_dagrun for kaldata_scraper to 2026-06-08 00:00:00+00:00, run_after=2026-06-09 00:00:00+00:00
[2026-06-08T16:07:09.301+0000] {processor.py:183} INFO - Processing /opt/airflow/dags/kaldata_dag.py took 0.278 seconds
[2026-06-08T16:07:40.190+0000] {processor.py:161} INFO - Started process (PID=5691) to work on /opt/airflow/dags/kaldata_dag.py
[2026-06-08T16:07:40.194+0000] {processor.py:830} INFO - Processing file /opt/airflow/dags/kaldata_dag.py for tasks to queue
[2026-06-08T16:07:40.200+0000] {logging_mixin.py:188} INFO - [2026-06-08T16:07:40.198+0000] {dagbag.py:540} INFO - Filling up the DagBag from /opt/airflow/dags/kaldata_dag.py
[2026-06-08T16:07:40.345+0000] {processor.py:840} INFO - DAG(s) 'kaldata_scraper' retrieved from /opt/airflow/dags/kaldata_dag.py
[2026-06-08T16:07:40.508+0000] {logging_mixin.py:188} INFO - [2026-06-08T16:07:40.508+0000] {dag.py:3047} INFO - Sync 1 DAGs
[2026-06-08T16:07:41.180+0000] {logging_mixin.py:188} INFO - [2026-06-08T16:07:41.148+0000] {dag.py:3834} INFO - Setting next_dagrun for kaldata_scraper to 2026-06-08 00:00:00+00:00, run_after=2026-06-09 00:00:00+00:00
[2026-06-08T16:07:41.718+0000] {processor.py:183} INFO - Processing /opt/airflow/dags/kaldata_dag.py took 1.550 seconds
[2026-06-08T16:08:12.119+0000] {processor.py:161} INFO - Started process (PID=5721) to work on /opt/airflow/dags/kaldata_dag.py
[2026-06-08T16:08:12.122+0000] {processor.py:830} INFO - Processing file /opt/airflow/dags/kaldata_dag.py for tasks to queue
[2026-06-08T16:08:12.126+0000] {logging_mixin.py:188} INFO - [2026-06-08T16:08:12.125+0000] {dagbag.py:540} INFO - Filling up the DagBag from /opt/airflow/dags/kaldata_dag.py
[2026-06-08T16:08:12.188+0000] {processor.py:840} INFO - DAG(s) 'kaldata_scraper' retrieved from /opt/airflow/dags/kaldata_dag.py
[2026-06-08T16:08:12.261+0000] {logging_mixin.py:188} INFO - [2026-06-08T16:08:12.260+0000] {dag.py:3047} INFO - Sync 1 DAGs
[2026-06-08T16:08:12.328+0000] {logging_mixin.py:188} INFO - [2026-06-08T16:08:12.327+0000] {dag.py:3834} INFO - Setting next_dagrun for kaldata_scraper to 2026-06-08 00:00:00+00:00, run_after=2026-06-09 00:00:00+00:00
[2026-06-08T16:08:12.384+0000] {processor.py:183} INFO - Processing /opt/airflow/dags/kaldata_dag.py took 0.277 seconds
[2026-06-08T16:08:43.076+0000] {processor.py:161} INFO - Started process (PID=5751) to work on /opt/airflow/dags/kaldata_dag.py
[2026-06-08T16:08:43.095+0000] {processor.py:830} INFO - Processing file /opt/airflow/dags/kaldata_dag.py for tasks to queue
[2026-06-08T16:08:43.123+0000] {logging_mixin.py:188} INFO - [2026-06-08T16:08:43.122+0000] {dagbag.py:540} INFO - Filling up the DagBag from /opt/airflow/dags/kaldata_dag.py
[2026-06-08T16:08:43.246+0000] {processor.py:840} INFO - DAG(s) 'kaldata_scraper' retrieved from /opt/airflow/dags/kaldata_dag.py
[2026-06-08T16:08:43.311+0000] {logging_mixin.py:188} INFO - [2026-06-08T16:08:43.310+0000] {dag.py:3047} INFO - Sync 1 DAGs
[2026-06-08T16:08:43.372+0000] {logging_mixin.py:188} INFO - [2026-06-08T16:08:43.372+0000] {dag.py:3834} INFO - Setting next_dagrun for kaldata_scraper to 2026-06-08 00:00:00+00:00, run_after=2026-06-09 00:00:00+00:00
[2026-06-08T16:08:43.425+0000] {processor.py:183} INFO - Processing /opt/airflow/dags/kaldata_dag.py took 0.369 seconds
[2026-06-08T16:09:13.702+0000] {processor.py:161} INFO - Started process (PID=5781) to work on /opt/airflow/dags/kaldata_dag.py
[2026-06-08T16:09:13.705+0000] {processor.py:830} INFO - Processing file /opt/airflow/dags/kaldata_dag.py for tasks to queue
[2026-06-08T16:09:13.708+0000] {logging_mixin.py:188} INFO - [2026-06-08T16:09:13.707+0000] {dagbag.py:540} INFO - Filling up the DagBag from /opt/airflow/dags/kaldata_dag.py
[2026-06-08T16:09:13.765+0000] {processor.py:840} INFO - DAG(s) 'kaldata_scraper' retrieved from /opt/airflow/dags/kaldata_dag.py
[2026-06-08T16:09:13.855+0000] {logging_mixin.py:188} INFO - [2026-06-08T16:09:13.855+0000] {dag.py:3047} INFO - Sync 1 DAGs
[2026-06-08T16:09:13.920+0000] {logging_mixin.py:188} INFO - [2026-06-08T16:09:13.920+0000] {dag.py:3834} INFO - Setting next_dagrun for kaldata_scraper to 2026-06-08 00:00:00+00:00, run_after=2026-06-09 00:00:00+00:00
[2026-06-08T16:09:13.972+0000] {processor.py:183} INFO - Processing /opt/airflow/dags/kaldata_dag.py took 0.282 seconds
[2026-06-08T16:09:44.552+0000] {processor.py:161} INFO - Started process (PID=5811) to work on /opt/airflow/dags/kaldata_dag.py
[2026-06-08T16:09:44.556+0000] {processor.py:830} INFO - Processing file /opt/airflow/dags/kaldata_dag.py for tasks to queue
[2026-06-08T16:09:44.559+0000] {logging_mixin.py:188} INFO - [2026-06-08T16:09:44.558+0000] {dagbag.py:540} INFO - Filling up the DagBag from /opt/airflow/dags/kaldata_dag.py
[2026-06-08T16:09:44.615+0000] {processor.py:840} INFO - DAG(s) 'kaldata_scraper' retrieved from /opt/airflow/dags/kaldata_dag.py
[2026-06-08T16:09:44.684+0000] {logging_mixin.py:188} INFO - [2026-06-08T16:09:44.683+0000] {dag.py:3047} INFO - Sync 1 DAGs
[2026-06-08T16:09:44.744+0000] {logging_mixin.py:188} INFO - [2026-06-08T16:09:44.744+0000] {dag.py:3834} INFO - Setting next_dagrun for kaldata_scraper to 2026-06-08 00:00:00+00:00, run_after=2026-06-09 00:00:00+00:00
[2026-06-08T16:09:44.797+0000] {processor.py:183} INFO - Processing /opt/airflow/dags/kaldata_dag.py took 0.255 seconds
[2026-06-08T16:10:15.163+0000] {processor.py:161} INFO - Started process (PID=5841) to work on /opt/airflow/dags/kaldata_dag.py
[2026-06-08T16:10:15.166+0000] {processor.py:830} INFO - Processing file /opt/airflow/dags/kaldata_dag.py for tasks to queue
[2026-06-08T16:10:15.169+0000] {logging_mixin.py:188} INFO - [2026-06-08T16:10:15.168+0000] {dagbag.py:540} INFO - Filling up the DagBag from /opt/airflow/dags/kaldata_dag.py
[2026-06-08T16:10:15.235+0000] {processor.py:840} INFO - DAG(s) 'kaldata_scraper' retrieved from /opt/airflow/dags/kaldata_dag.py
[2026-06-08T16:10:15.303+0000] {logging_mixin.py:188} INFO - [2026-06-08T16:10:15.303+0000] {dag.py:3047} INFO - Sync 1 DAGs
[2026-06-08T16:10:15.370+0000] {logging_mixin.py:188} INFO - [2026-06-08T16:10:15.369+0000] {dag.py:3834} INFO - Setting next_dagrun for kaldata_scraper to 2026-06-08 00:00:00+00:00, run_after=2026-06-09 00:00:00+00:00
[2026-06-08T16:10:15.442+0000] {processor.py:183} INFO - Processing /opt/airflow/dags/kaldata_dag.py took 0.289 seconds
[2026-06-08T16:10:46.329+0000] {processor.py:161} INFO - Started process (PID=5871) to work on /opt/airflow/dags/kaldata_dag.py
[2026-06-08T16:10:46.342+0000] {processor.py:830} INFO - Processing file /opt/airflow/dags/kaldata_dag.py for tasks to queue
[2026-06-08T16:10:46.364+0000] {logging_mixin.py:188} INFO - [2026-06-08T16:10:46.363+0000] {dagbag.py:540} INFO - Filling up the DagBag from /opt/airflow/dags/kaldata_dag.py
[2026-06-08T16:10:46.423+0000] {processor.py:840} INFO - DAG(s) 'kaldata_scraper' retrieved from /opt/airflow/dags/kaldata_dag.py
[2026-06-08T16:10:46.536+0000] {logging_mixin.py:188} INFO - [2026-06-08T16:10:46.531+0000] {dag.py:3047} INFO - Sync 1 DAGs
[2026-06-08T16:10:46.602+0000] {logging_mixin.py:188} INFO - [2026-06-08T16:10:46.602+0000] {dag.py:3834} INFO - Setting next_dagrun for kaldata_scraper to 2026-06-08 00:00:00+00:00, run_after=2026-06-09 00:00:00+00:00
[2026-06-08T16:10:46.655+0000] {processor.py:183} INFO - Processing /opt/airflow/dags/kaldata_dag.py took 0.346 seconds
[2026-06-08T16:11:17.872+0000] {processor.py:161} INFO - Started process (PID=5901) to work on /opt/airflow/dags/kaldata_dag.py
[2026-06-08T16:11:17.875+0000] {processor.py:830} INFO - Processing file /opt/airflow/dags/kaldata_dag.py for tasks to queue
[2026-06-08T16:11:17.880+0000] {logging_mixin.py:188} INFO - [2026-06-08T16:11:17.878+0000] {dagbag.py:540} INFO - Filling up the DagBag from /opt/airflow/dags/kaldata_dag.py
[2026-06-08T16:11:17.931+0000] {processor.py:840} INFO - DAG(s) 'kaldata_scraper' retrieved from /opt/airflow/dags/kaldata_dag.py
[2026-06-08T16:11:18.009+0000] {logging_mixin.py:188} INFO - [2026-06-08T16:11:18.007+0000] {dag.py:3047} INFO - Sync 1 DAGs
[2026-06-08T16:11:18.103+0000] {logging_mixin.py:188} INFO - [2026-06-08T16:11:18.102+0000] {dag.py:3834} INFO - Setting next_dagrun for kaldata_scraper to 2026-06-08 00:00:00+00:00, run_after=2026-06-09 00:00:00+00:00
[2026-06-08T16:11:18.152+0000] {processor.py:183} INFO - Processing /opt/airflow/dags/kaldata_dag.py took 0.298 seconds
[2026-06-08T16:11:49.062+0000] {processor.py:161} INFO - Started process (PID=5931) to work on /opt/airflow/dags/kaldata_dag.py
[2026-06-08T16:11:49.065+0000] {processor.py:830} INFO - Processing file /opt/airflow/dags/kaldata_dag.py for tasks to queue
[2026-06-08T16:11:49.068+0000] {logging_mixin.py:188} INFO - [2026-06-08T16:11:49.067+0000] {dagbag.py:540} INFO - Filling up the DagBag from /opt/airflow/dags/kaldata_dag.py
[2026-06-08T16:11:49.134+0000] {processor.py:840} INFO - DAG(s) 'kaldata_scraper' retrieved from /opt/airflow/dags/kaldata_dag.py
[2026-06-08T16:11:49.199+0000] {logging_mixin.py:188} INFO - [2026-06-08T16:11:49.198+0000] {dag.py:3047} INFO - Sync 1 DAGs
[2026-06-08T16:11:49.259+0000] {logging_mixin.py:188} INFO - [2026-06-08T16:11:49.258+0000] {dag.py:3834} INFO - Setting next_dagrun for kaldata_scraper to 2026-06-08 00:00:00+00:00, run_after=2026-06-09 00:00:00+00:00
[2026-06-08T16:11:49.310+0000] {processor.py:183} INFO - Processing /opt/airflow/dags/kaldata_dag.py took 0.260 seconds
[2026-06-08T16:12:20.109+0000] {processor.py:161} INFO - Started process (PID=5961) to work on /opt/airflow/dags/kaldata_dag.py
[2026-06-08T16:12:20.112+0000] {processor.py:830} INFO - Processing file /opt/airflow/dags/kaldata_dag.py for tasks to queue
[2026-06-08T16:12:20.115+0000] {logging_mixin.py:188} INFO - [2026-06-08T16:12:20.114+0000] {dagbag.py:540} INFO - Filling up the DagBag from /opt/airflow/dags/kaldata_dag.py
[2026-06-08T16:12:20.172+0000] {processor.py:840} INFO - DAG(s) 'kaldata_scraper' retrieved from /opt/airflow/dags/kaldata_dag.py
[2026-06-08T16:12:20.244+0000] {logging_mixin.py:188} INFO - [2026-06-08T16:12:20.243+0000] {dag.py:3047} INFO - Sync 1 DAGs
[2026-06-08T16:12:20.308+0000] {logging_mixin.py:188} INFO - [2026-06-08T16:12:20.307+0000] {dag.py:3834} INFO - Setting next_dagrun for kaldata_scraper to 2026-06-08 00:00:00+00:00, run_after=2026-06-09 00:00:00+00:00
[2026-06-08T16:12:20.383+0000] {processor.py:183} INFO - Processing /opt/airflow/dags/kaldata_dag.py took 0.290 seconds
[2026-06-08T16:12:50.757+0000] {processor.py:161} INFO - Started process (PID=5991) to work on /opt/airflow/dags/kaldata_dag.py
[2026-06-08T16:12:50.761+0000] {processor.py:830} INFO - Processing file /opt/airflow/dags/kaldata_dag.py for tasks to queue
[2026-06-08T16:12:50.763+0000] {logging_mixin.py:188} INFO - [2026-06-08T16:12:50.763+0000] {dagbag.py:540} INFO - Filling up the DagBag from /opt/airflow/dags/kaldata_dag.py
[2026-06-08T16:12:50.822+0000] {processor.py:840} INFO - DAG(s) 'kaldata_scraper' retrieved from /opt/airflow/dags/kaldata_dag.py
[2026-06-08T16:12:50.894+0000] {logging_mixin.py:188} INFO - [2026-06-08T16:12:50.894+0000] {dag.py:3047} INFO - Sync 1 DAGs
[2026-06-08T16:12:50.971+0000] {logging_mixin.py:188} INFO - [2026-06-08T16:12:50.970+0000] {dag.py:3834} INFO - Setting next_dagrun for kaldata_scraper to 2026-06-08 00:00:00+00:00, run_after=2026-06-09 00:00:00+00:00
[2026-06-08T16:12:51.088+0000] {processor.py:183} INFO - Processing /opt/airflow/dags/kaldata_dag.py took 0.342 seconds
[2026-06-08T16:13:21.404+0000] {processor.py:161} INFO - Started process (PID=6021) to work on /opt/airflow/dags/kaldata_dag.py
[2026-06-08T16:13:21.407+0000] {processor.py:830} INFO - Processing file /opt/airflow/dags/kaldata_dag.py for tasks to queue
[2026-06-08T16:13:21.410+0000] {logging_mixin.py:188} INFO - [2026-06-08T16:13:21.409+0000] {dagbag.py:540} INFO - Filling up the DagBag from /opt/airflow/dags/kaldata_dag.py
[2026-06-08T16:13:21.461+0000] {processor.py:840} INFO - DAG(s) 'kaldata_scraper' retrieved from /opt/airflow/dags/kaldata_dag.py
[2026-06-08T16:13:21.537+0000] {logging_mixin.py:188} INFO - [2026-06-08T16:13:21.537+0000] {dag.py:3047} INFO - Sync 1 DAGs
[2026-06-08T16:13:21.621+0000] {logging_mixin.py:188} INFO - [2026-06-08T16:13:21.621+0000] {dag.py:3834} INFO - Setting next_dagrun for kaldata_scraper to 2026-06-08 00:00:00+00:00, run_after=2026-06-09 00:00:00+00:00
[2026-06-08T16:13:21.684+0000] {processor.py:183} INFO - Processing /opt/airflow/dags/kaldata_dag.py took 0.292 seconds
[2026-06-08T16:13:52.304+0000] {processor.py:161} INFO - Started process (PID=6051) to work on /opt/airflow/dags/kaldata_dag.py
[2026-06-08T16:13:52.307+0000] {processor.py:830} INFO - Processing file /opt/airflow/dags/kaldata_dag.py for tasks to queue
[2026-06-08T16:13:52.310+0000] {logging_mixin.py:188} INFO - [2026-06-08T16:13:52.309+0000] {dagbag.py:540} INFO - Filling up the DagBag from /opt/airflow/dags/kaldata_dag.py
[2026-06-08T16:13:52.364+0000] {processor.py:840} INFO - DAG(s) 'kaldata_scraper' retrieved from /opt/airflow/dags/kaldata_dag.py
[2026-06-08T16:13:52.433+0000] {logging_mixin.py:188} INFO - [2026-06-08T16:13:52.433+0000] {dag.py:3047} INFO - Sync 1 DAGs
[2026-06-08T16:13:52.502+0000] {logging_mixin.py:188} INFO - [2026-06-08T16:13:52.502+0000] {dag.py:3834} INFO - Setting next_dagrun for kaldata_scraper to 2026-06-08 00:00:00+00:00, run_after=2026-06-09 00:00:00+00:00
[2026-06-08T16:13:52.559+0000] {processor.py:183} INFO - Processing /opt/airflow/dags/kaldata_dag.py took 0.273 seconds
[2026-06-08T16:14:23.291+0000] {processor.py:161} INFO - Started process (PID=6081) to work on /opt/airflow/dags/kaldata_dag.py
[2026-06-08T16:14:23.296+0000] {processor.py:830} INFO - Processing file /opt/airflow/dags/kaldata_dag.py for tasks to queue
[2026-06-08T16:14:23.298+0000] {logging_mixin.py:188} INFO - [2026-06-08T16:14:23.297+0000] {dagbag.py:540} INFO - Filling up the DagBag from /opt/airflow/dags/kaldata_dag.py
[2026-06-08T16:14:23.351+0000] {processor.py:840} INFO - DAG(s) 'kaldata_scraper' retrieved from /opt/airflow/dags/kaldata_dag.py
[2026-06-08T16:14:23.436+0000] {logging_mixin.py:188} INFO - [2026-06-08T16:14:23.435+0000] {dag.py:3047} INFO - Sync 1 DAGs
[2026-06-08T16:14:23.496+0000] {logging_mixin.py:188} INFO - [2026-06-08T16:14:23.495+0000] {dag.py:3834} INFO - Setting next_dagrun for kaldata_scraper to 2026-06-08 00:00:00+00:00, run_after=2026-06-09 00:00:00+00:00
[2026-06-08T16:14:23.545+0000] {processor.py:183} INFO - Processing /opt/airflow/dags/kaldata_dag.py took 0.265 seconds
[2026-06-08T16:14:54.258+0000] {processor.py:161} INFO - Started process (PID=6111) to work on /opt/airflow/dags/kaldata_dag.py
[2026-06-08T16:14:54.261+0000] {processor.py:830} INFO - Processing file /opt/airflow/dags/kaldata_dag.py for tasks to queue
[2026-06-08T16:14:54.264+0000] {logging_mixin.py:188} INFO - [2026-06-08T16:14:54.263+0000] {dagbag.py:540} INFO - Filling up the DagBag from /opt/airflow/dags/kaldata_dag.py
[2026-06-08T16:14:54.346+0000] {processor.py:840} INFO - DAG(s) 'kaldata_scraper' retrieved from /opt/airflow/dags/kaldata_dag.py
[2026-06-08T16:14:54.418+0000] {logging_mixin.py:188} INFO - [2026-06-08T16:14:54.417+0000] {dag.py:3047} INFO - Sync 1 DAGs
[2026-06-08T16:14:54.478+0000] {logging_mixin.py:188} INFO - [2026-06-08T16:14:54.478+0000] {dag.py:3834} INFO - Setting next_dagrun for kaldata_scraper to 2026-06-08 00:00:00+00:00, run_after=2026-06-09 00:00:00+00:00
[2026-06-08T16:14:54.544+0000] {processor.py:183} INFO - Processing /opt/airflow/dags/kaldata_dag.py took 0.297 seconds
[2026-06-08T16:15:25.012+0000] {processor.py:161} INFO - Started process (PID=6141) to work on /opt/airflow/dags/kaldata_dag.py
[2026-06-08T16:15:25.015+0000] {processor.py:830} INFO - Processing file /opt/airflow/dags/kaldata_dag.py for tasks to queue
[2026-06-08T16:15:25.019+0000] {logging_mixin.py:188} INFO - [2026-06-08T16:15:25.017+0000] {dagbag.py:540} INFO - Filling up the DagBag from /opt/airflow/dags/kaldata_dag.py
[2026-06-08T16:15:25.076+0000] {processor.py:840} INFO - DAG(s) 'kaldata_scraper' retrieved from /opt/airflow/dags/kaldata_dag.py
[2026-06-08T16:15:25.145+0000] {logging_mixin.py:188} INFO - [2026-06-08T16:15:25.144+0000] {dag.py:3047} INFO - Sync 1 DAGs
[2026-06-08T16:15:25.207+0000] {logging_mixin.py:188} INFO - [2026-06-08T16:15:25.206+0000] {dag.py:3834} INFO - Setting next_dagrun for kaldata_scraper to 2026-06-08 00:00:00+00:00, run_after=2026-06-09 00:00:00+00:00
[2026-06-08T16:15:25.257+0000] {processor.py:183} INFO - Processing /opt/airflow/dags/kaldata_dag.py took 0.256 seconds
[2026-06-08T16:15:55.882+0000] {processor.py:161} INFO - Started process (PID=6171) to work on /opt/airflow/dags/kaldata_dag.py
[2026-06-08T16:15:55.901+0000] {processor.py:830} INFO - Processing file /opt/airflow/dags/kaldata_dag.py for tasks to queue
[2026-06-08T16:15:55.910+0000] {logging_mixin.py:188} INFO - [2026-06-08T16:15:55.909+0000] {dagbag.py:540} INFO - Filling up the DagBag from /opt/airflow/dags/kaldata_dag.py
[2026-06-08T16:15:56.009+0000] {processor.py:840} INFO - DAG(s) 'kaldata_scraper' retrieved from /opt/airflow/dags/kaldata_dag.py
[2026-06-08T16:15:56.083+0000] {logging_mixin.py:188} INFO - [2026-06-08T16:15:56.082+0000] {dag.py:3047} INFO - Sync 1 DAGs
[2026-06-08T16:15:56.170+0000] {logging_mixin.py:188} INFO - [2026-06-08T16:15:56.168+0000] {dag.py:3834} INFO - Setting next_dagrun for kaldata_scraper to 2026-06-08 00:00:00+00:00, run_after=2026-06-09 00:00:00+00:00
[2026-06-08T16:15:56.220+0000] {processor.py:183} INFO - Processing /opt/airflow/dags/kaldata_dag.py took 0.369 seconds
[2026-06-08T16:16:26.692+0000] {processor.py:161} INFO - Started process (PID=6201) to work on /opt/airflow/dags/kaldata_dag.py
[2026-06-08T16:16:26.695+0000] {processor.py:830} INFO - Processing file /opt/airflow/dags/kaldata_dag.py for tasks to queue
[2026-06-08T16:16:26.698+0000] {logging_mixin.py:188} INFO - [2026-06-08T16:16:26.697+0000] {dagbag.py:540} INFO - Filling up the DagBag from /opt/airflow/dags/kaldata_dag.py
[2026-06-08T16:16:26.756+0000] {processor.py:840} INFO - DAG(s) 'kaldata_scraper' retrieved from /opt/airflow/dags/kaldata_dag.py
[2026-06-08T16:16:26.827+0000] {logging_mixin.py:188} INFO - [2026-06-08T16:16:26.827+0000] {dag.py:3047} INFO - Sync 1 DAGs
[2026-06-08T16:16:26.888+0000] {logging_mixin.py:188} INFO - [2026-06-08T16:16:26.887+0000] {dag.py:3834} INFO - Setting next_dagrun for kaldata_scraper to 2026-06-08 00:00:00+00:00, run_after=2026-06-09 00:00:00+00:00
[2026-06-08T16:16:26.943+0000] {processor.py:183} INFO - Processing /opt/airflow/dags/kaldata_dag.py took 0.263 seconds
[2026-06-08T16:16:57.160+0000] {processor.py:161} INFO - Started process (PID=6231) to work on /opt/airflow/dags/kaldata_dag.py
[2026-06-08T16:16:57.163+0000] {processor.py:830} INFO - Processing file /opt/airflow/dags/kaldata_dag.py for tasks to queue
[2026-06-08T16:16:57.166+0000] {logging_mixin.py:188} INFO - [2026-06-08T16:16:57.165+0000] {dagbag.py:540} INFO - Filling up the DagBag from /opt/airflow/dags/kaldata_dag.py
[2026-06-08T16:16:57.220+0000] {processor.py:840} INFO - DAG(s) 'kaldata_scraper' retrieved from /opt/airflow/dags/kaldata_dag.py
[2026-06-08T16:16:57.287+0000] {logging_mixin.py:188} INFO - [2026-06-08T16:16:57.286+0000] {dag.py:3047} INFO - Sync 1 DAGs
[2026-06-08T16:16:57.361+0000] {logging_mixin.py:188} INFO - [2026-06-08T16:16:57.360+0000] {dag.py:3834} INFO - Setting next_dagrun for kaldata_scraper to 2026-06-08 00:00:00+00:00, run_after=2026-06-09 00:00:00+00:00
[2026-06-08T16:16:57.536+0000] {processor.py:183} INFO - Processing /opt/airflow/dags/kaldata_dag.py took 0.387 seconds
[2026-06-08T16:17:27.964+0000] {processor.py:161} INFO - Started process (PID=6261) to work on /opt/airflow/dags/kaldata_dag.py
[2026-06-08T16:17:27.968+0000] {processor.py:830} INFO - Processing file /opt/airflow/dags/kaldata_dag.py for tasks to queue
[2026-06-08T16:17:27.971+0000] {logging_mixin.py:188} INFO - [2026-06-08T16:17:27.970+0000] {dagbag.py:540} INFO - Filling up the DagBag from /opt/airflow/dags/kaldata_dag.py
[2026-06-08T16:17:28.024+0000] {processor.py:840} INFO - DAG(s) 'kaldata_scraper' retrieved from /opt/airflow/dags/kaldata_dag.py
[2026-06-08T16:17:28.095+0000] {logging_mixin.py:188} INFO - [2026-06-08T16:17:28.095+0000] {dag.py:3047} INFO - Sync 1 DAGs
[2026-06-08T16:17:28.155+0000] {logging_mixin.py:188} INFO - [2026-06-08T16:17:28.154+0000] {dag.py:3834} INFO - Setting next_dagrun for kaldata_scraper to 2026-06-08 00:00:00+00:00, run_after=2026-06-09 00:00:00+00:00
[2026-06-08T16:17:28.208+0000] {processor.py:183} INFO - Processing /opt/airflow/dags/kaldata_dag.py took 0.255 seconds
[2026-06-08T16:17:59.296+0000] {processor.py:161} INFO - Started process (PID=6291) to work on /opt/airflow/dags/kaldata_dag.py
[2026-06-08T16:17:59.299+0000] {processor.py:830} INFO - Processing file /opt/airflow/dags/kaldata_dag.py for tasks to queue
[2026-06-08T16:17:59.302+0000] {logging_mixin.py:188} INFO - [2026-06-08T16:17:59.301+0000] {dagbag.py:540} INFO - Filling up the DagBag from /opt/airflow/dags/kaldata_dag.py
[2026-06-08T16:17:59.354+0000] {processor.py:840} INFO - DAG(s) 'kaldata_scraper' retrieved from /opt/airflow/dags/kaldata_dag.py
[2026-06-08T16:17:59.419+0000] {logging_mixin.py:188} INFO - [2026-06-08T16:17:59.418+0000] {dag.py:3047} INFO - Sync 1 DAGs
[2026-06-08T16:17:59.479+0000] {logging_mixin.py:188} INFO - [2026-06-08T16:17:59.478+0000] {dag.py:3834} INFO - Setting next_dagrun for kaldata_scraper to 2026-06-08 00:00:00+00:00, run_after=2026-06-09 00:00:00+00:00
[2026-06-08T16:17:59.532+0000] {processor.py:183} INFO - Processing /opt/airflow/dags/kaldata_dag.py took 0.244 seconds
[2026-06-08T16:18:29.968+0000] {processor.py:161} INFO - Started process (PID=6321) to work on /opt/airflow/dags/kaldata_dag.py
[2026-06-08T16:18:29.973+0000] {processor.py:830} INFO - Processing file /opt/airflow/dags/kaldata_dag.py for tasks to queue
[2026-06-08T16:18:29.976+0000] {logging_mixin.py:188} INFO - [2026-06-08T16:18:29.975+0000] {dagbag.py:540} INFO - Filling up the DagBag from /opt/airflow/dags/kaldata_dag.py
[2026-06-08T16:18:30.029+0000] {processor.py:840} INFO - DAG(s) 'kaldata_scraper' retrieved from /opt/airflow/dags/kaldata_dag.py
[2026-06-08T16:18:30.110+0000] {logging_mixin.py:188} INFO - [2026-06-08T16:18:30.109+0000] {dag.py:3047} INFO - Sync 1 DAGs
[2026-06-08T16:18:30.186+0000] {logging_mixin.py:188} INFO - [2026-06-08T16:18:30.185+0000] {dag.py:3834} INFO - Setting next_dagrun for kaldata_scraper to 2026-06-08 00:00:00+00:00, run_after=2026-06-09 00:00:00+00:00
[2026-06-08T16:18:30.238+0000] {processor.py:183} INFO - Processing /opt/airflow/dags/kaldata_dag.py took 0.280 seconds
[2026-06-08T16:19:01.015+0000] {processor.py:161} INFO - Started process (PID=6351) to work on /opt/airflow/dags/kaldata_dag.py
[2026-06-08T16:19:01.045+0000] {processor.py:830} INFO - Processing file /opt/airflow/dags/kaldata_dag.py for tasks to queue
[2026-06-08T16:19:01.058+0000] {logging_mixin.py:188} INFO - [2026-06-08T16:19:01.057+0000] {dagbag.py:540} INFO - Filling up the DagBag from /opt/airflow/dags/kaldata_dag.py
[2026-06-08T16:19:01.183+0000] {processor.py:840} INFO - DAG(s) 'kaldata_scraper' retrieved from /opt/airflow/dags/kaldata_dag.py
[2026-06-08T16:19:01.296+0000] {logging_mixin.py:188} INFO - [2026-06-08T16:19:01.295+0000] {dag.py:3047} INFO - Sync 1 DAGs
[2026-06-08T16:19:01.418+0000] {logging_mixin.py:188} INFO - [2026-06-08T16:19:01.418+0000] {dag.py:3834} INFO - Setting next_dagrun for kaldata_scraper to 2026-06-08 00:00:00+00:00, run_after=2026-06-09 00:00:00+00:00
[2026-06-08T16:19:01.523+0000] {processor.py:183} INFO - Processing /opt/airflow/dags/kaldata_dag.py took 0.529 seconds
[2026-06-08T16:19:31.870+0000] {processor.py:161} INFO - Started process (PID=6381) to work on /opt/airflow/dags/kaldata_dag.py
[2026-06-08T16:19:31.873+0000] {processor.py:830} INFO - Processing file /opt/airflow/dags/kaldata_dag.py for tasks to queue
[2026-06-08T16:19:31.876+0000] {logging_mixin.py:188} INFO - [2026-06-08T16:19:31.875+0000] {dagbag.py:540} INFO - Filling up the DagBag from /opt/airflow/dags/kaldata_dag.py
[2026-06-08T16:19:31.927+0000] {processor.py:840} INFO - DAG(s) 'kaldata_scraper' retrieved from /opt/airflow/dags/kaldata_dag.py
[2026-06-08T16:19:31.994+0000] {logging_mixin.py:188} INFO - [2026-06-08T16:19:31.993+0000] {dag.py:3047} INFO - Sync 1 DAGs
[2026-06-08T16:19:32.054+0000] {logging_mixin.py:188} INFO - [2026-06-08T16:19:32.053+0000] {dag.py:3834} INFO - Setting next_dagrun for kaldata_scraper to 2026-06-08 00:00:00+00:00, run_after=2026-06-09 00:00:00+00:00
[2026-06-08T16:19:32.110+0000] {processor.py:183} INFO - Processing /opt/airflow/dags/kaldata_dag.py took 0.250 seconds
[2026-06-08T16:20:02.305+0000] {processor.py:161} INFO - Started process (PID=6411) to work on /opt/airflow/dags/kaldata_dag.py
[2026-06-08T16:20:02.308+0000] {processor.py:830} INFO - Processing file /opt/airflow/dags/kaldata_dag.py for tasks to queue
[2026-06-08T16:20:02.311+0000] {logging_mixin.py:188} INFO - [2026-06-08T16:20:02.311+0000] {dagbag.py:540} INFO - Filling up the DagBag from /opt/airflow/dags/kaldata_dag.py
[2026-06-08T16:20:02.401+0000] {processor.py:840} INFO - DAG(s) 'kaldata_scraper' retrieved from /opt/airflow/dags/kaldata_dag.py
[2026-06-08T16:20:02.485+0000] {logging_mixin.py:188} INFO - [2026-06-08T16:20:02.484+0000] {dag.py:3047} INFO - Sync 1 DAGs
[2026-06-08T16:20:02.547+0000] {logging_mixin.py:188} INFO - [2026-06-08T16:20:02.546+0000] {dag.py:3834} INFO - Setting next_dagrun for kaldata_scraper to 2026-06-08 00:00:00+00:00, run_after=2026-06-09 00:00:00+00:00
[2026-06-08T16:20:02.595+0000] {processor.py:183} INFO - Processing /opt/airflow/dags/kaldata_dag.py took 0.300 seconds
[2026-06-08T16:20:33.181+0000] {processor.py:161} INFO - Started process (PID=6441) to work on /opt/airflow/dags/kaldata_dag.py
[2026-06-08T16:20:33.184+0000] {processor.py:830} INFO - Processing file /opt/airflow/dags/kaldata_dag.py for tasks to queue
[2026-06-08T16:20:33.187+0000] {logging_mixin.py:188} INFO - [2026-06-08T16:20:33.186+0000] {dagbag.py:540} INFO - Filling up the DagBag from /opt/airflow/dags/kaldata_dag.py
[2026-06-08T16:20:33.240+0000] {processor.py:840} INFO - DAG(s) 'kaldata_scraper' retrieved from /opt/airflow/dags/kaldata_dag.py
[2026-06-08T16:20:33.308+0000] {logging_mixin.py:188} INFO - [2026-06-08T16:20:33.308+0000] {dag.py:3047} INFO - Sync 1 DAGs
[2026-06-08T16:20:33.377+0000] {logging_mixin.py:188} INFO - [2026-06-08T16:20:33.376+0000] {dag.py:3834} INFO - Setting next_dagrun for kaldata_scraper to 2026-06-08 00:00:00+00:00, run_after=2026-06-09 00:00:00+00:00
[2026-06-08T16:20:33.434+0000] {processor.py:183} INFO - Processing /opt/airflow/dags/kaldata_dag.py took 0.264 seconds
[2026-06-08T16:21:04.290+0000] {processor.py:161} INFO - Started process (PID=6471) to work on /opt/airflow/dags/kaldata_dag.py
[2026-06-08T16:21:04.293+0000] {processor.py:830} INFO - Processing file /opt/airflow/dags/kaldata_dag.py for tasks to queue
[2026-06-08T16:21:04.296+0000] {logging_mixin.py:188} INFO - [2026-06-08T16:21:04.295+0000] {dagbag.py:540} INFO - Filling up the DagBag from /opt/airflow/dags/kaldata_dag.py
[2026-06-08T16:21:04.351+0000] {processor.py:840} INFO - DAG(s) 'kaldata_scraper' retrieved from /opt/airflow/dags/kaldata_dag.py
[2026-06-08T16:21:04.421+0000] {logging_mixin.py:188} INFO - [2026-06-08T16:21:04.421+0000] {dag.py:3047} INFO - Sync 1 DAGs
[2026-06-08T16:21:04.486+0000] {logging_mixin.py:188} INFO - [2026-06-08T16:21:04.486+0000] {dag.py:3834} INFO - Setting next_dagrun for kaldata_scraper to 2026-06-08 00:00:00+00:00, run_after=2026-06-09 00:00:00+00:00
[2026-06-08T16:21:04.539+0000] {processor.py:183} INFO - Processing /opt/airflow/dags/kaldata_dag.py took 0.259 seconds
[2026-06-08T16:21:35.477+0000] {processor.py:161} INFO - Started process (PID=6501) to work on /opt/airflow/dags/kaldata_dag.py
[2026-06-08T16:21:35.482+0000] {processor.py:830} INFO - Processing file /opt/airflow/dags/kaldata_dag.py for tasks to queue
[2026-06-08T16:21:35.496+0000] {logging_mixin.py:188} INFO - [2026-06-08T16:21:35.495+0000] {dagbag.py:540} INFO - Filling up the DagBag from /opt/airflow/dags/kaldata_dag.py
[2026-06-08T16:21:35.650+0000] {processor.py:840} INFO - DAG(s) 'kaldata_scraper' retrieved from /opt/airflow/dags/kaldata_dag.py
[2026-06-08T16:21:35.768+0000] {logging_mixin.py:188} INFO - [2026-06-08T16:21:35.767+0000] {dag.py:3047} INFO - Sync 1 DAGs
[2026-06-08T16:21:35.856+0000] {logging_mixin.py:188} INFO - [2026-06-08T16:21:35.856+0000] {dag.py:3834} INFO - Setting next_dagrun for kaldata_scraper to 2026-06-08 00:00:00+00:00, run_after=2026-06-09 00:00:00+00:00
[2026-06-08T16:21:35.946+0000] {processor.py:183} INFO - Processing /opt/airflow/dags/kaldata_dag.py took 0.487 seconds
[2026-06-08T16:22:06.562+0000] {processor.py:161} INFO - Started process (PID=6531) to work on /opt/airflow/dags/kaldata_dag.py
[2026-06-08T16:22:06.566+0000] {processor.py:830} INFO - Processing file /opt/airflow/dags/kaldata_dag.py for tasks to queue
[2026-06-08T16:22:06.570+0000] {logging_mixin.py:188} INFO - [2026-06-08T16:22:06.569+0000] {dagbag.py:540} INFO - Filling up the DagBag from /opt/airflow/dags/kaldata_dag.py
[2026-06-08T16:22:06.652+0000] {processor.py:840} INFO - DAG(s) 'kaldata_scraper' retrieved from /opt/airflow/dags/kaldata_dag.py
[2026-06-08T16:22:06.720+0000] {logging_mixin.py:188} INFO - [2026-06-08T16:22:06.720+0000] {dag.py:3047} INFO - Sync 1 DAGs
[2026-06-08T16:22:06.783+0000] {logging_mixin.py:188} INFO - [2026-06-08T16:22:06.782+0000] {dag.py:3834} INFO - Setting next_dagrun for kaldata_scraper to 2026-06-08 00:00:00+00:00, run_after=2026-06-09 00:00:00+00:00
[2026-06-08T16:22:06.836+0000] {processor.py:183} INFO - Processing /opt/airflow/dags/kaldata_dag.py took 0.284 seconds
[2026-06-08T16:22:37.116+0000] {processor.py:161} INFO - Started process (PID=6561) to work on /opt/airflow/dags/kaldata_dag.py
[2026-06-08T16:22:37.119+0000] {processor.py:830} INFO - Processing file /opt/airflow/dags/kaldata_dag.py for tasks to queue
[2026-06-08T16:22:37.123+0000] {logging_mixin.py:188} INFO - [2026-06-08T16:22:37.121+0000] {dagbag.py:540} INFO - Filling up the DagBag from /opt/airflow/dags/kaldata_dag.py
[2026-06-08T16:22:37.176+0000] {processor.py:840} INFO - DAG(s) 'kaldata_scraper' retrieved from /opt/airflow/dags/kaldata_dag.py
[2026-06-08T16:22:37.268+0000] {logging_mixin.py:188} INFO - [2026-06-08T16:22:37.268+0000] {dag.py:3047} INFO - Sync 1 DAGs
[2026-06-08T16:22:37.330+0000] {logging_mixin.py:188} INFO - [2026-06-08T16:22:37.329+0000] {dag.py:3834} INFO - Setting next_dagrun for kaldata_scraper to 2026-06-08 00:00:00+00:00, run_after=2026-06-09 00:00:00+00:00
[2026-06-08T16:22:37.407+0000] {processor.py:183} INFO - Processing /opt/airflow/dags/kaldata_dag.py took 0.301 seconds
[2026-06-08T16:23:07.644+0000] {processor.py:161} INFO - Started process (PID=6591) to work on /opt/airflow/dags/kaldata_dag.py
[2026-06-08T16:23:07.647+0000] {processor.py:830} INFO - Processing file /opt/airflow/dags/kaldata_dag.py for tasks to queue
[2026-06-08T16:23:07.650+0000] {logging_mixin.py:188} INFO - [2026-06-08T16:23:07.649+0000] {dagbag.py:540} INFO - Filling up the DagBag from /opt/airflow/dags/kaldata_dag.py
[2026-06-08T16:23:07.712+0000] {processor.py:840} INFO - DAG(s) 'kaldata_scraper' retrieved from /opt/airflow/dags/kaldata_dag.py
[2026-06-08T16:23:07.779+0000] {logging_mixin.py:188} INFO - [2026-06-08T16:23:07.778+0000] {dag.py:3047} INFO - Sync 1 DAGs
[2026-06-08T16:23:07.852+0000] {logging_mixin.py:188} INFO - [2026-06-08T16:23:07.851+0000] {dag.py:3834} INFO - Setting next_dagrun for kaldata_scraper to 2026-06-08 00:00:00+00:00, run_after=2026-06-09 00:00:00+00:00
[2026-06-08T16:23:07.911+0000] {processor.py:183} INFO - Processing /opt/airflow/dags/kaldata_dag.py took 0.279 seconds
[2026-06-08T16:23:38.973+0000] {processor.py:161} INFO - Started process (PID=6621) to work on /opt/airflow/dags/kaldata_dag.py
[2026-06-08T16:23:38.976+0000] {processor.py:830} INFO - Processing file /opt/airflow/dags/kaldata_dag.py for tasks to queue
[2026-06-08T16:23:38.979+0000] {logging_mixin.py:188} INFO - [2026-06-08T16:23:38.978+0000] {dagbag.py:540} INFO - Filling up the DagBag from /opt/airflow/dags/kaldata_dag.py
[2026-06-08T16:23:39.032+0000] {processor.py:840} INFO - DAG(s) 'kaldata_scraper' retrieved from /opt/airflow/dags/kaldata_dag.py
[2026-06-08T16:23:39.100+0000] {logging_mixin.py:188} INFO - [2026-06-08T16:23:39.096+0000] {dag.py:3047} INFO - Sync 1 DAGs
[2026-06-08T16:23:39.176+0000] {logging_mixin.py:188} INFO - [2026-06-08T16:23:39.175+0000] {dag.py:3834} INFO - Setting next_dagrun for kaldata_scraper to 2026-06-08 00:00:00+00:00, run_after=2026-06-09 00:00:00+00:00
[2026-06-08T16:23:39.224+0000] {processor.py:183} INFO - Processing /opt/airflow/dags/kaldata_dag.py took 0.260 seconds
[2026-06-08T16:24:10.305+0000] {processor.py:161} INFO - Started process (PID=6651) to work on /opt/airflow/dags/kaldata_dag.py
[2026-06-08T16:24:10.308+0000] {processor.py:830} INFO - Processing file /opt/airflow/dags/kaldata_dag.py for tasks to queue
[2026-06-08T16:24:10.311+0000] {logging_mixin.py:188} INFO - [2026-06-08T16:24:10.310+0000] {dagbag.py:540} INFO - Filling up the DagBag from /opt/airflow/dags/kaldata_dag.py
[2026-06-08T16:24:10.369+0000] {processor.py:840} INFO - DAG(s) 'kaldata_scraper' retrieved from /opt/airflow/dags/kaldata_dag.py
[2026-06-08T16:24:10.441+0000] {logging_mixin.py:188} INFO - [2026-06-08T16:24:10.440+0000] {dag.py:3047} INFO - Sync 1 DAGs
[2026-06-08T16:24:10.500+0000] {logging_mixin.py:188} INFO - [2026-06-08T16:24:10.499+0000] {dag.py:3834} INFO - Setting next_dagrun for kaldata_scraper to 2026-06-08 00:00:00+00:00, run_after=2026-06-09 00:00:00+00:00
[2026-06-08T16:24:10.553+0000] {processor.py:183} INFO - Processing /opt/airflow/dags/kaldata_dag.py took 0.260 seconds
[2026-06-08T16:24:41.202+0000] {processor.py:161} INFO - Started process (PID=6681) to work on /opt/airflow/dags/kaldata_dag.py
[2026-06-08T16:24:41.207+0000] {processor.py:830} INFO - Processing file /opt/airflow/dags/kaldata_dag.py for tasks to queue
[2026-06-08T16:24:41.212+0000] {logging_mixin.py:188} INFO - [2026-06-08T16:24:41.210+0000] {dagbag.py:540} INFO - Filling up the DagBag from /opt/airflow/dags/kaldata_dag.py
[2026-06-08T16:24:41.302+0000] {processor.py:840} INFO - DAG(s) 'kaldata_scraper' retrieved from /opt/airflow/dags/kaldata_dag.py
[2026-06-08T16:24:41.425+0000] {logging_mixin.py:188} INFO - [2026-06-08T16:24:41.424+0000] {dag.py:3047} INFO - Sync 1 DAGs
[2026-06-08T16:24:41.549+0000] {logging_mixin.py:188} INFO - [2026-06-08T16:24:41.547+0000] {dag.py:3834} INFO - Setting next_dagrun for kaldata_scraper to 2026-06-08 00:00:00+00:00, run_after=2026-06-09 00:00:00+00:00
[2026-06-08T16:24:41.633+0000] {processor.py:183} INFO - Processing /opt/airflow/dags/kaldata_dag.py took 0.449 seconds
[2026-06-08T16:25:12.589+0000] {processor.py:161} INFO - Started process (PID=6711) to work on /opt/airflow/dags/kaldata_dag.py
[2026-06-08T16:25:12.592+0000] {processor.py:830} INFO - Processing file /opt/airflow/dags/kaldata_dag.py for tasks to queue
[2026-06-08T16:25:12.595+0000] {logging_mixin.py:188} INFO - [2026-06-08T16:25:12.594+0000] {dagbag.py:540} INFO - Filling up the DagBag from /opt/airflow/dags/kaldata_dag.py
[2026-06-08T16:25:12.651+0000] {processor.py:840} INFO - DAG(s) 'kaldata_scraper' retrieved from /opt/airflow/dags/kaldata_dag.py
[2026-06-08T16:25:12.719+0000] {logging_mixin.py:188} INFO - [2026-06-08T16:25:12.719+0000] {dag.py:3047} INFO - Sync 1 DAGs
[2026-06-08T16:25:12.918+0000] {logging_mixin.py:188} INFO - [2026-06-08T16:25:12.917+0000] {dag.py:3834} INFO - Setting next_dagrun for kaldata_scraper to 2026-06-08 00:00:00+00:00, run_after=2026-06-09 00:00:00+00:00
[2026-06-08T16:25:13.060+0000] {processor.py:183} INFO - Processing /opt/airflow/dags/kaldata_dag.py took 0.482 seconds
[2026-06-08T16:25:43.255+0000] {processor.py:161} INFO - Started process (PID=6741) to work on /opt/airflow/dags/kaldata_dag.py
[2026-06-08T16:25:43.258+0000] {processor.py:830} INFO - Processing file /opt/airflow/dags/kaldata_dag.py for tasks to queue
[2026-06-08T16:25:43.261+0000] {logging_mixin.py:188} INFO - [2026-06-08T16:25:43.260+0000] {dagbag.py:540} INFO - Filling up the DagBag from /opt/airflow/dags/kaldata_dag.py
[2026-06-08T16:25:43.313+0000] {processor.py:840} INFO - DAG(s) 'kaldata_scraper' retrieved from /opt/airflow/dags/kaldata_dag.py
[2026-06-08T16:25:43.376+0000] {logging_mixin.py:188} INFO - [2026-06-08T16:25:43.375+0000] {dag.py:3047} INFO - Sync 1 DAGs
[2026-06-08T16:25:43.435+0000] {logging_mixin.py:188} INFO - [2026-06-08T16:25:43.435+0000] {dag.py:3834} INFO - Setting next_dagrun for kaldata_scraper to 2026-06-08 00:00:00+00:00, run_after=2026-06-09 00:00:00+00:00
[2026-06-08T16:25:43.487+0000] {processor.py:183} INFO - Processing /opt/airflow/dags/kaldata_dag.py took 0.243 seconds
[2026-06-08T16:26:13.631+0000] {processor.py:161} INFO - Started process (PID=6771) to work on /opt/airflow/dags/kaldata_dag.py
[2026-06-08T16:26:13.634+0000] {processor.py:830} INFO - Processing file /opt/airflow/dags/kaldata_dag.py for tasks to queue
[2026-06-08T16:26:13.637+0000] {logging_mixin.py:188} INFO - [2026-06-08T16:26:13.636+0000] {dagbag.py:540} INFO - Filling up the DagBag from /opt/airflow/dags/kaldata_dag.py
[2026-06-08T16:26:13.692+0000] {processor.py:840} INFO - DAG(s) 'kaldata_scraper' retrieved from /opt/airflow/dags/kaldata_dag.py
[2026-06-08T16:26:13.762+0000] {logging_mixin.py:188} INFO - [2026-06-08T16:26:13.761+0000] {dag.py:3047} INFO - Sync 1 DAGs
[2026-06-08T16:26:13.824+0000] {logging_mixin.py:188} INFO - [2026-06-08T16:26:13.823+0000] {dag.py:3834} INFO - Setting next_dagrun for kaldata_scraper to 2026-06-08 00:00:00+00:00, run_after=2026-06-09 00:00:00+00:00
[2026-06-08T16:26:13.874+0000] {processor.py:183} INFO - Processing /opt/airflow/dags/kaldata_dag.py took 0.254 seconds
[2026-06-08T16:26:44.094+0000] {processor.py:161} INFO - Started process (PID=6801) to work on /opt/airflow/dags/kaldata_dag.py
[2026-06-08T16:26:44.098+0000] {processor.py:830} INFO - Processing file /opt/airflow/dags/kaldata_dag.py for tasks to queue
[2026-06-08T16:26:44.101+0000] {logging_mixin.py:188} INFO - [2026-06-08T16:26:44.100+0000] {dagbag.py:540} INFO - Filling up the DagBag from /opt/airflow/dags/kaldata_dag.py
[2026-06-08T16:26:44.152+0000] {processor.py:840} INFO - DAG(s) 'kaldata_scraper' retrieved from /opt/airflow/dags/kaldata_dag.py
[2026-06-08T16:26:44.222+0000] {logging_mixin.py:188} INFO - [2026-06-08T16:26:44.221+0000] {dag.py:3047} INFO - Sync 1 DAGs
[2026-06-08T16:26:44.291+0000] {logging_mixin.py:188} INFO - [2026-06-08T16:26:44.290+0000] {dag.py:3834} INFO - Setting next_dagrun for kaldata_scraper to 2026-06-08 00:00:00+00:00, run_after=2026-06-09 00:00:00+00:00
[2026-06-08T16:26:44.340+0000] {processor.py:183} INFO - Processing /opt/airflow/dags/kaldata_dag.py took 0.256 seconds
[2026-06-08T16:27:14.817+0000] {processor.py:161} INFO - Started process (PID=6831) to work on /opt/airflow/dags/kaldata_dag.py
[2026-06-08T16:27:14.821+0000] {processor.py:830} INFO - Processing file /opt/airflow/dags/kaldata_dag.py for tasks to queue
[2026-06-08T16:27:14.824+0000] {logging_mixin.py:188} INFO - [2026-06-08T16:27:14.823+0000] {dagbag.py:540} INFO - Filling up the DagBag from /opt/airflow/dags/kaldata_dag.py
[2026-06-08T16:27:14.876+0000] {processor.py:840} INFO - DAG(s) 'kaldata_scraper' retrieved from /opt/airflow/dags/kaldata_dag.py
[2026-06-08T16:27:14.946+0000] {logging_mixin.py:188} INFO - [2026-06-08T16:27:14.945+0000] {dag.py:3047} INFO - Sync 1 DAGs
[2026-06-08T16:27:15.011+0000] {logging_mixin.py:188} INFO - [2026-06-08T16:27:15.011+0000] {dag.py:3834} INFO - Setting next_dagrun for kaldata_scraper to 2026-06-08 00:00:00+00:00, run_after=2026-06-09 00:00:00+00:00
[2026-06-08T16:27:15.303+0000] {processor.py:183} INFO - Processing /opt/airflow/dags/kaldata_dag.py took 0.497 seconds
[2026-06-08T16:27:45.606+0000] {processor.py:161} INFO - Started process (PID=6861) to work on /opt/airflow/dags/kaldata_dag.py
[2026-06-08T16:27:45.610+0000] {processor.py:830} INFO - Processing file /opt/airflow/dags/kaldata_dag.py for tasks to queue
[2026-06-08T16:27:45.613+0000] {logging_mixin.py:188} INFO - [2026-06-08T16:27:45.612+0000] {dagbag.py:540} INFO - Filling up the DagBag from /opt/airflow/dags/kaldata_dag.py
[2026-06-08T16:27:45.663+0000] {processor.py:840} INFO - DAG(s) 'kaldata_scraper' retrieved from /opt/airflow/dags/kaldata_dag.py
[2026-06-08T16:27:45.730+0000] {logging_mixin.py:188} INFO - [2026-06-08T16:27:45.730+0000] {dag.py:3047} INFO - Sync 1 DAGs
[2026-06-08T16:27:45.791+0000] {logging_mixin.py:188} INFO - [2026-06-08T16:27:45.791+0000] {dag.py:3834} INFO - Setting next_dagrun for kaldata_scraper to 2026-06-08 00:00:00+00:00, run_after=2026-06-09 00:00:00+00:00
[2026-06-08T16:27:45.846+0000] {processor.py:183} INFO - Processing /opt/airflow/dags/kaldata_dag.py took 0.250 seconds
[2026-06-08T16:28:16.423+0000] {processor.py:161} INFO - Started process (PID=6891) to work on /opt/airflow/dags/kaldata_dag.py
[2026-06-08T16:28:16.426+0000] {processor.py:830} INFO - Processing file /opt/airflow/dags/kaldata_dag.py for tasks to queue
[2026-06-08T16:28:16.430+0000] {logging_mixin.py:188} INFO - [2026-06-08T16:28:16.429+0000] {dagbag.py:540} INFO - Filling up the DagBag from /opt/airflow/dags/kaldata_dag.py
[2026-06-08T16:28:16.623+0000] {processor.py:840} INFO - DAG(s) 'kaldata_scraper' retrieved from /opt/airflow/dags/kaldata_dag.py
[2026-06-08T16:28:16.858+0000] {logging_mixin.py:188} INFO - [2026-06-08T16:28:16.858+0000] {dag.py:3047} INFO - Sync 1 DAGs
[2026-06-08T16:28:17.069+0000] {logging_mixin.py:188} INFO - [2026-06-08T16:28:17.069+0000] {dag.py:3834} INFO - Setting next_dagrun for kaldata_scraper to 2026-06-08 00:00:00+00:00, run_after=2026-06-09 00:00:00+00:00
[2026-06-08T16:28:17.180+0000] {processor.py:183} INFO - Processing /opt/airflow/dags/kaldata_dag.py took 0.768 seconds
[2026-06-08T16:28:47.849+0000] {processor.py:161} INFO - Started process (PID=6921) to work on /opt/airflow/dags/kaldata_dag.py
[2026-06-08T16:28:47.852+0000] {processor.py:830} INFO - Processing file /opt/airflow/dags/kaldata_dag.py for tasks to queue
[2026-06-08T16:28:47.855+0000] {logging_mixin.py:188} INFO - [2026-06-08T16:28:47.854+0000] {dagbag.py:540} INFO - Filling up the DagBag from /opt/airflow/dags/kaldata_dag.py
[2026-06-08T16:28:47.908+0000] {processor.py:840} INFO - DAG(s) 'kaldata_scraper' retrieved from /opt/airflow/dags/kaldata_dag.py
[2026-06-08T16:28:47.973+0000] {logging_mixin.py:188} INFO - [2026-06-08T16:28:47.972+0000] {dag.py:3047} INFO - Sync 1 DAGs
[2026-06-08T16:28:48.033+0000] {logging_mixin.py:188} INFO - [2026-06-08T16:28:48.033+0000] {dag.py:3834} INFO - Setting next_dagrun for kaldata_scraper to 2026-06-08 00:00:00+00:00, run_after=2026-06-09 00:00:00+00:00
[2026-06-08T16:28:48.314+0000] {processor.py:183} INFO - Processing /opt/airflow/dags/kaldata_dag.py took 0.474 seconds
[2026-06-08T16:29:18.635+0000] {processor.py:161} INFO - Started process (PID=6951) to work on /opt/airflow/dags/kaldata_dag.py
[2026-06-08T16:29:18.638+0000] {processor.py:830} INFO - Processing file /opt/airflow/dags/kaldata_dag.py for tasks to queue
[2026-06-08T16:29:18.641+0000] {logging_mixin.py:188} INFO - [2026-06-08T16:29:18.640+0000] {dagbag.py:540} INFO - Filling up the DagBag from /opt/airflow/dags/kaldata_dag.py
[2026-06-08T16:29:18.695+0000] {processor.py:840} INFO - DAG(s) 'kaldata_scraper' retrieved from /opt/airflow/dags/kaldata_dag.py
[2026-06-08T16:29:18.761+0000] {logging_mixin.py:188} INFO - [2026-06-08T16:29:18.761+0000] {dag.py:3047} INFO - Sync 1 DAGs
[2026-06-08T16:29:19.064+0000] {logging_mixin.py:188} INFO - [2026-06-08T16:29:19.063+0000] {dag.py:3834} INFO - Setting next_dagrun for kaldata_scraper to 2026-06-08 00:00:00+00:00, run_after=2026-06-09 00:00:00+00:00
[2026-06-08T16:29:19.113+0000] {processor.py:183} INFO - Processing /opt/airflow/dags/kaldata_dag.py took 0.490 seconds
[2026-06-08T16:29:49.338+0000] {processor.py:161} INFO - Started process (PID=6979) to work on /opt/airflow/dags/kaldata_dag.py
[2026-06-08T16:29:49.343+0000] {processor.py:830} INFO - Processing file /opt/airflow/dags/kaldata_dag.py for tasks to queue
[2026-06-08T16:29:49.355+0000] {logging_mixin.py:188} INFO - [2026-06-08T16:29:49.348+0000] {dagbag.py:540} INFO - Filling up the DagBag from /opt/airflow/dags/kaldata_dag.py
[2026-06-08T16:29:49.418+0000] {processor.py:840} INFO - DAG(s) 'kaldata_scraper' retrieved from /opt/airflow/dags/kaldata_dag.py
[2026-06-08T16:29:49.487+0000] {logging_mixin.py:188} INFO - [2026-06-08T16:29:49.486+0000] {dag.py:3047} INFO - Sync 1 DAGs
[2026-06-08T16:29:49.553+0000] {logging_mixin.py:188} INFO - [2026-06-08T16:29:49.553+0000] {dag.py:3834} INFO - Setting next_dagrun for kaldata_scraper to 2026-06-08 00:00:00+00:00, run_after=2026-06-09 00:00:00+00:00
[2026-06-08T16:29:49.629+0000] {processor.py:183} INFO - Processing /opt/airflow/dags/kaldata_dag.py took 0.302 seconds
[2026-06-08T16:30:19.939+0000] {processor.py:161} INFO - Started process (PID=7006) to work on /opt/airflow/dags/kaldata_dag.py
[2026-06-08T16:30:19.944+0000] {processor.py:830} INFO - Processing file /opt/airflow/dags/kaldata_dag.py for tasks to queue
[2026-06-08T16:30:19.948+0000] {logging_mixin.py:188} INFO - [2026-06-08T16:30:19.947+0000] {dagbag.py:540} INFO - Filling up the DagBag from /opt/airflow/dags/kaldata_dag.py
[2026-06-08T16:30:20.025+0000] {processor.py:840} INFO - DAG(s) 'kaldata_scraper' retrieved from /opt/airflow/dags/kaldata_dag.py
[2026-06-08T16:30:20.101+0000] {logging_mixin.py:188} INFO - [2026-06-08T16:30:20.100+0000] {dag.py:3047} INFO - Sync 1 DAGs
[2026-06-08T16:30:20.168+0000] {logging_mixin.py:188} INFO - [2026-06-08T16:30:20.167+0000] {dag.py:3834} INFO - Setting next_dagrun for kaldata_scraper to 2026-06-08 00:00:00+00:00, run_after=2026-06-09 00:00:00+00:00
[2026-06-08T16:30:20.683+0000] {processor.py:183} INFO - Processing /opt/airflow/dags/kaldata_dag.py took 0.756 seconds
[2026-06-08T16:30:52.094+0000] {processor.py:161} INFO - Started process (PID=7036) to work on /opt/airflow/dags/kaldata_dag.py
[2026-06-08T16:30:52.099+0000] {processor.py:830} INFO - Processing file /opt/airflow/dags/kaldata_dag.py for tasks to queue
[2026-06-08T16:30:52.105+0000] {logging_mixin.py:188} INFO - [2026-06-08T16:30:52.104+0000] {dagbag.py:540} INFO - Filling up the DagBag from /opt/airflow/dags/kaldata_dag.py
[2026-06-08T16:30:52.177+0000] {processor.py:840} INFO - DAG(s) 'kaldata_scraper' retrieved from /opt/airflow/dags/kaldata_dag.py
[2026-06-08T16:30:52.306+0000] {logging_mixin.py:188} INFO - [2026-06-08T16:30:52.305+0000] {dag.py:3047} INFO - Sync 1 DAGs
[2026-06-08T16:30:52.635+0000] {logging_mixin.py:188} INFO - [2026-06-08T16:30:52.634+0000] {dag.py:3834} INFO - Setting next_dagrun for kaldata_scraper to 2026-06-08 00:00:00+00:00, run_after=2026-06-09 00:00:00+00:00
[2026-06-08T16:30:52.687+0000] {processor.py:183} INFO - Processing /opt/airflow/dags/kaldata_dag.py took 0.627 seconds
[2026-06-08T16:31:23.807+0000] {processor.py:161} INFO - Started process (PID=7066) to work on /opt/airflow/dags/kaldata_dag.py
[2026-06-08T16:31:23.810+0000] {processor.py:830} INFO - Processing file /opt/airflow/dags/kaldata_dag.py for tasks to queue
[2026-06-08T16:31:23.822+0000] {logging_mixin.py:188} INFO - [2026-06-08T16:31:23.819+0000] {dagbag.py:540} INFO - Filling up the DagBag from /opt/airflow/dags/kaldata_dag.py
[2026-06-08T16:31:23.886+0000] {processor.py:840} INFO - DAG(s) 'kaldata_scraper' retrieved from /opt/airflow/dags/kaldata_dag.py
[2026-06-08T16:31:23.957+0000] {logging_mixin.py:188} INFO - [2026-06-08T16:31:23.956+0000] {dag.py:3047} INFO - Sync 1 DAGs
[2026-06-08T16:31:24.019+0000] {logging_mixin.py:188} INFO - [2026-06-08T16:31:24.019+0000] {dag.py:3834} INFO - Setting next_dagrun for kaldata_scraper to 2026-06-08 00:00:00+00:00, run_after=2026-06-09 00:00:00+00:00
[2026-06-08T16:31:24.076+0000] {processor.py:183} INFO - Processing /opt/airflow/dags/kaldata_dag.py took 0.287 seconds
