[2026-06-03T06:59:57.880+0000] {processor.py:161} INFO - Started process (PID=84) to work on /opt/airflow/dags/eu_fsf_sanc_dag.py
[2026-06-03T06:59:58.107+0000] {processor.py:830} INFO - Processing file /opt/airflow/dags/eu_fsf_sanc_dag.py for tasks to queue
[2026-06-03T06:59:58.499+0000] {logging_mixin.py:188} INFO - [2026-06-03T06:59:58.484+0000] {dagbag.py:540} INFO - Filling up the DagBag from /opt/airflow/dags/eu_fsf_sanc_dag.py
[2026-06-03T07:00:04.269+0000] {processor.py:840} INFO - DAG(s) 'eu_fsf_sanc' retrieved from /opt/airflow/dags/eu_fsf_sanc_dag.py
[2026-06-03T07:00:18.199+0000] {logging_mixin.py:188} INFO - [2026-06-03T07:00:18.199+0000] {dag.py:3047} INFO - Sync 1 DAGs
[2026-06-03T07:00:18.914+0000] {logging_mixin.py:188} INFO - [2026-06-03T07:00:18.900+0000] {dag.py:3834} INFO - Setting next_dagrun for eu_fsf_sanc to 2026-06-03 00:00:00+00:00, run_after=2026-06-04 00:00:00+00:00
[2026-06-03T07:00:20.436+0000] {processor.py:183} INFO - Processing /opt/airflow/dags/eu_fsf_sanc_dag.py took 22.726 seconds
[2026-06-03T07:01:42.502+0000] {processor.py:161} INFO - Started process (PID=114) to work on /opt/airflow/dags/eu_fsf_sanc_dag.py
[2026-06-03T07:01:42.708+0000] {processor.py:830} INFO - Processing file /opt/airflow/dags/eu_fsf_sanc_dag.py for tasks to queue
[2026-06-03T07:01:42.749+0000] {logging_mixin.py:188} INFO - [2026-06-03T07:01:42.748+0000] {dagbag.py:540} INFO - Filling up the DagBag from /opt/airflow/dags/eu_fsf_sanc_dag.py
[2026-06-03T07:01:44.198+0000] {processor.py:840} INFO - DAG(s) 'eu_fsf_sanc' retrieved from /opt/airflow/dags/eu_fsf_sanc_dag.py
[2026-06-03T07:01:46.177+0000] {logging_mixin.py:188} INFO - [2026-06-03T07:01:46.176+0000] {dag.py:3047} INFO - Sync 1 DAGs
[2026-06-03T07:01:49.715+0000] {logging_mixin.py:188} INFO - [2026-06-03T07:01:49.568+0000] {dag.py:3834} INFO - Setting next_dagrun for eu_fsf_sanc to 2026-06-03 00:00:00+00:00, run_after=2026-06-04 00:00:00+00:00
[2026-06-03T07:01:53.205+0000] {processor.py:183} INFO - Processing /opt/airflow/dags/eu_fsf_sanc_dag.py took 10.815 seconds
[2026-06-03T07:03:09.225+0000] {processor.py:161} INFO - Started process (PID=147) to work on /opt/airflow/dags/eu_fsf_sanc_dag.py
[2026-06-03T07:03:09.502+0000] {processor.py:830} INFO - Processing file /opt/airflow/dags/eu_fsf_sanc_dag.py for tasks to queue
[2026-06-03T07:03:09.729+0000] {logging_mixin.py:188} INFO - [2026-06-03T07:03:09.728+0000] {dagbag.py:540} INFO - Filling up the DagBag from /opt/airflow/dags/eu_fsf_sanc_dag.py
[2026-06-03T07:03:11.827+0000] {processor.py:840} INFO - DAG(s) 'eu_fsf_sanc' retrieved from /opt/airflow/dags/eu_fsf_sanc_dag.py
[2026-06-03T07:03:12.509+0000] {logging_mixin.py:188} INFO - [2026-06-03T07:03:12.508+0000] {dag.py:3047} INFO - Sync 1 DAGs
[2026-06-03T07:03:14.218+0000] {logging_mixin.py:188} INFO - [2026-06-03T07:03:14.218+0000] {dag.py:3834} INFO - Setting next_dagrun for eu_fsf_sanc to 2026-06-03 00:00:00+00:00, run_after=2026-06-04 00:00:00+00:00
[2026-06-03T07:03:16.184+0000] {processor.py:183} INFO - Processing /opt/airflow/dags/eu_fsf_sanc_dag.py took 7.091 seconds
[2026-06-03T07:03:50.880+0000] {processor.py:161} INFO - Started process (PID=176) to work on /opt/airflow/dags/eu_fsf_sanc_dag.py
[2026-06-03T07:03:51.007+0000] {processor.py:830} INFO - Processing file /opt/airflow/dags/eu_fsf_sanc_dag.py for tasks to queue
[2026-06-03T07:03:51.221+0000] {logging_mixin.py:188} INFO - [2026-06-03T07:03:51.079+0000] {dagbag.py:540} INFO - Filling up the DagBag from /opt/airflow/dags/eu_fsf_sanc_dag.py
[2026-06-03T07:03:53.817+0000] {processor.py:840} INFO - DAG(s) 'eu_fsf_sanc' retrieved from /opt/airflow/dags/eu_fsf_sanc_dag.py
[2026-06-03T07:03:57.247+0000] {logging_mixin.py:188} INFO - [2026-06-03T07:03:57.247+0000] {dag.py:3047} INFO - Sync 1 DAGs
[2026-06-03T07:03:59.181+0000] {logging_mixin.py:188} INFO - [2026-06-03T07:03:59.181+0000] {dag.py:3834} INFO - Setting next_dagrun for eu_fsf_sanc to 2026-06-03 00:00:00+00:00, run_after=2026-06-04 00:00:00+00:00
[2026-06-03T07:04:02.279+0000] {processor.py:183} INFO - Processing /opt/airflow/dags/eu_fsf_sanc_dag.py took 11.865 seconds
[2026-06-03T07:04:33.640+0000] {processor.py:161} INFO - Started process (PID=209) to work on /opt/airflow/dags/eu_fsf_sanc_dag.py
[2026-06-03T07:04:33.676+0000] {processor.py:830} INFO - Processing file /opt/airflow/dags/eu_fsf_sanc_dag.py for tasks to queue
[2026-06-03T07:04:33.711+0000] {logging_mixin.py:188} INFO - [2026-06-03T07:04:33.709+0000] {dagbag.py:540} INFO - Filling up the DagBag from /opt/airflow/dags/eu_fsf_sanc_dag.py
[2026-06-03T07:04:34.009+0000] {processor.py:840} INFO - DAG(s) 'eu_fsf_sanc' retrieved from /opt/airflow/dags/eu_fsf_sanc_dag.py
[2026-06-03T07:04:34.820+0000] {logging_mixin.py:188} INFO - [2026-06-03T07:04:34.819+0000] {dag.py:3047} INFO - Sync 1 DAGs
[2026-06-03T07:04:35.435+0000] {logging_mixin.py:188} INFO - [2026-06-03T07:04:35.434+0000] {dag.py:3834} INFO - Setting next_dagrun for eu_fsf_sanc to 2026-06-03 00:00:00+00:00, run_after=2026-06-04 00:00:00+00:00
[2026-06-03T07:04:35.845+0000] {processor.py:183} INFO - Processing /opt/airflow/dags/eu_fsf_sanc_dag.py took 2.334 seconds
[2026-06-03T07:05:07.207+0000] {processor.py:161} INFO - Started process (PID=239) to work on /opt/airflow/dags/eu_fsf_sanc_dag.py
[2026-06-03T07:05:07.225+0000] {processor.py:830} INFO - Processing file /opt/airflow/dags/eu_fsf_sanc_dag.py for tasks to queue
[2026-06-03T07:05:07.243+0000] {logging_mixin.py:188} INFO - [2026-06-03T07:05:07.242+0000] {dagbag.py:540} INFO - Filling up the DagBag from /opt/airflow/dags/eu_fsf_sanc_dag.py
[2026-06-03T07:05:07.975+0000] {processor.py:840} INFO - DAG(s) 'eu_fsf_sanc' retrieved from /opt/airflow/dags/eu_fsf_sanc_dag.py
[2026-06-03T07:05:08.792+0000] {logging_mixin.py:188} INFO - [2026-06-03T07:05:08.791+0000] {dag.py:3047} INFO - Sync 1 DAGs
[2026-06-03T07:05:09.221+0000] {logging_mixin.py:188} INFO - [2026-06-03T07:05:09.221+0000] {dag.py:3834} INFO - Setting next_dagrun for eu_fsf_sanc to 2026-06-03 00:00:00+00:00, run_after=2026-06-04 00:00:00+00:00
[2026-06-03T07:05:09.504+0000] {processor.py:183} INFO - Processing /opt/airflow/dags/eu_fsf_sanc_dag.py took 2.350 seconds
[2026-06-03T07:05:43.699+0000] {processor.py:161} INFO - Started process (PID=269) to work on /opt/airflow/dags/eu_fsf_sanc_dag.py
[2026-06-03T07:05:43.730+0000] {processor.py:830} INFO - Processing file /opt/airflow/dags/eu_fsf_sanc_dag.py for tasks to queue
[2026-06-03T07:05:43.811+0000] {logging_mixin.py:188} INFO - [2026-06-03T07:05:43.810+0000] {dagbag.py:540} INFO - Filling up the DagBag from /opt/airflow/dags/eu_fsf_sanc_dag.py
[2026-06-03T07:05:44.766+0000] {processor.py:840} INFO - DAG(s) 'eu_fsf_sanc' retrieved from /opt/airflow/dags/eu_fsf_sanc_dag.py
[2026-06-03T07:05:44.920+0000] {logging_mixin.py:188} INFO - [2026-06-03T07:05:44.919+0000] {dag.py:3047} INFO - Sync 1 DAGs
[2026-06-03T07:05:45.076+0000] {logging_mixin.py:188} INFO - [2026-06-03T07:05:45.071+0000] {dag.py:3834} INFO - Setting next_dagrun for eu_fsf_sanc to 2026-06-03 00:00:00+00:00, run_after=2026-06-04 00:00:00+00:00
[2026-06-03T07:05:45.190+0000] {processor.py:183} INFO - Processing /opt/airflow/dags/eu_fsf_sanc_dag.py took 1.714 seconds
[2026-06-03T07:06:19.620+0000] {processor.py:161} INFO - Started process (PID=300) to work on /opt/airflow/dags/eu_fsf_sanc_dag.py
[2026-06-03T07:06:19.625+0000] {processor.py:830} INFO - Processing file /opt/airflow/dags/eu_fsf_sanc_dag.py for tasks to queue
[2026-06-03T07:06:19.635+0000] {logging_mixin.py:188} INFO - [2026-06-03T07:06:19.634+0000] {dagbag.py:540} INFO - Filling up the DagBag from /opt/airflow/dags/eu_fsf_sanc_dag.py
[2026-06-03T07:06:19.742+0000] {processor.py:840} INFO - DAG(s) 'eu_fsf_sanc' retrieved from /opt/airflow/dags/eu_fsf_sanc_dag.py
[2026-06-03T07:06:19.848+0000] {logging_mixin.py:188} INFO - [2026-06-03T07:06:19.848+0000] {dag.py:3047} INFO - Sync 1 DAGs
[2026-06-03T07:06:19.929+0000] {logging_mixin.py:188} INFO - [2026-06-03T07:06:19.928+0000] {dag.py:3834} INFO - Setting next_dagrun for eu_fsf_sanc to 2026-06-03 00:00:00+00:00, run_after=2026-06-04 00:00:00+00:00
[2026-06-03T07:06:20.006+0000] {processor.py:183} INFO - Processing /opt/airflow/dags/eu_fsf_sanc_dag.py took 0.408 seconds
[2026-06-03T07:07:15.069+0000] {processor.py:161} INFO - Started process (PID=331) to work on /opt/airflow/dags/eu_fsf_sanc_dag.py
[2026-06-03T07:07:15.208+0000] {processor.py:830} INFO - Processing file /opt/airflow/dags/eu_fsf_sanc_dag.py for tasks to queue
[2026-06-03T07:07:15.389+0000] {logging_mixin.py:188} INFO - [2026-06-03T07:07:15.388+0000] {dagbag.py:540} INFO - Filling up the DagBag from /opt/airflow/dags/eu_fsf_sanc_dag.py
[2026-06-03T07:07:17.669+0000] {processor.py:840} INFO - DAG(s) 'eu_fsf_sanc' retrieved from /opt/airflow/dags/eu_fsf_sanc_dag.py
[2026-06-03T07:07:18.409+0000] {logging_mixin.py:188} INFO - [2026-06-03T07:07:18.408+0000] {dag.py:3047} INFO - Sync 1 DAGs
[2026-06-03T07:07:18.907+0000] {logging_mixin.py:188} INFO - [2026-06-03T07:07:18.906+0000] {dag.py:3834} INFO - Setting next_dagrun for eu_fsf_sanc to 2026-06-03 00:00:00+00:00, run_after=2026-06-04 00:00:00+00:00
[2026-06-03T07:07:20.557+0000] {processor.py:183} INFO - Processing /opt/airflow/dags/eu_fsf_sanc_dag.py took 5.864 seconds
[2026-06-03T07:08:19.150+0000] {processor.py:161} INFO - Started process (PID=364) to work on /opt/airflow/dags/eu_fsf_sanc_dag.py
[2026-06-03T07:08:19.192+0000] {processor.py:830} INFO - Processing file /opt/airflow/dags/eu_fsf_sanc_dag.py for tasks to queue
[2026-06-03T07:08:19.305+0000] {logging_mixin.py:188} INFO - [2026-06-03T07:08:19.304+0000] {dagbag.py:540} INFO - Filling up the DagBag from /opt/airflow/dags/eu_fsf_sanc_dag.py
[2026-06-03T07:08:22.498+0000] {processor.py:840} INFO - DAG(s) 'eu_fsf_sanc' retrieved from /opt/airflow/dags/eu_fsf_sanc_dag.py
[2026-06-03T07:08:26.036+0000] {logging_mixin.py:188} INFO - [2026-06-03T07:08:26.035+0000] {dag.py:3047} INFO - Sync 1 DAGs
[2026-06-03T07:08:26.937+0000] {logging_mixin.py:188} INFO - [2026-06-03T07:08:26.926+0000] {dag.py:3834} INFO - Setting next_dagrun for eu_fsf_sanc to 2026-06-03 00:00:00+00:00, run_after=2026-06-04 00:00:00+00:00
[2026-06-03T07:08:28.234+0000] {processor.py:183} INFO - Processing /opt/airflow/dags/eu_fsf_sanc_dag.py took 9.095 seconds
[2026-06-03T07:09:24.823+0000] {processor.py:161} INFO - Started process (PID=395) to work on /opt/airflow/dags/eu_fsf_sanc_dag.py
[2026-06-03T07:09:24.874+0000] {processor.py:830} INFO - Processing file /opt/airflow/dags/eu_fsf_sanc_dag.py for tasks to queue
[2026-06-03T07:09:24.989+0000] {logging_mixin.py:188} INFO - [2026-06-03T07:09:24.986+0000] {dagbag.py:540} INFO - Filling up the DagBag from /opt/airflow/dags/eu_fsf_sanc_dag.py
[2026-06-03T07:09:33.304+0000] {processor.py:840} INFO - DAG(s) 'eu_fsf_sanc' retrieved from /opt/airflow/dags/eu_fsf_sanc_dag.py
[2026-06-03T07:09:33.977+0000] {logging_mixin.py:188} INFO - [2026-06-03T07:09:33.976+0000] {dag.py:3047} INFO - Sync 1 DAGs
[2026-06-03T07:09:34.366+0000] {logging_mixin.py:188} INFO - [2026-06-03T07:09:34.366+0000] {dag.py:3834} INFO - Setting next_dagrun for eu_fsf_sanc to 2026-06-03 00:00:00+00:00, run_after=2026-06-04 00:00:00+00:00
[2026-06-03T07:09:35.776+0000] {processor.py:183} INFO - Processing /opt/airflow/dags/eu_fsf_sanc_dag.py took 10.974 seconds
[2026-06-03T07:10:11.300+0000] {processor.py:161} INFO - Started process (PID=430) to work on /opt/airflow/dags/eu_fsf_sanc_dag.py
[2026-06-03T07:10:11.444+0000] {processor.py:830} INFO - Processing file /opt/airflow/dags/eu_fsf_sanc_dag.py for tasks to queue
[2026-06-03T07:10:11.511+0000] {logging_mixin.py:188} INFO - [2026-06-03T07:10:11.510+0000] {dagbag.py:540} INFO - Filling up the DagBag from /opt/airflow/dags/eu_fsf_sanc_dag.py
[2026-06-03T07:10:14.251+0000] {processor.py:840} INFO - DAG(s) 'eu_fsf_sanc' retrieved from /opt/airflow/dags/eu_fsf_sanc_dag.py
[2026-06-03T07:10:14.509+0000] {logging_mixin.py:188} INFO - [2026-06-03T07:10:14.509+0000] {dag.py:3047} INFO - Sync 1 DAGs
[2026-06-03T07:10:14.834+0000] {logging_mixin.py:188} INFO - [2026-06-03T07:10:14.833+0000] {dag.py:3834} INFO - Setting next_dagrun for eu_fsf_sanc to 2026-06-03 00:00:00+00:00, run_after=2026-06-04 00:00:00+00:00
[2026-06-03T07:10:15.317+0000] {processor.py:183} INFO - Processing /opt/airflow/dags/eu_fsf_sanc_dag.py took 4.100 seconds
[2026-06-03T07:11:00.678+0000] {processor.py:161} INFO - Started process (PID=458) to work on /opt/airflow/dags/eu_fsf_sanc_dag.py
[2026-06-03T07:11:00.683+0000] {processor.py:830} INFO - Processing file /opt/airflow/dags/eu_fsf_sanc_dag.py for tasks to queue
[2026-06-03T07:11:00.689+0000] {logging_mixin.py:188} INFO - [2026-06-03T07:11:00.688+0000] {dagbag.py:540} INFO - Filling up the DagBag from /opt/airflow/dags/eu_fsf_sanc_dag.py
[2026-06-03T07:11:00.880+0000] {processor.py:840} INFO - DAG(s) 'eu_fsf_sanc' retrieved from /opt/airflow/dags/eu_fsf_sanc_dag.py
[2026-06-03T07:11:00.977+0000] {logging_mixin.py:188} INFO - [2026-06-03T07:11:00.977+0000] {dag.py:3047} INFO - Sync 1 DAGs
[2026-06-03T07:11:01.050+0000] {logging_mixin.py:188} INFO - [2026-06-03T07:11:01.049+0000] {dag.py:3834} INFO - Setting next_dagrun for eu_fsf_sanc to 2026-06-03 00:00:00+00:00, run_after=2026-06-04 00:00:00+00:00
[2026-06-03T07:11:01.415+0000] {processor.py:183} INFO - Processing /opt/airflow/dags/eu_fsf_sanc_dag.py took 0.777 seconds
[2026-06-03T07:11:32.851+0000] {processor.py:161} INFO - Started process (PID=488) to work on /opt/airflow/dags/eu_fsf_sanc_dag.py
[2026-06-03T07:11:32.861+0000] {processor.py:830} INFO - Processing file /opt/airflow/dags/eu_fsf_sanc_dag.py for tasks to queue
[2026-06-03T07:11:32.866+0000] {logging_mixin.py:188} INFO - [2026-06-03T07:11:32.865+0000] {dagbag.py:540} INFO - Filling up the DagBag from /opt/airflow/dags/eu_fsf_sanc_dag.py
[2026-06-03T07:11:34.275+0000] {processor.py:840} INFO - DAG(s) 'eu_fsf_sanc' retrieved from /opt/airflow/dags/eu_fsf_sanc_dag.py
[2026-06-03T07:11:34.609+0000] {logging_mixin.py:188} INFO - [2026-06-03T07:11:34.608+0000] {dag.py:3047} INFO - Sync 1 DAGs
[2026-06-03T07:11:34.755+0000] {logging_mixin.py:188} INFO - [2026-06-03T07:11:34.755+0000] {dag.py:3834} INFO - Setting next_dagrun for eu_fsf_sanc to 2026-06-03 00:00:00+00:00, run_after=2026-06-04 00:00:00+00:00
[2026-06-03T07:11:34.862+0000] {processor.py:183} INFO - Processing /opt/airflow/dags/eu_fsf_sanc_dag.py took 2.066 seconds
[2026-06-03T07:12:21.914+0000] {processor.py:161} INFO - Started process (PID=518) to work on /opt/airflow/dags/eu_fsf_sanc_dag.py
[2026-06-03T07:12:21.944+0000] {processor.py:830} INFO - Processing file /opt/airflow/dags/eu_fsf_sanc_dag.py for tasks to queue
[2026-06-03T07:12:21.961+0000] {logging_mixin.py:188} INFO - [2026-06-03T07:12:21.950+0000] {dagbag.py:540} INFO - Filling up the DagBag from /opt/airflow/dags/eu_fsf_sanc_dag.py
[2026-06-03T07:12:23.497+0000] {processor.py:840} INFO - DAG(s) 'eu_fsf_sanc' retrieved from /opt/airflow/dags/eu_fsf_sanc_dag.py
[2026-06-03T07:12:24.071+0000] {logging_mixin.py:188} INFO - [2026-06-03T07:12:24.046+0000] {dag.py:3047} INFO - Sync 1 DAGs
[2026-06-03T07:12:24.877+0000] {logging_mixin.py:188} INFO - [2026-06-03T07:12:24.877+0000] {dag.py:3834} INFO - Setting next_dagrun for eu_fsf_sanc to 2026-06-03 00:00:00+00:00, run_after=2026-06-04 00:00:00+00:00
[2026-06-03T07:12:25.359+0000] {processor.py:183} INFO - Processing /opt/airflow/dags/eu_fsf_sanc_dag.py took 3.480 seconds
[2026-06-03T07:13:08.560+0000] {processor.py:161} INFO - Started process (PID=548) to work on /opt/airflow/dags/eu_fsf_sanc_dag.py
[2026-06-03T07:13:08.589+0000] {processor.py:830} INFO - Processing file /opt/airflow/dags/eu_fsf_sanc_dag.py for tasks to queue
[2026-06-03T07:13:08.657+0000] {logging_mixin.py:188} INFO - [2026-06-03T07:13:08.655+0000] {dagbag.py:540} INFO - Filling up the DagBag from /opt/airflow/dags/eu_fsf_sanc_dag.py
[2026-06-03T07:13:13.186+0000] {processor.py:840} INFO - DAG(s) 'eu_fsf_sanc' retrieved from /opt/airflow/dags/eu_fsf_sanc_dag.py
[2026-06-03T07:13:13.678+0000] {logging_mixin.py:188} INFO - [2026-06-03T07:13:13.678+0000] {dag.py:3047} INFO - Sync 1 DAGs
[2026-06-03T07:13:14.168+0000] {logging_mixin.py:188} INFO - [2026-06-03T07:13:14.168+0000] {dag.py:3834} INFO - Setting next_dagrun for eu_fsf_sanc to 2026-06-03 00:00:00+00:00, run_after=2026-06-04 00:00:00+00:00
[2026-06-03T07:13:16.964+0000] {processor.py:183} INFO - Processing /opt/airflow/dags/eu_fsf_sanc_dag.py took 8.473 seconds
[2026-06-03T07:14:03.935+0000] {processor.py:161} INFO - Started process (PID=583) to work on /opt/airflow/dags/eu_fsf_sanc_dag.py
[2026-06-03T07:14:04.087+0000] {processor.py:830} INFO - Processing file /opt/airflow/dags/eu_fsf_sanc_dag.py for tasks to queue
[2026-06-03T07:14:04.111+0000] {logging_mixin.py:188} INFO - [2026-06-03T07:14:04.109+0000] {dagbag.py:540} INFO - Filling up the DagBag from /opt/airflow/dags/eu_fsf_sanc_dag.py
[2026-06-03T07:14:05.868+0000] {processor.py:840} INFO - DAG(s) 'eu_fsf_sanc' retrieved from /opt/airflow/dags/eu_fsf_sanc_dag.py
[2026-06-03T07:14:06.483+0000] {logging_mixin.py:188} INFO - [2026-06-03T07:14:06.482+0000] {dag.py:3047} INFO - Sync 1 DAGs
[2026-06-03T07:14:06.876+0000] {logging_mixin.py:188} INFO - [2026-06-03T07:14:06.875+0000] {dag.py:3834} INFO - Setting next_dagrun for eu_fsf_sanc to 2026-06-03 00:00:00+00:00, run_after=2026-06-04 00:00:00+00:00
[2026-06-03T07:14:07.332+0000] {processor.py:183} INFO - Processing /opt/airflow/dags/eu_fsf_sanc_dag.py took 3.756 seconds
[2026-06-03T07:14:59.384+0000] {processor.py:161} INFO - Started process (PID=613) to work on /opt/airflow/dags/eu_fsf_sanc_dag.py
[2026-06-03T07:14:59.464+0000] {processor.py:830} INFO - Processing file /opt/airflow/dags/eu_fsf_sanc_dag.py for tasks to queue
[2026-06-03T07:14:59.561+0000] {logging_mixin.py:188} INFO - [2026-06-03T07:14:59.560+0000] {dagbag.py:540} INFO - Filling up the DagBag from /opt/airflow/dags/eu_fsf_sanc_dag.py
[2026-06-03T07:15:02.326+0000] {processor.py:840} INFO - DAG(s) 'eu_fsf_sanc' retrieved from /opt/airflow/dags/eu_fsf_sanc_dag.py
[2026-06-03T07:15:02.810+0000] {logging_mixin.py:188} INFO - [2026-06-03T07:15:02.783+0000] {dag.py:3047} INFO - Sync 1 DAGs
[2026-06-03T07:15:03.959+0000] {logging_mixin.py:188} INFO - [2026-06-03T07:15:03.930+0000] {dag.py:3834} INFO - Setting next_dagrun for eu_fsf_sanc to 2026-06-03 00:00:00+00:00, run_after=2026-06-04 00:00:00+00:00
[2026-06-03T07:15:05.808+0000] {processor.py:183} INFO - Processing /opt/airflow/dags/eu_fsf_sanc_dag.py took 6.476 seconds
[2026-06-03T07:15:45.120+0000] {processor.py:161} INFO - Started process (PID=648) to work on /opt/airflow/dags/eu_fsf_sanc_dag.py
[2026-06-03T07:15:45.152+0000] {processor.py:830} INFO - Processing file /opt/airflow/dags/eu_fsf_sanc_dag.py for tasks to queue
[2026-06-03T07:15:45.203+0000] {logging_mixin.py:188} INFO - [2026-06-03T07:15:45.202+0000] {dagbag.py:540} INFO - Filling up the DagBag from /opt/airflow/dags/eu_fsf_sanc_dag.py
[2026-06-03T07:15:53.052+0000] {processor.py:840} INFO - DAG(s) 'eu_fsf_sanc' retrieved from /opt/airflow/dags/eu_fsf_sanc_dag.py
[2026-06-03T07:15:53.601+0000] {logging_mixin.py:188} INFO - [2026-06-03T07:15:53.600+0000] {dag.py:3047} INFO - Sync 1 DAGs
[2026-06-03T07:15:53.989+0000] {logging_mixin.py:188} INFO - [2026-06-03T07:15:53.988+0000] {dag.py:3834} INFO - Setting next_dagrun for eu_fsf_sanc to 2026-06-03 00:00:00+00:00, run_after=2026-06-04 00:00:00+00:00
[2026-06-03T07:15:54.749+0000] {processor.py:183} INFO - Processing /opt/airflow/dags/eu_fsf_sanc_dag.py took 9.727 seconds
[2026-06-03T07:16:29.094+0000] {processor.py:161} INFO - Started process (PID=678) to work on /opt/airflow/dags/eu_fsf_sanc_dag.py
[2026-06-03T07:16:29.124+0000] {processor.py:830} INFO - Processing file /opt/airflow/dags/eu_fsf_sanc_dag.py for tasks to queue
[2026-06-03T07:16:29.179+0000] {logging_mixin.py:188} INFO - [2026-06-03T07:16:29.176+0000] {dagbag.py:540} INFO - Filling up the DagBag from /opt/airflow/dags/eu_fsf_sanc_dag.py
[2026-06-03T07:16:29.805+0000] {processor.py:840} INFO - DAG(s) 'eu_fsf_sanc' retrieved from /opt/airflow/dags/eu_fsf_sanc_dag.py
[2026-06-03T07:16:30.528+0000] {logging_mixin.py:188} INFO - [2026-06-03T07:16:30.527+0000] {dag.py:3047} INFO - Sync 1 DAGs
[2026-06-03T07:16:30.724+0000] {logging_mixin.py:188} INFO - [2026-06-03T07:16:30.719+0000] {dag.py:3834} INFO - Setting next_dagrun for eu_fsf_sanc to 2026-06-03 00:00:00+00:00, run_after=2026-06-04 00:00:00+00:00
[2026-06-03T07:16:30.898+0000] {processor.py:183} INFO - Processing /opt/airflow/dags/eu_fsf_sanc_dag.py took 2.179 seconds
[2026-06-03T07:17:01.620+0000] {processor.py:161} INFO - Started process (PID=708) to work on /opt/airflow/dags/eu_fsf_sanc_dag.py
[2026-06-03T07:17:01.636+0000] {processor.py:830} INFO - Processing file /opt/airflow/dags/eu_fsf_sanc_dag.py for tasks to queue
[2026-06-03T07:17:01.658+0000] {logging_mixin.py:188} INFO - [2026-06-03T07:17:01.643+0000] {dagbag.py:540} INFO - Filling up the DagBag from /opt/airflow/dags/eu_fsf_sanc_dag.py
[2026-06-03T07:17:02.490+0000] {processor.py:840} INFO - DAG(s) 'eu_fsf_sanc' retrieved from /opt/airflow/dags/eu_fsf_sanc_dag.py
[2026-06-03T07:17:03.302+0000] {logging_mixin.py:188} INFO - [2026-06-03T07:17:03.301+0000] {dag.py:3047} INFO - Sync 1 DAGs
[2026-06-03T07:17:03.502+0000] {logging_mixin.py:188} INFO - [2026-06-03T07:17:03.501+0000] {dag.py:3834} INFO - Setting next_dagrun for eu_fsf_sanc to 2026-06-03 00:00:00+00:00, run_after=2026-06-04 00:00:00+00:00
[2026-06-03T07:17:04.037+0000] {processor.py:183} INFO - Processing /opt/airflow/dags/eu_fsf_sanc_dag.py took 2.450 seconds
[2026-06-03T07:17:37.074+0000] {processor.py:161} INFO - Started process (PID=738) to work on /opt/airflow/dags/eu_fsf_sanc_dag.py
[2026-06-03T07:17:37.091+0000] {processor.py:830} INFO - Processing file /opt/airflow/dags/eu_fsf_sanc_dag.py for tasks to queue
[2026-06-03T07:17:37.123+0000] {logging_mixin.py:188} INFO - [2026-06-03T07:17:37.094+0000] {dagbag.py:540} INFO - Filling up the DagBag from /opt/airflow/dags/eu_fsf_sanc_dag.py
[2026-06-03T07:17:37.845+0000] {processor.py:840} INFO - DAG(s) 'eu_fsf_sanc' retrieved from /opt/airflow/dags/eu_fsf_sanc_dag.py
[2026-06-03T07:17:38.551+0000] {logging_mixin.py:188} INFO - [2026-06-03T07:17:38.547+0000] {dag.py:3047} INFO - Sync 1 DAGs
[2026-06-03T07:17:38.906+0000] {logging_mixin.py:188} INFO - [2026-06-03T07:17:38.905+0000] {dag.py:3834} INFO - Setting next_dagrun for eu_fsf_sanc to 2026-06-03 00:00:00+00:00, run_after=2026-06-04 00:00:00+00:00
[2026-06-03T07:17:39.305+0000] {processor.py:183} INFO - Processing /opt/airflow/dags/eu_fsf_sanc_dag.py took 2.368 seconds
[2026-06-03T07:18:10.941+0000] {processor.py:161} INFO - Started process (PID=771) to work on /opt/airflow/dags/eu_fsf_sanc_dag.py
[2026-06-03T07:18:10.986+0000] {processor.py:830} INFO - Processing file /opt/airflow/dags/eu_fsf_sanc_dag.py for tasks to queue
[2026-06-03T07:18:11.003+0000] {logging_mixin.py:188} INFO - [2026-06-03T07:18:11.002+0000] {dagbag.py:540} INFO - Filling up the DagBag from /opt/airflow/dags/eu_fsf_sanc_dag.py
[2026-06-03T07:18:12.001+0000] {processor.py:840} INFO - DAG(s) 'eu_fsf_sanc' retrieved from /opt/airflow/dags/eu_fsf_sanc_dag.py
[2026-06-03T07:18:12.433+0000] {logging_mixin.py:188} INFO - [2026-06-03T07:18:12.420+0000] {dag.py:3047} INFO - Sync 1 DAGs
[2026-06-03T07:18:12.639+0000] {logging_mixin.py:188} INFO - [2026-06-03T07:18:12.635+0000] {dag.py:3834} INFO - Setting next_dagrun for eu_fsf_sanc to 2026-06-03 00:00:00+00:00, run_after=2026-06-04 00:00:00+00:00
[2026-06-03T07:18:12.735+0000] {processor.py:183} INFO - Processing /opt/airflow/dags/eu_fsf_sanc_dag.py took 1.974 seconds
[2026-06-03T07:18:44.553+0000] {processor.py:161} INFO - Started process (PID=802) to work on /opt/airflow/dags/eu_fsf_sanc_dag.py
[2026-06-03T07:18:44.583+0000] {processor.py:830} INFO - Processing file /opt/airflow/dags/eu_fsf_sanc_dag.py for tasks to queue
[2026-06-03T07:18:44.603+0000] {logging_mixin.py:188} INFO - [2026-06-03T07:18:44.602+0000] {dagbag.py:540} INFO - Filling up the DagBag from /opt/airflow/dags/eu_fsf_sanc_dag.py
[2026-06-03T07:18:46.607+0000] {processor.py:840} INFO - DAG(s) 'eu_fsf_sanc' retrieved from /opt/airflow/dags/eu_fsf_sanc_dag.py
[2026-06-03T07:18:47.682+0000] {logging_mixin.py:188} INFO - [2026-06-03T07:18:47.682+0000] {dag.py:3047} INFO - Sync 1 DAGs
[2026-06-03T07:18:48.558+0000] {logging_mixin.py:188} INFO - [2026-06-03T07:18:48.558+0000] {dag.py:3834} INFO - Setting next_dagrun for eu_fsf_sanc to 2026-06-03 00:00:00+00:00, run_after=2026-06-04 00:00:00+00:00
[2026-06-03T07:18:49.092+0000] {processor.py:183} INFO - Processing /opt/airflow/dags/eu_fsf_sanc_dag.py took 4.682 seconds
[2026-06-03T07:19:20.201+0000] {processor.py:161} INFO - Started process (PID=832) to work on /opt/airflow/dags/eu_fsf_sanc_dag.py
[2026-06-03T07:19:20.212+0000] {processor.py:830} INFO - Processing file /opt/airflow/dags/eu_fsf_sanc_dag.py for tasks to queue
[2026-06-03T07:19:20.229+0000] {logging_mixin.py:188} INFO - [2026-06-03T07:19:20.228+0000] {dagbag.py:540} INFO - Filling up the DagBag from /opt/airflow/dags/eu_fsf_sanc_dag.py
[2026-06-03T07:19:21.114+0000] {processor.py:840} INFO - DAG(s) 'eu_fsf_sanc' retrieved from /opt/airflow/dags/eu_fsf_sanc_dag.py
[2026-06-03T07:19:21.375+0000] {logging_mixin.py:188} INFO - [2026-06-03T07:19:21.374+0000] {dag.py:3047} INFO - Sync 1 DAGs
[2026-06-03T07:19:21.519+0000] {logging_mixin.py:188} INFO - [2026-06-03T07:19:21.514+0000] {dag.py:3834} INFO - Setting next_dagrun for eu_fsf_sanc to 2026-06-03 00:00:00+00:00, run_after=2026-06-04 00:00:00+00:00
[2026-06-03T07:19:21.661+0000] {processor.py:183} INFO - Processing /opt/airflow/dags/eu_fsf_sanc_dag.py took 1.492 seconds
[2026-06-03T07:19:52.437+0000] {processor.py:161} INFO - Started process (PID=865) to work on /opt/airflow/dags/eu_fsf_sanc_dag.py
[2026-06-03T07:19:52.445+0000] {processor.py:830} INFO - Processing file /opt/airflow/dags/eu_fsf_sanc_dag.py for tasks to queue
[2026-06-03T07:19:52.449+0000] {logging_mixin.py:188} INFO - [2026-06-03T07:19:52.447+0000] {dagbag.py:540} INFO - Filling up the DagBag from /opt/airflow/dags/eu_fsf_sanc_dag.py
[2026-06-03T07:19:52.623+0000] {processor.py:840} INFO - DAG(s) 'eu_fsf_sanc' retrieved from /opt/airflow/dags/eu_fsf_sanc_dag.py
[2026-06-03T07:19:52.833+0000] {logging_mixin.py:188} INFO - [2026-06-03T07:19:52.833+0000] {dag.py:3047} INFO - Sync 1 DAGs
[2026-06-03T07:19:53.020+0000] {logging_mixin.py:188} INFO - [2026-06-03T07:19:53.020+0000] {dag.py:3834} INFO - Setting next_dagrun for eu_fsf_sanc to 2026-06-03 00:00:00+00:00, run_after=2026-06-04 00:00:00+00:00
[2026-06-03T07:19:53.150+0000] {processor.py:183} INFO - Processing /opt/airflow/dags/eu_fsf_sanc_dag.py took 0.742 seconds
[2026-06-03T07:20:23.803+0000] {processor.py:161} INFO - Started process (PID=898) to work on /opt/airflow/dags/eu_fsf_sanc_dag.py
[2026-06-03T07:20:23.815+0000] {processor.py:830} INFO - Processing file /opt/airflow/dags/eu_fsf_sanc_dag.py for tasks to queue
[2026-06-03T07:20:23.819+0000] {logging_mixin.py:188} INFO - [2026-06-03T07:20:23.818+0000] {dagbag.py:540} INFO - Filling up the DagBag from /opt/airflow/dags/eu_fsf_sanc_dag.py
[2026-06-03T07:20:24.058+0000] {processor.py:840} INFO - DAG(s) 'eu_fsf_sanc' retrieved from /opt/airflow/dags/eu_fsf_sanc_dag.py
[2026-06-03T07:20:24.322+0000] {logging_mixin.py:188} INFO - [2026-06-03T07:20:24.309+0000] {dag.py:3047} INFO - Sync 1 DAGs
[2026-06-03T07:20:24.635+0000] {logging_mixin.py:188} INFO - [2026-06-03T07:20:24.634+0000] {dag.py:3834} INFO - Setting next_dagrun for eu_fsf_sanc to 2026-06-03 00:00:00+00:00, run_after=2026-06-04 00:00:00+00:00
[2026-06-03T07:20:24.842+0000] {processor.py:183} INFO - Processing /opt/airflow/dags/eu_fsf_sanc_dag.py took 1.053 seconds
[2026-06-03T07:20:55.621+0000] {processor.py:161} INFO - Started process (PID=928) to work on /opt/airflow/dags/eu_fsf_sanc_dag.py
[2026-06-03T07:20:55.625+0000] {processor.py:830} INFO - Processing file /opt/airflow/dags/eu_fsf_sanc_dag.py for tasks to queue
[2026-06-03T07:20:55.630+0000] {logging_mixin.py:188} INFO - [2026-06-03T07:20:55.629+0000] {dagbag.py:540} INFO - Filling up the DagBag from /opt/airflow/dags/eu_fsf_sanc_dag.py
[2026-06-03T07:20:55.698+0000] {processor.py:840} INFO - DAG(s) 'eu_fsf_sanc' retrieved from /opt/airflow/dags/eu_fsf_sanc_dag.py
[2026-06-03T07:20:55.770+0000] {logging_mixin.py:188} INFO - [2026-06-03T07:20:55.770+0000] {dag.py:3047} INFO - Sync 1 DAGs
[2026-06-03T07:20:55.860+0000] {logging_mixin.py:188} INFO - [2026-06-03T07:20:55.860+0000] {dag.py:3834} INFO - Setting next_dagrun for eu_fsf_sanc to 2026-06-03 00:00:00+00:00, run_after=2026-06-04 00:00:00+00:00
[2026-06-03T07:20:55.912+0000] {processor.py:183} INFO - Processing /opt/airflow/dags/eu_fsf_sanc_dag.py took 0.300 seconds
[2026-06-03T07:21:26.766+0000] {processor.py:161} INFO - Started process (PID=958) to work on /opt/airflow/dags/eu_fsf_sanc_dag.py
[2026-06-03T07:21:26.770+0000] {processor.py:830} INFO - Processing file /opt/airflow/dags/eu_fsf_sanc_dag.py for tasks to queue
[2026-06-03T07:21:26.775+0000] {logging_mixin.py:188} INFO - [2026-06-03T07:21:26.774+0000] {dagbag.py:540} INFO - Filling up the DagBag from /opt/airflow/dags/eu_fsf_sanc_dag.py
[2026-06-03T07:21:26.839+0000] {processor.py:840} INFO - DAG(s) 'eu_fsf_sanc' retrieved from /opt/airflow/dags/eu_fsf_sanc_dag.py
[2026-06-03T07:21:26.923+0000] {logging_mixin.py:188} INFO - [2026-06-03T07:21:26.922+0000] {dag.py:3047} INFO - Sync 1 DAGs
[2026-06-03T07:21:27.005+0000] {logging_mixin.py:188} INFO - [2026-06-03T07:21:27.004+0000] {dag.py:3834} INFO - Setting next_dagrun for eu_fsf_sanc to 2026-06-03 00:00:00+00:00, run_after=2026-06-04 00:00:00+00:00
[2026-06-03T07:21:27.057+0000] {processor.py:183} INFO - Processing /opt/airflow/dags/eu_fsf_sanc_dag.py took 0.301 seconds
[2026-06-03T07:21:57.197+0000] {processor.py:161} INFO - Started process (PID=988) to work on /opt/airflow/dags/eu_fsf_sanc_dag.py
[2026-06-03T07:21:57.200+0000] {processor.py:830} INFO - Processing file /opt/airflow/dags/eu_fsf_sanc_dag.py for tasks to queue
[2026-06-03T07:21:57.203+0000] {logging_mixin.py:188} INFO - [2026-06-03T07:21:57.202+0000] {dagbag.py:540} INFO - Filling up the DagBag from /opt/airflow/dags/eu_fsf_sanc_dag.py
[2026-06-03T07:21:57.258+0000] {processor.py:840} INFO - DAG(s) 'eu_fsf_sanc' retrieved from /opt/airflow/dags/eu_fsf_sanc_dag.py
[2026-06-03T07:21:57.394+0000] {logging_mixin.py:188} INFO - [2026-06-03T07:21:57.393+0000] {dag.py:3047} INFO - Sync 1 DAGs
[2026-06-03T07:21:57.461+0000] {logging_mixin.py:188} INFO - [2026-06-03T07:21:57.460+0000] {dag.py:3834} INFO - Setting next_dagrun for eu_fsf_sanc to 2026-06-03 00:00:00+00:00, run_after=2026-06-04 00:00:00+00:00
[2026-06-03T07:21:57.515+0000] {processor.py:183} INFO - Processing /opt/airflow/dags/eu_fsf_sanc_dag.py took 0.329 seconds
[2026-06-03T07:22:28.282+0000] {processor.py:161} INFO - Started process (PID=1018) to work on /opt/airflow/dags/eu_fsf_sanc_dag.py
[2026-06-03T07:22:28.285+0000] {processor.py:830} INFO - Processing file /opt/airflow/dags/eu_fsf_sanc_dag.py for tasks to queue
[2026-06-03T07:22:28.288+0000] {logging_mixin.py:188} INFO - [2026-06-03T07:22:28.287+0000] {dagbag.py:540} INFO - Filling up the DagBag from /opt/airflow/dags/eu_fsf_sanc_dag.py
[2026-06-03T07:22:28.345+0000] {processor.py:840} INFO - DAG(s) 'eu_fsf_sanc' retrieved from /opt/airflow/dags/eu_fsf_sanc_dag.py
[2026-06-03T07:22:28.415+0000] {logging_mixin.py:188} INFO - [2026-06-03T07:22:28.415+0000] {dag.py:3047} INFO - Sync 1 DAGs
[2026-06-03T07:22:28.480+0000] {logging_mixin.py:188} INFO - [2026-06-03T07:22:28.478+0000] {dag.py:3834} INFO - Setting next_dagrun for eu_fsf_sanc to 2026-06-03 00:00:00+00:00, run_after=2026-06-04 00:00:00+00:00
[2026-06-03T07:22:28.540+0000] {processor.py:183} INFO - Processing /opt/airflow/dags/eu_fsf_sanc_dag.py took 0.269 seconds
[2026-06-03T07:22:59.291+0000] {processor.py:161} INFO - Started process (PID=1046) to work on /opt/airflow/dags/eu_fsf_sanc_dag.py
[2026-06-03T07:22:59.297+0000] {processor.py:830} INFO - Processing file /opt/airflow/dags/eu_fsf_sanc_dag.py for tasks to queue
[2026-06-03T07:22:59.300+0000] {logging_mixin.py:188} INFO - [2026-06-03T07:22:59.299+0000] {dagbag.py:540} INFO - Filling up the DagBag from /opt/airflow/dags/eu_fsf_sanc_dag.py
[2026-06-03T07:22:59.442+0000] {processor.py:840} INFO - DAG(s) 'eu_fsf_sanc' retrieved from /opt/airflow/dags/eu_fsf_sanc_dag.py
[2026-06-03T07:22:59.587+0000] {logging_mixin.py:188} INFO - [2026-06-03T07:22:59.586+0000] {dag.py:3047} INFO - Sync 1 DAGs
[2026-06-03T07:22:59.754+0000] {logging_mixin.py:188} INFO - [2026-06-03T07:22:59.753+0000] {dag.py:3834} INFO - Setting next_dagrun for eu_fsf_sanc to 2026-06-03 00:00:00+00:00, run_after=2026-06-04 00:00:00+00:00
[2026-06-03T07:22:59.842+0000] {processor.py:183} INFO - Processing /opt/airflow/dags/eu_fsf_sanc_dag.py took 0.565 seconds
[2026-06-03T07:23:30.337+0000] {processor.py:161} INFO - Started process (PID=1076) to work on /opt/airflow/dags/eu_fsf_sanc_dag.py
[2026-06-03T07:23:30.341+0000] {processor.py:830} INFO - Processing file /opt/airflow/dags/eu_fsf_sanc_dag.py for tasks to queue
[2026-06-03T07:23:30.357+0000] {logging_mixin.py:188} INFO - [2026-06-03T07:23:30.356+0000] {dagbag.py:540} INFO - Filling up the DagBag from /opt/airflow/dags/eu_fsf_sanc_dag.py
[2026-06-03T07:23:30.700+0000] {processor.py:840} INFO - DAG(s) 'eu_fsf_sanc' retrieved from /opt/airflow/dags/eu_fsf_sanc_dag.py
[2026-06-03T07:23:30.938+0000] {logging_mixin.py:188} INFO - [2026-06-03T07:23:30.938+0000] {dag.py:3047} INFO - Sync 1 DAGs
[2026-06-03T07:23:31.193+0000] {logging_mixin.py:188} INFO - [2026-06-03T07:23:31.179+0000] {dag.py:3834} INFO - Setting next_dagrun for eu_fsf_sanc to 2026-06-03 00:00:00+00:00, run_after=2026-06-04 00:00:00+00:00
[2026-06-03T07:23:31.442+0000] {processor.py:183} INFO - Processing /opt/airflow/dags/eu_fsf_sanc_dag.py took 1.135 seconds
[2026-06-03T07:24:02.176+0000] {processor.py:161} INFO - Started process (PID=1106) to work on /opt/airflow/dags/eu_fsf_sanc_dag.py
[2026-06-03T07:24:02.183+0000] {processor.py:830} INFO - Processing file /opt/airflow/dags/eu_fsf_sanc_dag.py for tasks to queue
[2026-06-03T07:24:02.186+0000] {logging_mixin.py:188} INFO - [2026-06-03T07:24:02.185+0000] {dagbag.py:540} INFO - Filling up the DagBag from /opt/airflow/dags/eu_fsf_sanc_dag.py
[2026-06-03T07:24:02.259+0000] {processor.py:840} INFO - DAG(s) 'eu_fsf_sanc' retrieved from /opt/airflow/dags/eu_fsf_sanc_dag.py
[2026-06-03T07:24:02.326+0000] {logging_mixin.py:188} INFO - [2026-06-03T07:24:02.326+0000] {dag.py:3047} INFO - Sync 1 DAGs
[2026-06-03T07:24:02.396+0000] {logging_mixin.py:188} INFO - [2026-06-03T07:24:02.396+0000] {dag.py:3834} INFO - Setting next_dagrun for eu_fsf_sanc to 2026-06-03 00:00:00+00:00, run_after=2026-06-04 00:00:00+00:00
[2026-06-03T07:24:02.471+0000] {processor.py:183} INFO - Processing /opt/airflow/dags/eu_fsf_sanc_dag.py took 0.308 seconds
[2026-06-03T07:24:33.451+0000] {processor.py:161} INFO - Started process (PID=1136) to work on /opt/airflow/dags/eu_fsf_sanc_dag.py
[2026-06-03T07:24:33.457+0000] {processor.py:830} INFO - Processing file /opt/airflow/dags/eu_fsf_sanc_dag.py for tasks to queue
[2026-06-03T07:24:33.481+0000] {logging_mixin.py:188} INFO - [2026-06-03T07:24:33.480+0000] {dagbag.py:540} INFO - Filling up the DagBag from /opt/airflow/dags/eu_fsf_sanc_dag.py
[2026-06-03T07:24:33.651+0000] {processor.py:840} INFO - DAG(s) 'eu_fsf_sanc' retrieved from /opt/airflow/dags/eu_fsf_sanc_dag.py
[2026-06-03T07:24:33.725+0000] {logging_mixin.py:188} INFO - [2026-06-03T07:24:33.724+0000] {dag.py:3047} INFO - Sync 1 DAGs
[2026-06-03T07:24:33.795+0000] {logging_mixin.py:188} INFO - [2026-06-03T07:24:33.794+0000] {dag.py:3834} INFO - Setting next_dagrun for eu_fsf_sanc to 2026-06-03 00:00:00+00:00, run_after=2026-06-04 00:00:00+00:00
[2026-06-03T07:24:33.880+0000] {processor.py:183} INFO - Processing /opt/airflow/dags/eu_fsf_sanc_dag.py took 0.467 seconds
[2026-06-03T07:25:04.342+0000] {processor.py:161} INFO - Started process (PID=1166) to work on /opt/airflow/dags/eu_fsf_sanc_dag.py
[2026-06-03T07:25:04.380+0000] {processor.py:830} INFO - Processing file /opt/airflow/dags/eu_fsf_sanc_dag.py for tasks to queue
[2026-06-03T07:25:04.414+0000] {logging_mixin.py:188} INFO - [2026-06-03T07:25:04.412+0000] {dagbag.py:540} INFO - Filling up the DagBag from /opt/airflow/dags/eu_fsf_sanc_dag.py
[2026-06-03T07:25:04.688+0000] {processor.py:840} INFO - DAG(s) 'eu_fsf_sanc' retrieved from /opt/airflow/dags/eu_fsf_sanc_dag.py
[2026-06-03T07:25:05.228+0000] {logging_mixin.py:188} INFO - [2026-06-03T07:25:05.227+0000] {dag.py:3047} INFO - Sync 1 DAGs
[2026-06-03T07:25:05.783+0000] {logging_mixin.py:188} INFO - [2026-06-03T07:25:05.783+0000] {dag.py:3834} INFO - Setting next_dagrun for eu_fsf_sanc to 2026-06-03 00:00:00+00:00, run_after=2026-06-04 00:00:00+00:00
[2026-06-03T07:25:06.008+0000] {processor.py:183} INFO - Processing /opt/airflow/dags/eu_fsf_sanc_dag.py took 1.692 seconds
[2026-06-03T07:25:36.624+0000] {processor.py:161} INFO - Started process (PID=1196) to work on /opt/airflow/dags/eu_fsf_sanc_dag.py
[2026-06-03T07:25:36.629+0000] {processor.py:830} INFO - Processing file /opt/airflow/dags/eu_fsf_sanc_dag.py for tasks to queue
[2026-06-03T07:25:36.634+0000] {logging_mixin.py:188} INFO - [2026-06-03T07:25:36.632+0000] {dagbag.py:540} INFO - Filling up the DagBag from /opt/airflow/dags/eu_fsf_sanc_dag.py
[2026-06-03T07:25:36.779+0000] {processor.py:840} INFO - DAG(s) 'eu_fsf_sanc' retrieved from /opt/airflow/dags/eu_fsf_sanc_dag.py
[2026-06-03T07:25:37.098+0000] {logging_mixin.py:188} INFO - [2026-06-03T07:25:37.097+0000] {dag.py:3047} INFO - Sync 1 DAGs
[2026-06-03T07:25:37.340+0000] {logging_mixin.py:188} INFO - [2026-06-03T07:25:37.339+0000] {dag.py:3834} INFO - Setting next_dagrun for eu_fsf_sanc to 2026-06-03 00:00:00+00:00, run_after=2026-06-04 00:00:00+00:00
[2026-06-03T07:25:37.572+0000] {processor.py:183} INFO - Processing /opt/airflow/dags/eu_fsf_sanc_dag.py took 0.960 seconds
[2026-06-03T07:26:15.312+0000] {processor.py:161} INFO - Started process (PID=1226) to work on /opt/airflow/dags/eu_fsf_sanc_dag.py
[2026-06-03T07:26:15.336+0000] {processor.py:830} INFO - Processing file /opt/airflow/dags/eu_fsf_sanc_dag.py for tasks to queue
[2026-06-03T07:26:15.350+0000] {logging_mixin.py:188} INFO - [2026-06-03T07:26:15.349+0000] {dagbag.py:540} INFO - Filling up the DagBag from /opt/airflow/dags/eu_fsf_sanc_dag.py
[2026-06-03T07:26:16.483+0000] {processor.py:840} INFO - DAG(s) 'eu_fsf_sanc' retrieved from /opt/airflow/dags/eu_fsf_sanc_dag.py
[2026-06-03T07:26:17.038+0000] {logging_mixin.py:188} INFO - [2026-06-03T07:26:17.033+0000] {dag.py:3047} INFO - Sync 1 DAGs
[2026-06-03T07:26:17.399+0000] {logging_mixin.py:188} INFO - [2026-06-03T07:26:17.398+0000] {dag.py:3834} INFO - Setting next_dagrun for eu_fsf_sanc to 2026-06-03 00:00:00+00:00, run_after=2026-06-04 00:00:00+00:00
[2026-06-03T07:26:17.856+0000] {processor.py:183} INFO - Processing /opt/airflow/dags/eu_fsf_sanc_dag.py took 2.566 seconds
[2026-06-03T07:26:49.908+0000] {processor.py:161} INFO - Started process (PID=1257) to work on /opt/airflow/dags/eu_fsf_sanc_dag.py
[2026-06-03T07:26:49.986+0000] {processor.py:830} INFO - Processing file /opt/airflow/dags/eu_fsf_sanc_dag.py for tasks to queue
[2026-06-03T07:26:50.008+0000] {logging_mixin.py:188} INFO - [2026-06-03T07:26:50.004+0000] {dagbag.py:540} INFO - Filling up the DagBag from /opt/airflow/dags/eu_fsf_sanc_dag.py
[2026-06-03T07:26:50.663+0000] {processor.py:840} INFO - DAG(s) 'eu_fsf_sanc' retrieved from /opt/airflow/dags/eu_fsf_sanc_dag.py
[2026-06-03T07:26:51.016+0000] {logging_mixin.py:188} INFO - [2026-06-03T07:26:51.016+0000] {dag.py:3047} INFO - Sync 1 DAGs
[2026-06-03T07:26:51.415+0000] {logging_mixin.py:188} INFO - [2026-06-03T07:26:51.414+0000] {dag.py:3834} INFO - Setting next_dagrun for eu_fsf_sanc to 2026-06-03 00:00:00+00:00, run_after=2026-06-04 00:00:00+00:00
[2026-06-03T07:26:52.020+0000] {processor.py:183} INFO - Processing /opt/airflow/dags/eu_fsf_sanc_dag.py took 2.173 seconds
[2026-06-03T07:27:23.990+0000] {processor.py:161} INFO - Started process (PID=1288) to work on /opt/airflow/dags/eu_fsf_sanc_dag.py
[2026-06-03T07:27:24.077+0000] {processor.py:830} INFO - Processing file /opt/airflow/dags/eu_fsf_sanc_dag.py for tasks to queue
[2026-06-03T07:27:24.088+0000] {logging_mixin.py:188} INFO - [2026-06-03T07:27:24.086+0000] {dagbag.py:540} INFO - Filling up the DagBag from /opt/airflow/dags/eu_fsf_sanc_dag.py
[2026-06-03T07:27:24.269+0000] {processor.py:840} INFO - DAG(s) 'eu_fsf_sanc' retrieved from /opt/airflow/dags/eu_fsf_sanc_dag.py
[2026-06-03T07:27:24.801+0000] {logging_mixin.py:188} INFO - [2026-06-03T07:27:24.800+0000] {dag.py:3047} INFO - Sync 1 DAGs
[2026-06-03T07:27:25.439+0000] {logging_mixin.py:188} INFO - [2026-06-03T07:27:25.438+0000] {dag.py:3834} INFO - Setting next_dagrun for eu_fsf_sanc to 2026-06-03 00:00:00+00:00, run_after=2026-06-04 00:00:00+00:00
[2026-06-03T07:27:25.665+0000] {processor.py:183} INFO - Processing /opt/airflow/dags/eu_fsf_sanc_dag.py took 1.765 seconds
[2026-06-03T07:27:59.531+0000] {processor.py:161} INFO - Started process (PID=1319) to work on /opt/airflow/dags/eu_fsf_sanc_dag.py
[2026-06-03T07:27:59.607+0000] {processor.py:830} INFO - Processing file /opt/airflow/dags/eu_fsf_sanc_dag.py for tasks to queue
[2026-06-03T07:27:59.657+0000] {logging_mixin.py:188} INFO - [2026-06-03T07:27:59.656+0000] {dagbag.py:540} INFO - Filling up the DagBag from /opt/airflow/dags/eu_fsf_sanc_dag.py
[2026-06-03T07:28:01.642+0000] {processor.py:840} INFO - DAG(s) 'eu_fsf_sanc' retrieved from /opt/airflow/dags/eu_fsf_sanc_dag.py
[2026-06-03T07:28:01.848+0000] {logging_mixin.py:188} INFO - [2026-06-03T07:28:01.847+0000] {dag.py:3047} INFO - Sync 1 DAGs
[2026-06-03T07:28:02.052+0000] {logging_mixin.py:188} INFO - [2026-06-03T07:28:02.041+0000] {dag.py:3834} INFO - Setting next_dagrun for eu_fsf_sanc to 2026-06-03 00:00:00+00:00, run_after=2026-06-04 00:00:00+00:00
[2026-06-03T07:28:02.362+0000] {processor.py:183} INFO - Processing /opt/airflow/dags/eu_fsf_sanc_dag.py took 2.858 seconds
[2026-06-03T07:28:39.896+0000] {processor.py:161} INFO - Started process (PID=1352) to work on /opt/airflow/dags/eu_fsf_sanc_dag.py
[2026-06-03T07:28:39.902+0000] {processor.py:830} INFO - Processing file /opt/airflow/dags/eu_fsf_sanc_dag.py for tasks to queue
[2026-06-03T07:28:39.912+0000] {logging_mixin.py:188} INFO - [2026-06-03T07:28:39.911+0000] {dagbag.py:540} INFO - Filling up the DagBag from /opt/airflow/dags/eu_fsf_sanc_dag.py
[2026-06-03T07:28:40.580+0000] {processor.py:840} INFO - DAG(s) 'eu_fsf_sanc' retrieved from /opt/airflow/dags/eu_fsf_sanc_dag.py
[2026-06-03T07:28:40.911+0000] {logging_mixin.py:188} INFO - [2026-06-03T07:28:40.910+0000] {dag.py:3047} INFO - Sync 1 DAGs
[2026-06-03T07:28:41.342+0000] {logging_mixin.py:188} INFO - [2026-06-03T07:28:41.341+0000] {dag.py:3834} INFO - Setting next_dagrun for eu_fsf_sanc to 2026-06-03 00:00:00+00:00, run_after=2026-06-04 00:00:00+00:00
[2026-06-03T07:28:41.780+0000] {processor.py:183} INFO - Processing /opt/airflow/dags/eu_fsf_sanc_dag.py took 1.916 seconds
[2026-06-03T07:29:14.092+0000] {processor.py:161} INFO - Started process (PID=1382) to work on /opt/airflow/dags/eu_fsf_sanc_dag.py
[2026-06-03T07:29:14.111+0000] {processor.py:830} INFO - Processing file /opt/airflow/dags/eu_fsf_sanc_dag.py for tasks to queue
[2026-06-03T07:29:14.121+0000] {logging_mixin.py:188} INFO - [2026-06-03T07:29:14.120+0000] {dagbag.py:540} INFO - Filling up the DagBag from /opt/airflow/dags/eu_fsf_sanc_dag.py
[2026-06-03T07:29:14.258+0000] {processor.py:840} INFO - DAG(s) 'eu_fsf_sanc' retrieved from /opt/airflow/dags/eu_fsf_sanc_dag.py
[2026-06-03T07:29:14.502+0000] {logging_mixin.py:188} INFO - [2026-06-03T07:29:14.501+0000] {dag.py:3047} INFO - Sync 1 DAGs
[2026-06-03T07:29:14.696+0000] {logging_mixin.py:188} INFO - [2026-06-03T07:29:14.695+0000] {dag.py:3834} INFO - Setting next_dagrun for eu_fsf_sanc to 2026-06-03 00:00:00+00:00, run_after=2026-06-04 00:00:00+00:00
[2026-06-03T07:29:14.848+0000] {processor.py:183} INFO - Processing /opt/airflow/dags/eu_fsf_sanc_dag.py took 0.898 seconds
[2026-06-03T07:29:45.371+0000] {processor.py:161} INFO - Started process (PID=1412) to work on /opt/airflow/dags/eu_fsf_sanc_dag.py
[2026-06-03T07:29:45.374+0000] {processor.py:830} INFO - Processing file /opt/airflow/dags/eu_fsf_sanc_dag.py for tasks to queue
[2026-06-03T07:29:45.377+0000] {logging_mixin.py:188} INFO - [2026-06-03T07:29:45.376+0000] {dagbag.py:540} INFO - Filling up the DagBag from /opt/airflow/dags/eu_fsf_sanc_dag.py
[2026-06-03T07:29:45.481+0000] {processor.py:840} INFO - DAG(s) 'eu_fsf_sanc' retrieved from /opt/airflow/dags/eu_fsf_sanc_dag.py
[2026-06-03T07:29:45.582+0000] {logging_mixin.py:188} INFO - [2026-06-03T07:29:45.582+0000] {dag.py:3047} INFO - Sync 1 DAGs
[2026-06-03T07:29:45.648+0000] {logging_mixin.py:188} INFO - [2026-06-03T07:29:45.648+0000] {dag.py:3834} INFO - Setting next_dagrun for eu_fsf_sanc to 2026-06-03 00:00:00+00:00, run_after=2026-06-04 00:00:00+00:00
[2026-06-03T07:29:45.699+0000] {processor.py:183} INFO - Processing /opt/airflow/dags/eu_fsf_sanc_dag.py took 0.343 seconds
[2026-06-03T07:30:16.139+0000] {processor.py:161} INFO - Started process (PID=1442) to work on /opt/airflow/dags/eu_fsf_sanc_dag.py
[2026-06-03T07:30:16.141+0000] {processor.py:830} INFO - Processing file /opt/airflow/dags/eu_fsf_sanc_dag.py for tasks to queue
[2026-06-03T07:30:16.144+0000] {logging_mixin.py:188} INFO - [2026-06-03T07:30:16.143+0000] {dagbag.py:540} INFO - Filling up the DagBag from /opt/airflow/dags/eu_fsf_sanc_dag.py
[2026-06-03T07:30:16.203+0000] {processor.py:840} INFO - DAG(s) 'eu_fsf_sanc' retrieved from /opt/airflow/dags/eu_fsf_sanc_dag.py
[2026-06-03T07:30:16.271+0000] {logging_mixin.py:188} INFO - [2026-06-03T07:30:16.270+0000] {dag.py:3047} INFO - Sync 1 DAGs
[2026-06-03T07:30:16.385+0000] {logging_mixin.py:188} INFO - [2026-06-03T07:30:16.373+0000] {dag.py:3834} INFO - Setting next_dagrun for eu_fsf_sanc to 2026-06-03 00:00:00+00:00, run_after=2026-06-04 00:00:00+00:00
[2026-06-03T07:30:16.544+0000] {processor.py:183} INFO - Processing /opt/airflow/dags/eu_fsf_sanc_dag.py took 0.421 seconds
[2026-06-03T07:30:48.915+0000] {processor.py:161} INFO - Started process (PID=1474) to work on /opt/airflow/dags/eu_fsf_sanc_dag.py
[2026-06-03T07:30:49.096+0000] {processor.py:830} INFO - Processing file /opt/airflow/dags/eu_fsf_sanc_dag.py for tasks to queue
[2026-06-03T07:30:49.129+0000] {logging_mixin.py:188} INFO - [2026-06-03T07:30:49.128+0000] {dagbag.py:540} INFO - Filling up the DagBag from /opt/airflow/dags/eu_fsf_sanc_dag.py
[2026-06-03T07:30:50.523+0000] {processor.py:840} INFO - DAG(s) 'eu_fsf_sanc' retrieved from /opt/airflow/dags/eu_fsf_sanc_dag.py
[2026-06-03T07:30:52.217+0000] {logging_mixin.py:188} INFO - [2026-06-03T07:30:52.216+0000] {dag.py:3047} INFO - Sync 1 DAGs
[2026-06-03T07:30:52.952+0000] {logging_mixin.py:188} INFO - [2026-06-03T07:30:52.950+0000] {dag.py:3834} INFO - Setting next_dagrun for eu_fsf_sanc to 2026-06-03 00:00:00+00:00, run_after=2026-06-04 00:00:00+00:00
[2026-06-03T07:30:53.373+0000] {processor.py:183} INFO - Processing /opt/airflow/dags/eu_fsf_sanc_dag.py took 4.574 seconds
[2026-06-03T07:31:25.162+0000] {processor.py:161} INFO - Started process (PID=1504) to work on /opt/airflow/dags/eu_fsf_sanc_dag.py
[2026-06-03T07:31:25.183+0000] {processor.py:830} INFO - Processing file /opt/airflow/dags/eu_fsf_sanc_dag.py for tasks to queue
[2026-06-03T07:31:25.199+0000] {logging_mixin.py:188} INFO - [2026-06-03T07:31:25.198+0000] {dagbag.py:540} INFO - Filling up the DagBag from /opt/airflow/dags/eu_fsf_sanc_dag.py
[2026-06-03T07:31:25.449+0000] {processor.py:840} INFO - DAG(s) 'eu_fsf_sanc' retrieved from /opt/airflow/dags/eu_fsf_sanc_dag.py
[2026-06-03T07:31:25.980+0000] {logging_mixin.py:188} INFO - [2026-06-03T07:31:25.978+0000] {dag.py:3047} INFO - Sync 1 DAGs
[2026-06-03T07:31:26.365+0000] {logging_mixin.py:188} INFO - [2026-06-03T07:31:26.364+0000] {dag.py:3834} INFO - Setting next_dagrun for eu_fsf_sanc to 2026-06-03 00:00:00+00:00, run_after=2026-06-04 00:00:00+00:00
[2026-06-03T07:31:26.627+0000] {processor.py:183} INFO - Processing /opt/airflow/dags/eu_fsf_sanc_dag.py took 1.493 seconds
[2026-06-03T07:31:58.187+0000] {processor.py:161} INFO - Started process (PID=1536) to work on /opt/airflow/dags/eu_fsf_sanc_dag.py
[2026-06-03T07:31:58.191+0000] {processor.py:830} INFO - Processing file /opt/airflow/dags/eu_fsf_sanc_dag.py for tasks to queue
[2026-06-03T07:31:58.194+0000] {logging_mixin.py:188} INFO - [2026-06-03T07:31:58.193+0000] {dagbag.py:540} INFO - Filling up the DagBag from /opt/airflow/dags/eu_fsf_sanc_dag.py
[2026-06-03T07:31:58.403+0000] {processor.py:840} INFO - DAG(s) 'eu_fsf_sanc' retrieved from /opt/airflow/dags/eu_fsf_sanc_dag.py
[2026-06-03T07:31:58.526+0000] {logging_mixin.py:188} INFO - [2026-06-03T07:31:58.525+0000] {dag.py:3047} INFO - Sync 1 DAGs
[2026-06-03T07:31:58.624+0000] {logging_mixin.py:188} INFO - [2026-06-03T07:31:58.623+0000] {dag.py:3834} INFO - Setting next_dagrun for eu_fsf_sanc to 2026-06-03 00:00:00+00:00, run_after=2026-06-04 00:00:00+00:00
[2026-06-03T07:31:58.702+0000] {processor.py:183} INFO - Processing /opt/airflow/dags/eu_fsf_sanc_dag.py took 0.526 seconds
[2026-06-03T07:32:29.727+0000] {processor.py:161} INFO - Started process (PID=1566) to work on /opt/airflow/dags/eu_fsf_sanc_dag.py
[2026-06-03T07:32:29.735+0000] {processor.py:830} INFO - Processing file /opt/airflow/dags/eu_fsf_sanc_dag.py for tasks to queue
[2026-06-03T07:32:29.747+0000] {logging_mixin.py:188} INFO - [2026-06-03T07:32:29.744+0000] {dagbag.py:540} INFO - Filling up the DagBag from /opt/airflow/dags/eu_fsf_sanc_dag.py
[2026-06-03T07:32:29.866+0000] {processor.py:840} INFO - DAG(s) 'eu_fsf_sanc' retrieved from /opt/airflow/dags/eu_fsf_sanc_dag.py
[2026-06-03T07:32:29.950+0000] {logging_mixin.py:188} INFO - [2026-06-03T07:32:29.949+0000] {dag.py:3047} INFO - Sync 1 DAGs
[2026-06-03T07:32:30.032+0000] {logging_mixin.py:188} INFO - [2026-06-03T07:32:30.032+0000] {dag.py:3834} INFO - Setting next_dagrun for eu_fsf_sanc to 2026-06-03 00:00:00+00:00, run_after=2026-06-04 00:00:00+00:00
[2026-06-03T07:32:30.125+0000] {processor.py:183} INFO - Processing /opt/airflow/dags/eu_fsf_sanc_dag.py took 0.419 seconds
[2026-06-03T07:33:01.477+0000] {processor.py:161} INFO - Started process (PID=1596) to work on /opt/airflow/dags/eu_fsf_sanc_dag.py
[2026-06-03T07:33:01.489+0000] {processor.py:830} INFO - Processing file /opt/airflow/dags/eu_fsf_sanc_dag.py for tasks to queue
[2026-06-03T07:33:01.493+0000] {logging_mixin.py:188} INFO - [2026-06-03T07:33:01.492+0000] {dagbag.py:540} INFO - Filling up the DagBag from /opt/airflow/dags/eu_fsf_sanc_dag.py
[2026-06-03T07:33:01.586+0000] {processor.py:840} INFO - DAG(s) 'eu_fsf_sanc' retrieved from /opt/airflow/dags/eu_fsf_sanc_dag.py
[2026-06-03T07:33:01.718+0000] {logging_mixin.py:188} INFO - [2026-06-03T07:33:01.717+0000] {dag.py:3047} INFO - Sync 1 DAGs
[2026-06-03T07:33:01.827+0000] {logging_mixin.py:188} INFO - [2026-06-03T07:33:01.827+0000] {dag.py:3834} INFO - Setting next_dagrun for eu_fsf_sanc to 2026-06-03 00:00:00+00:00, run_after=2026-06-04 00:00:00+00:00
[2026-06-03T07:33:01.921+0000] {processor.py:183} INFO - Processing /opt/airflow/dags/eu_fsf_sanc_dag.py took 0.457 seconds
[2026-06-03T07:33:32.910+0000] {processor.py:161} INFO - Started process (PID=1626) to work on /opt/airflow/dags/eu_fsf_sanc_dag.py
[2026-06-03T07:33:32.917+0000] {processor.py:830} INFO - Processing file /opt/airflow/dags/eu_fsf_sanc_dag.py for tasks to queue
[2026-06-03T07:33:32.922+0000] {logging_mixin.py:188} INFO - [2026-06-03T07:33:32.920+0000] {dagbag.py:540} INFO - Filling up the DagBag from /opt/airflow/dags/eu_fsf_sanc_dag.py
[2026-06-03T07:33:33.042+0000] {processor.py:840} INFO - DAG(s) 'eu_fsf_sanc' retrieved from /opt/airflow/dags/eu_fsf_sanc_dag.py
[2026-06-03T07:33:33.138+0000] {logging_mixin.py:188} INFO - [2026-06-03T07:33:33.138+0000] {dag.py:3047} INFO - Sync 1 DAGs
[2026-06-03T07:33:33.226+0000] {logging_mixin.py:188} INFO - [2026-06-03T07:33:33.225+0000] {dag.py:3834} INFO - Setting next_dagrun for eu_fsf_sanc to 2026-06-03 00:00:00+00:00, run_after=2026-06-04 00:00:00+00:00
[2026-06-03T07:33:33.296+0000] {processor.py:183} INFO - Processing /opt/airflow/dags/eu_fsf_sanc_dag.py took 0.413 seconds
[2026-06-03T07:34:03.731+0000] {processor.py:161} INFO - Started process (PID=1656) to work on /opt/airflow/dags/eu_fsf_sanc_dag.py
[2026-06-03T07:34:03.733+0000] {processor.py:830} INFO - Processing file /opt/airflow/dags/eu_fsf_sanc_dag.py for tasks to queue
[2026-06-03T07:34:03.736+0000] {logging_mixin.py:188} INFO - [2026-06-03T07:34:03.735+0000] {dagbag.py:540} INFO - Filling up the DagBag from /opt/airflow/dags/eu_fsf_sanc_dag.py
[2026-06-03T07:34:03.797+0000] {processor.py:840} INFO - DAG(s) 'eu_fsf_sanc' retrieved from /opt/airflow/dags/eu_fsf_sanc_dag.py
[2026-06-03T07:34:03.894+0000] {logging_mixin.py:188} INFO - [2026-06-03T07:34:03.893+0000] {dag.py:3047} INFO - Sync 1 DAGs
[2026-06-03T07:34:03.995+0000] {logging_mixin.py:188} INFO - [2026-06-03T07:34:03.994+0000] {dag.py:3834} INFO - Setting next_dagrun for eu_fsf_sanc to 2026-06-03 00:00:00+00:00, run_after=2026-06-04 00:00:00+00:00
[2026-06-03T07:34:04.096+0000] {processor.py:183} INFO - Processing /opt/airflow/dags/eu_fsf_sanc_dag.py took 0.377 seconds
[2026-06-03T07:34:49.438+0000] {processor.py:161} INFO - Started process (PID=1685) to work on /opt/airflow/dags/eu_fsf_sanc_dag.py
[2026-06-03T07:34:49.533+0000] {processor.py:830} INFO - Processing file /opt/airflow/dags/eu_fsf_sanc_dag.py for tasks to queue
[2026-06-03T07:34:49.566+0000] {logging_mixin.py:188} INFO - [2026-06-03T07:34:49.565+0000] {dagbag.py:540} INFO - Filling up the DagBag from /opt/airflow/dags/eu_fsf_sanc_dag.py
[2026-06-03T07:34:52.740+0000] {processor.py:840} INFO - DAG(s) 'eu_fsf_sanc' retrieved from /opt/airflow/dags/eu_fsf_sanc_dag.py
[2026-06-03T07:34:53.257+0000] {logging_mixin.py:188} INFO - [2026-06-03T07:34:53.256+0000] {dag.py:3047} INFO - Sync 1 DAGs
[2026-06-03T07:34:53.860+0000] {logging_mixin.py:188} INFO - [2026-06-03T07:34:53.859+0000] {dag.py:3834} INFO - Setting next_dagrun for eu_fsf_sanc to 2026-06-03 00:00:00+00:00, run_after=2026-06-04 00:00:00+00:00
[2026-06-03T07:34:54.905+0000] {processor.py:183} INFO - Processing /opt/airflow/dags/eu_fsf_sanc_dag.py took 5.683 seconds
[2026-06-03T07:35:28.998+0000] {processor.py:161} INFO - Started process (PID=1714) to work on /opt/airflow/dags/eu_fsf_sanc_dag.py
[2026-06-03T07:35:29.060+0000] {processor.py:830} INFO - Processing file /opt/airflow/dags/eu_fsf_sanc_dag.py for tasks to queue
[2026-06-03T07:35:29.068+0000] {logging_mixin.py:188} INFO - [2026-06-03T07:35:29.066+0000] {dagbag.py:540} INFO - Filling up the DagBag from /opt/airflow/dags/eu_fsf_sanc_dag.py
[2026-06-03T07:35:32.271+0000] {processor.py:840} INFO - DAG(s) 'eu_fsf_sanc' retrieved from /opt/airflow/dags/eu_fsf_sanc_dag.py
[2026-06-03T07:35:32.878+0000] {logging_mixin.py:188} INFO - [2026-06-03T07:35:32.877+0000] {dag.py:3047} INFO - Sync 1 DAGs
[2026-06-03T07:35:33.371+0000] {logging_mixin.py:188} INFO - [2026-06-03T07:35:33.370+0000] {dag.py:3834} INFO - Setting next_dagrun for eu_fsf_sanc to 2026-06-03 00:00:00+00:00, run_after=2026-06-04 00:00:00+00:00
[2026-06-03T07:35:34.030+0000] {processor.py:183} INFO - Processing /opt/airflow/dags/eu_fsf_sanc_dag.py took 5.082 seconds
[2026-06-03T07:36:08.157+0000] {processor.py:161} INFO - Started process (PID=1744) to work on /opt/airflow/dags/eu_fsf_sanc_dag.py
[2026-06-03T07:36:08.162+0000] {processor.py:830} INFO - Processing file /opt/airflow/dags/eu_fsf_sanc_dag.py for tasks to queue
[2026-06-03T07:36:08.209+0000] {logging_mixin.py:188} INFO - [2026-06-03T07:36:08.208+0000] {dagbag.py:540} INFO - Filling up the DagBag from /opt/airflow/dags/eu_fsf_sanc_dag.py
[2026-06-03T07:36:08.510+0000] {processor.py:840} INFO - DAG(s) 'eu_fsf_sanc' retrieved from /opt/airflow/dags/eu_fsf_sanc_dag.py
[2026-06-03T07:36:08.858+0000] {logging_mixin.py:188} INFO - [2026-06-03T07:36:08.857+0000] {dag.py:3047} INFO - Sync 1 DAGs
[2026-06-03T07:36:09.343+0000] {logging_mixin.py:188} INFO - [2026-06-03T07:36:09.342+0000] {dag.py:3834} INFO - Setting next_dagrun for eu_fsf_sanc to 2026-06-03 00:00:00+00:00, run_after=2026-06-04 00:00:00+00:00
[2026-06-03T07:36:09.774+0000] {processor.py:183} INFO - Processing /opt/airflow/dags/eu_fsf_sanc_dag.py took 1.659 seconds
[2026-06-03T07:37:04.127+0000] {processor.py:161} INFO - Started process (PID=1775) to work on /opt/airflow/dags/eu_fsf_sanc_dag.py
[2026-06-03T07:37:04.223+0000] {processor.py:830} INFO - Processing file /opt/airflow/dags/eu_fsf_sanc_dag.py for tasks to queue
[2026-06-03T07:37:04.540+0000] {logging_mixin.py:188} INFO - [2026-06-03T07:37:04.509+0000] {dagbag.py:540} INFO - Filling up the DagBag from /opt/airflow/dags/eu_fsf_sanc_dag.py
[2026-06-03T07:37:06.939+0000] {processor.py:840} INFO - DAG(s) 'eu_fsf_sanc' retrieved from /opt/airflow/dags/eu_fsf_sanc_dag.py
[2026-06-03T07:37:07.412+0000] {logging_mixin.py:188} INFO - [2026-06-03T07:37:07.399+0000] {dag.py:3047} INFO - Sync 1 DAGs
[2026-06-03T07:37:07.908+0000] {logging_mixin.py:188} INFO - [2026-06-03T07:37:07.907+0000] {dag.py:3834} INFO - Setting next_dagrun for eu_fsf_sanc to 2026-06-03 00:00:00+00:00, run_after=2026-06-04 00:00:00+00:00
[2026-06-03T07:37:08.231+0000] {processor.py:183} INFO - Processing /opt/airflow/dags/eu_fsf_sanc_dag.py took 4.199 seconds
[2026-06-03T07:37:39.496+0000] {processor.py:161} INFO - Started process (PID=1806) to work on /opt/airflow/dags/eu_fsf_sanc_dag.py
[2026-06-03T07:37:39.510+0000] {processor.py:830} INFO - Processing file /opt/airflow/dags/eu_fsf_sanc_dag.py for tasks to queue
[2026-06-03T07:37:39.513+0000] {logging_mixin.py:188} INFO - [2026-06-03T07:37:39.512+0000] {dagbag.py:540} INFO - Filling up the DagBag from /opt/airflow/dags/eu_fsf_sanc_dag.py
[2026-06-03T07:37:39.761+0000] {processor.py:840} INFO - DAG(s) 'eu_fsf_sanc' retrieved from /opt/airflow/dags/eu_fsf_sanc_dag.py
[2026-06-03T07:37:39.948+0000] {logging_mixin.py:188} INFO - [2026-06-03T07:37:39.946+0000] {dag.py:3047} INFO - Sync 1 DAGs
[2026-06-03T07:37:40.114+0000] {logging_mixin.py:188} INFO - [2026-06-03T07:37:40.114+0000] {dag.py:3834} INFO - Setting next_dagrun for eu_fsf_sanc to 2026-06-03 00:00:00+00:00, run_after=2026-06-04 00:00:00+00:00
[2026-06-03T07:37:40.403+0000] {processor.py:183} INFO - Processing /opt/airflow/dags/eu_fsf_sanc_dag.py took 0.942 seconds
[2026-06-03T07:38:17.445+0000] {processor.py:161} INFO - Started process (PID=1834) to work on /opt/airflow/dags/eu_fsf_sanc_dag.py
[2026-06-03T07:38:17.463+0000] {processor.py:830} INFO - Processing file /opt/airflow/dags/eu_fsf_sanc_dag.py for tasks to queue
[2026-06-03T07:38:17.556+0000] {logging_mixin.py:188} INFO - [2026-06-03T07:38:17.555+0000] {dagbag.py:540} INFO - Filling up the DagBag from /opt/airflow/dags/eu_fsf_sanc_dag.py
[2026-06-03T07:38:18.960+0000] {processor.py:840} INFO - DAG(s) 'eu_fsf_sanc' retrieved from /opt/airflow/dags/eu_fsf_sanc_dag.py
[2026-06-03T07:38:19.203+0000] {logging_mixin.py:188} INFO - [2026-06-03T07:38:19.202+0000] {dag.py:3047} INFO - Sync 1 DAGs
[2026-06-03T07:38:19.530+0000] {logging_mixin.py:188} INFO - [2026-06-03T07:38:19.530+0000] {dag.py:3834} INFO - Setting next_dagrun for eu_fsf_sanc to 2026-06-03 00:00:00+00:00, run_after=2026-06-04 00:00:00+00:00
[2026-06-03T07:38:19.798+0000] {processor.py:183} INFO - Processing /opt/airflow/dags/eu_fsf_sanc_dag.py took 2.387 seconds
[2026-06-03T07:39:05.986+0000] {processor.py:161} INFO - Started process (PID=1869) to work on /opt/airflow/dags/eu_fsf_sanc_dag.py
[2026-06-03T07:39:06.097+0000] {processor.py:830} INFO - Processing file /opt/airflow/dags/eu_fsf_sanc_dag.py for tasks to queue
[2026-06-03T07:39:06.131+0000] {logging_mixin.py:188} INFO - [2026-06-03T07:39:06.130+0000] {dagbag.py:540} INFO - Filling up the DagBag from /opt/airflow/dags/eu_fsf_sanc_dag.py
[2026-06-03T07:39:08.413+0000] {processor.py:840} INFO - DAG(s) 'eu_fsf_sanc' retrieved from /opt/airflow/dags/eu_fsf_sanc_dag.py
[2026-06-03T07:39:08.987+0000] {logging_mixin.py:188} INFO - [2026-06-03T07:39:08.986+0000] {dag.py:3047} INFO - Sync 1 DAGs
[2026-06-03T07:39:09.486+0000] {logging_mixin.py:188} INFO - [2026-06-03T07:39:09.485+0000] {dag.py:3834} INFO - Setting next_dagrun for eu_fsf_sanc to 2026-06-03 00:00:00+00:00, run_after=2026-06-04 00:00:00+00:00
[2026-06-03T07:39:10.176+0000] {processor.py:183} INFO - Processing /opt/airflow/dags/eu_fsf_sanc_dag.py took 4.302 seconds
[2026-06-03T07:39:55.116+0000] {processor.py:161} INFO - Started process (PID=1904) to work on /opt/airflow/dags/eu_fsf_sanc_dag.py
[2026-06-03T07:39:55.129+0000] {processor.py:830} INFO - Processing file /opt/airflow/dags/eu_fsf_sanc_dag.py for tasks to queue
[2026-06-03T07:39:55.160+0000] {logging_mixin.py:188} INFO - [2026-06-03T07:39:55.159+0000] {dagbag.py:540} INFO - Filling up the DagBag from /opt/airflow/dags/eu_fsf_sanc_dag.py
[2026-06-03T07:39:55.376+0000] {processor.py:840} INFO - DAG(s) 'eu_fsf_sanc' retrieved from /opt/airflow/dags/eu_fsf_sanc_dag.py
[2026-06-03T07:39:55.653+0000] {logging_mixin.py:188} INFO - [2026-06-03T07:39:55.653+0000] {dag.py:3047} INFO - Sync 1 DAGs
[2026-06-03T07:39:56.071+0000] {logging_mixin.py:188} INFO - [2026-06-03T07:39:56.070+0000] {dag.py:3834} INFO - Setting next_dagrun for eu_fsf_sanc to 2026-06-03 00:00:00+00:00, run_after=2026-06-04 00:00:00+00:00
[2026-06-03T07:39:56.304+0000] {processor.py:183} INFO - Processing /opt/airflow/dags/eu_fsf_sanc_dag.py took 1.228 seconds
[2026-06-03T07:40:47.113+0000] {processor.py:161} INFO - Started process (PID=1939) to work on /opt/airflow/dags/eu_fsf_sanc_dag.py
[2026-06-03T07:40:47.133+0000] {processor.py:830} INFO - Processing file /opt/airflow/dags/eu_fsf_sanc_dag.py for tasks to queue
[2026-06-03T07:40:47.167+0000] {logging_mixin.py:188} INFO - [2026-06-03T07:40:47.165+0000] {dagbag.py:540} INFO - Filling up the DagBag from /opt/airflow/dags/eu_fsf_sanc_dag.py
[2026-06-03T07:40:48.915+0000] {processor.py:840} INFO - DAG(s) 'eu_fsf_sanc' retrieved from /opt/airflow/dags/eu_fsf_sanc_dag.py
[2026-06-03T07:40:50.898+0000] {logging_mixin.py:188} INFO - [2026-06-03T07:40:50.897+0000] {dag.py:3047} INFO - Sync 1 DAGs
[2026-06-03T07:40:52.344+0000] {logging_mixin.py:188} INFO - [2026-06-03T07:40:52.343+0000] {dag.py:3834} INFO - Setting next_dagrun for eu_fsf_sanc to 2026-06-03 00:00:00+00:00, run_after=2026-06-04 00:00:00+00:00
[2026-06-03T07:40:52.956+0000] {processor.py:183} INFO - Processing /opt/airflow/dags/eu_fsf_sanc_dag.py took 5.901 seconds
[2026-06-03T07:41:37.205+0000] {processor.py:161} INFO - Started process (PID=1969) to work on /opt/airflow/dags/eu_fsf_sanc_dag.py
[2026-06-03T07:41:37.245+0000] {processor.py:830} INFO - Processing file /opt/airflow/dags/eu_fsf_sanc_dag.py for tasks to queue
[2026-06-03T07:41:37.258+0000] {logging_mixin.py:188} INFO - [2026-06-03T07:41:37.258+0000] {dagbag.py:540} INFO - Filling up the DagBag from /opt/airflow/dags/eu_fsf_sanc_dag.py
[2026-06-03T07:41:39.011+0000] {processor.py:840} INFO - DAG(s) 'eu_fsf_sanc' retrieved from /opt/airflow/dags/eu_fsf_sanc_dag.py
[2026-06-03T07:41:39.560+0000] {logging_mixin.py:188} INFO - [2026-06-03T07:41:39.559+0000] {dag.py:3047} INFO - Sync 1 DAGs
[2026-06-03T07:41:40.038+0000] {logging_mixin.py:188} INFO - [2026-06-03T07:41:40.037+0000] {dag.py:3834} INFO - Setting next_dagrun for eu_fsf_sanc to 2026-06-03 00:00:00+00:00, run_after=2026-06-04 00:00:00+00:00
[2026-06-03T07:41:40.726+0000] {processor.py:183} INFO - Processing /opt/airflow/dags/eu_fsf_sanc_dag.py took 3.553 seconds
[2026-06-03T07:42:12.250+0000] {processor.py:161} INFO - Started process (PID=2000) to work on /opt/airflow/dags/eu_fsf_sanc_dag.py
[2026-06-03T07:42:12.266+0000] {processor.py:830} INFO - Processing file /opt/airflow/dags/eu_fsf_sanc_dag.py for tasks to queue
[2026-06-03T07:42:12.279+0000] {logging_mixin.py:188} INFO - [2026-06-03T07:42:12.278+0000] {dagbag.py:540} INFO - Filling up the DagBag from /opt/airflow/dags/eu_fsf_sanc_dag.py
[2026-06-03T07:42:12.724+0000] {processor.py:840} INFO - DAG(s) 'eu_fsf_sanc' retrieved from /opt/airflow/dags/eu_fsf_sanc_dag.py
[2026-06-03T07:42:12.891+0000] {logging_mixin.py:188} INFO - [2026-06-03T07:42:12.890+0000] {dag.py:3047} INFO - Sync 1 DAGs
[2026-06-03T07:42:13.099+0000] {logging_mixin.py:188} INFO - [2026-06-03T07:42:13.099+0000] {dag.py:3834} INFO - Setting next_dagrun for eu_fsf_sanc to 2026-06-03 00:00:00+00:00, run_after=2026-06-04 00:00:00+00:00
[2026-06-03T07:42:13.338+0000] {processor.py:183} INFO - Processing /opt/airflow/dags/eu_fsf_sanc_dag.py took 1.110 seconds
[2026-06-03T07:42:51.241+0000] {processor.py:161} INFO - Started process (PID=2030) to work on /opt/airflow/dags/eu_fsf_sanc_dag.py
[2026-06-03T07:42:51.254+0000] {processor.py:830} INFO - Processing file /opt/airflow/dags/eu_fsf_sanc_dag.py for tasks to queue
[2026-06-03T07:42:51.275+0000] {logging_mixin.py:188} INFO - [2026-06-03T07:42:51.273+0000] {dagbag.py:540} INFO - Filling up the DagBag from /opt/airflow/dags/eu_fsf_sanc_dag.py
[2026-06-03T07:42:51.605+0000] {processor.py:840} INFO - DAG(s) 'eu_fsf_sanc' retrieved from /opt/airflow/dags/eu_fsf_sanc_dag.py
[2026-06-03T07:42:51.854+0000] {logging_mixin.py:188} INFO - [2026-06-03T07:42:51.853+0000] {dag.py:3047} INFO - Sync 1 DAGs
[2026-06-03T07:42:52.288+0000] {logging_mixin.py:188} INFO - [2026-06-03T07:42:52.287+0000] {dag.py:3834} INFO - Setting next_dagrun for eu_fsf_sanc to 2026-06-03 00:00:00+00:00, run_after=2026-06-04 00:00:00+00:00
[2026-06-03T07:42:52.500+0000] {processor.py:183} INFO - Processing /opt/airflow/dags/eu_fsf_sanc_dag.py took 1.290 seconds
[2026-06-03T07:43:23.505+0000] {processor.py:161} INFO - Started process (PID=2060) to work on /opt/airflow/dags/eu_fsf_sanc_dag.py
[2026-06-03T07:43:23.512+0000] {processor.py:830} INFO - Processing file /opt/airflow/dags/eu_fsf_sanc_dag.py for tasks to queue
[2026-06-03T07:43:23.516+0000] {logging_mixin.py:188} INFO - [2026-06-03T07:43:23.515+0000] {dagbag.py:540} INFO - Filling up the DagBag from /opt/airflow/dags/eu_fsf_sanc_dag.py
[2026-06-03T07:43:23.658+0000] {processor.py:840} INFO - DAG(s) 'eu_fsf_sanc' retrieved from /opt/airflow/dags/eu_fsf_sanc_dag.py
[2026-06-03T07:43:23.852+0000] {logging_mixin.py:188} INFO - [2026-06-03T07:43:23.849+0000] {dag.py:3047} INFO - Sync 1 DAGs
[2026-06-03T07:43:23.980+0000] {logging_mixin.py:188} INFO - [2026-06-03T07:43:23.979+0000] {dag.py:3834} INFO - Setting next_dagrun for eu_fsf_sanc to 2026-06-03 00:00:00+00:00, run_after=2026-06-04 00:00:00+00:00
[2026-06-03T07:43:24.177+0000] {processor.py:183} INFO - Processing /opt/airflow/dags/eu_fsf_sanc_dag.py took 0.689 seconds
[2026-06-03T07:44:01.807+0000] {processor.py:161} INFO - Started process (PID=2090) to work on /opt/airflow/dags/eu_fsf_sanc_dag.py
[2026-06-03T07:44:01.884+0000] {processor.py:830} INFO - Processing file /opt/airflow/dags/eu_fsf_sanc_dag.py for tasks to queue
[2026-06-03T07:44:01.919+0000] {logging_mixin.py:188} INFO - [2026-06-03T07:44:01.917+0000] {dagbag.py:540} INFO - Filling up the DagBag from /opt/airflow/dags/eu_fsf_sanc_dag.py
[2026-06-03T07:44:03.160+0000] {processor.py:840} INFO - DAG(s) 'eu_fsf_sanc' retrieved from /opt/airflow/dags/eu_fsf_sanc_dag.py
[2026-06-03T07:44:03.456+0000] {logging_mixin.py:188} INFO - [2026-06-03T07:44:03.456+0000] {dag.py:3047} INFO - Sync 1 DAGs
[2026-06-03T07:44:03.681+0000] {logging_mixin.py:188} INFO - [2026-06-03T07:44:03.680+0000] {dag.py:3834} INFO - Setting next_dagrun for eu_fsf_sanc to 2026-06-03 00:00:00+00:00, run_after=2026-06-04 00:00:00+00:00
[2026-06-03T07:44:03.864+0000] {processor.py:183} INFO - Processing /opt/airflow/dags/eu_fsf_sanc_dag.py took 2.077 seconds
[2026-06-03T07:44:47.544+0000] {processor.py:161} INFO - Started process (PID=2120) to work on /opt/airflow/dags/eu_fsf_sanc_dag.py
[2026-06-03T07:44:47.803+0000] {processor.py:830} INFO - Processing file /opt/airflow/dags/eu_fsf_sanc_dag.py for tasks to queue
[2026-06-03T07:44:48.077+0000] {logging_mixin.py:188} INFO - [2026-06-03T07:44:48.076+0000] {dagbag.py:540} INFO - Filling up the DagBag from /opt/airflow/dags/eu_fsf_sanc_dag.py
[2026-06-03T07:44:54.319+0000] {processor.py:840} INFO - DAG(s) 'eu_fsf_sanc' retrieved from /opt/airflow/dags/eu_fsf_sanc_dag.py
[2026-06-03T07:44:54.513+0000] {logging_mixin.py:188} INFO - [2026-06-03T07:44:54.512+0000] {dag.py:3047} INFO - Sync 1 DAGs
[2026-06-03T07:44:54.763+0000] {logging_mixin.py:188} INFO - [2026-06-03T07:44:54.762+0000] {dag.py:3834} INFO - Setting next_dagrun for eu_fsf_sanc to 2026-06-03 00:00:00+00:00, run_after=2026-06-04 00:00:00+00:00
[2026-06-03T07:44:55.437+0000] {processor.py:183} INFO - Processing /opt/airflow/dags/eu_fsf_sanc_dag.py took 7.934 seconds
[2026-06-03T07:45:27.345+0000] {processor.py:161} INFO - Started process (PID=2150) to work on /opt/airflow/dags/eu_fsf_sanc_dag.py
[2026-06-03T07:45:27.400+0000] {processor.py:830} INFO - Processing file /opt/airflow/dags/eu_fsf_sanc_dag.py for tasks to queue
[2026-06-03T07:45:27.412+0000] {logging_mixin.py:188} INFO - [2026-06-03T07:45:27.410+0000] {dagbag.py:540} INFO - Filling up the DagBag from /opt/airflow/dags/eu_fsf_sanc_dag.py
[2026-06-03T07:45:27.599+0000] {processor.py:840} INFO - DAG(s) 'eu_fsf_sanc' retrieved from /opt/airflow/dags/eu_fsf_sanc_dag.py
[2026-06-03T07:45:27.776+0000] {logging_mixin.py:188} INFO - [2026-06-03T07:45:27.765+0000] {dag.py:3047} INFO - Sync 1 DAGs
[2026-06-03T07:45:27.959+0000] {logging_mixin.py:188} INFO - [2026-06-03T07:45:27.959+0000] {dag.py:3834} INFO - Setting next_dagrun for eu_fsf_sanc to 2026-06-03 00:00:00+00:00, run_after=2026-06-04 00:00:00+00:00
[2026-06-03T07:45:28.129+0000] {processor.py:183} INFO - Processing /opt/airflow/dags/eu_fsf_sanc_dag.py took 0.803 seconds
[2026-06-03T07:45:59.901+0000] {processor.py:161} INFO - Started process (PID=2180) to work on /opt/airflow/dags/eu_fsf_sanc_dag.py
[2026-06-03T07:45:59.937+0000] {processor.py:830} INFO - Processing file /opt/airflow/dags/eu_fsf_sanc_dag.py for tasks to queue
[2026-06-03T07:45:59.951+0000] {logging_mixin.py:188} INFO - [2026-06-03T07:45:59.950+0000] {dagbag.py:540} INFO - Filling up the DagBag from /opt/airflow/dags/eu_fsf_sanc_dag.py
[2026-06-03T07:46:00.489+0000] {processor.py:840} INFO - DAG(s) 'eu_fsf_sanc' retrieved from /opt/airflow/dags/eu_fsf_sanc_dag.py
[2026-06-03T07:46:00.681+0000] {logging_mixin.py:188} INFO - [2026-06-03T07:46:00.680+0000] {dag.py:3047} INFO - Sync 1 DAGs
[2026-06-03T07:46:00.883+0000] {logging_mixin.py:188} INFO - [2026-06-03T07:46:00.882+0000] {dag.py:3834} INFO - Setting next_dagrun for eu_fsf_sanc to 2026-06-03 00:00:00+00:00, run_after=2026-06-04 00:00:00+00:00
[2026-06-03T07:46:01.088+0000] {processor.py:183} INFO - Processing /opt/airflow/dags/eu_fsf_sanc_dag.py took 1.196 seconds
[2026-06-03T07:46:31.911+0000] {processor.py:161} INFO - Started process (PID=2210) to work on /opt/airflow/dags/eu_fsf_sanc_dag.py
[2026-06-03T07:46:31.914+0000] {processor.py:830} INFO - Processing file /opt/airflow/dags/eu_fsf_sanc_dag.py for tasks to queue
[2026-06-03T07:46:31.917+0000] {logging_mixin.py:188} INFO - [2026-06-03T07:46:31.916+0000] {dagbag.py:540} INFO - Filling up the DagBag from /opt/airflow/dags/eu_fsf_sanc_dag.py
[2026-06-03T07:46:31.982+0000] {processor.py:840} INFO - DAG(s) 'eu_fsf_sanc' retrieved from /opt/airflow/dags/eu_fsf_sanc_dag.py
[2026-06-03T07:46:32.145+0000] {logging_mixin.py:188} INFO - [2026-06-03T07:46:32.144+0000] {dag.py:3047} INFO - Sync 1 DAGs
[2026-06-03T07:46:32.359+0000] {logging_mixin.py:188} INFO - [2026-06-03T07:46:32.359+0000] {dag.py:3834} INFO - Setting next_dagrun for eu_fsf_sanc to 2026-06-03 00:00:00+00:00, run_after=2026-06-04 00:00:00+00:00
[2026-06-03T07:46:32.513+0000] {processor.py:183} INFO - Processing /opt/airflow/dags/eu_fsf_sanc_dag.py took 0.613 seconds
[2026-06-03T07:47:03.512+0000] {processor.py:161} INFO - Started process (PID=2240) to work on /opt/airflow/dags/eu_fsf_sanc_dag.py
[2026-06-03T07:47:03.524+0000] {processor.py:830} INFO - Processing file /opt/airflow/dags/eu_fsf_sanc_dag.py for tasks to queue
[2026-06-03T07:47:03.536+0000] {logging_mixin.py:188} INFO - [2026-06-03T07:47:03.535+0000] {dagbag.py:540} INFO - Filling up the DagBag from /opt/airflow/dags/eu_fsf_sanc_dag.py
[2026-06-03T07:47:03.606+0000] {processor.py:840} INFO - DAG(s) 'eu_fsf_sanc' retrieved from /opt/airflow/dags/eu_fsf_sanc_dag.py
[2026-06-03T07:47:03.676+0000] {logging_mixin.py:188} INFO - [2026-06-03T07:47:03.675+0000] {dag.py:3047} INFO - Sync 1 DAGs
[2026-06-03T07:47:03.738+0000] {logging_mixin.py:188} INFO - [2026-06-03T07:47:03.738+0000] {dag.py:3834} INFO - Setting next_dagrun for eu_fsf_sanc to 2026-06-03 00:00:00+00:00, run_after=2026-06-04 00:00:00+00:00
[2026-06-03T07:47:03.789+0000] {processor.py:183} INFO - Processing /opt/airflow/dags/eu_fsf_sanc_dag.py took 0.286 seconds
[2026-06-03T07:47:34.304+0000] {processor.py:161} INFO - Started process (PID=2270) to work on /opt/airflow/dags/eu_fsf_sanc_dag.py
[2026-06-03T07:47:34.307+0000] {processor.py:830} INFO - Processing file /opt/airflow/dags/eu_fsf_sanc_dag.py for tasks to queue
[2026-06-03T07:47:34.310+0000] {logging_mixin.py:188} INFO - [2026-06-03T07:47:34.310+0000] {dagbag.py:540} INFO - Filling up the DagBag from /opt/airflow/dags/eu_fsf_sanc_dag.py
[2026-06-03T07:47:34.378+0000] {processor.py:840} INFO - DAG(s) 'eu_fsf_sanc' retrieved from /opt/airflow/dags/eu_fsf_sanc_dag.py
[2026-06-03T07:47:34.472+0000] {logging_mixin.py:188} INFO - [2026-06-03T07:47:34.472+0000] {dag.py:3047} INFO - Sync 1 DAGs
[2026-06-03T07:47:34.686+0000] {logging_mixin.py:188} INFO - [2026-06-03T07:47:34.685+0000] {dag.py:3834} INFO - Setting next_dagrun for eu_fsf_sanc to 2026-06-03 00:00:00+00:00, run_after=2026-06-04 00:00:00+00:00
[2026-06-03T07:47:34.839+0000] {processor.py:183} INFO - Processing /opt/airflow/dags/eu_fsf_sanc_dag.py took 0.546 seconds
[2026-06-03T07:48:05.520+0000] {processor.py:161} INFO - Started process (PID=2300) to work on /opt/airflow/dags/eu_fsf_sanc_dag.py
[2026-06-03T07:48:05.523+0000] {processor.py:830} INFO - Processing file /opt/airflow/dags/eu_fsf_sanc_dag.py for tasks to queue
[2026-06-03T07:48:05.526+0000] {logging_mixin.py:188} INFO - [2026-06-03T07:48:05.525+0000] {dagbag.py:540} INFO - Filling up the DagBag from /opt/airflow/dags/eu_fsf_sanc_dag.py
[2026-06-03T07:48:05.581+0000] {processor.py:840} INFO - DAG(s) 'eu_fsf_sanc' retrieved from /opt/airflow/dags/eu_fsf_sanc_dag.py
[2026-06-03T07:48:05.648+0000] {logging_mixin.py:188} INFO - [2026-06-03T07:48:05.647+0000] {dag.py:3047} INFO - Sync 1 DAGs
[2026-06-03T07:48:05.797+0000] {logging_mixin.py:188} INFO - [2026-06-03T07:48:05.785+0000] {dag.py:3834} INFO - Setting next_dagrun for eu_fsf_sanc to 2026-06-03 00:00:00+00:00, run_after=2026-06-04 00:00:00+00:00
[2026-06-03T07:48:05.944+0000] {processor.py:183} INFO - Processing /opt/airflow/dags/eu_fsf_sanc_dag.py took 0.434 seconds
[2026-06-03T07:48:37.351+0000] {processor.py:161} INFO - Started process (PID=2330) to work on /opt/airflow/dags/eu_fsf_sanc_dag.py
[2026-06-03T07:48:37.354+0000] {processor.py:830} INFO - Processing file /opt/airflow/dags/eu_fsf_sanc_dag.py for tasks to queue
[2026-06-03T07:48:37.357+0000] {logging_mixin.py:188} INFO - [2026-06-03T07:48:37.356+0000] {dagbag.py:540} INFO - Filling up the DagBag from /opt/airflow/dags/eu_fsf_sanc_dag.py
[2026-06-03T07:48:37.412+0000] {processor.py:840} INFO - DAG(s) 'eu_fsf_sanc' retrieved from /opt/airflow/dags/eu_fsf_sanc_dag.py
[2026-06-03T07:48:37.483+0000] {logging_mixin.py:188} INFO - [2026-06-03T07:48:37.482+0000] {dag.py:3047} INFO - Sync 1 DAGs
[2026-06-03T07:48:37.547+0000] {logging_mixin.py:188} INFO - [2026-06-03T07:48:37.546+0000] {dag.py:3834} INFO - Setting next_dagrun for eu_fsf_sanc to 2026-06-03 00:00:00+00:00, run_after=2026-06-04 00:00:00+00:00
[2026-06-03T07:48:37.598+0000] {processor.py:183} INFO - Processing /opt/airflow/dags/eu_fsf_sanc_dag.py took 0.257 seconds
[2026-06-03T07:49:08.404+0000] {processor.py:161} INFO - Started process (PID=2360) to work on /opt/airflow/dags/eu_fsf_sanc_dag.py
[2026-06-03T07:49:08.407+0000] {processor.py:830} INFO - Processing file /opt/airflow/dags/eu_fsf_sanc_dag.py for tasks to queue
[2026-06-03T07:49:08.410+0000] {logging_mixin.py:188} INFO - [2026-06-03T07:49:08.409+0000] {dagbag.py:540} INFO - Filling up the DagBag from /opt/airflow/dags/eu_fsf_sanc_dag.py
[2026-06-03T07:49:08.462+0000] {processor.py:840} INFO - DAG(s) 'eu_fsf_sanc' retrieved from /opt/airflow/dags/eu_fsf_sanc_dag.py
[2026-06-03T07:49:08.593+0000] {logging_mixin.py:188} INFO - [2026-06-03T07:49:08.592+0000] {dag.py:3047} INFO - Sync 1 DAGs
[2026-06-03T07:49:08.822+0000] {logging_mixin.py:188} INFO - [2026-06-03T07:49:08.821+0000] {dag.py:3834} INFO - Setting next_dagrun for eu_fsf_sanc to 2026-06-03 00:00:00+00:00, run_after=2026-06-04 00:00:00+00:00
[2026-06-03T07:49:09.055+0000] {processor.py:183} INFO - Processing /opt/airflow/dags/eu_fsf_sanc_dag.py took 0.660 seconds
[2026-06-03T07:49:39.352+0000] {processor.py:161} INFO - Started process (PID=2390) to work on /opt/airflow/dags/eu_fsf_sanc_dag.py
[2026-06-03T07:49:39.355+0000] {processor.py:830} INFO - Processing file /opt/airflow/dags/eu_fsf_sanc_dag.py for tasks to queue
[2026-06-03T07:49:39.358+0000] {logging_mixin.py:188} INFO - [2026-06-03T07:49:39.357+0000] {dagbag.py:540} INFO - Filling up the DagBag from /opt/airflow/dags/eu_fsf_sanc_dag.py
[2026-06-03T07:49:39.413+0000] {processor.py:840} INFO - DAG(s) 'eu_fsf_sanc' retrieved from /opt/airflow/dags/eu_fsf_sanc_dag.py
[2026-06-03T07:49:39.489+0000] {logging_mixin.py:188} INFO - [2026-06-03T07:49:39.488+0000] {dag.py:3047} INFO - Sync 1 DAGs
[2026-06-03T07:49:39.558+0000] {logging_mixin.py:188} INFO - [2026-06-03T07:49:39.558+0000] {dag.py:3834} INFO - Setting next_dagrun for eu_fsf_sanc to 2026-06-03 00:00:00+00:00, run_after=2026-06-04 00:00:00+00:00
[2026-06-03T07:49:39.609+0000] {processor.py:183} INFO - Processing /opt/airflow/dags/eu_fsf_sanc_dag.py took 0.267 seconds
[2026-06-03T07:50:09.982+0000] {processor.py:161} INFO - Started process (PID=2420) to work on /opt/airflow/dags/eu_fsf_sanc_dag.py
[2026-06-03T07:50:09.985+0000] {processor.py:830} INFO - Processing file /opt/airflow/dags/eu_fsf_sanc_dag.py for tasks to queue
[2026-06-03T07:50:09.988+0000] {logging_mixin.py:188} INFO - [2026-06-03T07:50:09.987+0000] {dagbag.py:540} INFO - Filling up the DagBag from /opt/airflow/dags/eu_fsf_sanc_dag.py
[2026-06-03T07:50:10.042+0000] {processor.py:840} INFO - DAG(s) 'eu_fsf_sanc' retrieved from /opt/airflow/dags/eu_fsf_sanc_dag.py
[2026-06-03T07:50:10.115+0000] {logging_mixin.py:188} INFO - [2026-06-03T07:50:10.115+0000] {dag.py:3047} INFO - Sync 1 DAGs
[2026-06-03T07:50:10.178+0000] {logging_mixin.py:188} INFO - [2026-06-03T07:50:10.178+0000] {dag.py:3834} INFO - Setting next_dagrun for eu_fsf_sanc to 2026-06-03 00:00:00+00:00, run_after=2026-06-04 00:00:00+00:00
[2026-06-03T07:50:10.230+0000] {processor.py:183} INFO - Processing /opt/airflow/dags/eu_fsf_sanc_dag.py took 0.259 seconds
[2026-06-03T07:50:40.835+0000] {processor.py:161} INFO - Started process (PID=2450) to work on /opt/airflow/dags/eu_fsf_sanc_dag.py
[2026-06-03T07:50:40.838+0000] {processor.py:830} INFO - Processing file /opt/airflow/dags/eu_fsf_sanc_dag.py for tasks to queue
[2026-06-03T07:50:40.842+0000] {logging_mixin.py:188} INFO - [2026-06-03T07:50:40.841+0000] {dagbag.py:540} INFO - Filling up the DagBag from /opt/airflow/dags/eu_fsf_sanc_dag.py
[2026-06-03T07:50:41.208+0000] {processor.py:840} INFO - DAG(s) 'eu_fsf_sanc' retrieved from /opt/airflow/dags/eu_fsf_sanc_dag.py
[2026-06-03T07:50:41.378+0000] {logging_mixin.py:188} INFO - [2026-06-03T07:50:41.377+0000] {dag.py:3047} INFO - Sync 1 DAGs
[2026-06-03T07:50:41.583+0000] {logging_mixin.py:188} INFO - [2026-06-03T07:50:41.582+0000] {dag.py:3834} INFO - Setting next_dagrun for eu_fsf_sanc to 2026-06-03 00:00:00+00:00, run_after=2026-06-04 00:00:00+00:00
[2026-06-03T07:50:41.687+0000] {processor.py:183} INFO - Processing /opt/airflow/dags/eu_fsf_sanc_dag.py took 0.863 seconds
[2026-06-03T07:51:12.617+0000] {processor.py:161} INFO - Started process (PID=2480) to work on /opt/airflow/dags/eu_fsf_sanc_dag.py
[2026-06-03T07:51:12.621+0000] {processor.py:830} INFO - Processing file /opt/airflow/dags/eu_fsf_sanc_dag.py for tasks to queue
[2026-06-03T07:51:12.623+0000] {logging_mixin.py:188} INFO - [2026-06-03T07:51:12.623+0000] {dagbag.py:540} INFO - Filling up the DagBag from /opt/airflow/dags/eu_fsf_sanc_dag.py
[2026-06-03T07:51:12.684+0000] {processor.py:840} INFO - DAG(s) 'eu_fsf_sanc' retrieved from /opt/airflow/dags/eu_fsf_sanc_dag.py
[2026-06-03T07:51:12.750+0000] {logging_mixin.py:188} INFO - [2026-06-03T07:51:12.749+0000] {dag.py:3047} INFO - Sync 1 DAGs
[2026-06-03T07:51:12.812+0000] {logging_mixin.py:188} INFO - [2026-06-03T07:51:12.812+0000] {dag.py:3834} INFO - Setting next_dagrun for eu_fsf_sanc to 2026-06-03 00:00:00+00:00, run_after=2026-06-04 00:00:00+00:00
[2026-06-03T07:51:12.895+0000] {processor.py:183} INFO - Processing /opt/airflow/dags/eu_fsf_sanc_dag.py took 0.289 seconds
[2026-06-03T07:51:43.295+0000] {processor.py:161} INFO - Started process (PID=2510) to work on /opt/airflow/dags/eu_fsf_sanc_dag.py
[2026-06-03T07:51:43.298+0000] {processor.py:830} INFO - Processing file /opt/airflow/dags/eu_fsf_sanc_dag.py for tasks to queue
[2026-06-03T07:51:43.300+0000] {logging_mixin.py:188} INFO - [2026-06-03T07:51:43.300+0000] {dagbag.py:540} INFO - Filling up the DagBag from /opt/airflow/dags/eu_fsf_sanc_dag.py
[2026-06-03T07:51:43.353+0000] {processor.py:840} INFO - DAG(s) 'eu_fsf_sanc' retrieved from /opt/airflow/dags/eu_fsf_sanc_dag.py
[2026-06-03T07:51:43.425+0000] {logging_mixin.py:188} INFO - [2026-06-03T07:51:43.425+0000] {dag.py:3047} INFO - Sync 1 DAGs
[2026-06-03T07:51:43.487+0000] {logging_mixin.py:188} INFO - [2026-06-03T07:51:43.486+0000] {dag.py:3834} INFO - Setting next_dagrun for eu_fsf_sanc to 2026-06-03 00:00:00+00:00, run_after=2026-06-04 00:00:00+00:00
[2026-06-03T07:51:43.548+0000] {processor.py:183} INFO - Processing /opt/airflow/dags/eu_fsf_sanc_dag.py took 0.264 seconds
[2026-06-03T07:52:14.705+0000] {processor.py:161} INFO - Started process (PID=2540) to work on /opt/airflow/dags/eu_fsf_sanc_dag.py
[2026-06-03T07:52:14.708+0000] {processor.py:830} INFO - Processing file /opt/airflow/dags/eu_fsf_sanc_dag.py for tasks to queue
[2026-06-03T07:52:14.712+0000] {logging_mixin.py:188} INFO - [2026-06-03T07:52:14.711+0000] {dagbag.py:540} INFO - Filling up the DagBag from /opt/airflow/dags/eu_fsf_sanc_dag.py
[2026-06-03T07:52:14.765+0000] {processor.py:840} INFO - DAG(s) 'eu_fsf_sanc' retrieved from /opt/airflow/dags/eu_fsf_sanc_dag.py
[2026-06-03T07:52:14.829+0000] {logging_mixin.py:188} INFO - [2026-06-03T07:52:14.828+0000] {dag.py:3047} INFO - Sync 1 DAGs
[2026-06-03T07:52:14.893+0000] {logging_mixin.py:188} INFO - [2026-06-03T07:52:14.893+0000] {dag.py:3834} INFO - Setting next_dagrun for eu_fsf_sanc to 2026-06-03 00:00:00+00:00, run_after=2026-06-04 00:00:00+00:00
[2026-06-03T07:52:14.950+0000] {processor.py:183} INFO - Processing /opt/airflow/dags/eu_fsf_sanc_dag.py took 0.256 seconds
[2026-06-03T07:52:45.429+0000] {processor.py:161} INFO - Started process (PID=2570) to work on /opt/airflow/dags/eu_fsf_sanc_dag.py
[2026-06-03T07:52:45.442+0000] {processor.py:830} INFO - Processing file /opt/airflow/dags/eu_fsf_sanc_dag.py for tasks to queue
[2026-06-03T07:52:45.454+0000] {logging_mixin.py:188} INFO - [2026-06-03T07:52:45.452+0000] {dagbag.py:540} INFO - Filling up the DagBag from /opt/airflow/dags/eu_fsf_sanc_dag.py
[2026-06-03T07:52:45.606+0000] {processor.py:840} INFO - DAG(s) 'eu_fsf_sanc' retrieved from /opt/airflow/dags/eu_fsf_sanc_dag.py
[2026-06-03T07:52:45.701+0000] {logging_mixin.py:188} INFO - [2026-06-03T07:52:45.700+0000] {dag.py:3047} INFO - Sync 1 DAGs
[2026-06-03T07:52:45.824+0000] {logging_mixin.py:188} INFO - [2026-06-03T07:52:45.824+0000] {dag.py:3834} INFO - Setting next_dagrun for eu_fsf_sanc to 2026-06-03 00:00:00+00:00, run_after=2026-06-04 00:00:00+00:00
[2026-06-03T07:52:46.048+0000] {processor.py:183} INFO - Processing /opt/airflow/dags/eu_fsf_sanc_dag.py took 0.654 seconds
[2026-06-03T07:53:16.269+0000] {processor.py:161} INFO - Started process (PID=2600) to work on /opt/airflow/dags/eu_fsf_sanc_dag.py
[2026-06-03T07:53:16.276+0000] {processor.py:830} INFO - Processing file /opt/airflow/dags/eu_fsf_sanc_dag.py for tasks to queue
[2026-06-03T07:53:16.285+0000] {logging_mixin.py:188} INFO - [2026-06-03T07:53:16.281+0000] {dagbag.py:540} INFO - Filling up the DagBag from /opt/airflow/dags/eu_fsf_sanc_dag.py
[2026-06-03T07:53:16.401+0000] {processor.py:840} INFO - DAG(s) 'eu_fsf_sanc' retrieved from /opt/airflow/dags/eu_fsf_sanc_dag.py
[2026-06-03T07:53:16.535+0000] {logging_mixin.py:188} INFO - [2026-06-03T07:53:16.534+0000] {dag.py:3047} INFO - Sync 1 DAGs
[2026-06-03T07:53:16.690+0000] {logging_mixin.py:188} INFO - [2026-06-03T07:53:16.689+0000] {dag.py:3834} INFO - Setting next_dagrun for eu_fsf_sanc to 2026-06-03 00:00:00+00:00, run_after=2026-06-04 00:00:00+00:00
[2026-06-03T07:53:17.258+0000] {processor.py:183} INFO - Processing /opt/airflow/dags/eu_fsf_sanc_dag.py took 1.007 seconds
[2026-06-03T07:53:48.531+0000] {processor.py:161} INFO - Started process (PID=2630) to work on /opt/airflow/dags/eu_fsf_sanc_dag.py
[2026-06-03T07:53:48.541+0000] {processor.py:830} INFO - Processing file /opt/airflow/dags/eu_fsf_sanc_dag.py for tasks to queue
[2026-06-03T07:53:48.546+0000] {logging_mixin.py:188} INFO - [2026-06-03T07:53:48.545+0000] {dagbag.py:540} INFO - Filling up the DagBag from /opt/airflow/dags/eu_fsf_sanc_dag.py
[2026-06-03T07:53:48.660+0000] {processor.py:840} INFO - DAG(s) 'eu_fsf_sanc' retrieved from /opt/airflow/dags/eu_fsf_sanc_dag.py
[2026-06-03T07:53:48.771+0000] {logging_mixin.py:188} INFO - [2026-06-03T07:53:48.770+0000] {dag.py:3047} INFO - Sync 1 DAGs
[2026-06-03T07:53:48.858+0000] {logging_mixin.py:188} INFO - [2026-06-03T07:53:48.857+0000] {dag.py:3834} INFO - Setting next_dagrun for eu_fsf_sanc to 2026-06-03 00:00:00+00:00, run_after=2026-06-04 00:00:00+00:00
[2026-06-03T07:53:48.914+0000] {processor.py:183} INFO - Processing /opt/airflow/dags/eu_fsf_sanc_dag.py took 0.400 seconds
[2026-06-03T07:54:19.372+0000] {processor.py:161} INFO - Started process (PID=2660) to work on /opt/airflow/dags/eu_fsf_sanc_dag.py
[2026-06-03T07:54:19.375+0000] {processor.py:830} INFO - Processing file /opt/airflow/dags/eu_fsf_sanc_dag.py for tasks to queue
[2026-06-03T07:54:19.378+0000] {logging_mixin.py:188} INFO - [2026-06-03T07:54:19.377+0000] {dagbag.py:540} INFO - Filling up the DagBag from /opt/airflow/dags/eu_fsf_sanc_dag.py
[2026-06-03T07:54:19.514+0000] {processor.py:840} INFO - DAG(s) 'eu_fsf_sanc' retrieved from /opt/airflow/dags/eu_fsf_sanc_dag.py
[2026-06-03T07:54:19.595+0000] {logging_mixin.py:188} INFO - [2026-06-03T07:54:19.594+0000] {dag.py:3047} INFO - Sync 1 DAGs
[2026-06-03T07:54:19.659+0000] {logging_mixin.py:188} INFO - [2026-06-03T07:54:19.659+0000] {dag.py:3834} INFO - Setting next_dagrun for eu_fsf_sanc to 2026-06-03 00:00:00+00:00, run_after=2026-06-04 00:00:00+00:00
[2026-06-03T07:54:19.714+0000] {processor.py:183} INFO - Processing /opt/airflow/dags/eu_fsf_sanc_dag.py took 0.354 seconds
[2026-06-03T07:54:50.304+0000] {processor.py:161} INFO - Started process (PID=2690) to work on /opt/airflow/dags/eu_fsf_sanc_dag.py
[2026-06-03T07:54:50.307+0000] {processor.py:830} INFO - Processing file /opt/airflow/dags/eu_fsf_sanc_dag.py for tasks to queue
[2026-06-03T07:54:50.310+0000] {logging_mixin.py:188} INFO - [2026-06-03T07:54:50.309+0000] {dagbag.py:540} INFO - Filling up the DagBag from /opt/airflow/dags/eu_fsf_sanc_dag.py
[2026-06-03T07:54:50.365+0000] {processor.py:840} INFO - DAG(s) 'eu_fsf_sanc' retrieved from /opt/airflow/dags/eu_fsf_sanc_dag.py
[2026-06-03T07:54:50.434+0000] {logging_mixin.py:188} INFO - [2026-06-03T07:54:50.433+0000] {dag.py:3047} INFO - Sync 1 DAGs
[2026-06-03T07:54:50.518+0000] {logging_mixin.py:188} INFO - [2026-06-03T07:54:50.518+0000] {dag.py:3834} INFO - Setting next_dagrun for eu_fsf_sanc to 2026-06-03 00:00:00+00:00, run_after=2026-06-04 00:00:00+00:00
[2026-06-03T07:54:50.573+0000] {processor.py:183} INFO - Processing /opt/airflow/dags/eu_fsf_sanc_dag.py took 0.279 seconds
[2026-06-03T07:55:20.806+0000] {processor.py:161} INFO - Started process (PID=2720) to work on /opt/airflow/dags/eu_fsf_sanc_dag.py
[2026-06-03T07:55:20.809+0000] {processor.py:830} INFO - Processing file /opt/airflow/dags/eu_fsf_sanc_dag.py for tasks to queue
[2026-06-03T07:55:20.812+0000] {logging_mixin.py:188} INFO - [2026-06-03T07:55:20.811+0000] {dagbag.py:540} INFO - Filling up the DagBag from /opt/airflow/dags/eu_fsf_sanc_dag.py
[2026-06-03T07:55:20.862+0000] {processor.py:840} INFO - DAG(s) 'eu_fsf_sanc' retrieved from /opt/airflow/dags/eu_fsf_sanc_dag.py
[2026-06-03T07:55:20.937+0000] {logging_mixin.py:188} INFO - [2026-06-03T07:55:20.936+0000] {dag.py:3047} INFO - Sync 1 DAGs
[2026-06-03T07:55:21.002+0000] {logging_mixin.py:188} INFO - [2026-06-03T07:55:21.001+0000] {dag.py:3834} INFO - Setting next_dagrun for eu_fsf_sanc to 2026-06-03 00:00:00+00:00, run_after=2026-06-04 00:00:00+00:00
[2026-06-03T07:55:21.072+0000] {processor.py:183} INFO - Processing /opt/airflow/dags/eu_fsf_sanc_dag.py took 0.278 seconds
[2026-06-03T07:55:51.478+0000] {processor.py:161} INFO - Started process (PID=2750) to work on /opt/airflow/dags/eu_fsf_sanc_dag.py
[2026-06-03T07:55:51.481+0000] {processor.py:830} INFO - Processing file /opt/airflow/dags/eu_fsf_sanc_dag.py for tasks to queue
[2026-06-03T07:55:51.484+0000] {logging_mixin.py:188} INFO - [2026-06-03T07:55:51.483+0000] {dagbag.py:540} INFO - Filling up the DagBag from /opt/airflow/dags/eu_fsf_sanc_dag.py
[2026-06-03T07:55:51.536+0000] {processor.py:840} INFO - DAG(s) 'eu_fsf_sanc' retrieved from /opt/airflow/dags/eu_fsf_sanc_dag.py
[2026-06-03T07:55:51.605+0000] {logging_mixin.py:188} INFO - [2026-06-03T07:55:51.604+0000] {dag.py:3047} INFO - Sync 1 DAGs
[2026-06-03T07:55:51.811+0000] {logging_mixin.py:188} INFO - [2026-06-03T07:55:51.810+0000] {dag.py:3834} INFO - Setting next_dagrun for eu_fsf_sanc to 2026-06-03 00:00:00+00:00, run_after=2026-06-04 00:00:00+00:00
[2026-06-03T07:55:51.960+0000] {processor.py:183} INFO - Processing /opt/airflow/dags/eu_fsf_sanc_dag.py took 0.493 seconds
[2026-06-03T07:56:22.624+0000] {processor.py:161} INFO - Started process (PID=2780) to work on /opt/airflow/dags/eu_fsf_sanc_dag.py
[2026-06-03T07:56:22.627+0000] {processor.py:830} INFO - Processing file /opt/airflow/dags/eu_fsf_sanc_dag.py for tasks to queue
[2026-06-03T07:56:22.630+0000] {logging_mixin.py:188} INFO - [2026-06-03T07:56:22.629+0000] {dagbag.py:540} INFO - Filling up the DagBag from /opt/airflow/dags/eu_fsf_sanc_dag.py
[2026-06-03T07:56:22.686+0000] {processor.py:840} INFO - DAG(s) 'eu_fsf_sanc' retrieved from /opt/airflow/dags/eu_fsf_sanc_dag.py
[2026-06-03T07:56:22.754+0000] {logging_mixin.py:188} INFO - [2026-06-03T07:56:22.754+0000] {dag.py:3047} INFO - Sync 1 DAGs
[2026-06-03T07:56:22.820+0000] {logging_mixin.py:188} INFO - [2026-06-03T07:56:22.820+0000] {dag.py:3834} INFO - Setting next_dagrun for eu_fsf_sanc to 2026-06-03 00:00:00+00:00, run_after=2026-06-04 00:00:00+00:00
[2026-06-03T07:56:22.871+0000] {processor.py:183} INFO - Processing /opt/airflow/dags/eu_fsf_sanc_dag.py took 0.257 seconds
[2026-06-03T07:56:53.181+0000] {processor.py:161} INFO - Started process (PID=2810) to work on /opt/airflow/dags/eu_fsf_sanc_dag.py
[2026-06-03T07:56:53.184+0000] {processor.py:830} INFO - Processing file /opt/airflow/dags/eu_fsf_sanc_dag.py for tasks to queue
[2026-06-03T07:56:53.187+0000] {logging_mixin.py:188} INFO - [2026-06-03T07:56:53.186+0000] {dagbag.py:540} INFO - Filling up the DagBag from /opt/airflow/dags/eu_fsf_sanc_dag.py
[2026-06-03T07:56:53.238+0000] {processor.py:840} INFO - DAG(s) 'eu_fsf_sanc' retrieved from /opt/airflow/dags/eu_fsf_sanc_dag.py
[2026-06-03T07:56:53.306+0000] {logging_mixin.py:188} INFO - [2026-06-03T07:56:53.305+0000] {dag.py:3047} INFO - Sync 1 DAGs
[2026-06-03T07:56:53.369+0000] {logging_mixin.py:188} INFO - [2026-06-03T07:56:53.369+0000] {dag.py:3834} INFO - Setting next_dagrun for eu_fsf_sanc to 2026-06-03 00:00:00+00:00, run_after=2026-06-04 00:00:00+00:00
[2026-06-03T07:56:53.421+0000] {processor.py:183} INFO - Processing /opt/airflow/dags/eu_fsf_sanc_dag.py took 0.250 seconds
[2026-06-03T07:57:23.624+0000] {processor.py:161} INFO - Started process (PID=2840) to work on /opt/airflow/dags/eu_fsf_sanc_dag.py
[2026-06-03T07:57:23.628+0000] {processor.py:830} INFO - Processing file /opt/airflow/dags/eu_fsf_sanc_dag.py for tasks to queue
[2026-06-03T07:57:23.636+0000] {logging_mixin.py:188} INFO - [2026-06-03T07:57:23.633+0000] {dagbag.py:540} INFO - Filling up the DagBag from /opt/airflow/dags/eu_fsf_sanc_dag.py
[2026-06-03T07:57:23.725+0000] {processor.py:840} INFO - DAG(s) 'eu_fsf_sanc' retrieved from /opt/airflow/dags/eu_fsf_sanc_dag.py
[2026-06-03T07:57:23.866+0000] {logging_mixin.py:188} INFO - [2026-06-03T07:57:23.865+0000] {dag.py:3047} INFO - Sync 1 DAGs
[2026-06-03T07:57:24.071+0000] {logging_mixin.py:188} INFO - [2026-06-03T07:57:24.059+0000] {dag.py:3834} INFO - Setting next_dagrun for eu_fsf_sanc to 2026-06-03 00:00:00+00:00, run_after=2026-06-04 00:00:00+00:00
[2026-06-03T07:57:24.277+0000] {processor.py:183} INFO - Processing /opt/airflow/dags/eu_fsf_sanc_dag.py took 0.670 seconds
[2026-06-03T07:58:00.455+0000] {processor.py:161} INFO - Started process (PID=2870) to work on /opt/airflow/dags/eu_fsf_sanc_dag.py
[2026-06-03T07:58:00.488+0000] {processor.py:830} INFO - Processing file /opt/airflow/dags/eu_fsf_sanc_dag.py for tasks to queue
[2026-06-03T07:58:00.554+0000] {logging_mixin.py:188} INFO - [2026-06-03T07:58:00.553+0000] {dagbag.py:540} INFO - Filling up the DagBag from /opt/airflow/dags/eu_fsf_sanc_dag.py
[2026-06-03T07:58:01.968+0000] {processor.py:840} INFO - DAG(s) 'eu_fsf_sanc' retrieved from /opt/airflow/dags/eu_fsf_sanc_dag.py
[2026-06-03T07:58:02.201+0000] {logging_mixin.py:188} INFO - [2026-06-03T07:58:02.201+0000] {dag.py:3047} INFO - Sync 1 DAGs
[2026-06-03T07:58:02.477+0000] {logging_mixin.py:188} INFO - [2026-06-03T07:58:02.465+0000] {dag.py:3834} INFO - Setting next_dagrun for eu_fsf_sanc to 2026-06-03 00:00:00+00:00, run_after=2026-06-04 00:00:00+00:00
[2026-06-03T07:58:02.812+0000] {processor.py:183} INFO - Processing /opt/airflow/dags/eu_fsf_sanc_dag.py took 2.377 seconds
[2026-06-03T07:58:46.083+0000] {processor.py:161} INFO - Started process (PID=2903) to work on /opt/airflow/dags/eu_fsf_sanc_dag.py
[2026-06-03T07:58:46.291+0000] {processor.py:830} INFO - Processing file /opt/airflow/dags/eu_fsf_sanc_dag.py for tasks to queue
[2026-06-03T07:58:46.505+0000] {logging_mixin.py:188} INFO - [2026-06-03T07:58:46.504+0000] {dagbag.py:540} INFO - Filling up the DagBag from /opt/airflow/dags/eu_fsf_sanc_dag.py
[2026-06-03T07:58:50.468+0000] {processor.py:840} INFO - DAG(s) 'eu_fsf_sanc' retrieved from /opt/airflow/dags/eu_fsf_sanc_dag.py
[2026-06-03T07:58:50.728+0000] {logging_mixin.py:188} INFO - [2026-06-03T07:58:50.727+0000] {dag.py:3047} INFO - Sync 1 DAGs
[2026-06-03T07:58:50.994+0000] {logging_mixin.py:188} INFO - [2026-06-03T07:58:50.993+0000] {dag.py:3834} INFO - Setting next_dagrun for eu_fsf_sanc to 2026-06-03 00:00:00+00:00, run_after=2026-06-04 00:00:00+00:00
[2026-06-03T07:58:51.290+0000] {processor.py:183} INFO - Processing /opt/airflow/dags/eu_fsf_sanc_dag.py took 5.254 seconds
[2026-06-03T07:59:21.565+0000] {processor.py:161} INFO - Started process (PID=2930) to work on /opt/airflow/dags/eu_fsf_sanc_dag.py
[2026-06-03T07:59:21.568+0000] {processor.py:830} INFO - Processing file /opt/airflow/dags/eu_fsf_sanc_dag.py for tasks to queue
[2026-06-03T07:59:21.571+0000] {logging_mixin.py:188} INFO - [2026-06-03T07:59:21.571+0000] {dagbag.py:540} INFO - Filling up the DagBag from /opt/airflow/dags/eu_fsf_sanc_dag.py
[2026-06-03T07:59:21.624+0000] {processor.py:840} INFO - DAG(s) 'eu_fsf_sanc' retrieved from /opt/airflow/dags/eu_fsf_sanc_dag.py
[2026-06-03T07:59:21.700+0000] {logging_mixin.py:188} INFO - [2026-06-03T07:59:21.699+0000] {dag.py:3047} INFO - Sync 1 DAGs
[2026-06-03T07:59:21.765+0000] {logging_mixin.py:188} INFO - [2026-06-03T07:59:21.765+0000] {dag.py:3834} INFO - Setting next_dagrun for eu_fsf_sanc to 2026-06-03 00:00:00+00:00, run_after=2026-06-04 00:00:00+00:00
[2026-06-03T07:59:21.820+0000] {processor.py:183} INFO - Processing /opt/airflow/dags/eu_fsf_sanc_dag.py took 0.265 seconds
[2026-06-03T07:59:52.838+0000] {processor.py:161} INFO - Started process (PID=2960) to work on /opt/airflow/dags/eu_fsf_sanc_dag.py
[2026-06-03T07:59:52.842+0000] {processor.py:830} INFO - Processing file /opt/airflow/dags/eu_fsf_sanc_dag.py for tasks to queue
[2026-06-03T07:59:52.849+0000] {logging_mixin.py:188} INFO - [2026-06-03T07:59:52.846+0000] {dagbag.py:540} INFO - Filling up the DagBag from /opt/airflow/dags/eu_fsf_sanc_dag.py
[2026-06-03T07:59:52.902+0000] {processor.py:840} INFO - DAG(s) 'eu_fsf_sanc' retrieved from /opt/airflow/dags/eu_fsf_sanc_dag.py
[2026-06-03T07:59:52.971+0000] {logging_mixin.py:188} INFO - [2026-06-03T07:59:52.970+0000] {dag.py:3047} INFO - Sync 1 DAGs
[2026-06-03T07:59:53.033+0000] {logging_mixin.py:188} INFO - [2026-06-03T07:59:53.032+0000] {dag.py:3834} INFO - Setting next_dagrun for eu_fsf_sanc to 2026-06-03 00:00:00+00:00, run_after=2026-06-04 00:00:00+00:00
[2026-06-03T07:59:53.086+0000] {processor.py:183} INFO - Processing /opt/airflow/dags/eu_fsf_sanc_dag.py took 0.267 seconds
[2026-06-03T08:00:23.820+0000] {processor.py:161} INFO - Started process (PID=2990) to work on /opt/airflow/dags/eu_fsf_sanc_dag.py
[2026-06-03T08:00:23.826+0000] {processor.py:830} INFO - Processing file /opt/airflow/dags/eu_fsf_sanc_dag.py for tasks to queue
[2026-06-03T08:00:23.829+0000] {logging_mixin.py:188} INFO - [2026-06-03T08:00:23.828+0000] {dagbag.py:540} INFO - Filling up the DagBag from /opt/airflow/dags/eu_fsf_sanc_dag.py
[2026-06-03T08:00:23.881+0000] {processor.py:840} INFO - DAG(s) 'eu_fsf_sanc' retrieved from /opt/airflow/dags/eu_fsf_sanc_dag.py
[2026-06-03T08:00:23.962+0000] {logging_mixin.py:188} INFO - [2026-06-03T08:00:23.961+0000] {dag.py:3047} INFO - Sync 1 DAGs
[2026-06-03T08:00:24.024+0000] {logging_mixin.py:188} INFO - [2026-06-03T08:00:24.023+0000] {dag.py:3834} INFO - Setting next_dagrun for eu_fsf_sanc to 2026-06-03 00:00:00+00:00, run_after=2026-06-04 00:00:00+00:00
[2026-06-03T08:00:24.076+0000] {processor.py:183} INFO - Processing /opt/airflow/dags/eu_fsf_sanc_dag.py took 0.289 seconds
[2026-06-03T08:00:54.846+0000] {processor.py:161} INFO - Started process (PID=3020) to work on /opt/airflow/dags/eu_fsf_sanc_dag.py
[2026-06-03T08:00:54.859+0000] {processor.py:830} INFO - Processing file /opt/airflow/dags/eu_fsf_sanc_dag.py for tasks to queue
[2026-06-03T08:00:54.866+0000] {logging_mixin.py:188} INFO - [2026-06-03T08:00:54.865+0000] {dagbag.py:540} INFO - Filling up the DagBag from /opt/airflow/dags/eu_fsf_sanc_dag.py
[2026-06-03T08:00:55.022+0000] {processor.py:840} INFO - DAG(s) 'eu_fsf_sanc' retrieved from /opt/airflow/dags/eu_fsf_sanc_dag.py
[2026-06-03T08:00:55.088+0000] {logging_mixin.py:188} INFO - [2026-06-03T08:00:55.087+0000] {dag.py:3047} INFO - Sync 1 DAGs
[2026-06-03T08:00:55.166+0000] {logging_mixin.py:188} INFO - [2026-06-03T08:00:55.166+0000] {dag.py:3834} INFO - Setting next_dagrun for eu_fsf_sanc to 2026-06-03 00:00:00+00:00, run_after=2026-06-04 00:00:00+00:00
[2026-06-03T08:00:55.219+0000] {processor.py:183} INFO - Processing /opt/airflow/dags/eu_fsf_sanc_dag.py took 0.392 seconds
[2026-06-03T08:01:25.949+0000] {processor.py:161} INFO - Started process (PID=3050) to work on /opt/airflow/dags/eu_fsf_sanc_dag.py
[2026-06-03T08:01:25.952+0000] {processor.py:830} INFO - Processing file /opt/airflow/dags/eu_fsf_sanc_dag.py for tasks to queue
[2026-06-03T08:01:25.965+0000] {logging_mixin.py:188} INFO - [2026-06-03T08:01:25.964+0000] {dagbag.py:540} INFO - Filling up the DagBag from /opt/airflow/dags/eu_fsf_sanc_dag.py
[2026-06-03T08:01:26.035+0000] {processor.py:840} INFO - DAG(s) 'eu_fsf_sanc' retrieved from /opt/airflow/dags/eu_fsf_sanc_dag.py
[2026-06-03T08:01:26.136+0000] {logging_mixin.py:188} INFO - [2026-06-03T08:01:26.135+0000] {dag.py:3047} INFO - Sync 1 DAGs
[2026-06-03T08:01:26.202+0000] {logging_mixin.py:188} INFO - [2026-06-03T08:01:26.202+0000] {dag.py:3834} INFO - Setting next_dagrun for eu_fsf_sanc to 2026-06-03 00:00:00+00:00, run_after=2026-06-04 00:00:00+00:00
[2026-06-03T08:01:26.254+0000] {processor.py:183} INFO - Processing /opt/airflow/dags/eu_fsf_sanc_dag.py took 0.316 seconds
[2026-06-03T08:01:56.609+0000] {processor.py:161} INFO - Started process (PID=3080) to work on /opt/airflow/dags/eu_fsf_sanc_dag.py
[2026-06-03T08:01:56.612+0000] {processor.py:830} INFO - Processing file /opt/airflow/dags/eu_fsf_sanc_dag.py for tasks to queue
[2026-06-03T08:01:56.615+0000] {logging_mixin.py:188} INFO - [2026-06-03T08:01:56.614+0000] {dagbag.py:540} INFO - Filling up the DagBag from /opt/airflow/dags/eu_fsf_sanc_dag.py
[2026-06-03T08:01:56.665+0000] {processor.py:840} INFO - DAG(s) 'eu_fsf_sanc' retrieved from /opt/airflow/dags/eu_fsf_sanc_dag.py
[2026-06-03T08:01:56.734+0000] {logging_mixin.py:188} INFO - [2026-06-03T08:01:56.734+0000] {dag.py:3047} INFO - Sync 1 DAGs
[2026-06-03T08:01:56.812+0000] {logging_mixin.py:188} INFO - [2026-06-03T08:01:56.811+0000] {dag.py:3834} INFO - Setting next_dagrun for eu_fsf_sanc to 2026-06-03 00:00:00+00:00, run_after=2026-06-04 00:00:00+00:00
[2026-06-03T08:01:56.860+0000] {processor.py:183} INFO - Processing /opt/airflow/dags/eu_fsf_sanc_dag.py took 0.262 seconds
[2026-06-03T08:02:27.564+0000] {processor.py:161} INFO - Started process (PID=3110) to work on /opt/airflow/dags/eu_fsf_sanc_dag.py
[2026-06-03T08:02:27.568+0000] {processor.py:830} INFO - Processing file /opt/airflow/dags/eu_fsf_sanc_dag.py for tasks to queue
[2026-06-03T08:02:27.571+0000] {logging_mixin.py:188} INFO - [2026-06-03T08:02:27.570+0000] {dagbag.py:540} INFO - Filling up the DagBag from /opt/airflow/dags/eu_fsf_sanc_dag.py
[2026-06-03T08:02:27.629+0000] {processor.py:840} INFO - DAG(s) 'eu_fsf_sanc' retrieved from /opt/airflow/dags/eu_fsf_sanc_dag.py
[2026-06-03T08:02:27.697+0000] {logging_mixin.py:188} INFO - [2026-06-03T08:02:27.697+0000] {dag.py:3047} INFO - Sync 1 DAGs
[2026-06-03T08:02:27.763+0000] {logging_mixin.py:188} INFO - [2026-06-03T08:02:27.762+0000] {dag.py:3834} INFO - Setting next_dagrun for eu_fsf_sanc to 2026-06-03 00:00:00+00:00, run_after=2026-06-04 00:00:00+00:00
[2026-06-03T08:02:27.816+0000] {processor.py:183} INFO - Processing /opt/airflow/dags/eu_fsf_sanc_dag.py took 0.264 seconds
[2026-06-03T08:02:58.715+0000] {processor.py:161} INFO - Started process (PID=3140) to work on /opt/airflow/dags/eu_fsf_sanc_dag.py
[2026-06-03T08:02:58.723+0000] {processor.py:830} INFO - Processing file /opt/airflow/dags/eu_fsf_sanc_dag.py for tasks to queue
[2026-06-03T08:02:58.730+0000] {logging_mixin.py:188} INFO - [2026-06-03T08:02:58.728+0000] {dagbag.py:540} INFO - Filling up the DagBag from /opt/airflow/dags/eu_fsf_sanc_dag.py
[2026-06-03T08:02:58.818+0000] {processor.py:840} INFO - DAG(s) 'eu_fsf_sanc' retrieved from /opt/airflow/dags/eu_fsf_sanc_dag.py
[2026-06-03T08:02:58.989+0000] {logging_mixin.py:188} INFO - [2026-06-03T08:02:58.988+0000] {dag.py:3047} INFO - Sync 1 DAGs
[2026-06-03T08:02:59.252+0000] {logging_mixin.py:188} INFO - [2026-06-03T08:02:59.240+0000] {dag.py:3834} INFO - Setting next_dagrun for eu_fsf_sanc to 2026-06-03 00:00:00+00:00, run_after=2026-06-04 00:00:00+00:00
[2026-06-03T08:02:59.776+0000] {processor.py:183} INFO - Processing /opt/airflow/dags/eu_fsf_sanc_dag.py took 1.078 seconds
[2026-06-03T08:03:31.008+0000] {processor.py:161} INFO - Started process (PID=3173) to work on /opt/airflow/dags/eu_fsf_sanc_dag.py
[2026-06-03T08:03:31.012+0000] {processor.py:830} INFO - Processing file /opt/airflow/dags/eu_fsf_sanc_dag.py for tasks to queue
[2026-06-03T08:03:31.015+0000] {logging_mixin.py:188} INFO - [2026-06-03T08:03:31.014+0000] {dagbag.py:540} INFO - Filling up the DagBag from /opt/airflow/dags/eu_fsf_sanc_dag.py
[2026-06-03T08:03:31.090+0000] {processor.py:840} INFO - DAG(s) 'eu_fsf_sanc' retrieved from /opt/airflow/dags/eu_fsf_sanc_dag.py
[2026-06-03T08:03:31.162+0000] {logging_mixin.py:188} INFO - [2026-06-03T08:03:31.161+0000] {dag.py:3047} INFO - Sync 1 DAGs
[2026-06-03T08:03:31.395+0000] {logging_mixin.py:188} INFO - [2026-06-03T08:03:31.394+0000] {dag.py:3834} INFO - Setting next_dagrun for eu_fsf_sanc to 2026-06-03 00:00:00+00:00, run_after=2026-06-04 00:00:00+00:00
[2026-06-03T08:03:31.619+0000] {processor.py:183} INFO - Processing /opt/airflow/dags/eu_fsf_sanc_dag.py took 0.626 seconds
[2026-06-03T08:04:02.259+0000] {processor.py:161} INFO - Started process (PID=3203) to work on /opt/airflow/dags/eu_fsf_sanc_dag.py
[2026-06-03T08:04:02.262+0000] {processor.py:830} INFO - Processing file /opt/airflow/dags/eu_fsf_sanc_dag.py for tasks to queue
[2026-06-03T08:04:02.271+0000] {logging_mixin.py:188} INFO - [2026-06-03T08:04:02.270+0000] {dagbag.py:540} INFO - Filling up the DagBag from /opt/airflow/dags/eu_fsf_sanc_dag.py
[2026-06-03T08:04:02.344+0000] {processor.py:840} INFO - DAG(s) 'eu_fsf_sanc' retrieved from /opt/airflow/dags/eu_fsf_sanc_dag.py
[2026-06-03T08:04:02.431+0000] {logging_mixin.py:188} INFO - [2026-06-03T08:04:02.431+0000] {dag.py:3047} INFO - Sync 1 DAGs
[2026-06-03T08:04:02.507+0000] {logging_mixin.py:188} INFO - [2026-06-03T08:04:02.506+0000] {dag.py:3834} INFO - Setting next_dagrun for eu_fsf_sanc to 2026-06-03 00:00:00+00:00, run_after=2026-06-04 00:00:00+00:00
[2026-06-03T08:04:02.584+0000] {processor.py:183} INFO - Processing /opt/airflow/dags/eu_fsf_sanc_dag.py took 0.338 seconds
[2026-06-03T08:04:32.832+0000] {processor.py:161} INFO - Started process (PID=3233) to work on /opt/airflow/dags/eu_fsf_sanc_dag.py
[2026-06-03T08:04:32.835+0000] {processor.py:830} INFO - Processing file /opt/airflow/dags/eu_fsf_sanc_dag.py for tasks to queue
[2026-06-03T08:04:32.838+0000] {logging_mixin.py:188} INFO - [2026-06-03T08:04:32.837+0000] {dagbag.py:540} INFO - Filling up the DagBag from /opt/airflow/dags/eu_fsf_sanc_dag.py
[2026-06-03T08:04:32.898+0000] {processor.py:840} INFO - DAG(s) 'eu_fsf_sanc' retrieved from /opt/airflow/dags/eu_fsf_sanc_dag.py
[2026-06-03T08:04:32.977+0000] {logging_mixin.py:188} INFO - [2026-06-03T08:04:32.976+0000] {dag.py:3047} INFO - Sync 1 DAGs
[2026-06-03T08:04:33.061+0000] {logging_mixin.py:188} INFO - [2026-06-03T08:04:33.060+0000] {dag.py:3834} INFO - Setting next_dagrun for eu_fsf_sanc to 2026-06-03 00:00:00+00:00, run_after=2026-06-04 00:00:00+00:00
[2026-06-03T08:04:33.116+0000] {processor.py:183} INFO - Processing /opt/airflow/dags/eu_fsf_sanc_dag.py took 0.295 seconds
[2026-06-03T08:05:03.820+0000] {processor.py:161} INFO - Started process (PID=3265) to work on /opt/airflow/dags/eu_fsf_sanc_dag.py
[2026-06-03T08:05:03.823+0000] {processor.py:830} INFO - Processing file /opt/airflow/dags/eu_fsf_sanc_dag.py for tasks to queue
[2026-06-03T08:05:03.826+0000] {logging_mixin.py:188} INFO - [2026-06-03T08:05:03.825+0000] {dagbag.py:540} INFO - Filling up the DagBag from /opt/airflow/dags/eu_fsf_sanc_dag.py
[2026-06-03T08:05:03.878+0000] {processor.py:840} INFO - DAG(s) 'eu_fsf_sanc' retrieved from /opt/airflow/dags/eu_fsf_sanc_dag.py
[2026-06-03T08:05:03.956+0000] {logging_mixin.py:188} INFO - [2026-06-03T08:05:03.955+0000] {dag.py:3047} INFO - Sync 1 DAGs
[2026-06-03T08:05:04.022+0000] {logging_mixin.py:188} INFO - [2026-06-03T08:05:04.021+0000] {dag.py:3834} INFO - Setting next_dagrun for eu_fsf_sanc to 2026-06-03 00:00:00+00:00, run_after=2026-06-04 00:00:00+00:00
[2026-06-03T08:05:04.072+0000] {processor.py:183} INFO - Processing /opt/airflow/dags/eu_fsf_sanc_dag.py took 0.263 seconds
[2026-06-03T08:05:34.318+0000] {processor.py:161} INFO - Started process (PID=3293) to work on /opt/airflow/dags/eu_fsf_sanc_dag.py
[2026-06-03T08:05:34.321+0000] {processor.py:830} INFO - Processing file /opt/airflow/dags/eu_fsf_sanc_dag.py for tasks to queue
[2026-06-03T08:05:34.324+0000] {logging_mixin.py:188} INFO - [2026-06-03T08:05:34.324+0000] {dagbag.py:540} INFO - Filling up the DagBag from /opt/airflow/dags/eu_fsf_sanc_dag.py
[2026-06-03T08:05:34.436+0000] {processor.py:840} INFO - DAG(s) 'eu_fsf_sanc' retrieved from /opt/airflow/dags/eu_fsf_sanc_dag.py
[2026-06-03T08:05:34.707+0000] {logging_mixin.py:188} INFO - [2026-06-03T08:05:34.695+0000] {dag.py:3047} INFO - Sync 1 DAGs
[2026-06-03T08:05:34.926+0000] {logging_mixin.py:188} INFO - [2026-06-03T08:05:34.915+0000] {dag.py:3834} INFO - Setting next_dagrun for eu_fsf_sanc to 2026-06-03 00:00:00+00:00, run_after=2026-06-04 00:00:00+00:00
[2026-06-03T08:05:35.087+0000] {processor.py:183} INFO - Processing /opt/airflow/dags/eu_fsf_sanc_dag.py took 0.780 seconds
[2026-06-03T08:06:05.341+0000] {processor.py:161} INFO - Started process (PID=3323) to work on /opt/airflow/dags/eu_fsf_sanc_dag.py
[2026-06-03T08:06:05.345+0000] {processor.py:830} INFO - Processing file /opt/airflow/dags/eu_fsf_sanc_dag.py for tasks to queue
[2026-06-03T08:06:05.347+0000] {logging_mixin.py:188} INFO - [2026-06-03T08:06:05.347+0000] {dagbag.py:540} INFO - Filling up the DagBag from /opt/airflow/dags/eu_fsf_sanc_dag.py
[2026-06-03T08:06:05.416+0000] {processor.py:840} INFO - DAG(s) 'eu_fsf_sanc' retrieved from /opt/airflow/dags/eu_fsf_sanc_dag.py
[2026-06-03T08:06:05.507+0000] {logging_mixin.py:188} INFO - [2026-06-03T08:06:05.506+0000] {dag.py:3047} INFO - Sync 1 DAGs
[2026-06-03T08:06:05.574+0000] {logging_mixin.py:188} INFO - [2026-06-03T08:06:05.574+0000] {dag.py:3834} INFO - Setting next_dagrun for eu_fsf_sanc to 2026-06-03 00:00:00+00:00, run_after=2026-06-04 00:00:00+00:00
[2026-06-03T08:06:05.624+0000] {processor.py:183} INFO - Processing /opt/airflow/dags/eu_fsf_sanc_dag.py took 0.300 seconds
[2026-06-03T08:06:36.077+0000] {processor.py:161} INFO - Started process (PID=3353) to work on /opt/airflow/dags/eu_fsf_sanc_dag.py
[2026-06-03T08:06:36.081+0000] {processor.py:830} INFO - Processing file /opt/airflow/dags/eu_fsf_sanc_dag.py for tasks to queue
[2026-06-03T08:06:36.084+0000] {logging_mixin.py:188} INFO - [2026-06-03T08:06:36.083+0000] {dagbag.py:540} INFO - Filling up the DagBag from /opt/airflow/dags/eu_fsf_sanc_dag.py
[2026-06-03T08:06:36.148+0000] {processor.py:840} INFO - DAG(s) 'eu_fsf_sanc' retrieved from /opt/airflow/dags/eu_fsf_sanc_dag.py
[2026-06-03T08:06:36.339+0000] {logging_mixin.py:188} INFO - [2026-06-03T08:06:36.327+0000] {dag.py:3047} INFO - Sync 1 DAGs
[2026-06-03T08:06:36.663+0000] {logging_mixin.py:188} INFO - [2026-06-03T08:06:36.663+0000] {dag.py:3834} INFO - Setting next_dagrun for eu_fsf_sanc to 2026-06-03 00:00:00+00:00, run_after=2026-06-04 00:00:00+00:00
[2026-06-03T08:06:36.893+0000] {processor.py:183} INFO - Processing /opt/airflow/dags/eu_fsf_sanc_dag.py took 0.832 seconds
[2026-06-03T08:07:07.614+0000] {processor.py:161} INFO - Started process (PID=3385) to work on /opt/airflow/dags/eu_fsf_sanc_dag.py
[2026-06-03T08:07:07.618+0000] {processor.py:830} INFO - Processing file /opt/airflow/dags/eu_fsf_sanc_dag.py for tasks to queue
[2026-06-03T08:07:07.621+0000] {logging_mixin.py:188} INFO - [2026-06-03T08:07:07.620+0000] {dagbag.py:540} INFO - Filling up the DagBag from /opt/airflow/dags/eu_fsf_sanc_dag.py
[2026-06-03T08:07:07.675+0000] {processor.py:840} INFO - DAG(s) 'eu_fsf_sanc' retrieved from /opt/airflow/dags/eu_fsf_sanc_dag.py
[2026-06-03T08:07:07.744+0000] {logging_mixin.py:188} INFO - [2026-06-03T08:07:07.744+0000] {dag.py:3047} INFO - Sync 1 DAGs
[2026-06-03T08:07:07.807+0000] {logging_mixin.py:188} INFO - [2026-06-03T08:07:07.807+0000] {dag.py:3834} INFO - Setting next_dagrun for eu_fsf_sanc to 2026-06-03 00:00:00+00:00, run_after=2026-06-04 00:00:00+00:00
[2026-06-03T08:07:07.859+0000] {processor.py:183} INFO - Processing /opt/airflow/dags/eu_fsf_sanc_dag.py took 0.255 seconds
[2026-06-03T08:07:38.042+0000] {processor.py:161} INFO - Started process (PID=3413) to work on /opt/airflow/dags/eu_fsf_sanc_dag.py
[2026-06-03T08:07:38.045+0000] {processor.py:830} INFO - Processing file /opt/airflow/dags/eu_fsf_sanc_dag.py for tasks to queue
[2026-06-03T08:07:38.048+0000] {logging_mixin.py:188} INFO - [2026-06-03T08:07:38.047+0000] {dagbag.py:540} INFO - Filling up the DagBag from /opt/airflow/dags/eu_fsf_sanc_dag.py
[2026-06-03T08:07:38.125+0000] {processor.py:840} INFO - DAG(s) 'eu_fsf_sanc' retrieved from /opt/airflow/dags/eu_fsf_sanc_dag.py
[2026-06-03T08:07:38.198+0000] {logging_mixin.py:188} INFO - [2026-06-03T08:07:38.198+0000] {dag.py:3047} INFO - Sync 1 DAGs
[2026-06-03T08:07:38.266+0000] {logging_mixin.py:188} INFO - [2026-06-03T08:07:38.266+0000] {dag.py:3834} INFO - Setting next_dagrun for eu_fsf_sanc to 2026-06-03 00:00:00+00:00, run_after=2026-06-04 00:00:00+00:00
[2026-06-03T08:07:38.352+0000] {processor.py:183} INFO - Processing /opt/airflow/dags/eu_fsf_sanc_dag.py took 0.321 seconds
[2026-06-03T08:08:09.139+0000] {processor.py:161} INFO - Started process (PID=3443) to work on /opt/airflow/dags/eu_fsf_sanc_dag.py
[2026-06-03T08:08:09.143+0000] {processor.py:830} INFO - Processing file /opt/airflow/dags/eu_fsf_sanc_dag.py for tasks to queue
[2026-06-03T08:08:09.147+0000] {logging_mixin.py:188} INFO - [2026-06-03T08:08:09.147+0000] {dagbag.py:540} INFO - Filling up the DagBag from /opt/airflow/dags/eu_fsf_sanc_dag.py
[2026-06-03T08:08:09.208+0000] {processor.py:840} INFO - DAG(s) 'eu_fsf_sanc' retrieved from /opt/airflow/dags/eu_fsf_sanc_dag.py
[2026-06-03T08:08:09.277+0000] {logging_mixin.py:188} INFO - [2026-06-03T08:08:09.276+0000] {dag.py:3047} INFO - Sync 1 DAGs
[2026-06-03T08:08:09.344+0000] {logging_mixin.py:188} INFO - [2026-06-03T08:08:09.343+0000] {dag.py:3834} INFO - Setting next_dagrun for eu_fsf_sanc to 2026-06-03 00:00:00+00:00, run_after=2026-06-04 00:00:00+00:00
[2026-06-03T08:08:09.398+0000] {processor.py:183} INFO - Processing /opt/airflow/dags/eu_fsf_sanc_dag.py took 0.272 seconds
[2026-06-03T08:08:39.676+0000] {processor.py:161} INFO - Started process (PID=3473) to work on /opt/airflow/dags/eu_fsf_sanc_dag.py
[2026-06-03T08:08:39.680+0000] {processor.py:830} INFO - Processing file /opt/airflow/dags/eu_fsf_sanc_dag.py for tasks to queue
[2026-06-03T08:08:39.684+0000] {logging_mixin.py:188} INFO - [2026-06-03T08:08:39.683+0000] {dagbag.py:540} INFO - Filling up the DagBag from /opt/airflow/dags/eu_fsf_sanc_dag.py
[2026-06-03T08:08:39.749+0000] {processor.py:840} INFO - DAG(s) 'eu_fsf_sanc' retrieved from /opt/airflow/dags/eu_fsf_sanc_dag.py
[2026-06-03T08:08:39.820+0000] {logging_mixin.py:188} INFO - [2026-06-03T08:08:39.819+0000] {dag.py:3047} INFO - Sync 1 DAGs
[2026-06-03T08:08:39.885+0000] {logging_mixin.py:188} INFO - [2026-06-03T08:08:39.884+0000] {dag.py:3834} INFO - Setting next_dagrun for eu_fsf_sanc to 2026-06-03 00:00:00+00:00, run_after=2026-06-04 00:00:00+00:00
[2026-06-03T08:08:39.934+0000] {processor.py:183} INFO - Processing /opt/airflow/dags/eu_fsf_sanc_dag.py took 0.272 seconds
[2026-06-03T08:09:10.176+0000] {processor.py:161} INFO - Started process (PID=3503) to work on /opt/airflow/dags/eu_fsf_sanc_dag.py
[2026-06-03T08:09:10.182+0000] {processor.py:830} INFO - Processing file /opt/airflow/dags/eu_fsf_sanc_dag.py for tasks to queue
[2026-06-03T08:09:10.186+0000] {logging_mixin.py:188} INFO - [2026-06-03T08:09:10.185+0000] {dagbag.py:540} INFO - Filling up the DagBag from /opt/airflow/dags/eu_fsf_sanc_dag.py
[2026-06-03T08:09:10.245+0000] {processor.py:840} INFO - DAG(s) 'eu_fsf_sanc' retrieved from /opt/airflow/dags/eu_fsf_sanc_dag.py
[2026-06-03T08:09:10.326+0000] {logging_mixin.py:188} INFO - [2026-06-03T08:09:10.325+0000] {dag.py:3047} INFO - Sync 1 DAGs
[2026-06-03T08:09:10.391+0000] {logging_mixin.py:188} INFO - [2026-06-03T08:09:10.390+0000] {dag.py:3834} INFO - Setting next_dagrun for eu_fsf_sanc to 2026-06-03 00:00:00+00:00, run_after=2026-06-04 00:00:00+00:00
[2026-06-03T08:09:10.458+0000] {processor.py:183} INFO - Processing /opt/airflow/dags/eu_fsf_sanc_dag.py took 0.300 seconds
[2026-06-03T08:09:42.079+0000] {processor.py:161} INFO - Started process (PID=3533) to work on /opt/airflow/dags/eu_fsf_sanc_dag.py
[2026-06-03T08:09:42.083+0000] {processor.py:830} INFO - Processing file /opt/airflow/dags/eu_fsf_sanc_dag.py for tasks to queue
[2026-06-03T08:09:42.086+0000] {logging_mixin.py:188} INFO - [2026-06-03T08:09:42.085+0000] {dagbag.py:540} INFO - Filling up the DagBag from /opt/airflow/dags/eu_fsf_sanc_dag.py
[2026-06-03T08:09:42.149+0000] {processor.py:840} INFO - DAG(s) 'eu_fsf_sanc' retrieved from /opt/airflow/dags/eu_fsf_sanc_dag.py
[2026-06-03T08:09:42.218+0000] {logging_mixin.py:188} INFO - [2026-06-03T08:09:42.218+0000] {dag.py:3047} INFO - Sync 1 DAGs
[2026-06-03T08:09:42.285+0000] {logging_mixin.py:188} INFO - [2026-06-03T08:09:42.284+0000] {dag.py:3834} INFO - Setting next_dagrun for eu_fsf_sanc to 2026-06-03 00:00:00+00:00, run_after=2026-06-04 00:00:00+00:00
[2026-06-03T08:09:42.350+0000] {processor.py:183} INFO - Processing /opt/airflow/dags/eu_fsf_sanc_dag.py took 0.285 seconds
[2026-06-03T08:10:13.168+0000] {processor.py:161} INFO - Started process (PID=3563) to work on /opt/airflow/dags/eu_fsf_sanc_dag.py
[2026-06-03T08:10:13.173+0000] {processor.py:830} INFO - Processing file /opt/airflow/dags/eu_fsf_sanc_dag.py for tasks to queue
[2026-06-03T08:10:13.177+0000] {logging_mixin.py:188} INFO - [2026-06-03T08:10:13.176+0000] {dagbag.py:540} INFO - Filling up the DagBag from /opt/airflow/dags/eu_fsf_sanc_dag.py
[2026-06-03T08:10:13.245+0000] {processor.py:840} INFO - DAG(s) 'eu_fsf_sanc' retrieved from /opt/airflow/dags/eu_fsf_sanc_dag.py
[2026-06-03T08:10:13.316+0000] {logging_mixin.py:188} INFO - [2026-06-03T08:10:13.316+0000] {dag.py:3047} INFO - Sync 1 DAGs
[2026-06-03T08:10:13.383+0000] {logging_mixin.py:188} INFO - [2026-06-03T08:10:13.382+0000] {dag.py:3834} INFO - Setting next_dagrun for eu_fsf_sanc to 2026-06-03 00:00:00+00:00, run_after=2026-06-04 00:00:00+00:00
[2026-06-03T08:10:13.438+0000] {processor.py:183} INFO - Processing /opt/airflow/dags/eu_fsf_sanc_dag.py took 0.281 seconds
[2026-06-03T08:10:43.843+0000] {processor.py:161} INFO - Started process (PID=3593) to work on /opt/airflow/dags/eu_fsf_sanc_dag.py
[2026-06-03T08:10:43.851+0000] {processor.py:830} INFO - Processing file /opt/airflow/dags/eu_fsf_sanc_dag.py for tasks to queue
[2026-06-03T08:10:43.854+0000] {logging_mixin.py:188} INFO - [2026-06-03T08:10:43.853+0000] {dagbag.py:540} INFO - Filling up the DagBag from /opt/airflow/dags/eu_fsf_sanc_dag.py
[2026-06-03T08:10:43.936+0000] {processor.py:840} INFO - DAG(s) 'eu_fsf_sanc' retrieved from /opt/airflow/dags/eu_fsf_sanc_dag.py
[2026-06-03T08:10:44.034+0000] {logging_mixin.py:188} INFO - [2026-06-03T08:10:44.033+0000] {dag.py:3047} INFO - Sync 1 DAGs
[2026-06-03T08:10:44.209+0000] {logging_mixin.py:188} INFO - [2026-06-03T08:10:44.187+0000] {dag.py:3834} INFO - Setting next_dagrun for eu_fsf_sanc to 2026-06-03 00:00:00+00:00, run_after=2026-06-04 00:00:00+00:00
[2026-06-03T08:10:44.359+0000] {processor.py:183} INFO - Processing /opt/airflow/dags/eu_fsf_sanc_dag.py took 0.530 seconds
[2026-06-03T08:11:14.992+0000] {processor.py:161} INFO - Started process (PID=3623) to work on /opt/airflow/dags/eu_fsf_sanc_dag.py
[2026-06-03T08:11:15.002+0000] {processor.py:830} INFO - Processing file /opt/airflow/dags/eu_fsf_sanc_dag.py for tasks to queue
[2026-06-03T08:11:15.019+0000] {logging_mixin.py:188} INFO - [2026-06-03T08:11:15.018+0000] {dagbag.py:540} INFO - Filling up the DagBag from /opt/airflow/dags/eu_fsf_sanc_dag.py
[2026-06-03T08:11:15.137+0000] {processor.py:840} INFO - DAG(s) 'eu_fsf_sanc' retrieved from /opt/airflow/dags/eu_fsf_sanc_dag.py
[2026-06-03T08:11:15.317+0000] {logging_mixin.py:188} INFO - [2026-06-03T08:11:15.316+0000] {dag.py:3047} INFO - Sync 1 DAGs
[2026-06-03T08:11:15.806+0000] {logging_mixin.py:188} INFO - [2026-06-03T08:11:15.805+0000] {dag.py:3834} INFO - Setting next_dagrun for eu_fsf_sanc to 2026-06-03 00:00:00+00:00, run_after=2026-06-04 00:00:00+00:00
[2026-06-03T08:11:16.103+0000] {processor.py:183} INFO - Processing /opt/airflow/dags/eu_fsf_sanc_dag.py took 1.149 seconds
[2026-06-03T08:11:46.933+0000] {processor.py:161} INFO - Started process (PID=3653) to work on /opt/airflow/dags/eu_fsf_sanc_dag.py
[2026-06-03T08:11:46.938+0000] {processor.py:830} INFO - Processing file /opt/airflow/dags/eu_fsf_sanc_dag.py for tasks to queue
[2026-06-03T08:11:46.941+0000] {logging_mixin.py:188} INFO - [2026-06-03T08:11:46.940+0000] {dagbag.py:540} INFO - Filling up the DagBag from /opt/airflow/dags/eu_fsf_sanc_dag.py
[2026-06-03T08:11:47.010+0000] {processor.py:840} INFO - DAG(s) 'eu_fsf_sanc' retrieved from /opt/airflow/dags/eu_fsf_sanc_dag.py
[2026-06-03T08:11:47.088+0000] {logging_mixin.py:188} INFO - [2026-06-03T08:11:47.087+0000] {dag.py:3047} INFO - Sync 1 DAGs
[2026-06-03T08:11:47.168+0000] {logging_mixin.py:188} INFO - [2026-06-03T08:11:47.167+0000] {dag.py:3834} INFO - Setting next_dagrun for eu_fsf_sanc to 2026-06-03 00:00:00+00:00, run_after=2026-06-04 00:00:00+00:00
[2026-06-03T08:11:47.228+0000] {processor.py:183} INFO - Processing /opt/airflow/dags/eu_fsf_sanc_dag.py took 0.312 seconds
[2026-06-03T08:12:17.807+0000] {processor.py:161} INFO - Started process (PID=3683) to work on /opt/airflow/dags/eu_fsf_sanc_dag.py
[2026-06-03T08:12:17.810+0000] {processor.py:830} INFO - Processing file /opt/airflow/dags/eu_fsf_sanc_dag.py for tasks to queue
[2026-06-03T08:12:17.816+0000] {logging_mixin.py:188} INFO - [2026-06-03T08:12:17.815+0000] {dagbag.py:540} INFO - Filling up the DagBag from /opt/airflow/dags/eu_fsf_sanc_dag.py
[2026-06-03T08:12:17.881+0000] {processor.py:840} INFO - DAG(s) 'eu_fsf_sanc' retrieved from /opt/airflow/dags/eu_fsf_sanc_dag.py
[2026-06-03T08:12:17.951+0000] {logging_mixin.py:188} INFO - [2026-06-03T08:12:17.950+0000] {dag.py:3047} INFO - Sync 1 DAGs
[2026-06-03T08:12:18.020+0000] {logging_mixin.py:188} INFO - [2026-06-03T08:12:18.020+0000] {dag.py:3834} INFO - Setting next_dagrun for eu_fsf_sanc to 2026-06-03 00:00:00+00:00, run_after=2026-06-04 00:00:00+00:00
[2026-06-03T08:12:18.106+0000] {processor.py:183} INFO - Processing /opt/airflow/dags/eu_fsf_sanc_dag.py took 0.304 seconds
[2026-06-03T08:12:48.941+0000] {processor.py:161} INFO - Started process (PID=3713) to work on /opt/airflow/dags/eu_fsf_sanc_dag.py
[2026-06-03T08:12:48.948+0000] {processor.py:830} INFO - Processing file /opt/airflow/dags/eu_fsf_sanc_dag.py for tasks to queue
[2026-06-03T08:12:48.951+0000] {logging_mixin.py:188} INFO - [2026-06-03T08:12:48.950+0000] {dagbag.py:540} INFO - Filling up the DagBag from /opt/airflow/dags/eu_fsf_sanc_dag.py
[2026-06-03T08:12:49.030+0000] {processor.py:840} INFO - DAG(s) 'eu_fsf_sanc' retrieved from /opt/airflow/dags/eu_fsf_sanc_dag.py
[2026-06-03T08:12:49.114+0000] {logging_mixin.py:188} INFO - [2026-06-03T08:12:49.113+0000] {dag.py:3047} INFO - Sync 1 DAGs
[2026-06-03T08:12:49.180+0000] {logging_mixin.py:188} INFO - [2026-06-03T08:12:49.179+0000] {dag.py:3834} INFO - Setting next_dagrun for eu_fsf_sanc to 2026-06-03 00:00:00+00:00, run_after=2026-06-04 00:00:00+00:00
[2026-06-03T08:12:49.264+0000] {processor.py:183} INFO - Processing /opt/airflow/dags/eu_fsf_sanc_dag.py took 0.337 seconds
[2026-06-03T08:13:19.829+0000] {processor.py:161} INFO - Started process (PID=3743) to work on /opt/airflow/dags/eu_fsf_sanc_dag.py
[2026-06-03T08:13:19.832+0000] {processor.py:830} INFO - Processing file /opt/airflow/dags/eu_fsf_sanc_dag.py for tasks to queue
[2026-06-03T08:13:19.835+0000] {logging_mixin.py:188} INFO - [2026-06-03T08:13:19.834+0000] {dagbag.py:540} INFO - Filling up the DagBag from /opt/airflow/dags/eu_fsf_sanc_dag.py
[2026-06-03T08:13:19.957+0000] {processor.py:840} INFO - DAG(s) 'eu_fsf_sanc' retrieved from /opt/airflow/dags/eu_fsf_sanc_dag.py
[2026-06-03T08:13:20.028+0000] {logging_mixin.py:188} INFO - [2026-06-03T08:13:20.027+0000] {dag.py:3047} INFO - Sync 1 DAGs
[2026-06-03T08:13:20.098+0000] {logging_mixin.py:188} INFO - [2026-06-03T08:13:20.097+0000] {dag.py:3834} INFO - Setting next_dagrun for eu_fsf_sanc to 2026-06-03 00:00:00+00:00, run_after=2026-06-04 00:00:00+00:00
[2026-06-03T08:13:20.167+0000] {processor.py:183} INFO - Processing /opt/airflow/dags/eu_fsf_sanc_dag.py took 0.354 seconds
[2026-06-03T08:13:50.756+0000] {processor.py:161} INFO - Started process (PID=3773) to work on /opt/airflow/dags/eu_fsf_sanc_dag.py
[2026-06-03T08:13:50.760+0000] {processor.py:830} INFO - Processing file /opt/airflow/dags/eu_fsf_sanc_dag.py for tasks to queue
[2026-06-03T08:13:50.763+0000] {logging_mixin.py:188} INFO - [2026-06-03T08:13:50.762+0000] {dagbag.py:540} INFO - Filling up the DagBag from /opt/airflow/dags/eu_fsf_sanc_dag.py
[2026-06-03T08:13:50.827+0000] {processor.py:840} INFO - DAG(s) 'eu_fsf_sanc' retrieved from /opt/airflow/dags/eu_fsf_sanc_dag.py
[2026-06-03T08:13:50.907+0000] {logging_mixin.py:188} INFO - [2026-06-03T08:13:50.907+0000] {dag.py:3047} INFO - Sync 1 DAGs
[2026-06-03T08:13:50.974+0000] {logging_mixin.py:188} INFO - [2026-06-03T08:13:50.974+0000] {dag.py:3834} INFO - Setting next_dagrun for eu_fsf_sanc to 2026-06-03 00:00:00+00:00, run_after=2026-06-04 00:00:00+00:00
[2026-06-03T08:13:51.032+0000] {processor.py:183} INFO - Processing /opt/airflow/dags/eu_fsf_sanc_dag.py took 0.289 seconds
[2026-06-03T08:14:21.389+0000] {processor.py:161} INFO - Started process (PID=3800) to work on /opt/airflow/dags/eu_fsf_sanc_dag.py
[2026-06-03T08:14:21.393+0000] {processor.py:830} INFO - Processing file /opt/airflow/dags/eu_fsf_sanc_dag.py for tasks to queue
[2026-06-03T08:14:21.399+0000] {logging_mixin.py:188} INFO - [2026-06-03T08:14:21.397+0000] {dagbag.py:540} INFO - Filling up the DagBag from /opt/airflow/dags/eu_fsf_sanc_dag.py
[2026-06-03T08:14:21.466+0000] {processor.py:840} INFO - DAG(s) 'eu_fsf_sanc' retrieved from /opt/airflow/dags/eu_fsf_sanc_dag.py
[2026-06-03T08:14:21.550+0000] {logging_mixin.py:188} INFO - [2026-06-03T08:14:21.549+0000] {dag.py:3047} INFO - Sync 1 DAGs
[2026-06-03T08:14:21.619+0000] {logging_mixin.py:188} INFO - [2026-06-03T08:14:21.619+0000] {dag.py:3834} INFO - Setting next_dagrun for eu_fsf_sanc to 2026-06-03 00:00:00+00:00, run_after=2026-06-04 00:00:00+00:00
[2026-06-03T08:14:21.676+0000] {processor.py:183} INFO - Processing /opt/airflow/dags/eu_fsf_sanc_dag.py took 0.300 seconds
[2026-06-03T08:14:52.196+0000] {processor.py:161} INFO - Started process (PID=3833) to work on /opt/airflow/dags/eu_fsf_sanc_dag.py
[2026-06-03T08:14:52.200+0000] {processor.py:830} INFO - Processing file /opt/airflow/dags/eu_fsf_sanc_dag.py for tasks to queue
[2026-06-03T08:14:52.205+0000] {logging_mixin.py:188} INFO - [2026-06-03T08:14:52.204+0000] {dagbag.py:540} INFO - Filling up the DagBag from /opt/airflow/dags/eu_fsf_sanc_dag.py
[2026-06-03T08:14:52.283+0000] {processor.py:840} INFO - DAG(s) 'eu_fsf_sanc' retrieved from /opt/airflow/dags/eu_fsf_sanc_dag.py
[2026-06-03T08:14:52.364+0000] {logging_mixin.py:188} INFO - [2026-06-03T08:14:52.363+0000] {dag.py:3047} INFO - Sync 1 DAGs
[2026-06-03T08:14:52.434+0000] {logging_mixin.py:188} INFO - [2026-06-03T08:14:52.433+0000] {dag.py:3834} INFO - Setting next_dagrun for eu_fsf_sanc to 2026-06-03 00:00:00+00:00, run_after=2026-06-04 00:00:00+00:00
[2026-06-03T08:14:52.521+0000] {processor.py:183} INFO - Processing /opt/airflow/dags/eu_fsf_sanc_dag.py took 0.340 seconds
[2026-06-03T08:15:23.026+0000] {processor.py:161} INFO - Started process (PID=3863) to work on /opt/airflow/dags/eu_fsf_sanc_dag.py
[2026-06-03T08:15:23.030+0000] {processor.py:830} INFO - Processing file /opt/airflow/dags/eu_fsf_sanc_dag.py for tasks to queue
[2026-06-03T08:15:23.033+0000] {logging_mixin.py:188} INFO - [2026-06-03T08:15:23.032+0000] {dagbag.py:540} INFO - Filling up the DagBag from /opt/airflow/dags/eu_fsf_sanc_dag.py
[2026-06-03T08:15:23.096+0000] {processor.py:840} INFO - DAG(s) 'eu_fsf_sanc' retrieved from /opt/airflow/dags/eu_fsf_sanc_dag.py
[2026-06-03T08:15:23.180+0000] {logging_mixin.py:188} INFO - [2026-06-03T08:15:23.179+0000] {dag.py:3047} INFO - Sync 1 DAGs
[2026-06-03T08:15:23.267+0000] {logging_mixin.py:188} INFO - [2026-06-03T08:15:23.266+0000] {dag.py:3834} INFO - Setting next_dagrun for eu_fsf_sanc to 2026-06-03 00:00:00+00:00, run_after=2026-06-04 00:00:00+00:00
[2026-06-03T08:15:23.340+0000] {processor.py:183} INFO - Processing /opt/airflow/dags/eu_fsf_sanc_dag.py took 0.330 seconds
[2026-06-03T08:15:53.904+0000] {processor.py:161} INFO - Started process (PID=3893) to work on /opt/airflow/dags/eu_fsf_sanc_dag.py
[2026-06-03T08:15:53.907+0000] {processor.py:830} INFO - Processing file /opt/airflow/dags/eu_fsf_sanc_dag.py for tasks to queue
[2026-06-03T08:15:53.913+0000] {logging_mixin.py:188} INFO - [2026-06-03T08:15:53.912+0000] {dagbag.py:540} INFO - Filling up the DagBag from /opt/airflow/dags/eu_fsf_sanc_dag.py
[2026-06-03T08:15:53.986+0000] {processor.py:840} INFO - DAG(s) 'eu_fsf_sanc' retrieved from /opt/airflow/dags/eu_fsf_sanc_dag.py
[2026-06-03T08:15:54.055+0000] {logging_mixin.py:188} INFO - [2026-06-03T08:15:54.054+0000] {dag.py:3047} INFO - Sync 1 DAGs
[2026-06-03T08:15:54.121+0000] {logging_mixin.py:188} INFO - [2026-06-03T08:15:54.120+0000] {dag.py:3834} INFO - Setting next_dagrun for eu_fsf_sanc to 2026-06-03 00:00:00+00:00, run_after=2026-06-04 00:00:00+00:00
[2026-06-03T08:15:54.217+0000] {processor.py:183} INFO - Processing /opt/airflow/dags/eu_fsf_sanc_dag.py took 0.329 seconds
[2026-06-03T08:16:25.975+0000] {processor.py:161} INFO - Started process (PID=3923) to work on /opt/airflow/dags/eu_fsf_sanc_dag.py
[2026-06-03T08:16:25.992+0000] {processor.py:830} INFO - Processing file /opt/airflow/dags/eu_fsf_sanc_dag.py for tasks to queue
[2026-06-03T08:16:26.009+0000] {logging_mixin.py:188} INFO - [2026-06-03T08:16:26.008+0000] {dagbag.py:540} INFO - Filling up the DagBag from /opt/airflow/dags/eu_fsf_sanc_dag.py
[2026-06-03T08:16:26.245+0000] {processor.py:840} INFO - DAG(s) 'eu_fsf_sanc' retrieved from /opt/airflow/dags/eu_fsf_sanc_dag.py
[2026-06-03T08:16:26.344+0000] {logging_mixin.py:188} INFO - [2026-06-03T08:16:26.343+0000] {dag.py:3047} INFO - Sync 1 DAGs
[2026-06-03T08:16:26.452+0000] {logging_mixin.py:188} INFO - [2026-06-03T08:16:26.451+0000] {dag.py:3834} INFO - Setting next_dagrun for eu_fsf_sanc to 2026-06-03 00:00:00+00:00, run_after=2026-06-04 00:00:00+00:00
[2026-06-03T08:16:26.519+0000] {processor.py:183} INFO - Processing /opt/airflow/dags/eu_fsf_sanc_dag.py took 0.587 seconds
[2026-06-03T08:16:57.238+0000] {processor.py:161} INFO - Started process (PID=3953) to work on /opt/airflow/dags/eu_fsf_sanc_dag.py
[2026-06-03T08:16:57.241+0000] {processor.py:830} INFO - Processing file /opt/airflow/dags/eu_fsf_sanc_dag.py for tasks to queue
[2026-06-03T08:16:57.253+0000] {logging_mixin.py:188} INFO - [2026-06-03T08:16:57.250+0000] {dagbag.py:540} INFO - Filling up the DagBag from /opt/airflow/dags/eu_fsf_sanc_dag.py
[2026-06-03T08:16:57.311+0000] {processor.py:840} INFO - DAG(s) 'eu_fsf_sanc' retrieved from /opt/airflow/dags/eu_fsf_sanc_dag.py
[2026-06-03T08:16:57.387+0000] {logging_mixin.py:188} INFO - [2026-06-03T08:16:57.386+0000] {dag.py:3047} INFO - Sync 1 DAGs
[2026-06-03T08:16:57.450+0000] {logging_mixin.py:188} INFO - [2026-06-03T08:16:57.449+0000] {dag.py:3834} INFO - Setting next_dagrun for eu_fsf_sanc to 2026-06-03 00:00:00+00:00, run_after=2026-06-04 00:00:00+00:00
[2026-06-03T08:16:57.531+0000] {processor.py:183} INFO - Processing /opt/airflow/dags/eu_fsf_sanc_dag.py took 0.310 seconds
[2026-06-03T08:17:28.178+0000] {processor.py:161} INFO - Started process (PID=3983) to work on /opt/airflow/dags/eu_fsf_sanc_dag.py
[2026-06-03T08:17:28.181+0000] {processor.py:830} INFO - Processing file /opt/airflow/dags/eu_fsf_sanc_dag.py for tasks to queue
[2026-06-03T08:17:28.184+0000] {logging_mixin.py:188} INFO - [2026-06-03T08:17:28.183+0000] {dagbag.py:540} INFO - Filling up the DagBag from /opt/airflow/dags/eu_fsf_sanc_dag.py
[2026-06-03T08:17:28.266+0000] {processor.py:840} INFO - DAG(s) 'eu_fsf_sanc' retrieved from /opt/airflow/dags/eu_fsf_sanc_dag.py
[2026-06-03T08:17:28.366+0000] {logging_mixin.py:188} INFO - [2026-06-03T08:17:28.365+0000] {dag.py:3047} INFO - Sync 1 DAGs
[2026-06-03T08:17:28.611+0000] {logging_mixin.py:188} INFO - [2026-06-03T08:17:28.610+0000] {dag.py:3834} INFO - Setting next_dagrun for eu_fsf_sanc to 2026-06-03 00:00:00+00:00, run_after=2026-06-04 00:00:00+00:00
[2026-06-03T08:17:28.868+0000] {processor.py:183} INFO - Processing /opt/airflow/dags/eu_fsf_sanc_dag.py took 0.705 seconds
[2026-06-03T08:17:59.361+0000] {processor.py:161} INFO - Started process (PID=4013) to work on /opt/airflow/dags/eu_fsf_sanc_dag.py
[2026-06-03T08:17:59.367+0000] {processor.py:830} INFO - Processing file /opt/airflow/dags/eu_fsf_sanc_dag.py for tasks to queue
[2026-06-03T08:17:59.373+0000] {logging_mixin.py:188} INFO - [2026-06-03T08:17:59.371+0000] {dagbag.py:540} INFO - Filling up the DagBag from /opt/airflow/dags/eu_fsf_sanc_dag.py
[2026-06-03T08:17:59.508+0000] {processor.py:840} INFO - DAG(s) 'eu_fsf_sanc' retrieved from /opt/airflow/dags/eu_fsf_sanc_dag.py
[2026-06-03T08:17:59.847+0000] {logging_mixin.py:188} INFO - [2026-06-03T08:17:59.846+0000] {dag.py:3047} INFO - Sync 1 DAGs
[2026-06-03T08:18:00.101+0000] {logging_mixin.py:188} INFO - [2026-06-03T08:18:00.101+0000] {dag.py:3834} INFO - Setting next_dagrun for eu_fsf_sanc to 2026-06-03 00:00:00+00:00, run_after=2026-06-04 00:00:00+00:00
[2026-06-03T08:18:00.266+0000] {processor.py:183} INFO - Processing /opt/airflow/dags/eu_fsf_sanc_dag.py took 0.920 seconds
[2026-06-03T08:18:31.079+0000] {processor.py:161} INFO - Started process (PID=4043) to work on /opt/airflow/dags/eu_fsf_sanc_dag.py
[2026-06-03T08:18:31.084+0000] {processor.py:830} INFO - Processing file /opt/airflow/dags/eu_fsf_sanc_dag.py for tasks to queue
[2026-06-03T08:18:31.088+0000] {logging_mixin.py:188} INFO - [2026-06-03T08:18:31.087+0000] {dagbag.py:540} INFO - Filling up the DagBag from /opt/airflow/dags/eu_fsf_sanc_dag.py
[2026-06-03T08:18:31.196+0000] {processor.py:840} INFO - DAG(s) 'eu_fsf_sanc' retrieved from /opt/airflow/dags/eu_fsf_sanc_dag.py
[2026-06-03T08:18:31.286+0000] {logging_mixin.py:188} INFO - [2026-06-03T08:18:31.286+0000] {dag.py:3047} INFO - Sync 1 DAGs
[2026-06-03T08:18:31.370+0000] {logging_mixin.py:188} INFO - [2026-06-03T08:18:31.369+0000] {dag.py:3834} INFO - Setting next_dagrun for eu_fsf_sanc to 2026-06-03 00:00:00+00:00, run_after=2026-06-04 00:00:00+00:00
[2026-06-03T08:18:31.435+0000] {processor.py:183} INFO - Processing /opt/airflow/dags/eu_fsf_sanc_dag.py took 0.372 seconds
[2026-06-03T08:19:02.403+0000] {processor.py:161} INFO - Started process (PID=4073) to work on /opt/airflow/dags/eu_fsf_sanc_dag.py
[2026-06-03T08:19:02.416+0000] {processor.py:830} INFO - Processing file /opt/airflow/dags/eu_fsf_sanc_dag.py for tasks to queue
[2026-06-03T08:19:02.430+0000] {logging_mixin.py:188} INFO - [2026-06-03T08:19:02.429+0000] {dagbag.py:540} INFO - Filling up the DagBag from /opt/airflow/dags/eu_fsf_sanc_dag.py
[2026-06-03T08:19:02.743+0000] {processor.py:840} INFO - DAG(s) 'eu_fsf_sanc' retrieved from /opt/airflow/dags/eu_fsf_sanc_dag.py
[2026-06-03T08:19:02.908+0000] {logging_mixin.py:188} INFO - [2026-06-03T08:19:02.907+0000] {dag.py:3047} INFO - Sync 1 DAGs
[2026-06-03T08:19:02.975+0000] {logging_mixin.py:188} INFO - [2026-06-03T08:19:02.974+0000] {dag.py:3834} INFO - Setting next_dagrun for eu_fsf_sanc to 2026-06-03 00:00:00+00:00, run_after=2026-06-04 00:00:00+00:00
[2026-06-03T08:19:03.032+0000] {processor.py:183} INFO - Processing /opt/airflow/dags/eu_fsf_sanc_dag.py took 0.650 seconds
[2026-06-03T08:19:33.533+0000] {processor.py:161} INFO - Started process (PID=4103) to work on /opt/airflow/dags/eu_fsf_sanc_dag.py
[2026-06-03T08:19:33.538+0000] {processor.py:830} INFO - Processing file /opt/airflow/dags/eu_fsf_sanc_dag.py for tasks to queue
[2026-06-03T08:19:33.541+0000] {logging_mixin.py:188} INFO - [2026-06-03T08:19:33.540+0000] {dagbag.py:540} INFO - Filling up the DagBag from /opt/airflow/dags/eu_fsf_sanc_dag.py
[2026-06-03T08:19:33.601+0000] {processor.py:840} INFO - DAG(s) 'eu_fsf_sanc' retrieved from /opt/airflow/dags/eu_fsf_sanc_dag.py
[2026-06-03T08:19:33.665+0000] {logging_mixin.py:188} INFO - [2026-06-03T08:19:33.665+0000] {dag.py:3047} INFO - Sync 1 DAGs
[2026-06-03T08:19:33.730+0000] {logging_mixin.py:188} INFO - [2026-06-03T08:19:33.729+0000] {dag.py:3834} INFO - Setting next_dagrun for eu_fsf_sanc to 2026-06-03 00:00:00+00:00, run_after=2026-06-04 00:00:00+00:00
[2026-06-03T08:19:33.781+0000] {processor.py:183} INFO - Processing /opt/airflow/dags/eu_fsf_sanc_dag.py took 0.266 seconds
[2026-06-03T08:20:04.288+0000] {processor.py:161} INFO - Started process (PID=4133) to work on /opt/airflow/dags/eu_fsf_sanc_dag.py
[2026-06-03T08:20:04.292+0000] {processor.py:830} INFO - Processing file /opt/airflow/dags/eu_fsf_sanc_dag.py for tasks to queue
[2026-06-03T08:20:04.298+0000] {logging_mixin.py:188} INFO - [2026-06-03T08:20:04.296+0000] {dagbag.py:540} INFO - Filling up the DagBag from /opt/airflow/dags/eu_fsf_sanc_dag.py
[2026-06-03T08:20:04.422+0000] {processor.py:840} INFO - DAG(s) 'eu_fsf_sanc' retrieved from /opt/airflow/dags/eu_fsf_sanc_dag.py
[2026-06-03T08:20:04.575+0000] {logging_mixin.py:188} INFO - [2026-06-03T08:20:04.574+0000] {dag.py:3047} INFO - Sync 1 DAGs
[2026-06-03T08:20:04.730+0000] {logging_mixin.py:188} INFO - [2026-06-03T08:20:04.729+0000] {dag.py:3834} INFO - Setting next_dagrun for eu_fsf_sanc to 2026-06-03 00:00:00+00:00, run_after=2026-06-04 00:00:00+00:00
[2026-06-03T08:20:04.866+0000] {processor.py:183} INFO - Processing /opt/airflow/dags/eu_fsf_sanc_dag.py took 0.597 seconds
[2026-06-03T08:20:35.298+0000] {processor.py:161} INFO - Started process (PID=4163) to work on /opt/airflow/dags/eu_fsf_sanc_dag.py
[2026-06-03T08:20:35.306+0000] {processor.py:830} INFO - Processing file /opt/airflow/dags/eu_fsf_sanc_dag.py for tasks to queue
[2026-06-03T08:20:35.310+0000] {logging_mixin.py:188} INFO - [2026-06-03T08:20:35.309+0000] {dagbag.py:540} INFO - Filling up the DagBag from /opt/airflow/dags/eu_fsf_sanc_dag.py
[2026-06-03T08:20:36.271+0000] {processor.py:840} INFO - DAG(s) 'eu_fsf_sanc' retrieved from /opt/airflow/dags/eu_fsf_sanc_dag.py
[2026-06-03T08:20:36.564+0000] {logging_mixin.py:188} INFO - [2026-06-03T08:20:36.563+0000] {dag.py:3047} INFO - Sync 1 DAGs
[2026-06-03T08:20:36.652+0000] {logging_mixin.py:188} INFO - [2026-06-03T08:20:36.651+0000] {dag.py:3834} INFO - Setting next_dagrun for eu_fsf_sanc to 2026-06-03 00:00:00+00:00, run_after=2026-06-04 00:00:00+00:00
[2026-06-03T08:20:36.721+0000] {processor.py:183} INFO - Processing /opt/airflow/dags/eu_fsf_sanc_dag.py took 1.461 seconds
[2026-06-03T08:21:07.621+0000] {processor.py:161} INFO - Started process (PID=4193) to work on /opt/airflow/dags/eu_fsf_sanc_dag.py
[2026-06-03T08:21:07.626+0000] {processor.py:830} INFO - Processing file /opt/airflow/dags/eu_fsf_sanc_dag.py for tasks to queue
[2026-06-03T08:21:07.630+0000] {logging_mixin.py:188} INFO - [2026-06-03T08:21:07.629+0000] {dagbag.py:540} INFO - Filling up the DagBag from /opt/airflow/dags/eu_fsf_sanc_dag.py
[2026-06-03T08:21:07.699+0000] {processor.py:840} INFO - DAG(s) 'eu_fsf_sanc' retrieved from /opt/airflow/dags/eu_fsf_sanc_dag.py
[2026-06-03T08:21:07.777+0000] {logging_mixin.py:188} INFO - [2026-06-03T08:21:07.776+0000] {dag.py:3047} INFO - Sync 1 DAGs
[2026-06-03T08:21:07.847+0000] {logging_mixin.py:188} INFO - [2026-06-03T08:21:07.847+0000] {dag.py:3834} INFO - Setting next_dagrun for eu_fsf_sanc to 2026-06-03 00:00:00+00:00, run_after=2026-06-04 00:00:00+00:00
[2026-06-03T08:21:07.977+0000] {processor.py:183} INFO - Processing /opt/airflow/dags/eu_fsf_sanc_dag.py took 0.374 seconds
[2026-06-03T08:21:38.315+0000] {processor.py:161} INFO - Started process (PID=4223) to work on /opt/airflow/dags/eu_fsf_sanc_dag.py
[2026-06-03T08:21:38.320+0000] {processor.py:830} INFO - Processing file /opt/airflow/dags/eu_fsf_sanc_dag.py for tasks to queue
[2026-06-03T08:21:38.324+0000] {logging_mixin.py:188} INFO - [2026-06-03T08:21:38.323+0000] {dagbag.py:540} INFO - Filling up the DagBag from /opt/airflow/dags/eu_fsf_sanc_dag.py
[2026-06-03T08:21:38.386+0000] {processor.py:840} INFO - DAG(s) 'eu_fsf_sanc' retrieved from /opt/airflow/dags/eu_fsf_sanc_dag.py
[2026-06-03T08:21:38.458+0000] {logging_mixin.py:188} INFO - [2026-06-03T08:21:38.457+0000] {dag.py:3047} INFO - Sync 1 DAGs
[2026-06-03T08:21:38.537+0000] {logging_mixin.py:188} INFO - [2026-06-03T08:21:38.536+0000] {dag.py:3834} INFO - Setting next_dagrun for eu_fsf_sanc to 2026-06-03 00:00:00+00:00, run_after=2026-06-04 00:00:00+00:00
[2026-06-03T08:21:38.597+0000] {processor.py:183} INFO - Processing /opt/airflow/dags/eu_fsf_sanc_dag.py took 0.297 seconds
[2026-06-03T08:22:08.949+0000] {processor.py:161} INFO - Started process (PID=4253) to work on /opt/airflow/dags/eu_fsf_sanc_dag.py
[2026-06-03T08:22:08.952+0000] {processor.py:830} INFO - Processing file /opt/airflow/dags/eu_fsf_sanc_dag.py for tasks to queue
[2026-06-03T08:22:08.957+0000] {logging_mixin.py:188} INFO - [2026-06-03T08:22:08.956+0000] {dagbag.py:540} INFO - Filling up the DagBag from /opt/airflow/dags/eu_fsf_sanc_dag.py
[2026-06-03T08:22:09.802+0000] {processor.py:840} INFO - DAG(s) 'eu_fsf_sanc' retrieved from /opt/airflow/dags/eu_fsf_sanc_dag.py
[2026-06-03T08:22:09.974+0000] {logging_mixin.py:188} INFO - [2026-06-03T08:22:09.973+0000] {dag.py:3047} INFO - Sync 1 DAGs
[2026-06-03T08:22:10.153+0000] {logging_mixin.py:188} INFO - [2026-06-03T08:22:10.152+0000] {dag.py:3834} INFO - Setting next_dagrun for eu_fsf_sanc to 2026-06-03 00:00:00+00:00, run_after=2026-06-04 00:00:00+00:00
[2026-06-03T08:22:10.314+0000] {processor.py:183} INFO - Processing /opt/airflow/dags/eu_fsf_sanc_dag.py took 1.389 seconds
[2026-06-03T08:22:40.613+0000] {processor.py:161} INFO - Started process (PID=4283) to work on /opt/airflow/dags/eu_fsf_sanc_dag.py
[2026-06-03T08:22:40.616+0000] {processor.py:830} INFO - Processing file /opt/airflow/dags/eu_fsf_sanc_dag.py for tasks to queue
[2026-06-03T08:22:40.622+0000] {logging_mixin.py:188} INFO - [2026-06-03T08:22:40.621+0000] {dagbag.py:540} INFO - Filling up the DagBag from /opt/airflow/dags/eu_fsf_sanc_dag.py
[2026-06-03T08:22:40.683+0000] {processor.py:840} INFO - DAG(s) 'eu_fsf_sanc' retrieved from /opt/airflow/dags/eu_fsf_sanc_dag.py
[2026-06-03T08:22:40.773+0000] {logging_mixin.py:188} INFO - [2026-06-03T08:22:40.773+0000] {dag.py:3047} INFO - Sync 1 DAGs
[2026-06-03T08:22:40.867+0000] {logging_mixin.py:188} INFO - [2026-06-03T08:22:40.866+0000] {dag.py:3834} INFO - Setting next_dagrun for eu_fsf_sanc to 2026-06-03 00:00:00+00:00, run_after=2026-06-04 00:00:00+00:00
[2026-06-03T08:22:41.024+0000] {processor.py:183} INFO - Processing /opt/airflow/dags/eu_fsf_sanc_dag.py took 0.422 seconds
[2026-06-03T08:23:11.526+0000] {processor.py:161} INFO - Started process (PID=4315) to work on /opt/airflow/dags/eu_fsf_sanc_dag.py
[2026-06-03T08:23:11.529+0000] {processor.py:830} INFO - Processing file /opt/airflow/dags/eu_fsf_sanc_dag.py for tasks to queue
[2026-06-03T08:23:11.532+0000] {logging_mixin.py:188} INFO - [2026-06-03T08:23:11.531+0000] {dagbag.py:540} INFO - Filling up the DagBag from /opt/airflow/dags/eu_fsf_sanc_dag.py
[2026-06-03T08:23:11.589+0000] {processor.py:840} INFO - DAG(s) 'eu_fsf_sanc' retrieved from /opt/airflow/dags/eu_fsf_sanc_dag.py
[2026-06-03T08:23:11.657+0000] {logging_mixin.py:188} INFO - [2026-06-03T08:23:11.656+0000] {dag.py:3047} INFO - Sync 1 DAGs
[2026-06-03T08:23:11.722+0000] {logging_mixin.py:188} INFO - [2026-06-03T08:23:11.722+0000] {dag.py:3834} INFO - Setting next_dagrun for eu_fsf_sanc to 2026-06-03 00:00:00+00:00, run_after=2026-06-04 00:00:00+00:00
[2026-06-03T08:23:11.774+0000] {processor.py:183} INFO - Processing /opt/airflow/dags/eu_fsf_sanc_dag.py took 0.258 seconds
[2026-06-03T08:23:41.897+0000] {processor.py:161} INFO - Started process (PID=4343) to work on /opt/airflow/dags/eu_fsf_sanc_dag.py
[2026-06-03T08:23:41.900+0000] {processor.py:830} INFO - Processing file /opt/airflow/dags/eu_fsf_sanc_dag.py for tasks to queue
[2026-06-03T08:23:41.904+0000] {logging_mixin.py:188} INFO - [2026-06-03T08:23:41.903+0000] {dagbag.py:540} INFO - Filling up the DagBag from /opt/airflow/dags/eu_fsf_sanc_dag.py
[2026-06-03T08:23:41.962+0000] {processor.py:840} INFO - DAG(s) 'eu_fsf_sanc' retrieved from /opt/airflow/dags/eu_fsf_sanc_dag.py
[2026-06-03T08:23:42.038+0000] {logging_mixin.py:188} INFO - [2026-06-03T08:23:42.038+0000] {dag.py:3047} INFO - Sync 1 DAGs
[2026-06-03T08:23:42.126+0000] {logging_mixin.py:188} INFO - [2026-06-03T08:23:42.125+0000] {dag.py:3834} INFO - Setting next_dagrun for eu_fsf_sanc to 2026-06-03 00:00:00+00:00, run_after=2026-06-04 00:00:00+00:00
[2026-06-03T08:23:42.192+0000] {processor.py:183} INFO - Processing /opt/airflow/dags/eu_fsf_sanc_dag.py took 0.307 seconds
[2026-06-03T08:24:12.696+0000] {processor.py:161} INFO - Started process (PID=4373) to work on /opt/airflow/dags/eu_fsf_sanc_dag.py
[2026-06-03T08:24:12.703+0000] {processor.py:830} INFO - Processing file /opt/airflow/dags/eu_fsf_sanc_dag.py for tasks to queue
[2026-06-03T08:24:12.707+0000] {logging_mixin.py:188} INFO - [2026-06-03T08:24:12.706+0000] {dagbag.py:540} INFO - Filling up the DagBag from /opt/airflow/dags/eu_fsf_sanc_dag.py
[2026-06-03T08:24:12.832+0000] {processor.py:840} INFO - DAG(s) 'eu_fsf_sanc' retrieved from /opt/airflow/dags/eu_fsf_sanc_dag.py
[2026-06-03T08:24:12.913+0000] {logging_mixin.py:188} INFO - [2026-06-03T08:24:12.913+0000] {dag.py:3047} INFO - Sync 1 DAGs
[2026-06-03T08:24:12.996+0000] {logging_mixin.py:188} INFO - [2026-06-03T08:24:12.995+0000] {dag.py:3834} INFO - Setting next_dagrun for eu_fsf_sanc to 2026-06-03 00:00:00+00:00, run_after=2026-06-04 00:00:00+00:00
[2026-06-03T08:24:13.069+0000] {processor.py:183} INFO - Processing /opt/airflow/dags/eu_fsf_sanc_dag.py took 0.387 seconds
[2026-06-03T08:24:44.273+0000] {processor.py:161} INFO - Started process (PID=4403) to work on /opt/airflow/dags/eu_fsf_sanc_dag.py
[2026-06-03T08:24:44.285+0000] {processor.py:830} INFO - Processing file /opt/airflow/dags/eu_fsf_sanc_dag.py for tasks to queue
[2026-06-03T08:24:44.294+0000] {logging_mixin.py:188} INFO - [2026-06-03T08:24:44.293+0000] {dagbag.py:540} INFO - Filling up the DagBag from /opt/airflow/dags/eu_fsf_sanc_dag.py
[2026-06-03T08:24:44.665+0000] {processor.py:840} INFO - DAG(s) 'eu_fsf_sanc' retrieved from /opt/airflow/dags/eu_fsf_sanc_dag.py
[2026-06-03T08:24:44.786+0000] {logging_mixin.py:188} INFO - [2026-06-03T08:24:44.785+0000] {dag.py:3047} INFO - Sync 1 DAGs
[2026-06-03T08:24:44.880+0000] {logging_mixin.py:188} INFO - [2026-06-03T08:24:44.879+0000] {dag.py:3834} INFO - Setting next_dagrun for eu_fsf_sanc to 2026-06-03 00:00:00+00:00, run_after=2026-06-04 00:00:00+00:00
[2026-06-03T08:24:44.985+0000] {processor.py:183} INFO - Processing /opt/airflow/dags/eu_fsf_sanc_dag.py took 0.736 seconds
[2026-06-03T08:25:15.901+0000] {processor.py:161} INFO - Started process (PID=4433) to work on /opt/airflow/dags/eu_fsf_sanc_dag.py
[2026-06-03T08:25:15.915+0000] {processor.py:830} INFO - Processing file /opt/airflow/dags/eu_fsf_sanc_dag.py for tasks to queue
[2026-06-03T08:25:15.926+0000] {logging_mixin.py:188} INFO - [2026-06-03T08:25:15.924+0000] {dagbag.py:540} INFO - Filling up the DagBag from /opt/airflow/dags/eu_fsf_sanc_dag.py
[2026-06-03T08:25:16.125+0000] {processor.py:840} INFO - DAG(s) 'eu_fsf_sanc' retrieved from /opt/airflow/dags/eu_fsf_sanc_dag.py
[2026-06-03T08:25:16.368+0000] {logging_mixin.py:188} INFO - [2026-06-03T08:25:16.367+0000] {dag.py:3047} INFO - Sync 1 DAGs
[2026-06-03T08:25:16.774+0000] {logging_mixin.py:188} INFO - [2026-06-03T08:25:16.763+0000] {dag.py:3834} INFO - Setting next_dagrun for eu_fsf_sanc to 2026-06-03 00:00:00+00:00, run_after=2026-06-04 00:00:00+00:00
[2026-06-03T08:25:16.980+0000] {processor.py:183} INFO - Processing /opt/airflow/dags/eu_fsf_sanc_dag.py took 1.108 seconds
[2026-06-03T08:25:47.405+0000] {processor.py:161} INFO - Started process (PID=4463) to work on /opt/airflow/dags/eu_fsf_sanc_dag.py
[2026-06-03T08:25:47.410+0000] {processor.py:830} INFO - Processing file /opt/airflow/dags/eu_fsf_sanc_dag.py for tasks to queue
[2026-06-03T08:25:47.414+0000] {logging_mixin.py:188} INFO - [2026-06-03T08:25:47.413+0000] {dagbag.py:540} INFO - Filling up the DagBag from /opt/airflow/dags/eu_fsf_sanc_dag.py
[2026-06-03T08:25:47.482+0000] {processor.py:840} INFO - DAG(s) 'eu_fsf_sanc' retrieved from /opt/airflow/dags/eu_fsf_sanc_dag.py
[2026-06-03T08:25:47.880+0000] {logging_mixin.py:188} INFO - [2026-06-03T08:25:47.879+0000] {dag.py:3047} INFO - Sync 1 DAGs
[2026-06-03T08:25:48.599+0000] {logging_mixin.py:188} INFO - [2026-06-03T08:25:48.598+0000] {dag.py:3834} INFO - Setting next_dagrun for eu_fsf_sanc to 2026-06-03 00:00:00+00:00, run_after=2026-06-04 00:00:00+00:00
[2026-06-03T08:25:48.777+0000] {processor.py:183} INFO - Processing /opt/airflow/dags/eu_fsf_sanc_dag.py took 1.388 seconds
[2026-06-03T08:26:19.318+0000] {processor.py:161} INFO - Started process (PID=4493) to work on /opt/airflow/dags/eu_fsf_sanc_dag.py
[2026-06-03T08:26:19.322+0000] {processor.py:830} INFO - Processing file /opt/airflow/dags/eu_fsf_sanc_dag.py for tasks to queue
[2026-06-03T08:26:19.326+0000] {logging_mixin.py:188} INFO - [2026-06-03T08:26:19.325+0000] {dagbag.py:540} INFO - Filling up the DagBag from /opt/airflow/dags/eu_fsf_sanc_dag.py
[2026-06-03T08:26:19.388+0000] {processor.py:840} INFO - DAG(s) 'eu_fsf_sanc' retrieved from /opt/airflow/dags/eu_fsf_sanc_dag.py
[2026-06-03T08:26:19.472+0000] {logging_mixin.py:188} INFO - [2026-06-03T08:26:19.471+0000] {dag.py:3047} INFO - Sync 1 DAGs
[2026-06-03T08:26:19.546+0000] {logging_mixin.py:188} INFO - [2026-06-03T08:26:19.541+0000] {dag.py:3834} INFO - Setting next_dagrun for eu_fsf_sanc to 2026-06-03 00:00:00+00:00, run_after=2026-06-04 00:00:00+00:00
[2026-06-03T08:26:19.599+0000] {processor.py:183} INFO - Processing /opt/airflow/dags/eu_fsf_sanc_dag.py took 0.300 seconds
[2026-06-03T08:26:50.018+0000] {processor.py:161} INFO - Started process (PID=4523) to work on /opt/airflow/dags/eu_fsf_sanc_dag.py
[2026-06-03T08:26:50.024+0000] {processor.py:830} INFO - Processing file /opt/airflow/dags/eu_fsf_sanc_dag.py for tasks to queue
[2026-06-03T08:26:50.027+0000] {logging_mixin.py:188} INFO - [2026-06-03T08:26:50.026+0000] {dagbag.py:540} INFO - Filling up the DagBag from /opt/airflow/dags/eu_fsf_sanc_dag.py
[2026-06-03T08:26:50.126+0000] {processor.py:840} INFO - DAG(s) 'eu_fsf_sanc' retrieved from /opt/airflow/dags/eu_fsf_sanc_dag.py
[2026-06-03T08:26:50.200+0000] {logging_mixin.py:188} INFO - [2026-06-03T08:26:50.199+0000] {dag.py:3047} INFO - Sync 1 DAGs
[2026-06-03T08:26:50.269+0000] {logging_mixin.py:188} INFO - [2026-06-03T08:26:50.268+0000] {dag.py:3834} INFO - Setting next_dagrun for eu_fsf_sanc to 2026-06-03 00:00:00+00:00, run_after=2026-06-04 00:00:00+00:00
[2026-06-03T08:26:50.347+0000] {processor.py:183} INFO - Processing /opt/airflow/dags/eu_fsf_sanc_dag.py took 0.347 seconds
[2026-06-03T08:27:20.688+0000] {processor.py:161} INFO - Started process (PID=4553) to work on /opt/airflow/dags/eu_fsf_sanc_dag.py
[2026-06-03T08:27:20.693+0000] {processor.py:830} INFO - Processing file /opt/airflow/dags/eu_fsf_sanc_dag.py for tasks to queue
[2026-06-03T08:27:20.696+0000] {logging_mixin.py:188} INFO - [2026-06-03T08:27:20.695+0000] {dagbag.py:540} INFO - Filling up the DagBag from /opt/airflow/dags/eu_fsf_sanc_dag.py
[2026-06-03T08:27:20.754+0000] {processor.py:840} INFO - DAG(s) 'eu_fsf_sanc' retrieved from /opt/airflow/dags/eu_fsf_sanc_dag.py
[2026-06-03T08:27:20.863+0000] {logging_mixin.py:188} INFO - [2026-06-03T08:27:20.863+0000] {dag.py:3047} INFO - Sync 1 DAGs
[2026-06-03T08:27:20.952+0000] {logging_mixin.py:188} INFO - [2026-06-03T08:27:20.951+0000] {dag.py:3834} INFO - Setting next_dagrun for eu_fsf_sanc to 2026-06-03 00:00:00+00:00, run_after=2026-06-04 00:00:00+00:00
[2026-06-03T08:27:21.028+0000] {processor.py:183} INFO - Processing /opt/airflow/dags/eu_fsf_sanc_dag.py took 0.355 seconds
[2026-06-03T08:27:51.573+0000] {processor.py:161} INFO - Started process (PID=4583) to work on /opt/airflow/dags/eu_fsf_sanc_dag.py
[2026-06-03T08:27:51.578+0000] {processor.py:830} INFO - Processing file /opt/airflow/dags/eu_fsf_sanc_dag.py for tasks to queue
[2026-06-03T08:27:51.582+0000] {logging_mixin.py:188} INFO - [2026-06-03T08:27:51.581+0000] {dagbag.py:540} INFO - Filling up the DagBag from /opt/airflow/dags/eu_fsf_sanc_dag.py
[2026-06-03T08:27:51.652+0000] {processor.py:840} INFO - DAG(s) 'eu_fsf_sanc' retrieved from /opt/airflow/dags/eu_fsf_sanc_dag.py
[2026-06-03T08:27:51.724+0000] {logging_mixin.py:188} INFO - [2026-06-03T08:27:51.723+0000] {dag.py:3047} INFO - Sync 1 DAGs
[2026-06-03T08:27:51.811+0000] {logging_mixin.py:188} INFO - [2026-06-03T08:27:51.810+0000] {dag.py:3834} INFO - Setting next_dagrun for eu_fsf_sanc to 2026-06-03 00:00:00+00:00, run_after=2026-06-04 00:00:00+00:00
[2026-06-03T08:27:51.874+0000] {processor.py:183} INFO - Processing /opt/airflow/dags/eu_fsf_sanc_dag.py took 0.320 seconds
[2026-06-03T08:28:22.698+0000] {processor.py:161} INFO - Started process (PID=4613) to work on /opt/airflow/dags/eu_fsf_sanc_dag.py
[2026-06-03T08:28:22.702+0000] {processor.py:830} INFO - Processing file /opt/airflow/dags/eu_fsf_sanc_dag.py for tasks to queue
[2026-06-03T08:28:22.706+0000] {logging_mixin.py:188} INFO - [2026-06-03T08:28:22.705+0000] {dagbag.py:540} INFO - Filling up the DagBag from /opt/airflow/dags/eu_fsf_sanc_dag.py
[2026-06-03T08:28:22.766+0000] {processor.py:840} INFO - DAG(s) 'eu_fsf_sanc' retrieved from /opt/airflow/dags/eu_fsf_sanc_dag.py
[2026-06-03T08:28:22.842+0000] {logging_mixin.py:188} INFO - [2026-06-03T08:28:22.841+0000] {dag.py:3047} INFO - Sync 1 DAGs
[2026-06-03T08:28:22.922+0000] {logging_mixin.py:188} INFO - [2026-06-03T08:28:22.922+0000] {dag.py:3834} INFO - Setting next_dagrun for eu_fsf_sanc to 2026-06-03 00:00:00+00:00, run_after=2026-06-04 00:00:00+00:00
[2026-06-03T08:28:22.978+0000] {processor.py:183} INFO - Processing /opt/airflow/dags/eu_fsf_sanc_dag.py took 0.302 seconds
[2026-06-03T08:28:53.427+0000] {processor.py:161} INFO - Started process (PID=4643) to work on /opt/airflow/dags/eu_fsf_sanc_dag.py
[2026-06-03T08:28:53.433+0000] {processor.py:830} INFO - Processing file /opt/airflow/dags/eu_fsf_sanc_dag.py for tasks to queue
[2026-06-03T08:28:53.437+0000] {logging_mixin.py:188} INFO - [2026-06-03T08:28:53.436+0000] {dagbag.py:540} INFO - Filling up the DagBag from /opt/airflow/dags/eu_fsf_sanc_dag.py
[2026-06-03T08:28:53.510+0000] {processor.py:840} INFO - DAG(s) 'eu_fsf_sanc' retrieved from /opt/airflow/dags/eu_fsf_sanc_dag.py
[2026-06-03T08:28:53.590+0000] {logging_mixin.py:188} INFO - [2026-06-03T08:28:53.589+0000] {dag.py:3047} INFO - Sync 1 DAGs
[2026-06-03T08:28:53.689+0000] {logging_mixin.py:188} INFO - [2026-06-03T08:28:53.688+0000] {dag.py:3834} INFO - Setting next_dagrun for eu_fsf_sanc to 2026-06-03 00:00:00+00:00, run_after=2026-06-04 00:00:00+00:00
[2026-06-03T08:28:53.750+0000] {processor.py:183} INFO - Processing /opt/airflow/dags/eu_fsf_sanc_dag.py took 0.342 seconds
[2026-06-03T08:29:24.403+0000] {processor.py:161} INFO - Started process (PID=4673) to work on /opt/airflow/dags/eu_fsf_sanc_dag.py
[2026-06-03T08:29:24.406+0000] {processor.py:830} INFO - Processing file /opt/airflow/dags/eu_fsf_sanc_dag.py for tasks to queue
[2026-06-03T08:29:24.409+0000] {logging_mixin.py:188} INFO - [2026-06-03T08:29:24.408+0000] {dagbag.py:540} INFO - Filling up the DagBag from /opt/airflow/dags/eu_fsf_sanc_dag.py
[2026-06-03T08:29:24.505+0000] {processor.py:840} INFO - DAG(s) 'eu_fsf_sanc' retrieved from /opt/airflow/dags/eu_fsf_sanc_dag.py
[2026-06-03T08:29:24.595+0000] {logging_mixin.py:188} INFO - [2026-06-03T08:29:24.594+0000] {dag.py:3047} INFO - Sync 1 DAGs
[2026-06-03T08:29:24.704+0000] {logging_mixin.py:188} INFO - [2026-06-03T08:29:24.704+0000] {dag.py:3834} INFO - Setting next_dagrun for eu_fsf_sanc to 2026-06-03 00:00:00+00:00, run_after=2026-06-04 00:00:00+00:00
[2026-06-03T08:29:24.772+0000] {processor.py:183} INFO - Processing /opt/airflow/dags/eu_fsf_sanc_dag.py took 0.385 seconds
[2026-06-03T08:29:55.038+0000] {processor.py:161} INFO - Started process (PID=4703) to work on /opt/airflow/dags/eu_fsf_sanc_dag.py
[2026-06-03T08:29:55.042+0000] {processor.py:830} INFO - Processing file /opt/airflow/dags/eu_fsf_sanc_dag.py for tasks to queue
[2026-06-03T08:29:55.047+0000] {logging_mixin.py:188} INFO - [2026-06-03T08:29:55.045+0000] {dagbag.py:540} INFO - Filling up the DagBag from /opt/airflow/dags/eu_fsf_sanc_dag.py
[2026-06-03T08:29:55.108+0000] {processor.py:840} INFO - DAG(s) 'eu_fsf_sanc' retrieved from /opt/airflow/dags/eu_fsf_sanc_dag.py
[2026-06-03T08:29:55.183+0000] {logging_mixin.py:188} INFO - [2026-06-03T08:29:55.182+0000] {dag.py:3047} INFO - Sync 1 DAGs
[2026-06-03T08:29:55.246+0000] {logging_mixin.py:188} INFO - [2026-06-03T08:29:55.246+0000] {dag.py:3834} INFO - Setting next_dagrun for eu_fsf_sanc to 2026-06-03 00:00:00+00:00, run_after=2026-06-04 00:00:00+00:00
[2026-06-03T08:29:55.362+0000] {processor.py:183} INFO - Processing /opt/airflow/dags/eu_fsf_sanc_dag.py took 0.337 seconds
[2026-06-03T08:30:26.163+0000] {processor.py:161} INFO - Started process (PID=4733) to work on /opt/airflow/dags/eu_fsf_sanc_dag.py
[2026-06-03T08:30:26.175+0000] {processor.py:830} INFO - Processing file /opt/airflow/dags/eu_fsf_sanc_dag.py for tasks to queue
[2026-06-03T08:30:26.183+0000] {logging_mixin.py:188} INFO - [2026-06-03T08:30:26.182+0000] {dagbag.py:540} INFO - Filling up the DagBag from /opt/airflow/dags/eu_fsf_sanc_dag.py
[2026-06-03T08:30:26.358+0000] {processor.py:840} INFO - DAG(s) 'eu_fsf_sanc' retrieved from /opt/airflow/dags/eu_fsf_sanc_dag.py
[2026-06-03T08:30:26.721+0000] {logging_mixin.py:188} INFO - [2026-06-03T08:30:26.720+0000] {dag.py:3047} INFO - Sync 1 DAGs
[2026-06-03T08:30:27.236+0000] {logging_mixin.py:188} INFO - [2026-06-03T08:30:27.223+0000] {dag.py:3834} INFO - Setting next_dagrun for eu_fsf_sanc to 2026-06-03 00:00:00+00:00, run_after=2026-06-04 00:00:00+00:00
[2026-06-03T08:30:27.426+0000] {processor.py:183} INFO - Processing /opt/airflow/dags/eu_fsf_sanc_dag.py took 1.320 seconds
[2026-06-03T08:30:57.929+0000] {processor.py:161} INFO - Started process (PID=4763) to work on /opt/airflow/dags/eu_fsf_sanc_dag.py
[2026-06-03T08:30:57.933+0000] {processor.py:830} INFO - Processing file /opt/airflow/dags/eu_fsf_sanc_dag.py for tasks to queue
[2026-06-03T08:30:57.937+0000] {logging_mixin.py:188} INFO - [2026-06-03T08:30:57.936+0000] {dagbag.py:540} INFO - Filling up the DagBag from /opt/airflow/dags/eu_fsf_sanc_dag.py
[2026-06-03T08:30:57.997+0000] {processor.py:840} INFO - DAG(s) 'eu_fsf_sanc' retrieved from /opt/airflow/dags/eu_fsf_sanc_dag.py
[2026-06-03T08:30:58.091+0000] {logging_mixin.py:188} INFO - [2026-06-03T08:30:58.091+0000] {dag.py:3047} INFO - Sync 1 DAGs
[2026-06-03T08:30:58.434+0000] {logging_mixin.py:188} INFO - [2026-06-03T08:30:58.433+0000] {dag.py:3834} INFO - Setting next_dagrun for eu_fsf_sanc to 2026-06-03 00:00:00+00:00, run_after=2026-06-04 00:00:00+00:00
[2026-06-03T08:30:58.663+0000] {processor.py:183} INFO - Processing /opt/airflow/dags/eu_fsf_sanc_dag.py took 0.746 seconds
[2026-06-03T08:31:29.589+0000] {processor.py:161} INFO - Started process (PID=4793) to work on /opt/airflow/dags/eu_fsf_sanc_dag.py
[2026-06-03T08:31:29.608+0000] {processor.py:830} INFO - Processing file /opt/airflow/dags/eu_fsf_sanc_dag.py for tasks to queue
[2026-06-03T08:31:29.627+0000] {logging_mixin.py:188} INFO - [2026-06-03T08:31:29.625+0000] {dagbag.py:540} INFO - Filling up the DagBag from /opt/airflow/dags/eu_fsf_sanc_dag.py
[2026-06-03T08:31:29.862+0000] {processor.py:840} INFO - DAG(s) 'eu_fsf_sanc' retrieved from /opt/airflow/dags/eu_fsf_sanc_dag.py
[2026-06-03T08:31:29.930+0000] {logging_mixin.py:188} INFO - [2026-06-03T08:31:29.929+0000] {dag.py:3047} INFO - Sync 1 DAGs
[2026-06-03T08:31:29.993+0000] {logging_mixin.py:188} INFO - [2026-06-03T08:31:29.993+0000] {dag.py:3834} INFO - Setting next_dagrun for eu_fsf_sanc to 2026-06-03 00:00:00+00:00, run_after=2026-06-04 00:00:00+00:00
[2026-06-03T08:31:30.048+0000] {processor.py:183} INFO - Processing /opt/airflow/dags/eu_fsf_sanc_dag.py took 0.475 seconds
[2026-06-03T08:32:00.854+0000] {processor.py:161} INFO - Started process (PID=4823) to work on /opt/airflow/dags/eu_fsf_sanc_dag.py
[2026-06-03T08:32:00.881+0000] {processor.py:830} INFO - Processing file /opt/airflow/dags/eu_fsf_sanc_dag.py for tasks to queue
[2026-06-03T08:32:00.886+0000] {logging_mixin.py:188} INFO - [2026-06-03T08:32:00.885+0000] {dagbag.py:540} INFO - Filling up the DagBag from /opt/airflow/dags/eu_fsf_sanc_dag.py
[2026-06-03T08:32:01.169+0000] {processor.py:840} INFO - DAG(s) 'eu_fsf_sanc' retrieved from /opt/airflow/dags/eu_fsf_sanc_dag.py
[2026-06-03T08:32:01.265+0000] {logging_mixin.py:188} INFO - [2026-06-03T08:32:01.264+0000] {dag.py:3047} INFO - Sync 1 DAGs
[2026-06-03T08:32:01.336+0000] {logging_mixin.py:188} INFO - [2026-06-03T08:32:01.335+0000] {dag.py:3834} INFO - Setting next_dagrun for eu_fsf_sanc to 2026-06-03 00:00:00+00:00, run_after=2026-06-04 00:00:00+00:00
[2026-06-03T08:32:01.385+0000] {processor.py:183} INFO - Processing /opt/airflow/dags/eu_fsf_sanc_dag.py took 0.581 seconds
[2026-06-03T08:32:32.213+0000] {processor.py:161} INFO - Started process (PID=4853) to work on /opt/airflow/dags/eu_fsf_sanc_dag.py
[2026-06-03T08:32:32.217+0000] {processor.py:830} INFO - Processing file /opt/airflow/dags/eu_fsf_sanc_dag.py for tasks to queue
[2026-06-03T08:32:32.221+0000] {logging_mixin.py:188} INFO - [2026-06-03T08:32:32.220+0000] {dagbag.py:540} INFO - Filling up the DagBag from /opt/airflow/dags/eu_fsf_sanc_dag.py
[2026-06-03T08:32:32.287+0000] {processor.py:840} INFO - DAG(s) 'eu_fsf_sanc' retrieved from /opt/airflow/dags/eu_fsf_sanc_dag.py
[2026-06-03T08:32:32.378+0000] {logging_mixin.py:188} INFO - [2026-06-03T08:32:32.378+0000] {dag.py:3047} INFO - Sync 1 DAGs
[2026-06-03T08:32:32.443+0000] {logging_mixin.py:188} INFO - [2026-06-03T08:32:32.442+0000] {dag.py:3834} INFO - Setting next_dagrun for eu_fsf_sanc to 2026-06-03 00:00:00+00:00, run_after=2026-06-04 00:00:00+00:00
[2026-06-03T08:32:32.611+0000] {processor.py:183} INFO - Processing /opt/airflow/dags/eu_fsf_sanc_dag.py took 0.411 seconds
[2026-06-03T08:33:03.103+0000] {processor.py:161} INFO - Started process (PID=4883) to work on /opt/airflow/dags/eu_fsf_sanc_dag.py
[2026-06-03T08:33:03.107+0000] {processor.py:830} INFO - Processing file /opt/airflow/dags/eu_fsf_sanc_dag.py for tasks to queue
[2026-06-03T08:33:03.115+0000] {logging_mixin.py:188} INFO - [2026-06-03T08:33:03.114+0000] {dagbag.py:540} INFO - Filling up the DagBag from /opt/airflow/dags/eu_fsf_sanc_dag.py
[2026-06-03T08:33:03.178+0000] {processor.py:840} INFO - DAG(s) 'eu_fsf_sanc' retrieved from /opt/airflow/dags/eu_fsf_sanc_dag.py
[2026-06-03T08:33:03.265+0000] {logging_mixin.py:188} INFO - [2026-06-03T08:33:03.264+0000] {dag.py:3047} INFO - Sync 1 DAGs
[2026-06-03T08:33:03.333+0000] {logging_mixin.py:188} INFO - [2026-06-03T08:33:03.333+0000] {dag.py:3834} INFO - Setting next_dagrun for eu_fsf_sanc to 2026-06-03 00:00:00+00:00, run_after=2026-06-04 00:00:00+00:00
[2026-06-03T08:33:03.409+0000] {processor.py:183} INFO - Processing /opt/airflow/dags/eu_fsf_sanc_dag.py took 0.319 seconds
[2026-06-03T08:33:33.763+0000] {processor.py:161} INFO - Started process (PID=4913) to work on /opt/airflow/dags/eu_fsf_sanc_dag.py
[2026-06-03T08:33:33.766+0000] {processor.py:830} INFO - Processing file /opt/airflow/dags/eu_fsf_sanc_dag.py for tasks to queue
[2026-06-03T08:33:33.769+0000] {logging_mixin.py:188} INFO - [2026-06-03T08:33:33.768+0000] {dagbag.py:540} INFO - Filling up the DagBag from /opt/airflow/dags/eu_fsf_sanc_dag.py
[2026-06-03T08:33:33.830+0000] {processor.py:840} INFO - DAG(s) 'eu_fsf_sanc' retrieved from /opt/airflow/dags/eu_fsf_sanc_dag.py
[2026-06-03T08:33:33.895+0000] {logging_mixin.py:188} INFO - [2026-06-03T08:33:33.895+0000] {dag.py:3047} INFO - Sync 1 DAGs
[2026-06-03T08:33:33.965+0000] {logging_mixin.py:188} INFO - [2026-06-03T08:33:33.964+0000] {dag.py:3834} INFO - Setting next_dagrun for eu_fsf_sanc to 2026-06-03 00:00:00+00:00, run_after=2026-06-04 00:00:00+00:00
[2026-06-03T08:33:34.019+0000] {processor.py:183} INFO - Processing /opt/airflow/dags/eu_fsf_sanc_dag.py took 0.267 seconds
[2026-06-03T08:34:04.726+0000] {processor.py:161} INFO - Started process (PID=4943) to work on /opt/airflow/dags/eu_fsf_sanc_dag.py
[2026-06-03T08:34:04.735+0000] {processor.py:830} INFO - Processing file /opt/airflow/dags/eu_fsf_sanc_dag.py for tasks to queue
[2026-06-03T08:34:04.738+0000] {logging_mixin.py:188} INFO - [2026-06-03T08:34:04.737+0000] {dagbag.py:540} INFO - Filling up the DagBag from /opt/airflow/dags/eu_fsf_sanc_dag.py
[2026-06-03T08:34:04.801+0000] {processor.py:840} INFO - DAG(s) 'eu_fsf_sanc' retrieved from /opt/airflow/dags/eu_fsf_sanc_dag.py
[2026-06-03T08:34:04.873+0000] {logging_mixin.py:188} INFO - [2026-06-03T08:34:04.873+0000] {dag.py:3047} INFO - Sync 1 DAGs
[2026-06-03T08:34:04.946+0000] {logging_mixin.py:188} INFO - [2026-06-03T08:34:04.945+0000] {dag.py:3834} INFO - Setting next_dagrun for eu_fsf_sanc to 2026-06-03 00:00:00+00:00, run_after=2026-06-04 00:00:00+00:00
[2026-06-03T08:34:05.019+0000] {processor.py:183} INFO - Processing /opt/airflow/dags/eu_fsf_sanc_dag.py took 0.305 seconds
[2026-06-03T08:34:35.634+0000] {processor.py:161} INFO - Started process (PID=4973) to work on /opt/airflow/dags/eu_fsf_sanc_dag.py
[2026-06-03T08:34:35.648+0000] {processor.py:830} INFO - Processing file /opt/airflow/dags/eu_fsf_sanc_dag.py for tasks to queue
[2026-06-03T08:34:35.653+0000] {logging_mixin.py:188} INFO - [2026-06-03T08:34:35.652+0000] {dagbag.py:540} INFO - Filling up the DagBag from /opt/airflow/dags/eu_fsf_sanc_dag.py
[2026-06-03T08:34:35.776+0000] {processor.py:840} INFO - DAG(s) 'eu_fsf_sanc' retrieved from /opt/airflow/dags/eu_fsf_sanc_dag.py
[2026-06-03T08:34:35.869+0000] {logging_mixin.py:188} INFO - [2026-06-03T08:34:35.868+0000] {dag.py:3047} INFO - Sync 1 DAGs
[2026-06-03T08:34:36.125+0000] {logging_mixin.py:188} INFO - [2026-06-03T08:34:36.124+0000] {dag.py:3834} INFO - Setting next_dagrun for eu_fsf_sanc to 2026-06-03 00:00:00+00:00, run_after=2026-06-04 00:00:00+00:00
[2026-06-03T08:34:36.394+0000] {processor.py:183} INFO - Processing /opt/airflow/dags/eu_fsf_sanc_dag.py took 0.769 seconds
[2026-06-03T08:35:07.475+0000] {processor.py:161} INFO - Started process (PID=5003) to work on /opt/airflow/dags/eu_fsf_sanc_dag.py
[2026-06-03T08:35:07.479+0000] {processor.py:830} INFO - Processing file /opt/airflow/dags/eu_fsf_sanc_dag.py for tasks to queue
[2026-06-03T08:35:07.482+0000] {logging_mixin.py:188} INFO - [2026-06-03T08:35:07.481+0000] {dagbag.py:540} INFO - Filling up the DagBag from /opt/airflow/dags/eu_fsf_sanc_dag.py
[2026-06-03T08:35:07.554+0000] {processor.py:840} INFO - DAG(s) 'eu_fsf_sanc' retrieved from /opt/airflow/dags/eu_fsf_sanc_dag.py
[2026-06-03T08:35:07.619+0000] {logging_mixin.py:188} INFO - [2026-06-03T08:35:07.618+0000] {dag.py:3047} INFO - Sync 1 DAGs
[2026-06-03T08:35:07.786+0000] {logging_mixin.py:188} INFO - [2026-06-03T08:35:07.785+0000] {dag.py:3834} INFO - Setting next_dagrun for eu_fsf_sanc to 2026-06-03 00:00:00+00:00, run_after=2026-06-04 00:00:00+00:00
[2026-06-03T08:35:08.039+0000] {processor.py:183} INFO - Processing /opt/airflow/dags/eu_fsf_sanc_dag.py took 0.575 seconds
[2026-06-03T08:35:38.729+0000] {processor.py:161} INFO - Started process (PID=5033) to work on /opt/airflow/dags/eu_fsf_sanc_dag.py
[2026-06-03T08:35:38.732+0000] {processor.py:830} INFO - Processing file /opt/airflow/dags/eu_fsf_sanc_dag.py for tasks to queue
[2026-06-03T08:35:38.736+0000] {logging_mixin.py:188} INFO - [2026-06-03T08:35:38.735+0000] {dagbag.py:540} INFO - Filling up the DagBag from /opt/airflow/dags/eu_fsf_sanc_dag.py
[2026-06-03T08:35:38.801+0000] {processor.py:840} INFO - DAG(s) 'eu_fsf_sanc' retrieved from /opt/airflow/dags/eu_fsf_sanc_dag.py
[2026-06-03T08:35:38.873+0000] {logging_mixin.py:188} INFO - [2026-06-03T08:35:38.872+0000] {dag.py:3047} INFO - Sync 1 DAGs
[2026-06-03T08:35:38.943+0000] {logging_mixin.py:188} INFO - [2026-06-03T08:35:38.943+0000] {dag.py:3834} INFO - Setting next_dagrun for eu_fsf_sanc to 2026-06-03 00:00:00+00:00, run_after=2026-06-04 00:00:00+00:00
[2026-06-03T08:35:39.004+0000] {processor.py:183} INFO - Processing /opt/airflow/dags/eu_fsf_sanc_dag.py took 0.291 seconds
[2026-06-03T08:36:09.721+0000] {processor.py:161} INFO - Started process (PID=5063) to work on /opt/airflow/dags/eu_fsf_sanc_dag.py
[2026-06-03T08:36:09.726+0000] {processor.py:830} INFO - Processing file /opt/airflow/dags/eu_fsf_sanc_dag.py for tasks to queue
[2026-06-03T08:36:09.730+0000] {logging_mixin.py:188} INFO - [2026-06-03T08:36:09.729+0000] {dagbag.py:540} INFO - Filling up the DagBag from /opt/airflow/dags/eu_fsf_sanc_dag.py
[2026-06-03T08:36:09.790+0000] {processor.py:840} INFO - DAG(s) 'eu_fsf_sanc' retrieved from /opt/airflow/dags/eu_fsf_sanc_dag.py
[2026-06-03T08:36:09.862+0000] {logging_mixin.py:188} INFO - [2026-06-03T08:36:09.862+0000] {dag.py:3047} INFO - Sync 1 DAGs
[2026-06-03T08:36:09.929+0000] {logging_mixin.py:188} INFO - [2026-06-03T08:36:09.928+0000] {dag.py:3834} INFO - Setting next_dagrun for eu_fsf_sanc to 2026-06-03 00:00:00+00:00, run_after=2026-06-04 00:00:00+00:00
[2026-06-03T08:36:09.984+0000] {processor.py:183} INFO - Processing /opt/airflow/dags/eu_fsf_sanc_dag.py took 0.276 seconds
[2026-06-03T08:36:40.702+0000] {processor.py:161} INFO - Started process (PID=5093) to work on /opt/airflow/dags/eu_fsf_sanc_dag.py
[2026-06-03T08:36:40.718+0000] {processor.py:830} INFO - Processing file /opt/airflow/dags/eu_fsf_sanc_dag.py for tasks to queue
[2026-06-03T08:36:40.721+0000] {logging_mixin.py:188} INFO - [2026-06-03T08:36:40.720+0000] {dagbag.py:540} INFO - Filling up the DagBag from /opt/airflow/dags/eu_fsf_sanc_dag.py
[2026-06-03T08:36:40.824+0000] {processor.py:840} INFO - DAG(s) 'eu_fsf_sanc' retrieved from /opt/airflow/dags/eu_fsf_sanc_dag.py
[2026-06-03T08:36:40.894+0000] {logging_mixin.py:188} INFO - [2026-06-03T08:36:40.894+0000] {dag.py:3047} INFO - Sync 1 DAGs
[2026-06-03T08:36:40.962+0000] {logging_mixin.py:188} INFO - [2026-06-03T08:36:40.961+0000] {dag.py:3834} INFO - Setting next_dagrun for eu_fsf_sanc to 2026-06-03 00:00:00+00:00, run_after=2026-06-04 00:00:00+00:00
[2026-06-03T08:36:41.104+0000] {processor.py:183} INFO - Processing /opt/airflow/dags/eu_fsf_sanc_dag.py took 0.434 seconds
[2026-06-03T08:37:12.153+0000] {processor.py:161} INFO - Started process (PID=5123) to work on /opt/airflow/dags/eu_fsf_sanc_dag.py
[2026-06-03T08:37:12.161+0000] {processor.py:830} INFO - Processing file /opt/airflow/dags/eu_fsf_sanc_dag.py for tasks to queue
[2026-06-03T08:37:12.171+0000] {logging_mixin.py:188} INFO - [2026-06-03T08:37:12.166+0000] {dagbag.py:540} INFO - Filling up the DagBag from /opt/airflow/dags/eu_fsf_sanc_dag.py
[2026-06-03T08:37:12.305+0000] {processor.py:840} INFO - DAG(s) 'eu_fsf_sanc' retrieved from /opt/airflow/dags/eu_fsf_sanc_dag.py
[2026-06-03T08:37:12.496+0000] {logging_mixin.py:188} INFO - [2026-06-03T08:37:12.495+0000] {dag.py:3047} INFO - Sync 1 DAGs
[2026-06-03T08:37:12.846+0000] {logging_mixin.py:188} INFO - [2026-06-03T08:37:12.845+0000] {dag.py:3834} INFO - Setting next_dagrun for eu_fsf_sanc to 2026-06-03 00:00:00+00:00, run_after=2026-06-04 00:00:00+00:00
[2026-06-03T08:37:12.987+0000] {processor.py:183} INFO - Processing /opt/airflow/dags/eu_fsf_sanc_dag.py took 0.870 seconds
[2026-06-03T08:37:44.022+0000] {processor.py:161} INFO - Started process (PID=5153) to work on /opt/airflow/dags/eu_fsf_sanc_dag.py
[2026-06-03T08:37:44.027+0000] {processor.py:830} INFO - Processing file /opt/airflow/dags/eu_fsf_sanc_dag.py for tasks to queue
[2026-06-03T08:37:44.030+0000] {logging_mixin.py:188} INFO - [2026-06-03T08:37:44.029+0000] {dagbag.py:540} INFO - Filling up the DagBag from /opt/airflow/dags/eu_fsf_sanc_dag.py
[2026-06-03T08:37:44.105+0000] {processor.py:840} INFO - DAG(s) 'eu_fsf_sanc' retrieved from /opt/airflow/dags/eu_fsf_sanc_dag.py
[2026-06-03T08:37:44.211+0000] {logging_mixin.py:188} INFO - [2026-06-03T08:37:44.210+0000] {dag.py:3047} INFO - Sync 1 DAGs
[2026-06-03T08:37:44.272+0000] {logging_mixin.py:188} INFO - [2026-06-03T08:37:44.272+0000] {dag.py:3834} INFO - Setting next_dagrun for eu_fsf_sanc to 2026-06-03 00:00:00+00:00, run_after=2026-06-04 00:00:00+00:00
[2026-06-03T08:37:44.331+0000] {processor.py:183} INFO - Processing /opt/airflow/dags/eu_fsf_sanc_dag.py took 0.334 seconds
[2026-06-03T08:38:15.151+0000] {processor.py:161} INFO - Started process (PID=5183) to work on /opt/airflow/dags/eu_fsf_sanc_dag.py
[2026-06-03T08:38:15.154+0000] {processor.py:830} INFO - Processing file /opt/airflow/dags/eu_fsf_sanc_dag.py for tasks to queue
[2026-06-03T08:38:15.157+0000] {logging_mixin.py:188} INFO - [2026-06-03T08:38:15.156+0000] {dagbag.py:540} INFO - Filling up the DagBag from /opt/airflow/dags/eu_fsf_sanc_dag.py
[2026-06-03T08:38:15.233+0000] {processor.py:840} INFO - DAG(s) 'eu_fsf_sanc' retrieved from /opt/airflow/dags/eu_fsf_sanc_dag.py
[2026-06-03T08:38:15.302+0000] {logging_mixin.py:188} INFO - [2026-06-03T08:38:15.302+0000] {dag.py:3047} INFO - Sync 1 DAGs
[2026-06-03T08:38:15.380+0000] {logging_mixin.py:188} INFO - [2026-06-03T08:38:15.380+0000] {dag.py:3834} INFO - Setting next_dagrun for eu_fsf_sanc to 2026-06-03 00:00:00+00:00, run_after=2026-06-04 00:00:00+00:00
[2026-06-03T08:38:15.472+0000] {processor.py:183} INFO - Processing /opt/airflow/dags/eu_fsf_sanc_dag.py took 0.332 seconds
[2026-06-03T08:38:46.390+0000] {processor.py:161} INFO - Started process (PID=5213) to work on /opt/airflow/dags/eu_fsf_sanc_dag.py
[2026-06-03T08:38:46.399+0000] {processor.py:830} INFO - Processing file /opt/airflow/dags/eu_fsf_sanc_dag.py for tasks to queue
[2026-06-03T08:38:46.407+0000] {logging_mixin.py:188} INFO - [2026-06-03T08:38:46.406+0000] {dagbag.py:540} INFO - Filling up the DagBag from /opt/airflow/dags/eu_fsf_sanc_dag.py
[2026-06-03T08:38:46.549+0000] {processor.py:840} INFO - DAG(s) 'eu_fsf_sanc' retrieved from /opt/airflow/dags/eu_fsf_sanc_dag.py
[2026-06-03T08:38:46.762+0000] {logging_mixin.py:188} INFO - [2026-06-03T08:38:46.761+0000] {dag.py:3047} INFO - Sync 1 DAGs
[2026-06-03T08:38:46.969+0000] {logging_mixin.py:188} INFO - [2026-06-03T08:38:46.968+0000] {dag.py:3834} INFO - Setting next_dagrun for eu_fsf_sanc to 2026-06-03 00:00:00+00:00, run_after=2026-06-04 00:00:00+00:00
[2026-06-03T08:38:47.179+0000] {processor.py:183} INFO - Processing /opt/airflow/dags/eu_fsf_sanc_dag.py took 0.809 seconds
[2026-06-03T08:39:17.490+0000] {processor.py:161} INFO - Started process (PID=5243) to work on /opt/airflow/dags/eu_fsf_sanc_dag.py
[2026-06-03T08:39:17.495+0000] {processor.py:830} INFO - Processing file /opt/airflow/dags/eu_fsf_sanc_dag.py for tasks to queue
[2026-06-03T08:39:17.499+0000] {logging_mixin.py:188} INFO - [2026-06-03T08:39:17.498+0000] {dagbag.py:540} INFO - Filling up the DagBag from /opt/airflow/dags/eu_fsf_sanc_dag.py
[2026-06-03T08:39:17.565+0000] {processor.py:840} INFO - DAG(s) 'eu_fsf_sanc' retrieved from /opt/airflow/dags/eu_fsf_sanc_dag.py
[2026-06-03T08:39:17.640+0000] {logging_mixin.py:188} INFO - [2026-06-03T08:39:17.640+0000] {dag.py:3047} INFO - Sync 1 DAGs
[2026-06-03T08:39:17.876+0000] {logging_mixin.py:188} INFO - [2026-06-03T08:39:17.864+0000] {dag.py:3834} INFO - Setting next_dagrun for eu_fsf_sanc to 2026-06-03 00:00:00+00:00, run_after=2026-06-04 00:00:00+00:00
[2026-06-03T08:39:18.119+0000] {processor.py:183} INFO - Processing /opt/airflow/dags/eu_fsf_sanc_dag.py took 0.642 seconds
[2026-06-03T08:39:49.247+0000] {processor.py:161} INFO - Started process (PID=5273) to work on /opt/airflow/dags/eu_fsf_sanc_dag.py
[2026-06-03T08:39:49.251+0000] {processor.py:830} INFO - Processing file /opt/airflow/dags/eu_fsf_sanc_dag.py for tasks to queue
[2026-06-03T08:39:49.254+0000] {logging_mixin.py:188} INFO - [2026-06-03T08:39:49.253+0000] {dagbag.py:540} INFO - Filling up the DagBag from /opt/airflow/dags/eu_fsf_sanc_dag.py
[2026-06-03T08:39:49.313+0000] {processor.py:840} INFO - DAG(s) 'eu_fsf_sanc' retrieved from /opt/airflow/dags/eu_fsf_sanc_dag.py
[2026-06-03T08:39:49.385+0000] {logging_mixin.py:188} INFO - [2026-06-03T08:39:49.384+0000] {dag.py:3047} INFO - Sync 1 DAGs
[2026-06-03T08:39:49.454+0000] {logging_mixin.py:188} INFO - [2026-06-03T08:39:49.454+0000] {dag.py:3834} INFO - Setting next_dagrun for eu_fsf_sanc to 2026-06-03 00:00:00+00:00, run_after=2026-06-04 00:00:00+00:00
[2026-06-03T08:39:49.506+0000] {processor.py:183} INFO - Processing /opt/airflow/dags/eu_fsf_sanc_dag.py took 0.274 seconds
[2026-06-03T08:40:19.688+0000] {processor.py:161} INFO - Started process (PID=5300) to work on /opt/airflow/dags/eu_fsf_sanc_dag.py
[2026-06-03T08:40:19.692+0000] {processor.py:830} INFO - Processing file /opt/airflow/dags/eu_fsf_sanc_dag.py for tasks to queue
[2026-06-03T08:40:19.695+0000] {logging_mixin.py:188} INFO - [2026-06-03T08:40:19.694+0000] {dagbag.py:540} INFO - Filling up the DagBag from /opt/airflow/dags/eu_fsf_sanc_dag.py
[2026-06-03T08:40:19.791+0000] {processor.py:840} INFO - DAG(s) 'eu_fsf_sanc' retrieved from /opt/airflow/dags/eu_fsf_sanc_dag.py
[2026-06-03T08:40:20.045+0000] {logging_mixin.py:188} INFO - [2026-06-03T08:40:20.034+0000] {dag.py:3047} INFO - Sync 1 DAGs
[2026-06-03T08:40:20.287+0000] {logging_mixin.py:188} INFO - [2026-06-03T08:40:20.286+0000] {dag.py:3834} INFO - Setting next_dagrun for eu_fsf_sanc to 2026-06-03 00:00:00+00:00, run_after=2026-06-04 00:00:00+00:00
[2026-06-03T08:40:20.468+0000] {processor.py:183} INFO - Processing /opt/airflow/dags/eu_fsf_sanc_dag.py took 0.790 seconds
[2026-06-03T08:40:50.716+0000] {processor.py:161} INFO - Started process (PID=5330) to work on /opt/airflow/dags/eu_fsf_sanc_dag.py
[2026-06-03T08:40:50.719+0000] {processor.py:830} INFO - Processing file /opt/airflow/dags/eu_fsf_sanc_dag.py for tasks to queue
[2026-06-03T08:40:50.722+0000] {logging_mixin.py:188} INFO - [2026-06-03T08:40:50.721+0000] {dagbag.py:540} INFO - Filling up the DagBag from /opt/airflow/dags/eu_fsf_sanc_dag.py
[2026-06-03T08:40:50.783+0000] {processor.py:840} INFO - DAG(s) 'eu_fsf_sanc' retrieved from /opt/airflow/dags/eu_fsf_sanc_dag.py
[2026-06-03T08:40:50.850+0000] {logging_mixin.py:188} INFO - [2026-06-03T08:40:50.850+0000] {dag.py:3047} INFO - Sync 1 DAGs
[2026-06-03T08:40:50.912+0000] {logging_mixin.py:188} INFO - [2026-06-03T08:40:50.912+0000] {dag.py:3834} INFO - Setting next_dagrun for eu_fsf_sanc to 2026-06-03 00:00:00+00:00, run_after=2026-06-04 00:00:00+00:00
[2026-06-03T08:40:50.967+0000] {processor.py:183} INFO - Processing /opt/airflow/dags/eu_fsf_sanc_dag.py took 0.261 seconds
[2026-06-03T08:41:21.253+0000] {processor.py:161} INFO - Started process (PID=5360) to work on /opt/airflow/dags/eu_fsf_sanc_dag.py
[2026-06-03T08:41:21.257+0000] {processor.py:830} INFO - Processing file /opt/airflow/dags/eu_fsf_sanc_dag.py for tasks to queue
[2026-06-03T08:41:21.260+0000] {logging_mixin.py:188} INFO - [2026-06-03T08:41:21.259+0000] {dagbag.py:540} INFO - Filling up the DagBag from /opt/airflow/dags/eu_fsf_sanc_dag.py
[2026-06-03T08:41:21.316+0000] {processor.py:840} INFO - DAG(s) 'eu_fsf_sanc' retrieved from /opt/airflow/dags/eu_fsf_sanc_dag.py
[2026-06-03T08:41:21.421+0000] {logging_mixin.py:188} INFO - [2026-06-03T08:41:21.420+0000] {dag.py:3047} INFO - Sync 1 DAGs
[2026-06-03T08:41:21.557+0000] {logging_mixin.py:188} INFO - [2026-06-03T08:41:21.554+0000] {dag.py:3834} INFO - Setting next_dagrun for eu_fsf_sanc to 2026-06-03 00:00:00+00:00, run_after=2026-06-04 00:00:00+00:00
[2026-06-03T08:41:21.653+0000] {processor.py:183} INFO - Processing /opt/airflow/dags/eu_fsf_sanc_dag.py took 0.410 seconds
[2026-06-03T08:41:52.153+0000] {processor.py:161} INFO - Started process (PID=5390) to work on /opt/airflow/dags/eu_fsf_sanc_dag.py
[2026-06-03T08:41:52.167+0000] {processor.py:830} INFO - Processing file /opt/airflow/dags/eu_fsf_sanc_dag.py for tasks to queue
[2026-06-03T08:41:52.184+0000] {logging_mixin.py:188} INFO - [2026-06-03T08:41:52.178+0000] {dagbag.py:540} INFO - Filling up the DagBag from /opt/airflow/dags/eu_fsf_sanc_dag.py
[2026-06-03T08:41:52.274+0000] {processor.py:840} INFO - DAG(s) 'eu_fsf_sanc' retrieved from /opt/airflow/dags/eu_fsf_sanc_dag.py
[2026-06-03T08:41:52.414+0000] {logging_mixin.py:188} INFO - [2026-06-03T08:41:52.413+0000] {dag.py:3047} INFO - Sync 1 DAGs
[2026-06-03T08:41:52.551+0000] {logging_mixin.py:188} INFO - [2026-06-03T08:41:52.550+0000] {dag.py:3834} INFO - Setting next_dagrun for eu_fsf_sanc to 2026-06-03 00:00:00+00:00, run_after=2026-06-04 00:00:00+00:00
[2026-06-03T08:41:52.778+0000] {processor.py:183} INFO - Processing /opt/airflow/dags/eu_fsf_sanc_dag.py took 0.640 seconds
[2026-06-03T08:42:23.222+0000] {processor.py:161} INFO - Started process (PID=5420) to work on /opt/airflow/dags/eu_fsf_sanc_dag.py
[2026-06-03T08:42:23.225+0000] {processor.py:830} INFO - Processing file /opt/airflow/dags/eu_fsf_sanc_dag.py for tasks to queue
[2026-06-03T08:42:23.228+0000] {logging_mixin.py:188} INFO - [2026-06-03T08:42:23.227+0000] {dagbag.py:540} INFO - Filling up the DagBag from /opt/airflow/dags/eu_fsf_sanc_dag.py
[2026-06-03T08:42:23.284+0000] {processor.py:840} INFO - DAG(s) 'eu_fsf_sanc' retrieved from /opt/airflow/dags/eu_fsf_sanc_dag.py
[2026-06-03T08:42:23.354+0000] {logging_mixin.py:188} INFO - [2026-06-03T08:42:23.353+0000] {dag.py:3047} INFO - Sync 1 DAGs
[2026-06-03T08:42:23.428+0000] {logging_mixin.py:188} INFO - [2026-06-03T08:42:23.427+0000] {dag.py:3834} INFO - Setting next_dagrun for eu_fsf_sanc to 2026-06-03 00:00:00+00:00, run_after=2026-06-04 00:00:00+00:00
[2026-06-03T08:42:23.483+0000] {processor.py:183} INFO - Processing /opt/airflow/dags/eu_fsf_sanc_dag.py took 0.272 seconds
[2026-06-03T08:42:53.786+0000] {processor.py:161} INFO - Started process (PID=5450) to work on /opt/airflow/dags/eu_fsf_sanc_dag.py
[2026-06-03T08:42:53.788+0000] {processor.py:830} INFO - Processing file /opt/airflow/dags/eu_fsf_sanc_dag.py for tasks to queue
[2026-06-03T08:42:53.791+0000] {logging_mixin.py:188} INFO - [2026-06-03T08:42:53.790+0000] {dagbag.py:540} INFO - Filling up the DagBag from /opt/airflow/dags/eu_fsf_sanc_dag.py
[2026-06-03T08:42:53.848+0000] {processor.py:840} INFO - DAG(s) 'eu_fsf_sanc' retrieved from /opt/airflow/dags/eu_fsf_sanc_dag.py
[2026-06-03T08:42:53.986+0000] {logging_mixin.py:188} INFO - [2026-06-03T08:42:53.985+0000] {dag.py:3047} INFO - Sync 1 DAGs
[2026-06-03T08:42:54.240+0000] {logging_mixin.py:188} INFO - [2026-06-03T08:42:54.239+0000] {dag.py:3834} INFO - Setting next_dagrun for eu_fsf_sanc to 2026-06-03 00:00:00+00:00, run_after=2026-06-04 00:00:00+00:00
[2026-06-03T08:42:54.398+0000] {processor.py:183} INFO - Processing /opt/airflow/dags/eu_fsf_sanc_dag.py took 0.622 seconds
[2026-06-03T08:43:24.815+0000] {processor.py:161} INFO - Started process (PID=5480) to work on /opt/airflow/dags/eu_fsf_sanc_dag.py
[2026-06-03T08:43:24.819+0000] {processor.py:830} INFO - Processing file /opt/airflow/dags/eu_fsf_sanc_dag.py for tasks to queue
[2026-06-03T08:43:24.823+0000] {logging_mixin.py:188} INFO - [2026-06-03T08:43:24.822+0000] {dagbag.py:540} INFO - Filling up the DagBag from /opt/airflow/dags/eu_fsf_sanc_dag.py
[2026-06-03T08:43:24.883+0000] {processor.py:840} INFO - DAG(s) 'eu_fsf_sanc' retrieved from /opt/airflow/dags/eu_fsf_sanc_dag.py
[2026-06-03T08:43:25.044+0000] {logging_mixin.py:188} INFO - [2026-06-03T08:43:25.043+0000] {dag.py:3047} INFO - Sync 1 DAGs
[2026-06-03T08:43:25.122+0000] {logging_mixin.py:188} INFO - [2026-06-03T08:43:25.121+0000] {dag.py:3834} INFO - Setting next_dagrun for eu_fsf_sanc to 2026-06-03 00:00:00+00:00, run_after=2026-06-04 00:00:00+00:00
[2026-06-03T08:43:25.198+0000] {processor.py:183} INFO - Processing /opt/airflow/dags/eu_fsf_sanc_dag.py took 0.394 seconds
[2026-06-03T08:43:55.736+0000] {processor.py:161} INFO - Started process (PID=5510) to work on /opt/airflow/dags/eu_fsf_sanc_dag.py
[2026-06-03T08:43:55.739+0000] {processor.py:830} INFO - Processing file /opt/airflow/dags/eu_fsf_sanc_dag.py for tasks to queue
[2026-06-03T08:43:55.742+0000] {logging_mixin.py:188} INFO - [2026-06-03T08:43:55.742+0000] {dagbag.py:540} INFO - Filling up the DagBag from /opt/airflow/dags/eu_fsf_sanc_dag.py
[2026-06-03T08:43:55.801+0000] {processor.py:840} INFO - DAG(s) 'eu_fsf_sanc' retrieved from /opt/airflow/dags/eu_fsf_sanc_dag.py
[2026-06-03T08:43:55.870+0000] {logging_mixin.py:188} INFO - [2026-06-03T08:43:55.870+0000] {dag.py:3047} INFO - Sync 1 DAGs
[2026-06-03T08:43:55.943+0000] {logging_mixin.py:188} INFO - [2026-06-03T08:43:55.942+0000] {dag.py:3834} INFO - Setting next_dagrun for eu_fsf_sanc to 2026-06-03 00:00:00+00:00, run_after=2026-06-04 00:00:00+00:00
[2026-06-03T08:43:56.007+0000] {processor.py:183} INFO - Processing /opt/airflow/dags/eu_fsf_sanc_dag.py took 0.282 seconds
[2026-06-03T08:44:26.389+0000] {processor.py:161} INFO - Started process (PID=5540) to work on /opt/airflow/dags/eu_fsf_sanc_dag.py
[2026-06-03T08:44:26.392+0000] {processor.py:830} INFO - Processing file /opt/airflow/dags/eu_fsf_sanc_dag.py for tasks to queue
[2026-06-03T08:44:26.395+0000] {logging_mixin.py:188} INFO - [2026-06-03T08:44:26.394+0000] {dagbag.py:540} INFO - Filling up the DagBag from /opt/airflow/dags/eu_fsf_sanc_dag.py
[2026-06-03T08:44:26.451+0000] {processor.py:840} INFO - DAG(s) 'eu_fsf_sanc' retrieved from /opt/airflow/dags/eu_fsf_sanc_dag.py
[2026-06-03T08:44:26.527+0000] {logging_mixin.py:188} INFO - [2026-06-03T08:44:26.527+0000] {dag.py:3047} INFO - Sync 1 DAGs
[2026-06-03T08:44:26.592+0000] {logging_mixin.py:188} INFO - [2026-06-03T08:44:26.591+0000] {dag.py:3834} INFO - Setting next_dagrun for eu_fsf_sanc to 2026-06-03 00:00:00+00:00, run_after=2026-06-04 00:00:00+00:00
[2026-06-03T08:44:26.644+0000] {processor.py:183} INFO - Processing /opt/airflow/dags/eu_fsf_sanc_dag.py took 0.265 seconds
[2026-06-03T08:44:57.154+0000] {processor.py:161} INFO - Started process (PID=5570) to work on /opt/airflow/dags/eu_fsf_sanc_dag.py
[2026-06-03T08:44:57.157+0000] {processor.py:830} INFO - Processing file /opt/airflow/dags/eu_fsf_sanc_dag.py for tasks to queue
[2026-06-03T08:44:57.161+0000] {logging_mixin.py:188} INFO - [2026-06-03T08:44:57.160+0000] {dagbag.py:540} INFO - Filling up the DagBag from /opt/airflow/dags/eu_fsf_sanc_dag.py
[2026-06-03T08:44:57.218+0000] {processor.py:840} INFO - DAG(s) 'eu_fsf_sanc' retrieved from /opt/airflow/dags/eu_fsf_sanc_dag.py
[2026-06-03T08:44:57.292+0000] {logging_mixin.py:188} INFO - [2026-06-03T08:44:57.292+0000] {dag.py:3047} INFO - Sync 1 DAGs
[2026-06-03T08:44:57.352+0000] {logging_mixin.py:188} INFO - [2026-06-03T08:44:57.352+0000] {dag.py:3834} INFO - Setting next_dagrun for eu_fsf_sanc to 2026-06-03 00:00:00+00:00, run_after=2026-06-04 00:00:00+00:00
[2026-06-03T08:44:57.420+0000] {processor.py:183} INFO - Processing /opt/airflow/dags/eu_fsf_sanc_dag.py took 0.285 seconds
[2026-06-03T08:45:28.303+0000] {processor.py:161} INFO - Started process (PID=5600) to work on /opt/airflow/dags/eu_fsf_sanc_dag.py
[2026-06-03T08:45:28.306+0000] {processor.py:830} INFO - Processing file /opt/airflow/dags/eu_fsf_sanc_dag.py for tasks to queue
[2026-06-03T08:45:28.309+0000] {logging_mixin.py:188} INFO - [2026-06-03T08:45:28.308+0000] {dagbag.py:540} INFO - Filling up the DagBag from /opt/airflow/dags/eu_fsf_sanc_dag.py
[2026-06-03T08:45:28.369+0000] {processor.py:840} INFO - DAG(s) 'eu_fsf_sanc' retrieved from /opt/airflow/dags/eu_fsf_sanc_dag.py
[2026-06-03T08:45:28.437+0000] {logging_mixin.py:188} INFO - [2026-06-03T08:45:28.436+0000] {dag.py:3047} INFO - Sync 1 DAGs
[2026-06-03T08:45:28.504+0000] {logging_mixin.py:188} INFO - [2026-06-03T08:45:28.501+0000] {dag.py:3834} INFO - Setting next_dagrun for eu_fsf_sanc to 2026-06-03 00:00:00+00:00, run_after=2026-06-04 00:00:00+00:00
[2026-06-03T08:45:28.566+0000] {processor.py:183} INFO - Processing /opt/airflow/dags/eu_fsf_sanc_dag.py took 0.273 seconds
[2026-06-03T08:46:23.852+0000] {processor.py:161} INFO - Started process (PID=5633) to work on /opt/airflow/dags/eu_fsf_sanc_dag.py
[2026-06-03T08:46:23.879+0000] {processor.py:830} INFO - Processing file /opt/airflow/dags/eu_fsf_sanc_dag.py for tasks to queue
[2026-06-03T08:46:23.891+0000] {logging_mixin.py:188} INFO - [2026-06-03T08:46:23.890+0000] {dagbag.py:540} INFO - Filling up the DagBag from /opt/airflow/dags/eu_fsf_sanc_dag.py
[2026-06-03T08:46:24.735+0000] {processor.py:840} INFO - DAG(s) 'eu_fsf_sanc' retrieved from /opt/airflow/dags/eu_fsf_sanc_dag.py
[2026-06-03T08:46:25.315+0000] {logging_mixin.py:188} INFO - [2026-06-03T08:46:25.314+0000] {dag.py:3047} INFO - Sync 1 DAGs
[2026-06-03T08:46:26.333+0000] {logging_mixin.py:188} INFO - [2026-06-03T08:46:26.332+0000] {dag.py:3834} INFO - Setting next_dagrun for eu_fsf_sanc to 2026-06-03 00:00:00+00:00, run_after=2026-06-04 00:00:00+00:00
[2026-06-03T08:46:27.994+0000] {processor.py:183} INFO - Processing /opt/airflow/dags/eu_fsf_sanc_dag.py took 4.156 seconds
[2026-06-03T08:47:01.835+0000] {processor.py:161} INFO - Started process (PID=5663) to work on /opt/airflow/dags/eu_fsf_sanc_dag.py
[2026-06-03T08:47:01.840+0000] {processor.py:830} INFO - Processing file /opt/airflow/dags/eu_fsf_sanc_dag.py for tasks to queue
[2026-06-03T08:47:01.851+0000] {logging_mixin.py:188} INFO - [2026-06-03T08:47:01.850+0000] {dagbag.py:540} INFO - Filling up the DagBag from /opt/airflow/dags/eu_fsf_sanc_dag.py
[2026-06-03T08:47:02.870+0000] {processor.py:840} INFO - DAG(s) 'eu_fsf_sanc' retrieved from /opt/airflow/dags/eu_fsf_sanc_dag.py
[2026-06-03T08:47:03.085+0000] {logging_mixin.py:188} INFO - [2026-06-03T08:47:03.085+0000] {dag.py:3047} INFO - Sync 1 DAGs
[2026-06-03T08:47:03.277+0000] {logging_mixin.py:188} INFO - [2026-06-03T08:47:03.276+0000] {dag.py:3834} INFO - Setting next_dagrun for eu_fsf_sanc to 2026-06-03 00:00:00+00:00, run_after=2026-06-04 00:00:00+00:00
[2026-06-03T08:47:03.470+0000] {processor.py:183} INFO - Processing /opt/airflow/dags/eu_fsf_sanc_dag.py took 1.667 seconds
[2026-06-03T08:47:35.023+0000] {processor.py:161} INFO - Started process (PID=5695) to work on /opt/airflow/dags/eu_fsf_sanc_dag.py
[2026-06-03T08:47:35.027+0000] {processor.py:830} INFO - Processing file /opt/airflow/dags/eu_fsf_sanc_dag.py for tasks to queue
[2026-06-03T08:47:35.030+0000] {logging_mixin.py:188} INFO - [2026-06-03T08:47:35.029+0000] {dagbag.py:540} INFO - Filling up the DagBag from /opt/airflow/dags/eu_fsf_sanc_dag.py
[2026-06-03T08:47:35.098+0000] {processor.py:840} INFO - DAG(s) 'eu_fsf_sanc' retrieved from /opt/airflow/dags/eu_fsf_sanc_dag.py
[2026-06-03T08:47:35.183+0000] {logging_mixin.py:188} INFO - [2026-06-03T08:47:35.182+0000] {dag.py:3047} INFO - Sync 1 DAGs
[2026-06-03T08:47:35.274+0000] {logging_mixin.py:188} INFO - [2026-06-03T08:47:35.272+0000] {dag.py:3834} INFO - Setting next_dagrun for eu_fsf_sanc to 2026-06-03 00:00:00+00:00, run_after=2026-06-04 00:00:00+00:00
[2026-06-03T08:47:35.438+0000] {processor.py:183} INFO - Processing /opt/airflow/dags/eu_fsf_sanc_dag.py took 0.426 seconds
[2026-06-03T08:48:23.229+0000] {processor.py:161} INFO - Started process (PID=5723) to work on /opt/airflow/dags/eu_fsf_sanc_dag.py
[2026-06-03T08:48:23.313+0000] {processor.py:830} INFO - Processing file /opt/airflow/dags/eu_fsf_sanc_dag.py for tasks to queue
[2026-06-03T08:48:23.469+0000] {logging_mixin.py:188} INFO - [2026-06-03T08:48:23.468+0000] {dagbag.py:540} INFO - Filling up the DagBag from /opt/airflow/dags/eu_fsf_sanc_dag.py
[2026-06-03T08:48:25.745+0000] {processor.py:840} INFO - DAG(s) 'eu_fsf_sanc' retrieved from /opt/airflow/dags/eu_fsf_sanc_dag.py
[2026-06-03T08:48:26.089+0000] {logging_mixin.py:188} INFO - [2026-06-03T08:48:26.088+0000] {dag.py:3047} INFO - Sync 1 DAGs
[2026-06-03T08:48:26.310+0000] {logging_mixin.py:188} INFO - [2026-06-03T08:48:26.310+0000] {dag.py:3834} INFO - Setting next_dagrun for eu_fsf_sanc to 2026-06-03 00:00:00+00:00, run_after=2026-06-04 00:00:00+00:00
[2026-06-03T08:48:26.569+0000] {processor.py:183} INFO - Processing /opt/airflow/dags/eu_fsf_sanc_dag.py took 3.351 seconds
[2026-06-03T08:49:17.725+0000] {processor.py:161} INFO - Started process (PID=5763) to work on /opt/airflow/dags/eu_fsf_sanc_dag.py
[2026-06-03T08:49:17.746+0000] {processor.py:830} INFO - Processing file /opt/airflow/dags/eu_fsf_sanc_dag.py for tasks to queue
[2026-06-03T08:49:17.767+0000] {logging_mixin.py:188} INFO - [2026-06-03T08:49:17.766+0000] {dagbag.py:540} INFO - Filling up the DagBag from /opt/airflow/dags/eu_fsf_sanc_dag.py
[2026-06-03T08:49:18.577+0000] {processor.py:840} INFO - DAG(s) 'eu_fsf_sanc' retrieved from /opt/airflow/dags/eu_fsf_sanc_dag.py
[2026-06-03T08:49:18.837+0000] {logging_mixin.py:188} INFO - [2026-06-03T08:49:18.833+0000] {dag.py:3047} INFO - Sync 1 DAGs
[2026-06-03T08:49:19.152+0000] {logging_mixin.py:188} INFO - [2026-06-03T08:49:19.151+0000] {dag.py:3834} INFO - Setting next_dagrun for eu_fsf_sanc to 2026-06-03 00:00:00+00:00, run_after=2026-06-04 00:00:00+00:00
[2026-06-03T08:49:19.685+0000] {processor.py:183} INFO - Processing /opt/airflow/dags/eu_fsf_sanc_dag.py took 1.970 seconds
[2026-06-03T08:49:52.092+0000] {processor.py:161} INFO - Started process (PID=5793) to work on /opt/airflow/dags/eu_fsf_sanc_dag.py
[2026-06-03T08:49:52.109+0000] {processor.py:830} INFO - Processing file /opt/airflow/dags/eu_fsf_sanc_dag.py for tasks to queue
[2026-06-03T08:49:52.121+0000] {logging_mixin.py:188} INFO - [2026-06-03T08:49:52.115+0000] {dagbag.py:540} INFO - Filling up the DagBag from /opt/airflow/dags/eu_fsf_sanc_dag.py
[2026-06-03T08:49:52.675+0000] {processor.py:840} INFO - DAG(s) 'eu_fsf_sanc' retrieved from /opt/airflow/dags/eu_fsf_sanc_dag.py
[2026-06-03T08:49:52.944+0000] {logging_mixin.py:188} INFO - [2026-06-03T08:49:52.932+0000] {dag.py:3047} INFO - Sync 1 DAGs
[2026-06-03T08:49:53.216+0000] {logging_mixin.py:188} INFO - [2026-06-03T08:49:53.216+0000] {dag.py:3834} INFO - Setting next_dagrun for eu_fsf_sanc to 2026-06-03 00:00:00+00:00, run_after=2026-06-04 00:00:00+00:00
[2026-06-03T08:49:53.494+0000] {processor.py:183} INFO - Processing /opt/airflow/dags/eu_fsf_sanc_dag.py took 1.423 seconds
[2026-06-03T08:50:23.903+0000] {processor.py:161} INFO - Started process (PID=5823) to work on /opt/airflow/dags/eu_fsf_sanc_dag.py
[2026-06-03T08:50:23.907+0000] {processor.py:830} INFO - Processing file /opt/airflow/dags/eu_fsf_sanc_dag.py for tasks to queue
[2026-06-03T08:50:23.912+0000] {logging_mixin.py:188} INFO - [2026-06-03T08:50:23.911+0000] {dagbag.py:540} INFO - Filling up the DagBag from /opt/airflow/dags/eu_fsf_sanc_dag.py
[2026-06-03T08:50:23.980+0000] {processor.py:840} INFO - DAG(s) 'eu_fsf_sanc' retrieved from /opt/airflow/dags/eu_fsf_sanc_dag.py
[2026-06-03T08:50:24.060+0000] {logging_mixin.py:188} INFO - [2026-06-03T08:50:24.060+0000] {dag.py:3047} INFO - Sync 1 DAGs
[2026-06-03T08:50:24.132+0000] {logging_mixin.py:188} INFO - [2026-06-03T08:50:24.132+0000] {dag.py:3834} INFO - Setting next_dagrun for eu_fsf_sanc to 2026-06-03 00:00:00+00:00, run_after=2026-06-04 00:00:00+00:00
[2026-06-03T08:50:24.197+0000] {processor.py:183} INFO - Processing /opt/airflow/dags/eu_fsf_sanc_dag.py took 0.306 seconds
[2026-06-03T08:50:54.595+0000] {processor.py:161} INFO - Started process (PID=5853) to work on /opt/airflow/dags/eu_fsf_sanc_dag.py
[2026-06-03T08:50:54.598+0000] {processor.py:830} INFO - Processing file /opt/airflow/dags/eu_fsf_sanc_dag.py for tasks to queue
[2026-06-03T08:50:54.602+0000] {logging_mixin.py:188} INFO - [2026-06-03T08:50:54.601+0000] {dagbag.py:540} INFO - Filling up the DagBag from /opt/airflow/dags/eu_fsf_sanc_dag.py
[2026-06-03T08:50:54.686+0000] {processor.py:840} INFO - DAG(s) 'eu_fsf_sanc' retrieved from /opt/airflow/dags/eu_fsf_sanc_dag.py
[2026-06-03T08:50:54.768+0000] {logging_mixin.py:188} INFO - [2026-06-03T08:50:54.768+0000] {dag.py:3047} INFO - Sync 1 DAGs
[2026-06-03T08:50:54.871+0000] {logging_mixin.py:188} INFO - [2026-06-03T08:50:54.870+0000] {dag.py:3834} INFO - Setting next_dagrun for eu_fsf_sanc to 2026-06-03 00:00:00+00:00, run_after=2026-06-04 00:00:00+00:00
[2026-06-03T08:50:54.980+0000] {processor.py:183} INFO - Processing /opt/airflow/dags/eu_fsf_sanc_dag.py took 0.403 seconds
[2026-06-03T08:51:32.240+0000] {processor.py:161} INFO - Started process (PID=5883) to work on /opt/airflow/dags/eu_fsf_sanc_dag.py
[2026-06-03T08:51:32.313+0000] {processor.py:830} INFO - Processing file /opt/airflow/dags/eu_fsf_sanc_dag.py for tasks to queue
[2026-06-03T08:51:32.353+0000] {logging_mixin.py:188} INFO - [2026-06-03T08:51:32.351+0000] {dagbag.py:540} INFO - Filling up the DagBag from /opt/airflow/dags/eu_fsf_sanc_dag.py
[2026-06-03T08:51:35.531+0000] {processor.py:840} INFO - DAG(s) 'eu_fsf_sanc' retrieved from /opt/airflow/dags/eu_fsf_sanc_dag.py
[2026-06-03T08:51:35.833+0000] {logging_mixin.py:188} INFO - [2026-06-03T08:51:35.821+0000] {dag.py:3047} INFO - Sync 1 DAGs
[2026-06-03T08:51:36.232+0000] {logging_mixin.py:188} INFO - [2026-06-03T08:51:36.232+0000] {dag.py:3834} INFO - Setting next_dagrun for eu_fsf_sanc to 2026-06-03 00:00:00+00:00, run_after=2026-06-04 00:00:00+00:00
[2026-06-03T08:51:37.245+0000] {processor.py:183} INFO - Processing /opt/airflow/dags/eu_fsf_sanc_dag.py took 5.024 seconds
[2026-06-03T08:52:14.630+0000] {processor.py:161} INFO - Started process (PID=5913) to work on /opt/airflow/dags/eu_fsf_sanc_dag.py
[2026-06-03T08:52:14.650+0000] {processor.py:830} INFO - Processing file /opt/airflow/dags/eu_fsf_sanc_dag.py for tasks to queue
[2026-06-03T08:52:14.660+0000] {logging_mixin.py:188} INFO - [2026-06-03T08:52:14.659+0000] {dagbag.py:540} INFO - Filling up the DagBag from /opt/airflow/dags/eu_fsf_sanc_dag.py
[2026-06-03T08:52:16.070+0000] {processor.py:840} INFO - DAG(s) 'eu_fsf_sanc' retrieved from /opt/airflow/dags/eu_fsf_sanc_dag.py
[2026-06-03T08:52:16.282+0000] {logging_mixin.py:188} INFO - [2026-06-03T08:52:16.271+0000] {dag.py:3047} INFO - Sync 1 DAGs
[2026-06-03T08:52:16.490+0000] {logging_mixin.py:188} INFO - [2026-06-03T08:52:16.479+0000] {dag.py:3834} INFO - Setting next_dagrun for eu_fsf_sanc to 2026-06-03 00:00:00+00:00, run_after=2026-06-04 00:00:00+00:00
[2026-06-03T08:52:17.021+0000] {processor.py:183} INFO - Processing /opt/airflow/dags/eu_fsf_sanc_dag.py took 2.402 seconds
[2026-06-03T08:52:50.171+0000] {processor.py:161} INFO - Started process (PID=5943) to work on /opt/airflow/dags/eu_fsf_sanc_dag.py
[2026-06-03T08:52:50.182+0000] {processor.py:830} INFO - Processing file /opt/airflow/dags/eu_fsf_sanc_dag.py for tasks to queue
[2026-06-03T08:52:50.206+0000] {logging_mixin.py:188} INFO - [2026-06-03T08:52:50.205+0000] {dagbag.py:540} INFO - Filling up the DagBag from /opt/airflow/dags/eu_fsf_sanc_dag.py
[2026-06-03T08:52:50.966+0000] {processor.py:840} INFO - DAG(s) 'eu_fsf_sanc' retrieved from /opt/airflow/dags/eu_fsf_sanc_dag.py
[2026-06-03T08:52:51.325+0000] {logging_mixin.py:188} INFO - [2026-06-03T08:52:51.324+0000] {dag.py:3047} INFO - Sync 1 DAGs
[2026-06-03T08:52:51.588+0000] {logging_mixin.py:188} INFO - [2026-06-03T08:52:51.577+0000] {dag.py:3834} INFO - Setting next_dagrun for eu_fsf_sanc to 2026-06-03 00:00:00+00:00, run_after=2026-06-04 00:00:00+00:00
[2026-06-03T08:52:51.749+0000] {processor.py:183} INFO - Processing /opt/airflow/dags/eu_fsf_sanc_dag.py took 1.624 seconds
[2026-06-03T08:53:22.316+0000] {processor.py:161} INFO - Started process (PID=5973) to work on /opt/airflow/dags/eu_fsf_sanc_dag.py
[2026-06-03T08:53:22.326+0000] {processor.py:830} INFO - Processing file /opt/airflow/dags/eu_fsf_sanc_dag.py for tasks to queue
[2026-06-03T08:53:22.332+0000] {logging_mixin.py:188} INFO - [2026-06-03T08:53:22.330+0000] {dagbag.py:540} INFO - Filling up the DagBag from /opt/airflow/dags/eu_fsf_sanc_dag.py
[2026-06-03T08:53:22.640+0000] {processor.py:840} INFO - DAG(s) 'eu_fsf_sanc' retrieved from /opt/airflow/dags/eu_fsf_sanc_dag.py
[2026-06-03T08:53:22.882+0000] {logging_mixin.py:188} INFO - [2026-06-03T08:53:22.881+0000] {dag.py:3047} INFO - Sync 1 DAGs
[2026-06-03T08:53:23.154+0000] {logging_mixin.py:188} INFO - [2026-06-03T08:53:23.154+0000] {dag.py:3834} INFO - Setting next_dagrun for eu_fsf_sanc to 2026-06-03 00:00:00+00:00, run_after=2026-06-04 00:00:00+00:00
[2026-06-03T08:53:23.790+0000] {processor.py:183} INFO - Processing /opt/airflow/dags/eu_fsf_sanc_dag.py took 1.502 seconds
[2026-06-03T08:53:55.156+0000] {processor.py:161} INFO - Started process (PID=6003) to work on /opt/airflow/dags/eu_fsf_sanc_dag.py
[2026-06-03T08:53:55.171+0000] {processor.py:830} INFO - Processing file /opt/airflow/dags/eu_fsf_sanc_dag.py for tasks to queue
[2026-06-03T08:53:55.177+0000] {logging_mixin.py:188} INFO - [2026-06-03T08:53:55.176+0000] {dagbag.py:540} INFO - Filling up the DagBag from /opt/airflow/dags/eu_fsf_sanc_dag.py
[2026-06-03T08:53:55.596+0000] {processor.py:840} INFO - DAG(s) 'eu_fsf_sanc' retrieved from /opt/airflow/dags/eu_fsf_sanc_dag.py
[2026-06-03T08:53:55.769+0000] {logging_mixin.py:188} INFO - [2026-06-03T08:53:55.769+0000] {dag.py:3047} INFO - Sync 1 DAGs
[2026-06-03T08:53:55.960+0000] {logging_mixin.py:188} INFO - [2026-06-03T08:53:55.948+0000] {dag.py:3834} INFO - Setting next_dagrun for eu_fsf_sanc to 2026-06-03 00:00:00+00:00, run_after=2026-06-04 00:00:00+00:00
[2026-06-03T08:53:56.077+0000] {processor.py:183} INFO - Processing /opt/airflow/dags/eu_fsf_sanc_dag.py took 0.944 seconds
[2026-06-03T08:54:26.732+0000] {processor.py:161} INFO - Started process (PID=6035) to work on /opt/airflow/dags/eu_fsf_sanc_dag.py
[2026-06-03T08:54:26.735+0000] {processor.py:830} INFO - Processing file /opt/airflow/dags/eu_fsf_sanc_dag.py for tasks to queue
[2026-06-03T08:54:26.738+0000] {logging_mixin.py:188} INFO - [2026-06-03T08:54:26.737+0000] {dagbag.py:540} INFO - Filling up the DagBag from /opt/airflow/dags/eu_fsf_sanc_dag.py
[2026-06-03T08:54:26.792+0000] {processor.py:840} INFO - DAG(s) 'eu_fsf_sanc' retrieved from /opt/airflow/dags/eu_fsf_sanc_dag.py
[2026-06-03T08:54:26.863+0000] {logging_mixin.py:188} INFO - [2026-06-03T08:54:26.863+0000] {dag.py:3047} INFO - Sync 1 DAGs
[2026-06-03T08:54:26.930+0000] {logging_mixin.py:188} INFO - [2026-06-03T08:54:26.929+0000] {dag.py:3834} INFO - Setting next_dagrun for eu_fsf_sanc to 2026-06-03 00:00:00+00:00, run_after=2026-06-04 00:00:00+00:00
[2026-06-03T08:54:26.984+0000] {processor.py:183} INFO - Processing /opt/airflow/dags/eu_fsf_sanc_dag.py took 0.264 seconds
[2026-06-03T08:54:58.899+0000] {processor.py:161} INFO - Started process (PID=6065) to work on /opt/airflow/dags/eu_fsf_sanc_dag.py
[2026-06-03T08:54:58.911+0000] {processor.py:830} INFO - Processing file /opt/airflow/dags/eu_fsf_sanc_dag.py for tasks to queue
[2026-06-03T08:54:58.913+0000] {logging_mixin.py:188} INFO - [2026-06-03T08:54:58.913+0000] {dagbag.py:540} INFO - Filling up the DagBag from /opt/airflow/dags/eu_fsf_sanc_dag.py
[2026-06-03T08:54:59.023+0000] {processor.py:840} INFO - DAG(s) 'eu_fsf_sanc' retrieved from /opt/airflow/dags/eu_fsf_sanc_dag.py
[2026-06-03T08:54:59.187+0000] {logging_mixin.py:188} INFO - [2026-06-03T08:54:59.187+0000] {dag.py:3047} INFO - Sync 1 DAGs
[2026-06-03T08:54:59.377+0000] {logging_mixin.py:188} INFO - [2026-06-03T08:54:59.377+0000] {dag.py:3834} INFO - Setting next_dagrun for eu_fsf_sanc to 2026-06-03 00:00:00+00:00, run_after=2026-06-04 00:00:00+00:00
[2026-06-03T08:54:59.508+0000] {processor.py:183} INFO - Processing /opt/airflow/dags/eu_fsf_sanc_dag.py took 0.624 seconds
[2026-06-03T08:55:29.730+0000] {processor.py:161} INFO - Started process (PID=6095) to work on /opt/airflow/dags/eu_fsf_sanc_dag.py
[2026-06-03T08:55:29.735+0000] {processor.py:830} INFO - Processing file /opt/airflow/dags/eu_fsf_sanc_dag.py for tasks to queue
[2026-06-03T08:55:29.739+0000] {logging_mixin.py:188} INFO - [2026-06-03T08:55:29.738+0000] {dagbag.py:540} INFO - Filling up the DagBag from /opt/airflow/dags/eu_fsf_sanc_dag.py
[2026-06-03T08:55:29.836+0000] {processor.py:840} INFO - DAG(s) 'eu_fsf_sanc' retrieved from /opt/airflow/dags/eu_fsf_sanc_dag.py
[2026-06-03T08:55:29.933+0000] {logging_mixin.py:188} INFO - [2026-06-03T08:55:29.933+0000] {dag.py:3047} INFO - Sync 1 DAGs
[2026-06-03T08:55:30.006+0000] {logging_mixin.py:188} INFO - [2026-06-03T08:55:30.005+0000] {dag.py:3834} INFO - Setting next_dagrun for eu_fsf_sanc to 2026-06-03 00:00:00+00:00, run_after=2026-06-04 00:00:00+00:00
[2026-06-03T08:55:30.078+0000] {processor.py:183} INFO - Processing /opt/airflow/dags/eu_fsf_sanc_dag.py took 0.359 seconds
[2026-06-03T08:56:02.702+0000] {processor.py:161} INFO - Started process (PID=6123) to work on /opt/airflow/dags/eu_fsf_sanc_dag.py
[2026-06-03T08:56:02.745+0000] {processor.py:830} INFO - Processing file /opt/airflow/dags/eu_fsf_sanc_dag.py for tasks to queue
[2026-06-03T08:56:02.781+0000] {logging_mixin.py:188} INFO - [2026-06-03T08:56:02.780+0000] {dagbag.py:540} INFO - Filling up the DagBag from /opt/airflow/dags/eu_fsf_sanc_dag.py
[2026-06-03T08:56:03.284+0000] {processor.py:840} INFO - DAG(s) 'eu_fsf_sanc' retrieved from /opt/airflow/dags/eu_fsf_sanc_dag.py
[2026-06-03T08:56:03.449+0000] {logging_mixin.py:188} INFO - [2026-06-03T08:56:03.449+0000] {dag.py:3047} INFO - Sync 1 DAGs
[2026-06-03T08:56:03.627+0000] {logging_mixin.py:188} INFO - [2026-06-03T08:56:03.626+0000] {dag.py:3834} INFO - Setting next_dagrun for eu_fsf_sanc to 2026-06-03 00:00:00+00:00, run_after=2026-06-04 00:00:00+00:00
[2026-06-03T08:56:03.764+0000] {processor.py:183} INFO - Processing /opt/airflow/dags/eu_fsf_sanc_dag.py took 1.082 seconds
[2026-06-03T08:56:34.263+0000] {processor.py:161} INFO - Started process (PID=6155) to work on /opt/airflow/dags/eu_fsf_sanc_dag.py
[2026-06-03T08:56:34.267+0000] {processor.py:830} INFO - Processing file /opt/airflow/dags/eu_fsf_sanc_dag.py for tasks to queue
[2026-06-03T08:56:34.270+0000] {logging_mixin.py:188} INFO - [2026-06-03T08:56:34.269+0000] {dagbag.py:540} INFO - Filling up the DagBag from /opt/airflow/dags/eu_fsf_sanc_dag.py
[2026-06-03T08:56:34.375+0000] {processor.py:840} INFO - DAG(s) 'eu_fsf_sanc' retrieved from /opt/airflow/dags/eu_fsf_sanc_dag.py
[2026-06-03T08:56:34.495+0000] {logging_mixin.py:188} INFO - [2026-06-03T08:56:34.494+0000] {dag.py:3047} INFO - Sync 1 DAGs
[2026-06-03T08:56:34.566+0000] {logging_mixin.py:188} INFO - [2026-06-03T08:56:34.566+0000] {dag.py:3834} INFO - Setting next_dagrun for eu_fsf_sanc to 2026-06-03 00:00:00+00:00, run_after=2026-06-04 00:00:00+00:00
[2026-06-03T08:56:34.620+0000] {processor.py:183} INFO - Processing /opt/airflow/dags/eu_fsf_sanc_dag.py took 0.367 seconds
[2026-06-03T08:57:05.285+0000] {processor.py:161} INFO - Started process (PID=6183) to work on /opt/airflow/dags/eu_fsf_sanc_dag.py
[2026-06-03T08:57:05.288+0000] {processor.py:830} INFO - Processing file /opt/airflow/dags/eu_fsf_sanc_dag.py for tasks to queue
[2026-06-03T08:57:05.291+0000] {logging_mixin.py:188} INFO - [2026-06-03T08:57:05.290+0000] {dagbag.py:540} INFO - Filling up the DagBag from /opt/airflow/dags/eu_fsf_sanc_dag.py
[2026-06-03T08:57:05.350+0000] {processor.py:840} INFO - DAG(s) 'eu_fsf_sanc' retrieved from /opt/airflow/dags/eu_fsf_sanc_dag.py
[2026-06-03T08:57:05.425+0000] {logging_mixin.py:188} INFO - [2026-06-03T08:57:05.424+0000] {dag.py:3047} INFO - Sync 1 DAGs
[2026-06-03T08:57:05.533+0000] {logging_mixin.py:188} INFO - [2026-06-03T08:57:05.532+0000] {dag.py:3834} INFO - Setting next_dagrun for eu_fsf_sanc to 2026-06-03 00:00:00+00:00, run_after=2026-06-04 00:00:00+00:00
[2026-06-03T08:57:05.598+0000] {processor.py:183} INFO - Processing /opt/airflow/dags/eu_fsf_sanc_dag.py took 0.329 seconds
[2026-06-03T08:57:36.767+0000] {processor.py:161} INFO - Started process (PID=6213) to work on /opt/airflow/dags/eu_fsf_sanc_dag.py
[2026-06-03T08:57:36.773+0000] {processor.py:830} INFO - Processing file /opt/airflow/dags/eu_fsf_sanc_dag.py for tasks to queue
[2026-06-03T08:57:36.799+0000] {logging_mixin.py:188} INFO - [2026-06-03T08:57:36.797+0000] {dagbag.py:540} INFO - Filling up the DagBag from /opt/airflow/dags/eu_fsf_sanc_dag.py
[2026-06-03T08:57:37.442+0000] {processor.py:840} INFO - DAG(s) 'eu_fsf_sanc' retrieved from /opt/airflow/dags/eu_fsf_sanc_dag.py
[2026-06-03T08:57:37.708+0000] {logging_mixin.py:188} INFO - [2026-06-03T08:57:37.707+0000] {dag.py:3047} INFO - Sync 1 DAGs
[2026-06-03T08:57:37.882+0000] {logging_mixin.py:188} INFO - [2026-06-03T08:57:37.880+0000] {dag.py:3834} INFO - Setting next_dagrun for eu_fsf_sanc to 2026-06-03 00:00:00+00:00, run_after=2026-06-04 00:00:00+00:00
[2026-06-03T08:57:38.046+0000] {processor.py:183} INFO - Processing /opt/airflow/dags/eu_fsf_sanc_dag.py took 1.303 seconds
[2026-06-03T08:58:09.222+0000] {processor.py:161} INFO - Started process (PID=6243) to work on /opt/airflow/dags/eu_fsf_sanc_dag.py
[2026-06-03T08:58:09.225+0000] {processor.py:830} INFO - Processing file /opt/airflow/dags/eu_fsf_sanc_dag.py for tasks to queue
[2026-06-03T08:58:09.238+0000] {logging_mixin.py:188} INFO - [2026-06-03T08:58:09.228+0000] {dagbag.py:540} INFO - Filling up the DagBag from /opt/airflow/dags/eu_fsf_sanc_dag.py
[2026-06-03T08:58:09.348+0000] {processor.py:840} INFO - DAG(s) 'eu_fsf_sanc' retrieved from /opt/airflow/dags/eu_fsf_sanc_dag.py
[2026-06-03T08:58:09.517+0000] {logging_mixin.py:188} INFO - [2026-06-03T08:58:09.517+0000] {dag.py:3047} INFO - Sync 1 DAGs
[2026-06-03T08:58:09.683+0000] {logging_mixin.py:188} INFO - [2026-06-03T08:58:09.682+0000] {dag.py:3834} INFO - Setting next_dagrun for eu_fsf_sanc to 2026-06-03 00:00:00+00:00, run_after=2026-06-04 00:00:00+00:00
[2026-06-03T08:58:09.813+0000] {processor.py:183} INFO - Processing /opt/airflow/dags/eu_fsf_sanc_dag.py took 0.614 seconds
[2026-06-03T08:58:40.162+0000] {processor.py:161} INFO - Started process (PID=6273) to work on /opt/airflow/dags/eu_fsf_sanc_dag.py
[2026-06-03T08:58:40.166+0000] {processor.py:830} INFO - Processing file /opt/airflow/dags/eu_fsf_sanc_dag.py for tasks to queue
[2026-06-03T08:58:40.171+0000] {logging_mixin.py:188} INFO - [2026-06-03T08:58:40.170+0000] {dagbag.py:540} INFO - Filling up the DagBag from /opt/airflow/dags/eu_fsf_sanc_dag.py
[2026-06-03T08:58:40.248+0000] {processor.py:840} INFO - DAG(s) 'eu_fsf_sanc' retrieved from /opt/airflow/dags/eu_fsf_sanc_dag.py
[2026-06-03T08:58:40.347+0000] {logging_mixin.py:188} INFO - [2026-06-03T08:58:40.346+0000] {dag.py:3047} INFO - Sync 1 DAGs
[2026-06-03T08:58:40.419+0000] {logging_mixin.py:188} INFO - [2026-06-03T08:58:40.418+0000] {dag.py:3834} INFO - Setting next_dagrun for eu_fsf_sanc to 2026-06-03 00:00:00+00:00, run_after=2026-06-04 00:00:00+00:00
[2026-06-03T08:58:40.511+0000] {processor.py:183} INFO - Processing /opt/airflow/dags/eu_fsf_sanc_dag.py took 0.366 seconds
[2026-06-03T08:59:11.791+0000] {processor.py:161} INFO - Started process (PID=6303) to work on /opt/airflow/dags/eu_fsf_sanc_dag.py
[2026-06-03T08:59:11.796+0000] {processor.py:830} INFO - Processing file /opt/airflow/dags/eu_fsf_sanc_dag.py for tasks to queue
[2026-06-03T08:59:11.799+0000] {logging_mixin.py:188} INFO - [2026-06-03T08:59:11.798+0000] {dagbag.py:540} INFO - Filling up the DagBag from /opt/airflow/dags/eu_fsf_sanc_dag.py
[2026-06-03T08:59:11.868+0000] {processor.py:840} INFO - DAG(s) 'eu_fsf_sanc' retrieved from /opt/airflow/dags/eu_fsf_sanc_dag.py
[2026-06-03T08:59:11.973+0000] {logging_mixin.py:188} INFO - [2026-06-03T08:59:11.972+0000] {dag.py:3047} INFO - Sync 1 DAGs
[2026-06-03T08:59:12.046+0000] {logging_mixin.py:188} INFO - [2026-06-03T08:59:12.045+0000] {dag.py:3834} INFO - Setting next_dagrun for eu_fsf_sanc to 2026-06-03 00:00:00+00:00, run_after=2026-06-04 00:00:00+00:00
[2026-06-03T08:59:12.134+0000] {processor.py:183} INFO - Processing /opt/airflow/dags/eu_fsf_sanc_dag.py took 0.352 seconds
[2026-06-03T08:59:42.514+0000] {processor.py:161} INFO - Started process (PID=6333) to work on /opt/airflow/dags/eu_fsf_sanc_dag.py
[2026-06-03T08:59:42.520+0000] {processor.py:830} INFO - Processing file /opt/airflow/dags/eu_fsf_sanc_dag.py for tasks to queue
[2026-06-03T08:59:42.524+0000] {logging_mixin.py:188} INFO - [2026-06-03T08:59:42.523+0000] {dagbag.py:540} INFO - Filling up the DagBag from /opt/airflow/dags/eu_fsf_sanc_dag.py
[2026-06-03T08:59:42.585+0000] {processor.py:840} INFO - DAG(s) 'eu_fsf_sanc' retrieved from /opt/airflow/dags/eu_fsf_sanc_dag.py
[2026-06-03T08:59:42.672+0000] {logging_mixin.py:188} INFO - [2026-06-03T08:59:42.671+0000] {dag.py:3047} INFO - Sync 1 DAGs
[2026-06-03T08:59:42.922+0000] {logging_mixin.py:188} INFO - [2026-06-03T08:59:42.922+0000] {dag.py:3834} INFO - Setting next_dagrun for eu_fsf_sanc to 2026-06-03 00:00:00+00:00, run_after=2026-06-04 00:00:00+00:00
[2026-06-03T08:59:43.108+0000] {processor.py:183} INFO - Processing /opt/airflow/dags/eu_fsf_sanc_dag.py took 0.610 seconds
[2026-06-03T09:00:13.679+0000] {processor.py:161} INFO - Started process (PID=6363) to work on /opt/airflow/dags/eu_fsf_sanc_dag.py
[2026-06-03T09:00:13.683+0000] {processor.py:830} INFO - Processing file /opt/airflow/dags/eu_fsf_sanc_dag.py for tasks to queue
[2026-06-03T09:00:13.688+0000] {logging_mixin.py:188} INFO - [2026-06-03T09:00:13.687+0000] {dagbag.py:540} INFO - Filling up the DagBag from /opt/airflow/dags/eu_fsf_sanc_dag.py
[2026-06-03T09:00:13.752+0000] {processor.py:840} INFO - DAG(s) 'eu_fsf_sanc' retrieved from /opt/airflow/dags/eu_fsf_sanc_dag.py
[2026-06-03T09:00:13.850+0000] {logging_mixin.py:188} INFO - [2026-06-03T09:00:13.849+0000] {dag.py:3047} INFO - Sync 1 DAGs
[2026-06-03T09:00:14.020+0000] {logging_mixin.py:188} INFO - [2026-06-03T09:00:14.007+0000] {dag.py:3834} INFO - Setting next_dagrun for eu_fsf_sanc to 2026-06-03 00:00:00+00:00, run_after=2026-06-04 00:00:00+00:00
[2026-06-03T09:00:14.273+0000] {processor.py:183} INFO - Processing /opt/airflow/dags/eu_fsf_sanc_dag.py took 0.609 seconds
[2026-06-03T09:00:45.739+0000] {processor.py:161} INFO - Started process (PID=6393) to work on /opt/airflow/dags/eu_fsf_sanc_dag.py
[2026-06-03T09:00:45.742+0000] {processor.py:830} INFO - Processing file /opt/airflow/dags/eu_fsf_sanc_dag.py for tasks to queue
[2026-06-03T09:00:45.746+0000] {logging_mixin.py:188} INFO - [2026-06-03T09:00:45.744+0000] {dagbag.py:540} INFO - Filling up the DagBag from /opt/airflow/dags/eu_fsf_sanc_dag.py
[2026-06-03T09:00:45.843+0000] {processor.py:840} INFO - DAG(s) 'eu_fsf_sanc' retrieved from /opt/airflow/dags/eu_fsf_sanc_dag.py
[2026-06-03T09:00:45.916+0000] {logging_mixin.py:188} INFO - [2026-06-03T09:00:45.916+0000] {dag.py:3047} INFO - Sync 1 DAGs
[2026-06-03T09:00:46.002+0000] {logging_mixin.py:188} INFO - [2026-06-03T09:00:46.002+0000] {dag.py:3834} INFO - Setting next_dagrun for eu_fsf_sanc to 2026-06-03 00:00:00+00:00, run_after=2026-06-04 00:00:00+00:00
[2026-06-03T09:00:46.155+0000] {processor.py:183} INFO - Processing /opt/airflow/dags/eu_fsf_sanc_dag.py took 0.433 seconds
[2026-06-03T09:01:19.376+0000] {processor.py:161} INFO - Started process (PID=6423) to work on /opt/airflow/dags/eu_fsf_sanc_dag.py
[2026-06-03T09:01:19.380+0000] {processor.py:830} INFO - Processing file /opt/airflow/dags/eu_fsf_sanc_dag.py for tasks to queue
[2026-06-03T09:01:19.384+0000] {logging_mixin.py:188} INFO - [2026-06-03T09:01:19.383+0000] {dagbag.py:540} INFO - Filling up the DagBag from /opt/airflow/dags/eu_fsf_sanc_dag.py
[2026-06-03T09:01:20.065+0000] {processor.py:840} INFO - DAG(s) 'eu_fsf_sanc' retrieved from /opt/airflow/dags/eu_fsf_sanc_dag.py
[2026-06-03T09:01:20.226+0000] {logging_mixin.py:188} INFO - [2026-06-03T09:01:20.226+0000] {dag.py:3047} INFO - Sync 1 DAGs
[2026-06-03T09:01:20.293+0000] {logging_mixin.py:188} INFO - [2026-06-03T09:01:20.292+0000] {dag.py:3834} INFO - Setting next_dagrun for eu_fsf_sanc to 2026-06-03 00:00:00+00:00, run_after=2026-06-04 00:00:00+00:00
[2026-06-03T09:01:20.357+0000] {processor.py:183} INFO - Processing /opt/airflow/dags/eu_fsf_sanc_dag.py took 0.993 seconds
[2026-06-03T09:01:50.894+0000] {processor.py:161} INFO - Started process (PID=6455) to work on /opt/airflow/dags/eu_fsf_sanc_dag.py
[2026-06-03T09:01:50.898+0000] {processor.py:830} INFO - Processing file /opt/airflow/dags/eu_fsf_sanc_dag.py for tasks to queue
[2026-06-03T09:01:50.900+0000] {logging_mixin.py:188} INFO - [2026-06-03T09:01:50.900+0000] {dagbag.py:540} INFO - Filling up the DagBag from /opt/airflow/dags/eu_fsf_sanc_dag.py
[2026-06-03T09:01:50.957+0000] {processor.py:840} INFO - DAG(s) 'eu_fsf_sanc' retrieved from /opt/airflow/dags/eu_fsf_sanc_dag.py
[2026-06-03T09:01:51.056+0000] {logging_mixin.py:188} INFO - [2026-06-03T09:01:51.055+0000] {dag.py:3047} INFO - Sync 1 DAGs
[2026-06-03T09:01:51.127+0000] {logging_mixin.py:188} INFO - [2026-06-03T09:01:51.126+0000] {dag.py:3834} INFO - Setting next_dagrun for eu_fsf_sanc to 2026-06-03 00:00:00+00:00, run_after=2026-06-04 00:00:00+00:00
[2026-06-03T09:01:51.183+0000] {processor.py:183} INFO - Processing /opt/airflow/dags/eu_fsf_sanc_dag.py took 0.301 seconds
[2026-06-03T09:02:22.227+0000] {processor.py:161} INFO - Started process (PID=6485) to work on /opt/airflow/dags/eu_fsf_sanc_dag.py
[2026-06-03T09:02:22.231+0000] {processor.py:830} INFO - Processing file /opt/airflow/dags/eu_fsf_sanc_dag.py for tasks to queue
[2026-06-03T09:02:22.234+0000] {logging_mixin.py:188} INFO - [2026-06-03T09:02:22.233+0000] {dagbag.py:540} INFO - Filling up the DagBag from /opt/airflow/dags/eu_fsf_sanc_dag.py
[2026-06-03T09:02:22.294+0000] {processor.py:840} INFO - DAG(s) 'eu_fsf_sanc' retrieved from /opt/airflow/dags/eu_fsf_sanc_dag.py
[2026-06-03T09:02:22.373+0000] {logging_mixin.py:188} INFO - [2026-06-03T09:02:22.372+0000] {dag.py:3047} INFO - Sync 1 DAGs
[2026-06-03T09:02:22.442+0000] {logging_mixin.py:188} INFO - [2026-06-03T09:02:22.442+0000] {dag.py:3834} INFO - Setting next_dagrun for eu_fsf_sanc to 2026-06-03 00:00:00+00:00, run_after=2026-06-04 00:00:00+00:00
[2026-06-03T09:02:22.509+0000] {processor.py:183} INFO - Processing /opt/airflow/dags/eu_fsf_sanc_dag.py took 0.293 seconds
[2026-06-03T09:02:53.525+0000] {processor.py:161} INFO - Started process (PID=6515) to work on /opt/airflow/dags/eu_fsf_sanc_dag.py
[2026-06-03T09:02:53.529+0000] {processor.py:830} INFO - Processing file /opt/airflow/dags/eu_fsf_sanc_dag.py for tasks to queue
[2026-06-03T09:02:53.532+0000] {logging_mixin.py:188} INFO - [2026-06-03T09:02:53.531+0000] {dagbag.py:540} INFO - Filling up the DagBag from /opt/airflow/dags/eu_fsf_sanc_dag.py
[2026-06-03T09:02:53.592+0000] {processor.py:840} INFO - DAG(s) 'eu_fsf_sanc' retrieved from /opt/airflow/dags/eu_fsf_sanc_dag.py
[2026-06-03T09:02:53.668+0000] {logging_mixin.py:188} INFO - [2026-06-03T09:02:53.667+0000] {dag.py:3047} INFO - Sync 1 DAGs
[2026-06-03T09:02:53.739+0000] {logging_mixin.py:188} INFO - [2026-06-03T09:02:53.739+0000] {dag.py:3834} INFO - Setting next_dagrun for eu_fsf_sanc to 2026-06-03 00:00:00+00:00, run_after=2026-06-04 00:00:00+00:00
[2026-06-03T09:02:53.794+0000] {processor.py:183} INFO - Processing /opt/airflow/dags/eu_fsf_sanc_dag.py took 0.280 seconds
[2026-06-03T09:03:25.264+0000] {processor.py:161} INFO - Started process (PID=6545) to work on /opt/airflow/dags/eu_fsf_sanc_dag.py
[2026-06-03T09:03:25.268+0000] {processor.py:830} INFO - Processing file /opt/airflow/dags/eu_fsf_sanc_dag.py for tasks to queue
[2026-06-03T09:03:25.271+0000] {logging_mixin.py:188} INFO - [2026-06-03T09:03:25.270+0000] {dagbag.py:540} INFO - Filling up the DagBag from /opt/airflow/dags/eu_fsf_sanc_dag.py
[2026-06-03T09:03:25.403+0000] {processor.py:840} INFO - DAG(s) 'eu_fsf_sanc' retrieved from /opt/airflow/dags/eu_fsf_sanc_dag.py
[2026-06-03T09:03:25.598+0000] {logging_mixin.py:188} INFO - [2026-06-03T09:03:25.597+0000] {dag.py:3047} INFO - Sync 1 DAGs
[2026-06-03T09:03:25.751+0000] {logging_mixin.py:188} INFO - [2026-06-03T09:03:25.750+0000] {dag.py:3834} INFO - Setting next_dagrun for eu_fsf_sanc to 2026-06-03 00:00:00+00:00, run_after=2026-06-04 00:00:00+00:00
[2026-06-03T09:03:25.928+0000] {processor.py:183} INFO - Processing /opt/airflow/dags/eu_fsf_sanc_dag.py took 0.678 seconds
[2026-06-03T09:03:56.280+0000] {processor.py:161} INFO - Started process (PID=6575) to work on /opt/airflow/dags/eu_fsf_sanc_dag.py
[2026-06-03T09:03:56.282+0000] {processor.py:830} INFO - Processing file /opt/airflow/dags/eu_fsf_sanc_dag.py for tasks to queue
[2026-06-03T09:03:56.285+0000] {logging_mixin.py:188} INFO - [2026-06-03T09:03:56.284+0000] {dagbag.py:540} INFO - Filling up the DagBag from /opt/airflow/dags/eu_fsf_sanc_dag.py
[2026-06-03T09:03:56.340+0000] {processor.py:840} INFO - DAG(s) 'eu_fsf_sanc' retrieved from /opt/airflow/dags/eu_fsf_sanc_dag.py
[2026-06-03T09:03:56.506+0000] {logging_mixin.py:188} INFO - [2026-06-03T09:03:56.505+0000] {dag.py:3047} INFO - Sync 1 DAGs
[2026-06-03T09:03:56.730+0000] {logging_mixin.py:188} INFO - [2026-06-03T09:03:56.729+0000] {dag.py:3834} INFO - Setting next_dagrun for eu_fsf_sanc to 2026-06-03 00:00:00+00:00, run_after=2026-06-04 00:00:00+00:00
[2026-06-03T09:03:56.926+0000] {processor.py:183} INFO - Processing /opt/airflow/dags/eu_fsf_sanc_dag.py took 0.656 seconds
[2026-06-03T09:04:29.813+0000] {processor.py:161} INFO - Started process (PID=6605) to work on /opt/airflow/dags/eu_fsf_sanc_dag.py
[2026-06-03T09:04:29.828+0000] {processor.py:830} INFO - Processing file /opt/airflow/dags/eu_fsf_sanc_dag.py for tasks to queue
[2026-06-03T09:04:29.852+0000] {logging_mixin.py:188} INFO - [2026-06-03T09:04:29.851+0000] {dagbag.py:540} INFO - Filling up the DagBag from /opt/airflow/dags/eu_fsf_sanc_dag.py
[2026-06-03T09:04:30.232+0000] {processor.py:840} INFO - DAG(s) 'eu_fsf_sanc' retrieved from /opt/airflow/dags/eu_fsf_sanc_dag.py
[2026-06-03T09:04:30.553+0000] {logging_mixin.py:188} INFO - [2026-06-03T09:04:30.552+0000] {dag.py:3047} INFO - Sync 1 DAGs
[2026-06-03T09:04:30.676+0000] {logging_mixin.py:188} INFO - [2026-06-03T09:04:30.676+0000] {dag.py:3834} INFO - Setting next_dagrun for eu_fsf_sanc to 2026-06-03 00:00:00+00:00, run_after=2026-06-04 00:00:00+00:00
[2026-06-03T09:04:30.733+0000] {processor.py:183} INFO - Processing /opt/airflow/dags/eu_fsf_sanc_dag.py took 0.947 seconds
[2026-06-03T09:05:00.859+0000] {processor.py:161} INFO - Started process (PID=6635) to work on /opt/airflow/dags/eu_fsf_sanc_dag.py
[2026-06-03T09:05:00.862+0000] {processor.py:830} INFO - Processing file /opt/airflow/dags/eu_fsf_sanc_dag.py for tasks to queue
[2026-06-03T09:05:00.865+0000] {logging_mixin.py:188} INFO - [2026-06-03T09:05:00.864+0000] {dagbag.py:540} INFO - Filling up the DagBag from /opt/airflow/dags/eu_fsf_sanc_dag.py
[2026-06-03T09:05:00.925+0000] {processor.py:840} INFO - DAG(s) 'eu_fsf_sanc' retrieved from /opt/airflow/dags/eu_fsf_sanc_dag.py
[2026-06-03T09:05:00.998+0000] {logging_mixin.py:188} INFO - [2026-06-03T09:05:00.997+0000] {dag.py:3047} INFO - Sync 1 DAGs
[2026-06-03T09:05:01.066+0000] {logging_mixin.py:188} INFO - [2026-06-03T09:05:01.066+0000] {dag.py:3834} INFO - Setting next_dagrun for eu_fsf_sanc to 2026-06-03 00:00:00+00:00, run_after=2026-06-04 00:00:00+00:00
[2026-06-03T09:05:01.124+0000] {processor.py:183} INFO - Processing /opt/airflow/dags/eu_fsf_sanc_dag.py took 0.278 seconds
[2026-06-03T09:05:31.783+0000] {processor.py:161} INFO - Started process (PID=6663) to work on /opt/airflow/dags/eu_fsf_sanc_dag.py
[2026-06-03T09:05:31.804+0000] {processor.py:830} INFO - Processing file /opt/airflow/dags/eu_fsf_sanc_dag.py for tasks to queue
[2026-06-03T09:05:31.809+0000] {logging_mixin.py:188} INFO - [2026-06-03T09:05:31.808+0000] {dagbag.py:540} INFO - Filling up the DagBag from /opt/airflow/dags/eu_fsf_sanc_dag.py
[2026-06-03T09:05:32.181+0000] {processor.py:840} INFO - DAG(s) 'eu_fsf_sanc' retrieved from /opt/airflow/dags/eu_fsf_sanc_dag.py
[2026-06-03T09:05:32.262+0000] {logging_mixin.py:188} INFO - [2026-06-03T09:05:32.260+0000] {dag.py:3047} INFO - Sync 1 DAGs
[2026-06-03T09:05:32.364+0000] {logging_mixin.py:188} INFO - [2026-06-03T09:05:32.363+0000] {dag.py:3834} INFO - Setting next_dagrun for eu_fsf_sanc to 2026-06-03 00:00:00+00:00, run_after=2026-06-04 00:00:00+00:00
[2026-06-03T09:05:32.435+0000] {processor.py:183} INFO - Processing /opt/airflow/dags/eu_fsf_sanc_dag.py took 0.660 seconds
[2026-06-03T09:06:03.931+0000] {processor.py:161} INFO - Started process (PID=6693) to work on /opt/airflow/dags/eu_fsf_sanc_dag.py
[2026-06-03T09:06:03.935+0000] {processor.py:830} INFO - Processing file /opt/airflow/dags/eu_fsf_sanc_dag.py for tasks to queue
[2026-06-03T09:06:03.944+0000] {logging_mixin.py:188} INFO - [2026-06-03T09:06:03.943+0000] {dagbag.py:540} INFO - Filling up the DagBag from /opt/airflow/dags/eu_fsf_sanc_dag.py
[2026-06-03T09:06:04.009+0000] {processor.py:840} INFO - DAG(s) 'eu_fsf_sanc' retrieved from /opt/airflow/dags/eu_fsf_sanc_dag.py
[2026-06-03T09:06:04.078+0000] {logging_mixin.py:188} INFO - [2026-06-03T09:06:04.077+0000] {dag.py:3047} INFO - Sync 1 DAGs
[2026-06-03T09:06:04.143+0000] {logging_mixin.py:188} INFO - [2026-06-03T09:06:04.143+0000] {dag.py:3834} INFO - Setting next_dagrun for eu_fsf_sanc to 2026-06-03 00:00:00+00:00, run_after=2026-06-04 00:00:00+00:00
[2026-06-03T09:06:04.195+0000] {processor.py:183} INFO - Processing /opt/airflow/dags/eu_fsf_sanc_dag.py took 0.283 seconds
[2026-06-03T09:06:35.268+0000] {processor.py:161} INFO - Started process (PID=6723) to work on /opt/airflow/dags/eu_fsf_sanc_dag.py
[2026-06-03T09:06:35.274+0000] {processor.py:830} INFO - Processing file /opt/airflow/dags/eu_fsf_sanc_dag.py for tasks to queue
[2026-06-03T09:06:35.280+0000] {logging_mixin.py:188} INFO - [2026-06-03T09:06:35.278+0000] {dagbag.py:540} INFO - Filling up the DagBag from /opt/airflow/dags/eu_fsf_sanc_dag.py
[2026-06-03T09:06:35.340+0000] {processor.py:840} INFO - DAG(s) 'eu_fsf_sanc' retrieved from /opt/airflow/dags/eu_fsf_sanc_dag.py
[2026-06-03T09:06:35.448+0000] {logging_mixin.py:188} INFO - [2026-06-03T09:06:35.447+0000] {dag.py:3047} INFO - Sync 1 DAGs
[2026-06-03T09:06:35.545+0000] {logging_mixin.py:188} INFO - [2026-06-03T09:06:35.544+0000] {dag.py:3834} INFO - Setting next_dagrun for eu_fsf_sanc to 2026-06-03 00:00:00+00:00, run_after=2026-06-04 00:00:00+00:00
[2026-06-03T09:06:35.614+0000] {processor.py:183} INFO - Processing /opt/airflow/dags/eu_fsf_sanc_dag.py took 0.365 seconds
[2026-06-03T09:07:05.876+0000] {processor.py:161} INFO - Started process (PID=6753) to work on /opt/airflow/dags/eu_fsf_sanc_dag.py
[2026-06-03T09:07:05.884+0000] {processor.py:830} INFO - Processing file /opt/airflow/dags/eu_fsf_sanc_dag.py for tasks to queue
[2026-06-03T09:07:05.887+0000] {logging_mixin.py:188} INFO - [2026-06-03T09:07:05.886+0000] {dagbag.py:540} INFO - Filling up the DagBag from /opt/airflow/dags/eu_fsf_sanc_dag.py
[2026-06-03T09:07:05.979+0000] {processor.py:840} INFO - DAG(s) 'eu_fsf_sanc' retrieved from /opt/airflow/dags/eu_fsf_sanc_dag.py
[2026-06-03T09:07:06.052+0000] {logging_mixin.py:188} INFO - [2026-06-03T09:07:06.051+0000] {dag.py:3047} INFO - Sync 1 DAGs
[2026-06-03T09:07:06.129+0000] {logging_mixin.py:188} INFO - [2026-06-03T09:07:06.128+0000] {dag.py:3834} INFO - Setting next_dagrun for eu_fsf_sanc to 2026-06-03 00:00:00+00:00, run_after=2026-06-04 00:00:00+00:00
[2026-06-03T09:07:06.304+0000] {processor.py:183} INFO - Processing /opt/airflow/dags/eu_fsf_sanc_dag.py took 0.443 seconds
[2026-06-03T09:07:37.534+0000] {processor.py:161} INFO - Started process (PID=6783) to work on /opt/airflow/dags/eu_fsf_sanc_dag.py
[2026-06-03T09:07:37.546+0000] {processor.py:830} INFO - Processing file /opt/airflow/dags/eu_fsf_sanc_dag.py for tasks to queue
[2026-06-03T09:07:37.551+0000] {logging_mixin.py:188} INFO - [2026-06-03T09:07:37.550+0000] {dagbag.py:540} INFO - Filling up the DagBag from /opt/airflow/dags/eu_fsf_sanc_dag.py
[2026-06-03T09:07:38.294+0000] {processor.py:840} INFO - DAG(s) 'eu_fsf_sanc' retrieved from /opt/airflow/dags/eu_fsf_sanc_dag.py
[2026-06-03T09:07:38.826+0000] {logging_mixin.py:188} INFO - [2026-06-03T09:07:38.826+0000] {dag.py:3047} INFO - Sync 1 DAGs
[2026-06-03T09:07:38.921+0000] {logging_mixin.py:188} INFO - [2026-06-03T09:07:38.920+0000] {dag.py:3834} INFO - Setting next_dagrun for eu_fsf_sanc to 2026-06-03 00:00:00+00:00, run_after=2026-06-04 00:00:00+00:00
[2026-06-03T09:07:38.999+0000] {processor.py:183} INFO - Processing /opt/airflow/dags/eu_fsf_sanc_dag.py took 1.500 seconds
[2026-06-03T09:08:10.313+0000] {processor.py:161} INFO - Started process (PID=6813) to work on /opt/airflow/dags/eu_fsf_sanc_dag.py
[2026-06-03T09:08:10.317+0000] {processor.py:830} INFO - Processing file /opt/airflow/dags/eu_fsf_sanc_dag.py for tasks to queue
[2026-06-03T09:08:10.325+0000] {logging_mixin.py:188} INFO - [2026-06-03T09:08:10.323+0000] {dagbag.py:540} INFO - Filling up the DagBag from /opt/airflow/dags/eu_fsf_sanc_dag.py
[2026-06-03T09:08:10.390+0000] {processor.py:840} INFO - DAG(s) 'eu_fsf_sanc' retrieved from /opt/airflow/dags/eu_fsf_sanc_dag.py
[2026-06-03T09:08:10.513+0000] {logging_mixin.py:188} INFO - [2026-06-03T09:08:10.512+0000] {dag.py:3047} INFO - Sync 1 DAGs
[2026-06-03T09:08:10.592+0000] {logging_mixin.py:188} INFO - [2026-06-03T09:08:10.592+0000] {dag.py:3834} INFO - Setting next_dagrun for eu_fsf_sanc to 2026-06-03 00:00:00+00:00, run_after=2026-06-04 00:00:00+00:00
[2026-06-03T09:08:10.646+0000] {processor.py:183} INFO - Processing /opt/airflow/dags/eu_fsf_sanc_dag.py took 0.352 seconds
[2026-06-03T09:08:40.932+0000] {processor.py:161} INFO - Started process (PID=6843) to work on /opt/airflow/dags/eu_fsf_sanc_dag.py
[2026-06-03T09:08:40.935+0000] {processor.py:830} INFO - Processing file /opt/airflow/dags/eu_fsf_sanc_dag.py for tasks to queue
[2026-06-03T09:08:40.938+0000] {logging_mixin.py:188} INFO - [2026-06-03T09:08:40.937+0000] {dagbag.py:540} INFO - Filling up the DagBag from /opt/airflow/dags/eu_fsf_sanc_dag.py
[2026-06-03T09:08:41.121+0000] {processor.py:840} INFO - DAG(s) 'eu_fsf_sanc' retrieved from /opt/airflow/dags/eu_fsf_sanc_dag.py
[2026-06-03T09:08:41.382+0000] {logging_mixin.py:188} INFO - [2026-06-03T09:08:41.372+0000] {dag.py:3047} INFO - Sync 1 DAGs
[2026-06-03T09:08:41.641+0000] {logging_mixin.py:188} INFO - [2026-06-03T09:08:41.640+0000] {dag.py:3834} INFO - Setting next_dagrun for eu_fsf_sanc to 2026-06-03 00:00:00+00:00, run_after=2026-06-04 00:00:00+00:00
[2026-06-03T09:08:41.973+0000] {processor.py:183} INFO - Processing /opt/airflow/dags/eu_fsf_sanc_dag.py took 1.057 seconds
[2026-06-03T09:09:12.627+0000] {processor.py:161} INFO - Started process (PID=6873) to work on /opt/airflow/dags/eu_fsf_sanc_dag.py
[2026-06-03T09:09:12.630+0000] {processor.py:830} INFO - Processing file /opt/airflow/dags/eu_fsf_sanc_dag.py for tasks to queue
[2026-06-03T09:09:12.634+0000] {logging_mixin.py:188} INFO - [2026-06-03T09:09:12.633+0000] {dagbag.py:540} INFO - Filling up the DagBag from /opt/airflow/dags/eu_fsf_sanc_dag.py
[2026-06-03T09:09:12.707+0000] {processor.py:840} INFO - DAG(s) 'eu_fsf_sanc' retrieved from /opt/airflow/dags/eu_fsf_sanc_dag.py
[2026-06-03T09:09:12.797+0000] {logging_mixin.py:188} INFO - [2026-06-03T09:09:12.796+0000] {dag.py:3047} INFO - Sync 1 DAGs
[2026-06-03T09:09:12.868+0000] {logging_mixin.py:188} INFO - [2026-06-03T09:09:12.867+0000] {dag.py:3834} INFO - Setting next_dagrun for eu_fsf_sanc to 2026-06-03 00:00:00+00:00, run_after=2026-06-04 00:00:00+00:00
[2026-06-03T09:09:12.928+0000] {processor.py:183} INFO - Processing /opt/airflow/dags/eu_fsf_sanc_dag.py took 0.317 seconds
[2026-06-03T09:09:43.751+0000] {processor.py:161} INFO - Started process (PID=6903) to work on /opt/airflow/dags/eu_fsf_sanc_dag.py
[2026-06-03T09:09:43.754+0000] {processor.py:830} INFO - Processing file /opt/airflow/dags/eu_fsf_sanc_dag.py for tasks to queue
[2026-06-03T09:09:43.757+0000] {logging_mixin.py:188} INFO - [2026-06-03T09:09:43.756+0000] {dagbag.py:540} INFO - Filling up the DagBag from /opt/airflow/dags/eu_fsf_sanc_dag.py
[2026-06-03T09:09:44.153+0000] {processor.py:840} INFO - DAG(s) 'eu_fsf_sanc' retrieved from /opt/airflow/dags/eu_fsf_sanc_dag.py
[2026-06-03T09:09:44.327+0000] {logging_mixin.py:188} INFO - [2026-06-03T09:09:44.316+0000] {dag.py:3047} INFO - Sync 1 DAGs
[2026-06-03T09:09:44.462+0000] {logging_mixin.py:188} INFO - [2026-06-03T09:09:44.462+0000] {dag.py:3834} INFO - Setting next_dagrun for eu_fsf_sanc to 2026-06-03 00:00:00+00:00, run_after=2026-06-04 00:00:00+00:00
[2026-06-03T09:09:44.541+0000] {processor.py:183} INFO - Processing /opt/airflow/dags/eu_fsf_sanc_dag.py took 0.813 seconds
[2026-06-03T09:10:14.990+0000] {processor.py:161} INFO - Started process (PID=6933) to work on /opt/airflow/dags/eu_fsf_sanc_dag.py
[2026-06-03T09:10:14.993+0000] {processor.py:830} INFO - Processing file /opt/airflow/dags/eu_fsf_sanc_dag.py for tasks to queue
[2026-06-03T09:10:14.996+0000] {logging_mixin.py:188} INFO - [2026-06-03T09:10:14.995+0000] {dagbag.py:540} INFO - Filling up the DagBag from /opt/airflow/dags/eu_fsf_sanc_dag.py
[2026-06-03T09:10:15.068+0000] {processor.py:840} INFO - DAG(s) 'eu_fsf_sanc' retrieved from /opt/airflow/dags/eu_fsf_sanc_dag.py
[2026-06-03T09:10:15.145+0000] {logging_mixin.py:188} INFO - [2026-06-03T09:10:15.145+0000] {dag.py:3047} INFO - Sync 1 DAGs
[2026-06-03T09:10:15.217+0000] {logging_mixin.py:188} INFO - [2026-06-03T09:10:15.217+0000] {dag.py:3834} INFO - Setting next_dagrun for eu_fsf_sanc to 2026-06-03 00:00:00+00:00, run_after=2026-06-04 00:00:00+00:00
[2026-06-03T09:10:15.293+0000] {processor.py:183} INFO - Processing /opt/airflow/dags/eu_fsf_sanc_dag.py took 0.315 seconds
[2026-06-03T09:10:45.980+0000] {processor.py:161} INFO - Started process (PID=6963) to work on /opt/airflow/dags/eu_fsf_sanc_dag.py
[2026-06-03T09:10:45.983+0000] {processor.py:830} INFO - Processing file /opt/airflow/dags/eu_fsf_sanc_dag.py for tasks to queue
[2026-06-03T09:10:45.987+0000] {logging_mixin.py:188} INFO - [2026-06-03T09:10:45.986+0000] {dagbag.py:540} INFO - Filling up the DagBag from /opt/airflow/dags/eu_fsf_sanc_dag.py
[2026-06-03T09:10:46.070+0000] {processor.py:840} INFO - DAG(s) 'eu_fsf_sanc' retrieved from /opt/airflow/dags/eu_fsf_sanc_dag.py
[2026-06-03T09:10:46.156+0000] {logging_mixin.py:188} INFO - [2026-06-03T09:10:46.156+0000] {dag.py:3047} INFO - Sync 1 DAGs
[2026-06-03T09:10:46.328+0000] {logging_mixin.py:188} INFO - [2026-06-03T09:10:46.325+0000] {dag.py:3834} INFO - Setting next_dagrun for eu_fsf_sanc to 2026-06-03 00:00:00+00:00, run_after=2026-06-04 00:00:00+00:00
[2026-06-03T09:10:46.638+0000] {processor.py:183} INFO - Processing /opt/airflow/dags/eu_fsf_sanc_dag.py took 0.669 seconds
[2026-06-03T09:11:19.345+0000] {processor.py:161} INFO - Started process (PID=6993) to work on /opt/airflow/dags/eu_fsf_sanc_dag.py
[2026-06-03T09:11:19.371+0000] {processor.py:830} INFO - Processing file /opt/airflow/dags/eu_fsf_sanc_dag.py for tasks to queue
[2026-06-03T09:11:19.386+0000] {logging_mixin.py:188} INFO - [2026-06-03T09:11:19.385+0000] {dagbag.py:540} INFO - Filling up the DagBag from /opt/airflow/dags/eu_fsf_sanc_dag.py
[2026-06-03T09:11:21.274+0000] {processor.py:840} INFO - DAG(s) 'eu_fsf_sanc' retrieved from /opt/airflow/dags/eu_fsf_sanc_dag.py
[2026-06-03T09:11:21.610+0000] {logging_mixin.py:188} INFO - [2026-06-03T09:11:21.609+0000] {dag.py:3047} INFO - Sync 1 DAGs
[2026-06-03T09:11:21.866+0000] {logging_mixin.py:188} INFO - [2026-06-03T09:11:21.865+0000] {dag.py:3834} INFO - Setting next_dagrun for eu_fsf_sanc to 2026-06-03 00:00:00+00:00, run_after=2026-06-04 00:00:00+00:00
[2026-06-03T09:11:22.139+0000] {processor.py:183} INFO - Processing /opt/airflow/dags/eu_fsf_sanc_dag.py took 2.817 seconds
[2026-06-03T09:11:58.144+0000] {processor.py:161} INFO - Started process (PID=7025) to work on /opt/airflow/dags/eu_fsf_sanc_dag.py
[2026-06-03T09:11:58.217+0000] {processor.py:830} INFO - Processing file /opt/airflow/dags/eu_fsf_sanc_dag.py for tasks to queue
[2026-06-03T09:11:58.220+0000] {logging_mixin.py:188} INFO - [2026-06-03T09:11:58.219+0000] {dagbag.py:540} INFO - Filling up the DagBag from /opt/airflow/dags/eu_fsf_sanc_dag.py
[2026-06-03T09:11:59.914+0000] {processor.py:840} INFO - DAG(s) 'eu_fsf_sanc' retrieved from /opt/airflow/dags/eu_fsf_sanc_dag.py
[2026-06-03T09:12:00.447+0000] {logging_mixin.py:188} INFO - [2026-06-03T09:12:00.446+0000] {dag.py:3047} INFO - Sync 1 DAGs
[2026-06-03T09:12:01.060+0000] {logging_mixin.py:188} INFO - [2026-06-03T09:12:01.059+0000] {dag.py:3834} INFO - Setting next_dagrun for eu_fsf_sanc to 2026-06-03 00:00:00+00:00, run_after=2026-06-04 00:00:00+00:00
[2026-06-03T09:12:01.559+0000] {processor.py:183} INFO - Processing /opt/airflow/dags/eu_fsf_sanc_dag.py took 3.434 seconds
[2026-06-03T09:12:32.708+0000] {processor.py:161} INFO - Started process (PID=7055) to work on /opt/airflow/dags/eu_fsf_sanc_dag.py
[2026-06-03T09:12:32.720+0000] {processor.py:830} INFO - Processing file /opt/airflow/dags/eu_fsf_sanc_dag.py for tasks to queue
[2026-06-03T09:12:32.728+0000] {logging_mixin.py:188} INFO - [2026-06-03T09:12:32.727+0000] {dagbag.py:540} INFO - Filling up the DagBag from /opt/airflow/dags/eu_fsf_sanc_dag.py
[2026-06-03T09:12:32.799+0000] {processor.py:840} INFO - DAG(s) 'eu_fsf_sanc' retrieved from /opt/airflow/dags/eu_fsf_sanc_dag.py
[2026-06-03T09:12:32.878+0000] {logging_mixin.py:188} INFO - [2026-06-03T09:12:32.877+0000] {dag.py:3047} INFO - Sync 1 DAGs
[2026-06-03T09:12:32.953+0000] {logging_mixin.py:188} INFO - [2026-06-03T09:12:32.953+0000] {dag.py:3834} INFO - Setting next_dagrun for eu_fsf_sanc to 2026-06-03 00:00:00+00:00, run_after=2026-06-04 00:00:00+00:00
[2026-06-03T09:12:33.011+0000] {processor.py:183} INFO - Processing /opt/airflow/dags/eu_fsf_sanc_dag.py took 0.321 seconds
[2026-06-03T09:13:03.913+0000] {processor.py:161} INFO - Started process (PID=7085) to work on /opt/airflow/dags/eu_fsf_sanc_dag.py
[2026-06-03T09:13:03.924+0000] {processor.py:830} INFO - Processing file /opt/airflow/dags/eu_fsf_sanc_dag.py for tasks to queue
[2026-06-03T09:13:03.959+0000] {logging_mixin.py:188} INFO - [2026-06-03T09:13:03.958+0000] {dagbag.py:540} INFO - Filling up the DagBag from /opt/airflow/dags/eu_fsf_sanc_dag.py
[2026-06-03T09:13:04.017+0000] {processor.py:840} INFO - DAG(s) 'eu_fsf_sanc' retrieved from /opt/airflow/dags/eu_fsf_sanc_dag.py
[2026-06-03T09:13:04.084+0000] {logging_mixin.py:188} INFO - [2026-06-03T09:13:04.083+0000] {dag.py:3047} INFO - Sync 1 DAGs
[2026-06-03T09:13:04.146+0000] {logging_mixin.py:188} INFO - [2026-06-03T09:13:04.146+0000] {dag.py:3834} INFO - Setting next_dagrun for eu_fsf_sanc to 2026-06-03 00:00:00+00:00, run_after=2026-06-04 00:00:00+00:00
[2026-06-03T09:13:04.203+0000] {processor.py:183} INFO - Processing /opt/airflow/dags/eu_fsf_sanc_dag.py took 0.309 seconds
[2026-06-03T09:13:34.501+0000] {processor.py:161} INFO - Started process (PID=7115) to work on /opt/airflow/dags/eu_fsf_sanc_dag.py
[2026-06-03T09:13:34.503+0000] {processor.py:830} INFO - Processing file /opt/airflow/dags/eu_fsf_sanc_dag.py for tasks to queue
[2026-06-03T09:13:34.506+0000] {logging_mixin.py:188} INFO - [2026-06-03T09:13:34.506+0000] {dagbag.py:540} INFO - Filling up the DagBag from /opt/airflow/dags/eu_fsf_sanc_dag.py
[2026-06-03T09:13:34.565+0000] {processor.py:840} INFO - DAG(s) 'eu_fsf_sanc' retrieved from /opt/airflow/dags/eu_fsf_sanc_dag.py
[2026-06-03T09:13:34.638+0000] {logging_mixin.py:188} INFO - [2026-06-03T09:13:34.637+0000] {dag.py:3047} INFO - Sync 1 DAGs
[2026-06-03T09:13:34.733+0000] {logging_mixin.py:188} INFO - [2026-06-03T09:13:34.732+0000] {dag.py:3834} INFO - Setting next_dagrun for eu_fsf_sanc to 2026-06-03 00:00:00+00:00, run_after=2026-06-04 00:00:00+00:00
[2026-06-03T09:13:34.789+0000] {processor.py:183} INFO - Processing /opt/airflow/dags/eu_fsf_sanc_dag.py took 0.298 seconds
[2026-06-03T09:14:05.771+0000] {processor.py:161} INFO - Started process (PID=7145) to work on /opt/airflow/dags/eu_fsf_sanc_dag.py
[2026-06-03T09:14:05.774+0000] {processor.py:830} INFO - Processing file /opt/airflow/dags/eu_fsf_sanc_dag.py for tasks to queue
[2026-06-03T09:14:05.778+0000] {logging_mixin.py:188} INFO - [2026-06-03T09:14:05.777+0000] {dagbag.py:540} INFO - Filling up the DagBag from /opt/airflow/dags/eu_fsf_sanc_dag.py
[2026-06-03T09:14:05.834+0000] {processor.py:840} INFO - DAG(s) 'eu_fsf_sanc' retrieved from /opt/airflow/dags/eu_fsf_sanc_dag.py
[2026-06-03T09:14:05.944+0000] {logging_mixin.py:188} INFO - [2026-06-03T09:14:05.944+0000] {dag.py:3047} INFO - Sync 1 DAGs
[2026-06-03T09:14:06.011+0000] {logging_mixin.py:188} INFO - [2026-06-03T09:14:06.011+0000] {dag.py:3834} INFO - Setting next_dagrun for eu_fsf_sanc to 2026-06-03 00:00:00+00:00, run_after=2026-06-04 00:00:00+00:00
[2026-06-03T09:14:06.065+0000] {processor.py:183} INFO - Processing /opt/airflow/dags/eu_fsf_sanc_dag.py took 0.304 seconds
[2026-06-03T09:14:37.908+0000] {processor.py:161} INFO - Started process (PID=7173) to work on /opt/airflow/dags/eu_fsf_sanc_dag.py
[2026-06-03T09:14:37.924+0000] {processor.py:830} INFO - Processing file /opt/airflow/dags/eu_fsf_sanc_dag.py for tasks to queue
[2026-06-03T09:14:37.932+0000] {logging_mixin.py:188} INFO - [2026-06-03T09:14:37.930+0000] {dagbag.py:540} INFO - Filling up the DagBag from /opt/airflow/dags/eu_fsf_sanc_dag.py
[2026-06-03T09:14:38.043+0000] {processor.py:840} INFO - DAG(s) 'eu_fsf_sanc' retrieved from /opt/airflow/dags/eu_fsf_sanc_dag.py
[2026-06-03T09:14:38.141+0000] {logging_mixin.py:188} INFO - [2026-06-03T09:14:38.141+0000] {dag.py:3047} INFO - Sync 1 DAGs
[2026-06-03T09:14:38.247+0000] {logging_mixin.py:188} INFO - [2026-06-03T09:14:38.246+0000] {dag.py:3834} INFO - Setting next_dagrun for eu_fsf_sanc to 2026-06-03 00:00:00+00:00, run_after=2026-06-04 00:00:00+00:00
[2026-06-03T09:14:38.323+0000] {processor.py:183} INFO - Processing /opt/airflow/dags/eu_fsf_sanc_dag.py took 0.437 seconds
[2026-06-03T09:15:10.003+0000] {processor.py:161} INFO - Started process (PID=7203) to work on /opt/airflow/dags/eu_fsf_sanc_dag.py
[2026-06-03T09:15:10.007+0000] {processor.py:830} INFO - Processing file /opt/airflow/dags/eu_fsf_sanc_dag.py for tasks to queue
[2026-06-03T09:15:10.010+0000] {logging_mixin.py:188} INFO - [2026-06-03T09:15:10.009+0000] {dagbag.py:540} INFO - Filling up the DagBag from /opt/airflow/dags/eu_fsf_sanc_dag.py
[2026-06-03T09:15:10.116+0000] {processor.py:840} INFO - DAG(s) 'eu_fsf_sanc' retrieved from /opt/airflow/dags/eu_fsf_sanc_dag.py
[2026-06-03T09:15:10.215+0000] {logging_mixin.py:188} INFO - [2026-06-03T09:15:10.214+0000] {dag.py:3047} INFO - Sync 1 DAGs
[2026-06-03T09:15:10.294+0000] {logging_mixin.py:188} INFO - [2026-06-03T09:15:10.294+0000] {dag.py:3834} INFO - Setting next_dagrun for eu_fsf_sanc to 2026-06-03 00:00:00+00:00, run_after=2026-06-04 00:00:00+00:00
[2026-06-03T09:15:10.381+0000] {processor.py:183} INFO - Processing /opt/airflow/dags/eu_fsf_sanc_dag.py took 0.390 seconds
[2026-06-03T09:15:43.034+0000] {processor.py:161} INFO - Started process (PID=7233) to work on /opt/airflow/dags/eu_fsf_sanc_dag.py
[2026-06-03T09:15:43.061+0000] {processor.py:830} INFO - Processing file /opt/airflow/dags/eu_fsf_sanc_dag.py for tasks to queue
[2026-06-03T09:15:43.067+0000] {logging_mixin.py:188} INFO - [2026-06-03T09:15:43.066+0000] {dagbag.py:540} INFO - Filling up the DagBag from /opt/airflow/dags/eu_fsf_sanc_dag.py
[2026-06-03T09:15:43.147+0000] {processor.py:840} INFO - DAG(s) 'eu_fsf_sanc' retrieved from /opt/airflow/dags/eu_fsf_sanc_dag.py
[2026-06-03T09:15:43.237+0000] {logging_mixin.py:188} INFO - [2026-06-03T09:15:43.236+0000] {dag.py:3047} INFO - Sync 1 DAGs
[2026-06-03T09:15:43.329+0000] {logging_mixin.py:188} INFO - [2026-06-03T09:15:43.327+0000] {dag.py:3834} INFO - Setting next_dagrun for eu_fsf_sanc to 2026-06-03 00:00:00+00:00, run_after=2026-06-04 00:00:00+00:00
[2026-06-03T09:15:43.459+0000] {processor.py:183} INFO - Processing /opt/airflow/dags/eu_fsf_sanc_dag.py took 0.435 seconds
[2026-06-03T09:16:13.993+0000] {processor.py:161} INFO - Started process (PID=7263) to work on /opt/airflow/dags/eu_fsf_sanc_dag.py
[2026-06-03T09:16:13.998+0000] {processor.py:830} INFO - Processing file /opt/airflow/dags/eu_fsf_sanc_dag.py for tasks to queue
[2026-06-03T09:16:14.002+0000] {logging_mixin.py:188} INFO - [2026-06-03T09:16:14.001+0000] {dagbag.py:540} INFO - Filling up the DagBag from /opt/airflow/dags/eu_fsf_sanc_dag.py
[2026-06-03T09:16:14.066+0000] {processor.py:840} INFO - DAG(s) 'eu_fsf_sanc' retrieved from /opt/airflow/dags/eu_fsf_sanc_dag.py
[2026-06-03T09:16:14.145+0000] {logging_mixin.py:188} INFO - [2026-06-03T09:16:14.145+0000] {dag.py:3047} INFO - Sync 1 DAGs
[2026-06-03T09:16:14.219+0000] {logging_mixin.py:188} INFO - [2026-06-03T09:16:14.218+0000] {dag.py:3834} INFO - Setting next_dagrun for eu_fsf_sanc to 2026-06-03 00:00:00+00:00, run_after=2026-06-04 00:00:00+00:00
[2026-06-03T09:16:14.345+0000] {processor.py:183} INFO - Processing /opt/airflow/dags/eu_fsf_sanc_dag.py took 0.366 seconds
[2026-06-03T09:16:45.199+0000] {processor.py:161} INFO - Started process (PID=7293) to work on /opt/airflow/dags/eu_fsf_sanc_dag.py
[2026-06-03T09:16:45.204+0000] {processor.py:830} INFO - Processing file /opt/airflow/dags/eu_fsf_sanc_dag.py for tasks to queue
[2026-06-03T09:16:45.207+0000] {logging_mixin.py:188} INFO - [2026-06-03T09:16:45.207+0000] {dagbag.py:540} INFO - Filling up the DagBag from /opt/airflow/dags/eu_fsf_sanc_dag.py
[2026-06-03T09:16:45.275+0000] {processor.py:840} INFO - DAG(s) 'eu_fsf_sanc' retrieved from /opt/airflow/dags/eu_fsf_sanc_dag.py
[2026-06-03T09:16:45.351+0000] {logging_mixin.py:188} INFO - [2026-06-03T09:16:45.351+0000] {dag.py:3047} INFO - Sync 1 DAGs
[2026-06-03T09:16:45.514+0000] {logging_mixin.py:188} INFO - [2026-06-03T09:16:45.501+0000] {dag.py:3834} INFO - Setting next_dagrun for eu_fsf_sanc to 2026-06-03 00:00:00+00:00, run_after=2026-06-04 00:00:00+00:00
[2026-06-03T09:16:45.768+0000] {processor.py:183} INFO - Processing /opt/airflow/dags/eu_fsf_sanc_dag.py took 0.581 seconds
[2026-06-03T09:17:16.056+0000] {processor.py:161} INFO - Started process (PID=7323) to work on /opt/airflow/dags/eu_fsf_sanc_dag.py
[2026-06-03T09:17:16.060+0000] {processor.py:830} INFO - Processing file /opt/airflow/dags/eu_fsf_sanc_dag.py for tasks to queue
[2026-06-03T09:17:16.064+0000] {logging_mixin.py:188} INFO - [2026-06-03T09:17:16.063+0000] {dagbag.py:540} INFO - Filling up the DagBag from /opt/airflow/dags/eu_fsf_sanc_dag.py
[2026-06-03T09:17:16.140+0000] {processor.py:840} INFO - DAG(s) 'eu_fsf_sanc' retrieved from /opt/airflow/dags/eu_fsf_sanc_dag.py
[2026-06-03T09:17:16.228+0000] {logging_mixin.py:188} INFO - [2026-06-03T09:17:16.228+0000] {dag.py:3047} INFO - Sync 1 DAGs
[2026-06-03T09:17:16.303+0000] {logging_mixin.py:188} INFO - [2026-06-03T09:17:16.303+0000] {dag.py:3834} INFO - Setting next_dagrun for eu_fsf_sanc to 2026-06-03 00:00:00+00:00, run_after=2026-06-04 00:00:00+00:00
[2026-06-03T09:17:16.388+0000] {processor.py:183} INFO - Processing /opt/airflow/dags/eu_fsf_sanc_dag.py took 0.351 seconds
[2026-06-03T09:17:47.065+0000] {processor.py:161} INFO - Started process (PID=7353) to work on /opt/airflow/dags/eu_fsf_sanc_dag.py
[2026-06-03T09:17:47.074+0000] {processor.py:830} INFO - Processing file /opt/airflow/dags/eu_fsf_sanc_dag.py for tasks to queue
[2026-06-03T09:17:47.081+0000] {logging_mixin.py:188} INFO - [2026-06-03T09:17:47.079+0000] {dagbag.py:540} INFO - Filling up the DagBag from /opt/airflow/dags/eu_fsf_sanc_dag.py
[2026-06-03T09:17:47.265+0000] {processor.py:840} INFO - DAG(s) 'eu_fsf_sanc' retrieved from /opt/airflow/dags/eu_fsf_sanc_dag.py
[2026-06-03T09:17:47.344+0000] {logging_mixin.py:188} INFO - [2026-06-03T09:17:47.343+0000] {dag.py:3047} INFO - Sync 1 DAGs
[2026-06-03T09:17:47.410+0000] {logging_mixin.py:188} INFO - [2026-06-03T09:17:47.410+0000] {dag.py:3834} INFO - Setting next_dagrun for eu_fsf_sanc to 2026-06-03 00:00:00+00:00, run_after=2026-06-04 00:00:00+00:00
[2026-06-03T09:17:47.523+0000] {processor.py:183} INFO - Processing /opt/airflow/dags/eu_fsf_sanc_dag.py took 0.487 seconds
[2026-06-03T09:18:17.870+0000] {processor.py:161} INFO - Started process (PID=7383) to work on /opt/airflow/dags/eu_fsf_sanc_dag.py
[2026-06-03T09:18:17.874+0000] {processor.py:830} INFO - Processing file /opt/airflow/dags/eu_fsf_sanc_dag.py for tasks to queue
[2026-06-03T09:18:17.878+0000] {logging_mixin.py:188} INFO - [2026-06-03T09:18:17.877+0000] {dagbag.py:540} INFO - Filling up the DagBag from /opt/airflow/dags/eu_fsf_sanc_dag.py
[2026-06-03T09:18:17.954+0000] {processor.py:840} INFO - DAG(s) 'eu_fsf_sanc' retrieved from /opt/airflow/dags/eu_fsf_sanc_dag.py
[2026-06-03T09:18:18.070+0000] {logging_mixin.py:188} INFO - [2026-06-03T09:18:18.069+0000] {dag.py:3047} INFO - Sync 1 DAGs
[2026-06-03T09:18:18.224+0000] {logging_mixin.py:188} INFO - [2026-06-03T09:18:18.223+0000] {dag.py:3834} INFO - Setting next_dagrun for eu_fsf_sanc to 2026-06-03 00:00:00+00:00, run_after=2026-06-04 00:00:00+00:00
[2026-06-03T09:18:18.469+0000] {processor.py:183} INFO - Processing /opt/airflow/dags/eu_fsf_sanc_dag.py took 0.614 seconds
[2026-06-03T09:18:51.196+0000] {processor.py:161} INFO - Started process (PID=7413) to work on /opt/airflow/dags/eu_fsf_sanc_dag.py
[2026-06-03T09:18:51.216+0000] {processor.py:830} INFO - Processing file /opt/airflow/dags/eu_fsf_sanc_dag.py for tasks to queue
[2026-06-03T09:18:51.232+0000] {logging_mixin.py:188} INFO - [2026-06-03T09:18:51.230+0000] {dagbag.py:540} INFO - Filling up the DagBag from /opt/airflow/dags/eu_fsf_sanc_dag.py
[2026-06-03T09:18:51.487+0000] {processor.py:840} INFO - DAG(s) 'eu_fsf_sanc' retrieved from /opt/airflow/dags/eu_fsf_sanc_dag.py
[2026-06-03T09:18:52.199+0000] {logging_mixin.py:188} INFO - [2026-06-03T09:18:52.197+0000] {dag.py:3047} INFO - Sync 1 DAGs
[2026-06-03T09:18:52.873+0000] {logging_mixin.py:188} INFO - [2026-06-03T09:18:52.872+0000] {dag.py:3834} INFO - Setting next_dagrun for eu_fsf_sanc to 2026-06-03 00:00:00+00:00, run_after=2026-06-04 00:00:00+00:00
[2026-06-03T09:18:53.702+0000] {processor.py:183} INFO - Processing /opt/airflow/dags/eu_fsf_sanc_dag.py took 2.560 seconds
[2026-06-03T09:19:25.839+0000] {processor.py:161} INFO - Started process (PID=7443) to work on /opt/airflow/dags/eu_fsf_sanc_dag.py
[2026-06-03T09:19:25.857+0000] {processor.py:830} INFO - Processing file /opt/airflow/dags/eu_fsf_sanc_dag.py for tasks to queue
[2026-06-03T09:19:25.870+0000] {logging_mixin.py:188} INFO - [2026-06-03T09:19:25.869+0000] {dagbag.py:540} INFO - Filling up the DagBag from /opt/airflow/dags/eu_fsf_sanc_dag.py
[2026-06-03T09:19:26.250+0000] {processor.py:840} INFO - DAG(s) 'eu_fsf_sanc' retrieved from /opt/airflow/dags/eu_fsf_sanc_dag.py
[2026-06-03T09:19:27.019+0000] {logging_mixin.py:188} INFO - [2026-06-03T09:19:27.019+0000] {dag.py:3047} INFO - Sync 1 DAGs
[2026-06-03T09:19:27.281+0000] {logging_mixin.py:188} INFO - [2026-06-03T09:19:27.280+0000] {dag.py:3834} INFO - Setting next_dagrun for eu_fsf_sanc to 2026-06-03 00:00:00+00:00, run_after=2026-06-04 00:00:00+00:00
[2026-06-03T09:19:27.728+0000] {processor.py:183} INFO - Processing /opt/airflow/dags/eu_fsf_sanc_dag.py took 2.034 seconds
[2026-06-03T09:19:59.995+0000] {processor.py:161} INFO - Started process (PID=7475) to work on /opt/airflow/dags/eu_fsf_sanc_dag.py
[2026-06-03T09:20:00.013+0000] {processor.py:830} INFO - Processing file /opt/airflow/dags/eu_fsf_sanc_dag.py for tasks to queue
[2026-06-03T09:20:00.033+0000] {logging_mixin.py:188} INFO - [2026-06-03T09:20:00.032+0000] {dagbag.py:540} INFO - Filling up the DagBag from /opt/airflow/dags/eu_fsf_sanc_dag.py
[2026-06-03T09:20:00.168+0000] {processor.py:840} INFO - DAG(s) 'eu_fsf_sanc' retrieved from /opt/airflow/dags/eu_fsf_sanc_dag.py
[2026-06-03T09:20:00.238+0000] {logging_mixin.py:188} INFO - [2026-06-03T09:20:00.237+0000] {dag.py:3047} INFO - Sync 1 DAGs
[2026-06-03T09:20:00.313+0000] {logging_mixin.py:188} INFO - [2026-06-03T09:20:00.312+0000] {dag.py:3834} INFO - Setting next_dagrun for eu_fsf_sanc to 2026-06-03 00:00:00+00:00, run_after=2026-06-04 00:00:00+00:00
[2026-06-03T09:20:00.372+0000] {processor.py:183} INFO - Processing /opt/airflow/dags/eu_fsf_sanc_dag.py took 0.388 seconds
[2026-06-03T09:20:31.208+0000] {processor.py:161} INFO - Started process (PID=7505) to work on /opt/airflow/dags/eu_fsf_sanc_dag.py
[2026-06-03T09:20:31.212+0000] {processor.py:830} INFO - Processing file /opt/airflow/dags/eu_fsf_sanc_dag.py for tasks to queue
[2026-06-03T09:20:31.216+0000] {logging_mixin.py:188} INFO - [2026-06-03T09:20:31.215+0000] {dagbag.py:540} INFO - Filling up the DagBag from /opt/airflow/dags/eu_fsf_sanc_dag.py
[2026-06-03T09:20:31.294+0000] {processor.py:840} INFO - DAG(s) 'eu_fsf_sanc' retrieved from /opt/airflow/dags/eu_fsf_sanc_dag.py
[2026-06-03T09:20:31.371+0000] {logging_mixin.py:188} INFO - [2026-06-03T09:20:31.371+0000] {dag.py:3047} INFO - Sync 1 DAGs
[2026-06-03T09:20:31.466+0000] {logging_mixin.py:188} INFO - [2026-06-03T09:20:31.465+0000] {dag.py:3834} INFO - Setting next_dagrun for eu_fsf_sanc to 2026-06-03 00:00:00+00:00, run_after=2026-06-04 00:00:00+00:00
[2026-06-03T09:20:31.602+0000] {processor.py:183} INFO - Processing /opt/airflow/dags/eu_fsf_sanc_dag.py took 0.404 seconds
[2026-06-03T09:21:03.452+0000] {processor.py:161} INFO - Started process (PID=7533) to work on /opt/airflow/dags/eu_fsf_sanc_dag.py
[2026-06-03T09:21:03.468+0000] {processor.py:830} INFO - Processing file /opt/airflow/dags/eu_fsf_sanc_dag.py for tasks to queue
[2026-06-03T09:21:03.493+0000] {logging_mixin.py:188} INFO - [2026-06-03T09:21:03.489+0000] {dagbag.py:540} INFO - Filling up the DagBag from /opt/airflow/dags/eu_fsf_sanc_dag.py
[2026-06-03T09:21:05.024+0000] {processor.py:840} INFO - DAG(s) 'eu_fsf_sanc' retrieved from /opt/airflow/dags/eu_fsf_sanc_dag.py
[2026-06-03T09:21:05.232+0000] {logging_mixin.py:188} INFO - [2026-06-03T09:21:05.232+0000] {dag.py:3047} INFO - Sync 1 DAGs
[2026-06-03T09:21:05.408+0000] {logging_mixin.py:188} INFO - [2026-06-03T09:21:05.407+0000] {dag.py:3834} INFO - Setting next_dagrun for eu_fsf_sanc to 2026-06-03 00:00:00+00:00, run_after=2026-06-04 00:00:00+00:00
[2026-06-03T09:21:05.646+0000] {processor.py:183} INFO - Processing /opt/airflow/dags/eu_fsf_sanc_dag.py took 2.224 seconds
[2026-06-03T09:21:37.724+0000] {processor.py:161} INFO - Started process (PID=7563) to work on /opt/airflow/dags/eu_fsf_sanc_dag.py
[2026-06-03T09:21:37.756+0000] {processor.py:830} INFO - Processing file /opt/airflow/dags/eu_fsf_sanc_dag.py for tasks to queue
[2026-06-03T09:21:37.824+0000] {logging_mixin.py:188} INFO - [2026-06-03T09:21:37.823+0000] {dagbag.py:540} INFO - Filling up the DagBag from /opt/airflow/dags/eu_fsf_sanc_dag.py
[2026-06-03T09:21:38.927+0000] {processor.py:840} INFO - DAG(s) 'eu_fsf_sanc' retrieved from /opt/airflow/dags/eu_fsf_sanc_dag.py
[2026-06-03T09:21:39.107+0000] {logging_mixin.py:188} INFO - [2026-06-03T09:21:39.106+0000] {dag.py:3047} INFO - Sync 1 DAGs
[2026-06-03T09:21:39.333+0000] {logging_mixin.py:188} INFO - [2026-06-03T09:21:39.333+0000] {dag.py:3834} INFO - Setting next_dagrun for eu_fsf_sanc to 2026-06-03 00:00:00+00:00, run_after=2026-06-04 00:00:00+00:00
[2026-06-03T09:21:39.611+0000] {processor.py:183} INFO - Processing /opt/airflow/dags/eu_fsf_sanc_dag.py took 1.922 seconds
[2026-06-03T09:22:10.375+0000] {processor.py:161} INFO - Started process (PID=7595) to work on /opt/airflow/dags/eu_fsf_sanc_dag.py
[2026-06-03T09:22:10.379+0000] {processor.py:830} INFO - Processing file /opt/airflow/dags/eu_fsf_sanc_dag.py for tasks to queue
[2026-06-03T09:22:10.383+0000] {logging_mixin.py:188} INFO - [2026-06-03T09:22:10.382+0000] {dagbag.py:540} INFO - Filling up the DagBag from /opt/airflow/dags/eu_fsf_sanc_dag.py
[2026-06-03T09:22:10.449+0000] {processor.py:840} INFO - DAG(s) 'eu_fsf_sanc' retrieved from /opt/airflow/dags/eu_fsf_sanc_dag.py
[2026-06-03T09:22:10.575+0000] {logging_mixin.py:188} INFO - [2026-06-03T09:22:10.575+0000] {dag.py:3047} INFO - Sync 1 DAGs
[2026-06-03T09:22:10.647+0000] {logging_mixin.py:188} INFO - [2026-06-03T09:22:10.647+0000] {dag.py:3834} INFO - Setting next_dagrun for eu_fsf_sanc to 2026-06-03 00:00:00+00:00, run_after=2026-06-04 00:00:00+00:00
[2026-06-03T09:22:10.725+0000] {processor.py:183} INFO - Processing /opt/airflow/dags/eu_fsf_sanc_dag.py took 0.360 seconds
[2026-06-03T09:22:49.669+0000] {processor.py:161} INFO - Started process (PID=7625) to work on /opt/airflow/dags/eu_fsf_sanc_dag.py
[2026-06-03T09:22:49.854+0000] {processor.py:830} INFO - Processing file /opt/airflow/dags/eu_fsf_sanc_dag.py for tasks to queue
[2026-06-03T09:22:49.924+0000] {logging_mixin.py:188} INFO - [2026-06-03T09:22:49.923+0000] {dagbag.py:540} INFO - Filling up the DagBag from /opt/airflow/dags/eu_fsf_sanc_dag.py
[2026-06-03T09:22:51.775+0000] {processor.py:840} INFO - DAG(s) 'eu_fsf_sanc' retrieved from /opt/airflow/dags/eu_fsf_sanc_dag.py
[2026-06-03T09:22:51.916+0000] {logging_mixin.py:188} INFO - [2026-06-03T09:22:51.916+0000] {dag.py:3047} INFO - Sync 1 DAGs
[2026-06-03T09:22:52.096+0000] {logging_mixin.py:188} INFO - [2026-06-03T09:22:52.095+0000] {dag.py:3834} INFO - Setting next_dagrun for eu_fsf_sanc to 2026-06-03 00:00:00+00:00, run_after=2026-06-04 00:00:00+00:00
[2026-06-03T09:22:52.319+0000] {processor.py:183} INFO - Processing /opt/airflow/dags/eu_fsf_sanc_dag.py took 2.686 seconds
[2026-06-03T09:23:27.514+0000] {processor.py:161} INFO - Started process (PID=7653) to work on /opt/airflow/dags/eu_fsf_sanc_dag.py
[2026-06-03T09:23:27.595+0000] {processor.py:830} INFO - Processing file /opt/airflow/dags/eu_fsf_sanc_dag.py for tasks to queue
[2026-06-03T09:23:27.676+0000] {logging_mixin.py:188} INFO - [2026-06-03T09:23:27.675+0000] {dagbag.py:540} INFO - Filling up the DagBag from /opt/airflow/dags/eu_fsf_sanc_dag.py
[2026-06-03T09:23:29.416+0000] {processor.py:840} INFO - DAG(s) 'eu_fsf_sanc' retrieved from /opt/airflow/dags/eu_fsf_sanc_dag.py
[2026-06-03T09:23:29.886+0000] {logging_mixin.py:188} INFO - [2026-06-03T09:23:29.885+0000] {dag.py:3047} INFO - Sync 1 DAGs
[2026-06-03T09:23:30.399+0000] {logging_mixin.py:188} INFO - [2026-06-03T09:23:30.399+0000] {dag.py:3834} INFO - Setting next_dagrun for eu_fsf_sanc to 2026-06-03 00:00:00+00:00, run_after=2026-06-04 00:00:00+00:00
[2026-06-03T09:23:31.821+0000] {processor.py:183} INFO - Processing /opt/airflow/dags/eu_fsf_sanc_dag.py took 4.862 seconds
[2026-06-03T09:24:02.591+0000] {processor.py:161} INFO - Started process (PID=7683) to work on /opt/airflow/dags/eu_fsf_sanc_dag.py
[2026-06-03T09:24:02.601+0000] {processor.py:830} INFO - Processing file /opt/airflow/dags/eu_fsf_sanc_dag.py for tasks to queue
[2026-06-03T09:24:02.615+0000] {logging_mixin.py:188} INFO - [2026-06-03T09:24:02.614+0000] {dagbag.py:540} INFO - Filling up the DagBag from /opt/airflow/dags/eu_fsf_sanc_dag.py
[2026-06-03T09:24:03.092+0000] {processor.py:840} INFO - DAG(s) 'eu_fsf_sanc' retrieved from /opt/airflow/dags/eu_fsf_sanc_dag.py
[2026-06-03T09:24:03.231+0000] {logging_mixin.py:188} INFO - [2026-06-03T09:24:03.231+0000] {dag.py:3047} INFO - Sync 1 DAGs
[2026-06-03T09:24:03.324+0000] {logging_mixin.py:188} INFO - [2026-06-03T09:24:03.323+0000] {dag.py:3834} INFO - Setting next_dagrun for eu_fsf_sanc to 2026-06-03 00:00:00+00:00, run_after=2026-06-04 00:00:00+00:00
[2026-06-03T09:24:04.207+0000] {processor.py:183} INFO - Processing /opt/airflow/dags/eu_fsf_sanc_dag.py took 1.653 seconds
[2026-06-03T09:24:41.053+0000] {processor.py:161} INFO - Started process (PID=7710) to work on /opt/airflow/dags/eu_fsf_sanc_dag.py
[2026-06-03T09:24:41.126+0000] {processor.py:830} INFO - Processing file /opt/airflow/dags/eu_fsf_sanc_dag.py for tasks to queue
[2026-06-03T09:24:41.263+0000] {logging_mixin.py:188} INFO - [2026-06-03T09:24:41.262+0000] {dagbag.py:540} INFO - Filling up the DagBag from /opt/airflow/dags/eu_fsf_sanc_dag.py
[2026-06-03T09:24:44.249+0000] {processor.py:840} INFO - DAG(s) 'eu_fsf_sanc' retrieved from /opt/airflow/dags/eu_fsf_sanc_dag.py
[2026-06-03T09:24:44.428+0000] {logging_mixin.py:188} INFO - [2026-06-03T09:24:44.428+0000] {dag.py:3047} INFO - Sync 1 DAGs
[2026-06-03T09:24:44.711+0000] {logging_mixin.py:188} INFO - [2026-06-03T09:24:44.710+0000] {dag.py:3834} INFO - Setting next_dagrun for eu_fsf_sanc to 2026-06-03 00:00:00+00:00, run_after=2026-06-04 00:00:00+00:00
[2026-06-03T09:24:44.956+0000] {processor.py:183} INFO - Processing /opt/airflow/dags/eu_fsf_sanc_dag.py took 3.952 seconds
[2026-06-03T09:25:19.092+0000] {processor.py:161} INFO - Started process (PID=7740) to work on /opt/airflow/dags/eu_fsf_sanc_dag.py
[2026-06-03T09:25:19.120+0000] {processor.py:830} INFO - Processing file /opt/airflow/dags/eu_fsf_sanc_dag.py for tasks to queue
[2026-06-03T09:25:19.136+0000] {logging_mixin.py:188} INFO - [2026-06-03T09:25:19.135+0000] {dagbag.py:540} INFO - Filling up the DagBag from /opt/airflow/dags/eu_fsf_sanc_dag.py
[2026-06-03T09:25:19.478+0000] {processor.py:840} INFO - DAG(s) 'eu_fsf_sanc' retrieved from /opt/airflow/dags/eu_fsf_sanc_dag.py
[2026-06-03T09:25:19.702+0000] {logging_mixin.py:188} INFO - [2026-06-03T09:25:19.701+0000] {dag.py:3047} INFO - Sync 1 DAGs
[2026-06-03T09:25:20.941+0000] {logging_mixin.py:188} INFO - [2026-06-03T09:25:20.940+0000] {dag.py:3834} INFO - Setting next_dagrun for eu_fsf_sanc to 2026-06-03 00:00:00+00:00, run_after=2026-06-04 00:00:00+00:00
[2026-06-03T09:25:21.696+0000] {processor.py:183} INFO - Processing /opt/airflow/dags/eu_fsf_sanc_dag.py took 2.613 seconds
[2026-06-03T09:25:52.530+0000] {processor.py:161} INFO - Started process (PID=7773) to work on /opt/airflow/dags/eu_fsf_sanc_dag.py
[2026-06-03T09:25:52.541+0000] {processor.py:830} INFO - Processing file /opt/airflow/dags/eu_fsf_sanc_dag.py for tasks to queue
[2026-06-03T09:25:52.552+0000] {logging_mixin.py:188} INFO - [2026-06-03T09:25:52.544+0000] {dagbag.py:540} INFO - Filling up the DagBag from /opt/airflow/dags/eu_fsf_sanc_dag.py
[2026-06-03T09:25:52.857+0000] {processor.py:840} INFO - DAG(s) 'eu_fsf_sanc' retrieved from /opt/airflow/dags/eu_fsf_sanc_dag.py
[2026-06-03T09:25:53.194+0000] {logging_mixin.py:188} INFO - [2026-06-03T09:25:53.181+0000] {dag.py:3047} INFO - Sync 1 DAGs
[2026-06-03T09:25:53.534+0000] {logging_mixin.py:188} INFO - [2026-06-03T09:25:53.534+0000] {dag.py:3834} INFO - Setting next_dagrun for eu_fsf_sanc to 2026-06-03 00:00:00+00:00, run_after=2026-06-04 00:00:00+00:00
[2026-06-03T09:25:53.712+0000] {processor.py:183} INFO - Processing /opt/airflow/dags/eu_fsf_sanc_dag.py took 1.193 seconds
[2026-06-03T09:26:24.132+0000] {processor.py:161} INFO - Started process (PID=7803) to work on /opt/airflow/dags/eu_fsf_sanc_dag.py
[2026-06-03T09:26:24.135+0000] {processor.py:830} INFO - Processing file /opt/airflow/dags/eu_fsf_sanc_dag.py for tasks to queue
[2026-06-03T09:26:24.139+0000] {logging_mixin.py:188} INFO - [2026-06-03T09:26:24.138+0000] {dagbag.py:540} INFO - Filling up the DagBag from /opt/airflow/dags/eu_fsf_sanc_dag.py
[2026-06-03T09:26:24.233+0000] {processor.py:840} INFO - DAG(s) 'eu_fsf_sanc' retrieved from /opt/airflow/dags/eu_fsf_sanc_dag.py
[2026-06-03T09:26:24.308+0000] {logging_mixin.py:188} INFO - [2026-06-03T09:26:24.307+0000] {dag.py:3047} INFO - Sync 1 DAGs
[2026-06-03T09:26:24.381+0000] {logging_mixin.py:188} INFO - [2026-06-03T09:26:24.380+0000] {dag.py:3834} INFO - Setting next_dagrun for eu_fsf_sanc to 2026-06-03 00:00:00+00:00, run_after=2026-06-04 00:00:00+00:00
[2026-06-03T09:26:24.544+0000] {processor.py:183} INFO - Processing /opt/airflow/dags/eu_fsf_sanc_dag.py took 0.425 seconds
[2026-06-03T09:26:55.382+0000] {processor.py:161} INFO - Started process (PID=7833) to work on /opt/airflow/dags/eu_fsf_sanc_dag.py
[2026-06-03T09:26:55.386+0000] {processor.py:830} INFO - Processing file /opt/airflow/dags/eu_fsf_sanc_dag.py for tasks to queue
[2026-06-03T09:26:55.391+0000] {logging_mixin.py:188} INFO - [2026-06-03T09:26:55.390+0000] {dagbag.py:540} INFO - Filling up the DagBag from /opt/airflow/dags/eu_fsf_sanc_dag.py
[2026-06-03T09:26:55.460+0000] {processor.py:840} INFO - DAG(s) 'eu_fsf_sanc' retrieved from /opt/airflow/dags/eu_fsf_sanc_dag.py
[2026-06-03T09:26:55.533+0000] {logging_mixin.py:188} INFO - [2026-06-03T09:26:55.532+0000] {dag.py:3047} INFO - Sync 1 DAGs
[2026-06-03T09:26:55.613+0000] {logging_mixin.py:188} INFO - [2026-06-03T09:26:55.612+0000] {dag.py:3834} INFO - Setting next_dagrun for eu_fsf_sanc to 2026-06-03 00:00:00+00:00, run_after=2026-06-04 00:00:00+00:00
[2026-06-03T09:26:55.941+0000] {processor.py:183} INFO - Processing /opt/airflow/dags/eu_fsf_sanc_dag.py took 0.572 seconds
[2026-06-03T09:27:26.381+0000] {processor.py:161} INFO - Started process (PID=7863) to work on /opt/airflow/dags/eu_fsf_sanc_dag.py
[2026-06-03T09:27:26.385+0000] {processor.py:830} INFO - Processing file /opt/airflow/dags/eu_fsf_sanc_dag.py for tasks to queue
[2026-06-03T09:27:26.391+0000] {logging_mixin.py:188} INFO - [2026-06-03T09:27:26.390+0000] {dagbag.py:540} INFO - Filling up the DagBag from /opt/airflow/dags/eu_fsf_sanc_dag.py
[2026-06-03T09:27:26.454+0000] {processor.py:840} INFO - DAG(s) 'eu_fsf_sanc' retrieved from /opt/airflow/dags/eu_fsf_sanc_dag.py
[2026-06-03T09:27:26.551+0000] {logging_mixin.py:188} INFO - [2026-06-03T09:27:26.551+0000] {dag.py:3047} INFO - Sync 1 DAGs
[2026-06-03T09:27:26.631+0000] {logging_mixin.py:188} INFO - [2026-06-03T09:27:26.630+0000] {dag.py:3834} INFO - Setting next_dagrun for eu_fsf_sanc to 2026-06-03 00:00:00+00:00, run_after=2026-06-04 00:00:00+00:00
[2026-06-03T09:27:26.687+0000] {processor.py:183} INFO - Processing /opt/airflow/dags/eu_fsf_sanc_dag.py took 0.318 seconds
[2026-06-03T09:27:57.841+0000] {processor.py:161} INFO - Started process (PID=7893) to work on /opt/airflow/dags/eu_fsf_sanc_dag.py
[2026-06-03T09:27:57.844+0000] {processor.py:830} INFO - Processing file /opt/airflow/dags/eu_fsf_sanc_dag.py for tasks to queue
[2026-06-03T09:27:57.847+0000] {logging_mixin.py:188} INFO - [2026-06-03T09:27:57.846+0000] {dagbag.py:540} INFO - Filling up the DagBag from /opt/airflow/dags/eu_fsf_sanc_dag.py
[2026-06-03T09:27:57.908+0000] {processor.py:840} INFO - DAG(s) 'eu_fsf_sanc' retrieved from /opt/airflow/dags/eu_fsf_sanc_dag.py
[2026-06-03T09:27:57.987+0000] {logging_mixin.py:188} INFO - [2026-06-03T09:27:57.986+0000] {dag.py:3047} INFO - Sync 1 DAGs
[2026-06-03T09:27:58.050+0000] {logging_mixin.py:188} INFO - [2026-06-03T09:27:58.050+0000] {dag.py:3834} INFO - Setting next_dagrun for eu_fsf_sanc to 2026-06-03 00:00:00+00:00, run_after=2026-06-04 00:00:00+00:00
[2026-06-03T09:27:58.102+0000] {processor.py:183} INFO - Processing /opt/airflow/dags/eu_fsf_sanc_dag.py took 0.271 seconds
[2026-06-03T09:28:29.800+0000] {processor.py:161} INFO - Started process (PID=7923) to work on /opt/airflow/dags/eu_fsf_sanc_dag.py
[2026-06-03T09:28:29.817+0000] {processor.py:830} INFO - Processing file /opt/airflow/dags/eu_fsf_sanc_dag.py for tasks to queue
[2026-06-03T09:28:29.840+0000] {logging_mixin.py:188} INFO - [2026-06-03T09:28:29.839+0000] {dagbag.py:540} INFO - Filling up the DagBag from /opt/airflow/dags/eu_fsf_sanc_dag.py
[2026-06-03T09:28:30.942+0000] {processor.py:840} INFO - DAG(s) 'eu_fsf_sanc' retrieved from /opt/airflow/dags/eu_fsf_sanc_dag.py
[2026-06-03T09:28:31.214+0000] {logging_mixin.py:188} INFO - [2026-06-03T09:28:31.213+0000] {dag.py:3047} INFO - Sync 1 DAGs
[2026-06-03T09:28:31.523+0000] {logging_mixin.py:188} INFO - [2026-06-03T09:28:31.522+0000] {dag.py:3834} INFO - Setting next_dagrun for eu_fsf_sanc to 2026-06-03 00:00:00+00:00, run_after=2026-06-04 00:00:00+00:00
[2026-06-03T09:28:32.598+0000] {processor.py:183} INFO - Processing /opt/airflow/dags/eu_fsf_sanc_dag.py took 2.806 seconds
[2026-06-03T09:29:04.614+0000] {processor.py:161} INFO - Started process (PID=7953) to work on /opt/airflow/dags/eu_fsf_sanc_dag.py
[2026-06-03T09:29:04.630+0000] {processor.py:830} INFO - Processing file /opt/airflow/dags/eu_fsf_sanc_dag.py for tasks to queue
[2026-06-03T09:29:04.637+0000] {logging_mixin.py:188} INFO - [2026-06-03T09:29:04.636+0000] {dagbag.py:540} INFO - Filling up the DagBag from /opt/airflow/dags/eu_fsf_sanc_dag.py
[2026-06-03T09:29:05.246+0000] {processor.py:840} INFO - DAG(s) 'eu_fsf_sanc' retrieved from /opt/airflow/dags/eu_fsf_sanc_dag.py
[2026-06-03T09:29:05.493+0000] {logging_mixin.py:188} INFO - [2026-06-03T09:29:05.492+0000] {dag.py:3047} INFO - Sync 1 DAGs
[2026-06-03T09:29:06.562+0000] {logging_mixin.py:188} INFO - [2026-06-03T09:29:06.550+0000] {dag.py:3834} INFO - Setting next_dagrun for eu_fsf_sanc to 2026-06-03 00:00:00+00:00, run_after=2026-06-04 00:00:00+00:00
[2026-06-03T09:29:06.849+0000] {processor.py:183} INFO - Processing /opt/airflow/dags/eu_fsf_sanc_dag.py took 2.269 seconds
[2026-06-03T09:29:44.837+0000] {processor.py:161} INFO - Started process (PID=7983) to work on /opt/airflow/dags/eu_fsf_sanc_dag.py
[2026-06-03T09:29:44.867+0000] {processor.py:830} INFO - Processing file /opt/airflow/dags/eu_fsf_sanc_dag.py for tasks to queue
[2026-06-03T09:29:44.871+0000] {logging_mixin.py:188} INFO - [2026-06-03T09:29:44.870+0000] {dagbag.py:540} INFO - Filling up the DagBag from /opt/airflow/dags/eu_fsf_sanc_dag.py
[2026-06-03T09:29:46.563+0000] {processor.py:840} INFO - DAG(s) 'eu_fsf_sanc' retrieved from /opt/airflow/dags/eu_fsf_sanc_dag.py
[2026-06-03T09:29:46.926+0000] {logging_mixin.py:188} INFO - [2026-06-03T09:29:46.925+0000] {dag.py:3047} INFO - Sync 1 DAGs
[2026-06-03T09:29:47.361+0000] {logging_mixin.py:188} INFO - [2026-06-03T09:29:47.360+0000] {dag.py:3834} INFO - Setting next_dagrun for eu_fsf_sanc to 2026-06-03 00:00:00+00:00, run_after=2026-06-04 00:00:00+00:00
[2026-06-03T09:29:48.000+0000] {processor.py:183} INFO - Processing /opt/airflow/dags/eu_fsf_sanc_dag.py took 3.182 seconds
[2026-06-03T09:30:19.228+0000] {processor.py:161} INFO - Started process (PID=8015) to work on /opt/airflow/dags/eu_fsf_sanc_dag.py
[2026-06-03T09:30:19.246+0000] {processor.py:830} INFO - Processing file /opt/airflow/dags/eu_fsf_sanc_dag.py for tasks to queue
[2026-06-03T09:30:19.250+0000] {logging_mixin.py:188} INFO - [2026-06-03T09:30:19.250+0000] {dagbag.py:540} INFO - Filling up the DagBag from /opt/airflow/dags/eu_fsf_sanc_dag.py
[2026-06-03T09:30:19.349+0000] {processor.py:840} INFO - DAG(s) 'eu_fsf_sanc' retrieved from /opt/airflow/dags/eu_fsf_sanc_dag.py
[2026-06-03T09:30:19.416+0000] {logging_mixin.py:188} INFO - [2026-06-03T09:30:19.415+0000] {dag.py:3047} INFO - Sync 1 DAGs
[2026-06-03T09:30:19.478+0000] {logging_mixin.py:188} INFO - [2026-06-03T09:30:19.477+0000] {dag.py:3834} INFO - Setting next_dagrun for eu_fsf_sanc to 2026-06-03 00:00:00+00:00, run_after=2026-06-04 00:00:00+00:00
[2026-06-03T09:30:19.580+0000] {processor.py:183} INFO - Processing /opt/airflow/dags/eu_fsf_sanc_dag.py took 0.361 seconds
[2026-06-03T09:30:53.782+0000] {processor.py:161} INFO - Started process (PID=8043) to work on /opt/airflow/dags/eu_fsf_sanc_dag.py
[2026-06-03T09:30:53.912+0000] {processor.py:830} INFO - Processing file /opt/airflow/dags/eu_fsf_sanc_dag.py for tasks to queue
[2026-06-03T09:30:53.980+0000] {logging_mixin.py:188} INFO - [2026-06-03T09:30:53.979+0000] {dagbag.py:540} INFO - Filling up the DagBag from /opt/airflow/dags/eu_fsf_sanc_dag.py
[2026-06-03T09:30:55.225+0000] {processor.py:840} INFO - DAG(s) 'eu_fsf_sanc' retrieved from /opt/airflow/dags/eu_fsf_sanc_dag.py
[2026-06-03T09:30:55.398+0000] {logging_mixin.py:188} INFO - [2026-06-03T09:30:55.397+0000] {dag.py:3047} INFO - Sync 1 DAGs
[2026-06-03T09:30:55.640+0000] {logging_mixin.py:188} INFO - [2026-06-03T09:30:55.640+0000] {dag.py:3834} INFO - Setting next_dagrun for eu_fsf_sanc to 2026-06-03 00:00:00+00:00, run_after=2026-06-04 00:00:00+00:00
[2026-06-03T09:30:55.913+0000] {processor.py:183} INFO - Processing /opt/airflow/dags/eu_fsf_sanc_dag.py took 2.144 seconds
[2026-06-03T09:31:45.630+0000] {processor.py:161} INFO - Started process (PID=8078) to work on /opt/airflow/dags/eu_fsf_sanc_dag.py
[2026-06-03T09:31:45.640+0000] {processor.py:830} INFO - Processing file /opt/airflow/dags/eu_fsf_sanc_dag.py for tasks to queue
[2026-06-03T09:31:45.699+0000] {logging_mixin.py:188} INFO - [2026-06-03T09:31:45.698+0000] {dagbag.py:540} INFO - Filling up the DagBag from /opt/airflow/dags/eu_fsf_sanc_dag.py
[2026-06-03T09:31:46.928+0000] {processor.py:840} INFO - DAG(s) 'eu_fsf_sanc' retrieved from /opt/airflow/dags/eu_fsf_sanc_dag.py
[2026-06-03T09:31:47.521+0000] {logging_mixin.py:188} INFO - [2026-06-03T09:31:47.521+0000] {dag.py:3047} INFO - Sync 1 DAGs
[2026-06-03T09:31:48.038+0000] {logging_mixin.py:188} INFO - [2026-06-03T09:31:48.036+0000] {dag.py:3834} INFO - Setting next_dagrun for eu_fsf_sanc to 2026-06-03 00:00:00+00:00, run_after=2026-06-04 00:00:00+00:00
[2026-06-03T09:31:48.456+0000] {processor.py:183} INFO - Processing /opt/airflow/dags/eu_fsf_sanc_dag.py took 2.834 seconds
[2026-06-03T09:32:18.768+0000] {processor.py:161} INFO - Started process (PID=8110) to work on /opt/airflow/dags/eu_fsf_sanc_dag.py
[2026-06-03T09:32:18.771+0000] {processor.py:830} INFO - Processing file /opt/airflow/dags/eu_fsf_sanc_dag.py for tasks to queue
[2026-06-03T09:32:18.773+0000] {logging_mixin.py:188} INFO - [2026-06-03T09:32:18.773+0000] {dagbag.py:540} INFO - Filling up the DagBag from /opt/airflow/dags/eu_fsf_sanc_dag.py
[2026-06-03T09:32:18.833+0000] {processor.py:840} INFO - DAG(s) 'eu_fsf_sanc' retrieved from /opt/airflow/dags/eu_fsf_sanc_dag.py
[2026-06-03T09:32:19.052+0000] {logging_mixin.py:188} INFO - [2026-06-03T09:32:19.051+0000] {dag.py:3047} INFO - Sync 1 DAGs
[2026-06-03T09:32:19.233+0000] {logging_mixin.py:188} INFO - [2026-06-03T09:32:19.232+0000] {dag.py:3834} INFO - Setting next_dagrun for eu_fsf_sanc to 2026-06-03 00:00:00+00:00, run_after=2026-06-04 00:00:00+00:00
[2026-06-03T09:32:19.387+0000] {processor.py:183} INFO - Processing /opt/airflow/dags/eu_fsf_sanc_dag.py took 0.629 seconds
[2026-06-03T09:32:49.911+0000] {processor.py:161} INFO - Started process (PID=8140) to work on /opt/airflow/dags/eu_fsf_sanc_dag.py
[2026-06-03T09:32:49.916+0000] {processor.py:830} INFO - Processing file /opt/airflow/dags/eu_fsf_sanc_dag.py for tasks to queue
[2026-06-03T09:32:49.921+0000] {logging_mixin.py:188} INFO - [2026-06-03T09:32:49.920+0000] {dagbag.py:540} INFO - Filling up the DagBag from /opt/airflow/dags/eu_fsf_sanc_dag.py
[2026-06-03T09:32:50.011+0000] {processor.py:840} INFO - DAG(s) 'eu_fsf_sanc' retrieved from /opt/airflow/dags/eu_fsf_sanc_dag.py
[2026-06-03T09:32:50.152+0000] {logging_mixin.py:188} INFO - [2026-06-03T09:32:50.151+0000] {dag.py:3047} INFO - Sync 1 DAGs
[2026-06-03T09:32:50.272+0000] {logging_mixin.py:188} INFO - [2026-06-03T09:32:50.271+0000] {dag.py:3834} INFO - Setting next_dagrun for eu_fsf_sanc to 2026-06-03 00:00:00+00:00, run_after=2026-06-04 00:00:00+00:00
[2026-06-03T09:32:50.352+0000] {processor.py:183} INFO - Processing /opt/airflow/dags/eu_fsf_sanc_dag.py took 0.456 seconds
[2026-06-03T09:33:20.814+0000] {processor.py:161} INFO - Started process (PID=8170) to work on /opt/airflow/dags/eu_fsf_sanc_dag.py
[2026-06-03T09:33:20.817+0000] {processor.py:830} INFO - Processing file /opt/airflow/dags/eu_fsf_sanc_dag.py for tasks to queue
[2026-06-03T09:33:20.820+0000] {logging_mixin.py:188} INFO - [2026-06-03T09:33:20.819+0000] {dagbag.py:540} INFO - Filling up the DagBag from /opt/airflow/dags/eu_fsf_sanc_dag.py
[2026-06-03T09:33:20.871+0000] {processor.py:840} INFO - DAG(s) 'eu_fsf_sanc' retrieved from /opt/airflow/dags/eu_fsf_sanc_dag.py
[2026-06-03T09:33:20.942+0000] {logging_mixin.py:188} INFO - [2026-06-03T09:33:20.941+0000] {dag.py:3047} INFO - Sync 1 DAGs
[2026-06-03T09:33:21.004+0000] {logging_mixin.py:188} INFO - [2026-06-03T09:33:21.004+0000] {dag.py:3834} INFO - Setting next_dagrun for eu_fsf_sanc to 2026-06-03 00:00:00+00:00, run_after=2026-06-04 00:00:00+00:00
[2026-06-03T09:33:21.060+0000] {processor.py:183} INFO - Processing /opt/airflow/dags/eu_fsf_sanc_dag.py took 0.256 seconds
[2026-06-03T09:33:51.371+0000] {processor.py:161} INFO - Started process (PID=8200) to work on /opt/airflow/dags/eu_fsf_sanc_dag.py
[2026-06-03T09:33:51.375+0000] {processor.py:830} INFO - Processing file /opt/airflow/dags/eu_fsf_sanc_dag.py for tasks to queue
[2026-06-03T09:33:51.378+0000] {logging_mixin.py:188} INFO - [2026-06-03T09:33:51.377+0000] {dagbag.py:540} INFO - Filling up the DagBag from /opt/airflow/dags/eu_fsf_sanc_dag.py
[2026-06-03T09:33:51.430+0000] {processor.py:840} INFO - DAG(s) 'eu_fsf_sanc' retrieved from /opt/airflow/dags/eu_fsf_sanc_dag.py
[2026-06-03T09:33:51.498+0000] {logging_mixin.py:188} INFO - [2026-06-03T09:33:51.497+0000] {dag.py:3047} INFO - Sync 1 DAGs
[2026-06-03T09:33:51.566+0000] {logging_mixin.py:188} INFO - [2026-06-03T09:33:51.565+0000] {dag.py:3834} INFO - Setting next_dagrun for eu_fsf_sanc to 2026-06-03 00:00:00+00:00, run_after=2026-06-04 00:00:00+00:00
[2026-06-03T09:33:51.618+0000] {processor.py:183} INFO - Processing /opt/airflow/dags/eu_fsf_sanc_dag.py took 0.256 seconds
[2026-06-03T09:34:21.955+0000] {processor.py:161} INFO - Started process (PID=8230) to work on /opt/airflow/dags/eu_fsf_sanc_dag.py
[2026-06-03T09:34:21.958+0000] {processor.py:830} INFO - Processing file /opt/airflow/dags/eu_fsf_sanc_dag.py for tasks to queue
[2026-06-03T09:34:21.961+0000] {logging_mixin.py:188} INFO - [2026-06-03T09:34:21.960+0000] {dagbag.py:540} INFO - Filling up the DagBag from /opt/airflow/dags/eu_fsf_sanc_dag.py
[2026-06-03T09:34:22.012+0000] {processor.py:840} INFO - DAG(s) 'eu_fsf_sanc' retrieved from /opt/airflow/dags/eu_fsf_sanc_dag.py
[2026-06-03T09:34:22.092+0000] {logging_mixin.py:188} INFO - [2026-06-03T09:34:22.091+0000] {dag.py:3047} INFO - Sync 1 DAGs
[2026-06-03T09:34:22.164+0000] {logging_mixin.py:188} INFO - [2026-06-03T09:34:22.163+0000] {dag.py:3834} INFO - Setting next_dagrun for eu_fsf_sanc to 2026-06-03 00:00:00+00:00, run_after=2026-06-04 00:00:00+00:00
[2026-06-03T09:34:22.211+0000] {processor.py:183} INFO - Processing /opt/airflow/dags/eu_fsf_sanc_dag.py took 0.266 seconds
[2026-06-03T09:34:53.180+0000] {processor.py:161} INFO - Started process (PID=8260) to work on /opt/airflow/dags/eu_fsf_sanc_dag.py
[2026-06-03T09:34:53.183+0000] {processor.py:830} INFO - Processing file /opt/airflow/dags/eu_fsf_sanc_dag.py for tasks to queue
[2026-06-03T09:34:53.185+0000] {logging_mixin.py:188} INFO - [2026-06-03T09:34:53.185+0000] {dagbag.py:540} INFO - Filling up the DagBag from /opt/airflow/dags/eu_fsf_sanc_dag.py
[2026-06-03T09:34:53.235+0000] {processor.py:840} INFO - DAG(s) 'eu_fsf_sanc' retrieved from /opt/airflow/dags/eu_fsf_sanc_dag.py
[2026-06-03T09:34:53.297+0000] {logging_mixin.py:188} INFO - [2026-06-03T09:34:53.297+0000] {dag.py:3047} INFO - Sync 1 DAGs
[2026-06-03T09:34:53.357+0000] {logging_mixin.py:188} INFO - [2026-06-03T09:34:53.357+0000] {dag.py:3834} INFO - Setting next_dagrun for eu_fsf_sanc to 2026-06-03 00:00:00+00:00, run_after=2026-06-04 00:00:00+00:00
[2026-06-03T09:34:53.409+0000] {processor.py:183} INFO - Processing /opt/airflow/dags/eu_fsf_sanc_dag.py took 0.241 seconds
[2026-06-03T09:35:23.885+0000] {processor.py:161} INFO - Started process (PID=8290) to work on /opt/airflow/dags/eu_fsf_sanc_dag.py
[2026-06-03T09:35:23.887+0000] {processor.py:830} INFO - Processing file /opt/airflow/dags/eu_fsf_sanc_dag.py for tasks to queue
[2026-06-03T09:35:23.890+0000] {logging_mixin.py:188} INFO - [2026-06-03T09:35:23.889+0000] {dagbag.py:540} INFO - Filling up the DagBag from /opt/airflow/dags/eu_fsf_sanc_dag.py
[2026-06-03T09:35:23.949+0000] {processor.py:840} INFO - DAG(s) 'eu_fsf_sanc' retrieved from /opt/airflow/dags/eu_fsf_sanc_dag.py
[2026-06-03T09:35:24.019+0000] {logging_mixin.py:188} INFO - [2026-06-03T09:35:24.018+0000] {dag.py:3047} INFO - Sync 1 DAGs
[2026-06-03T09:35:24.081+0000] {logging_mixin.py:188} INFO - [2026-06-03T09:35:24.080+0000] {dag.py:3834} INFO - Setting next_dagrun for eu_fsf_sanc to 2026-06-03 00:00:00+00:00, run_after=2026-06-04 00:00:00+00:00
[2026-06-03T09:35:24.139+0000] {processor.py:183} INFO - Processing /opt/airflow/dags/eu_fsf_sanc_dag.py took 0.264 seconds
[2026-06-03T09:35:54.498+0000] {processor.py:161} INFO - Started process (PID=8320) to work on /opt/airflow/dags/eu_fsf_sanc_dag.py
[2026-06-03T09:35:54.500+0000] {processor.py:830} INFO - Processing file /opt/airflow/dags/eu_fsf_sanc_dag.py for tasks to queue
[2026-06-03T09:35:54.502+0000] {logging_mixin.py:188} INFO - [2026-06-03T09:35:54.502+0000] {dagbag.py:540} INFO - Filling up the DagBag from /opt/airflow/dags/eu_fsf_sanc_dag.py
[2026-06-03T09:35:54.555+0000] {processor.py:840} INFO - DAG(s) 'eu_fsf_sanc' retrieved from /opt/airflow/dags/eu_fsf_sanc_dag.py
[2026-06-03T09:35:54.628+0000] {logging_mixin.py:188} INFO - [2026-06-03T09:35:54.628+0000] {dag.py:3047} INFO - Sync 1 DAGs
[2026-06-03T09:35:54.690+0000] {logging_mixin.py:188} INFO - [2026-06-03T09:35:54.690+0000] {dag.py:3834} INFO - Setting next_dagrun for eu_fsf_sanc to 2026-06-03 00:00:00+00:00, run_after=2026-06-04 00:00:00+00:00
[2026-06-03T09:35:54.740+0000] {processor.py:183} INFO - Processing /opt/airflow/dags/eu_fsf_sanc_dag.py took 0.252 seconds
[2026-06-03T09:36:24.995+0000] {processor.py:161} INFO - Started process (PID=8350) to work on /opt/airflow/dags/eu_fsf_sanc_dag.py
[2026-06-03T09:36:24.998+0000] {processor.py:830} INFO - Processing file /opt/airflow/dags/eu_fsf_sanc_dag.py for tasks to queue
[2026-06-03T09:36:25.001+0000] {logging_mixin.py:188} INFO - [2026-06-03T09:36:25.000+0000] {dagbag.py:540} INFO - Filling up the DagBag from /opt/airflow/dags/eu_fsf_sanc_dag.py
[2026-06-03T09:36:25.055+0000] {processor.py:840} INFO - DAG(s) 'eu_fsf_sanc' retrieved from /opt/airflow/dags/eu_fsf_sanc_dag.py
[2026-06-03T09:36:25.121+0000] {logging_mixin.py:188} INFO - [2026-06-03T09:36:25.120+0000] {dag.py:3047} INFO - Sync 1 DAGs
[2026-06-03T09:36:25.181+0000] {logging_mixin.py:188} INFO - [2026-06-03T09:36:25.180+0000] {dag.py:3834} INFO - Setting next_dagrun for eu_fsf_sanc to 2026-06-03 00:00:00+00:00, run_after=2026-06-04 00:00:00+00:00
[2026-06-03T09:36:25.234+0000] {processor.py:183} INFO - Processing /opt/airflow/dags/eu_fsf_sanc_dag.py took 0.248 seconds
[2026-06-03T09:36:55.713+0000] {processor.py:161} INFO - Started process (PID=8378) to work on /opt/airflow/dags/eu_fsf_sanc_dag.py
[2026-06-03T09:36:55.717+0000] {processor.py:830} INFO - Processing file /opt/airflow/dags/eu_fsf_sanc_dag.py for tasks to queue
[2026-06-03T09:36:55.720+0000] {logging_mixin.py:188} INFO - [2026-06-03T09:36:55.720+0000] {dagbag.py:540} INFO - Filling up the DagBag from /opt/airflow/dags/eu_fsf_sanc_dag.py
[2026-06-03T09:36:55.777+0000] {processor.py:840} INFO - DAG(s) 'eu_fsf_sanc' retrieved from /opt/airflow/dags/eu_fsf_sanc_dag.py
[2026-06-03T09:36:55.851+0000] {logging_mixin.py:188} INFO - [2026-06-03T09:36:55.850+0000] {dag.py:3047} INFO - Sync 1 DAGs
[2026-06-03T09:36:55.919+0000] {logging_mixin.py:188} INFO - [2026-06-03T09:36:55.918+0000] {dag.py:3834} INFO - Setting next_dagrun for eu_fsf_sanc to 2026-06-03 00:00:00+00:00, run_after=2026-06-04 00:00:00+00:00
[2026-06-03T09:36:55.996+0000] {processor.py:183} INFO - Processing /opt/airflow/dags/eu_fsf_sanc_dag.py took 0.295 seconds
[2026-06-03T09:37:26.245+0000] {processor.py:161} INFO - Started process (PID=8408) to work on /opt/airflow/dags/eu_fsf_sanc_dag.py
[2026-06-03T09:37:26.248+0000] {processor.py:830} INFO - Processing file /opt/airflow/dags/eu_fsf_sanc_dag.py for tasks to queue
[2026-06-03T09:37:26.251+0000] {logging_mixin.py:188} INFO - [2026-06-03T09:37:26.250+0000] {dagbag.py:540} INFO - Filling up the DagBag from /opt/airflow/dags/eu_fsf_sanc_dag.py
[2026-06-03T09:37:26.314+0000] {processor.py:840} INFO - DAG(s) 'eu_fsf_sanc' retrieved from /opt/airflow/dags/eu_fsf_sanc_dag.py
[2026-06-03T09:37:26.530+0000] {logging_mixin.py:188} INFO - [2026-06-03T09:37:26.518+0000] {dag.py:3047} INFO - Sync 1 DAGs
[2026-06-03T09:37:26.773+0000] {logging_mixin.py:188} INFO - [2026-06-03T09:37:26.773+0000] {dag.py:3834} INFO - Setting next_dagrun for eu_fsf_sanc to 2026-06-03 00:00:00+00:00, run_after=2026-06-04 00:00:00+00:00
[2026-06-03T09:37:27.034+0000] {processor.py:183} INFO - Processing /opt/airflow/dags/eu_fsf_sanc_dag.py took 0.808 seconds
[2026-06-03T09:37:57.802+0000] {processor.py:161} INFO - Started process (PID=8438) to work on /opt/airflow/dags/eu_fsf_sanc_dag.py
[2026-06-03T09:37:57.807+0000] {processor.py:830} INFO - Processing file /opt/airflow/dags/eu_fsf_sanc_dag.py for tasks to queue
[2026-06-03T09:37:57.810+0000] {logging_mixin.py:188} INFO - [2026-06-03T09:37:57.809+0000] {dagbag.py:540} INFO - Filling up the DagBag from /opt/airflow/dags/eu_fsf_sanc_dag.py
[2026-06-03T09:37:57.875+0000] {processor.py:840} INFO - DAG(s) 'eu_fsf_sanc' retrieved from /opt/airflow/dags/eu_fsf_sanc_dag.py
[2026-06-03T09:37:57.963+0000] {logging_mixin.py:188} INFO - [2026-06-03T09:37:57.962+0000] {dag.py:3047} INFO - Sync 1 DAGs
[2026-06-03T09:37:58.121+0000] {logging_mixin.py:188} INFO - [2026-06-03T09:37:58.107+0000] {dag.py:3834} INFO - Setting next_dagrun for eu_fsf_sanc to 2026-06-03 00:00:00+00:00, run_after=2026-06-04 00:00:00+00:00
[2026-06-03T09:37:58.315+0000] {processor.py:183} INFO - Processing /opt/airflow/dags/eu_fsf_sanc_dag.py took 0.526 seconds
[2026-06-03T09:38:28.816+0000] {processor.py:161} INFO - Started process (PID=8468) to work on /opt/airflow/dags/eu_fsf_sanc_dag.py
[2026-06-03T09:38:28.819+0000] {processor.py:830} INFO - Processing file /opt/airflow/dags/eu_fsf_sanc_dag.py for tasks to queue
[2026-06-03T09:38:28.822+0000] {logging_mixin.py:188} INFO - [2026-06-03T09:38:28.821+0000] {dagbag.py:540} INFO - Filling up the DagBag from /opt/airflow/dags/eu_fsf_sanc_dag.py
[2026-06-03T09:38:28.894+0000] {processor.py:840} INFO - DAG(s) 'eu_fsf_sanc' retrieved from /opt/airflow/dags/eu_fsf_sanc_dag.py
[2026-06-03T09:38:28.967+0000] {logging_mixin.py:188} INFO - [2026-06-03T09:38:28.966+0000] {dag.py:3047} INFO - Sync 1 DAGs
[2026-06-03T09:38:29.034+0000] {logging_mixin.py:188} INFO - [2026-06-03T09:38:29.034+0000] {dag.py:3834} INFO - Setting next_dagrun for eu_fsf_sanc to 2026-06-03 00:00:00+00:00, run_after=2026-06-04 00:00:00+00:00
[2026-06-03T09:38:29.101+0000] {processor.py:183} INFO - Processing /opt/airflow/dags/eu_fsf_sanc_dag.py took 0.301 seconds
[2026-06-03T09:38:59.716+0000] {processor.py:161} INFO - Started process (PID=8498) to work on /opt/airflow/dags/eu_fsf_sanc_dag.py
[2026-06-03T09:38:59.719+0000] {processor.py:830} INFO - Processing file /opt/airflow/dags/eu_fsf_sanc_dag.py for tasks to queue
[2026-06-03T09:38:59.738+0000] {logging_mixin.py:188} INFO - [2026-06-03T09:38:59.738+0000] {dagbag.py:540} INFO - Filling up the DagBag from /opt/airflow/dags/eu_fsf_sanc_dag.py
[2026-06-03T09:38:59.812+0000] {processor.py:840} INFO - DAG(s) 'eu_fsf_sanc' retrieved from /opt/airflow/dags/eu_fsf_sanc_dag.py
[2026-06-03T09:38:59.887+0000] {logging_mixin.py:188} INFO - [2026-06-03T09:38:59.886+0000] {dag.py:3047} INFO - Sync 1 DAGs
[2026-06-03T09:38:59.955+0000] {logging_mixin.py:188} INFO - [2026-06-03T09:38:59.954+0000] {dag.py:3834} INFO - Setting next_dagrun for eu_fsf_sanc to 2026-06-03 00:00:00+00:00, run_after=2026-06-04 00:00:00+00:00
[2026-06-03T09:39:00.007+0000] {processor.py:183} INFO - Processing /opt/airflow/dags/eu_fsf_sanc_dag.py took 0.310 seconds
[2026-06-03T09:39:30.344+0000] {processor.py:161} INFO - Started process (PID=8528) to work on /opt/airflow/dags/eu_fsf_sanc_dag.py
[2026-06-03T09:39:30.349+0000] {processor.py:830} INFO - Processing file /opt/airflow/dags/eu_fsf_sanc_dag.py for tasks to queue
[2026-06-03T09:39:30.353+0000] {logging_mixin.py:188} INFO - [2026-06-03T09:39:30.352+0000] {dagbag.py:540} INFO - Filling up the DagBag from /opt/airflow/dags/eu_fsf_sanc_dag.py
[2026-06-03T09:39:31.010+0000] {processor.py:840} INFO - DAG(s) 'eu_fsf_sanc' retrieved from /opt/airflow/dags/eu_fsf_sanc_dag.py
[2026-06-03T09:39:31.139+0000] {logging_mixin.py:188} INFO - [2026-06-03T09:39:31.138+0000] {dag.py:3047} INFO - Sync 1 DAGs
[2026-06-03T09:39:31.217+0000] {logging_mixin.py:188} INFO - [2026-06-03T09:39:31.216+0000] {dag.py:3834} INFO - Setting next_dagrun for eu_fsf_sanc to 2026-06-03 00:00:00+00:00, run_after=2026-06-04 00:00:00+00:00
[2026-06-03T09:39:31.266+0000] {processor.py:183} INFO - Processing /opt/airflow/dags/eu_fsf_sanc_dag.py took 0.936 seconds
[2026-06-03T09:40:01.589+0000] {processor.py:161} INFO - Started process (PID=8558) to work on /opt/airflow/dags/eu_fsf_sanc_dag.py
[2026-06-03T09:40:01.594+0000] {processor.py:830} INFO - Processing file /opt/airflow/dags/eu_fsf_sanc_dag.py for tasks to queue
[2026-06-03T09:40:01.597+0000] {logging_mixin.py:188} INFO - [2026-06-03T09:40:01.597+0000] {dagbag.py:540} INFO - Filling up the DagBag from /opt/airflow/dags/eu_fsf_sanc_dag.py
[2026-06-03T09:40:01.670+0000] {processor.py:840} INFO - DAG(s) 'eu_fsf_sanc' retrieved from /opt/airflow/dags/eu_fsf_sanc_dag.py
[2026-06-03T09:40:01.777+0000] {logging_mixin.py:188} INFO - [2026-06-03T09:40:01.776+0000] {dag.py:3047} INFO - Sync 1 DAGs
[2026-06-03T09:40:02.043+0000] {logging_mixin.py:188} INFO - [2026-06-03T09:40:02.042+0000] {dag.py:3834} INFO - Setting next_dagrun for eu_fsf_sanc to 2026-06-03 00:00:00+00:00, run_after=2026-06-04 00:00:00+00:00
[2026-06-03T09:40:02.259+0000] {processor.py:183} INFO - Processing /opt/airflow/dags/eu_fsf_sanc_dag.py took 0.684 seconds
