[2026-06-03T06:59:17.572+0000] {processor.py:161} INFO - Started process (PID=69) to work on /opt/airflow/dags/kaldata_dag.py
[2026-06-03T06:59:17.668+0000] {processor.py:830} INFO - Processing file /opt/airflow/dags/kaldata_dag.py for tasks to queue
[2026-06-03T06:59:17.688+0000] {logging_mixin.py:188} INFO - [2026-06-03T06:59:17.684+0000] {dagbag.py:540} INFO - Filling up the DagBag from /opt/airflow/dags/kaldata_dag.py
[2026-06-03T06:59:19.816+0000] {processor.py:840} INFO - DAG(s) 'kaldata_scraper' retrieved from /opt/airflow/dags/kaldata_dag.py
[2026-06-03T06:59:30.468+0000] {logging_mixin.py:188} INFO - [2026-06-03T06:59:30.455+0000] {dag.py:3047} INFO - Sync 1 DAGs
[2026-06-03T06:59:32.232+0000] {logging_mixin.py:188} INFO - [2026-06-03T06:59:32.230+0000] {dag.py:3834} INFO - Setting next_dagrun for kaldata_scraper to 2026-06-03 00:00:00+00:00, run_after=2026-06-04 00:00:00+00:00
[2026-06-03T06:59:37.128+0000] {processor.py:183} INFO - Processing /opt/airflow/dags/kaldata_dag.py took 19.814 seconds
[2026-06-03T07:00:49.545+0000] {processor.py:161} INFO - Started process (PID=101) to work on /opt/airflow/dags/kaldata_dag.py
[2026-06-03T07:00:49.607+0000] {processor.py:830} INFO - Processing file /opt/airflow/dags/kaldata_dag.py for tasks to queue
[2026-06-03T07:00:49.645+0000] {logging_mixin.py:188} INFO - [2026-06-03T07:00:49.644+0000] {dagbag.py:540} INFO - Filling up the DagBag from /opt/airflow/dags/kaldata_dag.py
[2026-06-03T07:00:55.561+0000] {processor.py:840} INFO - DAG(s) 'kaldata_scraper' retrieved from /opt/airflow/dags/kaldata_dag.py
[2026-06-03T07:01:12.359+0000] {logging_mixin.py:188} INFO - [2026-06-03T07:01:12.358+0000] {dag.py:3047} INFO - Sync 1 DAGs
[2026-06-03T07:01:19.153+0000] {logging_mixin.py:188} INFO - [2026-06-03T07:01:19.152+0000] {dag.py:3834} INFO - Setting next_dagrun for kaldata_scraper to 2026-06-03 00:00:00+00:00, run_after=2026-06-04 00:00:00+00:00
[2026-06-03T07:01:27.473+0000] {processor.py:183} INFO - Processing /opt/airflow/dags/kaldata_dag.py took 38.008 seconds
[2026-06-03T07:02:33.451+0000] {processor.py:161} INFO - Started process (PID=132) to work on /opt/airflow/dags/kaldata_dag.py
[2026-06-03T07:02:34.003+0000] {processor.py:830} INFO - Processing file /opt/airflow/dags/kaldata_dag.py for tasks to queue
[2026-06-03T07:02:34.182+0000] {logging_mixin.py:188} INFO - [2026-06-03T07:02:34.181+0000] {dagbag.py:540} INFO - Filling up the DagBag from /opt/airflow/dags/kaldata_dag.py
[2026-06-03T07:02:48.783+0000] {processor.py:840} INFO - DAG(s) 'kaldata_scraper' retrieved from /opt/airflow/dags/kaldata_dag.py
[2026-06-03T07:02:49.416+0000] {logging_mixin.py:188} INFO - [2026-06-03T07:02:49.415+0000] {dag.py:3047} INFO - Sync 1 DAGs
[2026-06-03T07:02:51.975+0000] {logging_mixin.py:188} INFO - [2026-06-03T07:02:51.974+0000] {dag.py:3834} INFO - Setting next_dagrun for kaldata_scraper to 2026-06-03 00:00:00+00:00, run_after=2026-06-04 00:00:00+00:00
[2026-06-03T07:02:56.769+0000] {processor.py:183} INFO - Processing /opt/airflow/dags/kaldata_dag.py took 23.388 seconds
[2026-06-03T07:03:30.316+0000] {processor.py:161} INFO - Started process (PID=165) to work on /opt/airflow/dags/kaldata_dag.py
[2026-06-03T07:03:30.324+0000] {processor.py:830} INFO - Processing file /opt/airflow/dags/kaldata_dag.py for tasks to queue
[2026-06-03T07:03:30.339+0000] {logging_mixin.py:188} INFO - [2026-06-03T07:03:30.338+0000] {dagbag.py:540} INFO - Filling up the DagBag from /opt/airflow/dags/kaldata_dag.py
[2026-06-03T07:03:30.883+0000] {processor.py:840} INFO - DAG(s) 'kaldata_scraper' retrieved from /opt/airflow/dags/kaldata_dag.py
[2026-06-03T07:03:31.217+0000] {logging_mixin.py:188} INFO - [2026-06-03T07:03:31.216+0000] {dag.py:3047} INFO - Sync 1 DAGs
[2026-06-03T07:03:31.648+0000] {logging_mixin.py:188} INFO - [2026-06-03T07:03:31.621+0000] {dag.py:3834} INFO - Setting next_dagrun for kaldata_scraper to 2026-06-03 00:00:00+00:00, run_after=2026-06-04 00:00:00+00:00
[2026-06-03T07:03:33.313+0000] {processor.py:183} INFO - Processing /opt/airflow/dags/kaldata_dag.py took 3.078 seconds
[2026-06-03T07:04:18.582+0000] {processor.py:161} INFO - Started process (PID=195) to work on /opt/airflow/dags/kaldata_dag.py
[2026-06-03T07:04:18.605+0000] {processor.py:830} INFO - Processing file /opt/airflow/dags/kaldata_dag.py for tasks to queue
[2026-06-03T07:04:18.624+0000] {logging_mixin.py:188} INFO - [2026-06-03T07:04:18.621+0000] {dagbag.py:540} INFO - Filling up the DagBag from /opt/airflow/dags/kaldata_dag.py
[2026-06-03T07:04:20.577+0000] {processor.py:840} INFO - DAG(s) 'kaldata_scraper' retrieved from /opt/airflow/dags/kaldata_dag.py
[2026-06-03T07:04:22.484+0000] {logging_mixin.py:188} INFO - [2026-06-03T07:04:22.383+0000] {dag.py:3047} INFO - Sync 1 DAGs
[2026-06-03T07:04:23.806+0000] {logging_mixin.py:188} INFO - [2026-06-03T07:04:23.805+0000] {dag.py:3834} INFO - Setting next_dagrun for kaldata_scraper to 2026-06-03 00:00:00+00:00, run_after=2026-06-04 00:00:00+00:00
[2026-06-03T07:04:24.980+0000] {processor.py:183} INFO - Processing /opt/airflow/dags/kaldata_dag.py took 6.668 seconds
[2026-06-03T07:04:57.905+0000] {processor.py:161} INFO - Started process (PID=229) to work on /opt/airflow/dags/kaldata_dag.py
[2026-06-03T07:04:57.937+0000] {processor.py:830} INFO - Processing file /opt/airflow/dags/kaldata_dag.py for tasks to queue
[2026-06-03T07:04:57.954+0000] {logging_mixin.py:188} INFO - [2026-06-03T07:04:57.953+0000] {dagbag.py:540} INFO - Filling up the DagBag from /opt/airflow/dags/kaldata_dag.py
[2026-06-03T07:04:59.108+0000] {processor.py:840} INFO - DAG(s) 'kaldata_scraper' retrieved from /opt/airflow/dags/kaldata_dag.py
[2026-06-03T07:04:59.650+0000] {logging_mixin.py:188} INFO - [2026-06-03T07:04:59.641+0000] {dag.py:3047} INFO - Sync 1 DAGs
[2026-06-03T07:05:01.114+0000] {logging_mixin.py:188} INFO - [2026-06-03T07:05:01.090+0000] {dag.py:3834} INFO - Setting next_dagrun for kaldata_scraper to 2026-06-03 00:00:00+00:00, run_after=2026-06-04 00:00:00+00:00
[2026-06-03T07:05:02.562+0000] {processor.py:183} INFO - Processing /opt/airflow/dags/kaldata_dag.py took 4.703 seconds
[2026-06-03T07:05:35.701+0000] {processor.py:161} INFO - Started process (PID=259) to work on /opt/airflow/dags/kaldata_dag.py
[2026-06-03T07:05:35.747+0000] {processor.py:830} INFO - Processing file /opt/airflow/dags/kaldata_dag.py for tasks to queue
[2026-06-03T07:05:35.807+0000] {logging_mixin.py:188} INFO - [2026-06-03T07:05:35.771+0000] {dagbag.py:540} INFO - Filling up the DagBag from /opt/airflow/dags/kaldata_dag.py
[2026-06-03T07:05:36.271+0000] {processor.py:840} INFO - DAG(s) 'kaldata_scraper' retrieved from /opt/airflow/dags/kaldata_dag.py
[2026-06-03T07:05:36.665+0000] {logging_mixin.py:188} INFO - [2026-06-03T07:05:36.664+0000] {dag.py:3047} INFO - Sync 1 DAGs
[2026-06-03T07:05:37.282+0000] {logging_mixin.py:188} INFO - [2026-06-03T07:05:37.282+0000] {dag.py:3834} INFO - Setting next_dagrun for kaldata_scraper to 2026-06-03 00:00:00+00:00, run_after=2026-06-04 00:00:00+00:00
[2026-06-03T07:05:37.645+0000] {processor.py:183} INFO - Processing /opt/airflow/dags/kaldata_dag.py took 2.054 seconds
[2026-06-03T07:06:16.632+0000] {processor.py:161} INFO - Started process (PID=289) to work on /opt/airflow/dags/kaldata_dag.py
[2026-06-03T07:06:16.669+0000] {processor.py:830} INFO - Processing file /opt/airflow/dags/kaldata_dag.py for tasks to queue
[2026-06-03T07:06:16.696+0000] {logging_mixin.py:188} INFO - [2026-06-03T07:06:16.681+0000] {dagbag.py:540} INFO - Filling up the DagBag from /opt/airflow/dags/kaldata_dag.py
[2026-06-03T07:06:17.064+0000] {processor.py:840} INFO - DAG(s) 'kaldata_scraper' retrieved from /opt/airflow/dags/kaldata_dag.py
[2026-06-03T07:06:17.306+0000] {logging_mixin.py:188} INFO - [2026-06-03T07:06:17.305+0000] {dag.py:3047} INFO - Sync 1 DAGs
[2026-06-03T07:06:17.501+0000] {logging_mixin.py:188} INFO - [2026-06-03T07:06:17.501+0000] {dag.py:3834} INFO - Setting next_dagrun for kaldata_scraper to 2026-06-03 00:00:00+00:00, run_after=2026-06-04 00:00:00+00:00
[2026-06-03T07:06:18.079+0000] {processor.py:183} INFO - Processing /opt/airflow/dags/kaldata_dag.py took 1.609 seconds
[2026-06-03T07:07:04.427+0000] {processor.py:161} INFO - Started process (PID=321) to work on /opt/airflow/dags/kaldata_dag.py
[2026-06-03T07:07:04.461+0000] {processor.py:830} INFO - Processing file /opt/airflow/dags/kaldata_dag.py for tasks to queue
[2026-06-03T07:07:04.525+0000] {logging_mixin.py:188} INFO - [2026-06-03T07:07:04.523+0000] {dagbag.py:540} INFO - Filling up the DagBag from /opt/airflow/dags/kaldata_dag.py
[2026-06-03T07:07:05.832+0000] {processor.py:840} INFO - DAG(s) 'kaldata_scraper' retrieved from /opt/airflow/dags/kaldata_dag.py
[2026-06-03T07:07:06.499+0000] {logging_mixin.py:188} INFO - [2026-06-03T07:07:06.485+0000] {dag.py:3047} INFO - Sync 1 DAGs
[2026-06-03T07:07:06.899+0000] {logging_mixin.py:188} INFO - [2026-06-03T07:07:06.898+0000] {dag.py:3834} INFO - Setting next_dagrun for kaldata_scraper to 2026-06-03 00:00:00+00:00, run_after=2026-06-04 00:00:00+00:00
[2026-06-03T07:07:09.884+0000] {processor.py:183} INFO - Processing /opt/airflow/dags/kaldata_dag.py took 5.589 seconds
[2026-06-03T07:07:59.711+0000] {processor.py:161} INFO - Started process (PID=351) to work on /opt/airflow/dags/kaldata_dag.py
[2026-06-03T07:08:00.020+0000] {processor.py:830} INFO - Processing file /opt/airflow/dags/kaldata_dag.py for tasks to queue
[2026-06-03T07:08:00.331+0000] {logging_mixin.py:188} INFO - [2026-06-03T07:08:00.328+0000] {dagbag.py:540} INFO - Filling up the DagBag from /opt/airflow/dags/kaldata_dag.py
[2026-06-03T07:08:09.911+0000] {processor.py:840} INFO - DAG(s) 'kaldata_scraper' retrieved from /opt/airflow/dags/kaldata_dag.py
[2026-06-03T07:08:10.920+0000] {logging_mixin.py:188} INFO - [2026-06-03T07:08:10.920+0000] {dag.py:3047} INFO - Sync 1 DAGs
[2026-06-03T07:08:11.242+0000] {logging_mixin.py:188} INFO - [2026-06-03T07:08:11.241+0000] {dag.py:3834} INFO - Setting next_dagrun for kaldata_scraper to 2026-06-03 00:00:00+00:00, run_after=2026-06-04 00:00:00+00:00
[2026-06-03T07:08:11.962+0000] {processor.py:183} INFO - Processing /opt/airflow/dags/kaldata_dag.py took 12.274 seconds
[2026-06-03T07:09:01.131+0000] {processor.py:161} INFO - Started process (PID=380) to work on /opt/airflow/dags/kaldata_dag.py
[2026-06-03T07:09:01.241+0000] {processor.py:830} INFO - Processing file /opt/airflow/dags/kaldata_dag.py for tasks to queue
[2026-06-03T07:09:01.819+0000] {logging_mixin.py:188} INFO - [2026-06-03T07:09:01.817+0000] {dagbag.py:540} INFO - Filling up the DagBag from /opt/airflow/dags/kaldata_dag.py
[2026-06-03T07:09:16.404+0000] {processor.py:840} INFO - DAG(s) 'kaldata_scraper' retrieved from /opt/airflow/dags/kaldata_dag.py
[2026-06-03T07:09:17.257+0000] {logging_mixin.py:188} INFO - [2026-06-03T07:09:17.256+0000] {dag.py:3047} INFO - Sync 1 DAGs
[2026-06-03T07:09:17.630+0000] {logging_mixin.py:188} INFO - [2026-06-03T07:09:17.629+0000] {dag.py:3834} INFO - Setting next_dagrun for kaldata_scraper to 2026-06-03 00:00:00+00:00, run_after=2026-06-04 00:00:00+00:00
[2026-06-03T07:09:17.978+0000] {processor.py:183} INFO - Processing /opt/airflow/dags/kaldata_dag.py took 16.849 seconds
[2026-06-03T07:09:53.207+0000] {processor.py:161} INFO - Started process (PID=414) to work on /opt/airflow/dags/kaldata_dag.py
[2026-06-03T07:09:53.240+0000] {processor.py:830} INFO - Processing file /opt/airflow/dags/kaldata_dag.py for tasks to queue
[2026-06-03T07:09:53.256+0000] {logging_mixin.py:188} INFO - [2026-06-03T07:09:53.254+0000] {dagbag.py:540} INFO - Filling up the DagBag from /opt/airflow/dags/kaldata_dag.py
[2026-06-03T07:09:54.531+0000] {processor.py:840} INFO - DAG(s) 'kaldata_scraper' retrieved from /opt/airflow/dags/kaldata_dag.py
[2026-06-03T07:09:55.361+0000] {logging_mixin.py:188} INFO - [2026-06-03T07:09:55.360+0000] {dag.py:3047} INFO - Sync 1 DAGs
[2026-06-03T07:09:55.949+0000] {logging_mixin.py:188} INFO - [2026-06-03T07:09:55.949+0000] {dag.py:3834} INFO - Setting next_dagrun for kaldata_scraper to 2026-06-03 00:00:00+00:00, run_after=2026-06-04 00:00:00+00:00
[2026-06-03T07:09:56.735+0000] {processor.py:183} INFO - Processing /opt/airflow/dags/kaldata_dag.py took 3.583 seconds
[2026-06-03T07:10:49.196+0000] {processor.py:161} INFO - Started process (PID=445) to work on /opt/airflow/dags/kaldata_dag.py
[2026-06-03T07:10:49.335+0000] {processor.py:830} INFO - Processing file /opt/airflow/dags/kaldata_dag.py for tasks to queue
[2026-06-03T07:10:49.353+0000] {logging_mixin.py:188} INFO - [2026-06-03T07:10:49.352+0000] {dagbag.py:540} INFO - Filling up the DagBag from /opt/airflow/dags/kaldata_dag.py
[2026-06-03T07:10:52.134+0000] {processor.py:840} INFO - DAG(s) 'kaldata_scraper' retrieved from /opt/airflow/dags/kaldata_dag.py
[2026-06-03T07:10:54.120+0000] {logging_mixin.py:188} INFO - [2026-06-03T07:10:54.119+0000] {dag.py:3047} INFO - Sync 1 DAGs
[2026-06-03T07:10:55.006+0000] {logging_mixin.py:188} INFO - [2026-06-03T07:10:54.973+0000] {dag.py:3834} INFO - Setting next_dagrun for kaldata_scraper to 2026-06-03 00:00:00+00:00, run_after=2026-06-04 00:00:00+00:00
[2026-06-03T07:10:55.971+0000] {processor.py:183} INFO - Processing /opt/airflow/dags/kaldata_dag.py took 7.125 seconds
[2026-06-03T07:11:28.115+0000] {processor.py:161} INFO - Started process (PID=475) to work on /opt/airflow/dags/kaldata_dag.py
[2026-06-03T07:11:28.122+0000] {processor.py:830} INFO - Processing file /opt/airflow/dags/kaldata_dag.py for tasks to queue
[2026-06-03T07:11:28.129+0000] {logging_mixin.py:188} INFO - [2026-06-03T07:11:28.128+0000] {dagbag.py:540} INFO - Filling up the DagBag from /opt/airflow/dags/kaldata_dag.py
[2026-06-03T07:11:28.306+0000] {processor.py:840} INFO - DAG(s) 'kaldata_scraper' retrieved from /opt/airflow/dags/kaldata_dag.py
[2026-06-03T07:11:28.407+0000] {logging_mixin.py:188} INFO - [2026-06-03T07:11:28.406+0000] {dag.py:3047} INFO - Sync 1 DAGs
[2026-06-03T07:11:28.526+0000] {logging_mixin.py:188} INFO - [2026-06-03T07:11:28.525+0000] {dag.py:3834} INFO - Setting next_dagrun for kaldata_scraper to 2026-06-03 00:00:00+00:00, run_after=2026-06-04 00:00:00+00:00
[2026-06-03T07:11:28.598+0000] {processor.py:183} INFO - Processing /opt/airflow/dags/kaldata_dag.py took 0.507 seconds
[2026-06-03T07:12:12.264+0000] {processor.py:161} INFO - Started process (PID=505) to work on /opt/airflow/dags/kaldata_dag.py
[2026-06-03T07:12:12.296+0000] {processor.py:830} INFO - Processing file /opt/airflow/dags/kaldata_dag.py for tasks to queue
[2026-06-03T07:12:12.365+0000] {logging_mixin.py:188} INFO - [2026-06-03T07:12:12.364+0000] {dagbag.py:540} INFO - Filling up the DagBag from /opt/airflow/dags/kaldata_dag.py
[2026-06-03T07:12:15.326+0000] {processor.py:840} INFO - DAG(s) 'kaldata_scraper' retrieved from /opt/airflow/dags/kaldata_dag.py
[2026-06-03T07:12:16.339+0000] {logging_mixin.py:188} INFO - [2026-06-03T07:12:16.338+0000] {dag.py:3047} INFO - Sync 1 DAGs
[2026-06-03T07:12:17.745+0000] {logging_mixin.py:188} INFO - [2026-06-03T07:12:17.700+0000] {dag.py:3834} INFO - Setting next_dagrun for kaldata_scraper to 2026-06-03 00:00:00+00:00, run_after=2026-06-04 00:00:00+00:00
[2026-06-03T07:12:18.430+0000] {processor.py:183} INFO - Processing /opt/airflow/dags/kaldata_dag.py took 6.207 seconds
[2026-06-03T07:12:57.420+0000] {processor.py:161} INFO - Started process (PID=535) to work on /opt/airflow/dags/kaldata_dag.py
[2026-06-03T07:12:57.451+0000] {processor.py:830} INFO - Processing file /opt/airflow/dags/kaldata_dag.py for tasks to queue
[2026-06-03T07:12:57.485+0000] {logging_mixin.py:188} INFO - [2026-06-03T07:12:57.484+0000] {dagbag.py:540} INFO - Filling up the DagBag from /opt/airflow/dags/kaldata_dag.py
[2026-06-03T07:13:02.269+0000] {processor.py:840} INFO - DAG(s) 'kaldata_scraper' retrieved from /opt/airflow/dags/kaldata_dag.py
[2026-06-03T07:13:02.535+0000] {logging_mixin.py:188} INFO - [2026-06-03T07:13:02.524+0000] {dag.py:3047} INFO - Sync 1 DAGs
[2026-06-03T07:13:02.871+0000] {logging_mixin.py:188} INFO - [2026-06-03T07:13:02.870+0000] {dag.py:3834} INFO - Setting next_dagrun for kaldata_scraper to 2026-06-03 00:00:00+00:00, run_after=2026-06-04 00:00:00+00:00
[2026-06-03T07:13:03.483+0000] {processor.py:183} INFO - Processing /opt/airflow/dags/kaldata_dag.py took 6.093 seconds
[2026-06-03T07:13:51.800+0000] {processor.py:161} INFO - Started process (PID=565) to work on /opt/airflow/dags/kaldata_dag.py
[2026-06-03T07:13:51.863+0000] {processor.py:830} INFO - Processing file /opt/airflow/dags/kaldata_dag.py for tasks to queue
[2026-06-03T07:13:51.976+0000] {logging_mixin.py:188} INFO - [2026-06-03T07:13:51.944+0000] {dagbag.py:540} INFO - Filling up the DagBag from /opt/airflow/dags/kaldata_dag.py
[2026-06-03T07:13:54.298+0000] {processor.py:840} INFO - DAG(s) 'kaldata_scraper' retrieved from /opt/airflow/dags/kaldata_dag.py
[2026-06-03T07:13:54.990+0000] {logging_mixin.py:188} INFO - [2026-06-03T07:13:54.989+0000] {dag.py:3047} INFO - Sync 1 DAGs
[2026-06-03T07:13:55.964+0000] {logging_mixin.py:188} INFO - [2026-06-03T07:13:55.963+0000] {dag.py:3834} INFO - Setting next_dagrun for kaldata_scraper to 2026-06-03 00:00:00+00:00, run_after=2026-06-04 00:00:00+00:00
[2026-06-03T07:13:56.741+0000] {processor.py:183} INFO - Processing /opt/airflow/dags/kaldata_dag.py took 5.116 seconds
[2026-06-03T07:14:37.269+0000] {processor.py:161} INFO - Started process (PID=595) to work on /opt/airflow/dags/kaldata_dag.py
[2026-06-03T07:14:37.530+0000] {processor.py:830} INFO - Processing file /opt/airflow/dags/kaldata_dag.py for tasks to queue
[2026-06-03T07:14:37.726+0000] {logging_mixin.py:188} INFO - [2026-06-03T07:14:37.725+0000] {dagbag.py:540} INFO - Filling up the DagBag from /opt/airflow/dags/kaldata_dag.py
[2026-06-03T07:14:42.819+0000] {processor.py:840} INFO - DAG(s) 'kaldata_scraper' retrieved from /opt/airflow/dags/kaldata_dag.py
[2026-06-03T07:14:43.074+0000] {logging_mixin.py:188} INFO - [2026-06-03T07:14:43.073+0000] {dag.py:3047} INFO - Sync 1 DAGs
[2026-06-03T07:14:43.590+0000] {logging_mixin.py:188} INFO - [2026-06-03T07:14:43.578+0000] {dag.py:3834} INFO - Setting next_dagrun for kaldata_scraper to 2026-06-03 00:00:00+00:00, run_after=2026-06-04 00:00:00+00:00
[2026-06-03T07:14:44.471+0000] {processor.py:183} INFO - Processing /opt/airflow/dags/kaldata_dag.py took 7.279 seconds
[2026-06-03T07:15:26.353+0000] {processor.py:161} INFO - Started process (PID=625) to work on /opt/airflow/dags/kaldata_dag.py
[2026-06-03T07:15:26.824+0000] {processor.py:830} INFO - Processing file /opt/airflow/dags/kaldata_dag.py for tasks to queue
[2026-06-03T07:15:27.195+0000] {logging_mixin.py:188} INFO - [2026-06-03T07:15:27.193+0000] {dagbag.py:540} INFO - Filling up the DagBag from /opt/airflow/dags/kaldata_dag.py
[2026-06-03T07:15:30.211+0000] {processor.py:840} INFO - DAG(s) 'kaldata_scraper' retrieved from /opt/airflow/dags/kaldata_dag.py
[2026-06-03T07:15:30.484+0000] {logging_mixin.py:188} INFO - [2026-06-03T07:15:30.483+0000] {dag.py:3047} INFO - Sync 1 DAGs
[2026-06-03T07:15:31.096+0000] {logging_mixin.py:188} INFO - [2026-06-03T07:15:31.095+0000] {dag.py:3834} INFO - Setting next_dagrun for kaldata_scraper to 2026-06-03 00:00:00+00:00, run_after=2026-06-04 00:00:00+00:00
[2026-06-03T07:15:31.484+0000] {processor.py:183} INFO - Processing /opt/airflow/dags/kaldata_dag.py took 5.150 seconds
[2026-06-03T07:16:05.502+0000] {processor.py:161} INFO - Started process (PID=655) to work on /opt/airflow/dags/kaldata_dag.py
[2026-06-03T07:16:05.550+0000] {processor.py:830} INFO - Processing file /opt/airflow/dags/kaldata_dag.py for tasks to queue
[2026-06-03T07:16:05.663+0000] {logging_mixin.py:188} INFO - [2026-06-03T07:16:05.614+0000] {dagbag.py:540} INFO - Filling up the DagBag from /opt/airflow/dags/kaldata_dag.py
[2026-06-03T07:16:08.341+0000] {processor.py:840} INFO - DAG(s) 'kaldata_scraper' retrieved from /opt/airflow/dags/kaldata_dag.py
[2026-06-03T07:16:09.391+0000] {logging_mixin.py:188} INFO - [2026-06-03T07:16:09.365+0000] {dag.py:3047} INFO - Sync 1 DAGs
[2026-06-03T07:16:11.098+0000] {logging_mixin.py:188} INFO - [2026-06-03T07:16:11.098+0000] {dag.py:3834} INFO - Setting next_dagrun for kaldata_scraper to 2026-06-03 00:00:00+00:00, run_after=2026-06-04 00:00:00+00:00
[2026-06-03T07:16:12.289+0000] {processor.py:183} INFO - Processing /opt/airflow/dags/kaldata_dag.py took 7.009 seconds
[2026-06-03T07:16:43.579+0000] {processor.py:161} INFO - Started process (PID=685) to work on /opt/airflow/dags/kaldata_dag.py
[2026-06-03T07:16:43.614+0000] {processor.py:830} INFO - Processing file /opt/airflow/dags/kaldata_dag.py for tasks to queue
[2026-06-03T07:16:43.646+0000] {logging_mixin.py:188} INFO - [2026-06-03T07:16:43.635+0000] {dagbag.py:540} INFO - Filling up the DagBag from /opt/airflow/dags/kaldata_dag.py
[2026-06-03T07:16:44.126+0000] {processor.py:840} INFO - DAG(s) 'kaldata_scraper' retrieved from /opt/airflow/dags/kaldata_dag.py
[2026-06-03T07:16:45.866+0000] {logging_mixin.py:188} INFO - [2026-06-03T07:16:45.865+0000] {dag.py:3047} INFO - Sync 1 DAGs
[2026-06-03T07:16:47.542+0000] {logging_mixin.py:188} INFO - [2026-06-03T07:16:47.507+0000] {dag.py:3834} INFO - Setting next_dagrun for kaldata_scraper to 2026-06-03 00:00:00+00:00, run_after=2026-06-04 00:00:00+00:00
[2026-06-03T07:16:49.004+0000] {processor.py:183} INFO - Processing /opt/airflow/dags/kaldata_dag.py took 5.460 seconds
[2026-06-03T07:17:20.237+0000] {processor.py:161} INFO - Started process (PID=715) to work on /opt/airflow/dags/kaldata_dag.py
[2026-06-03T07:17:20.242+0000] {processor.py:830} INFO - Processing file /opt/airflow/dags/kaldata_dag.py for tasks to queue
[2026-06-03T07:17:20.252+0000] {logging_mixin.py:188} INFO - [2026-06-03T07:17:20.249+0000] {dagbag.py:540} INFO - Filling up the DagBag from /opt/airflow/dags/kaldata_dag.py
[2026-06-03T07:17:20.646+0000] {processor.py:840} INFO - DAG(s) 'kaldata_scraper' retrieved from /opt/airflow/dags/kaldata_dag.py
[2026-06-03T07:17:21.409+0000] {logging_mixin.py:188} INFO - [2026-06-03T07:17:21.408+0000] {dag.py:3047} INFO - Sync 1 DAGs
[2026-06-03T07:17:21.865+0000] {logging_mixin.py:188} INFO - [2026-06-03T07:17:21.865+0000] {dag.py:3834} INFO - Setting next_dagrun for kaldata_scraper to 2026-06-03 00:00:00+00:00, run_after=2026-06-04 00:00:00+00:00
[2026-06-03T07:17:22.299+0000] {processor.py:183} INFO - Processing /opt/airflow/dags/kaldata_dag.py took 2.087 seconds
[2026-06-03T07:17:55.019+0000] {processor.py:161} INFO - Started process (PID=746) to work on /opt/airflow/dags/kaldata_dag.py
[2026-06-03T07:17:55.023+0000] {processor.py:830} INFO - Processing file /opt/airflow/dags/kaldata_dag.py for tasks to queue
[2026-06-03T07:17:55.091+0000] {logging_mixin.py:188} INFO - [2026-06-03T07:17:55.051+0000] {dagbag.py:540} INFO - Filling up the DagBag from /opt/airflow/dags/kaldata_dag.py
[2026-06-03T07:17:56.035+0000] {processor.py:840} INFO - DAG(s) 'kaldata_scraper' retrieved from /opt/airflow/dags/kaldata_dag.py
[2026-06-03T07:17:57.852+0000] {logging_mixin.py:188} INFO - [2026-06-03T07:17:57.852+0000] {dag.py:3047} INFO - Sync 1 DAGs
[2026-06-03T07:17:58.564+0000] {logging_mixin.py:188} INFO - [2026-06-03T07:17:58.564+0000] {dag.py:3834} INFO - Setting next_dagrun for kaldata_scraper to 2026-06-03 00:00:00+00:00, run_after=2026-06-04 00:00:00+00:00
[2026-06-03T07:18:00.150+0000] {processor.py:183} INFO - Processing /opt/airflow/dags/kaldata_dag.py took 5.441 seconds
[2026-06-03T07:18:32.787+0000] {processor.py:161} INFO - Started process (PID=779) to work on /opt/airflow/dags/kaldata_dag.py
[2026-06-03T07:18:32.806+0000] {processor.py:830} INFO - Processing file /opt/airflow/dags/kaldata_dag.py for tasks to queue
[2026-06-03T07:18:32.815+0000] {logging_mixin.py:188} INFO - [2026-06-03T07:18:32.814+0000] {dagbag.py:540} INFO - Filling up the DagBag from /opt/airflow/dags/kaldata_dag.py
[2026-06-03T07:18:33.038+0000] {processor.py:840} INFO - DAG(s) 'kaldata_scraper' retrieved from /opt/airflow/dags/kaldata_dag.py
[2026-06-03T07:18:33.492+0000] {logging_mixin.py:188} INFO - [2026-06-03T07:18:33.484+0000] {dag.py:3047} INFO - Sync 1 DAGs
[2026-06-03T07:18:33.879+0000] {logging_mixin.py:188} INFO - [2026-06-03T07:18:33.878+0000] {dag.py:3834} INFO - Setting next_dagrun for kaldata_scraper to 2026-06-03 00:00:00+00:00, run_after=2026-06-04 00:00:00+00:00
[2026-06-03T07:18:34.122+0000] {processor.py:183} INFO - Processing /opt/airflow/dags/kaldata_dag.py took 1.472 seconds
[2026-06-03T07:19:04.654+0000] {processor.py:161} INFO - Started process (PID=809) to work on /opt/airflow/dags/kaldata_dag.py
[2026-06-03T07:19:04.658+0000] {processor.py:830} INFO - Processing file /opt/airflow/dags/kaldata_dag.py for tasks to queue
[2026-06-03T07:19:04.662+0000] {logging_mixin.py:188} INFO - [2026-06-03T07:19:04.661+0000] {dagbag.py:540} INFO - Filling up the DagBag from /opt/airflow/dags/kaldata_dag.py
[2026-06-03T07:19:04.836+0000] {processor.py:840} INFO - DAG(s) 'kaldata_scraper' retrieved from /opt/airflow/dags/kaldata_dag.py
[2026-06-03T07:19:05.039+0000] {logging_mixin.py:188} INFO - [2026-06-03T07:19:05.037+0000] {dag.py:3047} INFO - Sync 1 DAGs
[2026-06-03T07:19:05.229+0000] {logging_mixin.py:188} INFO - [2026-06-03T07:19:05.229+0000] {dag.py:3834} INFO - Setting next_dagrun for kaldata_scraper to 2026-06-03 00:00:00+00:00, run_after=2026-06-04 00:00:00+00:00
[2026-06-03T07:19:05.365+0000] {processor.py:183} INFO - Processing /opt/airflow/dags/kaldata_dag.py took 0.726 seconds
[2026-06-03T07:19:36.888+0000] {processor.py:161} INFO - Started process (PID=840) to work on /opt/airflow/dags/kaldata_dag.py
[2026-06-03T07:19:36.907+0000] {processor.py:830} INFO - Processing file /opt/airflow/dags/kaldata_dag.py for tasks to queue
[2026-06-03T07:19:36.926+0000] {logging_mixin.py:188} INFO - [2026-06-03T07:19:36.922+0000] {dagbag.py:540} INFO - Filling up the DagBag from /opt/airflow/dags/kaldata_dag.py
[2026-06-03T07:19:37.921+0000] {processor.py:840} INFO - DAG(s) 'kaldata_scraper' retrieved from /opt/airflow/dags/kaldata_dag.py
[2026-06-03T07:19:38.535+0000] {logging_mixin.py:188} INFO - [2026-06-03T07:19:38.534+0000] {dag.py:3047} INFO - Sync 1 DAGs
[2026-06-03T07:19:39.368+0000] {logging_mixin.py:188} INFO - [2026-06-03T07:19:39.352+0000] {dag.py:3834} INFO - Setting next_dagrun for kaldata_scraper to 2026-06-03 00:00:00+00:00, run_after=2026-06-04 00:00:00+00:00
[2026-06-03T07:19:40.227+0000] {processor.py:183} INFO - Processing /opt/airflow/dags/kaldata_dag.py took 3.378 seconds
[2026-06-03T07:20:11.070+0000] {processor.py:161} INFO - Started process (PID=873) to work on /opt/airflow/dags/kaldata_dag.py
[2026-06-03T07:20:11.081+0000] {processor.py:830} INFO - Processing file /opt/airflow/dags/kaldata_dag.py for tasks to queue
[2026-06-03T07:20:11.103+0000] {logging_mixin.py:188} INFO - [2026-06-03T07:20:11.101+0000] {dagbag.py:540} INFO - Filling up the DagBag from /opt/airflow/dags/kaldata_dag.py
[2026-06-03T07:20:11.506+0000] {processor.py:840} INFO - DAG(s) 'kaldata_scraper' retrieved from /opt/airflow/dags/kaldata_dag.py
[2026-06-03T07:20:11.667+0000] {logging_mixin.py:188} INFO - [2026-06-03T07:20:11.667+0000] {dag.py:3047} INFO - Sync 1 DAGs
[2026-06-03T07:20:11.802+0000] {logging_mixin.py:188} INFO - [2026-06-03T07:20:11.789+0000] {dag.py:3834} INFO - Setting next_dagrun for kaldata_scraper to 2026-06-03 00:00:00+00:00, run_after=2026-06-04 00:00:00+00:00
[2026-06-03T07:20:11.930+0000] {processor.py:183} INFO - Processing /opt/airflow/dags/kaldata_dag.py took 0.883 seconds
[2026-06-03T07:20:42.982+0000] {processor.py:161} INFO - Started process (PID=903) to work on /opt/airflow/dags/kaldata_dag.py
[2026-06-03T07:20:42.999+0000] {processor.py:830} INFO - Processing file /opt/airflow/dags/kaldata_dag.py for tasks to queue
[2026-06-03T07:20:43.008+0000] {logging_mixin.py:188} INFO - [2026-06-03T07:20:43.007+0000] {dagbag.py:540} INFO - Filling up the DagBag from /opt/airflow/dags/kaldata_dag.py
[2026-06-03T07:20:43.310+0000] {processor.py:840} INFO - DAG(s) 'kaldata_scraper' retrieved from /opt/airflow/dags/kaldata_dag.py
[2026-06-03T07:20:43.453+0000] {logging_mixin.py:188} INFO - [2026-06-03T07:20:43.446+0000] {dag.py:3047} INFO - Sync 1 DAGs
[2026-06-03T07:20:43.524+0000] {logging_mixin.py:188} INFO - [2026-06-03T07:20:43.524+0000] {dag.py:3834} INFO - Setting next_dagrun for kaldata_scraper to 2026-06-03 00:00:00+00:00, run_after=2026-06-04 00:00:00+00:00
[2026-06-03T07:20:43.585+0000] {processor.py:183} INFO - Processing /opt/airflow/dags/kaldata_dag.py took 0.613 seconds
[2026-06-03T07:21:13.867+0000] {processor.py:161} INFO - Started process (PID=933) to work on /opt/airflow/dags/kaldata_dag.py
[2026-06-03T07:21:13.871+0000] {processor.py:830} INFO - Processing file /opt/airflow/dags/kaldata_dag.py for tasks to queue
[2026-06-03T07:21:13.873+0000] {logging_mixin.py:188} INFO - [2026-06-03T07:21:13.872+0000] {dagbag.py:540} INFO - Filling up the DagBag from /opt/airflow/dags/kaldata_dag.py
[2026-06-03T07:21:13.968+0000] {processor.py:840} INFO - DAG(s) 'kaldata_scraper' retrieved from /opt/airflow/dags/kaldata_dag.py
[2026-06-03T07:21:14.148+0000] {logging_mixin.py:188} INFO - [2026-06-03T07:21:14.143+0000] {dag.py:3047} INFO - Sync 1 DAGs
[2026-06-03T07:21:14.295+0000] {logging_mixin.py:188} INFO - [2026-06-03T07:21:14.292+0000] {dag.py:3834} INFO - Setting next_dagrun for kaldata_scraper to 2026-06-03 00:00:00+00:00, run_after=2026-06-04 00:00:00+00:00
[2026-06-03T07:21:14.401+0000] {processor.py:183} INFO - Processing /opt/airflow/dags/kaldata_dag.py took 0.544 seconds
[2026-06-03T07:21:44.865+0000] {processor.py:161} INFO - Started process (PID=963) to work on /opt/airflow/dags/kaldata_dag.py
[2026-06-03T07:21:44.873+0000] {processor.py:830} INFO - Processing file /opt/airflow/dags/kaldata_dag.py for tasks to queue
[2026-06-03T07:21:44.876+0000] {logging_mixin.py:188} INFO - [2026-06-03T07:21:44.875+0000] {dagbag.py:540} INFO - Filling up the DagBag from /opt/airflow/dags/kaldata_dag.py
[2026-06-03T07:21:44.972+0000] {processor.py:840} INFO - DAG(s) 'kaldata_scraper' retrieved from /opt/airflow/dags/kaldata_dag.py
[2026-06-03T07:21:45.097+0000] {logging_mixin.py:188} INFO - [2026-06-03T07:21:45.096+0000] {dag.py:3047} INFO - Sync 1 DAGs
[2026-06-03T07:21:45.253+0000] {logging_mixin.py:188} INFO - [2026-06-03T07:21:45.251+0000] {dag.py:3834} INFO - Setting next_dagrun for kaldata_scraper to 2026-06-03 00:00:00+00:00, run_after=2026-06-04 00:00:00+00:00
[2026-06-03T07:21:45.446+0000] {processor.py:183} INFO - Processing /opt/airflow/dags/kaldata_dag.py took 0.604 seconds
[2026-06-03T07:22:15.674+0000] {processor.py:161} INFO - Started process (PID=993) to work on /opt/airflow/dags/kaldata_dag.py
[2026-06-03T07:22:15.677+0000] {processor.py:830} INFO - Processing file /opt/airflow/dags/kaldata_dag.py for tasks to queue
[2026-06-03T07:22:15.680+0000] {logging_mixin.py:188} INFO - [2026-06-03T07:22:15.679+0000] {dagbag.py:540} INFO - Filling up the DagBag from /opt/airflow/dags/kaldata_dag.py
[2026-06-03T07:22:15.736+0000] {processor.py:840} INFO - DAG(s) 'kaldata_scraper' retrieved from /opt/airflow/dags/kaldata_dag.py
[2026-06-03T07:22:15.875+0000] {logging_mixin.py:188} INFO - [2026-06-03T07:22:15.874+0000] {dag.py:3047} INFO - Sync 1 DAGs
[2026-06-03T07:22:16.065+0000] {logging_mixin.py:188} INFO - [2026-06-03T07:22:16.065+0000] {dag.py:3834} INFO - Setting next_dagrun for kaldata_scraper to 2026-06-03 00:00:00+00:00, run_after=2026-06-04 00:00:00+00:00
[2026-06-03T07:22:16.230+0000] {processor.py:183} INFO - Processing /opt/airflow/dags/kaldata_dag.py took 0.567 seconds
[2026-06-03T07:22:48.387+0000] {processor.py:161} INFO - Started process (PID=1023) to work on /opt/airflow/dags/kaldata_dag.py
[2026-06-03T07:22:48.418+0000] {processor.py:830} INFO - Processing file /opt/airflow/dags/kaldata_dag.py for tasks to queue
[2026-06-03T07:22:48.437+0000] {logging_mixin.py:188} INFO - [2026-06-03T07:22:48.436+0000] {dagbag.py:540} INFO - Filling up the DagBag from /opt/airflow/dags/kaldata_dag.py
[2026-06-03T07:22:48.742+0000] {processor.py:840} INFO - DAG(s) 'kaldata_scraper' retrieved from /opt/airflow/dags/kaldata_dag.py
[2026-06-03T07:22:49.011+0000] {logging_mixin.py:188} INFO - [2026-06-03T07:22:49.011+0000] {dag.py:3047} INFO - Sync 1 DAGs
[2026-06-03T07:22:49.230+0000] {logging_mixin.py:188} INFO - [2026-06-03T07:22:49.218+0000] {dag.py:3834} INFO - Setting next_dagrun for kaldata_scraper to 2026-06-03 00:00:00+00:00, run_after=2026-06-04 00:00:00+00:00
[2026-06-03T07:22:49.516+0000] {processor.py:183} INFO - Processing /opt/airflow/dags/kaldata_dag.py took 1.178 seconds
[2026-06-03T07:23:19.979+0000] {processor.py:161} INFO - Started process (PID=1053) to work on /opt/airflow/dags/kaldata_dag.py
[2026-06-03T07:23:19.984+0000] {processor.py:830} INFO - Processing file /opt/airflow/dags/kaldata_dag.py for tasks to queue
[2026-06-03T07:23:19.988+0000] {logging_mixin.py:188} INFO - [2026-06-03T07:23:19.987+0000] {dagbag.py:540} INFO - Filling up the DagBag from /opt/airflow/dags/kaldata_dag.py
[2026-06-03T07:23:20.082+0000] {processor.py:840} INFO - DAG(s) 'kaldata_scraper' retrieved from /opt/airflow/dags/kaldata_dag.py
[2026-06-03T07:23:20.175+0000] {logging_mixin.py:188} INFO - [2026-06-03T07:23:20.175+0000] {dag.py:3047} INFO - Sync 1 DAGs
[2026-06-03T07:23:20.244+0000] {logging_mixin.py:188} INFO - [2026-06-03T07:23:20.244+0000] {dag.py:3834} INFO - Setting next_dagrun for kaldata_scraper to 2026-06-03 00:00:00+00:00, run_after=2026-06-04 00:00:00+00:00
[2026-06-03T07:23:20.300+0000] {processor.py:183} INFO - Processing /opt/airflow/dags/kaldata_dag.py took 0.342 seconds
[2026-06-03T07:23:50.529+0000] {processor.py:161} INFO - Started process (PID=1083) to work on /opt/airflow/dags/kaldata_dag.py
[2026-06-03T07:23:50.532+0000] {processor.py:830} INFO - Processing file /opt/airflow/dags/kaldata_dag.py for tasks to queue
[2026-06-03T07:23:50.534+0000] {logging_mixin.py:188} INFO - [2026-06-03T07:23:50.534+0000] {dagbag.py:540} INFO - Filling up the DagBag from /opt/airflow/dags/kaldata_dag.py
[2026-06-03T07:23:50.593+0000] {processor.py:840} INFO - DAG(s) 'kaldata_scraper' retrieved from /opt/airflow/dags/kaldata_dag.py
[2026-06-03T07:23:50.660+0000] {logging_mixin.py:188} INFO - [2026-06-03T07:23:50.659+0000] {dag.py:3047} INFO - Sync 1 DAGs
[2026-06-03T07:23:50.723+0000] {logging_mixin.py:188} INFO - [2026-06-03T07:23:50.723+0000] {dag.py:3834} INFO - Setting next_dagrun for kaldata_scraper to 2026-06-03 00:00:00+00:00, run_after=2026-06-04 00:00:00+00:00
[2026-06-03T07:23:50.792+0000] {processor.py:183} INFO - Processing /opt/airflow/dags/kaldata_dag.py took 0.274 seconds
[2026-06-03T07:24:21.336+0000] {processor.py:161} INFO - Started process (PID=1113) to work on /opt/airflow/dags/kaldata_dag.py
[2026-06-03T07:24:21.339+0000] {processor.py:830} INFO - Processing file /opt/airflow/dags/kaldata_dag.py for tasks to queue
[2026-06-03T07:24:21.342+0000] {logging_mixin.py:188} INFO - [2026-06-03T07:24:21.341+0000] {dagbag.py:540} INFO - Filling up the DagBag from /opt/airflow/dags/kaldata_dag.py
[2026-06-03T07:24:21.396+0000] {processor.py:840} INFO - DAG(s) 'kaldata_scraper' retrieved from /opt/airflow/dags/kaldata_dag.py
[2026-06-03T07:24:21.502+0000] {logging_mixin.py:188} INFO - [2026-06-03T07:24:21.501+0000] {dag.py:3047} INFO - Sync 1 DAGs
[2026-06-03T07:24:21.600+0000] {logging_mixin.py:188} INFO - [2026-06-03T07:24:21.598+0000] {dag.py:3834} INFO - Setting next_dagrun for kaldata_scraper to 2026-06-03 00:00:00+00:00, run_after=2026-06-04 00:00:00+00:00
[2026-06-03T07:24:21.684+0000] {processor.py:183} INFO - Processing /opt/airflow/dags/kaldata_dag.py took 0.358 seconds
[2026-06-03T07:24:52.201+0000] {processor.py:161} INFO - Started process (PID=1143) to work on /opt/airflow/dags/kaldata_dag.py
[2026-06-03T07:24:52.204+0000] {processor.py:830} INFO - Processing file /opt/airflow/dags/kaldata_dag.py for tasks to queue
[2026-06-03T07:24:52.207+0000] {logging_mixin.py:188} INFO - [2026-06-03T07:24:52.206+0000] {dagbag.py:540} INFO - Filling up the DagBag from /opt/airflow/dags/kaldata_dag.py
[2026-06-03T07:24:52.268+0000] {processor.py:840} INFO - DAG(s) 'kaldata_scraper' retrieved from /opt/airflow/dags/kaldata_dag.py
[2026-06-03T07:24:52.354+0000] {logging_mixin.py:188} INFO - [2026-06-03T07:24:52.353+0000] {dag.py:3047} INFO - Sync 1 DAGs
[2026-06-03T07:24:52.422+0000] {logging_mixin.py:188} INFO - [2026-06-03T07:24:52.422+0000] {dag.py:3834} INFO - Setting next_dagrun for kaldata_scraper to 2026-06-03 00:00:00+00:00, run_after=2026-06-04 00:00:00+00:00
[2026-06-03T07:24:52.506+0000] {processor.py:183} INFO - Processing /opt/airflow/dags/kaldata_dag.py took 0.314 seconds
[2026-06-03T07:25:23.093+0000] {processor.py:161} INFO - Started process (PID=1173) to work on /opt/airflow/dags/kaldata_dag.py
[2026-06-03T07:25:23.096+0000] {processor.py:830} INFO - Processing file /opt/airflow/dags/kaldata_dag.py for tasks to queue
[2026-06-03T07:25:23.099+0000] {logging_mixin.py:188} INFO - [2026-06-03T07:25:23.098+0000] {dagbag.py:540} INFO - Filling up the DagBag from /opt/airflow/dags/kaldata_dag.py
[2026-06-03T07:25:23.188+0000] {processor.py:840} INFO - DAG(s) 'kaldata_scraper' retrieved from /opt/airflow/dags/kaldata_dag.py
[2026-06-03T07:25:23.267+0000] {logging_mixin.py:188} INFO - [2026-06-03T07:25:23.267+0000] {dag.py:3047} INFO - Sync 1 DAGs
[2026-06-03T07:25:23.332+0000] {logging_mixin.py:188} INFO - [2026-06-03T07:25:23.331+0000] {dag.py:3834} INFO - Setting next_dagrun for kaldata_scraper to 2026-06-03 00:00:00+00:00, run_after=2026-06-04 00:00:00+00:00
[2026-06-03T07:25:23.422+0000] {processor.py:183} INFO - Processing /opt/airflow/dags/kaldata_dag.py took 0.340 seconds
[2026-06-03T07:25:54.805+0000] {processor.py:161} INFO - Started process (PID=1203) to work on /opt/airflow/dags/kaldata_dag.py
[2026-06-03T07:25:54.810+0000] {processor.py:830} INFO - Processing file /opt/airflow/dags/kaldata_dag.py for tasks to queue
[2026-06-03T07:25:54.814+0000] {logging_mixin.py:188} INFO - [2026-06-03T07:25:54.813+0000] {dagbag.py:540} INFO - Filling up the DagBag from /opt/airflow/dags/kaldata_dag.py
[2026-06-03T07:25:56.330+0000] {processor.py:840} INFO - DAG(s) 'kaldata_scraper' retrieved from /opt/airflow/dags/kaldata_dag.py
[2026-06-03T07:25:56.682+0000] {logging_mixin.py:188} INFO - [2026-06-03T07:25:56.681+0000] {dag.py:3047} INFO - Sync 1 DAGs
[2026-06-03T07:25:56.977+0000] {logging_mixin.py:188} INFO - [2026-06-03T07:25:56.976+0000] {dag.py:3834} INFO - Setting next_dagrun for kaldata_scraper to 2026-06-03 00:00:00+00:00, run_after=2026-06-04 00:00:00+00:00
[2026-06-03T07:25:57.541+0000] {processor.py:183} INFO - Processing /opt/airflow/dags/kaldata_dag.py took 2.740 seconds
[2026-06-03T07:26:29.741+0000] {processor.py:161} INFO - Started process (PID=1233) to work on /opt/airflow/dags/kaldata_dag.py
[2026-06-03T07:26:29.747+0000] {processor.py:830} INFO - Processing file /opt/airflow/dags/kaldata_dag.py for tasks to queue
[2026-06-03T07:26:29.751+0000] {logging_mixin.py:188} INFO - [2026-06-03T07:26:29.750+0000] {dagbag.py:540} INFO - Filling up the DagBag from /opt/airflow/dags/kaldata_dag.py
[2026-06-03T07:26:29.864+0000] {processor.py:840} INFO - DAG(s) 'kaldata_scraper' retrieved from /opt/airflow/dags/kaldata_dag.py
[2026-06-03T07:26:29.987+0000] {logging_mixin.py:188} INFO - [2026-06-03T07:26:29.987+0000] {dag.py:3047} INFO - Sync 1 DAGs
[2026-06-03T07:26:30.094+0000] {logging_mixin.py:188} INFO - [2026-06-03T07:26:30.093+0000] {dag.py:3834} INFO - Setting next_dagrun for kaldata_scraper to 2026-06-03 00:00:00+00:00, run_after=2026-06-04 00:00:00+00:00
[2026-06-03T07:26:30.207+0000] {processor.py:183} INFO - Processing /opt/airflow/dags/kaldata_dag.py took 0.476 seconds
[2026-06-03T07:27:02.699+0000] {processor.py:161} INFO - Started process (PID=1265) to work on /opt/airflow/dags/kaldata_dag.py
[2026-06-03T07:27:02.720+0000] {processor.py:830} INFO - Processing file /opt/airflow/dags/kaldata_dag.py for tasks to queue
[2026-06-03T07:27:02.780+0000] {logging_mixin.py:188} INFO - [2026-06-03T07:27:02.775+0000] {dagbag.py:540} INFO - Filling up the DagBag from /opt/airflow/dags/kaldata_dag.py
[2026-06-03T07:27:03.317+0000] {processor.py:840} INFO - DAG(s) 'kaldata_scraper' retrieved from /opt/airflow/dags/kaldata_dag.py
[2026-06-03T07:27:03.826+0000] {logging_mixin.py:188} INFO - [2026-06-03T07:27:03.826+0000] {dag.py:3047} INFO - Sync 1 DAGs
[2026-06-03T07:27:04.204+0000] {logging_mixin.py:188} INFO - [2026-06-03T07:27:04.204+0000] {dag.py:3834} INFO - Setting next_dagrun for kaldata_scraper to 2026-06-03 00:00:00+00:00, run_after=2026-06-04 00:00:00+00:00
[2026-06-03T07:27:04.791+0000] {processor.py:183} INFO - Processing /opt/airflow/dags/kaldata_dag.py took 2.146 seconds
[2026-06-03T07:27:36.162+0000] {processor.py:161} INFO - Started process (PID=1295) to work on /opt/airflow/dags/kaldata_dag.py
[2026-06-03T07:27:36.178+0000] {processor.py:830} INFO - Processing file /opt/airflow/dags/kaldata_dag.py for tasks to queue
[2026-06-03T07:27:36.182+0000] {logging_mixin.py:188} INFO - [2026-06-03T07:27:36.181+0000] {dagbag.py:540} INFO - Filling up the DagBag from /opt/airflow/dags/kaldata_dag.py
[2026-06-03T07:27:36.498+0000] {processor.py:840} INFO - DAG(s) 'kaldata_scraper' retrieved from /opt/airflow/dags/kaldata_dag.py
[2026-06-03T07:27:36.702+0000] {logging_mixin.py:188} INFO - [2026-06-03T07:27:36.701+0000] {dag.py:3047} INFO - Sync 1 DAGs
[2026-06-03T07:27:36.962+0000] {logging_mixin.py:188} INFO - [2026-06-03T07:27:36.961+0000] {dag.py:3834} INFO - Setting next_dagrun for kaldata_scraper to 2026-06-03 00:00:00+00:00, run_after=2026-06-04 00:00:00+00:00
[2026-06-03T07:27:37.116+0000] {processor.py:183} INFO - Processing /opt/airflow/dags/kaldata_dag.py took 0.978 seconds
[2026-06-03T07:28:17.696+0000] {processor.py:161} INFO - Started process (PID=1328) to work on /opt/airflow/dags/kaldata_dag.py
[2026-06-03T07:28:17.871+0000] {processor.py:830} INFO - Processing file /opt/airflow/dags/kaldata_dag.py for tasks to queue
[2026-06-03T07:28:18.018+0000] {logging_mixin.py:188} INFO - [2026-06-03T07:28:18.017+0000] {dagbag.py:540} INFO - Filling up the DagBag from /opt/airflow/dags/kaldata_dag.py
[2026-06-03T07:28:19.894+0000] {processor.py:840} INFO - DAG(s) 'kaldata_scraper' retrieved from /opt/airflow/dags/kaldata_dag.py
[2026-06-03T07:28:20.095+0000] {logging_mixin.py:188} INFO - [2026-06-03T07:28:20.094+0000] {dag.py:3047} INFO - Sync 1 DAGs
[2026-06-03T07:28:20.282+0000] {logging_mixin.py:188} INFO - [2026-06-03T07:28:20.282+0000] {dag.py:3834} INFO - Setting next_dagrun for kaldata_scraper to 2026-06-03 00:00:00+00:00, run_after=2026-06-04 00:00:00+00:00
[2026-06-03T07:28:20.705+0000] {processor.py:183} INFO - Processing /opt/airflow/dags/kaldata_dag.py took 3.125 seconds
[2026-06-03T07:28:52.012+0000] {processor.py:161} INFO - Started process (PID=1359) to work on /opt/airflow/dags/kaldata_dag.py
[2026-06-03T07:28:52.020+0000] {processor.py:830} INFO - Processing file /opt/airflow/dags/kaldata_dag.py for tasks to queue
[2026-06-03T07:28:52.024+0000] {logging_mixin.py:188} INFO - [2026-06-03T07:28:52.023+0000] {dagbag.py:540} INFO - Filling up the DagBag from /opt/airflow/dags/kaldata_dag.py
[2026-06-03T07:28:52.235+0000] {processor.py:840} INFO - DAG(s) 'kaldata_scraper' retrieved from /opt/airflow/dags/kaldata_dag.py
[2026-06-03T07:28:52.568+0000] {logging_mixin.py:188} INFO - [2026-06-03T07:28:52.545+0000] {dag.py:3047} INFO - Sync 1 DAGs
[2026-06-03T07:28:53.362+0000] {logging_mixin.py:188} INFO - [2026-06-03T07:28:53.361+0000] {dag.py:3834} INFO - Setting next_dagrun for kaldata_scraper to 2026-06-03 00:00:00+00:00, run_after=2026-06-04 00:00:00+00:00
[2026-06-03T07:28:54.351+0000] {processor.py:183} INFO - Processing /opt/airflow/dags/kaldata_dag.py took 2.345 seconds
[2026-06-03T07:29:24.786+0000] {processor.py:161} INFO - Started process (PID=1389) to work on /opt/airflow/dags/kaldata_dag.py
[2026-06-03T07:29:24.791+0000] {processor.py:830} INFO - Processing file /opt/airflow/dags/kaldata_dag.py for tasks to queue
[2026-06-03T07:29:24.798+0000] {logging_mixin.py:188} INFO - [2026-06-03T07:29:24.793+0000] {dagbag.py:540} INFO - Filling up the DagBag from /opt/airflow/dags/kaldata_dag.py
[2026-06-03T07:29:24.967+0000] {processor.py:840} INFO - DAG(s) 'kaldata_scraper' retrieved from /opt/airflow/dags/kaldata_dag.py
[2026-06-03T07:29:25.134+0000] {logging_mixin.py:188} INFO - [2026-06-03T07:29:25.134+0000] {dag.py:3047} INFO - Sync 1 DAGs
[2026-06-03T07:29:25.258+0000] {logging_mixin.py:188} INFO - [2026-06-03T07:29:25.257+0000] {dag.py:3834} INFO - Setting next_dagrun for kaldata_scraper to 2026-06-03 00:00:00+00:00, run_after=2026-06-04 00:00:00+00:00
[2026-06-03T07:29:25.381+0000] {processor.py:183} INFO - Processing /opt/airflow/dags/kaldata_dag.py took 0.612 seconds
[2026-06-03T07:29:55.588+0000] {processor.py:161} INFO - Started process (PID=1419) to work on /opt/airflow/dags/kaldata_dag.py
[2026-06-03T07:29:55.592+0000] {processor.py:830} INFO - Processing file /opt/airflow/dags/kaldata_dag.py for tasks to queue
[2026-06-03T07:29:55.605+0000] {logging_mixin.py:188} INFO - [2026-06-03T07:29:55.604+0000] {dagbag.py:540} INFO - Filling up the DagBag from /opt/airflow/dags/kaldata_dag.py
[2026-06-03T07:29:55.719+0000] {processor.py:840} INFO - DAG(s) 'kaldata_scraper' retrieved from /opt/airflow/dags/kaldata_dag.py
[2026-06-03T07:29:55.785+0000] {logging_mixin.py:188} INFO - [2026-06-03T07:29:55.785+0000] {dag.py:3047} INFO - Sync 1 DAGs
[2026-06-03T07:29:55.850+0000] {logging_mixin.py:188} INFO - [2026-06-03T07:29:55.849+0000] {dag.py:3834} INFO - Setting next_dagrun for kaldata_scraper to 2026-06-03 00:00:00+00:00, run_after=2026-06-04 00:00:00+00:00
[2026-06-03T07:29:55.950+0000] {processor.py:183} INFO - Processing /opt/airflow/dags/kaldata_dag.py took 0.394 seconds
[2026-06-03T07:30:26.405+0000] {processor.py:161} INFO - Started process (PID=1449) to work on /opt/airflow/dags/kaldata_dag.py
[2026-06-03T07:30:26.410+0000] {processor.py:830} INFO - Processing file /opt/airflow/dags/kaldata_dag.py for tasks to queue
[2026-06-03T07:30:26.413+0000] {logging_mixin.py:188} INFO - [2026-06-03T07:30:26.412+0000] {dagbag.py:540} INFO - Filling up the DagBag from /opt/airflow/dags/kaldata_dag.py
[2026-06-03T07:30:26.542+0000] {processor.py:840} INFO - DAG(s) 'kaldata_scraper' retrieved from /opt/airflow/dags/kaldata_dag.py
[2026-06-03T07:30:26.681+0000] {logging_mixin.py:188} INFO - [2026-06-03T07:30:26.680+0000] {dag.py:3047} INFO - Sync 1 DAGs
[2026-06-03T07:30:26.784+0000] {logging_mixin.py:188} INFO - [2026-06-03T07:30:26.783+0000] {dag.py:3834} INFO - Setting next_dagrun for kaldata_scraper to 2026-06-03 00:00:00+00:00, run_after=2026-06-04 00:00:00+00:00
[2026-06-03T07:30:26.925+0000] {processor.py:183} INFO - Processing /opt/airflow/dags/kaldata_dag.py took 0.530 seconds
[2026-06-03T07:30:57.437+0000] {processor.py:161} INFO - Started process (PID=1481) to work on /opt/airflow/dags/kaldata_dag.py
[2026-06-03T07:30:57.451+0000] {processor.py:830} INFO - Processing file /opt/airflow/dags/kaldata_dag.py for tasks to queue
[2026-06-03T07:30:57.458+0000] {logging_mixin.py:188} INFO - [2026-06-03T07:30:57.455+0000] {dagbag.py:540} INFO - Filling up the DagBag from /opt/airflow/dags/kaldata_dag.py
[2026-06-03T07:30:57.718+0000] {processor.py:840} INFO - DAG(s) 'kaldata_scraper' retrieved from /opt/airflow/dags/kaldata_dag.py
[2026-06-03T07:30:57.887+0000] {logging_mixin.py:188} INFO - [2026-06-03T07:30:57.887+0000] {dag.py:3047} INFO - Sync 1 DAGs
[2026-06-03T07:30:58.184+0000] {logging_mixin.py:188} INFO - [2026-06-03T07:30:58.183+0000] {dag.py:3834} INFO - Setting next_dagrun for kaldata_scraper to 2026-06-03 00:00:00+00:00, run_after=2026-06-04 00:00:00+00:00
[2026-06-03T07:30:58.548+0000] {processor.py:183} INFO - Processing /opt/airflow/dags/kaldata_dag.py took 1.142 seconds
[2026-06-03T07:31:29.319+0000] {processor.py:161} INFO - Started process (PID=1511) to work on /opt/airflow/dags/kaldata_dag.py
[2026-06-03T07:31:29.322+0000] {processor.py:830} INFO - Processing file /opt/airflow/dags/kaldata_dag.py for tasks to queue
[2026-06-03T07:31:29.325+0000] {logging_mixin.py:188} INFO - [2026-06-03T07:31:29.325+0000] {dagbag.py:540} INFO - Filling up the DagBag from /opt/airflow/dags/kaldata_dag.py
[2026-06-03T07:31:29.384+0000] {processor.py:840} INFO - DAG(s) 'kaldata_scraper' retrieved from /opt/airflow/dags/kaldata_dag.py
[2026-06-03T07:31:29.468+0000] {logging_mixin.py:188} INFO - [2026-06-03T07:31:29.468+0000] {dag.py:3047} INFO - Sync 1 DAGs
[2026-06-03T07:31:29.597+0000] {logging_mixin.py:188} INFO - [2026-06-03T07:31:29.596+0000] {dag.py:3834} INFO - Setting next_dagrun for kaldata_scraper to 2026-06-03 00:00:00+00:00, run_after=2026-06-04 00:00:00+00:00
[2026-06-03T07:31:29.690+0000] {processor.py:183} INFO - Processing /opt/airflow/dags/kaldata_dag.py took 0.387 seconds
[2026-06-03T07:32:01.784+0000] {processor.py:161} INFO - Started process (PID=1541) to work on /opt/airflow/dags/kaldata_dag.py
[2026-06-03T07:32:01.896+0000] {processor.py:830} INFO - Processing file /opt/airflow/dags/kaldata_dag.py for tasks to queue
[2026-06-03T07:32:01.951+0000] {logging_mixin.py:188} INFO - [2026-06-03T07:32:01.946+0000] {dagbag.py:540} INFO - Filling up the DagBag from /opt/airflow/dags/kaldata_dag.py
[2026-06-03T07:32:03.814+0000] {processor.py:840} INFO - DAG(s) 'kaldata_scraper' retrieved from /opt/airflow/dags/kaldata_dag.py
[2026-06-03T07:32:05.654+0000] {logging_mixin.py:188} INFO - [2026-06-03T07:32:05.653+0000] {dag.py:3047} INFO - Sync 1 DAGs
[2026-06-03T07:32:06.898+0000] {logging_mixin.py:188} INFO - [2026-06-03T07:32:06.898+0000] {dag.py:3834} INFO - Setting next_dagrun for kaldata_scraper to 2026-06-03 00:00:00+00:00, run_after=2026-06-04 00:00:00+00:00
[2026-06-03T07:32:07.661+0000] {processor.py:183} INFO - Processing /opt/airflow/dags/kaldata_dag.py took 6.083 seconds
[2026-06-03T07:32:39.675+0000] {processor.py:161} INFO - Started process (PID=1571) to work on /opt/airflow/dags/kaldata_dag.py
[2026-06-03T07:32:39.677+0000] {processor.py:830} INFO - Processing file /opt/airflow/dags/kaldata_dag.py for tasks to queue
[2026-06-03T07:32:39.683+0000] {logging_mixin.py:188} INFO - [2026-06-03T07:32:39.682+0000] {dagbag.py:540} INFO - Filling up the DagBag from /opt/airflow/dags/kaldata_dag.py
[2026-06-03T07:32:39.761+0000] {processor.py:840} INFO - DAG(s) 'kaldata_scraper' retrieved from /opt/airflow/dags/kaldata_dag.py
[2026-06-03T07:32:39.895+0000] {logging_mixin.py:188} INFO - [2026-06-03T07:32:39.894+0000] {dag.py:3047} INFO - Sync 1 DAGs
[2026-06-03T07:32:39.992+0000] {logging_mixin.py:188} INFO - [2026-06-03T07:32:39.992+0000] {dag.py:3834} INFO - Setting next_dagrun for kaldata_scraper to 2026-06-03 00:00:00+00:00, run_after=2026-06-04 00:00:00+00:00
[2026-06-03T07:32:40.069+0000] {processor.py:183} INFO - Processing /opt/airflow/dags/kaldata_dag.py took 0.410 seconds
[2026-06-03T07:33:10.728+0000] {processor.py:161} INFO - Started process (PID=1601) to work on /opt/airflow/dags/kaldata_dag.py
[2026-06-03T07:33:10.732+0000] {processor.py:830} INFO - Processing file /opt/airflow/dags/kaldata_dag.py for tasks to queue
[2026-06-03T07:33:10.735+0000] {logging_mixin.py:188} INFO - [2026-06-03T07:33:10.734+0000] {dagbag.py:540} INFO - Filling up the DagBag from /opt/airflow/dags/kaldata_dag.py
[2026-06-03T07:33:10.806+0000] {processor.py:840} INFO - DAG(s) 'kaldata_scraper' retrieved from /opt/airflow/dags/kaldata_dag.py
[2026-06-03T07:33:10.944+0000] {logging_mixin.py:188} INFO - [2026-06-03T07:33:10.943+0000] {dag.py:3047} INFO - Sync 1 DAGs
[2026-06-03T07:33:11.111+0000] {logging_mixin.py:188} INFO - [2026-06-03T07:33:11.110+0000] {dag.py:3834} INFO - Setting next_dagrun for kaldata_scraper to 2026-06-03 00:00:00+00:00, run_after=2026-06-04 00:00:00+00:00
[2026-06-03T07:33:11.262+0000] {processor.py:183} INFO - Processing /opt/airflow/dags/kaldata_dag.py took 0.548 seconds
[2026-06-03T07:33:42.071+0000] {processor.py:161} INFO - Started process (PID=1631) to work on /opt/airflow/dags/kaldata_dag.py
[2026-06-03T07:33:42.075+0000] {processor.py:830} INFO - Processing file /opt/airflow/dags/kaldata_dag.py for tasks to queue
[2026-06-03T07:33:42.082+0000] {logging_mixin.py:188} INFO - [2026-06-03T07:33:42.081+0000] {dagbag.py:540} INFO - Filling up the DagBag from /opt/airflow/dags/kaldata_dag.py
[2026-06-03T07:33:42.262+0000] {processor.py:840} INFO - DAG(s) 'kaldata_scraper' retrieved from /opt/airflow/dags/kaldata_dag.py
[2026-06-03T07:33:42.500+0000] {logging_mixin.py:188} INFO - [2026-06-03T07:33:42.499+0000] {dag.py:3047} INFO - Sync 1 DAGs
[2026-06-03T07:33:42.700+0000] {logging_mixin.py:188} INFO - [2026-06-03T07:33:42.699+0000] {dag.py:3834} INFO - Setting next_dagrun for kaldata_scraper to 2026-06-03 00:00:00+00:00, run_after=2026-06-04 00:00:00+00:00
[2026-06-03T07:33:42.863+0000] {processor.py:183} INFO - Processing /opt/airflow/dags/kaldata_dag.py took 0.807 seconds
[2026-06-03T07:34:13.592+0000] {processor.py:161} INFO - Started process (PID=1661) to work on /opt/airflow/dags/kaldata_dag.py
[2026-06-03T07:34:13.594+0000] {processor.py:830} INFO - Processing file /opt/airflow/dags/kaldata_dag.py for tasks to queue
[2026-06-03T07:34:13.603+0000] {logging_mixin.py:188} INFO - [2026-06-03T07:34:13.600+0000] {dagbag.py:540} INFO - Filling up the DagBag from /opt/airflow/dags/kaldata_dag.py
[2026-06-03T07:34:13.721+0000] {processor.py:840} INFO - DAG(s) 'kaldata_scraper' retrieved from /opt/airflow/dags/kaldata_dag.py
[2026-06-03T07:34:13.870+0000] {logging_mixin.py:188} INFO - [2026-06-03T07:34:13.870+0000] {dag.py:3047} INFO - Sync 1 DAGs
[2026-06-03T07:34:14.010+0000] {logging_mixin.py:188} INFO - [2026-06-03T07:34:14.009+0000] {dag.py:3834} INFO - Setting next_dagrun for kaldata_scraper to 2026-06-03 00:00:00+00:00, run_after=2026-06-04 00:00:00+00:00
[2026-06-03T07:34:14.087+0000] {processor.py:183} INFO - Processing /opt/airflow/dags/kaldata_dag.py took 0.524 seconds
[2026-06-03T07:34:52.698+0000] {processor.py:161} INFO - Started process (PID=1689) to work on /opt/airflow/dags/kaldata_dag.py
[2026-06-03T07:34:52.840+0000] {processor.py:830} INFO - Processing file /opt/airflow/dags/kaldata_dag.py for tasks to queue
[2026-06-03T07:34:52.928+0000] {logging_mixin.py:188} INFO - [2026-06-03T07:34:52.928+0000] {dagbag.py:540} INFO - Filling up the DagBag from /opt/airflow/dags/kaldata_dag.py
[2026-06-03T07:34:58.260+0000] {processor.py:840} INFO - DAG(s) 'kaldata_scraper' retrieved from /opt/airflow/dags/kaldata_dag.py
[2026-06-03T07:34:58.687+0000] {logging_mixin.py:188} INFO - [2026-06-03T07:34:58.673+0000] {dag.py:3047} INFO - Sync 1 DAGs
[2026-06-03T07:34:59.437+0000] {logging_mixin.py:188} INFO - [2026-06-03T07:34:59.435+0000] {dag.py:3834} INFO - Setting next_dagrun for kaldata_scraper to 2026-06-03 00:00:00+00:00, run_after=2026-06-04 00:00:00+00:00
[2026-06-03T07:35:00.508+0000] {processor.py:183} INFO - Processing /opt/airflow/dags/kaldata_dag.py took 7.913 seconds
[2026-06-03T07:35:38.285+0000] {processor.py:161} INFO - Started process (PID=1721) to work on /opt/airflow/dags/kaldata_dag.py
[2026-06-03T07:35:38.378+0000] {processor.py:830} INFO - Processing file /opt/airflow/dags/kaldata_dag.py for tasks to queue
[2026-06-03T07:35:38.394+0000] {logging_mixin.py:188} INFO - [2026-06-03T07:35:38.393+0000] {dagbag.py:540} INFO - Filling up the DagBag from /opt/airflow/dags/kaldata_dag.py
[2026-06-03T07:35:40.501+0000] {processor.py:840} INFO - DAG(s) 'kaldata_scraper' retrieved from /opt/airflow/dags/kaldata_dag.py
[2026-06-03T07:35:41.898+0000] {logging_mixin.py:188} INFO - [2026-06-03T07:35:41.895+0000] {dag.py:3047} INFO - Sync 1 DAGs
[2026-06-03T07:35:43.674+0000] {logging_mixin.py:188} INFO - [2026-06-03T07:35:43.673+0000] {dag.py:3834} INFO - Setting next_dagrun for kaldata_scraper to 2026-06-03 00:00:00+00:00, run_after=2026-06-04 00:00:00+00:00
[2026-06-03T07:35:44.632+0000] {processor.py:183} INFO - Processing /opt/airflow/dags/kaldata_dag.py took 6.385 seconds
[2026-06-03T07:36:21.744+0000] {processor.py:161} INFO - Started process (PID=1751) to work on /opt/airflow/dags/kaldata_dag.py
[2026-06-03T07:36:21.807+0000] {processor.py:830} INFO - Processing file /opt/airflow/dags/kaldata_dag.py for tasks to queue
[2026-06-03T07:36:21.834+0000] {logging_mixin.py:188} INFO - [2026-06-03T07:36:21.833+0000] {dagbag.py:540} INFO - Filling up the DagBag from /opt/airflow/dags/kaldata_dag.py
[2026-06-03T07:36:23.788+0000] {processor.py:840} INFO - DAG(s) 'kaldata_scraper' retrieved from /opt/airflow/dags/kaldata_dag.py
[2026-06-03T07:36:24.550+0000] {logging_mixin.py:188} INFO - [2026-06-03T07:36:24.549+0000] {dag.py:3047} INFO - Sync 1 DAGs
[2026-06-03T07:36:25.018+0000] {logging_mixin.py:188} INFO - [2026-06-03T07:36:25.017+0000] {dag.py:3834} INFO - Setting next_dagrun for kaldata_scraper to 2026-06-03 00:00:00+00:00, run_after=2026-06-04 00:00:00+00:00
[2026-06-03T07:36:26.354+0000] {processor.py:183} INFO - Processing /opt/airflow/dags/kaldata_dag.py took 4.633 seconds
[2026-06-03T07:37:06.779+0000] {processor.py:161} INFO - Started process (PID=1779) to work on /opt/airflow/dags/kaldata_dag.py
[2026-06-03T07:37:06.937+0000] {processor.py:830} INFO - Processing file /opt/airflow/dags/kaldata_dag.py for tasks to queue
[2026-06-03T07:37:07.003+0000] {logging_mixin.py:188} INFO - [2026-06-03T07:37:07.002+0000] {dagbag.py:540} INFO - Filling up the DagBag from /opt/airflow/dags/kaldata_dag.py
[2026-06-03T07:37:08.661+0000] {processor.py:840} INFO - DAG(s) 'kaldata_scraper' retrieved from /opt/airflow/dags/kaldata_dag.py
[2026-06-03T07:37:08.950+0000] {logging_mixin.py:188} INFO - [2026-06-03T07:37:08.949+0000] {dag.py:3047} INFO - Sync 1 DAGs
[2026-06-03T07:37:09.121+0000] {logging_mixin.py:188} INFO - [2026-06-03T07:37:09.121+0000] {dag.py:3834} INFO - Setting next_dagrun for kaldata_scraper to 2026-06-03 00:00:00+00:00, run_after=2026-06-04 00:00:00+00:00
[2026-06-03T07:37:09.338+0000] {processor.py:183} INFO - Processing /opt/airflow/dags/kaldata_dag.py took 2.817 seconds
[2026-06-03T07:37:39.832+0000] {processor.py:161} INFO - Started process (PID=1809) to work on /opt/airflow/dags/kaldata_dag.py
[2026-06-03T07:37:39.846+0000] {processor.py:830} INFO - Processing file /opt/airflow/dags/kaldata_dag.py for tasks to queue
[2026-06-03T07:37:39.854+0000] {logging_mixin.py:188} INFO - [2026-06-03T07:37:39.853+0000] {dagbag.py:540} INFO - Filling up the DagBag from /opt/airflow/dags/kaldata_dag.py
[2026-06-03T07:37:40.138+0000] {processor.py:840} INFO - DAG(s) 'kaldata_scraper' retrieved from /opt/airflow/dags/kaldata_dag.py
[2026-06-03T07:37:42.174+0000] {logging_mixin.py:188} INFO - [2026-06-03T07:37:42.169+0000] {dag.py:3047} INFO - Sync 1 DAGs
[2026-06-03T07:37:43.004+0000] {logging_mixin.py:188} INFO - [2026-06-03T07:37:43.004+0000] {dag.py:3834} INFO - Setting next_dagrun for kaldata_scraper to 2026-06-03 00:00:00+00:00, run_after=2026-06-04 00:00:00+00:00
[2026-06-03T07:37:43.419+0000] {processor.py:183} INFO - Processing /opt/airflow/dags/kaldata_dag.py took 3.611 seconds
[2026-06-03T07:38:18.948+0000] {processor.py:161} INFO - Started process (PID=1839) to work on /opt/airflow/dags/kaldata_dag.py
[2026-06-03T07:38:18.953+0000] {processor.py:830} INFO - Processing file /opt/airflow/dags/kaldata_dag.py for tasks to queue
[2026-06-03T07:38:18.967+0000] {logging_mixin.py:188} INFO - [2026-06-03T07:38:18.957+0000] {dagbag.py:540} INFO - Filling up the DagBag from /opt/airflow/dags/kaldata_dag.py
[2026-06-03T07:38:19.252+0000] {processor.py:840} INFO - DAG(s) 'kaldata_scraper' retrieved from /opt/airflow/dags/kaldata_dag.py
[2026-06-03T07:38:19.559+0000] {logging_mixin.py:188} INFO - [2026-06-03T07:38:19.559+0000] {dag.py:3047} INFO - Sync 1 DAGs
[2026-06-03T07:38:19.883+0000] {logging_mixin.py:188} INFO - [2026-06-03T07:38:19.838+0000] {dag.py:3834} INFO - Setting next_dagrun for kaldata_scraper to 2026-06-03 00:00:00+00:00, run_after=2026-06-04 00:00:00+00:00
[2026-06-03T07:38:20.337+0000] {processor.py:183} INFO - Processing /opt/airflow/dags/kaldata_dag.py took 1.417 seconds
[2026-06-03T07:39:04.217+0000] {processor.py:161} INFO - Started process (PID=1864) to work on /opt/airflow/dags/kaldata_dag.py
[2026-06-03T07:39:04.254+0000] {processor.py:830} INFO - Processing file /opt/airflow/dags/kaldata_dag.py for tasks to queue
[2026-06-03T07:39:04.261+0000] {logging_mixin.py:188} INFO - [2026-06-03T07:39:04.260+0000] {dagbag.py:540} INFO - Filling up the DagBag from /opt/airflow/dags/kaldata_dag.py
[2026-06-03T07:39:07.005+0000] {processor.py:840} INFO - DAG(s) 'kaldata_scraper' retrieved from /opt/airflow/dags/kaldata_dag.py
[2026-06-03T07:39:07.422+0000] {logging_mixin.py:188} INFO - [2026-06-03T07:39:07.421+0000] {dag.py:3047} INFO - Sync 1 DAGs
[2026-06-03T07:39:07.874+0000] {logging_mixin.py:188} INFO - [2026-06-03T07:39:07.873+0000] {dag.py:3834} INFO - Setting next_dagrun for kaldata_scraper to 2026-06-03 00:00:00+00:00, run_after=2026-06-04 00:00:00+00:00
[2026-06-03T07:39:08.334+0000] {processor.py:183} INFO - Processing /opt/airflow/dags/kaldata_dag.py took 4.291 seconds
[2026-06-03T07:39:50.135+0000] {processor.py:161} INFO - Started process (PID=1894) to work on /opt/airflow/dags/kaldata_dag.py
[2026-06-03T07:39:50.214+0000] {processor.py:830} INFO - Processing file /opt/airflow/dags/kaldata_dag.py for tasks to queue
[2026-06-03T07:39:50.343+0000] {logging_mixin.py:188} INFO - [2026-06-03T07:39:50.342+0000] {dagbag.py:540} INFO - Filling up the DagBag from /opt/airflow/dags/kaldata_dag.py
[2026-06-03T07:39:51.597+0000] {processor.py:840} INFO - DAG(s) 'kaldata_scraper' retrieved from /opt/airflow/dags/kaldata_dag.py
[2026-06-03T07:39:52.229+0000] {logging_mixin.py:188} INFO - [2026-06-03T07:39:52.228+0000] {dag.py:3047} INFO - Sync 1 DAGs
[2026-06-03T07:39:53.210+0000] {logging_mixin.py:188} INFO - [2026-06-03T07:39:53.194+0000] {dag.py:3834} INFO - Setting next_dagrun for kaldata_scraper to 2026-06-03 00:00:00+00:00, run_after=2026-06-04 00:00:00+00:00
[2026-06-03T07:39:54.024+0000] {processor.py:183} INFO - Processing /opt/airflow/dags/kaldata_dag.py took 4.579 seconds
[2026-06-03T07:40:39.010+0000] {processor.py:161} INFO - Started process (PID=1929) to work on /opt/airflow/dags/kaldata_dag.py
[2026-06-03T07:40:39.171+0000] {processor.py:830} INFO - Processing file /opt/airflow/dags/kaldata_dag.py for tasks to queue
[2026-06-03T07:40:39.274+0000] {logging_mixin.py:188} INFO - [2026-06-03T07:40:39.272+0000] {dagbag.py:540} INFO - Filling up the DagBag from /opt/airflow/dags/kaldata_dag.py
[2026-06-03T07:40:39.737+0000] {processor.py:840} INFO - DAG(s) 'kaldata_scraper' retrieved from /opt/airflow/dags/kaldata_dag.py
[2026-06-03T07:40:40.198+0000] {logging_mixin.py:188} INFO - [2026-06-03T07:40:40.197+0000] {dag.py:3047} INFO - Sync 1 DAGs
[2026-06-03T07:40:40.618+0000] {logging_mixin.py:188} INFO - [2026-06-03T07:40:40.618+0000] {dag.py:3834} INFO - Setting next_dagrun for kaldata_scraper to 2026-06-03 00:00:00+00:00, run_after=2026-06-04 00:00:00+00:00
[2026-06-03T07:40:41.796+0000] {processor.py:183} INFO - Processing /opt/airflow/dags/kaldata_dag.py took 2.866 seconds
[2026-06-03T07:41:20.426+0000] {processor.py:161} INFO - Started process (PID=1959) to work on /opt/airflow/dags/kaldata_dag.py
[2026-06-03T07:41:20.443+0000] {processor.py:830} INFO - Processing file /opt/airflow/dags/kaldata_dag.py for tasks to queue
[2026-06-03T07:41:20.461+0000] {logging_mixin.py:188} INFO - [2026-06-03T07:41:20.460+0000] {dagbag.py:540} INFO - Filling up the DagBag from /opt/airflow/dags/kaldata_dag.py
[2026-06-03T07:41:24.188+0000] {processor.py:840} INFO - DAG(s) 'kaldata_scraper' retrieved from /opt/airflow/dags/kaldata_dag.py
[2026-06-03T07:41:24.631+0000] {logging_mixin.py:188} INFO - [2026-06-03T07:41:24.630+0000] {dag.py:3047} INFO - Sync 1 DAGs
[2026-06-03T07:41:25.077+0000] {logging_mixin.py:188} INFO - [2026-06-03T07:41:25.077+0000] {dag.py:3834} INFO - Setting next_dagrun for kaldata_scraper to 2026-06-03 00:00:00+00:00, run_after=2026-06-04 00:00:00+00:00
[2026-06-03T07:41:25.681+0000] {processor.py:183} INFO - Processing /opt/airflow/dags/kaldata_dag.py took 5.295 seconds
[2026-06-03T07:41:57.410+0000] {processor.py:161} INFO - Started process (PID=1988) to work on /opt/airflow/dags/kaldata_dag.py
[2026-06-03T07:41:57.415+0000] {processor.py:830} INFO - Processing file /opt/airflow/dags/kaldata_dag.py for tasks to queue
[2026-06-03T07:41:57.427+0000] {logging_mixin.py:188} INFO - [2026-06-03T07:41:57.417+0000] {dagbag.py:540} INFO - Filling up the DagBag from /opt/airflow/dags/kaldata_dag.py
[2026-06-03T07:41:58.383+0000] {processor.py:840} INFO - DAG(s) 'kaldata_scraper' retrieved from /opt/airflow/dags/kaldata_dag.py
[2026-06-03T07:41:58.660+0000] {logging_mixin.py:188} INFO - [2026-06-03T07:41:58.659+0000] {dag.py:3047} INFO - Sync 1 DAGs
[2026-06-03T07:41:58.934+0000] {logging_mixin.py:188} INFO - [2026-06-03T07:41:58.933+0000] {dag.py:3834} INFO - Setting next_dagrun for kaldata_scraper to 2026-06-03 00:00:00+00:00, run_after=2026-06-04 00:00:00+00:00
[2026-06-03T07:41:59.591+0000] {processor.py:183} INFO - Processing /opt/airflow/dags/kaldata_dag.py took 2.205 seconds
[2026-06-03T07:42:35.501+0000] {processor.py:161} INFO - Started process (PID=2020) to work on /opt/airflow/dags/kaldata_dag.py
[2026-06-03T07:42:35.981+0000] {processor.py:830} INFO - Processing file /opt/airflow/dags/kaldata_dag.py for tasks to queue
[2026-06-03T07:42:36.119+0000] {logging_mixin.py:188} INFO - [2026-06-03T07:42:36.109+0000] {dagbag.py:540} INFO - Filling up the DagBag from /opt/airflow/dags/kaldata_dag.py
[2026-06-03T07:42:38.216+0000] {processor.py:840} INFO - DAG(s) 'kaldata_scraper' retrieved from /opt/airflow/dags/kaldata_dag.py
[2026-06-03T07:42:38.388+0000] {logging_mixin.py:188} INFO - [2026-06-03T07:42:38.387+0000] {dag.py:3047} INFO - Sync 1 DAGs
[2026-06-03T07:42:38.771+0000] {logging_mixin.py:188} INFO - [2026-06-03T07:42:38.770+0000] {dag.py:3834} INFO - Setting next_dagrun for kaldata_scraper to 2026-06-03 00:00:00+00:00, run_after=2026-06-04 00:00:00+00:00
[2026-06-03T07:42:39.195+0000] {processor.py:183} INFO - Processing /opt/airflow/dags/kaldata_dag.py took 3.732 seconds
[2026-06-03T07:43:11.894+0000] {processor.py:161} INFO - Started process (PID=2050) to work on /opt/airflow/dags/kaldata_dag.py
[2026-06-03T07:43:11.902+0000] {processor.py:830} INFO - Processing file /opt/airflow/dags/kaldata_dag.py for tasks to queue
[2026-06-03T07:43:11.906+0000] {logging_mixin.py:188} INFO - [2026-06-03T07:43:11.905+0000] {dagbag.py:540} INFO - Filling up the DagBag from /opt/airflow/dags/kaldata_dag.py
[2026-06-03T07:43:12.009+0000] {processor.py:840} INFO - DAG(s) 'kaldata_scraper' retrieved from /opt/airflow/dags/kaldata_dag.py
[2026-06-03T07:43:12.132+0000] {logging_mixin.py:188} INFO - [2026-06-03T07:43:12.131+0000] {dag.py:3047} INFO - Sync 1 DAGs
[2026-06-03T07:43:12.222+0000] {logging_mixin.py:188} INFO - [2026-06-03T07:43:12.221+0000] {dag.py:3834} INFO - Setting next_dagrun for kaldata_scraper to 2026-06-03 00:00:00+00:00, run_after=2026-06-04 00:00:00+00:00
[2026-06-03T07:43:12.292+0000] {processor.py:183} INFO - Processing /opt/airflow/dags/kaldata_dag.py took 0.420 seconds
[2026-06-03T07:43:49.901+0000] {processor.py:161} INFO - Started process (PID=2080) to work on /opt/airflow/dags/kaldata_dag.py
[2026-06-03T07:43:49.933+0000] {processor.py:830} INFO - Processing file /opt/airflow/dags/kaldata_dag.py for tasks to queue
[2026-06-03T07:43:49.969+0000] {logging_mixin.py:188} INFO - [2026-06-03T07:43:49.968+0000] {dagbag.py:540} INFO - Filling up the DagBag from /opt/airflow/dags/kaldata_dag.py
[2026-06-03T07:43:51.253+0000] {processor.py:840} INFO - DAG(s) 'kaldata_scraper' retrieved from /opt/airflow/dags/kaldata_dag.py
[2026-06-03T07:43:51.449+0000] {logging_mixin.py:188} INFO - [2026-06-03T07:43:51.447+0000] {dag.py:3047} INFO - Sync 1 DAGs
[2026-06-03T07:43:51.649+0000] {logging_mixin.py:188} INFO - [2026-06-03T07:43:51.648+0000] {dag.py:3834} INFO - Setting next_dagrun for kaldata_scraper to 2026-06-03 00:00:00+00:00, run_after=2026-06-04 00:00:00+00:00
[2026-06-03T07:43:52.073+0000] {processor.py:183} INFO - Processing /opt/airflow/dags/kaldata_dag.py took 2.235 seconds
[2026-06-03T07:44:33.128+0000] {processor.py:161} INFO - Started process (PID=2113) to work on /opt/airflow/dags/kaldata_dag.py
[2026-06-03T07:44:33.151+0000] {processor.py:830} INFO - Processing file /opt/airflow/dags/kaldata_dag.py for tasks to queue
[2026-06-03T07:44:33.345+0000] {logging_mixin.py:188} INFO - [2026-06-03T07:44:33.344+0000] {dagbag.py:540} INFO - Filling up the DagBag from /opt/airflow/dags/kaldata_dag.py
[2026-06-03T07:44:36.399+0000] {processor.py:840} INFO - DAG(s) 'kaldata_scraper' retrieved from /opt/airflow/dags/kaldata_dag.py
[2026-06-03T07:44:36.674+0000] {logging_mixin.py:188} INFO - [2026-06-03T07:44:36.673+0000] {dag.py:3047} INFO - Sync 1 DAGs
[2026-06-03T07:44:36.894+0000] {logging_mixin.py:188} INFO - [2026-06-03T07:44:36.893+0000] {dag.py:3834} INFO - Setting next_dagrun for kaldata_scraper to 2026-06-03 00:00:00+00:00, run_after=2026-06-04 00:00:00+00:00
[2026-06-03T07:44:37.209+0000] {processor.py:183} INFO - Processing /opt/airflow/dags/kaldata_dag.py took 4.137 seconds
[2026-06-03T07:45:13.932+0000] {processor.py:161} INFO - Started process (PID=2143) to work on /opt/airflow/dags/kaldata_dag.py
[2026-06-03T07:45:14.011+0000] {processor.py:830} INFO - Processing file /opt/airflow/dags/kaldata_dag.py for tasks to queue
[2026-06-03T07:45:14.042+0000] {logging_mixin.py:188} INFO - [2026-06-03T07:45:14.041+0000] {dagbag.py:540} INFO - Filling up the DagBag from /opt/airflow/dags/kaldata_dag.py
[2026-06-03T07:45:15.559+0000] {processor.py:840} INFO - DAG(s) 'kaldata_scraper' retrieved from /opt/airflow/dags/kaldata_dag.py
[2026-06-03T07:45:15.759+0000] {logging_mixin.py:188} INFO - [2026-06-03T07:45:15.758+0000] {dag.py:3047} INFO - Sync 1 DAGs
[2026-06-03T07:45:15.980+0000] {logging_mixin.py:188} INFO - [2026-06-03T07:45:15.979+0000] {dag.py:3834} INFO - Setting next_dagrun for kaldata_scraper to 2026-06-03 00:00:00+00:00, run_after=2026-06-04 00:00:00+00:00
[2026-06-03T07:45:16.276+0000] {processor.py:183} INFO - Processing /opt/airflow/dags/kaldata_dag.py took 2.363 seconds
[2026-06-03T07:45:50.786+0000] {processor.py:161} INFO - Started process (PID=2173) to work on /opt/airflow/dags/kaldata_dag.py
[2026-06-03T07:45:50.795+0000] {processor.py:830} INFO - Processing file /opt/airflow/dags/kaldata_dag.py for tasks to queue
[2026-06-03T07:45:50.837+0000] {logging_mixin.py:188} INFO - [2026-06-03T07:45:50.836+0000] {dagbag.py:540} INFO - Filling up the DagBag from /opt/airflow/dags/kaldata_dag.py
[2026-06-03T07:45:51.909+0000] {processor.py:840} INFO - DAG(s) 'kaldata_scraper' retrieved from /opt/airflow/dags/kaldata_dag.py
[2026-06-03T07:45:52.153+0000] {logging_mixin.py:188} INFO - [2026-06-03T07:45:52.152+0000] {dag.py:3047} INFO - Sync 1 DAGs
[2026-06-03T07:45:52.385+0000] {logging_mixin.py:188} INFO - [2026-06-03T07:45:52.384+0000] {dag.py:3834} INFO - Setting next_dagrun for kaldata_scraper to 2026-06-03 00:00:00+00:00, run_after=2026-06-04 00:00:00+00:00
[2026-06-03T07:45:52.582+0000] {processor.py:183} INFO - Processing /opt/airflow/dags/kaldata_dag.py took 1.815 seconds
[2026-06-03T07:46:23.147+0000] {processor.py:161} INFO - Started process (PID=2203) to work on /opt/airflow/dags/kaldata_dag.py
[2026-06-03T07:46:23.150+0000] {processor.py:830} INFO - Processing file /opt/airflow/dags/kaldata_dag.py for tasks to queue
[2026-06-03T07:46:23.153+0000] {logging_mixin.py:188} INFO - [2026-06-03T07:46:23.152+0000] {dagbag.py:540} INFO - Filling up the DagBag from /opt/airflow/dags/kaldata_dag.py
[2026-06-03T07:46:23.232+0000] {processor.py:840} INFO - DAG(s) 'kaldata_scraper' retrieved from /opt/airflow/dags/kaldata_dag.py
[2026-06-03T07:46:23.307+0000] {logging_mixin.py:188} INFO - [2026-06-03T07:46:23.306+0000] {dag.py:3047} INFO - Sync 1 DAGs
[2026-06-03T07:46:23.377+0000] {logging_mixin.py:188} INFO - [2026-06-03T07:46:23.376+0000] {dag.py:3834} INFO - Setting next_dagrun for kaldata_scraper to 2026-06-03 00:00:00+00:00, run_after=2026-06-04 00:00:00+00:00
[2026-06-03T07:46:23.456+0000] {processor.py:183} INFO - Processing /opt/airflow/dags/kaldata_dag.py took 0.321 seconds
[2026-06-03T07:46:53.920+0000] {processor.py:161} INFO - Started process (PID=2233) to work on /opt/airflow/dags/kaldata_dag.py
[2026-06-03T07:46:53.924+0000] {processor.py:830} INFO - Processing file /opt/airflow/dags/kaldata_dag.py for tasks to queue
[2026-06-03T07:46:53.929+0000] {logging_mixin.py:188} INFO - [2026-06-03T07:46:53.928+0000] {dagbag.py:540} INFO - Filling up the DagBag from /opt/airflow/dags/kaldata_dag.py
[2026-06-03T07:46:53.995+0000] {processor.py:840} INFO - DAG(s) 'kaldata_scraper' retrieved from /opt/airflow/dags/kaldata_dag.py
[2026-06-03T07:46:54.066+0000] {logging_mixin.py:188} INFO - [2026-06-03T07:46:54.065+0000] {dag.py:3047} INFO - Sync 1 DAGs
[2026-06-03T07:46:54.135+0000] {logging_mixin.py:188} INFO - [2026-06-03T07:46:54.134+0000] {dag.py:3834} INFO - Setting next_dagrun for kaldata_scraper to 2026-06-03 00:00:00+00:00, run_after=2026-06-04 00:00:00+00:00
[2026-06-03T07:46:54.189+0000] {processor.py:183} INFO - Processing /opt/airflow/dags/kaldata_dag.py took 0.287 seconds
[2026-06-03T07:47:24.671+0000] {processor.py:161} INFO - Started process (PID=2263) to work on /opt/airflow/dags/kaldata_dag.py
[2026-06-03T07:47:24.685+0000] {processor.py:830} INFO - Processing file /opt/airflow/dags/kaldata_dag.py for tasks to queue
[2026-06-03T07:47:24.690+0000] {logging_mixin.py:188} INFO - [2026-06-03T07:47:24.689+0000] {dagbag.py:540} INFO - Filling up the DagBag from /opt/airflow/dags/kaldata_dag.py
[2026-06-03T07:47:25.119+0000] {processor.py:840} INFO - DAG(s) 'kaldata_scraper' retrieved from /opt/airflow/dags/kaldata_dag.py
[2026-06-03T07:47:25.273+0000] {logging_mixin.py:188} INFO - [2026-06-03T07:47:25.272+0000] {dag.py:3047} INFO - Sync 1 DAGs
[2026-06-03T07:47:25.347+0000] {logging_mixin.py:188} INFO - [2026-06-03T07:47:25.346+0000] {dag.py:3834} INFO - Setting next_dagrun for kaldata_scraper to 2026-06-03 00:00:00+00:00, run_after=2026-06-04 00:00:00+00:00
[2026-06-03T07:47:25.438+0000] {processor.py:183} INFO - Processing /opt/airflow/dags/kaldata_dag.py took 0.795 seconds
[2026-06-03T07:47:56.235+0000] {processor.py:161} INFO - Started process (PID=2293) to work on /opt/airflow/dags/kaldata_dag.py
[2026-06-03T07:47:56.249+0000] {processor.py:830} INFO - Processing file /opt/airflow/dags/kaldata_dag.py for tasks to queue
[2026-06-03T07:47:56.293+0000] {logging_mixin.py:188} INFO - [2026-06-03T07:47:56.292+0000] {dagbag.py:540} INFO - Filling up the DagBag from /opt/airflow/dags/kaldata_dag.py
[2026-06-03T07:47:56.725+0000] {processor.py:840} INFO - DAG(s) 'kaldata_scraper' retrieved from /opt/airflow/dags/kaldata_dag.py
[2026-06-03T07:47:56.960+0000] {logging_mixin.py:188} INFO - [2026-06-03T07:47:56.960+0000] {dag.py:3047} INFO - Sync 1 DAGs
[2026-06-03T07:47:57.151+0000] {logging_mixin.py:188} INFO - [2026-06-03T07:47:57.151+0000] {dag.py:3834} INFO - Setting next_dagrun for kaldata_scraper to 2026-06-03 00:00:00+00:00, run_after=2026-06-04 00:00:00+00:00
[2026-06-03T07:47:57.440+0000] {processor.py:183} INFO - Processing /opt/airflow/dags/kaldata_dag.py took 1.224 seconds
[2026-06-03T07:48:27.702+0000] {processor.py:161} INFO - Started process (PID=2323) to work on /opt/airflow/dags/kaldata_dag.py
[2026-06-03T07:48:27.705+0000] {processor.py:830} INFO - Processing file /opt/airflow/dags/kaldata_dag.py for tasks to queue
[2026-06-03T07:48:27.708+0000] {logging_mixin.py:188} INFO - [2026-06-03T07:48:27.707+0000] {dagbag.py:540} INFO - Filling up the DagBag from /opt/airflow/dags/kaldata_dag.py
[2026-06-03T07:48:27.797+0000] {processor.py:840} INFO - DAG(s) 'kaldata_scraper' retrieved from /opt/airflow/dags/kaldata_dag.py
[2026-06-03T07:48:27.874+0000] {logging_mixin.py:188} INFO - [2026-06-03T07:48:27.873+0000] {dag.py:3047} INFO - Sync 1 DAGs
[2026-06-03T07:48:27.938+0000] {logging_mixin.py:188} INFO - [2026-06-03T07:48:27.937+0000] {dag.py:3834} INFO - Setting next_dagrun for kaldata_scraper to 2026-06-03 00:00:00+00:00, run_after=2026-06-04 00:00:00+00:00
[2026-06-03T07:48:27.997+0000] {processor.py:183} INFO - Processing /opt/airflow/dags/kaldata_dag.py took 0.306 seconds
[2026-06-03T07:48:58.450+0000] {processor.py:161} INFO - Started process (PID=2353) to work on /opt/airflow/dags/kaldata_dag.py
[2026-06-03T07:48:58.454+0000] {processor.py:830} INFO - Processing file /opt/airflow/dags/kaldata_dag.py for tasks to queue
[2026-06-03T07:48:58.458+0000] {logging_mixin.py:188} INFO - [2026-06-03T07:48:58.457+0000] {dagbag.py:540} INFO - Filling up the DagBag from /opt/airflow/dags/kaldata_dag.py
[2026-06-03T07:48:58.515+0000] {processor.py:840} INFO - DAG(s) 'kaldata_scraper' retrieved from /opt/airflow/dags/kaldata_dag.py
[2026-06-03T07:48:58.594+0000] {logging_mixin.py:188} INFO - [2026-06-03T07:48:58.593+0000] {dag.py:3047} INFO - Sync 1 DAGs
[2026-06-03T07:48:58.673+0000] {logging_mixin.py:188} INFO - [2026-06-03T07:48:58.672+0000] {dag.py:3834} INFO - Setting next_dagrun for kaldata_scraper to 2026-06-03 00:00:00+00:00, run_after=2026-06-04 00:00:00+00:00
[2026-06-03T07:48:58.726+0000] {processor.py:183} INFO - Processing /opt/airflow/dags/kaldata_dag.py took 0.287 seconds
[2026-06-03T07:49:29.610+0000] {processor.py:161} INFO - Started process (PID=2383) to work on /opt/airflow/dags/kaldata_dag.py
[2026-06-03T07:49:29.614+0000] {processor.py:830} INFO - Processing file /opt/airflow/dags/kaldata_dag.py for tasks to queue
[2026-06-03T07:49:29.618+0000] {logging_mixin.py:188} INFO - [2026-06-03T07:49:29.617+0000] {dagbag.py:540} INFO - Filling up the DagBag from /opt/airflow/dags/kaldata_dag.py
[2026-06-03T07:49:29.692+0000] {processor.py:840} INFO - DAG(s) 'kaldata_scraper' retrieved from /opt/airflow/dags/kaldata_dag.py
[2026-06-03T07:49:29.763+0000] {logging_mixin.py:188} INFO - [2026-06-03T07:49:29.762+0000] {dag.py:3047} INFO - Sync 1 DAGs
[2026-06-03T07:49:29.831+0000] {logging_mixin.py:188} INFO - [2026-06-03T07:49:29.830+0000] {dag.py:3834} INFO - Setting next_dagrun for kaldata_scraper to 2026-06-03 00:00:00+00:00, run_after=2026-06-04 00:00:00+00:00
[2026-06-03T07:49:29.884+0000] {processor.py:183} INFO - Processing /opt/airflow/dags/kaldata_dag.py took 0.287 seconds
[2026-06-03T07:50:00.486+0000] {processor.py:161} INFO - Started process (PID=2413) to work on /opt/airflow/dags/kaldata_dag.py
[2026-06-03T07:50:00.491+0000] {processor.py:830} INFO - Processing file /opt/airflow/dags/kaldata_dag.py for tasks to queue
[2026-06-03T07:50:00.494+0000] {logging_mixin.py:188} INFO - [2026-06-03T07:50:00.493+0000] {dagbag.py:540} INFO - Filling up the DagBag from /opt/airflow/dags/kaldata_dag.py
[2026-06-03T07:50:00.560+0000] {processor.py:840} INFO - DAG(s) 'kaldata_scraper' retrieved from /opt/airflow/dags/kaldata_dag.py
[2026-06-03T07:50:00.638+0000] {logging_mixin.py:188} INFO - [2026-06-03T07:50:00.637+0000] {dag.py:3047} INFO - Sync 1 DAGs
[2026-06-03T07:50:00.710+0000] {logging_mixin.py:188} INFO - [2026-06-03T07:50:00.710+0000] {dag.py:3834} INFO - Setting next_dagrun for kaldata_scraper to 2026-06-03 00:00:00+00:00, run_after=2026-06-04 00:00:00+00:00
[2026-06-03T07:50:00.775+0000] {processor.py:183} INFO - Processing /opt/airflow/dags/kaldata_dag.py took 0.317 seconds
[2026-06-03T07:50:31.118+0000] {processor.py:161} INFO - Started process (PID=2440) to work on /opt/airflow/dags/kaldata_dag.py
[2026-06-03T07:50:31.121+0000] {processor.py:830} INFO - Processing file /opt/airflow/dags/kaldata_dag.py for tasks to queue
[2026-06-03T07:50:31.124+0000] {logging_mixin.py:188} INFO - [2026-06-03T07:50:31.123+0000] {dagbag.py:540} INFO - Filling up the DagBag from /opt/airflow/dags/kaldata_dag.py
[2026-06-03T07:50:31.179+0000] {processor.py:840} INFO - DAG(s) 'kaldata_scraper' retrieved from /opt/airflow/dags/kaldata_dag.py
[2026-06-03T07:50:31.248+0000] {logging_mixin.py:188} INFO - [2026-06-03T07:50:31.248+0000] {dag.py:3047} INFO - Sync 1 DAGs
[2026-06-03T07:50:31.348+0000] {logging_mixin.py:188} INFO - [2026-06-03T07:50:31.347+0000] {dag.py:3834} INFO - Setting next_dagrun for kaldata_scraper to 2026-06-03 00:00:00+00:00, run_after=2026-06-04 00:00:00+00:00
[2026-06-03T07:50:31.494+0000] {processor.py:183} INFO - Processing /opt/airflow/dags/kaldata_dag.py took 0.386 seconds
[2026-06-03T07:51:02.276+0000] {processor.py:161} INFO - Started process (PID=2470) to work on /opt/airflow/dags/kaldata_dag.py
[2026-06-03T07:51:02.279+0000] {processor.py:830} INFO - Processing file /opt/airflow/dags/kaldata_dag.py for tasks to queue
[2026-06-03T07:51:02.282+0000] {logging_mixin.py:188} INFO - [2026-06-03T07:51:02.282+0000] {dagbag.py:540} INFO - Filling up the DagBag from /opt/airflow/dags/kaldata_dag.py
[2026-06-03T07:51:02.337+0000] {processor.py:840} INFO - DAG(s) 'kaldata_scraper' retrieved from /opt/airflow/dags/kaldata_dag.py
[2026-06-03T07:51:02.429+0000] {logging_mixin.py:188} INFO - [2026-06-03T07:51:02.428+0000] {dag.py:3047} INFO - Sync 1 DAGs
[2026-06-03T07:51:02.513+0000] {logging_mixin.py:188} INFO - [2026-06-03T07:51:02.512+0000] {dag.py:3834} INFO - Setting next_dagrun for kaldata_scraper to 2026-06-03 00:00:00+00:00, run_after=2026-06-04 00:00:00+00:00
[2026-06-03T07:51:02.573+0000] {processor.py:183} INFO - Processing /opt/airflow/dags/kaldata_dag.py took 0.307 seconds
[2026-06-03T07:51:33.676+0000] {processor.py:161} INFO - Started process (PID=2503) to work on /opt/airflow/dags/kaldata_dag.py
[2026-06-03T07:51:33.680+0000] {processor.py:830} INFO - Processing file /opt/airflow/dags/kaldata_dag.py for tasks to queue
[2026-06-03T07:51:33.685+0000] {logging_mixin.py:188} INFO - [2026-06-03T07:51:33.684+0000] {dagbag.py:540} INFO - Filling up the DagBag from /opt/airflow/dags/kaldata_dag.py
[2026-06-03T07:51:33.753+0000] {processor.py:840} INFO - DAG(s) 'kaldata_scraper' retrieved from /opt/airflow/dags/kaldata_dag.py
[2026-06-03T07:51:33.930+0000] {logging_mixin.py:188} INFO - [2026-06-03T07:51:33.929+0000] {dag.py:3047} INFO - Sync 1 DAGs
[2026-06-03T07:51:34.229+0000] {logging_mixin.py:188} INFO - [2026-06-03T07:51:34.217+0000] {dag.py:3834} INFO - Setting next_dagrun for kaldata_scraper to 2026-06-03 00:00:00+00:00, run_after=2026-06-04 00:00:00+00:00
[2026-06-03T07:51:34.498+0000] {processor.py:183} INFO - Processing /opt/airflow/dags/kaldata_dag.py took 0.839 seconds
[2026-06-03T07:52:04.877+0000] {processor.py:161} INFO - Started process (PID=2533) to work on /opt/airflow/dags/kaldata_dag.py
[2026-06-03T07:52:04.882+0000] {processor.py:830} INFO - Processing file /opt/airflow/dags/kaldata_dag.py for tasks to queue
[2026-06-03T07:52:04.885+0000] {logging_mixin.py:188} INFO - [2026-06-03T07:52:04.884+0000] {dagbag.py:540} INFO - Filling up the DagBag from /opt/airflow/dags/kaldata_dag.py
[2026-06-03T07:52:05.301+0000] {processor.py:840} INFO - DAG(s) 'kaldata_scraper' retrieved from /opt/airflow/dags/kaldata_dag.py
[2026-06-03T07:52:05.541+0000] {logging_mixin.py:188} INFO - [2026-06-03T07:52:05.541+0000] {dag.py:3047} INFO - Sync 1 DAGs
[2026-06-03T07:52:05.723+0000] {logging_mixin.py:188} INFO - [2026-06-03T07:52:05.722+0000] {dag.py:3834} INFO - Setting next_dagrun for kaldata_scraper to 2026-06-03 00:00:00+00:00, run_after=2026-06-04 00:00:00+00:00
[2026-06-03T07:52:05.807+0000] {processor.py:183} INFO - Processing /opt/airflow/dags/kaldata_dag.py took 0.947 seconds
[2026-06-03T07:52:36.496+0000] {processor.py:161} INFO - Started process (PID=2565) to work on /opt/airflow/dags/kaldata_dag.py
[2026-06-03T07:52:36.506+0000] {processor.py:830} INFO - Processing file /opt/airflow/dags/kaldata_dag.py for tasks to queue
[2026-06-03T07:52:36.510+0000] {logging_mixin.py:188} INFO - [2026-06-03T07:52:36.509+0000] {dagbag.py:540} INFO - Filling up the DagBag from /opt/airflow/dags/kaldata_dag.py
[2026-06-03T07:52:36.625+0000] {processor.py:840} INFO - DAG(s) 'kaldata_scraper' retrieved from /opt/airflow/dags/kaldata_dag.py
[2026-06-03T07:52:36.884+0000] {logging_mixin.py:188} INFO - [2026-06-03T07:52:36.883+0000] {dag.py:3047} INFO - Sync 1 DAGs
[2026-06-03T07:52:37.347+0000] {logging_mixin.py:188} INFO - [2026-06-03T07:52:37.345+0000] {dag.py:3834} INFO - Setting next_dagrun for kaldata_scraper to 2026-06-03 00:00:00+00:00, run_after=2026-06-04 00:00:00+00:00
[2026-06-03T07:52:37.704+0000] {processor.py:183} INFO - Processing /opt/airflow/dags/kaldata_dag.py took 1.229 seconds
[2026-06-03T07:53:08.391+0000] {processor.py:161} INFO - Started process (PID=2595) to work on /opt/airflow/dags/kaldata_dag.py
[2026-06-03T07:53:08.394+0000] {processor.py:830} INFO - Processing file /opt/airflow/dags/kaldata_dag.py for tasks to queue
[2026-06-03T07:53:08.397+0000] {logging_mixin.py:188} INFO - [2026-06-03T07:53:08.396+0000] {dagbag.py:540} INFO - Filling up the DagBag from /opt/airflow/dags/kaldata_dag.py
[2026-06-03T07:53:08.455+0000] {processor.py:840} INFO - DAG(s) 'kaldata_scraper' retrieved from /opt/airflow/dags/kaldata_dag.py
[2026-06-03T07:53:08.527+0000] {logging_mixin.py:188} INFO - [2026-06-03T07:53:08.526+0000] {dag.py:3047} INFO - Sync 1 DAGs
[2026-06-03T07:53:08.592+0000] {logging_mixin.py:188} INFO - [2026-06-03T07:53:08.591+0000] {dag.py:3834} INFO - Setting next_dagrun for kaldata_scraper to 2026-06-03 00:00:00+00:00, run_after=2026-06-04 00:00:00+00:00
[2026-06-03T07:53:08.649+0000] {processor.py:183} INFO - Processing /opt/airflow/dags/kaldata_dag.py took 0.269 seconds
[2026-06-03T07:53:38.812+0000] {processor.py:161} INFO - Started process (PID=2625) to work on /opt/airflow/dags/kaldata_dag.py
[2026-06-03T07:53:38.815+0000] {processor.py:830} INFO - Processing file /opt/airflow/dags/kaldata_dag.py for tasks to queue
[2026-06-03T07:53:38.818+0000] {logging_mixin.py:188} INFO - [2026-06-03T07:53:38.817+0000] {dagbag.py:540} INFO - Filling up the DagBag from /opt/airflow/dags/kaldata_dag.py
[2026-06-03T07:53:38.873+0000] {processor.py:840} INFO - DAG(s) 'kaldata_scraper' retrieved from /opt/airflow/dags/kaldata_dag.py
[2026-06-03T07:53:38.942+0000] {logging_mixin.py:188} INFO - [2026-06-03T07:53:38.941+0000] {dag.py:3047} INFO - Sync 1 DAGs
[2026-06-03T07:53:39.007+0000] {logging_mixin.py:188} INFO - [2026-06-03T07:53:39.006+0000] {dag.py:3834} INFO - Setting next_dagrun for kaldata_scraper to 2026-06-03 00:00:00+00:00, run_after=2026-06-04 00:00:00+00:00
[2026-06-03T07:53:39.071+0000] {processor.py:183} INFO - Processing /opt/airflow/dags/kaldata_dag.py took 0.270 seconds
[2026-06-03T07:54:09.959+0000] {processor.py:161} INFO - Started process (PID=2655) to work on /opt/airflow/dags/kaldata_dag.py
[2026-06-03T07:54:09.962+0000] {processor.py:830} INFO - Processing file /opt/airflow/dags/kaldata_dag.py for tasks to queue
[2026-06-03T07:54:09.965+0000] {logging_mixin.py:188} INFO - [2026-06-03T07:54:09.964+0000] {dagbag.py:540} INFO - Filling up the DagBag from /opt/airflow/dags/kaldata_dag.py
[2026-06-03T07:54:10.024+0000] {processor.py:840} INFO - DAG(s) 'kaldata_scraper' retrieved from /opt/airflow/dags/kaldata_dag.py
[2026-06-03T07:54:10.095+0000] {logging_mixin.py:188} INFO - [2026-06-03T07:54:10.094+0000] {dag.py:3047} INFO - Sync 1 DAGs
[2026-06-03T07:54:10.162+0000] {logging_mixin.py:188} INFO - [2026-06-03T07:54:10.161+0000] {dag.py:3834} INFO - Setting next_dagrun for kaldata_scraper to 2026-06-03 00:00:00+00:00, run_after=2026-06-04 00:00:00+00:00
[2026-06-03T07:54:10.215+0000] {processor.py:183} INFO - Processing /opt/airflow/dags/kaldata_dag.py took 0.268 seconds
[2026-06-03T07:54:41.568+0000] {processor.py:161} INFO - Started process (PID=2685) to work on /opt/airflow/dags/kaldata_dag.py
[2026-06-03T07:54:41.570+0000] {processor.py:830} INFO - Processing file /opt/airflow/dags/kaldata_dag.py for tasks to queue
[2026-06-03T07:54:41.573+0000] {logging_mixin.py:188} INFO - [2026-06-03T07:54:41.572+0000] {dagbag.py:540} INFO - Filling up the DagBag from /opt/airflow/dags/kaldata_dag.py
[2026-06-03T07:54:41.646+0000] {processor.py:840} INFO - DAG(s) 'kaldata_scraper' retrieved from /opt/airflow/dags/kaldata_dag.py
[2026-06-03T07:54:41.713+0000] {logging_mixin.py:188} INFO - [2026-06-03T07:54:41.712+0000] {dag.py:3047} INFO - Sync 1 DAGs
[2026-06-03T07:54:41.776+0000] {logging_mixin.py:188} INFO - [2026-06-03T07:54:41.776+0000] {dag.py:3834} INFO - Setting next_dagrun for kaldata_scraper to 2026-06-03 00:00:00+00:00, run_after=2026-06-04 00:00:00+00:00
[2026-06-03T07:54:41.828+0000] {processor.py:183} INFO - Processing /opt/airflow/dags/kaldata_dag.py took 0.270 seconds
[2026-06-03T07:55:12.133+0000] {processor.py:161} INFO - Started process (PID=2715) to work on /opt/airflow/dags/kaldata_dag.py
[2026-06-03T07:55:12.136+0000] {processor.py:830} INFO - Processing file /opt/airflow/dags/kaldata_dag.py for tasks to queue
[2026-06-03T07:55:12.140+0000] {logging_mixin.py:188} INFO - [2026-06-03T07:55:12.138+0000] {dagbag.py:540} INFO - Filling up the DagBag from /opt/airflow/dags/kaldata_dag.py
[2026-06-03T07:55:12.190+0000] {processor.py:840} INFO - DAG(s) 'kaldata_scraper' retrieved from /opt/airflow/dags/kaldata_dag.py
[2026-06-03T07:55:12.261+0000] {logging_mixin.py:188} INFO - [2026-06-03T07:55:12.260+0000] {dag.py:3047} INFO - Sync 1 DAGs
[2026-06-03T07:55:12.324+0000] {logging_mixin.py:188} INFO - [2026-06-03T07:55:12.323+0000] {dag.py:3834} INFO - Setting next_dagrun for kaldata_scraper to 2026-06-03 00:00:00+00:00, run_after=2026-06-04 00:00:00+00:00
[2026-06-03T07:55:12.382+0000] {processor.py:183} INFO - Processing /opt/airflow/dags/kaldata_dag.py took 0.259 seconds
[2026-06-03T07:55:42.651+0000] {processor.py:161} INFO - Started process (PID=2745) to work on /opt/airflow/dags/kaldata_dag.py
[2026-06-03T07:55:42.655+0000] {processor.py:830} INFO - Processing file /opt/airflow/dags/kaldata_dag.py for tasks to queue
[2026-06-03T07:55:42.658+0000] {logging_mixin.py:188} INFO - [2026-06-03T07:55:42.657+0000] {dagbag.py:540} INFO - Filling up the DagBag from /opt/airflow/dags/kaldata_dag.py
[2026-06-03T07:55:42.712+0000] {processor.py:840} INFO - DAG(s) 'kaldata_scraper' retrieved from /opt/airflow/dags/kaldata_dag.py
[2026-06-03T07:55:42.782+0000] {logging_mixin.py:188} INFO - [2026-06-03T07:55:42.782+0000] {dag.py:3047} INFO - Sync 1 DAGs
[2026-06-03T07:55:42.849+0000] {logging_mixin.py:188} INFO - [2026-06-03T07:55:42.847+0000] {dag.py:3834} INFO - Setting next_dagrun for kaldata_scraper to 2026-06-03 00:00:00+00:00, run_after=2026-06-04 00:00:00+00:00
[2026-06-03T07:55:42.903+0000] {processor.py:183} INFO - Processing /opt/airflow/dags/kaldata_dag.py took 0.262 seconds
[2026-06-03T07:56:13.496+0000] {processor.py:161} INFO - Started process (PID=2775) to work on /opt/airflow/dags/kaldata_dag.py
[2026-06-03T07:56:13.499+0000] {processor.py:830} INFO - Processing file /opt/airflow/dags/kaldata_dag.py for tasks to queue
[2026-06-03T07:56:13.502+0000] {logging_mixin.py:188} INFO - [2026-06-03T07:56:13.501+0000] {dagbag.py:540} INFO - Filling up the DagBag from /opt/airflow/dags/kaldata_dag.py
[2026-06-03T07:56:13.564+0000] {processor.py:840} INFO - DAG(s) 'kaldata_scraper' retrieved from /opt/airflow/dags/kaldata_dag.py
[2026-06-03T07:56:13.633+0000] {logging_mixin.py:188} INFO - [2026-06-03T07:56:13.632+0000] {dag.py:3047} INFO - Sync 1 DAGs
[2026-06-03T07:56:13.697+0000] {logging_mixin.py:188} INFO - [2026-06-03T07:56:13.696+0000] {dag.py:3834} INFO - Setting next_dagrun for kaldata_scraper to 2026-06-03 00:00:00+00:00, run_after=2026-06-04 00:00:00+00:00
[2026-06-03T07:56:13.748+0000] {processor.py:183} INFO - Processing /opt/airflow/dags/kaldata_dag.py took 0.263 seconds
[2026-06-03T07:56:44.173+0000] {processor.py:161} INFO - Started process (PID=2803) to work on /opt/airflow/dags/kaldata_dag.py
[2026-06-03T07:56:44.179+0000] {processor.py:830} INFO - Processing file /opt/airflow/dags/kaldata_dag.py for tasks to queue
[2026-06-03T07:56:44.186+0000] {logging_mixin.py:188} INFO - [2026-06-03T07:56:44.182+0000] {dagbag.py:540} INFO - Filling up the DagBag from /opt/airflow/dags/kaldata_dag.py
[2026-06-03T07:56:44.249+0000] {processor.py:840} INFO - DAG(s) 'kaldata_scraper' retrieved from /opt/airflow/dags/kaldata_dag.py
[2026-06-03T07:56:44.381+0000] {logging_mixin.py:188} INFO - [2026-06-03T07:56:44.380+0000] {dag.py:3047} INFO - Sync 1 DAGs
[2026-06-03T07:56:44.631+0000] {logging_mixin.py:188} INFO - [2026-06-03T07:56:44.631+0000] {dag.py:3834} INFO - Setting next_dagrun for kaldata_scraper to 2026-06-03 00:00:00+00:00, run_after=2026-06-04 00:00:00+00:00
[2026-06-03T07:56:44.897+0000] {processor.py:183} INFO - Processing /opt/airflow/dags/kaldata_dag.py took 0.734 seconds
[2026-06-03T07:57:15.953+0000] {processor.py:161} INFO - Started process (PID=2833) to work on /opt/airflow/dags/kaldata_dag.py
[2026-06-03T07:57:15.956+0000] {processor.py:830} INFO - Processing file /opt/airflow/dags/kaldata_dag.py for tasks to queue
[2026-06-03T07:57:15.960+0000] {logging_mixin.py:188} INFO - [2026-06-03T07:57:15.959+0000] {dagbag.py:540} INFO - Filling up the DagBag from /opt/airflow/dags/kaldata_dag.py
[2026-06-03T07:57:16.029+0000] {processor.py:840} INFO - DAG(s) 'kaldata_scraper' retrieved from /opt/airflow/dags/kaldata_dag.py
[2026-06-03T07:57:16.108+0000] {logging_mixin.py:188} INFO - [2026-06-03T07:57:16.107+0000] {dag.py:3047} INFO - Sync 1 DAGs
[2026-06-03T07:57:16.183+0000] {logging_mixin.py:188} INFO - [2026-06-03T07:57:16.182+0000] {dag.py:3834} INFO - Setting next_dagrun for kaldata_scraper to 2026-06-03 00:00:00+00:00, run_after=2026-06-04 00:00:00+00:00
[2026-06-03T07:57:16.300+0000] {processor.py:183} INFO - Processing /opt/airflow/dags/kaldata_dag.py took 0.361 seconds
[2026-06-03T07:57:53.249+0000] {processor.py:161} INFO - Started process (PID=2863) to work on /opt/airflow/dags/kaldata_dag.py
[2026-06-03T07:57:53.342+0000] {processor.py:830} INFO - Processing file /opt/airflow/dags/kaldata_dag.py for tasks to queue
[2026-06-03T07:57:53.405+0000] {logging_mixin.py:188} INFO - [2026-06-03T07:57:53.404+0000] {dagbag.py:540} INFO - Filling up the DagBag from /opt/airflow/dags/kaldata_dag.py
[2026-06-03T07:57:55.028+0000] {processor.py:840} INFO - DAG(s) 'kaldata_scraper' retrieved from /opt/airflow/dags/kaldata_dag.py
[2026-06-03T07:57:55.306+0000] {logging_mixin.py:188} INFO - [2026-06-03T07:57:55.295+0000] {dag.py:3047} INFO - Sync 1 DAGs
[2026-06-03T07:57:55.632+0000] {logging_mixin.py:188} INFO - [2026-06-03T07:57:55.632+0000] {dag.py:3834} INFO - Setting next_dagrun for kaldata_scraper to 2026-06-03 00:00:00+00:00, run_after=2026-06-04 00:00:00+00:00
[2026-06-03T07:57:55.983+0000] {processor.py:183} INFO - Processing /opt/airflow/dags/kaldata_dag.py took 2.752 seconds
[2026-06-03T07:58:29.627+0000] {processor.py:161} INFO - Started process (PID=2890) to work on /opt/airflow/dags/kaldata_dag.py
[2026-06-03T07:58:29.670+0000] {processor.py:830} INFO - Processing file /opt/airflow/dags/kaldata_dag.py for tasks to queue
[2026-06-03T07:58:29.765+0000] {logging_mixin.py:188} INFO - [2026-06-03T07:58:29.764+0000] {dagbag.py:540} INFO - Filling up the DagBag from /opt/airflow/dags/kaldata_dag.py
[2026-06-03T07:58:31.162+0000] {processor.py:840} INFO - DAG(s) 'kaldata_scraper' retrieved from /opt/airflow/dags/kaldata_dag.py
[2026-06-03T07:58:31.407+0000] {logging_mixin.py:188} INFO - [2026-06-03T07:58:31.406+0000] {dag.py:3047} INFO - Sync 1 DAGs
[2026-06-03T07:58:31.645+0000] {logging_mixin.py:188} INFO - [2026-06-03T07:58:31.644+0000] {dag.py:3834} INFO - Setting next_dagrun for kaldata_scraper to 2026-06-03 00:00:00+00:00, run_after=2026-06-04 00:00:00+00:00
[2026-06-03T07:58:31.900+0000] {processor.py:183} INFO - Processing /opt/airflow/dags/kaldata_dag.py took 2.284 seconds
[2026-06-03T07:59:02.890+0000] {processor.py:161} INFO - Started process (PID=2920) to work on /opt/airflow/dags/kaldata_dag.py
[2026-06-03T07:59:02.917+0000] {processor.py:830} INFO - Processing file /opt/airflow/dags/kaldata_dag.py for tasks to queue
[2026-06-03T07:59:02.921+0000] {logging_mixin.py:188} INFO - [2026-06-03T07:59:02.920+0000] {dagbag.py:540} INFO - Filling up the DagBag from /opt/airflow/dags/kaldata_dag.py
[2026-06-03T07:59:03.033+0000] {processor.py:840} INFO - DAG(s) 'kaldata_scraper' retrieved from /opt/airflow/dags/kaldata_dag.py
[2026-06-03T07:59:03.197+0000] {logging_mixin.py:188} INFO - [2026-06-03T07:59:03.197+0000] {dag.py:3047} INFO - Sync 1 DAGs
[2026-06-03T07:59:03.400+0000] {logging_mixin.py:188} INFO - [2026-06-03T07:59:03.388+0000] {dag.py:3834} INFO - Setting next_dagrun for kaldata_scraper to 2026-06-03 00:00:00+00:00, run_after=2026-06-04 00:00:00+00:00
[2026-06-03T07:59:03.545+0000] {processor.py:183} INFO - Processing /opt/airflow/dags/kaldata_dag.py took 0.688 seconds
[2026-06-03T07:59:34.114+0000] {processor.py:161} INFO - Started process (PID=2950) to work on /opt/airflow/dags/kaldata_dag.py
[2026-06-03T07:59:34.139+0000] {processor.py:830} INFO - Processing file /opt/airflow/dags/kaldata_dag.py for tasks to queue
[2026-06-03T07:59:34.149+0000] {logging_mixin.py:188} INFO - [2026-06-03T07:59:34.148+0000] {dagbag.py:540} INFO - Filling up the DagBag from /opt/airflow/dags/kaldata_dag.py
[2026-06-03T07:59:34.296+0000] {processor.py:840} INFO - DAG(s) 'kaldata_scraper' retrieved from /opt/airflow/dags/kaldata_dag.py
[2026-06-03T07:59:34.374+0000] {logging_mixin.py:188} INFO - [2026-06-03T07:59:34.373+0000] {dag.py:3047} INFO - Sync 1 DAGs
[2026-06-03T07:59:34.451+0000] {logging_mixin.py:188} INFO - [2026-06-03T07:59:34.451+0000] {dag.py:3834} INFO - Setting next_dagrun for kaldata_scraper to 2026-06-03 00:00:00+00:00, run_after=2026-06-04 00:00:00+00:00
[2026-06-03T07:59:34.505+0000] {processor.py:183} INFO - Processing /opt/airflow/dags/kaldata_dag.py took 0.402 seconds
[2026-06-03T08:00:05.158+0000] {processor.py:161} INFO - Started process (PID=2980) to work on /opt/airflow/dags/kaldata_dag.py
[2026-06-03T08:00:05.161+0000] {processor.py:830} INFO - Processing file /opt/airflow/dags/kaldata_dag.py for tasks to queue
[2026-06-03T08:00:05.164+0000] {logging_mixin.py:188} INFO - [2026-06-03T08:00:05.163+0000] {dagbag.py:540} INFO - Filling up the DagBag from /opt/airflow/dags/kaldata_dag.py
[2026-06-03T08:00:05.250+0000] {processor.py:840} INFO - DAG(s) 'kaldata_scraper' retrieved from /opt/airflow/dags/kaldata_dag.py
[2026-06-03T08:00:05.440+0000] {logging_mixin.py:188} INFO - [2026-06-03T08:00:05.439+0000] {dag.py:3047} INFO - Sync 1 DAGs
[2026-06-03T08:00:05.692+0000] {logging_mixin.py:188} INFO - [2026-06-03T08:00:05.680+0000] {dag.py:3834} INFO - Setting next_dagrun for kaldata_scraper to 2026-06-03 00:00:00+00:00, run_after=2026-06-04 00:00:00+00:00
[2026-06-03T08:00:05.845+0000] {processor.py:183} INFO - Processing /opt/airflow/dags/kaldata_dag.py took 0.697 seconds
[2026-06-03T08:00:36.085+0000] {processor.py:161} INFO - Started process (PID=3010) to work on /opt/airflow/dags/kaldata_dag.py
[2026-06-03T08:00:36.088+0000] {processor.py:830} INFO - Processing file /opt/airflow/dags/kaldata_dag.py for tasks to queue
[2026-06-03T08:00:36.091+0000] {logging_mixin.py:188} INFO - [2026-06-03T08:00:36.090+0000] {dagbag.py:540} INFO - Filling up the DagBag from /opt/airflow/dags/kaldata_dag.py
[2026-06-03T08:00:36.212+0000] {processor.py:840} INFO - DAG(s) 'kaldata_scraper' retrieved from /opt/airflow/dags/kaldata_dag.py
[2026-06-03T08:00:36.440+0000] {logging_mixin.py:188} INFO - [2026-06-03T08:00:36.439+0000] {dag.py:3047} INFO - Sync 1 DAGs
[2026-06-03T08:00:36.629+0000] {logging_mixin.py:188} INFO - [2026-06-03T08:00:36.628+0000] {dag.py:3834} INFO - Setting next_dagrun for kaldata_scraper to 2026-06-03 00:00:00+00:00, run_after=2026-06-04 00:00:00+00:00
[2026-06-03T08:00:36.822+0000] {processor.py:183} INFO - Processing /opt/airflow/dags/kaldata_dag.py took 0.747 seconds
[2026-06-03T08:01:07.121+0000] {processor.py:161} INFO - Started process (PID=3040) to work on /opt/airflow/dags/kaldata_dag.py
[2026-06-03T08:01:07.124+0000] {processor.py:830} INFO - Processing file /opt/airflow/dags/kaldata_dag.py for tasks to queue
[2026-06-03T08:01:07.126+0000] {logging_mixin.py:188} INFO - [2026-06-03T08:01:07.126+0000] {dagbag.py:540} INFO - Filling up the DagBag from /opt/airflow/dags/kaldata_dag.py
[2026-06-03T08:01:07.178+0000] {processor.py:840} INFO - DAG(s) 'kaldata_scraper' retrieved from /opt/airflow/dags/kaldata_dag.py
[2026-06-03T08:01:07.249+0000] {logging_mixin.py:188} INFO - [2026-06-03T08:01:07.248+0000] {dag.py:3047} INFO - Sync 1 DAGs
[2026-06-03T08:01:07.428+0000] {logging_mixin.py:188} INFO - [2026-06-03T08:01:07.428+0000] {dag.py:3834} INFO - Setting next_dagrun for kaldata_scraper to 2026-06-03 00:00:00+00:00, run_after=2026-06-04 00:00:00+00:00
[2026-06-03T08:01:07.584+0000] {processor.py:183} INFO - Processing /opt/airflow/dags/kaldata_dag.py took 0.473 seconds
[2026-06-03T08:01:37.860+0000] {processor.py:161} INFO - Started process (PID=3070) to work on /opt/airflow/dags/kaldata_dag.py
[2026-06-03T08:01:37.863+0000] {processor.py:830} INFO - Processing file /opt/airflow/dags/kaldata_dag.py for tasks to queue
[2026-06-03T08:01:37.865+0000] {logging_mixin.py:188} INFO - [2026-06-03T08:01:37.865+0000] {dagbag.py:540} INFO - Filling up the DagBag from /opt/airflow/dags/kaldata_dag.py
[2026-06-03T08:01:37.916+0000] {processor.py:840} INFO - DAG(s) 'kaldata_scraper' retrieved from /opt/airflow/dags/kaldata_dag.py
[2026-06-03T08:01:37.983+0000] {logging_mixin.py:188} INFO - [2026-06-03T08:01:37.983+0000] {dag.py:3047} INFO - Sync 1 DAGs
[2026-06-03T08:01:38.045+0000] {logging_mixin.py:188} INFO - [2026-06-03T08:01:38.045+0000] {dag.py:3834} INFO - Setting next_dagrun for kaldata_scraper to 2026-06-03 00:00:00+00:00, run_after=2026-06-04 00:00:00+00:00
[2026-06-03T08:01:38.096+0000] {processor.py:183} INFO - Processing /opt/airflow/dags/kaldata_dag.py took 0.247 seconds
[2026-06-03T08:02:08.701+0000] {processor.py:161} INFO - Started process (PID=3100) to work on /opt/airflow/dags/kaldata_dag.py
[2026-06-03T08:02:08.705+0000] {processor.py:830} INFO - Processing file /opt/airflow/dags/kaldata_dag.py for tasks to queue
[2026-06-03T08:02:08.711+0000] {logging_mixin.py:188} INFO - [2026-06-03T08:02:08.710+0000] {dagbag.py:540} INFO - Filling up the DagBag from /opt/airflow/dags/kaldata_dag.py
[2026-06-03T08:02:08.819+0000] {processor.py:840} INFO - DAG(s) 'kaldata_scraper' retrieved from /opt/airflow/dags/kaldata_dag.py
[2026-06-03T08:02:09.036+0000] {logging_mixin.py:188} INFO - [2026-06-03T08:02:09.022+0000] {dag.py:3047} INFO - Sync 1 DAGs
[2026-06-03T08:02:09.493+0000] {logging_mixin.py:188} INFO - [2026-06-03T08:02:09.492+0000] {dag.py:3834} INFO - Setting next_dagrun for kaldata_scraper to 2026-06-03 00:00:00+00:00, run_after=2026-06-04 00:00:00+00:00
[2026-06-03T08:02:09.790+0000] {processor.py:183} INFO - Processing /opt/airflow/dags/kaldata_dag.py took 1.109 seconds
[2026-06-03T08:02:40.032+0000] {processor.py:161} INFO - Started process (PID=3130) to work on /opt/airflow/dags/kaldata_dag.py
[2026-06-03T08:02:40.035+0000] {processor.py:830} INFO - Processing file /opt/airflow/dags/kaldata_dag.py for tasks to queue
[2026-06-03T08:02:40.038+0000] {logging_mixin.py:188} INFO - [2026-06-03T08:02:40.037+0000] {dagbag.py:540} INFO - Filling up the DagBag from /opt/airflow/dags/kaldata_dag.py
[2026-06-03T08:02:40.093+0000] {processor.py:840} INFO - DAG(s) 'kaldata_scraper' retrieved from /opt/airflow/dags/kaldata_dag.py
[2026-06-03T08:02:40.202+0000] {logging_mixin.py:188} INFO - [2026-06-03T08:02:40.201+0000] {dag.py:3047} INFO - Sync 1 DAGs
[2026-06-03T08:02:40.285+0000] {logging_mixin.py:188} INFO - [2026-06-03T08:02:40.285+0000] {dag.py:3834} INFO - Setting next_dagrun for kaldata_scraper to 2026-06-03 00:00:00+00:00, run_after=2026-06-04 00:00:00+00:00
[2026-06-03T08:02:40.336+0000] {processor.py:183} INFO - Processing /opt/airflow/dags/kaldata_dag.py took 0.314 seconds
[2026-06-03T08:03:11.094+0000] {processor.py:161} INFO - Started process (PID=3160) to work on /opt/airflow/dags/kaldata_dag.py
[2026-06-03T08:03:11.097+0000] {processor.py:830} INFO - Processing file /opt/airflow/dags/kaldata_dag.py for tasks to queue
[2026-06-03T08:03:11.100+0000] {logging_mixin.py:188} INFO - [2026-06-03T08:03:11.100+0000] {dagbag.py:540} INFO - Filling up the DagBag from /opt/airflow/dags/kaldata_dag.py
[2026-06-03T08:03:11.155+0000] {processor.py:840} INFO - DAG(s) 'kaldata_scraper' retrieved from /opt/airflow/dags/kaldata_dag.py
[2026-06-03T08:03:11.235+0000] {logging_mixin.py:188} INFO - [2026-06-03T08:03:11.235+0000] {dag.py:3047} INFO - Sync 1 DAGs
[2026-06-03T08:03:11.303+0000] {logging_mixin.py:188} INFO - [2026-06-03T08:03:11.302+0000] {dag.py:3834} INFO - Setting next_dagrun for kaldata_scraper to 2026-06-03 00:00:00+00:00, run_after=2026-06-04 00:00:00+00:00
[2026-06-03T08:03:11.356+0000] {processor.py:183} INFO - Processing /opt/airflow/dags/kaldata_dag.py took 0.273 seconds
[2026-06-03T08:03:42.285+0000] {processor.py:161} INFO - Started process (PID=3190) to work on /opt/airflow/dags/kaldata_dag.py
[2026-06-03T08:03:42.288+0000] {processor.py:830} INFO - Processing file /opt/airflow/dags/kaldata_dag.py for tasks to queue
[2026-06-03T08:03:42.291+0000] {logging_mixin.py:188} INFO - [2026-06-03T08:03:42.290+0000] {dagbag.py:540} INFO - Filling up the DagBag from /opt/airflow/dags/kaldata_dag.py
[2026-06-03T08:03:42.343+0000] {processor.py:840} INFO - DAG(s) 'kaldata_scraper' retrieved from /opt/airflow/dags/kaldata_dag.py
[2026-06-03T08:03:42.411+0000] {logging_mixin.py:188} INFO - [2026-06-03T08:03:42.411+0000] {dag.py:3047} INFO - Sync 1 DAGs
[2026-06-03T08:03:42.476+0000] {logging_mixin.py:188} INFO - [2026-06-03T08:03:42.475+0000] {dag.py:3834} INFO - Setting next_dagrun for kaldata_scraper to 2026-06-03 00:00:00+00:00, run_after=2026-06-04 00:00:00+00:00
[2026-06-03T08:03:42.529+0000] {processor.py:183} INFO - Processing /opt/airflow/dags/kaldata_dag.py took 0.252 seconds
[2026-06-03T08:04:13.043+0000] {processor.py:161} INFO - Started process (PID=3220) to work on /opt/airflow/dags/kaldata_dag.py
[2026-06-03T08:04:13.046+0000] {processor.py:830} INFO - Processing file /opt/airflow/dags/kaldata_dag.py for tasks to queue
[2026-06-03T08:04:13.049+0000] {logging_mixin.py:188} INFO - [2026-06-03T08:04:13.048+0000] {dagbag.py:540} INFO - Filling up the DagBag from /opt/airflow/dags/kaldata_dag.py
[2026-06-03T08:04:13.102+0000] {processor.py:840} INFO - DAG(s) 'kaldata_scraper' retrieved from /opt/airflow/dags/kaldata_dag.py
[2026-06-03T08:04:13.172+0000] {logging_mixin.py:188} INFO - [2026-06-03T08:04:13.171+0000] {dag.py:3047} INFO - Sync 1 DAGs
[2026-06-03T08:04:13.235+0000] {logging_mixin.py:188} INFO - [2026-06-03T08:04:13.234+0000] {dag.py:3834} INFO - Setting next_dagrun for kaldata_scraper to 2026-06-03 00:00:00+00:00, run_after=2026-06-04 00:00:00+00:00
[2026-06-03T08:04:13.287+0000] {processor.py:183} INFO - Processing /opt/airflow/dags/kaldata_dag.py took 0.255 seconds
[2026-06-03T08:04:43.769+0000] {processor.py:161} INFO - Started process (PID=3250) to work on /opt/airflow/dags/kaldata_dag.py
[2026-06-03T08:04:43.773+0000] {processor.py:830} INFO - Processing file /opt/airflow/dags/kaldata_dag.py for tasks to queue
[2026-06-03T08:04:43.776+0000] {logging_mixin.py:188} INFO - [2026-06-03T08:04:43.775+0000] {dagbag.py:540} INFO - Filling up the DagBag from /opt/airflow/dags/kaldata_dag.py
[2026-06-03T08:04:43.827+0000] {processor.py:840} INFO - DAG(s) 'kaldata_scraper' retrieved from /opt/airflow/dags/kaldata_dag.py
[2026-06-03T08:04:43.896+0000] {logging_mixin.py:188} INFO - [2026-06-03T08:04:43.896+0000] {dag.py:3047} INFO - Sync 1 DAGs
[2026-06-03T08:04:43.958+0000] {logging_mixin.py:188} INFO - [2026-06-03T08:04:43.958+0000] {dag.py:3834} INFO - Setting next_dagrun for kaldata_scraper to 2026-06-03 00:00:00+00:00, run_after=2026-06-04 00:00:00+00:00
[2026-06-03T08:04:44.012+0000] {processor.py:183} INFO - Processing /opt/airflow/dags/kaldata_dag.py took 0.255 seconds
[2026-06-03T08:05:14.812+0000] {processor.py:161} INFO - Started process (PID=3280) to work on /opt/airflow/dags/kaldata_dag.py
[2026-06-03T08:05:14.836+0000] {processor.py:830} INFO - Processing file /opt/airflow/dags/kaldata_dag.py for tasks to queue
[2026-06-03T08:05:14.842+0000] {logging_mixin.py:188} INFO - [2026-06-03T08:05:14.841+0000] {dagbag.py:540} INFO - Filling up the DagBag from /opt/airflow/dags/kaldata_dag.py
[2026-06-03T08:05:14.899+0000] {processor.py:840} INFO - DAG(s) 'kaldata_scraper' retrieved from /opt/airflow/dags/kaldata_dag.py
[2026-06-03T08:05:14.963+0000] {logging_mixin.py:188} INFO - [2026-06-03T08:05:14.963+0000] {dag.py:3047} INFO - Sync 1 DAGs
[2026-06-03T08:05:15.027+0000] {logging_mixin.py:188} INFO - [2026-06-03T08:05:15.025+0000] {dag.py:3834} INFO - Setting next_dagrun for kaldata_scraper to 2026-06-03 00:00:00+00:00, run_after=2026-06-04 00:00:00+00:00
[2026-06-03T08:05:15.086+0000] {processor.py:183} INFO - Processing /opt/airflow/dags/kaldata_dag.py took 0.294 seconds
[2026-06-03T08:05:45.361+0000] {processor.py:161} INFO - Started process (PID=3310) to work on /opt/airflow/dags/kaldata_dag.py
[2026-06-03T08:05:45.374+0000] {processor.py:830} INFO - Processing file /opt/airflow/dags/kaldata_dag.py for tasks to queue
[2026-06-03T08:05:45.381+0000] {logging_mixin.py:188} INFO - [2026-06-03T08:05:45.378+0000] {dagbag.py:540} INFO - Filling up the DagBag from /opt/airflow/dags/kaldata_dag.py
[2026-06-03T08:05:45.512+0000] {processor.py:840} INFO - DAG(s) 'kaldata_scraper' retrieved from /opt/airflow/dags/kaldata_dag.py
[2026-06-03T08:05:45.634+0000] {logging_mixin.py:188} INFO - [2026-06-03T08:05:45.631+0000] {dag.py:3047} INFO - Sync 1 DAGs
[2026-06-03T08:05:45.741+0000] {logging_mixin.py:188} INFO - [2026-06-03T08:05:45.740+0000] {dag.py:3834} INFO - Setting next_dagrun for kaldata_scraper to 2026-06-03 00:00:00+00:00, run_after=2026-06-04 00:00:00+00:00
[2026-06-03T08:05:45.883+0000] {processor.py:183} INFO - Processing /opt/airflow/dags/kaldata_dag.py took 0.544 seconds
[2026-06-03T08:06:16.425+0000] {processor.py:161} INFO - Started process (PID=3340) to work on /opt/airflow/dags/kaldata_dag.py
[2026-06-03T08:06:16.428+0000] {processor.py:830} INFO - Processing file /opt/airflow/dags/kaldata_dag.py for tasks to queue
[2026-06-03T08:06:16.431+0000] {logging_mixin.py:188} INFO - [2026-06-03T08:06:16.430+0000] {dagbag.py:540} INFO - Filling up the DagBag from /opt/airflow/dags/kaldata_dag.py
[2026-06-03T08:06:16.487+0000] {processor.py:840} INFO - DAG(s) 'kaldata_scraper' retrieved from /opt/airflow/dags/kaldata_dag.py
[2026-06-03T08:06:16.570+0000] {logging_mixin.py:188} INFO - [2026-06-03T08:06:16.570+0000] {dag.py:3047} INFO - Sync 1 DAGs
[2026-06-03T08:06:16.635+0000] {logging_mixin.py:188} INFO - [2026-06-03T08:06:16.634+0000] {dag.py:3834} INFO - Setting next_dagrun for kaldata_scraper to 2026-06-03 00:00:00+00:00, run_after=2026-06-04 00:00:00+00:00
[2026-06-03T08:06:16.688+0000] {processor.py:183} INFO - Processing /opt/airflow/dags/kaldata_dag.py took 0.274 seconds
[2026-06-03T08:06:47.322+0000] {processor.py:161} INFO - Started process (PID=3370) to work on /opt/airflow/dags/kaldata_dag.py
[2026-06-03T08:06:47.331+0000] {processor.py:830} INFO - Processing file /opt/airflow/dags/kaldata_dag.py for tasks to queue
[2026-06-03T08:06:47.340+0000] {logging_mixin.py:188} INFO - [2026-06-03T08:06:47.338+0000] {dagbag.py:540} INFO - Filling up the DagBag from /opt/airflow/dags/kaldata_dag.py
[2026-06-03T08:06:47.493+0000] {processor.py:840} INFO - DAG(s) 'kaldata_scraper' retrieved from /opt/airflow/dags/kaldata_dag.py
[2026-06-03T08:06:47.662+0000] {logging_mixin.py:188} INFO - [2026-06-03T08:06:47.661+0000] {dag.py:3047} INFO - Sync 1 DAGs
[2026-06-03T08:06:47.877+0000] {logging_mixin.py:188} INFO - [2026-06-03T08:06:47.876+0000] {dag.py:3834} INFO - Setting next_dagrun for kaldata_scraper to 2026-06-03 00:00:00+00:00, run_after=2026-06-04 00:00:00+00:00
[2026-06-03T08:06:47.996+0000] {processor.py:183} INFO - Processing /opt/airflow/dags/kaldata_dag.py took 0.693 seconds
[2026-06-03T08:07:18.494+0000] {processor.py:161} INFO - Started process (PID=3400) to work on /opt/airflow/dags/kaldata_dag.py
[2026-06-03T08:07:18.497+0000] {processor.py:830} INFO - Processing file /opt/airflow/dags/kaldata_dag.py for tasks to queue
[2026-06-03T08:07:18.500+0000] {logging_mixin.py:188} INFO - [2026-06-03T08:07:18.499+0000] {dagbag.py:540} INFO - Filling up the DagBag from /opt/airflow/dags/kaldata_dag.py
[2026-06-03T08:07:18.558+0000] {processor.py:840} INFO - DAG(s) 'kaldata_scraper' retrieved from /opt/airflow/dags/kaldata_dag.py
[2026-06-03T08:07:18.641+0000] {logging_mixin.py:188} INFO - [2026-06-03T08:07:18.640+0000] {dag.py:3047} INFO - Sync 1 DAGs
[2026-06-03T08:07:18.703+0000] {logging_mixin.py:188} INFO - [2026-06-03T08:07:18.702+0000] {dag.py:3834} INFO - Setting next_dagrun for kaldata_scraper to 2026-06-03 00:00:00+00:00, run_after=2026-06-04 00:00:00+00:00
[2026-06-03T08:07:18.756+0000] {processor.py:183} INFO - Processing /opt/airflow/dags/kaldata_dag.py took 0.272 seconds
[2026-06-03T08:07:49.369+0000] {processor.py:161} INFO - Started process (PID=3430) to work on /opt/airflow/dags/kaldata_dag.py
[2026-06-03T08:07:49.375+0000] {processor.py:830} INFO - Processing file /opt/airflow/dags/kaldata_dag.py for tasks to queue
[2026-06-03T08:07:49.388+0000] {logging_mixin.py:188} INFO - [2026-06-03T08:07:49.386+0000] {dagbag.py:540} INFO - Filling up the DagBag from /opt/airflow/dags/kaldata_dag.py
[2026-06-03T08:07:49.475+0000] {processor.py:840} INFO - DAG(s) 'kaldata_scraper' retrieved from /opt/airflow/dags/kaldata_dag.py
[2026-06-03T08:07:49.550+0000] {logging_mixin.py:188} INFO - [2026-06-03T08:07:49.550+0000] {dag.py:3047} INFO - Sync 1 DAGs
[2026-06-03T08:07:49.621+0000] {logging_mixin.py:188} INFO - [2026-06-03T08:07:49.620+0000] {dag.py:3834} INFO - Setting next_dagrun for kaldata_scraper to 2026-06-03 00:00:00+00:00, run_after=2026-06-04 00:00:00+00:00
[2026-06-03T08:07:49.669+0000] {processor.py:183} INFO - Processing /opt/airflow/dags/kaldata_dag.py took 0.328 seconds
[2026-06-03T08:08:20.613+0000] {processor.py:161} INFO - Started process (PID=3460) to work on /opt/airflow/dags/kaldata_dag.py
[2026-06-03T08:08:20.616+0000] {processor.py:830} INFO - Processing file /opt/airflow/dags/kaldata_dag.py for tasks to queue
[2026-06-03T08:08:20.619+0000] {logging_mixin.py:188} INFO - [2026-06-03T08:08:20.618+0000] {dagbag.py:540} INFO - Filling up the DagBag from /opt/airflow/dags/kaldata_dag.py
[2026-06-03T08:08:20.680+0000] {processor.py:840} INFO - DAG(s) 'kaldata_scraper' retrieved from /opt/airflow/dags/kaldata_dag.py
[2026-06-03T08:08:20.757+0000] {logging_mixin.py:188} INFO - [2026-06-03T08:08:20.756+0000] {dag.py:3047} INFO - Sync 1 DAGs
[2026-06-03T08:08:20.828+0000] {logging_mixin.py:188} INFO - [2026-06-03T08:08:20.827+0000] {dag.py:3834} INFO - Setting next_dagrun for kaldata_scraper to 2026-06-03 00:00:00+00:00, run_after=2026-06-04 00:00:00+00:00
[2026-06-03T08:08:20.880+0000] {processor.py:183} INFO - Processing /opt/airflow/dags/kaldata_dag.py took 0.276 seconds
[2026-06-03T08:08:51.102+0000] {processor.py:161} INFO - Started process (PID=3490) to work on /opt/airflow/dags/kaldata_dag.py
[2026-06-03T08:08:51.105+0000] {processor.py:830} INFO - Processing file /opt/airflow/dags/kaldata_dag.py for tasks to queue
[2026-06-03T08:08:51.107+0000] {logging_mixin.py:188} INFO - [2026-06-03T08:08:51.107+0000] {dagbag.py:540} INFO - Filling up the DagBag from /opt/airflow/dags/kaldata_dag.py
[2026-06-03T08:08:51.158+0000] {processor.py:840} INFO - DAG(s) 'kaldata_scraper' retrieved from /opt/airflow/dags/kaldata_dag.py
[2026-06-03T08:08:51.228+0000] {logging_mixin.py:188} INFO - [2026-06-03T08:08:51.227+0000] {dag.py:3047} INFO - Sync 1 DAGs
[2026-06-03T08:08:51.290+0000] {logging_mixin.py:188} INFO - [2026-06-03T08:08:51.289+0000] {dag.py:3834} INFO - Setting next_dagrun for kaldata_scraper to 2026-06-03 00:00:00+00:00, run_after=2026-06-04 00:00:00+00:00
[2026-06-03T08:08:51.344+0000] {processor.py:183} INFO - Processing /opt/airflow/dags/kaldata_dag.py took 0.253 seconds
[2026-06-03T08:09:21.843+0000] {processor.py:161} INFO - Started process (PID=3520) to work on /opt/airflow/dags/kaldata_dag.py
[2026-06-03T08:09:21.846+0000] {processor.py:830} INFO - Processing file /opt/airflow/dags/kaldata_dag.py for tasks to queue
[2026-06-03T08:09:21.849+0000] {logging_mixin.py:188} INFO - [2026-06-03T08:09:21.848+0000] {dagbag.py:540} INFO - Filling up the DagBag from /opt/airflow/dags/kaldata_dag.py
[2026-06-03T08:09:21.905+0000] {processor.py:840} INFO - DAG(s) 'kaldata_scraper' retrieved from /opt/airflow/dags/kaldata_dag.py
[2026-06-03T08:09:21.972+0000] {logging_mixin.py:188} INFO - [2026-06-03T08:09:21.971+0000] {dag.py:3047} INFO - Sync 1 DAGs
[2026-06-03T08:09:22.035+0000] {logging_mixin.py:188} INFO - [2026-06-03T08:09:22.034+0000] {dag.py:3834} INFO - Setting next_dagrun for kaldata_scraper to 2026-06-03 00:00:00+00:00, run_after=2026-06-04 00:00:00+00:00
[2026-06-03T08:09:22.087+0000] {processor.py:183} INFO - Processing /opt/airflow/dags/kaldata_dag.py took 0.255 seconds
[2026-06-03T08:09:52.791+0000] {processor.py:161} INFO - Started process (PID=3548) to work on /opt/airflow/dags/kaldata_dag.py
[2026-06-03T08:09:52.794+0000] {processor.py:830} INFO - Processing file /opt/airflow/dags/kaldata_dag.py for tasks to queue
[2026-06-03T08:09:52.797+0000] {logging_mixin.py:188} INFO - [2026-06-03T08:09:52.796+0000] {dagbag.py:540} INFO - Filling up the DagBag from /opt/airflow/dags/kaldata_dag.py
[2026-06-03T08:09:52.851+0000] {processor.py:840} INFO - DAG(s) 'kaldata_scraper' retrieved from /opt/airflow/dags/kaldata_dag.py
[2026-06-03T08:09:52.915+0000] {logging_mixin.py:188} INFO - [2026-06-03T08:09:52.915+0000] {dag.py:3047} INFO - Sync 1 DAGs
[2026-06-03T08:09:52.980+0000] {logging_mixin.py:188} INFO - [2026-06-03T08:09:52.979+0000] {dag.py:3834} INFO - Setting next_dagrun for kaldata_scraper to 2026-06-03 00:00:00+00:00, run_after=2026-06-04 00:00:00+00:00
[2026-06-03T08:09:53.032+0000] {processor.py:183} INFO - Processing /opt/airflow/dags/kaldata_dag.py took 0.250 seconds
[2026-06-03T08:10:23.637+0000] {processor.py:161} INFO - Started process (PID=3573) to work on /opt/airflow/dags/kaldata_dag.py
[2026-06-03T08:10:23.640+0000] {processor.py:830} INFO - Processing file /opt/airflow/dags/kaldata_dag.py for tasks to queue
[2026-06-03T08:10:23.643+0000] {logging_mixin.py:188} INFO - [2026-06-03T08:10:23.642+0000] {dagbag.py:540} INFO - Filling up the DagBag from /opt/airflow/dags/kaldata_dag.py
[2026-06-03T08:10:23.715+0000] {processor.py:840} INFO - DAG(s) 'kaldata_scraper' retrieved from /opt/airflow/dags/kaldata_dag.py
[2026-06-03T08:10:23.798+0000] {logging_mixin.py:188} INFO - [2026-06-03T08:10:23.798+0000] {dag.py:3047} INFO - Sync 1 DAGs
[2026-06-03T08:10:23.866+0000] {logging_mixin.py:188} INFO - [2026-06-03T08:10:23.866+0000] {dag.py:3834} INFO - Setting next_dagrun for kaldata_scraper to 2026-06-03 00:00:00+00:00, run_after=2026-06-04 00:00:00+00:00
[2026-06-03T08:10:23.945+0000] {processor.py:183} INFO - Processing /opt/airflow/dags/kaldata_dag.py took 0.323 seconds
[2026-06-03T08:10:55.377+0000] {processor.py:161} INFO - Started process (PID=3603) to work on /opt/airflow/dags/kaldata_dag.py
[2026-06-03T08:10:55.386+0000] {processor.py:830} INFO - Processing file /opt/airflow/dags/kaldata_dag.py for tasks to queue
[2026-06-03T08:10:55.394+0000] {logging_mixin.py:188} INFO - [2026-06-03T08:10:55.393+0000] {dagbag.py:540} INFO - Filling up the DagBag from /opt/airflow/dags/kaldata_dag.py
[2026-06-03T08:10:55.697+0000] {processor.py:840} INFO - DAG(s) 'kaldata_scraper' retrieved from /opt/airflow/dags/kaldata_dag.py
[2026-06-03T08:10:55.931+0000] {logging_mixin.py:188} INFO - [2026-06-03T08:10:55.930+0000] {dag.py:3047} INFO - Sync 1 DAGs
[2026-06-03T08:10:56.007+0000] {logging_mixin.py:188} INFO - [2026-06-03T08:10:56.006+0000] {dag.py:3834} INFO - Setting next_dagrun for kaldata_scraper to 2026-06-03 00:00:00+00:00, run_after=2026-06-04 00:00:00+00:00
[2026-06-03T08:10:56.095+0000] {processor.py:183} INFO - Processing /opt/airflow/dags/kaldata_dag.py took 0.743 seconds
[2026-06-03T08:11:26.361+0000] {processor.py:161} INFO - Started process (PID=3633) to work on /opt/airflow/dags/kaldata_dag.py
[2026-06-03T08:11:26.366+0000] {processor.py:830} INFO - Processing file /opt/airflow/dags/kaldata_dag.py for tasks to queue
[2026-06-03T08:11:26.369+0000] {logging_mixin.py:188} INFO - [2026-06-03T08:11:26.368+0000] {dagbag.py:540} INFO - Filling up the DagBag from /opt/airflow/dags/kaldata_dag.py
[2026-06-03T08:11:26.429+0000] {processor.py:840} INFO - DAG(s) 'kaldata_scraper' retrieved from /opt/airflow/dags/kaldata_dag.py
[2026-06-03T08:11:26.500+0000] {logging_mixin.py:188} INFO - [2026-06-03T08:11:26.499+0000] {dag.py:3047} INFO - Sync 1 DAGs
[2026-06-03T08:11:26.578+0000] {logging_mixin.py:188} INFO - [2026-06-03T08:11:26.578+0000] {dag.py:3834} INFO - Setting next_dagrun for kaldata_scraper to 2026-06-03 00:00:00+00:00, run_after=2026-06-04 00:00:00+00:00
[2026-06-03T08:11:26.648+0000] {processor.py:183} INFO - Processing /opt/airflow/dags/kaldata_dag.py took 0.302 seconds
[2026-06-03T08:11:57.405+0000] {processor.py:161} INFO - Started process (PID=3663) to work on /opt/airflow/dags/kaldata_dag.py
[2026-06-03T08:11:57.408+0000] {processor.py:830} INFO - Processing file /opt/airflow/dags/kaldata_dag.py for tasks to queue
[2026-06-03T08:11:57.411+0000] {logging_mixin.py:188} INFO - [2026-06-03T08:11:57.410+0000] {dagbag.py:540} INFO - Filling up the DagBag from /opt/airflow/dags/kaldata_dag.py
[2026-06-03T08:11:57.512+0000] {processor.py:840} INFO - DAG(s) 'kaldata_scraper' retrieved from /opt/airflow/dags/kaldata_dag.py
[2026-06-03T08:11:57.690+0000] {logging_mixin.py:188} INFO - [2026-06-03T08:11:57.690+0000] {dag.py:3047} INFO - Sync 1 DAGs
[2026-06-03T08:11:57.841+0000] {logging_mixin.py:188} INFO - [2026-06-03T08:11:57.840+0000] {dag.py:3834} INFO - Setting next_dagrun for kaldata_scraper to 2026-06-03 00:00:00+00:00, run_after=2026-06-04 00:00:00+00:00
[2026-06-03T08:11:58.021+0000] {processor.py:183} INFO - Processing /opt/airflow/dags/kaldata_dag.py took 0.627 seconds
[2026-06-03T08:12:28.351+0000] {processor.py:161} INFO - Started process (PID=3695) to work on /opt/airflow/dags/kaldata_dag.py
[2026-06-03T08:12:28.354+0000] {processor.py:830} INFO - Processing file /opt/airflow/dags/kaldata_dag.py for tasks to queue
[2026-06-03T08:12:28.357+0000] {logging_mixin.py:188} INFO - [2026-06-03T08:12:28.356+0000] {dagbag.py:540} INFO - Filling up the DagBag from /opt/airflow/dags/kaldata_dag.py
[2026-06-03T08:12:28.414+0000] {processor.py:840} INFO - DAG(s) 'kaldata_scraper' retrieved from /opt/airflow/dags/kaldata_dag.py
[2026-06-03T08:12:28.483+0000] {logging_mixin.py:188} INFO - [2026-06-03T08:12:28.482+0000] {dag.py:3047} INFO - Sync 1 DAGs
[2026-06-03T08:12:28.551+0000] {logging_mixin.py:188} INFO - [2026-06-03T08:12:28.551+0000] {dag.py:3834} INFO - Setting next_dagrun for kaldata_scraper to 2026-06-03 00:00:00+00:00, run_after=2026-06-04 00:00:00+00:00
[2026-06-03T08:12:28.664+0000] {processor.py:183} INFO - Processing /opt/airflow/dags/kaldata_dag.py took 0.325 seconds
[2026-06-03T08:12:59.383+0000] {processor.py:161} INFO - Started process (PID=3723) to work on /opt/airflow/dags/kaldata_dag.py
[2026-06-03T08:12:59.386+0000] {processor.py:830} INFO - Processing file /opt/airflow/dags/kaldata_dag.py for tasks to queue
[2026-06-03T08:12:59.389+0000] {logging_mixin.py:188} INFO - [2026-06-03T08:12:59.389+0000] {dagbag.py:540} INFO - Filling up the DagBag from /opt/airflow/dags/kaldata_dag.py
[2026-06-03T08:12:59.442+0000] {processor.py:840} INFO - DAG(s) 'kaldata_scraper' retrieved from /opt/airflow/dags/kaldata_dag.py
[2026-06-03T08:12:59.518+0000] {logging_mixin.py:188} INFO - [2026-06-03T08:12:59.518+0000] {dag.py:3047} INFO - Sync 1 DAGs
[2026-06-03T08:12:59.752+0000] {logging_mixin.py:188} INFO - [2026-06-03T08:12:59.752+0000] {dag.py:3834} INFO - Setting next_dagrun for kaldata_scraper to 2026-06-03 00:00:00+00:00, run_after=2026-06-04 00:00:00+00:00
[2026-06-03T08:13:01.772+0000] {processor.py:183} INFO - Processing /opt/airflow/dags/kaldata_dag.py took 2.401 seconds
[2026-06-03T08:13:32.396+0000] {processor.py:161} INFO - Started process (PID=3753) to work on /opt/airflow/dags/kaldata_dag.py
[2026-06-03T08:13:32.401+0000] {processor.py:830} INFO - Processing file /opt/airflow/dags/kaldata_dag.py for tasks to queue
[2026-06-03T08:13:32.404+0000] {logging_mixin.py:188} INFO - [2026-06-03T08:13:32.403+0000] {dagbag.py:540} INFO - Filling up the DagBag from /opt/airflow/dags/kaldata_dag.py
[2026-06-03T08:13:32.472+0000] {processor.py:840} INFO - DAG(s) 'kaldata_scraper' retrieved from /opt/airflow/dags/kaldata_dag.py
[2026-06-03T08:13:32.553+0000] {logging_mixin.py:188} INFO - [2026-06-03T08:13:32.553+0000] {dag.py:3047} INFO - Sync 1 DAGs
[2026-06-03T08:13:32.654+0000] {logging_mixin.py:188} INFO - [2026-06-03T08:13:32.654+0000] {dag.py:3834} INFO - Setting next_dagrun for kaldata_scraper to 2026-06-03 00:00:00+00:00, run_after=2026-06-04 00:00:00+00:00
[2026-06-03T08:13:32.747+0000] {processor.py:183} INFO - Processing /opt/airflow/dags/kaldata_dag.py took 0.364 seconds
[2026-06-03T08:14:03.321+0000] {processor.py:161} INFO - Started process (PID=3783) to work on /opt/airflow/dags/kaldata_dag.py
[2026-06-03T08:14:03.327+0000] {processor.py:830} INFO - Processing file /opt/airflow/dags/kaldata_dag.py for tasks to queue
[2026-06-03T08:14:03.331+0000] {logging_mixin.py:188} INFO - [2026-06-03T08:14:03.331+0000] {dagbag.py:540} INFO - Filling up the DagBag from /opt/airflow/dags/kaldata_dag.py
[2026-06-03T08:14:03.391+0000] {processor.py:840} INFO - DAG(s) 'kaldata_scraper' retrieved from /opt/airflow/dags/kaldata_dag.py
[2026-06-03T08:14:03.469+0000] {logging_mixin.py:188} INFO - [2026-06-03T08:14:03.468+0000] {dag.py:3047} INFO - Sync 1 DAGs
[2026-06-03T08:14:03.538+0000] {logging_mixin.py:188} INFO - [2026-06-03T08:14:03.537+0000] {dag.py:3834} INFO - Setting next_dagrun for kaldata_scraper to 2026-06-03 00:00:00+00:00, run_after=2026-06-04 00:00:00+00:00
[2026-06-03T08:14:03.627+0000] {processor.py:183} INFO - Processing /opt/airflow/dags/kaldata_dag.py took 0.325 seconds
[2026-06-03T08:14:34.075+0000] {processor.py:161} INFO - Started process (PID=3813) to work on /opt/airflow/dags/kaldata_dag.py
[2026-06-03T08:14:34.079+0000] {processor.py:830} INFO - Processing file /opt/airflow/dags/kaldata_dag.py for tasks to queue
[2026-06-03T08:14:34.085+0000] {logging_mixin.py:188} INFO - [2026-06-03T08:14:34.084+0000] {dagbag.py:540} INFO - Filling up the DagBag from /opt/airflow/dags/kaldata_dag.py
[2026-06-03T08:14:34.157+0000] {processor.py:840} INFO - DAG(s) 'kaldata_scraper' retrieved from /opt/airflow/dags/kaldata_dag.py
[2026-06-03T08:14:34.239+0000] {logging_mixin.py:188} INFO - [2026-06-03T08:14:34.238+0000] {dag.py:3047} INFO - Sync 1 DAGs
[2026-06-03T08:14:34.307+0000] {logging_mixin.py:188} INFO - [2026-06-03T08:14:34.306+0000] {dag.py:3834} INFO - Setting next_dagrun for kaldata_scraper to 2026-06-03 00:00:00+00:00, run_after=2026-06-04 00:00:00+00:00
[2026-06-03T08:14:34.503+0000] {processor.py:183} INFO - Processing /opt/airflow/dags/kaldata_dag.py took 0.443 seconds
[2026-06-03T08:15:05.067+0000] {processor.py:161} INFO - Started process (PID=3843) to work on /opt/airflow/dags/kaldata_dag.py
[2026-06-03T08:15:05.083+0000] {processor.py:830} INFO - Processing file /opt/airflow/dags/kaldata_dag.py for tasks to queue
[2026-06-03T08:15:05.096+0000] {logging_mixin.py:188} INFO - [2026-06-03T08:15:05.090+0000] {dagbag.py:540} INFO - Filling up the DagBag from /opt/airflow/dags/kaldata_dag.py
[2026-06-03T08:15:05.238+0000] {processor.py:840} INFO - DAG(s) 'kaldata_scraper' retrieved from /opt/airflow/dags/kaldata_dag.py
[2026-06-03T08:15:05.519+0000] {logging_mixin.py:188} INFO - [2026-06-03T08:15:05.518+0000] {dag.py:3047} INFO - Sync 1 DAGs
[2026-06-03T08:15:05.865+0000] {logging_mixin.py:188} INFO - [2026-06-03T08:15:05.865+0000] {dag.py:3834} INFO - Setting next_dagrun for kaldata_scraper to 2026-06-03 00:00:00+00:00, run_after=2026-06-04 00:00:00+00:00
[2026-06-03T08:15:06.227+0000] {processor.py:183} INFO - Processing /opt/airflow/dags/kaldata_dag.py took 1.195 seconds
[2026-06-03T08:15:36.691+0000] {processor.py:161} INFO - Started process (PID=3873) to work on /opt/airflow/dags/kaldata_dag.py
[2026-06-03T08:15:36.750+0000] {processor.py:830} INFO - Processing file /opt/airflow/dags/kaldata_dag.py for tasks to queue
[2026-06-03T08:15:36.762+0000] {logging_mixin.py:188} INFO - [2026-06-03T08:15:36.761+0000] {dagbag.py:540} INFO - Filling up the DagBag from /opt/airflow/dags/kaldata_dag.py
[2026-06-03T08:15:37.133+0000] {processor.py:840} INFO - DAG(s) 'kaldata_scraper' retrieved from /opt/airflow/dags/kaldata_dag.py
[2026-06-03T08:15:37.391+0000] {logging_mixin.py:188} INFO - [2026-06-03T08:15:37.390+0000] {dag.py:3047} INFO - Sync 1 DAGs
[2026-06-03T08:15:37.490+0000] {logging_mixin.py:188} INFO - [2026-06-03T08:15:37.490+0000] {dag.py:3834} INFO - Setting next_dagrun for kaldata_scraper to 2026-06-03 00:00:00+00:00, run_after=2026-06-04 00:00:00+00:00
[2026-06-03T08:15:37.575+0000] {processor.py:183} INFO - Processing /opt/airflow/dags/kaldata_dag.py took 0.923 seconds
[2026-06-03T08:16:08.149+0000] {processor.py:161} INFO - Started process (PID=3903) to work on /opt/airflow/dags/kaldata_dag.py
[2026-06-03T08:16:08.154+0000] {processor.py:830} INFO - Processing file /opt/airflow/dags/kaldata_dag.py for tasks to queue
[2026-06-03T08:16:08.158+0000] {logging_mixin.py:188} INFO - [2026-06-03T08:16:08.156+0000] {dagbag.py:540} INFO - Filling up the DagBag from /opt/airflow/dags/kaldata_dag.py
[2026-06-03T08:16:08.223+0000] {processor.py:840} INFO - DAG(s) 'kaldata_scraper' retrieved from /opt/airflow/dags/kaldata_dag.py
[2026-06-03T08:16:08.296+0000] {logging_mixin.py:188} INFO - [2026-06-03T08:16:08.296+0000] {dag.py:3047} INFO - Sync 1 DAGs
[2026-06-03T08:16:08.371+0000] {logging_mixin.py:188} INFO - [2026-06-03T08:16:08.370+0000] {dag.py:3834} INFO - Setting next_dagrun for kaldata_scraper to 2026-06-03 00:00:00+00:00, run_after=2026-06-04 00:00:00+00:00
[2026-06-03T08:16:08.429+0000] {processor.py:183} INFO - Processing /opt/airflow/dags/kaldata_dag.py took 0.296 seconds
[2026-06-03T08:16:38.710+0000] {processor.py:161} INFO - Started process (PID=3933) to work on /opt/airflow/dags/kaldata_dag.py
[2026-06-03T08:16:38.714+0000] {processor.py:830} INFO - Processing file /opt/airflow/dags/kaldata_dag.py for tasks to queue
[2026-06-03T08:16:38.717+0000] {logging_mixin.py:188} INFO - [2026-06-03T08:16:38.716+0000] {dagbag.py:540} INFO - Filling up the DagBag from /opt/airflow/dags/kaldata_dag.py
[2026-06-03T08:16:38.785+0000] {processor.py:840} INFO - DAG(s) 'kaldata_scraper' retrieved from /opt/airflow/dags/kaldata_dag.py
[2026-06-03T08:16:38.862+0000] {logging_mixin.py:188} INFO - [2026-06-03T08:16:38.862+0000] {dag.py:3047} INFO - Sync 1 DAGs
[2026-06-03T08:16:38.930+0000] {logging_mixin.py:188} INFO - [2026-06-03T08:16:38.929+0000] {dag.py:3834} INFO - Setting next_dagrun for kaldata_scraper to 2026-06-03 00:00:00+00:00, run_after=2026-06-04 00:00:00+00:00
[2026-06-03T08:16:39.010+0000] {processor.py:183} INFO - Processing /opt/airflow/dags/kaldata_dag.py took 0.315 seconds
[2026-06-03T08:17:09.659+0000] {processor.py:161} INFO - Started process (PID=3963) to work on /opt/airflow/dags/kaldata_dag.py
[2026-06-03T08:17:09.663+0000] {processor.py:830} INFO - Processing file /opt/airflow/dags/kaldata_dag.py for tasks to queue
[2026-06-03T08:17:09.666+0000] {logging_mixin.py:188} INFO - [2026-06-03T08:17:09.665+0000] {dagbag.py:540} INFO - Filling up the DagBag from /opt/airflow/dags/kaldata_dag.py
[2026-06-03T08:17:09.729+0000] {processor.py:840} INFO - DAG(s) 'kaldata_scraper' retrieved from /opt/airflow/dags/kaldata_dag.py
[2026-06-03T08:17:09.801+0000] {logging_mixin.py:188} INFO - [2026-06-03T08:17:09.800+0000] {dag.py:3047} INFO - Sync 1 DAGs
[2026-06-03T08:17:09.874+0000] {logging_mixin.py:188} INFO - [2026-06-03T08:17:09.872+0000] {dag.py:3834} INFO - Setting next_dagrun for kaldata_scraper to 2026-06-03 00:00:00+00:00, run_after=2026-06-04 00:00:00+00:00
[2026-06-03T08:17:09.945+0000] {processor.py:183} INFO - Processing /opt/airflow/dags/kaldata_dag.py took 0.300 seconds
[2026-06-03T08:17:40.944+0000] {processor.py:161} INFO - Started process (PID=3995) to work on /opt/airflow/dags/kaldata_dag.py
[2026-06-03T08:17:40.947+0000] {processor.py:830} INFO - Processing file /opt/airflow/dags/kaldata_dag.py for tasks to queue
[2026-06-03T08:17:40.950+0000] {logging_mixin.py:188} INFO - [2026-06-03T08:17:40.949+0000] {dagbag.py:540} INFO - Filling up the DagBag from /opt/airflow/dags/kaldata_dag.py
[2026-06-03T08:17:41.010+0000] {processor.py:840} INFO - DAG(s) 'kaldata_scraper' retrieved from /opt/airflow/dags/kaldata_dag.py
[2026-06-03T08:17:41.080+0000] {logging_mixin.py:188} INFO - [2026-06-03T08:17:41.079+0000] {dag.py:3047} INFO - Sync 1 DAGs
[2026-06-03T08:17:41.145+0000] {logging_mixin.py:188} INFO - [2026-06-03T08:17:41.144+0000] {dag.py:3834} INFO - Setting next_dagrun for kaldata_scraper to 2026-06-03 00:00:00+00:00, run_after=2026-06-04 00:00:00+00:00
[2026-06-03T08:17:41.239+0000] {processor.py:183} INFO - Processing /opt/airflow/dags/kaldata_dag.py took 0.306 seconds
[2026-06-03T08:18:11.659+0000] {processor.py:161} INFO - Started process (PID=4025) to work on /opt/airflow/dags/kaldata_dag.py
[2026-06-03T08:18:11.663+0000] {processor.py:830} INFO - Processing file /opt/airflow/dags/kaldata_dag.py for tasks to queue
[2026-06-03T08:18:11.665+0000] {logging_mixin.py:188} INFO - [2026-06-03T08:18:11.664+0000] {dagbag.py:540} INFO - Filling up the DagBag from /opt/airflow/dags/kaldata_dag.py
[2026-06-03T08:18:11.724+0000] {processor.py:840} INFO - DAG(s) 'kaldata_scraper' retrieved from /opt/airflow/dags/kaldata_dag.py
[2026-06-03T08:18:11.792+0000] {logging_mixin.py:188} INFO - [2026-06-03T08:18:11.792+0000] {dag.py:3047} INFO - Sync 1 DAGs
[2026-06-03T08:18:11.855+0000] {logging_mixin.py:188} INFO - [2026-06-03T08:18:11.855+0000] {dag.py:3834} INFO - Setting next_dagrun for kaldata_scraper to 2026-06-03 00:00:00+00:00, run_after=2026-06-04 00:00:00+00:00
[2026-06-03T08:18:11.907+0000] {processor.py:183} INFO - Processing /opt/airflow/dags/kaldata_dag.py took 0.259 seconds
[2026-06-03T08:18:42.149+0000] {processor.py:161} INFO - Started process (PID=4053) to work on /opt/airflow/dags/kaldata_dag.py
[2026-06-03T08:18:42.153+0000] {processor.py:830} INFO - Processing file /opt/airflow/dags/kaldata_dag.py for tasks to queue
[2026-06-03T08:18:42.156+0000] {logging_mixin.py:188} INFO - [2026-06-03T08:18:42.155+0000] {dagbag.py:540} INFO - Filling up the DagBag from /opt/airflow/dags/kaldata_dag.py
[2026-06-03T08:18:42.221+0000] {processor.py:840} INFO - DAG(s) 'kaldata_scraper' retrieved from /opt/airflow/dags/kaldata_dag.py
[2026-06-03T08:18:42.296+0000] {logging_mixin.py:188} INFO - [2026-06-03T08:18:42.296+0000] {dag.py:3047} INFO - Sync 1 DAGs
[2026-06-03T08:18:42.366+0000] {logging_mixin.py:188} INFO - [2026-06-03T08:18:42.365+0000] {dag.py:3834} INFO - Setting next_dagrun for kaldata_scraper to 2026-06-03 00:00:00+00:00, run_after=2026-06-04 00:00:00+00:00
[2026-06-03T08:18:42.502+0000] {processor.py:183} INFO - Processing /opt/airflow/dags/kaldata_dag.py took 0.368 seconds
[2026-06-03T08:19:12.888+0000] {processor.py:161} INFO - Started process (PID=4083) to work on /opt/airflow/dags/kaldata_dag.py
[2026-06-03T08:19:12.892+0000] {processor.py:830} INFO - Processing file /opt/airflow/dags/kaldata_dag.py for tasks to queue
[2026-06-03T08:19:12.895+0000] {logging_mixin.py:188} INFO - [2026-06-03T08:19:12.894+0000] {dagbag.py:540} INFO - Filling up the DagBag from /opt/airflow/dags/kaldata_dag.py
[2026-06-03T08:19:12.979+0000] {processor.py:840} INFO - DAG(s) 'kaldata_scraper' retrieved from /opt/airflow/dags/kaldata_dag.py
[2026-06-03T08:19:13.050+0000] {logging_mixin.py:188} INFO - [2026-06-03T08:19:13.049+0000] {dag.py:3047} INFO - Sync 1 DAGs
[2026-06-03T08:19:13.144+0000] {logging_mixin.py:188} INFO - [2026-06-03T08:19:13.132+0000] {dag.py:3834} INFO - Setting next_dagrun for kaldata_scraper to 2026-06-03 00:00:00+00:00, run_after=2026-06-04 00:00:00+00:00
[2026-06-03T08:19:13.215+0000] {processor.py:183} INFO - Processing /opt/airflow/dags/kaldata_dag.py took 0.344 seconds
[2026-06-03T08:19:43.597+0000] {processor.py:161} INFO - Started process (PID=4115) to work on /opt/airflow/dags/kaldata_dag.py
[2026-06-03T08:19:43.600+0000] {processor.py:830} INFO - Processing file /opt/airflow/dags/kaldata_dag.py for tasks to queue
[2026-06-03T08:19:43.603+0000] {logging_mixin.py:188} INFO - [2026-06-03T08:19:43.602+0000] {dagbag.py:540} INFO - Filling up the DagBag from /opt/airflow/dags/kaldata_dag.py
[2026-06-03T08:19:43.659+0000] {processor.py:840} INFO - DAG(s) 'kaldata_scraper' retrieved from /opt/airflow/dags/kaldata_dag.py
[2026-06-03T08:19:43.731+0000] {logging_mixin.py:188} INFO - [2026-06-03T08:19:43.731+0000] {dag.py:3047} INFO - Sync 1 DAGs
[2026-06-03T08:19:43.794+0000] {logging_mixin.py:188} INFO - [2026-06-03T08:19:43.793+0000] {dag.py:3834} INFO - Setting next_dagrun for kaldata_scraper to 2026-06-03 00:00:00+00:00, run_after=2026-06-04 00:00:00+00:00
[2026-06-03T08:19:43.846+0000] {processor.py:183} INFO - Processing /opt/airflow/dags/kaldata_dag.py took 0.260 seconds
[2026-06-03T08:20:14.112+0000] {processor.py:161} INFO - Started process (PID=4145) to work on /opt/airflow/dags/kaldata_dag.py
[2026-06-03T08:20:14.116+0000] {processor.py:830} INFO - Processing file /opt/airflow/dags/kaldata_dag.py for tasks to queue
[2026-06-03T08:20:14.119+0000] {logging_mixin.py:188} INFO - [2026-06-03T08:20:14.118+0000] {dagbag.py:540} INFO - Filling up the DagBag from /opt/airflow/dags/kaldata_dag.py
[2026-06-03T08:20:14.173+0000] {processor.py:840} INFO - DAG(s) 'kaldata_scraper' retrieved from /opt/airflow/dags/kaldata_dag.py
[2026-06-03T08:20:14.242+0000] {logging_mixin.py:188} INFO - [2026-06-03T08:20:14.241+0000] {dag.py:3047} INFO - Sync 1 DAGs
[2026-06-03T08:20:14.305+0000] {logging_mixin.py:188} INFO - [2026-06-03T08:20:14.304+0000] {dag.py:3834} INFO - Setting next_dagrun for kaldata_scraper to 2026-06-03 00:00:00+00:00, run_after=2026-06-04 00:00:00+00:00
[2026-06-03T08:20:14.359+0000] {processor.py:183} INFO - Processing /opt/airflow/dags/kaldata_dag.py took 0.257 seconds
[2026-06-03T08:20:44.561+0000] {processor.py:161} INFO - Started process (PID=4175) to work on /opt/airflow/dags/kaldata_dag.py
[2026-06-03T08:20:44.564+0000] {processor.py:830} INFO - Processing file /opt/airflow/dags/kaldata_dag.py for tasks to queue
[2026-06-03T08:20:44.567+0000] {logging_mixin.py:188} INFO - [2026-06-03T08:20:44.567+0000] {dagbag.py:540} INFO - Filling up the DagBag from /opt/airflow/dags/kaldata_dag.py
[2026-06-03T08:20:44.630+0000] {processor.py:840} INFO - DAG(s) 'kaldata_scraper' retrieved from /opt/airflow/dags/kaldata_dag.py
[2026-06-03T08:20:44.706+0000] {logging_mixin.py:188} INFO - [2026-06-03T08:20:44.705+0000] {dag.py:3047} INFO - Sync 1 DAGs
[2026-06-03T08:20:44.771+0000] {logging_mixin.py:188} INFO - [2026-06-03T08:20:44.771+0000] {dag.py:3834} INFO - Setting next_dagrun for kaldata_scraper to 2026-06-03 00:00:00+00:00, run_after=2026-06-04 00:00:00+00:00
[2026-06-03T08:20:44.845+0000] {processor.py:183} INFO - Processing /opt/airflow/dags/kaldata_dag.py took 0.296 seconds
[2026-06-03T08:21:15.459+0000] {processor.py:161} INFO - Started process (PID=4203) to work on /opt/airflow/dags/kaldata_dag.py
[2026-06-03T08:21:15.463+0000] {processor.py:830} INFO - Processing file /opt/airflow/dags/kaldata_dag.py for tasks to queue
[2026-06-03T08:21:15.485+0000] {logging_mixin.py:188} INFO - [2026-06-03T08:21:15.484+0000] {dagbag.py:540} INFO - Filling up the DagBag from /opt/airflow/dags/kaldata_dag.py
[2026-06-03T08:21:15.691+0000] {processor.py:840} INFO - DAG(s) 'kaldata_scraper' retrieved from /opt/airflow/dags/kaldata_dag.py
[2026-06-03T08:21:16.056+0000] {logging_mixin.py:188} INFO - [2026-06-03T08:21:16.056+0000] {dag.py:3047} INFO - Sync 1 DAGs
[2026-06-03T08:21:16.472+0000] {logging_mixin.py:188} INFO - [2026-06-03T08:21:16.472+0000] {dag.py:3834} INFO - Setting next_dagrun for kaldata_scraper to 2026-06-03 00:00:00+00:00, run_after=2026-06-04 00:00:00+00:00
[2026-06-03T08:21:16.777+0000] {processor.py:183} INFO - Processing /opt/airflow/dags/kaldata_dag.py took 1.358 seconds
[2026-06-03T08:21:48.613+0000] {processor.py:161} INFO - Started process (PID=4233) to work on /opt/airflow/dags/kaldata_dag.py
[2026-06-03T08:21:48.624+0000] {processor.py:830} INFO - Processing file /opt/airflow/dags/kaldata_dag.py for tasks to queue
[2026-06-03T08:21:48.633+0000] {logging_mixin.py:188} INFO - [2026-06-03T08:21:48.632+0000] {dagbag.py:540} INFO - Filling up the DagBag from /opt/airflow/dags/kaldata_dag.py
[2026-06-03T08:21:48.809+0000] {processor.py:840} INFO - DAG(s) 'kaldata_scraper' retrieved from /opt/airflow/dags/kaldata_dag.py
[2026-06-03T08:21:49.178+0000] {logging_mixin.py:188} INFO - [2026-06-03T08:21:49.177+0000] {dag.py:3047} INFO - Sync 1 DAGs
[2026-06-03T08:21:49.657+0000] {logging_mixin.py:188} INFO - [2026-06-03T08:21:49.645+0000] {dag.py:3834} INFO - Setting next_dagrun for kaldata_scraper to 2026-06-03 00:00:00+00:00, run_after=2026-06-04 00:00:00+00:00
[2026-06-03T08:21:49.852+0000] {processor.py:183} INFO - Processing /opt/airflow/dags/kaldata_dag.py took 1.262 seconds
[2026-06-03T08:22:20.818+0000] {processor.py:161} INFO - Started process (PID=4263) to work on /opt/airflow/dags/kaldata_dag.py
[2026-06-03T08:22:20.822+0000] {processor.py:830} INFO - Processing file /opt/airflow/dags/kaldata_dag.py for tasks to queue
[2026-06-03T08:22:20.826+0000] {logging_mixin.py:188} INFO - [2026-06-03T08:22:20.825+0000] {dagbag.py:540} INFO - Filling up the DagBag from /opt/airflow/dags/kaldata_dag.py
[2026-06-03T08:22:20.910+0000] {processor.py:840} INFO - DAG(s) 'kaldata_scraper' retrieved from /opt/airflow/dags/kaldata_dag.py
[2026-06-03T08:22:20.991+0000] {logging_mixin.py:188} INFO - [2026-06-03T08:22:20.990+0000] {dag.py:3047} INFO - Sync 1 DAGs
[2026-06-03T08:22:21.060+0000] {logging_mixin.py:188} INFO - [2026-06-03T08:22:21.059+0000] {dag.py:3834} INFO - Setting next_dagrun for kaldata_scraper to 2026-06-03 00:00:00+00:00, run_after=2026-06-04 00:00:00+00:00
[2026-06-03T08:22:21.137+0000] {processor.py:183} INFO - Processing /opt/airflow/dags/kaldata_dag.py took 0.336 seconds
[2026-06-03T08:22:51.916+0000] {processor.py:161} INFO - Started process (PID=4293) to work on /opt/airflow/dags/kaldata_dag.py
[2026-06-03T08:22:51.921+0000] {processor.py:830} INFO - Processing file /opt/airflow/dags/kaldata_dag.py for tasks to queue
[2026-06-03T08:22:51.925+0000] {logging_mixin.py:188} INFO - [2026-06-03T08:22:51.924+0000] {dagbag.py:540} INFO - Filling up the DagBag from /opt/airflow/dags/kaldata_dag.py
[2026-06-03T08:22:51.984+0000] {processor.py:840} INFO - DAG(s) 'kaldata_scraper' retrieved from /opt/airflow/dags/kaldata_dag.py
[2026-06-03T08:22:52.111+0000] {logging_mixin.py:188} INFO - [2026-06-03T08:22:52.111+0000] {dag.py:3047} INFO - Sync 1 DAGs
[2026-06-03T08:22:52.190+0000] {logging_mixin.py:188} INFO - [2026-06-03T08:22:52.189+0000] {dag.py:3834} INFO - Setting next_dagrun for kaldata_scraper to 2026-06-03 00:00:00+00:00, run_after=2026-06-04 00:00:00+00:00
[2026-06-03T08:22:52.249+0000] {processor.py:183} INFO - Processing /opt/airflow/dags/kaldata_dag.py took 0.348 seconds
[2026-06-03T08:23:22.703+0000] {processor.py:161} INFO - Started process (PID=4325) to work on /opt/airflow/dags/kaldata_dag.py
[2026-06-03T08:23:22.709+0000] {processor.py:830} INFO - Processing file /opt/airflow/dags/kaldata_dag.py for tasks to queue
[2026-06-03T08:23:22.714+0000] {logging_mixin.py:188} INFO - [2026-06-03T08:23:22.713+0000] {dagbag.py:540} INFO - Filling up the DagBag from /opt/airflow/dags/kaldata_dag.py
[2026-06-03T08:23:22.769+0000] {processor.py:840} INFO - DAG(s) 'kaldata_scraper' retrieved from /opt/airflow/dags/kaldata_dag.py
[2026-06-03T08:23:22.839+0000] {logging_mixin.py:188} INFO - [2026-06-03T08:23:22.838+0000] {dag.py:3047} INFO - Sync 1 DAGs
[2026-06-03T08:23:22.902+0000] {logging_mixin.py:188} INFO - [2026-06-03T08:23:22.902+0000] {dag.py:3834} INFO - Setting next_dagrun for kaldata_scraper to 2026-06-03 00:00:00+00:00, run_after=2026-06-04 00:00:00+00:00
[2026-06-03T08:23:22.956+0000] {processor.py:183} INFO - Processing /opt/airflow/dags/kaldata_dag.py took 0.266 seconds
[2026-06-03T08:23:53.197+0000] {processor.py:161} INFO - Started process (PID=4353) to work on /opt/airflow/dags/kaldata_dag.py
[2026-06-03T08:23:53.203+0000] {processor.py:830} INFO - Processing file /opt/airflow/dags/kaldata_dag.py for tasks to queue
[2026-06-03T08:23:53.206+0000] {logging_mixin.py:188} INFO - [2026-06-03T08:23:53.205+0000] {dagbag.py:540} INFO - Filling up the DagBag from /opt/airflow/dags/kaldata_dag.py
[2026-06-03T08:23:53.270+0000] {processor.py:840} INFO - DAG(s) 'kaldata_scraper' retrieved from /opt/airflow/dags/kaldata_dag.py
[2026-06-03T08:23:53.342+0000] {logging_mixin.py:188} INFO - [2026-06-03T08:23:53.341+0000] {dag.py:3047} INFO - Sync 1 DAGs
[2026-06-03T08:23:53.425+0000] {logging_mixin.py:188} INFO - [2026-06-03T08:23:53.425+0000] {dag.py:3834} INFO - Setting next_dagrun for kaldata_scraper to 2026-06-03 00:00:00+00:00, run_after=2026-06-04 00:00:00+00:00
[2026-06-03T08:23:53.491+0000] {processor.py:183} INFO - Processing /opt/airflow/dags/kaldata_dag.py took 0.311 seconds
[2026-06-03T08:24:23.977+0000] {processor.py:161} INFO - Started process (PID=4383) to work on /opt/airflow/dags/kaldata_dag.py
[2026-06-03T08:24:23.982+0000] {processor.py:830} INFO - Processing file /opt/airflow/dags/kaldata_dag.py for tasks to queue
[2026-06-03T08:24:23.985+0000] {logging_mixin.py:188} INFO - [2026-06-03T08:24:23.984+0000] {dagbag.py:540} INFO - Filling up the DagBag from /opt/airflow/dags/kaldata_dag.py
[2026-06-03T08:24:24.065+0000] {processor.py:840} INFO - DAG(s) 'kaldata_scraper' retrieved from /opt/airflow/dags/kaldata_dag.py
[2026-06-03T08:24:24.135+0000] {logging_mixin.py:188} INFO - [2026-06-03T08:24:24.134+0000] {dag.py:3047} INFO - Sync 1 DAGs
[2026-06-03T08:24:24.204+0000] {logging_mixin.py:188} INFO - [2026-06-03T08:24:24.203+0000] {dag.py:3834} INFO - Setting next_dagrun for kaldata_scraper to 2026-06-03 00:00:00+00:00, run_after=2026-06-04 00:00:00+00:00
[2026-06-03T08:24:24.274+0000] {processor.py:183} INFO - Processing /opt/airflow/dags/kaldata_dag.py took 0.310 seconds
[2026-06-03T08:24:54.689+0000] {processor.py:161} INFO - Started process (PID=4413) to work on /opt/airflow/dags/kaldata_dag.py
[2026-06-03T08:24:54.694+0000] {processor.py:830} INFO - Processing file /opt/airflow/dags/kaldata_dag.py for tasks to queue
[2026-06-03T08:24:54.696+0000] {logging_mixin.py:188} INFO - [2026-06-03T08:24:54.696+0000] {dagbag.py:540} INFO - Filling up the DagBag from /opt/airflow/dags/kaldata_dag.py
[2026-06-03T08:24:54.767+0000] {processor.py:840} INFO - DAG(s) 'kaldata_scraper' retrieved from /opt/airflow/dags/kaldata_dag.py
[2026-06-03T08:24:54.843+0000] {logging_mixin.py:188} INFO - [2026-06-03T08:24:54.843+0000] {dag.py:3047} INFO - Sync 1 DAGs
[2026-06-03T08:24:54.912+0000] {logging_mixin.py:188} INFO - [2026-06-03T08:24:54.912+0000] {dag.py:3834} INFO - Setting next_dagrun for kaldata_scraper to 2026-06-03 00:00:00+00:00, run_after=2026-06-04 00:00:00+00:00
[2026-06-03T08:24:54.986+0000] {processor.py:183} INFO - Processing /opt/airflow/dags/kaldata_dag.py took 0.315 seconds
[2026-06-03T08:25:25.817+0000] {processor.py:161} INFO - Started process (PID=4443) to work on /opt/airflow/dags/kaldata_dag.py
[2026-06-03T08:25:25.827+0000] {processor.py:830} INFO - Processing file /opt/airflow/dags/kaldata_dag.py for tasks to queue
[2026-06-03T08:25:25.832+0000] {logging_mixin.py:188} INFO - [2026-06-03T08:25:25.831+0000] {dagbag.py:540} INFO - Filling up the DagBag from /opt/airflow/dags/kaldata_dag.py
[2026-06-03T08:25:26.017+0000] {processor.py:840} INFO - DAG(s) 'kaldata_scraper' retrieved from /opt/airflow/dags/kaldata_dag.py
[2026-06-03T08:25:26.299+0000] {logging_mixin.py:188} INFO - [2026-06-03T08:25:26.298+0000] {dag.py:3047} INFO - Sync 1 DAGs
[2026-06-03T08:25:26.826+0000] {logging_mixin.py:188} INFO - [2026-06-03T08:25:26.826+0000] {dag.py:3834} INFO - Setting next_dagrun for kaldata_scraper to 2026-06-03 00:00:00+00:00, run_after=2026-06-04 00:00:00+00:00
[2026-06-03T08:25:27.057+0000] {processor.py:183} INFO - Processing /opt/airflow/dags/kaldata_dag.py took 1.279 seconds
[2026-06-03T08:25:58.122+0000] {processor.py:161} INFO - Started process (PID=4473) to work on /opt/airflow/dags/kaldata_dag.py
[2026-06-03T08:25:58.126+0000] {processor.py:830} INFO - Processing file /opt/airflow/dags/kaldata_dag.py for tasks to queue
[2026-06-03T08:25:58.130+0000] {logging_mixin.py:188} INFO - [2026-06-03T08:25:58.129+0000] {dagbag.py:540} INFO - Filling up the DagBag from /opt/airflow/dags/kaldata_dag.py
[2026-06-03T08:25:58.229+0000] {processor.py:840} INFO - DAG(s) 'kaldata_scraper' retrieved from /opt/airflow/dags/kaldata_dag.py
[2026-06-03T08:25:58.309+0000] {logging_mixin.py:188} INFO - [2026-06-03T08:25:58.308+0000] {dag.py:3047} INFO - Sync 1 DAGs
[2026-06-03T08:25:58.382+0000] {logging_mixin.py:188} INFO - [2026-06-03T08:25:58.381+0000] {dag.py:3834} INFO - Setting next_dagrun for kaldata_scraper to 2026-06-03 00:00:00+00:00, run_after=2026-06-04 00:00:00+00:00
[2026-06-03T08:25:58.455+0000] {processor.py:183} INFO - Processing /opt/airflow/dags/kaldata_dag.py took 0.346 seconds
[2026-06-03T08:26:29.096+0000] {processor.py:161} INFO - Started process (PID=4503) to work on /opt/airflow/dags/kaldata_dag.py
[2026-06-03T08:26:29.102+0000] {processor.py:830} INFO - Processing file /opt/airflow/dags/kaldata_dag.py for tasks to queue
[2026-06-03T08:26:29.108+0000] {logging_mixin.py:188} INFO - [2026-06-03T08:26:29.106+0000] {dagbag.py:540} INFO - Filling up the DagBag from /opt/airflow/dags/kaldata_dag.py
[2026-06-03T08:26:29.167+0000] {processor.py:840} INFO - DAG(s) 'kaldata_scraper' retrieved from /opt/airflow/dags/kaldata_dag.py
[2026-06-03T08:26:29.257+0000] {logging_mixin.py:188} INFO - [2026-06-03T08:26:29.256+0000] {dag.py:3047} INFO - Sync 1 DAGs
[2026-06-03T08:26:29.326+0000] {logging_mixin.py:188} INFO - [2026-06-03T08:26:29.325+0000] {dag.py:3834} INFO - Setting next_dagrun for kaldata_scraper to 2026-06-03 00:00:00+00:00, run_after=2026-06-04 00:00:00+00:00
[2026-06-03T08:26:29.387+0000] {processor.py:183} INFO - Processing /opt/airflow/dags/kaldata_dag.py took 0.304 seconds
[2026-06-03T08:27:00.018+0000] {processor.py:161} INFO - Started process (PID=4535) to work on /opt/airflow/dags/kaldata_dag.py
[2026-06-03T08:27:00.022+0000] {processor.py:830} INFO - Processing file /opt/airflow/dags/kaldata_dag.py for tasks to queue
[2026-06-03T08:27:00.025+0000] {logging_mixin.py:188} INFO - [2026-06-03T08:27:00.024+0000] {dagbag.py:540} INFO - Filling up the DagBag from /opt/airflow/dags/kaldata_dag.py
[2026-06-03T08:27:00.087+0000] {processor.py:840} INFO - DAG(s) 'kaldata_scraper' retrieved from /opt/airflow/dags/kaldata_dag.py
[2026-06-03T08:27:00.168+0000] {logging_mixin.py:188} INFO - [2026-06-03T08:27:00.167+0000] {dag.py:3047} INFO - Sync 1 DAGs
[2026-06-03T08:27:00.244+0000] {logging_mixin.py:188} INFO - [2026-06-03T08:27:00.243+0000] {dag.py:3834} INFO - Setting next_dagrun for kaldata_scraper to 2026-06-03 00:00:00+00:00, run_after=2026-06-04 00:00:00+00:00
[2026-06-03T08:27:00.294+0000] {processor.py:183} INFO - Processing /opt/airflow/dags/kaldata_dag.py took 0.299 seconds
[2026-06-03T08:27:30.596+0000] {processor.py:161} INFO - Started process (PID=4565) to work on /opt/airflow/dags/kaldata_dag.py
[2026-06-03T08:27:30.599+0000] {processor.py:830} INFO - Processing file /opt/airflow/dags/kaldata_dag.py for tasks to queue
[2026-06-03T08:27:30.603+0000] {logging_mixin.py:188} INFO - [2026-06-03T08:27:30.602+0000] {dagbag.py:540} INFO - Filling up the DagBag from /opt/airflow/dags/kaldata_dag.py
[2026-06-03T08:27:30.685+0000] {processor.py:840} INFO - DAG(s) 'kaldata_scraper' retrieved from /opt/airflow/dags/kaldata_dag.py
[2026-06-03T08:27:30.755+0000] {logging_mixin.py:188} INFO - [2026-06-03T08:27:30.755+0000] {dag.py:3047} INFO - Sync 1 DAGs
[2026-06-03T08:27:30.819+0000] {logging_mixin.py:188} INFO - [2026-06-03T08:27:30.818+0000] {dag.py:3834} INFO - Setting next_dagrun for kaldata_scraper to 2026-06-03 00:00:00+00:00, run_after=2026-06-04 00:00:00+00:00
[2026-06-03T08:27:30.871+0000] {processor.py:183} INFO - Processing /opt/airflow/dags/kaldata_dag.py took 0.286 seconds
[2026-06-03T08:28:01.355+0000] {processor.py:161} INFO - Started process (PID=4593) to work on /opt/airflow/dags/kaldata_dag.py
[2026-06-03T08:28:01.358+0000] {processor.py:830} INFO - Processing file /opt/airflow/dags/kaldata_dag.py for tasks to queue
[2026-06-03T08:28:01.362+0000] {logging_mixin.py:188} INFO - [2026-06-03T08:28:01.361+0000] {dagbag.py:540} INFO - Filling up the DagBag from /opt/airflow/dags/kaldata_dag.py
[2026-06-03T08:28:01.436+0000] {processor.py:840} INFO - DAG(s) 'kaldata_scraper' retrieved from /opt/airflow/dags/kaldata_dag.py
[2026-06-03T08:28:01.506+0000] {logging_mixin.py:188} INFO - [2026-06-03T08:28:01.506+0000] {dag.py:3047} INFO - Sync 1 DAGs
[2026-06-03T08:28:01.591+0000] {logging_mixin.py:188} INFO - [2026-06-03T08:28:01.590+0000] {dag.py:3834} INFO - Setting next_dagrun for kaldata_scraper to 2026-06-03 00:00:00+00:00, run_after=2026-06-04 00:00:00+00:00
[2026-06-03T08:28:01.645+0000] {processor.py:183} INFO - Processing /opt/airflow/dags/kaldata_dag.py took 0.301 seconds
[2026-06-03T08:28:31.797+0000] {processor.py:161} INFO - Started process (PID=4623) to work on /opt/airflow/dags/kaldata_dag.py
[2026-06-03T08:28:31.800+0000] {processor.py:830} INFO - Processing file /opt/airflow/dags/kaldata_dag.py for tasks to queue
[2026-06-03T08:28:31.804+0000] {logging_mixin.py:188} INFO - [2026-06-03T08:28:31.803+0000] {dagbag.py:540} INFO - Filling up the DagBag from /opt/airflow/dags/kaldata_dag.py
[2026-06-03T08:28:31.861+0000] {processor.py:840} INFO - DAG(s) 'kaldata_scraper' retrieved from /opt/airflow/dags/kaldata_dag.py
[2026-06-03T08:28:31.932+0000] {logging_mixin.py:188} INFO - [2026-06-03T08:28:31.932+0000] {dag.py:3047} INFO - Sync 1 DAGs
[2026-06-03T08:28:32.004+0000] {logging_mixin.py:188} INFO - [2026-06-03T08:28:32.003+0000] {dag.py:3834} INFO - Setting next_dagrun for kaldata_scraper to 2026-06-03 00:00:00+00:00, run_after=2026-06-04 00:00:00+00:00
[2026-06-03T08:28:32.083+0000] {processor.py:183} INFO - Processing /opt/airflow/dags/kaldata_dag.py took 0.302 seconds
[2026-06-03T08:29:02.895+0000] {processor.py:161} INFO - Started process (PID=4653) to work on /opt/airflow/dags/kaldata_dag.py
[2026-06-03T08:29:02.904+0000] {processor.py:830} INFO - Processing file /opt/airflow/dags/kaldata_dag.py for tasks to queue
[2026-06-03T08:29:02.915+0000] {logging_mixin.py:188} INFO - [2026-06-03T08:29:02.913+0000] {dagbag.py:540} INFO - Filling up the DagBag from /opt/airflow/dags/kaldata_dag.py
[2026-06-03T08:29:03.052+0000] {processor.py:840} INFO - DAG(s) 'kaldata_scraper' retrieved from /opt/airflow/dags/kaldata_dag.py
[2026-06-03T08:29:03.121+0000] {logging_mixin.py:188} INFO - [2026-06-03T08:29:03.121+0000] {dag.py:3047} INFO - Sync 1 DAGs
[2026-06-03T08:29:03.183+0000] {logging_mixin.py:188} INFO - [2026-06-03T08:29:03.182+0000] {dag.py:3834} INFO - Setting next_dagrun for kaldata_scraper to 2026-06-03 00:00:00+00:00, run_after=2026-06-04 00:00:00+00:00
[2026-06-03T08:29:03.231+0000] {processor.py:183} INFO - Processing /opt/airflow/dags/kaldata_dag.py took 0.364 seconds
[2026-06-03T08:29:33.817+0000] {processor.py:161} INFO - Started process (PID=4683) to work on /opt/airflow/dags/kaldata_dag.py
[2026-06-03T08:29:33.821+0000] {processor.py:830} INFO - Processing file /opt/airflow/dags/kaldata_dag.py for tasks to queue
[2026-06-03T08:29:33.832+0000] {logging_mixin.py:188} INFO - [2026-06-03T08:29:33.825+0000] {dagbag.py:540} INFO - Filling up the DagBag from /opt/airflow/dags/kaldata_dag.py
[2026-06-03T08:29:33.913+0000] {processor.py:840} INFO - DAG(s) 'kaldata_scraper' retrieved from /opt/airflow/dags/kaldata_dag.py
[2026-06-03T08:29:34.017+0000] {logging_mixin.py:188} INFO - [2026-06-03T08:29:34.017+0000] {dag.py:3047} INFO - Sync 1 DAGs
[2026-06-03T08:29:34.118+0000] {logging_mixin.py:188} INFO - [2026-06-03T08:29:34.117+0000] {dag.py:3834} INFO - Setting next_dagrun for kaldata_scraper to 2026-06-03 00:00:00+00:00, run_after=2026-06-04 00:00:00+00:00
[2026-06-03T08:29:34.188+0000] {processor.py:183} INFO - Processing /opt/airflow/dags/kaldata_dag.py took 0.390 seconds
[2026-06-03T08:30:04.866+0000] {processor.py:161} INFO - Started process (PID=4713) to work on /opt/airflow/dags/kaldata_dag.py
[2026-06-03T08:30:04.876+0000] {processor.py:830} INFO - Processing file /opt/airflow/dags/kaldata_dag.py for tasks to queue
[2026-06-03T08:30:04.879+0000] {logging_mixin.py:188} INFO - [2026-06-03T08:30:04.878+0000] {dagbag.py:540} INFO - Filling up the DagBag from /opt/airflow/dags/kaldata_dag.py
[2026-06-03T08:30:05.055+0000] {processor.py:840} INFO - DAG(s) 'kaldata_scraper' retrieved from /opt/airflow/dags/kaldata_dag.py
[2026-06-03T08:30:05.181+0000] {logging_mixin.py:188} INFO - [2026-06-03T08:30:05.180+0000] {dag.py:3047} INFO - Sync 1 DAGs
[2026-06-03T08:30:05.250+0000] {logging_mixin.py:188} INFO - [2026-06-03T08:30:05.249+0000] {dag.py:3834} INFO - Setting next_dagrun for kaldata_scraper to 2026-06-03 00:00:00+00:00, run_after=2026-06-04 00:00:00+00:00
[2026-06-03T08:30:05.326+0000] {processor.py:183} INFO - Processing /opt/airflow/dags/kaldata_dag.py took 0.482 seconds
[2026-06-03T08:30:36.532+0000] {processor.py:161} INFO - Started process (PID=4743) to work on /opt/airflow/dags/kaldata_dag.py
[2026-06-03T08:30:36.546+0000] {processor.py:830} INFO - Processing file /opt/airflow/dags/kaldata_dag.py for tasks to queue
[2026-06-03T08:30:36.549+0000] {logging_mixin.py:188} INFO - [2026-06-03T08:30:36.548+0000] {dagbag.py:540} INFO - Filling up the DagBag from /opt/airflow/dags/kaldata_dag.py
[2026-06-03T08:30:36.694+0000] {processor.py:840} INFO - DAG(s) 'kaldata_scraper' retrieved from /opt/airflow/dags/kaldata_dag.py
[2026-06-03T08:30:36.982+0000] {logging_mixin.py:188} INFO - [2026-06-03T08:30:36.981+0000] {dag.py:3047} INFO - Sync 1 DAGs
[2026-06-03T08:30:37.204+0000] {logging_mixin.py:188} INFO - [2026-06-03T08:30:37.191+0000] {dag.py:3834} INFO - Setting next_dagrun for kaldata_scraper to 2026-06-03 00:00:00+00:00, run_after=2026-06-04 00:00:00+00:00
[2026-06-03T08:30:37.392+0000] {processor.py:183} INFO - Processing /opt/airflow/dags/kaldata_dag.py took 0.870 seconds
[2026-06-03T08:31:07.676+0000] {processor.py:161} INFO - Started process (PID=4773) to work on /opt/airflow/dags/kaldata_dag.py
[2026-06-03T08:31:07.681+0000] {processor.py:830} INFO - Processing file /opt/airflow/dags/kaldata_dag.py for tasks to queue
[2026-06-03T08:31:07.685+0000] {logging_mixin.py:188} INFO - [2026-06-03T08:31:07.684+0000] {dagbag.py:540} INFO - Filling up the DagBag from /opt/airflow/dags/kaldata_dag.py
[2026-06-03T08:31:07.785+0000] {processor.py:840} INFO - DAG(s) 'kaldata_scraper' retrieved from /opt/airflow/dags/kaldata_dag.py
[2026-06-03T08:31:07.873+0000] {logging_mixin.py:188} INFO - [2026-06-03T08:31:07.873+0000] {dag.py:3047} INFO - Sync 1 DAGs
[2026-06-03T08:31:07.951+0000] {logging_mixin.py:188} INFO - [2026-06-03T08:31:07.950+0000] {dag.py:3834} INFO - Setting next_dagrun for kaldata_scraper to 2026-06-03 00:00:00+00:00, run_after=2026-06-04 00:00:00+00:00
[2026-06-03T08:31:08.011+0000] {processor.py:183} INFO - Processing /opt/airflow/dags/kaldata_dag.py took 0.348 seconds
[2026-06-03T08:31:38.606+0000] {processor.py:161} INFO - Started process (PID=4803) to work on /opt/airflow/dags/kaldata_dag.py
[2026-06-03T08:31:38.611+0000] {processor.py:830} INFO - Processing file /opt/airflow/dags/kaldata_dag.py for tasks to queue
[2026-06-03T08:31:38.616+0000] {logging_mixin.py:188} INFO - [2026-06-03T08:31:38.615+0000] {dagbag.py:540} INFO - Filling up the DagBag from /opt/airflow/dags/kaldata_dag.py
[2026-06-03T08:31:38.688+0000] {processor.py:840} INFO - DAG(s) 'kaldata_scraper' retrieved from /opt/airflow/dags/kaldata_dag.py
[2026-06-03T08:31:38.759+0000] {logging_mixin.py:188} INFO - [2026-06-03T08:31:38.758+0000] {dag.py:3047} INFO - Sync 1 DAGs
[2026-06-03T08:31:38.987+0000] {logging_mixin.py:188} INFO - [2026-06-03T08:31:38.974+0000] {dag.py:3834} INFO - Setting next_dagrun for kaldata_scraper to 2026-06-03 00:00:00+00:00, run_after=2026-06-04 00:00:00+00:00
[2026-06-03T08:31:39.251+0000] {processor.py:183} INFO - Processing /opt/airflow/dags/kaldata_dag.py took 0.661 seconds
[2026-06-03T08:32:09.529+0000] {processor.py:161} INFO - Started process (PID=4833) to work on /opt/airflow/dags/kaldata_dag.py
[2026-06-03T08:32:09.533+0000] {processor.py:830} INFO - Processing file /opt/airflow/dags/kaldata_dag.py for tasks to queue
[2026-06-03T08:32:09.538+0000] {logging_mixin.py:188} INFO - [2026-06-03T08:32:09.537+0000] {dagbag.py:540} INFO - Filling up the DagBag from /opt/airflow/dags/kaldata_dag.py
[2026-06-03T08:32:09.595+0000] {processor.py:840} INFO - DAG(s) 'kaldata_scraper' retrieved from /opt/airflow/dags/kaldata_dag.py
[2026-06-03T08:32:09.667+0000] {logging_mixin.py:188} INFO - [2026-06-03T08:32:09.666+0000] {dag.py:3047} INFO - Sync 1 DAGs
[2026-06-03T08:32:09.759+0000] {logging_mixin.py:188} INFO - [2026-06-03T08:32:09.758+0000] {dag.py:3834} INFO - Setting next_dagrun for kaldata_scraper to 2026-06-03 00:00:00+00:00, run_after=2026-06-04 00:00:00+00:00
[2026-06-03T08:32:09.839+0000] {processor.py:183} INFO - Processing /opt/airflow/dags/kaldata_dag.py took 0.328 seconds
[2026-06-03T08:32:40.428+0000] {processor.py:161} INFO - Started process (PID=4863) to work on /opt/airflow/dags/kaldata_dag.py
[2026-06-03T08:32:40.432+0000] {processor.py:830} INFO - Processing file /opt/airflow/dags/kaldata_dag.py for tasks to queue
[2026-06-03T08:32:40.436+0000] {logging_mixin.py:188} INFO - [2026-06-03T08:32:40.435+0000] {dagbag.py:540} INFO - Filling up the DagBag from /opt/airflow/dags/kaldata_dag.py
[2026-06-03T08:32:40.586+0000] {processor.py:840} INFO - DAG(s) 'kaldata_scraper' retrieved from /opt/airflow/dags/kaldata_dag.py
[2026-06-03T08:32:40.986+0000] {logging_mixin.py:188} INFO - [2026-06-03T08:32:40.986+0000] {dag.py:3047} INFO - Sync 1 DAGs
[2026-06-03T08:32:41.238+0000] {logging_mixin.py:188} INFO - [2026-06-03T08:32:41.238+0000] {dag.py:3834} INFO - Setting next_dagrun for kaldata_scraper to 2026-06-03 00:00:00+00:00, run_after=2026-06-04 00:00:00+00:00
[2026-06-03T08:32:41.411+0000] {processor.py:183} INFO - Processing /opt/airflow/dags/kaldata_dag.py took 0.997 seconds
[2026-06-03T08:33:12.408+0000] {processor.py:161} INFO - Started process (PID=4893) to work on /opt/airflow/dags/kaldata_dag.py
[2026-06-03T08:33:12.412+0000] {processor.py:830} INFO - Processing file /opt/airflow/dags/kaldata_dag.py for tasks to queue
[2026-06-03T08:33:12.416+0000] {logging_mixin.py:188} INFO - [2026-06-03T08:33:12.415+0000] {dagbag.py:540} INFO - Filling up the DagBag from /opt/airflow/dags/kaldata_dag.py
[2026-06-03T08:33:12.477+0000] {processor.py:840} INFO - DAG(s) 'kaldata_scraper' retrieved from /opt/airflow/dags/kaldata_dag.py
[2026-06-03T08:33:12.547+0000] {logging_mixin.py:188} INFO - [2026-06-03T08:33:12.547+0000] {dag.py:3047} INFO - Sync 1 DAGs
[2026-06-03T08:33:12.617+0000] {logging_mixin.py:188} INFO - [2026-06-03T08:33:12.616+0000] {dag.py:3834} INFO - Setting next_dagrun for kaldata_scraper to 2026-06-03 00:00:00+00:00, run_after=2026-06-04 00:00:00+00:00
[2026-06-03T08:33:12.689+0000] {processor.py:183} INFO - Processing /opt/airflow/dags/kaldata_dag.py took 0.296 seconds
[2026-06-03T08:33:43.367+0000] {processor.py:161} INFO - Started process (PID=4925) to work on /opt/airflow/dags/kaldata_dag.py
[2026-06-03T08:33:43.370+0000] {processor.py:830} INFO - Processing file /opt/airflow/dags/kaldata_dag.py for tasks to queue
[2026-06-03T08:33:43.373+0000] {logging_mixin.py:188} INFO - [2026-06-03T08:33:43.372+0000] {dagbag.py:540} INFO - Filling up the DagBag from /opt/airflow/dags/kaldata_dag.py
[2026-06-03T08:33:43.428+0000] {processor.py:840} INFO - DAG(s) 'kaldata_scraper' retrieved from /opt/airflow/dags/kaldata_dag.py
[2026-06-03T08:33:43.497+0000] {logging_mixin.py:188} INFO - [2026-06-03T08:33:43.497+0000] {dag.py:3047} INFO - Sync 1 DAGs
[2026-06-03T08:33:43.568+0000] {logging_mixin.py:188} INFO - [2026-06-03T08:33:43.567+0000] {dag.py:3834} INFO - Setting next_dagrun for kaldata_scraper to 2026-06-03 00:00:00+00:00, run_after=2026-06-04 00:00:00+00:00
[2026-06-03T08:33:43.619+0000] {processor.py:183} INFO - Processing /opt/airflow/dags/kaldata_dag.py took 0.263 seconds
[2026-06-03T08:34:14.254+0000] {processor.py:161} INFO - Started process (PID=4955) to work on /opt/airflow/dags/kaldata_dag.py
[2026-06-03T08:34:14.257+0000] {processor.py:830} INFO - Processing file /opt/airflow/dags/kaldata_dag.py for tasks to queue
[2026-06-03T08:34:14.260+0000] {logging_mixin.py:188} INFO - [2026-06-03T08:34:14.259+0000] {dagbag.py:540} INFO - Filling up the DagBag from /opt/airflow/dags/kaldata_dag.py
[2026-06-03T08:34:14.316+0000] {processor.py:840} INFO - DAG(s) 'kaldata_scraper' retrieved from /opt/airflow/dags/kaldata_dag.py
[2026-06-03T08:34:14.396+0000] {logging_mixin.py:188} INFO - [2026-06-03T08:34:14.396+0000] {dag.py:3047} INFO - Sync 1 DAGs
[2026-06-03T08:34:14.459+0000] {logging_mixin.py:188} INFO - [2026-06-03T08:34:14.458+0000] {dag.py:3834} INFO - Setting next_dagrun for kaldata_scraper to 2026-06-03 00:00:00+00:00, run_after=2026-06-04 00:00:00+00:00
[2026-06-03T08:34:14.512+0000] {processor.py:183} INFO - Processing /opt/airflow/dags/kaldata_dag.py took 0.269 seconds
[2026-06-03T08:34:45.134+0000] {processor.py:161} INFO - Started process (PID=4985) to work on /opt/airflow/dags/kaldata_dag.py
[2026-06-03T08:34:45.137+0000] {processor.py:830} INFO - Processing file /opt/airflow/dags/kaldata_dag.py for tasks to queue
[2026-06-03T08:34:45.141+0000] {logging_mixin.py:188} INFO - [2026-06-03T08:34:45.140+0000] {dagbag.py:540} INFO - Filling up the DagBag from /opt/airflow/dags/kaldata_dag.py
[2026-06-03T08:34:45.202+0000] {processor.py:840} INFO - DAG(s) 'kaldata_scraper' retrieved from /opt/airflow/dags/kaldata_dag.py
[2026-06-03T08:34:45.272+0000] {logging_mixin.py:188} INFO - [2026-06-03T08:34:45.272+0000] {dag.py:3047} INFO - Sync 1 DAGs
[2026-06-03T08:34:45.338+0000] {logging_mixin.py:188} INFO - [2026-06-03T08:34:45.338+0000] {dag.py:3834} INFO - Setting next_dagrun for kaldata_scraper to 2026-06-03 00:00:00+00:00, run_after=2026-06-04 00:00:00+00:00
[2026-06-03T08:34:45.394+0000] {processor.py:183} INFO - Processing /opt/airflow/dags/kaldata_dag.py took 0.270 seconds
[2026-06-03T08:35:17.083+0000] {processor.py:161} INFO - Started process (PID=5013) to work on /opt/airflow/dags/kaldata_dag.py
[2026-06-03T08:35:17.085+0000] {processor.py:830} INFO - Processing file /opt/airflow/dags/kaldata_dag.py for tasks to queue
[2026-06-03T08:35:17.088+0000] {logging_mixin.py:188} INFO - [2026-06-03T08:35:17.087+0000] {dagbag.py:540} INFO - Filling up the DagBag from /opt/airflow/dags/kaldata_dag.py
[2026-06-03T08:35:17.150+0000] {processor.py:840} INFO - DAG(s) 'kaldata_scraper' retrieved from /opt/airflow/dags/kaldata_dag.py
[2026-06-03T08:35:17.219+0000] {logging_mixin.py:188} INFO - [2026-06-03T08:35:17.218+0000] {dag.py:3047} INFO - Sync 1 DAGs
[2026-06-03T08:35:17.308+0000] {logging_mixin.py:188} INFO - [2026-06-03T08:35:17.307+0000] {dag.py:3834} INFO - Setting next_dagrun for kaldata_scraper to 2026-06-03 00:00:00+00:00, run_after=2026-06-04 00:00:00+00:00
[2026-06-03T08:35:17.357+0000] {processor.py:183} INFO - Processing /opt/airflow/dags/kaldata_dag.py took 0.290 seconds
[2026-06-03T08:35:48.724+0000] {processor.py:161} INFO - Started process (PID=5043) to work on /opt/airflow/dags/kaldata_dag.py
[2026-06-03T08:35:48.727+0000] {processor.py:830} INFO - Processing file /opt/airflow/dags/kaldata_dag.py for tasks to queue
[2026-06-03T08:35:48.731+0000] {logging_mixin.py:188} INFO - [2026-06-03T08:35:48.730+0000] {dagbag.py:540} INFO - Filling up the DagBag from /opt/airflow/dags/kaldata_dag.py
[2026-06-03T08:35:48.912+0000] {processor.py:840} INFO - DAG(s) 'kaldata_scraper' retrieved from /opt/airflow/dags/kaldata_dag.py
[2026-06-03T08:35:49.168+0000] {logging_mixin.py:188} INFO - [2026-06-03T08:35:49.163+0000] {dag.py:3047} INFO - Sync 1 DAGs
[2026-06-03T08:35:49.364+0000] {logging_mixin.py:188} INFO - [2026-06-03T08:35:49.364+0000] {dag.py:3834} INFO - Setting next_dagrun for kaldata_scraper to 2026-06-03 00:00:00+00:00, run_after=2026-06-04 00:00:00+00:00
[2026-06-03T08:35:49.429+0000] {processor.py:183} INFO - Processing /opt/airflow/dags/kaldata_dag.py took 0.748 seconds
[2026-06-03T08:36:19.842+0000] {processor.py:161} INFO - Started process (PID=5073) to work on /opt/airflow/dags/kaldata_dag.py
[2026-06-03T08:36:19.845+0000] {processor.py:830} INFO - Processing file /opt/airflow/dags/kaldata_dag.py for tasks to queue
[2026-06-03T08:36:19.848+0000] {logging_mixin.py:188} INFO - [2026-06-03T08:36:19.847+0000] {dagbag.py:540} INFO - Filling up the DagBag from /opt/airflow/dags/kaldata_dag.py
[2026-06-03T08:36:19.916+0000] {processor.py:840} INFO - DAG(s) 'kaldata_scraper' retrieved from /opt/airflow/dags/kaldata_dag.py
[2026-06-03T08:36:19.998+0000] {logging_mixin.py:188} INFO - [2026-06-03T08:36:19.997+0000] {dag.py:3047} INFO - Sync 1 DAGs
[2026-06-03T08:36:20.079+0000] {logging_mixin.py:188} INFO - [2026-06-03T08:36:20.078+0000] {dag.py:3834} INFO - Setting next_dagrun for kaldata_scraper to 2026-06-03 00:00:00+00:00, run_after=2026-06-04 00:00:00+00:00
[2026-06-03T08:36:20.151+0000] {processor.py:183} INFO - Processing /opt/airflow/dags/kaldata_dag.py took 0.324 seconds
[2026-06-03T08:36:52.140+0000] {processor.py:161} INFO - Started process (PID=5103) to work on /opt/airflow/dags/kaldata_dag.py
[2026-06-03T08:36:52.169+0000] {processor.py:830} INFO - Processing file /opt/airflow/dags/kaldata_dag.py for tasks to queue
[2026-06-03T08:36:52.203+0000] {logging_mixin.py:188} INFO - [2026-06-03T08:36:52.202+0000] {dagbag.py:540} INFO - Filling up the DagBag from /opt/airflow/dags/kaldata_dag.py
[2026-06-03T08:36:52.835+0000] {processor.py:840} INFO - DAG(s) 'kaldata_scraper' retrieved from /opt/airflow/dags/kaldata_dag.py
[2026-06-03T08:36:53.166+0000] {logging_mixin.py:188} INFO - [2026-06-03T08:36:53.165+0000] {dag.py:3047} INFO - Sync 1 DAGs
[2026-06-03T08:36:53.465+0000] {logging_mixin.py:188} INFO - [2026-06-03T08:36:53.451+0000] {dag.py:3834} INFO - Setting next_dagrun for kaldata_scraper to 2026-06-03 00:00:00+00:00, run_after=2026-06-04 00:00:00+00:00
[2026-06-03T08:36:53.526+0000] {processor.py:183} INFO - Processing /opt/airflow/dags/kaldata_dag.py took 1.438 seconds
[2026-06-03T08:37:23.904+0000] {processor.py:161} INFO - Started process (PID=5133) to work on /opt/airflow/dags/kaldata_dag.py
[2026-06-03T08:37:23.909+0000] {processor.py:830} INFO - Processing file /opt/airflow/dags/kaldata_dag.py for tasks to queue
[2026-06-03T08:37:23.913+0000] {logging_mixin.py:188} INFO - [2026-06-03T08:37:23.912+0000] {dagbag.py:540} INFO - Filling up the DagBag from /opt/airflow/dags/kaldata_dag.py
[2026-06-03T08:37:24.041+0000] {processor.py:840} INFO - DAG(s) 'kaldata_scraper' retrieved from /opt/airflow/dags/kaldata_dag.py
[2026-06-03T08:37:24.379+0000] {logging_mixin.py:188} INFO - [2026-06-03T08:37:24.379+0000] {dag.py:3047} INFO - Sync 1 DAGs
[2026-06-03T08:37:24.654+0000] {logging_mixin.py:188} INFO - [2026-06-03T08:37:24.653+0000] {dag.py:3834} INFO - Setting next_dagrun for kaldata_scraper to 2026-06-03 00:00:00+00:00, run_after=2026-06-04 00:00:00+00:00
[2026-06-03T08:37:24.819+0000] {processor.py:183} INFO - Processing /opt/airflow/dags/kaldata_dag.py took 0.930 seconds
[2026-06-03T08:37:55.832+0000] {processor.py:161} INFO - Started process (PID=5163) to work on /opt/airflow/dags/kaldata_dag.py
[2026-06-03T08:37:55.835+0000] {processor.py:830} INFO - Processing file /opt/airflow/dags/kaldata_dag.py for tasks to queue
[2026-06-03T08:37:55.839+0000] {logging_mixin.py:188} INFO - [2026-06-03T08:37:55.838+0000] {dagbag.py:540} INFO - Filling up the DagBag from /opt/airflow/dags/kaldata_dag.py
[2026-06-03T08:37:55.902+0000] {processor.py:840} INFO - DAG(s) 'kaldata_scraper' retrieved from /opt/airflow/dags/kaldata_dag.py
[2026-06-03T08:37:55.977+0000] {logging_mixin.py:188} INFO - [2026-06-03T08:37:55.976+0000] {dag.py:3047} INFO - Sync 1 DAGs
[2026-06-03T08:37:56.052+0000] {logging_mixin.py:188} INFO - [2026-06-03T08:37:56.051+0000] {dag.py:3834} INFO - Setting next_dagrun for kaldata_scraper to 2026-06-03 00:00:00+00:00, run_after=2026-06-04 00:00:00+00:00
[2026-06-03T08:37:56.122+0000] {processor.py:183} INFO - Processing /opt/airflow/dags/kaldata_dag.py took 0.303 seconds
[2026-06-03T08:38:26.602+0000] {processor.py:161} INFO - Started process (PID=5193) to work on /opt/airflow/dags/kaldata_dag.py
[2026-06-03T08:38:26.606+0000] {processor.py:830} INFO - Processing file /opt/airflow/dags/kaldata_dag.py for tasks to queue
[2026-06-03T08:38:26.609+0000] {logging_mixin.py:188} INFO - [2026-06-03T08:38:26.608+0000] {dagbag.py:540} INFO - Filling up the DagBag from /opt/airflow/dags/kaldata_dag.py
[2026-06-03T08:38:26.676+0000] {processor.py:840} INFO - DAG(s) 'kaldata_scraper' retrieved from /opt/airflow/dags/kaldata_dag.py
[2026-06-03T08:38:26.747+0000] {logging_mixin.py:188} INFO - [2026-06-03T08:38:26.747+0000] {dag.py:3047} INFO - Sync 1 DAGs
[2026-06-03T08:38:26.839+0000] {logging_mixin.py:188} INFO - [2026-06-03T08:38:26.839+0000] {dag.py:3834} INFO - Setting next_dagrun for kaldata_scraper to 2026-06-03 00:00:00+00:00, run_after=2026-06-04 00:00:00+00:00
[2026-06-03T08:38:26.911+0000] {processor.py:183} INFO - Processing /opt/airflow/dags/kaldata_dag.py took 0.324 seconds
[2026-06-03T08:38:57.583+0000] {processor.py:161} INFO - Started process (PID=5223) to work on /opt/airflow/dags/kaldata_dag.py
[2026-06-03T08:38:57.589+0000] {processor.py:830} INFO - Processing file /opt/airflow/dags/kaldata_dag.py for tasks to queue
[2026-06-03T08:38:57.593+0000] {logging_mixin.py:188} INFO - [2026-06-03T08:38:57.592+0000] {dagbag.py:540} INFO - Filling up the DagBag from /opt/airflow/dags/kaldata_dag.py
[2026-06-03T08:38:57.654+0000] {processor.py:840} INFO - DAG(s) 'kaldata_scraper' retrieved from /opt/airflow/dags/kaldata_dag.py
[2026-06-03T08:38:57.742+0000] {logging_mixin.py:188} INFO - [2026-06-03T08:38:57.741+0000] {dag.py:3047} INFO - Sync 1 DAGs
[2026-06-03T08:38:57.809+0000] {logging_mixin.py:188} INFO - [2026-06-03T08:38:57.808+0000] {dag.py:3834} INFO - Setting next_dagrun for kaldata_scraper to 2026-06-03 00:00:00+00:00, run_after=2026-06-04 00:00:00+00:00
[2026-06-03T08:38:57.893+0000] {processor.py:183} INFO - Processing /opt/airflow/dags/kaldata_dag.py took 0.327 seconds
[2026-06-03T08:39:28.162+0000] {processor.py:161} INFO - Started process (PID=5253) to work on /opt/airflow/dags/kaldata_dag.py
[2026-06-03T08:39:28.166+0000] {processor.py:830} INFO - Processing file /opt/airflow/dags/kaldata_dag.py for tasks to queue
[2026-06-03T08:39:28.169+0000] {logging_mixin.py:188} INFO - [2026-06-03T08:39:28.168+0000] {dagbag.py:540} INFO - Filling up the DagBag from /opt/airflow/dags/kaldata_dag.py
[2026-06-03T08:39:28.241+0000] {processor.py:840} INFO - DAG(s) 'kaldata_scraper' retrieved from /opt/airflow/dags/kaldata_dag.py
[2026-06-03T08:39:28.316+0000] {logging_mixin.py:188} INFO - [2026-06-03T08:39:28.316+0000] {dag.py:3047} INFO - Sync 1 DAGs
[2026-06-03T08:39:28.404+0000] {logging_mixin.py:188} INFO - [2026-06-03T08:39:28.403+0000] {dag.py:3834} INFO - Setting next_dagrun for kaldata_scraper to 2026-06-03 00:00:00+00:00, run_after=2026-06-04 00:00:00+00:00
[2026-06-03T08:39:28.486+0000] {processor.py:183} INFO - Processing /opt/airflow/dags/kaldata_dag.py took 0.340 seconds
[2026-06-03T08:39:59.303+0000] {processor.py:161} INFO - Started process (PID=5283) to work on /opt/airflow/dags/kaldata_dag.py
[2026-06-03T08:39:59.307+0000] {processor.py:830} INFO - Processing file /opt/airflow/dags/kaldata_dag.py for tasks to queue
[2026-06-03T08:39:59.311+0000] {logging_mixin.py:188} INFO - [2026-06-03T08:39:59.310+0000] {dagbag.py:540} INFO - Filling up the DagBag from /opt/airflow/dags/kaldata_dag.py
[2026-06-03T08:39:59.384+0000] {processor.py:840} INFO - DAG(s) 'kaldata_scraper' retrieved from /opt/airflow/dags/kaldata_dag.py
[2026-06-03T08:39:59.476+0000] {logging_mixin.py:188} INFO - [2026-06-03T08:39:59.475+0000] {dag.py:3047} INFO - Sync 1 DAGs
[2026-06-03T08:39:59.564+0000] {logging_mixin.py:188} INFO - [2026-06-03T08:39:59.563+0000] {dag.py:3834} INFO - Setting next_dagrun for kaldata_scraper to 2026-06-03 00:00:00+00:00, run_after=2026-06-04 00:00:00+00:00
[2026-06-03T08:39:59.642+0000] {processor.py:183} INFO - Processing /opt/airflow/dags/kaldata_dag.py took 0.351 seconds
[2026-06-03T08:40:30.361+0000] {processor.py:161} INFO - Started process (PID=5313) to work on /opt/airflow/dags/kaldata_dag.py
[2026-06-03T08:40:30.365+0000] {processor.py:830} INFO - Processing file /opt/airflow/dags/kaldata_dag.py for tasks to queue
[2026-06-03T08:40:30.368+0000] {logging_mixin.py:188} INFO - [2026-06-03T08:40:30.367+0000] {dagbag.py:540} INFO - Filling up the DagBag from /opt/airflow/dags/kaldata_dag.py
[2026-06-03T08:40:30.426+0000] {processor.py:840} INFO - DAG(s) 'kaldata_scraper' retrieved from /opt/airflow/dags/kaldata_dag.py
[2026-06-03T08:40:30.547+0000] {logging_mixin.py:188} INFO - [2026-06-03T08:40:30.546+0000] {dag.py:3047} INFO - Sync 1 DAGs
[2026-06-03T08:40:30.660+0000] {logging_mixin.py:188} INFO - [2026-06-03T08:40:30.659+0000] {dag.py:3834} INFO - Setting next_dagrun for kaldata_scraper to 2026-06-03 00:00:00+00:00, run_after=2026-06-04 00:00:00+00:00
[2026-06-03T08:40:30.763+0000] {processor.py:183} INFO - Processing /opt/airflow/dags/kaldata_dag.py took 0.413 seconds
[2026-06-03T08:41:01.619+0000] {processor.py:161} INFO - Started process (PID=5345) to work on /opt/airflow/dags/kaldata_dag.py
[2026-06-03T08:41:01.637+0000] {processor.py:830} INFO - Processing file /opt/airflow/dags/kaldata_dag.py for tasks to queue
[2026-06-03T08:41:01.650+0000] {logging_mixin.py:188} INFO - [2026-06-03T08:41:01.647+0000] {dagbag.py:540} INFO - Filling up the DagBag from /opt/airflow/dags/kaldata_dag.py
[2026-06-03T08:41:01.793+0000] {processor.py:840} INFO - DAG(s) 'kaldata_scraper' retrieved from /opt/airflow/dags/kaldata_dag.py
[2026-06-03T08:41:01.938+0000] {logging_mixin.py:188} INFO - [2026-06-03T08:41:01.937+0000] {dag.py:3047} INFO - Sync 1 DAGs
[2026-06-03T08:41:02.058+0000] {logging_mixin.py:188} INFO - [2026-06-03T08:41:02.057+0000] {dag.py:3834} INFO - Setting next_dagrun for kaldata_scraper to 2026-06-03 00:00:00+00:00, run_after=2026-06-04 00:00:00+00:00
[2026-06-03T08:41:02.144+0000] {processor.py:183} INFO - Processing /opt/airflow/dags/kaldata_dag.py took 0.550 seconds
[2026-06-03T08:41:32.690+0000] {processor.py:161} INFO - Started process (PID=5373) to work on /opt/airflow/dags/kaldata_dag.py
[2026-06-03T08:41:32.711+0000] {processor.py:830} INFO - Processing file /opt/airflow/dags/kaldata_dag.py for tasks to queue
[2026-06-03T08:41:32.725+0000] {logging_mixin.py:188} INFO - [2026-06-03T08:41:32.716+0000] {dagbag.py:540} INFO - Filling up the DagBag from /opt/airflow/dags/kaldata_dag.py
[2026-06-03T08:41:33.046+0000] {processor.py:840} INFO - DAG(s) 'kaldata_scraper' retrieved from /opt/airflow/dags/kaldata_dag.py
[2026-06-03T08:41:33.122+0000] {logging_mixin.py:188} INFO - [2026-06-03T08:41:33.121+0000] {dag.py:3047} INFO - Sync 1 DAGs
[2026-06-03T08:41:33.216+0000] {logging_mixin.py:188} INFO - [2026-06-03T08:41:33.215+0000] {dag.py:3834} INFO - Setting next_dagrun for kaldata_scraper to 2026-06-03 00:00:00+00:00, run_after=2026-06-04 00:00:00+00:00
[2026-06-03T08:41:33.265+0000] {processor.py:183} INFO - Processing /opt/airflow/dags/kaldata_dag.py took 0.617 seconds
[2026-06-03T08:42:03.821+0000] {processor.py:161} INFO - Started process (PID=5403) to work on /opt/airflow/dags/kaldata_dag.py
[2026-06-03T08:42:03.825+0000] {processor.py:830} INFO - Processing file /opt/airflow/dags/kaldata_dag.py for tasks to queue
[2026-06-03T08:42:03.828+0000] {logging_mixin.py:188} INFO - [2026-06-03T08:42:03.827+0000] {dagbag.py:540} INFO - Filling up the DagBag from /opt/airflow/dags/kaldata_dag.py
[2026-06-03T08:42:03.960+0000] {processor.py:840} INFO - DAG(s) 'kaldata_scraper' retrieved from /opt/airflow/dags/kaldata_dag.py
[2026-06-03T08:42:04.200+0000] {logging_mixin.py:188} INFO - [2026-06-03T08:42:04.199+0000] {dag.py:3047} INFO - Sync 1 DAGs
[2026-06-03T08:42:04.520+0000] {logging_mixin.py:188} INFO - [2026-06-03T08:42:04.519+0000] {dag.py:3834} INFO - Setting next_dagrun for kaldata_scraper to 2026-06-03 00:00:00+00:00, run_after=2026-06-04 00:00:00+00:00
[2026-06-03T08:42:04.789+0000] {processor.py:183} INFO - Processing /opt/airflow/dags/kaldata_dag.py took 0.981 seconds
[2026-06-03T08:42:35.241+0000] {processor.py:161} INFO - Started process (PID=5433) to work on /opt/airflow/dags/kaldata_dag.py
[2026-06-03T08:42:35.244+0000] {processor.py:830} INFO - Processing file /opt/airflow/dags/kaldata_dag.py for tasks to queue
[2026-06-03T08:42:35.247+0000] {logging_mixin.py:188} INFO - [2026-06-03T08:42:35.246+0000] {dagbag.py:540} INFO - Filling up the DagBag from /opt/airflow/dags/kaldata_dag.py
[2026-06-03T08:42:35.306+0000] {processor.py:840} INFO - DAG(s) 'kaldata_scraper' retrieved from /opt/airflow/dags/kaldata_dag.py
[2026-06-03T08:42:35.400+0000] {logging_mixin.py:188} INFO - [2026-06-03T08:42:35.399+0000] {dag.py:3047} INFO - Sync 1 DAGs
[2026-06-03T08:42:35.543+0000] {logging_mixin.py:188} INFO - [2026-06-03T08:42:35.543+0000] {dag.py:3834} INFO - Setting next_dagrun for kaldata_scraper to 2026-06-03 00:00:00+00:00, run_after=2026-06-04 00:00:00+00:00
[2026-06-03T08:42:35.592+0000] {processor.py:183} INFO - Processing /opt/airflow/dags/kaldata_dag.py took 0.362 seconds
[2026-06-03T08:43:06.092+0000] {processor.py:161} INFO - Started process (PID=5463) to work on /opt/airflow/dags/kaldata_dag.py
[2026-06-03T08:43:06.095+0000] {processor.py:830} INFO - Processing file /opt/airflow/dags/kaldata_dag.py for tasks to queue
[2026-06-03T08:43:06.099+0000] {logging_mixin.py:188} INFO - [2026-06-03T08:43:06.098+0000] {dagbag.py:540} INFO - Filling up the DagBag from /opt/airflow/dags/kaldata_dag.py
[2026-06-03T08:43:06.195+0000] {processor.py:840} INFO - DAG(s) 'kaldata_scraper' retrieved from /opt/airflow/dags/kaldata_dag.py
[2026-06-03T08:43:06.316+0000] {logging_mixin.py:188} INFO - [2026-06-03T08:43:06.315+0000] {dag.py:3047} INFO - Sync 1 DAGs
[2026-06-03T08:43:06.406+0000] {logging_mixin.py:188} INFO - [2026-06-03T08:43:06.406+0000] {dag.py:3834} INFO - Setting next_dagrun for kaldata_scraper to 2026-06-03 00:00:00+00:00, run_after=2026-06-04 00:00:00+00:00
[2026-06-03T08:43:06.469+0000] {processor.py:183} INFO - Processing /opt/airflow/dags/kaldata_dag.py took 0.404 seconds
[2026-06-03T08:43:37.347+0000] {processor.py:161} INFO - Started process (PID=5493) to work on /opt/airflow/dags/kaldata_dag.py
[2026-06-03T08:43:37.354+0000] {processor.py:830} INFO - Processing file /opt/airflow/dags/kaldata_dag.py for tasks to queue
[2026-06-03T08:43:37.364+0000] {logging_mixin.py:188} INFO - [2026-06-03T08:43:37.363+0000] {dagbag.py:540} INFO - Filling up the DagBag from /opt/airflow/dags/kaldata_dag.py
[2026-06-03T08:43:37.597+0000] {processor.py:840} INFO - DAG(s) 'kaldata_scraper' retrieved from /opt/airflow/dags/kaldata_dag.py
[2026-06-03T08:43:37.667+0000] {logging_mixin.py:188} INFO - [2026-06-03T08:43:37.666+0000] {dag.py:3047} INFO - Sync 1 DAGs
[2026-06-03T08:43:37.747+0000] {logging_mixin.py:188} INFO - [2026-06-03T08:43:37.744+0000] {dag.py:3834} INFO - Setting next_dagrun for kaldata_scraper to 2026-06-03 00:00:00+00:00, run_after=2026-06-04 00:00:00+00:00
[2026-06-03T08:43:37.803+0000] {processor.py:183} INFO - Processing /opt/airflow/dags/kaldata_dag.py took 0.475 seconds
[2026-06-03T08:44:08.641+0000] {processor.py:161} INFO - Started process (PID=5523) to work on /opt/airflow/dags/kaldata_dag.py
[2026-06-03T08:44:08.646+0000] {processor.py:830} INFO - Processing file /opt/airflow/dags/kaldata_dag.py for tasks to queue
[2026-06-03T08:44:08.649+0000] {logging_mixin.py:188} INFO - [2026-06-03T08:44:08.648+0000] {dagbag.py:540} INFO - Filling up the DagBag from /opt/airflow/dags/kaldata_dag.py
[2026-06-03T08:44:08.724+0000] {processor.py:840} INFO - DAG(s) 'kaldata_scraper' retrieved from /opt/airflow/dags/kaldata_dag.py
[2026-06-03T08:44:08.804+0000] {logging_mixin.py:188} INFO - [2026-06-03T08:44:08.803+0000] {dag.py:3047} INFO - Sync 1 DAGs
[2026-06-03T08:44:08.890+0000] {logging_mixin.py:188} INFO - [2026-06-03T08:44:08.889+0000] {dag.py:3834} INFO - Setting next_dagrun for kaldata_scraper to 2026-06-03 00:00:00+00:00, run_after=2026-06-04 00:00:00+00:00
[2026-06-03T08:44:08.963+0000] {processor.py:183} INFO - Processing /opt/airflow/dags/kaldata_dag.py took 0.335 seconds
[2026-06-03T08:44:39.515+0000] {processor.py:161} INFO - Started process (PID=5553) to work on /opt/airflow/dags/kaldata_dag.py
[2026-06-03T08:44:39.519+0000] {processor.py:830} INFO - Processing file /opt/airflow/dags/kaldata_dag.py for tasks to queue
[2026-06-03T08:44:39.523+0000] {logging_mixin.py:188} INFO - [2026-06-03T08:44:39.522+0000] {dagbag.py:540} INFO - Filling up the DagBag from /opt/airflow/dags/kaldata_dag.py
[2026-06-03T08:44:39.583+0000] {processor.py:840} INFO - DAG(s) 'kaldata_scraper' retrieved from /opt/airflow/dags/kaldata_dag.py
[2026-06-03T08:44:39.653+0000] {logging_mixin.py:188} INFO - [2026-06-03T08:44:39.652+0000] {dag.py:3047} INFO - Sync 1 DAGs
[2026-06-03T08:44:39.726+0000] {logging_mixin.py:188} INFO - [2026-06-03T08:44:39.725+0000] {dag.py:3834} INFO - Setting next_dagrun for kaldata_scraper to 2026-06-03 00:00:00+00:00, run_after=2026-06-04 00:00:00+00:00
[2026-06-03T08:44:39.805+0000] {processor.py:183} INFO - Processing /opt/airflow/dags/kaldata_dag.py took 0.306 seconds
[2026-06-03T08:45:10.292+0000] {processor.py:161} INFO - Started process (PID=5583) to work on /opt/airflow/dags/kaldata_dag.py
[2026-06-03T08:45:10.296+0000] {processor.py:830} INFO - Processing file /opt/airflow/dags/kaldata_dag.py for tasks to queue
[2026-06-03T08:45:10.299+0000] {logging_mixin.py:188} INFO - [2026-06-03T08:45:10.298+0000] {dagbag.py:540} INFO - Filling up the DagBag from /opt/airflow/dags/kaldata_dag.py
[2026-06-03T08:45:10.391+0000] {processor.py:840} INFO - DAG(s) 'kaldata_scraper' retrieved from /opt/airflow/dags/kaldata_dag.py
[2026-06-03T08:45:10.523+0000] {logging_mixin.py:188} INFO - [2026-06-03T08:45:10.522+0000] {dag.py:3047} INFO - Sync 1 DAGs
[2026-06-03T08:45:10.597+0000] {logging_mixin.py:188} INFO - [2026-06-03T08:45:10.597+0000] {dag.py:3834} INFO - Setting next_dagrun for kaldata_scraper to 2026-06-03 00:00:00+00:00, run_after=2026-06-04 00:00:00+00:00
[2026-06-03T08:45:10.674+0000] {processor.py:183} INFO - Processing /opt/airflow/dags/kaldata_dag.py took 0.397 seconds
[2026-06-03T08:45:41.261+0000] {processor.py:161} INFO - Started process (PID=5613) to work on /opt/airflow/dags/kaldata_dag.py
[2026-06-03T08:45:41.269+0000] {processor.py:830} INFO - Processing file /opt/airflow/dags/kaldata_dag.py for tasks to queue
[2026-06-03T08:45:41.273+0000] {logging_mixin.py:188} INFO - [2026-06-03T08:45:41.272+0000] {dagbag.py:540} INFO - Filling up the DagBag from /opt/airflow/dags/kaldata_dag.py
[2026-06-03T08:45:42.326+0000] {processor.py:840} INFO - DAG(s) 'kaldata_scraper' retrieved from /opt/airflow/dags/kaldata_dag.py
[2026-06-03T08:45:42.519+0000] {logging_mixin.py:188} INFO - [2026-06-03T08:45:42.519+0000] {dag.py:3047} INFO - Sync 1 DAGs
[2026-06-03T08:45:42.863+0000] {logging_mixin.py:188} INFO - [2026-06-03T08:45:42.863+0000] {dag.py:3834} INFO - Setting next_dagrun for kaldata_scraper to 2026-06-03 00:00:00+00:00, run_after=2026-06-04 00:00:00+00:00
[2026-06-03T08:45:43.364+0000] {processor.py:183} INFO - Processing /opt/airflow/dags/kaldata_dag.py took 2.127 seconds
[2026-06-03T08:46:31.123+0000] {processor.py:161} INFO - Started process (PID=5643) to work on /opt/airflow/dags/kaldata_dag.py
[2026-06-03T08:46:31.148+0000] {processor.py:830} INFO - Processing file /opt/airflow/dags/kaldata_dag.py for tasks to queue
[2026-06-03T08:46:31.166+0000] {logging_mixin.py:188} INFO - [2026-06-03T08:46:31.165+0000] {dagbag.py:540} INFO - Filling up the DagBag from /opt/airflow/dags/kaldata_dag.py
[2026-06-03T08:46:31.458+0000] {processor.py:840} INFO - DAG(s) 'kaldata_scraper' retrieved from /opt/airflow/dags/kaldata_dag.py
[2026-06-03T08:46:31.915+0000] {logging_mixin.py:188} INFO - [2026-06-03T08:46:31.915+0000] {dag.py:3047} INFO - Sync 1 DAGs
[2026-06-03T08:46:32.338+0000] {logging_mixin.py:188} INFO - [2026-06-03T08:46:32.337+0000] {dag.py:3834} INFO - Setting next_dagrun for kaldata_scraper to 2026-06-03 00:00:00+00:00, run_after=2026-06-04 00:00:00+00:00
[2026-06-03T08:46:32.757+0000] {processor.py:183} INFO - Processing /opt/airflow/dags/kaldata_dag.py took 1.657 seconds
[2026-06-03T08:47:05.052+0000] {processor.py:161} INFO - Started process (PID=5673) to work on /opt/airflow/dags/kaldata_dag.py
[2026-06-03T08:47:05.056+0000] {processor.py:830} INFO - Processing file /opt/airflow/dags/kaldata_dag.py for tasks to queue
[2026-06-03T08:47:05.088+0000] {logging_mixin.py:188} INFO - [2026-06-03T08:47:05.087+0000] {dagbag.py:540} INFO - Filling up the DagBag from /opt/airflow/dags/kaldata_dag.py
[2026-06-03T08:47:05.447+0000] {processor.py:840} INFO - DAG(s) 'kaldata_scraper' retrieved from /opt/airflow/dags/kaldata_dag.py
[2026-06-03T08:47:05.805+0000] {logging_mixin.py:188} INFO - [2026-06-03T08:47:05.805+0000] {dag.py:3047} INFO - Sync 1 DAGs
[2026-06-03T08:47:06.062+0000] {logging_mixin.py:188} INFO - [2026-06-03T08:47:06.051+0000] {dag.py:3834} INFO - Setting next_dagrun for kaldata_scraper to 2026-06-03 00:00:00+00:00, run_after=2026-06-04 00:00:00+00:00
[2026-06-03T08:47:06.532+0000] {processor.py:183} INFO - Processing /opt/airflow/dags/kaldata_dag.py took 1.526 seconds
[2026-06-03T08:47:37.713+0000] {processor.py:161} INFO - Started process (PID=5704) to work on /opt/airflow/dags/kaldata_dag.py
[2026-06-03T08:47:37.764+0000] {processor.py:830} INFO - Processing file /opt/airflow/dags/kaldata_dag.py for tasks to queue
[2026-06-03T08:47:37.788+0000] {logging_mixin.py:188} INFO - [2026-06-03T08:47:37.787+0000] {dagbag.py:540} INFO - Filling up the DagBag from /opt/airflow/dags/kaldata_dag.py
[2026-06-03T08:47:39.732+0000] {processor.py:840} INFO - DAG(s) 'kaldata_scraper' retrieved from /opt/airflow/dags/kaldata_dag.py
[2026-06-03T08:47:39.938+0000] {logging_mixin.py:188} INFO - [2026-06-03T08:47:39.937+0000] {dag.py:3047} INFO - Sync 1 DAGs
[2026-06-03T08:47:40.149+0000] {logging_mixin.py:188} INFO - [2026-06-03T08:47:40.149+0000] {dag.py:3834} INFO - Setting next_dagrun for kaldata_scraper to 2026-06-03 00:00:00+00:00, run_after=2026-06-04 00:00:00+00:00
[2026-06-03T08:47:41.044+0000] {processor.py:183} INFO - Processing /opt/airflow/dags/kaldata_dag.py took 3.351 seconds
[2026-06-03T08:48:28.699+0000] {processor.py:161} INFO - Started process (PID=5733) to work on /opt/airflow/dags/kaldata_dag.py
[2026-06-03T08:48:28.711+0000] {processor.py:830} INFO - Processing file /opt/airflow/dags/kaldata_dag.py for tasks to queue
[2026-06-03T08:48:28.742+0000] {logging_mixin.py:188} INFO - [2026-06-03T08:48:28.741+0000] {dagbag.py:540} INFO - Filling up the DagBag from /opt/airflow/dags/kaldata_dag.py
[2026-06-03T08:48:30.748+0000] {processor.py:840} INFO - DAG(s) 'kaldata_scraper' retrieved from /opt/airflow/dags/kaldata_dag.py
[2026-06-03T08:48:30.953+0000] {logging_mixin.py:188} INFO - [2026-06-03T08:48:30.942+0000] {dag.py:3047} INFO - Sync 1 DAGs
[2026-06-03T08:48:31.176+0000] {logging_mixin.py:188} INFO - [2026-06-03T08:48:31.175+0000] {dag.py:3834} INFO - Setting next_dagrun for kaldata_scraper to 2026-06-03 00:00:00+00:00, run_after=2026-06-04 00:00:00+00:00
[2026-06-03T08:48:31.385+0000] {processor.py:183} INFO - Processing /opt/airflow/dags/kaldata_dag.py took 2.711 seconds
[2026-06-03T08:49:17.636+0000] {processor.py:161} INFO - Started process (PID=5760) to work on /opt/airflow/dags/kaldata_dag.py
[2026-06-03T08:49:17.651+0000] {processor.py:830} INFO - Processing file /opt/airflow/dags/kaldata_dag.py for tasks to queue
[2026-06-03T08:49:17.737+0000] {logging_mixin.py:188} INFO - [2026-06-03T08:49:17.736+0000] {dagbag.py:540} INFO - Filling up the DagBag from /opt/airflow/dags/kaldata_dag.py
[2026-06-03T08:49:18.525+0000] {processor.py:840} INFO - DAG(s) 'kaldata_scraper' retrieved from /opt/airflow/dags/kaldata_dag.py
[2026-06-03T08:49:18.823+0000] {logging_mixin.py:188} INFO - [2026-06-03T08:49:18.822+0000] {dag.py:3047} INFO - Sync 1 DAGs
[2026-06-03T08:49:19.164+0000] {logging_mixin.py:188} INFO - [2026-06-03T08:49:19.163+0000] {dag.py:3834} INFO - Setting next_dagrun for kaldata_scraper to 2026-06-03 00:00:00+00:00, run_after=2026-06-04 00:00:00+00:00
[2026-06-03T08:49:19.572+0000] {processor.py:183} INFO - Processing /opt/airflow/dags/kaldata_dag.py took 1.956 seconds
[2026-06-03T08:49:52.026+0000] {processor.py:161} INFO - Started process (PID=5790) to work on /opt/airflow/dags/kaldata_dag.py
[2026-06-03T08:49:52.042+0000] {processor.py:830} INFO - Processing file /opt/airflow/dags/kaldata_dag.py for tasks to queue
[2026-06-03T08:49:52.054+0000] {logging_mixin.py:188} INFO - [2026-06-03T08:49:52.048+0000] {dagbag.py:540} INFO - Filling up the DagBag from /opt/airflow/dags/kaldata_dag.py
[2026-06-03T08:49:52.517+0000] {processor.py:840} INFO - DAG(s) 'kaldata_scraper' retrieved from /opt/airflow/dags/kaldata_dag.py
[2026-06-03T08:49:52.759+0000] {logging_mixin.py:188} INFO - [2026-06-03T08:49:52.758+0000] {dag.py:3047} INFO - Sync 1 DAGs
[2026-06-03T08:49:53.011+0000] {logging_mixin.py:188} INFO - [2026-06-03T08:49:53.010+0000] {dag.py:3834} INFO - Setting next_dagrun for kaldata_scraper to 2026-06-03 00:00:00+00:00, run_after=2026-06-04 00:00:00+00:00
[2026-06-03T08:49:53.214+0000] {processor.py:183} INFO - Processing /opt/airflow/dags/kaldata_dag.py took 1.210 seconds
[2026-06-03T08:50:23.895+0000] {processor.py:161} INFO - Started process (PID=5820) to work on /opt/airflow/dags/kaldata_dag.py
[2026-06-03T08:50:23.898+0000] {processor.py:830} INFO - Processing file /opt/airflow/dags/kaldata_dag.py for tasks to queue
[2026-06-03T08:50:23.901+0000] {logging_mixin.py:188} INFO - [2026-06-03T08:50:23.901+0000] {dagbag.py:540} INFO - Filling up the DagBag from /opt/airflow/dags/kaldata_dag.py
[2026-06-03T08:50:23.976+0000] {processor.py:840} INFO - DAG(s) 'kaldata_scraper' retrieved from /opt/airflow/dags/kaldata_dag.py
[2026-06-03T08:50:24.071+0000] {logging_mixin.py:188} INFO - [2026-06-03T08:50:24.071+0000] {dag.py:3047} INFO - Sync 1 DAGs
[2026-06-03T08:50:24.143+0000] {logging_mixin.py:188} INFO - [2026-06-03T08:50:24.142+0000] {dag.py:3834} INFO - Setting next_dagrun for kaldata_scraper to 2026-06-03 00:00:00+00:00, run_after=2026-06-04 00:00:00+00:00
[2026-06-03T08:50:24.219+0000] {processor.py:183} INFO - Processing /opt/airflow/dags/kaldata_dag.py took 0.335 seconds
[2026-06-03T08:50:54.566+0000] {processor.py:161} INFO - Started process (PID=5850) to work on /opt/airflow/dags/kaldata_dag.py
[2026-06-03T08:50:54.571+0000] {processor.py:830} INFO - Processing file /opt/airflow/dags/kaldata_dag.py for tasks to queue
[2026-06-03T08:50:54.577+0000] {logging_mixin.py:188} INFO - [2026-06-03T08:50:54.575+0000] {dagbag.py:540} INFO - Filling up the DagBag from /opt/airflow/dags/kaldata_dag.py
[2026-06-03T08:50:54.659+0000] {processor.py:840} INFO - DAG(s) 'kaldata_scraper' retrieved from /opt/airflow/dags/kaldata_dag.py
[2026-06-03T08:50:54.744+0000] {logging_mixin.py:188} INFO - [2026-06-03T08:50:54.743+0000] {dag.py:3047} INFO - Sync 1 DAGs
[2026-06-03T08:50:54.828+0000] {logging_mixin.py:188} INFO - [2026-06-03T08:50:54.828+0000] {dag.py:3834} INFO - Setting next_dagrun for kaldata_scraper to 2026-06-03 00:00:00+00:00, run_after=2026-06-04 00:00:00+00:00
[2026-06-03T08:50:54.931+0000] {processor.py:183} INFO - Processing /opt/airflow/dags/kaldata_dag.py took 0.378 seconds
[2026-06-03T08:51:29.260+0000] {processor.py:161} INFO - Started process (PID=5878) to work on /opt/airflow/dags/kaldata_dag.py
[2026-06-03T08:51:29.279+0000] {processor.py:830} INFO - Processing file /opt/airflow/dags/kaldata_dag.py for tasks to queue
[2026-06-03T08:51:29.325+0000] {logging_mixin.py:188} INFO - [2026-06-03T08:51:29.324+0000] {dagbag.py:540} INFO - Filling up the DagBag from /opt/airflow/dags/kaldata_dag.py
[2026-06-03T08:51:31.277+0000] {processor.py:840} INFO - DAG(s) 'kaldata_scraper' retrieved from /opt/airflow/dags/kaldata_dag.py
[2026-06-03T08:51:31.527+0000] {logging_mixin.py:188} INFO - [2026-06-03T08:51:31.527+0000] {dag.py:3047} INFO - Sync 1 DAGs
[2026-06-03T08:51:31.772+0000] {logging_mixin.py:188} INFO - [2026-06-03T08:51:31.760+0000] {dag.py:3834} INFO - Setting next_dagrun for kaldata_scraper to 2026-06-03 00:00:00+00:00, run_after=2026-06-04 00:00:00+00:00
[2026-06-03T08:51:32.143+0000] {processor.py:183} INFO - Processing /opt/airflow/dags/kaldata_dag.py took 2.918 seconds
[2026-06-03T08:52:11.098+0000] {processor.py:161} INFO - Started process (PID=5908) to work on /opt/airflow/dags/kaldata_dag.py
[2026-06-03T08:52:11.302+0000] {processor.py:830} INFO - Processing file /opt/airflow/dags/kaldata_dag.py for tasks to queue
[2026-06-03T08:52:11.512+0000] {logging_mixin.py:188} INFO - [2026-06-03T08:52:11.511+0000] {dagbag.py:540} INFO - Filling up the DagBag from /opt/airflow/dags/kaldata_dag.py
[2026-06-03T08:52:14.852+0000] {processor.py:840} INFO - DAG(s) 'kaldata_scraper' retrieved from /opt/airflow/dags/kaldata_dag.py
[2026-06-03T08:52:15.070+0000] {logging_mixin.py:188} INFO - [2026-06-03T08:52:15.069+0000] {dag.py:3047} INFO - Sync 1 DAGs
[2026-06-03T08:52:15.333+0000] {logging_mixin.py:188} INFO - [2026-06-03T08:52:15.332+0000] {dag.py:3834} INFO - Setting next_dagrun for kaldata_scraper to 2026-06-03 00:00:00+00:00, run_after=2026-06-04 00:00:00+00:00
[2026-06-03T08:52:15.604+0000] {processor.py:183} INFO - Processing /opt/airflow/dags/kaldata_dag.py took 4.517 seconds
[2026-06-03T08:52:49.812+0000] {processor.py:161} INFO - Started process (PID=5940) to work on /opt/airflow/dags/kaldata_dag.py
[2026-06-03T08:52:49.841+0000] {processor.py:830} INFO - Processing file /opt/airflow/dags/kaldata_dag.py for tasks to queue
[2026-06-03T08:52:49.859+0000] {logging_mixin.py:188} INFO - [2026-06-03T08:52:49.858+0000] {dagbag.py:540} INFO - Filling up the DagBag from /opt/airflow/dags/kaldata_dag.py
[2026-06-03T08:52:50.324+0000] {processor.py:840} INFO - DAG(s) 'kaldata_scraper' retrieved from /opt/airflow/dags/kaldata_dag.py
[2026-06-03T08:52:50.590+0000] {logging_mixin.py:188} INFO - [2026-06-03T08:52:50.589+0000] {dag.py:3047} INFO - Sync 1 DAGs
[2026-06-03T08:52:51.113+0000] {logging_mixin.py:188} INFO - [2026-06-03T08:52:51.085+0000] {dag.py:3834} INFO - Setting next_dagrun for kaldata_scraper to 2026-06-03 00:00:00+00:00, run_after=2026-06-04 00:00:00+00:00
[2026-06-03T08:52:51.379+0000] {processor.py:183} INFO - Processing /opt/airflow/dags/kaldata_dag.py took 1.606 seconds
[2026-06-03T08:53:22.236+0000] {processor.py:161} INFO - Started process (PID=5970) to work on /opt/airflow/dags/kaldata_dag.py
[2026-06-03T08:53:22.245+0000] {processor.py:830} INFO - Processing file /opt/airflow/dags/kaldata_dag.py for tasks to queue
[2026-06-03T08:53:22.252+0000] {logging_mixin.py:188} INFO - [2026-06-03T08:53:22.251+0000] {dagbag.py:540} INFO - Filling up the DagBag from /opt/airflow/dags/kaldata_dag.py
[2026-06-03T08:53:22.532+0000] {processor.py:840} INFO - DAG(s) 'kaldata_scraper' retrieved from /opt/airflow/dags/kaldata_dag.py
[2026-06-03T08:53:22.793+0000] {logging_mixin.py:188} INFO - [2026-06-03T08:53:22.793+0000] {dag.py:3047} INFO - Sync 1 DAGs
[2026-06-03T08:53:23.089+0000] {logging_mixin.py:188} INFO - [2026-06-03T08:53:23.077+0000] {dag.py:3834} INFO - Setting next_dagrun for kaldata_scraper to 2026-06-03 00:00:00+00:00, run_after=2026-06-04 00:00:00+00:00
[2026-06-03T08:53:23.430+0000] {processor.py:183} INFO - Processing /opt/airflow/dags/kaldata_dag.py took 1.215 seconds
[2026-06-03T08:53:54.141+0000] {processor.py:161} INFO - Started process (PID=6000) to work on /opt/airflow/dags/kaldata_dag.py
[2026-06-03T08:53:54.154+0000] {processor.py:830} INFO - Processing file /opt/airflow/dags/kaldata_dag.py for tasks to queue
[2026-06-03T08:53:54.158+0000] {logging_mixin.py:188} INFO - [2026-06-03T08:53:54.157+0000] {dagbag.py:540} INFO - Filling up the DagBag from /opt/airflow/dags/kaldata_dag.py
[2026-06-03T08:53:54.302+0000] {processor.py:840} INFO - DAG(s) 'kaldata_scraper' retrieved from /opt/airflow/dags/kaldata_dag.py
[2026-06-03T08:53:54.569+0000] {logging_mixin.py:188} INFO - [2026-06-03T08:53:54.568+0000] {dag.py:3047} INFO - Sync 1 DAGs
[2026-06-03T08:53:54.794+0000] {logging_mixin.py:188} INFO - [2026-06-03T08:53:54.793+0000] {dag.py:3834} INFO - Setting next_dagrun for kaldata_scraper to 2026-06-03 00:00:00+00:00, run_after=2026-06-04 00:00:00+00:00
[2026-06-03T08:53:54.997+0000] {processor.py:183} INFO - Processing /opt/airflow/dags/kaldata_dag.py took 0.885 seconds
[2026-06-03T08:54:26.343+0000] {processor.py:161} INFO - Started process (PID=6030) to work on /opt/airflow/dags/kaldata_dag.py
[2026-06-03T08:54:26.356+0000] {processor.py:830} INFO - Processing file /opt/airflow/dags/kaldata_dag.py for tasks to queue
[2026-06-03T08:54:26.359+0000] {logging_mixin.py:188} INFO - [2026-06-03T08:54:26.358+0000] {dagbag.py:540} INFO - Filling up the DagBag from /opt/airflow/dags/kaldata_dag.py
[2026-06-03T08:54:26.413+0000] {processor.py:840} INFO - DAG(s) 'kaldata_scraper' retrieved from /opt/airflow/dags/kaldata_dag.py
[2026-06-03T08:54:26.494+0000] {logging_mixin.py:188} INFO - [2026-06-03T08:54:26.493+0000] {dag.py:3047} INFO - Sync 1 DAGs
[2026-06-03T08:54:26.571+0000] {logging_mixin.py:188} INFO - [2026-06-03T08:54:26.571+0000] {dag.py:3834} INFO - Setting next_dagrun for kaldata_scraper to 2026-06-03 00:00:00+00:00, run_after=2026-06-04 00:00:00+00:00
[2026-06-03T08:54:26.624+0000] {processor.py:183} INFO - Processing /opt/airflow/dags/kaldata_dag.py took 0.291 seconds
[2026-06-03T08:54:56.929+0000] {processor.py:161} INFO - Started process (PID=6060) to work on /opt/airflow/dags/kaldata_dag.py
[2026-06-03T08:54:56.943+0000] {processor.py:830} INFO - Processing file /opt/airflow/dags/kaldata_dag.py for tasks to queue
[2026-06-03T08:54:56.947+0000] {logging_mixin.py:188} INFO - [2026-06-03T08:54:56.946+0000] {dagbag.py:540} INFO - Filling up the DagBag from /opt/airflow/dags/kaldata_dag.py
[2026-06-03T08:54:57.058+0000] {processor.py:840} INFO - DAG(s) 'kaldata_scraper' retrieved from /opt/airflow/dags/kaldata_dag.py
[2026-06-03T08:54:57.251+0000] {logging_mixin.py:188} INFO - [2026-06-03T08:54:57.250+0000] {dag.py:3047} INFO - Sync 1 DAGs
[2026-06-03T08:54:57.445+0000] {logging_mixin.py:188} INFO - [2026-06-03T08:54:57.444+0000] {dag.py:3834} INFO - Setting next_dagrun for kaldata_scraper to 2026-06-03 00:00:00+00:00, run_after=2026-06-04 00:00:00+00:00
[2026-06-03T08:54:57.827+0000] {processor.py:183} INFO - Processing /opt/airflow/dags/kaldata_dag.py took 0.923 seconds
[2026-06-03T08:55:29.324+0000] {processor.py:161} INFO - Started process (PID=6090) to work on /opt/airflow/dags/kaldata_dag.py
[2026-06-03T08:55:29.327+0000] {processor.py:830} INFO - Processing file /opt/airflow/dags/kaldata_dag.py for tasks to queue
[2026-06-03T08:55:29.330+0000] {logging_mixin.py:188} INFO - [2026-06-03T08:55:29.330+0000] {dagbag.py:540} INFO - Filling up the DagBag from /opt/airflow/dags/kaldata_dag.py
[2026-06-03T08:55:29.386+0000] {processor.py:840} INFO - DAG(s) 'kaldata_scraper' retrieved from /opt/airflow/dags/kaldata_dag.py
[2026-06-03T08:55:29.454+0000] {logging_mixin.py:188} INFO - [2026-06-03T08:55:29.453+0000] {dag.py:3047} INFO - Sync 1 DAGs
[2026-06-03T08:55:29.523+0000] {logging_mixin.py:188} INFO - [2026-06-03T08:55:29.522+0000] {dag.py:3834} INFO - Setting next_dagrun for kaldata_scraper to 2026-06-03 00:00:00+00:00, run_after=2026-06-04 00:00:00+00:00
[2026-06-03T08:55:29.584+0000] {processor.py:183} INFO - Processing /opt/airflow/dags/kaldata_dag.py took 0.269 seconds
[2026-06-03T08:55:59.893+0000] {processor.py:161} INFO - Started process (PID=6120) to work on /opt/airflow/dags/kaldata_dag.py
[2026-06-03T08:55:59.911+0000] {processor.py:830} INFO - Processing file /opt/airflow/dags/kaldata_dag.py for tasks to queue
[2026-06-03T08:55:59.925+0000] {logging_mixin.py:188} INFO - [2026-06-03T08:55:59.924+0000] {dagbag.py:540} INFO - Filling up the DagBag from /opt/airflow/dags/kaldata_dag.py
[2026-06-03T08:56:02.364+0000] {processor.py:840} INFO - DAG(s) 'kaldata_scraper' retrieved from /opt/airflow/dags/kaldata_dag.py
[2026-06-03T08:56:02.553+0000] {logging_mixin.py:188} INFO - [2026-06-03T08:56:02.553+0000] {dag.py:3047} INFO - Sync 1 DAGs
[2026-06-03T08:56:02.762+0000] {logging_mixin.py:188} INFO - [2026-06-03T08:56:02.749+0000] {dag.py:3834} INFO - Setting next_dagrun for kaldata_scraper to 2026-06-03 00:00:00+00:00, run_after=2026-06-04 00:00:00+00:00
[2026-06-03T08:56:02.999+0000] {processor.py:183} INFO - Processing /opt/airflow/dags/kaldata_dag.py took 3.131 seconds
[2026-06-03T08:56:33.849+0000] {processor.py:161} INFO - Started process (PID=6150) to work on /opt/airflow/dags/kaldata_dag.py
[2026-06-03T08:56:33.852+0000] {processor.py:830} INFO - Processing file /opt/airflow/dags/kaldata_dag.py for tasks to queue
[2026-06-03T08:56:33.855+0000] {logging_mixin.py:188} INFO - [2026-06-03T08:56:33.854+0000] {dagbag.py:540} INFO - Filling up the DagBag from /opt/airflow/dags/kaldata_dag.py
[2026-06-03T08:56:33.912+0000] {processor.py:840} INFO - DAG(s) 'kaldata_scraper' retrieved from /opt/airflow/dags/kaldata_dag.py
[2026-06-03T08:56:33.979+0000] {logging_mixin.py:188} INFO - [2026-06-03T08:56:33.978+0000] {dag.py:3047} INFO - Sync 1 DAGs
[2026-06-03T08:56:34.050+0000] {logging_mixin.py:188} INFO - [2026-06-03T08:56:34.049+0000] {dag.py:3834} INFO - Setting next_dagrun for kaldata_scraper to 2026-06-03 00:00:00+00:00, run_after=2026-06-04 00:00:00+00:00
[2026-06-03T08:56:34.161+0000] {processor.py:183} INFO - Processing /opt/airflow/dags/kaldata_dag.py took 0.323 seconds
[2026-06-03T08:57:05.179+0000] {processor.py:161} INFO - Started process (PID=6180) to work on /opt/airflow/dags/kaldata_dag.py
[2026-06-03T08:57:05.182+0000] {processor.py:830} INFO - Processing file /opt/airflow/dags/kaldata_dag.py for tasks to queue
[2026-06-03T08:57:05.211+0000] {logging_mixin.py:188} INFO - [2026-06-03T08:57:05.186+0000] {dagbag.py:540} INFO - Filling up the DagBag from /opt/airflow/dags/kaldata_dag.py
[2026-06-03T08:57:05.319+0000] {processor.py:840} INFO - DAG(s) 'kaldata_scraper' retrieved from /opt/airflow/dags/kaldata_dag.py
[2026-06-03T08:57:05.395+0000] {logging_mixin.py:188} INFO - [2026-06-03T08:57:05.395+0000] {dag.py:3047} INFO - Sync 1 DAGs
[2026-06-03T08:57:05.495+0000] {logging_mixin.py:188} INFO - [2026-06-03T08:57:05.494+0000] {dag.py:3834} INFO - Setting next_dagrun for kaldata_scraper to 2026-06-03 00:00:00+00:00, run_after=2026-06-04 00:00:00+00:00
[2026-06-03T08:57:05.577+0000] {processor.py:183} INFO - Processing /opt/airflow/dags/kaldata_dag.py took 0.417 seconds
[2026-06-03T08:57:36.746+0000] {processor.py:161} INFO - Started process (PID=6210) to work on /opt/airflow/dags/kaldata_dag.py
[2026-06-03T08:57:36.752+0000] {processor.py:830} INFO - Processing file /opt/airflow/dags/kaldata_dag.py for tasks to queue
[2026-06-03T08:57:36.769+0000] {logging_mixin.py:188} INFO - [2026-06-03T08:57:36.768+0000] {dagbag.py:540} INFO - Filling up the DagBag from /opt/airflow/dags/kaldata_dag.py
[2026-06-03T08:57:37.353+0000] {processor.py:840} INFO - DAG(s) 'kaldata_scraper' retrieved from /opt/airflow/dags/kaldata_dag.py
[2026-06-03T08:57:37.688+0000] {logging_mixin.py:188} INFO - [2026-06-03T08:57:37.687+0000] {dag.py:3047} INFO - Sync 1 DAGs
[2026-06-03T08:57:37.934+0000] {logging_mixin.py:188} INFO - [2026-06-03T08:57:37.927+0000] {dag.py:3834} INFO - Setting next_dagrun for kaldata_scraper to 2026-06-03 00:00:00+00:00, run_after=2026-06-04 00:00:00+00:00
[2026-06-03T08:57:38.089+0000] {processor.py:183} INFO - Processing /opt/airflow/dags/kaldata_dag.py took 1.365 seconds
[2026-06-03T08:58:09.122+0000] {processor.py:161} INFO - Started process (PID=6240) to work on /opt/airflow/dags/kaldata_dag.py
[2026-06-03T08:58:09.131+0000] {processor.py:830} INFO - Processing file /opt/airflow/dags/kaldata_dag.py for tasks to queue
[2026-06-03T08:58:09.134+0000] {logging_mixin.py:188} INFO - [2026-06-03T08:58:09.133+0000] {dagbag.py:540} INFO - Filling up the DagBag from /opt/airflow/dags/kaldata_dag.py
[2026-06-03T08:58:09.299+0000] {processor.py:840} INFO - DAG(s) 'kaldata_scraper' retrieved from /opt/airflow/dags/kaldata_dag.py
[2026-06-03T08:58:09.464+0000] {logging_mixin.py:188} INFO - [2026-06-03T08:58:09.463+0000] {dag.py:3047} INFO - Sync 1 DAGs
[2026-06-03T08:58:09.610+0000] {logging_mixin.py:188} INFO - [2026-06-03T08:58:09.609+0000] {dag.py:3834} INFO - Setting next_dagrun for kaldata_scraper to 2026-06-03 00:00:00+00:00, run_after=2026-06-04 00:00:00+00:00
[2026-06-03T08:58:09.771+0000] {processor.py:183} INFO - Processing /opt/airflow/dags/kaldata_dag.py took 0.666 seconds
[2026-06-03T08:58:40.129+0000] {processor.py:161} INFO - Started process (PID=6270) to work on /opt/airflow/dags/kaldata_dag.py
[2026-06-03T08:58:40.133+0000] {processor.py:830} INFO - Processing file /opt/airflow/dags/kaldata_dag.py for tasks to queue
[2026-06-03T08:58:40.137+0000] {logging_mixin.py:188} INFO - [2026-06-03T08:58:40.135+0000] {dagbag.py:540} INFO - Filling up the DagBag from /opt/airflow/dags/kaldata_dag.py
[2026-06-03T08:58:40.225+0000] {processor.py:840} INFO - DAG(s) 'kaldata_scraper' retrieved from /opt/airflow/dags/kaldata_dag.py
[2026-06-03T08:58:40.330+0000] {logging_mixin.py:188} INFO - [2026-06-03T08:58:40.329+0000] {dag.py:3047} INFO - Sync 1 DAGs
[2026-06-03T08:58:40.399+0000] {logging_mixin.py:188} INFO - [2026-06-03T08:58:40.399+0000] {dag.py:3834} INFO - Setting next_dagrun for kaldata_scraper to 2026-06-03 00:00:00+00:00, run_after=2026-06-04 00:00:00+00:00
[2026-06-03T08:58:40.461+0000] {processor.py:183} INFO - Processing /opt/airflow/dags/kaldata_dag.py took 0.345 seconds
[2026-06-03T08:59:11.764+0000] {processor.py:161} INFO - Started process (PID=6300) to work on /opt/airflow/dags/kaldata_dag.py
[2026-06-03T08:59:11.769+0000] {processor.py:830} INFO - Processing file /opt/airflow/dags/kaldata_dag.py for tasks to queue
[2026-06-03T08:59:11.774+0000] {logging_mixin.py:188} INFO - [2026-06-03T08:59:11.772+0000] {dagbag.py:540} INFO - Filling up the DagBag from /opt/airflow/dags/kaldata_dag.py
[2026-06-03T08:59:11.865+0000] {processor.py:840} INFO - DAG(s) 'kaldata_scraper' retrieved from /opt/airflow/dags/kaldata_dag.py
[2026-06-03T08:59:11.969+0000] {logging_mixin.py:188} INFO - [2026-06-03T08:59:11.968+0000] {dag.py:3047} INFO - Sync 1 DAGs
[2026-06-03T08:59:12.042+0000] {logging_mixin.py:188} INFO - [2026-06-03T08:59:12.041+0000] {dag.py:3834} INFO - Setting next_dagrun for kaldata_scraper to 2026-06-03 00:00:00+00:00, run_after=2026-06-04 00:00:00+00:00
[2026-06-03T08:59:12.132+0000] {processor.py:183} INFO - Processing /opt/airflow/dags/kaldata_dag.py took 0.389 seconds
[2026-06-03T08:59:42.493+0000] {processor.py:161} INFO - Started process (PID=6330) to work on /opt/airflow/dags/kaldata_dag.py
[2026-06-03T08:59:42.497+0000] {processor.py:830} INFO - Processing file /opt/airflow/dags/kaldata_dag.py for tasks to queue
[2026-06-03T08:59:42.501+0000] {logging_mixin.py:188} INFO - [2026-06-03T08:59:42.500+0000] {dagbag.py:540} INFO - Filling up the DagBag from /opt/airflow/dags/kaldata_dag.py
[2026-06-03T08:59:42.576+0000] {processor.py:840} INFO - DAG(s) 'kaldata_scraper' retrieved from /opt/airflow/dags/kaldata_dag.py
[2026-06-03T08:59:42.659+0000] {logging_mixin.py:188} INFO - [2026-06-03T08:59:42.659+0000] {dag.py:3047} INFO - Sync 1 DAGs
[2026-06-03T08:59:42.936+0000] {logging_mixin.py:188} INFO - [2026-06-03T08:59:42.935+0000] {dag.py:3834} INFO - Setting next_dagrun for kaldata_scraper to 2026-06-03 00:00:00+00:00, run_after=2026-06-04 00:00:00+00:00
[2026-06-03T08:59:43.140+0000] {processor.py:183} INFO - Processing /opt/airflow/dags/kaldata_dag.py took 0.661 seconds
[2026-06-03T09:00:13.668+0000] {processor.py:161} INFO - Started process (PID=6360) to work on /opt/airflow/dags/kaldata_dag.py
[2026-06-03T09:00:13.673+0000] {processor.py:830} INFO - Processing file /opt/airflow/dags/kaldata_dag.py for tasks to queue
[2026-06-03T09:00:13.677+0000] {logging_mixin.py:188} INFO - [2026-06-03T09:00:13.676+0000] {dagbag.py:540} INFO - Filling up the DagBag from /opt/airflow/dags/kaldata_dag.py
[2026-06-03T09:00:13.749+0000] {processor.py:840} INFO - DAG(s) 'kaldata_scraper' retrieved from /opt/airflow/dags/kaldata_dag.py
[2026-06-03T09:00:13.881+0000] {logging_mixin.py:188} INFO - [2026-06-03T09:00:13.880+0000] {dag.py:3047} INFO - Sync 1 DAGs
[2026-06-03T09:00:14.070+0000] {logging_mixin.py:188} INFO - [2026-06-03T09:00:14.069+0000] {dag.py:3834} INFO - Setting next_dagrun for kaldata_scraper to 2026-06-03 00:00:00+00:00, run_after=2026-06-04 00:00:00+00:00
[2026-06-03T09:00:14.339+0000] {processor.py:183} INFO - Processing /opt/airflow/dags/kaldata_dag.py took 0.688 seconds
[2026-06-03T09:00:45.681+0000] {processor.py:161} INFO - Started process (PID=6390) to work on /opt/airflow/dags/kaldata_dag.py
[2026-06-03T09:00:45.696+0000] {processor.py:830} INFO - Processing file /opt/airflow/dags/kaldata_dag.py for tasks to queue
[2026-06-03T09:00:45.699+0000] {logging_mixin.py:188} INFO - [2026-06-03T09:00:45.699+0000] {dagbag.py:540} INFO - Filling up the DagBag from /opt/airflow/dags/kaldata_dag.py
[2026-06-03T09:00:45.832+0000] {processor.py:840} INFO - DAG(s) 'kaldata_scraper' retrieved from /opt/airflow/dags/kaldata_dag.py
[2026-06-03T09:00:45.964+0000] {logging_mixin.py:188} INFO - [2026-06-03T09:00:45.963+0000] {dag.py:3047} INFO - Sync 1 DAGs
[2026-06-03T09:00:46.122+0000] {logging_mixin.py:188} INFO - [2026-06-03T09:00:46.122+0000] {dag.py:3834} INFO - Setting next_dagrun for kaldata_scraper to 2026-06-03 00:00:00+00:00, run_after=2026-06-04 00:00:00+00:00
[2026-06-03T09:00:46.459+0000] {processor.py:183} INFO - Processing /opt/airflow/dags/kaldata_dag.py took 0.800 seconds
[2026-06-03T09:01:19.226+0000] {processor.py:161} INFO - Started process (PID=6418) to work on /opt/airflow/dags/kaldata_dag.py
[2026-06-03T09:01:19.231+0000] {processor.py:830} INFO - Processing file /opt/airflow/dags/kaldata_dag.py for tasks to queue
[2026-06-03T09:01:19.236+0000] {logging_mixin.py:188} INFO - [2026-06-03T09:01:19.235+0000] {dagbag.py:540} INFO - Filling up the DagBag from /opt/airflow/dags/kaldata_dag.py
[2026-06-03T09:01:19.358+0000] {processor.py:840} INFO - DAG(s) 'kaldata_scraper' retrieved from /opt/airflow/dags/kaldata_dag.py
[2026-06-03T09:01:19.533+0000] {logging_mixin.py:188} INFO - [2026-06-03T09:01:19.533+0000] {dag.py:3047} INFO - Sync 1 DAGs
[2026-06-03T09:01:19.713+0000] {logging_mixin.py:188} INFO - [2026-06-03T09:01:19.712+0000] {dag.py:3834} INFO - Setting next_dagrun for kaldata_scraper to 2026-06-03 00:00:00+00:00, run_after=2026-06-04 00:00:00+00:00
[2026-06-03T09:01:19.873+0000] {processor.py:183} INFO - Processing /opt/airflow/dags/kaldata_dag.py took 0.667 seconds
[2026-06-03T09:01:50.438+0000] {processor.py:161} INFO - Started process (PID=6448) to work on /opt/airflow/dags/kaldata_dag.py
[2026-06-03T09:01:50.442+0000] {processor.py:830} INFO - Processing file /opt/airflow/dags/kaldata_dag.py for tasks to queue
[2026-06-03T09:01:50.448+0000] {logging_mixin.py:188} INFO - [2026-06-03T09:01:50.447+0000] {dagbag.py:540} INFO - Filling up the DagBag from /opt/airflow/dags/kaldata_dag.py
[2026-06-03T09:01:50.547+0000] {processor.py:840} INFO - DAG(s) 'kaldata_scraper' retrieved from /opt/airflow/dags/kaldata_dag.py
[2026-06-03T09:01:50.629+0000] {logging_mixin.py:188} INFO - [2026-06-03T09:01:50.628+0000] {dag.py:3047} INFO - Sync 1 DAGs
[2026-06-03T09:01:50.712+0000] {logging_mixin.py:188} INFO - [2026-06-03T09:01:50.711+0000] {dag.py:3834} INFO - Setting next_dagrun for kaldata_scraper to 2026-06-03 00:00:00+00:00, run_after=2026-06-04 00:00:00+00:00
[2026-06-03T09:01:50.773+0000] {processor.py:183} INFO - Processing /opt/airflow/dags/kaldata_dag.py took 0.359 seconds
[2026-06-03T09:02:21.231+0000] {processor.py:161} INFO - Started process (PID=6475) to work on /opt/airflow/dags/kaldata_dag.py
[2026-06-03T09:02:21.240+0000] {processor.py:830} INFO - Processing file /opt/airflow/dags/kaldata_dag.py for tasks to queue
[2026-06-03T09:02:21.247+0000] {logging_mixin.py:188} INFO - [2026-06-03T09:02:21.246+0000] {dagbag.py:540} INFO - Filling up the DagBag from /opt/airflow/dags/kaldata_dag.py
[2026-06-03T09:02:21.719+0000] {processor.py:840} INFO - DAG(s) 'kaldata_scraper' retrieved from /opt/airflow/dags/kaldata_dag.py
[2026-06-03T09:02:21.859+0000] {logging_mixin.py:188} INFO - [2026-06-03T09:02:21.858+0000] {dag.py:3047} INFO - Sync 1 DAGs
[2026-06-03T09:02:22.034+0000] {logging_mixin.py:188} INFO - [2026-06-03T09:02:22.033+0000] {dag.py:3834} INFO - Setting next_dagrun for kaldata_scraper to 2026-06-03 00:00:00+00:00, run_after=2026-06-04 00:00:00+00:00
[2026-06-03T09:02:22.095+0000] {processor.py:183} INFO - Processing /opt/airflow/dags/kaldata_dag.py took 0.889 seconds
[2026-06-03T09:02:52.983+0000] {processor.py:161} INFO - Started process (PID=6505) to work on /opt/airflow/dags/kaldata_dag.py
[2026-06-03T09:02:53.000+0000] {processor.py:830} INFO - Processing file /opt/airflow/dags/kaldata_dag.py for tasks to queue
[2026-06-03T09:02:53.013+0000] {logging_mixin.py:188} INFO - [2026-06-03T09:02:53.012+0000] {dagbag.py:540} INFO - Filling up the DagBag from /opt/airflow/dags/kaldata_dag.py
[2026-06-03T09:02:53.162+0000] {processor.py:840} INFO - DAG(s) 'kaldata_scraper' retrieved from /opt/airflow/dags/kaldata_dag.py
[2026-06-03T09:02:53.252+0000] {logging_mixin.py:188} INFO - [2026-06-03T09:02:53.244+0000] {dag.py:3047} INFO - Sync 1 DAGs
[2026-06-03T09:02:53.336+0000] {logging_mixin.py:188} INFO - [2026-06-03T09:02:53.335+0000] {dag.py:3834} INFO - Setting next_dagrun for kaldata_scraper to 2026-06-03 00:00:00+00:00, run_after=2026-06-04 00:00:00+00:00
[2026-06-03T09:02:53.390+0000] {processor.py:183} INFO - Processing /opt/airflow/dags/kaldata_dag.py took 0.429 seconds
[2026-06-03T09:03:24.525+0000] {processor.py:161} INFO - Started process (PID=6535) to work on /opt/airflow/dags/kaldata_dag.py
[2026-06-03T09:03:24.544+0000] {processor.py:830} INFO - Processing file /opt/airflow/dags/kaldata_dag.py for tasks to queue
[2026-06-03T09:03:24.550+0000] {logging_mixin.py:188} INFO - [2026-06-03T09:03:24.549+0000] {dagbag.py:540} INFO - Filling up the DagBag from /opt/airflow/dags/kaldata_dag.py
[2026-06-03T09:03:24.775+0000] {processor.py:840} INFO - DAG(s) 'kaldata_scraper' retrieved from /opt/airflow/dags/kaldata_dag.py
[2026-06-03T09:03:24.847+0000] {logging_mixin.py:188} INFO - [2026-06-03T09:03:24.847+0000] {dag.py:3047} INFO - Sync 1 DAGs
[2026-06-03T09:03:24.957+0000] {logging_mixin.py:188} INFO - [2026-06-03T09:03:24.956+0000] {dag.py:3834} INFO - Setting next_dagrun for kaldata_scraper to 2026-06-03 00:00:00+00:00, run_after=2026-06-04 00:00:00+00:00
[2026-06-03T09:03:25.070+0000] {processor.py:183} INFO - Processing /opt/airflow/dags/kaldata_dag.py took 0.570 seconds
[2026-06-03T09:03:55.806+0000] {processor.py:161} INFO - Started process (PID=6565) to work on /opt/airflow/dags/kaldata_dag.py
[2026-06-03T09:03:55.811+0000] {processor.py:830} INFO - Processing file /opt/airflow/dags/kaldata_dag.py for tasks to queue
[2026-06-03T09:03:55.817+0000] {logging_mixin.py:188} INFO - [2026-06-03T09:03:55.816+0000] {dagbag.py:540} INFO - Filling up the DagBag from /opt/airflow/dags/kaldata_dag.py
[2026-06-03T09:03:55.889+0000] {processor.py:840} INFO - DAG(s) 'kaldata_scraper' retrieved from /opt/airflow/dags/kaldata_dag.py
[2026-06-03T09:03:55.981+0000] {logging_mixin.py:188} INFO - [2026-06-03T09:03:55.980+0000] {dag.py:3047} INFO - Sync 1 DAGs
[2026-06-03T09:03:56.067+0000] {logging_mixin.py:188} INFO - [2026-06-03T09:03:56.066+0000] {dag.py:3834} INFO - Setting next_dagrun for kaldata_scraper to 2026-06-03 00:00:00+00:00, run_after=2026-06-04 00:00:00+00:00
[2026-06-03T09:03:56.124+0000] {processor.py:183} INFO - Processing /opt/airflow/dags/kaldata_dag.py took 0.334 seconds
[2026-06-03T09:04:26.958+0000] {processor.py:161} INFO - Started process (PID=6595) to work on /opt/airflow/dags/kaldata_dag.py
[2026-06-03T09:04:26.963+0000] {processor.py:830} INFO - Processing file /opt/airflow/dags/kaldata_dag.py for tasks to queue
[2026-06-03T09:04:26.971+0000] {logging_mixin.py:188} INFO - [2026-06-03T09:04:26.970+0000] {dagbag.py:540} INFO - Filling up the DagBag from /opt/airflow/dags/kaldata_dag.py
[2026-06-03T09:04:27.205+0000] {processor.py:840} INFO - DAG(s) 'kaldata_scraper' retrieved from /opt/airflow/dags/kaldata_dag.py
[2026-06-03T09:04:27.728+0000] {logging_mixin.py:188} INFO - [2026-06-03T09:04:27.728+0000] {dag.py:3047} INFO - Sync 1 DAGs
[2026-06-03T09:04:28.364+0000] {logging_mixin.py:188} INFO - [2026-06-03T09:04:28.363+0000] {dag.py:3834} INFO - Setting next_dagrun for kaldata_scraper to 2026-06-03 00:00:00+00:00, run_after=2026-06-04 00:00:00+00:00
[2026-06-03T09:04:29.079+0000] {processor.py:183} INFO - Processing /opt/airflow/dags/kaldata_dag.py took 2.141 seconds
[2026-06-03T09:05:00.380+0000] {processor.py:161} INFO - Started process (PID=6628) to work on /opt/airflow/dags/kaldata_dag.py
[2026-06-03T09:05:00.384+0000] {processor.py:830} INFO - Processing file /opt/airflow/dags/kaldata_dag.py for tasks to queue
[2026-06-03T09:05:00.389+0000] {logging_mixin.py:188} INFO - [2026-06-03T09:05:00.388+0000] {dagbag.py:540} INFO - Filling up the DagBag from /opt/airflow/dags/kaldata_dag.py
[2026-06-03T09:05:00.502+0000] {processor.py:840} INFO - DAG(s) 'kaldata_scraper' retrieved from /opt/airflow/dags/kaldata_dag.py
[2026-06-03T09:05:00.596+0000] {logging_mixin.py:188} INFO - [2026-06-03T09:05:00.596+0000] {dag.py:3047} INFO - Sync 1 DAGs
[2026-06-03T09:05:00.674+0000] {logging_mixin.py:188} INFO - [2026-06-03T09:05:00.671+0000] {dag.py:3834} INFO - Setting next_dagrun for kaldata_scraper to 2026-06-03 00:00:00+00:00, run_after=2026-06-04 00:00:00+00:00
[2026-06-03T09:05:00.728+0000] {processor.py:183} INFO - Processing /opt/airflow/dags/kaldata_dag.py took 0.371 seconds
[2026-06-03T09:05:31.723+0000] {processor.py:161} INFO - Started process (PID=6660) to work on /opt/airflow/dags/kaldata_dag.py
[2026-06-03T09:05:31.743+0000] {processor.py:830} INFO - Processing file /opt/airflow/dags/kaldata_dag.py for tasks to queue
[2026-06-03T09:05:31.749+0000] {logging_mixin.py:188} INFO - [2026-06-03T09:05:31.747+0000] {dagbag.py:540} INFO - Filling up the DagBag from /opt/airflow/dags/kaldata_dag.py
[2026-06-03T09:05:32.179+0000] {processor.py:840} INFO - DAG(s) 'kaldata_scraper' retrieved from /opt/airflow/dags/kaldata_dag.py
[2026-06-03T09:05:32.262+0000] {logging_mixin.py:188} INFO - [2026-06-03T09:05:32.261+0000] {dag.py:3047} INFO - Sync 1 DAGs
[2026-06-03T09:05:32.379+0000] {logging_mixin.py:188} INFO - [2026-06-03T09:05:32.379+0000] {dag.py:3834} INFO - Setting next_dagrun for kaldata_scraper to 2026-06-03 00:00:00+00:00, run_after=2026-06-04 00:00:00+00:00
[2026-06-03T09:05:32.451+0000] {processor.py:183} INFO - Processing /opt/airflow/dags/kaldata_dag.py took 0.749 seconds
[2026-06-03T09:06:03.903+0000] {processor.py:161} INFO - Started process (PID=6690) to work on /opt/airflow/dags/kaldata_dag.py
[2026-06-03T09:06:03.912+0000] {processor.py:830} INFO - Processing file /opt/airflow/dags/kaldata_dag.py for tasks to queue
[2026-06-03T09:06:03.927+0000] {logging_mixin.py:188} INFO - [2026-06-03T09:06:03.926+0000] {dagbag.py:540} INFO - Filling up the DagBag from /opt/airflow/dags/kaldata_dag.py
[2026-06-03T09:06:04.004+0000] {processor.py:840} INFO - DAG(s) 'kaldata_scraper' retrieved from /opt/airflow/dags/kaldata_dag.py
[2026-06-03T09:06:04.076+0000] {logging_mixin.py:188} INFO - [2026-06-03T09:06:04.075+0000] {dag.py:3047} INFO - Sync 1 DAGs
[2026-06-03T09:06:04.143+0000] {logging_mixin.py:188} INFO - [2026-06-03T09:06:04.143+0000] {dag.py:3834} INFO - Setting next_dagrun for kaldata_scraper to 2026-06-03 00:00:00+00:00, run_after=2026-06-04 00:00:00+00:00
[2026-06-03T09:06:04.196+0000] {processor.py:183} INFO - Processing /opt/airflow/dags/kaldata_dag.py took 0.313 seconds
[2026-06-03T09:06:35.142+0000] {processor.py:161} INFO - Started process (PID=6720) to work on /opt/airflow/dags/kaldata_dag.py
[2026-06-03T09:06:35.173+0000] {processor.py:830} INFO - Processing file /opt/airflow/dags/kaldata_dag.py for tasks to queue
[2026-06-03T09:06:35.180+0000] {logging_mixin.py:188} INFO - [2026-06-03T09:06:35.180+0000] {dagbag.py:540} INFO - Filling up the DagBag from /opt/airflow/dags/kaldata_dag.py
[2026-06-03T09:06:35.330+0000] {processor.py:840} INFO - DAG(s) 'kaldata_scraper' retrieved from /opt/airflow/dags/kaldata_dag.py
[2026-06-03T09:06:35.424+0000] {logging_mixin.py:188} INFO - [2026-06-03T09:06:35.423+0000] {dag.py:3047} INFO - Sync 1 DAGs
[2026-06-03T09:06:35.530+0000] {logging_mixin.py:188} INFO - [2026-06-03T09:06:35.529+0000] {dag.py:3834} INFO - Setting next_dagrun for kaldata_scraper to 2026-06-03 00:00:00+00:00, run_after=2026-06-04 00:00:00+00:00
[2026-06-03T09:06:35.598+0000] {processor.py:183} INFO - Processing /opt/airflow/dags/kaldata_dag.py took 0.477 seconds
[2026-06-03T09:07:05.836+0000] {processor.py:161} INFO - Started process (PID=6750) to work on /opt/airflow/dags/kaldata_dag.py
[2026-06-03T09:07:05.839+0000] {processor.py:830} INFO - Processing file /opt/airflow/dags/kaldata_dag.py for tasks to queue
[2026-06-03T09:07:05.843+0000] {logging_mixin.py:188} INFO - [2026-06-03T09:07:05.841+0000] {dagbag.py:540} INFO - Filling up the DagBag from /opt/airflow/dags/kaldata_dag.py
[2026-06-03T09:07:05.922+0000] {processor.py:840} INFO - DAG(s) 'kaldata_scraper' retrieved from /opt/airflow/dags/kaldata_dag.py
[2026-06-03T09:07:06.023+0000] {logging_mixin.py:188} INFO - [2026-06-03T09:07:06.023+0000] {dag.py:3047} INFO - Sync 1 DAGs
[2026-06-03T09:07:06.100+0000] {logging_mixin.py:188} INFO - [2026-06-03T09:07:06.098+0000] {dag.py:3834} INFO - Setting next_dagrun for kaldata_scraper to 2026-06-03 00:00:00+00:00, run_after=2026-06-04 00:00:00+00:00
[2026-06-03T09:07:06.185+0000] {processor.py:183} INFO - Processing /opt/airflow/dags/kaldata_dag.py took 0.362 seconds
[2026-06-03T09:07:37.476+0000] {processor.py:161} INFO - Started process (PID=6780) to work on /opt/airflow/dags/kaldata_dag.py
[2026-06-03T09:07:37.486+0000] {processor.py:830} INFO - Processing file /opt/airflow/dags/kaldata_dag.py for tasks to queue
[2026-06-03T09:07:37.499+0000] {logging_mixin.py:188} INFO - [2026-06-03T09:07:37.498+0000] {dagbag.py:540} INFO - Filling up the DagBag from /opt/airflow/dags/kaldata_dag.py
[2026-06-03T09:07:37.680+0000] {processor.py:840} INFO - DAG(s) 'kaldata_scraper' retrieved from /opt/airflow/dags/kaldata_dag.py
[2026-06-03T09:07:38.471+0000] {logging_mixin.py:188} INFO - [2026-06-03T09:07:38.470+0000] {dag.py:3047} INFO - Sync 1 DAGs
[2026-06-03T09:07:38.788+0000] {logging_mixin.py:188} INFO - [2026-06-03T09:07:38.787+0000] {dag.py:3834} INFO - Setting next_dagrun for kaldata_scraper to 2026-06-03 00:00:00+00:00, run_after=2026-06-04 00:00:00+00:00
[2026-06-03T09:07:38.896+0000] {processor.py:183} INFO - Processing /opt/airflow/dags/kaldata_dag.py took 1.467 seconds
[2026-06-03T09:08:10.325+0000] {processor.py:161} INFO - Started process (PID=6810) to work on /opt/airflow/dags/kaldata_dag.py
[2026-06-03T09:08:10.328+0000] {processor.py:830} INFO - Processing file /opt/airflow/dags/kaldata_dag.py for tasks to queue
[2026-06-03T09:08:10.333+0000] {logging_mixin.py:188} INFO - [2026-06-03T09:08:10.332+0000] {dagbag.py:540} INFO - Filling up the DagBag from /opt/airflow/dags/kaldata_dag.py
[2026-06-03T09:08:10.399+0000] {processor.py:840} INFO - DAG(s) 'kaldata_scraper' retrieved from /opt/airflow/dags/kaldata_dag.py
[2026-06-03T09:08:10.512+0000] {logging_mixin.py:188} INFO - [2026-06-03T09:08:10.512+0000] {dag.py:3047} INFO - Sync 1 DAGs
[2026-06-03T09:08:10.601+0000] {logging_mixin.py:188} INFO - [2026-06-03T09:08:10.600+0000] {dag.py:3834} INFO - Setting next_dagrun for kaldata_scraper to 2026-06-03 00:00:00+00:00, run_after=2026-06-04 00:00:00+00:00
[2026-06-03T09:08:10.654+0000] {processor.py:183} INFO - Processing /opt/airflow/dags/kaldata_dag.py took 0.341 seconds
[2026-06-03T09:08:40.903+0000] {processor.py:161} INFO - Started process (PID=6840) to work on /opt/airflow/dags/kaldata_dag.py
[2026-06-03T09:08:40.907+0000] {processor.py:830} INFO - Processing file /opt/airflow/dags/kaldata_dag.py for tasks to queue
[2026-06-03T09:08:40.911+0000] {logging_mixin.py:188} INFO - [2026-06-03T09:08:40.910+0000] {dagbag.py:540} INFO - Filling up the DagBag from /opt/airflow/dags/kaldata_dag.py
[2026-06-03T09:08:41.011+0000] {processor.py:840} INFO - DAG(s) 'kaldata_scraper' retrieved from /opt/airflow/dags/kaldata_dag.py
[2026-06-03T09:08:41.190+0000] {logging_mixin.py:188} INFO - [2026-06-03T09:08:41.189+0000] {dag.py:3047} INFO - Sync 1 DAGs
[2026-06-03T09:08:41.469+0000] {logging_mixin.py:188} INFO - [2026-06-03T09:08:41.468+0000] {dag.py:3834} INFO - Setting next_dagrun for kaldata_scraper to 2026-06-03 00:00:00+00:00, run_after=2026-06-04 00:00:00+00:00
[2026-06-03T09:08:41.817+0000] {processor.py:183} INFO - Processing /opt/airflow/dags/kaldata_dag.py took 0.926 seconds
[2026-06-03T09:09:12.595+0000] {processor.py:161} INFO - Started process (PID=6870) to work on /opt/airflow/dags/kaldata_dag.py
[2026-06-03T09:09:12.600+0000] {processor.py:830} INFO - Processing file /opt/airflow/dags/kaldata_dag.py for tasks to queue
[2026-06-03T09:09:12.604+0000] {logging_mixin.py:188} INFO - [2026-06-03T09:09:12.603+0000] {dagbag.py:540} INFO - Filling up the DagBag from /opt/airflow/dags/kaldata_dag.py
[2026-06-03T09:09:12.676+0000] {processor.py:840} INFO - DAG(s) 'kaldata_scraper' retrieved from /opt/airflow/dags/kaldata_dag.py
[2026-06-03T09:09:12.767+0000] {logging_mixin.py:188} INFO - [2026-06-03T09:09:12.766+0000] {dag.py:3047} INFO - Sync 1 DAGs
[2026-06-03T09:09:12.837+0000] {logging_mixin.py:188} INFO - [2026-06-03T09:09:12.837+0000] {dag.py:3834} INFO - Setting next_dagrun for kaldata_scraper to 2026-06-03 00:00:00+00:00, run_after=2026-06-04 00:00:00+00:00
[2026-06-03T09:09:12.894+0000] {processor.py:183} INFO - Processing /opt/airflow/dags/kaldata_dag.py took 0.313 seconds
[2026-06-03T09:09:43.072+0000] {processor.py:161} INFO - Started process (PID=6900) to work on /opt/airflow/dags/kaldata_dag.py
[2026-06-03T09:09:43.078+0000] {processor.py:830} INFO - Processing file /opt/airflow/dags/kaldata_dag.py for tasks to queue
[2026-06-03T09:09:43.084+0000] {logging_mixin.py:188} INFO - [2026-06-03T09:09:43.082+0000] {dagbag.py:540} INFO - Filling up the DagBag from /opt/airflow/dags/kaldata_dag.py
[2026-06-03T09:09:43.224+0000] {processor.py:840} INFO - DAG(s) 'kaldata_scraper' retrieved from /opt/airflow/dags/kaldata_dag.py
[2026-06-03T09:09:43.364+0000] {logging_mixin.py:188} INFO - [2026-06-03T09:09:43.356+0000] {dag.py:3047} INFO - Sync 1 DAGs
[2026-06-03T09:09:43.651+0000] {logging_mixin.py:188} INFO - [2026-06-03T09:09:43.650+0000] {dag.py:3834} INFO - Setting next_dagrun for kaldata_scraper to 2026-06-03 00:00:00+00:00, run_after=2026-06-04 00:00:00+00:00
[2026-06-03T09:09:43.736+0000] {processor.py:183} INFO - Processing /opt/airflow/dags/kaldata_dag.py took 0.682 seconds
[2026-06-03T09:10:14.896+0000] {processor.py:161} INFO - Started process (PID=6930) to work on /opt/airflow/dags/kaldata_dag.py
[2026-06-03T09:10:14.911+0000] {processor.py:830} INFO - Processing file /opt/airflow/dags/kaldata_dag.py for tasks to queue
[2026-06-03T09:10:14.918+0000] {logging_mixin.py:188} INFO - [2026-06-03T09:10:14.917+0000] {dagbag.py:540} INFO - Filling up the DagBag from /opt/airflow/dags/kaldata_dag.py
[2026-06-03T09:10:14.999+0000] {processor.py:840} INFO - DAG(s) 'kaldata_scraper' retrieved from /opt/airflow/dags/kaldata_dag.py
[2026-06-03T09:10:15.086+0000] {logging_mixin.py:188} INFO - [2026-06-03T09:10:15.085+0000] {dag.py:3047} INFO - Sync 1 DAGs
[2026-06-03T09:10:15.158+0000] {logging_mixin.py:188} INFO - [2026-06-03T09:10:15.157+0000] {dag.py:3834} INFO - Setting next_dagrun for kaldata_scraper to 2026-06-03 00:00:00+00:00, run_after=2026-06-04 00:00:00+00:00
[2026-06-03T09:10:15.213+0000] {processor.py:183} INFO - Processing /opt/airflow/dags/kaldata_dag.py took 0.326 seconds
[2026-06-03T09:10:45.919+0000] {processor.py:161} INFO - Started process (PID=6960) to work on /opt/airflow/dags/kaldata_dag.py
[2026-06-03T09:10:45.922+0000] {processor.py:830} INFO - Processing file /opt/airflow/dags/kaldata_dag.py for tasks to queue
[2026-06-03T09:10:45.933+0000] {logging_mixin.py:188} INFO - [2026-06-03T09:10:45.932+0000] {dagbag.py:540} INFO - Filling up the DagBag from /opt/airflow/dags/kaldata_dag.py
[2026-06-03T09:10:46.010+0000] {processor.py:840} INFO - DAG(s) 'kaldata_scraper' retrieved from /opt/airflow/dags/kaldata_dag.py
[2026-06-03T09:10:46.114+0000] {logging_mixin.py:188} INFO - [2026-06-03T09:10:46.114+0000] {dag.py:3047} INFO - Sync 1 DAGs
[2026-06-03T09:10:46.182+0000] {logging_mixin.py:188} INFO - [2026-06-03T09:10:46.181+0000] {dag.py:3834} INFO - Setting next_dagrun for kaldata_scraper to 2026-06-03 00:00:00+00:00, run_after=2026-06-04 00:00:00+00:00
[2026-06-03T09:10:46.363+0000] {processor.py:183} INFO - Processing /opt/airflow/dags/kaldata_dag.py took 0.461 seconds
[2026-06-03T09:11:18.749+0000] {processor.py:161} INFO - Started process (PID=6988) to work on /opt/airflow/dags/kaldata_dag.py
[2026-06-03T09:11:18.767+0000] {processor.py:830} INFO - Processing file /opt/airflow/dags/kaldata_dag.py for tasks to queue
[2026-06-03T09:11:18.811+0000] {logging_mixin.py:188} INFO - [2026-06-03T09:11:18.810+0000] {dagbag.py:540} INFO - Filling up the DagBag from /opt/airflow/dags/kaldata_dag.py
[2026-06-03T09:11:20.601+0000] {processor.py:840} INFO - DAG(s) 'kaldata_scraper' retrieved from /opt/airflow/dags/kaldata_dag.py
[2026-06-03T09:11:20.795+0000] {logging_mixin.py:188} INFO - [2026-06-03T09:11:20.794+0000] {dag.py:3047} INFO - Sync 1 DAGs
[2026-06-03T09:11:20.987+0000] {logging_mixin.py:188} INFO - [2026-06-03T09:11:20.976+0000] {dag.py:3834} INFO - Setting next_dagrun for kaldata_scraper to 2026-06-03 00:00:00+00:00, run_after=2026-06-04 00:00:00+00:00
[2026-06-03T09:11:21.261+0000] {processor.py:183} INFO - Processing /opt/airflow/dags/kaldata_dag.py took 2.531 seconds
[2026-06-03T09:11:53.960+0000] {processor.py:161} INFO - Started process (PID=7018) to work on /opt/airflow/dags/kaldata_dag.py
[2026-06-03T09:11:54.048+0000] {processor.py:830} INFO - Processing file /opt/airflow/dags/kaldata_dag.py for tasks to queue
[2026-06-03T09:11:54.103+0000] {logging_mixin.py:188} INFO - [2026-06-03T09:11:54.102+0000] {dagbag.py:540} INFO - Filling up the DagBag from /opt/airflow/dags/kaldata_dag.py
[2026-06-03T09:11:56.004+0000] {processor.py:840} INFO - DAG(s) 'kaldata_scraper' retrieved from /opt/airflow/dags/kaldata_dag.py
[2026-06-03T09:11:56.214+0000] {logging_mixin.py:188} INFO - [2026-06-03T09:11:56.213+0000] {dag.py:3047} INFO - Sync 1 DAGs
[2026-06-03T09:11:56.475+0000] {logging_mixin.py:188} INFO - [2026-06-03T09:11:56.475+0000] {dag.py:3834} INFO - Setting next_dagrun for kaldata_scraper to 2026-06-03 00:00:00+00:00, run_after=2026-06-04 00:00:00+00:00
[2026-06-03T09:11:56.734+0000] {processor.py:183} INFO - Processing /opt/airflow/dags/kaldata_dag.py took 2.787 seconds
[2026-06-03T09:12:27.446+0000] {processor.py:161} INFO - Started process (PID=7050) to work on /opt/airflow/dags/kaldata_dag.py
[2026-06-03T09:12:27.449+0000] {processor.py:830} INFO - Processing file /opt/airflow/dags/kaldata_dag.py for tasks to queue
[2026-06-03T09:12:27.452+0000] {logging_mixin.py:188} INFO - [2026-06-03T09:12:27.451+0000] {dagbag.py:540} INFO - Filling up the DagBag from /opt/airflow/dags/kaldata_dag.py
[2026-06-03T09:12:27.504+0000] {processor.py:840} INFO - DAG(s) 'kaldata_scraper' retrieved from /opt/airflow/dags/kaldata_dag.py
[2026-06-03T09:12:27.576+0000] {logging_mixin.py:188} INFO - [2026-06-03T09:12:27.576+0000] {dag.py:3047} INFO - Sync 1 DAGs
[2026-06-03T09:12:27.642+0000] {logging_mixin.py:188} INFO - [2026-06-03T09:12:27.642+0000] {dag.py:3834} INFO - Setting next_dagrun for kaldata_scraper to 2026-06-03 00:00:00+00:00, run_after=2026-06-04 00:00:00+00:00
[2026-06-03T09:12:27.702+0000] {processor.py:183} INFO - Processing /opt/airflow/dags/kaldata_dag.py took 0.266 seconds
[2026-06-03T09:12:59.736+0000] {processor.py:161} INFO - Started process (PID=7078) to work on /opt/airflow/dags/kaldata_dag.py
[2026-06-03T09:12:59.751+0000] {processor.py:830} INFO - Processing file /opt/airflow/dags/kaldata_dag.py for tasks to queue
[2026-06-03T09:12:59.754+0000] {logging_mixin.py:188} INFO - [2026-06-03T09:12:59.753+0000] {dagbag.py:540} INFO - Filling up the DagBag from /opt/airflow/dags/kaldata_dag.py
[2026-06-03T09:12:59.815+0000] {processor.py:840} INFO - DAG(s) 'kaldata_scraper' retrieved from /opt/airflow/dags/kaldata_dag.py
[2026-06-03T09:12:59.888+0000] {logging_mixin.py:188} INFO - [2026-06-03T09:12:59.887+0000] {dag.py:3047} INFO - Sync 1 DAGs
[2026-06-03T09:12:59.957+0000] {logging_mixin.py:188} INFO - [2026-06-03T09:12:59.956+0000] {dag.py:3834} INFO - Setting next_dagrun for kaldata_scraper to 2026-06-03 00:00:00+00:00, run_after=2026-06-04 00:00:00+00:00
[2026-06-03T09:13:00.038+0000] {processor.py:183} INFO - Processing /opt/airflow/dags/kaldata_dag.py took 0.321 seconds
[2026-06-03T09:13:30.766+0000] {processor.py:161} INFO - Started process (PID=7103) to work on /opt/airflow/dags/kaldata_dag.py
[2026-06-03T09:13:30.769+0000] {processor.py:830} INFO - Processing file /opt/airflow/dags/kaldata_dag.py for tasks to queue
[2026-06-03T09:13:30.774+0000] {logging_mixin.py:188} INFO - [2026-06-03T09:13:30.774+0000] {dagbag.py:540} INFO - Filling up the DagBag from /opt/airflow/dags/kaldata_dag.py
[2026-06-03T09:13:30.875+0000] {processor.py:840} INFO - DAG(s) 'kaldata_scraper' retrieved from /opt/airflow/dags/kaldata_dag.py
[2026-06-03T09:13:30.952+0000] {logging_mixin.py:188} INFO - [2026-06-03T09:13:30.951+0000] {dag.py:3047} INFO - Sync 1 DAGs
[2026-06-03T09:13:31.031+0000] {logging_mixin.py:188} INFO - [2026-06-03T09:13:31.031+0000] {dag.py:3834} INFO - Setting next_dagrun for kaldata_scraper to 2026-06-03 00:00:00+00:00, run_after=2026-06-04 00:00:00+00:00
[2026-06-03T09:13:31.111+0000] {processor.py:183} INFO - Processing /opt/airflow/dags/kaldata_dag.py took 0.364 seconds
[2026-06-03T09:14:03.971+0000] {processor.py:161} INFO - Started process (PID=7133) to work on /opt/airflow/dags/kaldata_dag.py
[2026-06-03T09:14:03.985+0000] {processor.py:830} INFO - Processing file /opt/airflow/dags/kaldata_dag.py for tasks to queue
[2026-06-03T09:14:03.989+0000] {logging_mixin.py:188} INFO - [2026-06-03T09:14:03.988+0000] {dagbag.py:540} INFO - Filling up the DagBag from /opt/airflow/dags/kaldata_dag.py
[2026-06-03T09:14:04.163+0000] {processor.py:840} INFO - DAG(s) 'kaldata_scraper' retrieved from /opt/airflow/dags/kaldata_dag.py
[2026-06-03T09:14:04.407+0000] {logging_mixin.py:188} INFO - [2026-06-03T09:14:04.406+0000] {dag.py:3047} INFO - Sync 1 DAGs
[2026-06-03T09:14:04.608+0000] {logging_mixin.py:188} INFO - [2026-06-03T09:14:04.607+0000] {dag.py:3834} INFO - Setting next_dagrun for kaldata_scraper to 2026-06-03 00:00:00+00:00, run_after=2026-06-04 00:00:00+00:00
[2026-06-03T09:14:04.848+0000] {processor.py:183} INFO - Processing /opt/airflow/dags/kaldata_dag.py took 0.895 seconds
[2026-06-03T09:14:35.255+0000] {processor.py:161} INFO - Started process (PID=7163) to work on /opt/airflow/dags/kaldata_dag.py
[2026-06-03T09:14:35.265+0000] {processor.py:830} INFO - Processing file /opt/airflow/dags/kaldata_dag.py for tasks to queue
[2026-06-03T09:14:35.277+0000] {logging_mixin.py:188} INFO - [2026-06-03T09:14:35.276+0000] {dagbag.py:540} INFO - Filling up the DagBag from /opt/airflow/dags/kaldata_dag.py
[2026-06-03T09:14:35.574+0000] {processor.py:840} INFO - DAG(s) 'kaldata_scraper' retrieved from /opt/airflow/dags/kaldata_dag.py
[2026-06-03T09:14:36.183+0000] {logging_mixin.py:188} INFO - [2026-06-03T09:14:36.182+0000] {dag.py:3047} INFO - Sync 1 DAGs
[2026-06-03T09:14:36.520+0000] {logging_mixin.py:188} INFO - [2026-06-03T09:14:36.519+0000] {dag.py:3834} INFO - Setting next_dagrun for kaldata_scraper to 2026-06-03 00:00:00+00:00, run_after=2026-06-04 00:00:00+00:00
[2026-06-03T09:14:36.881+0000] {processor.py:183} INFO - Processing /opt/airflow/dags/kaldata_dag.py took 1.658 seconds
[2026-06-03T09:15:08.628+0000] {processor.py:161} INFO - Started process (PID=7193) to work on /opt/airflow/dags/kaldata_dag.py
[2026-06-03T09:15:08.631+0000] {processor.py:830} INFO - Processing file /opt/airflow/dags/kaldata_dag.py for tasks to queue
[2026-06-03T09:15:08.637+0000] {logging_mixin.py:188} INFO - [2026-06-03T09:15:08.635+0000] {dagbag.py:540} INFO - Filling up the DagBag from /opt/airflow/dags/kaldata_dag.py
[2026-06-03T09:15:08.741+0000] {processor.py:840} INFO - DAG(s) 'kaldata_scraper' retrieved from /opt/airflow/dags/kaldata_dag.py
[2026-06-03T09:15:08.848+0000] {logging_mixin.py:188} INFO - [2026-06-03T09:15:08.847+0000] {dag.py:3047} INFO - Sync 1 DAGs
[2026-06-03T09:15:08.945+0000] {logging_mixin.py:188} INFO - [2026-06-03T09:15:08.945+0000] {dag.py:3834} INFO - Setting next_dagrun for kaldata_scraper to 2026-06-03 00:00:00+00:00, run_after=2026-06-04 00:00:00+00:00
[2026-06-03T09:15:09.068+0000] {processor.py:183} INFO - Processing /opt/airflow/dags/kaldata_dag.py took 0.461 seconds
[2026-06-03T09:15:41.096+0000] {processor.py:161} INFO - Started process (PID=7223) to work on /opt/airflow/dags/kaldata_dag.py
[2026-06-03T09:15:41.100+0000] {processor.py:830} INFO - Processing file /opt/airflow/dags/kaldata_dag.py for tasks to queue
[2026-06-03T09:15:41.115+0000] {logging_mixin.py:188} INFO - [2026-06-03T09:15:41.113+0000] {dagbag.py:540} INFO - Filling up the DagBag from /opt/airflow/dags/kaldata_dag.py
[2026-06-03T09:15:41.202+0000] {processor.py:840} INFO - DAG(s) 'kaldata_scraper' retrieved from /opt/airflow/dags/kaldata_dag.py
[2026-06-03T09:15:41.314+0000] {logging_mixin.py:188} INFO - [2026-06-03T09:15:41.314+0000] {dag.py:3047} INFO - Sync 1 DAGs
[2026-06-03T09:15:41.425+0000] {logging_mixin.py:188} INFO - [2026-06-03T09:15:41.424+0000] {dag.py:3834} INFO - Setting next_dagrun for kaldata_scraper to 2026-06-03 00:00:00+00:00, run_after=2026-06-04 00:00:00+00:00
[2026-06-03T09:15:41.494+0000] {processor.py:183} INFO - Processing /opt/airflow/dags/kaldata_dag.py took 0.420 seconds
[2026-06-03T09:16:12.239+0000] {processor.py:161} INFO - Started process (PID=7253) to work on /opt/airflow/dags/kaldata_dag.py
[2026-06-03T09:16:12.243+0000] {processor.py:830} INFO - Processing file /opt/airflow/dags/kaldata_dag.py for tasks to queue
[2026-06-03T09:16:12.247+0000] {logging_mixin.py:188} INFO - [2026-06-03T09:16:12.246+0000] {dagbag.py:540} INFO - Filling up the DagBag from /opt/airflow/dags/kaldata_dag.py
[2026-06-03T09:16:12.314+0000] {processor.py:840} INFO - DAG(s) 'kaldata_scraper' retrieved from /opt/airflow/dags/kaldata_dag.py
[2026-06-03T09:16:12.389+0000] {logging_mixin.py:188} INFO - [2026-06-03T09:16:12.388+0000] {dag.py:3047} INFO - Sync 1 DAGs
[2026-06-03T09:16:12.477+0000] {logging_mixin.py:188} INFO - [2026-06-03T09:16:12.477+0000] {dag.py:3834} INFO - Setting next_dagrun for kaldata_scraper to 2026-06-03 00:00:00+00:00, run_after=2026-06-04 00:00:00+00:00
[2026-06-03T09:16:12.546+0000] {processor.py:183} INFO - Processing /opt/airflow/dags/kaldata_dag.py took 0.320 seconds
[2026-06-03T09:16:42.938+0000] {processor.py:161} INFO - Started process (PID=7283) to work on /opt/airflow/dags/kaldata_dag.py
[2026-06-03T09:16:42.942+0000] {processor.py:830} INFO - Processing file /opt/airflow/dags/kaldata_dag.py for tasks to queue
[2026-06-03T09:16:42.946+0000] {logging_mixin.py:188} INFO - [2026-06-03T09:16:42.945+0000] {dagbag.py:540} INFO - Filling up the DagBag from /opt/airflow/dags/kaldata_dag.py
[2026-06-03T09:16:43.010+0000] {processor.py:840} INFO - DAG(s) 'kaldata_scraper' retrieved from /opt/airflow/dags/kaldata_dag.py
[2026-06-03T09:16:43.087+0000] {logging_mixin.py:188} INFO - [2026-06-03T09:16:43.086+0000] {dag.py:3047} INFO - Sync 1 DAGs
[2026-06-03T09:16:43.159+0000] {logging_mixin.py:188} INFO - [2026-06-03T09:16:43.158+0000] {dag.py:3834} INFO - Setting next_dagrun for kaldata_scraper to 2026-06-03 00:00:00+00:00, run_after=2026-06-04 00:00:00+00:00
[2026-06-03T09:16:43.223+0000] {processor.py:183} INFO - Processing /opt/airflow/dags/kaldata_dag.py took 0.304 seconds
[2026-06-03T09:17:14.341+0000] {processor.py:161} INFO - Started process (PID=7313) to work on /opt/airflow/dags/kaldata_dag.py
[2026-06-03T09:17:14.346+0000] {processor.py:830} INFO - Processing file /opt/airflow/dags/kaldata_dag.py for tasks to queue
[2026-06-03T09:17:14.350+0000] {logging_mixin.py:188} INFO - [2026-06-03T09:17:14.350+0000] {dagbag.py:540} INFO - Filling up the DagBag from /opt/airflow/dags/kaldata_dag.py
[2026-06-03T09:17:14.424+0000] {processor.py:840} INFO - DAG(s) 'kaldata_scraper' retrieved from /opt/airflow/dags/kaldata_dag.py
[2026-06-03T09:17:14.502+0000] {logging_mixin.py:188} INFO - [2026-06-03T09:17:14.502+0000] {dag.py:3047} INFO - Sync 1 DAGs
[2026-06-03T09:17:14.580+0000] {logging_mixin.py:188} INFO - [2026-06-03T09:17:14.579+0000] {dag.py:3834} INFO - Setting next_dagrun for kaldata_scraper to 2026-06-03 00:00:00+00:00, run_after=2026-06-04 00:00:00+00:00
[2026-06-03T09:17:14.653+0000] {processor.py:183} INFO - Processing /opt/airflow/dags/kaldata_dag.py took 0.332 seconds
[2026-06-03T09:17:45.141+0000] {processor.py:161} INFO - Started process (PID=7343) to work on /opt/airflow/dags/kaldata_dag.py
[2026-06-03T09:17:45.144+0000] {processor.py:830} INFO - Processing file /opt/airflow/dags/kaldata_dag.py for tasks to queue
[2026-06-03T09:17:45.159+0000] {logging_mixin.py:188} INFO - [2026-06-03T09:17:45.158+0000] {dagbag.py:540} INFO - Filling up the DagBag from /opt/airflow/dags/kaldata_dag.py
[2026-06-03T09:17:45.298+0000] {processor.py:840} INFO - DAG(s) 'kaldata_scraper' retrieved from /opt/airflow/dags/kaldata_dag.py
[2026-06-03T09:17:45.420+0000] {logging_mixin.py:188} INFO - [2026-06-03T09:17:45.419+0000] {dag.py:3047} INFO - Sync 1 DAGs
[2026-06-03T09:17:45.555+0000] {logging_mixin.py:188} INFO - [2026-06-03T09:17:45.554+0000] {dag.py:3834} INFO - Setting next_dagrun for kaldata_scraper to 2026-06-03 00:00:00+00:00, run_after=2026-06-04 00:00:00+00:00
[2026-06-03T09:17:45.682+0000] {processor.py:183} INFO - Processing /opt/airflow/dags/kaldata_dag.py took 0.561 seconds
[2026-06-03T09:18:16.221+0000] {processor.py:161} INFO - Started process (PID=7373) to work on /opt/airflow/dags/kaldata_dag.py
[2026-06-03T09:18:16.226+0000] {processor.py:830} INFO - Processing file /opt/airflow/dags/kaldata_dag.py for tasks to queue
[2026-06-03T09:18:16.239+0000] {logging_mixin.py:188} INFO - [2026-06-03T09:18:16.237+0000] {dagbag.py:540} INFO - Filling up the DagBag from /opt/airflow/dags/kaldata_dag.py
[2026-06-03T09:18:16.353+0000] {processor.py:840} INFO - DAG(s) 'kaldata_scraper' retrieved from /opt/airflow/dags/kaldata_dag.py
[2026-06-03T09:18:16.425+0000] {logging_mixin.py:188} INFO - [2026-06-03T09:18:16.424+0000] {dag.py:3047} INFO - Sync 1 DAGs
[2026-06-03T09:18:16.625+0000] {logging_mixin.py:188} INFO - [2026-06-03T09:18:16.624+0000] {dag.py:3834} INFO - Setting next_dagrun for kaldata_scraper to 2026-06-03 00:00:00+00:00, run_after=2026-06-04 00:00:00+00:00
[2026-06-03T09:18:16.785+0000] {processor.py:183} INFO - Processing /opt/airflow/dags/kaldata_dag.py took 0.581 seconds
[2026-06-03T09:18:48.225+0000] {processor.py:161} INFO - Started process (PID=7403) to work on /opt/airflow/dags/kaldata_dag.py
[2026-06-03T09:18:48.231+0000] {processor.py:830} INFO - Processing file /opt/airflow/dags/kaldata_dag.py for tasks to queue
[2026-06-03T09:18:48.238+0000] {logging_mixin.py:188} INFO - [2026-06-03T09:18:48.237+0000] {dagbag.py:540} INFO - Filling up the DagBag from /opt/airflow/dags/kaldata_dag.py
[2026-06-03T09:18:48.374+0000] {processor.py:840} INFO - DAG(s) 'kaldata_scraper' retrieved from /opt/airflow/dags/kaldata_dag.py
[2026-06-03T09:18:48.490+0000] {logging_mixin.py:188} INFO - [2026-06-03T09:18:48.489+0000] {dag.py:3047} INFO - Sync 1 DAGs
[2026-06-03T09:18:48.697+0000] {logging_mixin.py:188} INFO - [2026-06-03T09:18:48.697+0000] {dag.py:3834} INFO - Setting next_dagrun for kaldata_scraper to 2026-06-03 00:00:00+00:00, run_after=2026-06-04 00:00:00+00:00
[2026-06-03T09:18:49.208+0000] {processor.py:183} INFO - Processing /opt/airflow/dags/kaldata_dag.py took 0.999 seconds
[2026-06-03T09:19:20.793+0000] {processor.py:161} INFO - Started process (PID=7435) to work on /opt/airflow/dags/kaldata_dag.py
[2026-06-03T09:19:20.800+0000] {processor.py:830} INFO - Processing file /opt/airflow/dags/kaldata_dag.py for tasks to queue
[2026-06-03T09:19:20.803+0000] {logging_mixin.py:188} INFO - [2026-06-03T09:19:20.802+0000] {dagbag.py:540} INFO - Filling up the DagBag from /opt/airflow/dags/kaldata_dag.py
[2026-06-03T09:19:20.877+0000] {processor.py:840} INFO - DAG(s) 'kaldata_scraper' retrieved from /opt/airflow/dags/kaldata_dag.py
[2026-06-03T09:19:20.963+0000] {logging_mixin.py:188} INFO - [2026-06-03T09:19:20.962+0000] {dag.py:3047} INFO - Sync 1 DAGs
[2026-06-03T09:19:21.033+0000] {logging_mixin.py:188} INFO - [2026-06-03T09:19:21.033+0000] {dag.py:3834} INFO - Setting next_dagrun for kaldata_scraper to 2026-06-03 00:00:00+00:00, run_after=2026-06-04 00:00:00+00:00
[2026-06-03T09:19:21.086+0000] {processor.py:183} INFO - Processing /opt/airflow/dags/kaldata_dag.py took 0.304 seconds
[2026-06-03T09:19:52.816+0000] {processor.py:161} INFO - Started process (PID=7463) to work on /opt/airflow/dags/kaldata_dag.py
[2026-06-03T09:19:52.830+0000] {processor.py:830} INFO - Processing file /opt/airflow/dags/kaldata_dag.py for tasks to queue
[2026-06-03T09:19:52.849+0000] {logging_mixin.py:188} INFO - [2026-06-03T09:19:52.835+0000] {dagbag.py:540} INFO - Filling up the DagBag from /opt/airflow/dags/kaldata_dag.py
[2026-06-03T09:19:53.090+0000] {processor.py:840} INFO - DAG(s) 'kaldata_scraper' retrieved from /opt/airflow/dags/kaldata_dag.py
[2026-06-03T09:19:53.541+0000] {logging_mixin.py:188} INFO - [2026-06-03T09:19:53.528+0000] {dag.py:3047} INFO - Sync 1 DAGs
[2026-06-03T09:19:53.814+0000] {logging_mixin.py:188} INFO - [2026-06-03T09:19:53.802+0000] {dag.py:3834} INFO - Setting next_dagrun for kaldata_scraper to 2026-06-03 00:00:00+00:00, run_after=2026-06-04 00:00:00+00:00
[2026-06-03T09:19:54.259+0000] {processor.py:183} INFO - Processing /opt/airflow/dags/kaldata_dag.py took 1.487 seconds
[2026-06-03T09:20:24.525+0000] {processor.py:161} INFO - Started process (PID=7490) to work on /opt/airflow/dags/kaldata_dag.py
[2026-06-03T09:20:24.528+0000] {processor.py:830} INFO - Processing file /opt/airflow/dags/kaldata_dag.py for tasks to queue
[2026-06-03T09:20:24.531+0000] {logging_mixin.py:188} INFO - [2026-06-03T09:20:24.530+0000] {dagbag.py:540} INFO - Filling up the DagBag from /opt/airflow/dags/kaldata_dag.py
[2026-06-03T09:20:24.588+0000] {processor.py:840} INFO - DAG(s) 'kaldata_scraper' retrieved from /opt/airflow/dags/kaldata_dag.py
[2026-06-03T09:20:24.658+0000] {logging_mixin.py:188} INFO - [2026-06-03T09:20:24.658+0000] {dag.py:3047} INFO - Sync 1 DAGs
[2026-06-03T09:20:24.722+0000] {logging_mixin.py:188} INFO - [2026-06-03T09:20:24.721+0000] {dag.py:3834} INFO - Setting next_dagrun for kaldata_scraper to 2026-06-03 00:00:00+00:00, run_after=2026-06-04 00:00:00+00:00
[2026-06-03T09:20:24.776+0000] {processor.py:183} INFO - Processing /opt/airflow/dags/kaldata_dag.py took 0.262 seconds
[2026-06-03T09:20:55.271+0000] {processor.py:161} INFO - Started process (PID=7520) to work on /opt/airflow/dags/kaldata_dag.py
[2026-06-03T09:20:55.274+0000] {processor.py:830} INFO - Processing file /opt/airflow/dags/kaldata_dag.py for tasks to queue
[2026-06-03T09:20:55.277+0000] {logging_mixin.py:188} INFO - [2026-06-03T09:20:55.276+0000] {dagbag.py:540} INFO - Filling up the DagBag from /opt/airflow/dags/kaldata_dag.py
[2026-06-03T09:20:55.401+0000] {processor.py:840} INFO - DAG(s) 'kaldata_scraper' retrieved from /opt/airflow/dags/kaldata_dag.py
[2026-06-03T09:20:55.610+0000] {logging_mixin.py:188} INFO - [2026-06-03T09:20:55.600+0000] {dag.py:3047} INFO - Sync 1 DAGs
[2026-06-03T09:20:55.782+0000] {logging_mixin.py:188} INFO - [2026-06-03T09:20:55.781+0000] {dag.py:3834} INFO - Setting next_dagrun for kaldata_scraper to 2026-06-03 00:00:00+00:00, run_after=2026-06-04 00:00:00+00:00
[2026-06-03T09:20:55.932+0000] {processor.py:183} INFO - Processing /opt/airflow/dags/kaldata_dag.py took 0.692 seconds
[2026-06-03T09:21:29.822+0000] {processor.py:161} INFO - Started process (PID=7550) to work on /opt/airflow/dags/kaldata_dag.py
[2026-06-03T09:21:29.871+0000] {processor.py:830} INFO - Processing file /opt/airflow/dags/kaldata_dag.py for tasks to queue
[2026-06-03T09:21:29.916+0000] {logging_mixin.py:188} INFO - [2026-06-03T09:21:29.915+0000] {dagbag.py:540} INFO - Filling up the DagBag from /opt/airflow/dags/kaldata_dag.py
[2026-06-03T09:21:30.641+0000] {processor.py:840} INFO - DAG(s) 'kaldata_scraper' retrieved from /opt/airflow/dags/kaldata_dag.py
[2026-06-03T09:21:30.806+0000] {logging_mixin.py:188} INFO - [2026-06-03T09:21:30.805+0000] {dag.py:3047} INFO - Sync 1 DAGs
[2026-06-03T09:21:31.000+0000] {logging_mixin.py:188} INFO - [2026-06-03T09:21:31.000+0000] {dag.py:3834} INFO - Setting next_dagrun for kaldata_scraper to 2026-06-03 00:00:00+00:00, run_after=2026-06-04 00:00:00+00:00
[2026-06-03T09:21:31.205+0000] {processor.py:183} INFO - Processing /opt/airflow/dags/kaldata_dag.py took 1.392 seconds
[2026-06-03T09:22:02.019+0000] {processor.py:161} INFO - Started process (PID=7580) to work on /opt/airflow/dags/kaldata_dag.py
[2026-06-03T09:22:02.048+0000] {processor.py:830} INFO - Processing file /opt/airflow/dags/kaldata_dag.py for tasks to queue
[2026-06-03T09:22:02.066+0000] {logging_mixin.py:188} INFO - [2026-06-03T09:22:02.065+0000] {dagbag.py:540} INFO - Filling up the DagBag from /opt/airflow/dags/kaldata_dag.py
[2026-06-03T09:22:02.662+0000] {processor.py:840} INFO - DAG(s) 'kaldata_scraper' retrieved from /opt/airflow/dags/kaldata_dag.py
[2026-06-03T09:22:03.126+0000] {logging_mixin.py:188} INFO - [2026-06-03T09:22:03.125+0000] {dag.py:3047} INFO - Sync 1 DAGs
[2026-06-03T09:22:03.221+0000] {logging_mixin.py:188} INFO - [2026-06-03T09:22:03.220+0000] {dag.py:3834} INFO - Setting next_dagrun for kaldata_scraper to 2026-06-03 00:00:00+00:00, run_after=2026-06-04 00:00:00+00:00
[2026-06-03T09:22:03.326+0000] {processor.py:183} INFO - Processing /opt/airflow/dags/kaldata_dag.py took 1.356 seconds
[2026-06-03T09:22:35.873+0000] {processor.py:161} INFO - Started process (PID=7610) to work on /opt/airflow/dags/kaldata_dag.py
[2026-06-03T09:22:35.886+0000] {processor.py:830} INFO - Processing file /opt/airflow/dags/kaldata_dag.py for tasks to queue
[2026-06-03T09:22:35.943+0000] {logging_mixin.py:188} INFO - [2026-06-03T09:22:35.943+0000] {dagbag.py:540} INFO - Filling up the DagBag from /opt/airflow/dags/kaldata_dag.py
[2026-06-03T09:22:38.610+0000] {processor.py:840} INFO - DAG(s) 'kaldata_scraper' retrieved from /opt/airflow/dags/kaldata_dag.py
[2026-06-03T09:22:38.772+0000] {logging_mixin.py:188} INFO - [2026-06-03T09:22:38.771+0000] {dag.py:3047} INFO - Sync 1 DAGs
[2026-06-03T09:22:38.954+0000] {logging_mixin.py:188} INFO - [2026-06-03T09:22:38.953+0000] {dag.py:3834} INFO - Setting next_dagrun for kaldata_scraper to 2026-06-03 00:00:00+00:00, run_after=2026-06-04 00:00:00+00:00
[2026-06-03T09:22:39.216+0000] {processor.py:183} INFO - Processing /opt/airflow/dags/kaldata_dag.py took 3.361 seconds
[2026-06-03T09:23:11.279+0000] {processor.py:161} INFO - Started process (PID=7640) to work on /opt/airflow/dags/kaldata_dag.py
[2026-06-03T09:23:11.285+0000] {processor.py:830} INFO - Processing file /opt/airflow/dags/kaldata_dag.py for tasks to queue
[2026-06-03T09:23:11.288+0000] {logging_mixin.py:188} INFO - [2026-06-03T09:23:11.287+0000] {dagbag.py:540} INFO - Filling up the DagBag from /opt/airflow/dags/kaldata_dag.py
[2026-06-03T09:23:11.391+0000] {processor.py:840} INFO - DAG(s) 'kaldata_scraper' retrieved from /opt/airflow/dags/kaldata_dag.py
[2026-06-03T09:23:11.605+0000] {logging_mixin.py:188} INFO - [2026-06-03T09:23:11.605+0000] {dag.py:3047} INFO - Sync 1 DAGs
[2026-06-03T09:23:11.756+0000] {logging_mixin.py:188} INFO - [2026-06-03T09:23:11.755+0000] {dag.py:3834} INFO - Setting next_dagrun for kaldata_scraper to 2026-06-03 00:00:00+00:00, run_after=2026-06-04 00:00:00+00:00
[2026-06-03T09:23:11.881+0000] {processor.py:183} INFO - Processing /opt/airflow/dags/kaldata_dag.py took 0.619 seconds
[2026-06-03T09:23:42.339+0000] {processor.py:161} INFO - Started process (PID=7670) to work on /opt/airflow/dags/kaldata_dag.py
[2026-06-03T09:23:42.341+0000] {processor.py:830} INFO - Processing file /opt/airflow/dags/kaldata_dag.py for tasks to queue
[2026-06-03T09:23:42.344+0000] {logging_mixin.py:188} INFO - [2026-06-03T09:23:42.343+0000] {dagbag.py:540} INFO - Filling up the DagBag from /opt/airflow/dags/kaldata_dag.py
[2026-06-03T09:23:42.440+0000] {processor.py:840} INFO - DAG(s) 'kaldata_scraper' retrieved from /opt/airflow/dags/kaldata_dag.py
[2026-06-03T09:23:42.536+0000] {logging_mixin.py:188} INFO - [2026-06-03T09:23:42.535+0000] {dag.py:3047} INFO - Sync 1 DAGs
[2026-06-03T09:23:42.639+0000] {logging_mixin.py:188} INFO - [2026-06-03T09:23:42.639+0000] {dag.py:3834} INFO - Setting next_dagrun for kaldata_scraper to 2026-06-03 00:00:00+00:00, run_after=2026-06-04 00:00:00+00:00
[2026-06-03T09:23:42.752+0000] {processor.py:183} INFO - Processing /opt/airflow/dags/kaldata_dag.py took 0.422 seconds
[2026-06-03T09:24:13.099+0000] {processor.py:161} INFO - Started process (PID=7700) to work on /opt/airflow/dags/kaldata_dag.py
[2026-06-03T09:24:13.103+0000] {processor.py:830} INFO - Processing file /opt/airflow/dags/kaldata_dag.py for tasks to queue
[2026-06-03T09:24:13.116+0000] {logging_mixin.py:188} INFO - [2026-06-03T09:24:13.115+0000] {dagbag.py:540} INFO - Filling up the DagBag from /opt/airflow/dags/kaldata_dag.py
[2026-06-03T09:24:13.297+0000] {processor.py:840} INFO - DAG(s) 'kaldata_scraper' retrieved from /opt/airflow/dags/kaldata_dag.py
[2026-06-03T09:24:13.488+0000] {logging_mixin.py:188} INFO - [2026-06-03T09:24:13.487+0000] {dag.py:3047} INFO - Sync 1 DAGs
[2026-06-03T09:24:13.671+0000] {logging_mixin.py:188} INFO - [2026-06-03T09:24:13.660+0000] {dag.py:3834} INFO - Setting next_dagrun for kaldata_scraper to 2026-06-03 00:00:00+00:00, run_after=2026-06-04 00:00:00+00:00
[2026-06-03T09:24:14.102+0000] {processor.py:183} INFO - Processing /opt/airflow/dags/kaldata_dag.py took 1.021 seconds
[2026-06-03T09:24:54.013+0000] {processor.py:161} INFO - Started process (PID=7730) to work on /opt/airflow/dags/kaldata_dag.py
[2026-06-03T09:24:54.075+0000] {processor.py:830} INFO - Processing file /opt/airflow/dags/kaldata_dag.py for tasks to queue
[2026-06-03T09:24:54.143+0000] {logging_mixin.py:188} INFO - [2026-06-03T09:24:54.142+0000] {dagbag.py:540} INFO - Filling up the DagBag from /opt/airflow/dags/kaldata_dag.py
[2026-06-03T09:24:56.509+0000] {processor.py:840} INFO - DAG(s) 'kaldata_scraper' retrieved from /opt/airflow/dags/kaldata_dag.py
[2026-06-03T09:24:56.803+0000] {logging_mixin.py:188} INFO - [2026-06-03T09:24:56.803+0000] {dag.py:3047} INFO - Sync 1 DAGs
[2026-06-03T09:24:56.984+0000] {logging_mixin.py:188} INFO - [2026-06-03T09:24:56.983+0000] {dag.py:3834} INFO - Setting next_dagrun for kaldata_scraper to 2026-06-03 00:00:00+00:00, run_after=2026-06-04 00:00:00+00:00
[2026-06-03T09:24:57.259+0000] {processor.py:183} INFO - Processing /opt/airflow/dags/kaldata_dag.py took 3.327 seconds
[2026-06-03T09:25:37.562+0000] {processor.py:161} INFO - Started process (PID=7763) to work on /opt/airflow/dags/kaldata_dag.py
[2026-06-03T09:25:37.600+0000] {processor.py:830} INFO - Processing file /opt/airflow/dags/kaldata_dag.py for tasks to queue
[2026-06-03T09:25:37.608+0000] {logging_mixin.py:188} INFO - [2026-06-03T09:25:37.607+0000] {dagbag.py:540} INFO - Filling up the DagBag from /opt/airflow/dags/kaldata_dag.py
[2026-06-03T09:25:38.087+0000] {processor.py:840} INFO - DAG(s) 'kaldata_scraper' retrieved from /opt/airflow/dags/kaldata_dag.py
[2026-06-03T09:25:38.326+0000] {logging_mixin.py:188} INFO - [2026-06-03T09:25:38.315+0000] {dag.py:3047} INFO - Sync 1 DAGs
[2026-06-03T09:25:38.591+0000] {logging_mixin.py:188} INFO - [2026-06-03T09:25:38.590+0000] {dag.py:3834} INFO - Setting next_dagrun for kaldata_scraper to 2026-06-03 00:00:00+00:00, run_after=2026-06-04 00:00:00+00:00
[2026-06-03T09:25:38.801+0000] {processor.py:183} INFO - Processing /opt/airflow/dags/kaldata_dag.py took 1.259 seconds
[2026-06-03T09:26:09.615+0000] {processor.py:161} INFO - Started process (PID=7793) to work on /opt/airflow/dags/kaldata_dag.py
[2026-06-03T09:26:09.620+0000] {processor.py:830} INFO - Processing file /opt/airflow/dags/kaldata_dag.py for tasks to queue
[2026-06-03T09:26:09.625+0000] {logging_mixin.py:188} INFO - [2026-06-03T09:26:09.623+0000] {dagbag.py:540} INFO - Filling up the DagBag from /opt/airflow/dags/kaldata_dag.py
[2026-06-03T09:26:09.695+0000] {processor.py:840} INFO - DAG(s) 'kaldata_scraper' retrieved from /opt/airflow/dags/kaldata_dag.py
[2026-06-03T09:26:09.764+0000] {logging_mixin.py:188} INFO - [2026-06-03T09:26:09.763+0000] {dag.py:3047} INFO - Sync 1 DAGs
[2026-06-03T09:26:09.834+0000] {logging_mixin.py:188} INFO - [2026-06-03T09:26:09.833+0000] {dag.py:3834} INFO - Setting next_dagrun for kaldata_scraper to 2026-06-03 00:00:00+00:00, run_after=2026-06-04 00:00:00+00:00
[2026-06-03T09:26:09.911+0000] {processor.py:183} INFO - Processing /opt/airflow/dags/kaldata_dag.py took 0.310 seconds
[2026-06-03T09:26:40.580+0000] {processor.py:161} INFO - Started process (PID=7823) to work on /opt/airflow/dags/kaldata_dag.py
[2026-06-03T09:26:40.583+0000] {processor.py:830} INFO - Processing file /opt/airflow/dags/kaldata_dag.py for tasks to queue
[2026-06-03T09:26:40.586+0000] {logging_mixin.py:188} INFO - [2026-06-03T09:26:40.586+0000] {dagbag.py:540} INFO - Filling up the DagBag from /opt/airflow/dags/kaldata_dag.py
[2026-06-03T09:26:40.650+0000] {processor.py:840} INFO - DAG(s) 'kaldata_scraper' retrieved from /opt/airflow/dags/kaldata_dag.py
[2026-06-03T09:26:40.725+0000] {logging_mixin.py:188} INFO - [2026-06-03T09:26:40.724+0000] {dag.py:3047} INFO - Sync 1 DAGs
[2026-06-03T09:26:40.795+0000] {logging_mixin.py:188} INFO - [2026-06-03T09:26:40.794+0000] {dag.py:3834} INFO - Setting next_dagrun for kaldata_scraper to 2026-06-03 00:00:00+00:00, run_after=2026-06-04 00:00:00+00:00
[2026-06-03T09:26:41.124+0000] {processor.py:183} INFO - Processing /opt/airflow/dags/kaldata_dag.py took 0.556 seconds
[2026-06-03T09:27:11.396+0000] {processor.py:161} INFO - Started process (PID=7853) to work on /opt/airflow/dags/kaldata_dag.py
[2026-06-03T09:27:11.399+0000] {processor.py:830} INFO - Processing file /opt/airflow/dags/kaldata_dag.py for tasks to queue
[2026-06-03T09:27:11.402+0000] {logging_mixin.py:188} INFO - [2026-06-03T09:27:11.401+0000] {dagbag.py:540} INFO - Filling up the DagBag from /opt/airflow/dags/kaldata_dag.py
[2026-06-03T09:27:11.493+0000] {processor.py:840} INFO - DAG(s) 'kaldata_scraper' retrieved from /opt/airflow/dags/kaldata_dag.py
[2026-06-03T09:27:11.567+0000] {logging_mixin.py:188} INFO - [2026-06-03T09:27:11.566+0000] {dag.py:3047} INFO - Sync 1 DAGs
[2026-06-03T09:27:12.170+0000] {logging_mixin.py:188} INFO - [2026-06-03T09:27:12.170+0000] {dag.py:3834} INFO - Setting next_dagrun for kaldata_scraper to 2026-06-03 00:00:00+00:00, run_after=2026-06-04 00:00:00+00:00
[2026-06-03T09:27:12.312+0000] {processor.py:183} INFO - Processing /opt/airflow/dags/kaldata_dag.py took 0.927 seconds
[2026-06-03T09:27:43.299+0000] {processor.py:161} INFO - Started process (PID=7885) to work on /opt/airflow/dags/kaldata_dag.py
[2026-06-03T09:27:43.301+0000] {processor.py:830} INFO - Processing file /opt/airflow/dags/kaldata_dag.py for tasks to queue
[2026-06-03T09:27:43.304+0000] {logging_mixin.py:188} INFO - [2026-06-03T09:27:43.304+0000] {dagbag.py:540} INFO - Filling up the DagBag from /opt/airflow/dags/kaldata_dag.py
[2026-06-03T09:27:43.355+0000] {processor.py:840} INFO - DAG(s) 'kaldata_scraper' retrieved from /opt/airflow/dags/kaldata_dag.py
[2026-06-03T09:27:43.419+0000] {logging_mixin.py:188} INFO - [2026-06-03T09:27:43.419+0000] {dag.py:3047} INFO - Sync 1 DAGs
[2026-06-03T09:27:43.481+0000] {logging_mixin.py:188} INFO - [2026-06-03T09:27:43.480+0000] {dag.py:3834} INFO - Setting next_dagrun for kaldata_scraper to 2026-06-03 00:00:00+00:00, run_after=2026-06-04 00:00:00+00:00
[2026-06-03T09:27:43.561+0000] {processor.py:183} INFO - Processing /opt/airflow/dags/kaldata_dag.py took 0.270 seconds
[2026-06-03T09:28:14.023+0000] {processor.py:161} INFO - Started process (PID=7915) to work on /opt/airflow/dags/kaldata_dag.py
[2026-06-03T09:28:14.038+0000] {processor.py:830} INFO - Processing file /opt/airflow/dags/kaldata_dag.py for tasks to queue
[2026-06-03T09:28:14.051+0000] {logging_mixin.py:188} INFO - [2026-06-03T09:28:14.040+0000] {dagbag.py:540} INFO - Filling up the DagBag from /opt/airflow/dags/kaldata_dag.py
[2026-06-03T09:28:14.175+0000] {processor.py:840} INFO - DAG(s) 'kaldata_scraper' retrieved from /opt/airflow/dags/kaldata_dag.py
[2026-06-03T09:28:14.343+0000] {logging_mixin.py:188} INFO - [2026-06-03T09:28:14.343+0000] {dag.py:3047} INFO - Sync 1 DAGs
[2026-06-03T09:28:14.550+0000] {logging_mixin.py:188} INFO - [2026-06-03T09:28:14.539+0000] {dag.py:3834} INFO - Setting next_dagrun for kaldata_scraper to 2026-06-03 00:00:00+00:00, run_after=2026-06-04 00:00:00+00:00
[2026-06-03T09:28:16.419+0000] {processor.py:183} INFO - Processing /opt/airflow/dags/kaldata_dag.py took 2.418 seconds
[2026-06-03T09:28:52.611+0000] {processor.py:161} INFO - Started process (PID=7945) to work on /opt/airflow/dags/kaldata_dag.py
[2026-06-03T09:28:52.624+0000] {processor.py:830} INFO - Processing file /opt/airflow/dags/kaldata_dag.py for tasks to queue
[2026-06-03T09:28:52.632+0000] {logging_mixin.py:188} INFO - [2026-06-03T09:28:52.631+0000] {dagbag.py:540} INFO - Filling up the DagBag from /opt/airflow/dags/kaldata_dag.py
[2026-06-03T09:28:53.605+0000] {processor.py:840} INFO - DAG(s) 'kaldata_scraper' retrieved from /opt/airflow/dags/kaldata_dag.py
[2026-06-03T09:28:53.845+0000] {logging_mixin.py:188} INFO - [2026-06-03T09:28:53.832+0000] {dag.py:3047} INFO - Sync 1 DAGs
[2026-06-03T09:28:54.865+0000] {logging_mixin.py:188} INFO - [2026-06-03T09:28:54.865+0000] {dag.py:3834} INFO - Setting next_dagrun for kaldata_scraper to 2026-06-03 00:00:00+00:00, run_after=2026-06-04 00:00:00+00:00
[2026-06-03T09:28:55.135+0000] {processor.py:183} INFO - Processing /opt/airflow/dags/kaldata_dag.py took 2.544 seconds
[2026-06-03T09:29:27.350+0000] {processor.py:161} INFO - Started process (PID=7975) to work on /opt/airflow/dags/kaldata_dag.py
[2026-06-03T09:29:27.365+0000] {processor.py:830} INFO - Processing file /opt/airflow/dags/kaldata_dag.py for tasks to queue
[2026-06-03T09:29:27.368+0000] {logging_mixin.py:188} INFO - [2026-06-03T09:29:27.367+0000] {dagbag.py:540} INFO - Filling up the DagBag from /opt/airflow/dags/kaldata_dag.py
[2026-06-03T09:29:28.526+0000] {processor.py:840} INFO - DAG(s) 'kaldata_scraper' retrieved from /opt/airflow/dags/kaldata_dag.py
[2026-06-03T09:29:28.720+0000] {logging_mixin.py:188} INFO - [2026-06-03T09:29:28.720+0000] {dag.py:3047} INFO - Sync 1 DAGs
[2026-06-03T09:29:28.880+0000] {logging_mixin.py:188} INFO - [2026-06-03T09:29:28.879+0000] {dag.py:3834} INFO - Setting next_dagrun for kaldata_scraper to 2026-06-03 00:00:00+00:00, run_after=2026-06-04 00:00:00+00:00
[2026-06-03T09:29:29.146+0000] {processor.py:183} INFO - Processing /opt/airflow/dags/kaldata_dag.py took 1.805 seconds
[2026-06-03T09:29:59.750+0000] {processor.py:161} INFO - Started process (PID=8005) to work on /opt/airflow/dags/kaldata_dag.py
[2026-06-03T09:29:59.755+0000] {processor.py:830} INFO - Processing file /opt/airflow/dags/kaldata_dag.py for tasks to queue
[2026-06-03T09:29:59.771+0000] {logging_mixin.py:188} INFO - [2026-06-03T09:29:59.770+0000] {dagbag.py:540} INFO - Filling up the DagBag from /opt/airflow/dags/kaldata_dag.py
[2026-06-03T09:29:59.887+0000] {processor.py:840} INFO - DAG(s) 'kaldata_scraper' retrieved from /opt/airflow/dags/kaldata_dag.py
[2026-06-03T09:30:00.035+0000] {logging_mixin.py:188} INFO - [2026-06-03T09:30:00.035+0000] {dag.py:3047} INFO - Sync 1 DAGs
[2026-06-03T09:30:00.204+0000] {logging_mixin.py:188} INFO - [2026-06-03T09:30:00.204+0000] {dag.py:3834} INFO - Setting next_dagrun for kaldata_scraper to 2026-06-03 00:00:00+00:00, run_after=2026-06-04 00:00:00+00:00
[2026-06-03T09:30:00.447+0000] {processor.py:183} INFO - Processing /opt/airflow/dags/kaldata_dag.py took 0.718 seconds
[2026-06-03T09:30:35.715+0000] {processor.py:161} INFO - Started process (PID=8028) to work on /opt/airflow/dags/kaldata_dag.py
[2026-06-03T09:30:35.766+0000] {processor.py:830} INFO - Processing file /opt/airflow/dags/kaldata_dag.py for tasks to queue
[2026-06-03T09:30:35.829+0000] {logging_mixin.py:188} INFO - [2026-06-03T09:30:35.828+0000] {dagbag.py:540} INFO - Filling up the DagBag from /opt/airflow/dags/kaldata_dag.py
[2026-06-03T09:30:37.879+0000] {processor.py:840} INFO - DAG(s) 'kaldata_scraper' retrieved from /opt/airflow/dags/kaldata_dag.py
[2026-06-03T09:30:38.135+0000] {logging_mixin.py:188} INFO - [2026-06-03T09:30:38.135+0000] {dag.py:3047} INFO - Sync 1 DAGs
[2026-06-03T09:30:38.374+0000] {logging_mixin.py:188} INFO - [2026-06-03T09:30:38.374+0000] {dag.py:3834} INFO - Setting next_dagrun for kaldata_scraper to 2026-06-03 00:00:00+00:00, run_after=2026-06-04 00:00:00+00:00
[2026-06-03T09:30:38.874+0000] {processor.py:183} INFO - Processing /opt/airflow/dags/kaldata_dag.py took 3.176 seconds
[2026-06-03T09:31:12.038+0000] {processor.py:161} INFO - Started process (PID=8058) to work on /opt/airflow/dags/kaldata_dag.py
[2026-06-03T09:31:12.093+0000] {processor.py:830} INFO - Processing file /opt/airflow/dags/kaldata_dag.py for tasks to queue
[2026-06-03T09:31:12.097+0000] {logging_mixin.py:188} INFO - [2026-06-03T09:31:12.096+0000] {dagbag.py:540} INFO - Filling up the DagBag from /opt/airflow/dags/kaldata_dag.py
[2026-06-03T09:31:13.524+0000] {processor.py:840} INFO - DAG(s) 'kaldata_scraper' retrieved from /opt/airflow/dags/kaldata_dag.py
[2026-06-03T09:31:13.734+0000] {logging_mixin.py:188} INFO - [2026-06-03T09:31:13.723+0000] {dag.py:3047} INFO - Sync 1 DAGs
[2026-06-03T09:31:13.901+0000] {logging_mixin.py:188} INFO - [2026-06-03T09:31:13.900+0000] {dag.py:3834} INFO - Setting next_dagrun for kaldata_scraper to 2026-06-03 00:00:00+00:00, run_after=2026-06-04 00:00:00+00:00
[2026-06-03T09:31:14.074+0000] {processor.py:183} INFO - Processing /opt/airflow/dags/kaldata_dag.py took 2.053 seconds
[2026-06-03T09:31:50.874+0000] {processor.py:161} INFO - Started process (PID=8088) to work on /opt/airflow/dags/kaldata_dag.py
[2026-06-03T09:31:50.952+0000] {processor.py:830} INFO - Processing file /opt/airflow/dags/kaldata_dag.py for tasks to queue
[2026-06-03T09:31:51.048+0000] {logging_mixin.py:188} INFO - [2026-06-03T09:31:51.047+0000] {dagbag.py:540} INFO - Filling up the DagBag from /opt/airflow/dags/kaldata_dag.py
[2026-06-03T09:31:52.963+0000] {processor.py:840} INFO - DAG(s) 'kaldata_scraper' retrieved from /opt/airflow/dags/kaldata_dag.py
[2026-06-03T09:31:53.220+0000] {logging_mixin.py:188} INFO - [2026-06-03T09:31:53.220+0000] {dag.py:3047} INFO - Sync 1 DAGs
[2026-06-03T09:31:53.405+0000] {logging_mixin.py:188} INFO - [2026-06-03T09:31:53.404+0000] {dag.py:3834} INFO - Setting next_dagrun for kaldata_scraper to 2026-06-03 00:00:00+00:00, run_after=2026-06-04 00:00:00+00:00
[2026-06-03T09:31:53.637+0000] {processor.py:183} INFO - Processing /opt/airflow/dags/kaldata_dag.py took 2.813 seconds
[2026-06-03T09:32:24.179+0000] {processor.py:161} INFO - Started process (PID=8120) to work on /opt/airflow/dags/kaldata_dag.py
[2026-06-03T09:32:24.182+0000] {processor.py:830} INFO - Processing file /opt/airflow/dags/kaldata_dag.py for tasks to queue
[2026-06-03T09:32:24.185+0000] {logging_mixin.py:188} INFO - [2026-06-03T09:32:24.184+0000] {dagbag.py:540} INFO - Filling up the DagBag from /opt/airflow/dags/kaldata_dag.py
[2026-06-03T09:32:24.237+0000] {processor.py:840} INFO - DAG(s) 'kaldata_scraper' retrieved from /opt/airflow/dags/kaldata_dag.py
[2026-06-03T09:32:24.304+0000] {logging_mixin.py:188} INFO - [2026-06-03T09:32:24.303+0000] {dag.py:3047} INFO - Sync 1 DAGs
[2026-06-03T09:32:24.369+0000] {logging_mixin.py:188} INFO - [2026-06-03T09:32:24.369+0000] {dag.py:3834} INFO - Setting next_dagrun for kaldata_scraper to 2026-06-03 00:00:00+00:00, run_after=2026-06-04 00:00:00+00:00
[2026-06-03T09:32:24.443+0000] {processor.py:183} INFO - Processing /opt/airflow/dags/kaldata_dag.py took 0.272 seconds
[2026-06-03T09:32:54.671+0000] {processor.py:161} INFO - Started process (PID=8150) to work on /opt/airflow/dags/kaldata_dag.py
[2026-06-03T09:32:54.674+0000] {processor.py:830} INFO - Processing file /opt/airflow/dags/kaldata_dag.py for tasks to queue
[2026-06-03T09:32:54.677+0000] {logging_mixin.py:188} INFO - [2026-06-03T09:32:54.676+0000] {dagbag.py:540} INFO - Filling up the DagBag from /opt/airflow/dags/kaldata_dag.py
[2026-06-03T09:32:54.740+0000] {processor.py:840} INFO - DAG(s) 'kaldata_scraper' retrieved from /opt/airflow/dags/kaldata_dag.py
[2026-06-03T09:32:54.817+0000] {logging_mixin.py:188} INFO - [2026-06-03T09:32:54.817+0000] {dag.py:3047} INFO - Sync 1 DAGs
[2026-06-03T09:32:54.889+0000] {logging_mixin.py:188} INFO - [2026-06-03T09:32:54.888+0000] {dag.py:3834} INFO - Setting next_dagrun for kaldata_scraper to 2026-06-03 00:00:00+00:00, run_after=2026-06-04 00:00:00+00:00
[2026-06-03T09:32:54.986+0000] {processor.py:183} INFO - Processing /opt/airflow/dags/kaldata_dag.py took 0.326 seconds
[2026-06-03T09:33:25.589+0000] {processor.py:161} INFO - Started process (PID=8180) to work on /opt/airflow/dags/kaldata_dag.py
[2026-06-03T09:33:25.592+0000] {processor.py:830} INFO - Processing file /opt/airflow/dags/kaldata_dag.py for tasks to queue
[2026-06-03T09:33:25.595+0000] {logging_mixin.py:188} INFO - [2026-06-03T09:33:25.594+0000] {dagbag.py:540} INFO - Filling up the DagBag from /opt/airflow/dags/kaldata_dag.py
[2026-06-03T09:33:25.649+0000] {processor.py:840} INFO - DAG(s) 'kaldata_scraper' retrieved from /opt/airflow/dags/kaldata_dag.py
[2026-06-03T09:33:25.754+0000] {logging_mixin.py:188} INFO - [2026-06-03T09:33:25.753+0000] {dag.py:3047} INFO - Sync 1 DAGs
[2026-06-03T09:33:25.815+0000] {logging_mixin.py:188} INFO - [2026-06-03T09:33:25.815+0000] {dag.py:3834} INFO - Setting next_dagrun for kaldata_scraper to 2026-06-03 00:00:00+00:00, run_after=2026-06-04 00:00:00+00:00
[2026-06-03T09:33:25.866+0000] {processor.py:183} INFO - Processing /opt/airflow/dags/kaldata_dag.py took 0.287 seconds
[2026-06-03T09:33:56.169+0000] {processor.py:161} INFO - Started process (PID=8210) to work on /opt/airflow/dags/kaldata_dag.py
[2026-06-03T09:33:56.172+0000] {processor.py:830} INFO - Processing file /opt/airflow/dags/kaldata_dag.py for tasks to queue
[2026-06-03T09:33:56.175+0000] {logging_mixin.py:188} INFO - [2026-06-03T09:33:56.174+0000] {dagbag.py:540} INFO - Filling up the DagBag from /opt/airflow/dags/kaldata_dag.py
[2026-06-03T09:33:56.230+0000] {processor.py:840} INFO - DAG(s) 'kaldata_scraper' retrieved from /opt/airflow/dags/kaldata_dag.py
[2026-06-03T09:33:56.298+0000] {logging_mixin.py:188} INFO - [2026-06-03T09:33:56.297+0000] {dag.py:3047} INFO - Sync 1 DAGs
[2026-06-03T09:33:56.363+0000] {logging_mixin.py:188} INFO - [2026-06-03T09:33:56.363+0000] {dag.py:3834} INFO - Setting next_dagrun for kaldata_scraper to 2026-06-03 00:00:00+00:00, run_after=2026-06-04 00:00:00+00:00
[2026-06-03T09:33:56.571+0000] {processor.py:183} INFO - Processing /opt/airflow/dags/kaldata_dag.py took 0.412 seconds
[2026-06-03T09:34:26.906+0000] {processor.py:161} INFO - Started process (PID=8240) to work on /opt/airflow/dags/kaldata_dag.py
[2026-06-03T09:34:26.909+0000] {processor.py:830} INFO - Processing file /opt/airflow/dags/kaldata_dag.py for tasks to queue
[2026-06-03T09:34:26.912+0000] {logging_mixin.py:188} INFO - [2026-06-03T09:34:26.911+0000] {dagbag.py:540} INFO - Filling up the DagBag from /opt/airflow/dags/kaldata_dag.py
[2026-06-03T09:34:26.962+0000] {processor.py:840} INFO - DAG(s) 'kaldata_scraper' retrieved from /opt/airflow/dags/kaldata_dag.py
[2026-06-03T09:34:27.030+0000] {logging_mixin.py:188} INFO - [2026-06-03T09:34:27.029+0000] {dag.py:3047} INFO - Sync 1 DAGs
[2026-06-03T09:34:27.096+0000] {logging_mixin.py:188} INFO - [2026-06-03T09:34:27.095+0000] {dag.py:3834} INFO - Setting next_dagrun for kaldata_scraper to 2026-06-03 00:00:00+00:00, run_after=2026-06-04 00:00:00+00:00
[2026-06-03T09:34:27.176+0000] {processor.py:183} INFO - Processing /opt/airflow/dags/kaldata_dag.py took 0.280 seconds
[2026-06-03T09:34:57.935+0000] {processor.py:161} INFO - Started process (PID=8268) to work on /opt/airflow/dags/kaldata_dag.py
[2026-06-03T09:34:57.955+0000] {processor.py:830} INFO - Processing file /opt/airflow/dags/kaldata_dag.py for tasks to queue
[2026-06-03T09:34:57.959+0000] {logging_mixin.py:188} INFO - [2026-06-03T09:34:57.958+0000] {dagbag.py:540} INFO - Filling up the DagBag from /opt/airflow/dags/kaldata_dag.py
[2026-06-03T09:34:58.032+0000] {processor.py:840} INFO - DAG(s) 'kaldata_scraper' retrieved from /opt/airflow/dags/kaldata_dag.py
[2026-06-03T09:34:58.121+0000] {logging_mixin.py:188} INFO - [2026-06-03T09:34:58.120+0000] {dag.py:3047} INFO - Sync 1 DAGs
[2026-06-03T09:34:58.190+0000] {logging_mixin.py:188} INFO - [2026-06-03T09:34:58.189+0000] {dag.py:3834} INFO - Setting next_dagrun for kaldata_scraper to 2026-06-03 00:00:00+00:00, run_after=2026-06-04 00:00:00+00:00
[2026-06-03T09:34:58.242+0000] {processor.py:183} INFO - Processing /opt/airflow/dags/kaldata_dag.py took 0.324 seconds
[2026-06-03T09:35:28.648+0000] {processor.py:161} INFO - Started process (PID=8298) to work on /opt/airflow/dags/kaldata_dag.py
[2026-06-03T09:35:28.651+0000] {processor.py:830} INFO - Processing file /opt/airflow/dags/kaldata_dag.py for tasks to queue
[2026-06-03T09:35:28.657+0000] {logging_mixin.py:188} INFO - [2026-06-03T09:35:28.655+0000] {dagbag.py:540} INFO - Filling up the DagBag from /opt/airflow/dags/kaldata_dag.py
[2026-06-03T09:35:28.724+0000] {processor.py:840} INFO - DAG(s) 'kaldata_scraper' retrieved from /opt/airflow/dags/kaldata_dag.py
[2026-06-03T09:35:28.802+0000] {logging_mixin.py:188} INFO - [2026-06-03T09:35:28.802+0000] {dag.py:3047} INFO - Sync 1 DAGs
[2026-06-03T09:35:28.983+0000] {logging_mixin.py:188} INFO - [2026-06-03T09:35:28.983+0000] {dag.py:3834} INFO - Setting next_dagrun for kaldata_scraper to 2026-06-03 00:00:00+00:00, run_after=2026-06-04 00:00:00+00:00
[2026-06-03T09:35:29.146+0000] {processor.py:183} INFO - Processing /opt/airflow/dags/kaldata_dag.py took 0.510 seconds
[2026-06-03T09:35:59.520+0000] {processor.py:161} INFO - Started process (PID=8330) to work on /opt/airflow/dags/kaldata_dag.py
[2026-06-03T09:35:59.523+0000] {processor.py:830} INFO - Processing file /opt/airflow/dags/kaldata_dag.py for tasks to queue
[2026-06-03T09:35:59.526+0000] {logging_mixin.py:188} INFO - [2026-06-03T09:35:59.525+0000] {dagbag.py:540} INFO - Filling up the DagBag from /opt/airflow/dags/kaldata_dag.py
[2026-06-03T09:35:59.578+0000] {processor.py:840} INFO - DAG(s) 'kaldata_scraper' retrieved from /opt/airflow/dags/kaldata_dag.py
[2026-06-03T09:35:59.646+0000] {logging_mixin.py:188} INFO - [2026-06-03T09:35:59.645+0000] {dag.py:3047} INFO - Sync 1 DAGs
[2026-06-03T09:35:59.707+0000] {logging_mixin.py:188} INFO - [2026-06-03T09:35:59.707+0000] {dag.py:3834} INFO - Setting next_dagrun for kaldata_scraper to 2026-06-03 00:00:00+00:00, run_after=2026-06-04 00:00:00+00:00
[2026-06-03T09:35:59.758+0000] {processor.py:183} INFO - Processing /opt/airflow/dags/kaldata_dag.py took 0.248 seconds
[2026-06-03T09:36:29.937+0000] {processor.py:161} INFO - Started process (PID=8360) to work on /opt/airflow/dags/kaldata_dag.py
[2026-06-03T09:36:29.940+0000] {processor.py:830} INFO - Processing file /opt/airflow/dags/kaldata_dag.py for tasks to queue
[2026-06-03T09:36:29.943+0000] {logging_mixin.py:188} INFO - [2026-06-03T09:36:29.942+0000] {dagbag.py:540} INFO - Filling up the DagBag from /opt/airflow/dags/kaldata_dag.py
[2026-06-03T09:36:29.996+0000] {processor.py:840} INFO - DAG(s) 'kaldata_scraper' retrieved from /opt/airflow/dags/kaldata_dag.py
[2026-06-03T09:36:30.064+0000] {logging_mixin.py:188} INFO - [2026-06-03T09:36:30.063+0000] {dag.py:3047} INFO - Sync 1 DAGs
[2026-06-03T09:36:30.127+0000] {logging_mixin.py:188} INFO - [2026-06-03T09:36:30.127+0000] {dag.py:3834} INFO - Setting next_dagrun for kaldata_scraper to 2026-06-03 00:00:00+00:00, run_after=2026-06-04 00:00:00+00:00
[2026-06-03T09:36:30.249+0000] {processor.py:183} INFO - Processing /opt/airflow/dags/kaldata_dag.py took 0.322 seconds
[2026-06-03T09:37:00.562+0000] {processor.py:161} INFO - Started process (PID=8388) to work on /opt/airflow/dags/kaldata_dag.py
[2026-06-03T09:37:00.568+0000] {processor.py:830} INFO - Processing file /opt/airflow/dags/kaldata_dag.py for tasks to queue
[2026-06-03T09:37:00.573+0000] {logging_mixin.py:188} INFO - [2026-06-03T09:37:00.572+0000] {dagbag.py:540} INFO - Filling up the DagBag from /opt/airflow/dags/kaldata_dag.py
[2026-06-03T09:37:00.634+0000] {processor.py:840} INFO - DAG(s) 'kaldata_scraper' retrieved from /opt/airflow/dags/kaldata_dag.py
[2026-06-03T09:37:00.717+0000] {logging_mixin.py:188} INFO - [2026-06-03T09:37:00.716+0000] {dag.py:3047} INFO - Sync 1 DAGs
[2026-06-03T09:37:00.792+0000] {logging_mixin.py:188} INFO - [2026-06-03T09:37:00.791+0000] {dag.py:3834} INFO - Setting next_dagrun for kaldata_scraper to 2026-06-03 00:00:00+00:00, run_after=2026-06-04 00:00:00+00:00
[2026-06-03T09:37:00.846+0000] {processor.py:183} INFO - Processing /opt/airflow/dags/kaldata_dag.py took 0.296 seconds
[2026-06-03T09:37:31.170+0000] {processor.py:161} INFO - Started process (PID=8418) to work on /opt/airflow/dags/kaldata_dag.py
[2026-06-03T09:37:31.176+0000] {processor.py:830} INFO - Processing file /opt/airflow/dags/kaldata_dag.py for tasks to queue
[2026-06-03T09:37:31.179+0000] {logging_mixin.py:188} INFO - [2026-06-03T09:37:31.178+0000] {dagbag.py:540} INFO - Filling up the DagBag from /opt/airflow/dags/kaldata_dag.py
[2026-06-03T09:37:31.237+0000] {processor.py:840} INFO - DAG(s) 'kaldata_scraper' retrieved from /opt/airflow/dags/kaldata_dag.py
[2026-06-03T09:37:31.322+0000] {logging_mixin.py:188} INFO - [2026-06-03T09:37:31.320+0000] {dag.py:3047} INFO - Sync 1 DAGs
[2026-06-03T09:37:31.512+0000] {logging_mixin.py:188} INFO - [2026-06-03T09:37:31.511+0000] {dag.py:3834} INFO - Setting next_dagrun for kaldata_scraper to 2026-06-03 00:00:00+00:00, run_after=2026-06-04 00:00:00+00:00
[2026-06-03T09:37:31.751+0000] {processor.py:183} INFO - Processing /opt/airflow/dags/kaldata_dag.py took 0.596 seconds
[2026-06-03T09:38:02.244+0000] {processor.py:161} INFO - Started process (PID=8450) to work on /opt/airflow/dags/kaldata_dag.py
[2026-06-03T09:38:02.247+0000] {processor.py:830} INFO - Processing file /opt/airflow/dags/kaldata_dag.py for tasks to queue
[2026-06-03T09:38:02.249+0000] {logging_mixin.py:188} INFO - [2026-06-03T09:38:02.248+0000] {dagbag.py:540} INFO - Filling up the DagBag from /opt/airflow/dags/kaldata_dag.py
[2026-06-03T09:38:02.300+0000] {processor.py:840} INFO - DAG(s) 'kaldata_scraper' retrieved from /opt/airflow/dags/kaldata_dag.py
[2026-06-03T09:38:02.365+0000] {logging_mixin.py:188} INFO - [2026-06-03T09:38:02.364+0000] {dag.py:3047} INFO - Sync 1 DAGs
[2026-06-03T09:38:02.429+0000] {logging_mixin.py:188} INFO - [2026-06-03T09:38:02.429+0000] {dag.py:3834} INFO - Setting next_dagrun for kaldata_scraper to 2026-06-03 00:00:00+00:00, run_after=2026-06-04 00:00:00+00:00
[2026-06-03T09:38:02.481+0000] {processor.py:183} INFO - Processing /opt/airflow/dags/kaldata_dag.py took 0.248 seconds
[2026-06-03T09:38:33.219+0000] {processor.py:161} INFO - Started process (PID=8480) to work on /opt/airflow/dags/kaldata_dag.py
[2026-06-03T09:38:33.223+0000] {processor.py:830} INFO - Processing file /opt/airflow/dags/kaldata_dag.py for tasks to queue
[2026-06-03T09:38:33.225+0000] {logging_mixin.py:188} INFO - [2026-06-03T09:38:33.225+0000] {dagbag.py:540} INFO - Filling up the DagBag from /opt/airflow/dags/kaldata_dag.py
[2026-06-03T09:38:33.280+0000] {processor.py:840} INFO - DAG(s) 'kaldata_scraper' retrieved from /opt/airflow/dags/kaldata_dag.py
[2026-06-03T09:38:33.357+0000] {logging_mixin.py:188} INFO - [2026-06-03T09:38:33.356+0000] {dag.py:3047} INFO - Sync 1 DAGs
[2026-06-03T09:38:33.421+0000] {logging_mixin.py:188} INFO - [2026-06-03T09:38:33.420+0000] {dag.py:3834} INFO - Setting next_dagrun for kaldata_scraper to 2026-06-03 00:00:00+00:00, run_after=2026-06-04 00:00:00+00:00
[2026-06-03T09:38:33.468+0000] {processor.py:183} INFO - Processing /opt/airflow/dags/kaldata_dag.py took 0.260 seconds
[2026-06-03T09:39:04.431+0000] {processor.py:161} INFO - Started process (PID=8510) to work on /opt/airflow/dags/kaldata_dag.py
[2026-06-03T09:39:04.434+0000] {processor.py:830} INFO - Processing file /opt/airflow/dags/kaldata_dag.py for tasks to queue
[2026-06-03T09:39:04.437+0000] {logging_mixin.py:188} INFO - [2026-06-03T09:39:04.436+0000] {dagbag.py:540} INFO - Filling up the DagBag from /opt/airflow/dags/kaldata_dag.py
[2026-06-03T09:39:04.490+0000] {processor.py:840} INFO - DAG(s) 'kaldata_scraper' retrieved from /opt/airflow/dags/kaldata_dag.py
[2026-06-03T09:39:04.556+0000] {logging_mixin.py:188} INFO - [2026-06-03T09:39:04.555+0000] {dag.py:3047} INFO - Sync 1 DAGs
[2026-06-03T09:39:04.618+0000] {logging_mixin.py:188} INFO - [2026-06-03T09:39:04.617+0000] {dag.py:3834} INFO - Setting next_dagrun for kaldata_scraper to 2026-06-03 00:00:00+00:00, run_after=2026-06-04 00:00:00+00:00
[2026-06-03T09:39:04.667+0000] {processor.py:183} INFO - Processing /opt/airflow/dags/kaldata_dag.py took 0.244 seconds
[2026-06-03T09:39:34.916+0000] {processor.py:161} INFO - Started process (PID=8540) to work on /opt/airflow/dags/kaldata_dag.py
[2026-06-03T09:39:34.919+0000] {processor.py:830} INFO - Processing file /opt/airflow/dags/kaldata_dag.py for tasks to queue
[2026-06-03T09:39:34.922+0000] {logging_mixin.py:188} INFO - [2026-06-03T09:39:34.921+0000] {dagbag.py:540} INFO - Filling up the DagBag from /opt/airflow/dags/kaldata_dag.py
[2026-06-03T09:39:34.979+0000] {processor.py:840} INFO - DAG(s) 'kaldata_scraper' retrieved from /opt/airflow/dags/kaldata_dag.py
[2026-06-03T09:39:35.047+0000] {logging_mixin.py:188} INFO - [2026-06-03T09:39:35.046+0000] {dag.py:3047} INFO - Sync 1 DAGs
[2026-06-03T09:39:35.110+0000] {logging_mixin.py:188} INFO - [2026-06-03T09:39:35.109+0000] {dag.py:3834} INFO - Setting next_dagrun for kaldata_scraper to 2026-06-03 00:00:00+00:00, run_after=2026-06-04 00:00:00+00:00
[2026-06-03T09:39:35.159+0000] {processor.py:183} INFO - Processing /opt/airflow/dags/kaldata_dag.py took 0.254 seconds
[2026-06-03T09:40:05.634+0000] {processor.py:161} INFO - Started process (PID=8570) to work on /opt/airflow/dags/kaldata_dag.py
[2026-06-03T09:40:05.638+0000] {processor.py:830} INFO - Processing file /opt/airflow/dags/kaldata_dag.py for tasks to queue
[2026-06-03T09:40:05.644+0000] {logging_mixin.py:188} INFO - [2026-06-03T09:40:05.642+0000] {dagbag.py:540} INFO - Filling up the DagBag from /opt/airflow/dags/kaldata_dag.py
[2026-06-03T09:40:05.699+0000] {processor.py:840} INFO - DAG(s) 'kaldata_scraper' retrieved from /opt/airflow/dags/kaldata_dag.py
[2026-06-03T09:40:05.761+0000] {logging_mixin.py:188} INFO - [2026-06-03T09:40:05.761+0000] {dag.py:3047} INFO - Sync 1 DAGs
[2026-06-03T09:40:05.825+0000] {logging_mixin.py:188} INFO - [2026-06-03T09:40:05.825+0000] {dag.py:3834} INFO - Setting next_dagrun for kaldata_scraper to 2026-06-03 00:00:00+00:00, run_after=2026-06-04 00:00:00+00:00
[2026-06-03T09:40:05.878+0000] {processor.py:183} INFO - Processing /opt/airflow/dags/kaldata_dag.py took 0.255 seconds
