[2026-05-13T13:26:40.290+0000] {processor.py:161} INFO - Started process (PID=56) to work on /opt/airflow/dags/inegi_playwright_dag.py
[2026-05-13T13:26:40.304+0000] {processor.py:830} INFO - Processing file /opt/airflow/dags/inegi_playwright_dag.py for tasks to queue
[2026-05-13T13:26:40.324+0000] {logging_mixin.py:188} INFO - [2026-05-13T13:26:40.322+0000] {dagbag.py:540} INFO - Filling up the DagBag from /opt/airflow/dags/inegi_playwright_dag.py
[2026-05-13T13:26:40.820+0000] {processor.py:840} INFO - DAG(s) 'inegi_playwright' retrieved from /opt/airflow/dags/inegi_playwright_dag.py
[2026-05-13T13:26:41.959+0000] {logging_mixin.py:188} INFO - [2026-05-13T13:26:41.958+0000] {override.py:1769} INFO - Created Permission View: can edit on DAG:inegi_playwright
[2026-05-13T13:26:42.002+0000] {logging_mixin.py:188} INFO - [2026-05-13T13:26:42.001+0000] {override.py:1769} INFO - Created Permission View: can delete on DAG:inegi_playwright
[2026-05-13T13:26:42.025+0000] {logging_mixin.py:188} INFO - [2026-05-13T13:26:42.024+0000] {override.py:1769} INFO - Created Permission View: can read on DAG:inegi_playwright
[2026-05-13T13:26:42.027+0000] {logging_mixin.py:188} INFO - [2026-05-13T13:26:42.026+0000] {dag.py:3047} INFO - Sync 1 DAGs
[2026-05-13T13:26:42.122+0000] {logging_mixin.py:188} WARNING - /home/airflow/.local/lib/python3.8/site-packages/airflow/models/dag.py:3585 DeprecationWarning: The dag_concurrency option in [core] has been renamed to max_active_tasks_per_dag - the old setting has been used, but please update your config.
[2026-05-13T13:26:42.126+0000] {logging_mixin.py:188} INFO - [2026-05-13T13:26:42.125+0000] {dag.py:3069} INFO - Creating ORM DAG for inegi_playwright
[2026-05-13T13:26:42.200+0000] {logging_mixin.py:188} INFO - [2026-05-13T13:26:42.199+0000] {dag.py:3834} INFO - Setting next_dagrun for inegi_playwright to 2026-05-12 00:00:00+00:00, run_after=2026-05-13 00:00:00+00:00
[2026-05-13T13:26:42.273+0000] {processor.py:183} INFO - Processing /opt/airflow/dags/inegi_playwright_dag.py took 2.035 seconds
[2026-05-13T13:27:12.668+0000] {processor.py:161} INFO - Started process (PID=86) to work on /opt/airflow/dags/inegi_playwright_dag.py
[2026-05-13T13:27:12.686+0000] {processor.py:830} INFO - Processing file /opt/airflow/dags/inegi_playwright_dag.py for tasks to queue
[2026-05-13T13:27:12.693+0000] {logging_mixin.py:188} INFO - [2026-05-13T13:27:12.692+0000] {dagbag.py:540} INFO - Filling up the DagBag from /opt/airflow/dags/inegi_playwright_dag.py
[2026-05-13T13:27:12.885+0000] {processor.py:840} INFO - DAG(s) 'inegi_playwright' retrieved from /opt/airflow/dags/inegi_playwright_dag.py
[2026-05-13T13:27:13.949+0000] {logging_mixin.py:188} INFO - [2026-05-13T13:27:13.936+0000] {dag.py:3047} INFO - Sync 1 DAGs
[2026-05-13T13:27:14.549+0000] {logging_mixin.py:188} INFO - [2026-05-13T13:27:14.549+0000] {dag.py:3834} INFO - Setting next_dagrun for inegi_playwright to 2026-05-12 00:00:00+00:00, run_after=2026-05-13 00:00:00+00:00
[2026-05-13T13:27:14.808+0000] {processor.py:183} INFO - Processing /opt/airflow/dags/inegi_playwright_dag.py took 2.176 seconds
[2026-05-13T13:27:47.303+0000] {processor.py:161} INFO - Started process (PID=116) to work on /opt/airflow/dags/inegi_playwright_dag.py
[2026-05-13T13:27:47.367+0000] {processor.py:830} INFO - Processing file /opt/airflow/dags/inegi_playwright_dag.py for tasks to queue
[2026-05-13T13:27:47.371+0000] {logging_mixin.py:188} INFO - [2026-05-13T13:27:47.370+0000] {dagbag.py:540} INFO - Filling up the DagBag from /opt/airflow/dags/inegi_playwright_dag.py
[2026-05-13T13:27:48.499+0000] {processor.py:840} INFO - DAG(s) 'inegi_playwright' retrieved from /opt/airflow/dags/inegi_playwright_dag.py
[2026-05-13T13:27:48.689+0000] {logging_mixin.py:188} INFO - [2026-05-13T13:27:48.689+0000] {dag.py:3047} INFO - Sync 1 DAGs
[2026-05-13T13:27:48.862+0000] {logging_mixin.py:188} INFO - [2026-05-13T13:27:48.862+0000] {dag.py:3834} INFO - Setting next_dagrun for inegi_playwright to 2026-05-12 00:00:00+00:00, run_after=2026-05-13 00:00:00+00:00
[2026-05-13T13:27:49.023+0000] {processor.py:183} INFO - Processing /opt/airflow/dags/inegi_playwright_dag.py took 1.753 seconds
[2026-05-13T13:28:22.410+0000] {processor.py:161} INFO - Started process (PID=146) to work on /opt/airflow/dags/inegi_playwright_dag.py
[2026-05-13T13:28:22.424+0000] {processor.py:830} INFO - Processing file /opt/airflow/dags/inegi_playwright_dag.py for tasks to queue
[2026-05-13T13:28:22.440+0000] {logging_mixin.py:188} INFO - [2026-05-13T13:28:22.439+0000] {dagbag.py:540} INFO - Filling up the DagBag from /opt/airflow/dags/inegi_playwright_dag.py
[2026-05-13T13:28:22.788+0000] {processor.py:840} INFO - DAG(s) 'inegi_playwright' retrieved from /opt/airflow/dags/inegi_playwright_dag.py
[2026-05-13T13:28:23.077+0000] {logging_mixin.py:188} INFO - [2026-05-13T13:28:23.076+0000] {dag.py:3047} INFO - Sync 1 DAGs
[2026-05-13T13:28:23.320+0000] {logging_mixin.py:188} INFO - [2026-05-13T13:28:23.320+0000] {dag.py:3834} INFO - Setting next_dagrun for inegi_playwright to 2026-05-12 00:00:00+00:00, run_after=2026-05-13 00:00:00+00:00
[2026-05-13T13:28:23.662+0000] {processor.py:183} INFO - Processing /opt/airflow/dags/inegi_playwright_dag.py took 1.285 seconds
[2026-05-13T13:28:54.873+0000] {processor.py:161} INFO - Started process (PID=176) to work on /opt/airflow/dags/inegi_playwright_dag.py
[2026-05-13T13:28:54.960+0000] {processor.py:830} INFO - Processing file /opt/airflow/dags/inegi_playwright_dag.py for tasks to queue
[2026-05-13T13:28:55.038+0000] {logging_mixin.py:188} INFO - [2026-05-13T13:28:55.037+0000] {dagbag.py:540} INFO - Filling up the DagBag from /opt/airflow/dags/inegi_playwright_dag.py
[2026-05-13T13:28:55.198+0000] {processor.py:840} INFO - DAG(s) 'inegi_playwright' retrieved from /opt/airflow/dags/inegi_playwright_dag.py
[2026-05-13T13:28:55.584+0000] {logging_mixin.py:188} INFO - [2026-05-13T13:28:55.571+0000] {dag.py:3047} INFO - Sync 1 DAGs
[2026-05-13T13:28:55.920+0000] {logging_mixin.py:188} INFO - [2026-05-13T13:28:55.907+0000] {dag.py:3834} INFO - Setting next_dagrun for inegi_playwright to 2026-05-12 00:00:00+00:00, run_after=2026-05-13 00:00:00+00:00
[2026-05-13T13:28:56.290+0000] {processor.py:183} INFO - Processing /opt/airflow/dags/inegi_playwright_dag.py took 1.449 seconds
[2026-05-13T13:29:34.622+0000] {processor.py:161} INFO - Started process (PID=206) to work on /opt/airflow/dags/inegi_playwright_dag.py
[2026-05-13T13:29:34.865+0000] {processor.py:830} INFO - Processing file /opt/airflow/dags/inegi_playwright_dag.py for tasks to queue
[2026-05-13T13:29:34.876+0000] {logging_mixin.py:188} INFO - [2026-05-13T13:29:34.875+0000] {dagbag.py:540} INFO - Filling up the DagBag from /opt/airflow/dags/inegi_playwright_dag.py
[2026-05-13T13:29:35.063+0000] {processor.py:840} INFO - DAG(s) 'inegi_playwright' retrieved from /opt/airflow/dags/inegi_playwright_dag.py
[2026-05-13T13:29:35.313+0000] {logging_mixin.py:188} INFO - [2026-05-13T13:29:35.312+0000] {dag.py:3047} INFO - Sync 1 DAGs
[2026-05-13T13:29:35.888+0000] {logging_mixin.py:188} INFO - [2026-05-13T13:29:35.887+0000] {dag.py:3834} INFO - Setting next_dagrun for inegi_playwright to 2026-05-12 00:00:00+00:00, run_after=2026-05-13 00:00:00+00:00
[2026-05-13T13:29:36.382+0000] {processor.py:183} INFO - Processing /opt/airflow/dags/inegi_playwright_dag.py took 1.789 seconds
[2026-05-13T13:30:11.382+0000] {processor.py:161} INFO - Started process (PID=236) to work on /opt/airflow/dags/inegi_playwright_dag.py
[2026-05-13T13:30:11.386+0000] {processor.py:830} INFO - Processing file /opt/airflow/dags/inegi_playwright_dag.py for tasks to queue
[2026-05-13T13:30:11.401+0000] {logging_mixin.py:188} INFO - [2026-05-13T13:30:11.400+0000] {dagbag.py:540} INFO - Filling up the DagBag from /opt/airflow/dags/inegi_playwright_dag.py
[2026-05-13T13:30:11.660+0000] {processor.py:840} INFO - DAG(s) 'inegi_playwright' retrieved from /opt/airflow/dags/inegi_playwright_dag.py
[2026-05-13T13:30:11.763+0000] {logging_mixin.py:188} INFO - [2026-05-13T13:30:11.762+0000] {dag.py:3047} INFO - Sync 1 DAGs
[2026-05-13T13:30:11.861+0000] {logging_mixin.py:188} INFO - [2026-05-13T13:30:11.861+0000] {dag.py:3834} INFO - Setting next_dagrun for inegi_playwright to 2026-05-12 00:00:00+00:00, run_after=2026-05-13 00:00:00+00:00
[2026-05-13T13:30:11.939+0000] {processor.py:183} INFO - Processing /opt/airflow/dags/inegi_playwright_dag.py took 0.580 seconds
[2026-05-13T13:30:42.404+0000] {processor.py:161} INFO - Started process (PID=266) to work on /opt/airflow/dags/inegi_playwright_dag.py
[2026-05-13T13:30:42.410+0000] {processor.py:830} INFO - Processing file /opt/airflow/dags/inegi_playwright_dag.py for tasks to queue
[2026-05-13T13:30:42.413+0000] {logging_mixin.py:188} INFO - [2026-05-13T13:30:42.412+0000] {dagbag.py:540} INFO - Filling up the DagBag from /opt/airflow/dags/inegi_playwright_dag.py
[2026-05-13T13:30:42.795+0000] {processor.py:840} INFO - DAG(s) 'inegi_playwright' retrieved from /opt/airflow/dags/inegi_playwright_dag.py
[2026-05-13T13:30:43.023+0000] {logging_mixin.py:188} INFO - [2026-05-13T13:30:43.022+0000] {dag.py:3047} INFO - Sync 1 DAGs
[2026-05-13T13:30:43.329+0000] {logging_mixin.py:188} INFO - [2026-05-13T13:30:43.328+0000] {dag.py:3834} INFO - Setting next_dagrun for inegi_playwright to 2026-05-12 00:00:00+00:00, run_after=2026-05-13 00:00:00+00:00
[2026-05-13T13:30:43.467+0000] {processor.py:183} INFO - Processing /opt/airflow/dags/inegi_playwright_dag.py took 1.078 seconds
[2026-05-13T13:33:38.564+0000] {processor.py:161} INFO - Started process (PID=58) to work on /opt/airflow/dags/inegi_playwright_dag.py
[2026-05-13T13:33:38.618+0000] {processor.py:830} INFO - Processing file /opt/airflow/dags/inegi_playwright_dag.py for tasks to queue
[2026-05-13T13:33:38.655+0000] {logging_mixin.py:188} INFO - [2026-05-13T13:33:38.654+0000] {dagbag.py:540} INFO - Filling up the DagBag from /opt/airflow/dags/inegi_playwright_dag.py
[2026-05-13T13:33:40.120+0000] {processor.py:840} INFO - DAG(s) 'inegi_playwright' retrieved from /opt/airflow/dags/inegi_playwright_dag.py
[2026-05-13T13:33:40.417+0000] {logging_mixin.py:188} INFO - [2026-05-13T13:33:40.404+0000] {dag.py:3047} INFO - Sync 1 DAGs
[2026-05-13T13:33:40.690+0000] {logging_mixin.py:188} INFO - [2026-05-13T13:33:40.689+0000] {dag.py:3834} INFO - Setting next_dagrun for inegi_playwright to 2026-05-12 00:00:00+00:00, run_after=2026-05-13 00:00:00+00:00
[2026-05-13T13:33:41.031+0000] {processor.py:183} INFO - Processing /opt/airflow/dags/inegi_playwright_dag.py took 2.503 seconds
[2026-05-13T13:33:46.008+0000] {processor.py:161} INFO - Started process (PID=71) to work on /opt/airflow/dags/inegi_playwright_dag.py
[2026-05-13T13:33:46.022+0000] {processor.py:830} INFO - Processing file /opt/airflow/dags/inegi_playwright_dag.py for tasks to queue
[2026-05-13T13:33:46.030+0000] {logging_mixin.py:188} INFO - [2026-05-13T13:33:46.029+0000] {dagbag.py:540} INFO - Filling up the DagBag from /opt/airflow/dags/inegi_playwright_dag.py
[2026-05-13T13:33:47.152+0000] {processor.py:840} INFO - DAG(s) 'inegi_playwright' retrieved from /opt/airflow/dags/inegi_playwright_dag.py
[2026-05-13T13:33:47.412+0000] {logging_mixin.py:188} INFO - [2026-05-13T13:33:47.412+0000] {dag.py:3047} INFO - Sync 1 DAGs
[2026-05-13T13:33:47.597+0000] {logging_mixin.py:188} INFO - [2026-05-13T13:33:47.597+0000] {dag.py:3834} INFO - Setting next_dagrun for inegi_playwright to 2026-05-12 00:00:00+00:00, run_after=2026-05-13 00:00:00+00:00
[2026-05-13T13:33:48.161+0000] {processor.py:183} INFO - Processing /opt/airflow/dags/inegi_playwright_dag.py took 2.173 seconds
[2026-05-13T13:34:18.865+0000] {processor.py:161} INFO - Started process (PID=103) to work on /opt/airflow/dags/inegi_playwright_dag.py
[2026-05-13T13:34:18.913+0000] {processor.py:830} INFO - Processing file /opt/airflow/dags/inegi_playwright_dag.py for tasks to queue
[2026-05-13T13:34:18.961+0000] {logging_mixin.py:188} INFO - [2026-05-13T13:34:18.932+0000] {dagbag.py:540} INFO - Filling up the DagBag from /opt/airflow/dags/inegi_playwright_dag.py
[2026-05-13T13:34:19.749+0000] {processor.py:840} INFO - DAG(s) 'inegi_playwright' retrieved from /opt/airflow/dags/inegi_playwright_dag.py
[2026-05-13T13:34:20.052+0000] {logging_mixin.py:188} INFO - [2026-05-13T13:34:20.052+0000] {dag.py:3047} INFO - Sync 1 DAGs
[2026-05-13T13:34:20.364+0000] {logging_mixin.py:188} INFO - [2026-05-13T13:34:20.363+0000] {dag.py:3834} INFO - Setting next_dagrun for inegi_playwright to 2026-05-12 00:00:00+00:00, run_after=2026-05-13 00:00:00+00:00
[2026-05-13T13:34:20.801+0000] {processor.py:183} INFO - Processing /opt/airflow/dags/inegi_playwright_dag.py took 1.955 seconds
[2026-05-13T13:35:02.399+0000] {processor.py:161} INFO - Started process (PID=131) to work on /opt/airflow/dags/inegi_playwright_dag.py
[2026-05-13T13:35:03.010+0000] {processor.py:830} INFO - Processing file /opt/airflow/dags/inegi_playwright_dag.py for tasks to queue
[2026-05-13T13:35:03.262+0000] {logging_mixin.py:188} INFO - [2026-05-13T13:35:03.259+0000] {dagbag.py:540} INFO - Filling up the DagBag from /opt/airflow/dags/inegi_playwright_dag.py
[2026-05-13T13:35:06.856+0000] {processor.py:840} INFO - DAG(s) 'inegi_playwright' retrieved from /opt/airflow/dags/inegi_playwright_dag.py
[2026-05-13T13:35:10.236+0000] {logging_mixin.py:188} INFO - [2026-05-13T13:35:10.126+0000] {dag.py:3047} INFO - Sync 1 DAGs
[2026-05-13T13:35:13.997+0000] {logging_mixin.py:188} INFO - [2026-05-13T13:35:13.996+0000] {dag.py:3834} INFO - Setting next_dagrun for inegi_playwright to 2026-05-12 00:00:00+00:00, run_after=2026-05-13 00:00:00+00:00
[2026-05-13T13:35:15.366+0000] {processor.py:183} INFO - Processing /opt/airflow/dags/inegi_playwright_dag.py took 14.283 seconds
[2026-05-13T13:35:49.045+0000] {processor.py:161} INFO - Started process (PID=163) to work on /opt/airflow/dags/inegi_playwright_dag.py
[2026-05-13T13:35:49.070+0000] {processor.py:830} INFO - Processing file /opt/airflow/dags/inegi_playwright_dag.py for tasks to queue
[2026-05-13T13:35:49.089+0000] {logging_mixin.py:188} INFO - [2026-05-13T13:35:49.088+0000] {dagbag.py:540} INFO - Filling up the DagBag from /opt/airflow/dags/inegi_playwright_dag.py
[2026-05-13T13:35:50.025+0000] {processor.py:840} INFO - DAG(s) 'inegi_playwright' retrieved from /opt/airflow/dags/inegi_playwright_dag.py
[2026-05-13T13:35:50.239+0000] {logging_mixin.py:188} INFO - [2026-05-13T13:35:50.238+0000] {dag.py:3047} INFO - Sync 1 DAGs
[2026-05-13T13:35:50.440+0000] {logging_mixin.py:188} INFO - [2026-05-13T13:35:50.439+0000] {dag.py:3834} INFO - Setting next_dagrun for inegi_playwright to 2026-05-12 00:00:00+00:00, run_after=2026-05-13 00:00:00+00:00
[2026-05-13T13:35:50.801+0000] {processor.py:183} INFO - Processing /opt/airflow/dags/inegi_playwright_dag.py took 1.777 seconds
[2026-05-13T13:36:23.065+0000] {processor.py:161} INFO - Started process (PID=193) to work on /opt/airflow/dags/inegi_playwright_dag.py
[2026-05-13T13:36:23.102+0000] {processor.py:830} INFO - Processing file /opt/airflow/dags/inegi_playwright_dag.py for tasks to queue
[2026-05-13T13:36:23.164+0000] {logging_mixin.py:188} INFO - [2026-05-13T13:36:23.162+0000] {dagbag.py:540} INFO - Filling up the DagBag from /opt/airflow/dags/inegi_playwright_dag.py
[2026-05-13T13:36:24.126+0000] {processor.py:840} INFO - DAG(s) 'inegi_playwright' retrieved from /opt/airflow/dags/inegi_playwright_dag.py
[2026-05-13T13:36:24.416+0000] {logging_mixin.py:188} INFO - [2026-05-13T13:36:24.415+0000] {dag.py:3047} INFO - Sync 1 DAGs
[2026-05-13T13:36:24.642+0000] {logging_mixin.py:188} INFO - [2026-05-13T13:36:24.630+0000] {dag.py:3834} INFO - Setting next_dagrun for inegi_playwright to 2026-05-12 00:00:00+00:00, run_after=2026-05-13 00:00:00+00:00
[2026-05-13T13:36:24.970+0000] {processor.py:183} INFO - Processing /opt/airflow/dags/inegi_playwright_dag.py took 1.938 seconds
[2026-05-13T13:36:56.942+0000] {processor.py:161} INFO - Started process (PID=221) to work on /opt/airflow/dags/inegi_playwright_dag.py
[2026-05-13T13:36:57.022+0000] {processor.py:830} INFO - Processing file /opt/airflow/dags/inegi_playwright_dag.py for tasks to queue
[2026-05-13T13:36:57.053+0000] {logging_mixin.py:188} INFO - [2026-05-13T13:36:57.052+0000] {dagbag.py:540} INFO - Filling up the DagBag from /opt/airflow/dags/inegi_playwright_dag.py
[2026-05-13T13:36:57.444+0000] {processor.py:840} INFO - DAG(s) 'inegi_playwright' retrieved from /opt/airflow/dags/inegi_playwright_dag.py
[2026-05-13T13:36:57.771+0000] {logging_mixin.py:188} INFO - [2026-05-13T13:36:57.765+0000] {dag.py:3047} INFO - Sync 1 DAGs
[2026-05-13T13:36:57.895+0000] {logging_mixin.py:188} INFO - [2026-05-13T13:36:57.894+0000] {dag.py:3834} INFO - Setting next_dagrun for inegi_playwright to 2026-05-12 00:00:00+00:00, run_after=2026-05-13 00:00:00+00:00
[2026-05-13T13:36:57.961+0000] {processor.py:183} INFO - Processing /opt/airflow/dags/inegi_playwright_dag.py took 1.131 seconds
[2026-05-13T13:37:28.763+0000] {processor.py:161} INFO - Started process (PID=253) to work on /opt/airflow/dags/inegi_playwright_dag.py
[2026-05-13T13:37:28.776+0000] {processor.py:830} INFO - Processing file /opt/airflow/dags/inegi_playwright_dag.py for tasks to queue
[2026-05-13T13:37:28.799+0000] {logging_mixin.py:188} INFO - [2026-05-13T13:37:28.798+0000] {dagbag.py:540} INFO - Filling up the DagBag from /opt/airflow/dags/inegi_playwright_dag.py
[2026-05-13T13:37:29.098+0000] {processor.py:840} INFO - DAG(s) 'inegi_playwright' retrieved from /opt/airflow/dags/inegi_playwright_dag.py
[2026-05-13T13:37:29.196+0000] {logging_mixin.py:188} INFO - [2026-05-13T13:37:29.195+0000] {dag.py:3047} INFO - Sync 1 DAGs
[2026-05-13T13:37:29.280+0000] {logging_mixin.py:188} INFO - [2026-05-13T13:37:29.279+0000] {dag.py:3834} INFO - Setting next_dagrun for inegi_playwright to 2026-05-12 00:00:00+00:00, run_after=2026-05-13 00:00:00+00:00
[2026-05-13T13:37:29.387+0000] {processor.py:183} INFO - Processing /opt/airflow/dags/inegi_playwright_dag.py took 0.644 seconds
[2026-05-13T13:38:00.746+0000] {processor.py:161} INFO - Started process (PID=283) to work on /opt/airflow/dags/inegi_playwright_dag.py
[2026-05-13T13:38:00.765+0000] {processor.py:830} INFO - Processing file /opt/airflow/dags/inegi_playwright_dag.py for tasks to queue
[2026-05-13T13:38:00.775+0000] {logging_mixin.py:188} INFO - [2026-05-13T13:38:00.774+0000] {dagbag.py:540} INFO - Filling up the DagBag from /opt/airflow/dags/inegi_playwright_dag.py
[2026-05-13T13:38:01.043+0000] {processor.py:840} INFO - DAG(s) 'inegi_playwright' retrieved from /opt/airflow/dags/inegi_playwright_dag.py
[2026-05-13T13:38:01.108+0000] {logging_mixin.py:188} INFO - [2026-05-13T13:38:01.108+0000] {dag.py:3047} INFO - Sync 1 DAGs
[2026-05-13T13:38:01.169+0000] {logging_mixin.py:188} INFO - [2026-05-13T13:38:01.169+0000] {dag.py:3834} INFO - Setting next_dagrun for inegi_playwright to 2026-05-12 00:00:00+00:00, run_after=2026-05-13 00:00:00+00:00
[2026-05-13T13:38:01.305+0000] {processor.py:183} INFO - Processing /opt/airflow/dags/inegi_playwright_dag.py took 0.568 seconds
[2026-05-13T13:38:32.141+0000] {processor.py:161} INFO - Started process (PID=313) to work on /opt/airflow/dags/inegi_playwright_dag.py
[2026-05-13T13:38:32.144+0000] {processor.py:830} INFO - Processing file /opt/airflow/dags/inegi_playwright_dag.py for tasks to queue
[2026-05-13T13:38:32.157+0000] {logging_mixin.py:188} INFO - [2026-05-13T13:38:32.156+0000] {dagbag.py:540} INFO - Filling up the DagBag from /opt/airflow/dags/inegi_playwright_dag.py
[2026-05-13T13:38:32.260+0000] {processor.py:840} INFO - DAG(s) 'inegi_playwright' retrieved from /opt/airflow/dags/inegi_playwright_dag.py
[2026-05-13T13:38:32.415+0000] {logging_mixin.py:188} INFO - [2026-05-13T13:38:32.414+0000] {dag.py:3047} INFO - Sync 1 DAGs
[2026-05-13T13:38:32.653+0000] {logging_mixin.py:188} INFO - [2026-05-13T13:38:32.652+0000] {dag.py:3834} INFO - Setting next_dagrun for inegi_playwright to 2026-05-12 00:00:00+00:00, run_after=2026-05-13 00:00:00+00:00
[2026-05-13T13:38:32.893+0000] {processor.py:183} INFO - Processing /opt/airflow/dags/inegi_playwright_dag.py took 0.784 seconds
[2026-05-13T13:39:03.658+0000] {processor.py:161} INFO - Started process (PID=343) to work on /opt/airflow/dags/inegi_playwright_dag.py
[2026-05-13T13:39:03.662+0000] {processor.py:830} INFO - Processing file /opt/airflow/dags/inegi_playwright_dag.py for tasks to queue
[2026-05-13T13:39:03.665+0000] {logging_mixin.py:188} INFO - [2026-05-13T13:39:03.664+0000] {dagbag.py:540} INFO - Filling up the DagBag from /opt/airflow/dags/inegi_playwright_dag.py
[2026-05-13T13:39:03.733+0000] {processor.py:840} INFO - DAG(s) 'inegi_playwright' retrieved from /opt/airflow/dags/inegi_playwright_dag.py
[2026-05-13T13:39:03.814+0000] {logging_mixin.py:188} INFO - [2026-05-13T13:39:03.813+0000] {dag.py:3047} INFO - Sync 1 DAGs
[2026-05-13T13:39:04.034+0000] {logging_mixin.py:188} INFO - [2026-05-13T13:39:04.029+0000] {dag.py:3834} INFO - Setting next_dagrun for inegi_playwright to 2026-05-12 00:00:00+00:00, run_after=2026-05-13 00:00:00+00:00
[2026-05-13T13:39:04.411+0000] {processor.py:183} INFO - Processing /opt/airflow/dags/inegi_playwright_dag.py took 0.768 seconds
[2026-05-13T13:39:35.115+0000] {processor.py:161} INFO - Started process (PID=373) to work on /opt/airflow/dags/inegi_playwright_dag.py
[2026-05-13T13:39:35.128+0000] {processor.py:830} INFO - Processing file /opt/airflow/dags/inegi_playwright_dag.py for tasks to queue
[2026-05-13T13:39:35.138+0000] {logging_mixin.py:188} INFO - [2026-05-13T13:39:35.137+0000] {dagbag.py:540} INFO - Filling up the DagBag from /opt/airflow/dags/inegi_playwright_dag.py
[2026-05-13T13:39:35.318+0000] {processor.py:840} INFO - DAG(s) 'inegi_playwright' retrieved from /opt/airflow/dags/inegi_playwright_dag.py
[2026-05-13T13:39:35.419+0000] {logging_mixin.py:188} INFO - [2026-05-13T13:39:35.418+0000] {dag.py:3047} INFO - Sync 1 DAGs
[2026-05-13T13:39:35.493+0000] {logging_mixin.py:188} INFO - [2026-05-13T13:39:35.493+0000] {dag.py:3834} INFO - Setting next_dagrun for inegi_playwright to 2026-05-12 00:00:00+00:00, run_after=2026-05-13 00:00:00+00:00
[2026-05-13T13:39:35.548+0000] {processor.py:183} INFO - Processing /opt/airflow/dags/inegi_playwright_dag.py took 0.443 seconds
[2026-05-13T13:40:06.537+0000] {processor.py:161} INFO - Started process (PID=403) to work on /opt/airflow/dags/inegi_playwright_dag.py
[2026-05-13T13:40:06.544+0000] {processor.py:830} INFO - Processing file /opt/airflow/dags/inegi_playwright_dag.py for tasks to queue
[2026-05-13T13:40:06.549+0000] {logging_mixin.py:188} INFO - [2026-05-13T13:40:06.548+0000] {dagbag.py:540} INFO - Filling up the DagBag from /opt/airflow/dags/inegi_playwright_dag.py
[2026-05-13T13:40:06.712+0000] {processor.py:840} INFO - DAG(s) 'inegi_playwright' retrieved from /opt/airflow/dags/inegi_playwright_dag.py
[2026-05-13T13:40:07.096+0000] {logging_mixin.py:188} INFO - [2026-05-13T13:40:07.095+0000] {dag.py:3047} INFO - Sync 1 DAGs
[2026-05-13T13:40:07.177+0000] {logging_mixin.py:188} INFO - [2026-05-13T13:40:07.176+0000] {dag.py:3834} INFO - Setting next_dagrun for inegi_playwright to 2026-05-12 00:00:00+00:00, run_after=2026-05-13 00:00:00+00:00
[2026-05-13T13:40:07.241+0000] {processor.py:183} INFO - Processing /opt/airflow/dags/inegi_playwright_dag.py took 0.729 seconds
[2026-05-13T13:40:38.176+0000] {processor.py:161} INFO - Started process (PID=433) to work on /opt/airflow/dags/inegi_playwright_dag.py
[2026-05-13T13:40:38.190+0000] {processor.py:830} INFO - Processing file /opt/airflow/dags/inegi_playwright_dag.py for tasks to queue
[2026-05-13T13:40:38.199+0000] {logging_mixin.py:188} INFO - [2026-05-13T13:40:38.198+0000] {dagbag.py:540} INFO - Filling up the DagBag from /opt/airflow/dags/inegi_playwright_dag.py
[2026-05-13T13:40:38.344+0000] {processor.py:840} INFO - DAG(s) 'inegi_playwright' retrieved from /opt/airflow/dags/inegi_playwright_dag.py
[2026-05-13T13:40:38.456+0000] {logging_mixin.py:188} INFO - [2026-05-13T13:40:38.455+0000] {dag.py:3047} INFO - Sync 1 DAGs
[2026-05-13T13:40:38.551+0000] {logging_mixin.py:188} INFO - [2026-05-13T13:40:38.549+0000] {dag.py:3834} INFO - Setting next_dagrun for inegi_playwright to 2026-05-12 00:00:00+00:00, run_after=2026-05-13 00:00:00+00:00
[2026-05-13T13:40:38.617+0000] {processor.py:183} INFO - Processing /opt/airflow/dags/inegi_playwright_dag.py took 0.461 seconds
[2026-05-13T13:41:09.942+0000] {processor.py:161} INFO - Started process (PID=463) to work on /opt/airflow/dags/inegi_playwright_dag.py
[2026-05-13T13:41:09.977+0000] {processor.py:830} INFO - Processing file /opt/airflow/dags/inegi_playwright_dag.py for tasks to queue
[2026-05-13T13:41:10.010+0000] {logging_mixin.py:188} INFO - [2026-05-13T13:41:10.009+0000] {dagbag.py:540} INFO - Filling up the DagBag from /opt/airflow/dags/inegi_playwright_dag.py
[2026-05-13T13:41:10.142+0000] {processor.py:840} INFO - DAG(s) 'inegi_playwright' retrieved from /opt/airflow/dags/inegi_playwright_dag.py
[2026-05-13T13:41:10.228+0000] {logging_mixin.py:188} INFO - [2026-05-13T13:41:10.227+0000] {dag.py:3047} INFO - Sync 1 DAGs
[2026-05-13T13:41:10.353+0000] {logging_mixin.py:188} INFO - [2026-05-13T13:41:10.352+0000] {dag.py:3834} INFO - Setting next_dagrun for inegi_playwright to 2026-05-12 00:00:00+00:00, run_after=2026-05-13 00:00:00+00:00
[2026-05-13T13:41:10.424+0000] {processor.py:183} INFO - Processing /opt/airflow/dags/inegi_playwright_dag.py took 0.503 seconds
[2026-05-13T13:41:41.028+0000] {processor.py:161} INFO - Started process (PID=493) to work on /opt/airflow/dags/inegi_playwright_dag.py
[2026-05-13T13:41:41.041+0000] {processor.py:830} INFO - Processing file /opt/airflow/dags/inegi_playwright_dag.py for tasks to queue
[2026-05-13T13:41:41.045+0000] {logging_mixin.py:188} INFO - [2026-05-13T13:41:41.044+0000] {dagbag.py:540} INFO - Filling up the DagBag from /opt/airflow/dags/inegi_playwright_dag.py
[2026-05-13T13:41:41.268+0000] {processor.py:840} INFO - DAG(s) 'inegi_playwright' retrieved from /opt/airflow/dags/inegi_playwright_dag.py
[2026-05-13T13:41:41.580+0000] {logging_mixin.py:188} INFO - [2026-05-13T13:41:41.579+0000] {dag.py:3047} INFO - Sync 1 DAGs
[2026-05-13T13:41:41.824+0000] {logging_mixin.py:188} INFO - [2026-05-13T13:41:41.824+0000] {dag.py:3834} INFO - Setting next_dagrun for inegi_playwright to 2026-05-12 00:00:00+00:00, run_after=2026-05-13 00:00:00+00:00
[2026-05-13T13:41:42.069+0000] {processor.py:183} INFO - Processing /opt/airflow/dags/inegi_playwright_dag.py took 1.072 seconds
[2026-05-13T13:42:12.556+0000] {processor.py:161} INFO - Started process (PID=523) to work on /opt/airflow/dags/inegi_playwright_dag.py
[2026-05-13T13:42:12.560+0000] {processor.py:830} INFO - Processing file /opt/airflow/dags/inegi_playwright_dag.py for tasks to queue
[2026-05-13T13:42:12.567+0000] {logging_mixin.py:188} INFO - [2026-05-13T13:42:12.566+0000] {dagbag.py:540} INFO - Filling up the DagBag from /opt/airflow/dags/inegi_playwright_dag.py
[2026-05-13T13:42:12.624+0000] {processor.py:840} INFO - DAG(s) 'inegi_playwright' retrieved from /opt/airflow/dags/inegi_playwright_dag.py
[2026-05-13T13:42:12.703+0000] {logging_mixin.py:188} INFO - [2026-05-13T13:42:12.703+0000] {dag.py:3047} INFO - Sync 1 DAGs
[2026-05-13T13:42:12.766+0000] {logging_mixin.py:188} INFO - [2026-05-13T13:42:12.765+0000] {dag.py:3834} INFO - Setting next_dagrun for inegi_playwright to 2026-05-12 00:00:00+00:00, run_after=2026-05-13 00:00:00+00:00
[2026-05-13T13:42:12.824+0000] {processor.py:183} INFO - Processing /opt/airflow/dags/inegi_playwright_dag.py took 0.279 seconds
[2026-05-13T13:42:43.125+0000] {processor.py:161} INFO - Started process (PID=553) to work on /opt/airflow/dags/inegi_playwright_dag.py
[2026-05-13T13:42:43.128+0000] {processor.py:830} INFO - Processing file /opt/airflow/dags/inegi_playwright_dag.py for tasks to queue
[2026-05-13T13:42:43.131+0000] {logging_mixin.py:188} INFO - [2026-05-13T13:42:43.130+0000] {dagbag.py:540} INFO - Filling up the DagBag from /opt/airflow/dags/inegi_playwright_dag.py
[2026-05-13T13:42:43.196+0000] {processor.py:840} INFO - DAG(s) 'inegi_playwright' retrieved from /opt/airflow/dags/inegi_playwright_dag.py
[2026-05-13T13:42:43.276+0000] {logging_mixin.py:188} INFO - [2026-05-13T13:42:43.276+0000] {dag.py:3047} INFO - Sync 1 DAGs
[2026-05-13T13:42:43.342+0000] {logging_mixin.py:188} INFO - [2026-05-13T13:42:43.341+0000] {dag.py:3834} INFO - Setting next_dagrun for inegi_playwright to 2026-05-12 00:00:00+00:00, run_after=2026-05-13 00:00:00+00:00
[2026-05-13T13:42:43.406+0000] {processor.py:183} INFO - Processing /opt/airflow/dags/inegi_playwright_dag.py took 0.293 seconds
[2026-05-13T13:43:14.513+0000] {processor.py:161} INFO - Started process (PID=583) to work on /opt/airflow/dags/inegi_playwright_dag.py
[2026-05-13T13:43:14.539+0000] {processor.py:830} INFO - Processing file /opt/airflow/dags/inegi_playwright_dag.py for tasks to queue
[2026-05-13T13:43:14.554+0000] {logging_mixin.py:188} INFO - [2026-05-13T13:43:14.553+0000] {dagbag.py:540} INFO - Filling up the DagBag from /opt/airflow/dags/inegi_playwright_dag.py
[2026-05-13T13:43:14.778+0000] {processor.py:840} INFO - DAG(s) 'inegi_playwright' retrieved from /opt/airflow/dags/inegi_playwright_dag.py
[2026-05-13T13:43:14.971+0000] {logging_mixin.py:188} INFO - [2026-05-13T13:43:14.970+0000] {dag.py:3047} INFO - Sync 1 DAGs
[2026-05-13T13:43:15.179+0000] {logging_mixin.py:188} INFO - [2026-05-13T13:43:15.178+0000] {dag.py:3834} INFO - Setting next_dagrun for inegi_playwright to 2026-05-12 00:00:00+00:00, run_after=2026-05-13 00:00:00+00:00
[2026-05-13T13:43:15.258+0000] {processor.py:183} INFO - Processing /opt/airflow/dags/inegi_playwright_dag.py took 0.777 seconds
[2026-05-13T13:43:45.769+0000] {processor.py:161} INFO - Started process (PID=613) to work on /opt/airflow/dags/inegi_playwright_dag.py
[2026-05-13T13:43:45.777+0000] {processor.py:830} INFO - Processing file /opt/airflow/dags/inegi_playwright_dag.py for tasks to queue
[2026-05-13T13:43:45.784+0000] {logging_mixin.py:188} INFO - [2026-05-13T13:43:45.782+0000] {dagbag.py:540} INFO - Filling up the DagBag from /opt/airflow/dags/inegi_playwright_dag.py
[2026-05-13T13:43:45.861+0000] {processor.py:840} INFO - DAG(s) 'inegi_playwright' retrieved from /opt/airflow/dags/inegi_playwright_dag.py
[2026-05-13T13:43:45.927+0000] {logging_mixin.py:188} INFO - [2026-05-13T13:43:45.926+0000] {dag.py:3047} INFO - Sync 1 DAGs
[2026-05-13T13:43:45.983+0000] {logging_mixin.py:188} INFO - [2026-05-13T13:43:45.983+0000] {dag.py:3834} INFO - Setting next_dagrun for inegi_playwright to 2026-05-12 00:00:00+00:00, run_after=2026-05-13 00:00:00+00:00
[2026-05-13T13:43:46.036+0000] {processor.py:183} INFO - Processing /opt/airflow/dags/inegi_playwright_dag.py took 0.276 seconds
[2026-05-13T13:44:16.794+0000] {processor.py:161} INFO - Started process (PID=643) to work on /opt/airflow/dags/inegi_playwright_dag.py
[2026-05-13T13:44:16.800+0000] {processor.py:830} INFO - Processing file /opt/airflow/dags/inegi_playwright_dag.py for tasks to queue
[2026-05-13T13:44:16.813+0000] {logging_mixin.py:188} INFO - [2026-05-13T13:44:16.809+0000] {dagbag.py:540} INFO - Filling up the DagBag from /opt/airflow/dags/inegi_playwright_dag.py
[2026-05-13T13:44:17.037+0000] {processor.py:840} INFO - DAG(s) 'inegi_playwright' retrieved from /opt/airflow/dags/inegi_playwright_dag.py
[2026-05-13T13:44:17.197+0000] {logging_mixin.py:188} INFO - [2026-05-13T13:44:17.196+0000] {dag.py:3047} INFO - Sync 1 DAGs
[2026-05-13T13:44:17.361+0000] {logging_mixin.py:188} INFO - [2026-05-13T13:44:17.360+0000] {dag.py:3834} INFO - Setting next_dagrun for inegi_playwright to 2026-05-12 00:00:00+00:00, run_after=2026-05-13 00:00:00+00:00
[2026-05-13T13:44:17.521+0000] {processor.py:183} INFO - Processing /opt/airflow/dags/inegi_playwright_dag.py took 0.760 seconds
[2026-05-13T13:44:47.848+0000] {processor.py:161} INFO - Started process (PID=673) to work on /opt/airflow/dags/inegi_playwright_dag.py
[2026-05-13T13:44:47.856+0000] {processor.py:830} INFO - Processing file /opt/airflow/dags/inegi_playwright_dag.py for tasks to queue
[2026-05-13T13:44:47.866+0000] {logging_mixin.py:188} INFO - [2026-05-13T13:44:47.863+0000] {dagbag.py:540} INFO - Filling up the DagBag from /opt/airflow/dags/inegi_playwright_dag.py
[2026-05-13T13:44:47.929+0000] {processor.py:840} INFO - DAG(s) 'inegi_playwright' retrieved from /opt/airflow/dags/inegi_playwright_dag.py
[2026-05-13T13:44:48.004+0000] {logging_mixin.py:188} INFO - [2026-05-13T13:44:48.003+0000] {dag.py:3047} INFO - Sync 1 DAGs
[2026-05-13T13:44:48.066+0000] {logging_mixin.py:188} INFO - [2026-05-13T13:44:48.066+0000] {dag.py:3834} INFO - Setting next_dagrun for inegi_playwright to 2026-05-12 00:00:00+00:00, run_after=2026-05-13 00:00:00+00:00
[2026-05-13T13:44:48.125+0000] {processor.py:183} INFO - Processing /opt/airflow/dags/inegi_playwright_dag.py took 0.291 seconds
[2026-05-13T13:45:18.370+0000] {processor.py:161} INFO - Started process (PID=703) to work on /opt/airflow/dags/inegi_playwright_dag.py
[2026-05-13T13:45:18.373+0000] {processor.py:830} INFO - Processing file /opt/airflow/dags/inegi_playwright_dag.py for tasks to queue
[2026-05-13T13:45:18.376+0000] {logging_mixin.py:188} INFO - [2026-05-13T13:45:18.375+0000] {dagbag.py:540} INFO - Filling up the DagBag from /opt/airflow/dags/inegi_playwright_dag.py
[2026-05-13T13:45:18.436+0000] {processor.py:840} INFO - DAG(s) 'inegi_playwright' retrieved from /opt/airflow/dags/inegi_playwright_dag.py
[2026-05-13T13:45:18.519+0000] {logging_mixin.py:188} INFO - [2026-05-13T13:45:18.518+0000] {dag.py:3047} INFO - Sync 1 DAGs
[2026-05-13T13:45:18.585+0000] {logging_mixin.py:188} INFO - [2026-05-13T13:45:18.584+0000] {dag.py:3834} INFO - Setting next_dagrun for inegi_playwright to 2026-05-12 00:00:00+00:00, run_after=2026-05-13 00:00:00+00:00
[2026-05-13T13:45:18.644+0000] {processor.py:183} INFO - Processing /opt/airflow/dags/inegi_playwright_dag.py took 0.286 seconds
[2026-05-13T13:45:49.615+0000] {processor.py:161} INFO - Started process (PID=733) to work on /opt/airflow/dags/inegi_playwright_dag.py
[2026-05-13T13:45:49.656+0000] {processor.py:830} INFO - Processing file /opt/airflow/dags/inegi_playwright_dag.py for tasks to queue
[2026-05-13T13:45:49.664+0000] {logging_mixin.py:188} INFO - [2026-05-13T13:45:49.663+0000] {dagbag.py:540} INFO - Filling up the DagBag from /opt/airflow/dags/inegi_playwright_dag.py
[2026-05-13T13:45:49.846+0000] {processor.py:840} INFO - DAG(s) 'inegi_playwright' retrieved from /opt/airflow/dags/inegi_playwright_dag.py
[2026-05-13T13:45:49.912+0000] {logging_mixin.py:188} INFO - [2026-05-13T13:45:49.912+0000] {dag.py:3047} INFO - Sync 1 DAGs
[2026-05-13T13:45:49.966+0000] {logging_mixin.py:188} INFO - [2026-05-13T13:45:49.965+0000] {dag.py:3834} INFO - Setting next_dagrun for inegi_playwright to 2026-05-12 00:00:00+00:00, run_after=2026-05-13 00:00:00+00:00
[2026-05-13T13:45:50.016+0000] {processor.py:183} INFO - Processing /opt/airflow/dags/inegi_playwright_dag.py took 0.412 seconds
[2026-05-13T13:46:21.094+0000] {processor.py:161} INFO - Started process (PID=763) to work on /opt/airflow/dags/inegi_playwright_dag.py
[2026-05-13T13:46:21.107+0000] {processor.py:830} INFO - Processing file /opt/airflow/dags/inegi_playwright_dag.py for tasks to queue
[2026-05-13T13:46:21.121+0000] {logging_mixin.py:188} INFO - [2026-05-13T13:46:21.120+0000] {dagbag.py:540} INFO - Filling up the DagBag from /opt/airflow/dags/inegi_playwright_dag.py
[2026-05-13T13:46:21.190+0000] {processor.py:840} INFO - DAG(s) 'inegi_playwright' retrieved from /opt/airflow/dags/inegi_playwright_dag.py
[2026-05-13T13:46:21.260+0000] {logging_mixin.py:188} INFO - [2026-05-13T13:46:21.260+0000] {dag.py:3047} INFO - Sync 1 DAGs
[2026-05-13T13:46:21.325+0000] {logging_mixin.py:188} INFO - [2026-05-13T13:46:21.325+0000] {dag.py:3834} INFO - Setting next_dagrun for inegi_playwright to 2026-05-12 00:00:00+00:00, run_after=2026-05-13 00:00:00+00:00
[2026-05-13T13:46:21.376+0000] {processor.py:183} INFO - Processing /opt/airflow/dags/inegi_playwright_dag.py took 0.301 seconds
[2026-05-13T13:46:51.970+0000] {processor.py:161} INFO - Started process (PID=793) to work on /opt/airflow/dags/inegi_playwright_dag.py
[2026-05-13T13:46:51.974+0000] {processor.py:830} INFO - Processing file /opt/airflow/dags/inegi_playwright_dag.py for tasks to queue
[2026-05-13T13:46:51.977+0000] {logging_mixin.py:188} INFO - [2026-05-13T13:46:51.976+0000] {dagbag.py:540} INFO - Filling up the DagBag from /opt/airflow/dags/inegi_playwright_dag.py
[2026-05-13T13:46:52.033+0000] {processor.py:840} INFO - DAG(s) 'inegi_playwright' retrieved from /opt/airflow/dags/inegi_playwright_dag.py
[2026-05-13T13:46:52.098+0000] {logging_mixin.py:188} INFO - [2026-05-13T13:46:52.098+0000] {dag.py:3047} INFO - Sync 1 DAGs
[2026-05-13T13:46:52.158+0000] {logging_mixin.py:188} INFO - [2026-05-13T13:46:52.158+0000] {dag.py:3834} INFO - Setting next_dagrun for inegi_playwright to 2026-05-12 00:00:00+00:00, run_after=2026-05-13 00:00:00+00:00
[2026-05-13T13:46:52.216+0000] {processor.py:183} INFO - Processing /opt/airflow/dags/inegi_playwright_dag.py took 0.257 seconds
[2026-05-13T13:47:22.640+0000] {processor.py:161} INFO - Started process (PID=823) to work on /opt/airflow/dags/inegi_playwright_dag.py
[2026-05-13T13:47:22.643+0000] {processor.py:830} INFO - Processing file /opt/airflow/dags/inegi_playwright_dag.py for tasks to queue
[2026-05-13T13:47:22.646+0000] {logging_mixin.py:188} INFO - [2026-05-13T13:47:22.645+0000] {dagbag.py:540} INFO - Filling up the DagBag from /opt/airflow/dags/inegi_playwright_dag.py
[2026-05-13T13:47:22.697+0000] {processor.py:840} INFO - DAG(s) 'inegi_playwright' retrieved from /opt/airflow/dags/inegi_playwright_dag.py
[2026-05-13T13:47:22.772+0000] {logging_mixin.py:188} INFO - [2026-05-13T13:47:22.771+0000] {dag.py:3047} INFO - Sync 1 DAGs
[2026-05-13T13:47:22.839+0000] {logging_mixin.py:188} INFO - [2026-05-13T13:47:22.838+0000] {dag.py:3834} INFO - Setting next_dagrun for inegi_playwright to 2026-05-12 00:00:00+00:00, run_after=2026-05-13 00:00:00+00:00
[2026-05-13T13:47:22.890+0000] {processor.py:183} INFO - Processing /opt/airflow/dags/inegi_playwright_dag.py took 0.262 seconds
[2026-05-13T13:47:53.735+0000] {processor.py:161} INFO - Started process (PID=853) to work on /opt/airflow/dags/inegi_playwright_dag.py
[2026-05-13T13:47:53.739+0000] {processor.py:830} INFO - Processing file /opt/airflow/dags/inegi_playwright_dag.py for tasks to queue
[2026-05-13T13:47:53.742+0000] {logging_mixin.py:188} INFO - [2026-05-13T13:47:53.741+0000] {dagbag.py:540} INFO - Filling up the DagBag from /opt/airflow/dags/inegi_playwright_dag.py
[2026-05-13T13:47:53.801+0000] {processor.py:840} INFO - DAG(s) 'inegi_playwright' retrieved from /opt/airflow/dags/inegi_playwright_dag.py
[2026-05-13T13:47:53.876+0000] {logging_mixin.py:188} INFO - [2026-05-13T13:47:53.875+0000] {dag.py:3047} INFO - Sync 1 DAGs
[2026-05-13T13:47:53.942+0000] {logging_mixin.py:188} INFO - [2026-05-13T13:47:53.941+0000] {dag.py:3834} INFO - Setting next_dagrun for inegi_playwright to 2026-05-12 00:00:00+00:00, run_after=2026-05-13 00:00:00+00:00
[2026-05-13T13:47:54.012+0000] {processor.py:183} INFO - Processing /opt/airflow/dags/inegi_playwright_dag.py took 0.288 seconds
[2026-05-13T13:48:27.704+0000] {processor.py:161} INFO - Started process (PID=881) to work on /opt/airflow/dags/inegi_playwright_dag.py
[2026-05-13T13:48:27.751+0000] {processor.py:830} INFO - Processing file /opt/airflow/dags/inegi_playwright_dag.py for tasks to queue
[2026-05-13T13:48:27.755+0000] {logging_mixin.py:188} INFO - [2026-05-13T13:48:27.754+0000] {dagbag.py:540} INFO - Filling up the DagBag from /opt/airflow/dags/inegi_playwright_dag.py
[2026-05-13T13:48:29.697+0000] {processor.py:840} INFO - DAG(s) 'inegi_playwright' retrieved from /opt/airflow/dags/inegi_playwright_dag.py
[2026-05-13T13:48:30.010+0000] {logging_mixin.py:188} INFO - [2026-05-13T13:48:30.010+0000] {dag.py:3047} INFO - Sync 1 DAGs
[2026-05-13T13:48:30.281+0000] {logging_mixin.py:188} INFO - [2026-05-13T13:48:30.269+0000] {dag.py:3834} INFO - Setting next_dagrun for inegi_playwright to 2026-05-12 00:00:00+00:00, run_after=2026-05-13 00:00:00+00:00
[2026-05-13T13:48:30.458+0000] {processor.py:183} INFO - Processing /opt/airflow/dags/inegi_playwright_dag.py took 2.776 seconds
[2026-05-13T13:49:01.226+0000] {processor.py:161} INFO - Started process (PID=913) to work on /opt/airflow/dags/inegi_playwright_dag.py
[2026-05-13T13:49:01.229+0000] {processor.py:830} INFO - Processing file /opt/airflow/dags/inegi_playwright_dag.py for tasks to queue
[2026-05-13T13:49:01.232+0000] {logging_mixin.py:188} INFO - [2026-05-13T13:49:01.231+0000] {dagbag.py:540} INFO - Filling up the DagBag from /opt/airflow/dags/inegi_playwright_dag.py
[2026-05-13T13:49:01.295+0000] {processor.py:840} INFO - DAG(s) 'inegi_playwright' retrieved from /opt/airflow/dags/inegi_playwright_dag.py
[2026-05-13T13:49:01.369+0000] {logging_mixin.py:188} INFO - [2026-05-13T13:49:01.368+0000] {dag.py:3047} INFO - Sync 1 DAGs
[2026-05-13T13:49:01.432+0000] {logging_mixin.py:188} INFO - [2026-05-13T13:49:01.431+0000] {dag.py:3834} INFO - Setting next_dagrun for inegi_playwright to 2026-05-12 00:00:00+00:00, run_after=2026-05-13 00:00:00+00:00
[2026-05-13T13:49:01.488+0000] {processor.py:183} INFO - Processing /opt/airflow/dags/inegi_playwright_dag.py took 0.274 seconds
[2026-05-13T13:49:31.924+0000] {processor.py:161} INFO - Started process (PID=943) to work on /opt/airflow/dags/inegi_playwright_dag.py
[2026-05-13T13:49:31.929+0000] {processor.py:830} INFO - Processing file /opt/airflow/dags/inegi_playwright_dag.py for tasks to queue
[2026-05-13T13:49:31.933+0000] {logging_mixin.py:188} INFO - [2026-05-13T13:49:31.931+0000] {dagbag.py:540} INFO - Filling up the DagBag from /opt/airflow/dags/inegi_playwright_dag.py
[2026-05-13T13:49:32.016+0000] {processor.py:840} INFO - DAG(s) 'inegi_playwright' retrieved from /opt/airflow/dags/inegi_playwright_dag.py
[2026-05-13T13:49:32.157+0000] {logging_mixin.py:188} INFO - [2026-05-13T13:49:32.142+0000] {dag.py:3047} INFO - Sync 1 DAGs
[2026-05-13T13:49:32.460+0000] {logging_mixin.py:188} INFO - [2026-05-13T13:49:32.459+0000] {dag.py:3834} INFO - Setting next_dagrun for inegi_playwright to 2026-05-12 00:00:00+00:00, run_after=2026-05-13 00:00:00+00:00
[2026-05-13T13:49:32.635+0000] {processor.py:183} INFO - Processing /opt/airflow/dags/inegi_playwright_dag.py took 0.730 seconds
[2026-05-13T13:50:03.525+0000] {processor.py:161} INFO - Started process (PID=973) to work on /opt/airflow/dags/inegi_playwright_dag.py
[2026-05-13T13:50:03.528+0000] {processor.py:830} INFO - Processing file /opt/airflow/dags/inegi_playwright_dag.py for tasks to queue
[2026-05-13T13:50:03.531+0000] {logging_mixin.py:188} INFO - [2026-05-13T13:50:03.530+0000] {dagbag.py:540} INFO - Filling up the DagBag from /opt/airflow/dags/inegi_playwright_dag.py
[2026-05-13T13:50:03.585+0000] {processor.py:840} INFO - DAG(s) 'inegi_playwright' retrieved from /opt/airflow/dags/inegi_playwright_dag.py
[2026-05-13T13:50:03.655+0000] {logging_mixin.py:188} INFO - [2026-05-13T13:50:03.654+0000] {dag.py:3047} INFO - Sync 1 DAGs
[2026-05-13T13:50:03.712+0000] {logging_mixin.py:188} INFO - [2026-05-13T13:50:03.711+0000] {dag.py:3834} INFO - Setting next_dagrun for inegi_playwright to 2026-05-12 00:00:00+00:00, run_after=2026-05-13 00:00:00+00:00
[2026-05-13T13:50:03.777+0000] {processor.py:183} INFO - Processing /opt/airflow/dags/inegi_playwright_dag.py took 0.261 seconds
[2026-05-13T13:50:34.550+0000] {processor.py:161} INFO - Started process (PID=1003) to work on /opt/airflow/dags/inegi_playwright_dag.py
[2026-05-13T13:50:34.562+0000] {processor.py:830} INFO - Processing file /opt/airflow/dags/inegi_playwright_dag.py for tasks to queue
[2026-05-13T13:50:34.575+0000] {logging_mixin.py:188} INFO - [2026-05-13T13:50:34.574+0000] {dagbag.py:540} INFO - Filling up the DagBag from /opt/airflow/dags/inegi_playwright_dag.py
[2026-05-13T13:50:34.673+0000] {processor.py:840} INFO - DAG(s) 'inegi_playwright' retrieved from /opt/airflow/dags/inegi_playwright_dag.py
[2026-05-13T13:50:34.799+0000] {logging_mixin.py:188} INFO - [2026-05-13T13:50:34.798+0000] {dag.py:3047} INFO - Sync 1 DAGs
[2026-05-13T13:50:34.854+0000] {logging_mixin.py:188} INFO - [2026-05-13T13:50:34.854+0000] {dag.py:3834} INFO - Setting next_dagrun for inegi_playwright to 2026-05-12 00:00:00+00:00, run_after=2026-05-13 00:00:00+00:00
[2026-05-13T13:50:34.905+0000] {processor.py:183} INFO - Processing /opt/airflow/dags/inegi_playwright_dag.py took 0.369 seconds
[2026-05-13T13:51:06.101+0000] {processor.py:161} INFO - Started process (PID=1033) to work on /opt/airflow/dags/inegi_playwright_dag.py
[2026-05-13T13:51:06.119+0000] {processor.py:830} INFO - Processing file /opt/airflow/dags/inegi_playwright_dag.py for tasks to queue
[2026-05-13T13:51:06.148+0000] {logging_mixin.py:188} INFO - [2026-05-13T13:51:06.147+0000] {dagbag.py:540} INFO - Filling up the DagBag from /opt/airflow/dags/inegi_playwright_dag.py
[2026-05-13T13:51:06.342+0000] {processor.py:840} INFO - DAG(s) 'inegi_playwright' retrieved from /opt/airflow/dags/inegi_playwright_dag.py
[2026-05-13T13:51:06.430+0000] {logging_mixin.py:188} INFO - [2026-05-13T13:51:06.429+0000] {dag.py:3047} INFO - Sync 1 DAGs
[2026-05-13T13:51:06.506+0000] {logging_mixin.py:188} INFO - [2026-05-13T13:51:06.506+0000] {dag.py:3834} INFO - Setting next_dagrun for inegi_playwright to 2026-05-12 00:00:00+00:00, run_after=2026-05-13 00:00:00+00:00
[2026-05-13T13:51:06.577+0000] {processor.py:183} INFO - Processing /opt/airflow/dags/inegi_playwright_dag.py took 0.510 seconds
[2026-05-13T13:51:36.783+0000] {processor.py:161} INFO - Started process (PID=1063) to work on /opt/airflow/dags/inegi_playwright_dag.py
[2026-05-13T13:51:36.787+0000] {processor.py:830} INFO - Processing file /opt/airflow/dags/inegi_playwright_dag.py for tasks to queue
[2026-05-13T13:51:36.790+0000] {logging_mixin.py:188} INFO - [2026-05-13T13:51:36.789+0000] {dagbag.py:540} INFO - Filling up the DagBag from /opt/airflow/dags/inegi_playwright_dag.py
[2026-05-13T13:51:36.884+0000] {processor.py:840} INFO - DAG(s) 'inegi_playwright' retrieved from /opt/airflow/dags/inegi_playwright_dag.py
[2026-05-13T13:51:37.016+0000] {logging_mixin.py:188} INFO - [2026-05-13T13:51:37.015+0000] {dag.py:3047} INFO - Sync 1 DAGs
[2026-05-13T13:51:37.091+0000] {logging_mixin.py:188} INFO - [2026-05-13T13:51:37.090+0000] {dag.py:3834} INFO - Setting next_dagrun for inegi_playwright to 2026-05-12 00:00:00+00:00, run_after=2026-05-13 00:00:00+00:00
[2026-05-13T13:51:37.187+0000] {processor.py:183} INFO - Processing /opt/airflow/dags/inegi_playwright_dag.py took 0.417 seconds
[2026-05-13T13:52:09.056+0000] {processor.py:161} INFO - Started process (PID=1094) to work on /opt/airflow/dags/inegi_playwright_dag.py
[2026-05-13T13:52:09.101+0000] {processor.py:830} INFO - Processing file /opt/airflow/dags/inegi_playwright_dag.py for tasks to queue
[2026-05-13T13:52:09.127+0000] {logging_mixin.py:188} INFO - [2026-05-13T13:52:09.122+0000] {dagbag.py:540} INFO - Filling up the DagBag from /opt/airflow/dags/inegi_playwright_dag.py
[2026-05-13T13:52:09.462+0000] {processor.py:840} INFO - DAG(s) 'inegi_playwright' retrieved from /opt/airflow/dags/inegi_playwright_dag.py
[2026-05-13T13:52:09.862+0000] {logging_mixin.py:188} INFO - [2026-05-13T13:52:09.861+0000] {dag.py:3047} INFO - Sync 1 DAGs
[2026-05-13T13:52:10.666+0000] {logging_mixin.py:188} INFO - [2026-05-13T13:52:10.665+0000] {dag.py:3834} INFO - Setting next_dagrun for inegi_playwright to 2026-05-13 00:00:00+00:00, run_after=2026-05-14 00:00:00+00:00
[2026-05-13T13:52:11.034+0000] {processor.py:183} INFO - Processing /opt/airflow/dags/inegi_playwright_dag.py took 2.229 seconds
[2026-05-13T13:52:45.338+0000] {processor.py:161} INFO - Started process (PID=1129) to work on /opt/airflow/dags/inegi_playwright_dag.py
[2026-05-13T13:52:45.545+0000] {processor.py:830} INFO - Processing file /opt/airflow/dags/inegi_playwright_dag.py for tasks to queue
[2026-05-13T13:52:45.650+0000] {logging_mixin.py:188} INFO - [2026-05-13T13:52:45.610+0000] {dagbag.py:540} INFO - Filling up the DagBag from /opt/airflow/dags/inegi_playwright_dag.py
[2026-05-13T13:52:50.850+0000] {processor.py:840} INFO - DAG(s) 'inegi_playwright' retrieved from /opt/airflow/dags/inegi_playwright_dag.py
[2026-05-13T13:52:55.093+0000] {logging_mixin.py:188} INFO - [2026-05-13T13:52:55.092+0000] {dag.py:3047} INFO - Sync 1 DAGs
[2026-05-13T13:52:58.078+0000] {logging_mixin.py:188} INFO - [2026-05-13T13:52:58.063+0000] {dag.py:3834} INFO - Setting next_dagrun for inegi_playwright to 2026-05-13 00:00:00+00:00, run_after=2026-05-14 00:00:00+00:00
[2026-05-13T13:52:59.733+0000] {processor.py:183} INFO - Processing /opt/airflow/dags/inegi_playwright_dag.py took 14.649 seconds
[2026-05-13T13:53:32.595+0000] {processor.py:161} INFO - Started process (PID=1161) to work on /opt/airflow/dags/inegi_playwright_dag.py
[2026-05-13T13:53:32.618+0000] {processor.py:830} INFO - Processing file /opt/airflow/dags/inegi_playwright_dag.py for tasks to queue
[2026-05-13T13:53:32.654+0000] {logging_mixin.py:188} INFO - [2026-05-13T13:53:32.653+0000] {dagbag.py:540} INFO - Filling up the DagBag from /opt/airflow/dags/inegi_playwright_dag.py
[2026-05-13T13:53:36.124+0000] {processor.py:840} INFO - DAG(s) 'inegi_playwright' retrieved from /opt/airflow/dags/inegi_playwright_dag.py
[2026-05-13T13:53:37.776+0000] {logging_mixin.py:188} INFO - [2026-05-13T13:53:37.716+0000] {dag.py:3047} INFO - Sync 1 DAGs
[2026-05-13T13:53:39.844+0000] {logging_mixin.py:188} INFO - [2026-05-13T13:53:39.843+0000] {dag.py:3834} INFO - Setting next_dagrun for inegi_playwright to 2026-05-13 00:00:00+00:00, run_after=2026-05-14 00:00:00+00:00
[2026-05-13T13:53:43.192+0000] {processor.py:183} INFO - Processing /opt/airflow/dags/inegi_playwright_dag.py took 10.800 seconds
[2026-05-13T13:54:22.618+0000] {processor.py:161} INFO - Started process (PID=1192) to work on /opt/airflow/dags/inegi_playwright_dag.py
[2026-05-13T13:54:22.641+0000] {processor.py:830} INFO - Processing file /opt/airflow/dags/inegi_playwright_dag.py for tasks to queue
[2026-05-13T13:54:22.665+0000] {logging_mixin.py:188} INFO - [2026-05-13T13:54:22.657+0000] {dagbag.py:540} INFO - Filling up the DagBag from /opt/airflow/dags/inegi_playwright_dag.py
[2026-05-13T13:54:24.562+0000] {processor.py:840} INFO - DAG(s) 'inegi_playwright' retrieved from /opt/airflow/dags/inegi_playwright_dag.py
[2026-05-13T13:54:25.686+0000] {logging_mixin.py:188} INFO - [2026-05-13T13:54:25.685+0000] {dag.py:3047} INFO - Sync 1 DAGs
[2026-05-13T13:54:29.600+0000] {logging_mixin.py:188} INFO - [2026-05-13T13:54:29.600+0000] {dag.py:3834} INFO - Setting next_dagrun for inegi_playwright to 2026-05-13 00:00:00+00:00, run_after=2026-05-14 00:00:00+00:00
[2026-05-13T13:54:31.182+0000] {processor.py:183} INFO - Processing /opt/airflow/dags/inegi_playwright_dag.py took 8.696 seconds
[2026-05-13T13:55:11.111+0000] {processor.py:161} INFO - Started process (PID=1220) to work on /opt/airflow/dags/inegi_playwright_dag.py
[2026-05-13T13:55:11.315+0000] {processor.py:830} INFO - Processing file /opt/airflow/dags/inegi_playwright_dag.py for tasks to queue
[2026-05-13T13:55:11.575+0000] {logging_mixin.py:188} INFO - [2026-05-13T13:55:11.574+0000] {dagbag.py:540} INFO - Filling up the DagBag from /opt/airflow/dags/inegi_playwright_dag.py
[2026-05-13T13:55:22.496+0000] {processor.py:840} INFO - DAG(s) 'inegi_playwright' retrieved from /opt/airflow/dags/inegi_playwright_dag.py
[2026-05-13T13:55:24.286+0000] {logging_mixin.py:188} INFO - [2026-05-13T13:55:24.285+0000] {dag.py:3047} INFO - Sync 1 DAGs
[2026-05-13T13:55:28.158+0000] {logging_mixin.py:188} INFO - [2026-05-13T13:55:28.102+0000] {dag.py:3834} INFO - Setting next_dagrun for inegi_playwright to 2026-05-13 00:00:00+00:00, run_after=2026-05-14 00:00:00+00:00
[2026-05-13T13:55:33.305+0000] {processor.py:183} INFO - Processing /opt/airflow/dags/inegi_playwright_dag.py took 22.457 seconds
[2026-05-13T13:56:10.032+0000] {processor.py:161} INFO - Started process (PID=1252) to work on /opt/airflow/dags/inegi_playwright_dag.py
[2026-05-13T13:56:10.050+0000] {processor.py:830} INFO - Processing file /opt/airflow/dags/inegi_playwright_dag.py for tasks to queue
[2026-05-13T13:56:10.082+0000] {logging_mixin.py:188} INFO - [2026-05-13T13:56:10.081+0000] {dagbag.py:540} INFO - Filling up the DagBag from /opt/airflow/dags/inegi_playwright_dag.py
[2026-05-13T13:56:11.890+0000] {processor.py:840} INFO - DAG(s) 'inegi_playwright' retrieved from /opt/airflow/dags/inegi_playwright_dag.py
[2026-05-13T13:56:12.708+0000] {logging_mixin.py:188} INFO - [2026-05-13T13:56:12.707+0000] {dag.py:3047} INFO - Sync 1 DAGs
[2026-05-13T13:56:16.929+0000] {logging_mixin.py:188} INFO - [2026-05-13T13:56:16.916+0000] {dag.py:3834} INFO - Setting next_dagrun for inegi_playwright to 2026-05-13 00:00:00+00:00, run_after=2026-05-14 00:00:00+00:00
[2026-05-13T13:56:18.934+0000] {processor.py:183} INFO - Processing /opt/airflow/dags/inegi_playwright_dag.py took 8.619 seconds
[2026-05-13T13:57:03.680+0000] {processor.py:161} INFO - Started process (PID=1283) to work on /opt/airflow/dags/inegi_playwright_dag.py
[2026-05-13T13:57:03.684+0000] {processor.py:830} INFO - Processing file /opt/airflow/dags/inegi_playwright_dag.py for tasks to queue
[2026-05-13T13:57:03.695+0000] {logging_mixin.py:188} INFO - [2026-05-13T13:57:03.688+0000] {dagbag.py:540} INFO - Filling up the DagBag from /opt/airflow/dags/inegi_playwright_dag.py
[2026-05-13T13:57:06.020+0000] {processor.py:840} INFO - DAG(s) 'inegi_playwright' retrieved from /opt/airflow/dags/inegi_playwright_dag.py
[2026-05-13T13:57:07.365+0000] {logging_mixin.py:188} INFO - [2026-05-13T13:57:07.364+0000] {dag.py:3047} INFO - Sync 1 DAGs
[2026-05-13T13:57:09.035+0000] {logging_mixin.py:188} INFO - [2026-05-13T13:57:09.034+0000] {dag.py:3834} INFO - Setting next_dagrun for inegi_playwright to 2026-05-13 00:00:00+00:00, run_after=2026-05-14 00:00:00+00:00
[2026-05-13T13:57:09.521+0000] {processor.py:183} INFO - Processing /opt/airflow/dags/inegi_playwright_dag.py took 5.862 seconds
[2026-05-13T13:58:03.049+0000] {processor.py:161} INFO - Started process (PID=1313) to work on /opt/airflow/dags/inegi_playwright_dag.py
[2026-05-13T13:58:03.098+0000] {processor.py:830} INFO - Processing file /opt/airflow/dags/inegi_playwright_dag.py for tasks to queue
[2026-05-13T13:58:03.116+0000] {logging_mixin.py:188} INFO - [2026-05-13T13:58:03.115+0000] {dagbag.py:540} INFO - Filling up the DagBag from /opt/airflow/dags/inegi_playwright_dag.py
[2026-05-13T13:58:07.395+0000] {processor.py:840} INFO - DAG(s) 'inegi_playwright' retrieved from /opt/airflow/dags/inegi_playwright_dag.py
[2026-05-13T13:58:09.428+0000] {logging_mixin.py:188} INFO - [2026-05-13T13:58:09.428+0000] {dag.py:3047} INFO - Sync 1 DAGs
[2026-05-13T13:58:11.484+0000] {logging_mixin.py:188} INFO - [2026-05-13T13:58:11.483+0000] {dag.py:3834} INFO - Setting next_dagrun for inegi_playwright to 2026-05-13 00:00:00+00:00, run_after=2026-05-14 00:00:00+00:00
[2026-05-13T13:58:15.433+0000] {processor.py:183} INFO - Processing /opt/airflow/dags/inegi_playwright_dag.py took 12.487 seconds
[2026-05-13T13:59:23.254+0000] {processor.py:161} INFO - Started process (PID=1343) to work on /opt/airflow/dags/inegi_playwright_dag.py
[2026-05-13T13:59:23.299+0000] {processor.py:830} INFO - Processing file /opt/airflow/dags/inegi_playwright_dag.py for tasks to queue
[2026-05-13T13:59:23.365+0000] {logging_mixin.py:188} INFO - [2026-05-13T13:59:23.317+0000] {dagbag.py:540} INFO - Filling up the DagBag from /opt/airflow/dags/inegi_playwright_dag.py
[2026-05-13T13:59:27.354+0000] {processor.py:840} INFO - DAG(s) 'inegi_playwright' retrieved from /opt/airflow/dags/inegi_playwright_dag.py
[2026-05-13T13:59:28.213+0000] {logging_mixin.py:188} INFO - [2026-05-13T13:59:28.197+0000] {dag.py:3047} INFO - Sync 1 DAGs
[2026-05-13T13:59:29.745+0000] {logging_mixin.py:188} INFO - [2026-05-13T13:59:29.744+0000] {dag.py:3834} INFO - Setting next_dagrun for inegi_playwright to 2026-05-13 00:00:00+00:00, run_after=2026-05-14 00:00:00+00:00
[2026-05-13T13:59:30.524+0000] {processor.py:183} INFO - Processing /opt/airflow/dags/inegi_playwright_dag.py took 7.354 seconds
[2026-05-13T14:00:22.386+0000] {processor.py:161} INFO - Started process (PID=1373) to work on /opt/airflow/dags/inegi_playwright_dag.py
[2026-05-13T14:00:22.403+0000] {processor.py:830} INFO - Processing file /opt/airflow/dags/inegi_playwright_dag.py for tasks to queue
[2026-05-13T14:00:22.427+0000] {logging_mixin.py:188} INFO - [2026-05-13T14:00:22.426+0000] {dagbag.py:540} INFO - Filling up the DagBag from /opt/airflow/dags/inegi_playwright_dag.py
[2026-05-13T14:00:24.357+0000] {processor.py:840} INFO - DAG(s) 'inegi_playwright' retrieved from /opt/airflow/dags/inegi_playwright_dag.py
[2026-05-13T14:00:24.837+0000] {logging_mixin.py:188} INFO - [2026-05-13T14:00:24.835+0000] {dag.py:3047} INFO - Sync 1 DAGs
[2026-05-13T14:00:25.258+0000] {logging_mixin.py:188} INFO - [2026-05-13T14:00:25.243+0000] {dag.py:3834} INFO - Setting next_dagrun for inegi_playwright to 2026-05-13 00:00:00+00:00, run_after=2026-05-14 00:00:00+00:00
[2026-05-13T14:00:26.720+0000] {processor.py:183} INFO - Processing /opt/airflow/dags/inegi_playwright_dag.py took 4.479 seconds
[2026-05-13T14:00:58.778+0000] {processor.py:161} INFO - Started process (PID=1404) to work on /opt/airflow/dags/inegi_playwright_dag.py
[2026-05-13T14:00:58.958+0000] {processor.py:830} INFO - Processing file /opt/airflow/dags/inegi_playwright_dag.py for tasks to queue
[2026-05-13T14:00:59.061+0000] {logging_mixin.py:188} INFO - [2026-05-13T14:00:59.027+0000] {dagbag.py:540} INFO - Filling up the DagBag from /opt/airflow/dags/inegi_playwright_dag.py
[2026-05-13T14:01:00.957+0000] {processor.py:840} INFO - DAG(s) 'inegi_playwright' retrieved from /opt/airflow/dags/inegi_playwright_dag.py
[2026-05-13T14:01:01.769+0000] {logging_mixin.py:188} INFO - [2026-05-13T14:01:01.768+0000] {dag.py:3047} INFO - Sync 1 DAGs
[2026-05-13T14:01:03.055+0000] {logging_mixin.py:188} INFO - [2026-05-13T14:01:03.054+0000] {dag.py:3834} INFO - Setting next_dagrun for inegi_playwright to 2026-05-13 00:00:00+00:00, run_after=2026-05-14 00:00:00+00:00
[2026-05-13T14:01:03.348+0000] {processor.py:183} INFO - Processing /opt/airflow/dags/inegi_playwright_dag.py took 4.736 seconds
[2026-05-13T14:01:34.774+0000] {processor.py:161} INFO - Started process (PID=1437) to work on /opt/airflow/dags/inegi_playwright_dag.py
[2026-05-13T14:01:34.782+0000] {processor.py:830} INFO - Processing file /opt/airflow/dags/inegi_playwright_dag.py for tasks to queue
[2026-05-13T14:01:34.786+0000] {logging_mixin.py:188} INFO - [2026-05-13T14:01:34.786+0000] {dagbag.py:540} INFO - Filling up the DagBag from /opt/airflow/dags/inegi_playwright_dag.py
[2026-05-13T14:01:35.080+0000] {processor.py:840} INFO - DAG(s) 'inegi_playwright' retrieved from /opt/airflow/dags/inegi_playwright_dag.py
[2026-05-13T14:01:35.302+0000] {logging_mixin.py:188} INFO - [2026-05-13T14:01:35.302+0000] {dag.py:3047} INFO - Sync 1 DAGs
[2026-05-13T14:01:35.826+0000] {logging_mixin.py:188} INFO - [2026-05-13T14:01:35.797+0000] {dag.py:3834} INFO - Setting next_dagrun for inegi_playwright to 2026-05-13 00:00:00+00:00, run_after=2026-05-14 00:00:00+00:00
[2026-05-13T14:01:36.833+0000] {processor.py:183} INFO - Processing /opt/airflow/dags/inegi_playwright_dag.py took 2.083 seconds
[2026-05-13T14:02:07.883+0000] {processor.py:161} INFO - Started process (PID=1471) to work on /opt/airflow/dags/inegi_playwright_dag.py
[2026-05-13T14:02:07.935+0000] {processor.py:830} INFO - Processing file /opt/airflow/dags/inegi_playwright_dag.py for tasks to queue
[2026-05-13T14:02:07.960+0000] {logging_mixin.py:188} INFO - [2026-05-13T14:02:07.947+0000] {dagbag.py:540} INFO - Filling up the DagBag from /opt/airflow/dags/inegi_playwright_dag.py
[2026-05-13T14:02:10.155+0000] {processor.py:840} INFO - DAG(s) 'inegi_playwright' retrieved from /opt/airflow/dags/inegi_playwright_dag.py
[2026-05-13T14:02:10.562+0000] {logging_mixin.py:188} INFO - [2026-05-13T14:02:10.561+0000] {dag.py:3047} INFO - Sync 1 DAGs
[2026-05-13T14:02:11.249+0000] {logging_mixin.py:188} INFO - [2026-05-13T14:02:11.248+0000] {dag.py:3834} INFO - Setting next_dagrun for inegi_playwright to 2026-05-13 00:00:00+00:00, run_after=2026-05-14 00:00:00+00:00
[2026-05-13T14:02:11.631+0000] {processor.py:183} INFO - Processing /opt/airflow/dags/inegi_playwright_dag.py took 3.846 seconds
[2026-05-13T14:02:45.487+0000] {processor.py:161} INFO - Started process (PID=1500) to work on /opt/airflow/dags/inegi_playwright_dag.py
[2026-05-13T14:02:45.706+0000] {processor.py:830} INFO - Processing file /opt/airflow/dags/inegi_playwright_dag.py for tasks to queue
[2026-05-13T14:02:45.714+0000] {logging_mixin.py:188} INFO - [2026-05-13T14:02:45.713+0000] {dagbag.py:540} INFO - Filling up the DagBag from /opt/airflow/dags/inegi_playwright_dag.py
[2026-05-13T14:02:46.157+0000] {processor.py:840} INFO - DAG(s) 'inegi_playwright' retrieved from /opt/airflow/dags/inegi_playwright_dag.py
[2026-05-13T14:02:46.394+0000] {logging_mixin.py:188} INFO - [2026-05-13T14:02:46.393+0000] {dag.py:3047} INFO - Sync 1 DAGs
[2026-05-13T14:02:47.173+0000] {logging_mixin.py:188} INFO - [2026-05-13T14:02:47.173+0000] {dag.py:3834} INFO - Setting next_dagrun for inegi_playwright to 2026-05-13 00:00:00+00:00, run_after=2026-05-14 00:00:00+00:00
[2026-05-13T14:02:47.596+0000] {processor.py:183} INFO - Processing /opt/airflow/dags/inegi_playwright_dag.py took 2.336 seconds
[2026-05-13T14:03:19.223+0000] {processor.py:161} INFO - Started process (PID=1533) to work on /opt/airflow/dags/inegi_playwright_dag.py
[2026-05-13T14:03:19.244+0000] {processor.py:830} INFO - Processing file /opt/airflow/dags/inegi_playwright_dag.py for tasks to queue
[2026-05-13T14:03:19.304+0000] {logging_mixin.py:188} INFO - [2026-05-13T14:03:19.303+0000] {dagbag.py:540} INFO - Filling up the DagBag from /opt/airflow/dags/inegi_playwright_dag.py
[2026-05-13T14:03:20.507+0000] {processor.py:840} INFO - DAG(s) 'inegi_playwright' retrieved from /opt/airflow/dags/inegi_playwright_dag.py
[2026-05-13T14:03:20.824+0000] {logging_mixin.py:188} INFO - [2026-05-13T14:03:20.823+0000] {dag.py:3047} INFO - Sync 1 DAGs
[2026-05-13T14:03:20.962+0000] {logging_mixin.py:188} INFO - [2026-05-13T14:03:20.961+0000] {dag.py:3834} INFO - Setting next_dagrun for inegi_playwright to 2026-05-13 00:00:00+00:00, run_after=2026-05-14 00:00:00+00:00
[2026-05-13T14:03:21.152+0000] {processor.py:183} INFO - Processing /opt/airflow/dags/inegi_playwright_dag.py took 2.010 seconds
[2026-05-13T14:03:52.186+0000] {processor.py:161} INFO - Started process (PID=1563) to work on /opt/airflow/dags/inegi_playwright_dag.py
[2026-05-13T14:03:52.191+0000] {processor.py:830} INFO - Processing file /opt/airflow/dags/inegi_playwright_dag.py for tasks to queue
[2026-05-13T14:03:52.194+0000] {logging_mixin.py:188} INFO - [2026-05-13T14:03:52.193+0000] {dagbag.py:540} INFO - Filling up the DagBag from /opt/airflow/dags/inegi_playwright_dag.py
[2026-05-13T14:03:52.324+0000] {processor.py:840} INFO - DAG(s) 'inegi_playwright' retrieved from /opt/airflow/dags/inegi_playwright_dag.py
[2026-05-13T14:03:52.741+0000] {logging_mixin.py:188} INFO - [2026-05-13T14:03:52.741+0000] {dag.py:3047} INFO - Sync 1 DAGs
[2026-05-13T14:03:52.974+0000] {logging_mixin.py:188} INFO - [2026-05-13T14:03:52.974+0000] {dag.py:3834} INFO - Setting next_dagrun for inegi_playwright to 2026-05-13 00:00:00+00:00, run_after=2026-05-14 00:00:00+00:00
[2026-05-13T14:03:53.056+0000] {processor.py:183} INFO - Processing /opt/airflow/dags/inegi_playwright_dag.py took 0.888 seconds
[2026-05-13T14:04:32.922+0000] {processor.py:161} INFO - Started process (PID=1588) to work on /opt/airflow/dags/inegi_playwright_dag.py
[2026-05-13T14:04:33.252+0000] {processor.py:830} INFO - Processing file /opt/airflow/dags/inegi_playwright_dag.py for tasks to queue
[2026-05-13T14:04:33.460+0000] {logging_mixin.py:188} INFO - [2026-05-13T14:04:33.459+0000] {dagbag.py:540} INFO - Filling up the DagBag from /opt/airflow/dags/inegi_playwright_dag.py
[2026-05-13T14:04:40.629+0000] {processor.py:840} INFO - DAG(s) 'inegi_playwright' retrieved from /opt/airflow/dags/inegi_playwright_dag.py
[2026-05-13T14:04:41.177+0000] {logging_mixin.py:188} INFO - [2026-05-13T14:04:41.176+0000] {dag.py:3047} INFO - Sync 1 DAGs
[2026-05-13T14:04:41.850+0000] {logging_mixin.py:188} INFO - [2026-05-13T14:04:41.849+0000] {dag.py:3834} INFO - Setting next_dagrun for inegi_playwright to 2026-05-13 00:00:00+00:00, run_after=2026-05-14 00:00:00+00:00
[2026-05-13T14:04:43.341+0000] {processor.py:183} INFO - Processing /opt/airflow/dags/inegi_playwright_dag.py took 10.441 seconds
[2026-05-13T14:05:19.447+0000] {processor.py:161} INFO - Started process (PID=1620) to work on /opt/airflow/dags/inegi_playwright_dag.py
[2026-05-13T14:05:19.509+0000] {processor.py:830} INFO - Processing file /opt/airflow/dags/inegi_playwright_dag.py for tasks to queue
[2026-05-13T14:05:19.576+0000] {logging_mixin.py:188} INFO - [2026-05-13T14:05:19.575+0000] {dagbag.py:540} INFO - Filling up the DagBag from /opt/airflow/dags/inegi_playwright_dag.py
[2026-05-13T14:05:22.070+0000] {processor.py:840} INFO - DAG(s) 'inegi_playwright' retrieved from /opt/airflow/dags/inegi_playwright_dag.py
[2026-05-13T14:05:22.768+0000] {logging_mixin.py:188} INFO - [2026-05-13T14:05:22.768+0000] {dag.py:3047} INFO - Sync 1 DAGs
[2026-05-13T14:05:23.288+0000] {logging_mixin.py:188} INFO - [2026-05-13T14:05:23.287+0000] {dag.py:3834} INFO - Setting next_dagrun for inegi_playwright to 2026-05-13 00:00:00+00:00, run_after=2026-05-14 00:00:00+00:00
[2026-05-13T14:05:26.005+0000] {processor.py:183} INFO - Processing /opt/airflow/dags/inegi_playwright_dag.py took 6.637 seconds
[2026-05-13T14:05:59.726+0000] {processor.py:161} INFO - Started process (PID=1650) to work on /opt/airflow/dags/inegi_playwright_dag.py
[2026-05-13T14:05:59.741+0000] {processor.py:830} INFO - Processing file /opt/airflow/dags/inegi_playwright_dag.py for tasks to queue
[2026-05-13T14:05:59.748+0000] {logging_mixin.py:188} INFO - [2026-05-13T14:05:59.747+0000] {dagbag.py:540} INFO - Filling up the DagBag from /opt/airflow/dags/inegi_playwright_dag.py
[2026-05-13T14:06:03.225+0000] {processor.py:840} INFO - DAG(s) 'inegi_playwright' retrieved from /opt/airflow/dags/inegi_playwright_dag.py
[2026-05-13T14:06:05.232+0000] {logging_mixin.py:188} INFO - [2026-05-13T14:06:05.232+0000] {dag.py:3047} INFO - Sync 1 DAGs
[2026-05-13T14:06:06.445+0000] {logging_mixin.py:188} INFO - [2026-05-13T14:06:06.444+0000] {dag.py:3834} INFO - Setting next_dagrun for inegi_playwright to 2026-05-13 00:00:00+00:00, run_after=2026-05-14 00:00:00+00:00
[2026-05-13T14:06:07.616+0000] {processor.py:183} INFO - Processing /opt/airflow/dags/inegi_playwright_dag.py took 7.919 seconds
[2026-05-13T14:06:50.278+0000] {processor.py:161} INFO - Started process (PID=1680) to work on /opt/airflow/dags/inegi_playwright_dag.py
[2026-05-13T14:06:50.642+0000] {processor.py:830} INFO - Processing file /opt/airflow/dags/inegi_playwright_dag.py for tasks to queue
[2026-05-13T14:06:50.776+0000] {logging_mixin.py:188} INFO - [2026-05-13T14:06:50.774+0000] {dagbag.py:540} INFO - Filling up the DagBag from /opt/airflow/dags/inegi_playwright_dag.py
[2026-05-13T14:06:54.049+0000] {processor.py:840} INFO - DAG(s) 'inegi_playwright' retrieved from /opt/airflow/dags/inegi_playwright_dag.py
[2026-05-13T14:06:54.894+0000] {logging_mixin.py:188} INFO - [2026-05-13T14:06:54.893+0000] {dag.py:3047} INFO - Sync 1 DAGs
[2026-05-13T14:06:55.593+0000] {logging_mixin.py:188} INFO - [2026-05-13T14:06:55.593+0000] {dag.py:3834} INFO - Setting next_dagrun for inegi_playwright to 2026-05-13 00:00:00+00:00, run_after=2026-05-14 00:00:00+00:00
[2026-05-13T14:06:56.284+0000] {processor.py:183} INFO - Processing /opt/airflow/dags/inegi_playwright_dag.py took 6.086 seconds
[2026-05-13T14:07:29.006+0000] {processor.py:161} INFO - Started process (PID=1710) to work on /opt/airflow/dags/inegi_playwright_dag.py
[2026-05-13T14:07:29.040+0000] {processor.py:830} INFO - Processing file /opt/airflow/dags/inegi_playwright_dag.py for tasks to queue
[2026-05-13T14:07:29.058+0000] {logging_mixin.py:188} INFO - [2026-05-13T14:07:29.057+0000] {dagbag.py:540} INFO - Filling up the DagBag from /opt/airflow/dags/inegi_playwright_dag.py
[2026-05-13T14:07:29.640+0000] {processor.py:840} INFO - DAG(s) 'inegi_playwright' retrieved from /opt/airflow/dags/inegi_playwright_dag.py
[2026-05-13T14:07:30.059+0000] {logging_mixin.py:188} INFO - [2026-05-13T14:07:30.058+0000] {dag.py:3047} INFO - Sync 1 DAGs
[2026-05-13T14:07:30.510+0000] {logging_mixin.py:188} INFO - [2026-05-13T14:07:30.509+0000] {dag.py:3834} INFO - Setting next_dagrun for inegi_playwright to 2026-05-13 00:00:00+00:00, run_after=2026-05-14 00:00:00+00:00
[2026-05-13T14:07:30.970+0000] {processor.py:183} INFO - Processing /opt/airflow/dags/inegi_playwright_dag.py took 2.074 seconds
[2026-05-13T14:08:07.408+0000] {processor.py:161} INFO - Started process (PID=1740) to work on /opt/airflow/dags/inegi_playwright_dag.py
[2026-05-13T14:08:07.525+0000] {processor.py:830} INFO - Processing file /opt/airflow/dags/inegi_playwright_dag.py for tasks to queue
[2026-05-13T14:08:07.988+0000] {logging_mixin.py:188} INFO - [2026-05-13T14:08:07.987+0000] {dagbag.py:540} INFO - Filling up the DagBag from /opt/airflow/dags/inegi_playwright_dag.py
[2026-05-13T14:08:12.011+0000] {processor.py:840} INFO - DAG(s) 'inegi_playwright' retrieved from /opt/airflow/dags/inegi_playwright_dag.py
[2026-05-13T14:08:12.526+0000] {logging_mixin.py:188} INFO - [2026-05-13T14:08:12.525+0000] {dag.py:3047} INFO - Sync 1 DAGs
[2026-05-13T14:08:12.701+0000] {logging_mixin.py:188} INFO - [2026-05-13T14:08:12.700+0000] {dag.py:3834} INFO - Setting next_dagrun for inegi_playwright to 2026-05-13 00:00:00+00:00, run_after=2026-05-14 00:00:00+00:00
[2026-05-13T14:08:12.900+0000] {processor.py:183} INFO - Processing /opt/airflow/dags/inegi_playwright_dag.py took 5.560 seconds
[2026-05-13T14:08:43.270+0000] {processor.py:161} INFO - Started process (PID=1771) to work on /opt/airflow/dags/inegi_playwright_dag.py
[2026-05-13T14:08:43.274+0000] {processor.py:830} INFO - Processing file /opt/airflow/dags/inegi_playwright_dag.py for tasks to queue
[2026-05-13T14:08:43.277+0000] {logging_mixin.py:188} INFO - [2026-05-13T14:08:43.276+0000] {dagbag.py:540} INFO - Filling up the DagBag from /opt/airflow/dags/inegi_playwright_dag.py
[2026-05-13T14:08:43.348+0000] {processor.py:840} INFO - DAG(s) 'inegi_playwright' retrieved from /opt/airflow/dags/inegi_playwright_dag.py
[2026-05-13T14:08:43.568+0000] {logging_mixin.py:188} INFO - [2026-05-13T14:08:43.567+0000] {dag.py:3047} INFO - Sync 1 DAGs
[2026-05-13T14:08:43.825+0000] {logging_mixin.py:188} INFO - [2026-05-13T14:08:43.823+0000] {dag.py:3834} INFO - Setting next_dagrun for inegi_playwright to 2026-05-13 00:00:00+00:00, run_after=2026-05-14 00:00:00+00:00
[2026-05-13T14:08:43.940+0000] {processor.py:183} INFO - Processing /opt/airflow/dags/inegi_playwright_dag.py took 0.683 seconds
[2026-05-13T14:09:14.979+0000] {processor.py:161} INFO - Started process (PID=1804) to work on /opt/airflow/dags/inegi_playwright_dag.py
[2026-05-13T14:09:15.007+0000] {processor.py:830} INFO - Processing file /opt/airflow/dags/inegi_playwright_dag.py for tasks to queue
[2026-05-13T14:09:15.019+0000] {logging_mixin.py:188} INFO - [2026-05-13T14:09:15.018+0000] {dagbag.py:540} INFO - Filling up the DagBag from /opt/airflow/dags/inegi_playwright_dag.py
[2026-05-13T14:09:15.334+0000] {processor.py:840} INFO - DAG(s) 'inegi_playwright' retrieved from /opt/airflow/dags/inegi_playwright_dag.py
[2026-05-13T14:09:15.876+0000] {logging_mixin.py:188} INFO - [2026-05-13T14:09:15.875+0000] {dag.py:3047} INFO - Sync 1 DAGs
[2026-05-13T14:09:16.480+0000] {logging_mixin.py:188} INFO - [2026-05-13T14:09:16.478+0000] {dag.py:3834} INFO - Setting next_dagrun for inegi_playwright to 2026-05-13 00:00:00+00:00, run_after=2026-05-14 00:00:00+00:00
[2026-05-13T14:09:16.770+0000] {processor.py:183} INFO - Processing /opt/airflow/dags/inegi_playwright_dag.py took 1.871 seconds
[2026-05-13T14:09:51.248+0000] {processor.py:161} INFO - Started process (PID=1834) to work on /opt/airflow/dags/inegi_playwright_dag.py
[2026-05-13T14:09:51.256+0000] {processor.py:830} INFO - Processing file /opt/airflow/dags/inegi_playwright_dag.py for tasks to queue
[2026-05-13T14:09:51.268+0000] {logging_mixin.py:188} INFO - [2026-05-13T14:09:51.258+0000] {dagbag.py:540} INFO - Filling up the DagBag from /opt/airflow/dags/inegi_playwright_dag.py
[2026-05-13T14:09:51.614+0000] {processor.py:840} INFO - DAG(s) 'inegi_playwright' retrieved from /opt/airflow/dags/inegi_playwright_dag.py
[2026-05-13T14:09:51.759+0000] {logging_mixin.py:188} INFO - [2026-05-13T14:09:51.758+0000] {dag.py:3047} INFO - Sync 1 DAGs
[2026-05-13T14:09:51.846+0000] {logging_mixin.py:188} INFO - [2026-05-13T14:09:51.845+0000] {dag.py:3834} INFO - Setting next_dagrun for inegi_playwright to 2026-05-13 00:00:00+00:00, run_after=2026-05-14 00:00:00+00:00
[2026-05-13T14:09:51.997+0000] {processor.py:183} INFO - Processing /opt/airflow/dags/inegi_playwright_dag.py took 0.822 seconds
[2026-05-13T14:10:25.755+0000] {processor.py:161} INFO - Started process (PID=1864) to work on /opt/airflow/dags/inegi_playwright_dag.py
[2026-05-13T14:10:25.889+0000] {processor.py:830} INFO - Processing file /opt/airflow/dags/inegi_playwright_dag.py for tasks to queue
[2026-05-13T14:10:26.034+0000] {logging_mixin.py:188} INFO - [2026-05-13T14:10:26.031+0000] {dagbag.py:540} INFO - Filling up the DagBag from /opt/airflow/dags/inegi_playwright_dag.py
[2026-05-13T14:10:27.729+0000] {processor.py:840} INFO - DAG(s) 'inegi_playwright' retrieved from /opt/airflow/dags/inegi_playwright_dag.py
[2026-05-13T14:10:28.441+0000] {logging_mixin.py:188} INFO - [2026-05-13T14:10:28.426+0000] {dag.py:3047} INFO - Sync 1 DAGs
[2026-05-13T14:10:28.816+0000] {logging_mixin.py:188} INFO - [2026-05-13T14:10:28.804+0000] {dag.py:3834} INFO - Setting next_dagrun for inegi_playwright to 2026-05-13 00:00:00+00:00, run_after=2026-05-14 00:00:00+00:00
[2026-05-13T14:10:29.076+0000] {processor.py:183} INFO - Processing /opt/airflow/dags/inegi_playwright_dag.py took 3.442 seconds
[2026-05-13T14:10:59.616+0000] {processor.py:161} INFO - Started process (PID=1898) to work on /opt/airflow/dags/inegi_playwright_dag.py
[2026-05-13T14:10:59.619+0000] {processor.py:830} INFO - Processing file /opt/airflow/dags/inegi_playwright_dag.py for tasks to queue
[2026-05-13T14:10:59.622+0000] {logging_mixin.py:188} INFO - [2026-05-13T14:10:59.621+0000] {dagbag.py:540} INFO - Filling up the DagBag from /opt/airflow/dags/inegi_playwright_dag.py
[2026-05-13T14:10:59.685+0000] {processor.py:840} INFO - DAG(s) 'inegi_playwright' retrieved from /opt/airflow/dags/inegi_playwright_dag.py
[2026-05-13T14:10:59.760+0000] {logging_mixin.py:188} INFO - [2026-05-13T14:10:59.759+0000] {dag.py:3047} INFO - Sync 1 DAGs
[2026-05-13T14:10:59.824+0000] {logging_mixin.py:188} INFO - [2026-05-13T14:10:59.824+0000] {dag.py:3834} INFO - Setting next_dagrun for inegi_playwright to 2026-05-13 00:00:00+00:00, run_after=2026-05-14 00:00:00+00:00
[2026-05-13T14:10:59.879+0000] {processor.py:183} INFO - Processing /opt/airflow/dags/inegi_playwright_dag.py took 0.274 seconds
[2026-05-13T14:11:31.079+0000] {processor.py:161} INFO - Started process (PID=1928) to work on /opt/airflow/dags/inegi_playwright_dag.py
[2026-05-13T14:11:31.090+0000] {processor.py:830} INFO - Processing file /opt/airflow/dags/inegi_playwright_dag.py for tasks to queue
[2026-05-13T14:11:31.093+0000] {logging_mixin.py:188} INFO - [2026-05-13T14:11:31.092+0000] {dagbag.py:540} INFO - Filling up the DagBag from /opt/airflow/dags/inegi_playwright_dag.py
[2026-05-13T14:11:31.234+0000] {processor.py:840} INFO - DAG(s) 'inegi_playwright' retrieved from /opt/airflow/dags/inegi_playwright_dag.py
[2026-05-13T14:11:31.315+0000] {logging_mixin.py:188} INFO - [2026-05-13T14:11:31.314+0000] {dag.py:3047} INFO - Sync 1 DAGs
[2026-05-13T14:11:31.385+0000] {logging_mixin.py:188} INFO - [2026-05-13T14:11:31.385+0000] {dag.py:3834} INFO - Setting next_dagrun for inegi_playwright to 2026-05-13 00:00:00+00:00, run_after=2026-05-14 00:00:00+00:00
[2026-05-13T14:11:31.558+0000] {processor.py:183} INFO - Processing /opt/airflow/dags/inegi_playwright_dag.py took 0.488 seconds
[2026-05-13T14:12:12.689+0000] {processor.py:161} INFO - Started process (PID=1958) to work on /opt/airflow/dags/inegi_playwright_dag.py
[2026-05-13T14:12:12.763+0000] {processor.py:830} INFO - Processing file /opt/airflow/dags/inegi_playwright_dag.py for tasks to queue
[2026-05-13T14:12:12.789+0000] {logging_mixin.py:188} INFO - [2026-05-13T14:12:12.788+0000] {dagbag.py:540} INFO - Filling up the DagBag from /opt/airflow/dags/inegi_playwright_dag.py
[2026-05-13T14:12:20.525+0000] {processor.py:840} INFO - DAG(s) 'inegi_playwright' retrieved from /opt/airflow/dags/inegi_playwright_dag.py
[2026-05-13T14:12:20.970+0000] {logging_mixin.py:188} INFO - [2026-05-13T14:12:20.969+0000] {dag.py:3047} INFO - Sync 1 DAGs
[2026-05-13T14:12:21.393+0000] {logging_mixin.py:188} INFO - [2026-05-13T14:12:21.392+0000] {dag.py:3834} INFO - Setting next_dagrun for inegi_playwright to 2026-05-13 00:00:00+00:00, run_after=2026-05-14 00:00:00+00:00
[2026-05-13T14:12:21.785+0000] {processor.py:183} INFO - Processing /opt/airflow/dags/inegi_playwright_dag.py took 9.131 seconds
[2026-05-13T14:12:53.329+0000] {processor.py:161} INFO - Started process (PID=1993) to work on /opt/airflow/dags/inegi_playwright_dag.py
[2026-05-13T14:12:53.334+0000] {processor.py:830} INFO - Processing file /opt/airflow/dags/inegi_playwright_dag.py for tasks to queue
[2026-05-13T14:12:53.340+0000] {logging_mixin.py:188} INFO - [2026-05-13T14:12:53.339+0000] {dagbag.py:540} INFO - Filling up the DagBag from /opt/airflow/dags/inegi_playwright_dag.py
[2026-05-13T14:12:53.435+0000] {processor.py:840} INFO - DAG(s) 'inegi_playwright' retrieved from /opt/airflow/dags/inegi_playwright_dag.py
[2026-05-13T14:12:53.640+0000] {logging_mixin.py:188} INFO - [2026-05-13T14:12:53.640+0000] {dag.py:3047} INFO - Sync 1 DAGs
[2026-05-13T14:12:53.964+0000] {logging_mixin.py:188} INFO - [2026-05-13T14:12:53.951+0000] {dag.py:3834} INFO - Setting next_dagrun for inegi_playwright to 2026-05-13 00:00:00+00:00, run_after=2026-05-14 00:00:00+00:00
[2026-05-13T14:12:54.209+0000] {processor.py:183} INFO - Processing /opt/airflow/dags/inegi_playwright_dag.py took 0.895 seconds
[2026-05-13T14:13:32.498+0000] {processor.py:161} INFO - Started process (PID=2021) to work on /opt/airflow/dags/inegi_playwright_dag.py
[2026-05-13T14:13:32.527+0000] {processor.py:830} INFO - Processing file /opt/airflow/dags/inegi_playwright_dag.py for tasks to queue
[2026-05-13T14:13:32.593+0000] {logging_mixin.py:188} INFO - [2026-05-13T14:13:32.592+0000] {dagbag.py:540} INFO - Filling up the DagBag from /opt/airflow/dags/inegi_playwright_dag.py
[2026-05-13T14:13:34.210+0000] {processor.py:840} INFO - DAG(s) 'inegi_playwright' retrieved from /opt/airflow/dags/inegi_playwright_dag.py
[2026-05-13T14:13:34.448+0000] {logging_mixin.py:188} INFO - [2026-05-13T14:13:34.447+0000] {dag.py:3047} INFO - Sync 1 DAGs
[2026-05-13T14:13:34.663+0000] {logging_mixin.py:188} INFO - [2026-05-13T14:13:34.652+0000] {dag.py:3834} INFO - Setting next_dagrun for inegi_playwright to 2026-05-13 00:00:00+00:00, run_after=2026-05-14 00:00:00+00:00
[2026-05-13T14:13:34.974+0000] {processor.py:183} INFO - Processing /opt/airflow/dags/inegi_playwright_dag.py took 2.500 seconds
[2026-05-13T14:14:24.147+0000] {processor.py:161} INFO - Started process (PID=2051) to work on /opt/airflow/dags/inegi_playwright_dag.py
[2026-05-13T14:14:24.234+0000] {processor.py:830} INFO - Processing file /opt/airflow/dags/inegi_playwright_dag.py for tasks to queue
[2026-05-13T14:14:24.251+0000] {logging_mixin.py:188} INFO - [2026-05-13T14:14:24.250+0000] {dagbag.py:540} INFO - Filling up the DagBag from /opt/airflow/dags/inegi_playwright_dag.py
[2026-05-13T14:14:25.566+0000] {processor.py:840} INFO - DAG(s) 'inegi_playwright' retrieved from /opt/airflow/dags/inegi_playwright_dag.py
[2026-05-13T14:14:26.019+0000] {logging_mixin.py:188} INFO - [2026-05-13T14:14:26.018+0000] {dag.py:3047} INFO - Sync 1 DAGs
[2026-05-13T14:14:27.938+0000] {logging_mixin.py:188} INFO - [2026-05-13T14:14:27.937+0000] {dag.py:3834} INFO - Setting next_dagrun for inegi_playwright to 2026-05-13 00:00:00+00:00, run_after=2026-05-14 00:00:00+00:00
[2026-05-13T14:14:28.723+0000] {processor.py:183} INFO - Processing /opt/airflow/dags/inegi_playwright_dag.py took 4.532 seconds
[2026-05-13T14:15:06.721+0000] {processor.py:161} INFO - Started process (PID=2081) to work on /opt/airflow/dags/inegi_playwright_dag.py
[2026-05-13T14:15:06.803+0000] {processor.py:830} INFO - Processing file /opt/airflow/dags/inegi_playwright_dag.py for tasks to queue
[2026-05-13T14:15:06.870+0000] {logging_mixin.py:188} INFO - [2026-05-13T14:15:06.869+0000] {dagbag.py:540} INFO - Filling up the DagBag from /opt/airflow/dags/inegi_playwright_dag.py
[2026-05-13T14:15:16.943+0000] {processor.py:840} INFO - DAG(s) 'inegi_playwright' retrieved from /opt/airflow/dags/inegi_playwright_dag.py
[2026-05-13T14:15:19.191+0000] {logging_mixin.py:188} INFO - [2026-05-13T14:15:19.190+0000] {dag.py:3047} INFO - Sync 1 DAGs
[2026-05-13T14:15:20.013+0000] {logging_mixin.py:188} INFO - [2026-05-13T14:15:20.012+0000] {dag.py:3834} INFO - Setting next_dagrun for inegi_playwright to 2026-05-13 00:00:00+00:00, run_after=2026-05-14 00:00:00+00:00
[2026-05-13T14:15:24.109+0000] {processor.py:183} INFO - Processing /opt/airflow/dags/inegi_playwright_dag.py took 17.408 seconds
[2026-05-13T14:35:38.775+0000] {processor.py:161} INFO - Started process (PID=56) to work on /opt/airflow/dags/inegi_playwright_dag.py
[2026-05-13T14:35:38.789+0000] {processor.py:830} INFO - Processing file /opt/airflow/dags/inegi_playwright_dag.py for tasks to queue
[2026-05-13T14:35:38.797+0000] {logging_mixin.py:188} INFO - [2026-05-13T14:35:38.796+0000] {dagbag.py:540} INFO - Filling up the DagBag from /opt/airflow/dags/inegi_playwright_dag.py
[2026-05-13T14:35:38.906+0000] {processor.py:840} INFO - DAG(s) 'inegi_playwright' retrieved from /opt/airflow/dags/inegi_playwright_dag.py
[2026-05-13T14:35:39.531+0000] {logging_mixin.py:188} INFO - [2026-05-13T14:35:39.530+0000] {override.py:1769} INFO - Created Permission View: can read on DAG:inegi_playwright
[2026-05-13T14:35:39.606+0000] {logging_mixin.py:188} INFO - [2026-05-13T14:35:39.605+0000] {override.py:1769} INFO - Created Permission View: can delete on DAG:inegi_playwright
[2026-05-13T14:35:39.688+0000] {logging_mixin.py:188} INFO - [2026-05-13T14:35:39.688+0000] {override.py:1769} INFO - Created Permission View: can edit on DAG:inegi_playwright
[2026-05-13T14:35:39.694+0000] {logging_mixin.py:188} INFO - [2026-05-13T14:35:39.693+0000] {dag.py:3047} INFO - Sync 1 DAGs
[2026-05-13T14:35:39.805+0000] {logging_mixin.py:188} WARNING - /home/airflow/.local/lib/python3.8/site-packages/airflow/models/dag.py:3585 DeprecationWarning: The dag_concurrency option in [core] has been renamed to max_active_tasks_per_dag - the old setting has been used, but please update your config.
[2026-05-13T14:35:39.888+0000] {logging_mixin.py:188} INFO - [2026-05-13T14:35:39.888+0000] {dag.py:3069} INFO - Creating ORM DAG for inegi_playwright
[2026-05-13T14:35:40.053+0000] {logging_mixin.py:188} INFO - [2026-05-13T14:35:40.040+0000] {dag.py:3834} INFO - Setting next_dagrun for inegi_playwright to 2026-05-12 00:00:00+00:00, run_after=2026-05-13 00:00:00+00:00
[2026-05-13T14:35:40.423+0000] {processor.py:183} INFO - Processing /opt/airflow/dags/inegi_playwright_dag.py took 1.675 seconds
[2026-05-13T14:36:10.794+0000] {processor.py:161} INFO - Started process (PID=88) to work on /opt/airflow/dags/inegi_playwright_dag.py
[2026-05-13T14:36:10.799+0000] {processor.py:830} INFO - Processing file /opt/airflow/dags/inegi_playwright_dag.py for tasks to queue
[2026-05-13T14:36:10.802+0000] {logging_mixin.py:188} INFO - [2026-05-13T14:36:10.801+0000] {dagbag.py:540} INFO - Filling up the DagBag from /opt/airflow/dags/inegi_playwright_dag.py
[2026-05-13T14:36:10.856+0000] {processor.py:840} INFO - DAG(s) 'inegi_playwright' retrieved from /opt/airflow/dags/inegi_playwright_dag.py
[2026-05-13T14:36:10.928+0000] {logging_mixin.py:188} INFO - [2026-05-13T14:36:10.927+0000] {dag.py:3047} INFO - Sync 1 DAGs
[2026-05-13T14:36:10.986+0000] {logging_mixin.py:188} INFO - [2026-05-13T14:36:10.986+0000] {dag.py:3834} INFO - Setting next_dagrun for inegi_playwright to 2026-05-12 00:00:00+00:00, run_after=2026-05-13 00:00:00+00:00
[2026-05-13T14:36:11.038+0000] {processor.py:183} INFO - Processing /opt/airflow/dags/inegi_playwright_dag.py took 0.254 seconds
[2026-05-13T14:36:41.362+0000] {processor.py:161} INFO - Started process (PID=116) to work on /opt/airflow/dags/inegi_playwright_dag.py
[2026-05-13T14:36:41.376+0000] {processor.py:830} INFO - Processing file /opt/airflow/dags/inegi_playwright_dag.py for tasks to queue
[2026-05-13T14:36:41.385+0000] {logging_mixin.py:188} INFO - [2026-05-13T14:36:41.384+0000] {dagbag.py:540} INFO - Filling up the DagBag from /opt/airflow/dags/inegi_playwright_dag.py
[2026-05-13T14:36:41.594+0000] {processor.py:840} INFO - DAG(s) 'inegi_playwright' retrieved from /opt/airflow/dags/inegi_playwright_dag.py
[2026-05-13T14:36:41.670+0000] {logging_mixin.py:188} INFO - [2026-05-13T14:36:41.669+0000] {dag.py:3047} INFO - Sync 1 DAGs
[2026-05-13T14:36:41.733+0000] {logging_mixin.py:188} INFO - [2026-05-13T14:36:41.733+0000] {dag.py:3834} INFO - Setting next_dagrun for inegi_playwright to 2026-05-12 00:00:00+00:00, run_after=2026-05-13 00:00:00+00:00
[2026-05-13T14:36:41.810+0000] {processor.py:183} INFO - Processing /opt/airflow/dags/inegi_playwright_dag.py took 0.481 seconds
[2026-05-13T14:37:12.985+0000] {processor.py:161} INFO - Started process (PID=146) to work on /opt/airflow/dags/inegi_playwright_dag.py
[2026-05-13T14:37:13.016+0000] {processor.py:830} INFO - Processing file /opt/airflow/dags/inegi_playwright_dag.py for tasks to queue
[2026-05-13T14:37:13.048+0000] {logging_mixin.py:188} INFO - [2026-05-13T14:37:13.047+0000] {dagbag.py:540} INFO - Filling up the DagBag from /opt/airflow/dags/inegi_playwright_dag.py
[2026-05-13T14:37:13.476+0000] {processor.py:840} INFO - DAG(s) 'inegi_playwright' retrieved from /opt/airflow/dags/inegi_playwright_dag.py
[2026-05-13T14:37:14.191+0000] {logging_mixin.py:188} INFO - [2026-05-13T14:37:14.178+0000] {dag.py:3047} INFO - Sync 1 DAGs
[2026-05-13T14:37:14.867+0000] {logging_mixin.py:188} INFO - [2026-05-13T14:37:14.866+0000] {dag.py:3834} INFO - Setting next_dagrun for inegi_playwright to 2026-05-12 00:00:00+00:00, run_after=2026-05-13 00:00:00+00:00
[2026-05-13T14:37:15.405+0000] {processor.py:183} INFO - Processing /opt/airflow/dags/inegi_playwright_dag.py took 2.459 seconds
[2026-05-13T14:37:45.694+0000] {processor.py:161} INFO - Started process (PID=178) to work on /opt/airflow/dags/inegi_playwright_dag.py
[2026-05-13T14:37:45.697+0000] {processor.py:830} INFO - Processing file /opt/airflow/dags/inegi_playwright_dag.py for tasks to queue
[2026-05-13T14:37:45.700+0000] {logging_mixin.py:188} INFO - [2026-05-13T14:37:45.699+0000] {dagbag.py:540} INFO - Filling up the DagBag from /opt/airflow/dags/inegi_playwright_dag.py
[2026-05-13T14:37:45.752+0000] {processor.py:840} INFO - DAG(s) 'inegi_playwright' retrieved from /opt/airflow/dags/inegi_playwright_dag.py
[2026-05-13T14:37:45.820+0000] {logging_mixin.py:188} INFO - [2026-05-13T14:37:45.819+0000] {dag.py:3047} INFO - Sync 1 DAGs
[2026-05-13T14:37:45.879+0000] {logging_mixin.py:188} INFO - [2026-05-13T14:37:45.879+0000] {dag.py:3834} INFO - Setting next_dagrun for inegi_playwright to 2026-05-12 00:00:00+00:00, run_after=2026-05-13 00:00:00+00:00
[2026-05-13T14:37:45.929+0000] {processor.py:183} INFO - Processing /opt/airflow/dags/inegi_playwright_dag.py took 0.244 seconds
[2026-05-13T14:38:16.423+0000] {processor.py:161} INFO - Started process (PID=206) to work on /opt/airflow/dags/inegi_playwright_dag.py
[2026-05-13T14:38:16.427+0000] {processor.py:830} INFO - Processing file /opt/airflow/dags/inegi_playwright_dag.py for tasks to queue
[2026-05-13T14:38:16.431+0000] {logging_mixin.py:188} INFO - [2026-05-13T14:38:16.429+0000] {dagbag.py:540} INFO - Filling up the DagBag from /opt/airflow/dags/inegi_playwright_dag.py
[2026-05-13T14:38:16.495+0000] {processor.py:840} INFO - DAG(s) 'inegi_playwright' retrieved from /opt/airflow/dags/inegi_playwright_dag.py
[2026-05-13T14:38:16.577+0000] {logging_mixin.py:188} INFO - [2026-05-13T14:38:16.577+0000] {dag.py:3047} INFO - Sync 1 DAGs
[2026-05-13T14:38:16.645+0000] {logging_mixin.py:188} INFO - [2026-05-13T14:38:16.645+0000] {dag.py:3834} INFO - Setting next_dagrun for inegi_playwright to 2026-05-12 00:00:00+00:00, run_after=2026-05-13 00:00:00+00:00
[2026-05-13T14:38:16.712+0000] {processor.py:183} INFO - Processing /opt/airflow/dags/inegi_playwright_dag.py took 0.307 seconds
[2026-05-13T14:38:47.002+0000] {processor.py:161} INFO - Started process (PID=236) to work on /opt/airflow/dags/inegi_playwright_dag.py
[2026-05-13T14:38:47.006+0000] {processor.py:830} INFO - Processing file /opt/airflow/dags/inegi_playwright_dag.py for tasks to queue
[2026-05-13T14:38:47.009+0000] {logging_mixin.py:188} INFO - [2026-05-13T14:38:47.008+0000] {dagbag.py:540} INFO - Filling up the DagBag from /opt/airflow/dags/inegi_playwright_dag.py
[2026-05-13T14:38:47.078+0000] {processor.py:840} INFO - DAG(s) 'inegi_playwright' retrieved from /opt/airflow/dags/inegi_playwright_dag.py
[2026-05-13T14:38:47.159+0000] {logging_mixin.py:188} INFO - [2026-05-13T14:38:47.159+0000] {dag.py:3047} INFO - Sync 1 DAGs
[2026-05-13T14:38:47.223+0000] {logging_mixin.py:188} INFO - [2026-05-13T14:38:47.222+0000] {dag.py:3834} INFO - Setting next_dagrun for inegi_playwright to 2026-05-12 00:00:00+00:00, run_after=2026-05-13 00:00:00+00:00
[2026-05-13T14:38:47.293+0000] {processor.py:183} INFO - Processing /opt/airflow/dags/inegi_playwright_dag.py took 0.310 seconds
[2026-05-13T14:39:17.959+0000] {processor.py:161} INFO - Started process (PID=266) to work on /opt/airflow/dags/inegi_playwright_dag.py
[2026-05-13T14:39:17.964+0000] {processor.py:830} INFO - Processing file /opt/airflow/dags/inegi_playwright_dag.py for tasks to queue
[2026-05-13T14:39:17.973+0000] {logging_mixin.py:188} INFO - [2026-05-13T14:39:17.966+0000] {dagbag.py:540} INFO - Filling up the DagBag from /opt/airflow/dags/inegi_playwright_dag.py
[2026-05-13T14:39:18.932+0000] {processor.py:840} INFO - DAG(s) 'inegi_playwright' retrieved from /opt/airflow/dags/inegi_playwright_dag.py
[2026-05-13T14:39:19.231+0000] {logging_mixin.py:188} INFO - [2026-05-13T14:39:19.230+0000] {dag.py:3047} INFO - Sync 1 DAGs
[2026-05-13T14:39:19.507+0000] {logging_mixin.py:188} INFO - [2026-05-13T14:39:19.506+0000] {dag.py:3834} INFO - Setting next_dagrun for inegi_playwright to 2026-05-12 00:00:00+00:00, run_after=2026-05-13 00:00:00+00:00
[2026-05-13T14:39:19.578+0000] {processor.py:183} INFO - Processing /opt/airflow/dags/inegi_playwright_dag.py took 1.632 seconds
[2026-05-13T14:39:51.730+0000] {processor.py:161} INFO - Started process (PID=296) to work on /opt/airflow/dags/inegi_playwright_dag.py
[2026-05-13T14:39:51.740+0000] {processor.py:830} INFO - Processing file /opt/airflow/dags/inegi_playwright_dag.py for tasks to queue
[2026-05-13T14:39:51.748+0000] {logging_mixin.py:188} INFO - [2026-05-13T14:39:51.743+0000] {dagbag.py:540} INFO - Filling up the DagBag from /opt/airflow/dags/inegi_playwright_dag.py
[2026-05-13T14:39:51.896+0000] {processor.py:840} INFO - DAG(s) 'inegi_playwright' retrieved from /opt/airflow/dags/inegi_playwright_dag.py
[2026-05-13T14:39:52.064+0000] {logging_mixin.py:188} INFO - [2026-05-13T14:39:52.063+0000] {dag.py:3047} INFO - Sync 1 DAGs
[2026-05-13T14:39:52.420+0000] {logging_mixin.py:188} INFO - [2026-05-13T14:39:52.419+0000] {dag.py:3834} INFO - Setting next_dagrun for inegi_playwright to 2026-05-12 00:00:00+00:00, run_after=2026-05-13 00:00:00+00:00
[2026-05-13T14:39:52.958+0000] {processor.py:183} INFO - Processing /opt/airflow/dags/inegi_playwright_dag.py took 1.283 seconds
[2026-05-13T14:40:24.939+0000] {processor.py:161} INFO - Started process (PID=328) to work on /opt/airflow/dags/inegi_playwright_dag.py
[2026-05-13T14:40:24.949+0000] {processor.py:830} INFO - Processing file /opt/airflow/dags/inegi_playwright_dag.py for tasks to queue
[2026-05-13T14:40:24.955+0000] {logging_mixin.py:188} INFO - [2026-05-13T14:40:24.954+0000] {dagbag.py:540} INFO - Filling up the DagBag from /opt/airflow/dags/inegi_playwright_dag.py
[2026-05-13T14:40:25.095+0000] {processor.py:840} INFO - DAG(s) 'inegi_playwright' retrieved from /opt/airflow/dags/inegi_playwright_dag.py
[2026-05-13T14:40:25.734+0000] {logging_mixin.py:188} INFO - [2026-05-13T14:40:25.733+0000] {dag.py:3047} INFO - Sync 1 DAGs
[2026-05-13T14:40:26.362+0000] {logging_mixin.py:188} INFO - [2026-05-13T14:40:26.361+0000] {dag.py:3834} INFO - Setting next_dagrun for inegi_playwright to 2026-05-12 00:00:00+00:00, run_after=2026-05-13 00:00:00+00:00
[2026-05-13T14:40:26.589+0000] {processor.py:183} INFO - Processing /opt/airflow/dags/inegi_playwright_dag.py took 1.723 seconds
[2026-05-13T14:40:57.361+0000] {processor.py:161} INFO - Started process (PID=358) to work on /opt/airflow/dags/inegi_playwright_dag.py
[2026-05-13T14:40:57.389+0000] {processor.py:830} INFO - Processing file /opt/airflow/dags/inegi_playwright_dag.py for tasks to queue
[2026-05-13T14:40:57.394+0000] {logging_mixin.py:188} INFO - [2026-05-13T14:40:57.393+0000] {dagbag.py:540} INFO - Filling up the DagBag from /opt/airflow/dags/inegi_playwright_dag.py
[2026-05-13T14:40:58.878+0000] {processor.py:840} INFO - DAG(s) 'inegi_playwright' retrieved from /opt/airflow/dags/inegi_playwright_dag.py
[2026-05-13T14:40:59.499+0000] {logging_mixin.py:188} INFO - [2026-05-13T14:40:59.497+0000] {dag.py:3047} INFO - Sync 1 DAGs
[2026-05-13T14:41:00.579+0000] {logging_mixin.py:188} INFO - [2026-05-13T14:41:00.578+0000] {dag.py:3834} INFO - Setting next_dagrun for inegi_playwright to 2026-05-12 00:00:00+00:00, run_after=2026-05-13 00:00:00+00:00
[2026-05-13T14:41:01.251+0000] {processor.py:183} INFO - Processing /opt/airflow/dags/inegi_playwright_dag.py took 3.983 seconds
[2026-05-13T14:41:31.877+0000] {processor.py:161} INFO - Started process (PID=391) to work on /opt/airflow/dags/inegi_playwright_dag.py
[2026-05-13T14:41:31.886+0000] {processor.py:830} INFO - Processing file /opt/airflow/dags/inegi_playwright_dag.py for tasks to queue
[2026-05-13T14:41:31.894+0000] {logging_mixin.py:188} INFO - [2026-05-13T14:41:31.893+0000] {dagbag.py:540} INFO - Filling up the DagBag from /opt/airflow/dags/inegi_playwright_dag.py
[2026-05-13T14:41:31.981+0000] {processor.py:840} INFO - DAG(s) 'inegi_playwright' retrieved from /opt/airflow/dags/inegi_playwright_dag.py
[2026-05-13T14:41:32.079+0000] {logging_mixin.py:188} INFO - [2026-05-13T14:41:32.078+0000] {dag.py:3047} INFO - Sync 1 DAGs
[2026-05-13T14:41:32.192+0000] {logging_mixin.py:188} INFO - [2026-05-13T14:41:32.191+0000] {dag.py:3834} INFO - Setting next_dagrun for inegi_playwright to 2026-05-12 00:00:00+00:00, run_after=2026-05-13 00:00:00+00:00
[2026-05-13T14:41:32.271+0000] {processor.py:183} INFO - Processing /opt/airflow/dags/inegi_playwright_dag.py took 0.408 seconds
[2026-05-13T14:42:02.508+0000] {processor.py:161} INFO - Started process (PID=421) to work on /opt/airflow/dags/inegi_playwright_dag.py
[2026-05-13T14:42:02.511+0000] {processor.py:830} INFO - Processing file /opt/airflow/dags/inegi_playwright_dag.py for tasks to queue
[2026-05-13T14:42:02.514+0000] {logging_mixin.py:188} INFO - [2026-05-13T14:42:02.513+0000] {dagbag.py:540} INFO - Filling up the DagBag from /opt/airflow/dags/inegi_playwright_dag.py
[2026-05-13T14:42:02.597+0000] {processor.py:840} INFO - DAG(s) 'inegi_playwright' retrieved from /opt/airflow/dags/inegi_playwright_dag.py
[2026-05-13T14:42:02.711+0000] {logging_mixin.py:188} INFO - [2026-05-13T14:42:02.710+0000] {dag.py:3047} INFO - Sync 1 DAGs
[2026-05-13T14:42:02.858+0000] {logging_mixin.py:188} INFO - [2026-05-13T14:42:02.857+0000] {dag.py:3834} INFO - Setting next_dagrun for inegi_playwright to 2026-05-12 00:00:00+00:00, run_after=2026-05-13 00:00:00+00:00
[2026-05-13T14:42:03.024+0000] {processor.py:183} INFO - Processing /opt/airflow/dags/inegi_playwright_dag.py took 0.531 seconds
[2026-05-13T14:42:34.204+0000] {processor.py:161} INFO - Started process (PID=446) to work on /opt/airflow/dags/inegi_playwright_dag.py
[2026-05-13T14:42:34.221+0000] {processor.py:830} INFO - Processing file /opt/airflow/dags/inegi_playwright_dag.py for tasks to queue
[2026-05-13T14:42:34.241+0000] {logging_mixin.py:188} INFO - [2026-05-13T14:42:34.240+0000] {dagbag.py:540} INFO - Filling up the DagBag from /opt/airflow/dags/inegi_playwright_dag.py
[2026-05-13T14:42:35.823+0000] {processor.py:840} INFO - DAG(s) 'inegi_playwright' retrieved from /opt/airflow/dags/inegi_playwright_dag.py
[2026-05-13T14:42:36.135+0000] {logging_mixin.py:188} INFO - [2026-05-13T14:42:36.134+0000] {dag.py:3047} INFO - Sync 1 DAGs
[2026-05-13T14:42:36.457+0000] {logging_mixin.py:188} INFO - [2026-05-13T14:42:36.456+0000] {dag.py:3834} INFO - Setting next_dagrun for inegi_playwright to 2026-05-12 00:00:00+00:00, run_after=2026-05-13 00:00:00+00:00
[2026-05-13T14:42:37.049+0000] {processor.py:183} INFO - Processing /opt/airflow/dags/inegi_playwright_dag.py took 2.922 seconds
[2026-05-13T14:43:08.816+0000] {processor.py:161} INFO - Started process (PID=476) to work on /opt/airflow/dags/inegi_playwright_dag.py
[2026-05-13T14:43:08.885+0000] {processor.py:830} INFO - Processing file /opt/airflow/dags/inegi_playwright_dag.py for tasks to queue
[2026-05-13T14:43:08.893+0000] {logging_mixin.py:188} INFO - [2026-05-13T14:43:08.892+0000] {dagbag.py:540} INFO - Filling up the DagBag from /opt/airflow/dags/inegi_playwright_dag.py
[2026-05-13T14:43:09.051+0000] {processor.py:840} INFO - DAG(s) 'inegi_playwright' retrieved from /opt/airflow/dags/inegi_playwright_dag.py
[2026-05-13T14:43:09.226+0000] {logging_mixin.py:188} INFO - [2026-05-13T14:43:09.226+0000] {dag.py:3047} INFO - Sync 1 DAGs
[2026-05-13T14:43:09.410+0000] {logging_mixin.py:188} INFO - [2026-05-13T14:43:09.410+0000] {dag.py:3834} INFO - Setting next_dagrun for inegi_playwright to 2026-05-12 00:00:00+00:00, run_after=2026-05-13 00:00:00+00:00
[2026-05-13T14:43:09.574+0000] {processor.py:183} INFO - Processing /opt/airflow/dags/inegi_playwright_dag.py took 0.791 seconds
[2026-05-13T14:43:41.464+0000] {processor.py:161} INFO - Started process (PID=506) to work on /opt/airflow/dags/inegi_playwright_dag.py
[2026-05-13T14:43:41.528+0000] {processor.py:830} INFO - Processing file /opt/airflow/dags/inegi_playwright_dag.py for tasks to queue
[2026-05-13T14:43:41.546+0000] {logging_mixin.py:188} INFO - [2026-05-13T14:43:41.545+0000] {dagbag.py:540} INFO - Filling up the DagBag from /opt/airflow/dags/inegi_playwright_dag.py
[2026-05-13T14:43:42.485+0000] {processor.py:840} INFO - DAG(s) 'inegi_playwright' retrieved from /opt/airflow/dags/inegi_playwright_dag.py
[2026-05-13T14:43:46.063+0000] {logging_mixin.py:188} INFO - [2026-05-13T14:43:46.061+0000] {dag.py:3047} INFO - Sync 1 DAGs
[2026-05-13T14:43:48.271+0000] {logging_mixin.py:188} INFO - [2026-05-13T14:43:48.270+0000] {dag.py:3834} INFO - Setting next_dagrun for inegi_playwright to 2026-05-12 00:00:00+00:00, run_after=2026-05-13 00:00:00+00:00
[2026-05-13T14:43:48.755+0000] {processor.py:183} INFO - Processing /opt/airflow/dags/inegi_playwright_dag.py took 7.371 seconds
[2026-05-13T14:44:21.905+0000] {processor.py:161} INFO - Started process (PID=536) to work on /opt/airflow/dags/inegi_playwright_dag.py
[2026-05-13T14:44:21.938+0000] {processor.py:830} INFO - Processing file /opt/airflow/dags/inegi_playwright_dag.py for tasks to queue
[2026-05-13T14:44:22.106+0000] {logging_mixin.py:188} INFO - [2026-05-13T14:44:21.971+0000] {dagbag.py:540} INFO - Filling up the DagBag from /opt/airflow/dags/inegi_playwright_dag.py
[2026-05-13T14:44:23.787+0000] {processor.py:840} INFO - DAG(s) 'inegi_playwright' retrieved from /opt/airflow/dags/inegi_playwright_dag.py
[2026-05-13T14:44:31.325+0000] {logging_mixin.py:188} INFO - [2026-05-13T14:44:31.325+0000] {dag.py:3047} INFO - Sync 1 DAGs
[2026-05-13T14:44:33.954+0000] {logging_mixin.py:188} INFO - [2026-05-13T14:44:33.887+0000] {dag.py:3834} INFO - Setting next_dagrun for inegi_playwright to 2026-05-12 00:00:00+00:00, run_after=2026-05-13 00:00:00+00:00
[2026-05-13T14:44:34.773+0000] {processor.py:183} INFO - Processing /opt/airflow/dags/inegi_playwright_dag.py took 12.920 seconds
[2026-05-13T14:45:09.592+0000] {processor.py:161} INFO - Started process (PID=566) to work on /opt/airflow/dags/inegi_playwright_dag.py
[2026-05-13T14:45:09.993+0000] {processor.py:830} INFO - Processing file /opt/airflow/dags/inegi_playwright_dag.py for tasks to queue
[2026-05-13T14:45:10.304+0000] {logging_mixin.py:188} INFO - [2026-05-13T14:45:10.196+0000] {dagbag.py:540} INFO - Filling up the DagBag from /opt/airflow/dags/inegi_playwright_dag.py
[2026-05-13T14:45:13.585+0000] {processor.py:840} INFO - DAG(s) 'inegi_playwright' retrieved from /opt/airflow/dags/inegi_playwright_dag.py
[2026-05-13T14:45:14.103+0000] {logging_mixin.py:188} INFO - [2026-05-13T14:45:14.102+0000] {dag.py:3047} INFO - Sync 1 DAGs
[2026-05-13T14:45:14.540+0000] {logging_mixin.py:188} INFO - [2026-05-13T14:45:14.539+0000] {dag.py:3834} INFO - Setting next_dagrun for inegi_playwright to 2026-05-12 00:00:00+00:00, run_after=2026-05-13 00:00:00+00:00
[2026-05-13T14:45:14.762+0000] {processor.py:183} INFO - Processing /opt/airflow/dags/inegi_playwright_dag.py took 6.022 seconds
[2026-05-13T14:45:45.873+0000] {processor.py:161} INFO - Started process (PID=596) to work on /opt/airflow/dags/inegi_playwright_dag.py
[2026-05-13T14:45:45.889+0000] {processor.py:830} INFO - Processing file /opt/airflow/dags/inegi_playwright_dag.py for tasks to queue
[2026-05-13T14:45:45.892+0000] {logging_mixin.py:188} INFO - [2026-05-13T14:45:45.891+0000] {dagbag.py:540} INFO - Filling up the DagBag from /opt/airflow/dags/inegi_playwright_dag.py
[2026-05-13T14:45:46.011+0000] {processor.py:840} INFO - DAG(s) 'inegi_playwright' retrieved from /opt/airflow/dags/inegi_playwright_dag.py
[2026-05-13T14:45:46.420+0000] {logging_mixin.py:188} INFO - [2026-05-13T14:45:46.419+0000] {dag.py:3047} INFO - Sync 1 DAGs
[2026-05-13T14:45:46.756+0000] {logging_mixin.py:188} INFO - [2026-05-13T14:45:46.755+0000] {dag.py:3834} INFO - Setting next_dagrun for inegi_playwright to 2026-05-12 00:00:00+00:00, run_after=2026-05-13 00:00:00+00:00
[2026-05-13T14:45:47.054+0000] {processor.py:183} INFO - Processing /opt/airflow/dags/inegi_playwright_dag.py took 1.205 seconds
[2026-05-13T14:46:20.588+0000] {processor.py:161} INFO - Started process (PID=630) to work on /opt/airflow/dags/inegi_playwright_dag.py
[2026-05-13T14:46:20.611+0000] {processor.py:830} INFO - Processing file /opt/airflow/dags/inegi_playwright_dag.py for tasks to queue
[2026-05-13T14:46:20.708+0000] {logging_mixin.py:188} INFO - [2026-05-13T14:46:20.649+0000] {dagbag.py:540} INFO - Filling up the DagBag from /opt/airflow/dags/inegi_playwright_dag.py
[2026-05-13T14:46:22.138+0000] {processor.py:840} INFO - DAG(s) 'inegi_playwright' retrieved from /opt/airflow/dags/inegi_playwright_dag.py
[2026-05-13T14:46:24.206+0000] {logging_mixin.py:188} INFO - [2026-05-13T14:46:24.202+0000] {dag.py:3047} INFO - Sync 1 DAGs
[2026-05-13T14:46:24.844+0000] {logging_mixin.py:188} INFO - [2026-05-13T14:46:24.843+0000] {dag.py:3834} INFO - Setting next_dagrun for inegi_playwright to 2026-05-13 00:00:00+00:00, run_after=2026-05-14 00:00:00+00:00
[2026-05-13T14:46:26.230+0000] {processor.py:183} INFO - Processing /opt/airflow/dags/inegi_playwright_dag.py took 5.988 seconds
[2026-05-13T14:47:00.959+0000] {processor.py:161} INFO - Started process (PID=664) to work on /opt/airflow/dags/inegi_playwright_dag.py
[2026-05-13T14:47:01.054+0000] {processor.py:830} INFO - Processing file /opt/airflow/dags/inegi_playwright_dag.py for tasks to queue
[2026-05-13T14:47:01.314+0000] {logging_mixin.py:188} INFO - [2026-05-13T14:47:01.230+0000] {dagbag.py:540} INFO - Filling up the DagBag from /opt/airflow/dags/inegi_playwright_dag.py
[2026-05-13T14:47:04.117+0000] {processor.py:840} INFO - DAG(s) 'inegi_playwright' retrieved from /opt/airflow/dags/inegi_playwright_dag.py
[2026-05-13T14:47:11.350+0000] {logging_mixin.py:188} INFO - [2026-05-13T14:47:11.348+0000] {dag.py:3047} INFO - Sync 1 DAGs
[2026-05-13T14:47:17.762+0000] {logging_mixin.py:188} INFO - [2026-05-13T14:47:17.762+0000] {dag.py:3834} INFO - Setting next_dagrun for inegi_playwright to 2026-05-13 00:00:00+00:00, run_after=2026-05-14 00:00:00+00:00
[2026-05-13T14:47:18.272+0000] {processor.py:183} INFO - Processing /opt/airflow/dags/inegi_playwright_dag.py took 17.907 seconds
[2026-05-13T14:48:02.748+0000] {processor.py:161} INFO - Started process (PID=694) to work on /opt/airflow/dags/inegi_playwright_dag.py
[2026-05-13T14:48:03.182+0000] {processor.py:830} INFO - Processing file /opt/airflow/dags/inegi_playwright_dag.py for tasks to queue
[2026-05-13T14:48:03.513+0000] {logging_mixin.py:188} INFO - [2026-05-13T14:48:03.512+0000] {dagbag.py:540} INFO - Filling up the DagBag from /opt/airflow/dags/inegi_playwright_dag.py
[2026-05-13T14:48:20.919+0000] {processor.py:840} INFO - DAG(s) 'inegi_playwright' retrieved from /opt/airflow/dags/inegi_playwright_dag.py
[2026-05-13T14:48:30.219+0000] {logging_mixin.py:188} INFO - [2026-05-13T14:48:30.218+0000] {dag.py:3047} INFO - Sync 1 DAGs
[2026-05-13T14:48:33.654+0000] {logging_mixin.py:188} INFO - [2026-05-13T14:48:33.491+0000] {dag.py:3834} INFO - Setting next_dagrun for inegi_playwright to 2026-05-13 00:00:00+00:00, run_after=2026-05-14 00:00:00+00:00
[2026-05-13T14:48:34.796+0000] {processor.py:183} INFO - Processing /opt/airflow/dags/inegi_playwright_dag.py took 32.762 seconds
[2026-05-13T14:49:17.363+0000] {processor.py:161} INFO - Started process (PID=726) to work on /opt/airflow/dags/inegi_playwright_dag.py
[2026-05-13T14:49:17.494+0000] {processor.py:830} INFO - Processing file /opt/airflow/dags/inegi_playwright_dag.py for tasks to queue
[2026-05-13T14:49:17.605+0000] {logging_mixin.py:188} INFO - [2026-05-13T14:49:17.602+0000] {dagbag.py:540} INFO - Filling up the DagBag from /opt/airflow/dags/inegi_playwright_dag.py
[2026-05-13T14:49:20.913+0000] {processor.py:840} INFO - DAG(s) 'inegi_playwright' retrieved from /opt/airflow/dags/inegi_playwright_dag.py
[2026-05-13T14:49:21.583+0000] {logging_mixin.py:188} INFO - [2026-05-13T14:49:21.582+0000] {dag.py:3047} INFO - Sync 1 DAGs
[2026-05-13T14:49:22.527+0000] {logging_mixin.py:188} INFO - [2026-05-13T14:49:22.527+0000] {dag.py:3834} INFO - Setting next_dagrun for inegi_playwright to 2026-05-13 00:00:00+00:00, run_after=2026-05-14 00:00:00+00:00
[2026-05-13T14:49:24.111+0000] {processor.py:183} INFO - Processing /opt/airflow/dags/inegi_playwright_dag.py took 6.840 seconds
[2026-05-13T14:49:59.092+0000] {processor.py:161} INFO - Started process (PID=758) to work on /opt/airflow/dags/inegi_playwright_dag.py
[2026-05-13T14:49:59.155+0000] {processor.py:830} INFO - Processing file /opt/airflow/dags/inegi_playwright_dag.py for tasks to queue
[2026-05-13T14:49:59.248+0000] {logging_mixin.py:188} INFO - [2026-05-13T14:49:59.247+0000] {dagbag.py:540} INFO - Filling up the DagBag from /opt/airflow/dags/inegi_playwright_dag.py
[2026-05-13T14:50:03.705+0000] {processor.py:840} INFO - DAG(s) 'inegi_playwright' retrieved from /opt/airflow/dags/inegi_playwright_dag.py
[2026-05-13T14:50:05.956+0000] {logging_mixin.py:188} INFO - [2026-05-13T14:50:05.955+0000] {dag.py:3047} INFO - Sync 1 DAGs
[2026-05-13T14:50:09.921+0000] {logging_mixin.py:188} INFO - [2026-05-13T14:50:09.920+0000] {dag.py:3834} INFO - Setting next_dagrun for inegi_playwright to 2026-05-13 00:00:00+00:00, run_after=2026-05-14 00:00:00+00:00
[2026-05-13T14:50:15.729+0000] {processor.py:183} INFO - Processing /opt/airflow/dags/inegi_playwright_dag.py took 16.783 seconds
[2026-05-13T14:50:54.929+0000] {processor.py:161} INFO - Started process (PID=790) to work on /opt/airflow/dags/inegi_playwright_dag.py
[2026-05-13T14:50:55.326+0000] {processor.py:830} INFO - Processing file /opt/airflow/dags/inegi_playwright_dag.py for tasks to queue
[2026-05-13T14:50:55.777+0000] {logging_mixin.py:188} INFO - [2026-05-13T14:50:55.697+0000] {dagbag.py:540} INFO - Filling up the DagBag from /opt/airflow/dags/inegi_playwright_dag.py
[2026-05-13T14:51:09.378+0000] {processor.py:840} INFO - DAG(s) 'inegi_playwright' retrieved from /opt/airflow/dags/inegi_playwright_dag.py
[2026-05-13T14:51:11.032+0000] {logging_mixin.py:188} INFO - [2026-05-13T14:51:11.031+0000] {dag.py:3047} INFO - Sync 1 DAGs
[2026-05-13T14:51:11.704+0000] {logging_mixin.py:188} INFO - [2026-05-13T14:51:11.703+0000] {dag.py:3834} INFO - Setting next_dagrun for inegi_playwright to 2026-05-13 00:00:00+00:00, run_after=2026-05-14 00:00:00+00:00
[2026-05-13T14:51:12.670+0000] {processor.py:183} INFO - Processing /opt/airflow/dags/inegi_playwright_dag.py took 20.389 seconds
[2026-05-13T14:51:45.569+0000] {processor.py:161} INFO - Started process (PID=825) to work on /opt/airflow/dags/inegi_playwright_dag.py
[2026-05-13T14:51:45.746+0000] {processor.py:830} INFO - Processing file /opt/airflow/dags/inegi_playwright_dag.py for tasks to queue
[2026-05-13T14:51:45.828+0000] {logging_mixin.py:188} INFO - [2026-05-13T14:51:45.826+0000] {dagbag.py:540} INFO - Filling up the DagBag from /opt/airflow/dags/inegi_playwright_dag.py
[2026-05-13T14:51:48.133+0000] {processor.py:840} INFO - DAG(s) 'inegi_playwright' retrieved from /opt/airflow/dags/inegi_playwright_dag.py
[2026-05-13T14:51:48.949+0000] {logging_mixin.py:188} INFO - [2026-05-13T14:51:48.934+0000] {dag.py:3047} INFO - Sync 1 DAGs
[2026-05-13T14:51:49.878+0000] {logging_mixin.py:188} INFO - [2026-05-13T14:51:49.877+0000] {dag.py:3834} INFO - Setting next_dagrun for inegi_playwright to 2026-05-13 00:00:00+00:00, run_after=2026-05-14 00:00:00+00:00
[2026-05-13T14:51:51.239+0000] {processor.py:183} INFO - Processing /opt/airflow/dags/inegi_playwright_dag.py took 5.734 seconds
[2026-05-13T14:52:30.186+0000] {processor.py:161} INFO - Started process (PID=857) to work on /opt/airflow/dags/inegi_playwright_dag.py
[2026-05-13T14:52:30.265+0000] {processor.py:830} INFO - Processing file /opt/airflow/dags/inegi_playwright_dag.py for tasks to queue
[2026-05-13T14:52:30.395+0000] {logging_mixin.py:188} INFO - [2026-05-13T14:52:30.377+0000] {dagbag.py:540} INFO - Filling up the DagBag from /opt/airflow/dags/inegi_playwright_dag.py
[2026-05-13T14:52:36.844+0000] {processor.py:840} INFO - DAG(s) 'inegi_playwright' retrieved from /opt/airflow/dags/inegi_playwright_dag.py
[2026-05-13T14:52:39.485+0000] {logging_mixin.py:188} INFO - [2026-05-13T14:52:39.484+0000] {dag.py:3047} INFO - Sync 1 DAGs
[2026-05-13T14:52:41.881+0000] {logging_mixin.py:188} INFO - [2026-05-13T14:52:41.880+0000] {dag.py:3834} INFO - Setting next_dagrun for inegi_playwright to 2026-05-13 00:00:00+00:00, run_after=2026-05-14 00:00:00+00:00
[2026-05-13T14:52:42.977+0000] {processor.py:183} INFO - Processing /opt/airflow/dags/inegi_playwright_dag.py took 13.084 seconds
[2026-05-13T14:53:24.529+0000] {processor.py:161} INFO - Started process (PID=887) to work on /opt/airflow/dags/inegi_playwright_dag.py
[2026-05-13T14:53:24.689+0000] {processor.py:830} INFO - Processing file /opt/airflow/dags/inegi_playwright_dag.py for tasks to queue
[2026-05-13T14:53:24.739+0000] {logging_mixin.py:188} INFO - [2026-05-13T14:53:24.738+0000] {dagbag.py:540} INFO - Filling up the DagBag from /opt/airflow/dags/inegi_playwright_dag.py
[2026-05-13T14:53:26.529+0000] {processor.py:840} INFO - DAG(s) 'inegi_playwright' retrieved from /opt/airflow/dags/inegi_playwright_dag.py
[2026-05-13T14:53:26.776+0000] {logging_mixin.py:188} INFO - [2026-05-13T14:53:26.775+0000] {dag.py:3047} INFO - Sync 1 DAGs
[2026-05-13T14:53:27.063+0000] {logging_mixin.py:188} INFO - [2026-05-13T14:53:27.063+0000] {dag.py:3834} INFO - Setting next_dagrun for inegi_playwright to 2026-05-13 00:00:00+00:00, run_after=2026-05-14 00:00:00+00:00
[2026-05-13T14:53:27.357+0000] {processor.py:183} INFO - Processing /opt/airflow/dags/inegi_playwright_dag.py took 3.399 seconds
[2026-05-13T14:54:39.477+0000] {processor.py:161} INFO - Started process (PID=918) to work on /opt/airflow/dags/inegi_playwright_dag.py
[2026-05-13T14:54:39.593+0000] {processor.py:830} INFO - Processing file /opt/airflow/dags/inegi_playwright_dag.py for tasks to queue
[2026-05-13T14:54:39.755+0000] {logging_mixin.py:188} INFO - [2026-05-13T14:54:39.753+0000] {dagbag.py:540} INFO - Filling up the DagBag from /opt/airflow/dags/inegi_playwright_dag.py
[2026-05-13T14:54:41.362+0000] {processor.py:840} INFO - DAG(s) 'inegi_playwright' retrieved from /opt/airflow/dags/inegi_playwright_dag.py
[2026-05-13T14:54:41.806+0000] {logging_mixin.py:188} INFO - [2026-05-13T14:54:41.805+0000] {dag.py:3047} INFO - Sync 1 DAGs
[2026-05-13T14:54:42.137+0000] {logging_mixin.py:188} INFO - [2026-05-13T14:54:42.136+0000] {dag.py:3834} INFO - Setting next_dagrun for inegi_playwright to 2026-05-13 00:00:00+00:00, run_after=2026-05-14 00:00:00+00:00
[2026-05-13T14:54:42.304+0000] {processor.py:183} INFO - Processing /opt/airflow/dags/inegi_playwright_dag.py took 2.849 seconds
[2026-05-13T14:55:16.518+0000] {processor.py:161} INFO - Started process (PID=948) to work on /opt/airflow/dags/inegi_playwright_dag.py
[2026-05-13T14:55:16.587+0000] {processor.py:830} INFO - Processing file /opt/airflow/dags/inegi_playwright_dag.py for tasks to queue
[2026-05-13T14:55:16.778+0000] {logging_mixin.py:188} INFO - [2026-05-13T14:55:16.777+0000] {dagbag.py:540} INFO - Filling up the DagBag from /opt/airflow/dags/inegi_playwright_dag.py
[2026-05-13T14:55:17.389+0000] {processor.py:840} INFO - DAG(s) 'inegi_playwright' retrieved from /opt/airflow/dags/inegi_playwright_dag.py
[2026-05-13T14:55:17.607+0000] {logging_mixin.py:188} INFO - [2026-05-13T14:55:17.606+0000] {dag.py:3047} INFO - Sync 1 DAGs
[2026-05-13T14:55:18.086+0000] {logging_mixin.py:188} INFO - [2026-05-13T14:55:18.086+0000] {dag.py:3834} INFO - Setting next_dagrun for inegi_playwright to 2026-05-13 00:00:00+00:00, run_after=2026-05-14 00:00:00+00:00
[2026-05-13T14:55:18.605+0000] {processor.py:183} INFO - Processing /opt/airflow/dags/inegi_playwright_dag.py took 2.173 seconds
[2026-05-13T15:01:00.453+0000] {processor.py:161} INFO - Started process (PID=973) to work on /opt/airflow/dags/inegi_playwright_dag.py
[2026-05-13T15:01:00.536+0000] {processor.py:830} INFO - Processing file /opt/airflow/dags/inegi_playwright_dag.py for tasks to queue
[2026-05-13T15:01:00.626+0000] {logging_mixin.py:188} INFO - [2026-05-13T15:01:00.624+0000] {dagbag.py:540} INFO - Filling up the DagBag from /opt/airflow/dags/inegi_playwright_dag.py
[2026-05-13T15:01:06.137+0000] {processor.py:840} INFO - DAG(s) 'inegi_playwright' retrieved from /opt/airflow/dags/inegi_playwright_dag.py
[2026-05-13T15:01:14.454+0000] {logging_mixin.py:188} INFO - [2026-05-13T15:01:14.453+0000] {dag.py:3047} INFO - Sync 1 DAGs
[2026-05-13T15:01:17.723+0000] {logging_mixin.py:188} INFO - [2026-05-13T15:01:17.709+0000] {dag.py:3834} INFO - Setting next_dagrun for inegi_playwright to 2026-05-13 00:00:00+00:00, run_after=2026-05-14 00:00:00+00:00
[2026-05-13T15:01:20.913+0000] {processor.py:183} INFO - Processing /opt/airflow/dags/inegi_playwright_dag.py took 25.479 seconds
[2026-05-13T15:01:57.450+0000] {processor.py:161} INFO - Started process (PID=1005) to work on /opt/airflow/dags/inegi_playwright_dag.py
[2026-05-13T15:01:57.459+0000] {processor.py:830} INFO - Processing file /opt/airflow/dags/inegi_playwright_dag.py for tasks to queue
[2026-05-13T15:01:57.502+0000] {logging_mixin.py:188} INFO - [2026-05-13T15:01:57.501+0000] {dagbag.py:540} INFO - Filling up the DagBag from /opt/airflow/dags/inegi_playwright_dag.py
[2026-05-13T15:02:05.605+0000] {processor.py:840} INFO - DAG(s) 'inegi_playwright' retrieved from /opt/airflow/dags/inegi_playwright_dag.py
[2026-05-13T15:02:14.408+0000] {logging_mixin.py:188} INFO - [2026-05-13T15:02:14.408+0000] {dag.py:3047} INFO - Sync 1 DAGs
[2026-05-13T15:02:20.067+0000] {logging_mixin.py:188} INFO - [2026-05-13T15:02:20.066+0000] {dag.py:3834} INFO - Setting next_dagrun for inegi_playwright to 2026-05-13 00:00:00+00:00, run_after=2026-05-14 00:00:00+00:00
[2026-05-13T15:02:22.287+0000] {processor.py:183} INFO - Processing /opt/airflow/dags/inegi_playwright_dag.py took 24.985 seconds
[2026-05-13T15:03:03.185+0000] {processor.py:161} INFO - Started process (PID=1038) to work on /opt/airflow/dags/inegi_playwright_dag.py
[2026-05-13T15:03:03.230+0000] {processor.py:830} INFO - Processing file /opt/airflow/dags/inegi_playwright_dag.py for tasks to queue
[2026-05-13T15:03:03.235+0000] {logging_mixin.py:188} INFO - [2026-05-13T15:03:03.234+0000] {dagbag.py:540} INFO - Filling up the DagBag from /opt/airflow/dags/inegi_playwright_dag.py
[2026-05-13T15:03:08.723+0000] {processor.py:840} INFO - DAG(s) 'inegi_playwright' retrieved from /opt/airflow/dags/inegi_playwright_dag.py
[2026-05-13T15:03:10.504+0000] {logging_mixin.py:188} INFO - [2026-05-13T15:03:10.503+0000] {dag.py:3047} INFO - Sync 1 DAGs
[2026-05-13T15:03:23.265+0000] {logging_mixin.py:188} INFO - [2026-05-13T15:03:23.264+0000] {dag.py:3834} INFO - Setting next_dagrun for inegi_playwright to 2026-05-13 00:00:00+00:00, run_after=2026-05-14 00:00:00+00:00
[2026-05-13T15:03:23.614+0000] {processor.py:183} INFO - Processing /opt/airflow/dags/inegi_playwright_dag.py took 20.439 seconds
[2026-05-13T15:03:56.116+0000] {processor.py:161} INFO - Started process (PID=1073) to work on /opt/airflow/dags/inegi_playwright_dag.py
[2026-05-13T15:03:56.143+0000] {processor.py:830} INFO - Processing file /opt/airflow/dags/inegi_playwright_dag.py for tasks to queue
[2026-05-13T15:03:56.210+0000] {logging_mixin.py:188} INFO - [2026-05-13T15:03:56.193+0000] {dagbag.py:540} INFO - Filling up the DagBag from /opt/airflow/dags/inegi_playwright_dag.py
[2026-05-13T15:03:57.045+0000] {processor.py:840} INFO - DAG(s) 'inegi_playwright' retrieved from /opt/airflow/dags/inegi_playwright_dag.py
[2026-05-13T15:03:57.341+0000] {logging_mixin.py:188} INFO - [2026-05-13T15:03:57.340+0000] {dag.py:3047} INFO - Sync 1 DAGs
[2026-05-13T15:03:57.661+0000] {logging_mixin.py:188} INFO - [2026-05-13T15:03:57.649+0000] {dag.py:3834} INFO - Setting next_dagrun for inegi_playwright to 2026-05-13 00:00:00+00:00, run_after=2026-05-14 00:00:00+00:00
[2026-05-13T15:03:57.986+0000] {processor.py:183} INFO - Processing /opt/airflow/dags/inegi_playwright_dag.py took 2.022 seconds
[2026-05-13T15:04:31.598+0000] {processor.py:161} INFO - Started process (PID=1106) to work on /opt/airflow/dags/inegi_playwright_dag.py
[2026-05-13T15:04:31.669+0000] {processor.py:830} INFO - Processing file /opt/airflow/dags/inegi_playwright_dag.py for tasks to queue
[2026-05-13T15:04:31.727+0000] {logging_mixin.py:188} INFO - [2026-05-13T15:04:31.726+0000] {dagbag.py:540} INFO - Filling up the DagBag from /opt/airflow/dags/inegi_playwright_dag.py
[2026-05-13T15:04:31.960+0000] {processor.py:840} INFO - DAG(s) 'inegi_playwright' retrieved from /opt/airflow/dags/inegi_playwright_dag.py
[2026-05-13T15:04:32.190+0000] {logging_mixin.py:188} INFO - [2026-05-13T15:04:32.188+0000] {dag.py:3047} INFO - Sync 1 DAGs
[2026-05-13T15:04:32.286+0000] {logging_mixin.py:188} INFO - [2026-05-13T15:04:32.285+0000] {dag.py:3834} INFO - Setting next_dagrun for inegi_playwright to 2026-05-13 00:00:00+00:00, run_after=2026-05-14 00:00:00+00:00
[2026-05-13T15:04:32.403+0000] {processor.py:183} INFO - Processing /opt/airflow/dags/inegi_playwright_dag.py took 0.854 seconds
[2026-05-13T15:05:07.021+0000] {processor.py:161} INFO - Started process (PID=1133) to work on /opt/airflow/dags/inegi_playwright_dag.py
[2026-05-13T15:05:07.205+0000] {processor.py:830} INFO - Processing file /opt/airflow/dags/inegi_playwright_dag.py for tasks to queue
[2026-05-13T15:05:07.216+0000] {logging_mixin.py:188} INFO - [2026-05-13T15:05:07.215+0000] {dagbag.py:540} INFO - Filling up the DagBag from /opt/airflow/dags/inegi_playwright_dag.py
[2026-05-13T15:05:09.261+0000] {processor.py:840} INFO - DAG(s) 'inegi_playwright' retrieved from /opt/airflow/dags/inegi_playwright_dag.py
[2026-05-13T15:05:09.903+0000] {logging_mixin.py:188} INFO - [2026-05-13T15:05:09.889+0000] {dag.py:3047} INFO - Sync 1 DAGs
[2026-05-13T15:05:10.777+0000] {logging_mixin.py:188} INFO - [2026-05-13T15:05:10.776+0000] {dag.py:3834} INFO - Setting next_dagrun for inegi_playwright to 2026-05-13 00:00:00+00:00, run_after=2026-05-14 00:00:00+00:00
[2026-05-13T15:05:11.934+0000] {processor.py:183} INFO - Processing /opt/airflow/dags/inegi_playwright_dag.py took 4.938 seconds
[2026-05-13T15:05:45.827+0000] {processor.py:161} INFO - Started process (PID=1166) to work on /opt/airflow/dags/inegi_playwright_dag.py
[2026-05-13T15:05:45.912+0000] {processor.py:830} INFO - Processing file /opt/airflow/dags/inegi_playwright_dag.py for tasks to queue
[2026-05-13T15:05:45.916+0000] {logging_mixin.py:188} INFO - [2026-05-13T15:05:45.915+0000] {dagbag.py:540} INFO - Filling up the DagBag from /opt/airflow/dags/inegi_playwright_dag.py
[2026-05-13T15:05:46.181+0000] {processor.py:840} INFO - DAG(s) 'inegi_playwright' retrieved from /opt/airflow/dags/inegi_playwright_dag.py
[2026-05-13T15:05:46.700+0000] {logging_mixin.py:188} INFO - [2026-05-13T15:05:46.672+0000] {dag.py:3047} INFO - Sync 1 DAGs
[2026-05-13T15:05:46.928+0000] {logging_mixin.py:188} INFO - [2026-05-13T15:05:46.927+0000] {dag.py:3834} INFO - Setting next_dagrun for inegi_playwright to 2026-05-13 00:00:00+00:00, run_after=2026-05-14 00:00:00+00:00
[2026-05-13T15:05:47.174+0000] {processor.py:183} INFO - Processing /opt/airflow/dags/inegi_playwright_dag.py took 1.361 seconds
[2026-05-13T15:06:21.215+0000] {processor.py:161} INFO - Started process (PID=1193) to work on /opt/airflow/dags/inegi_playwright_dag.py
[2026-05-13T15:06:21.229+0000] {processor.py:830} INFO - Processing file /opt/airflow/dags/inegi_playwright_dag.py for tasks to queue
[2026-05-13T15:06:21.244+0000] {logging_mixin.py:188} INFO - [2026-05-13T15:06:21.242+0000] {dagbag.py:540} INFO - Filling up the DagBag from /opt/airflow/dags/inegi_playwright_dag.py
[2026-05-13T15:06:21.729+0000] {processor.py:840} INFO - DAG(s) 'inegi_playwright' retrieved from /opt/airflow/dags/inegi_playwright_dag.py
[2026-05-13T15:06:21.989+0000] {logging_mixin.py:188} INFO - [2026-05-13T15:06:21.989+0000] {dag.py:3047} INFO - Sync 1 DAGs
[2026-05-13T15:06:22.169+0000] {logging_mixin.py:188} INFO - [2026-05-13T15:06:22.168+0000] {dag.py:3834} INFO - Setting next_dagrun for inegi_playwright to 2026-05-13 00:00:00+00:00, run_after=2026-05-14 00:00:00+00:00
[2026-05-13T15:06:22.370+0000] {processor.py:183} INFO - Processing /opt/airflow/dags/inegi_playwright_dag.py took 1.183 seconds
[2026-05-13T15:07:05.628+0000] {processor.py:161} INFO - Started process (PID=1226) to work on /opt/airflow/dags/inegi_playwright_dag.py
[2026-05-13T15:07:05.657+0000] {processor.py:830} INFO - Processing file /opt/airflow/dags/inegi_playwright_dag.py for tasks to queue
[2026-05-13T15:07:05.670+0000] {logging_mixin.py:188} INFO - [2026-05-13T15:07:05.669+0000] {dagbag.py:540} INFO - Filling up the DagBag from /opt/airflow/dags/inegi_playwright_dag.py
[2026-05-13T15:07:06.144+0000] {processor.py:840} INFO - DAG(s) 'inegi_playwright' retrieved from /opt/airflow/dags/inegi_playwright_dag.py
[2026-05-13T15:07:06.995+0000] {logging_mixin.py:188} INFO - [2026-05-13T15:07:06.983+0000] {dag.py:3047} INFO - Sync 1 DAGs
[2026-05-13T15:07:07.218+0000] {logging_mixin.py:188} INFO - [2026-05-13T15:07:07.217+0000] {dag.py:3834} INFO - Setting next_dagrun for inegi_playwright to 2026-05-13 00:00:00+00:00, run_after=2026-05-14 00:00:00+00:00
[2026-05-13T15:07:07.493+0000] {processor.py:183} INFO - Processing /opt/airflow/dags/inegi_playwright_dag.py took 1.887 seconds
[2026-05-13T15:07:39.467+0000] {processor.py:161} INFO - Started process (PID=1256) to work on /opt/airflow/dags/inegi_playwright_dag.py
[2026-05-13T15:07:39.485+0000] {processor.py:830} INFO - Processing file /opt/airflow/dags/inegi_playwright_dag.py for tasks to queue
[2026-05-13T15:07:39.503+0000] {logging_mixin.py:188} INFO - [2026-05-13T15:07:39.502+0000] {dagbag.py:540} INFO - Filling up the DagBag from /opt/airflow/dags/inegi_playwright_dag.py
[2026-05-13T15:07:40.199+0000] {processor.py:840} INFO - DAG(s) 'inegi_playwright' retrieved from /opt/airflow/dags/inegi_playwright_dag.py
[2026-05-13T15:07:40.472+0000] {logging_mixin.py:188} INFO - [2026-05-13T15:07:40.472+0000] {dag.py:3047} INFO - Sync 1 DAGs
[2026-05-13T15:07:41.039+0000] {logging_mixin.py:188} INFO - [2026-05-13T15:07:41.038+0000] {dag.py:3834} INFO - Setting next_dagrun for inegi_playwright to 2026-05-13 00:00:00+00:00, run_after=2026-05-14 00:00:00+00:00
[2026-05-13T15:07:42.041+0000] {processor.py:183} INFO - Processing /opt/airflow/dags/inegi_playwright_dag.py took 2.656 seconds
[2026-05-13T15:08:14.996+0000] {processor.py:161} INFO - Started process (PID=1283) to work on /opt/airflow/dags/inegi_playwright_dag.py
[2026-05-13T15:08:15.010+0000] {processor.py:830} INFO - Processing file /opt/airflow/dags/inegi_playwright_dag.py for tasks to queue
[2026-05-13T15:08:15.014+0000] {logging_mixin.py:188} INFO - [2026-05-13T15:08:15.013+0000] {dagbag.py:540} INFO - Filling up the DagBag from /opt/airflow/dags/inegi_playwright_dag.py
[2026-05-13T15:08:15.861+0000] {processor.py:840} INFO - DAG(s) 'inegi_playwright' retrieved from /opt/airflow/dags/inegi_playwright_dag.py
[2026-05-13T15:08:16.115+0000] {logging_mixin.py:188} INFO - [2026-05-13T15:08:16.115+0000] {dag.py:3047} INFO - Sync 1 DAGs
[2026-05-13T15:08:16.365+0000] {logging_mixin.py:188} INFO - [2026-05-13T15:08:16.364+0000] {dag.py:3834} INFO - Setting next_dagrun for inegi_playwright to 2026-05-13 00:00:00+00:00, run_after=2026-05-14 00:00:00+00:00
[2026-05-13T15:08:16.628+0000] {processor.py:183} INFO - Processing /opt/airflow/dags/inegi_playwright_dag.py took 1.653 seconds
[2026-05-13T15:08:55.592+0000] {processor.py:161} INFO - Started process (PID=1313) to work on /opt/airflow/dags/inegi_playwright_dag.py
[2026-05-13T15:08:55.653+0000] {processor.py:830} INFO - Processing file /opt/airflow/dags/inegi_playwright_dag.py for tasks to queue
[2026-05-13T15:08:55.672+0000] {logging_mixin.py:188} INFO - [2026-05-13T15:08:55.670+0000] {dagbag.py:540} INFO - Filling up the DagBag from /opt/airflow/dags/inegi_playwright_dag.py
[2026-05-13T15:08:55.766+0000] {processor.py:840} INFO - DAG(s) 'inegi_playwright' retrieved from /opt/airflow/dags/inegi_playwright_dag.py
[2026-05-13T15:08:55.915+0000] {logging_mixin.py:188} INFO - [2026-05-13T15:08:55.914+0000] {dag.py:3047} INFO - Sync 1 DAGs
[2026-05-13T15:08:56.119+0000] {logging_mixin.py:188} INFO - [2026-05-13T15:08:56.119+0000] {dag.py:3834} INFO - Setting next_dagrun for inegi_playwright to 2026-05-13 00:00:00+00:00, run_after=2026-05-14 00:00:00+00:00
[2026-05-13T15:08:56.386+0000] {processor.py:183} INFO - Processing /opt/airflow/dags/inegi_playwright_dag.py took 0.815 seconds
[2026-05-13T15:09:27.097+0000] {processor.py:161} INFO - Started process (PID=1343) to work on /opt/airflow/dags/inegi_playwright_dag.py
[2026-05-13T15:09:27.113+0000] {processor.py:830} INFO - Processing file /opt/airflow/dags/inegi_playwright_dag.py for tasks to queue
[2026-05-13T15:09:27.117+0000] {logging_mixin.py:188} INFO - [2026-05-13T15:09:27.116+0000] {dagbag.py:540} INFO - Filling up the DagBag from /opt/airflow/dags/inegi_playwright_dag.py
[2026-05-13T15:09:27.329+0000] {processor.py:840} INFO - DAG(s) 'inegi_playwright' retrieved from /opt/airflow/dags/inegi_playwright_dag.py
[2026-05-13T15:09:27.621+0000] {logging_mixin.py:188} INFO - [2026-05-13T15:09:27.620+0000] {dag.py:3047} INFO - Sync 1 DAGs
[2026-05-13T15:09:27.788+0000] {logging_mixin.py:188} INFO - [2026-05-13T15:09:27.787+0000] {dag.py:3834} INFO - Setting next_dagrun for inegi_playwright to 2026-05-13 00:00:00+00:00, run_after=2026-05-14 00:00:00+00:00
[2026-05-13T15:09:28.028+0000] {processor.py:183} INFO - Processing /opt/airflow/dags/inegi_playwright_dag.py took 0.984 seconds
[2026-05-13T15:09:58.678+0000] {processor.py:161} INFO - Started process (PID=1373) to work on /opt/airflow/dags/inegi_playwright_dag.py
[2026-05-13T15:09:58.682+0000] {processor.py:830} INFO - Processing file /opt/airflow/dags/inegi_playwright_dag.py for tasks to queue
[2026-05-13T15:09:58.685+0000] {logging_mixin.py:188} INFO - [2026-05-13T15:09:58.684+0000] {dagbag.py:540} INFO - Filling up the DagBag from /opt/airflow/dags/inegi_playwright_dag.py
[2026-05-13T15:09:58.733+0000] {processor.py:840} INFO - DAG(s) 'inegi_playwright' retrieved from /opt/airflow/dags/inegi_playwright_dag.py
[2026-05-13T15:09:58.844+0000] {logging_mixin.py:188} INFO - [2026-05-13T15:09:58.843+0000] {dag.py:3047} INFO - Sync 1 DAGs
[2026-05-13T15:09:58.907+0000] {logging_mixin.py:188} INFO - [2026-05-13T15:09:58.906+0000] {dag.py:3834} INFO - Setting next_dagrun for inegi_playwright to 2026-05-13 00:00:00+00:00, run_after=2026-05-14 00:00:00+00:00
[2026-05-13T15:09:58.978+0000] {processor.py:183} INFO - Processing /opt/airflow/dags/inegi_playwright_dag.py took 0.315 seconds
[2026-05-13T15:10:30.298+0000] {processor.py:161} INFO - Started process (PID=1403) to work on /opt/airflow/dags/inegi_playwright_dag.py
[2026-05-13T15:10:30.301+0000] {processor.py:830} INFO - Processing file /opt/airflow/dags/inegi_playwright_dag.py for tasks to queue
[2026-05-13T15:10:30.304+0000] {logging_mixin.py:188} INFO - [2026-05-13T15:10:30.303+0000] {dagbag.py:540} INFO - Filling up the DagBag from /opt/airflow/dags/inegi_playwright_dag.py
[2026-05-13T15:10:30.415+0000] {processor.py:840} INFO - DAG(s) 'inegi_playwright' retrieved from /opt/airflow/dags/inegi_playwright_dag.py
[2026-05-13T15:10:30.652+0000] {logging_mixin.py:188} INFO - [2026-05-13T15:10:30.652+0000] {dag.py:3047} INFO - Sync 1 DAGs
[2026-05-13T15:10:30.724+0000] {logging_mixin.py:188} INFO - [2026-05-13T15:10:30.723+0000] {dag.py:3834} INFO - Setting next_dagrun for inegi_playwright to 2026-05-13 00:00:00+00:00, run_after=2026-05-14 00:00:00+00:00
[2026-05-13T15:10:30.781+0000] {processor.py:183} INFO - Processing /opt/airflow/dags/inegi_playwright_dag.py took 0.509 seconds
[2026-05-13T15:11:01.665+0000] {processor.py:161} INFO - Started process (PID=1436) to work on /opt/airflow/dags/inegi_playwright_dag.py
[2026-05-13T15:11:01.678+0000] {processor.py:830} INFO - Processing file /opt/airflow/dags/inegi_playwright_dag.py for tasks to queue
[2026-05-13T15:11:01.687+0000] {logging_mixin.py:188} INFO - [2026-05-13T15:11:01.686+0000] {dagbag.py:540} INFO - Filling up the DagBag from /opt/airflow/dags/inegi_playwright_dag.py
[2026-05-13T15:11:03.474+0000] {processor.py:840} INFO - DAG(s) 'inegi_playwright' retrieved from /opt/airflow/dags/inegi_playwright_dag.py
[2026-05-13T15:11:03.735+0000] {logging_mixin.py:188} INFO - [2026-05-13T15:11:03.734+0000] {dag.py:3047} INFO - Sync 1 DAGs
[2026-05-13T15:11:04.059+0000] {logging_mixin.py:188} INFO - [2026-05-13T15:11:04.058+0000] {dag.py:3834} INFO - Setting next_dagrun for inegi_playwright to 2026-05-13 00:00:00+00:00, run_after=2026-05-14 00:00:00+00:00
[2026-05-13T15:11:04.510+0000] {processor.py:183} INFO - Processing /opt/airflow/dags/inegi_playwright_dag.py took 2.873 seconds
[2026-05-13T15:11:36.116+0000] {processor.py:161} INFO - Started process (PID=1466) to work on /opt/airflow/dags/inegi_playwright_dag.py
[2026-05-13T15:11:36.125+0000] {processor.py:830} INFO - Processing file /opt/airflow/dags/inegi_playwright_dag.py for tasks to queue
[2026-05-13T15:11:36.134+0000] {logging_mixin.py:188} INFO - [2026-05-13T15:11:36.133+0000] {dagbag.py:540} INFO - Filling up the DagBag from /opt/airflow/dags/inegi_playwright_dag.py
[2026-05-13T15:11:36.267+0000] {processor.py:840} INFO - DAG(s) 'inegi_playwright' retrieved from /opt/airflow/dags/inegi_playwright_dag.py
[2026-05-13T15:11:36.539+0000] {logging_mixin.py:188} INFO - [2026-05-13T15:11:36.527+0000] {dag.py:3047} INFO - Sync 1 DAGs
[2026-05-13T15:11:36.796+0000] {logging_mixin.py:188} INFO - [2026-05-13T15:11:36.785+0000] {dag.py:3834} INFO - Setting next_dagrun for inegi_playwright to 2026-05-13 00:00:00+00:00, run_after=2026-05-14 00:00:00+00:00
[2026-05-13T15:11:37.578+0000] {processor.py:183} INFO - Processing /opt/airflow/dags/inegi_playwright_dag.py took 1.493 seconds
[2026-05-13T15:12:12.105+0000] {processor.py:161} INFO - Started process (PID=1496) to work on /opt/airflow/dags/inegi_playwright_dag.py
[2026-05-13T15:12:12.136+0000] {processor.py:830} INFO - Processing file /opt/airflow/dags/inegi_playwright_dag.py for tasks to queue
[2026-05-13T15:12:12.181+0000] {logging_mixin.py:188} INFO - [2026-05-13T15:12:12.164+0000] {dagbag.py:540} INFO - Filling up the DagBag from /opt/airflow/dags/inegi_playwright_dag.py
[2026-05-13T15:12:14.579+0000] {processor.py:840} INFO - DAG(s) 'inegi_playwright' retrieved from /opt/airflow/dags/inegi_playwright_dag.py
[2026-05-13T15:12:15.639+0000] {logging_mixin.py:188} INFO - [2026-05-13T15:12:15.638+0000] {dag.py:3047} INFO - Sync 1 DAGs
[2026-05-13T15:12:16.240+0000] {logging_mixin.py:188} INFO - [2026-05-13T15:12:16.240+0000] {dag.py:3834} INFO - Setting next_dagrun for inegi_playwright to 2026-05-13 00:00:00+00:00, run_after=2026-05-14 00:00:00+00:00
[2026-05-13T15:12:16.910+0000] {processor.py:183} INFO - Processing /opt/airflow/dags/inegi_playwright_dag.py took 5.092 seconds
[2026-05-13T15:13:16.299+0000] {processor.py:161} INFO - Started process (PID=1526) to work on /opt/airflow/dags/inegi_playwright_dag.py
[2026-05-13T15:13:16.354+0000] {processor.py:830} INFO - Processing file /opt/airflow/dags/inegi_playwright_dag.py for tasks to queue
[2026-05-13T15:13:16.409+0000] {logging_mixin.py:188} INFO - [2026-05-13T15:13:16.408+0000] {dagbag.py:540} INFO - Filling up the DagBag from /opt/airflow/dags/inegi_playwright_dag.py
[2026-05-13T15:13:17.340+0000] {processor.py:840} INFO - DAG(s) 'inegi_playwright' retrieved from /opt/airflow/dags/inegi_playwright_dag.py
[2026-05-13T15:13:17.744+0000] {logging_mixin.py:188} INFO - [2026-05-13T15:13:17.743+0000] {dag.py:3047} INFO - Sync 1 DAGs
[2026-05-13T15:13:17.995+0000] {logging_mixin.py:188} INFO - [2026-05-13T15:13:17.990+0000] {dag.py:3834} INFO - Setting next_dagrun for inegi_playwright to 2026-05-13 00:00:00+00:00, run_after=2026-05-14 00:00:00+00:00
[2026-05-13T15:13:18.226+0000] {processor.py:183} INFO - Processing /opt/airflow/dags/inegi_playwright_dag.py took 1.965 seconds
[2026-05-13T15:14:24.617+0000] {processor.py:161} INFO - Started process (PID=1561) to work on /opt/airflow/dags/inegi_playwright_dag.py
[2026-05-13T15:14:24.698+0000] {processor.py:830} INFO - Processing file /opt/airflow/dags/inegi_playwright_dag.py for tasks to queue
[2026-05-13T15:14:24.706+0000] {logging_mixin.py:188} INFO - [2026-05-13T15:14:24.701+0000] {dagbag.py:540} INFO - Filling up the DagBag from /opt/airflow/dags/inegi_playwright_dag.py
[2026-05-13T15:14:25.142+0000] {processor.py:840} INFO - DAG(s) 'inegi_playwright' retrieved from /opt/airflow/dags/inegi_playwright_dag.py
[2026-05-13T15:14:25.559+0000] {logging_mixin.py:188} INFO - [2026-05-13T15:14:25.549+0000] {dag.py:3047} INFO - Sync 1 DAGs
[2026-05-13T15:14:25.933+0000] {logging_mixin.py:188} INFO - [2026-05-13T15:14:25.933+0000] {dag.py:3834} INFO - Setting next_dagrun for inegi_playwright to 2026-05-13 00:00:00+00:00, run_after=2026-05-14 00:00:00+00:00
[2026-05-13T15:14:26.317+0000] {processor.py:183} INFO - Processing /opt/airflow/dags/inegi_playwright_dag.py took 1.736 seconds
[2026-05-13T15:15:06.321+0000] {processor.py:161} INFO - Started process (PID=1588) to work on /opt/airflow/dags/inegi_playwright_dag.py
[2026-05-13T15:15:06.339+0000] {processor.py:830} INFO - Processing file /opt/airflow/dags/inegi_playwright_dag.py for tasks to queue
[2026-05-13T15:15:06.368+0000] {logging_mixin.py:188} INFO - [2026-05-13T15:15:06.353+0000] {dagbag.py:540} INFO - Filling up the DagBag from /opt/airflow/dags/inegi_playwright_dag.py
[2026-05-13T15:15:06.852+0000] {processor.py:840} INFO - DAG(s) 'inegi_playwright' retrieved from /opt/airflow/dags/inegi_playwright_dag.py
[2026-05-13T15:15:07.260+0000] {logging_mixin.py:188} INFO - [2026-05-13T15:15:07.259+0000] {dag.py:3047} INFO - Sync 1 DAGs
[2026-05-13T15:15:07.558+0000] {logging_mixin.py:188} INFO - [2026-05-13T15:15:07.557+0000] {dag.py:3834} INFO - Setting next_dagrun for inegi_playwright to 2026-05-13 00:00:00+00:00, run_after=2026-05-14 00:00:00+00:00
[2026-05-13T15:15:08.027+0000] {processor.py:183} INFO - Processing /opt/airflow/dags/inegi_playwright_dag.py took 1.735 seconds
[2026-05-13T15:16:12.160+0000] {processor.py:161} INFO - Started process (PID=1618) to work on /opt/airflow/dags/inegi_playwright_dag.py
[2026-05-13T15:16:12.292+0000] {processor.py:830} INFO - Processing file /opt/airflow/dags/inegi_playwright_dag.py for tasks to queue
[2026-05-13T15:16:12.312+0000] {logging_mixin.py:188} INFO - [2026-05-13T15:16:12.310+0000] {dagbag.py:540} INFO - Filling up the DagBag from /opt/airflow/dags/inegi_playwright_dag.py
[2026-05-13T15:16:15.725+0000] {processor.py:840} INFO - DAG(s) 'inegi_playwright' retrieved from /opt/airflow/dags/inegi_playwright_dag.py
[2026-05-13T15:16:16.342+0000] {logging_mixin.py:188} INFO - [2026-05-13T15:16:16.331+0000] {dag.py:3047} INFO - Sync 1 DAGs
[2026-05-13T15:16:17.021+0000] {logging_mixin.py:188} INFO - [2026-05-13T15:16:17.020+0000] {dag.py:3834} INFO - Setting next_dagrun for inegi_playwright to 2026-05-13 00:00:00+00:00, run_after=2026-05-14 00:00:00+00:00
[2026-05-13T15:16:17.820+0000] {processor.py:183} INFO - Processing /opt/airflow/dags/inegi_playwright_dag.py took 5.682 seconds
[2026-05-13T15:17:21.861+0000] {processor.py:161} INFO - Started process (PID=1646) to work on /opt/airflow/dags/inegi_playwright_dag.py
[2026-05-13T15:17:21.924+0000] {processor.py:830} INFO - Processing file /opt/airflow/dags/inegi_playwright_dag.py for tasks to queue
[2026-05-13T15:17:22.048+0000] {logging_mixin.py:188} INFO - [2026-05-13T15:17:22.026+0000] {dagbag.py:540} INFO - Filling up the DagBag from /opt/airflow/dags/inegi_playwright_dag.py
[2026-05-13T15:17:33.094+0000] {processor.py:840} INFO - DAG(s) 'inegi_playwright' retrieved from /opt/airflow/dags/inegi_playwright_dag.py
[2026-05-13T15:17:33.886+0000] {logging_mixin.py:188} INFO - [2026-05-13T15:17:33.869+0000] {dag.py:3047} INFO - Sync 1 DAGs
[2026-05-13T15:17:35.648+0000] {logging_mixin.py:188} INFO - [2026-05-13T15:17:35.501+0000] {dag.py:3834} INFO - Setting next_dagrun for inegi_playwright to 2026-05-13 00:00:00+00:00, run_after=2026-05-14 00:00:00+00:00
[2026-05-13T15:17:36.838+0000] {processor.py:183} INFO - Processing /opt/airflow/dags/inegi_playwright_dag.py took 17.105 seconds
[2026-05-13T15:18:10.156+0000] {processor.py:161} INFO - Started process (PID=1680) to work on /opt/airflow/dags/inegi_playwright_dag.py
[2026-05-13T15:18:10.318+0000] {processor.py:830} INFO - Processing file /opt/airflow/dags/inegi_playwright_dag.py for tasks to queue
[2026-05-13T15:18:10.468+0000] {logging_mixin.py:188} INFO - [2026-05-13T15:18:10.466+0000] {dagbag.py:540} INFO - Filling up the DagBag from /opt/airflow/dags/inegi_playwright_dag.py
[2026-05-13T15:18:11.582+0000] {processor.py:840} INFO - DAG(s) 'inegi_playwright' retrieved from /opt/airflow/dags/inegi_playwright_dag.py
[2026-05-13T15:18:12.290+0000] {logging_mixin.py:188} INFO - [2026-05-13T15:18:12.290+0000] {dag.py:3047} INFO - Sync 1 DAGs
[2026-05-13T15:18:13.088+0000] {logging_mixin.py:188} INFO - [2026-05-13T15:18:13.087+0000] {dag.py:3834} INFO - Setting next_dagrun for inegi_playwright to 2026-05-13 00:00:00+00:00, run_after=2026-05-14 00:00:00+00:00
[2026-05-13T15:18:14.067+0000] {processor.py:183} INFO - Processing /opt/airflow/dags/inegi_playwright_dag.py took 3.986 seconds
[2026-05-13T15:18:46.328+0000] {processor.py:161} INFO - Started process (PID=1712) to work on /opt/airflow/dags/inegi_playwright_dag.py
[2026-05-13T15:18:46.343+0000] {processor.py:830} INFO - Processing file /opt/airflow/dags/inegi_playwright_dag.py for tasks to queue
[2026-05-13T15:18:46.358+0000] {logging_mixin.py:188} INFO - [2026-05-13T15:18:46.346+0000] {dagbag.py:540} INFO - Filling up the DagBag from /opt/airflow/dags/inegi_playwright_dag.py
[2026-05-13T15:18:46.468+0000] {processor.py:840} INFO - DAG(s) 'inegi_playwright' retrieved from /opt/airflow/dags/inegi_playwright_dag.py
[2026-05-13T15:18:46.715+0000] {logging_mixin.py:188} INFO - [2026-05-13T15:18:46.715+0000] {dag.py:3047} INFO - Sync 1 DAGs
[2026-05-13T15:18:46.941+0000] {logging_mixin.py:188} INFO - [2026-05-13T15:18:46.940+0000] {dag.py:3834} INFO - Setting next_dagrun for inegi_playwright to 2026-05-13 00:00:00+00:00, run_after=2026-05-14 00:00:00+00:00
[2026-05-13T15:18:47.118+0000] {processor.py:183} INFO - Processing /opt/airflow/dags/inegi_playwright_dag.py took 0.819 seconds
[2026-05-13T15:19:18.130+0000] {processor.py:161} INFO - Started process (PID=1742) to work on /opt/airflow/dags/inegi_playwright_dag.py
[2026-05-13T15:19:18.146+0000] {processor.py:830} INFO - Processing file /opt/airflow/dags/inegi_playwright_dag.py for tasks to queue
[2026-05-13T15:19:18.165+0000] {logging_mixin.py:188} INFO - [2026-05-13T15:19:18.163+0000] {dagbag.py:540} INFO - Filling up the DagBag from /opt/airflow/dags/inegi_playwright_dag.py
[2026-05-13T15:19:18.227+0000] {processor.py:840} INFO - DAG(s) 'inegi_playwright' retrieved from /opt/airflow/dags/inegi_playwright_dag.py
[2026-05-13T15:19:18.349+0000] {logging_mixin.py:188} INFO - [2026-05-13T15:19:18.348+0000] {dag.py:3047} INFO - Sync 1 DAGs
[2026-05-13T15:19:18.502+0000] {logging_mixin.py:188} INFO - [2026-05-13T15:19:18.501+0000] {dag.py:3834} INFO - Setting next_dagrun for inegi_playwright to 2026-05-13 00:00:00+00:00, run_after=2026-05-14 00:00:00+00:00
[2026-05-13T15:19:18.614+0000] {processor.py:183} INFO - Processing /opt/airflow/dags/inegi_playwright_dag.py took 0.522 seconds
[2026-05-13T15:19:59.221+0000] {processor.py:161} INFO - Started process (PID=1773) to work on /opt/airflow/dags/inegi_playwright_dag.py
[2026-05-13T15:19:59.300+0000] {processor.py:830} INFO - Processing file /opt/airflow/dags/inegi_playwright_dag.py for tasks to queue
[2026-05-13T15:19:59.382+0000] {logging_mixin.py:188} INFO - [2026-05-13T15:19:59.378+0000] {dagbag.py:540} INFO - Filling up the DagBag from /opt/airflow/dags/inegi_playwright_dag.py
[2026-05-13T15:20:12.089+0000] {processor.py:840} INFO - DAG(s) 'inegi_playwright' retrieved from /opt/airflow/dags/inegi_playwright_dag.py
[2026-05-13T15:20:26.613+0000] {logging_mixin.py:188} INFO - [2026-05-13T15:20:26.612+0000] {dag.py:3047} INFO - Sync 1 DAGs
[2026-05-13T15:20:31.423+0000] {logging_mixin.py:188} INFO - [2026-05-13T15:20:31.422+0000] {dag.py:3834} INFO - Setting next_dagrun for inegi_playwright to 2026-05-13 00:00:00+00:00, run_after=2026-05-14 00:00:00+00:00
[2026-05-13T15:20:33.211+0000] {processor.py:183} INFO - Processing /opt/airflow/dags/inegi_playwright_dag.py took 34.157 seconds
[2026-05-13T15:21:35.602+0000] {processor.py:161} INFO - Started process (PID=1810) to work on /opt/airflow/dags/inegi_playwright_dag.py
[2026-05-13T15:21:35.663+0000] {processor.py:830} INFO - Processing file /opt/airflow/dags/inegi_playwright_dag.py for tasks to queue
[2026-05-13T15:21:35.713+0000] {logging_mixin.py:188} INFO - [2026-05-13T15:21:35.678+0000] {dagbag.py:540} INFO - Filling up the DagBag from /opt/airflow/dags/inegi_playwright_dag.py
[2026-05-13T15:21:41.573+0000] {processor.py:840} INFO - DAG(s) 'inegi_playwright' retrieved from /opt/airflow/dags/inegi_playwright_dag.py
[2026-05-13T15:21:52.303+0000] {logging_mixin.py:188} INFO - [2026-05-13T15:21:52.302+0000] {dag.py:3047} INFO - Sync 1 DAGs
[2026-05-13T15:22:01.048+0000] {logging_mixin.py:188} INFO - [2026-05-13T15:22:01.047+0000] {dag.py:3834} INFO - Setting next_dagrun for inegi_playwright to 2026-05-13 00:00:00+00:00, run_after=2026-05-14 00:00:00+00:00
[2026-05-13T15:22:04.651+0000] {processor.py:183} INFO - Processing /opt/airflow/dags/inegi_playwright_dag.py took 31.548 seconds
[2026-05-13T15:22:43.084+0000] {processor.py:161} INFO - Started process (PID=1842) to work on /opt/airflow/dags/inegi_playwright_dag.py
[2026-05-13T15:22:43.133+0000] {processor.py:830} INFO - Processing file /opt/airflow/dags/inegi_playwright_dag.py for tasks to queue
[2026-05-13T15:22:43.175+0000] {logging_mixin.py:188} INFO - [2026-05-13T15:22:43.174+0000] {dagbag.py:540} INFO - Filling up the DagBag from /opt/airflow/dags/inegi_playwright_dag.py
[2026-05-13T15:22:44.059+0000] {processor.py:840} INFO - DAG(s) 'inegi_playwright' retrieved from /opt/airflow/dags/inegi_playwright_dag.py
[2026-05-13T15:22:44.467+0000] {logging_mixin.py:188} INFO - [2026-05-13T15:22:44.466+0000] {dag.py:3047} INFO - Sync 1 DAGs
[2026-05-13T15:22:44.733+0000] {logging_mixin.py:188} INFO - [2026-05-13T15:22:44.733+0000] {dag.py:3834} INFO - Setting next_dagrun for inegi_playwright to 2026-05-13 00:00:00+00:00, run_after=2026-05-14 00:00:00+00:00
[2026-05-13T15:22:45.352+0000] {processor.py:183} INFO - Processing /opt/airflow/dags/inegi_playwright_dag.py took 2.486 seconds
[2026-05-13T15:23:31.368+0000] {processor.py:161} INFO - Started process (PID=1869) to work on /opt/airflow/dags/inegi_playwright_dag.py
[2026-05-13T15:23:31.385+0000] {processor.py:830} INFO - Processing file /opt/airflow/dags/inegi_playwright_dag.py for tasks to queue
[2026-05-13T15:23:31.392+0000] {logging_mixin.py:188} INFO - [2026-05-13T15:23:31.391+0000] {dagbag.py:540} INFO - Filling up the DagBag from /opt/airflow/dags/inegi_playwright_dag.py
[2026-05-13T15:23:31.577+0000] {processor.py:840} INFO - DAG(s) 'inegi_playwright' retrieved from /opt/airflow/dags/inegi_playwright_dag.py
[2026-05-13T15:23:31.940+0000] {logging_mixin.py:188} INFO - [2026-05-13T15:23:31.939+0000] {dag.py:3047} INFO - Sync 1 DAGs
[2026-05-13T15:23:32.204+0000] {logging_mixin.py:188} INFO - [2026-05-13T15:23:32.204+0000] {dag.py:3834} INFO - Setting next_dagrun for inegi_playwright to 2026-05-13 00:00:00+00:00, run_after=2026-05-14 00:00:00+00:00
[2026-05-13T15:23:32.494+0000] {processor.py:183} INFO - Processing /opt/airflow/dags/inegi_playwright_dag.py took 1.181 seconds
[2026-05-13T15:24:03.585+0000] {processor.py:161} INFO - Started process (PID=1899) to work on /opt/airflow/dags/inegi_playwright_dag.py
[2026-05-13T15:24:03.588+0000] {processor.py:830} INFO - Processing file /opt/airflow/dags/inegi_playwright_dag.py for tasks to queue
[2026-05-13T15:24:03.591+0000] {logging_mixin.py:188} INFO - [2026-05-13T15:24:03.590+0000] {dagbag.py:540} INFO - Filling up the DagBag from /opt/airflow/dags/inegi_playwright_dag.py
[2026-05-13T15:24:03.678+0000] {processor.py:840} INFO - DAG(s) 'inegi_playwright' retrieved from /opt/airflow/dags/inegi_playwright_dag.py
[2026-05-13T15:24:03.813+0000] {logging_mixin.py:188} INFO - [2026-05-13T15:24:03.812+0000] {dag.py:3047} INFO - Sync 1 DAGs
[2026-05-13T15:24:03.885+0000] {logging_mixin.py:188} INFO - [2026-05-13T15:24:03.884+0000] {dag.py:3834} INFO - Setting next_dagrun for inegi_playwright to 2026-05-13 00:00:00+00:00, run_after=2026-05-14 00:00:00+00:00
[2026-05-13T15:24:03.939+0000] {processor.py:183} INFO - Processing /opt/airflow/dags/inegi_playwright_dag.py took 0.364 seconds
[2026-05-13T15:25:08.408+0000] {processor.py:161} INFO - Started process (PID=1934) to work on /opt/airflow/dags/inegi_playwright_dag.py
[2026-05-13T15:25:08.622+0000] {processor.py:830} INFO - Processing file /opt/airflow/dags/inegi_playwright_dag.py for tasks to queue
[2026-05-13T15:25:08.955+0000] {logging_mixin.py:188} INFO - [2026-05-13T15:25:08.954+0000] {dagbag.py:540} INFO - Filling up the DagBag from /opt/airflow/dags/inegi_playwright_dag.py
[2026-05-13T15:25:13.687+0000] {processor.py:840} INFO - DAG(s) 'inegi_playwright' retrieved from /opt/airflow/dags/inegi_playwright_dag.py
[2026-05-13T15:25:13.788+0000] {logging_mixin.py:188} INFO - [2026-05-13T15:25:13.787+0000] {dag.py:3047} INFO - Sync 1 DAGs
[2026-05-13T15:25:13.851+0000] {logging_mixin.py:188} INFO - [2026-05-13T15:25:13.850+0000] {dag.py:3834} INFO - Setting next_dagrun for inegi_playwright to 2026-05-13 00:00:00+00:00, run_after=2026-05-14 00:00:00+00:00
[2026-05-13T15:25:14.495+0000] {processor.py:183} INFO - Processing /opt/airflow/dags/inegi_playwright_dag.py took 6.131 seconds
[2026-05-13T15:26:01.733+0000] {processor.py:161} INFO - Started process (PID=1962) to work on /opt/airflow/dags/inegi_playwright_dag.py
[2026-05-13T15:26:01.789+0000] {processor.py:830} INFO - Processing file /opt/airflow/dags/inegi_playwright_dag.py for tasks to queue
[2026-05-13T15:26:01.874+0000] {logging_mixin.py:188} INFO - [2026-05-13T15:26:01.870+0000] {dagbag.py:540} INFO - Filling up the DagBag from /opt/airflow/dags/inegi_playwright_dag.py
[2026-05-13T15:26:02.728+0000] {processor.py:840} INFO - DAG(s) 'inegi_playwright' retrieved from /opt/airflow/dags/inegi_playwright_dag.py
[2026-05-13T15:26:03.253+0000] {logging_mixin.py:188} INFO - [2026-05-13T15:26:03.252+0000] {dag.py:3047} INFO - Sync 1 DAGs
[2026-05-13T15:26:03.825+0000] {logging_mixin.py:188} INFO - [2026-05-13T15:26:03.824+0000] {dag.py:3834} INFO - Setting next_dagrun for inegi_playwright to 2026-05-13 00:00:00+00:00, run_after=2026-05-14 00:00:00+00:00
[2026-05-13T15:26:04.081+0000] {processor.py:183} INFO - Processing /opt/airflow/dags/inegi_playwright_dag.py took 2.461 seconds
[2026-05-13T15:27:04.690+0000] {processor.py:161} INFO - Started process (PID=1992) to work on /opt/airflow/dags/inegi_playwright_dag.py
[2026-05-13T15:27:04.701+0000] {processor.py:830} INFO - Processing file /opt/airflow/dags/inegi_playwright_dag.py for tasks to queue
[2026-05-13T15:27:04.724+0000] {logging_mixin.py:188} INFO - [2026-05-13T15:27:04.723+0000] {dagbag.py:540} INFO - Filling up the DagBag from /opt/airflow/dags/inegi_playwright_dag.py
[2026-05-13T15:27:05.085+0000] {processor.py:840} INFO - DAG(s) 'inegi_playwright' retrieved from /opt/airflow/dags/inegi_playwright_dag.py
[2026-05-13T15:27:05.364+0000] {logging_mixin.py:188} INFO - [2026-05-13T15:27:05.363+0000] {dag.py:3047} INFO - Sync 1 DAGs
[2026-05-13T15:27:05.673+0000] {logging_mixin.py:188} INFO - [2026-05-13T15:27:05.672+0000] {dag.py:3834} INFO - Setting next_dagrun for inegi_playwright to 2026-05-13 00:00:00+00:00, run_after=2026-05-14 00:00:00+00:00
[2026-05-13T15:27:06.023+0000] {processor.py:183} INFO - Processing /opt/airflow/dags/inegi_playwright_dag.py took 1.455 seconds
[2026-05-13T15:27:39.151+0000] {processor.py:161} INFO - Started process (PID=2022) to work on /opt/airflow/dags/inegi_playwright_dag.py
[2026-05-13T15:27:39.298+0000] {processor.py:830} INFO - Processing file /opt/airflow/dags/inegi_playwright_dag.py for tasks to queue
[2026-05-13T15:27:39.384+0000] {logging_mixin.py:188} INFO - [2026-05-13T15:27:39.319+0000] {dagbag.py:540} INFO - Filling up the DagBag from /opt/airflow/dags/inegi_playwright_dag.py
[2026-05-13T15:27:41.784+0000] {processor.py:840} INFO - DAG(s) 'inegi_playwright' retrieved from /opt/airflow/dags/inegi_playwright_dag.py
[2026-05-13T15:27:42.178+0000] {logging_mixin.py:188} INFO - [2026-05-13T15:27:42.176+0000] {dag.py:3047} INFO - Sync 1 DAGs
[2026-05-13T15:27:42.686+0000] {logging_mixin.py:188} INFO - [2026-05-13T15:27:42.670+0000] {dag.py:3834} INFO - Setting next_dagrun for inegi_playwright to 2026-05-13 00:00:00+00:00, run_after=2026-05-14 00:00:00+00:00
[2026-05-13T15:27:43.422+0000] {processor.py:183} INFO - Processing /opt/airflow/dags/inegi_playwright_dag.py took 4.294 seconds
[2026-05-13T15:28:17.749+0000] {processor.py:161} INFO - Started process (PID=2052) to work on /opt/airflow/dags/inegi_playwright_dag.py
[2026-05-13T15:28:17.786+0000] {processor.py:830} INFO - Processing file /opt/airflow/dags/inegi_playwright_dag.py for tasks to queue
[2026-05-13T15:28:17.847+0000] {logging_mixin.py:188} INFO - [2026-05-13T15:28:17.844+0000] {dagbag.py:540} INFO - Filling up the DagBag from /opt/airflow/dags/inegi_playwright_dag.py
[2026-05-13T15:28:19.581+0000] {processor.py:840} INFO - DAG(s) 'inegi_playwright' retrieved from /opt/airflow/dags/inegi_playwright_dag.py
[2026-05-13T15:28:20.774+0000] {logging_mixin.py:188} INFO - [2026-05-13T15:28:20.773+0000] {dag.py:3047} INFO - Sync 1 DAGs
[2026-05-13T15:28:22.777+0000] {logging_mixin.py:188} INFO - [2026-05-13T15:28:22.776+0000] {dag.py:3834} INFO - Setting next_dagrun for inegi_playwright to 2026-05-13 00:00:00+00:00, run_after=2026-05-14 00:00:00+00:00
[2026-05-13T15:28:23.169+0000] {processor.py:183} INFO - Processing /opt/airflow/dags/inegi_playwright_dag.py took 5.578 seconds
[2026-05-13T15:28:56.656+0000] {processor.py:161} INFO - Started process (PID=2079) to work on /opt/airflow/dags/inegi_playwright_dag.py
[2026-05-13T15:28:56.740+0000] {processor.py:830} INFO - Processing file /opt/airflow/dags/inegi_playwright_dag.py for tasks to queue
[2026-05-13T15:28:56.826+0000] {logging_mixin.py:188} INFO - [2026-05-13T15:28:56.813+0000] {dagbag.py:540} INFO - Filling up the DagBag from /opt/airflow/dags/inegi_playwright_dag.py
[2026-05-13T15:28:58.772+0000] {processor.py:840} INFO - DAG(s) 'inegi_playwright' retrieved from /opt/airflow/dags/inegi_playwright_dag.py
[2026-05-13T15:28:59.382+0000] {logging_mixin.py:188} INFO - [2026-05-13T15:28:59.381+0000] {dag.py:3047} INFO - Sync 1 DAGs
[2026-05-13T15:29:00.038+0000] {logging_mixin.py:188} INFO - [2026-05-13T15:29:00.037+0000] {dag.py:3834} INFO - Setting next_dagrun for inegi_playwright to 2026-05-13 00:00:00+00:00, run_after=2026-05-14 00:00:00+00:00
[2026-05-13T15:29:00.654+0000] {processor.py:183} INFO - Processing /opt/airflow/dags/inegi_playwright_dag.py took 4.044 seconds
[2026-05-13T15:29:39.661+0000] {processor.py:161} INFO - Started process (PID=2109) to work on /opt/airflow/dags/inegi_playwright_dag.py
[2026-05-13T15:29:39.738+0000] {processor.py:830} INFO - Processing file /opt/airflow/dags/inegi_playwright_dag.py for tasks to queue
[2026-05-13T15:29:39.826+0000] {logging_mixin.py:188} INFO - [2026-05-13T15:29:39.825+0000] {dagbag.py:540} INFO - Filling up the DagBag from /opt/airflow/dags/inegi_playwright_dag.py
[2026-05-13T15:29:41.835+0000] {processor.py:840} INFO - DAG(s) 'inegi_playwright' retrieved from /opt/airflow/dags/inegi_playwright_dag.py
[2026-05-13T15:29:42.657+0000] {logging_mixin.py:188} INFO - [2026-05-13T15:29:42.657+0000] {dag.py:3047} INFO - Sync 1 DAGs
[2026-05-13T15:29:47.735+0000] {logging_mixin.py:188} INFO - [2026-05-13T15:29:47.734+0000] {dag.py:3834} INFO - Setting next_dagrun for inegi_playwright to 2026-05-13 00:00:00+00:00, run_after=2026-05-14 00:00:00+00:00
[2026-05-13T15:29:49.284+0000] {processor.py:183} INFO - Processing /opt/airflow/dags/inegi_playwright_dag.py took 9.658 seconds
[2026-05-13T15:32:34.002+0000] {processor.py:161} INFO - Started process (PID=2157) to work on /opt/airflow/dags/inegi_playwright_dag.py
[2026-05-13T15:32:34.019+0000] {processor.py:830} INFO - Processing file /opt/airflow/dags/inegi_playwright_dag.py for tasks to queue
[2026-05-13T15:32:34.038+0000] {logging_mixin.py:188} INFO - [2026-05-13T15:32:34.026+0000] {dagbag.py:540} INFO - Filling up the DagBag from /opt/airflow/dags/inegi_playwright_dag.py
[2026-05-13T15:32:34.685+0000] {processor.py:840} INFO - DAG(s) 'inegi_playwright' retrieved from /opt/airflow/dags/inegi_playwright_dag.py
[2026-05-13T15:32:35.122+0000] {logging_mixin.py:188} INFO - [2026-05-13T15:32:35.122+0000] {dag.py:3047} INFO - Sync 1 DAGs
[2026-05-13T15:32:35.729+0000] {logging_mixin.py:188} INFO - [2026-05-13T15:32:35.728+0000] {dag.py:3834} INFO - Setting next_dagrun for inegi_playwright to 2026-05-13 00:00:00+00:00, run_after=2026-05-14 00:00:00+00:00
[2026-05-13T15:32:37.039+0000] {processor.py:183} INFO - Processing /opt/airflow/dags/inegi_playwright_dag.py took 3.071 seconds
[2026-05-13T15:33:08.536+0000] {processor.py:161} INFO - Started process (PID=2184) to work on /opt/airflow/dags/inegi_playwright_dag.py
[2026-05-13T15:33:08.553+0000] {processor.py:830} INFO - Processing file /opt/airflow/dags/inegi_playwright_dag.py for tasks to queue
[2026-05-13T15:33:08.558+0000] {logging_mixin.py:188} INFO - [2026-05-13T15:33:08.557+0000] {dagbag.py:540} INFO - Filling up the DagBag from /opt/airflow/dags/inegi_playwright_dag.py
[2026-05-13T15:33:08.845+0000] {processor.py:840} INFO - DAG(s) 'inegi_playwright' retrieved from /opt/airflow/dags/inegi_playwright_dag.py
[2026-05-13T15:33:09.114+0000] {logging_mixin.py:188} INFO - [2026-05-13T15:33:09.114+0000] {dag.py:3047} INFO - Sync 1 DAGs
[2026-05-13T15:33:09.651+0000] {logging_mixin.py:188} INFO - [2026-05-13T15:33:09.650+0000] {dag.py:3834} INFO - Setting next_dagrun for inegi_playwright to 2026-05-13 00:00:00+00:00, run_after=2026-05-14 00:00:00+00:00
[2026-05-13T15:33:10.275+0000] {processor.py:183} INFO - Processing /opt/airflow/dags/inegi_playwright_dag.py took 1.783 seconds
[2026-05-13T15:33:50.770+0000] {processor.py:161} INFO - Started process (PID=2214) to work on /opt/airflow/dags/inegi_playwright_dag.py
[2026-05-13T15:33:50.829+0000] {processor.py:830} INFO - Processing file /opt/airflow/dags/inegi_playwright_dag.py for tasks to queue
[2026-05-13T15:33:50.835+0000] {logging_mixin.py:188} INFO - [2026-05-13T15:33:50.834+0000] {dagbag.py:540} INFO - Filling up the DagBag from /opt/airflow/dags/inegi_playwright_dag.py
[2026-05-13T15:33:53.043+0000] {processor.py:840} INFO - DAG(s) 'inegi_playwright' retrieved from /opt/airflow/dags/inegi_playwright_dag.py
[2026-05-13T15:33:53.683+0000] {logging_mixin.py:188} INFO - [2026-05-13T15:33:53.682+0000] {dag.py:3047} INFO - Sync 1 DAGs
[2026-05-13T15:33:54.896+0000] {logging_mixin.py:188} INFO - [2026-05-13T15:33:54.895+0000] {dag.py:3834} INFO - Setting next_dagrun for inegi_playwright to 2026-05-13 00:00:00+00:00, run_after=2026-05-14 00:00:00+00:00
[2026-05-13T15:33:56.525+0000] {processor.py:183} INFO - Processing /opt/airflow/dags/inegi_playwright_dag.py took 5.805 seconds
[2026-05-13T15:34:33.566+0000] {processor.py:161} INFO - Started process (PID=2244) to work on /opt/airflow/dags/inegi_playwright_dag.py
[2026-05-13T15:34:33.637+0000] {processor.py:830} INFO - Processing file /opt/airflow/dags/inegi_playwright_dag.py for tasks to queue
[2026-05-13T15:34:33.673+0000] {logging_mixin.py:188} INFO - [2026-05-13T15:34:33.672+0000] {dagbag.py:540} INFO - Filling up the DagBag from /opt/airflow/dags/inegi_playwright_dag.py
[2026-05-13T15:34:35.520+0000] {processor.py:840} INFO - DAG(s) 'inegi_playwright' retrieved from /opt/airflow/dags/inegi_playwright_dag.py
[2026-05-13T15:34:35.818+0000] {logging_mixin.py:188} INFO - [2026-05-13T15:34:35.810+0000] {dag.py:3047} INFO - Sync 1 DAGs
[2026-05-13T15:34:36.136+0000] {logging_mixin.py:188} INFO - [2026-05-13T15:34:36.136+0000] {dag.py:3834} INFO - Setting next_dagrun for inegi_playwright to 2026-05-13 00:00:00+00:00, run_after=2026-05-14 00:00:00+00:00
[2026-05-13T15:34:36.983+0000] {processor.py:183} INFO - Processing /opt/airflow/dags/inegi_playwright_dag.py took 3.451 seconds
[2026-05-13T15:35:10.301+0000] {processor.py:161} INFO - Started process (PID=2274) to work on /opt/airflow/dags/inegi_playwright_dag.py
[2026-05-13T15:35:10.517+0000] {processor.py:830} INFO - Processing file /opt/airflow/dags/inegi_playwright_dag.py for tasks to queue
[2026-05-13T15:35:10.955+0000] {logging_mixin.py:188} INFO - [2026-05-13T15:35:10.954+0000] {dagbag.py:540} INFO - Filling up the DagBag from /opt/airflow/dags/inegi_playwright_dag.py
[2026-05-13T15:35:13.622+0000] {processor.py:840} INFO - DAG(s) 'inegi_playwright' retrieved from /opt/airflow/dags/inegi_playwright_dag.py
[2026-05-13T15:35:13.864+0000] {logging_mixin.py:188} INFO - [2026-05-13T15:35:13.864+0000] {dag.py:3047} INFO - Sync 1 DAGs
[2026-05-13T15:35:14.064+0000] {logging_mixin.py:188} INFO - [2026-05-13T15:35:14.063+0000] {dag.py:3834} INFO - Setting next_dagrun for inegi_playwright to 2026-05-13 00:00:00+00:00, run_after=2026-05-14 00:00:00+00:00
[2026-05-13T15:35:14.919+0000] {processor.py:183} INFO - Processing /opt/airflow/dags/inegi_playwright_dag.py took 4.669 seconds
[2026-05-13T15:35:51.951+0000] {processor.py:161} INFO - Started process (PID=2304) to work on /opt/airflow/dags/inegi_playwright_dag.py
[2026-05-13T15:35:51.998+0000] {processor.py:830} INFO - Processing file /opt/airflow/dags/inegi_playwright_dag.py for tasks to queue
[2026-05-13T15:35:52.523+0000] {logging_mixin.py:188} INFO - [2026-05-13T15:35:52.451+0000] {dagbag.py:540} INFO - Filling up the DagBag from /opt/airflow/dags/inegi_playwright_dag.py
[2026-05-13T15:35:54.194+0000] {processor.py:840} INFO - DAG(s) 'inegi_playwright' retrieved from /opt/airflow/dags/inegi_playwright_dag.py
[2026-05-13T15:35:55.725+0000] {logging_mixin.py:188} INFO - [2026-05-13T15:35:55.722+0000] {dag.py:3047} INFO - Sync 1 DAGs
[2026-05-13T15:35:57.249+0000] {logging_mixin.py:188} INFO - [2026-05-13T15:35:57.249+0000] {dag.py:3834} INFO - Setting next_dagrun for inegi_playwright to 2026-05-13 00:00:00+00:00, run_after=2026-05-14 00:00:00+00:00
[2026-05-13T15:35:59.321+0000] {processor.py:183} INFO - Processing /opt/airflow/dags/inegi_playwright_dag.py took 7.513 seconds
[2026-05-13T15:36:34.862+0000] {processor.py:161} INFO - Started process (PID=2334) to work on /opt/airflow/dags/inegi_playwright_dag.py
[2026-05-13T15:36:34.982+0000] {processor.py:830} INFO - Processing file /opt/airflow/dags/inegi_playwright_dag.py for tasks to queue
[2026-05-13T15:36:35.046+0000] {logging_mixin.py:188} INFO - [2026-05-13T15:36:35.045+0000] {dagbag.py:540} INFO - Filling up the DagBag from /opt/airflow/dags/inegi_playwright_dag.py
[2026-05-13T15:36:35.802+0000] {processor.py:840} INFO - DAG(s) 'inegi_playwright' retrieved from /opt/airflow/dags/inegi_playwright_dag.py
[2026-05-13T15:36:36.206+0000] {logging_mixin.py:188} INFO - [2026-05-13T15:36:36.206+0000] {dag.py:3047} INFO - Sync 1 DAGs
[2026-05-13T15:36:36.638+0000] {logging_mixin.py:188} INFO - [2026-05-13T15:36:36.638+0000] {dag.py:3834} INFO - Setting next_dagrun for inegi_playwright to 2026-05-13 00:00:00+00:00, run_after=2026-05-14 00:00:00+00:00
[2026-05-13T15:36:37.027+0000] {processor.py:183} INFO - Processing /opt/airflow/dags/inegi_playwright_dag.py took 2.175 seconds
[2026-05-13T15:37:10.010+0000] {processor.py:161} INFO - Started process (PID=2364) to work on /opt/airflow/dags/inegi_playwright_dag.py
[2026-05-13T15:37:10.027+0000] {processor.py:830} INFO - Processing file /opt/airflow/dags/inegi_playwright_dag.py for tasks to queue
[2026-05-13T15:37:10.053+0000] {logging_mixin.py:188} INFO - [2026-05-13T15:37:10.047+0000] {dagbag.py:540} INFO - Filling up the DagBag from /opt/airflow/dags/inegi_playwright_dag.py
[2026-05-13T15:37:10.471+0000] {processor.py:840} INFO - DAG(s) 'inegi_playwright' retrieved from /opt/airflow/dags/inegi_playwright_dag.py
[2026-05-13T15:37:11.019+0000] {logging_mixin.py:188} INFO - [2026-05-13T15:37:11.006+0000] {dag.py:3047} INFO - Sync 1 DAGs
[2026-05-13T15:37:11.259+0000] {logging_mixin.py:188} INFO - [2026-05-13T15:37:11.258+0000] {dag.py:3834} INFO - Setting next_dagrun for inegi_playwright to 2026-05-13 00:00:00+00:00, run_after=2026-05-14 00:00:00+00:00
[2026-05-13T15:37:11.596+0000] {processor.py:183} INFO - Processing /opt/airflow/dags/inegi_playwright_dag.py took 1.703 seconds
[2026-05-13T15:37:46.920+0000] {processor.py:161} INFO - Started process (PID=2394) to work on /opt/airflow/dags/inegi_playwright_dag.py
[2026-05-13T15:37:47.082+0000] {processor.py:830} INFO - Processing file /opt/airflow/dags/inegi_playwright_dag.py for tasks to queue
[2026-05-13T15:37:47.242+0000] {logging_mixin.py:188} INFO - [2026-05-13T15:37:47.241+0000] {dagbag.py:540} INFO - Filling up the DagBag from /opt/airflow/dags/inegi_playwright_dag.py
[2026-05-13T15:37:49.494+0000] {processor.py:840} INFO - DAG(s) 'inegi_playwright' retrieved from /opt/airflow/dags/inegi_playwright_dag.py
[2026-05-13T15:37:49.781+0000] {logging_mixin.py:188} INFO - [2026-05-13T15:37:49.780+0000] {dag.py:3047} INFO - Sync 1 DAGs
[2026-05-13T15:37:50.214+0000] {logging_mixin.py:188} INFO - [2026-05-13T15:37:50.213+0000] {dag.py:3834} INFO - Setting next_dagrun for inegi_playwright to 2026-05-13 00:00:00+00:00, run_after=2026-05-14 00:00:00+00:00
[2026-05-13T15:37:50.900+0000] {processor.py:183} INFO - Processing /opt/airflow/dags/inegi_playwright_dag.py took 4.111 seconds
[2026-05-13T15:38:21.457+0000] {processor.py:161} INFO - Started process (PID=2424) to work on /opt/airflow/dags/inegi_playwright_dag.py
[2026-05-13T15:38:21.461+0000] {processor.py:830} INFO - Processing file /opt/airflow/dags/inegi_playwright_dag.py for tasks to queue
[2026-05-13T15:38:21.464+0000] {logging_mixin.py:188} INFO - [2026-05-13T15:38:21.463+0000] {dagbag.py:540} INFO - Filling up the DagBag from /opt/airflow/dags/inegi_playwright_dag.py
[2026-05-13T15:38:21.539+0000] {processor.py:840} INFO - DAG(s) 'inegi_playwright' retrieved from /opt/airflow/dags/inegi_playwright_dag.py
[2026-05-13T15:38:21.672+0000] {logging_mixin.py:188} INFO - [2026-05-13T15:38:21.671+0000] {dag.py:3047} INFO - Sync 1 DAGs
[2026-05-13T15:38:21.841+0000] {logging_mixin.py:188} INFO - [2026-05-13T15:38:21.841+0000] {dag.py:3834} INFO - Setting next_dagrun for inegi_playwright to 2026-05-13 00:00:00+00:00, run_after=2026-05-14 00:00:00+00:00
[2026-05-13T15:38:21.976+0000] {processor.py:183} INFO - Processing /opt/airflow/dags/inegi_playwright_dag.py took 0.532 seconds
[2026-05-13T15:38:52.484+0000] {processor.py:161} INFO - Started process (PID=2462) to work on /opt/airflow/dags/inegi_playwright_dag.py
[2026-05-13T15:38:52.488+0000] {processor.py:830} INFO - Processing file /opt/airflow/dags/inegi_playwright_dag.py for tasks to queue
[2026-05-13T15:38:52.493+0000] {logging_mixin.py:188} INFO - [2026-05-13T15:38:52.490+0000] {dagbag.py:540} INFO - Filling up the DagBag from /opt/airflow/dags/inegi_playwright_dag.py
[2026-05-13T15:38:52.541+0000] {processor.py:840} INFO - DAG(s) 'inegi_playwright' retrieved from /opt/airflow/dags/inegi_playwright_dag.py
[2026-05-13T15:38:52.617+0000] {logging_mixin.py:188} INFO - [2026-05-13T15:38:52.616+0000] {dag.py:3047} INFO - Sync 1 DAGs
[2026-05-13T15:38:52.733+0000] {logging_mixin.py:188} INFO - [2026-05-13T15:38:52.732+0000] {dag.py:3834} INFO - Setting next_dagrun for inegi_playwright to 2026-05-13 00:00:00+00:00, run_after=2026-05-14 00:00:00+00:00
[2026-05-13T15:38:52.870+0000] {processor.py:183} INFO - Processing /opt/airflow/dags/inegi_playwright_dag.py took 0.399 seconds
[2026-05-13T15:39:23.247+0000] {processor.py:161} INFO - Started process (PID=2492) to work on /opt/airflow/dags/inegi_playwright_dag.py
[2026-05-13T15:39:23.250+0000] {processor.py:830} INFO - Processing file /opt/airflow/dags/inegi_playwright_dag.py for tasks to queue
[2026-05-13T15:39:23.254+0000] {logging_mixin.py:188} INFO - [2026-05-13T15:39:23.253+0000] {dagbag.py:540} INFO - Filling up the DagBag from /opt/airflow/dags/inegi_playwright_dag.py
[2026-05-13T15:39:23.294+0000] {processor.py:840} INFO - DAG(s) 'inegi_playwright' retrieved from /opt/airflow/dags/inegi_playwright_dag.py
[2026-05-13T15:39:23.368+0000] {logging_mixin.py:188} INFO - [2026-05-13T15:39:23.367+0000] {dag.py:3047} INFO - Sync 1 DAGs
[2026-05-13T15:39:23.427+0000] {logging_mixin.py:188} INFO - [2026-05-13T15:39:23.426+0000] {dag.py:3834} INFO - Setting next_dagrun for inegi_playwright to 2026-05-13 00:00:00+00:00, run_after=2026-05-14 00:00:00+00:00
[2026-05-13T15:39:23.480+0000] {processor.py:183} INFO - Processing /opt/airflow/dags/inegi_playwright_dag.py took 0.244 seconds
[2026-05-13T15:39:54.382+0000] {processor.py:161} INFO - Started process (PID=2522) to work on /opt/airflow/dags/inegi_playwright_dag.py
[2026-05-13T15:39:54.387+0000] {processor.py:830} INFO - Processing file /opt/airflow/dags/inegi_playwright_dag.py for tasks to queue
[2026-05-13T15:39:54.398+0000] {logging_mixin.py:188} INFO - [2026-05-13T15:39:54.396+0000] {dagbag.py:540} INFO - Filling up the DagBag from /opt/airflow/dags/inegi_playwright_dag.py
[2026-05-13T15:39:54.490+0000] {processor.py:840} INFO - DAG(s) 'inegi_playwright' retrieved from /opt/airflow/dags/inegi_playwright_dag.py
[2026-05-13T15:39:54.641+0000] {logging_mixin.py:188} INFO - [2026-05-13T15:39:54.640+0000] {dag.py:3047} INFO - Sync 1 DAGs
[2026-05-13T15:39:54.773+0000] {logging_mixin.py:188} INFO - [2026-05-13T15:39:54.771+0000] {dag.py:3834} INFO - Setting next_dagrun for inegi_playwright to 2026-05-13 00:00:00+00:00, run_after=2026-05-14 00:00:00+00:00
[2026-05-13T15:39:54.873+0000] {processor.py:183} INFO - Processing /opt/airflow/dags/inegi_playwright_dag.py took 0.516 seconds
[2026-05-13T15:40:25.574+0000] {processor.py:161} INFO - Started process (PID=2552) to work on /opt/airflow/dags/inegi_playwright_dag.py
[2026-05-13T15:40:25.577+0000] {processor.py:830} INFO - Processing file /opt/airflow/dags/inegi_playwright_dag.py for tasks to queue
[2026-05-13T15:40:25.581+0000] {logging_mixin.py:188} INFO - [2026-05-13T15:40:25.580+0000] {dagbag.py:540} INFO - Filling up the DagBag from /opt/airflow/dags/inegi_playwright_dag.py
[2026-05-13T15:40:25.625+0000] {processor.py:840} INFO - DAG(s) 'inegi_playwright' retrieved from /opt/airflow/dags/inegi_playwright_dag.py
[2026-05-13T15:40:25.723+0000] {logging_mixin.py:188} INFO - [2026-05-13T15:40:25.722+0000] {dag.py:3047} INFO - Sync 1 DAGs
[2026-05-13T15:40:25.784+0000] {logging_mixin.py:188} INFO - [2026-05-13T15:40:25.783+0000] {dag.py:3834} INFO - Setting next_dagrun for inegi_playwright to 2026-05-13 00:00:00+00:00, run_after=2026-05-14 00:00:00+00:00
[2026-05-13T15:40:25.835+0000] {processor.py:183} INFO - Processing /opt/airflow/dags/inegi_playwright_dag.py took 0.273 seconds
[2026-05-13T15:40:56.401+0000] {processor.py:161} INFO - Started process (PID=2582) to work on /opt/airflow/dags/inegi_playwright_dag.py
[2026-05-13T15:40:56.406+0000] {processor.py:830} INFO - Processing file /opt/airflow/dags/inegi_playwright_dag.py for tasks to queue
[2026-05-13T15:40:56.412+0000] {logging_mixin.py:188} INFO - [2026-05-13T15:40:56.410+0000] {dagbag.py:540} INFO - Filling up the DagBag from /opt/airflow/dags/inegi_playwright_dag.py
[2026-05-13T15:40:56.477+0000] {processor.py:840} INFO - DAG(s) 'inegi_playwright' retrieved from /opt/airflow/dags/inegi_playwright_dag.py
[2026-05-13T15:40:56.550+0000] {logging_mixin.py:188} INFO - [2026-05-13T15:40:56.549+0000] {dag.py:3047} INFO - Sync 1 DAGs
[2026-05-13T15:40:56.607+0000] {logging_mixin.py:188} INFO - [2026-05-13T15:40:56.606+0000] {dag.py:3834} INFO - Setting next_dagrun for inegi_playwright to 2026-05-13 00:00:00+00:00, run_after=2026-05-14 00:00:00+00:00
[2026-05-13T15:40:56.750+0000] {processor.py:183} INFO - Processing /opt/airflow/dags/inegi_playwright_dag.py took 0.361 seconds
[2026-05-13T15:41:27.211+0000] {processor.py:161} INFO - Started process (PID=2612) to work on /opt/airflow/dags/inegi_playwright_dag.py
[2026-05-13T15:41:27.214+0000] {processor.py:830} INFO - Processing file /opt/airflow/dags/inegi_playwright_dag.py for tasks to queue
[2026-05-13T15:41:27.217+0000] {logging_mixin.py:188} INFO - [2026-05-13T15:41:27.217+0000] {dagbag.py:540} INFO - Filling up the DagBag from /opt/airflow/dags/inegi_playwright_dag.py
[2026-05-13T15:41:27.268+0000] {processor.py:840} INFO - DAG(s) 'inegi_playwright' retrieved from /opt/airflow/dags/inegi_playwright_dag.py
[2026-05-13T15:41:27.337+0000] {logging_mixin.py:188} INFO - [2026-05-13T15:41:27.337+0000] {dag.py:3047} INFO - Sync 1 DAGs
[2026-05-13T15:41:27.395+0000] {logging_mixin.py:188} INFO - [2026-05-13T15:41:27.394+0000] {dag.py:3834} INFO - Setting next_dagrun for inegi_playwright to 2026-05-13 00:00:00+00:00, run_after=2026-05-14 00:00:00+00:00
[2026-05-13T15:41:27.447+0000] {processor.py:183} INFO - Processing /opt/airflow/dags/inegi_playwright_dag.py took 0.247 seconds
[2026-05-13T15:41:57.909+0000] {processor.py:161} INFO - Started process (PID=2642) to work on /opt/airflow/dags/inegi_playwright_dag.py
[2026-05-13T15:41:57.913+0000] {processor.py:830} INFO - Processing file /opt/airflow/dags/inegi_playwright_dag.py for tasks to queue
[2026-05-13T15:41:57.916+0000] {logging_mixin.py:188} INFO - [2026-05-13T15:41:57.915+0000] {dagbag.py:540} INFO - Filling up the DagBag from /opt/airflow/dags/inegi_playwright_dag.py
[2026-05-13T15:41:57.982+0000] {processor.py:840} INFO - DAG(s) 'inegi_playwright' retrieved from /opt/airflow/dags/inegi_playwright_dag.py
[2026-05-13T15:41:58.085+0000] {logging_mixin.py:188} INFO - [2026-05-13T15:41:58.085+0000] {dag.py:3047} INFO - Sync 1 DAGs
[2026-05-13T15:41:58.147+0000] {logging_mixin.py:188} INFO - [2026-05-13T15:41:58.146+0000] {dag.py:3834} INFO - Setting next_dagrun for inegi_playwright to 2026-05-13 00:00:00+00:00, run_after=2026-05-14 00:00:00+00:00
[2026-05-13T15:41:58.195+0000] {processor.py:183} INFO - Processing /opt/airflow/dags/inegi_playwright_dag.py took 0.296 seconds
[2026-05-13T15:42:30.573+0000] {processor.py:161} INFO - Started process (PID=2672) to work on /opt/airflow/dags/inegi_playwright_dag.py
[2026-05-13T15:42:30.595+0000] {processor.py:830} INFO - Processing file /opt/airflow/dags/inegi_playwright_dag.py for tasks to queue
[2026-05-13T15:42:30.613+0000] {logging_mixin.py:188} INFO - [2026-05-13T15:42:30.612+0000] {dagbag.py:540} INFO - Filling up the DagBag from /opt/airflow/dags/inegi_playwright_dag.py
[2026-05-13T15:42:30.843+0000] {processor.py:840} INFO - DAG(s) 'inegi_playwright' retrieved from /opt/airflow/dags/inegi_playwright_dag.py
[2026-05-13T15:42:31.034+0000] {logging_mixin.py:188} INFO - [2026-05-13T15:42:31.034+0000] {dag.py:3047} INFO - Sync 1 DAGs
[2026-05-13T15:42:31.356+0000] {logging_mixin.py:188} INFO - [2026-05-13T15:42:31.355+0000] {dag.py:3834} INFO - Setting next_dagrun for inegi_playwright to 2026-05-13 00:00:00+00:00, run_after=2026-05-14 00:00:00+00:00
[2026-05-13T15:42:31.511+0000] {processor.py:183} INFO - Processing /opt/airflow/dags/inegi_playwright_dag.py took 0.959 seconds
[2026-05-13T15:43:06.225+0000] {processor.py:161} INFO - Started process (PID=2702) to work on /opt/airflow/dags/inegi_playwright_dag.py
[2026-05-13T15:43:06.247+0000] {processor.py:830} INFO - Processing file /opt/airflow/dags/inegi_playwright_dag.py for tasks to queue
[2026-05-13T15:43:06.269+0000] {logging_mixin.py:188} INFO - [2026-05-13T15:43:06.268+0000] {dagbag.py:540} INFO - Filling up the DagBag from /opt/airflow/dags/inegi_playwright_dag.py
[2026-05-13T15:43:06.344+0000] {processor.py:840} INFO - DAG(s) 'inegi_playwright' retrieved from /opt/airflow/dags/inegi_playwright_dag.py
[2026-05-13T15:43:06.433+0000] {logging_mixin.py:188} INFO - [2026-05-13T15:43:06.433+0000] {dag.py:3047} INFO - Sync 1 DAGs
[2026-05-13T15:43:06.505+0000] {logging_mixin.py:188} INFO - [2026-05-13T15:43:06.504+0000] {dag.py:3834} INFO - Setting next_dagrun for inegi_playwright to 2026-05-13 00:00:00+00:00, run_after=2026-05-14 00:00:00+00:00
[2026-05-13T15:43:06.577+0000] {processor.py:183} INFO - Processing /opt/airflow/dags/inegi_playwright_dag.py took 0.372 seconds
[2026-05-13T15:43:37.177+0000] {processor.py:161} INFO - Started process (PID=2732) to work on /opt/airflow/dags/inegi_playwright_dag.py
[2026-05-13T15:43:37.199+0000] {processor.py:830} INFO - Processing file /opt/airflow/dags/inegi_playwright_dag.py for tasks to queue
[2026-05-13T15:43:37.213+0000] {logging_mixin.py:188} INFO - [2026-05-13T15:43:37.212+0000] {dagbag.py:540} INFO - Filling up the DagBag from /opt/airflow/dags/inegi_playwright_dag.py
[2026-05-13T15:43:37.587+0000] {processor.py:840} INFO - DAG(s) 'inegi_playwright' retrieved from /opt/airflow/dags/inegi_playwright_dag.py
[2026-05-13T15:43:37.673+0000] {logging_mixin.py:188} INFO - [2026-05-13T15:43:37.673+0000] {dag.py:3047} INFO - Sync 1 DAGs
[2026-05-13T15:43:37.752+0000] {logging_mixin.py:188} INFO - [2026-05-13T15:43:37.752+0000] {dag.py:3834} INFO - Setting next_dagrun for inegi_playwright to 2026-05-13 00:00:00+00:00, run_after=2026-05-14 00:00:00+00:00
[2026-05-13T15:43:37.819+0000] {processor.py:183} INFO - Processing /opt/airflow/dags/inegi_playwright_dag.py took 0.665 seconds
[2026-05-13T15:44:08.602+0000] {processor.py:161} INFO - Started process (PID=2762) to work on /opt/airflow/dags/inegi_playwright_dag.py
[2026-05-13T15:44:08.608+0000] {processor.py:830} INFO - Processing file /opt/airflow/dags/inegi_playwright_dag.py for tasks to queue
[2026-05-13T15:44:08.612+0000] {logging_mixin.py:188} INFO - [2026-05-13T15:44:08.611+0000] {dagbag.py:540} INFO - Filling up the DagBag from /opt/airflow/dags/inegi_playwright_dag.py
[2026-05-13T15:44:08.659+0000] {processor.py:840} INFO - DAG(s) 'inegi_playwright' retrieved from /opt/airflow/dags/inegi_playwright_dag.py
[2026-05-13T15:44:08.763+0000] {logging_mixin.py:188} INFO - [2026-05-13T15:44:08.762+0000] {dag.py:3047} INFO - Sync 1 DAGs
[2026-05-13T15:44:08.895+0000] {logging_mixin.py:188} INFO - [2026-05-13T15:44:08.894+0000] {dag.py:3834} INFO - Setting next_dagrun for inegi_playwright to 2026-05-13 00:00:00+00:00, run_after=2026-05-14 00:00:00+00:00
[2026-05-13T15:44:08.957+0000] {processor.py:183} INFO - Processing /opt/airflow/dags/inegi_playwright_dag.py took 0.367 seconds
[2026-05-13T15:44:39.414+0000] {processor.py:161} INFO - Started process (PID=2792) to work on /opt/airflow/dags/inegi_playwright_dag.py
[2026-05-13T15:44:39.417+0000] {processor.py:830} INFO - Processing file /opt/airflow/dags/inegi_playwright_dag.py for tasks to queue
[2026-05-13T15:44:39.420+0000] {logging_mixin.py:188} INFO - [2026-05-13T15:44:39.419+0000] {dagbag.py:540} INFO - Filling up the DagBag from /opt/airflow/dags/inegi_playwright_dag.py
[2026-05-13T15:44:39.478+0000] {processor.py:840} INFO - DAG(s) 'inegi_playwright' retrieved from /opt/airflow/dags/inegi_playwright_dag.py
[2026-05-13T15:44:39.565+0000] {logging_mixin.py:188} INFO - [2026-05-13T15:44:39.565+0000] {dag.py:3047} INFO - Sync 1 DAGs
[2026-05-13T15:44:39.666+0000] {logging_mixin.py:188} INFO - [2026-05-13T15:44:39.665+0000] {dag.py:3834} INFO - Setting next_dagrun for inegi_playwright to 2026-05-13 00:00:00+00:00, run_after=2026-05-14 00:00:00+00:00
[2026-05-13T15:44:39.763+0000] {processor.py:183} INFO - Processing /opt/airflow/dags/inegi_playwright_dag.py took 0.368 seconds
[2026-05-13T15:45:10.419+0000] {processor.py:161} INFO - Started process (PID=2822) to work on /opt/airflow/dags/inegi_playwright_dag.py
[2026-05-13T15:45:10.426+0000] {processor.py:830} INFO - Processing file /opt/airflow/dags/inegi_playwright_dag.py for tasks to queue
[2026-05-13T15:45:10.430+0000] {logging_mixin.py:188} INFO - [2026-05-13T15:45:10.429+0000] {dagbag.py:540} INFO - Filling up the DagBag from /opt/airflow/dags/inegi_playwright_dag.py
[2026-05-13T15:45:10.478+0000] {processor.py:840} INFO - DAG(s) 'inegi_playwright' retrieved from /opt/airflow/dags/inegi_playwright_dag.py
[2026-05-13T15:45:10.560+0000] {logging_mixin.py:188} INFO - [2026-05-13T15:45:10.559+0000] {dag.py:3047} INFO - Sync 1 DAGs
[2026-05-13T15:45:10.635+0000] {logging_mixin.py:188} INFO - [2026-05-13T15:45:10.635+0000] {dag.py:3834} INFO - Setting next_dagrun for inegi_playwright to 2026-05-13 00:00:00+00:00, run_after=2026-05-14 00:00:00+00:00
[2026-05-13T15:45:10.697+0000] {processor.py:183} INFO - Processing /opt/airflow/dags/inegi_playwright_dag.py took 0.290 seconds
[2026-05-13T15:45:44.701+0000] {processor.py:161} INFO - Started process (PID=2852) to work on /opt/airflow/dags/inegi_playwright_dag.py
[2026-05-13T15:45:44.709+0000] {processor.py:830} INFO - Processing file /opt/airflow/dags/inegi_playwright_dag.py for tasks to queue
[2026-05-13T15:45:44.716+0000] {logging_mixin.py:188} INFO - [2026-05-13T15:45:44.715+0000] {dagbag.py:540} INFO - Filling up the DagBag from /opt/airflow/dags/inegi_playwright_dag.py
[2026-05-13T15:45:45.026+0000] {processor.py:840} INFO - DAG(s) 'inegi_playwright' retrieved from /opt/airflow/dags/inegi_playwright_dag.py
[2026-05-13T15:45:45.446+0000] {logging_mixin.py:188} INFO - [2026-05-13T15:45:45.445+0000] {dag.py:3047} INFO - Sync 1 DAGs
[2026-05-13T15:45:45.642+0000] {logging_mixin.py:188} INFO - [2026-05-13T15:45:45.630+0000] {dag.py:3834} INFO - Setting next_dagrun for inegi_playwright to 2026-05-13 00:00:00+00:00, run_after=2026-05-14 00:00:00+00:00
[2026-05-13T15:45:46.445+0000] {processor.py:183} INFO - Processing /opt/airflow/dags/inegi_playwright_dag.py took 1.764 seconds
[2026-05-13T15:46:17.428+0000] {processor.py:161} INFO - Started process (PID=2882) to work on /opt/airflow/dags/inegi_playwright_dag.py
[2026-05-13T15:46:17.431+0000] {processor.py:830} INFO - Processing file /opt/airflow/dags/inegi_playwright_dag.py for tasks to queue
[2026-05-13T15:46:17.437+0000] {logging_mixin.py:188} INFO - [2026-05-13T15:46:17.436+0000] {dagbag.py:540} INFO - Filling up the DagBag from /opt/airflow/dags/inegi_playwright_dag.py
[2026-05-13T15:46:17.476+0000] {processor.py:840} INFO - DAG(s) 'inegi_playwright' retrieved from /opt/airflow/dags/inegi_playwright_dag.py
[2026-05-13T15:46:17.546+0000] {logging_mixin.py:188} INFO - [2026-05-13T15:46:17.545+0000] {dag.py:3047} INFO - Sync 1 DAGs
[2026-05-13T15:46:17.621+0000] {logging_mixin.py:188} INFO - [2026-05-13T15:46:17.620+0000] {dag.py:3834} INFO - Setting next_dagrun for inegi_playwright to 2026-05-13 00:00:00+00:00, run_after=2026-05-14 00:00:00+00:00
[2026-05-13T15:46:17.674+0000] {processor.py:183} INFO - Processing /opt/airflow/dags/inegi_playwright_dag.py took 0.257 seconds
[2026-05-13T15:46:48.317+0000] {processor.py:161} INFO - Started process (PID=2912) to work on /opt/airflow/dags/inegi_playwright_dag.py
[2026-05-13T15:46:48.320+0000] {processor.py:830} INFO - Processing file /opt/airflow/dags/inegi_playwright_dag.py for tasks to queue
[2026-05-13T15:46:48.325+0000] {logging_mixin.py:188} INFO - [2026-05-13T15:46:48.324+0000] {dagbag.py:540} INFO - Filling up the DagBag from /opt/airflow/dags/inegi_playwright_dag.py
[2026-05-13T15:46:48.393+0000] {processor.py:840} INFO - DAG(s) 'inegi_playwright' retrieved from /opt/airflow/dags/inegi_playwright_dag.py
[2026-05-13T15:46:48.469+0000] {logging_mixin.py:188} INFO - [2026-05-13T15:46:48.468+0000] {dag.py:3047} INFO - Sync 1 DAGs
[2026-05-13T15:46:48.529+0000] {logging_mixin.py:188} INFO - [2026-05-13T15:46:48.528+0000] {dag.py:3834} INFO - Setting next_dagrun for inegi_playwright to 2026-05-13 00:00:00+00:00, run_after=2026-05-14 00:00:00+00:00
[2026-05-13T15:46:48.575+0000] {processor.py:183} INFO - Processing /opt/airflow/dags/inegi_playwright_dag.py took 0.268 seconds
[2026-05-13T15:47:19.820+0000] {processor.py:161} INFO - Started process (PID=2942) to work on /opt/airflow/dags/inegi_playwright_dag.py
[2026-05-13T15:47:19.824+0000] {processor.py:830} INFO - Processing file /opt/airflow/dags/inegi_playwright_dag.py for tasks to queue
[2026-05-13T15:47:19.827+0000] {logging_mixin.py:188} INFO - [2026-05-13T15:47:19.826+0000] {dagbag.py:540} INFO - Filling up the DagBag from /opt/airflow/dags/inegi_playwright_dag.py
[2026-05-13T15:47:19.864+0000] {processor.py:840} INFO - DAG(s) 'inegi_playwright' retrieved from /opt/airflow/dags/inegi_playwright_dag.py
[2026-05-13T15:47:19.933+0000] {logging_mixin.py:188} INFO - [2026-05-13T15:47:19.931+0000] {dag.py:3047} INFO - Sync 1 DAGs
[2026-05-13T15:47:19.992+0000] {logging_mixin.py:188} INFO - [2026-05-13T15:47:19.991+0000] {dag.py:3834} INFO - Setting next_dagrun for inegi_playwright to 2026-05-13 00:00:00+00:00, run_after=2026-05-14 00:00:00+00:00
[2026-05-13T15:47:20.045+0000] {processor.py:183} INFO - Processing /opt/airflow/dags/inegi_playwright_dag.py took 0.240 seconds
[2026-05-13T15:47:50.848+0000] {processor.py:161} INFO - Started process (PID=2972) to work on /opt/airflow/dags/inegi_playwright_dag.py
[2026-05-13T15:47:50.855+0000] {processor.py:830} INFO - Processing file /opt/airflow/dags/inegi_playwright_dag.py for tasks to queue
[2026-05-13T15:47:50.859+0000] {logging_mixin.py:188} INFO - [2026-05-13T15:47:50.858+0000] {dagbag.py:540} INFO - Filling up the DagBag from /opt/airflow/dags/inegi_playwright_dag.py
[2026-05-13T15:47:50.932+0000] {processor.py:840} INFO - DAG(s) 'inegi_playwright' retrieved from /opt/airflow/dags/inegi_playwright_dag.py
[2026-05-13T15:47:51.000+0000] {logging_mixin.py:188} INFO - [2026-05-13T15:47:50.999+0000] {dag.py:3047} INFO - Sync 1 DAGs
[2026-05-13T15:47:51.061+0000] {logging_mixin.py:188} INFO - [2026-05-13T15:47:51.060+0000] {dag.py:3834} INFO - Setting next_dagrun for inegi_playwright to 2026-05-13 00:00:00+00:00, run_after=2026-05-14 00:00:00+00:00
[2026-05-13T15:47:51.119+0000] {processor.py:183} INFO - Processing /opt/airflow/dags/inegi_playwright_dag.py took 0.281 seconds
[2026-05-13T15:48:21.288+0000] {processor.py:161} INFO - Started process (PID=3002) to work on /opt/airflow/dags/inegi_playwright_dag.py
[2026-05-13T15:48:21.291+0000] {processor.py:830} INFO - Processing file /opt/airflow/dags/inegi_playwright_dag.py for tasks to queue
[2026-05-13T15:48:21.294+0000] {logging_mixin.py:188} INFO - [2026-05-13T15:48:21.293+0000] {dagbag.py:540} INFO - Filling up the DagBag from /opt/airflow/dags/inegi_playwright_dag.py
[2026-05-13T15:48:21.332+0000] {processor.py:840} INFO - DAG(s) 'inegi_playwright' retrieved from /opt/airflow/dags/inegi_playwright_dag.py
[2026-05-13T15:48:21.498+0000] {logging_mixin.py:188} INFO - [2026-05-13T15:48:21.497+0000] {dag.py:3047} INFO - Sync 1 DAGs
[2026-05-13T15:48:21.676+0000] {logging_mixin.py:188} INFO - [2026-05-13T15:48:21.675+0000] {dag.py:3834} INFO - Setting next_dagrun for inegi_playwright to 2026-05-13 00:00:00+00:00, run_after=2026-05-14 00:00:00+00:00
[2026-05-13T15:48:21.810+0000] {processor.py:183} INFO - Processing /opt/airflow/dags/inegi_playwright_dag.py took 0.535 seconds
[2026-05-13T15:48:52.228+0000] {processor.py:161} INFO - Started process (PID=3032) to work on /opt/airflow/dags/inegi_playwright_dag.py
[2026-05-13T15:48:52.231+0000] {processor.py:830} INFO - Processing file /opt/airflow/dags/inegi_playwright_dag.py for tasks to queue
[2026-05-13T15:48:52.234+0000] {logging_mixin.py:188} INFO - [2026-05-13T15:48:52.233+0000] {dagbag.py:540} INFO - Filling up the DagBag from /opt/airflow/dags/inegi_playwright_dag.py
[2026-05-13T15:48:52.274+0000] {processor.py:840} INFO - DAG(s) 'inegi_playwright' retrieved from /opt/airflow/dags/inegi_playwright_dag.py
[2026-05-13T15:48:52.345+0000] {logging_mixin.py:188} INFO - [2026-05-13T15:48:52.344+0000] {dag.py:3047} INFO - Sync 1 DAGs
[2026-05-13T15:48:52.408+0000] {logging_mixin.py:188} INFO - [2026-05-13T15:48:52.407+0000] {dag.py:3834} INFO - Setting next_dagrun for inegi_playwright to 2026-05-13 00:00:00+00:00, run_after=2026-05-14 00:00:00+00:00
[2026-05-13T15:48:52.456+0000] {processor.py:183} INFO - Processing /opt/airflow/dags/inegi_playwright_dag.py took 0.239 seconds
[2026-05-13T15:49:23.396+0000] {processor.py:161} INFO - Started process (PID=3062) to work on /opt/airflow/dags/inegi_playwright_dag.py
[2026-05-13T15:49:23.401+0000] {processor.py:830} INFO - Processing file /opt/airflow/dags/inegi_playwright_dag.py for tasks to queue
[2026-05-13T15:49:23.404+0000] {logging_mixin.py:188} INFO - [2026-05-13T15:49:23.404+0000] {dagbag.py:540} INFO - Filling up the DagBag from /opt/airflow/dags/inegi_playwright_dag.py
[2026-05-13T15:49:23.445+0000] {processor.py:840} INFO - DAG(s) 'inegi_playwright' retrieved from /opt/airflow/dags/inegi_playwright_dag.py
[2026-05-13T15:49:23.536+0000] {logging_mixin.py:188} INFO - [2026-05-13T15:49:23.535+0000] {dag.py:3047} INFO - Sync 1 DAGs
[2026-05-13T15:49:23.594+0000] {logging_mixin.py:188} INFO - [2026-05-13T15:49:23.593+0000] {dag.py:3834} INFO - Setting next_dagrun for inegi_playwright to 2026-05-13 00:00:00+00:00, run_after=2026-05-14 00:00:00+00:00
[2026-05-13T15:49:23.645+0000] {processor.py:183} INFO - Processing /opt/airflow/dags/inegi_playwright_dag.py took 0.259 seconds
[2026-05-13T15:49:53.889+0000] {processor.py:161} INFO - Started process (PID=3092) to work on /opt/airflow/dags/inegi_playwright_dag.py
[2026-05-13T15:49:53.893+0000] {processor.py:830} INFO - Processing file /opt/airflow/dags/inegi_playwright_dag.py for tasks to queue
[2026-05-13T15:49:53.898+0000] {logging_mixin.py:188} INFO - [2026-05-13T15:49:53.895+0000] {dagbag.py:540} INFO - Filling up the DagBag from /opt/airflow/dags/inegi_playwright_dag.py
[2026-05-13T15:49:54.767+0000] {processor.py:840} INFO - DAG(s) 'inegi_playwright' retrieved from /opt/airflow/dags/inegi_playwright_dag.py
[2026-05-13T15:49:54.901+0000] {logging_mixin.py:188} INFO - [2026-05-13T15:49:54.900+0000] {dag.py:3047} INFO - Sync 1 DAGs
[2026-05-13T15:49:55.021+0000] {logging_mixin.py:188} INFO - [2026-05-13T15:49:55.018+0000] {dag.py:3834} INFO - Setting next_dagrun for inegi_playwright to 2026-05-13 00:00:00+00:00, run_after=2026-05-14 00:00:00+00:00
[2026-05-13T15:49:55.109+0000] {processor.py:183} INFO - Processing /opt/airflow/dags/inegi_playwright_dag.py took 1.236 seconds
[2026-05-13T15:50:25.852+0000] {processor.py:161} INFO - Started process (PID=3122) to work on /opt/airflow/dags/inegi_playwright_dag.py
[2026-05-13T15:50:25.856+0000] {processor.py:830} INFO - Processing file /opt/airflow/dags/inegi_playwright_dag.py for tasks to queue
[2026-05-13T15:50:25.858+0000] {logging_mixin.py:188} INFO - [2026-05-13T15:50:25.858+0000] {dagbag.py:540} INFO - Filling up the DagBag from /opt/airflow/dags/inegi_playwright_dag.py
[2026-05-13T15:50:25.902+0000] {processor.py:840} INFO - DAG(s) 'inegi_playwright' retrieved from /opt/airflow/dags/inegi_playwright_dag.py
[2026-05-13T15:50:26.037+0000] {logging_mixin.py:188} INFO - [2026-05-13T15:50:26.036+0000] {dag.py:3047} INFO - Sync 1 DAGs
[2026-05-13T15:50:26.213+0000] {logging_mixin.py:188} INFO - [2026-05-13T15:50:26.212+0000] {dag.py:3834} INFO - Setting next_dagrun for inegi_playwright to 2026-05-13 00:00:00+00:00, run_after=2026-05-14 00:00:00+00:00
[2026-05-13T15:50:26.349+0000] {processor.py:183} INFO - Processing /opt/airflow/dags/inegi_playwright_dag.py took 0.508 seconds
[2026-05-13T15:50:57.271+0000] {processor.py:161} INFO - Started process (PID=3152) to work on /opt/airflow/dags/inegi_playwright_dag.py
[2026-05-13T15:50:57.274+0000] {processor.py:830} INFO - Processing file /opt/airflow/dags/inegi_playwright_dag.py for tasks to queue
[2026-05-13T15:50:57.278+0000] {logging_mixin.py:188} INFO - [2026-05-13T15:50:57.277+0000] {dagbag.py:540} INFO - Filling up the DagBag from /opt/airflow/dags/inegi_playwright_dag.py
[2026-05-13T15:50:57.317+0000] {processor.py:840} INFO - DAG(s) 'inegi_playwright' retrieved from /opt/airflow/dags/inegi_playwright_dag.py
[2026-05-13T15:50:57.395+0000] {logging_mixin.py:188} INFO - [2026-05-13T15:50:57.394+0000] {dag.py:3047} INFO - Sync 1 DAGs
[2026-05-13T15:50:57.463+0000] {logging_mixin.py:188} INFO - [2026-05-13T15:50:57.462+0000] {dag.py:3834} INFO - Setting next_dagrun for inegi_playwright to 2026-05-13 00:00:00+00:00, run_after=2026-05-14 00:00:00+00:00
[2026-05-13T15:50:57.512+0000] {processor.py:183} INFO - Processing /opt/airflow/dags/inegi_playwright_dag.py took 0.252 seconds
[2026-05-13T15:51:27.830+0000] {processor.py:161} INFO - Started process (PID=3182) to work on /opt/airflow/dags/inegi_playwright_dag.py
[2026-05-13T15:51:27.833+0000] {processor.py:830} INFO - Processing file /opt/airflow/dags/inegi_playwright_dag.py for tasks to queue
[2026-05-13T15:51:27.836+0000] {logging_mixin.py:188} INFO - [2026-05-13T15:51:27.836+0000] {dagbag.py:540} INFO - Filling up the DagBag from /opt/airflow/dags/inegi_playwright_dag.py
[2026-05-13T15:51:27.876+0000] {processor.py:840} INFO - DAG(s) 'inegi_playwright' retrieved from /opt/airflow/dags/inegi_playwright_dag.py
[2026-05-13T15:51:27.948+0000] {logging_mixin.py:188} INFO - [2026-05-13T15:51:27.947+0000] {dag.py:3047} INFO - Sync 1 DAGs
[2026-05-13T15:51:28.006+0000] {logging_mixin.py:188} INFO - [2026-05-13T15:51:28.006+0000] {dag.py:3834} INFO - Setting next_dagrun for inegi_playwright to 2026-05-13 00:00:00+00:00, run_after=2026-05-14 00:00:00+00:00
[2026-05-13T15:51:28.064+0000] {processor.py:183} INFO - Processing /opt/airflow/dags/inegi_playwright_dag.py took 0.244 seconds
[2026-05-13T15:51:59.447+0000] {processor.py:161} INFO - Started process (PID=3212) to work on /opt/airflow/dags/inegi_playwright_dag.py
[2026-05-13T15:51:59.458+0000] {processor.py:830} INFO - Processing file /opt/airflow/dags/inegi_playwright_dag.py for tasks to queue
[2026-05-13T15:51:59.467+0000] {logging_mixin.py:188} INFO - [2026-05-13T15:51:59.466+0000] {dagbag.py:540} INFO - Filling up the DagBag from /opt/airflow/dags/inegi_playwright_dag.py
[2026-05-13T15:51:59.552+0000] {processor.py:840} INFO - DAG(s) 'inegi_playwright' retrieved from /opt/airflow/dags/inegi_playwright_dag.py
[2026-05-13T15:51:59.623+0000] {logging_mixin.py:188} INFO - [2026-05-13T15:51:59.622+0000] {dag.py:3047} INFO - Sync 1 DAGs
[2026-05-13T15:51:59.679+0000] {logging_mixin.py:188} INFO - [2026-05-13T15:51:59.678+0000] {dag.py:3834} INFO - Setting next_dagrun for inegi_playwright to 2026-05-13 00:00:00+00:00, run_after=2026-05-14 00:00:00+00:00
[2026-05-13T15:51:59.728+0000] {processor.py:183} INFO - Processing /opt/airflow/dags/inegi_playwright_dag.py took 0.296 seconds
[2026-05-13T15:52:30.481+0000] {processor.py:161} INFO - Started process (PID=3242) to work on /opt/airflow/dags/inegi_playwright_dag.py
[2026-05-13T15:52:30.484+0000] {processor.py:830} INFO - Processing file /opt/airflow/dags/inegi_playwright_dag.py for tasks to queue
[2026-05-13T15:52:30.487+0000] {logging_mixin.py:188} INFO - [2026-05-13T15:52:30.486+0000] {dagbag.py:540} INFO - Filling up the DagBag from /opt/airflow/dags/inegi_playwright_dag.py
[2026-05-13T15:52:30.524+0000] {processor.py:840} INFO - DAG(s) 'inegi_playwright' retrieved from /opt/airflow/dags/inegi_playwright_dag.py
[2026-05-13T15:52:30.672+0000] {logging_mixin.py:188} INFO - [2026-05-13T15:52:30.672+0000] {dag.py:3047} INFO - Sync 1 DAGs
[2026-05-13T15:52:30.899+0000] {logging_mixin.py:188} INFO - [2026-05-13T15:52:30.898+0000] {dag.py:3834} INFO - Setting next_dagrun for inegi_playwright to 2026-05-13 00:00:00+00:00, run_after=2026-05-14 00:00:00+00:00
[2026-05-13T15:52:31.087+0000] {processor.py:183} INFO - Processing /opt/airflow/dags/inegi_playwright_dag.py took 0.617 seconds
[2026-05-13T15:53:01.410+0000] {processor.py:161} INFO - Started process (PID=3272) to work on /opt/airflow/dags/inegi_playwright_dag.py
[2026-05-13T15:53:01.413+0000] {processor.py:830} INFO - Processing file /opt/airflow/dags/inegi_playwright_dag.py for tasks to queue
[2026-05-13T15:53:01.416+0000] {logging_mixin.py:188} INFO - [2026-05-13T15:53:01.415+0000] {dagbag.py:540} INFO - Filling up the DagBag from /opt/airflow/dags/inegi_playwright_dag.py
[2026-05-13T15:53:01.453+0000] {processor.py:840} INFO - DAG(s) 'inegi_playwright' retrieved from /opt/airflow/dags/inegi_playwright_dag.py
[2026-05-13T15:53:01.522+0000] {logging_mixin.py:188} INFO - [2026-05-13T15:53:01.521+0000] {dag.py:3047} INFO - Sync 1 DAGs
[2026-05-13T15:53:01.587+0000] {logging_mixin.py:188} INFO - [2026-05-13T15:53:01.586+0000] {dag.py:3834} INFO - Setting next_dagrun for inegi_playwright to 2026-05-13 00:00:00+00:00, run_after=2026-05-14 00:00:00+00:00
[2026-05-13T15:53:01.644+0000] {processor.py:183} INFO - Processing /opt/airflow/dags/inegi_playwright_dag.py took 0.244 seconds
[2026-05-13T15:53:32.107+0000] {processor.py:161} INFO - Started process (PID=3302) to work on /opt/airflow/dags/inegi_playwright_dag.py
[2026-05-13T15:53:32.110+0000] {processor.py:830} INFO - Processing file /opt/airflow/dags/inegi_playwright_dag.py for tasks to queue
[2026-05-13T15:53:32.115+0000] {logging_mixin.py:188} INFO - [2026-05-13T15:53:32.114+0000] {dagbag.py:540} INFO - Filling up the DagBag from /opt/airflow/dags/inegi_playwright_dag.py
[2026-05-13T15:53:32.157+0000] {processor.py:840} INFO - DAG(s) 'inegi_playwright' retrieved from /opt/airflow/dags/inegi_playwright_dag.py
[2026-05-13T15:53:32.227+0000] {logging_mixin.py:188} INFO - [2026-05-13T15:53:32.227+0000] {dag.py:3047} INFO - Sync 1 DAGs
[2026-05-13T15:53:32.286+0000] {logging_mixin.py:188} INFO - [2026-05-13T15:53:32.285+0000] {dag.py:3834} INFO - Setting next_dagrun for inegi_playwright to 2026-05-13 00:00:00+00:00, run_after=2026-05-14 00:00:00+00:00
[2026-05-13T15:53:32.335+0000] {processor.py:183} INFO - Processing /opt/airflow/dags/inegi_playwright_dag.py took 0.239 seconds
[2026-05-13T15:54:02.490+0000] {processor.py:161} INFO - Started process (PID=3332) to work on /opt/airflow/dags/inegi_playwright_dag.py
[2026-05-13T15:54:02.494+0000] {processor.py:830} INFO - Processing file /opt/airflow/dags/inegi_playwright_dag.py for tasks to queue
[2026-05-13T15:54:02.497+0000] {logging_mixin.py:188} INFO - [2026-05-13T15:54:02.496+0000] {dagbag.py:540} INFO - Filling up the DagBag from /opt/airflow/dags/inegi_playwright_dag.py
[2026-05-13T15:54:02.539+0000] {processor.py:840} INFO - DAG(s) 'inegi_playwright' retrieved from /opt/airflow/dags/inegi_playwright_dag.py
[2026-05-13T15:54:02.660+0000] {logging_mixin.py:188} INFO - [2026-05-13T15:54:02.659+0000] {dag.py:3047} INFO - Sync 1 DAGs
[2026-05-13T15:54:02.868+0000] {logging_mixin.py:188} INFO - [2026-05-13T15:54:02.868+0000] {dag.py:3834} INFO - Setting next_dagrun for inegi_playwright to 2026-05-13 00:00:00+00:00, run_after=2026-05-14 00:00:00+00:00
[2026-05-13T15:54:03.015+0000] {processor.py:183} INFO - Processing /opt/airflow/dags/inegi_playwright_dag.py took 0.534 seconds
[2026-05-13T15:54:33.459+0000] {processor.py:161} INFO - Started process (PID=3362) to work on /opt/airflow/dags/inegi_playwright_dag.py
[2026-05-13T15:54:33.462+0000] {processor.py:830} INFO - Processing file /opt/airflow/dags/inegi_playwright_dag.py for tasks to queue
[2026-05-13T15:54:33.465+0000] {logging_mixin.py:188} INFO - [2026-05-13T15:54:33.464+0000] {dagbag.py:540} INFO - Filling up the DagBag from /opt/airflow/dags/inegi_playwright_dag.py
[2026-05-13T15:54:33.501+0000] {processor.py:840} INFO - DAG(s) 'inegi_playwright' retrieved from /opt/airflow/dags/inegi_playwright_dag.py
[2026-05-13T15:54:33.570+0000] {logging_mixin.py:188} INFO - [2026-05-13T15:54:33.569+0000] {dag.py:3047} INFO - Sync 1 DAGs
[2026-05-13T15:54:33.634+0000] {logging_mixin.py:188} INFO - [2026-05-13T15:54:33.634+0000] {dag.py:3834} INFO - Setting next_dagrun for inegi_playwright to 2026-05-13 00:00:00+00:00, run_after=2026-05-14 00:00:00+00:00
[2026-05-13T15:54:33.681+0000] {processor.py:183} INFO - Processing /opt/airflow/dags/inegi_playwright_dag.py took 0.234 seconds
[2026-05-13T15:55:04.768+0000] {processor.py:161} INFO - Started process (PID=3392) to work on /opt/airflow/dags/inegi_playwright_dag.py
[2026-05-13T15:55:04.771+0000] {processor.py:830} INFO - Processing file /opt/airflow/dags/inegi_playwright_dag.py for tasks to queue
[2026-05-13T15:55:04.774+0000] {logging_mixin.py:188} INFO - [2026-05-13T15:55:04.773+0000] {dagbag.py:540} INFO - Filling up the DagBag from /opt/airflow/dags/inegi_playwright_dag.py
[2026-05-13T15:55:04.810+0000] {processor.py:840} INFO - DAG(s) 'inegi_playwright' retrieved from /opt/airflow/dags/inegi_playwright_dag.py
[2026-05-13T15:55:04.881+0000] {logging_mixin.py:188} INFO - [2026-05-13T15:55:04.880+0000] {dag.py:3047} INFO - Sync 1 DAGs
[2026-05-13T15:55:04.941+0000] {logging_mixin.py:188} INFO - [2026-05-13T15:55:04.941+0000] {dag.py:3834} INFO - Setting next_dagrun for inegi_playwright to 2026-05-13 00:00:00+00:00, run_after=2026-05-14 00:00:00+00:00
[2026-05-13T15:55:04.990+0000] {processor.py:183} INFO - Processing /opt/airflow/dags/inegi_playwright_dag.py took 0.240 seconds
[2026-05-13T15:55:35.380+0000] {processor.py:161} INFO - Started process (PID=3422) to work on /opt/airflow/dags/inegi_playwright_dag.py
[2026-05-13T15:55:35.383+0000] {processor.py:830} INFO - Processing file /opt/airflow/dags/inegi_playwright_dag.py for tasks to queue
[2026-05-13T15:55:35.386+0000] {logging_mixin.py:188} INFO - [2026-05-13T15:55:35.385+0000] {dagbag.py:540} INFO - Filling up the DagBag from /opt/airflow/dags/inegi_playwright_dag.py
[2026-05-13T15:55:35.440+0000] {processor.py:840} INFO - DAG(s) 'inegi_playwright' retrieved from /opt/airflow/dags/inegi_playwright_dag.py
[2026-05-13T15:55:35.523+0000] {logging_mixin.py:188} INFO - [2026-05-13T15:55:35.522+0000] {dag.py:3047} INFO - Sync 1 DAGs
[2026-05-13T15:55:35.598+0000] {logging_mixin.py:188} INFO - [2026-05-13T15:55:35.598+0000] {dag.py:3834} INFO - Setting next_dagrun for inegi_playwright to 2026-05-13 00:00:00+00:00, run_after=2026-05-14 00:00:00+00:00
[2026-05-13T15:55:35.645+0000] {processor.py:183} INFO - Processing /opt/airflow/dags/inegi_playwright_dag.py took 0.276 seconds
[2026-05-13T15:56:06.378+0000] {processor.py:161} INFO - Started process (PID=3452) to work on /opt/airflow/dags/inegi_playwright_dag.py
[2026-05-13T15:56:06.381+0000] {processor.py:830} INFO - Processing file /opt/airflow/dags/inegi_playwright_dag.py for tasks to queue
[2026-05-13T15:56:06.385+0000] {logging_mixin.py:188} INFO - [2026-05-13T15:56:06.384+0000] {dagbag.py:540} INFO - Filling up the DagBag from /opt/airflow/dags/inegi_playwright_dag.py
[2026-05-13T15:56:06.423+0000] {processor.py:840} INFO - DAG(s) 'inegi_playwright' retrieved from /opt/airflow/dags/inegi_playwright_dag.py
[2026-05-13T15:56:06.488+0000] {logging_mixin.py:188} INFO - [2026-05-13T15:56:06.487+0000] {dag.py:3047} INFO - Sync 1 DAGs
[2026-05-13T15:56:06.546+0000] {logging_mixin.py:188} INFO - [2026-05-13T15:56:06.545+0000] {dag.py:3834} INFO - Setting next_dagrun for inegi_playwright to 2026-05-13 00:00:00+00:00, run_after=2026-05-14 00:00:00+00:00
[2026-05-13T15:56:07.285+0000] {processor.py:183} INFO - Processing /opt/airflow/dags/inegi_playwright_dag.py took 0.916 seconds
[2026-05-13T15:56:38.417+0000] {processor.py:161} INFO - Started process (PID=3482) to work on /opt/airflow/dags/inegi_playwright_dag.py
[2026-05-13T15:56:38.420+0000] {processor.py:830} INFO - Processing file /opt/airflow/dags/inegi_playwright_dag.py for tasks to queue
[2026-05-13T15:56:38.425+0000] {logging_mixin.py:188} INFO - [2026-05-13T15:56:38.424+0000] {dagbag.py:540} INFO - Filling up the DagBag from /opt/airflow/dags/inegi_playwright_dag.py
[2026-05-13T15:56:38.474+0000] {processor.py:840} INFO - DAG(s) 'inegi_playwright' retrieved from /opt/airflow/dags/inegi_playwright_dag.py
[2026-05-13T15:56:38.543+0000] {logging_mixin.py:188} INFO - [2026-05-13T15:56:38.543+0000] {dag.py:3047} INFO - Sync 1 DAGs
[2026-05-13T15:56:38.610+0000] {logging_mixin.py:188} INFO - [2026-05-13T15:56:38.610+0000] {dag.py:3834} INFO - Setting next_dagrun for inegi_playwright to 2026-05-13 00:00:00+00:00, run_after=2026-05-14 00:00:00+00:00
[2026-05-13T15:56:38.671+0000] {processor.py:183} INFO - Processing /opt/airflow/dags/inegi_playwright_dag.py took 0.263 seconds
[2026-05-13T15:57:09.423+0000] {processor.py:161} INFO - Started process (PID=3512) to work on /opt/airflow/dags/inegi_playwright_dag.py
[2026-05-13T15:57:09.441+0000] {processor.py:830} INFO - Processing file /opt/airflow/dags/inegi_playwright_dag.py for tasks to queue
[2026-05-13T15:57:09.459+0000] {logging_mixin.py:188} INFO - [2026-05-13T15:57:09.458+0000] {dagbag.py:540} INFO - Filling up the DagBag from /opt/airflow/dags/inegi_playwright_dag.py
[2026-05-13T15:57:09.517+0000] {processor.py:840} INFO - DAG(s) 'inegi_playwright' retrieved from /opt/airflow/dags/inegi_playwright_dag.py
[2026-05-13T15:57:09.586+0000] {logging_mixin.py:188} INFO - [2026-05-13T15:57:09.585+0000] {dag.py:3047} INFO - Sync 1 DAGs
[2026-05-13T15:57:09.648+0000] {logging_mixin.py:188} INFO - [2026-05-13T15:57:09.648+0000] {dag.py:3834} INFO - Setting next_dagrun for inegi_playwright to 2026-05-13 00:00:00+00:00, run_after=2026-05-14 00:00:00+00:00
[2026-05-13T15:57:09.701+0000] {processor.py:183} INFO - Processing /opt/airflow/dags/inegi_playwright_dag.py took 0.308 seconds
[2026-05-13T15:57:40.941+0000] {processor.py:161} INFO - Started process (PID=3542) to work on /opt/airflow/dags/inegi_playwright_dag.py
[2026-05-13T15:57:40.944+0000] {processor.py:830} INFO - Processing file /opt/airflow/dags/inegi_playwright_dag.py for tasks to queue
[2026-05-13T15:57:40.948+0000] {logging_mixin.py:188} INFO - [2026-05-13T15:57:40.946+0000] {dagbag.py:540} INFO - Filling up the DagBag from /opt/airflow/dags/inegi_playwright_dag.py
[2026-05-13T15:57:40.986+0000] {processor.py:840} INFO - DAG(s) 'inegi_playwright' retrieved from /opt/airflow/dags/inegi_playwright_dag.py
[2026-05-13T15:57:41.055+0000] {logging_mixin.py:188} INFO - [2026-05-13T15:57:41.055+0000] {dag.py:3047} INFO - Sync 1 DAGs
[2026-05-13T15:57:41.128+0000] {logging_mixin.py:188} INFO - [2026-05-13T15:57:41.128+0000] {dag.py:3834} INFO - Setting next_dagrun for inegi_playwright to 2026-05-13 00:00:00+00:00, run_after=2026-05-14 00:00:00+00:00
[2026-05-13T15:57:41.207+0000] {processor.py:183} INFO - Processing /opt/airflow/dags/inegi_playwright_dag.py took 0.274 seconds
[2026-05-13T15:58:11.507+0000] {processor.py:161} INFO - Started process (PID=3572) to work on /opt/airflow/dags/inegi_playwright_dag.py
[2026-05-13T15:58:11.511+0000] {processor.py:830} INFO - Processing file /opt/airflow/dags/inegi_playwright_dag.py for tasks to queue
[2026-05-13T15:58:11.513+0000] {logging_mixin.py:188} INFO - [2026-05-13T15:58:11.513+0000] {dagbag.py:540} INFO - Filling up the DagBag from /opt/airflow/dags/inegi_playwright_dag.py
[2026-05-13T15:58:11.556+0000] {processor.py:840} INFO - DAG(s) 'inegi_playwright' retrieved from /opt/airflow/dags/inegi_playwright_dag.py
[2026-05-13T15:58:11.634+0000] {logging_mixin.py:188} INFO - [2026-05-13T15:58:11.634+0000] {dag.py:3047} INFO - Sync 1 DAGs
[2026-05-13T15:58:11.690+0000] {logging_mixin.py:188} INFO - [2026-05-13T15:58:11.690+0000] {dag.py:3834} INFO - Setting next_dagrun for inegi_playwright to 2026-05-13 00:00:00+00:00, run_after=2026-05-14 00:00:00+00:00
[2026-05-13T15:58:11.740+0000] {processor.py:183} INFO - Processing /opt/airflow/dags/inegi_playwright_dag.py took 0.244 seconds
[2026-05-13T15:58:42.481+0000] {processor.py:161} INFO - Started process (PID=3602) to work on /opt/airflow/dags/inegi_playwright_dag.py
[2026-05-13T15:58:42.484+0000] {processor.py:830} INFO - Processing file /opt/airflow/dags/inegi_playwright_dag.py for tasks to queue
[2026-05-13T15:58:42.487+0000] {logging_mixin.py:188} INFO - [2026-05-13T15:58:42.486+0000] {dagbag.py:540} INFO - Filling up the DagBag from /opt/airflow/dags/inegi_playwright_dag.py
[2026-05-13T15:58:42.525+0000] {processor.py:840} INFO - DAG(s) 'inegi_playwright' retrieved from /opt/airflow/dags/inegi_playwright_dag.py
[2026-05-13T15:58:42.593+0000] {logging_mixin.py:188} INFO - [2026-05-13T15:58:42.592+0000] {dag.py:3047} INFO - Sync 1 DAGs
[2026-05-13T15:58:42.650+0000] {logging_mixin.py:188} INFO - [2026-05-13T15:58:42.650+0000] {dag.py:3834} INFO - Setting next_dagrun for inegi_playwright to 2026-05-13 00:00:00+00:00, run_after=2026-05-14 00:00:00+00:00
[2026-05-13T15:58:42.699+0000] {processor.py:183} INFO - Processing /opt/airflow/dags/inegi_playwright_dag.py took 0.226 seconds
[2026-05-13T15:59:13.784+0000] {processor.py:161} INFO - Started process (PID=3632) to work on /opt/airflow/dags/inegi_playwright_dag.py
[2026-05-13T15:59:13.805+0000] {processor.py:830} INFO - Processing file /opt/airflow/dags/inegi_playwright_dag.py for tasks to queue
[2026-05-13T15:59:13.815+0000] {logging_mixin.py:188} INFO - [2026-05-13T15:59:13.814+0000] {dagbag.py:540} INFO - Filling up the DagBag from /opt/airflow/dags/inegi_playwright_dag.py
[2026-05-13T15:59:13.898+0000] {processor.py:840} INFO - DAG(s) 'inegi_playwright' retrieved from /opt/airflow/dags/inegi_playwright_dag.py
[2026-05-13T15:59:13.968+0000] {logging_mixin.py:188} INFO - [2026-05-13T15:59:13.967+0000] {dag.py:3047} INFO - Sync 1 DAGs
[2026-05-13T15:59:14.026+0000] {logging_mixin.py:188} INFO - [2026-05-13T15:59:14.025+0000] {dag.py:3834} INFO - Setting next_dagrun for inegi_playwright to 2026-05-13 00:00:00+00:00, run_after=2026-05-14 00:00:00+00:00
[2026-05-13T15:59:14.075+0000] {processor.py:183} INFO - Processing /opt/airflow/dags/inegi_playwright_dag.py took 0.301 seconds
[2026-05-13T15:59:44.219+0000] {processor.py:161} INFO - Started process (PID=3662) to work on /opt/airflow/dags/inegi_playwright_dag.py
[2026-05-13T15:59:44.222+0000] {processor.py:830} INFO - Processing file /opt/airflow/dags/inegi_playwright_dag.py for tasks to queue
[2026-05-13T15:59:44.225+0000] {logging_mixin.py:188} INFO - [2026-05-13T15:59:44.224+0000] {dagbag.py:540} INFO - Filling up the DagBag from /opt/airflow/dags/inegi_playwright_dag.py
[2026-05-13T15:59:44.264+0000] {processor.py:840} INFO - DAG(s) 'inegi_playwright' retrieved from /opt/airflow/dags/inegi_playwright_dag.py
[2026-05-13T15:59:44.335+0000] {logging_mixin.py:188} INFO - [2026-05-13T15:59:44.335+0000] {dag.py:3047} INFO - Sync 1 DAGs
[2026-05-13T15:59:44.392+0000] {logging_mixin.py:188} INFO - [2026-05-13T15:59:44.392+0000] {dag.py:3834} INFO - Setting next_dagrun for inegi_playwright to 2026-05-13 00:00:00+00:00, run_after=2026-05-14 00:00:00+00:00
[2026-05-13T15:59:44.448+0000] {processor.py:183} INFO - Processing /opt/airflow/dags/inegi_playwright_dag.py took 0.241 seconds
[2026-05-13T16:00:14.663+0000] {processor.py:161} INFO - Started process (PID=3692) to work on /opt/airflow/dags/inegi_playwright_dag.py
[2026-05-13T16:00:14.666+0000] {processor.py:830} INFO - Processing file /opt/airflow/dags/inegi_playwright_dag.py for tasks to queue
[2026-05-13T16:00:14.669+0000] {logging_mixin.py:188} INFO - [2026-05-13T16:00:14.668+0000] {dagbag.py:540} INFO - Filling up the DagBag from /opt/airflow/dags/inegi_playwright_dag.py
[2026-05-13T16:00:14.708+0000] {processor.py:840} INFO - DAG(s) 'inegi_playwright' retrieved from /opt/airflow/dags/inegi_playwright_dag.py
[2026-05-13T16:00:14.872+0000] {logging_mixin.py:188} INFO - [2026-05-13T16:00:14.872+0000] {dag.py:3047} INFO - Sync 1 DAGs
[2026-05-13T16:00:15.049+0000] {logging_mixin.py:188} INFO - [2026-05-13T16:00:15.048+0000] {dag.py:3834} INFO - Setting next_dagrun for inegi_playwright to 2026-05-13 00:00:00+00:00, run_after=2026-05-14 00:00:00+00:00
[2026-05-13T16:00:15.188+0000] {processor.py:183} INFO - Processing /opt/airflow/dags/inegi_playwright_dag.py took 0.535 seconds
[2026-05-13T16:00:45.843+0000] {processor.py:161} INFO - Started process (PID=3722) to work on /opt/airflow/dags/inegi_playwright_dag.py
[2026-05-13T16:00:45.846+0000] {processor.py:830} INFO - Processing file /opt/airflow/dags/inegi_playwright_dag.py for tasks to queue
[2026-05-13T16:00:45.849+0000] {logging_mixin.py:188} INFO - [2026-05-13T16:00:45.848+0000] {dagbag.py:540} INFO - Filling up the DagBag from /opt/airflow/dags/inegi_playwright_dag.py
[2026-05-13T16:00:45.891+0000] {processor.py:840} INFO - DAG(s) 'inegi_playwright' retrieved from /opt/airflow/dags/inegi_playwright_dag.py
[2026-05-13T16:00:45.962+0000] {logging_mixin.py:188} INFO - [2026-05-13T16:00:45.962+0000] {dag.py:3047} INFO - Sync 1 DAGs
[2026-05-13T16:00:46.020+0000] {logging_mixin.py:188} INFO - [2026-05-13T16:00:46.019+0000] {dag.py:3834} INFO - Setting next_dagrun for inegi_playwright to 2026-05-13 00:00:00+00:00, run_after=2026-05-14 00:00:00+00:00
[2026-05-13T16:00:46.070+0000] {processor.py:183} INFO - Processing /opt/airflow/dags/inegi_playwright_dag.py took 0.237 seconds
[2026-05-13T16:01:16.770+0000] {processor.py:161} INFO - Started process (PID=3752) to work on /opt/airflow/dags/inegi_playwright_dag.py
[2026-05-13T16:01:16.773+0000] {processor.py:830} INFO - Processing file /opt/airflow/dags/inegi_playwright_dag.py for tasks to queue
[2026-05-13T16:01:16.776+0000] {logging_mixin.py:188} INFO - [2026-05-13T16:01:16.775+0000] {dagbag.py:540} INFO - Filling up the DagBag from /opt/airflow/dags/inegi_playwright_dag.py
[2026-05-13T16:01:16.812+0000] {processor.py:840} INFO - DAG(s) 'inegi_playwright' retrieved from /opt/airflow/dags/inegi_playwright_dag.py
[2026-05-13T16:01:16.884+0000] {logging_mixin.py:188} INFO - [2026-05-13T16:01:16.884+0000] {dag.py:3047} INFO - Sync 1 DAGs
[2026-05-13T16:01:16.940+0000] {logging_mixin.py:188} INFO - [2026-05-13T16:01:16.940+0000] {dag.py:3834} INFO - Setting next_dagrun for inegi_playwright to 2026-05-13 00:00:00+00:00, run_after=2026-05-14 00:00:00+00:00
[2026-05-13T16:01:16.997+0000] {processor.py:183} INFO - Processing /opt/airflow/dags/inegi_playwright_dag.py took 0.237 seconds
[2026-05-13T16:01:47.366+0000] {processor.py:161} INFO - Started process (PID=3782) to work on /opt/airflow/dags/inegi_playwright_dag.py
[2026-05-13T16:01:47.370+0000] {processor.py:830} INFO - Processing file /opt/airflow/dags/inegi_playwright_dag.py for tasks to queue
[2026-05-13T16:01:47.373+0000] {logging_mixin.py:188} INFO - [2026-05-13T16:01:47.372+0000] {dagbag.py:540} INFO - Filling up the DagBag from /opt/airflow/dags/inegi_playwright_dag.py
[2026-05-13T16:01:47.438+0000] {processor.py:840} INFO - DAG(s) 'inegi_playwright' retrieved from /opt/airflow/dags/inegi_playwright_dag.py
[2026-05-13T16:01:47.509+0000] {logging_mixin.py:188} INFO - [2026-05-13T16:01:47.509+0000] {dag.py:3047} INFO - Sync 1 DAGs
[2026-05-13T16:01:47.570+0000] {logging_mixin.py:188} INFO - [2026-05-13T16:01:47.569+0000] {dag.py:3834} INFO - Setting next_dagrun for inegi_playwright to 2026-05-13 00:00:00+00:00, run_after=2026-05-14 00:00:00+00:00
[2026-05-13T16:01:47.622+0000] {processor.py:183} INFO - Processing /opt/airflow/dags/inegi_playwright_dag.py took 0.267 seconds
[2026-05-13T16:02:17.988+0000] {processor.py:161} INFO - Started process (PID=3812) to work on /opt/airflow/dags/inegi_playwright_dag.py
[2026-05-13T16:02:17.992+0000] {processor.py:830} INFO - Processing file /opt/airflow/dags/inegi_playwright_dag.py for tasks to queue
[2026-05-13T16:02:17.994+0000] {logging_mixin.py:188} INFO - [2026-05-13T16:02:17.994+0000] {dagbag.py:540} INFO - Filling up the DagBag from /opt/airflow/dags/inegi_playwright_dag.py
[2026-05-13T16:02:18.034+0000] {processor.py:840} INFO - DAG(s) 'inegi_playwright' retrieved from /opt/airflow/dags/inegi_playwright_dag.py
[2026-05-13T16:02:18.103+0000] {logging_mixin.py:188} INFO - [2026-05-13T16:02:18.103+0000] {dag.py:3047} INFO - Sync 1 DAGs
[2026-05-13T16:02:18.290+0000] {logging_mixin.py:188} INFO - [2026-05-13T16:02:18.289+0000] {dag.py:3834} INFO - Setting next_dagrun for inegi_playwright to 2026-05-13 00:00:00+00:00, run_after=2026-05-14 00:00:00+00:00
[2026-05-13T16:02:18.448+0000] {processor.py:183} INFO - Processing /opt/airflow/dags/inegi_playwright_dag.py took 0.474 seconds
[2026-05-13T16:02:48.987+0000] {processor.py:161} INFO - Started process (PID=3842) to work on /opt/airflow/dags/inegi_playwright_dag.py
[2026-05-13T16:02:48.990+0000] {processor.py:830} INFO - Processing file /opt/airflow/dags/inegi_playwright_dag.py for tasks to queue
[2026-05-13T16:02:48.993+0000] {logging_mixin.py:188} INFO - [2026-05-13T16:02:48.992+0000] {dagbag.py:540} INFO - Filling up the DagBag from /opt/airflow/dags/inegi_playwright_dag.py
[2026-05-13T16:02:49.029+0000] {processor.py:840} INFO - DAG(s) 'inegi_playwright' retrieved from /opt/airflow/dags/inegi_playwright_dag.py
[2026-05-13T16:02:49.097+0000] {logging_mixin.py:188} INFO - [2026-05-13T16:02:49.097+0000] {dag.py:3047} INFO - Sync 1 DAGs
[2026-05-13T16:02:49.153+0000] {logging_mixin.py:188} INFO - [2026-05-13T16:02:49.153+0000] {dag.py:3834} INFO - Setting next_dagrun for inegi_playwright to 2026-05-13 00:00:00+00:00, run_after=2026-05-14 00:00:00+00:00
[2026-05-13T16:02:49.206+0000] {processor.py:183} INFO - Processing /opt/airflow/dags/inegi_playwright_dag.py took 0.230 seconds
[2026-05-13T16:03:19.866+0000] {processor.py:161} INFO - Started process (PID=3872) to work on /opt/airflow/dags/inegi_playwright_dag.py
[2026-05-13T16:03:19.870+0000] {processor.py:830} INFO - Processing file /opt/airflow/dags/inegi_playwright_dag.py for tasks to queue
[2026-05-13T16:03:19.873+0000] {logging_mixin.py:188} INFO - [2026-05-13T16:03:19.872+0000] {dagbag.py:540} INFO - Filling up the DagBag from /opt/airflow/dags/inegi_playwright_dag.py
[2026-05-13T16:03:19.913+0000] {processor.py:840} INFO - DAG(s) 'inegi_playwright' retrieved from /opt/airflow/dags/inegi_playwright_dag.py
[2026-05-13T16:03:19.987+0000] {logging_mixin.py:188} INFO - [2026-05-13T16:03:19.986+0000] {dag.py:3047} INFO - Sync 1 DAGs
[2026-05-13T16:03:20.044+0000] {logging_mixin.py:188} INFO - [2026-05-13T16:03:20.043+0000] {dag.py:3834} INFO - Setting next_dagrun for inegi_playwright to 2026-05-13 00:00:00+00:00, run_after=2026-05-14 00:00:00+00:00
[2026-05-13T16:03:20.093+0000] {processor.py:183} INFO - Processing /opt/airflow/dags/inegi_playwright_dag.py took 0.237 seconds
[2026-05-13T16:03:51.269+0000] {processor.py:161} INFO - Started process (PID=3902) to work on /opt/airflow/dags/inegi_playwright_dag.py
[2026-05-13T16:03:51.286+0000] {processor.py:830} INFO - Processing file /opt/airflow/dags/inegi_playwright_dag.py for tasks to queue
[2026-05-13T16:03:51.301+0000] {logging_mixin.py:188} INFO - [2026-05-13T16:03:51.300+0000] {dagbag.py:540} INFO - Filling up the DagBag from /opt/airflow/dags/inegi_playwright_dag.py
[2026-05-13T16:03:51.354+0000] {processor.py:840} INFO - DAG(s) 'inegi_playwright' retrieved from /opt/airflow/dags/inegi_playwright_dag.py
[2026-05-13T16:03:51.430+0000] {logging_mixin.py:188} INFO - [2026-05-13T16:03:51.429+0000] {dag.py:3047} INFO - Sync 1 DAGs
[2026-05-13T16:03:51.486+0000] {logging_mixin.py:188} INFO - [2026-05-13T16:03:51.486+0000] {dag.py:3834} INFO - Setting next_dagrun for inegi_playwright to 2026-05-13 00:00:00+00:00, run_after=2026-05-14 00:00:00+00:00
[2026-05-13T16:03:51.535+0000] {processor.py:183} INFO - Processing /opt/airflow/dags/inegi_playwright_dag.py took 0.275 seconds
[2026-05-13T16:04:22.322+0000] {processor.py:161} INFO - Started process (PID=3932) to work on /opt/airflow/dags/inegi_playwright_dag.py
[2026-05-13T16:04:22.325+0000] {processor.py:830} INFO - Processing file /opt/airflow/dags/inegi_playwright_dag.py for tasks to queue
[2026-05-13T16:04:22.329+0000] {logging_mixin.py:188} INFO - [2026-05-13T16:04:22.328+0000] {dagbag.py:540} INFO - Filling up the DagBag from /opt/airflow/dags/inegi_playwright_dag.py
[2026-05-13T16:04:22.534+0000] {processor.py:840} INFO - DAG(s) 'inegi_playwright' retrieved from /opt/airflow/dags/inegi_playwright_dag.py
[2026-05-13T16:04:22.763+0000] {logging_mixin.py:188} INFO - [2026-05-13T16:04:22.763+0000] {dag.py:3047} INFO - Sync 1 DAGs
[2026-05-13T16:04:22.958+0000] {logging_mixin.py:188} INFO - [2026-05-13T16:04:22.957+0000] {dag.py:3834} INFO - Setting next_dagrun for inegi_playwright to 2026-05-13 00:00:00+00:00, run_after=2026-05-14 00:00:00+00:00
[2026-05-13T16:04:23.053+0000] {processor.py:183} INFO - Processing /opt/airflow/dags/inegi_playwright_dag.py took 0.742 seconds
[2026-05-13T16:04:53.566+0000] {processor.py:161} INFO - Started process (PID=3962) to work on /opt/airflow/dags/inegi_playwright_dag.py
[2026-05-13T16:04:53.569+0000] {processor.py:830} INFO - Processing file /opt/airflow/dags/inegi_playwright_dag.py for tasks to queue
[2026-05-13T16:04:53.572+0000] {logging_mixin.py:188} INFO - [2026-05-13T16:04:53.571+0000] {dagbag.py:540} INFO - Filling up the DagBag from /opt/airflow/dags/inegi_playwright_dag.py
[2026-05-13T16:04:53.611+0000] {processor.py:840} INFO - DAG(s) 'inegi_playwright' retrieved from /opt/airflow/dags/inegi_playwright_dag.py
[2026-05-13T16:04:53.679+0000] {logging_mixin.py:188} INFO - [2026-05-13T16:04:53.678+0000] {dag.py:3047} INFO - Sync 1 DAGs
[2026-05-13T16:04:53.737+0000] {logging_mixin.py:188} INFO - [2026-05-13T16:04:53.736+0000] {dag.py:3834} INFO - Setting next_dagrun for inegi_playwright to 2026-05-13 00:00:00+00:00, run_after=2026-05-14 00:00:00+00:00
[2026-05-13T16:04:53.785+0000] {processor.py:183} INFO - Processing /opt/airflow/dags/inegi_playwright_dag.py took 0.230 seconds
[2026-05-13T16:05:24.558+0000] {processor.py:161} INFO - Started process (PID=3992) to work on /opt/airflow/dags/inegi_playwright_dag.py
[2026-05-13T16:05:24.561+0000] {processor.py:830} INFO - Processing file /opt/airflow/dags/inegi_playwright_dag.py for tasks to queue
[2026-05-13T16:05:24.564+0000] {logging_mixin.py:188} INFO - [2026-05-13T16:05:24.563+0000] {dagbag.py:540} INFO - Filling up the DagBag from /opt/airflow/dags/inegi_playwright_dag.py
[2026-05-13T16:05:24.602+0000] {processor.py:840} INFO - DAG(s) 'inegi_playwright' retrieved from /opt/airflow/dags/inegi_playwright_dag.py
[2026-05-13T16:05:24.668+0000] {logging_mixin.py:188} INFO - [2026-05-13T16:05:24.667+0000] {dag.py:3047} INFO - Sync 1 DAGs
[2026-05-13T16:05:24.724+0000] {logging_mixin.py:188} INFO - [2026-05-13T16:05:24.723+0000] {dag.py:3834} INFO - Setting next_dagrun for inegi_playwright to 2026-05-13 00:00:00+00:00, run_after=2026-05-14 00:00:00+00:00
[2026-05-13T16:05:24.773+0000] {processor.py:183} INFO - Processing /opt/airflow/dags/inegi_playwright_dag.py took 0.224 seconds
[2026-05-13T16:05:55.105+0000] {processor.py:161} INFO - Started process (PID=4022) to work on /opt/airflow/dags/inegi_playwright_dag.py
[2026-05-13T16:05:55.109+0000] {processor.py:830} INFO - Processing file /opt/airflow/dags/inegi_playwright_dag.py for tasks to queue
[2026-05-13T16:05:55.112+0000] {logging_mixin.py:188} INFO - [2026-05-13T16:05:55.111+0000] {dagbag.py:540} INFO - Filling up the DagBag from /opt/airflow/dags/inegi_playwright_dag.py
[2026-05-13T16:05:55.177+0000] {processor.py:840} INFO - DAG(s) 'inegi_playwright' retrieved from /opt/airflow/dags/inegi_playwright_dag.py
[2026-05-13T16:05:55.314+0000] {logging_mixin.py:188} INFO - [2026-05-13T16:05:55.314+0000] {dag.py:3047} INFO - Sync 1 DAGs
[2026-05-13T16:05:55.371+0000] {logging_mixin.py:188} INFO - [2026-05-13T16:05:55.371+0000] {dag.py:3834} INFO - Setting next_dagrun for inegi_playwright to 2026-05-13 00:00:00+00:00, run_after=2026-05-14 00:00:00+00:00
[2026-05-13T16:05:55.420+0000] {processor.py:183} INFO - Processing /opt/airflow/dags/inegi_playwright_dag.py took 0.340 seconds
[2026-05-13T16:06:26.097+0000] {processor.py:161} INFO - Started process (PID=4052) to work on /opt/airflow/dags/inegi_playwright_dag.py
[2026-05-13T16:06:26.100+0000] {processor.py:830} INFO - Processing file /opt/airflow/dags/inegi_playwright_dag.py for tasks to queue
[2026-05-13T16:06:26.102+0000] {logging_mixin.py:188} INFO - [2026-05-13T16:06:26.101+0000] {dagbag.py:540} INFO - Filling up the DagBag from /opt/airflow/dags/inegi_playwright_dag.py
[2026-05-13T16:06:26.141+0000] {processor.py:840} INFO - DAG(s) 'inegi_playwright' retrieved from /opt/airflow/dags/inegi_playwright_dag.py
[2026-05-13T16:06:26.207+0000] {logging_mixin.py:188} INFO - [2026-05-13T16:06:26.206+0000] {dag.py:3047} INFO - Sync 1 DAGs
[2026-05-13T16:06:26.264+0000] {logging_mixin.py:188} INFO - [2026-05-13T16:06:26.263+0000] {dag.py:3834} INFO - Setting next_dagrun for inegi_playwright to 2026-05-13 00:00:00+00:00, run_after=2026-05-14 00:00:00+00:00
[2026-05-13T16:06:26.317+0000] {processor.py:183} INFO - Processing /opt/airflow/dags/inegi_playwright_dag.py took 0.229 seconds
[2026-05-13T16:06:56.715+0000] {processor.py:161} INFO - Started process (PID=4082) to work on /opt/airflow/dags/inegi_playwright_dag.py
[2026-05-13T16:06:56.718+0000] {processor.py:830} INFO - Processing file /opt/airflow/dags/inegi_playwright_dag.py for tasks to queue
[2026-05-13T16:06:56.721+0000] {logging_mixin.py:188} INFO - [2026-05-13T16:06:56.720+0000] {dagbag.py:540} INFO - Filling up the DagBag from /opt/airflow/dags/inegi_playwright_dag.py
[2026-05-13T16:06:56.758+0000] {processor.py:840} INFO - DAG(s) 'inegi_playwright' retrieved from /opt/airflow/dags/inegi_playwright_dag.py
[2026-05-13T16:06:56.827+0000] {logging_mixin.py:188} INFO - [2026-05-13T16:06:56.826+0000] {dag.py:3047} INFO - Sync 1 DAGs
[2026-05-13T16:06:56.884+0000] {logging_mixin.py:188} INFO - [2026-05-13T16:06:56.884+0000] {dag.py:3834} INFO - Setting next_dagrun for inegi_playwright to 2026-05-13 00:00:00+00:00, run_after=2026-05-14 00:00:00+00:00
[2026-05-13T16:06:56.932+0000] {processor.py:183} INFO - Processing /opt/airflow/dags/inegi_playwright_dag.py took 0.228 seconds
[2026-05-13T16:07:27.983+0000] {processor.py:161} INFO - Started process (PID=4112) to work on /opt/airflow/dags/inegi_playwright_dag.py
[2026-05-13T16:07:27.987+0000] {processor.py:830} INFO - Processing file /opt/airflow/dags/inegi_playwright_dag.py for tasks to queue
[2026-05-13T16:07:27.991+0000] {logging_mixin.py:188} INFO - [2026-05-13T16:07:27.990+0000] {dagbag.py:540} INFO - Filling up the DagBag from /opt/airflow/dags/inegi_playwright_dag.py
[2026-05-13T16:07:28.051+0000] {processor.py:840} INFO - DAG(s) 'inegi_playwright' retrieved from /opt/airflow/dags/inegi_playwright_dag.py
[2026-05-13T16:07:28.118+0000] {logging_mixin.py:188} INFO - [2026-05-13T16:07:28.118+0000] {dag.py:3047} INFO - Sync 1 DAGs
[2026-05-13T16:07:28.174+0000] {logging_mixin.py:188} INFO - [2026-05-13T16:07:28.173+0000] {dag.py:3834} INFO - Setting next_dagrun for inegi_playwright to 2026-05-13 00:00:00+00:00, run_after=2026-05-14 00:00:00+00:00
[2026-05-13T16:07:28.221+0000] {processor.py:183} INFO - Processing /opt/airflow/dags/inegi_playwright_dag.py took 0.247 seconds
[2026-05-13T16:07:58.402+0000] {processor.py:161} INFO - Started process (PID=4142) to work on /opt/airflow/dags/inegi_playwright_dag.py
[2026-05-13T16:07:58.406+0000] {processor.py:830} INFO - Processing file /opt/airflow/dags/inegi_playwright_dag.py for tasks to queue
[2026-05-13T16:07:58.409+0000] {logging_mixin.py:188} INFO - [2026-05-13T16:07:58.408+0000] {dagbag.py:540} INFO - Filling up the DagBag from /opt/airflow/dags/inegi_playwright_dag.py
[2026-05-13T16:07:58.451+0000] {processor.py:840} INFO - DAG(s) 'inegi_playwright' retrieved from /opt/airflow/dags/inegi_playwright_dag.py
[2026-05-13T16:07:58.522+0000] {logging_mixin.py:188} INFO - [2026-05-13T16:07:58.522+0000] {dag.py:3047} INFO - Sync 1 DAGs
[2026-05-13T16:07:58.584+0000] {logging_mixin.py:188} INFO - [2026-05-13T16:07:58.583+0000] {dag.py:3834} INFO - Setting next_dagrun for inegi_playwright to 2026-05-13 00:00:00+00:00, run_after=2026-05-14 00:00:00+00:00
[2026-05-13T16:07:58.654+0000] {processor.py:183} INFO - Processing /opt/airflow/dags/inegi_playwright_dag.py took 0.262 seconds
[2026-05-13T16:08:29.402+0000] {processor.py:161} INFO - Started process (PID=4172) to work on /opt/airflow/dags/inegi_playwright_dag.py
[2026-05-13T16:08:29.406+0000] {processor.py:830} INFO - Processing file /opt/airflow/dags/inegi_playwright_dag.py for tasks to queue
[2026-05-13T16:08:29.408+0000] {logging_mixin.py:188} INFO - [2026-05-13T16:08:29.408+0000] {dagbag.py:540} INFO - Filling up the DagBag from /opt/airflow/dags/inegi_playwright_dag.py
[2026-05-13T16:08:29.445+0000] {processor.py:840} INFO - DAG(s) 'inegi_playwright' retrieved from /opt/airflow/dags/inegi_playwright_dag.py
[2026-05-13T16:08:29.514+0000] {logging_mixin.py:188} INFO - [2026-05-13T16:08:29.513+0000] {dag.py:3047} INFO - Sync 1 DAGs
[2026-05-13T16:08:29.572+0000] {logging_mixin.py:188} INFO - [2026-05-13T16:08:29.572+0000] {dag.py:3834} INFO - Setting next_dagrun for inegi_playwright to 2026-05-13 00:00:00+00:00, run_after=2026-05-14 00:00:00+00:00
[2026-05-13T16:08:29.621+0000] {processor.py:183} INFO - Processing /opt/airflow/dags/inegi_playwright_dag.py took 0.229 seconds
[2026-05-13T16:09:00.330+0000] {processor.py:161} INFO - Started process (PID=4202) to work on /opt/airflow/dags/inegi_playwright_dag.py
[2026-05-13T16:09:00.333+0000] {processor.py:830} INFO - Processing file /opt/airflow/dags/inegi_playwright_dag.py for tasks to queue
[2026-05-13T16:09:00.339+0000] {logging_mixin.py:188} INFO - [2026-05-13T16:09:00.336+0000] {dagbag.py:540} INFO - Filling up the DagBag from /opt/airflow/dags/inegi_playwright_dag.py
[2026-05-13T16:09:00.376+0000] {processor.py:840} INFO - DAG(s) 'inegi_playwright' retrieved from /opt/airflow/dags/inegi_playwright_dag.py
[2026-05-13T16:09:00.442+0000] {logging_mixin.py:188} INFO - [2026-05-13T16:09:00.441+0000] {dag.py:3047} INFO - Sync 1 DAGs
[2026-05-13T16:09:00.498+0000] {logging_mixin.py:188} INFO - [2026-05-13T16:09:00.498+0000] {dag.py:3834} INFO - Setting next_dagrun for inegi_playwright to 2026-05-13 00:00:00+00:00, run_after=2026-05-14 00:00:00+00:00
[2026-05-13T16:09:00.546+0000] {processor.py:183} INFO - Processing /opt/airflow/dags/inegi_playwright_dag.py took 0.226 seconds
[2026-05-13T16:09:30.854+0000] {processor.py:161} INFO - Started process (PID=4232) to work on /opt/airflow/dags/inegi_playwright_dag.py
[2026-05-13T16:09:30.858+0000] {processor.py:830} INFO - Processing file /opt/airflow/dags/inegi_playwright_dag.py for tasks to queue
[2026-05-13T16:09:30.861+0000] {logging_mixin.py:188} INFO - [2026-05-13T16:09:30.860+0000] {dagbag.py:540} INFO - Filling up the DagBag from /opt/airflow/dags/inegi_playwright_dag.py
[2026-05-13T16:09:30.903+0000] {processor.py:840} INFO - DAG(s) 'inegi_playwright' retrieved from /opt/airflow/dags/inegi_playwright_dag.py
[2026-05-13T16:09:30.974+0000] {logging_mixin.py:188} INFO - [2026-05-13T16:09:30.973+0000] {dag.py:3047} INFO - Sync 1 DAGs
[2026-05-13T16:09:31.033+0000] {logging_mixin.py:188} INFO - [2026-05-13T16:09:31.032+0000] {dag.py:3834} INFO - Setting next_dagrun for inegi_playwright to 2026-05-13 00:00:00+00:00, run_after=2026-05-14 00:00:00+00:00
[2026-05-13T16:09:31.087+0000] {processor.py:183} INFO - Processing /opt/airflow/dags/inegi_playwright_dag.py took 0.247 seconds
[2026-05-13T16:10:01.850+0000] {processor.py:161} INFO - Started process (PID=4262) to work on /opt/airflow/dags/inegi_playwright_dag.py
[2026-05-13T16:10:01.854+0000] {processor.py:830} INFO - Processing file /opt/airflow/dags/inegi_playwright_dag.py for tasks to queue
[2026-05-13T16:10:01.857+0000] {logging_mixin.py:188} INFO - [2026-05-13T16:10:01.856+0000] {dagbag.py:540} INFO - Filling up the DagBag from /opt/airflow/dags/inegi_playwright_dag.py
[2026-05-13T16:10:01.901+0000] {processor.py:840} INFO - DAG(s) 'inegi_playwright' retrieved from /opt/airflow/dags/inegi_playwright_dag.py
[2026-05-13T16:10:01.966+0000] {logging_mixin.py:188} INFO - [2026-05-13T16:10:01.966+0000] {dag.py:3047} INFO - Sync 1 DAGs
[2026-05-13T16:10:02.022+0000] {logging_mixin.py:188} INFO - [2026-05-13T16:10:02.021+0000] {dag.py:3834} INFO - Setting next_dagrun for inegi_playwright to 2026-05-13 00:00:00+00:00, run_after=2026-05-14 00:00:00+00:00
[2026-05-13T16:10:02.069+0000] {processor.py:183} INFO - Processing /opt/airflow/dags/inegi_playwright_dag.py took 0.229 seconds
[2026-05-13T16:10:32.253+0000] {processor.py:161} INFO - Started process (PID=4292) to work on /opt/airflow/dags/inegi_playwright_dag.py
[2026-05-13T16:10:32.256+0000] {processor.py:830} INFO - Processing file /opt/airflow/dags/inegi_playwright_dag.py for tasks to queue
[2026-05-13T16:10:32.259+0000] {logging_mixin.py:188} INFO - [2026-05-13T16:10:32.258+0000] {dagbag.py:540} INFO - Filling up the DagBag from /opt/airflow/dags/inegi_playwright_dag.py
[2026-05-13T16:10:32.305+0000] {processor.py:840} INFO - DAG(s) 'inegi_playwright' retrieved from /opt/airflow/dags/inegi_playwright_dag.py
[2026-05-13T16:10:32.375+0000] {logging_mixin.py:188} INFO - [2026-05-13T16:10:32.374+0000] {dag.py:3047} INFO - Sync 1 DAGs
[2026-05-13T16:10:32.446+0000] {logging_mixin.py:188} INFO - [2026-05-13T16:10:32.444+0000] {dag.py:3834} INFO - Setting next_dagrun for inegi_playwright to 2026-05-13 00:00:00+00:00, run_after=2026-05-14 00:00:00+00:00
[2026-05-13T16:10:32.589+0000] {processor.py:183} INFO - Processing /opt/airflow/dags/inegi_playwright_dag.py took 0.348 seconds
[2026-05-13T16:11:03.076+0000] {processor.py:161} INFO - Started process (PID=4322) to work on /opt/airflow/dags/inegi_playwright_dag.py
[2026-05-13T16:11:03.079+0000] {processor.py:830} INFO - Processing file /opt/airflow/dags/inegi_playwright_dag.py for tasks to queue
[2026-05-13T16:11:03.082+0000] {logging_mixin.py:188} INFO - [2026-05-13T16:11:03.081+0000] {dagbag.py:540} INFO - Filling up the DagBag from /opt/airflow/dags/inegi_playwright_dag.py
[2026-05-13T16:11:03.121+0000] {processor.py:840} INFO - DAG(s) 'inegi_playwright' retrieved from /opt/airflow/dags/inegi_playwright_dag.py
[2026-05-13T16:11:03.186+0000] {logging_mixin.py:188} INFO - [2026-05-13T16:11:03.186+0000] {dag.py:3047} INFO - Sync 1 DAGs
[2026-05-13T16:11:03.245+0000] {logging_mixin.py:188} INFO - [2026-05-13T16:11:03.244+0000] {dag.py:3834} INFO - Setting next_dagrun for inegi_playwright to 2026-05-13 00:00:00+00:00, run_after=2026-05-14 00:00:00+00:00
[2026-05-13T16:11:03.293+0000] {processor.py:183} INFO - Processing /opt/airflow/dags/inegi_playwright_dag.py took 0.225 seconds
[2026-05-13T16:11:33.432+0000] {processor.py:161} INFO - Started process (PID=4352) to work on /opt/airflow/dags/inegi_playwright_dag.py
[2026-05-13T16:11:33.434+0000] {processor.py:830} INFO - Processing file /opt/airflow/dags/inegi_playwright_dag.py for tasks to queue
[2026-05-13T16:11:33.437+0000] {logging_mixin.py:188} INFO - [2026-05-13T16:11:33.436+0000] {dagbag.py:540} INFO - Filling up the DagBag from /opt/airflow/dags/inegi_playwright_dag.py
[2026-05-13T16:11:33.479+0000] {processor.py:840} INFO - DAG(s) 'inegi_playwright' retrieved from /opt/airflow/dags/inegi_playwright_dag.py
[2026-05-13T16:11:33.551+0000] {logging_mixin.py:188} INFO - [2026-05-13T16:11:33.550+0000] {dag.py:3047} INFO - Sync 1 DAGs
[2026-05-13T16:11:33.607+0000] {logging_mixin.py:188} INFO - [2026-05-13T16:11:33.606+0000] {dag.py:3834} INFO - Setting next_dagrun for inegi_playwright to 2026-05-13 00:00:00+00:00, run_after=2026-05-14 00:00:00+00:00
[2026-05-13T16:11:33.653+0000] {processor.py:183} INFO - Processing /opt/airflow/dags/inegi_playwright_dag.py took 0.233 seconds
[2026-05-13T16:12:04.249+0000] {processor.py:161} INFO - Started process (PID=4382) to work on /opt/airflow/dags/inegi_playwright_dag.py
[2026-05-13T16:12:04.253+0000] {processor.py:830} INFO - Processing file /opt/airflow/dags/inegi_playwright_dag.py for tasks to queue
[2026-05-13T16:12:04.256+0000] {logging_mixin.py:188} INFO - [2026-05-13T16:12:04.255+0000] {dagbag.py:540} INFO - Filling up the DagBag from /opt/airflow/dags/inegi_playwright_dag.py
[2026-05-13T16:12:04.294+0000] {processor.py:840} INFO - DAG(s) 'inegi_playwright' retrieved from /opt/airflow/dags/inegi_playwright_dag.py
[2026-05-13T16:12:04.365+0000] {logging_mixin.py:188} INFO - [2026-05-13T16:12:04.364+0000] {dag.py:3047} INFO - Sync 1 DAGs
[2026-05-13T16:12:04.461+0000] {logging_mixin.py:188} INFO - [2026-05-13T16:12:04.460+0000] {dag.py:3834} INFO - Setting next_dagrun for inegi_playwright to 2026-05-13 00:00:00+00:00, run_after=2026-05-14 00:00:00+00:00
[2026-05-13T16:12:04.589+0000] {processor.py:183} INFO - Processing /opt/airflow/dags/inegi_playwright_dag.py took 0.351 seconds
[2026-05-13T16:12:34.943+0000] {processor.py:161} INFO - Started process (PID=4412) to work on /opt/airflow/dags/inegi_playwright_dag.py
[2026-05-13T16:12:34.947+0000] {processor.py:830} INFO - Processing file /opt/airflow/dags/inegi_playwright_dag.py for tasks to queue
[2026-05-13T16:12:34.950+0000] {logging_mixin.py:188} INFO - [2026-05-13T16:12:34.949+0000] {dagbag.py:540} INFO - Filling up the DagBag from /opt/airflow/dags/inegi_playwright_dag.py
[2026-05-13T16:12:34.991+0000] {processor.py:840} INFO - DAG(s) 'inegi_playwright' retrieved from /opt/airflow/dags/inegi_playwright_dag.py
[2026-05-13T16:12:35.070+0000] {logging_mixin.py:188} INFO - [2026-05-13T16:12:35.069+0000] {dag.py:3047} INFO - Sync 1 DAGs
[2026-05-13T16:12:35.126+0000] {logging_mixin.py:188} INFO - [2026-05-13T16:12:35.125+0000] {dag.py:3834} INFO - Setting next_dagrun for inegi_playwright to 2026-05-13 00:00:00+00:00, run_after=2026-05-14 00:00:00+00:00
[2026-05-13T16:12:35.176+0000] {processor.py:183} INFO - Processing /opt/airflow/dags/inegi_playwright_dag.py took 0.242 seconds
[2026-05-13T16:13:05.821+0000] {processor.py:161} INFO - Started process (PID=4442) to work on /opt/airflow/dags/inegi_playwright_dag.py
[2026-05-13T16:13:05.824+0000] {processor.py:830} INFO - Processing file /opt/airflow/dags/inegi_playwright_dag.py for tasks to queue
[2026-05-13T16:13:05.827+0000] {logging_mixin.py:188} INFO - [2026-05-13T16:13:05.826+0000] {dagbag.py:540} INFO - Filling up the DagBag from /opt/airflow/dags/inegi_playwright_dag.py
[2026-05-13T16:13:05.870+0000] {processor.py:840} INFO - DAG(s) 'inegi_playwright' retrieved from /opt/airflow/dags/inegi_playwright_dag.py
[2026-05-13T16:13:06.049+0000] {logging_mixin.py:188} INFO - [2026-05-13T16:13:06.049+0000] {dag.py:3047} INFO - Sync 1 DAGs
[2026-05-13T16:13:06.227+0000] {logging_mixin.py:188} INFO - [2026-05-13T16:13:06.227+0000] {dag.py:3834} INFO - Setting next_dagrun for inegi_playwright to 2026-05-13 00:00:00+00:00, run_after=2026-05-14 00:00:00+00:00
[2026-05-13T16:13:06.367+0000] {processor.py:183} INFO - Processing /opt/airflow/dags/inegi_playwright_dag.py took 0.557 seconds
[2026-05-13T16:13:36.617+0000] {processor.py:161} INFO - Started process (PID=4472) to work on /opt/airflow/dags/inegi_playwright_dag.py
[2026-05-13T16:13:36.620+0000] {processor.py:830} INFO - Processing file /opt/airflow/dags/inegi_playwright_dag.py for tasks to queue
[2026-05-13T16:13:36.623+0000] {logging_mixin.py:188} INFO - [2026-05-13T16:13:36.622+0000] {dagbag.py:540} INFO - Filling up the DagBag from /opt/airflow/dags/inegi_playwright_dag.py
[2026-05-13T16:13:36.663+0000] {processor.py:840} INFO - DAG(s) 'inegi_playwright' retrieved from /opt/airflow/dags/inegi_playwright_dag.py
[2026-05-13T16:13:36.734+0000] {logging_mixin.py:188} INFO - [2026-05-13T16:13:36.733+0000] {dag.py:3047} INFO - Sync 1 DAGs
[2026-05-13T16:13:36.791+0000] {logging_mixin.py:188} INFO - [2026-05-13T16:13:36.791+0000] {dag.py:3834} INFO - Setting next_dagrun for inegi_playwright to 2026-05-13 00:00:00+00:00, run_after=2026-05-14 00:00:00+00:00
[2026-05-13T16:13:36.842+0000] {processor.py:183} INFO - Processing /opt/airflow/dags/inegi_playwright_dag.py took 0.236 seconds
[2026-05-13T16:14:07.114+0000] {processor.py:161} INFO - Started process (PID=4502) to work on /opt/airflow/dags/inegi_playwright_dag.py
[2026-05-13T16:14:07.123+0000] {processor.py:830} INFO - Processing file /opt/airflow/dags/inegi_playwright_dag.py for tasks to queue
[2026-05-13T16:14:07.126+0000] {logging_mixin.py:188} INFO - [2026-05-13T16:14:07.125+0000] {dagbag.py:540} INFO - Filling up the DagBag from /opt/airflow/dags/inegi_playwright_dag.py
[2026-05-13T16:14:07.162+0000] {processor.py:840} INFO - DAG(s) 'inegi_playwright' retrieved from /opt/airflow/dags/inegi_playwright_dag.py
[2026-05-13T16:14:07.232+0000] {logging_mixin.py:188} INFO - [2026-05-13T16:14:07.232+0000] {dag.py:3047} INFO - Sync 1 DAGs
[2026-05-13T16:14:07.291+0000] {logging_mixin.py:188} INFO - [2026-05-13T16:14:07.290+0000] {dag.py:3834} INFO - Setting next_dagrun for inegi_playwright to 2026-05-13 00:00:00+00:00, run_after=2026-05-14 00:00:00+00:00
[2026-05-13T16:14:07.339+0000] {processor.py:183} INFO - Processing /opt/airflow/dags/inegi_playwright_dag.py took 0.239 seconds
[2026-05-13T16:14:38.200+0000] {processor.py:161} INFO - Started process (PID=4532) to work on /opt/airflow/dags/inegi_playwright_dag.py
[2026-05-13T16:14:38.203+0000] {processor.py:830} INFO - Processing file /opt/airflow/dags/inegi_playwright_dag.py for tasks to queue
[2026-05-13T16:14:38.206+0000] {logging_mixin.py:188} INFO - [2026-05-13T16:14:38.205+0000] {dagbag.py:540} INFO - Filling up the DagBag from /opt/airflow/dags/inegi_playwright_dag.py
[2026-05-13T16:14:38.249+0000] {processor.py:840} INFO - DAG(s) 'inegi_playwright' retrieved from /opt/airflow/dags/inegi_playwright_dag.py
[2026-05-13T16:14:38.317+0000] {logging_mixin.py:188} INFO - [2026-05-13T16:14:38.316+0000] {dag.py:3047} INFO - Sync 1 DAGs
[2026-05-13T16:14:38.380+0000] {logging_mixin.py:188} INFO - [2026-05-13T16:14:38.379+0000] {dag.py:3834} INFO - Setting next_dagrun for inegi_playwright to 2026-05-13 00:00:00+00:00, run_after=2026-05-14 00:00:00+00:00
[2026-05-13T16:14:38.455+0000] {processor.py:183} INFO - Processing /opt/airflow/dags/inegi_playwright_dag.py took 0.264 seconds
[2026-05-13T16:15:08.696+0000] {processor.py:161} INFO - Started process (PID=4562) to work on /opt/airflow/dags/inegi_playwright_dag.py
[2026-05-13T16:15:08.700+0000] {processor.py:830} INFO - Processing file /opt/airflow/dags/inegi_playwright_dag.py for tasks to queue
[2026-05-13T16:15:08.703+0000] {logging_mixin.py:188} INFO - [2026-05-13T16:15:08.702+0000] {dagbag.py:540} INFO - Filling up the DagBag from /opt/airflow/dags/inegi_playwright_dag.py
[2026-05-13T16:15:08.752+0000] {processor.py:840} INFO - DAG(s) 'inegi_playwright' retrieved from /opt/airflow/dags/inegi_playwright_dag.py
[2026-05-13T16:15:08.829+0000] {logging_mixin.py:188} INFO - [2026-05-13T16:15:08.828+0000] {dag.py:3047} INFO - Sync 1 DAGs
[2026-05-13T16:15:08.889+0000] {logging_mixin.py:188} INFO - [2026-05-13T16:15:08.888+0000] {dag.py:3834} INFO - Setting next_dagrun for inegi_playwright to 2026-05-13 00:00:00+00:00, run_after=2026-05-14 00:00:00+00:00
[2026-05-13T16:15:08.935+0000] {processor.py:183} INFO - Processing /opt/airflow/dags/inegi_playwright_dag.py took 0.249 seconds
[2026-05-13T16:15:39.576+0000] {processor.py:161} INFO - Started process (PID=4592) to work on /opt/airflow/dags/inegi_playwright_dag.py
[2026-05-13T16:15:39.579+0000] {processor.py:830} INFO - Processing file /opt/airflow/dags/inegi_playwright_dag.py for tasks to queue
[2026-05-13T16:15:39.582+0000] {logging_mixin.py:188} INFO - [2026-05-13T16:15:39.581+0000] {dagbag.py:540} INFO - Filling up the DagBag from /opt/airflow/dags/inegi_playwright_dag.py
[2026-05-13T16:15:39.625+0000] {processor.py:840} INFO - DAG(s) 'inegi_playwright' retrieved from /opt/airflow/dags/inegi_playwright_dag.py
[2026-05-13T16:15:39.698+0000] {logging_mixin.py:188} INFO - [2026-05-13T16:15:39.697+0000] {dag.py:3047} INFO - Sync 1 DAGs
[2026-05-13T16:15:39.755+0000] {logging_mixin.py:188} INFO - [2026-05-13T16:15:39.754+0000] {dag.py:3834} INFO - Setting next_dagrun for inegi_playwright to 2026-05-13 00:00:00+00:00, run_after=2026-05-14 00:00:00+00:00
[2026-05-13T16:15:39.802+0000] {processor.py:183} INFO - Processing /opt/airflow/dags/inegi_playwright_dag.py took 0.244 seconds
[2026-05-13T16:16:10.786+0000] {processor.py:161} INFO - Started process (PID=4622) to work on /opt/airflow/dags/inegi_playwright_dag.py
[2026-05-13T16:16:10.789+0000] {processor.py:830} INFO - Processing file /opt/airflow/dags/inegi_playwright_dag.py for tasks to queue
[2026-05-13T16:16:10.792+0000] {logging_mixin.py:188} INFO - [2026-05-13T16:16:10.791+0000] {dagbag.py:540} INFO - Filling up the DagBag from /opt/airflow/dags/inegi_playwright_dag.py
[2026-05-13T16:16:10.831+0000] {processor.py:840} INFO - DAG(s) 'inegi_playwright' retrieved from /opt/airflow/dags/inegi_playwright_dag.py
[2026-05-13T16:16:11.025+0000] {logging_mixin.py:188} INFO - [2026-05-13T16:16:11.025+0000] {dag.py:3047} INFO - Sync 1 DAGs
[2026-05-13T16:16:11.180+0000] {logging_mixin.py:188} INFO - [2026-05-13T16:16:11.179+0000] {dag.py:3834} INFO - Setting next_dagrun for inegi_playwright to 2026-05-13 00:00:00+00:00, run_after=2026-05-14 00:00:00+00:00
[2026-05-13T16:16:11.381+0000] {processor.py:183} INFO - Processing /opt/airflow/dags/inegi_playwright_dag.py took 0.606 seconds
[2026-05-13T16:16:41.607+0000] {processor.py:161} INFO - Started process (PID=4652) to work on /opt/airflow/dags/inegi_playwright_dag.py
[2026-05-13T16:16:41.613+0000] {processor.py:830} INFO - Processing file /opt/airflow/dags/inegi_playwright_dag.py for tasks to queue
[2026-05-13T16:16:41.618+0000] {logging_mixin.py:188} INFO - [2026-05-13T16:16:41.617+0000] {dagbag.py:540} INFO - Filling up the DagBag from /opt/airflow/dags/inegi_playwright_dag.py
[2026-05-13T16:16:41.706+0000] {processor.py:840} INFO - DAG(s) 'inegi_playwright' retrieved from /opt/airflow/dags/inegi_playwright_dag.py
[2026-05-13T16:16:41.939+0000] {logging_mixin.py:188} INFO - [2026-05-13T16:16:41.938+0000] {dag.py:3047} INFO - Sync 1 DAGs
[2026-05-13T16:16:42.020+0000] {logging_mixin.py:188} INFO - [2026-05-13T16:16:42.018+0000] {dag.py:3834} INFO - Setting next_dagrun for inegi_playwright to 2026-05-13 00:00:00+00:00, run_after=2026-05-14 00:00:00+00:00
[2026-05-13T16:16:42.067+0000] {processor.py:183} INFO - Processing /opt/airflow/dags/inegi_playwright_dag.py took 0.483 seconds
[2026-05-13T16:17:12.647+0000] {processor.py:161} INFO - Started process (PID=4682) to work on /opt/airflow/dags/inegi_playwright_dag.py
[2026-05-13T16:17:12.650+0000] {processor.py:830} INFO - Processing file /opt/airflow/dags/inegi_playwright_dag.py for tasks to queue
[2026-05-13T16:17:12.653+0000] {logging_mixin.py:188} INFO - [2026-05-13T16:17:12.652+0000] {dagbag.py:540} INFO - Filling up the DagBag from /opt/airflow/dags/inegi_playwright_dag.py
[2026-05-13T16:17:12.694+0000] {processor.py:840} INFO - DAG(s) 'inegi_playwright' retrieved from /opt/airflow/dags/inegi_playwright_dag.py
[2026-05-13T16:17:12.764+0000] {logging_mixin.py:188} INFO - [2026-05-13T16:17:12.763+0000] {dag.py:3047} INFO - Sync 1 DAGs
[2026-05-13T16:17:12.821+0000] {logging_mixin.py:188} INFO - [2026-05-13T16:17:12.820+0000] {dag.py:3834} INFO - Setting next_dagrun for inegi_playwright to 2026-05-13 00:00:00+00:00, run_after=2026-05-14 00:00:00+00:00
[2026-05-13T16:17:12.871+0000] {processor.py:183} INFO - Processing /opt/airflow/dags/inegi_playwright_dag.py took 0.234 seconds
[2026-05-13T16:17:43.441+0000] {processor.py:161} INFO - Started process (PID=4712) to work on /opt/airflow/dags/inegi_playwright_dag.py
[2026-05-13T16:17:43.450+0000] {processor.py:830} INFO - Processing file /opt/airflow/dags/inegi_playwright_dag.py for tasks to queue
[2026-05-13T16:17:43.453+0000] {logging_mixin.py:188} INFO - [2026-05-13T16:17:43.452+0000] {dagbag.py:540} INFO - Filling up the DagBag from /opt/airflow/dags/inegi_playwright_dag.py
[2026-05-13T16:17:43.498+0000] {processor.py:840} INFO - DAG(s) 'inegi_playwright' retrieved from /opt/airflow/dags/inegi_playwright_dag.py
[2026-05-13T16:17:43.565+0000] {logging_mixin.py:188} INFO - [2026-05-13T16:17:43.564+0000] {dag.py:3047} INFO - Sync 1 DAGs
[2026-05-13T16:17:43.623+0000] {logging_mixin.py:188} INFO - [2026-05-13T16:17:43.622+0000] {dag.py:3834} INFO - Setting next_dagrun for inegi_playwright to 2026-05-13 00:00:00+00:00, run_after=2026-05-14 00:00:00+00:00
[2026-05-13T16:17:43.672+0000] {processor.py:183} INFO - Processing /opt/airflow/dags/inegi_playwright_dag.py took 0.245 seconds
[2026-05-13T16:18:14.050+0000] {processor.py:161} INFO - Started process (PID=4742) to work on /opt/airflow/dags/inegi_playwright_dag.py
[2026-05-13T16:18:14.053+0000] {processor.py:830} INFO - Processing file /opt/airflow/dags/inegi_playwright_dag.py for tasks to queue
[2026-05-13T16:18:14.056+0000] {logging_mixin.py:188} INFO - [2026-05-13T16:18:14.055+0000] {dagbag.py:540} INFO - Filling up the DagBag from /opt/airflow/dags/inegi_playwright_dag.py
[2026-05-13T16:18:14.092+0000] {processor.py:840} INFO - DAG(s) 'inegi_playwright' retrieved from /opt/airflow/dags/inegi_playwright_dag.py
[2026-05-13T16:18:14.166+0000] {logging_mixin.py:188} INFO - [2026-05-13T16:18:14.165+0000] {dag.py:3047} INFO - Sync 1 DAGs
[2026-05-13T16:18:14.221+0000] {logging_mixin.py:188} INFO - [2026-05-13T16:18:14.221+0000] {dag.py:3834} INFO - Setting next_dagrun for inegi_playwright to 2026-05-13 00:00:00+00:00, run_after=2026-05-14 00:00:00+00:00
[2026-05-13T16:18:14.271+0000] {processor.py:183} INFO - Processing /opt/airflow/dags/inegi_playwright_dag.py took 0.232 seconds
[2026-05-13T16:18:44.394+0000] {processor.py:161} INFO - Started process (PID=4772) to work on /opt/airflow/dags/inegi_playwright_dag.py
[2026-05-13T16:18:44.398+0000] {processor.py:830} INFO - Processing file /opt/airflow/dags/inegi_playwright_dag.py for tasks to queue
[2026-05-13T16:18:44.403+0000] {logging_mixin.py:188} INFO - [2026-05-13T16:18:44.402+0000] {dagbag.py:540} INFO - Filling up the DagBag from /opt/airflow/dags/inegi_playwright_dag.py
[2026-05-13T16:18:44.439+0000] {processor.py:840} INFO - DAG(s) 'inegi_playwright' retrieved from /opt/airflow/dags/inegi_playwright_dag.py
[2026-05-13T16:18:44.503+0000] {logging_mixin.py:188} INFO - [2026-05-13T16:18:44.503+0000] {dag.py:3047} INFO - Sync 1 DAGs
[2026-05-13T16:18:44.561+0000] {logging_mixin.py:188} INFO - [2026-05-13T16:18:44.561+0000] {dag.py:3834} INFO - Setting next_dagrun for inegi_playwright to 2026-05-13 00:00:00+00:00, run_after=2026-05-14 00:00:00+00:00
[2026-05-13T16:18:44.617+0000] {processor.py:183} INFO - Processing /opt/airflow/dags/inegi_playwright_dag.py took 0.232 seconds
[2026-05-13T16:19:14.795+0000] {processor.py:161} INFO - Started process (PID=4802) to work on /opt/airflow/dags/inegi_playwright_dag.py
[2026-05-13T16:19:14.798+0000] {processor.py:830} INFO - Processing file /opt/airflow/dags/inegi_playwright_dag.py for tasks to queue
[2026-05-13T16:19:14.801+0000] {logging_mixin.py:188} INFO - [2026-05-13T16:19:14.800+0000] {dagbag.py:540} INFO - Filling up the DagBag from /opt/airflow/dags/inegi_playwright_dag.py
[2026-05-13T16:19:14.840+0000] {processor.py:840} INFO - DAG(s) 'inegi_playwright' retrieved from /opt/airflow/dags/inegi_playwright_dag.py
[2026-05-13T16:19:15.017+0000] {logging_mixin.py:188} INFO - [2026-05-13T16:19:15.017+0000] {dag.py:3047} INFO - Sync 1 DAGs
[2026-05-13T16:19:15.177+0000] {logging_mixin.py:188} INFO - [2026-05-13T16:19:15.176+0000] {dag.py:3834} INFO - Setting next_dagrun for inegi_playwright to 2026-05-13 00:00:00+00:00, run_after=2026-05-14 00:00:00+00:00
[2026-05-13T16:19:15.317+0000] {processor.py:183} INFO - Processing /opt/airflow/dags/inegi_playwright_dag.py took 0.532 seconds
[2026-05-13T16:19:45.578+0000] {processor.py:161} INFO - Started process (PID=4832) to work on /opt/airflow/dags/inegi_playwright_dag.py
[2026-05-13T16:19:45.583+0000] {processor.py:830} INFO - Processing file /opt/airflow/dags/inegi_playwright_dag.py for tasks to queue
[2026-05-13T16:19:45.586+0000] {logging_mixin.py:188} INFO - [2026-05-13T16:19:45.585+0000] {dagbag.py:540} INFO - Filling up the DagBag from /opt/airflow/dags/inegi_playwright_dag.py
[2026-05-13T16:19:45.626+0000] {processor.py:840} INFO - DAG(s) 'inegi_playwright' retrieved from /opt/airflow/dags/inegi_playwright_dag.py
[2026-05-13T16:19:45.704+0000] {logging_mixin.py:188} INFO - [2026-05-13T16:19:45.703+0000] {dag.py:3047} INFO - Sync 1 DAGs
[2026-05-13T16:19:45.769+0000] {logging_mixin.py:188} INFO - [2026-05-13T16:19:45.768+0000] {dag.py:3834} INFO - Setting next_dagrun for inegi_playwright to 2026-05-13 00:00:00+00:00, run_after=2026-05-14 00:00:00+00:00
[2026-05-13T16:19:45.817+0000] {processor.py:183} INFO - Processing /opt/airflow/dags/inegi_playwright_dag.py took 0.251 seconds
[2026-05-13T16:20:16.136+0000] {processor.py:161} INFO - Started process (PID=4862) to work on /opt/airflow/dags/inegi_playwright_dag.py
[2026-05-13T16:20:16.139+0000] {processor.py:830} INFO - Processing file /opt/airflow/dags/inegi_playwright_dag.py for tasks to queue
[2026-05-13T16:20:16.142+0000] {logging_mixin.py:188} INFO - [2026-05-13T16:20:16.141+0000] {dagbag.py:540} INFO - Filling up the DagBag from /opt/airflow/dags/inegi_playwright_dag.py
[2026-05-13T16:20:16.193+0000] {processor.py:840} INFO - DAG(s) 'inegi_playwright' retrieved from /opt/airflow/dags/inegi_playwright_dag.py
[2026-05-13T16:20:16.264+0000] {logging_mixin.py:188} INFO - [2026-05-13T16:20:16.263+0000] {dag.py:3047} INFO - Sync 1 DAGs
[2026-05-13T16:20:16.323+0000] {logging_mixin.py:188} INFO - [2026-05-13T16:20:16.322+0000] {dag.py:3834} INFO - Setting next_dagrun for inegi_playwright to 2026-05-13 00:00:00+00:00, run_after=2026-05-14 00:00:00+00:00
[2026-05-13T16:20:16.372+0000] {processor.py:183} INFO - Processing /opt/airflow/dags/inegi_playwright_dag.py took 0.247 seconds
[2026-05-13T16:20:46.770+0000] {processor.py:161} INFO - Started process (PID=4892) to work on /opt/airflow/dags/inegi_playwright_dag.py
[2026-05-13T16:20:46.773+0000] {processor.py:830} INFO - Processing file /opt/airflow/dags/inegi_playwright_dag.py for tasks to queue
[2026-05-13T16:20:46.776+0000] {logging_mixin.py:188} INFO - [2026-05-13T16:20:46.775+0000] {dagbag.py:540} INFO - Filling up the DagBag from /opt/airflow/dags/inegi_playwright_dag.py
[2026-05-13T16:20:46.812+0000] {processor.py:840} INFO - DAG(s) 'inegi_playwright' retrieved from /opt/airflow/dags/inegi_playwright_dag.py
[2026-05-13T16:20:46.882+0000] {logging_mixin.py:188} INFO - [2026-05-13T16:20:46.882+0000] {dag.py:3047} INFO - Sync 1 DAGs
[2026-05-13T16:20:46.945+0000] {logging_mixin.py:188} INFO - [2026-05-13T16:20:46.945+0000] {dag.py:3834} INFO - Setting next_dagrun for inegi_playwright to 2026-05-13 00:00:00+00:00, run_after=2026-05-14 00:00:00+00:00
[2026-05-13T16:20:46.995+0000] {processor.py:183} INFO - Processing /opt/airflow/dags/inegi_playwright_dag.py took 0.236 seconds
[2026-05-13T16:21:17.720+0000] {processor.py:161} INFO - Started process (PID=4922) to work on /opt/airflow/dags/inegi_playwright_dag.py
[2026-05-13T16:21:17.724+0000] {processor.py:830} INFO - Processing file /opt/airflow/dags/inegi_playwright_dag.py for tasks to queue
[2026-05-13T16:21:17.728+0000] {logging_mixin.py:188} INFO - [2026-05-13T16:21:17.727+0000] {dagbag.py:540} INFO - Filling up the DagBag from /opt/airflow/dags/inegi_playwright_dag.py
[2026-05-13T16:21:17.777+0000] {processor.py:840} INFO - DAG(s) 'inegi_playwright' retrieved from /opt/airflow/dags/inegi_playwright_dag.py
[2026-05-13T16:21:17.851+0000] {logging_mixin.py:188} INFO - [2026-05-13T16:21:17.850+0000] {dag.py:3047} INFO - Sync 1 DAGs
[2026-05-13T16:21:17.908+0000] {logging_mixin.py:188} INFO - [2026-05-13T16:21:17.907+0000] {dag.py:3834} INFO - Setting next_dagrun for inegi_playwright to 2026-05-13 00:00:00+00:00, run_after=2026-05-14 00:00:00+00:00
[2026-05-13T16:21:17.997+0000] {processor.py:183} INFO - Processing /opt/airflow/dags/inegi_playwright_dag.py took 0.287 seconds
[2026-05-13T16:21:48.840+0000] {processor.py:161} INFO - Started process (PID=4952) to work on /opt/airflow/dags/inegi_playwright_dag.py
[2026-05-13T16:21:48.854+0000] {processor.py:830} INFO - Processing file /opt/airflow/dags/inegi_playwright_dag.py for tasks to queue
[2026-05-13T16:21:48.867+0000] {logging_mixin.py:188} INFO - [2026-05-13T16:21:48.864+0000] {dagbag.py:540} INFO - Filling up the DagBag from /opt/airflow/dags/inegi_playwright_dag.py
[2026-05-13T16:21:48.939+0000] {processor.py:840} INFO - DAG(s) 'inegi_playwright' retrieved from /opt/airflow/dags/inegi_playwright_dag.py
[2026-05-13T16:21:49.037+0000] {logging_mixin.py:188} INFO - [2026-05-13T16:21:49.036+0000] {dag.py:3047} INFO - Sync 1 DAGs
[2026-05-13T16:21:49.142+0000] {logging_mixin.py:188} INFO - [2026-05-13T16:21:49.142+0000] {dag.py:3834} INFO - Setting next_dagrun for inegi_playwright to 2026-05-13 00:00:00+00:00, run_after=2026-05-14 00:00:00+00:00
[2026-05-13T16:21:49.207+0000] {processor.py:183} INFO - Processing /opt/airflow/dags/inegi_playwright_dag.py took 0.382 seconds
[2026-05-13T16:22:20.233+0000] {processor.py:161} INFO - Started process (PID=4982) to work on /opt/airflow/dags/inegi_playwright_dag.py
[2026-05-13T16:22:20.236+0000] {processor.py:830} INFO - Processing file /opt/airflow/dags/inegi_playwright_dag.py for tasks to queue
[2026-05-13T16:22:20.239+0000] {logging_mixin.py:188} INFO - [2026-05-13T16:22:20.238+0000] {dagbag.py:540} INFO - Filling up the DagBag from /opt/airflow/dags/inegi_playwright_dag.py
[2026-05-13T16:22:20.276+0000] {processor.py:840} INFO - DAG(s) 'inegi_playwright' retrieved from /opt/airflow/dags/inegi_playwright_dag.py
[2026-05-13T16:22:20.341+0000] {logging_mixin.py:188} INFO - [2026-05-13T16:22:20.341+0000] {dag.py:3047} INFO - Sync 1 DAGs
[2026-05-13T16:22:20.397+0000] {logging_mixin.py:188} INFO - [2026-05-13T16:22:20.397+0000] {dag.py:3834} INFO - Setting next_dagrun for inegi_playwright to 2026-05-13 00:00:00+00:00, run_after=2026-05-14 00:00:00+00:00
[2026-05-13T16:22:20.449+0000] {processor.py:183} INFO - Processing /opt/airflow/dags/inegi_playwright_dag.py took 0.224 seconds
[2026-05-13T16:22:50.840+0000] {processor.py:161} INFO - Started process (PID=5012) to work on /opt/airflow/dags/inegi_playwright_dag.py
[2026-05-13T16:22:50.844+0000] {processor.py:830} INFO - Processing file /opt/airflow/dags/inegi_playwright_dag.py for tasks to queue
[2026-05-13T16:22:50.848+0000] {logging_mixin.py:188} INFO - [2026-05-13T16:22:50.847+0000] {dagbag.py:540} INFO - Filling up the DagBag from /opt/airflow/dags/inegi_playwright_dag.py
[2026-05-13T16:22:50.899+0000] {processor.py:840} INFO - DAG(s) 'inegi_playwright' retrieved from /opt/airflow/dags/inegi_playwright_dag.py
[2026-05-13T16:22:51.055+0000] {logging_mixin.py:188} INFO - [2026-05-13T16:22:51.054+0000] {dag.py:3047} INFO - Sync 1 DAGs
[2026-05-13T16:22:51.137+0000] {logging_mixin.py:188} INFO - [2026-05-13T16:22:51.136+0000] {dag.py:3834} INFO - Setting next_dagrun for inegi_playwright to 2026-05-13 00:00:00+00:00, run_after=2026-05-14 00:00:00+00:00
[2026-05-13T16:22:51.246+0000] {processor.py:183} INFO - Processing /opt/airflow/dags/inegi_playwright_dag.py took 0.426 seconds
[2026-05-13T16:23:21.554+0000] {processor.py:161} INFO - Started process (PID=5042) to work on /opt/airflow/dags/inegi_playwright_dag.py
[2026-05-13T16:23:21.558+0000] {processor.py:830} INFO - Processing file /opt/airflow/dags/inegi_playwright_dag.py for tasks to queue
[2026-05-13T16:23:21.563+0000] {logging_mixin.py:188} INFO - [2026-05-13T16:23:21.561+0000] {dagbag.py:540} INFO - Filling up the DagBag from /opt/airflow/dags/inegi_playwright_dag.py
[2026-05-13T16:23:21.624+0000] {processor.py:840} INFO - DAG(s) 'inegi_playwright' retrieved from /opt/airflow/dags/inegi_playwright_dag.py
[2026-05-13T16:23:21.705+0000] {logging_mixin.py:188} INFO - [2026-05-13T16:23:21.705+0000] {dag.py:3047} INFO - Sync 1 DAGs
[2026-05-13T16:23:21.773+0000] {logging_mixin.py:188} INFO - [2026-05-13T16:23:21.772+0000] {dag.py:3834} INFO - Setting next_dagrun for inegi_playwright to 2026-05-13 00:00:00+00:00, run_after=2026-05-14 00:00:00+00:00
[2026-05-13T16:23:21.875+0000] {processor.py:183} INFO - Processing /opt/airflow/dags/inegi_playwright_dag.py took 0.334 seconds
[2026-05-13T16:23:52.405+0000] {processor.py:161} INFO - Started process (PID=5072) to work on /opt/airflow/dags/inegi_playwright_dag.py
[2026-05-13T16:23:52.408+0000] {processor.py:830} INFO - Processing file /opt/airflow/dags/inegi_playwright_dag.py for tasks to queue
[2026-05-13T16:23:52.411+0000] {logging_mixin.py:188} INFO - [2026-05-13T16:23:52.410+0000] {dagbag.py:540} INFO - Filling up the DagBag from /opt/airflow/dags/inegi_playwright_dag.py
[2026-05-13T16:23:52.450+0000] {processor.py:840} INFO - DAG(s) 'inegi_playwright' retrieved from /opt/airflow/dags/inegi_playwright_dag.py
[2026-05-13T16:23:52.516+0000] {logging_mixin.py:188} INFO - [2026-05-13T16:23:52.516+0000] {dag.py:3047} INFO - Sync 1 DAGs
[2026-05-13T16:23:52.573+0000] {logging_mixin.py:188} INFO - [2026-05-13T16:23:52.572+0000] {dag.py:3834} INFO - Setting next_dagrun for inegi_playwright to 2026-05-13 00:00:00+00:00, run_after=2026-05-14 00:00:00+00:00
[2026-05-13T16:23:52.623+0000] {processor.py:183} INFO - Processing /opt/airflow/dags/inegi_playwright_dag.py took 0.226 seconds
[2026-05-13T16:24:22.869+0000] {processor.py:161} INFO - Started process (PID=5102) to work on /opt/airflow/dags/inegi_playwright_dag.py
[2026-05-13T16:24:22.873+0000] {processor.py:830} INFO - Processing file /opt/airflow/dags/inegi_playwright_dag.py for tasks to queue
[2026-05-13T16:24:22.877+0000] {logging_mixin.py:188} INFO - [2026-05-13T16:24:22.876+0000] {dagbag.py:540} INFO - Filling up the DagBag from /opt/airflow/dags/inegi_playwright_dag.py
[2026-05-13T16:24:22.928+0000] {processor.py:840} INFO - DAG(s) 'inegi_playwright' retrieved from /opt/airflow/dags/inegi_playwright_dag.py
[2026-05-13T16:24:23.049+0000] {logging_mixin.py:188} INFO - [2026-05-13T16:24:23.048+0000] {dag.py:3047} INFO - Sync 1 DAGs
[2026-05-13T16:24:23.162+0000] {logging_mixin.py:188} INFO - [2026-05-13T16:24:23.161+0000] {dag.py:3834} INFO - Setting next_dagrun for inegi_playwright to 2026-05-13 00:00:00+00:00, run_after=2026-05-14 00:00:00+00:00
[2026-05-13T16:24:23.244+0000] {processor.py:183} INFO - Processing /opt/airflow/dags/inegi_playwright_dag.py took 0.398 seconds
[2026-05-13T16:24:54.079+0000] {processor.py:161} INFO - Started process (PID=5132) to work on /opt/airflow/dags/inegi_playwright_dag.py
[2026-05-13T16:24:54.084+0000] {processor.py:830} INFO - Processing file /opt/airflow/dags/inegi_playwright_dag.py for tasks to queue
[2026-05-13T16:24:54.088+0000] {logging_mixin.py:188} INFO - [2026-05-13T16:24:54.087+0000] {dagbag.py:540} INFO - Filling up the DagBag from /opt/airflow/dags/inegi_playwright_dag.py
[2026-05-13T16:24:54.308+0000] {processor.py:840} INFO - DAG(s) 'inegi_playwright' retrieved from /opt/airflow/dags/inegi_playwright_dag.py
[2026-05-13T16:24:54.416+0000] {logging_mixin.py:188} INFO - [2026-05-13T16:24:54.415+0000] {dag.py:3047} INFO - Sync 1 DAGs
[2026-05-13T16:24:54.527+0000] {logging_mixin.py:188} INFO - [2026-05-13T16:24:54.527+0000] {dag.py:3834} INFO - Setting next_dagrun for inegi_playwright to 2026-05-13 00:00:00+00:00, run_after=2026-05-14 00:00:00+00:00
[2026-05-13T16:24:54.748+0000] {processor.py:183} INFO - Processing /opt/airflow/dags/inegi_playwright_dag.py took 0.681 seconds
[2026-05-13T16:25:25.240+0000] {processor.py:161} INFO - Started process (PID=5162) to work on /opt/airflow/dags/inegi_playwright_dag.py
[2026-05-13T16:25:25.245+0000] {processor.py:830} INFO - Processing file /opt/airflow/dags/inegi_playwright_dag.py for tasks to queue
[2026-05-13T16:25:25.249+0000] {logging_mixin.py:188} INFO - [2026-05-13T16:25:25.247+0000] {dagbag.py:540} INFO - Filling up the DagBag from /opt/airflow/dags/inegi_playwright_dag.py
[2026-05-13T16:25:25.333+0000] {processor.py:840} INFO - DAG(s) 'inegi_playwright' retrieved from /opt/airflow/dags/inegi_playwright_dag.py
[2026-05-13T16:25:25.425+0000] {logging_mixin.py:188} INFO - [2026-05-13T16:25:25.424+0000] {dag.py:3047} INFO - Sync 1 DAGs
[2026-05-13T16:25:25.481+0000] {logging_mixin.py:188} INFO - [2026-05-13T16:25:25.480+0000] {dag.py:3834} INFO - Setting next_dagrun for inegi_playwright to 2026-05-13 00:00:00+00:00, run_after=2026-05-14 00:00:00+00:00
[2026-05-13T16:25:25.533+0000] {processor.py:183} INFO - Processing /opt/airflow/dags/inegi_playwright_dag.py took 0.304 seconds
[2026-05-13T16:25:55.798+0000] {processor.py:161} INFO - Started process (PID=5192) to work on /opt/airflow/dags/inegi_playwright_dag.py
[2026-05-13T16:25:55.801+0000] {processor.py:830} INFO - Processing file /opt/airflow/dags/inegi_playwright_dag.py for tasks to queue
[2026-05-13T16:25:55.804+0000] {logging_mixin.py:188} INFO - [2026-05-13T16:25:55.803+0000] {dagbag.py:540} INFO - Filling up the DagBag from /opt/airflow/dags/inegi_playwright_dag.py
[2026-05-13T16:25:55.840+0000] {processor.py:840} INFO - DAG(s) 'inegi_playwright' retrieved from /opt/airflow/dags/inegi_playwright_dag.py
[2026-05-13T16:25:55.917+0000] {logging_mixin.py:188} INFO - [2026-05-13T16:25:55.917+0000] {dag.py:3047} INFO - Sync 1 DAGs
[2026-05-13T16:25:55.978+0000] {logging_mixin.py:188} INFO - [2026-05-13T16:25:55.977+0000] {dag.py:3834} INFO - Setting next_dagrun for inegi_playwright to 2026-05-13 00:00:00+00:00, run_after=2026-05-14 00:00:00+00:00
[2026-05-13T16:25:56.028+0000] {processor.py:183} INFO - Processing /opt/airflow/dags/inegi_playwright_dag.py took 0.240 seconds
[2026-05-13T16:26:26.639+0000] {processor.py:161} INFO - Started process (PID=5222) to work on /opt/airflow/dags/inegi_playwright_dag.py
[2026-05-13T16:26:26.642+0000] {processor.py:830} INFO - Processing file /opt/airflow/dags/inegi_playwright_dag.py for tasks to queue
[2026-05-13T16:26:26.645+0000] {logging_mixin.py:188} INFO - [2026-05-13T16:26:26.644+0000] {dagbag.py:540} INFO - Filling up the DagBag from /opt/airflow/dags/inegi_playwright_dag.py
[2026-05-13T16:26:26.683+0000] {processor.py:840} INFO - DAG(s) 'inegi_playwright' retrieved from /opt/airflow/dags/inegi_playwright_dag.py
[2026-05-13T16:26:26.750+0000] {logging_mixin.py:188} INFO - [2026-05-13T16:26:26.749+0000] {dag.py:3047} INFO - Sync 1 DAGs
[2026-05-13T16:26:26.809+0000] {logging_mixin.py:188} INFO - [2026-05-13T16:26:26.808+0000] {dag.py:3834} INFO - Setting next_dagrun for inegi_playwright to 2026-05-13 00:00:00+00:00, run_after=2026-05-14 00:00:00+00:00
[2026-05-13T16:26:26.856+0000] {processor.py:183} INFO - Processing /opt/airflow/dags/inegi_playwright_dag.py took 0.227 seconds
[2026-05-13T16:26:57.261+0000] {processor.py:161} INFO - Started process (PID=5252) to work on /opt/airflow/dags/inegi_playwright_dag.py
[2026-05-13T16:26:57.264+0000] {processor.py:830} INFO - Processing file /opt/airflow/dags/inegi_playwright_dag.py for tasks to queue
[2026-05-13T16:26:57.267+0000] {logging_mixin.py:188} INFO - [2026-05-13T16:26:57.266+0000] {dagbag.py:540} INFO - Filling up the DagBag from /opt/airflow/dags/inegi_playwright_dag.py
[2026-05-13T16:26:57.305+0000] {processor.py:840} INFO - DAG(s) 'inegi_playwright' retrieved from /opt/airflow/dags/inegi_playwright_dag.py
[2026-05-13T16:26:57.377+0000] {logging_mixin.py:188} INFO - [2026-05-13T16:26:57.377+0000] {dag.py:3047} INFO - Sync 1 DAGs
[2026-05-13T16:26:57.434+0000] {logging_mixin.py:188} INFO - [2026-05-13T16:26:57.433+0000] {dag.py:3834} INFO - Setting next_dagrun for inegi_playwright to 2026-05-13 00:00:00+00:00, run_after=2026-05-14 00:00:00+00:00
[2026-05-13T16:26:57.480+0000] {processor.py:183} INFO - Processing /opt/airflow/dags/inegi_playwright_dag.py took 0.230 seconds
[2026-05-13T16:27:27.964+0000] {processor.py:161} INFO - Started process (PID=5282) to work on /opt/airflow/dags/inegi_playwright_dag.py
[2026-05-13T16:27:27.968+0000] {processor.py:830} INFO - Processing file /opt/airflow/dags/inegi_playwright_dag.py for tasks to queue
[2026-05-13T16:27:27.970+0000] {logging_mixin.py:188} INFO - [2026-05-13T16:27:27.970+0000] {dagbag.py:540} INFO - Filling up the DagBag from /opt/airflow/dags/inegi_playwright_dag.py
[2026-05-13T16:27:28.011+0000] {processor.py:840} INFO - DAG(s) 'inegi_playwright' retrieved from /opt/airflow/dags/inegi_playwright_dag.py
[2026-05-13T16:27:28.083+0000] {logging_mixin.py:188} INFO - [2026-05-13T16:27:28.083+0000] {dag.py:3047} INFO - Sync 1 DAGs
[2026-05-13T16:27:28.139+0000] {logging_mixin.py:188} INFO - [2026-05-13T16:27:28.139+0000] {dag.py:3834} INFO - Setting next_dagrun for inegi_playwright to 2026-05-13 00:00:00+00:00, run_after=2026-05-14 00:00:00+00:00
[2026-05-13T16:27:28.192+0000] {processor.py:183} INFO - Processing /opt/airflow/dags/inegi_playwright_dag.py took 0.238 seconds
[2026-05-13T16:27:58.336+0000] {processor.py:161} INFO - Started process (PID=5312) to work on /opt/airflow/dags/inegi_playwright_dag.py
[2026-05-13T16:27:58.341+0000] {processor.py:830} INFO - Processing file /opt/airflow/dags/inegi_playwright_dag.py for tasks to queue
[2026-05-13T16:27:58.344+0000] {logging_mixin.py:188} INFO - [2026-05-13T16:27:58.343+0000] {dagbag.py:540} INFO - Filling up the DagBag from /opt/airflow/dags/inegi_playwright_dag.py
[2026-05-13T16:27:58.384+0000] {processor.py:840} INFO - DAG(s) 'inegi_playwright' retrieved from /opt/airflow/dags/inegi_playwright_dag.py
[2026-05-13T16:27:58.454+0000] {logging_mixin.py:188} INFO - [2026-05-13T16:27:58.453+0000] {dag.py:3047} INFO - Sync 1 DAGs
[2026-05-13T16:27:58.513+0000] {logging_mixin.py:188} INFO - [2026-05-13T16:27:58.512+0000] {dag.py:3834} INFO - Setting next_dagrun for inegi_playwright to 2026-05-13 00:00:00+00:00, run_after=2026-05-14 00:00:00+00:00
[2026-05-13T16:27:58.598+0000] {processor.py:183} INFO - Processing /opt/airflow/dags/inegi_playwright_dag.py took 0.271 seconds
[2026-05-13T16:28:29.200+0000] {processor.py:161} INFO - Started process (PID=5342) to work on /opt/airflow/dags/inegi_playwright_dag.py
[2026-05-13T16:28:29.203+0000] {processor.py:830} INFO - Processing file /opt/airflow/dags/inegi_playwright_dag.py for tasks to queue
[2026-05-13T16:28:29.206+0000] {logging_mixin.py:188} INFO - [2026-05-13T16:28:29.205+0000] {dagbag.py:540} INFO - Filling up the DagBag from /opt/airflow/dags/inegi_playwright_dag.py
[2026-05-13T16:28:29.241+0000] {processor.py:840} INFO - DAG(s) 'inegi_playwright' retrieved from /opt/airflow/dags/inegi_playwright_dag.py
[2026-05-13T16:28:29.318+0000] {logging_mixin.py:188} INFO - [2026-05-13T16:28:29.317+0000] {dag.py:3047} INFO - Sync 1 DAGs
[2026-05-13T16:28:29.375+0000] {logging_mixin.py:188} INFO - [2026-05-13T16:28:29.374+0000] {dag.py:3834} INFO - Setting next_dagrun for inegi_playwright to 2026-05-13 00:00:00+00:00, run_after=2026-05-14 00:00:00+00:00
[2026-05-13T16:28:29.460+0000] {processor.py:183} INFO - Processing /opt/airflow/dags/inegi_playwright_dag.py took 0.271 seconds
[2026-05-13T16:28:59.708+0000] {processor.py:161} INFO - Started process (PID=5372) to work on /opt/airflow/dags/inegi_playwright_dag.py
[2026-05-13T16:28:59.711+0000] {processor.py:830} INFO - Processing file /opt/airflow/dags/inegi_playwright_dag.py for tasks to queue
[2026-05-13T16:28:59.720+0000] {logging_mixin.py:188} INFO - [2026-05-13T16:28:59.719+0000] {dagbag.py:540} INFO - Filling up the DagBag from /opt/airflow/dags/inegi_playwright_dag.py
[2026-05-13T16:28:59.794+0000] {processor.py:840} INFO - DAG(s) 'inegi_playwright' retrieved from /opt/airflow/dags/inegi_playwright_dag.py
[2026-05-13T16:28:59.861+0000] {logging_mixin.py:188} INFO - [2026-05-13T16:28:59.861+0000] {dag.py:3047} INFO - Sync 1 DAGs
[2026-05-13T16:28:59.928+0000] {logging_mixin.py:188} INFO - [2026-05-13T16:28:59.928+0000] {dag.py:3834} INFO - Setting next_dagrun for inegi_playwright to 2026-05-13 00:00:00+00:00, run_after=2026-05-14 00:00:00+00:00
[2026-05-13T16:29:00.109+0000] {processor.py:183} INFO - Processing /opt/airflow/dags/inegi_playwright_dag.py took 0.409 seconds
[2026-05-13T16:29:30.908+0000] {processor.py:161} INFO - Started process (PID=5402) to work on /opt/airflow/dags/inegi_playwright_dag.py
[2026-05-13T16:29:30.911+0000] {processor.py:830} INFO - Processing file /opt/airflow/dags/inegi_playwright_dag.py for tasks to queue
[2026-05-13T16:29:30.915+0000] {logging_mixin.py:188} INFO - [2026-05-13T16:29:30.914+0000] {dagbag.py:540} INFO - Filling up the DagBag from /opt/airflow/dags/inegi_playwright_dag.py
[2026-05-13T16:29:30.957+0000] {processor.py:840} INFO - DAG(s) 'inegi_playwright' retrieved from /opt/airflow/dags/inegi_playwright_dag.py
[2026-05-13T16:29:31.029+0000] {logging_mixin.py:188} INFO - [2026-05-13T16:29:31.028+0000] {dag.py:3047} INFO - Sync 1 DAGs
[2026-05-13T16:29:31.088+0000] {logging_mixin.py:188} INFO - [2026-05-13T16:29:31.087+0000] {dag.py:3834} INFO - Setting next_dagrun for inegi_playwright to 2026-05-13 00:00:00+00:00, run_after=2026-05-14 00:00:00+00:00
[2026-05-13T16:29:31.159+0000] {processor.py:183} INFO - Processing /opt/airflow/dags/inegi_playwright_dag.py took 0.262 seconds
[2026-05-13T16:30:01.296+0000] {processor.py:161} INFO - Started process (PID=5432) to work on /opt/airflow/dags/inegi_playwright_dag.py
[2026-05-13T16:30:01.299+0000] {processor.py:830} INFO - Processing file /opt/airflow/dags/inegi_playwright_dag.py for tasks to queue
[2026-05-13T16:30:01.302+0000] {logging_mixin.py:188} INFO - [2026-05-13T16:30:01.301+0000] {dagbag.py:540} INFO - Filling up the DagBag from /opt/airflow/dags/inegi_playwright_dag.py
[2026-05-13T16:30:01.341+0000] {processor.py:840} INFO - DAG(s) 'inegi_playwright' retrieved from /opt/airflow/dags/inegi_playwright_dag.py
[2026-05-13T16:30:01.414+0000] {logging_mixin.py:188} INFO - [2026-05-13T16:30:01.414+0000] {dag.py:3047} INFO - Sync 1 DAGs
[2026-05-13T16:30:01.470+0000] {logging_mixin.py:188} INFO - [2026-05-13T16:30:01.470+0000] {dag.py:3834} INFO - Setting next_dagrun for inegi_playwright to 2026-05-13 00:00:00+00:00, run_after=2026-05-14 00:00:00+00:00
[2026-05-13T16:30:01.520+0000] {processor.py:183} INFO - Processing /opt/airflow/dags/inegi_playwright_dag.py took 0.235 seconds
[2026-05-13T16:30:31.819+0000] {processor.py:161} INFO - Started process (PID=5462) to work on /opt/airflow/dags/inegi_playwright_dag.py
[2026-05-13T16:30:31.824+0000] {processor.py:830} INFO - Processing file /opt/airflow/dags/inegi_playwright_dag.py for tasks to queue
[2026-05-13T16:30:31.829+0000] {logging_mixin.py:188} INFO - [2026-05-13T16:30:31.828+0000] {dagbag.py:540} INFO - Filling up the DagBag from /opt/airflow/dags/inegi_playwright_dag.py
[2026-05-13T16:30:31.884+0000] {processor.py:840} INFO - DAG(s) 'inegi_playwright' retrieved from /opt/airflow/dags/inegi_playwright_dag.py
[2026-05-13T16:30:31.965+0000] {logging_mixin.py:188} INFO - [2026-05-13T16:30:31.965+0000] {dag.py:3047} INFO - Sync 1 DAGs
[2026-05-13T16:30:32.023+0000] {logging_mixin.py:188} INFO - [2026-05-13T16:30:32.022+0000] {dag.py:3834} INFO - Setting next_dagrun for inegi_playwright to 2026-05-13 00:00:00+00:00, run_after=2026-05-14 00:00:00+00:00
[2026-05-13T16:30:32.069+0000] {processor.py:183} INFO - Processing /opt/airflow/dags/inegi_playwright_dag.py took 0.268 seconds
[2026-05-13T16:31:02.865+0000] {processor.py:161} INFO - Started process (PID=5492) to work on /opt/airflow/dags/inegi_playwright_dag.py
[2026-05-13T16:31:02.868+0000] {processor.py:830} INFO - Processing file /opt/airflow/dags/inegi_playwright_dag.py for tasks to queue
[2026-05-13T16:31:02.871+0000] {logging_mixin.py:188} INFO - [2026-05-13T16:31:02.870+0000] {dagbag.py:540} INFO - Filling up the DagBag from /opt/airflow/dags/inegi_playwright_dag.py
[2026-05-13T16:31:02.913+0000] {processor.py:840} INFO - DAG(s) 'inegi_playwright' retrieved from /opt/airflow/dags/inegi_playwright_dag.py
[2026-05-13T16:31:02.983+0000] {logging_mixin.py:188} INFO - [2026-05-13T16:31:02.982+0000] {dag.py:3047} INFO - Sync 1 DAGs
[2026-05-13T16:31:03.108+0000] {logging_mixin.py:188} INFO - [2026-05-13T16:31:03.108+0000] {dag.py:3834} INFO - Setting next_dagrun for inegi_playwright to 2026-05-13 00:00:00+00:00, run_after=2026-05-14 00:00:00+00:00
[2026-05-13T16:31:03.240+0000] {processor.py:183} INFO - Processing /opt/airflow/dags/inegi_playwright_dag.py took 0.385 seconds
[2026-05-13T16:31:33.745+0000] {processor.py:161} INFO - Started process (PID=5522) to work on /opt/airflow/dags/inegi_playwright_dag.py
[2026-05-13T16:31:33.748+0000] {processor.py:830} INFO - Processing file /opt/airflow/dags/inegi_playwright_dag.py for tasks to queue
[2026-05-13T16:31:33.751+0000] {logging_mixin.py:188} INFO - [2026-05-13T16:31:33.750+0000] {dagbag.py:540} INFO - Filling up the DagBag from /opt/airflow/dags/inegi_playwright_dag.py
[2026-05-13T16:31:33.791+0000] {processor.py:840} INFO - DAG(s) 'inegi_playwright' retrieved from /opt/airflow/dags/inegi_playwright_dag.py
[2026-05-13T16:31:33.861+0000] {logging_mixin.py:188} INFO - [2026-05-13T16:31:33.860+0000] {dag.py:3047} INFO - Sync 1 DAGs
[2026-05-13T16:31:33.920+0000] {logging_mixin.py:188} INFO - [2026-05-13T16:31:33.919+0000] {dag.py:3834} INFO - Setting next_dagrun for inegi_playwright to 2026-05-13 00:00:00+00:00, run_after=2026-05-14 00:00:00+00:00
[2026-05-13T16:31:33.967+0000] {processor.py:183} INFO - Processing /opt/airflow/dags/inegi_playwright_dag.py took 0.233 seconds
[2026-05-13T16:32:04.287+0000] {processor.py:161} INFO - Started process (PID=5552) to work on /opt/airflow/dags/inegi_playwright_dag.py
[2026-05-13T16:32:04.290+0000] {processor.py:830} INFO - Processing file /opt/airflow/dags/inegi_playwright_dag.py for tasks to queue
[2026-05-13T16:32:04.293+0000] {logging_mixin.py:188} INFO - [2026-05-13T16:32:04.292+0000] {dagbag.py:540} INFO - Filling up the DagBag from /opt/airflow/dags/inegi_playwright_dag.py
[2026-05-13T16:32:04.332+0000] {processor.py:840} INFO - DAG(s) 'inegi_playwright' retrieved from /opt/airflow/dags/inegi_playwright_dag.py
[2026-05-13T16:32:04.429+0000] {logging_mixin.py:188} INFO - [2026-05-13T16:32:04.428+0000] {dag.py:3047} INFO - Sync 1 DAGs
[2026-05-13T16:32:04.621+0000] {logging_mixin.py:188} INFO - [2026-05-13T16:32:04.620+0000] {dag.py:3834} INFO - Setting next_dagrun for inegi_playwright to 2026-05-13 00:00:00+00:00, run_after=2026-05-14 00:00:00+00:00
[2026-05-13T16:32:04.754+0000] {processor.py:183} INFO - Processing /opt/airflow/dags/inegi_playwright_dag.py took 0.477 seconds
[2026-05-13T16:32:35.265+0000] {processor.py:161} INFO - Started process (PID=5582) to work on /opt/airflow/dags/inegi_playwright_dag.py
[2026-05-13T16:32:35.268+0000] {processor.py:830} INFO - Processing file /opt/airflow/dags/inegi_playwright_dag.py for tasks to queue
[2026-05-13T16:32:35.271+0000] {logging_mixin.py:188} INFO - [2026-05-13T16:32:35.270+0000] {dagbag.py:540} INFO - Filling up the DagBag from /opt/airflow/dags/inegi_playwright_dag.py
[2026-05-13T16:32:35.310+0000] {processor.py:840} INFO - DAG(s) 'inegi_playwright' retrieved from /opt/airflow/dags/inegi_playwright_dag.py
[2026-05-13T16:32:35.383+0000] {logging_mixin.py:188} INFO - [2026-05-13T16:32:35.383+0000] {dag.py:3047} INFO - Sync 1 DAGs
[2026-05-13T16:32:35.441+0000] {logging_mixin.py:188} INFO - [2026-05-13T16:32:35.440+0000] {dag.py:3834} INFO - Setting next_dagrun for inegi_playwright to 2026-05-13 00:00:00+00:00, run_after=2026-05-14 00:00:00+00:00
[2026-05-13T16:32:35.490+0000] {processor.py:183} INFO - Processing /opt/airflow/dags/inegi_playwright_dag.py took 0.234 seconds
[2026-05-13T16:33:06.544+0000] {processor.py:161} INFO - Started process (PID=5612) to work on /opt/airflow/dags/inegi_playwright_dag.py
[2026-05-13T16:33:06.547+0000] {processor.py:830} INFO - Processing file /opt/airflow/dags/inegi_playwright_dag.py for tasks to queue
[2026-05-13T16:33:06.550+0000] {logging_mixin.py:188} INFO - [2026-05-13T16:33:06.549+0000] {dagbag.py:540} INFO - Filling up the DagBag from /opt/airflow/dags/inegi_playwright_dag.py
[2026-05-13T16:33:06.585+0000] {processor.py:840} INFO - DAG(s) 'inegi_playwright' retrieved from /opt/airflow/dags/inegi_playwright_dag.py
[2026-05-13T16:33:06.653+0000] {logging_mixin.py:188} INFO - [2026-05-13T16:33:06.653+0000] {dag.py:3047} INFO - Sync 1 DAGs
[2026-05-13T16:33:06.709+0000] {logging_mixin.py:188} INFO - [2026-05-13T16:33:06.709+0000] {dag.py:3834} INFO - Setting next_dagrun for inegi_playwright to 2026-05-13 00:00:00+00:00, run_after=2026-05-14 00:00:00+00:00
[2026-05-13T16:33:06.759+0000] {processor.py:183} INFO - Processing /opt/airflow/dags/inegi_playwright_dag.py took 0.223 seconds
[2026-05-13T16:33:37.185+0000] {processor.py:161} INFO - Started process (PID=5642) to work on /opt/airflow/dags/inegi_playwright_dag.py
[2026-05-13T16:33:37.188+0000] {processor.py:830} INFO - Processing file /opt/airflow/dags/inegi_playwright_dag.py for tasks to queue
[2026-05-13T16:33:37.191+0000] {logging_mixin.py:188} INFO - [2026-05-13T16:33:37.190+0000] {dagbag.py:540} INFO - Filling up the DagBag from /opt/airflow/dags/inegi_playwright_dag.py
[2026-05-13T16:33:37.230+0000] {processor.py:840} INFO - DAG(s) 'inegi_playwright' retrieved from /opt/airflow/dags/inegi_playwright_dag.py
[2026-05-13T16:33:37.313+0000] {logging_mixin.py:188} INFO - [2026-05-13T16:33:37.312+0000] {dag.py:3047} INFO - Sync 1 DAGs
[2026-05-13T16:33:37.371+0000] {logging_mixin.py:188} INFO - [2026-05-13T16:33:37.371+0000] {dag.py:3834} INFO - Setting next_dagrun for inegi_playwright to 2026-05-13 00:00:00+00:00, run_after=2026-05-14 00:00:00+00:00
[2026-05-13T16:33:37.423+0000] {processor.py:183} INFO - Processing /opt/airflow/dags/inegi_playwright_dag.py took 0.249 seconds
