[2026-05-13T13:26:44.880+0000] {processor.py:161} INFO - Started process (PID=78) to work on /opt/airflow/dags/telegraph_dag.py
[2026-05-13T13:26:44.884+0000] {processor.py:830} INFO - Processing file /opt/airflow/dags/telegraph_dag.py for tasks to queue
[2026-05-13T13:26:44.887+0000] {logging_mixin.py:188} INFO - [2026-05-13T13:26:44.886+0000] {dagbag.py:540} INFO - Filling up the DagBag from /opt/airflow/dags/telegraph_dag.py
[2026-05-13T13:26:44.943+0000] {processor.py:840} INFO - DAG(s) 'telegraph_scraper' retrieved from /opt/airflow/dags/telegraph_dag.py
[2026-05-13T13:26:45.847+0000] {logging_mixin.py:188} INFO - [2026-05-13T13:26:45.845+0000] {override.py:1769} INFO - Created Permission View: can edit on DAG:telegraph_scraper
[2026-05-13T13:26:45.912+0000] {logging_mixin.py:188} INFO - [2026-05-13T13:26:45.911+0000] {override.py:1769} INFO - Created Permission View: can delete on DAG:telegraph_scraper
[2026-05-13T13:26:45.955+0000] {logging_mixin.py:188} INFO - [2026-05-13T13:26:45.953+0000] {override.py:1769} INFO - Created Permission View: can read on DAG:telegraph_scraper
[2026-05-13T13:26:45.962+0000] {logging_mixin.py:188} INFO - [2026-05-13T13:26:45.961+0000] {dag.py:3047} INFO - Sync 1 DAGs
[2026-05-13T13:26:46.000+0000] {logging_mixin.py:188} WARNING - /home/airflow/.local/lib/python3.8/site-packages/airflow/models/dag.py:3585 DeprecationWarning: The dag_concurrency option in [core] has been renamed to max_active_tasks_per_dag - the old setting has been used, but please update your config.
[2026-05-13T13:26:46.003+0000] {logging_mixin.py:188} INFO - [2026-05-13T13:26:46.002+0000] {dag.py:3069} INFO - Creating ORM DAG for telegraph_scraper
[2026-05-13T13:26:46.058+0000] {logging_mixin.py:188} INFO - [2026-05-13T13:26:46.057+0000] {dag.py:3834} INFO - Setting next_dagrun for telegraph_scraper to 2026-05-12 00:00:00+00:00, run_after=2026-05-13 00:00:00+00:00
[2026-05-13T13:26:46.152+0000] {processor.py:183} INFO - Processing /opt/airflow/dags/telegraph_dag.py took 1.283 seconds
[2026-05-13T13:27:19.234+0000] {processor.py:161} INFO - Started process (PID=108) to work on /opt/airflow/dags/telegraph_dag.py
[2026-05-13T13:27:19.360+0000] {processor.py:830} INFO - Processing file /opt/airflow/dags/telegraph_dag.py for tasks to queue
[2026-05-13T13:27:19.363+0000] {logging_mixin.py:188} INFO - [2026-05-13T13:27:19.362+0000] {dagbag.py:540} INFO - Filling up the DagBag from /opt/airflow/dags/telegraph_dag.py
[2026-05-13T13:27:20.243+0000] {processor.py:840} INFO - DAG(s) 'telegraph_scraper' retrieved from /opt/airflow/dags/telegraph_dag.py
[2026-05-13T13:27:20.520+0000] {logging_mixin.py:188} INFO - [2026-05-13T13:27:20.519+0000] {dag.py:3047} INFO - Sync 1 DAGs
[2026-05-13T13:27:20.746+0000] {logging_mixin.py:188} INFO - [2026-05-13T13:27:20.745+0000] {dag.py:3834} INFO - Setting next_dagrun for telegraph_scraper to 2026-05-12 00:00:00+00:00, run_after=2026-05-13 00:00:00+00:00
[2026-05-13T13:27:21.189+0000] {processor.py:183} INFO - Processing /opt/airflow/dags/telegraph_dag.py took 1.974 seconds
[2026-05-13T13:27:52.064+0000] {processor.py:161} INFO - Started process (PID=138) to work on /opt/airflow/dags/telegraph_dag.py
[2026-05-13T13:27:52.079+0000] {processor.py:830} INFO - Processing file /opt/airflow/dags/telegraph_dag.py for tasks to queue
[2026-05-13T13:27:52.083+0000] {logging_mixin.py:188} INFO - [2026-05-13T13:27:52.082+0000] {dagbag.py:540} INFO - Filling up the DagBag from /opt/airflow/dags/telegraph_dag.py
[2026-05-13T13:27:52.296+0000] {processor.py:840} INFO - DAG(s) 'telegraph_scraper' retrieved from /opt/airflow/dags/telegraph_dag.py
[2026-05-13T13:27:52.507+0000] {logging_mixin.py:188} INFO - [2026-05-13T13:27:52.506+0000] {dag.py:3047} INFO - Sync 1 DAGs
[2026-05-13T13:27:52.749+0000] {logging_mixin.py:188} INFO - [2026-05-13T13:27:52.738+0000] {dag.py:3834} INFO - Setting next_dagrun for telegraph_scraper to 2026-05-12 00:00:00+00:00, run_after=2026-05-13 00:00:00+00:00
[2026-05-13T13:27:52.852+0000] {processor.py:183} INFO - Processing /opt/airflow/dags/telegraph_dag.py took 0.814 seconds
[2026-05-13T13:28:27.183+0000] {processor.py:161} INFO - Started process (PID=166) to work on /opt/airflow/dags/telegraph_dag.py
[2026-05-13T13:28:27.212+0000] {processor.py:830} INFO - Processing file /opt/airflow/dags/telegraph_dag.py for tasks to queue
[2026-05-13T13:28:27.242+0000] {logging_mixin.py:188} INFO - [2026-05-13T13:28:27.229+0000] {dagbag.py:540} INFO - Filling up the DagBag from /opt/airflow/dags/telegraph_dag.py
[2026-05-13T13:28:27.934+0000] {processor.py:840} INFO - DAG(s) 'telegraph_scraper' retrieved from /opt/airflow/dags/telegraph_dag.py
[2026-05-13T13:28:28.153+0000] {logging_mixin.py:188} INFO - [2026-05-13T13:28:28.152+0000] {dag.py:3047} INFO - Sync 1 DAGs
[2026-05-13T13:28:28.362+0000] {logging_mixin.py:188} INFO - [2026-05-13T13:28:28.361+0000] {dag.py:3834} INFO - Setting next_dagrun for telegraph_scraper to 2026-05-12 00:00:00+00:00, run_after=2026-05-13 00:00:00+00:00
[2026-05-13T13:28:28.574+0000] {processor.py:183} INFO - Processing /opt/airflow/dags/telegraph_dag.py took 1.422 seconds
[2026-05-13T13:29:01.847+0000] {processor.py:161} INFO - Started process (PID=196) to work on /opt/airflow/dags/telegraph_dag.py
[2026-05-13T13:29:01.863+0000] {processor.py:830} INFO - Processing file /opt/airflow/dags/telegraph_dag.py for tasks to queue
[2026-05-13T13:29:01.877+0000] {logging_mixin.py:188} INFO - [2026-05-13T13:29:01.876+0000] {dagbag.py:540} INFO - Filling up the DagBag from /opt/airflow/dags/telegraph_dag.py
[2026-05-13T13:29:02.102+0000] {processor.py:840} INFO - DAG(s) 'telegraph_scraper' retrieved from /opt/airflow/dags/telegraph_dag.py
[2026-05-13T13:29:02.384+0000] {logging_mixin.py:188} INFO - [2026-05-13T13:29:02.383+0000] {dag.py:3047} INFO - Sync 1 DAGs
[2026-05-13T13:29:02.643+0000] {logging_mixin.py:188} INFO - [2026-05-13T13:29:02.643+0000] {dag.py:3834} INFO - Setting next_dagrun for telegraph_scraper to 2026-05-12 00:00:00+00:00, run_after=2026-05-13 00:00:00+00:00
[2026-05-13T13:29:02.910+0000] {processor.py:183} INFO - Processing /opt/airflow/dags/telegraph_dag.py took 1.097 seconds
[2026-05-13T13:29:40.339+0000] {processor.py:161} INFO - Started process (PID=228) to work on /opt/airflow/dags/telegraph_dag.py
[2026-05-13T13:29:40.354+0000] {processor.py:830} INFO - Processing file /opt/airflow/dags/telegraph_dag.py for tasks to queue
[2026-05-13T13:29:40.372+0000] {logging_mixin.py:188} INFO - [2026-05-13T13:29:40.371+0000] {dagbag.py:540} INFO - Filling up the DagBag from /opt/airflow/dags/telegraph_dag.py
[2026-05-13T13:29:40.798+0000] {processor.py:840} INFO - DAG(s) 'telegraph_scraper' retrieved from /opt/airflow/dags/telegraph_dag.py
[2026-05-13T13:29:41.085+0000] {logging_mixin.py:188} INFO - [2026-05-13T13:29:41.084+0000] {dag.py:3047} INFO - Sync 1 DAGs
[2026-05-13T13:29:41.294+0000] {logging_mixin.py:188} INFO - [2026-05-13T13:29:41.283+0000] {dag.py:3834} INFO - Setting next_dagrun for telegraph_scraper to 2026-05-12 00:00:00+00:00, run_after=2026-05-13 00:00:00+00:00
[2026-05-13T13:29:41.522+0000] {processor.py:183} INFO - Processing /opt/airflow/dags/telegraph_dag.py took 1.221 seconds
[2026-05-13T13:30:13.758+0000] {processor.py:161} INFO - Started process (PID=256) to work on /opt/airflow/dags/telegraph_dag.py
[2026-05-13T13:30:13.768+0000] {processor.py:830} INFO - Processing file /opt/airflow/dags/telegraph_dag.py for tasks to queue
[2026-05-13T13:30:13.773+0000] {logging_mixin.py:188} INFO - [2026-05-13T13:30:13.772+0000] {dagbag.py:540} INFO - Filling up the DagBag from /opt/airflow/dags/telegraph_dag.py
[2026-05-13T13:30:14.175+0000] {processor.py:840} INFO - DAG(s) 'telegraph_scraper' retrieved from /opt/airflow/dags/telegraph_dag.py
[2026-05-13T13:30:14.478+0000] {logging_mixin.py:188} INFO - [2026-05-13T13:30:14.477+0000] {dag.py:3047} INFO - Sync 1 DAGs
[2026-05-13T13:30:14.778+0000] {logging_mixin.py:188} INFO - [2026-05-13T13:30:14.777+0000] {dag.py:3834} INFO - Setting next_dagrun for telegraph_scraper to 2026-05-12 00:00:00+00:00, run_after=2026-05-13 00:00:00+00:00
[2026-05-13T13:30:15.028+0000] {processor.py:183} INFO - Processing /opt/airflow/dags/telegraph_dag.py took 1.302 seconds
[2026-05-13T13:33:51.837+0000] {processor.py:161} INFO - Started process (PID=91) to work on /opt/airflow/dags/telegraph_dag.py
[2026-05-13T13:33:51.888+0000] {processor.py:830} INFO - Processing file /opt/airflow/dags/telegraph_dag.py for tasks to queue
[2026-05-13T13:33:51.916+0000] {logging_mixin.py:188} INFO - [2026-05-13T13:33:51.915+0000] {dagbag.py:540} INFO - Filling up the DagBag from /opt/airflow/dags/telegraph_dag.py
[2026-05-13T13:33:52.513+0000] {processor.py:840} INFO - DAG(s) 'telegraph_scraper' retrieved from /opt/airflow/dags/telegraph_dag.py
[2026-05-13T13:33:53.168+0000] {logging_mixin.py:188} INFO - [2026-05-13T13:33:53.156+0000] {dag.py:3047} INFO - Sync 1 DAGs
[2026-05-13T13:33:53.529+0000] {logging_mixin.py:188} INFO - [2026-05-13T13:33:53.528+0000] {dag.py:3834} INFO - Setting next_dagrun for telegraph_scraper to 2026-05-12 00:00:00+00:00, run_after=2026-05-13 00:00:00+00:00
[2026-05-13T13:33:54.148+0000] {processor.py:183} INFO - Processing /opt/airflow/dags/telegraph_dag.py took 2.330 seconds
[2026-05-13T13:34:32.590+0000] {processor.py:161} INFO - Started process (PID=123) to work on /opt/airflow/dags/telegraph_dag.py
[2026-05-13T13:34:32.794+0000] {processor.py:830} INFO - Processing file /opt/airflow/dags/telegraph_dag.py for tasks to queue
[2026-05-13T13:34:32.993+0000] {logging_mixin.py:188} INFO - [2026-05-13T13:34:32.992+0000] {dagbag.py:540} INFO - Filling up the DagBag from /opt/airflow/dags/telegraph_dag.py
[2026-05-13T13:34:34.046+0000] {processor.py:840} INFO - DAG(s) 'telegraph_scraper' retrieved from /opt/airflow/dags/telegraph_dag.py
[2026-05-13T13:34:34.723+0000] {logging_mixin.py:188} INFO - [2026-05-13T13:34:34.723+0000] {dag.py:3047} INFO - Sync 1 DAGs
[2026-05-13T13:34:34.987+0000] {logging_mixin.py:188} INFO - [2026-05-13T13:34:34.976+0000] {dag.py:3834} INFO - Setting next_dagrun for telegraph_scraper to 2026-05-12 00:00:00+00:00, run_after=2026-05-13 00:00:00+00:00
[2026-05-13T13:34:35.844+0000] {processor.py:183} INFO - Processing /opt/airflow/dags/telegraph_dag.py took 3.275 seconds
[2026-05-13T13:35:23.442+0000] {processor.py:161} INFO - Started process (PID=151) to work on /opt/airflow/dags/telegraph_dag.py
[2026-05-13T13:35:23.470+0000] {processor.py:830} INFO - Processing file /opt/airflow/dags/telegraph_dag.py for tasks to queue
[2026-05-13T13:35:23.495+0000] {logging_mixin.py:188} INFO - [2026-05-13T13:35:23.494+0000] {dagbag.py:540} INFO - Filling up the DagBag from /opt/airflow/dags/telegraph_dag.py
[2026-05-13T13:35:24.136+0000] {processor.py:840} INFO - DAG(s) 'telegraph_scraper' retrieved from /opt/airflow/dags/telegraph_dag.py
[2026-05-13T13:35:24.927+0000] {logging_mixin.py:188} INFO - [2026-05-13T13:35:24.926+0000] {dag.py:3047} INFO - Sync 1 DAGs
[2026-05-13T13:35:25.601+0000] {logging_mixin.py:188} INFO - [2026-05-13T13:35:25.601+0000] {dag.py:3834} INFO - Setting next_dagrun for telegraph_scraper to 2026-05-12 00:00:00+00:00, run_after=2026-05-13 00:00:00+00:00
[2026-05-13T13:35:26.696+0000] {processor.py:183} INFO - Processing /opt/airflow/dags/telegraph_dag.py took 3.289 seconds
[2026-05-13T13:35:59.453+0000] {processor.py:161} INFO - Started process (PID=181) to work on /opt/airflow/dags/telegraph_dag.py
[2026-05-13T13:35:59.532+0000] {processor.py:830} INFO - Processing file /opt/airflow/dags/telegraph_dag.py for tasks to queue
[2026-05-13T13:35:59.536+0000] {logging_mixin.py:188} INFO - [2026-05-13T13:35:59.535+0000] {dagbag.py:540} INFO - Filling up the DagBag from /opt/airflow/dags/telegraph_dag.py
[2026-05-13T13:35:59.783+0000] {processor.py:840} INFO - DAG(s) 'telegraph_scraper' retrieved from /opt/airflow/dags/telegraph_dag.py
[2026-05-13T13:36:00.192+0000] {logging_mixin.py:188} INFO - [2026-05-13T13:36:00.191+0000] {dag.py:3047} INFO - Sync 1 DAGs
[2026-05-13T13:36:00.433+0000] {logging_mixin.py:188} INFO - [2026-05-13T13:36:00.422+0000] {dag.py:3834} INFO - Setting next_dagrun for telegraph_scraper to 2026-05-12 00:00:00+00:00, run_after=2026-05-13 00:00:00+00:00
[2026-05-13T13:36:00.815+0000] {processor.py:183} INFO - Processing /opt/airflow/dags/telegraph_dag.py took 1.393 seconds
[2026-05-13T13:36:32.677+0000] {processor.py:161} INFO - Started process (PID=211) to work on /opt/airflow/dags/telegraph_dag.py
[2026-05-13T13:36:32.690+0000] {processor.py:830} INFO - Processing file /opt/airflow/dags/telegraph_dag.py for tasks to queue
[2026-05-13T13:36:33.069+0000] {logging_mixin.py:188} INFO - [2026-05-13T13:36:33.068+0000] {dagbag.py:540} INFO - Filling up the DagBag from /opt/airflow/dags/telegraph_dag.py
[2026-05-13T13:36:34.080+0000] {processor.py:840} INFO - DAG(s) 'telegraph_scraper' retrieved from /opt/airflow/dags/telegraph_dag.py
[2026-05-13T13:36:34.350+0000] {logging_mixin.py:188} INFO - [2026-05-13T13:36:34.349+0000] {dag.py:3047} INFO - Sync 1 DAGs
[2026-05-13T13:36:34.578+0000] {logging_mixin.py:188} INFO - [2026-05-13T13:36:34.578+0000] {dag.py:3834} INFO - Setting next_dagrun for telegraph_scraper to 2026-05-12 00:00:00+00:00, run_after=2026-05-13 00:00:00+00:00
[2026-05-13T13:36:34.872+0000] {processor.py:183} INFO - Processing /opt/airflow/dags/telegraph_dag.py took 2.226 seconds
[2026-05-13T13:37:05.606+0000] {processor.py:161} INFO - Started process (PID=243) to work on /opt/airflow/dags/telegraph_dag.py
[2026-05-13T13:37:05.610+0000] {processor.py:830} INFO - Processing file /opt/airflow/dags/telegraph_dag.py for tasks to queue
[2026-05-13T13:37:05.613+0000] {logging_mixin.py:188} INFO - [2026-05-13T13:37:05.612+0000] {dagbag.py:540} INFO - Filling up the DagBag from /opt/airflow/dags/telegraph_dag.py
[2026-05-13T13:37:05.701+0000] {processor.py:840} INFO - DAG(s) 'telegraph_scraper' retrieved from /opt/airflow/dags/telegraph_dag.py
[2026-05-13T13:37:05.865+0000] {logging_mixin.py:188} INFO - [2026-05-13T13:37:05.864+0000] {dag.py:3047} INFO - Sync 1 DAGs
[2026-05-13T13:37:05.999+0000] {logging_mixin.py:188} INFO - [2026-05-13T13:37:05.999+0000] {dag.py:3834} INFO - Setting next_dagrun for telegraph_scraper to 2026-05-12 00:00:00+00:00, run_after=2026-05-13 00:00:00+00:00
[2026-05-13T13:37:06.112+0000] {processor.py:183} INFO - Processing /opt/airflow/dags/telegraph_dag.py took 0.518 seconds
[2026-05-13T13:37:36.852+0000] {processor.py:161} INFO - Started process (PID=273) to work on /opt/airflow/dags/telegraph_dag.py
[2026-05-13T13:37:36.855+0000] {processor.py:830} INFO - Processing file /opt/airflow/dags/telegraph_dag.py for tasks to queue
[2026-05-13T13:37:36.858+0000] {logging_mixin.py:188} INFO - [2026-05-13T13:37:36.857+0000] {dagbag.py:540} INFO - Filling up the DagBag from /opt/airflow/dags/telegraph_dag.py
[2026-05-13T13:37:36.912+0000] {processor.py:840} INFO - DAG(s) 'telegraph_scraper' retrieved from /opt/airflow/dags/telegraph_dag.py
[2026-05-13T13:37:36.982+0000] {logging_mixin.py:188} INFO - [2026-05-13T13:37:36.981+0000] {dag.py:3047} INFO - Sync 1 DAGs
[2026-05-13T13:37:37.057+0000] {logging_mixin.py:188} INFO - [2026-05-13T13:37:37.057+0000] {dag.py:3834} INFO - Setting next_dagrun for telegraph_scraper to 2026-05-12 00:00:00+00:00, run_after=2026-05-13 00:00:00+00:00
[2026-05-13T13:37:37.220+0000] {processor.py:183} INFO - Processing /opt/airflow/dags/telegraph_dag.py took 0.377 seconds
[2026-05-13T13:38:07.697+0000] {processor.py:161} INFO - Started process (PID=303) to work on /opt/airflow/dags/telegraph_dag.py
[2026-05-13T13:38:07.702+0000] {processor.py:830} INFO - Processing file /opt/airflow/dags/telegraph_dag.py for tasks to queue
[2026-05-13T13:38:07.707+0000] {logging_mixin.py:188} INFO - [2026-05-13T13:38:07.706+0000] {dagbag.py:540} INFO - Filling up the DagBag from /opt/airflow/dags/telegraph_dag.py
[2026-05-13T13:38:07.773+0000] {processor.py:840} INFO - DAG(s) 'telegraph_scraper' retrieved from /opt/airflow/dags/telegraph_dag.py
[2026-05-13T13:38:07.856+0000] {logging_mixin.py:188} INFO - [2026-05-13T13:38:07.855+0000] {dag.py:3047} INFO - Sync 1 DAGs
[2026-05-13T13:38:07.911+0000] {logging_mixin.py:188} INFO - [2026-05-13T13:38:07.911+0000] {dag.py:3834} INFO - Setting next_dagrun for telegraph_scraper to 2026-05-12 00:00:00+00:00, run_after=2026-05-13 00:00:00+00:00
[2026-05-13T13:38:08.056+0000] {processor.py:183} INFO - Processing /opt/airflow/dags/telegraph_dag.py took 0.372 seconds
[2026-05-13T13:38:39.623+0000] {processor.py:161} INFO - Started process (PID=333) to work on /opt/airflow/dags/telegraph_dag.py
[2026-05-13T13:38:39.630+0000] {processor.py:830} INFO - Processing file /opt/airflow/dags/telegraph_dag.py for tasks to queue
[2026-05-13T13:38:39.639+0000] {logging_mixin.py:188} INFO - [2026-05-13T13:38:39.638+0000] {dagbag.py:540} INFO - Filling up the DagBag from /opt/airflow/dags/telegraph_dag.py
[2026-05-13T13:38:39.747+0000] {processor.py:840} INFO - DAG(s) 'telegraph_scraper' retrieved from /opt/airflow/dags/telegraph_dag.py
[2026-05-13T13:38:39.864+0000] {logging_mixin.py:188} INFO - [2026-05-13T13:38:39.863+0000] {dag.py:3047} INFO - Sync 1 DAGs
[2026-05-13T13:38:40.094+0000] {logging_mixin.py:188} INFO - [2026-05-13T13:38:40.090+0000] {dag.py:3834} INFO - Setting next_dagrun for telegraph_scraper to 2026-05-12 00:00:00+00:00, run_after=2026-05-13 00:00:00+00:00
[2026-05-13T13:38:40.241+0000] {processor.py:183} INFO - Processing /opt/airflow/dags/telegraph_dag.py took 0.632 seconds
[2026-05-13T13:39:12.074+0000] {processor.py:161} INFO - Started process (PID=361) to work on /opt/airflow/dags/telegraph_dag.py
[2026-05-13T13:39:12.078+0000] {processor.py:830} INFO - Processing file /opt/airflow/dags/telegraph_dag.py for tasks to queue
[2026-05-13T13:39:12.081+0000] {logging_mixin.py:188} INFO - [2026-05-13T13:39:12.080+0000] {dagbag.py:540} INFO - Filling up the DagBag from /opt/airflow/dags/telegraph_dag.py
[2026-05-13T13:39:12.229+0000] {processor.py:840} INFO - DAG(s) 'telegraph_scraper' retrieved from /opt/airflow/dags/telegraph_dag.py
[2026-05-13T13:39:12.323+0000] {logging_mixin.py:188} INFO - [2026-05-13T13:39:12.322+0000] {dag.py:3047} INFO - Sync 1 DAGs
[2026-05-13T13:39:12.383+0000] {logging_mixin.py:188} INFO - [2026-05-13T13:39:12.383+0000] {dag.py:3834} INFO - Setting next_dagrun for telegraph_scraper to 2026-05-12 00:00:00+00:00, run_after=2026-05-13 00:00:00+00:00
[2026-05-13T13:39:12.436+0000] {processor.py:183} INFO - Processing /opt/airflow/dags/telegraph_dag.py took 0.377 seconds
[2026-05-13T13:39:42.808+0000] {processor.py:161} INFO - Started process (PID=393) to work on /opt/airflow/dags/telegraph_dag.py
[2026-05-13T13:39:42.811+0000] {processor.py:830} INFO - Processing file /opt/airflow/dags/telegraph_dag.py for tasks to queue
[2026-05-13T13:39:42.814+0000] {logging_mixin.py:188} INFO - [2026-05-13T13:39:42.813+0000] {dagbag.py:540} INFO - Filling up the DagBag from /opt/airflow/dags/telegraph_dag.py
[2026-05-13T13:39:42.873+0000] {processor.py:840} INFO - DAG(s) 'telegraph_scraper' retrieved from /opt/airflow/dags/telegraph_dag.py
[2026-05-13T13:39:42.942+0000] {logging_mixin.py:188} INFO - [2026-05-13T13:39:42.941+0000] {dag.py:3047} INFO - Sync 1 DAGs
[2026-05-13T13:39:42.999+0000] {logging_mixin.py:188} INFO - [2026-05-13T13:39:42.998+0000] {dag.py:3834} INFO - Setting next_dagrun for telegraph_scraper to 2026-05-12 00:00:00+00:00, run_after=2026-05-13 00:00:00+00:00
[2026-05-13T13:39:43.145+0000] {processor.py:183} INFO - Processing /opt/airflow/dags/telegraph_dag.py took 0.347 seconds
[2026-05-13T13:40:13.559+0000] {processor.py:161} INFO - Started process (PID=421) to work on /opt/airflow/dags/telegraph_dag.py
[2026-05-13T13:40:13.569+0000] {processor.py:830} INFO - Processing file /opt/airflow/dags/telegraph_dag.py for tasks to queue
[2026-05-13T13:40:13.577+0000] {logging_mixin.py:188} INFO - [2026-05-13T13:40:13.575+0000] {dagbag.py:540} INFO - Filling up the DagBag from /opt/airflow/dags/telegraph_dag.py
[2026-05-13T13:40:14.403+0000] {processor.py:840} INFO - DAG(s) 'telegraph_scraper' retrieved from /opt/airflow/dags/telegraph_dag.py
[2026-05-13T13:40:14.597+0000] {logging_mixin.py:188} INFO - [2026-05-13T13:40:14.596+0000] {dag.py:3047} INFO - Sync 1 DAGs
[2026-05-13T13:40:14.688+0000] {logging_mixin.py:188} INFO - [2026-05-13T13:40:14.688+0000] {dag.py:3834} INFO - Setting next_dagrun for telegraph_scraper to 2026-05-12 00:00:00+00:00, run_after=2026-05-13 00:00:00+00:00
[2026-05-13T13:40:14.740+0000] {processor.py:183} INFO - Processing /opt/airflow/dags/telegraph_dag.py took 1.215 seconds
[2026-05-13T13:40:45.163+0000] {processor.py:161} INFO - Started process (PID=451) to work on /opt/airflow/dags/telegraph_dag.py
[2026-05-13T13:40:45.172+0000] {processor.py:830} INFO - Processing file /opt/airflow/dags/telegraph_dag.py for tasks to queue
[2026-05-13T13:40:45.176+0000] {logging_mixin.py:188} INFO - [2026-05-13T13:40:45.175+0000] {dagbag.py:540} INFO - Filling up the DagBag from /opt/airflow/dags/telegraph_dag.py
[2026-05-13T13:40:45.270+0000] {processor.py:840} INFO - DAG(s) 'telegraph_scraper' retrieved from /opt/airflow/dags/telegraph_dag.py
[2026-05-13T13:40:45.369+0000] {logging_mixin.py:188} INFO - [2026-05-13T13:40:45.366+0000] {dag.py:3047} INFO - Sync 1 DAGs
[2026-05-13T13:40:45.523+0000] {logging_mixin.py:188} INFO - [2026-05-13T13:40:45.519+0000] {dag.py:3834} INFO - Setting next_dagrun for telegraph_scraper to 2026-05-12 00:00:00+00:00, run_after=2026-05-13 00:00:00+00:00
[2026-05-13T13:40:45.681+0000] {processor.py:183} INFO - Processing /opt/airflow/dags/telegraph_dag.py took 0.537 seconds
[2026-05-13T13:41:16.092+0000] {processor.py:161} INFO - Started process (PID=481) to work on /opt/airflow/dags/telegraph_dag.py
[2026-05-13T13:41:16.096+0000] {processor.py:830} INFO - Processing file /opt/airflow/dags/telegraph_dag.py for tasks to queue
[2026-05-13T13:41:16.104+0000] {logging_mixin.py:188} INFO - [2026-05-13T13:41:16.103+0000] {dagbag.py:540} INFO - Filling up the DagBag from /opt/airflow/dags/telegraph_dag.py
[2026-05-13T13:41:16.339+0000] {processor.py:840} INFO - DAG(s) 'telegraph_scraper' retrieved from /opt/airflow/dags/telegraph_dag.py
[2026-05-13T13:41:16.724+0000] {logging_mixin.py:188} INFO - [2026-05-13T13:41:16.692+0000] {dag.py:3047} INFO - Sync 1 DAGs
[2026-05-13T13:41:17.270+0000] {logging_mixin.py:188} INFO - [2026-05-13T13:41:17.269+0000] {dag.py:3834} INFO - Setting next_dagrun for telegraph_scraper to 2026-05-12 00:00:00+00:00, run_after=2026-05-13 00:00:00+00:00
[2026-05-13T13:41:17.710+0000] {processor.py:183} INFO - Processing /opt/airflow/dags/telegraph_dag.py took 1.649 seconds
[2026-05-13T13:41:49.032+0000] {processor.py:161} INFO - Started process (PID=511) to work on /opt/airflow/dags/telegraph_dag.py
[2026-05-13T13:41:49.048+0000] {processor.py:830} INFO - Processing file /opt/airflow/dags/telegraph_dag.py for tasks to queue
[2026-05-13T13:41:49.066+0000] {logging_mixin.py:188} INFO - [2026-05-13T13:41:49.065+0000] {dagbag.py:540} INFO - Filling up the DagBag from /opt/airflow/dags/telegraph_dag.py
[2026-05-13T13:41:49.225+0000] {processor.py:840} INFO - DAG(s) 'telegraph_scraper' retrieved from /opt/airflow/dags/telegraph_dag.py
[2026-05-13T13:41:49.461+0000] {logging_mixin.py:188} INFO - [2026-05-13T13:41:49.461+0000] {dag.py:3047} INFO - Sync 1 DAGs
[2026-05-13T13:41:49.674+0000] {logging_mixin.py:188} INFO - [2026-05-13T13:41:49.674+0000] {dag.py:3834} INFO - Setting next_dagrun for telegraph_scraper to 2026-05-12 00:00:00+00:00, run_after=2026-05-13 00:00:00+00:00
[2026-05-13T13:41:49.879+0000] {processor.py:183} INFO - Processing /opt/airflow/dags/telegraph_dag.py took 0.868 seconds
[2026-05-13T13:42:20.602+0000] {processor.py:161} INFO - Started process (PID=541) to work on /opt/airflow/dags/telegraph_dag.py
[2026-05-13T13:42:20.608+0000] {processor.py:830} INFO - Processing file /opt/airflow/dags/telegraph_dag.py for tasks to queue
[2026-05-13T13:42:20.611+0000] {logging_mixin.py:188} INFO - [2026-05-13T13:42:20.610+0000] {dagbag.py:540} INFO - Filling up the DagBag from /opt/airflow/dags/telegraph_dag.py
[2026-05-13T13:42:20.699+0000] {processor.py:840} INFO - DAG(s) 'telegraph_scraper' retrieved from /opt/airflow/dags/telegraph_dag.py
[2026-05-13T13:42:20.793+0000] {logging_mixin.py:188} INFO - [2026-05-13T13:42:20.792+0000] {dag.py:3047} INFO - Sync 1 DAGs
[2026-05-13T13:42:20.939+0000] {logging_mixin.py:188} INFO - [2026-05-13T13:42:20.938+0000] {dag.py:3834} INFO - Setting next_dagrun for telegraph_scraper to 2026-05-12 00:00:00+00:00, run_after=2026-05-13 00:00:00+00:00
[2026-05-13T13:42:21.060+0000] {processor.py:183} INFO - Processing /opt/airflow/dags/telegraph_dag.py took 0.473 seconds
[2026-05-13T13:42:51.773+0000] {processor.py:161} INFO - Started process (PID=571) to work on /opt/airflow/dags/telegraph_dag.py
[2026-05-13T13:42:51.806+0000] {processor.py:830} INFO - Processing file /opt/airflow/dags/telegraph_dag.py for tasks to queue
[2026-05-13T13:42:51.811+0000] {logging_mixin.py:188} INFO - [2026-05-13T13:42:51.810+0000] {dagbag.py:540} INFO - Filling up the DagBag from /opt/airflow/dags/telegraph_dag.py
[2026-05-13T13:42:52.137+0000] {processor.py:840} INFO - DAG(s) 'telegraph_scraper' retrieved from /opt/airflow/dags/telegraph_dag.py
[2026-05-13T13:42:52.239+0000] {logging_mixin.py:188} INFO - [2026-05-13T13:42:52.238+0000] {dag.py:3047} INFO - Sync 1 DAGs
[2026-05-13T13:42:52.329+0000] {logging_mixin.py:188} INFO - [2026-05-13T13:42:52.328+0000] {dag.py:3834} INFO - Setting next_dagrun for telegraph_scraper to 2026-05-12 00:00:00+00:00, run_after=2026-05-13 00:00:00+00:00
[2026-05-13T13:42:52.441+0000] {processor.py:183} INFO - Processing /opt/airflow/dags/telegraph_dag.py took 0.688 seconds
[2026-05-13T13:43:23.252+0000] {processor.py:161} INFO - Started process (PID=601) to work on /opt/airflow/dags/telegraph_dag.py
[2026-05-13T13:43:23.259+0000] {processor.py:830} INFO - Processing file /opt/airflow/dags/telegraph_dag.py for tasks to queue
[2026-05-13T13:43:23.263+0000] {logging_mixin.py:188} INFO - [2026-05-13T13:43:23.262+0000] {dagbag.py:540} INFO - Filling up the DagBag from /opt/airflow/dags/telegraph_dag.py
[2026-05-13T13:43:23.323+0000] {processor.py:840} INFO - DAG(s) 'telegraph_scraper' retrieved from /opt/airflow/dags/telegraph_dag.py
[2026-05-13T13:43:23.398+0000] {logging_mixin.py:188} INFO - [2026-05-13T13:43:23.397+0000] {dag.py:3047} INFO - Sync 1 DAGs
[2026-05-13T13:43:23.463+0000] {logging_mixin.py:188} INFO - [2026-05-13T13:43:23.462+0000] {dag.py:3834} INFO - Setting next_dagrun for telegraph_scraper to 2026-05-12 00:00:00+00:00, run_after=2026-05-13 00:00:00+00:00
[2026-05-13T13:43:23.542+0000] {processor.py:183} INFO - Processing /opt/airflow/dags/telegraph_dag.py took 0.303 seconds
[2026-05-13T13:43:54.193+0000] {processor.py:161} INFO - Started process (PID=631) to work on /opt/airflow/dags/telegraph_dag.py
[2026-05-13T13:43:54.198+0000] {processor.py:830} INFO - Processing file /opt/airflow/dags/telegraph_dag.py for tasks to queue
[2026-05-13T13:43:54.208+0000] {logging_mixin.py:188} INFO - [2026-05-13T13:43:54.207+0000] {dagbag.py:540} INFO - Filling up the DagBag from /opt/airflow/dags/telegraph_dag.py
[2026-05-13T13:43:54.318+0000] {processor.py:840} INFO - DAG(s) 'telegraph_scraper' retrieved from /opt/airflow/dags/telegraph_dag.py
[2026-05-13T13:43:54.459+0000] {logging_mixin.py:188} INFO - [2026-05-13T13:43:54.458+0000] {dag.py:3047} INFO - Sync 1 DAGs
[2026-05-13T13:43:54.527+0000] {logging_mixin.py:188} INFO - [2026-05-13T13:43:54.526+0000] {dag.py:3834} INFO - Setting next_dagrun for telegraph_scraper to 2026-05-12 00:00:00+00:00, run_after=2026-05-13 00:00:00+00:00
[2026-05-13T13:43:54.630+0000] {processor.py:183} INFO - Processing /opt/airflow/dags/telegraph_dag.py took 0.457 seconds
[2026-05-13T13:44:24.850+0000] {processor.py:161} INFO - Started process (PID=661) to work on /opt/airflow/dags/telegraph_dag.py
[2026-05-13T13:44:24.856+0000] {processor.py:830} INFO - Processing file /opt/airflow/dags/telegraph_dag.py for tasks to queue
[2026-05-13T13:44:24.860+0000] {logging_mixin.py:188} INFO - [2026-05-13T13:44:24.859+0000] {dagbag.py:540} INFO - Filling up the DagBag from /opt/airflow/dags/telegraph_dag.py
[2026-05-13T13:44:24.928+0000] {processor.py:840} INFO - DAG(s) 'telegraph_scraper' retrieved from /opt/airflow/dags/telegraph_dag.py
[2026-05-13T13:44:25.048+0000] {logging_mixin.py:188} INFO - [2026-05-13T13:44:25.047+0000] {dag.py:3047} INFO - Sync 1 DAGs
[2026-05-13T13:44:25.121+0000] {logging_mixin.py:188} INFO - [2026-05-13T13:44:25.117+0000] {dag.py:3834} INFO - Setting next_dagrun for telegraph_scraper to 2026-05-12 00:00:00+00:00, run_after=2026-05-13 00:00:00+00:00
[2026-05-13T13:44:25.203+0000] {processor.py:183} INFO - Processing /opt/airflow/dags/telegraph_dag.py took 0.371 seconds
[2026-05-13T13:44:55.902+0000] {processor.py:161} INFO - Started process (PID=691) to work on /opt/airflow/dags/telegraph_dag.py
[2026-05-13T13:44:55.921+0000] {processor.py:830} INFO - Processing file /opt/airflow/dags/telegraph_dag.py for tasks to queue
[2026-05-13T13:44:55.930+0000] {logging_mixin.py:188} INFO - [2026-05-13T13:44:55.929+0000] {dagbag.py:540} INFO - Filling up the DagBag from /opt/airflow/dags/telegraph_dag.py
[2026-05-13T13:44:56.115+0000] {processor.py:840} INFO - DAG(s) 'telegraph_scraper' retrieved from /opt/airflow/dags/telegraph_dag.py
[2026-05-13T13:44:56.256+0000] {logging_mixin.py:188} INFO - [2026-05-13T13:44:56.256+0000] {dag.py:3047} INFO - Sync 1 DAGs
[2026-05-13T13:44:56.376+0000] {logging_mixin.py:188} INFO - [2026-05-13T13:44:56.376+0000] {dag.py:3834} INFO - Setting next_dagrun for telegraph_scraper to 2026-05-12 00:00:00+00:00, run_after=2026-05-13 00:00:00+00:00
[2026-05-13T13:44:56.562+0000] {processor.py:183} INFO - Processing /opt/airflow/dags/telegraph_dag.py took 0.678 seconds
[2026-05-13T13:45:27.306+0000] {processor.py:161} INFO - Started process (PID=721) to work on /opt/airflow/dags/telegraph_dag.py
[2026-05-13T13:45:27.315+0000] {processor.py:830} INFO - Processing file /opt/airflow/dags/telegraph_dag.py for tasks to queue
[2026-05-13T13:45:27.322+0000] {logging_mixin.py:188} INFO - [2026-05-13T13:45:27.321+0000] {dagbag.py:540} INFO - Filling up the DagBag from /opt/airflow/dags/telegraph_dag.py
[2026-05-13T13:45:27.545+0000] {processor.py:840} INFO - DAG(s) 'telegraph_scraper' retrieved from /opt/airflow/dags/telegraph_dag.py
[2026-05-13T13:45:27.797+0000] {logging_mixin.py:188} INFO - [2026-05-13T13:45:27.796+0000] {dag.py:3047} INFO - Sync 1 DAGs
[2026-05-13T13:45:27.866+0000] {logging_mixin.py:188} INFO - [2026-05-13T13:45:27.866+0000] {dag.py:3834} INFO - Setting next_dagrun for telegraph_scraper to 2026-05-12 00:00:00+00:00, run_after=2026-05-13 00:00:00+00:00
[2026-05-13T13:45:27.922+0000] {processor.py:183} INFO - Processing /opt/airflow/dags/telegraph_dag.py took 0.648 seconds
[2026-05-13T13:45:58.659+0000] {processor.py:161} INFO - Started process (PID=751) to work on /opt/airflow/dags/telegraph_dag.py
[2026-05-13T13:45:58.663+0000] {processor.py:830} INFO - Processing file /opt/airflow/dags/telegraph_dag.py for tasks to queue
[2026-05-13T13:45:58.665+0000] {logging_mixin.py:188} INFO - [2026-05-13T13:45:58.665+0000] {dagbag.py:540} INFO - Filling up the DagBag from /opt/airflow/dags/telegraph_dag.py
[2026-05-13T13:45:58.722+0000] {processor.py:840} INFO - DAG(s) 'telegraph_scraper' retrieved from /opt/airflow/dags/telegraph_dag.py
[2026-05-13T13:45:58.796+0000] {logging_mixin.py:188} INFO - [2026-05-13T13:45:58.796+0000] {dag.py:3047} INFO - Sync 1 DAGs
[2026-05-13T13:45:58.857+0000] {logging_mixin.py:188} INFO - [2026-05-13T13:45:58.856+0000] {dag.py:3834} INFO - Setting next_dagrun for telegraph_scraper to 2026-05-12 00:00:00+00:00, run_after=2026-05-13 00:00:00+00:00
[2026-05-13T13:45:58.916+0000] {processor.py:183} INFO - Processing /opt/airflow/dags/telegraph_dag.py took 0.273 seconds
[2026-05-13T13:46:29.590+0000] {processor.py:161} INFO - Started process (PID=781) to work on /opt/airflow/dags/telegraph_dag.py
[2026-05-13T13:46:29.594+0000] {processor.py:830} INFO - Processing file /opt/airflow/dags/telegraph_dag.py for tasks to queue
[2026-05-13T13:46:29.599+0000] {logging_mixin.py:188} INFO - [2026-05-13T13:46:29.597+0000] {dagbag.py:540} INFO - Filling up the DagBag from /opt/airflow/dags/telegraph_dag.py
[2026-05-13T13:46:29.669+0000] {processor.py:840} INFO - DAG(s) 'telegraph_scraper' retrieved from /opt/airflow/dags/telegraph_dag.py
[2026-05-13T13:46:29.771+0000] {logging_mixin.py:188} INFO - [2026-05-13T13:46:29.770+0000] {dag.py:3047} INFO - Sync 1 DAGs
[2026-05-13T13:46:29.855+0000] {logging_mixin.py:188} INFO - [2026-05-13T13:46:29.854+0000] {dag.py:3834} INFO - Setting next_dagrun for telegraph_scraper to 2026-05-12 00:00:00+00:00, run_after=2026-05-13 00:00:00+00:00
[2026-05-13T13:46:29.948+0000] {processor.py:183} INFO - Processing /opt/airflow/dags/telegraph_dag.py took 0.376 seconds
[2026-05-13T13:47:00.605+0000] {processor.py:161} INFO - Started process (PID=811) to work on /opt/airflow/dags/telegraph_dag.py
[2026-05-13T13:47:00.615+0000] {processor.py:830} INFO - Processing file /opt/airflow/dags/telegraph_dag.py for tasks to queue
[2026-05-13T13:47:00.621+0000] {logging_mixin.py:188} INFO - [2026-05-13T13:47:00.620+0000] {dagbag.py:540} INFO - Filling up the DagBag from /opt/airflow/dags/telegraph_dag.py
[2026-05-13T13:47:00.872+0000] {processor.py:840} INFO - DAG(s) 'telegraph_scraper' retrieved from /opt/airflow/dags/telegraph_dag.py
[2026-05-13T13:47:01.113+0000] {logging_mixin.py:188} INFO - [2026-05-13T13:47:01.113+0000] {dag.py:3047} INFO - Sync 1 DAGs
[2026-05-13T13:47:01.337+0000] {logging_mixin.py:188} INFO - [2026-05-13T13:47:01.336+0000] {dag.py:3834} INFO - Setting next_dagrun for telegraph_scraper to 2026-05-12 00:00:00+00:00, run_after=2026-05-13 00:00:00+00:00
[2026-05-13T13:47:01.621+0000] {processor.py:183} INFO - Processing /opt/airflow/dags/telegraph_dag.py took 1.054 seconds
[2026-05-13T13:47:31.964+0000] {processor.py:161} INFO - Started process (PID=841) to work on /opt/airflow/dags/telegraph_dag.py
[2026-05-13T13:47:31.967+0000] {processor.py:830} INFO - Processing file /opt/airflow/dags/telegraph_dag.py for tasks to queue
[2026-05-13T13:47:31.970+0000] {logging_mixin.py:188} INFO - [2026-05-13T13:47:31.969+0000] {dagbag.py:540} INFO - Filling up the DagBag from /opt/airflow/dags/telegraph_dag.py
[2026-05-13T13:47:32.033+0000] {processor.py:840} INFO - DAG(s) 'telegraph_scraper' retrieved from /opt/airflow/dags/telegraph_dag.py
[2026-05-13T13:47:32.107+0000] {logging_mixin.py:188} INFO - [2026-05-13T13:47:32.106+0000] {dag.py:3047} INFO - Sync 1 DAGs
[2026-05-13T13:47:32.169+0000] {logging_mixin.py:188} INFO - [2026-05-13T13:47:32.168+0000] {dag.py:3834} INFO - Setting next_dagrun for telegraph_scraper to 2026-05-12 00:00:00+00:00, run_after=2026-05-13 00:00:00+00:00
[2026-05-13T13:47:32.330+0000] {processor.py:183} INFO - Processing /opt/airflow/dags/telegraph_dag.py took 0.381 seconds
[2026-05-13T13:48:03.900+0000] {processor.py:161} INFO - Started process (PID=871) to work on /opt/airflow/dags/telegraph_dag.py
[2026-05-13T13:48:03.913+0000] {processor.py:830} INFO - Processing file /opt/airflow/dags/telegraph_dag.py for tasks to queue
[2026-05-13T13:48:03.918+0000] {logging_mixin.py:188} INFO - [2026-05-13T13:48:03.917+0000] {dagbag.py:540} INFO - Filling up the DagBag from /opt/airflow/dags/telegraph_dag.py
[2026-05-13T13:48:04.134+0000] {processor.py:840} INFO - DAG(s) 'telegraph_scraper' retrieved from /opt/airflow/dags/telegraph_dag.py
[2026-05-13T13:48:04.419+0000] {logging_mixin.py:188} INFO - [2026-05-13T13:48:04.419+0000] {dag.py:3047} INFO - Sync 1 DAGs
[2026-05-13T13:48:04.560+0000] {logging_mixin.py:188} INFO - [2026-05-13T13:48:04.556+0000] {dag.py:3834} INFO - Setting next_dagrun for telegraph_scraper to 2026-05-12 00:00:00+00:00, run_after=2026-05-13 00:00:00+00:00
[2026-05-13T13:48:04.719+0000] {processor.py:183} INFO - Processing /opt/airflow/dags/telegraph_dag.py took 0.841 seconds
[2026-05-13T13:48:36.780+0000] {processor.py:161} INFO - Started process (PID=901) to work on /opt/airflow/dags/telegraph_dag.py
[2026-05-13T13:48:36.801+0000] {processor.py:830} INFO - Processing file /opt/airflow/dags/telegraph_dag.py for tasks to queue
[2026-05-13T13:48:36.863+0000] {logging_mixin.py:188} INFO - [2026-05-13T13:48:36.862+0000] {dagbag.py:540} INFO - Filling up the DagBag from /opt/airflow/dags/telegraph_dag.py
[2026-05-13T13:48:37.757+0000] {processor.py:840} INFO - DAG(s) 'telegraph_scraper' retrieved from /opt/airflow/dags/telegraph_dag.py
[2026-05-13T13:48:38.027+0000] {logging_mixin.py:188} INFO - [2026-05-13T13:48:38.027+0000] {dag.py:3047} INFO - Sync 1 DAGs
[2026-05-13T13:48:38.201+0000] {logging_mixin.py:188} INFO - [2026-05-13T13:48:38.190+0000] {dag.py:3834} INFO - Setting next_dagrun for telegraph_scraper to 2026-05-12 00:00:00+00:00, run_after=2026-05-13 00:00:00+00:00
[2026-05-13T13:48:38.386+0000] {processor.py:183} INFO - Processing /opt/airflow/dags/telegraph_dag.py took 1.627 seconds
[2026-05-13T13:49:08.636+0000] {processor.py:161} INFO - Started process (PID=931) to work on /opt/airflow/dags/telegraph_dag.py
[2026-05-13T13:49:08.642+0000] {processor.py:830} INFO - Processing file /opt/airflow/dags/telegraph_dag.py for tasks to queue
[2026-05-13T13:49:08.646+0000] {logging_mixin.py:188} INFO - [2026-05-13T13:49:08.645+0000] {dagbag.py:540} INFO - Filling up the DagBag from /opt/airflow/dags/telegraph_dag.py
[2026-05-13T13:49:08.716+0000] {processor.py:840} INFO - DAG(s) 'telegraph_scraper' retrieved from /opt/airflow/dags/telegraph_dag.py
[2026-05-13T13:49:08.800+0000] {logging_mixin.py:188} INFO - [2026-05-13T13:49:08.799+0000] {dag.py:3047} INFO - Sync 1 DAGs
[2026-05-13T13:49:08.968+0000] {logging_mixin.py:188} INFO - [2026-05-13T13:49:08.967+0000] {dag.py:3834} INFO - Setting next_dagrun for telegraph_scraper to 2026-05-12 00:00:00+00:00, run_after=2026-05-13 00:00:00+00:00
[2026-05-13T13:49:09.216+0000] {processor.py:183} INFO - Processing /opt/airflow/dags/telegraph_dag.py took 0.592 seconds
[2026-05-13T13:49:40.123+0000] {processor.py:161} INFO - Started process (PID=963) to work on /opt/airflow/dags/telegraph_dag.py
[2026-05-13T13:49:40.126+0000] {processor.py:830} INFO - Processing file /opt/airflow/dags/telegraph_dag.py for tasks to queue
[2026-05-13T13:49:40.129+0000] {logging_mixin.py:188} INFO - [2026-05-13T13:49:40.128+0000] {dagbag.py:540} INFO - Filling up the DagBag from /opt/airflow/dags/telegraph_dag.py
[2026-05-13T13:49:40.194+0000] {processor.py:840} INFO - DAG(s) 'telegraph_scraper' retrieved from /opt/airflow/dags/telegraph_dag.py
[2026-05-13T13:49:40.263+0000] {logging_mixin.py:188} INFO - [2026-05-13T13:49:40.262+0000] {dag.py:3047} INFO - Sync 1 DAGs
[2026-05-13T13:49:40.324+0000] {logging_mixin.py:188} INFO - [2026-05-13T13:49:40.324+0000] {dag.py:3834} INFO - Setting next_dagrun for telegraph_scraper to 2026-05-12 00:00:00+00:00, run_after=2026-05-13 00:00:00+00:00
[2026-05-13T13:49:40.378+0000] {processor.py:183} INFO - Processing /opt/airflow/dags/telegraph_dag.py took 0.265 seconds
[2026-05-13T13:50:11.162+0000] {processor.py:161} INFO - Started process (PID=993) to work on /opt/airflow/dags/telegraph_dag.py
[2026-05-13T13:50:11.166+0000] {processor.py:830} INFO - Processing file /opt/airflow/dags/telegraph_dag.py for tasks to queue
[2026-05-13T13:50:11.171+0000] {logging_mixin.py:188} INFO - [2026-05-13T13:50:11.170+0000] {dagbag.py:540} INFO - Filling up the DagBag from /opt/airflow/dags/telegraph_dag.py
[2026-05-13T13:50:11.237+0000] {processor.py:840} INFO - DAG(s) 'telegraph_scraper' retrieved from /opt/airflow/dags/telegraph_dag.py
[2026-05-13T13:50:11.362+0000] {logging_mixin.py:188} INFO - [2026-05-13T13:50:11.362+0000] {dag.py:3047} INFO - Sync 1 DAGs
[2026-05-13T13:50:11.459+0000] {logging_mixin.py:188} INFO - [2026-05-13T13:50:11.459+0000] {dag.py:3834} INFO - Setting next_dagrun for telegraph_scraper to 2026-05-12 00:00:00+00:00, run_after=2026-05-13 00:00:00+00:00
[2026-05-13T13:50:11.527+0000] {processor.py:183} INFO - Processing /opt/airflow/dags/telegraph_dag.py took 0.377 seconds
[2026-05-13T13:50:41.951+0000] {processor.py:161} INFO - Started process (PID=1021) to work on /opt/airflow/dags/telegraph_dag.py
[2026-05-13T13:50:41.961+0000] {processor.py:830} INFO - Processing file /opt/airflow/dags/telegraph_dag.py for tasks to queue
[2026-05-13T13:50:41.970+0000] {logging_mixin.py:188} INFO - [2026-05-13T13:50:41.969+0000] {dagbag.py:540} INFO - Filling up the DagBag from /opt/airflow/dags/telegraph_dag.py
[2026-05-13T13:50:42.600+0000] {processor.py:840} INFO - DAG(s) 'telegraph_scraper' retrieved from /opt/airflow/dags/telegraph_dag.py
[2026-05-13T13:50:43.273+0000] {logging_mixin.py:188} INFO - [2026-05-13T13:50:43.272+0000] {dag.py:3047} INFO - Sync 1 DAGs
[2026-05-13T13:50:43.520+0000] {logging_mixin.py:188} INFO - [2026-05-13T13:50:43.519+0000] {dag.py:3834} INFO - Setting next_dagrun for telegraph_scraper to 2026-05-12 00:00:00+00:00, run_after=2026-05-13 00:00:00+00:00
[2026-05-13T13:50:43.600+0000] {processor.py:183} INFO - Processing /opt/airflow/dags/telegraph_dag.py took 1.690 seconds
[2026-05-13T13:51:14.263+0000] {processor.py:161} INFO - Started process (PID=1051) to work on /opt/airflow/dags/telegraph_dag.py
[2026-05-13T13:51:14.266+0000] {processor.py:830} INFO - Processing file /opt/airflow/dags/telegraph_dag.py for tasks to queue
[2026-05-13T13:51:14.269+0000] {logging_mixin.py:188} INFO - [2026-05-13T13:51:14.268+0000] {dagbag.py:540} INFO - Filling up the DagBag from /opt/airflow/dags/telegraph_dag.py
[2026-05-13T13:51:14.419+0000] {processor.py:840} INFO - DAG(s) 'telegraph_scraper' retrieved from /opt/airflow/dags/telegraph_dag.py
[2026-05-13T13:51:14.708+0000] {logging_mixin.py:188} INFO - [2026-05-13T13:51:14.707+0000] {dag.py:3047} INFO - Sync 1 DAGs
[2026-05-13T13:51:14.996+0000] {logging_mixin.py:188} INFO - [2026-05-13T13:51:14.982+0000] {dag.py:3834} INFO - Setting next_dagrun for telegraph_scraper to 2026-05-12 00:00:00+00:00, run_after=2026-05-13 00:00:00+00:00
[2026-05-13T13:51:15.163+0000] {processor.py:183} INFO - Processing /opt/airflow/dags/telegraph_dag.py took 0.919 seconds
[2026-05-13T13:51:45.775+0000] {processor.py:161} INFO - Started process (PID=1081) to work on /opt/airflow/dags/telegraph_dag.py
[2026-05-13T13:51:45.779+0000] {processor.py:830} INFO - Processing file /opt/airflow/dags/telegraph_dag.py for tasks to queue
[2026-05-13T13:51:45.782+0000] {logging_mixin.py:188} INFO - [2026-05-13T13:51:45.781+0000] {dagbag.py:540} INFO - Filling up the DagBag from /opt/airflow/dags/telegraph_dag.py
[2026-05-13T13:51:45.850+0000] {processor.py:840} INFO - DAG(s) 'telegraph_scraper' retrieved from /opt/airflow/dags/telegraph_dag.py
[2026-05-13T13:51:45.936+0000] {logging_mixin.py:188} INFO - [2026-05-13T13:51:45.935+0000] {dag.py:3047} INFO - Sync 1 DAGs
[2026-05-13T13:51:46.115+0000] {logging_mixin.py:188} INFO - [2026-05-13T13:51:46.114+0000] {dag.py:3834} INFO - Setting next_dagrun for telegraph_scraper to 2026-05-12 00:00:00+00:00, run_after=2026-05-13 00:00:00+00:00
[2026-05-13T13:51:46.353+0000] {processor.py:183} INFO - Processing /opt/airflow/dags/telegraph_dag.py took 0.592 seconds
[2026-05-13T13:52:18.474+0000] {processor.py:161} INFO - Started process (PID=1117) to work on /opt/airflow/dags/telegraph_dag.py
[2026-05-13T13:52:18.511+0000] {processor.py:830} INFO - Processing file /opt/airflow/dags/telegraph_dag.py for tasks to queue
[2026-05-13T13:52:18.541+0000] {logging_mixin.py:188} INFO - [2026-05-13T13:52:18.540+0000] {dagbag.py:540} INFO - Filling up the DagBag from /opt/airflow/dags/telegraph_dag.py
[2026-05-13T13:52:19.487+0000] {processor.py:840} INFO - DAG(s) 'telegraph_scraper' retrieved from /opt/airflow/dags/telegraph_dag.py
[2026-05-13T13:52:19.664+0000] {logging_mixin.py:188} INFO - [2026-05-13T13:52:19.662+0000] {dag.py:3047} INFO - Sync 1 DAGs
[2026-05-13T13:52:20.030+0000] {logging_mixin.py:188} INFO - [2026-05-13T13:52:20.030+0000] {dag.py:3834} INFO - Setting next_dagrun for telegraph_scraper to 2026-05-13 00:00:00+00:00, run_after=2026-05-14 00:00:00+00:00
[2026-05-13T13:52:21.101+0000] {processor.py:183} INFO - Processing /opt/airflow/dags/telegraph_dag.py took 2.804 seconds
[2026-05-13T13:53:07.848+0000] {processor.py:161} INFO - Started process (PID=1149) to work on /opt/airflow/dags/telegraph_dag.py
[2026-05-13T13:53:07.863+0000] {processor.py:830} INFO - Processing file /opt/airflow/dags/telegraph_dag.py for tasks to queue
[2026-05-13T13:53:07.877+0000] {logging_mixin.py:188} INFO - [2026-05-13T13:53:07.875+0000] {dagbag.py:540} INFO - Filling up the DagBag from /opt/airflow/dags/telegraph_dag.py
[2026-05-13T13:53:08.139+0000] {processor.py:840} INFO - DAG(s) 'telegraph_scraper' retrieved from /opt/airflow/dags/telegraph_dag.py
[2026-05-13T13:53:09.247+0000] {logging_mixin.py:188} INFO - [2026-05-13T13:53:09.235+0000] {dag.py:3047} INFO - Sync 1 DAGs
[2026-05-13T13:53:09.553+0000] {logging_mixin.py:188} INFO - [2026-05-13T13:53:09.553+0000] {dag.py:3834} INFO - Setting next_dagrun for telegraph_scraper to 2026-05-13 00:00:00+00:00, run_after=2026-05-14 00:00:00+00:00
[2026-05-13T13:53:09.731+0000] {processor.py:183} INFO - Processing /opt/airflow/dags/telegraph_dag.py took 1.945 seconds
[2026-05-13T13:53:59.836+0000] {processor.py:161} INFO - Started process (PID=1181) to work on /opt/airflow/dags/telegraph_dag.py
[2026-05-13T13:54:00.264+0000] {processor.py:830} INFO - Processing file /opt/airflow/dags/telegraph_dag.py for tasks to queue
[2026-05-13T13:54:00.365+0000] {logging_mixin.py:188} INFO - [2026-05-13T13:54:00.364+0000] {dagbag.py:540} INFO - Filling up the DagBag from /opt/airflow/dags/telegraph_dag.py
[2026-05-13T13:54:02.288+0000] {processor.py:840} INFO - DAG(s) 'telegraph_scraper' retrieved from /opt/airflow/dags/telegraph_dag.py
[2026-05-13T13:54:04.274+0000] {logging_mixin.py:188} INFO - [2026-05-13T13:54:04.273+0000] {dag.py:3047} INFO - Sync 1 DAGs
[2026-05-13T13:54:06.081+0000] {logging_mixin.py:188} INFO - [2026-05-13T13:54:06.045+0000] {dag.py:3834} INFO - Setting next_dagrun for telegraph_scraper to 2026-05-13 00:00:00+00:00, run_after=2026-05-14 00:00:00+00:00
[2026-05-13T13:54:06.591+0000] {processor.py:183} INFO - Processing /opt/airflow/dags/telegraph_dag.py took 7.050 seconds
[2026-05-13T13:54:52.715+0000] {processor.py:161} INFO - Started process (PID=1210) to work on /opt/airflow/dags/telegraph_dag.py
[2026-05-13T13:54:52.835+0000] {processor.py:830} INFO - Processing file /opt/airflow/dags/telegraph_dag.py for tasks to queue
[2026-05-13T13:54:53.021+0000] {logging_mixin.py:188} INFO - [2026-05-13T13:54:52.922+0000] {dagbag.py:540} INFO - Filling up the DagBag from /opt/airflow/dags/telegraph_dag.py
[2026-05-13T13:54:58.599+0000] {processor.py:840} INFO - DAG(s) 'telegraph_scraper' retrieved from /opt/airflow/dags/telegraph_dag.py
[2026-05-13T13:55:00.679+0000] {logging_mixin.py:188} INFO - [2026-05-13T13:55:00.660+0000] {dag.py:3047} INFO - Sync 1 DAGs
[2026-05-13T13:55:01.799+0000] {logging_mixin.py:188} INFO - [2026-05-13T13:55:01.795+0000] {dag.py:3834} INFO - Setting next_dagrun for telegraph_scraper to 2026-05-13 00:00:00+00:00, run_after=2026-05-14 00:00:00+00:00
[2026-05-13T13:55:03.105+0000] {processor.py:183} INFO - Processing /opt/airflow/dags/telegraph_dag.py took 10.530 seconds
[2026-05-13T13:56:02.100+0000] {processor.py:161} INFO - Started process (PID=1240) to work on /opt/airflow/dags/telegraph_dag.py
[2026-05-13T13:56:02.312+0000] {processor.py:830} INFO - Processing file /opt/airflow/dags/telegraph_dag.py for tasks to queue
[2026-05-13T13:56:02.435+0000] {logging_mixin.py:188} INFO - [2026-05-13T13:56:02.404+0000] {dagbag.py:540} INFO - Filling up the DagBag from /opt/airflow/dags/telegraph_dag.py
[2026-05-13T13:56:04.216+0000] {processor.py:840} INFO - DAG(s) 'telegraph_scraper' retrieved from /opt/airflow/dags/telegraph_dag.py
[2026-05-13T13:56:05.610+0000] {logging_mixin.py:188} INFO - [2026-05-13T13:56:05.609+0000] {dag.py:3047} INFO - Sync 1 DAGs
[2026-05-13T13:56:06.442+0000] {logging_mixin.py:188} INFO - [2026-05-13T13:56:06.442+0000] {dag.py:3834} INFO - Setting next_dagrun for telegraph_scraper to 2026-05-13 00:00:00+00:00, run_after=2026-05-14 00:00:00+00:00
[2026-05-13T13:56:07.161+0000] {processor.py:183} INFO - Processing /opt/airflow/dags/telegraph_dag.py took 5.088 seconds
[2026-05-13T13:56:54.530+0000] {processor.py:161} INFO - Started process (PID=1273) to work on /opt/airflow/dags/telegraph_dag.py
[2026-05-13T13:56:54.563+0000] {processor.py:830} INFO - Processing file /opt/airflow/dags/telegraph_dag.py for tasks to queue
[2026-05-13T13:56:54.619+0000] {logging_mixin.py:188} INFO - [2026-05-13T13:56:54.573+0000] {dagbag.py:540} INFO - Filling up the DagBag from /opt/airflow/dags/telegraph_dag.py
[2026-05-13T13:56:58.898+0000] {processor.py:840} INFO - DAG(s) 'telegraph_scraper' retrieved from /opt/airflow/dags/telegraph_dag.py
[2026-05-13T13:56:59.583+0000] {logging_mixin.py:188} INFO - [2026-05-13T13:56:59.582+0000] {dag.py:3047} INFO - Sync 1 DAGs
[2026-05-13T13:57:00.998+0000] {logging_mixin.py:188} INFO - [2026-05-13T13:57:00.997+0000] {dag.py:3834} INFO - Setting next_dagrun for telegraph_scraper to 2026-05-13 00:00:00+00:00, run_after=2026-05-14 00:00:00+00:00
[2026-05-13T13:57:02.911+0000] {processor.py:183} INFO - Processing /opt/airflow/dags/telegraph_dag.py took 8.412 seconds
[2026-05-13T13:57:51.118+0000] {processor.py:161} INFO - Started process (PID=1306) to work on /opt/airflow/dags/telegraph_dag.py
[2026-05-13T13:57:51.197+0000] {processor.py:830} INFO - Processing file /opt/airflow/dags/telegraph_dag.py for tasks to queue
[2026-05-13T13:57:51.230+0000] {logging_mixin.py:188} INFO - [2026-05-13T13:57:51.229+0000] {dagbag.py:540} INFO - Filling up the DagBag from /opt/airflow/dags/telegraph_dag.py
[2026-05-13T13:57:54.235+0000] {processor.py:840} INFO - DAG(s) 'telegraph_scraper' retrieved from /opt/airflow/dags/telegraph_dag.py
[2026-05-13T13:57:55.818+0000] {logging_mixin.py:188} INFO - [2026-05-13T13:57:55.817+0000] {dag.py:3047} INFO - Sync 1 DAGs
[2026-05-13T13:57:56.933+0000] {logging_mixin.py:188} INFO - [2026-05-13T13:57:56.932+0000] {dag.py:3834} INFO - Setting next_dagrun for telegraph_scraper to 2026-05-13 00:00:00+00:00, run_after=2026-05-14 00:00:00+00:00
[2026-05-13T13:57:57.569+0000] {processor.py:183} INFO - Processing /opt/airflow/dags/telegraph_dag.py took 6.531 seconds
[2026-05-13T13:58:44.958+0000] {processor.py:161} INFO - Started process (PID=1336) to work on /opt/airflow/dags/telegraph_dag.py
[2026-05-13T13:58:45.049+0000] {processor.py:830} INFO - Processing file /opt/airflow/dags/telegraph_dag.py for tasks to queue
[2026-05-13T13:58:45.266+0000] {logging_mixin.py:188} INFO - [2026-05-13T13:58:45.264+0000] {dagbag.py:540} INFO - Filling up the DagBag from /opt/airflow/dags/telegraph_dag.py
[2026-05-13T13:58:52.649+0000] {processor.py:840} INFO - DAG(s) 'telegraph_scraper' retrieved from /opt/airflow/dags/telegraph_dag.py
[2026-05-13T13:58:53.999+0000] {logging_mixin.py:188} INFO - [2026-05-13T13:58:53.998+0000] {dag.py:3047} INFO - Sync 1 DAGs
[2026-05-13T13:58:56.251+0000] {logging_mixin.py:188} INFO - [2026-05-13T13:58:56.238+0000] {dag.py:3834} INFO - Setting next_dagrun for telegraph_scraper to 2026-05-13 00:00:00+00:00, run_after=2026-05-14 00:00:00+00:00
[2026-05-13T13:58:58.071+0000] {processor.py:183} INFO - Processing /opt/airflow/dags/telegraph_dag.py took 13.322 seconds
[2026-05-13T14:00:07.736+0000] {processor.py:161} INFO - Started process (PID=1366) to work on /opt/airflow/dags/telegraph_dag.py
[2026-05-13T14:00:07.753+0000] {processor.py:830} INFO - Processing file /opt/airflow/dags/telegraph_dag.py for tasks to queue
[2026-05-13T14:00:07.807+0000] {logging_mixin.py:188} INFO - [2026-05-13T14:00:07.760+0000] {dagbag.py:540} INFO - Filling up the DagBag from /opt/airflow/dags/telegraph_dag.py
[2026-05-13T14:00:11.616+0000] {processor.py:840} INFO - DAG(s) 'telegraph_scraper' retrieved from /opt/airflow/dags/telegraph_dag.py
[2026-05-13T14:00:12.319+0000] {logging_mixin.py:188} INFO - [2026-05-13T14:00:12.317+0000] {dag.py:3047} INFO - Sync 1 DAGs
[2026-05-13T14:00:12.600+0000] {logging_mixin.py:188} INFO - [2026-05-13T14:00:12.600+0000] {dag.py:3834} INFO - Setting next_dagrun for telegraph_scraper to 2026-05-13 00:00:00+00:00, run_after=2026-05-14 00:00:00+00:00
[2026-05-13T14:00:15.679+0000] {processor.py:183} INFO - Processing /opt/airflow/dags/telegraph_dag.py took 7.979 seconds
[2026-05-13T14:00:52.923+0000] {processor.py:161} INFO - Started process (PID=1398) to work on /opt/airflow/dags/telegraph_dag.py
[2026-05-13T14:00:52.959+0000] {processor.py:830} INFO - Processing file /opt/airflow/dags/telegraph_dag.py for tasks to queue
[2026-05-13T14:00:52.981+0000] {logging_mixin.py:188} INFO - [2026-05-13T14:00:52.979+0000] {dagbag.py:540} INFO - Filling up the DagBag from /opt/airflow/dags/telegraph_dag.py
[2026-05-13T14:00:54.047+0000] {processor.py:840} INFO - DAG(s) 'telegraph_scraper' retrieved from /opt/airflow/dags/telegraph_dag.py
[2026-05-13T14:00:54.869+0000] {logging_mixin.py:188} INFO - [2026-05-13T14:00:54.868+0000] {dag.py:3047} INFO - Sync 1 DAGs
[2026-05-13T14:00:55.024+0000] {logging_mixin.py:188} INFO - [2026-05-13T14:00:55.023+0000] {dag.py:3834} INFO - Setting next_dagrun for telegraph_scraper to 2026-05-13 00:00:00+00:00, run_after=2026-05-14 00:00:00+00:00
[2026-05-13T14:00:55.441+0000] {processor.py:183} INFO - Processing /opt/airflow/dags/telegraph_dag.py took 2.648 seconds
[2026-05-13T14:01:26.177+0000] {processor.py:161} INFO - Started process (PID=1431) to work on /opt/airflow/dags/telegraph_dag.py
[2026-05-13T14:01:26.185+0000] {processor.py:830} INFO - Processing file /opt/airflow/dags/telegraph_dag.py for tasks to queue
[2026-05-13T14:01:26.199+0000] {logging_mixin.py:188} INFO - [2026-05-13T14:01:26.198+0000] {dagbag.py:540} INFO - Filling up the DagBag from /opt/airflow/dags/telegraph_dag.py
[2026-05-13T14:01:26.548+0000] {processor.py:840} INFO - DAG(s) 'telegraph_scraper' retrieved from /opt/airflow/dags/telegraph_dag.py
[2026-05-13T14:01:28.265+0000] {logging_mixin.py:188} INFO - [2026-05-13T14:01:28.265+0000] {dag.py:3047} INFO - Sync 1 DAGs
[2026-05-13T14:01:28.417+0000] {logging_mixin.py:188} INFO - [2026-05-13T14:01:28.417+0000] {dag.py:3834} INFO - Setting next_dagrun for telegraph_scraper to 2026-05-13 00:00:00+00:00, run_after=2026-05-14 00:00:00+00:00
[2026-05-13T14:01:28.598+0000] {processor.py:183} INFO - Processing /opt/airflow/dags/telegraph_dag.py took 2.447 seconds
[2026-05-13T14:02:02.998+0000] {processor.py:161} INFO - Started process (PID=1466) to work on /opt/airflow/dags/telegraph_dag.py
[2026-05-13T14:02:03.014+0000] {processor.py:830} INFO - Processing file /opt/airflow/dags/telegraph_dag.py for tasks to queue
[2026-05-13T14:02:03.026+0000] {logging_mixin.py:188} INFO - [2026-05-13T14:02:03.020+0000] {dagbag.py:540} INFO - Filling up the DagBag from /opt/airflow/dags/telegraph_dag.py
[2026-05-13T14:02:03.492+0000] {processor.py:840} INFO - DAG(s) 'telegraph_scraper' retrieved from /opt/airflow/dags/telegraph_dag.py
[2026-05-13T14:02:05.108+0000] {logging_mixin.py:188} INFO - [2026-05-13T14:02:05.103+0000] {dag.py:3047} INFO - Sync 1 DAGs
[2026-05-13T14:02:05.583+0000] {logging_mixin.py:188} INFO - [2026-05-13T14:02:05.582+0000] {dag.py:3834} INFO - Setting next_dagrun for telegraph_scraper to 2026-05-13 00:00:00+00:00, run_after=2026-05-14 00:00:00+00:00
[2026-05-13T14:02:06.265+0000] {processor.py:183} INFO - Processing /opt/airflow/dags/telegraph_dag.py took 3.353 seconds
[2026-05-13T14:02:40.241+0000] {processor.py:161} INFO - Started process (PID=1497) to work on /opt/airflow/dags/telegraph_dag.py
[2026-05-13T14:02:40.270+0000] {processor.py:830} INFO - Processing file /opt/airflow/dags/telegraph_dag.py for tasks to queue
[2026-05-13T14:02:40.417+0000] {logging_mixin.py:188} INFO - [2026-05-13T14:02:40.415+0000] {dagbag.py:540} INFO - Filling up the DagBag from /opt/airflow/dags/telegraph_dag.py
[2026-05-13T14:02:41.815+0000] {processor.py:840} INFO - DAG(s) 'telegraph_scraper' retrieved from /opt/airflow/dags/telegraph_dag.py
[2026-05-13T14:02:42.485+0000] {logging_mixin.py:188} INFO - [2026-05-13T14:02:42.484+0000] {dag.py:3047} INFO - Sync 1 DAGs
[2026-05-13T14:02:43.412+0000] {logging_mixin.py:188} INFO - [2026-05-13T14:02:43.367+0000] {dag.py:3834} INFO - Setting next_dagrun for telegraph_scraper to 2026-05-13 00:00:00+00:00, run_after=2026-05-14 00:00:00+00:00
[2026-05-13T14:02:44.676+0000] {processor.py:183} INFO - Processing /opt/airflow/dags/telegraph_dag.py took 4.554 seconds
[2026-05-13T14:03:16.775+0000] {processor.py:161} INFO - Started process (PID=1530) to work on /opt/airflow/dags/telegraph_dag.py
[2026-05-13T14:03:16.821+0000] {processor.py:830} INFO - Processing file /opt/airflow/dags/telegraph_dag.py for tasks to queue
[2026-05-13T14:03:16.855+0000] {logging_mixin.py:188} INFO - [2026-05-13T14:03:16.854+0000] {dagbag.py:540} INFO - Filling up the DagBag from /opt/airflow/dags/telegraph_dag.py
[2026-05-13T14:03:18.441+0000] {processor.py:840} INFO - DAG(s) 'telegraph_scraper' retrieved from /opt/airflow/dags/telegraph_dag.py
[2026-05-13T14:03:19.256+0000] {logging_mixin.py:188} INFO - [2026-05-13T14:03:19.255+0000] {dag.py:3047} INFO - Sync 1 DAGs
[2026-05-13T14:03:19.697+0000] {logging_mixin.py:188} INFO - [2026-05-13T14:03:19.696+0000] {dag.py:3834} INFO - Setting next_dagrun for telegraph_scraper to 2026-05-13 00:00:00+00:00, run_after=2026-05-14 00:00:00+00:00
[2026-05-13T14:03:20.338+0000] {processor.py:183} INFO - Processing /opt/airflow/dags/telegraph_dag.py took 3.641 seconds
[2026-05-13T14:03:51.340+0000] {processor.py:161} INFO - Started process (PID=1560) to work on /opt/airflow/dags/telegraph_dag.py
[2026-05-13T14:03:51.390+0000] {processor.py:830} INFO - Processing file /opt/airflow/dags/telegraph_dag.py for tasks to queue
[2026-05-13T14:03:51.452+0000] {logging_mixin.py:188} INFO - [2026-05-13T14:03:51.451+0000] {dagbag.py:540} INFO - Filling up the DagBag from /opt/airflow/dags/telegraph_dag.py
[2026-05-13T14:03:52.144+0000] {processor.py:840} INFO - DAG(s) 'telegraph_scraper' retrieved from /opt/airflow/dags/telegraph_dag.py
[2026-05-13T14:03:52.274+0000] {logging_mixin.py:188} INFO - [2026-05-13T14:03:52.273+0000] {dag.py:3047} INFO - Sync 1 DAGs
[2026-05-13T14:03:52.518+0000] {logging_mixin.py:188} INFO - [2026-05-13T14:03:52.517+0000] {dag.py:3834} INFO - Setting next_dagrun for telegraph_scraper to 2026-05-13 00:00:00+00:00, run_after=2026-05-14 00:00:00+00:00
[2026-05-13T14:03:52.847+0000] {processor.py:183} INFO - Processing /opt/airflow/dags/telegraph_dag.py took 1.550 seconds
[2026-05-13T14:04:39.974+0000] {processor.py:161} INFO - Started process (PID=1593) to work on /opt/airflow/dags/telegraph_dag.py
[2026-05-13T14:04:39.999+0000] {processor.py:830} INFO - Processing file /opt/airflow/dags/telegraph_dag.py for tasks to queue
[2026-05-13T14:04:40.033+0000] {logging_mixin.py:188} INFO - [2026-05-13T14:04:40.032+0000] {dagbag.py:540} INFO - Filling up the DagBag from /opt/airflow/dags/telegraph_dag.py
[2026-05-13T14:04:44.024+0000] {processor.py:840} INFO - DAG(s) 'telegraph_scraper' retrieved from /opt/airflow/dags/telegraph_dag.py
[2026-05-13T14:04:44.812+0000] {logging_mixin.py:188} INFO - [2026-05-13T14:04:44.784+0000] {dag.py:3047} INFO - Sync 1 DAGs
[2026-05-13T14:04:45.193+0000] {logging_mixin.py:188} INFO - [2026-05-13T14:04:45.181+0000] {dag.py:3834} INFO - Setting next_dagrun for telegraph_scraper to 2026-05-13 00:00:00+00:00, run_after=2026-05-14 00:00:00+00:00
[2026-05-13T14:04:45.909+0000] {processor.py:183} INFO - Processing /opt/airflow/dags/telegraph_dag.py took 5.995 seconds
[2026-05-13T14:05:21.507+0000] {processor.py:161} INFO - Started process (PID=1623) to work on /opt/airflow/dags/telegraph_dag.py
[2026-05-13T14:05:21.586+0000] {processor.py:830} INFO - Processing file /opt/airflow/dags/telegraph_dag.py for tasks to queue
[2026-05-13T14:05:21.679+0000] {logging_mixin.py:188} INFO - [2026-05-13T14:05:21.637+0000] {dagbag.py:540} INFO - Filling up the DagBag from /opt/airflow/dags/telegraph_dag.py
[2026-05-13T14:05:23.689+0000] {processor.py:840} INFO - DAG(s) 'telegraph_scraper' retrieved from /opt/airflow/dags/telegraph_dag.py
[2026-05-13T14:05:25.813+0000] {logging_mixin.py:188} INFO - [2026-05-13T14:05:25.812+0000] {dag.py:3047} INFO - Sync 1 DAGs
[2026-05-13T14:05:26.924+0000] {logging_mixin.py:188} INFO - [2026-05-13T14:05:26.923+0000] {dag.py:3834} INFO - Setting next_dagrun for telegraph_scraper to 2026-05-13 00:00:00+00:00, run_after=2026-05-14 00:00:00+00:00
[2026-05-13T14:05:27.426+0000] {processor.py:183} INFO - Processing /opt/airflow/dags/telegraph_dag.py took 6.060 seconds
[2026-05-13T14:06:00.048+0000] {processor.py:161} INFO - Started process (PID=1653) to work on /opt/airflow/dags/telegraph_dag.py
[2026-05-13T14:06:00.403+0000] {processor.py:830} INFO - Processing file /opt/airflow/dags/telegraph_dag.py for tasks to queue
[2026-05-13T14:06:00.620+0000] {logging_mixin.py:188} INFO - [2026-05-13T14:06:00.619+0000] {dagbag.py:540} INFO - Filling up the DagBag from /opt/airflow/dags/telegraph_dag.py
[2026-05-13T14:06:04.682+0000] {processor.py:840} INFO - DAG(s) 'telegraph_scraper' retrieved from /opt/airflow/dags/telegraph_dag.py
[2026-05-13T14:06:06.302+0000] {logging_mixin.py:188} INFO - [2026-05-13T14:06:06.289+0000] {dag.py:3047} INFO - Sync 1 DAGs
[2026-05-13T14:06:07.182+0000] {logging_mixin.py:188} INFO - [2026-05-13T14:06:07.181+0000] {dag.py:3834} INFO - Setting next_dagrun for telegraph_scraper to 2026-05-13 00:00:00+00:00, run_after=2026-05-14 00:00:00+00:00
[2026-05-13T14:06:07.845+0000] {processor.py:183} INFO - Processing /opt/airflow/dags/telegraph_dag.py took 7.846 seconds
[2026-05-13T14:06:51.688+0000] {processor.py:161} INFO - Started process (PID=1683) to work on /opt/airflow/dags/telegraph_dag.py
[2026-05-13T14:06:51.923+0000] {processor.py:830} INFO - Processing file /opt/airflow/dags/telegraph_dag.py for tasks to queue
[2026-05-13T14:06:52.067+0000] {logging_mixin.py:188} INFO - [2026-05-13T14:06:52.051+0000] {dagbag.py:540} INFO - Filling up the DagBag from /opt/airflow/dags/telegraph_dag.py
[2026-05-13T14:06:54.467+0000] {processor.py:840} INFO - DAG(s) 'telegraph_scraper' retrieved from /opt/airflow/dags/telegraph_dag.py
[2026-05-13T14:06:54.958+0000] {logging_mixin.py:188} INFO - [2026-05-13T14:06:54.957+0000] {dag.py:3047} INFO - Sync 1 DAGs
[2026-05-13T14:06:55.645+0000] {logging_mixin.py:188} INFO - [2026-05-13T14:06:55.644+0000] {dag.py:3834} INFO - Setting next_dagrun for telegraph_scraper to 2026-05-13 00:00:00+00:00, run_after=2026-05-14 00:00:00+00:00
[2026-05-13T14:06:56.179+0000] {processor.py:183} INFO - Processing /opt/airflow/dags/telegraph_dag.py took 4.774 seconds
[2026-05-13T14:07:29.198+0000] {processor.py:161} INFO - Started process (PID=1713) to work on /opt/airflow/dags/telegraph_dag.py
[2026-05-13T14:07:29.257+0000] {processor.py:830} INFO - Processing file /opt/airflow/dags/telegraph_dag.py for tasks to queue
[2026-05-13T14:07:29.276+0000] {logging_mixin.py:188} INFO - [2026-05-13T14:07:29.272+0000] {dagbag.py:540} INFO - Filling up the DagBag from /opt/airflow/dags/telegraph_dag.py
[2026-05-13T14:07:30.829+0000] {processor.py:840} INFO - DAG(s) 'telegraph_scraper' retrieved from /opt/airflow/dags/telegraph_dag.py
[2026-05-13T14:07:31.115+0000] {logging_mixin.py:188} INFO - [2026-05-13T14:07:31.115+0000] {dag.py:3047} INFO - Sync 1 DAGs
[2026-05-13T14:07:31.193+0000] {logging_mixin.py:188} INFO - [2026-05-13T14:07:31.192+0000] {dag.py:3834} INFO - Setting next_dagrun for telegraph_scraper to 2026-05-13 00:00:00+00:00, run_after=2026-05-14 00:00:00+00:00
[2026-05-13T14:07:31.266+0000] {processor.py:183} INFO - Processing /opt/airflow/dags/telegraph_dag.py took 2.156 seconds
[2026-05-13T14:08:07.530+0000] {processor.py:161} INFO - Started process (PID=1743) to work on /opt/airflow/dags/telegraph_dag.py
[2026-05-13T14:08:07.732+0000] {processor.py:830} INFO - Processing file /opt/airflow/dags/telegraph_dag.py for tasks to queue
[2026-05-13T14:08:08.235+0000] {logging_mixin.py:188} INFO - [2026-05-13T14:08:08.233+0000] {dagbag.py:540} INFO - Filling up the DagBag from /opt/airflow/dags/telegraph_dag.py
[2026-05-13T14:08:12.052+0000] {processor.py:840} INFO - DAG(s) 'telegraph_scraper' retrieved from /opt/airflow/dags/telegraph_dag.py
[2026-05-13T14:08:12.440+0000] {logging_mixin.py:188} INFO - [2026-05-13T14:08:12.439+0000] {dag.py:3047} INFO - Sync 1 DAGs
[2026-05-13T14:08:12.714+0000] {logging_mixin.py:188} INFO - [2026-05-13T14:08:12.713+0000] {dag.py:3834} INFO - Setting next_dagrun for telegraph_scraper to 2026-05-13 00:00:00+00:00, run_after=2026-05-14 00:00:00+00:00
[2026-05-13T14:08:13.022+0000] {processor.py:183} INFO - Processing /opt/airflow/dags/telegraph_dag.py took 5.515 seconds
[2026-05-13T14:08:44.679+0000] {processor.py:161} INFO - Started process (PID=1776) to work on /opt/airflow/dags/telegraph_dag.py
[2026-05-13T14:08:44.772+0000] {processor.py:830} INFO - Processing file /opt/airflow/dags/telegraph_dag.py for tasks to queue
[2026-05-13T14:08:44.790+0000] {logging_mixin.py:188} INFO - [2026-05-13T14:08:44.789+0000] {dagbag.py:540} INFO - Filling up the DagBag from /opt/airflow/dags/telegraph_dag.py
[2026-05-13T14:08:45.624+0000] {processor.py:840} INFO - DAG(s) 'telegraph_scraper' retrieved from /opt/airflow/dags/telegraph_dag.py
[2026-05-13T14:08:46.498+0000] {logging_mixin.py:188} INFO - [2026-05-13T14:08:46.497+0000] {dag.py:3047} INFO - Sync 1 DAGs
[2026-05-13T14:08:47.160+0000] {logging_mixin.py:188} INFO - [2026-05-13T14:08:47.159+0000] {dag.py:3834} INFO - Setting next_dagrun for telegraph_scraper to 2026-05-13 00:00:00+00:00, run_after=2026-05-14 00:00:00+00:00
[2026-05-13T14:08:47.505+0000] {processor.py:183} INFO - Processing /opt/airflow/dags/telegraph_dag.py took 2.929 seconds
[2026-05-13T14:09:18.760+0000] {processor.py:161} INFO - Started process (PID=1809) to work on /opt/airflow/dags/telegraph_dag.py
[2026-05-13T14:09:18.764+0000] {processor.py:830} INFO - Processing file /opt/airflow/dags/telegraph_dag.py for tasks to queue
[2026-05-13T14:09:18.767+0000] {logging_mixin.py:188} INFO - [2026-05-13T14:09:18.766+0000] {dagbag.py:540} INFO - Filling up the DagBag from /opt/airflow/dags/telegraph_dag.py
[2026-05-13T14:09:18.827+0000] {processor.py:840} INFO - DAG(s) 'telegraph_scraper' retrieved from /opt/airflow/dags/telegraph_dag.py
[2026-05-13T14:09:18.904+0000] {logging_mixin.py:188} INFO - [2026-05-13T14:09:18.903+0000] {dag.py:3047} INFO - Sync 1 DAGs
[2026-05-13T14:09:18.966+0000] {logging_mixin.py:188} INFO - [2026-05-13T14:09:18.966+0000] {dag.py:3834} INFO - Setting next_dagrun for telegraph_scraper to 2026-05-13 00:00:00+00:00, run_after=2026-05-14 00:00:00+00:00
[2026-05-13T14:09:19.042+0000] {processor.py:183} INFO - Processing /opt/airflow/dags/telegraph_dag.py took 0.301 seconds
[2026-05-13T14:09:51.398+0000] {processor.py:161} INFO - Started process (PID=1837) to work on /opt/airflow/dags/telegraph_dag.py
[2026-05-13T14:09:51.450+0000] {processor.py:830} INFO - Processing file /opt/airflow/dags/telegraph_dag.py for tasks to queue
[2026-05-13T14:09:51.463+0000] {logging_mixin.py:188} INFO - [2026-05-13T14:09:51.462+0000] {dagbag.py:540} INFO - Filling up the DagBag from /opt/airflow/dags/telegraph_dag.py
[2026-05-13T14:09:51.704+0000] {processor.py:840} INFO - DAG(s) 'telegraph_scraper' retrieved from /opt/airflow/dags/telegraph_dag.py
[2026-05-13T14:09:51.848+0000] {logging_mixin.py:188} INFO - [2026-05-13T14:09:51.848+0000] {dag.py:3047} INFO - Sync 1 DAGs
[2026-05-13T14:09:52.063+0000] {logging_mixin.py:188} INFO - [2026-05-13T14:09:52.062+0000] {dag.py:3834} INFO - Setting next_dagrun for telegraph_scraper to 2026-05-13 00:00:00+00:00, run_after=2026-05-14 00:00:00+00:00
[2026-05-13T14:09:52.322+0000] {processor.py:183} INFO - Processing /opt/airflow/dags/telegraph_dag.py took 0.984 seconds
[2026-05-13T14:10:29.840+0000] {processor.py:161} INFO - Started process (PID=1874) to work on /opt/airflow/dags/telegraph_dag.py
[2026-05-13T14:10:29.855+0000] {processor.py:830} INFO - Processing file /opt/airflow/dags/telegraph_dag.py for tasks to queue
[2026-05-13T14:10:29.875+0000] {logging_mixin.py:188} INFO - [2026-05-13T14:10:29.871+0000] {dagbag.py:540} INFO - Filling up the DagBag from /opt/airflow/dags/telegraph_dag.py
[2026-05-13T14:10:30.497+0000] {processor.py:840} INFO - DAG(s) 'telegraph_scraper' retrieved from /opt/airflow/dags/telegraph_dag.py
[2026-05-13T14:10:30.950+0000] {logging_mixin.py:188} INFO - [2026-05-13T14:10:30.950+0000] {dag.py:3047} INFO - Sync 1 DAGs
[2026-05-13T14:10:31.196+0000] {logging_mixin.py:188} INFO - [2026-05-13T14:10:31.190+0000] {dag.py:3834} INFO - Setting next_dagrun for telegraph_scraper to 2026-05-13 00:00:00+00:00, run_after=2026-05-14 00:00:00+00:00
[2026-05-13T14:10:31.463+0000] {processor.py:183} INFO - Processing /opt/airflow/dags/telegraph_dag.py took 1.656 seconds
[2026-05-13T14:11:01.951+0000] {processor.py:161} INFO - Started process (PID=1908) to work on /opt/airflow/dags/telegraph_dag.py
[2026-05-13T14:11:01.955+0000] {processor.py:830} INFO - Processing file /opt/airflow/dags/telegraph_dag.py for tasks to queue
[2026-05-13T14:11:01.958+0000] {logging_mixin.py:188} INFO - [2026-05-13T14:11:01.957+0000] {dagbag.py:540} INFO - Filling up the DagBag from /opt/airflow/dags/telegraph_dag.py
[2026-05-13T14:11:02.015+0000] {processor.py:840} INFO - DAG(s) 'telegraph_scraper' retrieved from /opt/airflow/dags/telegraph_dag.py
[2026-05-13T14:11:02.085+0000] {logging_mixin.py:188} INFO - [2026-05-13T14:11:02.084+0000] {dag.py:3047} INFO - Sync 1 DAGs
[2026-05-13T14:11:02.240+0000] {logging_mixin.py:188} INFO - [2026-05-13T14:11:02.239+0000] {dag.py:3834} INFO - Setting next_dagrun for telegraph_scraper to 2026-05-13 00:00:00+00:00, run_after=2026-05-14 00:00:00+00:00
[2026-05-13T14:11:02.434+0000] {processor.py:183} INFO - Processing /opt/airflow/dags/telegraph_dag.py took 0.494 seconds
[2026-05-13T14:11:33.622+0000] {processor.py:161} INFO - Started process (PID=1938) to work on /opt/airflow/dags/telegraph_dag.py
[2026-05-13T14:11:33.627+0000] {processor.py:830} INFO - Processing file /opt/airflow/dags/telegraph_dag.py for tasks to queue
[2026-05-13T14:11:33.631+0000] {logging_mixin.py:188} INFO - [2026-05-13T14:11:33.630+0000] {dagbag.py:540} INFO - Filling up the DagBag from /opt/airflow/dags/telegraph_dag.py
[2026-05-13T14:11:33.703+0000] {processor.py:840} INFO - DAG(s) 'telegraph_scraper' retrieved from /opt/airflow/dags/telegraph_dag.py
[2026-05-13T14:11:33.793+0000] {logging_mixin.py:188} INFO - [2026-05-13T14:11:33.792+0000] {dag.py:3047} INFO - Sync 1 DAGs
[2026-05-13T14:11:33.891+0000] {logging_mixin.py:188} INFO - [2026-05-13T14:11:33.890+0000] {dag.py:3834} INFO - Setting next_dagrun for telegraph_scraper to 2026-05-13 00:00:00+00:00, run_after=2026-05-14 00:00:00+00:00
[2026-05-13T14:11:33.978+0000] {processor.py:183} INFO - Processing /opt/airflow/dags/telegraph_dag.py took 0.368 seconds
[2026-05-13T14:12:28.921+0000] {processor.py:161} INFO - Started process (PID=1977) to work on /opt/airflow/dags/telegraph_dag.py
[2026-05-13T14:12:28.972+0000] {processor.py:830} INFO - Processing file /opt/airflow/dags/telegraph_dag.py for tasks to queue
[2026-05-13T14:12:29.021+0000] {logging_mixin.py:188} INFO - [2026-05-13T14:12:29.020+0000] {dagbag.py:540} INFO - Filling up the DagBag from /opt/airflow/dags/telegraph_dag.py
[2026-05-13T14:12:31.554+0000] {processor.py:840} INFO - DAG(s) 'telegraph_scraper' retrieved from /opt/airflow/dags/telegraph_dag.py
[2026-05-13T14:12:31.806+0000] {logging_mixin.py:188} INFO - [2026-05-13T14:12:31.805+0000] {dag.py:3047} INFO - Sync 1 DAGs
[2026-05-13T14:12:32.173+0000] {logging_mixin.py:188} INFO - [2026-05-13T14:12:32.173+0000] {dag.py:3834} INFO - Setting next_dagrun for telegraph_scraper to 2026-05-13 00:00:00+00:00, run_after=2026-05-14 00:00:00+00:00
[2026-05-13T14:12:32.522+0000] {processor.py:183} INFO - Processing /opt/airflow/dags/telegraph_dag.py took 3.613 seconds
[2026-05-13T14:13:05.176+0000] {processor.py:161} INFO - Started process (PID=2008) to work on /opt/airflow/dags/telegraph_dag.py
[2026-05-13T14:13:05.209+0000] {processor.py:830} INFO - Processing file /opt/airflow/dags/telegraph_dag.py for tasks to queue
[2026-05-13T14:13:05.225+0000] {logging_mixin.py:188} INFO - [2026-05-13T14:13:05.224+0000] {dagbag.py:540} INFO - Filling up the DagBag from /opt/airflow/dags/telegraph_dag.py
[2026-05-13T14:13:05.558+0000] {processor.py:840} INFO - DAG(s) 'telegraph_scraper' retrieved from /opt/airflow/dags/telegraph_dag.py
[2026-05-13T14:13:05.819+0000] {logging_mixin.py:188} INFO - [2026-05-13T14:13:05.806+0000] {dag.py:3047} INFO - Sync 1 DAGs
[2026-05-13T14:13:06.033+0000] {logging_mixin.py:188} INFO - [2026-05-13T14:13:06.032+0000] {dag.py:3834} INFO - Setting next_dagrun for telegraph_scraper to 2026-05-13 00:00:00+00:00, run_after=2026-05-14 00:00:00+00:00
[2026-05-13T14:13:06.300+0000] {processor.py:183} INFO - Processing /opt/airflow/dags/telegraph_dag.py took 1.134 seconds
[2026-05-13T14:13:44.742+0000] {processor.py:161} INFO - Started process (PID=2041) to work on /opt/airflow/dags/telegraph_dag.py
[2026-05-13T14:13:44.810+0000] {processor.py:830} INFO - Processing file /opt/airflow/dags/telegraph_dag.py for tasks to queue
[2026-05-13T14:13:44.871+0000] {logging_mixin.py:188} INFO - [2026-05-13T14:13:44.870+0000] {dagbag.py:540} INFO - Filling up the DagBag from /opt/airflow/dags/telegraph_dag.py
[2026-05-13T14:13:51.140+0000] {processor.py:840} INFO - DAG(s) 'telegraph_scraper' retrieved from /opt/airflow/dags/telegraph_dag.py
[2026-05-13T14:13:51.350+0000] {logging_mixin.py:188} INFO - [2026-05-13T14:13:51.350+0000] {dag.py:3047} INFO - Sync 1 DAGs
[2026-05-13T14:13:52.042+0000] {logging_mixin.py:188} INFO - [2026-05-13T14:13:52.031+0000] {dag.py:3834} INFO - Setting next_dagrun for telegraph_scraper to 2026-05-13 00:00:00+00:00, run_after=2026-05-14 00:00:00+00:00
[2026-05-13T14:13:52.647+0000] {processor.py:183} INFO - Processing /opt/airflow/dags/telegraph_dag.py took 7.925 seconds
[2026-05-13T14:14:53.885+0000] {processor.py:161} INFO - Started process (PID=2071) to work on /opt/airflow/dags/telegraph_dag.py
[2026-05-13T14:14:53.915+0000] {processor.py:830} INFO - Processing file /opt/airflow/dags/telegraph_dag.py for tasks to queue
[2026-05-13T14:14:53.927+0000] {logging_mixin.py:188} INFO - [2026-05-13T14:14:53.926+0000] {dagbag.py:540} INFO - Filling up the DagBag from /opt/airflow/dags/telegraph_dag.py
[2026-05-13T14:14:55.241+0000] {processor.py:840} INFO - DAG(s) 'telegraph_scraper' retrieved from /opt/airflow/dags/telegraph_dag.py
[2026-05-13T14:14:55.562+0000] {logging_mixin.py:188} INFO - [2026-05-13T14:14:55.562+0000] {dag.py:3047} INFO - Sync 1 DAGs
[2026-05-13T14:14:55.966+0000] {logging_mixin.py:188} INFO - [2026-05-13T14:14:55.940+0000] {dag.py:3834} INFO - Setting next_dagrun for telegraph_scraper to 2026-05-13 00:00:00+00:00, run_after=2026-05-14 00:00:00+00:00
[2026-05-13T14:14:56.691+0000] {processor.py:183} INFO - Processing /opt/airflow/dags/telegraph_dag.py took 2.814 seconds
[2026-05-13T14:15:32.745+0000] {processor.py:161} INFO - Started process (PID=2101) to work on /opt/airflow/dags/telegraph_dag.py
[2026-05-13T14:15:32.785+0000] {processor.py:830} INFO - Processing file /opt/airflow/dags/telegraph_dag.py for tasks to queue
[2026-05-13T14:15:32.799+0000] {logging_mixin.py:188} INFO - [2026-05-13T14:15:32.798+0000] {dagbag.py:540} INFO - Filling up the DagBag from /opt/airflow/dags/telegraph_dag.py
[2026-05-13T14:15:35.749+0000] {processor.py:840} INFO - DAG(s) 'telegraph_scraper' retrieved from /opt/airflow/dags/telegraph_dag.py
[2026-05-13T14:15:36.302+0000] {logging_mixin.py:188} INFO - [2026-05-13T14:15:36.301+0000] {dag.py:3047} INFO - Sync 1 DAGs
[2026-05-13T14:15:36.692+0000] {logging_mixin.py:188} INFO - [2026-05-13T14:15:36.691+0000] {dag.py:3834} INFO - Setting next_dagrun for telegraph_scraper to 2026-05-13 00:00:00+00:00, run_after=2026-05-14 00:00:00+00:00
[2026-05-13T14:15:37.049+0000] {processor.py:183} INFO - Processing /opt/airflow/dags/telegraph_dag.py took 4.326 seconds
[2026-05-13T14:35:42.168+0000] {processor.py:161} INFO - Started process (PID=76) to work on /opt/airflow/dags/telegraph_dag.py
[2026-05-13T14:35:42.183+0000] {processor.py:830} INFO - Processing file /opt/airflow/dags/telegraph_dag.py for tasks to queue
[2026-05-13T14:35:42.191+0000] {logging_mixin.py:188} INFO - [2026-05-13T14:35:42.189+0000] {dagbag.py:540} INFO - Filling up the DagBag from /opt/airflow/dags/telegraph_dag.py
[2026-05-13T14:35:42.588+0000] {processor.py:840} INFO - DAG(s) 'telegraph_scraper' retrieved from /opt/airflow/dags/telegraph_dag.py
[2026-05-13T14:35:43.420+0000] {logging_mixin.py:188} INFO - [2026-05-13T14:35:43.419+0000] {override.py:1769} INFO - Created Permission View: can read on DAG:telegraph_scraper
[2026-05-13T14:35:43.508+0000] {logging_mixin.py:188} INFO - [2026-05-13T14:35:43.508+0000] {override.py:1769} INFO - Created Permission View: can delete on DAG:telegraph_scraper
[2026-05-13T14:35:43.542+0000] {logging_mixin.py:188} INFO - [2026-05-13T14:35:43.541+0000] {override.py:1769} INFO - Created Permission View: can edit on DAG:telegraph_scraper
[2026-05-13T14:35:43.544+0000] {logging_mixin.py:188} INFO - [2026-05-13T14:35:43.544+0000] {dag.py:3047} INFO - Sync 1 DAGs
[2026-05-13T14:35:43.614+0000] {logging_mixin.py:188} WARNING - /home/airflow/.local/lib/python3.8/site-packages/airflow/models/dag.py:3585 DeprecationWarning: The dag_concurrency option in [core] has been renamed to max_active_tasks_per_dag - the old setting has been used, but please update your config.
[2026-05-13T14:35:43.617+0000] {logging_mixin.py:188} INFO - [2026-05-13T14:35:43.616+0000] {dag.py:3069} INFO - Creating ORM DAG for telegraph_scraper
[2026-05-13T14:35:43.706+0000] {logging_mixin.py:188} INFO - [2026-05-13T14:35:43.693+0000] {dag.py:3834} INFO - Setting next_dagrun for telegraph_scraper to 2026-05-12 00:00:00+00:00, run_after=2026-05-13 00:00:00+00:00
[2026-05-13T14:35:43.937+0000] {processor.py:183} INFO - Processing /opt/airflow/dags/telegraph_dag.py took 1.806 seconds
[2026-05-13T14:36:14.639+0000] {processor.py:161} INFO - Started process (PID=106) to work on /opt/airflow/dags/telegraph_dag.py
[2026-05-13T14:36:14.642+0000] {processor.py:830} INFO - Processing file /opt/airflow/dags/telegraph_dag.py for tasks to queue
[2026-05-13T14:36:14.645+0000] {logging_mixin.py:188} INFO - [2026-05-13T14:36:14.644+0000] {dagbag.py:540} INFO - Filling up the DagBag from /opt/airflow/dags/telegraph_dag.py
[2026-05-13T14:36:14.739+0000] {processor.py:840} INFO - DAG(s) 'telegraph_scraper' retrieved from /opt/airflow/dags/telegraph_dag.py
[2026-05-13T14:36:14.913+0000] {logging_mixin.py:188} INFO - [2026-05-13T14:36:14.913+0000] {dag.py:3047} INFO - Sync 1 DAGs
[2026-05-13T14:36:15.005+0000] {logging_mixin.py:188} INFO - [2026-05-13T14:36:15.005+0000] {dag.py:3834} INFO - Setting next_dagrun for telegraph_scraper to 2026-05-12 00:00:00+00:00, run_after=2026-05-13 00:00:00+00:00
[2026-05-13T14:36:15.084+0000] {processor.py:183} INFO - Processing /opt/airflow/dags/telegraph_dag.py took 0.460 seconds
[2026-05-13T14:36:45.440+0000] {processor.py:161} INFO - Started process (PID=136) to work on /opt/airflow/dags/telegraph_dag.py
[2026-05-13T14:36:45.450+0000] {processor.py:830} INFO - Processing file /opt/airflow/dags/telegraph_dag.py for tasks to queue
[2026-05-13T14:36:45.453+0000] {logging_mixin.py:188} INFO - [2026-05-13T14:36:45.452+0000] {dagbag.py:540} INFO - Filling up the DagBag from /opt/airflow/dags/telegraph_dag.py
[2026-05-13T14:36:45.586+0000] {processor.py:840} INFO - DAG(s) 'telegraph_scraper' retrieved from /opt/airflow/dags/telegraph_dag.py
[2026-05-13T14:36:45.743+0000] {logging_mixin.py:188} INFO - [2026-05-13T14:36:45.742+0000] {dag.py:3047} INFO - Sync 1 DAGs
[2026-05-13T14:36:45.864+0000] {logging_mixin.py:188} INFO - [2026-05-13T14:36:45.864+0000] {dag.py:3834} INFO - Setting next_dagrun for telegraph_scraper to 2026-05-12 00:00:00+00:00, run_after=2026-05-13 00:00:00+00:00
[2026-05-13T14:36:45.982+0000] {processor.py:183} INFO - Processing /opt/airflow/dags/telegraph_dag.py took 0.551 seconds
[2026-05-13T14:37:18.702+0000] {processor.py:161} INFO - Started process (PID=166) to work on /opt/airflow/dags/telegraph_dag.py
[2026-05-13T14:37:18.711+0000] {processor.py:830} INFO - Processing file /opt/airflow/dags/telegraph_dag.py for tasks to queue
[2026-05-13T14:37:18.725+0000] {logging_mixin.py:188} INFO - [2026-05-13T14:37:18.724+0000] {dagbag.py:540} INFO - Filling up the DagBag from /opt/airflow/dags/telegraph_dag.py
[2026-05-13T14:37:18.903+0000] {processor.py:840} INFO - DAG(s) 'telegraph_scraper' retrieved from /opt/airflow/dags/telegraph_dag.py
[2026-05-13T14:37:19.075+0000] {logging_mixin.py:188} INFO - [2026-05-13T14:37:19.075+0000] {dag.py:3047} INFO - Sync 1 DAGs
[2026-05-13T14:37:19.237+0000] {logging_mixin.py:188} INFO - [2026-05-13T14:37:19.237+0000] {dag.py:3834} INFO - Setting next_dagrun for telegraph_scraper to 2026-05-12 00:00:00+00:00, run_after=2026-05-13 00:00:00+00:00
[2026-05-13T14:37:19.387+0000] {processor.py:183} INFO - Processing /opt/airflow/dags/telegraph_dag.py took 0.728 seconds
[2026-05-13T14:37:50.926+0000] {processor.py:161} INFO - Started process (PID=196) to work on /opt/airflow/dags/telegraph_dag.py
[2026-05-13T14:37:50.929+0000] {processor.py:830} INFO - Processing file /opt/airflow/dags/telegraph_dag.py for tasks to queue
[2026-05-13T14:37:50.934+0000] {logging_mixin.py:188} INFO - [2026-05-13T14:37:50.933+0000] {dagbag.py:540} INFO - Filling up the DagBag from /opt/airflow/dags/telegraph_dag.py
[2026-05-13T14:37:51.071+0000] {processor.py:840} INFO - DAG(s) 'telegraph_scraper' retrieved from /opt/airflow/dags/telegraph_dag.py
[2026-05-13T14:37:51.176+0000] {logging_mixin.py:188} INFO - [2026-05-13T14:37:51.175+0000] {dag.py:3047} INFO - Sync 1 DAGs
[2026-05-13T14:37:51.237+0000] {logging_mixin.py:188} INFO - [2026-05-13T14:37:51.236+0000] {dag.py:3834} INFO - Setting next_dagrun for telegraph_scraper to 2026-05-12 00:00:00+00:00, run_after=2026-05-13 00:00:00+00:00
[2026-05-13T14:37:51.291+0000] {processor.py:183} INFO - Processing /opt/airflow/dags/telegraph_dag.py took 0.380 seconds
[2026-05-13T14:38:21.704+0000] {processor.py:161} INFO - Started process (PID=226) to work on /opt/airflow/dags/telegraph_dag.py
[2026-05-13T14:38:21.732+0000] {processor.py:830} INFO - Processing file /opt/airflow/dags/telegraph_dag.py for tasks to queue
[2026-05-13T14:38:21.736+0000] {logging_mixin.py:188} INFO - [2026-05-13T14:38:21.735+0000] {dagbag.py:540} INFO - Filling up the DagBag from /opt/airflow/dags/telegraph_dag.py
[2026-05-13T14:38:21.790+0000] {processor.py:840} INFO - DAG(s) 'telegraph_scraper' retrieved from /opt/airflow/dags/telegraph_dag.py
[2026-05-13T14:38:21.852+0000] {logging_mixin.py:188} INFO - [2026-05-13T14:38:21.851+0000] {dag.py:3047} INFO - Sync 1 DAGs
[2026-05-13T14:38:21.911+0000] {logging_mixin.py:188} INFO - [2026-05-13T14:38:21.911+0000] {dag.py:3834} INFO - Setting next_dagrun for telegraph_scraper to 2026-05-12 00:00:00+00:00, run_after=2026-05-13 00:00:00+00:00
[2026-05-13T14:38:21.963+0000] {processor.py:183} INFO - Processing /opt/airflow/dags/telegraph_dag.py took 0.281 seconds
[2026-05-13T14:38:53.138+0000] {processor.py:161} INFO - Started process (PID=258) to work on /opt/airflow/dags/telegraph_dag.py
[2026-05-13T14:38:53.141+0000] {processor.py:830} INFO - Processing file /opt/airflow/dags/telegraph_dag.py for tasks to queue
[2026-05-13T14:38:53.145+0000] {logging_mixin.py:188} INFO - [2026-05-13T14:38:53.144+0000] {dagbag.py:540} INFO - Filling up the DagBag from /opt/airflow/dags/telegraph_dag.py
[2026-05-13T14:38:53.204+0000] {processor.py:840} INFO - DAG(s) 'telegraph_scraper' retrieved from /opt/airflow/dags/telegraph_dag.py
[2026-05-13T14:38:53.276+0000] {logging_mixin.py:188} INFO - [2026-05-13T14:38:53.276+0000] {dag.py:3047} INFO - Sync 1 DAGs
[2026-05-13T14:38:53.341+0000] {logging_mixin.py:188} INFO - [2026-05-13T14:38:53.340+0000] {dag.py:3834} INFO - Setting next_dagrun for telegraph_scraper to 2026-05-12 00:00:00+00:00, run_after=2026-05-13 00:00:00+00:00
[2026-05-13T14:38:53.390+0000] {processor.py:183} INFO - Processing /opt/airflow/dags/telegraph_dag.py took 0.262 seconds
[2026-05-13T14:39:24.535+0000] {processor.py:161} INFO - Started process (PID=288) to work on /opt/airflow/dags/telegraph_dag.py
[2026-05-13T14:39:24.538+0000] {processor.py:830} INFO - Processing file /opt/airflow/dags/telegraph_dag.py for tasks to queue
[2026-05-13T14:39:24.543+0000] {logging_mixin.py:188} INFO - [2026-05-13T14:39:24.541+0000] {dagbag.py:540} INFO - Filling up the DagBag from /opt/airflow/dags/telegraph_dag.py
[2026-05-13T14:39:24.604+0000] {processor.py:840} INFO - DAG(s) 'telegraph_scraper' retrieved from /opt/airflow/dags/telegraph_dag.py
[2026-05-13T14:39:24.677+0000] {logging_mixin.py:188} INFO - [2026-05-13T14:39:24.676+0000] {dag.py:3047} INFO - Sync 1 DAGs
[2026-05-13T14:39:24.736+0000] {logging_mixin.py:188} INFO - [2026-05-13T14:39:24.736+0000] {dag.py:3834} INFO - Setting next_dagrun for telegraph_scraper to 2026-05-12 00:00:00+00:00, run_after=2026-05-13 00:00:00+00:00
[2026-05-13T14:39:24.789+0000] {processor.py:183} INFO - Processing /opt/airflow/dags/telegraph_dag.py took 0.265 seconds
[2026-05-13T14:39:56.877+0000] {processor.py:161} INFO - Started process (PID=316) to work on /opt/airflow/dags/telegraph_dag.py
[2026-05-13T14:39:56.883+0000] {processor.py:830} INFO - Processing file /opt/airflow/dags/telegraph_dag.py for tasks to queue
[2026-05-13T14:39:56.888+0000] {logging_mixin.py:188} INFO - [2026-05-13T14:39:56.887+0000] {dagbag.py:540} INFO - Filling up the DagBag from /opt/airflow/dags/telegraph_dag.py
[2026-05-13T14:39:56.963+0000] {processor.py:840} INFO - DAG(s) 'telegraph_scraper' retrieved from /opt/airflow/dags/telegraph_dag.py
[2026-05-13T14:39:57.048+0000] {logging_mixin.py:188} INFO - [2026-05-13T14:39:57.047+0000] {dag.py:3047} INFO - Sync 1 DAGs
[2026-05-13T14:39:57.114+0000] {logging_mixin.py:188} INFO - [2026-05-13T14:39:57.114+0000] {dag.py:3834} INFO - Setting next_dagrun for telegraph_scraper to 2026-05-12 00:00:00+00:00, run_after=2026-05-13 00:00:00+00:00
[2026-05-13T14:39:57.165+0000] {processor.py:183} INFO - Processing /opt/airflow/dags/telegraph_dag.py took 0.321 seconds
[2026-05-13T14:40:28.771+0000] {processor.py:161} INFO - Started process (PID=346) to work on /opt/airflow/dags/telegraph_dag.py
[2026-05-13T14:40:28.788+0000] {processor.py:830} INFO - Processing file /opt/airflow/dags/telegraph_dag.py for tasks to queue
[2026-05-13T14:40:28.807+0000] {logging_mixin.py:188} INFO - [2026-05-13T14:40:28.806+0000] {dagbag.py:540} INFO - Filling up the DagBag from /opt/airflow/dags/telegraph_dag.py
[2026-05-13T14:40:28.975+0000] {processor.py:840} INFO - DAG(s) 'telegraph_scraper' retrieved from /opt/airflow/dags/telegraph_dag.py
[2026-05-13T14:40:29.226+0000] {logging_mixin.py:188} INFO - [2026-05-13T14:40:29.215+0000] {dag.py:3047} INFO - Sync 1 DAGs
[2026-05-13T14:40:29.564+0000] {logging_mixin.py:188} INFO - [2026-05-13T14:40:29.563+0000] {dag.py:3834} INFO - Setting next_dagrun for telegraph_scraper to 2026-05-12 00:00:00+00:00, run_after=2026-05-13 00:00:00+00:00
[2026-05-13T14:40:29.864+0000] {processor.py:183} INFO - Processing /opt/airflow/dags/telegraph_dag.py took 1.133 seconds
[2026-05-13T14:41:02.155+0000] {processor.py:161} INFO - Started process (PID=376) to work on /opt/airflow/dags/telegraph_dag.py
[2026-05-13T14:41:02.172+0000] {processor.py:830} INFO - Processing file /opt/airflow/dags/telegraph_dag.py for tasks to queue
[2026-05-13T14:41:02.219+0000] {logging_mixin.py:188} INFO - [2026-05-13T14:41:02.218+0000] {dagbag.py:540} INFO - Filling up the DagBag from /opt/airflow/dags/telegraph_dag.py
[2026-05-13T14:41:02.967+0000] {processor.py:840} INFO - DAG(s) 'telegraph_scraper' retrieved from /opt/airflow/dags/telegraph_dag.py
[2026-05-13T14:41:03.057+0000] {logging_mixin.py:188} INFO - [2026-05-13T14:41:03.057+0000] {dag.py:3047} INFO - Sync 1 DAGs
[2026-05-13T14:41:03.127+0000] {logging_mixin.py:188} INFO - [2026-05-13T14:41:03.126+0000] {dag.py:3834} INFO - Setting next_dagrun for telegraph_scraper to 2026-05-12 00:00:00+00:00, run_after=2026-05-13 00:00:00+00:00
[2026-05-13T14:41:03.227+0000] {processor.py:183} INFO - Processing /opt/airflow/dags/telegraph_dag.py took 1.168 seconds
[2026-05-13T14:41:33.537+0000] {processor.py:161} INFO - Started process (PID=406) to work on /opt/airflow/dags/telegraph_dag.py
[2026-05-13T14:41:33.542+0000] {processor.py:830} INFO - Processing file /opt/airflow/dags/telegraph_dag.py for tasks to queue
[2026-05-13T14:41:33.546+0000] {logging_mixin.py:188} INFO - [2026-05-13T14:41:33.545+0000] {dagbag.py:540} INFO - Filling up the DagBag from /opt/airflow/dags/telegraph_dag.py
[2026-05-13T14:41:33.651+0000] {processor.py:840} INFO - DAG(s) 'telegraph_scraper' retrieved from /opt/airflow/dags/telegraph_dag.py
[2026-05-13T14:41:33.848+0000] {logging_mixin.py:188} INFO - [2026-05-13T14:41:33.848+0000] {dag.py:3047} INFO - Sync 1 DAGs
[2026-05-13T14:41:33.936+0000] {logging_mixin.py:188} INFO - [2026-05-13T14:41:33.935+0000] {dag.py:3834} INFO - Setting next_dagrun for telegraph_scraper to 2026-05-12 00:00:00+00:00, run_after=2026-05-13 00:00:00+00:00
[2026-05-13T14:41:34.020+0000] {processor.py:183} INFO - Processing /opt/airflow/dags/telegraph_dag.py took 0.499 seconds
[2026-05-13T14:42:05.764+0000] {processor.py:161} INFO - Started process (PID=436) to work on /opt/airflow/dags/telegraph_dag.py
[2026-05-13T14:42:05.768+0000] {processor.py:830} INFO - Processing file /opt/airflow/dags/telegraph_dag.py for tasks to queue
[2026-05-13T14:42:05.774+0000] {logging_mixin.py:188} INFO - [2026-05-13T14:42:05.773+0000] {dagbag.py:540} INFO - Filling up the DagBag from /opt/airflow/dags/telegraph_dag.py
[2026-05-13T14:42:05.964+0000] {processor.py:840} INFO - DAG(s) 'telegraph_scraper' retrieved from /opt/airflow/dags/telegraph_dag.py
[2026-05-13T14:42:06.091+0000] {logging_mixin.py:188} INFO - [2026-05-13T14:42:06.090+0000] {dag.py:3047} INFO - Sync 1 DAGs
[2026-05-13T14:42:06.180+0000] {logging_mixin.py:188} INFO - [2026-05-13T14:42:06.180+0000] {dag.py:3834} INFO - Setting next_dagrun for telegraph_scraper to 2026-05-12 00:00:00+00:00, run_after=2026-05-13 00:00:00+00:00
[2026-05-13T14:42:06.292+0000] {processor.py:183} INFO - Processing /opt/airflow/dags/telegraph_dag.py took 0.546 seconds
[2026-05-13T14:42:41.094+0000] {processor.py:161} INFO - Started process (PID=466) to work on /opt/airflow/dags/telegraph_dag.py
[2026-05-13T14:42:41.108+0000] {processor.py:830} INFO - Processing file /opt/airflow/dags/telegraph_dag.py for tasks to queue
[2026-05-13T14:42:41.119+0000] {logging_mixin.py:188} INFO - [2026-05-13T14:42:41.117+0000] {dagbag.py:540} INFO - Filling up the DagBag from /opt/airflow/dags/telegraph_dag.py
[2026-05-13T14:42:42.127+0000] {processor.py:840} INFO - DAG(s) 'telegraph_scraper' retrieved from /opt/airflow/dags/telegraph_dag.py
[2026-05-13T14:42:42.391+0000] {logging_mixin.py:188} INFO - [2026-05-13T14:42:42.391+0000] {dag.py:3047} INFO - Sync 1 DAGs
[2026-05-13T14:42:42.601+0000] {logging_mixin.py:188} INFO - [2026-05-13T14:42:42.600+0000] {dag.py:3834} INFO - Setting next_dagrun for telegraph_scraper to 2026-05-12 00:00:00+00:00, run_after=2026-05-13 00:00:00+00:00
[2026-05-13T14:42:42.781+0000] {processor.py:183} INFO - Processing /opt/airflow/dags/telegraph_dag.py took 1.708 seconds
[2026-05-13T14:43:14.702+0000] {processor.py:161} INFO - Started process (PID=496) to work on /opt/airflow/dags/telegraph_dag.py
[2026-05-13T14:43:14.813+0000] {processor.py:830} INFO - Processing file /opt/airflow/dags/telegraph_dag.py for tasks to queue
[2026-05-13T14:43:14.856+0000] {logging_mixin.py:188} INFO - [2026-05-13T14:43:14.855+0000] {dagbag.py:540} INFO - Filling up the DagBag from /opt/airflow/dags/telegraph_dag.py
[2026-05-13T14:43:16.546+0000] {processor.py:840} INFO - DAG(s) 'telegraph_scraper' retrieved from /opt/airflow/dags/telegraph_dag.py
[2026-05-13T14:43:16.774+0000] {logging_mixin.py:188} INFO - [2026-05-13T14:43:16.773+0000] {dag.py:3047} INFO - Sync 1 DAGs
[2026-05-13T14:43:17.237+0000] {logging_mixin.py:188} INFO - [2026-05-13T14:43:17.236+0000] {dag.py:3834} INFO - Setting next_dagrun for telegraph_scraper to 2026-05-12 00:00:00+00:00, run_after=2026-05-13 00:00:00+00:00
[2026-05-13T14:43:17.568+0000] {processor.py:183} INFO - Processing /opt/airflow/dags/telegraph_dag.py took 2.883 seconds
[2026-05-13T14:43:59.236+0000] {processor.py:161} INFO - Started process (PID=526) to work on /opt/airflow/dags/telegraph_dag.py
[2026-05-13T14:43:59.266+0000] {processor.py:830} INFO - Processing file /opt/airflow/dags/telegraph_dag.py for tasks to queue
[2026-05-13T14:43:59.291+0000] {logging_mixin.py:188} INFO - [2026-05-13T14:43:59.282+0000] {dagbag.py:540} INFO - Filling up the DagBag from /opt/airflow/dags/telegraph_dag.py
[2026-05-13T14:44:01.511+0000] {processor.py:840} INFO - DAG(s) 'telegraph_scraper' retrieved from /opt/airflow/dags/telegraph_dag.py
[2026-05-13T14:44:06.739+0000] {logging_mixin.py:188} INFO - [2026-05-13T14:44:06.738+0000] {dag.py:3047} INFO - Sync 1 DAGs
[2026-05-13T14:44:11.356+0000] {logging_mixin.py:188} INFO - [2026-05-13T14:44:11.354+0000] {dag.py:3834} INFO - Setting next_dagrun for telegraph_scraper to 2026-05-12 00:00:00+00:00, run_after=2026-05-13 00:00:00+00:00
[2026-05-13T14:44:13.698+0000] {processor.py:183} INFO - Processing /opt/airflow/dags/telegraph_dag.py took 14.476 seconds
[2026-05-13T14:44:47.059+0000] {processor.py:161} INFO - Started process (PID=556) to work on /opt/airflow/dags/telegraph_dag.py
[2026-05-13T14:44:47.109+0000] {processor.py:830} INFO - Processing file /opt/airflow/dags/telegraph_dag.py for tasks to queue
[2026-05-13T14:44:47.144+0000] {logging_mixin.py:188} INFO - [2026-05-13T14:44:47.131+0000] {dagbag.py:540} INFO - Filling up the DagBag from /opt/airflow/dags/telegraph_dag.py
[2026-05-13T14:44:47.622+0000] {processor.py:840} INFO - DAG(s) 'telegraph_scraper' retrieved from /opt/airflow/dags/telegraph_dag.py
[2026-05-13T14:44:47.911+0000] {logging_mixin.py:188} INFO - [2026-05-13T14:44:47.899+0000] {dag.py:3047} INFO - Sync 1 DAGs
[2026-05-13T14:44:48.202+0000] {logging_mixin.py:188} INFO - [2026-05-13T14:44:48.201+0000] {dag.py:3834} INFO - Setting next_dagrun for telegraph_scraper to 2026-05-12 00:00:00+00:00, run_after=2026-05-13 00:00:00+00:00
[2026-05-13T14:44:48.510+0000] {processor.py:183} INFO - Processing /opt/airflow/dags/telegraph_dag.py took 1.499 seconds
[2026-05-13T14:45:19.068+0000] {processor.py:161} INFO - Started process (PID=588) to work on /opt/airflow/dags/telegraph_dag.py
[2026-05-13T14:45:19.071+0000] {processor.py:830} INFO - Processing file /opt/airflow/dags/telegraph_dag.py for tasks to queue
[2026-05-13T14:45:19.074+0000] {logging_mixin.py:188} INFO - [2026-05-13T14:45:19.073+0000] {dagbag.py:540} INFO - Filling up the DagBag from /opt/airflow/dags/telegraph_dag.py
[2026-05-13T14:45:19.146+0000] {processor.py:840} INFO - DAG(s) 'telegraph_scraper' retrieved from /opt/airflow/dags/telegraph_dag.py
[2026-05-13T14:45:19.223+0000] {logging_mixin.py:188} INFO - [2026-05-13T14:45:19.222+0000] {dag.py:3047} INFO - Sync 1 DAGs
[2026-05-13T14:45:19.307+0000] {logging_mixin.py:188} INFO - [2026-05-13T14:45:19.306+0000] {dag.py:3834} INFO - Setting next_dagrun for telegraph_scraper to 2026-05-12 00:00:00+00:00, run_after=2026-05-13 00:00:00+00:00
[2026-05-13T14:45:19.364+0000] {processor.py:183} INFO - Processing /opt/airflow/dags/telegraph_dag.py took 0.309 seconds
[2026-05-13T14:45:51.853+0000] {processor.py:161} INFO - Started process (PID=618) to work on /opt/airflow/dags/telegraph_dag.py
[2026-05-13T14:45:51.870+0000] {processor.py:830} INFO - Processing file /opt/airflow/dags/telegraph_dag.py for tasks to queue
[2026-05-13T14:45:51.887+0000] {logging_mixin.py:188} INFO - [2026-05-13T14:45:51.886+0000] {dagbag.py:540} INFO - Filling up the DagBag from /opt/airflow/dags/telegraph_dag.py
[2026-05-13T14:45:52.039+0000] {processor.py:840} INFO - DAG(s) 'telegraph_scraper' retrieved from /opt/airflow/dags/telegraph_dag.py
[2026-05-13T14:45:52.352+0000] {logging_mixin.py:188} INFO - [2026-05-13T14:45:52.352+0000] {dag.py:3047} INFO - Sync 1 DAGs
[2026-05-13T14:45:52.751+0000] {logging_mixin.py:188} INFO - [2026-05-13T14:45:52.750+0000] {dag.py:3834} INFO - Setting next_dagrun for telegraph_scraper to 2026-05-12 00:00:00+00:00, run_after=2026-05-13 00:00:00+00:00
[2026-05-13T14:45:52.898+0000] {processor.py:183} INFO - Processing /opt/airflow/dags/telegraph_dag.py took 1.076 seconds
[2026-05-13T14:46:38.504+0000] {processor.py:161} INFO - Started process (PID=654) to work on /opt/airflow/dags/telegraph_dag.py
[2026-05-13T14:46:38.609+0000] {processor.py:830} INFO - Processing file /opt/airflow/dags/telegraph_dag.py for tasks to queue
[2026-05-13T14:46:38.655+0000] {logging_mixin.py:188} INFO - [2026-05-13T14:46:38.641+0000] {dagbag.py:540} INFO - Filling up the DagBag from /opt/airflow/dags/telegraph_dag.py
[2026-05-13T14:46:40.972+0000] {processor.py:840} INFO - DAG(s) 'telegraph_scraper' retrieved from /opt/airflow/dags/telegraph_dag.py
[2026-05-13T14:46:49.048+0000] {logging_mixin.py:188} INFO - [2026-05-13T14:46:49.047+0000] {dag.py:3047} INFO - Sync 1 DAGs
[2026-05-13T14:46:51.901+0000] {logging_mixin.py:188} INFO - [2026-05-13T14:46:51.832+0000] {dag.py:3834} INFO - Setting next_dagrun for telegraph_scraper to 2026-05-13 00:00:00+00:00, run_after=2026-05-14 00:00:00+00:00
[2026-05-13T14:46:56.086+0000] {processor.py:183} INFO - Processing /opt/airflow/dags/telegraph_dag.py took 17.682 seconds
[2026-05-13T14:47:33.461+0000] {processor.py:161} INFO - Started process (PID=684) to work on /opt/airflow/dags/telegraph_dag.py
[2026-05-13T14:47:33.535+0000] {processor.py:830} INFO - Processing file /opt/airflow/dags/telegraph_dag.py for tasks to queue
[2026-05-13T14:47:33.573+0000] {logging_mixin.py:188} INFO - [2026-05-13T14:47:33.559+0000] {dagbag.py:540} INFO - Filling up the DagBag from /opt/airflow/dags/telegraph_dag.py
[2026-05-13T14:47:34.912+0000] {processor.py:840} INFO - DAG(s) 'telegraph_scraper' retrieved from /opt/airflow/dags/telegraph_dag.py
[2026-05-13T14:47:36.685+0000] {logging_mixin.py:188} INFO - [2026-05-13T14:47:36.684+0000] {dag.py:3047} INFO - Sync 1 DAGs
[2026-05-13T14:47:38.747+0000] {logging_mixin.py:188} INFO - [2026-05-13T14:47:38.734+0000] {dag.py:3834} INFO - Setting next_dagrun for telegraph_scraper to 2026-05-13 00:00:00+00:00, run_after=2026-05-14 00:00:00+00:00
[2026-05-13T14:47:39.689+0000] {processor.py:183} INFO - Processing /opt/airflow/dags/telegraph_dag.py took 6.277 seconds
[2026-05-13T14:48:59.216+0000] {processor.py:161} INFO - Started process (PID=716) to work on /opt/airflow/dags/telegraph_dag.py
[2026-05-13T14:48:59.274+0000] {processor.py:830} INFO - Processing file /opt/airflow/dags/telegraph_dag.py for tasks to queue
[2026-05-13T14:48:59.312+0000] {logging_mixin.py:188} INFO - [2026-05-13T14:48:59.310+0000] {dagbag.py:540} INFO - Filling up the DagBag from /opt/airflow/dags/telegraph_dag.py
[2026-05-13T14:49:00.302+0000] {processor.py:840} INFO - DAG(s) 'telegraph_scraper' retrieved from /opt/airflow/dags/telegraph_dag.py
[2026-05-13T14:49:00.665+0000] {logging_mixin.py:188} INFO - [2026-05-13T14:49:00.652+0000] {dag.py:3047} INFO - Sync 1 DAGs
[2026-05-13T14:49:01.072+0000] {logging_mixin.py:188} INFO - [2026-05-13T14:49:01.072+0000] {dag.py:3834} INFO - Setting next_dagrun for telegraph_scraper to 2026-05-13 00:00:00+00:00, run_after=2026-05-14 00:00:00+00:00
[2026-05-13T14:49:02.171+0000] {processor.py:183} INFO - Processing /opt/airflow/dags/telegraph_dag.py took 3.030 seconds
[2026-05-13T14:49:38.409+0000] {processor.py:161} INFO - Started process (PID=743) to work on /opt/airflow/dags/telegraph_dag.py
[2026-05-13T14:49:38.569+0000] {processor.py:830} INFO - Processing file /opt/airflow/dags/telegraph_dag.py for tasks to queue
[2026-05-13T14:49:38.663+0000] {logging_mixin.py:188} INFO - [2026-05-13T14:49:38.661+0000] {dagbag.py:540} INFO - Filling up the DagBag from /opt/airflow/dags/telegraph_dag.py
[2026-05-13T14:49:40.597+0000] {processor.py:840} INFO - DAG(s) 'telegraph_scraper' retrieved from /opt/airflow/dags/telegraph_dag.py
[2026-05-13T14:49:41.295+0000] {logging_mixin.py:188} INFO - [2026-05-13T14:49:41.294+0000] {dag.py:3047} INFO - Sync 1 DAGs
[2026-05-13T14:49:42.068+0000] {logging_mixin.py:188} INFO - [2026-05-13T14:49:42.067+0000] {dag.py:3834} INFO - Setting next_dagrun for telegraph_scraper to 2026-05-13 00:00:00+00:00, run_after=2026-05-14 00:00:00+00:00
[2026-05-13T14:49:43.493+0000] {processor.py:183} INFO - Processing /opt/airflow/dags/telegraph_dag.py took 5.125 seconds
[2026-05-13T14:50:29.026+0000] {processor.py:161} INFO - Started process (PID=774) to work on /opt/airflow/dags/telegraph_dag.py
[2026-05-13T14:50:29.047+0000] {processor.py:830} INFO - Processing file /opt/airflow/dags/telegraph_dag.py for tasks to queue
[2026-05-13T14:50:29.089+0000] {logging_mixin.py:188} INFO - [2026-05-13T14:50:29.087+0000] {dagbag.py:540} INFO - Filling up the DagBag from /opt/airflow/dags/telegraph_dag.py
[2026-05-13T14:50:32.550+0000] {processor.py:840} INFO - DAG(s) 'telegraph_scraper' retrieved from /opt/airflow/dags/telegraph_dag.py
[2026-05-13T14:50:33.300+0000] {logging_mixin.py:188} INFO - [2026-05-13T14:50:33.299+0000] {dag.py:3047} INFO - Sync 1 DAGs
[2026-05-13T14:50:34.658+0000] {logging_mixin.py:188} INFO - [2026-05-13T14:50:34.657+0000] {dag.py:3834} INFO - Setting next_dagrun for telegraph_scraper to 2026-05-13 00:00:00+00:00, run_after=2026-05-14 00:00:00+00:00
[2026-05-13T14:50:35.992+0000] {processor.py:183} INFO - Processing /opt/airflow/dags/telegraph_dag.py took 7.033 seconds
[2026-05-13T14:51:24.013+0000] {processor.py:161} INFO - Started process (PID=811) to work on /opt/airflow/dags/telegraph_dag.py
[2026-05-13T14:51:24.088+0000] {processor.py:830} INFO - Processing file /opt/airflow/dags/telegraph_dag.py for tasks to queue
[2026-05-13T14:51:24.173+0000] {logging_mixin.py:188} INFO - [2026-05-13T14:51:24.171+0000] {dagbag.py:540} INFO - Filling up the DagBag from /opt/airflow/dags/telegraph_dag.py
[2026-05-13T14:51:26.323+0000] {processor.py:840} INFO - DAG(s) 'telegraph_scraper' retrieved from /opt/airflow/dags/telegraph_dag.py
[2026-05-13T14:51:27.316+0000] {logging_mixin.py:188} INFO - [2026-05-13T14:51:27.315+0000] {dag.py:3047} INFO - Sync 1 DAGs
[2026-05-13T14:51:28.200+0000] {logging_mixin.py:188} INFO - [2026-05-13T14:51:28.199+0000] {dag.py:3834} INFO - Setting next_dagrun for telegraph_scraper to 2026-05-13 00:00:00+00:00, run_after=2026-05-14 00:00:00+00:00
[2026-05-13T14:51:30.447+0000] {processor.py:183} INFO - Processing /opt/airflow/dags/telegraph_dag.py took 6.495 seconds
[2026-05-13T14:52:06.525+0000] {processor.py:161} INFO - Started process (PID=844) to work on /opt/airflow/dags/telegraph_dag.py
[2026-05-13T14:52:06.587+0000] {processor.py:830} INFO - Processing file /opt/airflow/dags/telegraph_dag.py for tasks to queue
[2026-05-13T14:52:06.614+0000] {logging_mixin.py:188} INFO - [2026-05-13T14:52:06.613+0000] {dagbag.py:540} INFO - Filling up the DagBag from /opt/airflow/dags/telegraph_dag.py
[2026-05-13T14:52:09.739+0000] {processor.py:840} INFO - DAG(s) 'telegraph_scraper' retrieved from /opt/airflow/dags/telegraph_dag.py
[2026-05-13T14:52:10.128+0000] {logging_mixin.py:188} INFO - [2026-05-13T14:52:10.128+0000] {dag.py:3047} INFO - Sync 1 DAGs
[2026-05-13T14:52:10.530+0000] {logging_mixin.py:188} INFO - [2026-05-13T14:52:10.529+0000] {dag.py:3834} INFO - Setting next_dagrun for telegraph_scraper to 2026-05-13 00:00:00+00:00, run_after=2026-05-14 00:00:00+00:00
[2026-05-13T14:52:11.083+0000] {processor.py:183} INFO - Processing /opt/airflow/dags/telegraph_dag.py took 4.608 seconds
[2026-05-13T14:53:22.496+0000] {processor.py:161} INFO - Started process (PID=884) to work on /opt/airflow/dags/telegraph_dag.py
[2026-05-13T14:53:22.736+0000] {processor.py:830} INFO - Processing file /opt/airflow/dags/telegraph_dag.py for tasks to queue
[2026-05-13T14:53:22.846+0000] {logging_mixin.py:188} INFO - [2026-05-13T14:53:22.845+0000] {dagbag.py:540} INFO - Filling up the DagBag from /opt/airflow/dags/telegraph_dag.py
[2026-05-13T14:53:24.771+0000] {processor.py:840} INFO - DAG(s) 'telegraph_scraper' retrieved from /opt/airflow/dags/telegraph_dag.py
[2026-05-13T14:53:25.670+0000] {logging_mixin.py:188} INFO - [2026-05-13T14:53:25.670+0000] {dag.py:3047} INFO - Sync 1 DAGs
[2026-05-13T14:53:26.229+0000] {logging_mixin.py:188} INFO - [2026-05-13T14:53:26.229+0000] {dag.py:3834} INFO - Setting next_dagrun for telegraph_scraper to 2026-05-13 00:00:00+00:00, run_after=2026-05-14 00:00:00+00:00
[2026-05-13T14:53:26.499+0000] {processor.py:183} INFO - Processing /opt/airflow/dags/telegraph_dag.py took 4.152 seconds
[2026-05-13T14:54:46.794+0000] {processor.py:161} INFO - Started process (PID=933) to work on /opt/airflow/dags/telegraph_dag.py
[2026-05-13T14:54:46.920+0000] {processor.py:830} INFO - Processing file /opt/airflow/dags/telegraph_dag.py for tasks to queue
[2026-05-13T14:54:46.997+0000] {logging_mixin.py:188} INFO - [2026-05-13T14:54:46.996+0000] {dagbag.py:540} INFO - Filling up the DagBag from /opt/airflow/dags/telegraph_dag.py
[2026-05-13T14:54:54.133+0000] {processor.py:840} INFO - DAG(s) 'telegraph_scraper' retrieved from /opt/airflow/dags/telegraph_dag.py
[2026-05-13T14:54:56.852+0000] {logging_mixin.py:188} INFO - [2026-05-13T14:54:56.852+0000] {dag.py:3047} INFO - Sync 1 DAGs
[2026-05-13T14:54:59.301+0000] {logging_mixin.py:188} INFO - [2026-05-13T14:54:59.301+0000] {dag.py:3834} INFO - Setting next_dagrun for telegraph_scraper to 2026-05-13 00:00:00+00:00, run_after=2026-05-14 00:00:00+00:00
[2026-05-13T14:55:00.633+0000] {processor.py:183} INFO - Processing /opt/airflow/dags/telegraph_dag.py took 13.885 seconds
[2026-05-13T15:01:33.029+0000] {processor.py:161} INFO - Started process (PID=995) to work on /opt/airflow/dags/telegraph_dag.py
[2026-05-13T15:01:33.035+0000] {processor.py:830} INFO - Processing file /opt/airflow/dags/telegraph_dag.py for tasks to queue
[2026-05-13T15:01:33.048+0000] {logging_mixin.py:188} INFO - [2026-05-13T15:01:33.047+0000] {dagbag.py:540} INFO - Filling up the DagBag from /opt/airflow/dags/telegraph_dag.py
[2026-05-13T15:01:33.311+0000] {processor.py:840} INFO - DAG(s) 'telegraph_scraper' retrieved from /opt/airflow/dags/telegraph_dag.py
[2026-05-13T15:01:33.619+0000] {logging_mixin.py:188} INFO - [2026-05-13T15:01:33.619+0000] {dag.py:3047} INFO - Sync 1 DAGs
[2026-05-13T15:01:34.051+0000] {logging_mixin.py:188} INFO - [2026-05-13T15:01:34.050+0000] {dag.py:3834} INFO - Setting next_dagrun for telegraph_scraper to 2026-05-13 00:00:00+00:00, run_after=2026-05-14 00:00:00+00:00
[2026-05-13T15:01:34.292+0000] {processor.py:183} INFO - Processing /opt/airflow/dags/telegraph_dag.py took 1.301 seconds
[2026-05-13T15:02:40.795+0000] {processor.py:161} INFO - Started process (PID=1025) to work on /opt/airflow/dags/telegraph_dag.py
[2026-05-13T15:02:40.882+0000] {processor.py:830} INFO - Processing file /opt/airflow/dags/telegraph_dag.py for tasks to queue
[2026-05-13T15:02:40.895+0000] {logging_mixin.py:188} INFO - [2026-05-13T15:02:40.890+0000] {dagbag.py:540} INFO - Filling up the DagBag from /opt/airflow/dags/telegraph_dag.py
[2026-05-13T15:02:43.173+0000] {processor.py:840} INFO - DAG(s) 'telegraph_scraper' retrieved from /opt/airflow/dags/telegraph_dag.py
[2026-05-13T15:02:43.782+0000] {logging_mixin.py:188} INFO - [2026-05-13T15:02:43.781+0000] {dag.py:3047} INFO - Sync 1 DAGs
[2026-05-13T15:02:44.660+0000] {logging_mixin.py:188} INFO - [2026-05-13T15:02:44.659+0000] {dag.py:3834} INFO - Setting next_dagrun for telegraph_scraper to 2026-05-13 00:00:00+00:00, run_after=2026-05-14 00:00:00+00:00
[2026-05-13T15:02:47.079+0000] {processor.py:183} INFO - Processing /opt/airflow/dags/telegraph_dag.py took 6.316 seconds
[2026-05-13T15:03:33.208+0000] {processor.py:161} INFO - Started process (PID=1058) to work on /opt/airflow/dags/telegraph_dag.py
[2026-05-13T15:03:33.223+0000] {processor.py:830} INFO - Processing file /opt/airflow/dags/telegraph_dag.py for tasks to queue
[2026-05-13T15:03:33.247+0000] {logging_mixin.py:188} INFO - [2026-05-13T15:03:33.233+0000] {dagbag.py:540} INFO - Filling up the DagBag from /opt/airflow/dags/telegraph_dag.py
[2026-05-13T15:03:33.548+0000] {processor.py:840} INFO - DAG(s) 'telegraph_scraper' retrieved from /opt/airflow/dags/telegraph_dag.py
[2026-05-13T15:03:34.097+0000] {logging_mixin.py:188} INFO - [2026-05-13T15:03:34.086+0000] {dag.py:3047} INFO - Sync 1 DAGs
[2026-05-13T15:03:34.652+0000] {logging_mixin.py:188} INFO - [2026-05-13T15:03:34.651+0000] {dag.py:3834} INFO - Setting next_dagrun for telegraph_scraper to 2026-05-13 00:00:00+00:00, run_after=2026-05-14 00:00:00+00:00
[2026-05-13T15:03:34.930+0000] {processor.py:183} INFO - Processing /opt/airflow/dags/telegraph_dag.py took 1.794 seconds
[2026-05-13T15:04:05.835+0000] {processor.py:161} INFO - Started process (PID=1091) to work on /opt/airflow/dags/telegraph_dag.py
[2026-05-13T15:04:05.846+0000] {processor.py:830} INFO - Processing file /opt/airflow/dags/telegraph_dag.py for tasks to queue
[2026-05-13T15:04:05.865+0000] {logging_mixin.py:188} INFO - [2026-05-13T15:04:05.862+0000] {dagbag.py:540} INFO - Filling up the DagBag from /opt/airflow/dags/telegraph_dag.py
[2026-05-13T15:04:07.750+0000] {processor.py:840} INFO - DAG(s) 'telegraph_scraper' retrieved from /opt/airflow/dags/telegraph_dag.py
[2026-05-13T15:04:08.831+0000] {logging_mixin.py:188} INFO - [2026-05-13T15:04:08.830+0000] {dag.py:3047} INFO - Sync 1 DAGs
[2026-05-13T15:04:09.424+0000] {logging_mixin.py:188} INFO - [2026-05-13T15:04:09.423+0000] {dag.py:3834} INFO - Setting next_dagrun for telegraph_scraper to 2026-05-13 00:00:00+00:00, run_after=2026-05-14 00:00:00+00:00
[2026-05-13T15:04:09.959+0000] {processor.py:183} INFO - Processing /opt/airflow/dags/telegraph_dag.py took 4.179 seconds
[2026-05-13T15:04:25.251+0000] {processor.py:161} INFO - Started process (PID=1098) to work on /opt/airflow/dags/telegraph_dag.py
[2026-05-13T15:04:25.279+0000] {processor.py:830} INFO - Processing file /opt/airflow/dags/telegraph_dag.py for tasks to queue
[2026-05-13T15:04:25.294+0000] {logging_mixin.py:188} INFO - [2026-05-13T15:04:25.293+0000] {dagbag.py:540} INFO - Filling up the DagBag from /opt/airflow/dags/telegraph_dag.py
[2026-05-13T15:04:28.944+0000] {processor.py:840} INFO - DAG(s) 'telegraph_scraper' retrieved from /opt/airflow/dags/telegraph_dag.py
[2026-05-13T15:04:29.178+0000] {logging_mixin.py:188} INFO - [2026-05-13T15:04:29.177+0000] {dag.py:3047} INFO - Sync 1 DAGs
[2026-05-13T15:04:29.528+0000] {logging_mixin.py:188} INFO - [2026-05-13T15:04:29.515+0000] {dag.py:3834} INFO - Setting next_dagrun for telegraph_scraper to 2026-05-13 00:00:00+00:00, run_after=2026-05-14 00:00:00+00:00
[2026-05-13T15:04:30.060+0000] {processor.py:183} INFO - Processing /opt/airflow/dags/telegraph_dag.py took 4.831 seconds
[2026-05-13T15:05:00.501+0000] {processor.py:161} INFO - Started process (PID=1128) to work on /opt/airflow/dags/telegraph_dag.py
[2026-05-13T15:05:00.562+0000] {processor.py:830} INFO - Processing file /opt/airflow/dags/telegraph_dag.py for tasks to queue
[2026-05-13T15:05:00.580+0000] {logging_mixin.py:188} INFO - [2026-05-13T15:05:00.579+0000] {dagbag.py:540} INFO - Filling up the DagBag from /opt/airflow/dags/telegraph_dag.py
[2026-05-13T15:05:01.232+0000] {processor.py:840} INFO - DAG(s) 'telegraph_scraper' retrieved from /opt/airflow/dags/telegraph_dag.py
[2026-05-13T15:05:03.735+0000] {logging_mixin.py:188} INFO - [2026-05-13T15:05:03.734+0000] {dag.py:3047} INFO - Sync 1 DAGs
[2026-05-13T15:05:04.013+0000] {logging_mixin.py:188} INFO - [2026-05-13T15:05:04.012+0000] {dag.py:3834} INFO - Setting next_dagrun for telegraph_scraper to 2026-05-13 00:00:00+00:00, run_after=2026-05-14 00:00:00+00:00
[2026-05-13T15:05:04.745+0000] {processor.py:183} INFO - Processing /opt/airflow/dags/telegraph_dag.py took 4.283 seconds
[2026-05-13T15:05:37.501+0000] {processor.py:161} INFO - Started process (PID=1158) to work on /opt/airflow/dags/telegraph_dag.py
[2026-05-13T15:05:37.515+0000] {processor.py:830} INFO - Processing file /opt/airflow/dags/telegraph_dag.py for tasks to queue
[2026-05-13T15:05:37.519+0000] {logging_mixin.py:188} INFO - [2026-05-13T15:05:37.518+0000] {dagbag.py:540} INFO - Filling up the DagBag from /opt/airflow/dags/telegraph_dag.py
[2026-05-13T15:05:38.998+0000] {processor.py:840} INFO - DAG(s) 'telegraph_scraper' retrieved from /opt/airflow/dags/telegraph_dag.py
[2026-05-13T15:05:39.655+0000] {logging_mixin.py:188} INFO - [2026-05-13T15:05:39.654+0000] {dag.py:3047} INFO - Sync 1 DAGs
[2026-05-13T15:05:39.995+0000] {logging_mixin.py:188} INFO - [2026-05-13T15:05:39.994+0000] {dag.py:3834} INFO - Setting next_dagrun for telegraph_scraper to 2026-05-13 00:00:00+00:00, run_after=2026-05-14 00:00:00+00:00
[2026-05-13T15:05:40.439+0000] {processor.py:183} INFO - Processing /opt/airflow/dags/telegraph_dag.py took 2.960 seconds
[2026-05-13T15:06:13.973+0000] {processor.py:161} INFO - Started process (PID=1188) to work on /opt/airflow/dags/telegraph_dag.py
[2026-05-13T15:06:13.977+0000] {processor.py:830} INFO - Processing file /opt/airflow/dags/telegraph_dag.py for tasks to queue
[2026-05-13T15:06:13.982+0000] {logging_mixin.py:188} INFO - [2026-05-13T15:06:13.981+0000] {dagbag.py:540} INFO - Filling up the DagBag from /opt/airflow/dags/telegraph_dag.py
[2026-05-13T15:06:14.061+0000] {processor.py:840} INFO - DAG(s) 'telegraph_scraper' retrieved from /opt/airflow/dags/telegraph_dag.py
[2026-05-13T15:06:14.251+0000] {logging_mixin.py:188} INFO - [2026-05-13T15:06:14.251+0000] {dag.py:3047} INFO - Sync 1 DAGs
[2026-05-13T15:06:14.472+0000] {logging_mixin.py:188} INFO - [2026-05-13T15:06:14.472+0000] {dag.py:3834} INFO - Setting next_dagrun for telegraph_scraper to 2026-05-13 00:00:00+00:00, run_after=2026-05-14 00:00:00+00:00
[2026-05-13T15:06:14.665+0000] {processor.py:183} INFO - Processing /opt/airflow/dags/telegraph_dag.py took 0.712 seconds
[2026-05-13T15:06:47.697+0000] {processor.py:161} INFO - Started process (PID=1218) to work on /opt/airflow/dags/telegraph_dag.py
[2026-05-13T15:06:47.934+0000] {processor.py:830} INFO - Processing file /opt/airflow/dags/telegraph_dag.py for tasks to queue
[2026-05-13T15:06:48.004+0000] {logging_mixin.py:188} INFO - [2026-05-13T15:06:48.002+0000] {dagbag.py:540} INFO - Filling up the DagBag from /opt/airflow/dags/telegraph_dag.py
[2026-05-13T15:06:49.417+0000] {processor.py:840} INFO - DAG(s) 'telegraph_scraper' retrieved from /opt/airflow/dags/telegraph_dag.py
[2026-05-13T15:06:49.659+0000] {logging_mixin.py:188} INFO - [2026-05-13T15:06:49.659+0000] {dag.py:3047} INFO - Sync 1 DAGs
[2026-05-13T15:06:49.954+0000] {logging_mixin.py:188} INFO - [2026-05-13T15:06:49.953+0000] {dag.py:3834} INFO - Setting next_dagrun for telegraph_scraper to 2026-05-13 00:00:00+00:00, run_after=2026-05-14 00:00:00+00:00
[2026-05-13T15:06:50.124+0000] {processor.py:183} INFO - Processing /opt/airflow/dags/telegraph_dag.py took 2.447 seconds
[2026-05-13T15:07:24.208+0000] {processor.py:161} INFO - Started process (PID=1248) to work on /opt/airflow/dags/telegraph_dag.py
[2026-05-13T15:07:24.268+0000] {processor.py:830} INFO - Processing file /opt/airflow/dags/telegraph_dag.py for tasks to queue
[2026-05-13T15:07:24.350+0000] {logging_mixin.py:188} INFO - [2026-05-13T15:07:24.347+0000] {dagbag.py:540} INFO - Filling up the DagBag from /opt/airflow/dags/telegraph_dag.py
[2026-05-13T15:07:25.547+0000] {processor.py:840} INFO - DAG(s) 'telegraph_scraper' retrieved from /opt/airflow/dags/telegraph_dag.py
[2026-05-13T15:07:25.941+0000] {logging_mixin.py:188} INFO - [2026-05-13T15:07:25.940+0000] {dag.py:3047} INFO - Sync 1 DAGs
[2026-05-13T15:07:26.338+0000] {logging_mixin.py:188} INFO - [2026-05-13T15:07:26.337+0000] {dag.py:3834} INFO - Setting next_dagrun for telegraph_scraper to 2026-05-13 00:00:00+00:00, run_after=2026-05-14 00:00:00+00:00
[2026-05-13T15:07:26.819+0000] {processor.py:183} INFO - Processing /opt/airflow/dags/telegraph_dag.py took 2.633 seconds
[2026-05-13T15:08:02.285+0000] {processor.py:161} INFO - Started process (PID=1278) to work on /opt/airflow/dags/telegraph_dag.py
[2026-05-13T15:08:02.313+0000] {processor.py:830} INFO - Processing file /opt/airflow/dags/telegraph_dag.py for tasks to queue
[2026-05-13T15:08:02.328+0000] {logging_mixin.py:188} INFO - [2026-05-13T15:08:02.326+0000] {dagbag.py:540} INFO - Filling up the DagBag from /opt/airflow/dags/telegraph_dag.py
[2026-05-13T15:08:03.546+0000] {processor.py:840} INFO - DAG(s) 'telegraph_scraper' retrieved from /opt/airflow/dags/telegraph_dag.py
[2026-05-13T15:08:03.845+0000] {logging_mixin.py:188} INFO - [2026-05-13T15:08:03.844+0000] {dag.py:3047} INFO - Sync 1 DAGs
[2026-05-13T15:08:04.051+0000] {logging_mixin.py:188} INFO - [2026-05-13T15:08:04.050+0000] {dag.py:3834} INFO - Setting next_dagrun for telegraph_scraper to 2026-05-13 00:00:00+00:00, run_after=2026-05-14 00:00:00+00:00
[2026-05-13T15:08:04.228+0000] {processor.py:183} INFO - Processing /opt/airflow/dags/telegraph_dag.py took 1.965 seconds
[2026-05-13T15:08:35.040+0000] {processor.py:161} INFO - Started process (PID=1308) to work on /opt/airflow/dags/telegraph_dag.py
[2026-05-13T15:08:35.044+0000] {processor.py:830} INFO - Processing file /opt/airflow/dags/telegraph_dag.py for tasks to queue
[2026-05-13T15:08:35.059+0000] {logging_mixin.py:188} INFO - [2026-05-13T15:08:35.057+0000] {dagbag.py:540} INFO - Filling up the DagBag from /opt/airflow/dags/telegraph_dag.py
[2026-05-13T15:08:35.147+0000] {processor.py:840} INFO - DAG(s) 'telegraph_scraper' retrieved from /opt/airflow/dags/telegraph_dag.py
[2026-05-13T15:08:35.349+0000] {logging_mixin.py:188} INFO - [2026-05-13T15:08:35.339+0000] {dag.py:3047} INFO - Sync 1 DAGs
[2026-05-13T15:08:35.526+0000] {logging_mixin.py:188} INFO - [2026-05-13T15:08:35.526+0000] {dag.py:3834} INFO - Setting next_dagrun for telegraph_scraper to 2026-05-13 00:00:00+00:00, run_after=2026-05-14 00:00:00+00:00
[2026-05-13T15:08:35.667+0000] {processor.py:183} INFO - Processing /opt/airflow/dags/telegraph_dag.py took 0.659 seconds
[2026-05-13T15:09:06.990+0000] {processor.py:161} INFO - Started process (PID=1338) to work on /opt/airflow/dags/telegraph_dag.py
[2026-05-13T15:09:07.010+0000] {processor.py:830} INFO - Processing file /opt/airflow/dags/telegraph_dag.py for tasks to queue
[2026-05-13T15:09:07.060+0000] {logging_mixin.py:188} INFO - [2026-05-13T15:09:07.059+0000] {dagbag.py:540} INFO - Filling up the DagBag from /opt/airflow/dags/telegraph_dag.py
[2026-05-13T15:09:07.290+0000] {processor.py:840} INFO - DAG(s) 'telegraph_scraper' retrieved from /opt/airflow/dags/telegraph_dag.py
[2026-05-13T15:09:07.374+0000] {logging_mixin.py:188} INFO - [2026-05-13T15:09:07.373+0000] {dag.py:3047} INFO - Sync 1 DAGs
[2026-05-13T15:09:07.437+0000] {logging_mixin.py:188} INFO - [2026-05-13T15:09:07.436+0000] {dag.py:3834} INFO - Setting next_dagrun for telegraph_scraper to 2026-05-13 00:00:00+00:00, run_after=2026-05-14 00:00:00+00:00
[2026-05-13T15:09:07.564+0000] {processor.py:183} INFO - Processing /opt/airflow/dags/telegraph_dag.py took 0.593 seconds
[2026-05-13T15:09:47.620+0000] {processor.py:161} INFO - Started process (PID=1368) to work on /opt/airflow/dags/telegraph_dag.py
[2026-05-13T15:09:47.813+0000] {processor.py:830} INFO - Processing file /opt/airflow/dags/telegraph_dag.py for tasks to queue
[2026-05-13T15:09:48.095+0000] {logging_mixin.py:188} INFO - [2026-05-13T15:09:48.094+0000] {dagbag.py:540} INFO - Filling up the DagBag from /opt/airflow/dags/telegraph_dag.py
[2026-05-13T15:09:50.078+0000] {processor.py:840} INFO - DAG(s) 'telegraph_scraper' retrieved from /opt/airflow/dags/telegraph_dag.py
[2026-05-13T15:09:50.276+0000] {logging_mixin.py:188} INFO - [2026-05-13T15:09:50.275+0000] {dag.py:3047} INFO - Sync 1 DAGs
[2026-05-13T15:09:50.506+0000] {logging_mixin.py:188} INFO - [2026-05-13T15:09:50.495+0000] {dag.py:3834} INFO - Setting next_dagrun for telegraph_scraper to 2026-05-13 00:00:00+00:00, run_after=2026-05-14 00:00:00+00:00
[2026-05-13T15:09:50.682+0000] {processor.py:183} INFO - Processing /opt/airflow/dags/telegraph_dag.py took 3.084 seconds
[2026-05-13T15:10:23.145+0000] {processor.py:161} INFO - Started process (PID=1398) to work on /opt/airflow/dags/telegraph_dag.py
[2026-05-13T15:10:23.152+0000] {processor.py:830} INFO - Processing file /opt/airflow/dags/telegraph_dag.py for tasks to queue
[2026-05-13T15:10:23.159+0000] {logging_mixin.py:188} INFO - [2026-05-13T15:10:23.155+0000] {dagbag.py:540} INFO - Filling up the DagBag from /opt/airflow/dags/telegraph_dag.py
[2026-05-13T15:10:23.409+0000] {processor.py:840} INFO - DAG(s) 'telegraph_scraper' retrieved from /opt/airflow/dags/telegraph_dag.py
[2026-05-13T15:10:23.816+0000] {logging_mixin.py:188} INFO - [2026-05-13T15:10:23.814+0000] {dag.py:3047} INFO - Sync 1 DAGs
[2026-05-13T15:10:24.324+0000] {logging_mixin.py:188} INFO - [2026-05-13T15:10:24.310+0000] {dag.py:3834} INFO - Setting next_dagrun for telegraph_scraper to 2026-05-13 00:00:00+00:00, run_after=2026-05-14 00:00:00+00:00
[2026-05-13T15:10:24.645+0000] {processor.py:183} INFO - Processing /opt/airflow/dags/telegraph_dag.py took 1.522 seconds
[2026-05-13T15:10:58.318+0000] {processor.py:161} INFO - Started process (PID=1428) to work on /opt/airflow/dags/telegraph_dag.py
[2026-05-13T15:10:58.331+0000] {processor.py:830} INFO - Processing file /opt/airflow/dags/telegraph_dag.py for tasks to queue
[2026-05-13T15:10:58.335+0000] {logging_mixin.py:188} INFO - [2026-05-13T15:10:58.334+0000] {dagbag.py:540} INFO - Filling up the DagBag from /opt/airflow/dags/telegraph_dag.py
[2026-05-13T15:10:58.439+0000] {processor.py:840} INFO - DAG(s) 'telegraph_scraper' retrieved from /opt/airflow/dags/telegraph_dag.py
[2026-05-13T15:10:58.701+0000] {logging_mixin.py:188} INFO - [2026-05-13T15:10:58.700+0000] {dag.py:3047} INFO - Sync 1 DAGs
[2026-05-13T15:10:58.923+0000] {logging_mixin.py:188} INFO - [2026-05-13T15:10:58.922+0000] {dag.py:3834} INFO - Setting next_dagrun for telegraph_scraper to 2026-05-13 00:00:00+00:00, run_after=2026-05-14 00:00:00+00:00
[2026-05-13T15:10:59.133+0000] {processor.py:183} INFO - Processing /opt/airflow/dags/telegraph_dag.py took 0.844 seconds
[2026-05-13T15:11:31.798+0000] {processor.py:161} INFO - Started process (PID=1458) to work on /opt/airflow/dags/telegraph_dag.py
[2026-05-13T15:11:31.812+0000] {processor.py:830} INFO - Processing file /opt/airflow/dags/telegraph_dag.py for tasks to queue
[2026-05-13T15:11:31.828+0000] {logging_mixin.py:188} INFO - [2026-05-13T15:11:31.817+0000] {dagbag.py:540} INFO - Filling up the DagBag from /opt/airflow/dags/telegraph_dag.py
[2026-05-13T15:11:31.911+0000] {processor.py:840} INFO - DAG(s) 'telegraph_scraper' retrieved from /opt/airflow/dags/telegraph_dag.py
[2026-05-13T15:11:32.182+0000] {logging_mixin.py:188} INFO - [2026-05-13T15:11:32.181+0000] {dag.py:3047} INFO - Sync 1 DAGs
[2026-05-13T15:11:32.412+0000] {logging_mixin.py:188} INFO - [2026-05-13T15:11:32.401+0000] {dag.py:3834} INFO - Setting next_dagrun for telegraph_scraper to 2026-05-13 00:00:00+00:00, run_after=2026-05-14 00:00:00+00:00
[2026-05-13T15:11:32.661+0000] {processor.py:183} INFO - Processing /opt/airflow/dags/telegraph_dag.py took 0.890 seconds
[2026-05-13T15:12:05.035+0000] {processor.py:161} INFO - Started process (PID=1488) to work on /opt/airflow/dags/telegraph_dag.py
[2026-05-13T15:12:05.053+0000] {processor.py:830} INFO - Processing file /opt/airflow/dags/telegraph_dag.py for tasks to queue
[2026-05-13T15:12:05.062+0000] {logging_mixin.py:188} INFO - [2026-05-13T15:12:05.061+0000] {dagbag.py:540} INFO - Filling up the DagBag from /opt/airflow/dags/telegraph_dag.py
[2026-05-13T15:12:06.176+0000] {processor.py:840} INFO - DAG(s) 'telegraph_scraper' retrieved from /opt/airflow/dags/telegraph_dag.py
[2026-05-13T15:12:06.791+0000] {logging_mixin.py:188} INFO - [2026-05-13T15:12:06.790+0000] {dag.py:3047} INFO - Sync 1 DAGs
[2026-05-13T15:12:07.355+0000] {logging_mixin.py:188} INFO - [2026-05-13T15:12:07.355+0000] {dag.py:3834} INFO - Setting next_dagrun for telegraph_scraper to 2026-05-13 00:00:00+00:00, run_after=2026-05-14 00:00:00+00:00
[2026-05-13T15:12:07.949+0000] {processor.py:183} INFO - Processing /opt/airflow/dags/telegraph_dag.py took 2.929 seconds
[2026-05-13T15:13:10.496+0000] {processor.py:161} INFO - Started process (PID=1518) to work on /opt/airflow/dags/telegraph_dag.py
[2026-05-13T15:13:10.513+0000] {processor.py:830} INFO - Processing file /opt/airflow/dags/telegraph_dag.py for tasks to queue
[2026-05-13T15:13:10.543+0000] {logging_mixin.py:188} INFO - [2026-05-13T15:13:10.542+0000] {dagbag.py:540} INFO - Filling up the DagBag from /opt/airflow/dags/telegraph_dag.py
[2026-05-13T15:13:11.863+0000] {processor.py:840} INFO - DAG(s) 'telegraph_scraper' retrieved from /opt/airflow/dags/telegraph_dag.py
[2026-05-13T15:13:12.703+0000] {logging_mixin.py:188} INFO - [2026-05-13T15:13:12.702+0000] {dag.py:3047} INFO - Sync 1 DAGs
[2026-05-13T15:13:13.235+0000] {logging_mixin.py:188} INFO - [2026-05-13T15:13:13.192+0000] {dag.py:3834} INFO - Setting next_dagrun for telegraph_scraper to 2026-05-13 00:00:00+00:00, run_after=2026-05-14 00:00:00+00:00
[2026-05-13T15:13:14.396+0000] {processor.py:183} INFO - Processing /opt/airflow/dags/telegraph_dag.py took 3.972 seconds
[2026-05-13T15:14:20.021+0000] {processor.py:161} INFO - Started process (PID=1548) to work on /opt/airflow/dags/telegraph_dag.py
[2026-05-13T15:14:20.050+0000] {processor.py:830} INFO - Processing file /opt/airflow/dags/telegraph_dag.py for tasks to queue
[2026-05-13T15:14:20.078+0000] {logging_mixin.py:188} INFO - [2026-05-13T15:14:20.077+0000] {dagbag.py:540} INFO - Filling up the DagBag from /opt/airflow/dags/telegraph_dag.py
[2026-05-13T15:14:20.910+0000] {processor.py:840} INFO - DAG(s) 'telegraph_scraper' retrieved from /opt/airflow/dags/telegraph_dag.py
[2026-05-13T15:14:21.394+0000] {logging_mixin.py:188} INFO - [2026-05-13T15:14:21.393+0000] {dag.py:3047} INFO - Sync 1 DAGs
[2026-05-13T15:14:21.651+0000] {logging_mixin.py:188} INFO - [2026-05-13T15:14:21.650+0000] {dag.py:3834} INFO - Setting next_dagrun for telegraph_scraper to 2026-05-13 00:00:00+00:00, run_after=2026-05-14 00:00:00+00:00
[2026-05-13T15:14:21.892+0000] {processor.py:183} INFO - Processing /opt/airflow/dags/telegraph_dag.py took 1.898 seconds
[2026-05-13T15:14:57.474+0000] {processor.py:161} INFO - Started process (PID=1578) to work on /opt/airflow/dags/telegraph_dag.py
[2026-05-13T15:14:57.590+0000] {processor.py:830} INFO - Processing file /opt/airflow/dags/telegraph_dag.py for tasks to queue
[2026-05-13T15:14:57.607+0000] {logging_mixin.py:188} INFO - [2026-05-13T15:14:57.606+0000] {dagbag.py:540} INFO - Filling up the DagBag from /opt/airflow/dags/telegraph_dag.py
[2026-05-13T15:14:58.501+0000] {processor.py:840} INFO - DAG(s) 'telegraph_scraper' retrieved from /opt/airflow/dags/telegraph_dag.py
[2026-05-13T15:14:59.045+0000] {logging_mixin.py:188} INFO - [2026-05-13T15:14:59.033+0000] {dag.py:3047} INFO - Sync 1 DAGs
[2026-05-13T15:15:02.603+0000] {logging_mixin.py:188} INFO - [2026-05-13T15:15:02.394+0000] {dag.py:3834} INFO - Setting next_dagrun for telegraph_scraper to 2026-05-13 00:00:00+00:00, run_after=2026-05-14 00:00:00+00:00
[2026-05-13T15:15:04.180+0000] {processor.py:183} INFO - Processing /opt/airflow/dags/telegraph_dag.py took 6.802 seconds
[2026-05-13T15:15:55.278+0000] {processor.py:161} INFO - Started process (PID=1608) to work on /opt/airflow/dags/telegraph_dag.py
[2026-05-13T15:15:55.506+0000] {processor.py:830} INFO - Processing file /opt/airflow/dags/telegraph_dag.py for tasks to queue
[2026-05-13T15:15:55.675+0000] {logging_mixin.py:188} INFO - [2026-05-13T15:15:55.674+0000] {dagbag.py:540} INFO - Filling up the DagBag from /opt/airflow/dags/telegraph_dag.py
[2026-05-13T15:16:00.173+0000] {processor.py:840} INFO - DAG(s) 'telegraph_scraper' retrieved from /opt/airflow/dags/telegraph_dag.py
[2026-05-13T15:16:01.671+0000] {logging_mixin.py:188} INFO - [2026-05-13T15:16:01.669+0000] {dag.py:3047} INFO - Sync 1 DAGs
[2026-05-13T15:16:02.156+0000] {logging_mixin.py:188} INFO - [2026-05-13T15:16:02.156+0000] {dag.py:3834} INFO - Setting next_dagrun for telegraph_scraper to 2026-05-13 00:00:00+00:00, run_after=2026-05-14 00:00:00+00:00
[2026-05-13T15:16:02.885+0000] {processor.py:183} INFO - Processing /opt/airflow/dags/telegraph_dag.py took 7.726 seconds
[2026-05-13T15:16:40.485+0000] {processor.py:161} INFO - Started process (PID=1638) to work on /opt/airflow/dags/telegraph_dag.py
[2026-05-13T15:16:40.638+0000] {processor.py:830} INFO - Processing file /opt/airflow/dags/telegraph_dag.py for tasks to queue
[2026-05-13T15:16:40.784+0000] {logging_mixin.py:188} INFO - [2026-05-13T15:16:40.783+0000] {dagbag.py:540} INFO - Filling up the DagBag from /opt/airflow/dags/telegraph_dag.py
[2026-05-13T15:16:46.386+0000] {processor.py:840} INFO - DAG(s) 'telegraph_scraper' retrieved from /opt/airflow/dags/telegraph_dag.py
[2026-05-13T15:16:47.160+0000] {logging_mixin.py:188} INFO - [2026-05-13T15:16:47.159+0000] {dag.py:3047} INFO - Sync 1 DAGs
[2026-05-13T15:16:48.144+0000] {logging_mixin.py:188} INFO - [2026-05-13T15:16:48.143+0000] {dag.py:3834} INFO - Setting next_dagrun for telegraph_scraper to 2026-05-13 00:00:00+00:00, run_after=2026-05-14 00:00:00+00:00
[2026-05-13T15:16:48.852+0000] {processor.py:183} INFO - Processing /opt/airflow/dags/telegraph_dag.py took 8.458 seconds
[2026-05-13T15:17:44.681+0000] {processor.py:161} INFO - Started process (PID=1667) to work on /opt/airflow/dags/telegraph_dag.py
[2026-05-13T15:17:44.735+0000] {processor.py:830} INFO - Processing file /opt/airflow/dags/telegraph_dag.py for tasks to queue
[2026-05-13T15:17:44.798+0000] {logging_mixin.py:188} INFO - [2026-05-13T15:17:44.796+0000] {dagbag.py:540} INFO - Filling up the DagBag from /opt/airflow/dags/telegraph_dag.py
[2026-05-13T15:17:45.147+0000] {processor.py:840} INFO - DAG(s) 'telegraph_scraper' retrieved from /opt/airflow/dags/telegraph_dag.py
[2026-05-13T15:17:45.399+0000] {logging_mixin.py:188} INFO - [2026-05-13T15:17:45.398+0000] {dag.py:3047} INFO - Sync 1 DAGs
[2026-05-13T15:17:45.738+0000] {logging_mixin.py:188} INFO - [2026-05-13T15:17:45.725+0000] {dag.py:3834} INFO - Setting next_dagrun for telegraph_scraper to 2026-05-13 00:00:00+00:00, run_after=2026-05-14 00:00:00+00:00
[2026-05-13T15:17:45.996+0000] {processor.py:183} INFO - Processing /opt/airflow/dags/telegraph_dag.py took 1.648 seconds
[2026-05-13T15:18:21.661+0000] {processor.py:161} INFO - Started process (PID=1699) to work on /opt/airflow/dags/telegraph_dag.py
[2026-05-13T15:18:21.674+0000] {processor.py:830} INFO - Processing file /opt/airflow/dags/telegraph_dag.py for tasks to queue
[2026-05-13T15:18:21.691+0000] {logging_mixin.py:188} INFO - [2026-05-13T15:18:21.681+0000] {dagbag.py:540} INFO - Filling up the DagBag from /opt/airflow/dags/telegraph_dag.py
[2026-05-13T15:18:22.032+0000] {processor.py:840} INFO - DAG(s) 'telegraph_scraper' retrieved from /opt/airflow/dags/telegraph_dag.py
[2026-05-13T15:18:22.424+0000] {logging_mixin.py:188} INFO - [2026-05-13T15:18:22.417+0000] {dag.py:3047} INFO - Sync 1 DAGs
[2026-05-13T15:18:22.683+0000] {logging_mixin.py:188} INFO - [2026-05-13T15:18:22.682+0000] {dag.py:3834} INFO - Setting next_dagrun for telegraph_scraper to 2026-05-13 00:00:00+00:00, run_after=2026-05-14 00:00:00+00:00
[2026-05-13T15:18:23.087+0000] {processor.py:183} INFO - Processing /opt/airflow/dags/telegraph_dag.py took 1.486 seconds
[2026-05-13T15:18:58.405+0000] {processor.py:161} INFO - Started process (PID=1730) to work on /opt/airflow/dags/telegraph_dag.py
[2026-05-13T15:18:58.436+0000] {processor.py:830} INFO - Processing file /opt/airflow/dags/telegraph_dag.py for tasks to queue
[2026-05-13T15:18:58.453+0000] {logging_mixin.py:188} INFO - [2026-05-13T15:18:58.452+0000] {dagbag.py:540} INFO - Filling up the DagBag from /opt/airflow/dags/telegraph_dag.py
[2026-05-13T15:18:59.100+0000] {processor.py:840} INFO - DAG(s) 'telegraph_scraper' retrieved from /opt/airflow/dags/telegraph_dag.py
[2026-05-13T15:18:59.462+0000] {logging_mixin.py:188} INFO - [2026-05-13T15:18:59.444+0000] {dag.py:3047} INFO - Sync 1 DAGs
[2026-05-13T15:18:59.704+0000] {logging_mixin.py:188} INFO - [2026-05-13T15:18:59.703+0000] {dag.py:3834} INFO - Setting next_dagrun for telegraph_scraper to 2026-05-13 00:00:00+00:00, run_after=2026-05-14 00:00:00+00:00
[2026-05-13T15:19:00.161+0000] {processor.py:183} INFO - Processing /opt/airflow/dags/telegraph_dag.py took 1.996 seconds
[2026-05-13T15:19:33.351+0000] {processor.py:161} INFO - Started process (PID=1760) to work on /opt/airflow/dags/telegraph_dag.py
[2026-05-13T15:19:33.588+0000] {processor.py:830} INFO - Processing file /opt/airflow/dags/telegraph_dag.py for tasks to queue
[2026-05-13T15:19:33.692+0000] {logging_mixin.py:188} INFO - [2026-05-13T15:19:33.690+0000] {dagbag.py:540} INFO - Filling up the DagBag from /opt/airflow/dags/telegraph_dag.py
[2026-05-13T15:19:36.778+0000] {processor.py:840} INFO - DAG(s) 'telegraph_scraper' retrieved from /opt/airflow/dags/telegraph_dag.py
[2026-05-13T15:19:37.738+0000] {logging_mixin.py:188} INFO - [2026-05-13T15:19:37.726+0000] {dag.py:3047} INFO - Sync 1 DAGs
[2026-05-13T15:19:38.099+0000] {logging_mixin.py:188} INFO - [2026-05-13T15:19:38.088+0000] {dag.py:3834} INFO - Setting next_dagrun for telegraph_scraper to 2026-05-13 00:00:00+00:00, run_after=2026-05-14 00:00:00+00:00
[2026-05-13T15:19:38.606+0000] {processor.py:183} INFO - Processing /opt/airflow/dags/telegraph_dag.py took 5.296 seconds
[2026-05-13T15:20:37.889+0000] {processor.py:161} INFO - Started process (PID=1789) to work on /opt/airflow/dags/telegraph_dag.py
[2026-05-13T15:20:37.940+0000] {processor.py:830} INFO - Processing file /opt/airflow/dags/telegraph_dag.py for tasks to queue
[2026-05-13T15:20:37.977+0000] {logging_mixin.py:188} INFO - [2026-05-13T15:20:37.975+0000] {dagbag.py:540} INFO - Filling up the DagBag from /opt/airflow/dags/telegraph_dag.py
[2026-05-13T15:20:57.199+0000] {processor.py:840} INFO - DAG(s) 'telegraph_scraper' retrieved from /opt/airflow/dags/telegraph_dag.py
[2026-05-13T15:21:04.269+0000] {logging_mixin.py:188} INFO - [2026-05-13T15:21:04.267+0000] {dag.py:3047} INFO - Sync 1 DAGs
[2026-05-13T15:21:07.964+0000] {logging_mixin.py:188} INFO - [2026-05-13T15:21:07.964+0000] {dag.py:3834} INFO - Setting next_dagrun for telegraph_scraper to 2026-05-13 00:00:00+00:00, run_after=2026-05-14 00:00:00+00:00
[2026-05-13T15:21:08.636+0000] {processor.py:183} INFO - Processing /opt/airflow/dags/telegraph_dag.py took 30.906 seconds
[2026-05-13T15:22:05.231+0000] {processor.py:161} INFO - Started process (PID=1818) to work on /opt/airflow/dags/telegraph_dag.py
[2026-05-13T15:22:05.258+0000] {processor.py:830} INFO - Processing file /opt/airflow/dags/telegraph_dag.py for tasks to queue
[2026-05-13T15:22:05.287+0000] {logging_mixin.py:188} INFO - [2026-05-13T15:22:05.266+0000] {dagbag.py:540} INFO - Filling up the DagBag from /opt/airflow/dags/telegraph_dag.py
[2026-05-13T15:22:14.180+0000] {processor.py:840} INFO - DAG(s) 'telegraph_scraper' retrieved from /opt/airflow/dags/telegraph_dag.py
[2026-05-13T15:22:26.034+0000] {logging_mixin.py:188} INFO - [2026-05-13T15:22:26.033+0000] {dag.py:3047} INFO - Sync 1 DAGs
[2026-05-13T15:22:27.087+0000] {logging_mixin.py:188} INFO - [2026-05-13T15:22:27.086+0000] {dag.py:3834} INFO - Setting next_dagrun for telegraph_scraper to 2026-05-13 00:00:00+00:00, run_after=2026-05-14 00:00:00+00:00
[2026-05-13T15:22:27.775+0000] {processor.py:183} INFO - Processing /opt/airflow/dags/telegraph_dag.py took 22.594 seconds
[2026-05-13T15:23:14.616+0000] {processor.py:161} INFO - Started process (PID=1853) to work on /opt/airflow/dags/telegraph_dag.py
[2026-05-13T15:23:15.320+0000] {processor.py:830} INFO - Processing file /opt/airflow/dags/telegraph_dag.py for tasks to queue
[2026-05-13T15:23:15.990+0000] {logging_mixin.py:188} INFO - [2026-05-13T15:23:15.635+0000] {dagbag.py:540} INFO - Filling up the DagBag from /opt/airflow/dags/telegraph_dag.py
[2026-05-13T15:23:19.054+0000] {processor.py:840} INFO - DAG(s) 'telegraph_scraper' retrieved from /opt/airflow/dags/telegraph_dag.py
[2026-05-13T15:23:27.877+0000] {logging_mixin.py:188} INFO - [2026-05-13T15:23:27.875+0000] {dag.py:3047} INFO - Sync 1 DAGs
[2026-05-13T15:23:33.918+0000] {logging_mixin.py:188} INFO - [2026-05-13T15:23:33.917+0000] {dag.py:3834} INFO - Setting next_dagrun for telegraph_scraper to 2026-05-13 00:00:00+00:00, run_after=2026-05-14 00:00:00+00:00
[2026-05-13T15:23:34.164+0000] {processor.py:183} INFO - Processing /opt/airflow/dags/telegraph_dag.py took 20.328 seconds
[2026-05-13T15:24:05.373+0000] {processor.py:161} INFO - Started process (PID=1904) to work on /opt/airflow/dags/telegraph_dag.py
[2026-05-13T15:24:05.376+0000] {processor.py:830} INFO - Processing file /opt/airflow/dags/telegraph_dag.py for tasks to queue
[2026-05-13T15:24:05.379+0000] {logging_mixin.py:188} INFO - [2026-05-13T15:24:05.379+0000] {dagbag.py:540} INFO - Filling up the DagBag from /opt/airflow/dags/telegraph_dag.py
[2026-05-13T15:24:05.432+0000] {processor.py:840} INFO - DAG(s) 'telegraph_scraper' retrieved from /opt/airflow/dags/telegraph_dag.py
[2026-05-13T15:24:05.506+0000] {logging_mixin.py:188} INFO - [2026-05-13T15:24:05.506+0000] {dag.py:3047} INFO - Sync 1 DAGs
[2026-05-13T15:24:05.621+0000] {logging_mixin.py:188} INFO - [2026-05-13T15:24:05.620+0000] {dag.py:3834} INFO - Setting next_dagrun for telegraph_scraper to 2026-05-13 00:00:00+00:00, run_after=2026-05-14 00:00:00+00:00
[2026-05-13T15:24:05.686+0000] {processor.py:183} INFO - Processing /opt/airflow/dags/telegraph_dag.py took 0.325 seconds
[2026-05-13T15:24:43.863+0000] {processor.py:161} INFO - Started process (PID=1927) to work on /opt/airflow/dags/telegraph_dag.py
[2026-05-13T15:24:44.114+0000] {processor.py:830} INFO - Processing file /opt/airflow/dags/telegraph_dag.py for tasks to queue
[2026-05-13T15:24:44.354+0000] {logging_mixin.py:188} INFO - [2026-05-13T15:24:44.249+0000] {dagbag.py:540} INFO - Filling up the DagBag from /opt/airflow/dags/telegraph_dag.py
[2026-05-13T15:24:51.342+0000] {processor.py:840} INFO - DAG(s) 'telegraph_scraper' retrieved from /opt/airflow/dags/telegraph_dag.py
[2026-05-13T15:24:53.559+0000] {logging_mixin.py:188} INFO - [2026-05-13T15:24:53.559+0000] {dag.py:3047} INFO - Sync 1 DAGs
[2026-05-13T15:24:54.403+0000] {logging_mixin.py:188} INFO - [2026-05-13T15:24:54.402+0000] {dag.py:3834} INFO - Setting next_dagrun for telegraph_scraper to 2026-05-13 00:00:00+00:00, run_after=2026-05-14 00:00:00+00:00
[2026-05-13T15:24:56.775+0000] {processor.py:183} INFO - Processing /opt/airflow/dags/telegraph_dag.py took 13.267 seconds
[2026-05-13T15:25:57.886+0000] {processor.py:161} INFO - Started process (PID=1952) to work on /opt/airflow/dags/telegraph_dag.py
[2026-05-13T15:25:57.900+0000] {processor.py:830} INFO - Processing file /opt/airflow/dags/telegraph_dag.py for tasks to queue
[2026-05-13T15:25:57.918+0000] {logging_mixin.py:188} INFO - [2026-05-13T15:25:57.905+0000] {dagbag.py:540} INFO - Filling up the DagBag from /opt/airflow/dags/telegraph_dag.py
[2026-05-13T15:25:58.574+0000] {processor.py:840} INFO - DAG(s) 'telegraph_scraper' retrieved from /opt/airflow/dags/telegraph_dag.py
[2026-05-13T15:25:58.992+0000] {logging_mixin.py:188} INFO - [2026-05-13T15:25:58.991+0000] {dag.py:3047} INFO - Sync 1 DAGs
[2026-05-13T15:25:59.411+0000] {logging_mixin.py:188} INFO - [2026-05-13T15:25:59.410+0000] {dag.py:3834} INFO - Setting next_dagrun for telegraph_scraper to 2026-05-13 00:00:00+00:00, run_after=2026-05-14 00:00:00+00:00
[2026-05-13T15:26:00.147+0000] {processor.py:183} INFO - Processing /opt/airflow/dags/telegraph_dag.py took 2.359 seconds
[2026-05-13T15:26:43.980+0000] {processor.py:161} INFO - Started process (PID=1977) to work on /opt/airflow/dags/telegraph_dag.py
[2026-05-13T15:26:44.447+0000] {processor.py:830} INFO - Processing file /opt/airflow/dags/telegraph_dag.py for tasks to queue
[2026-05-13T15:26:44.649+0000] {logging_mixin.py:188} INFO - [2026-05-13T15:26:44.644+0000] {dagbag.py:540} INFO - Filling up the DagBag from /opt/airflow/dags/telegraph_dag.py
[2026-05-13T15:26:55.632+0000] {processor.py:840} INFO - DAG(s) 'telegraph_scraper' retrieved from /opt/airflow/dags/telegraph_dag.py
[2026-05-13T15:26:57.920+0000] {logging_mixin.py:188} INFO - [2026-05-13T15:26:57.919+0000] {dag.py:3047} INFO - Sync 1 DAGs
[2026-05-13T15:27:00.573+0000] {logging_mixin.py:188} INFO - [2026-05-13T15:27:00.572+0000] {dag.py:3834} INFO - Setting next_dagrun for telegraph_scraper to 2026-05-13 00:00:00+00:00, run_after=2026-05-14 00:00:00+00:00
[2026-05-13T15:27:00.909+0000] {processor.py:183} INFO - Processing /opt/airflow/dags/telegraph_dag.py took 20.313 seconds
[2026-05-13T15:27:34.098+0000] {processor.py:161} INFO - Started process (PID=2009) to work on /opt/airflow/dags/telegraph_dag.py
[2026-05-13T15:27:34.104+0000] {processor.py:830} INFO - Processing file /opt/airflow/dags/telegraph_dag.py for tasks to queue
[2026-05-13T15:27:34.109+0000] {logging_mixin.py:188} INFO - [2026-05-13T15:27:34.108+0000] {dagbag.py:540} INFO - Filling up the DagBag from /opt/airflow/dags/telegraph_dag.py
[2026-05-13T15:27:34.411+0000] {processor.py:840} INFO - DAG(s) 'telegraph_scraper' retrieved from /opt/airflow/dags/telegraph_dag.py
[2026-05-13T15:27:34.757+0000] {logging_mixin.py:188} INFO - [2026-05-13T15:27:34.744+0000] {dag.py:3047} INFO - Sync 1 DAGs
[2026-05-13T15:27:35.038+0000] {logging_mixin.py:188} INFO - [2026-05-13T15:27:35.038+0000] {dag.py:3834} INFO - Setting next_dagrun for telegraph_scraper to 2026-05-13 00:00:00+00:00, run_after=2026-05-14 00:00:00+00:00
[2026-05-13T15:27:35.704+0000] {processor.py:183} INFO - Processing /opt/airflow/dags/telegraph_dag.py took 1.627 seconds
[2026-05-13T15:28:08.781+0000] {processor.py:161} INFO - Started process (PID=2039) to work on /opt/airflow/dags/telegraph_dag.py
[2026-05-13T15:28:08.844+0000] {processor.py:830} INFO - Processing file /opt/airflow/dags/telegraph_dag.py for tasks to queue
[2026-05-13T15:28:08.863+0000] {logging_mixin.py:188} INFO - [2026-05-13T15:28:08.862+0000] {dagbag.py:540} INFO - Filling up the DagBag from /opt/airflow/dags/telegraph_dag.py
[2026-05-13T15:28:10.187+0000] {processor.py:840} INFO - DAG(s) 'telegraph_scraper' retrieved from /opt/airflow/dags/telegraph_dag.py
[2026-05-13T15:28:10.738+0000] {logging_mixin.py:188} INFO - [2026-05-13T15:28:10.737+0000] {dag.py:3047} INFO - Sync 1 DAGs
[2026-05-13T15:28:11.055+0000] {logging_mixin.py:188} INFO - [2026-05-13T15:28:11.054+0000] {dag.py:3834} INFO - Setting next_dagrun for telegraph_scraper to 2026-05-13 00:00:00+00:00, run_after=2026-05-14 00:00:00+00:00
[2026-05-13T15:28:13.658+0000] {processor.py:183} INFO - Processing /opt/airflow/dags/telegraph_dag.py took 4.951 seconds
[2026-05-13T15:28:47.306+0000] {processor.py:161} INFO - Started process (PID=2069) to work on /opt/airflow/dags/telegraph_dag.py
[2026-05-13T15:28:47.330+0000] {processor.py:830} INFO - Processing file /opt/airflow/dags/telegraph_dag.py for tasks to queue
[2026-05-13T15:28:47.380+0000] {logging_mixin.py:188} INFO - [2026-05-13T15:28:47.379+0000] {dagbag.py:540} INFO - Filling up the DagBag from /opt/airflow/dags/telegraph_dag.py
[2026-05-13T15:28:48.553+0000] {processor.py:840} INFO - DAG(s) 'telegraph_scraper' retrieved from /opt/airflow/dags/telegraph_dag.py
[2026-05-13T15:28:48.918+0000] {logging_mixin.py:188} INFO - [2026-05-13T15:28:48.906+0000] {dag.py:3047} INFO - Sync 1 DAGs
[2026-05-13T15:28:49.205+0000] {logging_mixin.py:188} INFO - [2026-05-13T15:28:49.204+0000] {dag.py:3834} INFO - Setting next_dagrun for telegraph_scraper to 2026-05-13 00:00:00+00:00, run_after=2026-05-14 00:00:00+00:00
[2026-05-13T15:28:49.684+0000] {processor.py:183} INFO - Processing /opt/airflow/dags/telegraph_dag.py took 2.417 seconds
[2026-05-13T15:29:26.046+0000] {processor.py:161} INFO - Started process (PID=2097) to work on /opt/airflow/dags/telegraph_dag.py
[2026-05-13T15:29:26.207+0000] {processor.py:830} INFO - Processing file /opt/airflow/dags/telegraph_dag.py for tasks to queue
[2026-05-13T15:29:26.245+0000] {logging_mixin.py:188} INFO - [2026-05-13T15:29:26.230+0000] {dagbag.py:540} INFO - Filling up the DagBag from /opt/airflow/dags/telegraph_dag.py
[2026-05-13T15:29:30.182+0000] {processor.py:840} INFO - DAG(s) 'telegraph_scraper' retrieved from /opt/airflow/dags/telegraph_dag.py
[2026-05-13T15:29:31.266+0000] {logging_mixin.py:188} INFO - [2026-05-13T15:29:31.265+0000] {dag.py:3047} INFO - Sync 1 DAGs
[2026-05-13T15:29:33.364+0000] {logging_mixin.py:188} INFO - [2026-05-13T15:29:33.364+0000] {dag.py:3834} INFO - Setting next_dagrun for telegraph_scraper to 2026-05-13 00:00:00+00:00, run_after=2026-05-14 00:00:00+00:00
[2026-05-13T15:29:34.259+0000] {processor.py:183} INFO - Processing /opt/airflow/dags/telegraph_dag.py took 8.250 seconds
[2026-05-13T15:30:17.531+0000] {processor.py:161} INFO - Started process (PID=2127) to work on /opt/airflow/dags/telegraph_dag.py
[2026-05-13T15:30:17.694+0000] {processor.py:830} INFO - Processing file /opt/airflow/dags/telegraph_dag.py for tasks to queue
[2026-05-13T15:30:17.843+0000] {logging_mixin.py:188} INFO - [2026-05-13T15:30:17.842+0000] {dagbag.py:540} INFO - Filling up the DagBag from /opt/airflow/dags/telegraph_dag.py
[2026-05-13T15:30:24.708+0000] {processor.py:840} INFO - DAG(s) 'telegraph_scraper' retrieved from /opt/airflow/dags/telegraph_dag.py
[2026-05-13T15:30:36.013+0000] {logging_mixin.py:188} INFO - [2026-05-13T15:30:35.985+0000] {dag.py:3047} INFO - Sync 1 DAGs
[2026-05-13T15:30:37.540+0000] {logging_mixin.py:188} INFO - [2026-05-13T15:30:37.539+0000] {dag.py:3834} INFO - Setting next_dagrun for telegraph_scraper to 2026-05-13 00:00:00+00:00, run_after=2026-05-14 00:00:00+00:00
[2026-05-13T15:30:38.683+0000] {processor.py:183} INFO - Processing /opt/airflow/dags/telegraph_dag.py took 21.243 seconds
[2026-05-13T15:32:24.735+0000] {processor.py:161} INFO - Started process (PID=2144) to work on /opt/airflow/dags/telegraph_dag.py
[2026-05-13T15:32:24.755+0000] {processor.py:830} INFO - Processing file /opt/airflow/dags/telegraph_dag.py for tasks to queue
[2026-05-13T15:32:24.800+0000] {logging_mixin.py:188} INFO - [2026-05-13T15:32:24.799+0000] {dagbag.py:540} INFO - Filling up the DagBag from /opt/airflow/dags/telegraph_dag.py
[2026-05-13T15:32:26.366+0000] {processor.py:840} INFO - DAG(s) 'telegraph_scraper' retrieved from /opt/airflow/dags/telegraph_dag.py
[2026-05-13T15:32:27.833+0000] {logging_mixin.py:188} INFO - [2026-05-13T15:32:27.832+0000] {dag.py:3047} INFO - Sync 1 DAGs
[2026-05-13T15:32:28.463+0000] {logging_mixin.py:188} INFO - [2026-05-13T15:32:28.462+0000] {dag.py:3834} INFO - Setting next_dagrun for telegraph_scraper to 2026-05-13 00:00:00+00:00, run_after=2026-05-14 00:00:00+00:00
[2026-05-13T15:32:30.066+0000] {processor.py:183} INFO - Processing /opt/airflow/dags/telegraph_dag.py took 5.378 seconds
[2026-05-13T15:33:02.407+0000] {processor.py:161} INFO - Started process (PID=2174) to work on /opt/airflow/dags/telegraph_dag.py
[2026-05-13T15:33:02.441+0000] {processor.py:830} INFO - Processing file /opt/airflow/dags/telegraph_dag.py for tasks to queue
[2026-05-13T15:33:02.466+0000] {logging_mixin.py:188} INFO - [2026-05-13T15:33:02.462+0000] {dagbag.py:540} INFO - Filling up the DagBag from /opt/airflow/dags/telegraph_dag.py
[2026-05-13T15:33:03.062+0000] {processor.py:840} INFO - DAG(s) 'telegraph_scraper' retrieved from /opt/airflow/dags/telegraph_dag.py
[2026-05-13T15:33:03.300+0000] {logging_mixin.py:188} INFO - [2026-05-13T15:33:03.299+0000] {dag.py:3047} INFO - Sync 1 DAGs
[2026-05-13T15:33:03.787+0000] {logging_mixin.py:188} INFO - [2026-05-13T15:33:03.787+0000] {dag.py:3834} INFO - Setting next_dagrun for telegraph_scraper to 2026-05-13 00:00:00+00:00, run_after=2026-05-14 00:00:00+00:00
[2026-05-13T15:33:04.527+0000] {processor.py:183} INFO - Processing /opt/airflow/dags/telegraph_dag.py took 2.173 seconds
[2026-05-13T15:33:40.389+0000] {processor.py:161} INFO - Started process (PID=2204) to work on /opt/airflow/dags/telegraph_dag.py
[2026-05-13T15:33:40.436+0000] {processor.py:830} INFO - Processing file /opt/airflow/dags/telegraph_dag.py for tasks to queue
[2026-05-13T15:33:40.461+0000] {logging_mixin.py:188} INFO - [2026-05-13T15:33:40.460+0000] {dagbag.py:540} INFO - Filling up the DagBag from /opt/airflow/dags/telegraph_dag.py
[2026-05-13T15:33:41.904+0000] {processor.py:840} INFO - DAG(s) 'telegraph_scraper' retrieved from /opt/airflow/dags/telegraph_dag.py
[2026-05-13T15:33:42.435+0000] {logging_mixin.py:188} INFO - [2026-05-13T15:33:42.434+0000] {dag.py:3047} INFO - Sync 1 DAGs
[2026-05-13T15:33:42.732+0000] {logging_mixin.py:188} INFO - [2026-05-13T15:33:42.731+0000] {dag.py:3834} INFO - Setting next_dagrun for telegraph_scraper to 2026-05-13 00:00:00+00:00, run_after=2026-05-14 00:00:00+00:00
[2026-05-13T15:33:42.995+0000] {processor.py:183} INFO - Processing /opt/airflow/dags/telegraph_dag.py took 2.657 seconds
[2026-05-13T15:34:15.013+0000] {processor.py:161} INFO - Started process (PID=2234) to work on /opt/airflow/dags/telegraph_dag.py
[2026-05-13T15:34:15.038+0000] {processor.py:830} INFO - Processing file /opt/airflow/dags/telegraph_dag.py for tasks to queue
[2026-05-13T15:34:15.090+0000] {logging_mixin.py:188} INFO - [2026-05-13T15:34:15.089+0000] {dagbag.py:540} INFO - Filling up the DagBag from /opt/airflow/dags/telegraph_dag.py
[2026-05-13T15:34:16.707+0000] {processor.py:840} INFO - DAG(s) 'telegraph_scraper' retrieved from /opt/airflow/dags/telegraph_dag.py
[2026-05-13T15:34:17.429+0000] {logging_mixin.py:188} INFO - [2026-05-13T15:34:17.417+0000] {dag.py:3047} INFO - Sync 1 DAGs
[2026-05-13T15:34:17.752+0000] {logging_mixin.py:188} INFO - [2026-05-13T15:34:17.752+0000] {dag.py:3834} INFO - Setting next_dagrun for telegraph_scraper to 2026-05-13 00:00:00+00:00, run_after=2026-05-14 00:00:00+00:00
[2026-05-13T15:34:17.992+0000] {processor.py:183} INFO - Processing /opt/airflow/dags/telegraph_dag.py took 2.999 seconds
[2026-05-13T15:34:49.708+0000] {processor.py:161} INFO - Started process (PID=2264) to work on /opt/airflow/dags/telegraph_dag.py
[2026-05-13T15:34:49.724+0000] {processor.py:830} INFO - Processing file /opt/airflow/dags/telegraph_dag.py for tasks to queue
[2026-05-13T15:34:49.774+0000] {logging_mixin.py:188} INFO - [2026-05-13T15:34:49.767+0000] {dagbag.py:540} INFO - Filling up the DagBag from /opt/airflow/dags/telegraph_dag.py
[2026-05-13T15:34:50.953+0000] {processor.py:840} INFO - DAG(s) 'telegraph_scraper' retrieved from /opt/airflow/dags/telegraph_dag.py
[2026-05-13T15:34:51.290+0000] {logging_mixin.py:188} INFO - [2026-05-13T15:34:51.290+0000] {dag.py:3047} INFO - Sync 1 DAGs
[2026-05-13T15:34:51.625+0000] {logging_mixin.py:188} INFO - [2026-05-13T15:34:51.624+0000] {dag.py:3834} INFO - Setting next_dagrun for telegraph_scraper to 2026-05-13 00:00:00+00:00, run_after=2026-05-14 00:00:00+00:00
[2026-05-13T15:34:52.093+0000] {processor.py:183} INFO - Processing /opt/airflow/dags/telegraph_dag.py took 2.433 seconds
[2026-05-13T15:35:28.474+0000] {processor.py:161} INFO - Started process (PID=2294) to work on /opt/airflow/dags/telegraph_dag.py
[2026-05-13T15:35:28.604+0000] {processor.py:830} INFO - Processing file /opt/airflow/dags/telegraph_dag.py for tasks to queue
[2026-05-13T15:35:28.870+0000] {logging_mixin.py:188} INFO - [2026-05-13T15:35:28.853+0000] {dagbag.py:540} INFO - Filling up the DagBag from /opt/airflow/dags/telegraph_dag.py
[2026-05-13T15:35:31.545+0000] {processor.py:840} INFO - DAG(s) 'telegraph_scraper' retrieved from /opt/airflow/dags/telegraph_dag.py
[2026-05-13T15:35:31.946+0000] {logging_mixin.py:188} INFO - [2026-05-13T15:35:31.945+0000] {dag.py:3047} INFO - Sync 1 DAGs
[2026-05-13T15:35:32.195+0000] {logging_mixin.py:188} INFO - [2026-05-13T15:35:32.195+0000] {dag.py:3834} INFO - Setting next_dagrun for telegraph_scraper to 2026-05-13 00:00:00+00:00, run_after=2026-05-14 00:00:00+00:00
[2026-05-13T15:35:32.696+0000] {processor.py:183} INFO - Processing /opt/airflow/dags/telegraph_dag.py took 4.324 seconds
[2026-05-13T15:36:13.252+0000] {processor.py:161} INFO - Started process (PID=2324) to work on /opt/airflow/dags/telegraph_dag.py
[2026-05-13T15:36:13.357+0000] {processor.py:830} INFO - Processing file /opt/airflow/dags/telegraph_dag.py for tasks to queue
[2026-05-13T15:36:13.741+0000] {logging_mixin.py:188} INFO - [2026-05-13T15:36:13.740+0000] {dagbag.py:540} INFO - Filling up the DagBag from /opt/airflow/dags/telegraph_dag.py
[2026-05-13T15:36:15.355+0000] {processor.py:840} INFO - DAG(s) 'telegraph_scraper' retrieved from /opt/airflow/dags/telegraph_dag.py
[2026-05-13T15:36:15.722+0000] {logging_mixin.py:188} INFO - [2026-05-13T15:36:15.721+0000] {dag.py:3047} INFO - Sync 1 DAGs
[2026-05-13T15:36:15.906+0000] {logging_mixin.py:188} INFO - [2026-05-13T15:36:15.906+0000] {dag.py:3834} INFO - Setting next_dagrun for telegraph_scraper to 2026-05-13 00:00:00+00:00, run_after=2026-05-14 00:00:00+00:00
[2026-05-13T15:36:16.157+0000] {processor.py:183} INFO - Processing /opt/airflow/dags/telegraph_dag.py took 2.926 seconds
[2026-05-13T15:36:51.077+0000] {processor.py:161} INFO - Started process (PID=2354) to work on /opt/airflow/dags/telegraph_dag.py
[2026-05-13T15:36:51.103+0000] {processor.py:830} INFO - Processing file /opt/airflow/dags/telegraph_dag.py for tasks to queue
[2026-05-13T15:36:51.114+0000] {logging_mixin.py:188} INFO - [2026-05-13T15:36:51.110+0000] {dagbag.py:540} INFO - Filling up the DagBag from /opt/airflow/dags/telegraph_dag.py
[2026-05-13T15:36:52.543+0000] {processor.py:840} INFO - DAG(s) 'telegraph_scraper' retrieved from /opt/airflow/dags/telegraph_dag.py
[2026-05-13T15:36:53.112+0000] {logging_mixin.py:188} INFO - [2026-05-13T15:36:53.109+0000] {dag.py:3047} INFO - Sync 1 DAGs
[2026-05-13T15:36:53.433+0000] {logging_mixin.py:188} INFO - [2026-05-13T15:36:53.432+0000] {dag.py:3834} INFO - Setting next_dagrun for telegraph_scraper to 2026-05-13 00:00:00+00:00, run_after=2026-05-14 00:00:00+00:00
[2026-05-13T15:36:54.157+0000] {processor.py:183} INFO - Processing /opt/airflow/dags/telegraph_dag.py took 3.134 seconds
[2026-05-13T15:37:26.610+0000] {processor.py:161} INFO - Started process (PID=2384) to work on /opt/airflow/dags/telegraph_dag.py
[2026-05-13T15:37:26.656+0000] {processor.py:830} INFO - Processing file /opt/airflow/dags/telegraph_dag.py for tasks to queue
[2026-05-13T15:37:26.678+0000] {logging_mixin.py:188} INFO - [2026-05-13T15:37:26.677+0000] {dagbag.py:540} INFO - Filling up the DagBag from /opt/airflow/dags/telegraph_dag.py
[2026-05-13T15:37:27.579+0000] {processor.py:840} INFO - DAG(s) 'telegraph_scraper' retrieved from /opt/airflow/dags/telegraph_dag.py
[2026-05-13T15:37:27.843+0000] {logging_mixin.py:188} INFO - [2026-05-13T15:37:27.843+0000] {dag.py:3047} INFO - Sync 1 DAGs
[2026-05-13T15:37:28.731+0000] {logging_mixin.py:188} INFO - [2026-05-13T15:37:28.730+0000] {dag.py:3834} INFO - Setting next_dagrun for telegraph_scraper to 2026-05-13 00:00:00+00:00, run_after=2026-05-14 00:00:00+00:00
[2026-05-13T15:37:29.773+0000] {processor.py:183} INFO - Processing /opt/airflow/dags/telegraph_dag.py took 3.225 seconds
[2026-05-13T15:38:02.505+0000] {processor.py:161} INFO - Started process (PID=2414) to work on /opt/airflow/dags/telegraph_dag.py
[2026-05-13T15:38:02.511+0000] {processor.py:830} INFO - Processing file /opt/airflow/dags/telegraph_dag.py for tasks to queue
[2026-05-13T15:38:02.515+0000] {logging_mixin.py:188} INFO - [2026-05-13T15:38:02.514+0000] {dagbag.py:540} INFO - Filling up the DagBag from /opt/airflow/dags/telegraph_dag.py
[2026-05-13T15:38:02.855+0000] {processor.py:840} INFO - DAG(s) 'telegraph_scraper' retrieved from /opt/airflow/dags/telegraph_dag.py
[2026-05-13T15:38:03.086+0000] {logging_mixin.py:188} INFO - [2026-05-13T15:38:03.083+0000] {dag.py:3047} INFO - Sync 1 DAGs
[2026-05-13T15:38:03.302+0000] {logging_mixin.py:188} INFO - [2026-05-13T15:38:03.288+0000] {dag.py:3834} INFO - Setting next_dagrun for telegraph_scraper to 2026-05-13 00:00:00+00:00, run_after=2026-05-14 00:00:00+00:00
[2026-05-13T15:38:03.755+0000] {processor.py:183} INFO - Processing /opt/airflow/dags/telegraph_dag.py took 1.269 seconds
[2026-05-13T15:38:35.456+0000] {processor.py:161} INFO - Started process (PID=2448) to work on /opt/airflow/dags/telegraph_dag.py
[2026-05-13T15:38:35.458+0000] {processor.py:830} INFO - Processing file /opt/airflow/dags/telegraph_dag.py for tasks to queue
[2026-05-13T15:38:35.461+0000] {logging_mixin.py:188} INFO - [2026-05-13T15:38:35.460+0000] {dagbag.py:540} INFO - Filling up the DagBag from /opt/airflow/dags/telegraph_dag.py
[2026-05-13T15:38:35.511+0000] {processor.py:840} INFO - DAG(s) 'telegraph_scraper' retrieved from /opt/airflow/dags/telegraph_dag.py
[2026-05-13T15:38:35.613+0000] {logging_mixin.py:188} INFO - [2026-05-13T15:38:35.612+0000] {dag.py:3047} INFO - Sync 1 DAGs
[2026-05-13T15:38:35.681+0000] {logging_mixin.py:188} INFO - [2026-05-13T15:38:35.681+0000] {dag.py:3834} INFO - Setting next_dagrun for telegraph_scraper to 2026-05-13 00:00:00+00:00, run_after=2026-05-14 00:00:00+00:00
[2026-05-13T15:38:35.962+0000] {processor.py:183} INFO - Processing /opt/airflow/dags/telegraph_dag.py took 0.523 seconds
[2026-05-13T15:39:07.007+0000] {processor.py:161} INFO - Started process (PID=2482) to work on /opt/airflow/dags/telegraph_dag.py
[2026-05-13T15:39:07.010+0000] {processor.py:830} INFO - Processing file /opt/airflow/dags/telegraph_dag.py for tasks to queue
[2026-05-13T15:39:07.013+0000] {logging_mixin.py:188} INFO - [2026-05-13T15:39:07.012+0000] {dagbag.py:540} INFO - Filling up the DagBag from /opt/airflow/dags/telegraph_dag.py
[2026-05-13T15:39:07.050+0000] {processor.py:840} INFO - DAG(s) 'telegraph_scraper' retrieved from /opt/airflow/dags/telegraph_dag.py
[2026-05-13T15:39:07.126+0000] {logging_mixin.py:188} INFO - [2026-05-13T15:39:07.125+0000] {dag.py:3047} INFO - Sync 1 DAGs
[2026-05-13T15:39:07.183+0000] {logging_mixin.py:188} INFO - [2026-05-13T15:39:07.183+0000] {dag.py:3834} INFO - Setting next_dagrun for telegraph_scraper to 2026-05-13 00:00:00+00:00, run_after=2026-05-14 00:00:00+00:00
[2026-05-13T15:39:07.234+0000] {processor.py:183} INFO - Processing /opt/airflow/dags/telegraph_dag.py took 0.238 seconds
[2026-05-13T15:39:37.966+0000] {processor.py:161} INFO - Started process (PID=2512) to work on /opt/airflow/dags/telegraph_dag.py
[2026-05-13T15:39:37.970+0000] {processor.py:830} INFO - Processing file /opt/airflow/dags/telegraph_dag.py for tasks to queue
[2026-05-13T15:39:37.973+0000] {logging_mixin.py:188} INFO - [2026-05-13T15:39:37.972+0000] {dagbag.py:540} INFO - Filling up the DagBag from /opt/airflow/dags/telegraph_dag.py
[2026-05-13T15:39:38.010+0000] {processor.py:840} INFO - DAG(s) 'telegraph_scraper' retrieved from /opt/airflow/dags/telegraph_dag.py
[2026-05-13T15:39:38.089+0000] {logging_mixin.py:188} INFO - [2026-05-13T15:39:38.089+0000] {dag.py:3047} INFO - Sync 1 DAGs
[2026-05-13T15:39:38.176+0000] {logging_mixin.py:188} INFO - [2026-05-13T15:39:38.175+0000] {dag.py:3834} INFO - Setting next_dagrun for telegraph_scraper to 2026-05-13 00:00:00+00:00, run_after=2026-05-14 00:00:00+00:00
[2026-05-13T15:39:38.226+0000] {processor.py:183} INFO - Processing /opt/airflow/dags/telegraph_dag.py took 0.273 seconds
[2026-05-13T15:40:09.050+0000] {processor.py:161} INFO - Started process (PID=2542) to work on /opt/airflow/dags/telegraph_dag.py
[2026-05-13T15:40:09.054+0000] {processor.py:830} INFO - Processing file /opt/airflow/dags/telegraph_dag.py for tasks to queue
[2026-05-13T15:40:09.057+0000] {logging_mixin.py:188} INFO - [2026-05-13T15:40:09.056+0000] {dagbag.py:540} INFO - Filling up the DagBag from /opt/airflow/dags/telegraph_dag.py
[2026-05-13T15:40:09.092+0000] {processor.py:840} INFO - DAG(s) 'telegraph_scraper' retrieved from /opt/airflow/dags/telegraph_dag.py
[2026-05-13T15:40:09.161+0000] {logging_mixin.py:188} INFO - [2026-05-13T15:40:09.160+0000] {dag.py:3047} INFO - Sync 1 DAGs
[2026-05-13T15:40:09.218+0000] {logging_mixin.py:188} INFO - [2026-05-13T15:40:09.217+0000] {dag.py:3834} INFO - Setting next_dagrun for telegraph_scraper to 2026-05-13 00:00:00+00:00, run_after=2026-05-14 00:00:00+00:00
[2026-05-13T15:40:09.270+0000] {processor.py:183} INFO - Processing /opt/airflow/dags/telegraph_dag.py took 0.228 seconds
[2026-05-13T15:40:39.434+0000] {processor.py:161} INFO - Started process (PID=2572) to work on /opt/airflow/dags/telegraph_dag.py
[2026-05-13T15:40:39.437+0000] {processor.py:830} INFO - Processing file /opt/airflow/dags/telegraph_dag.py for tasks to queue
[2026-05-13T15:40:39.440+0000] {logging_mixin.py:188} INFO - [2026-05-13T15:40:39.439+0000] {dagbag.py:540} INFO - Filling up the DagBag from /opt/airflow/dags/telegraph_dag.py
[2026-05-13T15:40:39.477+0000] {processor.py:840} INFO - DAG(s) 'telegraph_scraper' retrieved from /opt/airflow/dags/telegraph_dag.py
[2026-05-13T15:40:39.546+0000] {logging_mixin.py:188} INFO - [2026-05-13T15:40:39.545+0000] {dag.py:3047} INFO - Sync 1 DAGs
[2026-05-13T15:40:39.604+0000] {logging_mixin.py:188} INFO - [2026-05-13T15:40:39.603+0000] {dag.py:3834} INFO - Setting next_dagrun for telegraph_scraper to 2026-05-13 00:00:00+00:00, run_after=2026-05-14 00:00:00+00:00
[2026-05-13T15:40:39.681+0000] {processor.py:183} INFO - Processing /opt/airflow/dags/telegraph_dag.py took 0.257 seconds
[2026-05-13T15:41:10.502+0000] {processor.py:161} INFO - Started process (PID=2602) to work on /opt/airflow/dags/telegraph_dag.py
[2026-05-13T15:41:10.506+0000] {processor.py:830} INFO - Processing file /opt/airflow/dags/telegraph_dag.py for tasks to queue
[2026-05-13T15:41:10.509+0000] {logging_mixin.py:188} INFO - [2026-05-13T15:41:10.508+0000] {dagbag.py:540} INFO - Filling up the DagBag from /opt/airflow/dags/telegraph_dag.py
[2026-05-13T15:41:10.547+0000] {processor.py:840} INFO - DAG(s) 'telegraph_scraper' retrieved from /opt/airflow/dags/telegraph_dag.py
[2026-05-13T15:41:10.622+0000] {logging_mixin.py:188} INFO - [2026-05-13T15:41:10.621+0000] {dag.py:3047} INFO - Sync 1 DAGs
[2026-05-13T15:41:10.686+0000] {logging_mixin.py:188} INFO - [2026-05-13T15:41:10.685+0000] {dag.py:3834} INFO - Setting next_dagrun for telegraph_scraper to 2026-05-13 00:00:00+00:00, run_after=2026-05-14 00:00:00+00:00
[2026-05-13T15:41:10.739+0000] {processor.py:183} INFO - Processing /opt/airflow/dags/telegraph_dag.py took 0.250 seconds
[2026-05-13T15:41:42.049+0000] {processor.py:161} INFO - Started process (PID=2632) to work on /opt/airflow/dags/telegraph_dag.py
[2026-05-13T15:41:42.054+0000] {processor.py:830} INFO - Processing file /opt/airflow/dags/telegraph_dag.py for tasks to queue
[2026-05-13T15:41:42.058+0000] {logging_mixin.py:188} INFO - [2026-05-13T15:41:42.057+0000] {dagbag.py:540} INFO - Filling up the DagBag from /opt/airflow/dags/telegraph_dag.py
[2026-05-13T15:41:42.146+0000] {processor.py:840} INFO - DAG(s) 'telegraph_scraper' retrieved from /opt/airflow/dags/telegraph_dag.py
[2026-05-13T15:41:42.231+0000] {logging_mixin.py:188} INFO - [2026-05-13T15:41:42.230+0000] {dag.py:3047} INFO - Sync 1 DAGs
[2026-05-13T15:41:42.288+0000] {logging_mixin.py:188} INFO - [2026-05-13T15:41:42.288+0000] {dag.py:3834} INFO - Setting next_dagrun for telegraph_scraper to 2026-05-13 00:00:00+00:00, run_after=2026-05-14 00:00:00+00:00
[2026-05-13T15:41:42.339+0000] {processor.py:183} INFO - Processing /opt/airflow/dags/telegraph_dag.py took 0.311 seconds
[2026-05-13T15:42:13.016+0000] {processor.py:161} INFO - Started process (PID=2662) to work on /opt/airflow/dags/telegraph_dag.py
[2026-05-13T15:42:13.022+0000] {processor.py:830} INFO - Processing file /opt/airflow/dags/telegraph_dag.py for tasks to queue
[2026-05-13T15:42:13.025+0000] {logging_mixin.py:188} INFO - [2026-05-13T15:42:13.024+0000] {dagbag.py:540} INFO - Filling up the DagBag from /opt/airflow/dags/telegraph_dag.py
[2026-05-13T15:42:13.071+0000] {processor.py:840} INFO - DAG(s) 'telegraph_scraper' retrieved from /opt/airflow/dags/telegraph_dag.py
[2026-05-13T15:42:13.192+0000] {logging_mixin.py:188} INFO - [2026-05-13T15:42:13.192+0000] {dag.py:3047} INFO - Sync 1 DAGs
[2026-05-13T15:42:13.279+0000] {logging_mixin.py:188} INFO - [2026-05-13T15:42:13.278+0000] {dag.py:3834} INFO - Setting next_dagrun for telegraph_scraper to 2026-05-13 00:00:00+00:00, run_after=2026-05-14 00:00:00+00:00
[2026-05-13T15:42:13.332+0000] {processor.py:183} INFO - Processing /opt/airflow/dags/telegraph_dag.py took 0.335 seconds
[2026-05-13T15:42:43.964+0000] {processor.py:161} INFO - Started process (PID=2692) to work on /opt/airflow/dags/telegraph_dag.py
[2026-05-13T15:42:43.995+0000] {processor.py:830} INFO - Processing file /opt/airflow/dags/telegraph_dag.py for tasks to queue
[2026-05-13T15:42:44.049+0000] {logging_mixin.py:188} INFO - [2026-05-13T15:42:44.048+0000] {dagbag.py:540} INFO - Filling up the DagBag from /opt/airflow/dags/telegraph_dag.py
[2026-05-13T15:42:45.039+0000] {processor.py:840} INFO - DAG(s) 'telegraph_scraper' retrieved from /opt/airflow/dags/telegraph_dag.py
[2026-05-13T15:42:45.224+0000] {logging_mixin.py:188} INFO - [2026-05-13T15:42:45.224+0000] {dag.py:3047} INFO - Sync 1 DAGs
[2026-05-13T15:42:45.393+0000] {logging_mixin.py:188} INFO - [2026-05-13T15:42:45.392+0000] {dag.py:3834} INFO - Setting next_dagrun for telegraph_scraper to 2026-05-13 00:00:00+00:00, run_after=2026-05-14 00:00:00+00:00
[2026-05-13T15:42:45.703+0000] {processor.py:183} INFO - Processing /opt/airflow/dags/telegraph_dag.py took 1.775 seconds
[2026-05-13T15:43:16.408+0000] {processor.py:161} INFO - Started process (PID=2722) to work on /opt/airflow/dags/telegraph_dag.py
[2026-05-13T15:43:16.411+0000] {processor.py:830} INFO - Processing file /opt/airflow/dags/telegraph_dag.py for tasks to queue
[2026-05-13T15:43:16.414+0000] {logging_mixin.py:188} INFO - [2026-05-13T15:43:16.413+0000] {dagbag.py:540} INFO - Filling up the DagBag from /opt/airflow/dags/telegraph_dag.py
[2026-05-13T15:43:16.466+0000] {processor.py:840} INFO - DAG(s) 'telegraph_scraper' retrieved from /opt/airflow/dags/telegraph_dag.py
[2026-05-13T15:43:16.667+0000] {logging_mixin.py:188} INFO - [2026-05-13T15:43:16.666+0000] {dag.py:3047} INFO - Sync 1 DAGs
[2026-05-13T15:43:16.858+0000] {logging_mixin.py:188} INFO - [2026-05-13T15:43:16.858+0000] {dag.py:3834} INFO - Setting next_dagrun for telegraph_scraper to 2026-05-13 00:00:00+00:00, run_after=2026-05-14 00:00:00+00:00
[2026-05-13T15:43:17.020+0000] {processor.py:183} INFO - Processing /opt/airflow/dags/telegraph_dag.py took 0.626 seconds
[2026-05-13T15:43:47.669+0000] {processor.py:161} INFO - Started process (PID=2752) to work on /opt/airflow/dags/telegraph_dag.py
[2026-05-13T15:43:47.679+0000] {processor.py:830} INFO - Processing file /opt/airflow/dags/telegraph_dag.py for tasks to queue
[2026-05-13T15:43:47.699+0000] {logging_mixin.py:188} INFO - [2026-05-13T15:43:47.697+0000] {dagbag.py:540} INFO - Filling up the DagBag from /opt/airflow/dags/telegraph_dag.py
[2026-05-13T15:43:48.193+0000] {processor.py:840} INFO - DAG(s) 'telegraph_scraper' retrieved from /opt/airflow/dags/telegraph_dag.py
[2026-05-13T15:43:48.397+0000] {logging_mixin.py:188} INFO - [2026-05-13T15:43:48.396+0000] {dag.py:3047} INFO - Sync 1 DAGs
[2026-05-13T15:43:48.584+0000] {logging_mixin.py:188} INFO - [2026-05-13T15:43:48.583+0000] {dag.py:3834} INFO - Setting next_dagrun for telegraph_scraper to 2026-05-13 00:00:00+00:00, run_after=2026-05-14 00:00:00+00:00
[2026-05-13T15:43:48.688+0000] {processor.py:183} INFO - Processing /opt/airflow/dags/telegraph_dag.py took 1.031 seconds
[2026-05-13T15:44:19.307+0000] {processor.py:161} INFO - Started process (PID=2782) to work on /opt/airflow/dags/telegraph_dag.py
[2026-05-13T15:44:19.310+0000] {processor.py:830} INFO - Processing file /opt/airflow/dags/telegraph_dag.py for tasks to queue
[2026-05-13T15:44:19.316+0000] {logging_mixin.py:188} INFO - [2026-05-13T15:44:19.314+0000] {dagbag.py:540} INFO - Filling up the DagBag from /opt/airflow/dags/telegraph_dag.py
[2026-05-13T15:44:19.380+0000] {processor.py:840} INFO - DAG(s) 'telegraph_scraper' retrieved from /opt/airflow/dags/telegraph_dag.py
[2026-05-13T15:44:19.494+0000] {logging_mixin.py:188} INFO - [2026-05-13T15:44:19.493+0000] {dag.py:3047} INFO - Sync 1 DAGs
[2026-05-13T15:44:19.573+0000] {logging_mixin.py:188} INFO - [2026-05-13T15:44:19.572+0000] {dag.py:3834} INFO - Setting next_dagrun for telegraph_scraper to 2026-05-13 00:00:00+00:00, run_after=2026-05-14 00:00:00+00:00
[2026-05-13T15:44:19.662+0000] {processor.py:183} INFO - Processing /opt/airflow/dags/telegraph_dag.py took 0.367 seconds
[2026-05-13T15:44:50.178+0000] {processor.py:161} INFO - Started process (PID=2812) to work on /opt/airflow/dags/telegraph_dag.py
[2026-05-13T15:44:50.190+0000] {processor.py:830} INFO - Processing file /opt/airflow/dags/telegraph_dag.py for tasks to queue
[2026-05-13T15:44:50.194+0000] {logging_mixin.py:188} INFO - [2026-05-13T15:44:50.192+0000] {dagbag.py:540} INFO - Filling up the DagBag from /opt/airflow/dags/telegraph_dag.py
[2026-05-13T15:44:50.269+0000] {processor.py:840} INFO - DAG(s) 'telegraph_scraper' retrieved from /opt/airflow/dags/telegraph_dag.py
[2026-05-13T15:44:50.417+0000] {logging_mixin.py:188} INFO - [2026-05-13T15:44:50.416+0000] {dag.py:3047} INFO - Sync 1 DAGs
[2026-05-13T15:44:50.550+0000] {logging_mixin.py:188} INFO - [2026-05-13T15:44:50.548+0000] {dag.py:3834} INFO - Setting next_dagrun for telegraph_scraper to 2026-05-13 00:00:00+00:00, run_after=2026-05-14 00:00:00+00:00
[2026-05-13T15:44:50.764+0000] {processor.py:183} INFO - Processing /opt/airflow/dags/telegraph_dag.py took 0.599 seconds
[2026-05-13T15:45:21.273+0000] {processor.py:161} INFO - Started process (PID=2842) to work on /opt/airflow/dags/telegraph_dag.py
[2026-05-13T15:45:21.293+0000] {processor.py:830} INFO - Processing file /opt/airflow/dags/telegraph_dag.py for tasks to queue
[2026-05-13T15:45:21.309+0000] {logging_mixin.py:188} INFO - [2026-05-13T15:45:21.307+0000] {dagbag.py:540} INFO - Filling up the DagBag from /opt/airflow/dags/telegraph_dag.py
[2026-05-13T15:45:21.760+0000] {processor.py:840} INFO - DAG(s) 'telegraph_scraper' retrieved from /opt/airflow/dags/telegraph_dag.py
[2026-05-13T15:45:21.991+0000] {logging_mixin.py:188} INFO - [2026-05-13T15:45:21.991+0000] {dag.py:3047} INFO - Sync 1 DAGs
[2026-05-13T15:45:22.261+0000] {logging_mixin.py:188} INFO - [2026-05-13T15:45:22.260+0000] {dag.py:3834} INFO - Setting next_dagrun for telegraph_scraper to 2026-05-13 00:00:00+00:00, run_after=2026-05-14 00:00:00+00:00
[2026-05-13T15:45:22.330+0000] {processor.py:183} INFO - Processing /opt/airflow/dags/telegraph_dag.py took 1.079 seconds
[2026-05-13T15:45:54.768+0000] {processor.py:161} INFO - Started process (PID=2872) to work on /opt/airflow/dags/telegraph_dag.py
[2026-05-13T15:45:54.803+0000] {processor.py:830} INFO - Processing file /opt/airflow/dags/telegraph_dag.py for tasks to queue
[2026-05-13T15:45:54.835+0000] {logging_mixin.py:188} INFO - [2026-05-13T15:45:54.833+0000] {dagbag.py:540} INFO - Filling up the DagBag from /opt/airflow/dags/telegraph_dag.py
[2026-05-13T15:45:55.414+0000] {processor.py:840} INFO - DAG(s) 'telegraph_scraper' retrieved from /opt/airflow/dags/telegraph_dag.py
[2026-05-13T15:45:56.029+0000] {logging_mixin.py:188} INFO - [2026-05-13T15:45:56.017+0000] {dag.py:3047} INFO - Sync 1 DAGs
[2026-05-13T15:45:56.648+0000] {logging_mixin.py:188} INFO - [2026-05-13T15:45:56.636+0000] {dag.py:3834} INFO - Setting next_dagrun for telegraph_scraper to 2026-05-13 00:00:00+00:00, run_after=2026-05-14 00:00:00+00:00
[2026-05-13T15:45:56.904+0000] {processor.py:183} INFO - Processing /opt/airflow/dags/telegraph_dag.py took 2.198 seconds
[2026-05-13T15:46:27.592+0000] {processor.py:161} INFO - Started process (PID=2902) to work on /opt/airflow/dags/telegraph_dag.py
[2026-05-13T15:46:27.596+0000] {processor.py:830} INFO - Processing file /opt/airflow/dags/telegraph_dag.py for tasks to queue
[2026-05-13T15:46:27.600+0000] {logging_mixin.py:188} INFO - [2026-05-13T15:46:27.599+0000] {dagbag.py:540} INFO - Filling up the DagBag from /opt/airflow/dags/telegraph_dag.py
[2026-05-13T15:46:27.651+0000] {processor.py:840} INFO - DAG(s) 'telegraph_scraper' retrieved from /opt/airflow/dags/telegraph_dag.py
[2026-05-13T15:46:27.843+0000] {logging_mixin.py:188} INFO - [2026-05-13T15:46:27.842+0000] {dag.py:3047} INFO - Sync 1 DAGs
[2026-05-13T15:46:28.130+0000] {logging_mixin.py:188} INFO - [2026-05-13T15:46:28.130+0000] {dag.py:3834} INFO - Setting next_dagrun for telegraph_scraper to 2026-05-13 00:00:00+00:00, run_after=2026-05-14 00:00:00+00:00
[2026-05-13T15:46:28.343+0000] {processor.py:183} INFO - Processing /opt/airflow/dags/telegraph_dag.py took 0.764 seconds
[2026-05-13T15:46:59.012+0000] {processor.py:161} INFO - Started process (PID=2932) to work on /opt/airflow/dags/telegraph_dag.py
[2026-05-13T15:46:59.021+0000] {processor.py:830} INFO - Processing file /opt/airflow/dags/telegraph_dag.py for tasks to queue
[2026-05-13T15:46:59.038+0000] {logging_mixin.py:188} INFO - [2026-05-13T15:46:59.037+0000] {dagbag.py:540} INFO - Filling up the DagBag from /opt/airflow/dags/telegraph_dag.py
[2026-05-13T15:46:59.112+0000] {processor.py:840} INFO - DAG(s) 'telegraph_scraper' retrieved from /opt/airflow/dags/telegraph_dag.py
[2026-05-13T15:46:59.189+0000] {logging_mixin.py:188} INFO - [2026-05-13T15:46:59.189+0000] {dag.py:3047} INFO - Sync 1 DAGs
[2026-05-13T15:46:59.261+0000] {logging_mixin.py:188} INFO - [2026-05-13T15:46:59.261+0000] {dag.py:3834} INFO - Setting next_dagrun for telegraph_scraper to 2026-05-13 00:00:00+00:00, run_after=2026-05-14 00:00:00+00:00
[2026-05-13T15:46:59.316+0000] {processor.py:183} INFO - Processing /opt/airflow/dags/telegraph_dag.py took 0.322 seconds
[2026-05-13T15:47:30.040+0000] {processor.py:161} INFO - Started process (PID=2962) to work on /opt/airflow/dags/telegraph_dag.py
[2026-05-13T15:47:30.044+0000] {processor.py:830} INFO - Processing file /opt/airflow/dags/telegraph_dag.py for tasks to queue
[2026-05-13T15:47:30.048+0000] {logging_mixin.py:188} INFO - [2026-05-13T15:47:30.047+0000] {dagbag.py:540} INFO - Filling up the DagBag from /opt/airflow/dags/telegraph_dag.py
[2026-05-13T15:47:30.092+0000] {processor.py:840} INFO - DAG(s) 'telegraph_scraper' retrieved from /opt/airflow/dags/telegraph_dag.py
[2026-05-13T15:47:30.202+0000] {logging_mixin.py:188} INFO - [2026-05-13T15:47:30.201+0000] {dag.py:3047} INFO - Sync 1 DAGs
[2026-05-13T15:47:30.259+0000] {logging_mixin.py:188} INFO - [2026-05-13T15:47:30.259+0000] {dag.py:3834} INFO - Setting next_dagrun for telegraph_scraper to 2026-05-13 00:00:00+00:00, run_after=2026-05-14 00:00:00+00:00
[2026-05-13T15:47:30.317+0000] {processor.py:183} INFO - Processing /opt/airflow/dags/telegraph_dag.py took 0.292 seconds
[2026-05-13T15:48:01.594+0000] {processor.py:161} INFO - Started process (PID=2992) to work on /opt/airflow/dags/telegraph_dag.py
[2026-05-13T15:48:01.602+0000] {processor.py:830} INFO - Processing file /opt/airflow/dags/telegraph_dag.py for tasks to queue
[2026-05-13T15:48:01.607+0000] {logging_mixin.py:188} INFO - [2026-05-13T15:48:01.606+0000] {dagbag.py:540} INFO - Filling up the DagBag from /opt/airflow/dags/telegraph_dag.py
[2026-05-13T15:48:01.666+0000] {processor.py:840} INFO - DAG(s) 'telegraph_scraper' retrieved from /opt/airflow/dags/telegraph_dag.py
[2026-05-13T15:48:01.755+0000] {logging_mixin.py:188} INFO - [2026-05-13T15:48:01.754+0000] {dag.py:3047} INFO - Sync 1 DAGs
[2026-05-13T15:48:01.823+0000] {logging_mixin.py:188} INFO - [2026-05-13T15:48:01.823+0000] {dag.py:3834} INFO - Setting next_dagrun for telegraph_scraper to 2026-05-13 00:00:00+00:00, run_after=2026-05-14 00:00:00+00:00
[2026-05-13T15:48:01.873+0000] {processor.py:183} INFO - Processing /opt/airflow/dags/telegraph_dag.py took 0.300 seconds
[2026-05-13T15:48:32.335+0000] {processor.py:161} INFO - Started process (PID=3022) to work on /opt/airflow/dags/telegraph_dag.py
[2026-05-13T15:48:32.339+0000] {processor.py:830} INFO - Processing file /opt/airflow/dags/telegraph_dag.py for tasks to queue
[2026-05-13T15:48:32.344+0000] {logging_mixin.py:188} INFO - [2026-05-13T15:48:32.342+0000] {dagbag.py:540} INFO - Filling up the DagBag from /opt/airflow/dags/telegraph_dag.py
[2026-05-13T15:48:32.388+0000] {processor.py:840} INFO - DAG(s) 'telegraph_scraper' retrieved from /opt/airflow/dags/telegraph_dag.py
[2026-05-13T15:48:32.491+0000] {logging_mixin.py:188} INFO - [2026-05-13T15:48:32.491+0000] {dag.py:3047} INFO - Sync 1 DAGs
[2026-05-13T15:48:32.556+0000] {logging_mixin.py:188} INFO - [2026-05-13T15:48:32.555+0000] {dag.py:3834} INFO - Setting next_dagrun for telegraph_scraper to 2026-05-13 00:00:00+00:00, run_after=2026-05-14 00:00:00+00:00
[2026-05-13T15:48:32.691+0000] {processor.py:183} INFO - Processing /opt/airflow/dags/telegraph_dag.py took 0.368 seconds
[2026-05-13T15:49:03.467+0000] {processor.py:161} INFO - Started process (PID=3052) to work on /opt/airflow/dags/telegraph_dag.py
[2026-05-13T15:49:03.474+0000] {processor.py:830} INFO - Processing file /opt/airflow/dags/telegraph_dag.py for tasks to queue
[2026-05-13T15:49:03.484+0000] {logging_mixin.py:188} INFO - [2026-05-13T15:49:03.483+0000] {dagbag.py:540} INFO - Filling up the DagBag from /opt/airflow/dags/telegraph_dag.py
[2026-05-13T15:49:03.551+0000] {processor.py:840} INFO - DAG(s) 'telegraph_scraper' retrieved from /opt/airflow/dags/telegraph_dag.py
[2026-05-13T15:49:03.676+0000] {logging_mixin.py:188} INFO - [2026-05-13T15:49:03.675+0000] {dag.py:3047} INFO - Sync 1 DAGs
[2026-05-13T15:49:03.752+0000] {logging_mixin.py:188} INFO - [2026-05-13T15:49:03.751+0000] {dag.py:3834} INFO - Setting next_dagrun for telegraph_scraper to 2026-05-13 00:00:00+00:00, run_after=2026-05-14 00:00:00+00:00
[2026-05-13T15:49:03.827+0000] {processor.py:183} INFO - Processing /opt/airflow/dags/telegraph_dag.py took 0.380 seconds
[2026-05-13T15:49:34.536+0000] {processor.py:161} INFO - Started process (PID=3082) to work on /opt/airflow/dags/telegraph_dag.py
[2026-05-13T15:49:34.540+0000] {processor.py:830} INFO - Processing file /opt/airflow/dags/telegraph_dag.py for tasks to queue
[2026-05-13T15:49:34.544+0000] {logging_mixin.py:188} INFO - [2026-05-13T15:49:34.543+0000] {dagbag.py:540} INFO - Filling up the DagBag from /opt/airflow/dags/telegraph_dag.py
[2026-05-13T15:49:34.599+0000] {processor.py:840} INFO - DAG(s) 'telegraph_scraper' retrieved from /opt/airflow/dags/telegraph_dag.py
[2026-05-13T15:49:34.691+0000] {logging_mixin.py:188} INFO - [2026-05-13T15:49:34.690+0000] {dag.py:3047} INFO - Sync 1 DAGs
[2026-05-13T15:49:34.810+0000] {logging_mixin.py:188} INFO - [2026-05-13T15:49:34.809+0000] {dag.py:3834} INFO - Setting next_dagrun for telegraph_scraper to 2026-05-13 00:00:00+00:00, run_after=2026-05-14 00:00:00+00:00
[2026-05-13T15:49:35.020+0000] {processor.py:183} INFO - Processing /opt/airflow/dags/telegraph_dag.py took 0.496 seconds
[2026-05-13T15:50:05.788+0000] {processor.py:161} INFO - Started process (PID=3112) to work on /opt/airflow/dags/telegraph_dag.py
[2026-05-13T15:50:05.791+0000] {processor.py:830} INFO - Processing file /opt/airflow/dags/telegraph_dag.py for tasks to queue
[2026-05-13T15:50:05.794+0000] {logging_mixin.py:188} INFO - [2026-05-13T15:50:05.793+0000] {dagbag.py:540} INFO - Filling up the DagBag from /opt/airflow/dags/telegraph_dag.py
[2026-05-13T15:50:05.838+0000] {processor.py:840} INFO - DAG(s) 'telegraph_scraper' retrieved from /opt/airflow/dags/telegraph_dag.py
[2026-05-13T15:50:05.927+0000] {logging_mixin.py:188} INFO - [2026-05-13T15:50:05.926+0000] {dag.py:3047} INFO - Sync 1 DAGs
[2026-05-13T15:50:06.002+0000] {logging_mixin.py:188} INFO - [2026-05-13T15:50:06.001+0000] {dag.py:3834} INFO - Setting next_dagrun for telegraph_scraper to 2026-05-13 00:00:00+00:00, run_after=2026-05-14 00:00:00+00:00
[2026-05-13T15:50:06.058+0000] {processor.py:183} INFO - Processing /opt/airflow/dags/telegraph_dag.py took 0.281 seconds
[2026-05-13T15:50:36.846+0000] {processor.py:161} INFO - Started process (PID=3142) to work on /opt/airflow/dags/telegraph_dag.py
[2026-05-13T15:50:36.849+0000] {processor.py:830} INFO - Processing file /opt/airflow/dags/telegraph_dag.py for tasks to queue
[2026-05-13T15:50:36.853+0000] {logging_mixin.py:188} INFO - [2026-05-13T15:50:36.852+0000] {dagbag.py:540} INFO - Filling up the DagBag from /opt/airflow/dags/telegraph_dag.py
[2026-05-13T15:50:36.916+0000] {processor.py:840} INFO - DAG(s) 'telegraph_scraper' retrieved from /opt/airflow/dags/telegraph_dag.py
[2026-05-13T15:50:37.029+0000] {logging_mixin.py:188} INFO - [2026-05-13T15:50:37.029+0000] {dag.py:3047} INFO - Sync 1 DAGs
[2026-05-13T15:50:37.110+0000] {logging_mixin.py:188} INFO - [2026-05-13T15:50:37.109+0000] {dag.py:3834} INFO - Setting next_dagrun for telegraph_scraper to 2026-05-13 00:00:00+00:00, run_after=2026-05-14 00:00:00+00:00
[2026-05-13T15:50:37.165+0000] {processor.py:183} INFO - Processing /opt/airflow/dags/telegraph_dag.py took 0.332 seconds
[2026-05-13T15:51:07.824+0000] {processor.py:161} INFO - Started process (PID=3172) to work on /opt/airflow/dags/telegraph_dag.py
[2026-05-13T15:51:07.828+0000] {processor.py:830} INFO - Processing file /opt/airflow/dags/telegraph_dag.py for tasks to queue
[2026-05-13T15:51:07.830+0000] {logging_mixin.py:188} INFO - [2026-05-13T15:51:07.830+0000] {dagbag.py:540} INFO - Filling up the DagBag from /opt/airflow/dags/telegraph_dag.py
[2026-05-13T15:51:07.874+0000] {processor.py:840} INFO - DAG(s) 'telegraph_scraper' retrieved from /opt/airflow/dags/telegraph_dag.py
[2026-05-13T15:51:07.964+0000] {logging_mixin.py:188} INFO - [2026-05-13T15:51:07.963+0000] {dag.py:3047} INFO - Sync 1 DAGs
[2026-05-13T15:51:08.032+0000] {logging_mixin.py:188} INFO - [2026-05-13T15:51:08.031+0000] {dag.py:3834} INFO - Setting next_dagrun for telegraph_scraper to 2026-05-13 00:00:00+00:00, run_after=2026-05-14 00:00:00+00:00
[2026-05-13T15:51:08.101+0000] {processor.py:183} INFO - Processing /opt/airflow/dags/telegraph_dag.py took 0.287 seconds
[2026-05-13T15:51:38.845+0000] {processor.py:161} INFO - Started process (PID=3202) to work on /opt/airflow/dags/telegraph_dag.py
[2026-05-13T15:51:38.849+0000] {processor.py:830} INFO - Processing file /opt/airflow/dags/telegraph_dag.py for tasks to queue
[2026-05-13T15:51:38.852+0000] {logging_mixin.py:188} INFO - [2026-05-13T15:51:38.851+0000] {dagbag.py:540} INFO - Filling up the DagBag from /opt/airflow/dags/telegraph_dag.py
[2026-05-13T15:51:38.900+0000] {processor.py:840} INFO - DAG(s) 'telegraph_scraper' retrieved from /opt/airflow/dags/telegraph_dag.py
[2026-05-13T15:51:38.988+0000] {logging_mixin.py:188} INFO - [2026-05-13T15:51:38.988+0000] {dag.py:3047} INFO - Sync 1 DAGs
[2026-05-13T15:51:39.051+0000] {logging_mixin.py:188} INFO - [2026-05-13T15:51:39.050+0000] {dag.py:3834} INFO - Setting next_dagrun for telegraph_scraper to 2026-05-13 00:00:00+00:00, run_after=2026-05-14 00:00:00+00:00
[2026-05-13T15:51:39.124+0000] {processor.py:183} INFO - Processing /opt/airflow/dags/telegraph_dag.py took 0.296 seconds
[2026-05-13T15:52:09.498+0000] {processor.py:161} INFO - Started process (PID=3232) to work on /opt/airflow/dags/telegraph_dag.py
[2026-05-13T15:52:09.502+0000] {processor.py:830} INFO - Processing file /opt/airflow/dags/telegraph_dag.py for tasks to queue
[2026-05-13T15:52:09.505+0000] {logging_mixin.py:188} INFO - [2026-05-13T15:52:09.504+0000] {dagbag.py:540} INFO - Filling up the DagBag from /opt/airflow/dags/telegraph_dag.py
[2026-05-13T15:52:09.553+0000] {processor.py:840} INFO - DAG(s) 'telegraph_scraper' retrieved from /opt/airflow/dags/telegraph_dag.py
[2026-05-13T15:52:09.659+0000] {logging_mixin.py:188} INFO - [2026-05-13T15:52:09.658+0000] {dag.py:3047} INFO - Sync 1 DAGs
[2026-05-13T15:52:09.717+0000] {logging_mixin.py:188} INFO - [2026-05-13T15:52:09.717+0000] {dag.py:3834} INFO - Setting next_dagrun for telegraph_scraper to 2026-05-13 00:00:00+00:00, run_after=2026-05-14 00:00:00+00:00
[2026-05-13T15:52:09.773+0000] {processor.py:183} INFO - Processing /opt/airflow/dags/telegraph_dag.py took 0.295 seconds
[2026-05-13T15:52:40.815+0000] {processor.py:161} INFO - Started process (PID=3262) to work on /opt/airflow/dags/telegraph_dag.py
[2026-05-13T15:52:40.821+0000] {processor.py:830} INFO - Processing file /opt/airflow/dags/telegraph_dag.py for tasks to queue
[2026-05-13T15:52:40.837+0000] {logging_mixin.py:188} INFO - [2026-05-13T15:52:40.836+0000] {dagbag.py:540} INFO - Filling up the DagBag from /opt/airflow/dags/telegraph_dag.py
[2026-05-13T15:52:40.912+0000] {processor.py:840} INFO - DAG(s) 'telegraph_scraper' retrieved from /opt/airflow/dags/telegraph_dag.py
[2026-05-13T15:52:40.999+0000] {logging_mixin.py:188} INFO - [2026-05-13T15:52:40.998+0000] {dag.py:3047} INFO - Sync 1 DAGs
[2026-05-13T15:52:41.059+0000] {logging_mixin.py:188} INFO - [2026-05-13T15:52:41.059+0000] {dag.py:3834} INFO - Setting next_dagrun for telegraph_scraper to 2026-05-13 00:00:00+00:00, run_after=2026-05-14 00:00:00+00:00
[2026-05-13T15:52:41.293+0000] {processor.py:183} INFO - Processing /opt/airflow/dags/telegraph_dag.py took 0.509 seconds
[2026-05-13T15:53:11.578+0000] {processor.py:161} INFO - Started process (PID=3295) to work on /opt/airflow/dags/telegraph_dag.py
[2026-05-13T15:53:11.581+0000] {processor.py:830} INFO - Processing file /opt/airflow/dags/telegraph_dag.py for tasks to queue
[2026-05-13T15:53:11.584+0000] {logging_mixin.py:188} INFO - [2026-05-13T15:53:11.583+0000] {dagbag.py:540} INFO - Filling up the DagBag from /opt/airflow/dags/telegraph_dag.py
[2026-05-13T15:53:11.633+0000] {processor.py:840} INFO - DAG(s) 'telegraph_scraper' retrieved from /opt/airflow/dags/telegraph_dag.py
[2026-05-13T15:53:11.734+0000] {logging_mixin.py:188} INFO - [2026-05-13T15:53:11.733+0000] {dag.py:3047} INFO - Sync 1 DAGs
[2026-05-13T15:53:11.790+0000] {logging_mixin.py:188} INFO - [2026-05-13T15:53:11.789+0000] {dag.py:3834} INFO - Setting next_dagrun for telegraph_scraper to 2026-05-13 00:00:00+00:00, run_after=2026-05-14 00:00:00+00:00
[2026-05-13T15:53:11.839+0000] {processor.py:183} INFO - Processing /opt/airflow/dags/telegraph_dag.py took 0.273 seconds
[2026-05-13T15:53:42.660+0000] {processor.py:161} INFO - Started process (PID=3322) to work on /opt/airflow/dags/telegraph_dag.py
[2026-05-13T15:53:42.665+0000] {processor.py:830} INFO - Processing file /opt/airflow/dags/telegraph_dag.py for tasks to queue
[2026-05-13T15:53:42.669+0000] {logging_mixin.py:188} INFO - [2026-05-13T15:53:42.667+0000] {dagbag.py:540} INFO - Filling up the DagBag from /opt/airflow/dags/telegraph_dag.py
[2026-05-13T15:53:42.721+0000] {processor.py:840} INFO - DAG(s) 'telegraph_scraper' retrieved from /opt/airflow/dags/telegraph_dag.py
[2026-05-13T15:53:42.830+0000] {logging_mixin.py:188} INFO - [2026-05-13T15:53:42.829+0000] {dag.py:3047} INFO - Sync 1 DAGs
[2026-05-13T15:53:42.909+0000] {logging_mixin.py:188} INFO - [2026-05-13T15:53:42.908+0000] {dag.py:3834} INFO - Setting next_dagrun for telegraph_scraper to 2026-05-13 00:00:00+00:00, run_after=2026-05-14 00:00:00+00:00
[2026-05-13T15:53:42.966+0000] {processor.py:183} INFO - Processing /opt/airflow/dags/telegraph_dag.py took 0.321 seconds
[2026-05-13T15:54:13.493+0000] {processor.py:161} INFO - Started process (PID=3352) to work on /opt/airflow/dags/telegraph_dag.py
[2026-05-13T15:54:13.501+0000] {processor.py:830} INFO - Processing file /opt/airflow/dags/telegraph_dag.py for tasks to queue
[2026-05-13T15:54:13.506+0000] {logging_mixin.py:188} INFO - [2026-05-13T15:54:13.506+0000] {dagbag.py:540} INFO - Filling up the DagBag from /opt/airflow/dags/telegraph_dag.py
[2026-05-13T15:54:13.603+0000] {processor.py:840} INFO - DAG(s) 'telegraph_scraper' retrieved from /opt/airflow/dags/telegraph_dag.py
[2026-05-13T15:54:13.694+0000] {logging_mixin.py:188} INFO - [2026-05-13T15:54:13.693+0000] {dag.py:3047} INFO - Sync 1 DAGs
[2026-05-13T15:54:13.757+0000] {logging_mixin.py:188} INFO - [2026-05-13T15:54:13.757+0000] {dag.py:3834} INFO - Setting next_dagrun for telegraph_scraper to 2026-05-13 00:00:00+00:00, run_after=2026-05-14 00:00:00+00:00
[2026-05-13T15:54:13.882+0000] {processor.py:183} INFO - Processing /opt/airflow/dags/telegraph_dag.py took 0.419 seconds
[2026-05-13T15:54:44.667+0000] {processor.py:161} INFO - Started process (PID=3382) to work on /opt/airflow/dags/telegraph_dag.py
[2026-05-13T15:54:44.671+0000] {processor.py:830} INFO - Processing file /opt/airflow/dags/telegraph_dag.py for tasks to queue
[2026-05-13T15:54:44.675+0000] {logging_mixin.py:188} INFO - [2026-05-13T15:54:44.673+0000] {dagbag.py:540} INFO - Filling up the DagBag from /opt/airflow/dags/telegraph_dag.py
[2026-05-13T15:54:44.718+0000] {processor.py:840} INFO - DAG(s) 'telegraph_scraper' retrieved from /opt/airflow/dags/telegraph_dag.py
[2026-05-13T15:54:44.809+0000] {logging_mixin.py:188} INFO - [2026-05-13T15:54:44.808+0000] {dag.py:3047} INFO - Sync 1 DAGs
[2026-05-13T15:54:44.871+0000] {logging_mixin.py:188} INFO - [2026-05-13T15:54:44.870+0000] {dag.py:3834} INFO - Setting next_dagrun for telegraph_scraper to 2026-05-13 00:00:00+00:00, run_after=2026-05-14 00:00:00+00:00
[2026-05-13T15:54:44.921+0000] {processor.py:183} INFO - Processing /opt/airflow/dags/telegraph_dag.py took 0.269 seconds
[2026-05-13T15:55:15.168+0000] {processor.py:161} INFO - Started process (PID=3412) to work on /opt/airflow/dags/telegraph_dag.py
[2026-05-13T15:55:15.172+0000] {processor.py:830} INFO - Processing file /opt/airflow/dags/telegraph_dag.py for tasks to queue
[2026-05-13T15:55:15.176+0000] {logging_mixin.py:188} INFO - [2026-05-13T15:55:15.175+0000] {dagbag.py:540} INFO - Filling up the DagBag from /opt/airflow/dags/telegraph_dag.py
[2026-05-13T15:55:15.227+0000] {processor.py:840} INFO - DAG(s) 'telegraph_scraper' retrieved from /opt/airflow/dags/telegraph_dag.py
[2026-05-13T15:55:15.449+0000] {logging_mixin.py:188} INFO - [2026-05-13T15:55:15.448+0000] {dag.py:3047} INFO - Sync 1 DAGs
[2026-05-13T15:55:15.674+0000] {logging_mixin.py:188} INFO - [2026-05-13T15:55:15.674+0000] {dag.py:3834} INFO - Setting next_dagrun for telegraph_scraper to 2026-05-13 00:00:00+00:00, run_after=2026-05-14 00:00:00+00:00
[2026-05-13T15:55:15.866+0000] {processor.py:183} INFO - Processing /opt/airflow/dags/telegraph_dag.py took 0.709 seconds
[2026-05-13T15:55:46.396+0000] {processor.py:161} INFO - Started process (PID=3442) to work on /opt/airflow/dags/telegraph_dag.py
[2026-05-13T15:55:46.403+0000] {processor.py:830} INFO - Processing file /opt/airflow/dags/telegraph_dag.py for tasks to queue
[2026-05-13T15:55:46.407+0000] {logging_mixin.py:188} INFO - [2026-05-13T15:55:46.407+0000] {dagbag.py:540} INFO - Filling up the DagBag from /opt/airflow/dags/telegraph_dag.py
[2026-05-13T15:55:46.454+0000] {processor.py:840} INFO - DAG(s) 'telegraph_scraper' retrieved from /opt/airflow/dags/telegraph_dag.py
[2026-05-13T15:55:46.530+0000] {logging_mixin.py:188} INFO - [2026-05-13T15:55:46.529+0000] {dag.py:3047} INFO - Sync 1 DAGs
[2026-05-13T15:55:46.589+0000] {logging_mixin.py:188} INFO - [2026-05-13T15:55:46.589+0000] {dag.py:3834} INFO - Setting next_dagrun for telegraph_scraper to 2026-05-13 00:00:00+00:00, run_after=2026-05-14 00:00:00+00:00
[2026-05-13T15:55:46.661+0000] {processor.py:183} INFO - Processing /opt/airflow/dags/telegraph_dag.py took 0.277 seconds
[2026-05-13T15:56:17.007+0000] {processor.py:161} INFO - Started process (PID=3472) to work on /opt/airflow/dags/telegraph_dag.py
[2026-05-13T15:56:17.011+0000] {processor.py:830} INFO - Processing file /opt/airflow/dags/telegraph_dag.py for tasks to queue
[2026-05-13T15:56:17.016+0000] {logging_mixin.py:188} INFO - [2026-05-13T15:56:17.014+0000] {dagbag.py:540} INFO - Filling up the DagBag from /opt/airflow/dags/telegraph_dag.py
[2026-05-13T15:56:17.065+0000] {processor.py:840} INFO - DAG(s) 'telegraph_scraper' retrieved from /opt/airflow/dags/telegraph_dag.py
[2026-05-13T15:56:17.146+0000] {logging_mixin.py:188} INFO - [2026-05-13T15:56:17.145+0000] {dag.py:3047} INFO - Sync 1 DAGs
[2026-05-13T15:56:17.204+0000] {logging_mixin.py:188} INFO - [2026-05-13T15:56:17.204+0000] {dag.py:3834} INFO - Setting next_dagrun for telegraph_scraper to 2026-05-13 00:00:00+00:00, run_after=2026-05-14 00:00:00+00:00
[2026-05-13T15:56:17.373+0000] {processor.py:183} INFO - Processing /opt/airflow/dags/telegraph_dag.py took 0.379 seconds
[2026-05-13T15:56:48.240+0000] {processor.py:161} INFO - Started process (PID=3502) to work on /opt/airflow/dags/telegraph_dag.py
[2026-05-13T15:56:48.245+0000] {processor.py:830} INFO - Processing file /opt/airflow/dags/telegraph_dag.py for tasks to queue
[2026-05-13T15:56:48.250+0000] {logging_mixin.py:188} INFO - [2026-05-13T15:56:48.248+0000] {dagbag.py:540} INFO - Filling up the DagBag from /opt/airflow/dags/telegraph_dag.py
[2026-05-13T15:56:48.289+0000] {processor.py:840} INFO - DAG(s) 'telegraph_scraper' retrieved from /opt/airflow/dags/telegraph_dag.py
[2026-05-13T15:56:48.360+0000] {logging_mixin.py:188} INFO - [2026-05-13T15:56:48.359+0000] {dag.py:3047} INFO - Sync 1 DAGs
[2026-05-13T15:56:48.418+0000] {logging_mixin.py:188} INFO - [2026-05-13T15:56:48.417+0000] {dag.py:3834} INFO - Setting next_dagrun for telegraph_scraper to 2026-05-13 00:00:00+00:00, run_after=2026-05-14 00:00:00+00:00
[2026-05-13T15:56:48.475+0000] {processor.py:183} INFO - Processing /opt/airflow/dags/telegraph_dag.py took 0.262 seconds
[2026-05-13T15:57:19.042+0000] {processor.py:161} INFO - Started process (PID=3532) to work on /opt/airflow/dags/telegraph_dag.py
[2026-05-13T15:57:19.046+0000] {processor.py:830} INFO - Processing file /opt/airflow/dags/telegraph_dag.py for tasks to queue
[2026-05-13T15:57:19.049+0000] {logging_mixin.py:188} INFO - [2026-05-13T15:57:19.048+0000] {dagbag.py:540} INFO - Filling up the DagBag from /opt/airflow/dags/telegraph_dag.py
[2026-05-13T15:57:19.102+0000] {processor.py:840} INFO - DAG(s) 'telegraph_scraper' retrieved from /opt/airflow/dags/telegraph_dag.py
[2026-05-13T15:57:19.187+0000] {logging_mixin.py:188} INFO - [2026-05-13T15:57:19.186+0000] {dag.py:3047} INFO - Sync 1 DAGs
[2026-05-13T15:57:19.246+0000] {logging_mixin.py:188} INFO - [2026-05-13T15:57:19.246+0000] {dag.py:3834} INFO - Setting next_dagrun for telegraph_scraper to 2026-05-13 00:00:00+00:00, run_after=2026-05-14 00:00:00+00:00
[2026-05-13T15:57:19.305+0000] {processor.py:183} INFO - Processing /opt/airflow/dags/telegraph_dag.py took 0.274 seconds
[2026-05-13T15:57:49.543+0000] {processor.py:161} INFO - Started process (PID=3562) to work on /opt/airflow/dags/telegraph_dag.py
[2026-05-13T15:57:49.548+0000] {processor.py:830} INFO - Processing file /opt/airflow/dags/telegraph_dag.py for tasks to queue
[2026-05-13T15:57:49.551+0000] {logging_mixin.py:188} INFO - [2026-05-13T15:57:49.550+0000] {dagbag.py:540} INFO - Filling up the DagBag from /opt/airflow/dags/telegraph_dag.py
[2026-05-13T15:57:49.607+0000] {processor.py:840} INFO - DAG(s) 'telegraph_scraper' retrieved from /opt/airflow/dags/telegraph_dag.py
[2026-05-13T15:57:49.686+0000] {logging_mixin.py:188} INFO - [2026-05-13T15:57:49.685+0000] {dag.py:3047} INFO - Sync 1 DAGs
[2026-05-13T15:57:49.748+0000] {logging_mixin.py:188} INFO - [2026-05-13T15:57:49.748+0000] {dag.py:3834} INFO - Setting next_dagrun for telegraph_scraper to 2026-05-13 00:00:00+00:00, run_after=2026-05-14 00:00:00+00:00
[2026-05-13T15:57:49.923+0000] {processor.py:183} INFO - Processing /opt/airflow/dags/telegraph_dag.py took 0.393 seconds
[2026-05-13T15:58:21.032+0000] {processor.py:161} INFO - Started process (PID=3592) to work on /opt/airflow/dags/telegraph_dag.py
[2026-05-13T15:58:21.035+0000] {processor.py:830} INFO - Processing file /opt/airflow/dags/telegraph_dag.py for tasks to queue
[2026-05-13T15:58:21.039+0000] {logging_mixin.py:188} INFO - [2026-05-13T15:58:21.038+0000] {dagbag.py:540} INFO - Filling up the DagBag from /opt/airflow/dags/telegraph_dag.py
[2026-05-13T15:58:21.087+0000] {processor.py:840} INFO - DAG(s) 'telegraph_scraper' retrieved from /opt/airflow/dags/telegraph_dag.py
[2026-05-13T15:58:21.288+0000] {logging_mixin.py:188} INFO - [2026-05-13T15:58:21.276+0000] {dag.py:3047} INFO - Sync 1 DAGs
[2026-05-13T15:58:21.503+0000] {logging_mixin.py:188} INFO - [2026-05-13T15:58:21.502+0000] {dag.py:3834} INFO - Setting next_dagrun for telegraph_scraper to 2026-05-13 00:00:00+00:00, run_after=2026-05-14 00:00:00+00:00
[2026-05-13T15:58:21.741+0000] {processor.py:183} INFO - Processing /opt/airflow/dags/telegraph_dag.py took 0.721 seconds
[2026-05-13T15:58:52.445+0000] {processor.py:161} INFO - Started process (PID=3622) to work on /opt/airflow/dags/telegraph_dag.py
[2026-05-13T15:58:52.449+0000] {processor.py:830} INFO - Processing file /opt/airflow/dags/telegraph_dag.py for tasks to queue
[2026-05-13T15:58:52.452+0000] {logging_mixin.py:188} INFO - [2026-05-13T15:58:52.451+0000] {dagbag.py:540} INFO - Filling up the DagBag from /opt/airflow/dags/telegraph_dag.py
[2026-05-13T15:58:52.502+0000] {processor.py:840} INFO - DAG(s) 'telegraph_scraper' retrieved from /opt/airflow/dags/telegraph_dag.py
[2026-05-13T15:58:52.597+0000] {logging_mixin.py:188} INFO - [2026-05-13T15:58:52.596+0000] {dag.py:3047} INFO - Sync 1 DAGs
[2026-05-13T15:58:52.687+0000] {logging_mixin.py:188} INFO - [2026-05-13T15:58:52.686+0000] {dag.py:3834} INFO - Setting next_dagrun for telegraph_scraper to 2026-05-13 00:00:00+00:00, run_after=2026-05-14 00:00:00+00:00
[2026-05-13T15:58:52.736+0000] {processor.py:183} INFO - Processing /opt/airflow/dags/telegraph_dag.py took 0.305 seconds
[2026-05-13T15:59:23.608+0000] {processor.py:161} INFO - Started process (PID=3652) to work on /opt/airflow/dags/telegraph_dag.py
[2026-05-13T15:59:23.613+0000] {processor.py:830} INFO - Processing file /opt/airflow/dags/telegraph_dag.py for tasks to queue
[2026-05-13T15:59:23.616+0000] {logging_mixin.py:188} INFO - [2026-05-13T15:59:23.616+0000] {dagbag.py:540} INFO - Filling up the DagBag from /opt/airflow/dags/telegraph_dag.py
[2026-05-13T15:59:23.659+0000] {processor.py:840} INFO - DAG(s) 'telegraph_scraper' retrieved from /opt/airflow/dags/telegraph_dag.py
[2026-05-13T15:59:23.753+0000] {logging_mixin.py:188} INFO - [2026-05-13T15:59:23.752+0000] {dag.py:3047} INFO - Sync 1 DAGs
[2026-05-13T15:59:23.830+0000] {logging_mixin.py:188} INFO - [2026-05-13T15:59:23.829+0000] {dag.py:3834} INFO - Setting next_dagrun for telegraph_scraper to 2026-05-13 00:00:00+00:00, run_after=2026-05-14 00:00:00+00:00
[2026-05-13T15:59:23.911+0000] {processor.py:183} INFO - Processing /opt/airflow/dags/telegraph_dag.py took 0.317 seconds
[2026-05-13T15:59:54.282+0000] {processor.py:161} INFO - Started process (PID=3682) to work on /opt/airflow/dags/telegraph_dag.py
[2026-05-13T15:59:54.301+0000] {processor.py:830} INFO - Processing file /opt/airflow/dags/telegraph_dag.py for tasks to queue
[2026-05-13T15:59:54.363+0000] {logging_mixin.py:188} INFO - [2026-05-13T15:59:54.362+0000] {dagbag.py:540} INFO - Filling up the DagBag from /opt/airflow/dags/telegraph_dag.py
[2026-05-13T15:59:55.165+0000] {processor.py:840} INFO - DAG(s) 'telegraph_scraper' retrieved from /opt/airflow/dags/telegraph_dag.py
[2026-05-13T15:59:55.403+0000] {logging_mixin.py:188} INFO - [2026-05-13T15:59:55.402+0000] {dag.py:3047} INFO - Sync 1 DAGs
[2026-05-13T15:59:55.470+0000] {logging_mixin.py:188} INFO - [2026-05-13T15:59:55.470+0000] {dag.py:3834} INFO - Setting next_dagrun for telegraph_scraper to 2026-05-13 00:00:00+00:00, run_after=2026-05-14 00:00:00+00:00
[2026-05-13T15:59:55.532+0000] {processor.py:183} INFO - Processing /opt/airflow/dags/telegraph_dag.py took 1.297 seconds
[2026-05-13T16:00:26.529+0000] {processor.py:161} INFO - Started process (PID=3717) to work on /opt/airflow/dags/telegraph_dag.py
[2026-05-13T16:00:26.531+0000] {processor.py:830} INFO - Processing file /opt/airflow/dags/telegraph_dag.py for tasks to queue
[2026-05-13T16:00:26.534+0000] {logging_mixin.py:188} INFO - [2026-05-13T16:00:26.533+0000] {dagbag.py:540} INFO - Filling up the DagBag from /opt/airflow/dags/telegraph_dag.py
[2026-05-13T16:00:26.570+0000] {processor.py:840} INFO - DAG(s) 'telegraph_scraper' retrieved from /opt/airflow/dags/telegraph_dag.py
[2026-05-13T16:00:26.644+0000] {logging_mixin.py:188} INFO - [2026-05-13T16:00:26.644+0000] {dag.py:3047} INFO - Sync 1 DAGs
[2026-05-13T16:00:26.707+0000] {logging_mixin.py:188} INFO - [2026-05-13T16:00:26.706+0000] {dag.py:3834} INFO - Setting next_dagrun for telegraph_scraper to 2026-05-13 00:00:00+00:00, run_after=2026-05-14 00:00:00+00:00
[2026-05-13T16:00:26.754+0000] {processor.py:183} INFO - Processing /opt/airflow/dags/telegraph_dag.py took 0.235 seconds
[2026-05-13T16:00:56.907+0000] {processor.py:161} INFO - Started process (PID=3742) to work on /opt/airflow/dags/telegraph_dag.py
[2026-05-13T16:00:56.910+0000] {processor.py:830} INFO - Processing file /opt/airflow/dags/telegraph_dag.py for tasks to queue
[2026-05-13T16:00:56.914+0000] {logging_mixin.py:188} INFO - [2026-05-13T16:00:56.914+0000] {dagbag.py:540} INFO - Filling up the DagBag from /opt/airflow/dags/telegraph_dag.py
[2026-05-13T16:00:56.959+0000] {processor.py:840} INFO - DAG(s) 'telegraph_scraper' retrieved from /opt/airflow/dags/telegraph_dag.py
[2026-05-13T16:00:57.044+0000] {logging_mixin.py:188} INFO - [2026-05-13T16:00:57.043+0000] {dag.py:3047} INFO - Sync 1 DAGs
[2026-05-13T16:00:57.105+0000] {logging_mixin.py:188} INFO - [2026-05-13T16:00:57.104+0000] {dag.py:3834} INFO - Setting next_dagrun for telegraph_scraper to 2026-05-13 00:00:00+00:00, run_after=2026-05-14 00:00:00+00:00
[2026-05-13T16:00:57.155+0000] {processor.py:183} INFO - Processing /opt/airflow/dags/telegraph_dag.py took 0.259 seconds
[2026-05-13T16:01:27.970+0000] {processor.py:161} INFO - Started process (PID=3772) to work on /opt/airflow/dags/telegraph_dag.py
[2026-05-13T16:01:27.974+0000] {processor.py:830} INFO - Processing file /opt/airflow/dags/telegraph_dag.py for tasks to queue
[2026-05-13T16:01:27.977+0000] {logging_mixin.py:188} INFO - [2026-05-13T16:01:27.976+0000] {dagbag.py:540} INFO - Filling up the DagBag from /opt/airflow/dags/telegraph_dag.py
[2026-05-13T16:01:28.023+0000] {processor.py:840} INFO - DAG(s) 'telegraph_scraper' retrieved from /opt/airflow/dags/telegraph_dag.py
[2026-05-13T16:01:28.151+0000] {logging_mixin.py:188} INFO - [2026-05-13T16:01:28.151+0000] {dag.py:3047} INFO - Sync 1 DAGs
[2026-05-13T16:01:28.211+0000] {logging_mixin.py:188} INFO - [2026-05-13T16:01:28.210+0000] {dag.py:3834} INFO - Setting next_dagrun for telegraph_scraper to 2026-05-13 00:00:00+00:00, run_after=2026-05-14 00:00:00+00:00
[2026-05-13T16:01:28.264+0000] {processor.py:183} INFO - Processing /opt/airflow/dags/telegraph_dag.py took 0.308 seconds
[2026-05-13T16:01:58.585+0000] {processor.py:161} INFO - Started process (PID=3802) to work on /opt/airflow/dags/telegraph_dag.py
[2026-05-13T16:01:58.588+0000] {processor.py:830} INFO - Processing file /opt/airflow/dags/telegraph_dag.py for tasks to queue
[2026-05-13T16:01:58.596+0000] {logging_mixin.py:188} INFO - [2026-05-13T16:01:58.595+0000] {dagbag.py:540} INFO - Filling up the DagBag from /opt/airflow/dags/telegraph_dag.py
[2026-05-13T16:01:58.650+0000] {processor.py:840} INFO - DAG(s) 'telegraph_scraper' retrieved from /opt/airflow/dags/telegraph_dag.py
[2026-05-13T16:01:58.744+0000] {logging_mixin.py:188} INFO - [2026-05-13T16:01:58.743+0000] {dag.py:3047} INFO - Sync 1 DAGs
[2026-05-13T16:01:58.845+0000] {logging_mixin.py:188} INFO - [2026-05-13T16:01:58.845+0000] {dag.py:3834} INFO - Setting next_dagrun for telegraph_scraper to 2026-05-13 00:00:00+00:00, run_after=2026-05-14 00:00:00+00:00
[2026-05-13T16:01:58.906+0000] {processor.py:183} INFO - Processing /opt/airflow/dags/telegraph_dag.py took 0.341 seconds
[2026-05-13T16:02:29.088+0000] {processor.py:161} INFO - Started process (PID=3835) to work on /opt/airflow/dags/telegraph_dag.py
[2026-05-13T16:02:29.095+0000] {processor.py:830} INFO - Processing file /opt/airflow/dags/telegraph_dag.py for tasks to queue
[2026-05-13T16:02:29.099+0000] {logging_mixin.py:188} INFO - [2026-05-13T16:02:29.098+0000] {dagbag.py:540} INFO - Filling up the DagBag from /opt/airflow/dags/telegraph_dag.py
[2026-05-13T16:02:29.141+0000] {processor.py:840} INFO - DAG(s) 'telegraph_scraper' retrieved from /opt/airflow/dags/telegraph_dag.py
[2026-05-13T16:02:29.307+0000] {logging_mixin.py:188} INFO - [2026-05-13T16:02:29.307+0000] {dag.py:3047} INFO - Sync 1 DAGs
[2026-05-13T16:02:29.515+0000] {logging_mixin.py:188} INFO - [2026-05-13T16:02:29.514+0000] {dag.py:3834} INFO - Setting next_dagrun for telegraph_scraper to 2026-05-13 00:00:00+00:00, run_after=2026-05-14 00:00:00+00:00
[2026-05-13T16:02:29.701+0000] {processor.py:183} INFO - Processing /opt/airflow/dags/telegraph_dag.py took 0.624 seconds
[2026-05-13T16:03:00.449+0000] {processor.py:161} INFO - Started process (PID=3862) to work on /opt/airflow/dags/telegraph_dag.py
[2026-05-13T16:03:00.452+0000] {processor.py:830} INFO - Processing file /opt/airflow/dags/telegraph_dag.py for tasks to queue
[2026-05-13T16:03:00.455+0000] {logging_mixin.py:188} INFO - [2026-05-13T16:03:00.454+0000] {dagbag.py:540} INFO - Filling up the DagBag from /opt/airflow/dags/telegraph_dag.py
[2026-05-13T16:03:00.503+0000] {processor.py:840} INFO - DAG(s) 'telegraph_scraper' retrieved from /opt/airflow/dags/telegraph_dag.py
[2026-05-13T16:03:00.584+0000] {logging_mixin.py:188} INFO - [2026-05-13T16:03:00.583+0000] {dag.py:3047} INFO - Sync 1 DAGs
[2026-05-13T16:03:00.653+0000] {logging_mixin.py:188} INFO - [2026-05-13T16:03:00.652+0000] {dag.py:3834} INFO - Setting next_dagrun for telegraph_scraper to 2026-05-13 00:00:00+00:00, run_after=2026-05-14 00:00:00+00:00
[2026-05-13T16:03:00.702+0000] {processor.py:183} INFO - Processing /opt/airflow/dags/telegraph_dag.py took 0.271 seconds
[2026-05-13T16:03:31.264+0000] {processor.py:161} INFO - Started process (PID=3892) to work on /opt/airflow/dags/telegraph_dag.py
[2026-05-13T16:03:31.269+0000] {processor.py:830} INFO - Processing file /opt/airflow/dags/telegraph_dag.py for tasks to queue
[2026-05-13T16:03:31.272+0000] {logging_mixin.py:188} INFO - [2026-05-13T16:03:31.271+0000] {dagbag.py:540} INFO - Filling up the DagBag from /opt/airflow/dags/telegraph_dag.py
[2026-05-13T16:03:31.314+0000] {processor.py:840} INFO - DAG(s) 'telegraph_scraper' retrieved from /opt/airflow/dags/telegraph_dag.py
[2026-05-13T16:03:31.399+0000] {logging_mixin.py:188} INFO - [2026-05-13T16:03:31.398+0000] {dag.py:3047} INFO - Sync 1 DAGs
[2026-05-13T16:03:31.464+0000] {logging_mixin.py:188} INFO - [2026-05-13T16:03:31.464+0000] {dag.py:3834} INFO - Setting next_dagrun for telegraph_scraper to 2026-05-13 00:00:00+00:00, run_after=2026-05-14 00:00:00+00:00
[2026-05-13T16:03:31.516+0000] {processor.py:183} INFO - Processing /opt/airflow/dags/telegraph_dag.py took 0.264 seconds
[2026-05-13T16:04:02.547+0000] {processor.py:161} INFO - Started process (PID=3922) to work on /opt/airflow/dags/telegraph_dag.py
[2026-05-13T16:04:02.554+0000] {processor.py:830} INFO - Processing file /opt/airflow/dags/telegraph_dag.py for tasks to queue
[2026-05-13T16:04:02.571+0000] {logging_mixin.py:188} INFO - [2026-05-13T16:04:02.570+0000] {dagbag.py:540} INFO - Filling up the DagBag from /opt/airflow/dags/telegraph_dag.py
[2026-05-13T16:04:02.663+0000] {processor.py:840} INFO - DAG(s) 'telegraph_scraper' retrieved from /opt/airflow/dags/telegraph_dag.py
[2026-05-13T16:04:02.748+0000] {logging_mixin.py:188} INFO - [2026-05-13T16:04:02.748+0000] {dag.py:3047} INFO - Sync 1 DAGs
[2026-05-13T16:04:02.807+0000] {logging_mixin.py:188} INFO - [2026-05-13T16:04:02.806+0000] {dag.py:3834} INFO - Setting next_dagrun for telegraph_scraper to 2026-05-13 00:00:00+00:00, run_after=2026-05-14 00:00:00+00:00
[2026-05-13T16:04:02.856+0000] {processor.py:183} INFO - Processing /opt/airflow/dags/telegraph_dag.py took 0.329 seconds
[2026-05-13T16:04:33.219+0000] {processor.py:161} INFO - Started process (PID=3952) to work on /opt/airflow/dags/telegraph_dag.py
[2026-05-13T16:04:33.223+0000] {processor.py:830} INFO - Processing file /opt/airflow/dags/telegraph_dag.py for tasks to queue
[2026-05-13T16:04:33.228+0000] {logging_mixin.py:188} INFO - [2026-05-13T16:04:33.225+0000] {dagbag.py:540} INFO - Filling up the DagBag from /opt/airflow/dags/telegraph_dag.py
[2026-05-13T16:04:33.280+0000] {processor.py:840} INFO - DAG(s) 'telegraph_scraper' retrieved from /opt/airflow/dags/telegraph_dag.py
[2026-05-13T16:04:33.394+0000] {logging_mixin.py:188} INFO - [2026-05-13T16:04:33.393+0000] {dag.py:3047} INFO - Sync 1 DAGs
[2026-05-13T16:04:33.681+0000] {logging_mixin.py:188} INFO - [2026-05-13T16:04:33.668+0000] {dag.py:3834} INFO - Setting next_dagrun for telegraph_scraper to 2026-05-13 00:00:00+00:00, run_after=2026-05-14 00:00:00+00:00
[2026-05-13T16:04:33.932+0000] {processor.py:183} INFO - Processing /opt/airflow/dags/telegraph_dag.py took 0.714 seconds
[2026-05-13T16:05:04.657+0000] {processor.py:161} INFO - Started process (PID=3982) to work on /opt/airflow/dags/telegraph_dag.py
[2026-05-13T16:05:04.661+0000] {processor.py:830} INFO - Processing file /opt/airflow/dags/telegraph_dag.py for tasks to queue
[2026-05-13T16:05:04.665+0000] {logging_mixin.py:188} INFO - [2026-05-13T16:05:04.663+0000] {dagbag.py:540} INFO - Filling up the DagBag from /opt/airflow/dags/telegraph_dag.py
[2026-05-13T16:05:04.709+0000] {processor.py:840} INFO - DAG(s) 'telegraph_scraper' retrieved from /opt/airflow/dags/telegraph_dag.py
[2026-05-13T16:05:04.791+0000] {logging_mixin.py:188} INFO - [2026-05-13T16:05:04.791+0000] {dag.py:3047} INFO - Sync 1 DAGs
[2026-05-13T16:05:04.861+0000] {logging_mixin.py:188} INFO - [2026-05-13T16:05:04.860+0000] {dag.py:3834} INFO - Setting next_dagrun for telegraph_scraper to 2026-05-13 00:00:00+00:00, run_after=2026-05-14 00:00:00+00:00
[2026-05-13T16:05:04.913+0000] {processor.py:183} INFO - Processing /opt/airflow/dags/telegraph_dag.py took 0.273 seconds
[2026-05-13T16:05:36.039+0000] {processor.py:161} INFO - Started process (PID=4012) to work on /opt/airflow/dags/telegraph_dag.py
[2026-05-13T16:05:36.070+0000] {processor.py:830} INFO - Processing file /opt/airflow/dags/telegraph_dag.py for tasks to queue
[2026-05-13T16:05:36.073+0000] {logging_mixin.py:188} INFO - [2026-05-13T16:05:36.072+0000] {dagbag.py:540} INFO - Filling up the DagBag from /opt/airflow/dags/telegraph_dag.py
[2026-05-13T16:05:36.196+0000] {processor.py:840} INFO - DAG(s) 'telegraph_scraper' retrieved from /opt/airflow/dags/telegraph_dag.py
[2026-05-13T16:05:36.345+0000] {logging_mixin.py:188} INFO - [2026-05-13T16:05:36.344+0000] {dag.py:3047} INFO - Sync 1 DAGs
[2026-05-13T16:05:36.452+0000] {logging_mixin.py:188} INFO - [2026-05-13T16:05:36.451+0000] {dag.py:3834} INFO - Setting next_dagrun for telegraph_scraper to 2026-05-13 00:00:00+00:00, run_after=2026-05-14 00:00:00+00:00
[2026-05-13T16:05:36.593+0000] {processor.py:183} INFO - Processing /opt/airflow/dags/telegraph_dag.py took 0.570 seconds
[2026-05-13T16:06:07.288+0000] {processor.py:161} INFO - Started process (PID=4042) to work on /opt/airflow/dags/telegraph_dag.py
[2026-05-13T16:06:07.292+0000] {processor.py:830} INFO - Processing file /opt/airflow/dags/telegraph_dag.py for tasks to queue
[2026-05-13T16:06:07.296+0000] {logging_mixin.py:188} INFO - [2026-05-13T16:06:07.295+0000] {dagbag.py:540} INFO - Filling up the DagBag from /opt/airflow/dags/telegraph_dag.py
[2026-05-13T16:06:07.338+0000] {processor.py:840} INFO - DAG(s) 'telegraph_scraper' retrieved from /opt/airflow/dags/telegraph_dag.py
[2026-05-13T16:06:07.423+0000] {logging_mixin.py:188} INFO - [2026-05-13T16:06:07.422+0000] {dag.py:3047} INFO - Sync 1 DAGs
[2026-05-13T16:06:07.515+0000] {logging_mixin.py:188} INFO - [2026-05-13T16:06:07.514+0000] {dag.py:3834} INFO - Setting next_dagrun for telegraph_scraper to 2026-05-13 00:00:00+00:00, run_after=2026-05-14 00:00:00+00:00
[2026-05-13T16:06:07.563+0000] {processor.py:183} INFO - Processing /opt/airflow/dags/telegraph_dag.py took 0.287 seconds
[2026-05-13T16:06:38.692+0000] {processor.py:161} INFO - Started process (PID=4072) to work on /opt/airflow/dags/telegraph_dag.py
[2026-05-13T16:06:38.695+0000] {processor.py:830} INFO - Processing file /opt/airflow/dags/telegraph_dag.py for tasks to queue
[2026-05-13T16:06:38.698+0000] {logging_mixin.py:188} INFO - [2026-05-13T16:06:38.697+0000] {dagbag.py:540} INFO - Filling up the DagBag from /opt/airflow/dags/telegraph_dag.py
[2026-05-13T16:06:38.751+0000] {processor.py:840} INFO - DAG(s) 'telegraph_scraper' retrieved from /opt/airflow/dags/telegraph_dag.py
[2026-05-13T16:06:38.836+0000] {logging_mixin.py:188} INFO - [2026-05-13T16:06:38.835+0000] {dag.py:3047} INFO - Sync 1 DAGs
[2026-05-13T16:06:38.916+0000] {logging_mixin.py:188} INFO - [2026-05-13T16:06:38.916+0000] {dag.py:3834} INFO - Setting next_dagrun for telegraph_scraper to 2026-05-13 00:00:00+00:00, run_after=2026-05-14 00:00:00+00:00
[2026-05-13T16:06:38.963+0000] {processor.py:183} INFO - Processing /opt/airflow/dags/telegraph_dag.py took 0.290 seconds
[2026-05-13T16:07:09.811+0000] {processor.py:161} INFO - Started process (PID=4102) to work on /opt/airflow/dags/telegraph_dag.py
[2026-05-13T16:07:09.815+0000] {processor.py:830} INFO - Processing file /opt/airflow/dags/telegraph_dag.py for tasks to queue
[2026-05-13T16:07:09.819+0000] {logging_mixin.py:188} INFO - [2026-05-13T16:07:09.818+0000] {dagbag.py:540} INFO - Filling up the DagBag from /opt/airflow/dags/telegraph_dag.py
[2026-05-13T16:07:09.864+0000] {processor.py:840} INFO - DAG(s) 'telegraph_scraper' retrieved from /opt/airflow/dags/telegraph_dag.py
[2026-05-13T16:07:10.005+0000] {logging_mixin.py:188} INFO - [2026-05-13T16:07:10.004+0000] {dag.py:3047} INFO - Sync 1 DAGs
[2026-05-13T16:07:10.226+0000] {logging_mixin.py:188} INFO - [2026-05-13T16:07:10.225+0000] {dag.py:3834} INFO - Setting next_dagrun for telegraph_scraper to 2026-05-13 00:00:00+00:00, run_after=2026-05-14 00:00:00+00:00
[2026-05-13T16:07:10.469+0000] {processor.py:183} INFO - Processing /opt/airflow/dags/telegraph_dag.py took 0.670 seconds
[2026-05-13T16:07:40.964+0000] {processor.py:161} INFO - Started process (PID=4132) to work on /opt/airflow/dags/telegraph_dag.py
[2026-05-13T16:07:40.967+0000] {processor.py:830} INFO - Processing file /opt/airflow/dags/telegraph_dag.py for tasks to queue
[2026-05-13T16:07:40.971+0000] {logging_mixin.py:188} INFO - [2026-05-13T16:07:40.970+0000] {dagbag.py:540} INFO - Filling up the DagBag from /opt/airflow/dags/telegraph_dag.py
[2026-05-13T16:07:41.023+0000] {processor.py:840} INFO - DAG(s) 'telegraph_scraper' retrieved from /opt/airflow/dags/telegraph_dag.py
[2026-05-13T16:07:41.104+0000] {logging_mixin.py:188} INFO - [2026-05-13T16:07:41.103+0000] {dag.py:3047} INFO - Sync 1 DAGs
[2026-05-13T16:07:41.163+0000] {logging_mixin.py:188} INFO - [2026-05-13T16:07:41.163+0000] {dag.py:3834} INFO - Setting next_dagrun for telegraph_scraper to 2026-05-13 00:00:00+00:00, run_after=2026-05-14 00:00:00+00:00
[2026-05-13T16:07:41.254+0000] {processor.py:183} INFO - Processing /opt/airflow/dags/telegraph_dag.py took 0.303 seconds
[2026-05-13T16:08:12.133+0000] {processor.py:161} INFO - Started process (PID=4162) to work on /opt/airflow/dags/telegraph_dag.py
[2026-05-13T16:08:12.136+0000] {processor.py:830} INFO - Processing file /opt/airflow/dags/telegraph_dag.py for tasks to queue
[2026-05-13T16:08:12.139+0000] {logging_mixin.py:188} INFO - [2026-05-13T16:08:12.138+0000] {dagbag.py:540} INFO - Filling up the DagBag from /opt/airflow/dags/telegraph_dag.py
[2026-05-13T16:08:12.186+0000] {processor.py:840} INFO - DAG(s) 'telegraph_scraper' retrieved from /opt/airflow/dags/telegraph_dag.py
[2026-05-13T16:08:12.265+0000] {logging_mixin.py:188} INFO - [2026-05-13T16:08:12.264+0000] {dag.py:3047} INFO - Sync 1 DAGs
[2026-05-13T16:08:12.326+0000] {logging_mixin.py:188} INFO - [2026-05-13T16:08:12.325+0000] {dag.py:3834} INFO - Setting next_dagrun for telegraph_scraper to 2026-05-13 00:00:00+00:00, run_after=2026-05-14 00:00:00+00:00
[2026-05-13T16:08:12.396+0000] {processor.py:183} INFO - Processing /opt/airflow/dags/telegraph_dag.py took 0.276 seconds
[2026-05-13T16:08:43.216+0000] {processor.py:161} INFO - Started process (PID=4192) to work on /opt/airflow/dags/telegraph_dag.py
[2026-05-13T16:08:43.220+0000] {processor.py:830} INFO - Processing file /opt/airflow/dags/telegraph_dag.py for tasks to queue
[2026-05-13T16:08:43.223+0000] {logging_mixin.py:188} INFO - [2026-05-13T16:08:43.222+0000] {dagbag.py:540} INFO - Filling up the DagBag from /opt/airflow/dags/telegraph_dag.py
[2026-05-13T16:08:43.295+0000] {processor.py:840} INFO - DAG(s) 'telegraph_scraper' retrieved from /opt/airflow/dags/telegraph_dag.py
[2026-05-13T16:08:43.567+0000] {logging_mixin.py:188} INFO - [2026-05-13T16:08:43.566+0000] {dag.py:3047} INFO - Sync 1 DAGs
[2026-05-13T16:08:43.787+0000] {logging_mixin.py:188} INFO - [2026-05-13T16:08:43.786+0000] {dag.py:3834} INFO - Setting next_dagrun for telegraph_scraper to 2026-05-13 00:00:00+00:00, run_after=2026-05-14 00:00:00+00:00
[2026-05-13T16:08:43.953+0000] {processor.py:183} INFO - Processing /opt/airflow/dags/telegraph_dag.py took 0.753 seconds
[2026-05-13T16:09:14.386+0000] {processor.py:161} INFO - Started process (PID=4222) to work on /opt/airflow/dags/telegraph_dag.py
[2026-05-13T16:09:14.392+0000] {processor.py:830} INFO - Processing file /opt/airflow/dags/telegraph_dag.py for tasks to queue
[2026-05-13T16:09:14.395+0000] {logging_mixin.py:188} INFO - [2026-05-13T16:09:14.394+0000] {dagbag.py:540} INFO - Filling up the DagBag from /opt/airflow/dags/telegraph_dag.py
[2026-05-13T16:09:14.446+0000] {processor.py:840} INFO - DAG(s) 'telegraph_scraper' retrieved from /opt/airflow/dags/telegraph_dag.py
[2026-05-13T16:09:14.526+0000] {logging_mixin.py:188} INFO - [2026-05-13T16:09:14.525+0000] {dag.py:3047} INFO - Sync 1 DAGs
[2026-05-13T16:09:14.583+0000] {logging_mixin.py:188} INFO - [2026-05-13T16:09:14.582+0000] {dag.py:3834} INFO - Setting next_dagrun for telegraph_scraper to 2026-05-13 00:00:00+00:00, run_after=2026-05-14 00:00:00+00:00
[2026-05-13T16:09:14.640+0000] {processor.py:183} INFO - Processing /opt/airflow/dags/telegraph_dag.py took 0.272 seconds
[2026-05-13T16:09:44.949+0000] {processor.py:161} INFO - Started process (PID=4252) to work on /opt/airflow/dags/telegraph_dag.py
[2026-05-13T16:09:44.953+0000] {processor.py:830} INFO - Processing file /opt/airflow/dags/telegraph_dag.py for tasks to queue
[2026-05-13T16:09:44.956+0000] {logging_mixin.py:188} INFO - [2026-05-13T16:09:44.955+0000] {dagbag.py:540} INFO - Filling up the DagBag from /opt/airflow/dags/telegraph_dag.py
[2026-05-13T16:09:45.003+0000] {processor.py:840} INFO - DAG(s) 'telegraph_scraper' retrieved from /opt/airflow/dags/telegraph_dag.py
[2026-05-13T16:09:45.106+0000] {logging_mixin.py:188} INFO - [2026-05-13T16:09:45.106+0000] {dag.py:3047} INFO - Sync 1 DAGs
[2026-05-13T16:09:45.313+0000] {logging_mixin.py:188} INFO - [2026-05-13T16:09:45.302+0000] {dag.py:3834} INFO - Setting next_dagrun for telegraph_scraper to 2026-05-13 00:00:00+00:00, run_after=2026-05-14 00:00:00+00:00
[2026-05-13T16:09:45.495+0000] {processor.py:183} INFO - Processing /opt/airflow/dags/telegraph_dag.py took 0.560 seconds
[2026-05-13T16:10:16.305+0000] {processor.py:161} INFO - Started process (PID=4282) to work on /opt/airflow/dags/telegraph_dag.py
[2026-05-13T16:10:16.308+0000] {processor.py:830} INFO - Processing file /opt/airflow/dags/telegraph_dag.py for tasks to queue
[2026-05-13T16:10:16.311+0000] {logging_mixin.py:188} INFO - [2026-05-13T16:10:16.310+0000] {dagbag.py:540} INFO - Filling up the DagBag from /opt/airflow/dags/telegraph_dag.py
[2026-05-13T16:10:16.385+0000] {processor.py:840} INFO - DAG(s) 'telegraph_scraper' retrieved from /opt/airflow/dags/telegraph_dag.py
[2026-05-13T16:10:16.478+0000] {logging_mixin.py:188} INFO - [2026-05-13T16:10:16.478+0000] {dag.py:3047} INFO - Sync 1 DAGs
[2026-05-13T16:10:16.546+0000] {logging_mixin.py:188} INFO - [2026-05-13T16:10:16.546+0000] {dag.py:3834} INFO - Setting next_dagrun for telegraph_scraper to 2026-05-13 00:00:00+00:00, run_after=2026-05-14 00:00:00+00:00
[2026-05-13T16:10:16.650+0000] {processor.py:183} INFO - Processing /opt/airflow/dags/telegraph_dag.py took 0.359 seconds
[2026-05-13T16:10:47.580+0000] {processor.py:161} INFO - Started process (PID=4315) to work on /opt/airflow/dags/telegraph_dag.py
[2026-05-13T16:10:47.584+0000] {processor.py:830} INFO - Processing file /opt/airflow/dags/telegraph_dag.py for tasks to queue
[2026-05-13T16:10:47.588+0000] {logging_mixin.py:188} INFO - [2026-05-13T16:10:47.587+0000] {dagbag.py:540} INFO - Filling up the DagBag from /opt/airflow/dags/telegraph_dag.py
[2026-05-13T16:10:47.647+0000] {processor.py:840} INFO - DAG(s) 'telegraph_scraper' retrieved from /opt/airflow/dags/telegraph_dag.py
[2026-05-13T16:10:47.722+0000] {logging_mixin.py:188} INFO - [2026-05-13T16:10:47.721+0000] {dag.py:3047} INFO - Sync 1 DAGs
[2026-05-13T16:10:47.814+0000] {logging_mixin.py:188} INFO - [2026-05-13T16:10:47.814+0000] {dag.py:3834} INFO - Setting next_dagrun for telegraph_scraper to 2026-05-13 00:00:00+00:00, run_after=2026-05-14 00:00:00+00:00
[2026-05-13T16:10:47.860+0000] {processor.py:183} INFO - Processing /opt/airflow/dags/telegraph_dag.py took 0.290 seconds
[2026-05-13T16:11:18.109+0000] {processor.py:161} INFO - Started process (PID=4342) to work on /opt/airflow/dags/telegraph_dag.py
[2026-05-13T16:11:18.113+0000] {processor.py:830} INFO - Processing file /opt/airflow/dags/telegraph_dag.py for tasks to queue
[2026-05-13T16:11:18.117+0000] {logging_mixin.py:188} INFO - [2026-05-13T16:11:18.116+0000] {dagbag.py:540} INFO - Filling up the DagBag from /opt/airflow/dags/telegraph_dag.py
[2026-05-13T16:11:18.165+0000] {processor.py:840} INFO - DAG(s) 'telegraph_scraper' retrieved from /opt/airflow/dags/telegraph_dag.py
[2026-05-13T16:11:18.256+0000] {logging_mixin.py:188} INFO - [2026-05-13T16:11:18.255+0000] {dag.py:3047} INFO - Sync 1 DAGs
[2026-05-13T16:11:18.526+0000] {logging_mixin.py:188} INFO - [2026-05-13T16:11:18.515+0000] {dag.py:3834} INFO - Setting next_dagrun for telegraph_scraper to 2026-05-13 00:00:00+00:00, run_after=2026-05-14 00:00:00+00:00
[2026-05-13T16:11:18.743+0000] {processor.py:183} INFO - Processing /opt/airflow/dags/telegraph_dag.py took 0.650 seconds
[2026-05-13T16:11:49.215+0000] {processor.py:161} INFO - Started process (PID=4372) to work on /opt/airflow/dags/telegraph_dag.py
[2026-05-13T16:11:49.218+0000] {processor.py:830} INFO - Processing file /opt/airflow/dags/telegraph_dag.py for tasks to queue
[2026-05-13T16:11:49.222+0000] {logging_mixin.py:188} INFO - [2026-05-13T16:11:49.220+0000] {dagbag.py:540} INFO - Filling up the DagBag from /opt/airflow/dags/telegraph_dag.py
[2026-05-13T16:11:49.272+0000] {processor.py:840} INFO - DAG(s) 'telegraph_scraper' retrieved from /opt/airflow/dags/telegraph_dag.py
[2026-05-13T16:11:49.347+0000] {logging_mixin.py:188} INFO - [2026-05-13T16:11:49.346+0000] {dag.py:3047} INFO - Sync 1 DAGs
[2026-05-13T16:11:49.407+0000] {logging_mixin.py:188} INFO - [2026-05-13T16:11:49.406+0000] {dag.py:3834} INFO - Setting next_dagrun for telegraph_scraper to 2026-05-13 00:00:00+00:00, run_after=2026-05-14 00:00:00+00:00
[2026-05-13T16:11:49.457+0000] {processor.py:183} INFO - Processing /opt/airflow/dags/telegraph_dag.py took 0.254 seconds
[2026-05-13T16:12:19.712+0000] {processor.py:161} INFO - Started process (PID=4402) to work on /opt/airflow/dags/telegraph_dag.py
[2026-05-13T16:12:19.724+0000] {processor.py:830} INFO - Processing file /opt/airflow/dags/telegraph_dag.py for tasks to queue
[2026-05-13T16:12:19.728+0000] {logging_mixin.py:188} INFO - [2026-05-13T16:12:19.727+0000] {dagbag.py:540} INFO - Filling up the DagBag from /opt/airflow/dags/telegraph_dag.py
[2026-05-13T16:12:19.777+0000] {processor.py:840} INFO - DAG(s) 'telegraph_scraper' retrieved from /opt/airflow/dags/telegraph_dag.py
[2026-05-13T16:12:19.850+0000] {logging_mixin.py:188} INFO - [2026-05-13T16:12:19.849+0000] {dag.py:3047} INFO - Sync 1 DAGs
[2026-05-13T16:12:19.913+0000] {logging_mixin.py:188} INFO - [2026-05-13T16:12:19.912+0000] {dag.py:3834} INFO - Setting next_dagrun for telegraph_scraper to 2026-05-13 00:00:00+00:00, run_after=2026-05-14 00:00:00+00:00
[2026-05-13T16:12:19.964+0000] {processor.py:183} INFO - Processing /opt/airflow/dags/telegraph_dag.py took 0.272 seconds
[2026-05-13T16:12:50.836+0000] {processor.py:161} INFO - Started process (PID=4432) to work on /opt/airflow/dags/telegraph_dag.py
[2026-05-13T16:12:50.839+0000] {processor.py:830} INFO - Processing file /opt/airflow/dags/telegraph_dag.py for tasks to queue
[2026-05-13T16:12:50.843+0000] {logging_mixin.py:188} INFO - [2026-05-13T16:12:50.842+0000] {dagbag.py:540} INFO - Filling up the DagBag from /opt/airflow/dags/telegraph_dag.py
[2026-05-13T16:12:50.894+0000] {processor.py:840} INFO - DAG(s) 'telegraph_scraper' retrieved from /opt/airflow/dags/telegraph_dag.py
[2026-05-13T16:12:50.983+0000] {logging_mixin.py:188} INFO - [2026-05-13T16:12:50.983+0000] {dag.py:3047} INFO - Sync 1 DAGs
[2026-05-13T16:12:51.054+0000] {logging_mixin.py:188} INFO - [2026-05-13T16:12:51.052+0000] {dag.py:3834} INFO - Setting next_dagrun for telegraph_scraper to 2026-05-13 00:00:00+00:00, run_after=2026-05-14 00:00:00+00:00
[2026-05-13T16:12:51.119+0000] {processor.py:183} INFO - Processing /opt/airflow/dags/telegraph_dag.py took 0.303 seconds
[2026-05-13T16:13:21.545+0000] {processor.py:161} INFO - Started process (PID=4462) to work on /opt/airflow/dags/telegraph_dag.py
[2026-05-13T16:13:21.549+0000] {processor.py:830} INFO - Processing file /opt/airflow/dags/telegraph_dag.py for tasks to queue
[2026-05-13T16:13:21.554+0000] {logging_mixin.py:188} INFO - [2026-05-13T16:13:21.553+0000] {dagbag.py:540} INFO - Filling up the DagBag from /opt/airflow/dags/telegraph_dag.py
[2026-05-13T16:13:21.699+0000] {processor.py:840} INFO - DAG(s) 'telegraph_scraper' retrieved from /opt/airflow/dags/telegraph_dag.py
[2026-05-13T16:13:21.878+0000] {logging_mixin.py:188} INFO - [2026-05-13T16:13:21.877+0000] {dag.py:3047} INFO - Sync 1 DAGs
[2026-05-13T16:13:22.039+0000] {logging_mixin.py:188} INFO - [2026-05-13T16:13:22.038+0000] {dag.py:3834} INFO - Setting next_dagrun for telegraph_scraper to 2026-05-13 00:00:00+00:00, run_after=2026-05-14 00:00:00+00:00
[2026-05-13T16:13:22.248+0000] {processor.py:183} INFO - Processing /opt/airflow/dags/telegraph_dag.py took 0.719 seconds
[2026-05-13T16:13:52.518+0000] {processor.py:161} INFO - Started process (PID=4492) to work on /opt/airflow/dags/telegraph_dag.py
[2026-05-13T16:13:52.521+0000] {processor.py:830} INFO - Processing file /opt/airflow/dags/telegraph_dag.py for tasks to queue
[2026-05-13T16:13:52.524+0000] {logging_mixin.py:188} INFO - [2026-05-13T16:13:52.523+0000] {dagbag.py:540} INFO - Filling up the DagBag from /opt/airflow/dags/telegraph_dag.py
[2026-05-13T16:13:52.564+0000] {processor.py:840} INFO - DAG(s) 'telegraph_scraper' retrieved from /opt/airflow/dags/telegraph_dag.py
[2026-05-13T16:13:52.640+0000] {logging_mixin.py:188} INFO - [2026-05-13T16:13:52.639+0000] {dag.py:3047} INFO - Sync 1 DAGs
[2026-05-13T16:13:52.704+0000] {logging_mixin.py:188} INFO - [2026-05-13T16:13:52.703+0000] {dag.py:3834} INFO - Setting next_dagrun for telegraph_scraper to 2026-05-13 00:00:00+00:00, run_after=2026-05-14 00:00:00+00:00
[2026-05-13T16:13:52.788+0000] {processor.py:183} INFO - Processing /opt/airflow/dags/telegraph_dag.py took 0.280 seconds
[2026-05-13T16:14:23.799+0000] {processor.py:161} INFO - Started process (PID=4522) to work on /opt/airflow/dags/telegraph_dag.py
[2026-05-13T16:14:23.805+0000] {processor.py:830} INFO - Processing file /opt/airflow/dags/telegraph_dag.py for tasks to queue
[2026-05-13T16:14:23.808+0000] {logging_mixin.py:188} INFO - [2026-05-13T16:14:23.807+0000] {dagbag.py:540} INFO - Filling up the DagBag from /opt/airflow/dags/telegraph_dag.py
[2026-05-13T16:14:23.874+0000] {processor.py:840} INFO - DAG(s) 'telegraph_scraper' retrieved from /opt/airflow/dags/telegraph_dag.py
[2026-05-13T16:14:23.957+0000] {logging_mixin.py:188} INFO - [2026-05-13T16:14:23.957+0000] {dag.py:3047} INFO - Sync 1 DAGs
[2026-05-13T16:14:24.016+0000] {logging_mixin.py:188} INFO - [2026-05-13T16:14:24.015+0000] {dag.py:3834} INFO - Setting next_dagrun for telegraph_scraper to 2026-05-13 00:00:00+00:00, run_after=2026-05-14 00:00:00+00:00
[2026-05-13T16:14:24.064+0000] {processor.py:183} INFO - Processing /opt/airflow/dags/telegraph_dag.py took 0.285 seconds
[2026-05-13T16:14:54.695+0000] {processor.py:161} INFO - Started process (PID=4552) to work on /opt/airflow/dags/telegraph_dag.py
[2026-05-13T16:14:54.706+0000] {processor.py:830} INFO - Processing file /opt/airflow/dags/telegraph_dag.py for tasks to queue
[2026-05-13T16:14:54.723+0000] {logging_mixin.py:188} INFO - [2026-05-13T16:14:54.718+0000] {dagbag.py:540} INFO - Filling up the DagBag from /opt/airflow/dags/telegraph_dag.py
[2026-05-13T16:14:54.834+0000] {processor.py:840} INFO - DAG(s) 'telegraph_scraper' retrieved from /opt/airflow/dags/telegraph_dag.py
[2026-05-13T16:14:55.200+0000] {logging_mixin.py:188} INFO - [2026-05-13T16:14:55.200+0000] {dag.py:3047} INFO - Sync 1 DAGs
[2026-05-13T16:14:55.495+0000] {logging_mixin.py:188} INFO - [2026-05-13T16:14:55.494+0000] {dag.py:3834} INFO - Setting next_dagrun for telegraph_scraper to 2026-05-13 00:00:00+00:00, run_after=2026-05-14 00:00:00+00:00
[2026-05-13T16:14:55.702+0000] {processor.py:183} INFO - Processing /opt/airflow/dags/telegraph_dag.py took 1.057 seconds
[2026-05-13T16:15:26.848+0000] {processor.py:161} INFO - Started process (PID=4582) to work on /opt/airflow/dags/telegraph_dag.py
[2026-05-13T16:15:26.865+0000] {processor.py:830} INFO - Processing file /opt/airflow/dags/telegraph_dag.py for tasks to queue
[2026-05-13T16:15:26.884+0000] {logging_mixin.py:188} INFO - [2026-05-13T16:15:26.883+0000] {dagbag.py:540} INFO - Filling up the DagBag from /opt/airflow/dags/telegraph_dag.py
[2026-05-13T16:15:27.147+0000] {processor.py:840} INFO - DAG(s) 'telegraph_scraper' retrieved from /opt/airflow/dags/telegraph_dag.py
[2026-05-13T16:15:27.224+0000] {logging_mixin.py:188} INFO - [2026-05-13T16:15:27.223+0000] {dag.py:3047} INFO - Sync 1 DAGs
[2026-05-13T16:15:27.289+0000] {logging_mixin.py:188} INFO - [2026-05-13T16:15:27.288+0000] {dag.py:3834} INFO - Setting next_dagrun for telegraph_scraper to 2026-05-13 00:00:00+00:00, run_after=2026-05-14 00:00:00+00:00
[2026-05-13T16:15:27.340+0000] {processor.py:183} INFO - Processing /opt/airflow/dags/telegraph_dag.py took 0.515 seconds
[2026-05-13T16:15:58.040+0000] {processor.py:161} INFO - Started process (PID=4612) to work on /opt/airflow/dags/telegraph_dag.py
[2026-05-13T16:15:58.045+0000] {processor.py:830} INFO - Processing file /opt/airflow/dags/telegraph_dag.py for tasks to queue
[2026-05-13T16:15:58.050+0000] {logging_mixin.py:188} INFO - [2026-05-13T16:15:58.049+0000] {dagbag.py:540} INFO - Filling up the DagBag from /opt/airflow/dags/telegraph_dag.py
[2026-05-13T16:15:58.297+0000] {processor.py:840} INFO - DAG(s) 'telegraph_scraper' retrieved from /opt/airflow/dags/telegraph_dag.py
[2026-05-13T16:15:58.500+0000] {logging_mixin.py:188} INFO - [2026-05-13T16:15:58.499+0000] {dag.py:3047} INFO - Sync 1 DAGs
[2026-05-13T16:15:58.815+0000] {logging_mixin.py:188} INFO - [2026-05-13T16:15:58.814+0000] {dag.py:3834} INFO - Setting next_dagrun for telegraph_scraper to 2026-05-13 00:00:00+00:00, run_after=2026-05-14 00:00:00+00:00
[2026-05-13T16:15:58.864+0000] {processor.py:183} INFO - Processing /opt/airflow/dags/telegraph_dag.py took 0.840 seconds
[2026-05-13T16:16:29.367+0000] {processor.py:161} INFO - Started process (PID=4642) to work on /opt/airflow/dags/telegraph_dag.py
[2026-05-13T16:16:29.370+0000] {processor.py:830} INFO - Processing file /opt/airflow/dags/telegraph_dag.py for tasks to queue
[2026-05-13T16:16:29.373+0000] {logging_mixin.py:188} INFO - [2026-05-13T16:16:29.372+0000] {dagbag.py:540} INFO - Filling up the DagBag from /opt/airflow/dags/telegraph_dag.py
[2026-05-13T16:16:29.421+0000] {processor.py:840} INFO - DAG(s) 'telegraph_scraper' retrieved from /opt/airflow/dags/telegraph_dag.py
[2026-05-13T16:16:29.498+0000] {logging_mixin.py:188} INFO - [2026-05-13T16:16:29.497+0000] {dag.py:3047} INFO - Sync 1 DAGs
[2026-05-13T16:16:29.557+0000] {logging_mixin.py:188} INFO - [2026-05-13T16:16:29.557+0000] {dag.py:3834} INFO - Setting next_dagrun for telegraph_scraper to 2026-05-13 00:00:00+00:00, run_after=2026-05-14 00:00:00+00:00
[2026-05-13T16:16:29.643+0000] {processor.py:183} INFO - Processing /opt/airflow/dags/telegraph_dag.py took 0.292 seconds
[2026-05-13T16:17:00.722+0000] {processor.py:161} INFO - Started process (PID=4672) to work on /opt/airflow/dags/telegraph_dag.py
[2026-05-13T16:17:00.732+0000] {processor.py:830} INFO - Processing file /opt/airflow/dags/telegraph_dag.py for tasks to queue
[2026-05-13T16:17:00.746+0000] {logging_mixin.py:188} INFO - [2026-05-13T16:17:00.745+0000] {dagbag.py:540} INFO - Filling up the DagBag from /opt/airflow/dags/telegraph_dag.py
[2026-05-13T16:17:01.035+0000] {processor.py:840} INFO - DAG(s) 'telegraph_scraper' retrieved from /opt/airflow/dags/telegraph_dag.py
[2026-05-13T16:17:01.187+0000] {logging_mixin.py:188} INFO - [2026-05-13T16:17:01.187+0000] {dag.py:3047} INFO - Sync 1 DAGs
[2026-05-13T16:17:01.292+0000] {logging_mixin.py:188} INFO - [2026-05-13T16:17:01.292+0000] {dag.py:3834} INFO - Setting next_dagrun for telegraph_scraper to 2026-05-13 00:00:00+00:00, run_after=2026-05-14 00:00:00+00:00
[2026-05-13T16:17:01.345+0000] {processor.py:183} INFO - Processing /opt/airflow/dags/telegraph_dag.py took 0.643 seconds
[2026-05-13T16:17:32.355+0000] {processor.py:161} INFO - Started process (PID=4702) to work on /opt/airflow/dags/telegraph_dag.py
[2026-05-13T16:17:32.375+0000] {processor.py:830} INFO - Processing file /opt/airflow/dags/telegraph_dag.py for tasks to queue
[2026-05-13T16:17:32.380+0000] {logging_mixin.py:188} INFO - [2026-05-13T16:17:32.379+0000] {dagbag.py:540} INFO - Filling up the DagBag from /opt/airflow/dags/telegraph_dag.py
[2026-05-13T16:17:32.435+0000] {processor.py:840} INFO - DAG(s) 'telegraph_scraper' retrieved from /opt/airflow/dags/telegraph_dag.py
[2026-05-13T16:17:32.560+0000] {logging_mixin.py:188} INFO - [2026-05-13T16:17:32.559+0000] {dag.py:3047} INFO - Sync 1 DAGs
[2026-05-13T16:17:32.624+0000] {logging_mixin.py:188} INFO - [2026-05-13T16:17:32.624+0000] {dag.py:3834} INFO - Setting next_dagrun for telegraph_scraper to 2026-05-13 00:00:00+00:00, run_after=2026-05-14 00:00:00+00:00
[2026-05-13T16:17:32.671+0000] {processor.py:183} INFO - Processing /opt/airflow/dags/telegraph_dag.py took 0.334 seconds
[2026-05-13T16:18:03.134+0000] {processor.py:161} INFO - Started process (PID=4732) to work on /opt/airflow/dags/telegraph_dag.py
[2026-05-13T16:18:03.139+0000] {processor.py:830} INFO - Processing file /opt/airflow/dags/telegraph_dag.py for tasks to queue
[2026-05-13T16:18:03.143+0000] {logging_mixin.py:188} INFO - [2026-05-13T16:18:03.142+0000] {dagbag.py:540} INFO - Filling up the DagBag from /opt/airflow/dags/telegraph_dag.py
[2026-05-13T16:18:03.191+0000] {processor.py:840} INFO - DAG(s) 'telegraph_scraper' retrieved from /opt/airflow/dags/telegraph_dag.py
[2026-05-13T16:18:03.279+0000] {logging_mixin.py:188} INFO - [2026-05-13T16:18:03.279+0000] {dag.py:3047} INFO - Sync 1 DAGs
[2026-05-13T16:18:03.338+0000] {logging_mixin.py:188} INFO - [2026-05-13T16:18:03.338+0000] {dag.py:3834} INFO - Setting next_dagrun for telegraph_scraper to 2026-05-13 00:00:00+00:00, run_after=2026-05-14 00:00:00+00:00
[2026-05-13T16:18:03.389+0000] {processor.py:183} INFO - Processing /opt/airflow/dags/telegraph_dag.py took 0.269 seconds
[2026-05-13T16:18:33.976+0000] {processor.py:161} INFO - Started process (PID=4762) to work on /opt/airflow/dags/telegraph_dag.py
[2026-05-13T16:18:33.989+0000] {processor.py:830} INFO - Processing file /opt/airflow/dags/telegraph_dag.py for tasks to queue
[2026-05-13T16:18:33.993+0000] {logging_mixin.py:188} INFO - [2026-05-13T16:18:33.992+0000] {dagbag.py:540} INFO - Filling up the DagBag from /opt/airflow/dags/telegraph_dag.py
[2026-05-13T16:18:34.085+0000] {processor.py:840} INFO - DAG(s) 'telegraph_scraper' retrieved from /opt/airflow/dags/telegraph_dag.py
[2026-05-13T16:18:34.154+0000] {logging_mixin.py:188} INFO - [2026-05-13T16:18:34.154+0000] {dag.py:3047} INFO - Sync 1 DAGs
[2026-05-13T16:18:34.224+0000] {logging_mixin.py:188} INFO - [2026-05-13T16:18:34.223+0000] {dag.py:3834} INFO - Setting next_dagrun for telegraph_scraper to 2026-05-13 00:00:00+00:00, run_after=2026-05-14 00:00:00+00:00
[2026-05-13T16:18:34.275+0000] {processor.py:183} INFO - Processing /opt/airflow/dags/telegraph_dag.py took 0.320 seconds
[2026-05-13T16:19:04.769+0000] {processor.py:161} INFO - Started process (PID=4792) to work on /opt/airflow/dags/telegraph_dag.py
[2026-05-13T16:19:04.773+0000] {processor.py:830} INFO - Processing file /opt/airflow/dags/telegraph_dag.py for tasks to queue
[2026-05-13T16:19:04.776+0000] {logging_mixin.py:188} INFO - [2026-05-13T16:19:04.775+0000] {dagbag.py:540} INFO - Filling up the DagBag from /opt/airflow/dags/telegraph_dag.py
[2026-05-13T16:19:04.820+0000] {processor.py:840} INFO - DAG(s) 'telegraph_scraper' retrieved from /opt/airflow/dags/telegraph_dag.py
[2026-05-13T16:19:04.904+0000] {logging_mixin.py:188} INFO - [2026-05-13T16:19:04.904+0000] {dag.py:3047} INFO - Sync 1 DAGs
[2026-05-13T16:19:04.964+0000] {logging_mixin.py:188} INFO - [2026-05-13T16:19:04.963+0000] {dag.py:3834} INFO - Setting next_dagrun for telegraph_scraper to 2026-05-13 00:00:00+00:00, run_after=2026-05-14 00:00:00+00:00
[2026-05-13T16:19:05.015+0000] {processor.py:183} INFO - Processing /opt/airflow/dags/telegraph_dag.py took 0.266 seconds
[2026-05-13T16:19:35.952+0000] {processor.py:161} INFO - Started process (PID=4822) to work on /opt/airflow/dags/telegraph_dag.py
[2026-05-13T16:19:35.955+0000] {processor.py:830} INFO - Processing file /opt/airflow/dags/telegraph_dag.py for tasks to queue
[2026-05-13T16:19:35.959+0000] {logging_mixin.py:188} INFO - [2026-05-13T16:19:35.958+0000] {dagbag.py:540} INFO - Filling up the DagBag from /opt/airflow/dags/telegraph_dag.py
[2026-05-13T16:19:36.007+0000] {processor.py:840} INFO - DAG(s) 'telegraph_scraper' retrieved from /opt/airflow/dags/telegraph_dag.py
[2026-05-13T16:19:36.077+0000] {logging_mixin.py:188} INFO - [2026-05-13T16:19:36.076+0000] {dag.py:3047} INFO - Sync 1 DAGs
[2026-05-13T16:19:36.133+0000] {logging_mixin.py:188} INFO - [2026-05-13T16:19:36.132+0000] {dag.py:3834} INFO - Setting next_dagrun for telegraph_scraper to 2026-05-13 00:00:00+00:00, run_after=2026-05-14 00:00:00+00:00
[2026-05-13T16:19:36.182+0000] {processor.py:183} INFO - Processing /opt/airflow/dags/telegraph_dag.py took 0.251 seconds
[2026-05-13T16:20:06.446+0000] {processor.py:161} INFO - Started process (PID=4852) to work on /opt/airflow/dags/telegraph_dag.py
[2026-05-13T16:20:06.450+0000] {processor.py:830} INFO - Processing file /opt/airflow/dags/telegraph_dag.py for tasks to queue
[2026-05-13T16:20:06.453+0000] {logging_mixin.py:188} INFO - [2026-05-13T16:20:06.452+0000] {dagbag.py:540} INFO - Filling up the DagBag from /opt/airflow/dags/telegraph_dag.py
[2026-05-13T16:20:06.500+0000] {processor.py:840} INFO - DAG(s) 'telegraph_scraper' retrieved from /opt/airflow/dags/telegraph_dag.py
[2026-05-13T16:20:06.600+0000] {logging_mixin.py:188} INFO - [2026-05-13T16:20:06.599+0000] {dag.py:3047} INFO - Sync 1 DAGs
[2026-05-13T16:20:06.693+0000] {logging_mixin.py:188} INFO - [2026-05-13T16:20:06.693+0000] {dag.py:3834} INFO - Setting next_dagrun for telegraph_scraper to 2026-05-13 00:00:00+00:00, run_after=2026-05-14 00:00:00+00:00
[2026-05-13T16:20:06.760+0000] {processor.py:183} INFO - Processing /opt/airflow/dags/telegraph_dag.py took 0.325 seconds
[2026-05-13T16:20:37.519+0000] {processor.py:161} INFO - Started process (PID=4882) to work on /opt/airflow/dags/telegraph_dag.py
[2026-05-13T16:20:37.526+0000] {processor.py:830} INFO - Processing file /opt/airflow/dags/telegraph_dag.py for tasks to queue
[2026-05-13T16:20:37.529+0000] {logging_mixin.py:188} INFO - [2026-05-13T16:20:37.528+0000] {dagbag.py:540} INFO - Filling up the DagBag from /opt/airflow/dags/telegraph_dag.py
[2026-05-13T16:20:37.576+0000] {processor.py:840} INFO - DAG(s) 'telegraph_scraper' retrieved from /opt/airflow/dags/telegraph_dag.py
[2026-05-13T16:20:37.659+0000] {logging_mixin.py:188} INFO - [2026-05-13T16:20:37.658+0000] {dag.py:3047} INFO - Sync 1 DAGs
[2026-05-13T16:20:37.721+0000] {logging_mixin.py:188} INFO - [2026-05-13T16:20:37.721+0000] {dag.py:3834} INFO - Setting next_dagrun for telegraph_scraper to 2026-05-13 00:00:00+00:00, run_after=2026-05-14 00:00:00+00:00
[2026-05-13T16:20:37.781+0000] {processor.py:183} INFO - Processing /opt/airflow/dags/telegraph_dag.py took 0.294 seconds
[2026-05-13T16:21:08.022+0000] {processor.py:161} INFO - Started process (PID=4912) to work on /opt/airflow/dags/telegraph_dag.py
[2026-05-13T16:21:08.026+0000] {processor.py:830} INFO - Processing file /opt/airflow/dags/telegraph_dag.py for tasks to queue
[2026-05-13T16:21:08.029+0000] {logging_mixin.py:188} INFO - [2026-05-13T16:21:08.028+0000] {dagbag.py:540} INFO - Filling up the DagBag from /opt/airflow/dags/telegraph_dag.py
[2026-05-13T16:21:08.077+0000] {processor.py:840} INFO - DAG(s) 'telegraph_scraper' retrieved from /opt/airflow/dags/telegraph_dag.py
[2026-05-13T16:21:08.155+0000] {logging_mixin.py:188} INFO - [2026-05-13T16:21:08.155+0000] {dag.py:3047} INFO - Sync 1 DAGs
[2026-05-13T16:21:08.258+0000] {logging_mixin.py:188} INFO - [2026-05-13T16:21:08.254+0000] {dag.py:3834} INFO - Setting next_dagrun for telegraph_scraper to 2026-05-13 00:00:00+00:00, run_after=2026-05-14 00:00:00+00:00
[2026-05-13T16:21:08.317+0000] {processor.py:183} INFO - Processing /opt/airflow/dags/telegraph_dag.py took 0.308 seconds
[2026-05-13T16:21:39.091+0000] {processor.py:161} INFO - Started process (PID=4942) to work on /opt/airflow/dags/telegraph_dag.py
[2026-05-13T16:21:39.100+0000] {processor.py:830} INFO - Processing file /opt/airflow/dags/telegraph_dag.py for tasks to queue
[2026-05-13T16:21:39.103+0000] {logging_mixin.py:188} INFO - [2026-05-13T16:21:39.102+0000] {dagbag.py:540} INFO - Filling up the DagBag from /opt/airflow/dags/telegraph_dag.py
[2026-05-13T16:21:39.174+0000] {processor.py:840} INFO - DAG(s) 'telegraph_scraper' retrieved from /opt/airflow/dags/telegraph_dag.py
[2026-05-13T16:21:39.351+0000] {logging_mixin.py:188} INFO - [2026-05-13T16:21:39.350+0000] {dag.py:3047} INFO - Sync 1 DAGs
[2026-05-13T16:21:39.447+0000] {logging_mixin.py:188} INFO - [2026-05-13T16:21:39.444+0000] {dag.py:3834} INFO - Setting next_dagrun for telegraph_scraper to 2026-05-13 00:00:00+00:00, run_after=2026-05-14 00:00:00+00:00
[2026-05-13T16:21:39.567+0000] {processor.py:183} INFO - Processing /opt/airflow/dags/telegraph_dag.py took 0.491 seconds
[2026-05-13T16:22:09.912+0000] {processor.py:161} INFO - Started process (PID=4972) to work on /opt/airflow/dags/telegraph_dag.py
[2026-05-13T16:22:09.915+0000] {processor.py:830} INFO - Processing file /opt/airflow/dags/telegraph_dag.py for tasks to queue
[2026-05-13T16:22:09.918+0000] {logging_mixin.py:188} INFO - [2026-05-13T16:22:09.917+0000] {dagbag.py:540} INFO - Filling up the DagBag from /opt/airflow/dags/telegraph_dag.py
[2026-05-13T16:22:09.967+0000] {processor.py:840} INFO - DAG(s) 'telegraph_scraper' retrieved from /opt/airflow/dags/telegraph_dag.py
[2026-05-13T16:22:10.053+0000] {logging_mixin.py:188} INFO - [2026-05-13T16:22:10.052+0000] {dag.py:3047} INFO - Sync 1 DAGs
[2026-05-13T16:22:10.126+0000] {logging_mixin.py:188} INFO - [2026-05-13T16:22:10.125+0000] {dag.py:3834} INFO - Setting next_dagrun for telegraph_scraper to 2026-05-13 00:00:00+00:00, run_after=2026-05-14 00:00:00+00:00
[2026-05-13T16:22:10.174+0000] {processor.py:183} INFO - Processing /opt/airflow/dags/telegraph_dag.py took 0.274 seconds
[2026-05-13T16:22:40.613+0000] {processor.py:161} INFO - Started process (PID=5002) to work on /opt/airflow/dags/telegraph_dag.py
[2026-05-13T16:22:40.616+0000] {processor.py:830} INFO - Processing file /opt/airflow/dags/telegraph_dag.py for tasks to queue
[2026-05-13T16:22:40.629+0000] {logging_mixin.py:188} INFO - [2026-05-13T16:22:40.628+0000] {dagbag.py:540} INFO - Filling up the DagBag from /opt/airflow/dags/telegraph_dag.py
[2026-05-13T16:22:40.702+0000] {processor.py:840} INFO - DAG(s) 'telegraph_scraper' retrieved from /opt/airflow/dags/telegraph_dag.py
[2026-05-13T16:22:40.869+0000] {logging_mixin.py:188} INFO - [2026-05-13T16:22:40.868+0000] {dag.py:3047} INFO - Sync 1 DAGs
[2026-05-13T16:22:40.947+0000] {logging_mixin.py:188} INFO - [2026-05-13T16:22:40.947+0000] {dag.py:3834} INFO - Setting next_dagrun for telegraph_scraper to 2026-05-13 00:00:00+00:00, run_after=2026-05-14 00:00:00+00:00
[2026-05-13T16:22:40.996+0000] {processor.py:183} INFO - Processing /opt/airflow/dags/telegraph_dag.py took 0.406 seconds
[2026-05-13T16:23:11.173+0000] {processor.py:161} INFO - Started process (PID=5032) to work on /opt/airflow/dags/telegraph_dag.py
[2026-05-13T16:23:11.177+0000] {processor.py:830} INFO - Processing file /opt/airflow/dags/telegraph_dag.py for tasks to queue
[2026-05-13T16:23:11.180+0000] {logging_mixin.py:188} INFO - [2026-05-13T16:23:11.179+0000] {dagbag.py:540} INFO - Filling up the DagBag from /opt/airflow/dags/telegraph_dag.py
[2026-05-13T16:23:11.326+0000] {processor.py:840} INFO - DAG(s) 'telegraph_scraper' retrieved from /opt/airflow/dags/telegraph_dag.py
[2026-05-13T16:23:11.457+0000] {logging_mixin.py:188} INFO - [2026-05-13T16:23:11.456+0000] {dag.py:3047} INFO - Sync 1 DAGs
[2026-05-13T16:23:11.535+0000] {logging_mixin.py:188} INFO - [2026-05-13T16:23:11.535+0000] {dag.py:3834} INFO - Setting next_dagrun for telegraph_scraper to 2026-05-13 00:00:00+00:00, run_after=2026-05-14 00:00:00+00:00
[2026-05-13T16:23:11.638+0000] {processor.py:183} INFO - Processing /opt/airflow/dags/telegraph_dag.py took 0.480 seconds
[2026-05-13T16:23:42.256+0000] {processor.py:161} INFO - Started process (PID=5062) to work on /opt/airflow/dags/telegraph_dag.py
[2026-05-13T16:23:42.268+0000] {processor.py:830} INFO - Processing file /opt/airflow/dags/telegraph_dag.py for tasks to queue
[2026-05-13T16:23:42.274+0000] {logging_mixin.py:188} INFO - [2026-05-13T16:23:42.272+0000] {dagbag.py:540} INFO - Filling up the DagBag from /opt/airflow/dags/telegraph_dag.py
[2026-05-13T16:23:42.609+0000] {processor.py:840} INFO - DAG(s) 'telegraph_scraper' retrieved from /opt/airflow/dags/telegraph_dag.py
[2026-05-13T16:23:42.803+0000] {logging_mixin.py:188} INFO - [2026-05-13T16:23:42.802+0000] {dag.py:3047} INFO - Sync 1 DAGs
[2026-05-13T16:23:42.940+0000] {logging_mixin.py:188} INFO - [2026-05-13T16:23:42.940+0000] {dag.py:3834} INFO - Setting next_dagrun for telegraph_scraper to 2026-05-13 00:00:00+00:00, run_after=2026-05-14 00:00:00+00:00
[2026-05-13T16:23:43.028+0000] {processor.py:183} INFO - Processing /opt/airflow/dags/telegraph_dag.py took 0.791 seconds
[2026-05-13T16:24:13.677+0000] {processor.py:161} INFO - Started process (PID=5092) to work on /opt/airflow/dags/telegraph_dag.py
[2026-05-13T16:24:13.681+0000] {processor.py:830} INFO - Processing file /opt/airflow/dags/telegraph_dag.py for tasks to queue
[2026-05-13T16:24:13.685+0000] {logging_mixin.py:188} INFO - [2026-05-13T16:24:13.684+0000] {dagbag.py:540} INFO - Filling up the DagBag from /opt/airflow/dags/telegraph_dag.py
[2026-05-13T16:24:13.818+0000] {processor.py:840} INFO - DAG(s) 'telegraph_scraper' retrieved from /opt/airflow/dags/telegraph_dag.py
[2026-05-13T16:24:13.993+0000] {logging_mixin.py:188} INFO - [2026-05-13T16:24:13.992+0000] {dag.py:3047} INFO - Sync 1 DAGs
[2026-05-13T16:24:14.169+0000] {logging_mixin.py:188} INFO - [2026-05-13T16:24:14.168+0000] {dag.py:3834} INFO - Setting next_dagrun for telegraph_scraper to 2026-05-13 00:00:00+00:00, run_after=2026-05-14 00:00:00+00:00
[2026-05-13T16:24:14.319+0000] {processor.py:183} INFO - Processing /opt/airflow/dags/telegraph_dag.py took 0.658 seconds
[2026-05-13T16:24:45.201+0000] {processor.py:161} INFO - Started process (PID=5122) to work on /opt/airflow/dags/telegraph_dag.py
[2026-05-13T16:24:45.205+0000] {processor.py:830} INFO - Processing file /opt/airflow/dags/telegraph_dag.py for tasks to queue
[2026-05-13T16:24:45.213+0000] {logging_mixin.py:188} INFO - [2026-05-13T16:24:45.209+0000] {dagbag.py:540} INFO - Filling up the DagBag from /opt/airflow/dags/telegraph_dag.py
[2026-05-13T16:24:45.472+0000] {processor.py:840} INFO - DAG(s) 'telegraph_scraper' retrieved from /opt/airflow/dags/telegraph_dag.py
[2026-05-13T16:24:45.555+0000] {logging_mixin.py:188} INFO - [2026-05-13T16:24:45.555+0000] {dag.py:3047} INFO - Sync 1 DAGs
[2026-05-13T16:24:45.619+0000] {logging_mixin.py:188} INFO - [2026-05-13T16:24:45.619+0000] {dag.py:3834} INFO - Setting next_dagrun for telegraph_scraper to 2026-05-13 00:00:00+00:00, run_after=2026-05-14 00:00:00+00:00
[2026-05-13T16:24:45.670+0000] {processor.py:183} INFO - Processing /opt/airflow/dags/telegraph_dag.py took 0.501 seconds
[2026-05-13T16:25:16.412+0000] {processor.py:161} INFO - Started process (PID=5152) to work on /opt/airflow/dags/telegraph_dag.py
[2026-05-13T16:25:16.418+0000] {processor.py:830} INFO - Processing file /opt/airflow/dags/telegraph_dag.py for tasks to queue
[2026-05-13T16:25:16.422+0000] {logging_mixin.py:188} INFO - [2026-05-13T16:25:16.420+0000] {dagbag.py:540} INFO - Filling up the DagBag from /opt/airflow/dags/telegraph_dag.py
[2026-05-13T16:25:16.463+0000] {processor.py:840} INFO - DAG(s) 'telegraph_scraper' retrieved from /opt/airflow/dags/telegraph_dag.py
[2026-05-13T16:25:16.550+0000] {logging_mixin.py:188} INFO - [2026-05-13T16:25:16.550+0000] {dag.py:3047} INFO - Sync 1 DAGs
[2026-05-13T16:25:16.609+0000] {logging_mixin.py:188} INFO - [2026-05-13T16:25:16.609+0000] {dag.py:3834} INFO - Setting next_dagrun for telegraph_scraper to 2026-05-13 00:00:00+00:00, run_after=2026-05-14 00:00:00+00:00
[2026-05-13T16:25:16.697+0000] {processor.py:183} INFO - Processing /opt/airflow/dags/telegraph_dag.py took 0.304 seconds
[2026-05-13T16:25:47.608+0000] {processor.py:161} INFO - Started process (PID=5182) to work on /opt/airflow/dags/telegraph_dag.py
[2026-05-13T16:25:47.612+0000] {processor.py:830} INFO - Processing file /opt/airflow/dags/telegraph_dag.py for tasks to queue
[2026-05-13T16:25:47.616+0000] {logging_mixin.py:188} INFO - [2026-05-13T16:25:47.614+0000] {dagbag.py:540} INFO - Filling up the DagBag from /opt/airflow/dags/telegraph_dag.py
[2026-05-13T16:25:47.670+0000] {processor.py:840} INFO - DAG(s) 'telegraph_scraper' retrieved from /opt/airflow/dags/telegraph_dag.py
[2026-05-13T16:25:47.745+0000] {logging_mixin.py:188} INFO - [2026-05-13T16:25:47.745+0000] {dag.py:3047} INFO - Sync 1 DAGs
[2026-05-13T16:25:47.804+0000] {logging_mixin.py:188} INFO - [2026-05-13T16:25:47.803+0000] {dag.py:3834} INFO - Setting next_dagrun for telegraph_scraper to 2026-05-13 00:00:00+00:00, run_after=2026-05-14 00:00:00+00:00
[2026-05-13T16:25:47.872+0000] {processor.py:183} INFO - Processing /opt/airflow/dags/telegraph_dag.py took 0.277 seconds
[2026-05-13T16:26:18.742+0000] {processor.py:161} INFO - Started process (PID=5212) to work on /opt/airflow/dags/telegraph_dag.py
[2026-05-13T16:26:18.756+0000] {processor.py:830} INFO - Processing file /opt/airflow/dags/telegraph_dag.py for tasks to queue
[2026-05-13T16:26:18.767+0000] {logging_mixin.py:188} INFO - [2026-05-13T16:26:18.766+0000] {dagbag.py:540} INFO - Filling up the DagBag from /opt/airflow/dags/telegraph_dag.py
[2026-05-13T16:26:18.873+0000] {processor.py:840} INFO - DAG(s) 'telegraph_scraper' retrieved from /opt/airflow/dags/telegraph_dag.py
[2026-05-13T16:26:18.945+0000] {logging_mixin.py:188} INFO - [2026-05-13T16:26:18.944+0000] {dag.py:3047} INFO - Sync 1 DAGs
[2026-05-13T16:26:19.004+0000] {logging_mixin.py:188} INFO - [2026-05-13T16:26:19.003+0000] {dag.py:3834} INFO - Setting next_dagrun for telegraph_scraper to 2026-05-13 00:00:00+00:00, run_after=2026-05-14 00:00:00+00:00
[2026-05-13T16:26:19.063+0000] {processor.py:183} INFO - Processing /opt/airflow/dags/telegraph_dag.py took 0.343 seconds
[2026-05-13T16:26:49.458+0000] {processor.py:161} INFO - Started process (PID=5242) to work on /opt/airflow/dags/telegraph_dag.py
[2026-05-13T16:26:49.462+0000] {processor.py:830} INFO - Processing file /opt/airflow/dags/telegraph_dag.py for tasks to queue
[2026-05-13T16:26:49.466+0000] {logging_mixin.py:188} INFO - [2026-05-13T16:26:49.465+0000] {dagbag.py:540} INFO - Filling up the DagBag from /opt/airflow/dags/telegraph_dag.py
[2026-05-13T16:26:49.525+0000] {processor.py:840} INFO - DAG(s) 'telegraph_scraper' retrieved from /opt/airflow/dags/telegraph_dag.py
[2026-05-13T16:26:49.647+0000] {logging_mixin.py:188} INFO - [2026-05-13T16:26:49.647+0000] {dag.py:3047} INFO - Sync 1 DAGs
[2026-05-13T16:26:49.716+0000] {logging_mixin.py:188} INFO - [2026-05-13T16:26:49.716+0000] {dag.py:3834} INFO - Setting next_dagrun for telegraph_scraper to 2026-05-13 00:00:00+00:00, run_after=2026-05-14 00:00:00+00:00
[2026-05-13T16:26:49.771+0000] {processor.py:183} INFO - Processing /opt/airflow/dags/telegraph_dag.py took 0.325 seconds
[2026-05-13T16:27:20.514+0000] {processor.py:161} INFO - Started process (PID=5272) to work on /opt/airflow/dags/telegraph_dag.py
[2026-05-13T16:27:20.517+0000] {processor.py:830} INFO - Processing file /opt/airflow/dags/telegraph_dag.py for tasks to queue
[2026-05-13T16:27:20.521+0000] {logging_mixin.py:188} INFO - [2026-05-13T16:27:20.520+0000] {dagbag.py:540} INFO - Filling up the DagBag from /opt/airflow/dags/telegraph_dag.py
[2026-05-13T16:27:20.569+0000] {processor.py:840} INFO - DAG(s) 'telegraph_scraper' retrieved from /opt/airflow/dags/telegraph_dag.py
[2026-05-13T16:27:20.643+0000] {logging_mixin.py:188} INFO - [2026-05-13T16:27:20.642+0000] {dag.py:3047} INFO - Sync 1 DAGs
[2026-05-13T16:27:20.707+0000] {logging_mixin.py:188} INFO - [2026-05-13T16:27:20.706+0000] {dag.py:3834} INFO - Setting next_dagrun for telegraph_scraper to 2026-05-13 00:00:00+00:00, run_after=2026-05-14 00:00:00+00:00
[2026-05-13T16:27:20.855+0000] {processor.py:183} INFO - Processing /opt/airflow/dags/telegraph_dag.py took 0.354 seconds
[2026-05-13T16:27:51.441+0000] {processor.py:161} INFO - Started process (PID=5302) to work on /opt/airflow/dags/telegraph_dag.py
[2026-05-13T16:27:51.445+0000] {processor.py:830} INFO - Processing file /opt/airflow/dags/telegraph_dag.py for tasks to queue
[2026-05-13T16:27:51.448+0000] {logging_mixin.py:188} INFO - [2026-05-13T16:27:51.447+0000] {dagbag.py:540} INFO - Filling up the DagBag from /opt/airflow/dags/telegraph_dag.py
[2026-05-13T16:27:51.495+0000] {processor.py:840} INFO - DAG(s) 'telegraph_scraper' retrieved from /opt/airflow/dags/telegraph_dag.py
[2026-05-13T16:27:51.574+0000] {logging_mixin.py:188} INFO - [2026-05-13T16:27:51.573+0000] {dag.py:3047} INFO - Sync 1 DAGs
[2026-05-13T16:27:51.639+0000] {logging_mixin.py:188} INFO - [2026-05-13T16:27:51.637+0000] {dag.py:3834} INFO - Setting next_dagrun for telegraph_scraper to 2026-05-13 00:00:00+00:00, run_after=2026-05-14 00:00:00+00:00
[2026-05-13T16:27:51.708+0000] {processor.py:183} INFO - Processing /opt/airflow/dags/telegraph_dag.py took 0.279 seconds
[2026-05-13T16:28:21.944+0000] {processor.py:161} INFO - Started process (PID=5332) to work on /opt/airflow/dags/telegraph_dag.py
[2026-05-13T16:28:21.948+0000] {processor.py:830} INFO - Processing file /opt/airflow/dags/telegraph_dag.py for tasks to queue
[2026-05-13T16:28:21.952+0000] {logging_mixin.py:188} INFO - [2026-05-13T16:28:21.950+0000] {dagbag.py:540} INFO - Filling up the DagBag from /opt/airflow/dags/telegraph_dag.py
[2026-05-13T16:28:22.001+0000] {processor.py:840} INFO - DAG(s) 'telegraph_scraper' retrieved from /opt/airflow/dags/telegraph_dag.py
[2026-05-13T16:28:22.094+0000] {logging_mixin.py:188} INFO - [2026-05-13T16:28:22.093+0000] {dag.py:3047} INFO - Sync 1 DAGs
[2026-05-13T16:28:22.162+0000] {logging_mixin.py:188} INFO - [2026-05-13T16:28:22.161+0000] {dag.py:3834} INFO - Setting next_dagrun for telegraph_scraper to 2026-05-13 00:00:00+00:00, run_after=2026-05-14 00:00:00+00:00
[2026-05-13T16:28:22.243+0000] {processor.py:183} INFO - Processing /opt/airflow/dags/telegraph_dag.py took 0.311 seconds
[2026-05-13T16:28:52.717+0000] {processor.py:161} INFO - Started process (PID=5362) to work on /opt/airflow/dags/telegraph_dag.py
[2026-05-13T16:28:52.720+0000] {processor.py:830} INFO - Processing file /opt/airflow/dags/telegraph_dag.py for tasks to queue
[2026-05-13T16:28:52.723+0000] {logging_mixin.py:188} INFO - [2026-05-13T16:28:52.722+0000] {dagbag.py:540} INFO - Filling up the DagBag from /opt/airflow/dags/telegraph_dag.py
[2026-05-13T16:28:52.765+0000] {processor.py:840} INFO - DAG(s) 'telegraph_scraper' retrieved from /opt/airflow/dags/telegraph_dag.py
[2026-05-13T16:28:52.858+0000] {logging_mixin.py:188} INFO - [2026-05-13T16:28:52.858+0000] {dag.py:3047} INFO - Sync 1 DAGs
[2026-05-13T16:28:52.925+0000] {logging_mixin.py:188} INFO - [2026-05-13T16:28:52.924+0000] {dag.py:3834} INFO - Setting next_dagrun for telegraph_scraper to 2026-05-13 00:00:00+00:00, run_after=2026-05-14 00:00:00+00:00
[2026-05-13T16:28:52.981+0000] {processor.py:183} INFO - Processing /opt/airflow/dags/telegraph_dag.py took 0.275 seconds
[2026-05-13T16:29:23.378+0000] {processor.py:161} INFO - Started process (PID=5392) to work on /opt/airflow/dags/telegraph_dag.py
[2026-05-13T16:29:23.381+0000] {processor.py:830} INFO - Processing file /opt/airflow/dags/telegraph_dag.py for tasks to queue
[2026-05-13T16:29:23.387+0000] {logging_mixin.py:188} INFO - [2026-05-13T16:29:23.386+0000] {dagbag.py:540} INFO - Filling up the DagBag from /opt/airflow/dags/telegraph_dag.py
[2026-05-13T16:29:23.438+0000] {processor.py:840} INFO - DAG(s) 'telegraph_scraper' retrieved from /opt/airflow/dags/telegraph_dag.py
[2026-05-13T16:29:23.519+0000] {logging_mixin.py:188} INFO - [2026-05-13T16:29:23.519+0000] {dag.py:3047} INFO - Sync 1 DAGs
[2026-05-13T16:29:23.579+0000] {logging_mixin.py:188} INFO - [2026-05-13T16:29:23.579+0000] {dag.py:3834} INFO - Setting next_dagrun for telegraph_scraper to 2026-05-13 00:00:00+00:00, run_after=2026-05-14 00:00:00+00:00
[2026-05-13T16:29:23.640+0000] {processor.py:183} INFO - Processing /opt/airflow/dags/telegraph_dag.py took 0.276 seconds
[2026-05-13T16:29:54.336+0000] {processor.py:161} INFO - Started process (PID=5422) to work on /opt/airflow/dags/telegraph_dag.py
[2026-05-13T16:29:54.343+0000] {processor.py:830} INFO - Processing file /opt/airflow/dags/telegraph_dag.py for tasks to queue
[2026-05-13T16:29:54.349+0000] {logging_mixin.py:188} INFO - [2026-05-13T16:29:54.348+0000] {dagbag.py:540} INFO - Filling up the DagBag from /opt/airflow/dags/telegraph_dag.py
[2026-05-13T16:29:54.463+0000] {processor.py:840} INFO - DAG(s) 'telegraph_scraper' retrieved from /opt/airflow/dags/telegraph_dag.py
[2026-05-13T16:29:54.699+0000] {logging_mixin.py:188} INFO - [2026-05-13T16:29:54.698+0000] {dag.py:3047} INFO - Sync 1 DAGs
[2026-05-13T16:29:54.893+0000] {logging_mixin.py:188} INFO - [2026-05-13T16:29:54.891+0000] {dag.py:3834} INFO - Setting next_dagrun for telegraph_scraper to 2026-05-13 00:00:00+00:00, run_after=2026-05-14 00:00:00+00:00
[2026-05-13T16:29:55.337+0000] {processor.py:183} INFO - Processing /opt/airflow/dags/telegraph_dag.py took 1.041 seconds
[2026-05-13T16:30:26.161+0000] {processor.py:161} INFO - Started process (PID=5452) to work on /opt/airflow/dags/telegraph_dag.py
[2026-05-13T16:30:26.164+0000] {processor.py:830} INFO - Processing file /opt/airflow/dags/telegraph_dag.py for tasks to queue
[2026-05-13T16:30:26.169+0000] {logging_mixin.py:188} INFO - [2026-05-13T16:30:26.167+0000] {dagbag.py:540} INFO - Filling up the DagBag from /opt/airflow/dags/telegraph_dag.py
[2026-05-13T16:30:26.216+0000] {processor.py:840} INFO - DAG(s) 'telegraph_scraper' retrieved from /opt/airflow/dags/telegraph_dag.py
[2026-05-13T16:30:26.308+0000] {logging_mixin.py:188} INFO - [2026-05-13T16:30:26.307+0000] {dag.py:3047} INFO - Sync 1 DAGs
[2026-05-13T16:30:26.392+0000] {logging_mixin.py:188} INFO - [2026-05-13T16:30:26.392+0000] {dag.py:3834} INFO - Setting next_dagrun for telegraph_scraper to 2026-05-13 00:00:00+00:00, run_after=2026-05-14 00:00:00+00:00
[2026-05-13T16:30:26.443+0000] {processor.py:183} INFO - Processing /opt/airflow/dags/telegraph_dag.py took 0.295 seconds
[2026-05-13T16:30:57.067+0000] {processor.py:161} INFO - Started process (PID=5482) to work on /opt/airflow/dags/telegraph_dag.py
[2026-05-13T16:30:57.090+0000] {processor.py:830} INFO - Processing file /opt/airflow/dags/telegraph_dag.py for tasks to queue
[2026-05-13T16:30:57.095+0000] {logging_mixin.py:188} INFO - [2026-05-13T16:30:57.094+0000] {dagbag.py:540} INFO - Filling up the DagBag from /opt/airflow/dags/telegraph_dag.py
[2026-05-13T16:30:57.206+0000] {processor.py:840} INFO - DAG(s) 'telegraph_scraper' retrieved from /opt/airflow/dags/telegraph_dag.py
[2026-05-13T16:30:57.288+0000] {logging_mixin.py:188} INFO - [2026-05-13T16:30:57.286+0000] {dag.py:3047} INFO - Sync 1 DAGs
[2026-05-13T16:30:57.362+0000] {logging_mixin.py:188} INFO - [2026-05-13T16:30:57.360+0000] {dag.py:3834} INFO - Setting next_dagrun for telegraph_scraper to 2026-05-13 00:00:00+00:00, run_after=2026-05-14 00:00:00+00:00
[2026-05-13T16:30:57.424+0000] {processor.py:183} INFO - Processing /opt/airflow/dags/telegraph_dag.py took 0.369 seconds
[2026-05-13T16:31:27.849+0000] {processor.py:161} INFO - Started process (PID=5512) to work on /opt/airflow/dags/telegraph_dag.py
[2026-05-13T16:31:27.852+0000] {processor.py:830} INFO - Processing file /opt/airflow/dags/telegraph_dag.py for tasks to queue
[2026-05-13T16:31:27.856+0000] {logging_mixin.py:188} INFO - [2026-05-13T16:31:27.855+0000] {dagbag.py:540} INFO - Filling up the DagBag from /opt/airflow/dags/telegraph_dag.py
[2026-05-13T16:31:27.902+0000] {processor.py:840} INFO - DAG(s) 'telegraph_scraper' retrieved from /opt/airflow/dags/telegraph_dag.py
[2026-05-13T16:31:27.987+0000] {logging_mixin.py:188} INFO - [2026-05-13T16:31:27.986+0000] {dag.py:3047} INFO - Sync 1 DAGs
[2026-05-13T16:31:28.045+0000] {logging_mixin.py:188} INFO - [2026-05-13T16:31:28.045+0000] {dag.py:3834} INFO - Setting next_dagrun for telegraph_scraper to 2026-05-13 00:00:00+00:00, run_after=2026-05-14 00:00:00+00:00
[2026-05-13T16:31:28.094+0000] {processor.py:183} INFO - Processing /opt/airflow/dags/telegraph_dag.py took 0.256 seconds
[2026-05-13T16:31:58.746+0000] {processor.py:161} INFO - Started process (PID=5542) to work on /opt/airflow/dags/telegraph_dag.py
[2026-05-13T16:31:58.755+0000] {processor.py:830} INFO - Processing file /opt/airflow/dags/telegraph_dag.py for tasks to queue
[2026-05-13T16:31:58.759+0000] {logging_mixin.py:188} INFO - [2026-05-13T16:31:58.758+0000] {dagbag.py:540} INFO - Filling up the DagBag from /opt/airflow/dags/telegraph_dag.py
[2026-05-13T16:31:58.817+0000] {processor.py:840} INFO - DAG(s) 'telegraph_scraper' retrieved from /opt/airflow/dags/telegraph_dag.py
[2026-05-13T16:31:58.901+0000] {logging_mixin.py:188} INFO - [2026-05-13T16:31:58.901+0000] {dag.py:3047} INFO - Sync 1 DAGs
[2026-05-13T16:31:58.965+0000] {logging_mixin.py:188} INFO - [2026-05-13T16:31:58.964+0000] {dag.py:3834} INFO - Setting next_dagrun for telegraph_scraper to 2026-05-13 00:00:00+00:00, run_after=2026-05-14 00:00:00+00:00
[2026-05-13T16:31:59.017+0000] {processor.py:183} INFO - Processing /opt/airflow/dags/telegraph_dag.py took 0.286 seconds
[2026-05-13T16:32:29.384+0000] {processor.py:161} INFO - Started process (PID=5572) to work on /opt/airflow/dags/telegraph_dag.py
[2026-05-13T16:32:29.388+0000] {processor.py:830} INFO - Processing file /opt/airflow/dags/telegraph_dag.py for tasks to queue
[2026-05-13T16:32:29.392+0000] {logging_mixin.py:188} INFO - [2026-05-13T16:32:29.390+0000] {dagbag.py:540} INFO - Filling up the DagBag from /opt/airflow/dags/telegraph_dag.py
[2026-05-13T16:32:29.451+0000] {processor.py:840} INFO - DAG(s) 'telegraph_scraper' retrieved from /opt/airflow/dags/telegraph_dag.py
[2026-05-13T16:32:29.540+0000] {logging_mixin.py:188} INFO - [2026-05-13T16:32:29.540+0000] {dag.py:3047} INFO - Sync 1 DAGs
[2026-05-13T16:32:29.609+0000] {logging_mixin.py:188} INFO - [2026-05-13T16:32:29.609+0000] {dag.py:3834} INFO - Setting next_dagrun for telegraph_scraper to 2026-05-13 00:00:00+00:00, run_after=2026-05-14 00:00:00+00:00
[2026-05-13T16:32:29.688+0000] {processor.py:183} INFO - Processing /opt/airflow/dags/telegraph_dag.py took 0.317 seconds
[2026-05-13T16:33:00.578+0000] {processor.py:161} INFO - Started process (PID=5602) to work on /opt/airflow/dags/telegraph_dag.py
[2026-05-13T16:33:00.581+0000] {processor.py:830} INFO - Processing file /opt/airflow/dags/telegraph_dag.py for tasks to queue
[2026-05-13T16:33:00.584+0000] {logging_mixin.py:188} INFO - [2026-05-13T16:33:00.583+0000] {dagbag.py:540} INFO - Filling up the DagBag from /opt/airflow/dags/telegraph_dag.py
[2026-05-13T16:33:00.640+0000] {processor.py:840} INFO - DAG(s) 'telegraph_scraper' retrieved from /opt/airflow/dags/telegraph_dag.py
[2026-05-13T16:33:00.720+0000] {logging_mixin.py:188} INFO - [2026-05-13T16:33:00.719+0000] {dag.py:3047} INFO - Sync 1 DAGs
[2026-05-13T16:33:00.781+0000] {logging_mixin.py:188} INFO - [2026-05-13T16:33:00.781+0000] {dag.py:3834} INFO - Setting next_dagrun for telegraph_scraper to 2026-05-13 00:00:00+00:00, run_after=2026-05-14 00:00:00+00:00
[2026-05-13T16:33:00.831+0000] {processor.py:183} INFO - Processing /opt/airflow/dags/telegraph_dag.py took 0.270 seconds
[2026-05-13T16:33:31.768+0000] {processor.py:161} INFO - Started process (PID=5632) to work on /opt/airflow/dags/telegraph_dag.py
[2026-05-13T16:33:31.774+0000] {processor.py:830} INFO - Processing file /opt/airflow/dags/telegraph_dag.py for tasks to queue
[2026-05-13T16:33:31.799+0000] {logging_mixin.py:188} INFO - [2026-05-13T16:33:31.798+0000] {dagbag.py:540} INFO - Filling up the DagBag from /opt/airflow/dags/telegraph_dag.py
[2026-05-13T16:33:31.909+0000] {processor.py:840} INFO - DAG(s) 'telegraph_scraper' retrieved from /opt/airflow/dags/telegraph_dag.py
[2026-05-13T16:33:31.980+0000] {logging_mixin.py:188} INFO - [2026-05-13T16:33:31.980+0000] {dag.py:3047} INFO - Sync 1 DAGs
[2026-05-13T16:33:32.040+0000] {logging_mixin.py:188} INFO - [2026-05-13T16:33:32.040+0000] {dag.py:3834} INFO - Setting next_dagrun for telegraph_scraper to 2026-05-13 00:00:00+00:00, run_after=2026-05-14 00:00:00+00:00
[2026-05-13T16:33:32.097+0000] {processor.py:183} INFO - Processing /opt/airflow/dags/telegraph_dag.py took 0.351 seconds
