[2026-05-28T07:12:43.208+0000] {processor.py:161} INFO - Started process (PID=69) to work on /opt/airflow/dags/inegi_scraper_dag.py
[2026-05-28T07:12:43.226+0000] {processor.py:830} INFO - Processing file /opt/airflow/dags/inegi_scraper_dag.py for tasks to queue
[2026-05-28T07:12:43.243+0000] {logging_mixin.py:188} INFO - [2026-05-28T07:12:43.235+0000] {dagbag.py:540} INFO - Filling up the DagBag from /opt/airflow/dags/inegi_scraper_dag.py
[2026-05-28T07:12:43.679+0000] {processor.py:840} INFO - DAG(s) 'inegi_scraper' retrieved from /opt/airflow/dags/inegi_scraper_dag.py
[2026-05-28T07:12:47.845+0000] {logging_mixin.py:188} INFO - [2026-05-28T07:12:47.832+0000] {dag.py:3047} INFO - Sync 1 DAGs
[2026-05-28T07:12:48.155+0000] {logging_mixin.py:188} INFO - [2026-05-28T07:12:48.155+0000] {dag.py:3834} INFO - Setting next_dagrun for inegi_scraper to 2026-05-28 00:00:00+00:00, run_after=2026-05-29 00:00:00+00:00
[2026-05-28T07:12:48.885+0000] {processor.py:183} INFO - Processing /opt/airflow/dags/inegi_scraper_dag.py took 5.735 seconds
[2026-05-28T07:13:29.008+0000] {processor.py:161} INFO - Started process (PID=105) to work on /opt/airflow/dags/inegi_scraper_dag.py
[2026-05-28T07:13:29.014+0000] {processor.py:830} INFO - Processing file /opt/airflow/dags/inegi_scraper_dag.py for tasks to queue
[2026-05-28T07:13:29.017+0000] {logging_mixin.py:188} INFO - [2026-05-28T07:13:29.016+0000] {dagbag.py:540} INFO - Filling up the DagBag from /opt/airflow/dags/inegi_scraper_dag.py
[2026-05-28T07:13:29.069+0000] {processor.py:840} INFO - DAG(s) 'inegi_scraper' retrieved from /opt/airflow/dags/inegi_scraper_dag.py
[2026-05-28T07:13:29.138+0000] {logging_mixin.py:188} INFO - [2026-05-28T07:13:29.138+0000] {dag.py:3047} INFO - Sync 1 DAGs
[2026-05-28T07:13:29.204+0000] {logging_mixin.py:188} INFO - [2026-05-28T07:13:29.204+0000] {dag.py:3834} INFO - Setting next_dagrun for inegi_scraper to 2026-05-28 00:00:00+00:00, run_after=2026-05-29 00:00:00+00:00
[2026-05-28T07:13:29.718+0000] {processor.py:183} INFO - Processing /opt/airflow/dags/inegi_scraper_dag.py took 0.740 seconds
[2026-05-28T07:14:11.867+0000] {processor.py:161} INFO - Started process (PID=133) to work on /opt/airflow/dags/inegi_scraper_dag.py
[2026-05-28T07:14:11.872+0000] {processor.py:830} INFO - Processing file /opt/airflow/dags/inegi_scraper_dag.py for tasks to queue
[2026-05-28T07:14:11.901+0000] {logging_mixin.py:188} INFO - [2026-05-28T07:14:11.887+0000] {dagbag.py:540} INFO - Filling up the DagBag from /opt/airflow/dags/inegi_scraper_dag.py
[2026-05-28T07:14:12.103+0000] {processor.py:840} INFO - DAG(s) 'inegi_scraper' retrieved from /opt/airflow/dags/inegi_scraper_dag.py
[2026-05-28T07:14:12.263+0000] {logging_mixin.py:188} INFO - [2026-05-28T07:14:12.262+0000] {dag.py:3047} INFO - Sync 1 DAGs
[2026-05-28T07:14:12.419+0000] {logging_mixin.py:188} INFO - [2026-05-28T07:14:12.417+0000] {dag.py:3834} INFO - Setting next_dagrun for inegi_scraper to 2026-05-28 00:00:00+00:00, run_after=2026-05-29 00:00:00+00:00
[2026-05-28T07:14:12.626+0000] {processor.py:183} INFO - Processing /opt/airflow/dags/inegi_scraper_dag.py took 0.797 seconds
[2026-05-28T07:14:48.526+0000] {processor.py:161} INFO - Started process (PID=165) to work on /opt/airflow/dags/inegi_scraper_dag.py
[2026-05-28T07:14:48.542+0000] {processor.py:830} INFO - Processing file /opt/airflow/dags/inegi_scraper_dag.py for tasks to queue
[2026-05-28T07:14:48.573+0000] {logging_mixin.py:188} INFO - [2026-05-28T07:14:48.571+0000] {dagbag.py:540} INFO - Filling up the DagBag from /opt/airflow/dags/inegi_scraper_dag.py
[2026-05-28T07:14:49.689+0000] {processor.py:840} INFO - DAG(s) 'inegi_scraper' retrieved from /opt/airflow/dags/inegi_scraper_dag.py
[2026-05-28T07:14:49.934+0000] {logging_mixin.py:188} INFO - [2026-05-28T07:14:49.933+0000] {dag.py:3047} INFO - Sync 1 DAGs
[2026-05-28T07:14:51.102+0000] {logging_mixin.py:188} INFO - [2026-05-28T07:14:51.101+0000] {dag.py:3834} INFO - Setting next_dagrun for inegi_scraper to 2026-05-28 00:00:00+00:00, run_after=2026-05-29 00:00:00+00:00
[2026-05-28T07:14:52.054+0000] {processor.py:183} INFO - Processing /opt/airflow/dags/inegi_scraper_dag.py took 3.606 seconds
[2026-05-28T07:15:26.080+0000] {processor.py:161} INFO - Started process (PID=195) to work on /opt/airflow/dags/inegi_scraper_dag.py
[2026-05-28T07:15:26.166+0000] {processor.py:830} INFO - Processing file /opt/airflow/dags/inegi_scraper_dag.py for tasks to queue
[2026-05-28T07:15:26.177+0000] {logging_mixin.py:188} INFO - [2026-05-28T07:15:26.173+0000] {dagbag.py:540} INFO - Filling up the DagBag from /opt/airflow/dags/inegi_scraper_dag.py
[2026-05-28T07:15:27.909+0000] {processor.py:840} INFO - DAG(s) 'inegi_scraper' retrieved from /opt/airflow/dags/inegi_scraper_dag.py
[2026-05-28T07:15:29.082+0000] {logging_mixin.py:188} INFO - [2026-05-28T07:15:29.081+0000] {dag.py:3047} INFO - Sync 1 DAGs
[2026-05-28T07:15:31.402+0000] {logging_mixin.py:188} INFO - [2026-05-28T07:15:31.402+0000] {dag.py:3834} INFO - Setting next_dagrun for inegi_scraper to 2026-05-28 00:00:00+00:00, run_after=2026-05-29 00:00:00+00:00
[2026-05-28T07:15:32.861+0000] {processor.py:183} INFO - Processing /opt/airflow/dags/inegi_scraper_dag.py took 6.836 seconds
[2026-05-28T07:16:04.382+0000] {processor.py:161} INFO - Started process (PID=227) to work on /opt/airflow/dags/inegi_scraper_dag.py
[2026-05-28T07:16:04.686+0000] {processor.py:830} INFO - Processing file /opt/airflow/dags/inegi_scraper_dag.py for tasks to queue
[2026-05-28T07:16:04.704+0000] {logging_mixin.py:188} INFO - [2026-05-28T07:16:04.703+0000] {dagbag.py:540} INFO - Filling up the DagBag from /opt/airflow/dags/inegi_scraper_dag.py
[2026-05-28T07:16:05.105+0000] {processor.py:840} INFO - DAG(s) 'inegi_scraper' retrieved from /opt/airflow/dags/inegi_scraper_dag.py
[2026-05-28T07:16:05.295+0000] {logging_mixin.py:188} INFO - [2026-05-28T07:16:05.294+0000] {dag.py:3047} INFO - Sync 1 DAGs
[2026-05-28T07:16:05.909+0000] {logging_mixin.py:188} INFO - [2026-05-28T07:16:05.908+0000] {dag.py:3834} INFO - Setting next_dagrun for inegi_scraper to 2026-05-28 00:00:00+00:00, run_after=2026-05-29 00:00:00+00:00
[2026-05-28T07:16:08.521+0000] {processor.py:183} INFO - Processing /opt/airflow/dags/inegi_scraper_dag.py took 4.153 seconds
[2026-05-28T07:16:39.552+0000] {processor.py:161} INFO - Started process (PID=257) to work on /opt/airflow/dags/inegi_scraper_dag.py
[2026-05-28T07:16:39.556+0000] {processor.py:830} INFO - Processing file /opt/airflow/dags/inegi_scraper_dag.py for tasks to queue
[2026-05-28T07:16:39.559+0000] {logging_mixin.py:188} INFO - [2026-05-28T07:16:39.558+0000] {dagbag.py:540} INFO - Filling up the DagBag from /opt/airflow/dags/inegi_scraper_dag.py
[2026-05-28T07:16:39.994+0000] {processor.py:840} INFO - DAG(s) 'inegi_scraper' retrieved from /opt/airflow/dags/inegi_scraper_dag.py
[2026-05-28T07:16:41.374+0000] {logging_mixin.py:188} INFO - [2026-05-28T07:16:41.373+0000] {dag.py:3047} INFO - Sync 1 DAGs
[2026-05-28T07:16:41.883+0000] {logging_mixin.py:188} INFO - [2026-05-28T07:16:41.882+0000] {dag.py:3834} INFO - Setting next_dagrun for inegi_scraper to 2026-05-28 00:00:00+00:00, run_after=2026-05-29 00:00:00+00:00
[2026-05-28T07:16:42.061+0000] {processor.py:183} INFO - Processing /opt/airflow/dags/inegi_scraper_dag.py took 2.523 seconds
[2026-05-28T07:17:13.661+0000] {processor.py:161} INFO - Started process (PID=286) to work on /opt/airflow/dags/inegi_scraper_dag.py
[2026-05-28T07:17:13.673+0000] {processor.py:830} INFO - Processing file /opt/airflow/dags/inegi_scraper_dag.py for tasks to queue
[2026-05-28T07:17:13.705+0000] {logging_mixin.py:188} INFO - [2026-05-28T07:17:13.688+0000] {dagbag.py:540} INFO - Filling up the DagBag from /opt/airflow/dags/inegi_scraper_dag.py
[2026-05-28T07:17:14.802+0000] {processor.py:840} INFO - DAG(s) 'inegi_scraper' retrieved from /opt/airflow/dags/inegi_scraper_dag.py
[2026-05-28T07:17:15.165+0000] {logging_mixin.py:188} INFO - [2026-05-28T07:17:15.164+0000] {dag.py:3047} INFO - Sync 1 DAGs
[2026-05-28T07:17:15.380+0000] {logging_mixin.py:188} INFO - [2026-05-28T07:17:15.379+0000] {dag.py:3834} INFO - Setting next_dagrun for inegi_scraper to 2026-05-28 00:00:00+00:00, run_after=2026-05-29 00:00:00+00:00
[2026-05-28T07:17:15.871+0000] {processor.py:183} INFO - Processing /opt/airflow/dags/inegi_scraper_dag.py took 2.279 seconds
[2026-05-28T07:17:47.984+0000] {processor.py:161} INFO - Started process (PID=321) to work on /opt/airflow/dags/inegi_scraper_dag.py
[2026-05-28T07:17:48.020+0000] {processor.py:830} INFO - Processing file /opt/airflow/dags/inegi_scraper_dag.py for tasks to queue
[2026-05-28T07:17:48.032+0000] {logging_mixin.py:188} INFO - [2026-05-28T07:17:48.030+0000] {dagbag.py:540} INFO - Filling up the DagBag from /opt/airflow/dags/inegi_scraper_dag.py
[2026-05-28T07:17:48.659+0000] {processor.py:840} INFO - DAG(s) 'inegi_scraper' retrieved from /opt/airflow/dags/inegi_scraper_dag.py
[2026-05-28T07:17:49.264+0000] {logging_mixin.py:188} INFO - [2026-05-28T07:17:49.263+0000] {dag.py:3047} INFO - Sync 1 DAGs
[2026-05-28T07:17:49.479+0000] {logging_mixin.py:188} INFO - [2026-05-28T07:17:49.473+0000] {dag.py:3834} INFO - Setting next_dagrun for inegi_scraper to 2026-05-28 00:00:00+00:00, run_after=2026-05-29 00:00:00+00:00
[2026-05-28T07:17:50.138+0000] {processor.py:183} INFO - Processing /opt/airflow/dags/inegi_scraper_dag.py took 2.282 seconds
[2026-05-28T07:18:23.082+0000] {processor.py:161} INFO - Started process (PID=353) to work on /opt/airflow/dags/inegi_scraper_dag.py
[2026-05-28T07:18:23.106+0000] {processor.py:830} INFO - Processing file /opt/airflow/dags/inegi_scraper_dag.py for tasks to queue
[2026-05-28T07:18:23.123+0000] {logging_mixin.py:188} INFO - [2026-05-28T07:18:23.116+0000] {dagbag.py:540} INFO - Filling up the DagBag from /opt/airflow/dags/inegi_scraper_dag.py
[2026-05-28T07:18:23.399+0000] {processor.py:840} INFO - DAG(s) 'inegi_scraper' retrieved from /opt/airflow/dags/inegi_scraper_dag.py
[2026-05-28T07:18:23.535+0000] {logging_mixin.py:188} INFO - [2026-05-28T07:18:23.535+0000] {dag.py:3047} INFO - Sync 1 DAGs
[2026-05-28T07:18:23.808+0000] {logging_mixin.py:188} INFO - [2026-05-28T07:18:23.808+0000] {dag.py:3834} INFO - Setting next_dagrun for inegi_scraper to 2026-05-28 00:00:00+00:00, run_after=2026-05-29 00:00:00+00:00
[2026-05-28T07:18:24.202+0000] {processor.py:183} INFO - Processing /opt/airflow/dags/inegi_scraper_dag.py took 1.156 seconds
[2026-05-28T07:18:57.656+0000] {processor.py:161} INFO - Started process (PID=382) to work on /opt/airflow/dags/inegi_scraper_dag.py
[2026-05-28T07:18:57.797+0000] {processor.py:830} INFO - Processing file /opt/airflow/dags/inegi_scraper_dag.py for tasks to queue
[2026-05-28T07:18:57.864+0000] {logging_mixin.py:188} INFO - [2026-05-28T07:18:57.863+0000] {dagbag.py:540} INFO - Filling up the DagBag from /opt/airflow/dags/inegi_scraper_dag.py
[2026-05-28T07:18:58.465+0000] {processor.py:840} INFO - DAG(s) 'inegi_scraper' retrieved from /opt/airflow/dags/inegi_scraper_dag.py
[2026-05-28T07:18:58.808+0000] {logging_mixin.py:188} INFO - [2026-05-28T07:18:58.807+0000] {dag.py:3047} INFO - Sync 1 DAGs
[2026-05-28T07:18:59.049+0000] {logging_mixin.py:188} INFO - [2026-05-28T07:18:59.048+0000] {dag.py:3834} INFO - Setting next_dagrun for inegi_scraper to 2026-05-28 00:00:00+00:00, run_after=2026-05-29 00:00:00+00:00
[2026-05-28T07:19:00.030+0000] {processor.py:183} INFO - Processing /opt/airflow/dags/inegi_scraper_dag.py took 2.583 seconds
[2026-05-28T07:19:40.408+0000] {processor.py:161} INFO - Started process (PID=415) to work on /opt/airflow/dags/inegi_scraper_dag.py
[2026-05-28T07:19:40.484+0000] {processor.py:830} INFO - Processing file /opt/airflow/dags/inegi_scraper_dag.py for tasks to queue
[2026-05-28T07:19:40.603+0000] {logging_mixin.py:188} INFO - [2026-05-28T07:19:40.503+0000] {dagbag.py:540} INFO - Filling up the DagBag from /opt/airflow/dags/inegi_scraper_dag.py
[2026-05-28T07:19:42.418+0000] {processor.py:840} INFO - DAG(s) 'inegi_scraper' retrieved from /opt/airflow/dags/inegi_scraper_dag.py
[2026-05-28T07:19:43.004+0000] {logging_mixin.py:188} INFO - [2026-05-28T07:19:43.003+0000] {dag.py:3047} INFO - Sync 1 DAGs
[2026-05-28T07:19:43.597+0000] {logging_mixin.py:188} INFO - [2026-05-28T07:19:43.553+0000] {dag.py:3834} INFO - Setting next_dagrun for inegi_scraper to 2026-05-28 00:00:00+00:00, run_after=2026-05-29 00:00:00+00:00
[2026-05-28T07:19:45.052+0000] {processor.py:183} INFO - Processing /opt/airflow/dags/inegi_scraper_dag.py took 4.880 seconds
[2026-05-28T07:20:16.733+0000] {processor.py:161} INFO - Started process (PID=445) to work on /opt/airflow/dags/inegi_scraper_dag.py
[2026-05-28T07:20:16.745+0000] {processor.py:830} INFO - Processing file /opt/airflow/dags/inegi_scraper_dag.py for tasks to queue
[2026-05-28T07:20:16.749+0000] {logging_mixin.py:188} INFO - [2026-05-28T07:20:16.747+0000] {dagbag.py:540} INFO - Filling up the DagBag from /opt/airflow/dags/inegi_scraper_dag.py
[2026-05-28T07:20:16.964+0000] {processor.py:840} INFO - DAG(s) 'inegi_scraper' retrieved from /opt/airflow/dags/inegi_scraper_dag.py
[2026-05-28T07:20:17.244+0000] {logging_mixin.py:188} INFO - [2026-05-28T07:20:17.243+0000] {dag.py:3047} INFO - Sync 1 DAGs
[2026-05-28T07:20:18.133+0000] {logging_mixin.py:188} INFO - [2026-05-28T07:20:18.133+0000] {dag.py:3834} INFO - Setting next_dagrun for inegi_scraper to 2026-05-28 00:00:00+00:00, run_after=2026-05-29 00:00:00+00:00
[2026-05-28T07:20:18.933+0000] {processor.py:183} INFO - Processing /opt/airflow/dags/inegi_scraper_dag.py took 2.223 seconds
[2026-05-28T07:20:50.324+0000] {processor.py:161} INFO - Started process (PID=475) to work on /opt/airflow/dags/inegi_scraper_dag.py
[2026-05-28T07:20:50.346+0000] {processor.py:830} INFO - Processing file /opt/airflow/dags/inegi_scraper_dag.py for tasks to queue
[2026-05-28T07:20:50.353+0000] {logging_mixin.py:188} INFO - [2026-05-28T07:20:50.352+0000] {dagbag.py:540} INFO - Filling up the DagBag from /opt/airflow/dags/inegi_scraper_dag.py
[2026-05-28T07:20:51.975+0000] {processor.py:840} INFO - DAG(s) 'inegi_scraper' retrieved from /opt/airflow/dags/inegi_scraper_dag.py
[2026-05-28T07:20:53.635+0000] {logging_mixin.py:188} INFO - [2026-05-28T07:20:53.631+0000] {dag.py:3047} INFO - Sync 1 DAGs
[2026-05-28T07:20:54.169+0000] {logging_mixin.py:188} INFO - [2026-05-28T07:20:54.166+0000] {dag.py:3834} INFO - Setting next_dagrun for inegi_scraper to 2026-05-28 00:00:00+00:00, run_after=2026-05-29 00:00:00+00:00
[2026-05-28T07:20:57.090+0000] {processor.py:183} INFO - Processing /opt/airflow/dags/inegi_scraper_dag.py took 6.787 seconds
[2026-05-28T07:21:31.306+0000] {processor.py:161} INFO - Started process (PID=505) to work on /opt/airflow/dags/inegi_scraper_dag.py
[2026-05-28T07:21:31.388+0000] {processor.py:830} INFO - Processing file /opt/airflow/dags/inegi_scraper_dag.py for tasks to queue
[2026-05-28T07:21:31.451+0000] {logging_mixin.py:188} INFO - [2026-05-28T07:21:31.450+0000] {dagbag.py:540} INFO - Filling up the DagBag from /opt/airflow/dags/inegi_scraper_dag.py
[2026-05-28T07:21:34.361+0000] {processor.py:840} INFO - DAG(s) 'inegi_scraper' retrieved from /opt/airflow/dags/inegi_scraper_dag.py
[2026-05-28T07:21:36.451+0000] {logging_mixin.py:188} INFO - [2026-05-28T07:21:36.451+0000] {dag.py:3047} INFO - Sync 1 DAGs
[2026-05-28T07:21:37.246+0000] {logging_mixin.py:188} INFO - [2026-05-28T07:21:37.245+0000] {dag.py:3834} INFO - Setting next_dagrun for inegi_scraper to 2026-05-28 00:00:00+00:00, run_after=2026-05-29 00:00:00+00:00
[2026-05-28T07:21:38.089+0000] {processor.py:183} INFO - Processing /opt/airflow/dags/inegi_scraper_dag.py took 6.848 seconds
[2026-05-28T07:22:14.427+0000] {processor.py:161} INFO - Started process (PID=535) to work on /opt/airflow/dags/inegi_scraper_dag.py
[2026-05-28T07:22:14.553+0000] {processor.py:830} INFO - Processing file /opt/airflow/dags/inegi_scraper_dag.py for tasks to queue
[2026-05-28T07:22:14.639+0000] {logging_mixin.py:188} INFO - [2026-05-28T07:22:14.589+0000] {dagbag.py:540} INFO - Filling up the DagBag from /opt/airflow/dags/inegi_scraper_dag.py
[2026-05-28T07:22:16.512+0000] {processor.py:840} INFO - DAG(s) 'inegi_scraper' retrieved from /opt/airflow/dags/inegi_scraper_dag.py
[2026-05-28T07:22:17.247+0000] {logging_mixin.py:188} INFO - [2026-05-28T07:22:17.187+0000] {dag.py:3047} INFO - Sync 1 DAGs
[2026-05-28T07:22:18.344+0000] {logging_mixin.py:188} INFO - [2026-05-28T07:22:18.343+0000] {dag.py:3834} INFO - Setting next_dagrun for inegi_scraper to 2026-05-28 00:00:00+00:00, run_after=2026-05-29 00:00:00+00:00
[2026-05-28T07:22:19.274+0000] {processor.py:183} INFO - Processing /opt/airflow/dags/inegi_scraper_dag.py took 5.006 seconds
[2026-05-28T07:23:05.788+0000] {processor.py:161} INFO - Started process (PID=560) to work on /opt/airflow/dags/inegi_scraper_dag.py
[2026-05-28T07:23:05.837+0000] {processor.py:830} INFO - Processing file /opt/airflow/dags/inegi_scraper_dag.py for tasks to queue
[2026-05-28T07:23:05.863+0000] {logging_mixin.py:188} INFO - [2026-05-28T07:23:05.862+0000] {dagbag.py:540} INFO - Filling up the DagBag from /opt/airflow/dags/inegi_scraper_dag.py
[2026-05-28T07:23:08.591+0000] {processor.py:840} INFO - DAG(s) 'inegi_scraper' retrieved from /opt/airflow/dags/inegi_scraper_dag.py
[2026-05-28T07:23:12.154+0000] {logging_mixin.py:188} INFO - [2026-05-28T07:23:12.153+0000] {dag.py:3047} INFO - Sync 1 DAGs
[2026-05-28T07:23:12.706+0000] {logging_mixin.py:188} INFO - [2026-05-28T07:23:12.696+0000] {dag.py:3834} INFO - Setting next_dagrun for inegi_scraper to 2026-05-28 00:00:00+00:00, run_after=2026-05-29 00:00:00+00:00
[2026-05-28T07:23:13.627+0000] {processor.py:183} INFO - Processing /opt/airflow/dags/inegi_scraper_dag.py took 8.126 seconds
[2026-05-28T07:23:44.715+0000] {processor.py:161} INFO - Started process (PID=590) to work on /opt/airflow/dags/inegi_scraper_dag.py
[2026-05-28T07:23:44.736+0000] {processor.py:830} INFO - Processing file /opt/airflow/dags/inegi_scraper_dag.py for tasks to queue
[2026-05-28T07:23:44.753+0000] {logging_mixin.py:188} INFO - [2026-05-28T07:23:44.752+0000] {dagbag.py:540} INFO - Filling up the DagBag from /opt/airflow/dags/inegi_scraper_dag.py
[2026-05-28T07:23:45.106+0000] {processor.py:840} INFO - DAG(s) 'inegi_scraper' retrieved from /opt/airflow/dags/inegi_scraper_dag.py
[2026-05-28T07:23:45.410+0000] {logging_mixin.py:188} INFO - [2026-05-28T07:23:45.409+0000] {dag.py:3047} INFO - Sync 1 DAGs
[2026-05-28T07:23:46.214+0000] {logging_mixin.py:188} INFO - [2026-05-28T07:23:46.214+0000] {dag.py:3834} INFO - Setting next_dagrun for inegi_scraper to 2026-05-28 00:00:00+00:00, run_after=2026-05-29 00:00:00+00:00
[2026-05-28T07:23:46.541+0000] {processor.py:183} INFO - Processing /opt/airflow/dags/inegi_scraper_dag.py took 1.907 seconds
[2026-05-28T07:24:19.617+0000] {processor.py:161} INFO - Started process (PID=620) to work on /opt/airflow/dags/inegi_scraper_dag.py
[2026-05-28T07:24:19.647+0000] {processor.py:830} INFO - Processing file /opt/airflow/dags/inegi_scraper_dag.py for tasks to queue
[2026-05-28T07:24:19.668+0000] {logging_mixin.py:188} INFO - [2026-05-28T07:24:19.666+0000] {dagbag.py:540} INFO - Filling up the DagBag from /opt/airflow/dags/inegi_scraper_dag.py
[2026-05-28T07:24:19.920+0000] {processor.py:840} INFO - DAG(s) 'inegi_scraper' retrieved from /opt/airflow/dags/inegi_scraper_dag.py
[2026-05-28T07:24:21.140+0000] {logging_mixin.py:188} INFO - [2026-05-28T07:24:20.994+0000] {dag.py:3047} INFO - Sync 1 DAGs
[2026-05-28T07:24:21.843+0000] {logging_mixin.py:188} INFO - [2026-05-28T07:24:21.842+0000] {dag.py:3834} INFO - Setting next_dagrun for inegi_scraper to 2026-05-28 00:00:00+00:00, run_after=2026-05-29 00:00:00+00:00
[2026-05-28T07:24:24.374+0000] {processor.py:183} INFO - Processing /opt/airflow/dags/inegi_scraper_dag.py took 4.858 seconds
[2026-05-28T07:24:55.706+0000] {processor.py:161} INFO - Started process (PID=654) to work on /opt/airflow/dags/inegi_scraper_dag.py
[2026-05-28T07:24:55.711+0000] {processor.py:830} INFO - Processing file /opt/airflow/dags/inegi_scraper_dag.py for tasks to queue
[2026-05-28T07:24:55.724+0000] {logging_mixin.py:188} INFO - [2026-05-28T07:24:55.723+0000] {dagbag.py:540} INFO - Filling up the DagBag from /opt/airflow/dags/inegi_scraper_dag.py
[2026-05-28T07:24:55.918+0000] {processor.py:840} INFO - DAG(s) 'inegi_scraper' retrieved from /opt/airflow/dags/inegi_scraper_dag.py
[2026-05-28T07:24:56.742+0000] {logging_mixin.py:188} INFO - [2026-05-28T07:24:56.742+0000] {dag.py:3047} INFO - Sync 1 DAGs
[2026-05-28T07:24:57.456+0000] {logging_mixin.py:188} INFO - [2026-05-28T07:24:57.456+0000] {dag.py:3834} INFO - Setting next_dagrun for inegi_scraper to 2026-05-28 00:00:00+00:00, run_after=2026-05-29 00:00:00+00:00
[2026-05-28T07:24:57.698+0000] {processor.py:183} INFO - Processing /opt/airflow/dags/inegi_scraper_dag.py took 2.024 seconds
[2026-05-28T07:25:28.480+0000] {processor.py:161} INFO - Started process (PID=684) to work on /opt/airflow/dags/inegi_scraper_dag.py
[2026-05-28T07:25:28.486+0000] {processor.py:830} INFO - Processing file /opt/airflow/dags/inegi_scraper_dag.py for tasks to queue
[2026-05-28T07:25:28.494+0000] {logging_mixin.py:188} INFO - [2026-05-28T07:25:28.493+0000] {dagbag.py:540} INFO - Filling up the DagBag from /opt/airflow/dags/inegi_scraper_dag.py
[2026-05-28T07:25:28.631+0000] {processor.py:840} INFO - DAG(s) 'inegi_scraper' retrieved from /opt/airflow/dags/inegi_scraper_dag.py
[2026-05-28T07:25:28.998+0000] {logging_mixin.py:188} INFO - [2026-05-28T07:25:28.977+0000] {dag.py:3047} INFO - Sync 1 DAGs
[2026-05-28T07:25:29.899+0000] {logging_mixin.py:188} INFO - [2026-05-28T07:25:29.898+0000] {dag.py:3834} INFO - Setting next_dagrun for inegi_scraper to 2026-05-28 00:00:00+00:00, run_after=2026-05-29 00:00:00+00:00
[2026-05-28T07:25:30.156+0000] {processor.py:183} INFO - Processing /opt/airflow/dags/inegi_scraper_dag.py took 1.743 seconds
[2026-05-28T07:26:01.537+0000] {processor.py:161} INFO - Started process (PID=714) to work on /opt/airflow/dags/inegi_scraper_dag.py
[2026-05-28T07:26:01.553+0000] {processor.py:830} INFO - Processing file /opt/airflow/dags/inegi_scraper_dag.py for tasks to queue
[2026-05-28T07:26:01.561+0000] {logging_mixin.py:188} INFO - [2026-05-28T07:26:01.560+0000] {dagbag.py:540} INFO - Filling up the DagBag from /opt/airflow/dags/inegi_scraper_dag.py
[2026-05-28T07:26:01.786+0000] {processor.py:840} INFO - DAG(s) 'inegi_scraper' retrieved from /opt/airflow/dags/inegi_scraper_dag.py
[2026-05-28T07:26:02.090+0000] {logging_mixin.py:188} INFO - [2026-05-28T07:26:02.087+0000] {dag.py:3047} INFO - Sync 1 DAGs
[2026-05-28T07:26:02.430+0000] {logging_mixin.py:188} INFO - [2026-05-28T07:26:02.429+0000] {dag.py:3834} INFO - Setting next_dagrun for inegi_scraper to 2026-05-28 00:00:00+00:00, run_after=2026-05-29 00:00:00+00:00
[2026-05-28T07:26:03.117+0000] {processor.py:183} INFO - Processing /opt/airflow/dags/inegi_scraper_dag.py took 1.643 seconds
[2026-05-28T07:26:34.056+0000] {processor.py:161} INFO - Started process (PID=744) to work on /opt/airflow/dags/inegi_scraper_dag.py
[2026-05-28T07:26:34.065+0000] {processor.py:830} INFO - Processing file /opt/airflow/dags/inegi_scraper_dag.py for tasks to queue
[2026-05-28T07:26:34.076+0000] {logging_mixin.py:188} INFO - [2026-05-28T07:26:34.068+0000] {dagbag.py:540} INFO - Filling up the DagBag from /opt/airflow/dags/inegi_scraper_dag.py
[2026-05-28T07:26:34.202+0000] {processor.py:840} INFO - DAG(s) 'inegi_scraper' retrieved from /opt/airflow/dags/inegi_scraper_dag.py
[2026-05-28T07:26:34.368+0000] {logging_mixin.py:188} INFO - [2026-05-28T07:26:34.367+0000] {dag.py:3047} INFO - Sync 1 DAGs
[2026-05-28T07:26:34.475+0000] {logging_mixin.py:188} INFO - [2026-05-28T07:26:34.475+0000] {dag.py:3834} INFO - Setting next_dagrun for inegi_scraper to 2026-05-28 00:00:00+00:00, run_after=2026-05-29 00:00:00+00:00
[2026-05-28T07:26:34.593+0000] {processor.py:183} INFO - Processing /opt/airflow/dags/inegi_scraper_dag.py took 0.574 seconds
[2026-05-28T07:27:06.019+0000] {processor.py:161} INFO - Started process (PID=774) to work on /opt/airflow/dags/inegi_scraper_dag.py
[2026-05-28T07:27:06.025+0000] {processor.py:830} INFO - Processing file /opt/airflow/dags/inegi_scraper_dag.py for tasks to queue
[2026-05-28T07:27:06.055+0000] {logging_mixin.py:188} INFO - [2026-05-28T07:27:06.033+0000] {dagbag.py:540} INFO - Filling up the DagBag from /opt/airflow/dags/inegi_scraper_dag.py
[2026-05-28T07:27:06.360+0000] {processor.py:840} INFO - DAG(s) 'inegi_scraper' retrieved from /opt/airflow/dags/inegi_scraper_dag.py
[2026-05-28T07:27:06.622+0000] {logging_mixin.py:188} INFO - [2026-05-28T07:27:06.622+0000] {dag.py:3047} INFO - Sync 1 DAGs
[2026-05-28T07:27:08.524+0000] {logging_mixin.py:188} INFO - [2026-05-28T07:27:08.393+0000] {dag.py:3834} INFO - Setting next_dagrun for inegi_scraper to 2026-05-28 00:00:00+00:00, run_after=2026-05-29 00:00:00+00:00
[2026-05-28T07:27:09.599+0000] {processor.py:183} INFO - Processing /opt/airflow/dags/inegi_scraper_dag.py took 3.592 seconds
[2026-05-28T07:27:40.625+0000] {processor.py:161} INFO - Started process (PID=804) to work on /opt/airflow/dags/inegi_scraper_dag.py
[2026-05-28T07:27:40.658+0000] {processor.py:830} INFO - Processing file /opt/airflow/dags/inegi_scraper_dag.py for tasks to queue
[2026-05-28T07:27:40.769+0000] {logging_mixin.py:188} INFO - [2026-05-28T07:27:40.725+0000] {dagbag.py:540} INFO - Filling up the DagBag from /opt/airflow/dags/inegi_scraper_dag.py
[2026-05-28T07:27:42.124+0000] {processor.py:840} INFO - DAG(s) 'inegi_scraper' retrieved from /opt/airflow/dags/inegi_scraper_dag.py
[2026-05-28T07:27:43.314+0000] {logging_mixin.py:188} INFO - [2026-05-28T07:27:43.302+0000] {dag.py:3047} INFO - Sync 1 DAGs
[2026-05-28T07:27:44.919+0000] {logging_mixin.py:188} INFO - [2026-05-28T07:27:44.753+0000] {dag.py:3834} INFO - Setting next_dagrun for inegi_scraper to 2026-05-28 00:00:00+00:00, run_after=2026-05-29 00:00:00+00:00
[2026-05-28T07:27:45.705+0000] {processor.py:183} INFO - Processing /opt/airflow/dags/inegi_scraper_dag.py took 5.393 seconds
[2026-05-28T07:28:16.109+0000] {processor.py:161} INFO - Started process (PID=838) to work on /opt/airflow/dags/inegi_scraper_dag.py
[2026-05-28T07:28:16.113+0000] {processor.py:830} INFO - Processing file /opt/airflow/dags/inegi_scraper_dag.py for tasks to queue
[2026-05-28T07:28:16.118+0000] {logging_mixin.py:188} INFO - [2026-05-28T07:28:16.116+0000] {dagbag.py:540} INFO - Filling up the DagBag from /opt/airflow/dags/inegi_scraper_dag.py
[2026-05-28T07:28:16.239+0000] {processor.py:840} INFO - DAG(s) 'inegi_scraper' retrieved from /opt/airflow/dags/inegi_scraper_dag.py
[2026-05-28T07:28:16.415+0000] {logging_mixin.py:188} INFO - [2026-05-28T07:28:16.412+0000] {dag.py:3047} INFO - Sync 1 DAGs
[2026-05-28T07:28:16.526+0000] {logging_mixin.py:188} INFO - [2026-05-28T07:28:16.526+0000] {dag.py:3834} INFO - Setting next_dagrun for inegi_scraper to 2026-05-28 00:00:00+00:00, run_after=2026-05-29 00:00:00+00:00
[2026-05-28T07:28:16.767+0000] {processor.py:183} INFO - Processing /opt/airflow/dags/inegi_scraper_dag.py took 0.675 seconds
[2026-05-28T07:28:49.091+0000] {processor.py:161} INFO - Started process (PID=871) to work on /opt/airflow/dags/inegi_scraper_dag.py
[2026-05-28T07:28:49.105+0000] {processor.py:830} INFO - Processing file /opt/airflow/dags/inegi_scraper_dag.py for tasks to queue
[2026-05-28T07:28:49.122+0000] {logging_mixin.py:188} INFO - [2026-05-28T07:28:49.112+0000] {dagbag.py:540} INFO - Filling up the DagBag from /opt/airflow/dags/inegi_scraper_dag.py
[2026-05-28T07:28:49.319+0000] {processor.py:840} INFO - DAG(s) 'inegi_scraper' retrieved from /opt/airflow/dags/inegi_scraper_dag.py
[2026-05-28T07:28:49.725+0000] {logging_mixin.py:188} INFO - [2026-05-28T07:28:49.724+0000] {dag.py:3047} INFO - Sync 1 DAGs
[2026-05-28T07:28:50.238+0000] {logging_mixin.py:188} INFO - [2026-05-28T07:28:50.237+0000] {dag.py:3834} INFO - Setting next_dagrun for inegi_scraper to 2026-05-28 00:00:00+00:00, run_after=2026-05-29 00:00:00+00:00
[2026-05-28T07:28:50.790+0000] {processor.py:183} INFO - Processing /opt/airflow/dags/inegi_scraper_dag.py took 1.710 seconds
[2026-05-28T07:29:21.639+0000] {processor.py:161} INFO - Started process (PID=902) to work on /opt/airflow/dags/inegi_scraper_dag.py
[2026-05-28T07:29:21.642+0000] {processor.py:830} INFO - Processing file /opt/airflow/dags/inegi_scraper_dag.py for tasks to queue
[2026-05-28T07:29:21.645+0000] {logging_mixin.py:188} INFO - [2026-05-28T07:29:21.645+0000] {dagbag.py:540} INFO - Filling up the DagBag from /opt/airflow/dags/inegi_scraper_dag.py
[2026-05-28T07:29:21.723+0000] {processor.py:840} INFO - DAG(s) 'inegi_scraper' retrieved from /opt/airflow/dags/inegi_scraper_dag.py
[2026-05-28T07:29:21.836+0000] {logging_mixin.py:188} INFO - [2026-05-28T07:29:21.835+0000] {dag.py:3047} INFO - Sync 1 DAGs
[2026-05-28T07:29:21.904+0000] {logging_mixin.py:188} INFO - [2026-05-28T07:29:21.903+0000] {dag.py:3834} INFO - Setting next_dagrun for inegi_scraper to 2026-05-28 00:00:00+00:00, run_after=2026-05-29 00:00:00+00:00
[2026-05-28T07:29:21.967+0000] {processor.py:183} INFO - Processing /opt/airflow/dags/inegi_scraper_dag.py took 0.341 seconds
[2026-05-28T07:29:52.919+0000] {processor.py:161} INFO - Started process (PID=932) to work on /opt/airflow/dags/inegi_scraper_dag.py
[2026-05-28T07:29:52.923+0000] {processor.py:830} INFO - Processing file /opt/airflow/dags/inegi_scraper_dag.py for tasks to queue
[2026-05-28T07:29:52.923+0000] {logging_mixin.py:188} INFO - [2026-05-28T07:29:52.922+0000] {dagbag.py:540} INFO - Filling up the DagBag from /opt/airflow/dags/inegi_scraper_dag.py
[2026-05-28T07:29:53.015+0000] {processor.py:840} INFO - DAG(s) 'inegi_scraper' retrieved from /opt/airflow/dags/inegi_scraper_dag.py
[2026-05-28T07:29:53.092+0000] {logging_mixin.py:188} INFO - [2026-05-28T07:29:53.092+0000] {dag.py:3047} INFO - Sync 1 DAGs
[2026-05-28T07:29:53.168+0000] {logging_mixin.py:188} INFO - [2026-05-28T07:29:53.167+0000] {dag.py:3834} INFO - Setting next_dagrun for inegi_scraper to 2026-05-28 00:00:00+00:00, run_after=2026-05-29 00:00:00+00:00
[2026-05-28T07:29:53.232+0000] {processor.py:183} INFO - Processing /opt/airflow/dags/inegi_scraper_dag.py took 0.331 seconds
[2026-05-28T07:30:23.826+0000] {processor.py:161} INFO - Started process (PID=962) to work on /opt/airflow/dags/inegi_scraper_dag.py
[2026-05-28T07:30:23.829+0000] {processor.py:830} INFO - Processing file /opt/airflow/dags/inegi_scraper_dag.py for tasks to queue
[2026-05-28T07:30:23.832+0000] {logging_mixin.py:188} INFO - [2026-05-28T07:30:23.831+0000] {dagbag.py:540} INFO - Filling up the DagBag from /opt/airflow/dags/inegi_scraper_dag.py
[2026-05-28T07:30:23.884+0000] {processor.py:840} INFO - DAG(s) 'inegi_scraper' retrieved from /opt/airflow/dags/inegi_scraper_dag.py
[2026-05-28T07:30:23.954+0000] {logging_mixin.py:188} INFO - [2026-05-28T07:30:23.953+0000] {dag.py:3047} INFO - Sync 1 DAGs
[2026-05-28T07:30:24.016+0000] {logging_mixin.py:188} INFO - [2026-05-28T07:30:24.016+0000] {dag.py:3834} INFO - Setting next_dagrun for inegi_scraper to 2026-05-28 00:00:00+00:00, run_after=2026-05-29 00:00:00+00:00
[2026-05-28T07:30:24.080+0000] {processor.py:183} INFO - Processing /opt/airflow/dags/inegi_scraper_dag.py took 0.264 seconds
[2026-05-28T07:30:54.508+0000] {processor.py:161} INFO - Started process (PID=992) to work on /opt/airflow/dags/inegi_scraper_dag.py
[2026-05-28T07:30:54.522+0000] {processor.py:830} INFO - Processing file /opt/airflow/dags/inegi_scraper_dag.py for tasks to queue
[2026-05-28T07:30:54.532+0000] {logging_mixin.py:188} INFO - [2026-05-28T07:30:54.531+0000] {dagbag.py:540} INFO - Filling up the DagBag from /opt/airflow/dags/inegi_scraper_dag.py
[2026-05-28T07:30:54.820+0000] {processor.py:840} INFO - DAG(s) 'inegi_scraper' retrieved from /opt/airflow/dags/inegi_scraper_dag.py
[2026-05-28T07:30:54.885+0000] {logging_mixin.py:188} INFO - [2026-05-28T07:30:54.884+0000] {dag.py:3047} INFO - Sync 1 DAGs
[2026-05-28T07:30:54.950+0000] {logging_mixin.py:188} INFO - [2026-05-28T07:30:54.949+0000] {dag.py:3834} INFO - Setting next_dagrun for inegi_scraper to 2026-05-28 00:00:00+00:00, run_after=2026-05-29 00:00:00+00:00
[2026-05-28T07:30:55.003+0000] {processor.py:183} INFO - Processing /opt/airflow/dags/inegi_scraper_dag.py took 0.515 seconds
[2026-05-28T07:31:25.515+0000] {processor.py:161} INFO - Started process (PID=1022) to work on /opt/airflow/dags/inegi_scraper_dag.py
[2026-05-28T07:31:25.518+0000] {processor.py:830} INFO - Processing file /opt/airflow/dags/inegi_scraper_dag.py for tasks to queue
[2026-05-28T07:31:25.521+0000] {logging_mixin.py:188} INFO - [2026-05-28T07:31:25.520+0000] {dagbag.py:540} INFO - Filling up the DagBag from /opt/airflow/dags/inegi_scraper_dag.py
[2026-05-28T07:31:25.584+0000] {processor.py:840} INFO - DAG(s) 'inegi_scraper' retrieved from /opt/airflow/dags/inegi_scraper_dag.py
[2026-05-28T07:31:25.683+0000] {logging_mixin.py:188} INFO - [2026-05-28T07:31:25.682+0000] {dag.py:3047} INFO - Sync 1 DAGs
[2026-05-28T07:31:25.768+0000] {logging_mixin.py:188} INFO - [2026-05-28T07:31:25.767+0000] {dag.py:3834} INFO - Setting next_dagrun for inegi_scraper to 2026-05-28 00:00:00+00:00, run_after=2026-05-29 00:00:00+00:00
[2026-05-28T07:31:25.863+0000] {processor.py:183} INFO - Processing /opt/airflow/dags/inegi_scraper_dag.py took 0.357 seconds
[2026-05-28T07:31:56.508+0000] {processor.py:161} INFO - Started process (PID=1052) to work on /opt/airflow/dags/inegi_scraper_dag.py
[2026-05-28T07:31:56.512+0000] {processor.py:830} INFO - Processing file /opt/airflow/dags/inegi_scraper_dag.py for tasks to queue
[2026-05-28T07:31:56.515+0000] {logging_mixin.py:188} INFO - [2026-05-28T07:31:56.514+0000] {dagbag.py:540} INFO - Filling up the DagBag from /opt/airflow/dags/inegi_scraper_dag.py
[2026-05-28T07:31:56.599+0000] {processor.py:840} INFO - DAG(s) 'inegi_scraper' retrieved from /opt/airflow/dags/inegi_scraper_dag.py
[2026-05-28T07:31:56.767+0000] {logging_mixin.py:188} INFO - [2026-05-28T07:31:56.766+0000] {dag.py:3047} INFO - Sync 1 DAGs
[2026-05-28T07:31:56.909+0000] {logging_mixin.py:188} INFO - [2026-05-28T07:31:56.908+0000] {dag.py:3834} INFO - Setting next_dagrun for inegi_scraper to 2026-05-28 00:00:00+00:00, run_after=2026-05-29 00:00:00+00:00
[2026-05-28T07:31:57.107+0000] {processor.py:183} INFO - Processing /opt/airflow/dags/inegi_scraper_dag.py took 0.610 seconds
[2026-05-28T07:33:32.900+0000] {processor.py:161} INFO - Started process (PID=1085) to work on /opt/airflow/dags/inegi_scraper_dag.py
[2026-05-28T07:33:32.924+0000] {processor.py:830} INFO - Processing file /opt/airflow/dags/inegi_scraper_dag.py for tasks to queue
[2026-05-28T07:33:32.945+0000] {logging_mixin.py:188} INFO - [2026-05-28T07:33:32.944+0000] {dagbag.py:540} INFO - Filling up the DagBag from /opt/airflow/dags/inegi_scraper_dag.py
[2026-05-28T07:33:33.894+0000] {processor.py:840} INFO - DAG(s) 'inegi_scraper' retrieved from /opt/airflow/dags/inegi_scraper_dag.py
[2026-05-28T07:33:34.155+0000] {logging_mixin.py:188} INFO - [2026-05-28T07:33:34.154+0000] {dag.py:3047} INFO - Sync 1 DAGs
[2026-05-28T07:33:34.412+0000] {logging_mixin.py:188} INFO - [2026-05-28T07:33:34.411+0000] {dag.py:3834} INFO - Setting next_dagrun for inegi_scraper to 2026-05-28 00:00:00+00:00, run_after=2026-05-29 00:00:00+00:00
[2026-05-28T07:33:36.683+0000] {processor.py:183} INFO - Processing /opt/airflow/dags/inegi_scraper_dag.py took 3.805 seconds
[2026-05-28T07:34:25.180+0000] {processor.py:161} INFO - Started process (PID=1117) to work on /opt/airflow/dags/inegi_scraper_dag.py
[2026-05-28T07:34:25.295+0000] {processor.py:830} INFO - Processing file /opt/airflow/dags/inegi_scraper_dag.py for tasks to queue
[2026-05-28T07:34:25.303+0000] {logging_mixin.py:188} INFO - [2026-05-28T07:34:25.301+0000] {dagbag.py:540} INFO - Filling up the DagBag from /opt/airflow/dags/inegi_scraper_dag.py
[2026-05-28T07:34:25.505+0000] {processor.py:840} INFO - DAG(s) 'inegi_scraper' retrieved from /opt/airflow/dags/inegi_scraper_dag.py
[2026-05-28T07:34:25.741+0000] {logging_mixin.py:188} INFO - [2026-05-28T07:34:25.740+0000] {dag.py:3047} INFO - Sync 1 DAGs
[2026-05-28T07:34:26.603+0000] {logging_mixin.py:188} INFO - [2026-05-28T07:34:26.602+0000] {dag.py:3834} INFO - Setting next_dagrun for inegi_scraper to 2026-05-28 00:00:00+00:00, run_after=2026-05-29 00:00:00+00:00
[2026-05-28T07:34:27.368+0000] {processor.py:183} INFO - Processing /opt/airflow/dags/inegi_scraper_dag.py took 2.212 seconds
[2026-05-28T07:35:00.261+0000] {processor.py:161} INFO - Started process (PID=1145) to work on /opt/airflow/dags/inegi_scraper_dag.py
[2026-05-28T07:35:00.619+0000] {processor.py:830} INFO - Processing file /opt/airflow/dags/inegi_scraper_dag.py for tasks to queue
[2026-05-28T07:35:00.652+0000] {logging_mixin.py:188} INFO - [2026-05-28T07:35:00.651+0000] {dagbag.py:540} INFO - Filling up the DagBag from /opt/airflow/dags/inegi_scraper_dag.py
[2026-05-28T07:35:02.756+0000] {processor.py:840} INFO - DAG(s) 'inegi_scraper' retrieved from /opt/airflow/dags/inegi_scraper_dag.py
[2026-05-28T07:35:02.956+0000] {logging_mixin.py:188} INFO - [2026-05-28T07:35:02.956+0000] {dag.py:3047} INFO - Sync 1 DAGs
[2026-05-28T07:35:03.178+0000] {logging_mixin.py:188} INFO - [2026-05-28T07:35:03.177+0000] {dag.py:3834} INFO - Setting next_dagrun for inegi_scraper to 2026-05-28 00:00:00+00:00, run_after=2026-05-29 00:00:00+00:00
[2026-05-28T07:35:03.898+0000] {processor.py:183} INFO - Processing /opt/airflow/dags/inegi_scraper_dag.py took 3.646 seconds
[2026-05-28T07:35:40.777+0000] {processor.py:161} INFO - Started process (PID=1177) to work on /opt/airflow/dags/inegi_scraper_dag.py
[2026-05-28T07:35:40.802+0000] {processor.py:830} INFO - Processing file /opt/airflow/dags/inegi_scraper_dag.py for tasks to queue
[2026-05-28T07:35:40.817+0000] {logging_mixin.py:188} INFO - [2026-05-28T07:35:40.815+0000] {dagbag.py:540} INFO - Filling up the DagBag from /opt/airflow/dags/inegi_scraper_dag.py
[2026-05-28T07:35:41.527+0000] {processor.py:840} INFO - DAG(s) 'inegi_scraper' retrieved from /opt/airflow/dags/inegi_scraper_dag.py
[2026-05-28T07:35:41.743+0000] {logging_mixin.py:188} INFO - [2026-05-28T07:35:41.742+0000] {dag.py:3047} INFO - Sync 1 DAGs
[2026-05-28T07:35:41.972+0000] {logging_mixin.py:188} INFO - [2026-05-28T07:35:41.971+0000] {dag.py:3834} INFO - Setting next_dagrun for inegi_scraper to 2026-05-28 00:00:00+00:00, run_after=2026-05-29 00:00:00+00:00
[2026-05-28T07:35:42.174+0000] {processor.py:183} INFO - Processing /opt/airflow/dags/inegi_scraper_dag.py took 1.416 seconds
[2026-05-28T07:36:25.894+0000] {processor.py:161} INFO - Started process (PID=1207) to work on /opt/airflow/dags/inegi_scraper_dag.py
[2026-05-28T07:36:26.019+0000] {processor.py:830} INFO - Processing file /opt/airflow/dags/inegi_scraper_dag.py for tasks to queue
[2026-05-28T07:36:26.090+0000] {logging_mixin.py:188} INFO - [2026-05-28T07:36:26.089+0000] {dagbag.py:540} INFO - Filling up the DagBag from /opt/airflow/dags/inegi_scraper_dag.py
[2026-05-28T07:36:28.054+0000] {processor.py:840} INFO - DAG(s) 'inegi_scraper' retrieved from /opt/airflow/dags/inegi_scraper_dag.py
[2026-05-28T07:36:28.619+0000] {logging_mixin.py:188} INFO - [2026-05-28T07:36:28.619+0000] {dag.py:3047} INFO - Sync 1 DAGs
[2026-05-28T07:36:28.905+0000] {logging_mixin.py:188} INFO - [2026-05-28T07:36:28.905+0000] {dag.py:3834} INFO - Setting next_dagrun for inegi_scraper to 2026-05-28 00:00:00+00:00, run_after=2026-05-29 00:00:00+00:00
[2026-05-28T07:36:29.452+0000] {processor.py:183} INFO - Processing /opt/airflow/dags/inegi_scraper_dag.py took 3.578 seconds
[2026-05-28T07:36:59.692+0000] {processor.py:161} INFO - Started process (PID=1237) to work on /opt/airflow/dags/inegi_scraper_dag.py
[2026-05-28T07:36:59.696+0000] {processor.py:830} INFO - Processing file /opt/airflow/dags/inegi_scraper_dag.py for tasks to queue
[2026-05-28T07:36:59.699+0000] {logging_mixin.py:188} INFO - [2026-05-28T07:36:59.698+0000] {dagbag.py:540} INFO - Filling up the DagBag from /opt/airflow/dags/inegi_scraper_dag.py
[2026-05-28T07:36:59.736+0000] {processor.py:840} INFO - DAG(s) 'inegi_scraper' retrieved from /opt/airflow/dags/inegi_scraper_dag.py
[2026-05-28T07:36:59.839+0000] {logging_mixin.py:188} INFO - [2026-05-28T07:36:59.838+0000] {dag.py:3047} INFO - Sync 1 DAGs
[2026-05-28T07:36:59.931+0000] {logging_mixin.py:188} INFO - [2026-05-28T07:36:59.928+0000] {dag.py:3834} INFO - Setting next_dagrun for inegi_scraper to 2026-05-28 00:00:00+00:00, run_after=2026-05-29 00:00:00+00:00
[2026-05-28T07:37:00.040+0000] {processor.py:183} INFO - Processing /opt/airflow/dags/inegi_scraper_dag.py took 0.359 seconds
[2026-05-28T07:37:30.301+0000] {processor.py:161} INFO - Started process (PID=1267) to work on /opt/airflow/dags/inegi_scraper_dag.py
[2026-05-28T07:37:30.305+0000] {processor.py:830} INFO - Processing file /opt/airflow/dags/inegi_scraper_dag.py for tasks to queue
[2026-05-28T07:37:30.308+0000] {logging_mixin.py:188} INFO - [2026-05-28T07:37:30.307+0000] {dagbag.py:540} INFO - Filling up the DagBag from /opt/airflow/dags/inegi_scraper_dag.py
[2026-05-28T07:37:30.351+0000] {processor.py:840} INFO - DAG(s) 'inegi_scraper' retrieved from /opt/airflow/dags/inegi_scraper_dag.py
[2026-05-28T07:37:30.448+0000] {logging_mixin.py:188} INFO - [2026-05-28T07:37:30.447+0000] {dag.py:3047} INFO - Sync 1 DAGs
[2026-05-28T07:37:30.557+0000] {logging_mixin.py:188} INFO - [2026-05-28T07:37:30.556+0000] {dag.py:3834} INFO - Setting next_dagrun for inegi_scraper to 2026-05-28 00:00:00+00:00, run_after=2026-05-29 00:00:00+00:00
[2026-05-28T07:37:30.716+0000] {processor.py:183} INFO - Processing /opt/airflow/dags/inegi_scraper_dag.py took 0.426 seconds
[2026-05-28T07:38:01.817+0000] {processor.py:161} INFO - Started process (PID=1297) to work on /opt/airflow/dags/inegi_scraper_dag.py
[2026-05-28T07:38:01.828+0000] {processor.py:830} INFO - Processing file /opt/airflow/dags/inegi_scraper_dag.py for tasks to queue
[2026-05-28T07:38:01.832+0000] {logging_mixin.py:188} INFO - [2026-05-28T07:38:01.831+0000] {dagbag.py:540} INFO - Filling up the DagBag from /opt/airflow/dags/inegi_scraper_dag.py
[2026-05-28T07:38:01.904+0000] {processor.py:840} INFO - DAG(s) 'inegi_scraper' retrieved from /opt/airflow/dags/inegi_scraper_dag.py
[2026-05-28T07:38:01.996+0000] {logging_mixin.py:188} INFO - [2026-05-28T07:38:01.995+0000] {dag.py:3047} INFO - Sync 1 DAGs
[2026-05-28T07:38:02.057+0000] {logging_mixin.py:188} INFO - [2026-05-28T07:38:02.057+0000] {dag.py:3834} INFO - Setting next_dagrun for inegi_scraper to 2026-05-28 00:00:00+00:00, run_after=2026-05-29 00:00:00+00:00
[2026-05-28T07:38:02.112+0000] {processor.py:183} INFO - Processing /opt/airflow/dags/inegi_scraper_dag.py took 0.304 seconds
[2026-05-28T07:38:32.573+0000] {processor.py:161} INFO - Started process (PID=1327) to work on /opt/airflow/dags/inegi_scraper_dag.py
[2026-05-28T07:38:32.576+0000] {processor.py:830} INFO - Processing file /opt/airflow/dags/inegi_scraper_dag.py for tasks to queue
[2026-05-28T07:38:32.579+0000] {logging_mixin.py:188} INFO - [2026-05-28T07:38:32.578+0000] {dagbag.py:540} INFO - Filling up the DagBag from /opt/airflow/dags/inegi_scraper_dag.py
[2026-05-28T07:38:32.619+0000] {processor.py:840} INFO - DAG(s) 'inegi_scraper' retrieved from /opt/airflow/dags/inegi_scraper_dag.py
[2026-05-28T07:38:32.689+0000] {logging_mixin.py:188} INFO - [2026-05-28T07:38:32.689+0000] {dag.py:3047} INFO - Sync 1 DAGs
[2026-05-28T07:38:32.748+0000] {logging_mixin.py:188} INFO - [2026-05-28T07:38:32.747+0000] {dag.py:3834} INFO - Setting next_dagrun for inegi_scraper to 2026-05-28 00:00:00+00:00, run_after=2026-05-29 00:00:00+00:00
[2026-05-28T07:38:32.802+0000] {processor.py:183} INFO - Processing /opt/airflow/dags/inegi_scraper_dag.py took 0.239 seconds
[2026-05-28T07:39:03.175+0000] {processor.py:161} INFO - Started process (PID=1357) to work on /opt/airflow/dags/inegi_scraper_dag.py
[2026-05-28T07:39:03.178+0000] {processor.py:830} INFO - Processing file /opt/airflow/dags/inegi_scraper_dag.py for tasks to queue
[2026-05-28T07:39:03.182+0000] {logging_mixin.py:188} INFO - [2026-05-28T07:39:03.181+0000] {dagbag.py:540} INFO - Filling up the DagBag from /opt/airflow/dags/inegi_scraper_dag.py
[2026-05-28T07:39:03.217+0000] {processor.py:840} INFO - DAG(s) 'inegi_scraper' retrieved from /opt/airflow/dags/inegi_scraper_dag.py
[2026-05-28T07:39:03.293+0000] {logging_mixin.py:188} INFO - [2026-05-28T07:39:03.292+0000] {dag.py:3047} INFO - Sync 1 DAGs
[2026-05-28T07:39:03.352+0000] {logging_mixin.py:188} INFO - [2026-05-28T07:39:03.352+0000] {dag.py:3834} INFO - Setting next_dagrun for inegi_scraper to 2026-05-28 00:00:00+00:00, run_after=2026-05-29 00:00:00+00:00
[2026-05-28T07:39:03.493+0000] {processor.py:183} INFO - Processing /opt/airflow/dags/inegi_scraper_dag.py took 0.328 seconds
[2026-05-28T07:39:34.300+0000] {processor.py:161} INFO - Started process (PID=1387) to work on /opt/airflow/dags/inegi_scraper_dag.py
[2026-05-28T07:39:34.303+0000] {processor.py:830} INFO - Processing file /opt/airflow/dags/inegi_scraper_dag.py for tasks to queue
[2026-05-28T07:39:34.306+0000] {logging_mixin.py:188} INFO - [2026-05-28T07:39:34.305+0000] {dagbag.py:540} INFO - Filling up the DagBag from /opt/airflow/dags/inegi_scraper_dag.py
[2026-05-28T07:39:34.342+0000] {processor.py:840} INFO - DAG(s) 'inegi_scraper' retrieved from /opt/airflow/dags/inegi_scraper_dag.py
[2026-05-28T07:39:34.414+0000] {logging_mixin.py:188} INFO - [2026-05-28T07:39:34.413+0000] {dag.py:3047} INFO - Sync 1 DAGs
[2026-05-28T07:39:34.475+0000] {logging_mixin.py:188} INFO - [2026-05-28T07:39:34.474+0000] {dag.py:3834} INFO - Setting next_dagrun for inegi_scraper to 2026-05-28 00:00:00+00:00, run_after=2026-05-29 00:00:00+00:00
[2026-05-28T07:39:34.533+0000] {processor.py:183} INFO - Processing /opt/airflow/dags/inegi_scraper_dag.py took 0.244 seconds
[2026-05-28T07:40:04.880+0000] {processor.py:161} INFO - Started process (PID=1417) to work on /opt/airflow/dags/inegi_scraper_dag.py
[2026-05-28T07:40:04.883+0000] {processor.py:830} INFO - Processing file /opt/airflow/dags/inegi_scraper_dag.py for tasks to queue
[2026-05-28T07:40:04.886+0000] {logging_mixin.py:188} INFO - [2026-05-28T07:40:04.885+0000] {dagbag.py:540} INFO - Filling up the DagBag from /opt/airflow/dags/inegi_scraper_dag.py
[2026-05-28T07:40:04.926+0000] {processor.py:840} INFO - DAG(s) 'inegi_scraper' retrieved from /opt/airflow/dags/inegi_scraper_dag.py
[2026-05-28T07:40:05.000+0000] {logging_mixin.py:188} INFO - [2026-05-28T07:40:04.999+0000] {dag.py:3047} INFO - Sync 1 DAGs
[2026-05-28T07:40:05.059+0000] {logging_mixin.py:188} INFO - [2026-05-28T07:40:05.058+0000] {dag.py:3834} INFO - Setting next_dagrun for inegi_scraper to 2026-05-28 00:00:00+00:00, run_after=2026-05-29 00:00:00+00:00
[2026-05-28T07:40:05.123+0000] {processor.py:183} INFO - Processing /opt/airflow/dags/inegi_scraper_dag.py took 0.254 seconds
[2026-05-28T07:40:36.061+0000] {processor.py:161} INFO - Started process (PID=1447) to work on /opt/airflow/dags/inegi_scraper_dag.py
[2026-05-28T07:40:36.067+0000] {processor.py:830} INFO - Processing file /opt/airflow/dags/inegi_scraper_dag.py for tasks to queue
[2026-05-28T07:40:36.070+0000] {logging_mixin.py:188} INFO - [2026-05-28T07:40:36.069+0000] {dagbag.py:540} INFO - Filling up the DagBag from /opt/airflow/dags/inegi_scraper_dag.py
[2026-05-28T07:40:36.141+0000] {processor.py:840} INFO - DAG(s) 'inegi_scraper' retrieved from /opt/airflow/dags/inegi_scraper_dag.py
[2026-05-28T07:40:36.285+0000] {logging_mixin.py:188} INFO - [2026-05-28T07:40:36.284+0000] {dag.py:3047} INFO - Sync 1 DAGs
[2026-05-28T07:40:36.343+0000] {logging_mixin.py:188} INFO - [2026-05-28T07:40:36.342+0000] {dag.py:3834} INFO - Setting next_dagrun for inegi_scraper to 2026-05-28 00:00:00+00:00, run_after=2026-05-29 00:00:00+00:00
[2026-05-28T07:40:36.395+0000] {processor.py:183} INFO - Processing /opt/airflow/dags/inegi_scraper_dag.py took 0.353 seconds
[2026-05-28T07:41:06.989+0000] {processor.py:161} INFO - Started process (PID=1477) to work on /opt/airflow/dags/inegi_scraper_dag.py
[2026-05-28T07:41:06.992+0000] {processor.py:830} INFO - Processing file /opt/airflow/dags/inegi_scraper_dag.py for tasks to queue
[2026-05-28T07:41:06.995+0000] {logging_mixin.py:188} INFO - [2026-05-28T07:41:06.995+0000] {dagbag.py:540} INFO - Filling up the DagBag from /opt/airflow/dags/inegi_scraper_dag.py
[2026-05-28T07:41:07.032+0000] {processor.py:840} INFO - DAG(s) 'inegi_scraper' retrieved from /opt/airflow/dags/inegi_scraper_dag.py
[2026-05-28T07:41:07.103+0000] {logging_mixin.py:188} INFO - [2026-05-28T07:41:07.102+0000] {dag.py:3047} INFO - Sync 1 DAGs
[2026-05-28T07:41:07.241+0000] {logging_mixin.py:188} INFO - [2026-05-28T07:41:07.240+0000] {dag.py:3834} INFO - Setting next_dagrun for inegi_scraper to 2026-05-28 00:00:00+00:00, run_after=2026-05-29 00:00:00+00:00
[2026-05-28T07:41:07.638+0000] {processor.py:183} INFO - Processing /opt/airflow/dags/inegi_scraper_dag.py took 0.648 seconds
[2026-05-28T07:41:47.240+0000] {processor.py:161} INFO - Started process (PID=1507) to work on /opt/airflow/dags/inegi_scraper_dag.py
[2026-05-28T07:41:47.292+0000] {processor.py:830} INFO - Processing file /opt/airflow/dags/inegi_scraper_dag.py for tasks to queue
[2026-05-28T07:41:47.308+0000] {logging_mixin.py:188} INFO - [2026-05-28T07:41:47.307+0000] {dagbag.py:540} INFO - Filling up the DagBag from /opt/airflow/dags/inegi_scraper_dag.py
[2026-05-28T07:41:51.561+0000] {processor.py:840} INFO - DAG(s) 'inegi_scraper' retrieved from /opt/airflow/dags/inegi_scraper_dag.py
[2026-05-28T07:41:51.748+0000] {logging_mixin.py:188} INFO - [2026-05-28T07:41:51.747+0000] {dag.py:3047} INFO - Sync 1 DAGs
[2026-05-28T07:41:52.140+0000] {logging_mixin.py:188} INFO - [2026-05-28T07:41:52.129+0000] {dag.py:3834} INFO - Setting next_dagrun for inegi_scraper to 2026-05-28 00:00:00+00:00, run_after=2026-05-29 00:00:00+00:00
[2026-05-28T07:41:52.354+0000] {processor.py:183} INFO - Processing /opt/airflow/dags/inegi_scraper_dag.py took 5.135 seconds
[2026-05-28T07:42:22.928+0000] {processor.py:161} INFO - Started process (PID=1537) to work on /opt/airflow/dags/inegi_scraper_dag.py
[2026-05-28T07:42:22.931+0000] {processor.py:830} INFO - Processing file /opt/airflow/dags/inegi_scraper_dag.py for tasks to queue
[2026-05-28T07:42:22.935+0000] {logging_mixin.py:188} INFO - [2026-05-28T07:42:22.934+0000] {dagbag.py:540} INFO - Filling up the DagBag from /opt/airflow/dags/inegi_scraper_dag.py
[2026-05-28T07:42:22.977+0000] {processor.py:840} INFO - DAG(s) 'inegi_scraper' retrieved from /opt/airflow/dags/inegi_scraper_dag.py
[2026-05-28T07:42:23.070+0000] {logging_mixin.py:188} INFO - [2026-05-28T07:42:23.069+0000] {dag.py:3047} INFO - Sync 1 DAGs
[2026-05-28T07:42:23.137+0000] {logging_mixin.py:188} INFO - [2026-05-28T07:42:23.136+0000] {dag.py:3834} INFO - Setting next_dagrun for inegi_scraper to 2026-05-28 00:00:00+00:00, run_after=2026-05-29 00:00:00+00:00
[2026-05-28T07:42:23.192+0000] {processor.py:183} INFO - Processing /opt/airflow/dags/inegi_scraper_dag.py took 0.276 seconds
[2026-05-28T07:42:53.900+0000] {processor.py:161} INFO - Started process (PID=1567) to work on /opt/airflow/dags/inegi_scraper_dag.py
[2026-05-28T07:42:53.903+0000] {processor.py:830} INFO - Processing file /opt/airflow/dags/inegi_scraper_dag.py for tasks to queue
[2026-05-28T07:42:53.908+0000] {logging_mixin.py:188} INFO - [2026-05-28T07:42:53.906+0000] {dagbag.py:540} INFO - Filling up the DagBag from /opt/airflow/dags/inegi_scraper_dag.py
[2026-05-28T07:42:53.946+0000] {processor.py:840} INFO - DAG(s) 'inegi_scraper' retrieved from /opt/airflow/dags/inegi_scraper_dag.py
[2026-05-28T07:42:54.030+0000] {logging_mixin.py:188} INFO - [2026-05-28T07:42:54.029+0000] {dag.py:3047} INFO - Sync 1 DAGs
[2026-05-28T07:42:54.092+0000] {logging_mixin.py:188} INFO - [2026-05-28T07:42:54.091+0000] {dag.py:3834} INFO - Setting next_dagrun for inegi_scraper to 2026-05-28 00:00:00+00:00, run_after=2026-05-29 00:00:00+00:00
[2026-05-28T07:42:54.143+0000] {processor.py:183} INFO - Processing /opt/airflow/dags/inegi_scraper_dag.py took 0.252 seconds
[2026-05-28T07:43:24.649+0000] {processor.py:161} INFO - Started process (PID=1597) to work on /opt/airflow/dags/inegi_scraper_dag.py
[2026-05-28T07:43:24.652+0000] {processor.py:830} INFO - Processing file /opt/airflow/dags/inegi_scraper_dag.py for tasks to queue
[2026-05-28T07:43:24.655+0000] {logging_mixin.py:188} INFO - [2026-05-28T07:43:24.654+0000] {dagbag.py:540} INFO - Filling up the DagBag from /opt/airflow/dags/inegi_scraper_dag.py
[2026-05-28T07:43:24.695+0000] {processor.py:840} INFO - DAG(s) 'inegi_scraper' retrieved from /opt/airflow/dags/inegi_scraper_dag.py
[2026-05-28T07:43:24.770+0000] {logging_mixin.py:188} INFO - [2026-05-28T07:43:24.770+0000] {dag.py:3047} INFO - Sync 1 DAGs
[2026-05-28T07:43:24.836+0000] {logging_mixin.py:188} INFO - [2026-05-28T07:43:24.836+0000] {dag.py:3834} INFO - Setting next_dagrun for inegi_scraper to 2026-05-28 00:00:00+00:00, run_after=2026-05-29 00:00:00+00:00
[2026-05-28T07:43:24.894+0000] {processor.py:183} INFO - Processing /opt/airflow/dags/inegi_scraper_dag.py took 0.257 seconds
[2026-05-28T07:43:56.252+0000] {processor.py:161} INFO - Started process (PID=1627) to work on /opt/airflow/dags/inegi_scraper_dag.py
[2026-05-28T07:43:56.265+0000] {processor.py:830} INFO - Processing file /opt/airflow/dags/inegi_scraper_dag.py for tasks to queue
[2026-05-28T07:43:56.283+0000] {logging_mixin.py:188} INFO - [2026-05-28T07:43:56.282+0000] {dagbag.py:540} INFO - Filling up the DagBag from /opt/airflow/dags/inegi_scraper_dag.py
[2026-05-28T07:43:56.476+0000] {processor.py:840} INFO - DAG(s) 'inegi_scraper' retrieved from /opt/airflow/dags/inegi_scraper_dag.py
[2026-05-28T07:43:56.546+0000] {logging_mixin.py:188} INFO - [2026-05-28T07:43:56.546+0000] {dag.py:3047} INFO - Sync 1 DAGs
[2026-05-28T07:43:56.620+0000] {logging_mixin.py:188} INFO - [2026-05-28T07:43:56.619+0000] {dag.py:3834} INFO - Setting next_dagrun for inegi_scraper to 2026-05-28 00:00:00+00:00, run_after=2026-05-29 00:00:00+00:00
[2026-05-28T07:43:56.702+0000] {processor.py:183} INFO - Processing /opt/airflow/dags/inegi_scraper_dag.py took 0.468 seconds
[2026-05-28T07:44:26.977+0000] {processor.py:161} INFO - Started process (PID=1657) to work on /opt/airflow/dags/inegi_scraper_dag.py
[2026-05-28T07:44:26.983+0000] {processor.py:830} INFO - Processing file /opt/airflow/dags/inegi_scraper_dag.py for tasks to queue
[2026-05-28T07:44:26.986+0000] {logging_mixin.py:188} INFO - [2026-05-28T07:44:26.985+0000] {dagbag.py:540} INFO - Filling up the DagBag from /opt/airflow/dags/inegi_scraper_dag.py
[2026-05-28T07:44:27.032+0000] {processor.py:840} INFO - DAG(s) 'inegi_scraper' retrieved from /opt/airflow/dags/inegi_scraper_dag.py
[2026-05-28T07:44:27.128+0000] {logging_mixin.py:188} INFO - [2026-05-28T07:44:27.127+0000] {dag.py:3047} INFO - Sync 1 DAGs
[2026-05-28T07:44:27.194+0000] {logging_mixin.py:188} INFO - [2026-05-28T07:44:27.193+0000] {dag.py:3834} INFO - Setting next_dagrun for inegi_scraper to 2026-05-28 00:00:00+00:00, run_after=2026-05-29 00:00:00+00:00
[2026-05-28T07:44:27.248+0000] {processor.py:183} INFO - Processing /opt/airflow/dags/inegi_scraper_dag.py took 0.286 seconds
[2026-05-28T07:44:58.370+0000] {processor.py:161} INFO - Started process (PID=1687) to work on /opt/airflow/dags/inegi_scraper_dag.py
[2026-05-28T07:44:58.385+0000] {processor.py:830} INFO - Processing file /opt/airflow/dags/inegi_scraper_dag.py for tasks to queue
[2026-05-28T07:44:58.397+0000] {logging_mixin.py:188} INFO - [2026-05-28T07:44:58.395+0000] {dagbag.py:540} INFO - Filling up the DagBag from /opt/airflow/dags/inegi_scraper_dag.py
[2026-05-28T07:44:58.536+0000] {processor.py:840} INFO - DAG(s) 'inegi_scraper' retrieved from /opt/airflow/dags/inegi_scraper_dag.py
[2026-05-28T07:44:58.610+0000] {logging_mixin.py:188} INFO - [2026-05-28T07:44:58.609+0000] {dag.py:3047} INFO - Sync 1 DAGs
[2026-05-28T07:44:58.675+0000] {logging_mixin.py:188} INFO - [2026-05-28T07:44:58.674+0000] {dag.py:3834} INFO - Setting next_dagrun for inegi_scraper to 2026-05-28 00:00:00+00:00, run_after=2026-05-29 00:00:00+00:00
[2026-05-28T07:44:58.724+0000] {processor.py:183} INFO - Processing /opt/airflow/dags/inegi_scraper_dag.py took 0.373 seconds
[2026-05-28T07:45:29.225+0000] {processor.py:161} INFO - Started process (PID=1717) to work on /opt/airflow/dags/inegi_scraper_dag.py
[2026-05-28T07:45:29.228+0000] {processor.py:830} INFO - Processing file /opt/airflow/dags/inegi_scraper_dag.py for tasks to queue
[2026-05-28T07:45:29.232+0000] {logging_mixin.py:188} INFO - [2026-05-28T07:45:29.231+0000] {dagbag.py:540} INFO - Filling up the DagBag from /opt/airflow/dags/inegi_scraper_dag.py
[2026-05-28T07:45:29.271+0000] {processor.py:840} INFO - DAG(s) 'inegi_scraper' retrieved from /opt/airflow/dags/inegi_scraper_dag.py
[2026-05-28T07:45:29.345+0000] {logging_mixin.py:188} INFO - [2026-05-28T07:45:29.345+0000] {dag.py:3047} INFO - Sync 1 DAGs
[2026-05-28T07:45:29.417+0000] {logging_mixin.py:188} INFO - [2026-05-28T07:45:29.416+0000] {dag.py:3834} INFO - Setting next_dagrun for inegi_scraper to 2026-05-28 00:00:00+00:00, run_after=2026-05-29 00:00:00+00:00
[2026-05-28T07:45:29.511+0000] {processor.py:183} INFO - Processing /opt/airflow/dags/inegi_scraper_dag.py took 0.296 seconds
[2026-05-28T07:46:00.515+0000] {processor.py:161} INFO - Started process (PID=1747) to work on /opt/airflow/dags/inegi_scraper_dag.py
[2026-05-28T07:46:00.518+0000] {processor.py:830} INFO - Processing file /opt/airflow/dags/inegi_scraper_dag.py for tasks to queue
[2026-05-28T07:46:00.524+0000] {logging_mixin.py:188} INFO - [2026-05-28T07:46:00.521+0000] {dagbag.py:540} INFO - Filling up the DagBag from /opt/airflow/dags/inegi_scraper_dag.py
[2026-05-28T07:46:00.591+0000] {processor.py:840} INFO - DAG(s) 'inegi_scraper' retrieved from /opt/airflow/dags/inegi_scraper_dag.py
[2026-05-28T07:46:01.027+0000] {logging_mixin.py:188} INFO - [2026-05-28T07:46:01.025+0000] {dag.py:3047} INFO - Sync 1 DAGs
[2026-05-28T07:46:01.428+0000] {logging_mixin.py:188} INFO - [2026-05-28T07:46:01.427+0000] {dag.py:3834} INFO - Setting next_dagrun for inegi_scraper to 2026-05-28 00:00:00+00:00, run_after=2026-05-29 00:00:00+00:00
[2026-05-28T07:46:01.920+0000] {processor.py:183} INFO - Processing /opt/airflow/dags/inegi_scraper_dag.py took 1.421 seconds
[2026-05-28T07:46:33.131+0000] {processor.py:161} INFO - Started process (PID=1777) to work on /opt/airflow/dags/inegi_scraper_dag.py
[2026-05-28T07:46:33.134+0000] {processor.py:830} INFO - Processing file /opt/airflow/dags/inegi_scraper_dag.py for tasks to queue
[2026-05-28T07:46:33.137+0000] {logging_mixin.py:188} INFO - [2026-05-28T07:46:33.136+0000] {dagbag.py:540} INFO - Filling up the DagBag from /opt/airflow/dags/inegi_scraper_dag.py
[2026-05-28T07:46:33.183+0000] {processor.py:840} INFO - DAG(s) 'inegi_scraper' retrieved from /opt/airflow/dags/inegi_scraper_dag.py
[2026-05-28T07:46:33.255+0000] {logging_mixin.py:188} INFO - [2026-05-28T07:46:33.254+0000] {dag.py:3047} INFO - Sync 1 DAGs
[2026-05-28T07:46:33.322+0000] {logging_mixin.py:188} INFO - [2026-05-28T07:46:33.321+0000] {dag.py:3834} INFO - Setting next_dagrun for inegi_scraper to 2026-05-28 00:00:00+00:00, run_after=2026-05-29 00:00:00+00:00
[2026-05-28T07:46:33.377+0000] {processor.py:183} INFO - Processing /opt/airflow/dags/inegi_scraper_dag.py took 0.258 seconds
[2026-05-28T07:47:04.154+0000] {processor.py:161} INFO - Started process (PID=1807) to work on /opt/airflow/dags/inegi_scraper_dag.py
[2026-05-28T07:47:04.157+0000] {processor.py:830} INFO - Processing file /opt/airflow/dags/inegi_scraper_dag.py for tasks to queue
[2026-05-28T07:47:04.166+0000] {logging_mixin.py:188} INFO - [2026-05-28T07:47:04.159+0000] {dagbag.py:540} INFO - Filling up the DagBag from /opt/airflow/dags/inegi_scraper_dag.py
[2026-05-28T07:47:04.218+0000] {processor.py:840} INFO - DAG(s) 'inegi_scraper' retrieved from /opt/airflow/dags/inegi_scraper_dag.py
[2026-05-28T07:47:04.305+0000] {logging_mixin.py:188} INFO - [2026-05-28T07:47:04.305+0000] {dag.py:3047} INFO - Sync 1 DAGs
[2026-05-28T07:47:04.370+0000] {logging_mixin.py:188} INFO - [2026-05-28T07:47:04.369+0000] {dag.py:3834} INFO - Setting next_dagrun for inegi_scraper to 2026-05-28 00:00:00+00:00, run_after=2026-05-29 00:00:00+00:00
[2026-05-28T07:47:04.440+0000] {processor.py:183} INFO - Processing /opt/airflow/dags/inegi_scraper_dag.py took 0.305 seconds
[2026-05-28T07:47:35.028+0000] {processor.py:161} INFO - Started process (PID=1837) to work on /opt/airflow/dags/inegi_scraper_dag.py
[2026-05-28T07:47:35.032+0000] {processor.py:830} INFO - Processing file /opt/airflow/dags/inegi_scraper_dag.py for tasks to queue
[2026-05-28T07:47:35.036+0000] {logging_mixin.py:188} INFO - [2026-05-28T07:47:35.035+0000] {dagbag.py:540} INFO - Filling up the DagBag from /opt/airflow/dags/inegi_scraper_dag.py
[2026-05-28T07:47:35.081+0000] {processor.py:840} INFO - DAG(s) 'inegi_scraper' retrieved from /opt/airflow/dags/inegi_scraper_dag.py
[2026-05-28T07:47:35.178+0000] {logging_mixin.py:188} INFO - [2026-05-28T07:47:35.178+0000] {dag.py:3047} INFO - Sync 1 DAGs
[2026-05-28T07:47:35.242+0000] {logging_mixin.py:188} INFO - [2026-05-28T07:47:35.242+0000] {dag.py:3834} INFO - Setting next_dagrun for inegi_scraper to 2026-05-28 00:00:00+00:00, run_after=2026-05-29 00:00:00+00:00
[2026-05-28T07:47:35.300+0000] {processor.py:183} INFO - Processing /opt/airflow/dags/inegi_scraper_dag.py took 0.284 seconds
[2026-05-28T07:48:05.575+0000] {processor.py:161} INFO - Started process (PID=1867) to work on /opt/airflow/dags/inegi_scraper_dag.py
[2026-05-28T07:48:05.582+0000] {processor.py:830} INFO - Processing file /opt/airflow/dags/inegi_scraper_dag.py for tasks to queue
[2026-05-28T07:48:05.588+0000] {logging_mixin.py:188} INFO - [2026-05-28T07:48:05.587+0000] {dagbag.py:540} INFO - Filling up the DagBag from /opt/airflow/dags/inegi_scraper_dag.py
[2026-05-28T07:48:05.638+0000] {processor.py:840} INFO - DAG(s) 'inegi_scraper' retrieved from /opt/airflow/dags/inegi_scraper_dag.py
[2026-05-28T07:48:05.733+0000] {logging_mixin.py:188} INFO - [2026-05-28T07:48:05.733+0000] {dag.py:3047} INFO - Sync 1 DAGs
[2026-05-28T07:48:05.805+0000] {logging_mixin.py:188} INFO - [2026-05-28T07:48:05.804+0000] {dag.py:3834} INFO - Setting next_dagrun for inegi_scraper to 2026-05-28 00:00:00+00:00, run_after=2026-05-29 00:00:00+00:00
[2026-05-28T07:48:05.866+0000] {processor.py:183} INFO - Processing /opt/airflow/dags/inegi_scraper_dag.py took 0.302 seconds
[2026-05-28T07:48:36.845+0000] {processor.py:161} INFO - Started process (PID=1897) to work on /opt/airflow/dags/inegi_scraper_dag.py
[2026-05-28T07:48:36.848+0000] {processor.py:830} INFO - Processing file /opt/airflow/dags/inegi_scraper_dag.py for tasks to queue
[2026-05-28T07:48:36.851+0000] {logging_mixin.py:188} INFO - [2026-05-28T07:48:36.850+0000] {dagbag.py:540} INFO - Filling up the DagBag from /opt/airflow/dags/inegi_scraper_dag.py
[2026-05-28T07:48:36.900+0000] {processor.py:840} INFO - DAG(s) 'inegi_scraper' retrieved from /opt/airflow/dags/inegi_scraper_dag.py
[2026-05-28T07:48:37.012+0000] {logging_mixin.py:188} INFO - [2026-05-28T07:48:37.012+0000] {dag.py:3047} INFO - Sync 1 DAGs
[2026-05-28T07:48:37.080+0000] {logging_mixin.py:188} INFO - [2026-05-28T07:48:37.078+0000] {dag.py:3834} INFO - Setting next_dagrun for inegi_scraper to 2026-05-28 00:00:00+00:00, run_after=2026-05-29 00:00:00+00:00
[2026-05-28T07:48:37.135+0000] {processor.py:183} INFO - Processing /opt/airflow/dags/inegi_scraper_dag.py took 0.300 seconds
[2026-05-28T07:49:08.639+0000] {processor.py:161} INFO - Started process (PID=1927) to work on /opt/airflow/dags/inegi_scraper_dag.py
[2026-05-28T07:49:08.658+0000] {processor.py:830} INFO - Processing file /opt/airflow/dags/inegi_scraper_dag.py for tasks to queue
[2026-05-28T07:49:08.664+0000] {logging_mixin.py:188} INFO - [2026-05-28T07:49:08.663+0000] {dagbag.py:540} INFO - Filling up the DagBag from /opt/airflow/dags/inegi_scraper_dag.py
[2026-05-28T07:49:08.781+0000] {processor.py:840} INFO - DAG(s) 'inegi_scraper' retrieved from /opt/airflow/dags/inegi_scraper_dag.py
[2026-05-28T07:49:08.996+0000] {logging_mixin.py:188} INFO - [2026-05-28T07:49:08.995+0000] {dag.py:3047} INFO - Sync 1 DAGs
[2026-05-28T07:49:09.071+0000] {logging_mixin.py:188} INFO - [2026-05-28T07:49:09.070+0000] {dag.py:3834} INFO - Setting next_dagrun for inegi_scraper to 2026-05-28 00:00:00+00:00, run_after=2026-05-29 00:00:00+00:00
[2026-05-28T07:49:09.130+0000] {processor.py:183} INFO - Processing /opt/airflow/dags/inegi_scraper_dag.py took 0.533 seconds
[2026-05-28T07:49:39.565+0000] {processor.py:161} INFO - Started process (PID=1957) to work on /opt/airflow/dags/inegi_scraper_dag.py
[2026-05-28T07:49:39.569+0000] {processor.py:830} INFO - Processing file /opt/airflow/dags/inegi_scraper_dag.py for tasks to queue
[2026-05-28T07:49:39.572+0000] {logging_mixin.py:188} INFO - [2026-05-28T07:49:39.571+0000] {dagbag.py:540} INFO - Filling up the DagBag from /opt/airflow/dags/inegi_scraper_dag.py
[2026-05-28T07:49:39.614+0000] {processor.py:840} INFO - DAG(s) 'inegi_scraper' retrieved from /opt/airflow/dags/inegi_scraper_dag.py
[2026-05-28T07:49:39.705+0000] {logging_mixin.py:188} INFO - [2026-05-28T07:49:39.705+0000] {dag.py:3047} INFO - Sync 1 DAGs
[2026-05-28T07:49:39.873+0000] {logging_mixin.py:188} INFO - [2026-05-28T07:49:39.872+0000] {dag.py:3834} INFO - Setting next_dagrun for inegi_scraper to 2026-05-28 00:00:00+00:00, run_after=2026-05-29 00:00:00+00:00
[2026-05-28T07:49:40.216+0000] {processor.py:183} INFO - Processing /opt/airflow/dags/inegi_scraper_dag.py took 0.664 seconds
[2026-05-28T07:50:12.351+0000] {processor.py:161} INFO - Started process (PID=1987) to work on /opt/airflow/dags/inegi_scraper_dag.py
[2026-05-28T07:50:12.435+0000] {processor.py:830} INFO - Processing file /opt/airflow/dags/inegi_scraper_dag.py for tasks to queue
[2026-05-28T07:50:12.486+0000] {logging_mixin.py:188} INFO - [2026-05-28T07:50:12.485+0000] {dagbag.py:540} INFO - Filling up the DagBag from /opt/airflow/dags/inegi_scraper_dag.py
[2026-05-28T07:50:14.330+0000] {processor.py:840} INFO - DAG(s) 'inegi_scraper' retrieved from /opt/airflow/dags/inegi_scraper_dag.py
[2026-05-28T07:50:14.703+0000] {logging_mixin.py:188} INFO - [2026-05-28T07:50:14.702+0000] {dag.py:3047} INFO - Sync 1 DAGs
[2026-05-28T07:50:14.980+0000] {logging_mixin.py:188} INFO - [2026-05-28T07:50:14.967+0000] {dag.py:3834} INFO - Setting next_dagrun for inegi_scraper to 2026-05-28 00:00:00+00:00, run_after=2026-05-29 00:00:00+00:00
[2026-05-28T07:50:15.186+0000] {processor.py:183} INFO - Processing /opt/airflow/dags/inegi_scraper_dag.py took 2.866 seconds
[2026-05-28T07:50:49.352+0000] {processor.py:161} INFO - Started process (PID=2017) to work on /opt/airflow/dags/inegi_scraper_dag.py
[2026-05-28T07:50:49.408+0000] {processor.py:830} INFO - Processing file /opt/airflow/dags/inegi_scraper_dag.py for tasks to queue
[2026-05-28T07:50:49.469+0000] {logging_mixin.py:188} INFO - [2026-05-28T07:50:49.468+0000] {dagbag.py:540} INFO - Filling up the DagBag from /opt/airflow/dags/inegi_scraper_dag.py
[2026-05-28T07:50:50.802+0000] {processor.py:840} INFO - DAG(s) 'inegi_scraper' retrieved from /opt/airflow/dags/inegi_scraper_dag.py
[2026-05-28T07:50:51.014+0000] {logging_mixin.py:188} INFO - [2026-05-28T07:50:51.013+0000] {dag.py:3047} INFO - Sync 1 DAGs
[2026-05-28T07:50:51.193+0000] {logging_mixin.py:188} INFO - [2026-05-28T07:50:51.191+0000] {dag.py:3834} INFO - Setting next_dagrun for inegi_scraper to 2026-05-28 00:00:00+00:00, run_after=2026-05-29 00:00:00+00:00
[2026-05-28T07:50:51.627+0000] {processor.py:183} INFO - Processing /opt/airflow/dags/inegi_scraper_dag.py took 2.285 seconds
[2026-05-28T07:51:23.252+0000] {processor.py:161} INFO - Started process (PID=2047) to work on /opt/airflow/dags/inegi_scraper_dag.py
[2026-05-28T07:51:23.265+0000] {processor.py:830} INFO - Processing file /opt/airflow/dags/inegi_scraper_dag.py for tasks to queue
[2026-05-28T07:51:23.268+0000] {logging_mixin.py:188} INFO - [2026-05-28T07:51:23.267+0000] {dagbag.py:540} INFO - Filling up the DagBag from /opt/airflow/dags/inegi_scraper_dag.py
[2026-05-28T07:51:25.203+0000] {processor.py:840} INFO - DAG(s) 'inegi_scraper' retrieved from /opt/airflow/dags/inegi_scraper_dag.py
[2026-05-28T07:51:25.385+0000] {logging_mixin.py:188} INFO - [2026-05-28T07:51:25.385+0000] {dag.py:3047} INFO - Sync 1 DAGs
[2026-05-28T07:51:25.607+0000] {logging_mixin.py:188} INFO - [2026-05-28T07:51:25.606+0000] {dag.py:3834} INFO - Setting next_dagrun for inegi_scraper to 2026-05-28 00:00:00+00:00, run_after=2026-05-29 00:00:00+00:00
[2026-05-28T07:51:25.808+0000] {processor.py:183} INFO - Processing /opt/airflow/dags/inegi_scraper_dag.py took 2.567 seconds
[2026-05-28T07:51:56.483+0000] {processor.py:161} INFO - Started process (PID=2077) to work on /opt/airflow/dags/inegi_scraper_dag.py
[2026-05-28T07:51:56.488+0000] {processor.py:830} INFO - Processing file /opt/airflow/dags/inegi_scraper_dag.py for tasks to queue
[2026-05-28T07:51:56.491+0000] {logging_mixin.py:188} INFO - [2026-05-28T07:51:56.490+0000] {dagbag.py:540} INFO - Filling up the DagBag from /opt/airflow/dags/inegi_scraper_dag.py
[2026-05-28T07:51:56.534+0000] {processor.py:840} INFO - DAG(s) 'inegi_scraper' retrieved from /opt/airflow/dags/inegi_scraper_dag.py
[2026-05-28T07:51:56.666+0000] {logging_mixin.py:188} INFO - [2026-05-28T07:51:56.666+0000] {dag.py:3047} INFO - Sync 1 DAGs
[2026-05-28T07:51:56.864+0000] {logging_mixin.py:188} INFO - [2026-05-28T07:51:56.863+0000] {dag.py:3834} INFO - Setting next_dagrun for inegi_scraper to 2026-05-28 00:00:00+00:00, run_after=2026-05-29 00:00:00+00:00
[2026-05-28T07:51:56.953+0000] {processor.py:183} INFO - Processing /opt/airflow/dags/inegi_scraper_dag.py took 0.482 seconds
[2026-05-28T07:52:28.186+0000] {processor.py:161} INFO - Started process (PID=2107) to work on /opt/airflow/dags/inegi_scraper_dag.py
[2026-05-28T07:52:28.189+0000] {processor.py:830} INFO - Processing file /opt/airflow/dags/inegi_scraper_dag.py for tasks to queue
[2026-05-28T07:52:28.193+0000] {logging_mixin.py:188} INFO - [2026-05-28T07:52:28.192+0000] {dagbag.py:540} INFO - Filling up the DagBag from /opt/airflow/dags/inegi_scraper_dag.py
[2026-05-28T07:52:28.236+0000] {processor.py:840} INFO - DAG(s) 'inegi_scraper' retrieved from /opt/airflow/dags/inegi_scraper_dag.py
[2026-05-28T07:52:28.311+0000] {logging_mixin.py:188} INFO - [2026-05-28T07:52:28.308+0000] {dag.py:3047} INFO - Sync 1 DAGs
[2026-05-28T07:52:28.384+0000] {logging_mixin.py:188} INFO - [2026-05-28T07:52:28.383+0000] {dag.py:3834} INFO - Setting next_dagrun for inegi_scraper to 2026-05-28 00:00:00+00:00, run_after=2026-05-29 00:00:00+00:00
[2026-05-28T07:52:28.435+0000] {processor.py:183} INFO - Processing /opt/airflow/dags/inegi_scraper_dag.py took 0.268 seconds
[2026-05-28T07:53:00.317+0000] {processor.py:161} INFO - Started process (PID=2137) to work on /opt/airflow/dags/inegi_scraper_dag.py
[2026-05-28T07:53:00.321+0000] {processor.py:830} INFO - Processing file /opt/airflow/dags/inegi_scraper_dag.py for tasks to queue
[2026-05-28T07:53:00.334+0000] {logging_mixin.py:188} INFO - [2026-05-28T07:53:00.333+0000] {dagbag.py:540} INFO - Filling up the DagBag from /opt/airflow/dags/inegi_scraper_dag.py
[2026-05-28T07:53:00.539+0000] {processor.py:840} INFO - DAG(s) 'inegi_scraper' retrieved from /opt/airflow/dags/inegi_scraper_dag.py
[2026-05-28T07:53:00.768+0000] {logging_mixin.py:188} INFO - [2026-05-28T07:53:00.767+0000] {dag.py:3047} INFO - Sync 1 DAGs
[2026-05-28T07:53:00.974+0000] {logging_mixin.py:188} INFO - [2026-05-28T07:53:00.973+0000] {dag.py:3834} INFO - Setting next_dagrun for inegi_scraper to 2026-05-28 00:00:00+00:00, run_after=2026-05-29 00:00:00+00:00
[2026-05-28T07:53:01.210+0000] {processor.py:183} INFO - Processing /opt/airflow/dags/inegi_scraper_dag.py took 0.913 seconds
[2026-05-28T07:53:37.466+0000] {processor.py:161} INFO - Started process (PID=2167) to work on /opt/airflow/dags/inegi_scraper_dag.py
[2026-05-28T07:53:37.510+0000] {processor.py:830} INFO - Processing file /opt/airflow/dags/inegi_scraper_dag.py for tasks to queue
[2026-05-28T07:53:37.602+0000] {logging_mixin.py:188} INFO - [2026-05-28T07:53:37.601+0000] {dagbag.py:540} INFO - Filling up the DagBag from /opt/airflow/dags/inegi_scraper_dag.py
[2026-05-28T07:53:39.350+0000] {processor.py:840} INFO - DAG(s) 'inegi_scraper' retrieved from /opt/airflow/dags/inegi_scraper_dag.py
[2026-05-28T07:53:40.114+0000] {logging_mixin.py:188} INFO - [2026-05-28T07:53:40.085+0000] {dag.py:3047} INFO - Sync 1 DAGs
[2026-05-28T07:53:40.516+0000] {logging_mixin.py:188} INFO - [2026-05-28T07:53:40.504+0000] {dag.py:3834} INFO - Setting next_dagrun for inegi_scraper to 2026-05-28 00:00:00+00:00, run_after=2026-05-29 00:00:00+00:00
[2026-05-28T07:53:40.767+0000] {processor.py:183} INFO - Processing /opt/airflow/dags/inegi_scraper_dag.py took 3.350 seconds
[2026-05-28T07:54:11.903+0000] {processor.py:161} INFO - Started process (PID=2197) to work on /opt/airflow/dags/inegi_scraper_dag.py
[2026-05-28T07:54:11.907+0000] {processor.py:830} INFO - Processing file /opt/airflow/dags/inegi_scraper_dag.py for tasks to queue
[2026-05-28T07:54:11.910+0000] {logging_mixin.py:188} INFO - [2026-05-28T07:54:11.909+0000] {dagbag.py:540} INFO - Filling up the DagBag from /opt/airflow/dags/inegi_scraper_dag.py
[2026-05-28T07:54:11.962+0000] {processor.py:840} INFO - DAG(s) 'inegi_scraper' retrieved from /opt/airflow/dags/inegi_scraper_dag.py
[2026-05-28T07:54:12.051+0000] {logging_mixin.py:188} INFO - [2026-05-28T07:54:12.051+0000] {dag.py:3047} INFO - Sync 1 DAGs
[2026-05-28T07:54:12.114+0000] {logging_mixin.py:188} INFO - [2026-05-28T07:54:12.113+0000] {dag.py:3834} INFO - Setting next_dagrun for inegi_scraper to 2026-05-28 00:00:00+00:00, run_after=2026-05-29 00:00:00+00:00
[2026-05-28T07:54:12.167+0000] {processor.py:183} INFO - Processing /opt/airflow/dags/inegi_scraper_dag.py took 0.280 seconds
[2026-05-28T07:54:42.732+0000] {processor.py:161} INFO - Started process (PID=2227) to work on /opt/airflow/dags/inegi_scraper_dag.py
[2026-05-28T07:54:42.735+0000] {processor.py:830} INFO - Processing file /opt/airflow/dags/inegi_scraper_dag.py for tasks to queue
[2026-05-28T07:54:42.738+0000] {logging_mixin.py:188} INFO - [2026-05-28T07:54:42.737+0000] {dagbag.py:540} INFO - Filling up the DagBag from /opt/airflow/dags/inegi_scraper_dag.py
[2026-05-28T07:54:42.790+0000] {processor.py:840} INFO - DAG(s) 'inegi_scraper' retrieved from /opt/airflow/dags/inegi_scraper_dag.py
[2026-05-28T07:54:42.876+0000] {logging_mixin.py:188} INFO - [2026-05-28T07:54:42.875+0000] {dag.py:3047} INFO - Sync 1 DAGs
[2026-05-28T07:54:42.945+0000] {logging_mixin.py:188} INFO - [2026-05-28T07:54:42.944+0000] {dag.py:3834} INFO - Setting next_dagrun for inegi_scraper to 2026-05-28 00:00:00+00:00, run_after=2026-05-29 00:00:00+00:00
[2026-05-28T07:54:42.999+0000] {processor.py:183} INFO - Processing /opt/airflow/dags/inegi_scraper_dag.py took 0.278 seconds
[2026-05-28T07:55:13.996+0000] {processor.py:161} INFO - Started process (PID=2257) to work on /opt/airflow/dags/inegi_scraper_dag.py
[2026-05-28T07:55:14.021+0000] {processor.py:830} INFO - Processing file /opt/airflow/dags/inegi_scraper_dag.py for tasks to queue
[2026-05-28T07:55:14.053+0000] {logging_mixin.py:188} INFO - [2026-05-28T07:55:14.052+0000] {dagbag.py:540} INFO - Filling up the DagBag from /opt/airflow/dags/inegi_scraper_dag.py
[2026-05-28T07:55:14.186+0000] {processor.py:840} INFO - DAG(s) 'inegi_scraper' retrieved from /opt/airflow/dags/inegi_scraper_dag.py
[2026-05-28T07:55:14.377+0000] {logging_mixin.py:188} INFO - [2026-05-28T07:55:14.377+0000] {dag.py:3047} INFO - Sync 1 DAGs
[2026-05-28T07:55:14.542+0000] {logging_mixin.py:188} INFO - [2026-05-28T07:55:14.532+0000] {dag.py:3834} INFO - Setting next_dagrun for inegi_scraper to 2026-05-28 00:00:00+00:00, run_after=2026-05-29 00:00:00+00:00
[2026-05-28T07:55:14.820+0000] {processor.py:183} INFO - Processing /opt/airflow/dags/inegi_scraper_dag.py took 0.855 seconds
[2026-05-28T07:55:47.247+0000] {processor.py:161} INFO - Started process (PID=2287) to work on /opt/airflow/dags/inegi_scraper_dag.py
[2026-05-28T07:55:47.287+0000] {processor.py:830} INFO - Processing file /opt/airflow/dags/inegi_scraper_dag.py for tasks to queue
[2026-05-28T07:55:47.309+0000] {logging_mixin.py:188} INFO - [2026-05-28T07:55:47.305+0000] {dagbag.py:540} INFO - Filling up the DagBag from /opt/airflow/dags/inegi_scraper_dag.py
[2026-05-28T07:55:48.455+0000] {processor.py:840} INFO - DAG(s) 'inegi_scraper' retrieved from /opt/airflow/dags/inegi_scraper_dag.py
[2026-05-28T07:55:48.657+0000] {logging_mixin.py:188} INFO - [2026-05-28T07:55:48.656+0000] {dag.py:3047} INFO - Sync 1 DAGs
[2026-05-28T07:55:48.835+0000] {logging_mixin.py:188} INFO - [2026-05-28T07:55:48.834+0000] {dag.py:3834} INFO - Setting next_dagrun for inegi_scraper to 2026-05-28 00:00:00+00:00, run_after=2026-05-29 00:00:00+00:00
[2026-05-28T07:55:48.988+0000] {processor.py:183} INFO - Processing /opt/airflow/dags/inegi_scraper_dag.py took 1.751 seconds
[2026-05-28T07:56:19.705+0000] {processor.py:161} INFO - Started process (PID=2317) to work on /opt/airflow/dags/inegi_scraper_dag.py
[2026-05-28T07:56:19.752+0000] {processor.py:830} INFO - Processing file /opt/airflow/dags/inegi_scraper_dag.py for tasks to queue
[2026-05-28T07:56:19.768+0000] {logging_mixin.py:188} INFO - [2026-05-28T07:56:19.767+0000] {dagbag.py:540} INFO - Filling up the DagBag from /opt/airflow/dags/inegi_scraper_dag.py
[2026-05-28T07:56:20.670+0000] {processor.py:840} INFO - DAG(s) 'inegi_scraper' retrieved from /opt/airflow/dags/inegi_scraper_dag.py
[2026-05-28T07:56:20.863+0000] {logging_mixin.py:188} INFO - [2026-05-28T07:56:20.862+0000] {dag.py:3047} INFO - Sync 1 DAGs
[2026-05-28T07:56:21.074+0000] {logging_mixin.py:188} INFO - [2026-05-28T07:56:21.073+0000] {dag.py:3834} INFO - Setting next_dagrun for inegi_scraper to 2026-05-28 00:00:00+00:00, run_after=2026-05-29 00:00:00+00:00
[2026-05-28T07:56:21.332+0000] {processor.py:183} INFO - Processing /opt/airflow/dags/inegi_scraper_dag.py took 1.650 seconds
[2026-05-28T07:56:52.239+0000] {processor.py:161} INFO - Started process (PID=2347) to work on /opt/airflow/dags/inegi_scraper_dag.py
[2026-05-28T07:56:52.243+0000] {processor.py:830} INFO - Processing file /opt/airflow/dags/inegi_scraper_dag.py for tasks to queue
[2026-05-28T07:56:52.246+0000] {logging_mixin.py:188} INFO - [2026-05-28T07:56:52.245+0000] {dagbag.py:540} INFO - Filling up the DagBag from /opt/airflow/dags/inegi_scraper_dag.py
[2026-05-28T07:56:52.300+0000] {processor.py:840} INFO - DAG(s) 'inegi_scraper' retrieved from /opt/airflow/dags/inegi_scraper_dag.py
[2026-05-28T07:56:52.399+0000] {logging_mixin.py:188} INFO - [2026-05-28T07:56:52.398+0000] {dag.py:3047} INFO - Sync 1 DAGs
[2026-05-28T07:56:52.462+0000] {logging_mixin.py:188} INFO - [2026-05-28T07:56:52.461+0000] {dag.py:3834} INFO - Setting next_dagrun for inegi_scraper to 2026-05-28 00:00:00+00:00, run_after=2026-05-29 00:00:00+00:00
[2026-05-28T07:56:52.522+0000] {processor.py:183} INFO - Processing /opt/airflow/dags/inegi_scraper_dag.py took 0.299 seconds
[2026-05-28T07:57:23.326+0000] {processor.py:161} INFO - Started process (PID=2377) to work on /opt/airflow/dags/inegi_scraper_dag.py
[2026-05-28T07:57:23.331+0000] {processor.py:830} INFO - Processing file /opt/airflow/dags/inegi_scraper_dag.py for tasks to queue
[2026-05-28T07:57:23.336+0000] {logging_mixin.py:188} INFO - [2026-05-28T07:57:23.333+0000] {dagbag.py:540} INFO - Filling up the DagBag from /opt/airflow/dags/inegi_scraper_dag.py
[2026-05-28T07:57:23.445+0000] {processor.py:840} INFO - DAG(s) 'inegi_scraper' retrieved from /opt/airflow/dags/inegi_scraper_dag.py
[2026-05-28T07:57:23.892+0000] {logging_mixin.py:188} INFO - [2026-05-28T07:57:23.880+0000] {dag.py:3047} INFO - Sync 1 DAGs
[2026-05-28T07:57:24.332+0000] {logging_mixin.py:188} INFO - [2026-05-28T07:57:24.331+0000] {dag.py:3834} INFO - Setting next_dagrun for inegi_scraper to 2026-05-28 00:00:00+00:00, run_after=2026-05-29 00:00:00+00:00
[2026-05-28T07:57:24.451+0000] {processor.py:183} INFO - Processing /opt/airflow/dags/inegi_scraper_dag.py took 1.141 seconds
[2026-05-28T07:57:54.941+0000] {processor.py:161} INFO - Started process (PID=2407) to work on /opt/airflow/dags/inegi_scraper_dag.py
[2026-05-28T07:57:54.946+0000] {processor.py:830} INFO - Processing file /opt/airflow/dags/inegi_scraper_dag.py for tasks to queue
[2026-05-28T07:57:54.949+0000] {logging_mixin.py:188} INFO - [2026-05-28T07:57:54.948+0000] {dagbag.py:540} INFO - Filling up the DagBag from /opt/airflow/dags/inegi_scraper_dag.py
[2026-05-28T07:57:55.016+0000] {processor.py:840} INFO - DAG(s) 'inegi_scraper' retrieved from /opt/airflow/dags/inegi_scraper_dag.py
[2026-05-28T07:57:55.142+0000] {logging_mixin.py:188} INFO - [2026-05-28T07:57:55.141+0000] {dag.py:3047} INFO - Sync 1 DAGs
[2026-05-28T07:57:55.231+0000] {logging_mixin.py:188} INFO - [2026-05-28T07:57:55.230+0000] {dag.py:3834} INFO - Setting next_dagrun for inegi_scraper to 2026-05-28 00:00:00+00:00, run_after=2026-05-29 00:00:00+00:00
[2026-05-28T07:57:55.316+0000] {processor.py:183} INFO - Processing /opt/airflow/dags/inegi_scraper_dag.py took 0.389 seconds
[2026-05-28T07:58:25.805+0000] {processor.py:161} INFO - Started process (PID=2437) to work on /opt/airflow/dags/inegi_scraper_dag.py
[2026-05-28T07:58:25.809+0000] {processor.py:830} INFO - Processing file /opt/airflow/dags/inegi_scraper_dag.py for tasks to queue
[2026-05-28T07:58:25.813+0000] {logging_mixin.py:188} INFO - [2026-05-28T07:58:25.812+0000] {dagbag.py:540} INFO - Filling up the DagBag from /opt/airflow/dags/inegi_scraper_dag.py
[2026-05-28T07:58:25.879+0000] {processor.py:840} INFO - DAG(s) 'inegi_scraper' retrieved from /opt/airflow/dags/inegi_scraper_dag.py
[2026-05-28T07:58:25.966+0000] {logging_mixin.py:188} INFO - [2026-05-28T07:58:25.966+0000] {dag.py:3047} INFO - Sync 1 DAGs
[2026-05-28T07:58:26.026+0000] {logging_mixin.py:188} INFO - [2026-05-28T07:58:26.026+0000] {dag.py:3834} INFO - Setting next_dagrun for inegi_scraper to 2026-05-28 00:00:00+00:00, run_after=2026-05-29 00:00:00+00:00
[2026-05-28T07:58:26.087+0000] {processor.py:183} INFO - Processing /opt/airflow/dags/inegi_scraper_dag.py took 0.302 seconds
[2026-05-28T07:58:56.632+0000] {processor.py:161} INFO - Started process (PID=2467) to work on /opt/airflow/dags/inegi_scraper_dag.py
[2026-05-28T07:58:56.637+0000] {processor.py:830} INFO - Processing file /opt/airflow/dags/inegi_scraper_dag.py for tasks to queue
[2026-05-28T07:58:56.641+0000] {logging_mixin.py:188} INFO - [2026-05-28T07:58:56.640+0000] {dagbag.py:540} INFO - Filling up the DagBag from /opt/airflow/dags/inegi_scraper_dag.py
[2026-05-28T07:58:56.690+0000] {processor.py:840} INFO - DAG(s) 'inegi_scraper' retrieved from /opt/airflow/dags/inegi_scraper_dag.py
[2026-05-28T07:58:56.797+0000] {logging_mixin.py:188} INFO - [2026-05-28T07:58:56.797+0000] {dag.py:3047} INFO - Sync 1 DAGs
[2026-05-28T07:58:56.900+0000] {logging_mixin.py:188} INFO - [2026-05-28T07:58:56.900+0000] {dag.py:3834} INFO - Setting next_dagrun for inegi_scraper to 2026-05-28 00:00:00+00:00, run_after=2026-05-29 00:00:00+00:00
[2026-05-28T07:58:56.951+0000] {processor.py:183} INFO - Processing /opt/airflow/dags/inegi_scraper_dag.py took 0.330 seconds
[2026-05-28T07:59:28.134+0000] {processor.py:161} INFO - Started process (PID=2497) to work on /opt/airflow/dags/inegi_scraper_dag.py
[2026-05-28T07:59:28.162+0000] {processor.py:830} INFO - Processing file /opt/airflow/dags/inegi_scraper_dag.py for tasks to queue
[2026-05-28T07:59:28.166+0000] {logging_mixin.py:188} INFO - [2026-05-28T07:59:28.165+0000] {dagbag.py:540} INFO - Filling up the DagBag from /opt/airflow/dags/inegi_scraper_dag.py
[2026-05-28T07:59:28.248+0000] {processor.py:840} INFO - DAG(s) 'inegi_scraper' retrieved from /opt/airflow/dags/inegi_scraper_dag.py
[2026-05-28T07:59:28.505+0000] {logging_mixin.py:188} INFO - [2026-05-28T07:59:28.504+0000] {dag.py:3047} INFO - Sync 1 DAGs
[2026-05-28T07:59:28.699+0000] {logging_mixin.py:188} INFO - [2026-05-28T07:59:28.698+0000] {dag.py:3834} INFO - Setting next_dagrun for inegi_scraper to 2026-05-28 00:00:00+00:00, run_after=2026-05-29 00:00:00+00:00
[2026-05-28T07:59:28.868+0000] {processor.py:183} INFO - Processing /opt/airflow/dags/inegi_scraper_dag.py took 0.764 seconds
[2026-05-28T08:00:00.984+0000] {processor.py:161} INFO - Started process (PID=2527) to work on /opt/airflow/dags/inegi_scraper_dag.py
[2026-05-28T08:00:01.044+0000] {processor.py:830} INFO - Processing file /opt/airflow/dags/inegi_scraper_dag.py for tasks to queue
[2026-05-28T08:00:01.052+0000] {logging_mixin.py:188} INFO - [2026-05-28T08:00:01.051+0000] {dagbag.py:540} INFO - Filling up the DagBag from /opt/airflow/dags/inegi_scraper_dag.py
[2026-05-28T08:00:01.379+0000] {processor.py:840} INFO - DAG(s) 'inegi_scraper' retrieved from /opt/airflow/dags/inegi_scraper_dag.py
[2026-05-28T08:00:01.570+0000] {logging_mixin.py:188} INFO - [2026-05-28T08:00:01.569+0000] {dag.py:3047} INFO - Sync 1 DAGs
[2026-05-28T08:00:01.744+0000] {logging_mixin.py:188} INFO - [2026-05-28T08:00:01.743+0000] {dag.py:3834} INFO - Setting next_dagrun for inegi_scraper to 2026-05-28 00:00:00+00:00, run_after=2026-05-29 00:00:00+00:00
[2026-05-28T08:00:01.997+0000] {processor.py:183} INFO - Processing /opt/airflow/dags/inegi_scraper_dag.py took 1.031 seconds
[2026-05-28T08:00:33.456+0000] {processor.py:161} INFO - Started process (PID=2557) to work on /opt/airflow/dags/inegi_scraper_dag.py
[2026-05-28T08:00:33.459+0000] {processor.py:830} INFO - Processing file /opt/airflow/dags/inegi_scraper_dag.py for tasks to queue
[2026-05-28T08:00:33.462+0000] {logging_mixin.py:188} INFO - [2026-05-28T08:00:33.461+0000] {dagbag.py:540} INFO - Filling up the DagBag from /opt/airflow/dags/inegi_scraper_dag.py
[2026-05-28T08:00:33.501+0000] {processor.py:840} INFO - DAG(s) 'inegi_scraper' retrieved from /opt/airflow/dags/inegi_scraper_dag.py
[2026-05-28T08:00:33.576+0000] {logging_mixin.py:188} INFO - [2026-05-28T08:00:33.575+0000] {dag.py:3047} INFO - Sync 1 DAGs
[2026-05-28T08:00:33.638+0000] {logging_mixin.py:188} INFO - [2026-05-28T08:00:33.638+0000] {dag.py:3834} INFO - Setting next_dagrun for inegi_scraper to 2026-05-28 00:00:00+00:00, run_after=2026-05-29 00:00:00+00:00
[2026-05-28T08:00:33.702+0000] {processor.py:183} INFO - Processing /opt/airflow/dags/inegi_scraper_dag.py took 0.258 seconds
[2026-05-28T08:01:04.381+0000] {processor.py:161} INFO - Started process (PID=2587) to work on /opt/airflow/dags/inegi_scraper_dag.py
[2026-05-28T08:01:04.385+0000] {processor.py:830} INFO - Processing file /opt/airflow/dags/inegi_scraper_dag.py for tasks to queue
[2026-05-28T08:01:04.388+0000] {logging_mixin.py:188} INFO - [2026-05-28T08:01:04.387+0000] {dagbag.py:540} INFO - Filling up the DagBag from /opt/airflow/dags/inegi_scraper_dag.py
[2026-05-28T08:01:04.428+0000] {processor.py:840} INFO - DAG(s) 'inegi_scraper' retrieved from /opt/airflow/dags/inegi_scraper_dag.py
[2026-05-28T08:01:04.513+0000] {logging_mixin.py:188} INFO - [2026-05-28T08:01:04.513+0000] {dag.py:3047} INFO - Sync 1 DAGs
[2026-05-28T08:01:04.578+0000] {logging_mixin.py:188} INFO - [2026-05-28T08:01:04.577+0000] {dag.py:3834} INFO - Setting next_dagrun for inegi_scraper to 2026-05-28 00:00:00+00:00, run_after=2026-05-29 00:00:00+00:00
[2026-05-28T08:01:04.633+0000] {processor.py:183} INFO - Processing /opt/airflow/dags/inegi_scraper_dag.py took 0.262 seconds
[2026-05-28T08:01:34.748+0000] {processor.py:161} INFO - Started process (PID=2617) to work on /opt/airflow/dags/inegi_scraper_dag.py
[2026-05-28T08:01:34.751+0000] {processor.py:830} INFO - Processing file /opt/airflow/dags/inegi_scraper_dag.py for tasks to queue
[2026-05-28T08:01:34.754+0000] {logging_mixin.py:188} INFO - [2026-05-28T08:01:34.753+0000] {dagbag.py:540} INFO - Filling up the DagBag from /opt/airflow/dags/inegi_scraper_dag.py
[2026-05-28T08:01:34.795+0000] {processor.py:840} INFO - DAG(s) 'inegi_scraper' retrieved from /opt/airflow/dags/inegi_scraper_dag.py
[2026-05-28T08:01:34.871+0000] {logging_mixin.py:188} INFO - [2026-05-28T08:01:34.871+0000] {dag.py:3047} INFO - Sync 1 DAGs
[2026-05-28T08:01:35.010+0000] {logging_mixin.py:188} INFO - [2026-05-28T08:01:35.009+0000] {dag.py:3834} INFO - Setting next_dagrun for inegi_scraper to 2026-05-28 00:00:00+00:00, run_after=2026-05-29 00:00:00+00:00
[2026-05-28T08:01:35.155+0000] {processor.py:183} INFO - Processing /opt/airflow/dags/inegi_scraper_dag.py took 0.417 seconds
[2026-05-28T08:02:05.378+0000] {processor.py:161} INFO - Started process (PID=2647) to work on /opt/airflow/dags/inegi_scraper_dag.py
[2026-05-28T08:02:05.381+0000] {processor.py:830} INFO - Processing file /opt/airflow/dags/inegi_scraper_dag.py for tasks to queue
[2026-05-28T08:02:05.384+0000] {logging_mixin.py:188} INFO - [2026-05-28T08:02:05.384+0000] {dagbag.py:540} INFO - Filling up the DagBag from /opt/airflow/dags/inegi_scraper_dag.py
[2026-05-28T08:02:05.422+0000] {processor.py:840} INFO - DAG(s) 'inegi_scraper' retrieved from /opt/airflow/dags/inegi_scraper_dag.py
[2026-05-28T08:02:05.496+0000] {logging_mixin.py:188} INFO - [2026-05-28T08:02:05.495+0000] {dag.py:3047} INFO - Sync 1 DAGs
[2026-05-28T08:02:05.725+0000] {logging_mixin.py:188} INFO - [2026-05-28T08:02:05.724+0000] {dag.py:3834} INFO - Setting next_dagrun for inegi_scraper to 2026-05-28 00:00:00+00:00, run_after=2026-05-29 00:00:00+00:00
[2026-05-28T08:02:05.879+0000] {processor.py:183} INFO - Processing /opt/airflow/dags/inegi_scraper_dag.py took 0.512 seconds
[2026-05-28T08:02:36.253+0000] {processor.py:161} INFO - Started process (PID=2677) to work on /opt/airflow/dags/inegi_scraper_dag.py
[2026-05-28T08:02:36.257+0000] {processor.py:830} INFO - Processing file /opt/airflow/dags/inegi_scraper_dag.py for tasks to queue
[2026-05-28T08:02:36.262+0000] {logging_mixin.py:188} INFO - [2026-05-28T08:02:36.260+0000] {dagbag.py:540} INFO - Filling up the DagBag from /opt/airflow/dags/inegi_scraper_dag.py
[2026-05-28T08:02:36.354+0000] {processor.py:840} INFO - DAG(s) 'inegi_scraper' retrieved from /opt/airflow/dags/inegi_scraper_dag.py
[2026-05-28T08:02:36.568+0000] {logging_mixin.py:188} INFO - [2026-05-28T08:02:36.567+0000] {dag.py:3047} INFO - Sync 1 DAGs
[2026-05-28T08:02:36.858+0000] {logging_mixin.py:188} INFO - [2026-05-28T08:02:36.857+0000] {dag.py:3834} INFO - Setting next_dagrun for inegi_scraper to 2026-05-28 00:00:00+00:00, run_after=2026-05-29 00:00:00+00:00
[2026-05-28T08:02:37.011+0000] {processor.py:183} INFO - Processing /opt/airflow/dags/inegi_scraper_dag.py took 0.774 seconds
[2026-05-28T08:03:07.692+0000] {processor.py:161} INFO - Started process (PID=2707) to work on /opt/airflow/dags/inegi_scraper_dag.py
[2026-05-28T08:03:07.697+0000] {processor.py:830} INFO - Processing file /opt/airflow/dags/inegi_scraper_dag.py for tasks to queue
[2026-05-28T08:03:07.703+0000] {logging_mixin.py:188} INFO - [2026-05-28T08:03:07.701+0000] {dagbag.py:540} INFO - Filling up the DagBag from /opt/airflow/dags/inegi_scraper_dag.py
[2026-05-28T08:03:07.829+0000] {processor.py:840} INFO - DAG(s) 'inegi_scraper' retrieved from /opt/airflow/dags/inegi_scraper_dag.py
[2026-05-28T08:03:07.980+0000] {logging_mixin.py:188} INFO - [2026-05-28T08:03:07.967+0000] {dag.py:3047} INFO - Sync 1 DAGs
[2026-05-28T08:03:08.504+0000] {logging_mixin.py:188} INFO - [2026-05-28T08:03:08.504+0000] {dag.py:3834} INFO - Setting next_dagrun for inegi_scraper to 2026-05-28 00:00:00+00:00, run_after=2026-05-29 00:00:00+00:00
[2026-05-28T08:03:09.066+0000] {processor.py:183} INFO - Processing /opt/airflow/dags/inegi_scraper_dag.py took 1.403 seconds
[2026-05-28T08:03:39.299+0000] {processor.py:161} INFO - Started process (PID=2737) to work on /opt/airflow/dags/inegi_scraper_dag.py
[2026-05-28T08:03:39.302+0000] {processor.py:830} INFO - Processing file /opt/airflow/dags/inegi_scraper_dag.py for tasks to queue
[2026-05-28T08:03:39.306+0000] {logging_mixin.py:188} INFO - [2026-05-28T08:03:39.305+0000] {dagbag.py:540} INFO - Filling up the DagBag from /opt/airflow/dags/inegi_scraper_dag.py
[2026-05-28T08:03:39.363+0000] {processor.py:840} INFO - DAG(s) 'inegi_scraper' retrieved from /opt/airflow/dags/inegi_scraper_dag.py
[2026-05-28T08:03:39.613+0000] {logging_mixin.py:188} INFO - [2026-05-28T08:03:39.601+0000] {dag.py:3047} INFO - Sync 1 DAGs
[2026-05-28T08:03:39.827+0000] {logging_mixin.py:188} INFO - [2026-05-28T08:03:39.826+0000] {dag.py:3834} INFO - Setting next_dagrun for inegi_scraper to 2026-05-28 00:00:00+00:00, run_after=2026-05-29 00:00:00+00:00
[2026-05-28T08:03:40.066+0000] {processor.py:183} INFO - Processing /opt/airflow/dags/inegi_scraper_dag.py took 0.777 seconds
[2026-05-28T08:04:11.224+0000] {processor.py:161} INFO - Started process (PID=2767) to work on /opt/airflow/dags/inegi_scraper_dag.py
[2026-05-28T08:04:11.227+0000] {processor.py:830} INFO - Processing file /opt/airflow/dags/inegi_scraper_dag.py for tasks to queue
[2026-05-28T08:04:11.230+0000] {logging_mixin.py:188} INFO - [2026-05-28T08:04:11.230+0000] {dagbag.py:540} INFO - Filling up the DagBag from /opt/airflow/dags/inegi_scraper_dag.py
[2026-05-28T08:04:11.270+0000] {processor.py:840} INFO - DAG(s) 'inegi_scraper' retrieved from /opt/airflow/dags/inegi_scraper_dag.py
[2026-05-28T08:04:11.343+0000] {logging_mixin.py:188} INFO - [2026-05-28T08:04:11.343+0000] {dag.py:3047} INFO - Sync 1 DAGs
[2026-05-28T08:04:11.408+0000] {logging_mixin.py:188} INFO - [2026-05-28T08:04:11.408+0000] {dag.py:3834} INFO - Setting next_dagrun for inegi_scraper to 2026-05-28 00:00:00+00:00, run_after=2026-05-29 00:00:00+00:00
[2026-05-28T08:04:11.470+0000] {processor.py:183} INFO - Processing /opt/airflow/dags/inegi_scraper_dag.py took 0.256 seconds
[2026-05-28T08:04:42.223+0000] {processor.py:161} INFO - Started process (PID=2797) to work on /opt/airflow/dags/inegi_scraper_dag.py
[2026-05-28T08:04:42.226+0000] {processor.py:830} INFO - Processing file /opt/airflow/dags/inegi_scraper_dag.py for tasks to queue
[2026-05-28T08:04:42.230+0000] {logging_mixin.py:188} INFO - [2026-05-28T08:04:42.229+0000] {dagbag.py:540} INFO - Filling up the DagBag from /opt/airflow/dags/inegi_scraper_dag.py
[2026-05-28T08:04:42.268+0000] {processor.py:840} INFO - DAG(s) 'inegi_scraper' retrieved from /opt/airflow/dags/inegi_scraper_dag.py
[2026-05-28T08:04:42.343+0000] {logging_mixin.py:188} INFO - [2026-05-28T08:04:42.343+0000] {dag.py:3047} INFO - Sync 1 DAGs
[2026-05-28T08:04:42.404+0000] {logging_mixin.py:188} INFO - [2026-05-28T08:04:42.404+0000] {dag.py:3834} INFO - Setting next_dagrun for inegi_scraper to 2026-05-28 00:00:00+00:00, run_after=2026-05-29 00:00:00+00:00
[2026-05-28T08:04:42.458+0000] {processor.py:183} INFO - Processing /opt/airflow/dags/inegi_scraper_dag.py took 0.246 seconds
[2026-05-28T08:05:13.400+0000] {processor.py:161} INFO - Started process (PID=2827) to work on /opt/airflow/dags/inegi_scraper_dag.py
[2026-05-28T08:05:13.403+0000] {processor.py:830} INFO - Processing file /opt/airflow/dags/inegi_scraper_dag.py for tasks to queue
[2026-05-28T08:05:13.408+0000] {logging_mixin.py:188} INFO - [2026-05-28T08:05:13.407+0000] {dagbag.py:540} INFO - Filling up the DagBag from /opt/airflow/dags/inegi_scraper_dag.py
[2026-05-28T08:05:13.462+0000] {processor.py:840} INFO - DAG(s) 'inegi_scraper' retrieved from /opt/airflow/dags/inegi_scraper_dag.py
[2026-05-28T08:05:13.604+0000] {logging_mixin.py:188} INFO - [2026-05-28T08:05:13.604+0000] {dag.py:3047} INFO - Sync 1 DAGs
[2026-05-28T08:05:13.665+0000] {logging_mixin.py:188} INFO - [2026-05-28T08:05:13.664+0000] {dag.py:3834} INFO - Setting next_dagrun for inegi_scraper to 2026-05-28 00:00:00+00:00, run_after=2026-05-29 00:00:00+00:00
[2026-05-28T08:05:13.717+0000] {processor.py:183} INFO - Processing /opt/airflow/dags/inegi_scraper_dag.py took 0.330 seconds
[2026-05-28T08:05:44.624+0000] {processor.py:161} INFO - Started process (PID=2855) to work on /opt/airflow/dags/inegi_scraper_dag.py
[2026-05-28T08:05:44.672+0000] {processor.py:830} INFO - Processing file /opt/airflow/dags/inegi_scraper_dag.py for tasks to queue
[2026-05-28T08:05:44.684+0000] {logging_mixin.py:188} INFO - [2026-05-28T08:05:44.682+0000] {dagbag.py:540} INFO - Filling up the DagBag from /opt/airflow/dags/inegi_scraper_dag.py
[2026-05-28T08:05:44.930+0000] {processor.py:840} INFO - DAG(s) 'inegi_scraper' retrieved from /opt/airflow/dags/inegi_scraper_dag.py
[2026-05-28T08:05:45.819+0000] {logging_mixin.py:188} INFO - [2026-05-28T08:05:45.818+0000] {dag.py:3047} INFO - Sync 1 DAGs
[2026-05-28T08:05:46.618+0000] {logging_mixin.py:188} INFO - [2026-05-28T08:05:46.618+0000] {dag.py:3834} INFO - Setting next_dagrun for inegi_scraper to 2026-05-28 00:00:00+00:00, run_after=2026-05-29 00:00:00+00:00
[2026-05-28T08:05:46.854+0000] {processor.py:183} INFO - Processing /opt/airflow/dags/inegi_scraper_dag.py took 2.313 seconds
[2026-05-28T08:06:17.922+0000] {processor.py:161} INFO - Started process (PID=2885) to work on /opt/airflow/dags/inegi_scraper_dag.py
[2026-05-28T08:06:17.964+0000] {processor.py:830} INFO - Processing file /opt/airflow/dags/inegi_scraper_dag.py for tasks to queue
[2026-05-28T08:06:17.995+0000] {logging_mixin.py:188} INFO - [2026-05-28T08:06:17.993+0000] {dagbag.py:540} INFO - Filling up the DagBag from /opt/airflow/dags/inegi_scraper_dag.py
[2026-05-28T08:06:18.717+0000] {processor.py:840} INFO - DAG(s) 'inegi_scraper' retrieved from /opt/airflow/dags/inegi_scraper_dag.py
[2026-05-28T08:06:19.313+0000] {logging_mixin.py:188} INFO - [2026-05-28T08:06:19.312+0000] {dag.py:3047} INFO - Sync 1 DAGs
[2026-05-28T08:06:19.754+0000] {logging_mixin.py:188} INFO - [2026-05-28T08:06:19.751+0000] {dag.py:3834} INFO - Setting next_dagrun for inegi_scraper to 2026-05-28 00:00:00+00:00, run_after=2026-05-29 00:00:00+00:00
[2026-05-28T08:06:19.829+0000] {processor.py:183} INFO - Processing /opt/airflow/dags/inegi_scraper_dag.py took 2.013 seconds
[2026-05-28T08:06:50.250+0000] {processor.py:161} INFO - Started process (PID=2912) to work on /opt/airflow/dags/inegi_scraper_dag.py
[2026-05-28T08:06:50.253+0000] {processor.py:830} INFO - Processing file /opt/airflow/dags/inegi_scraper_dag.py for tasks to queue
[2026-05-28T08:06:50.257+0000] {logging_mixin.py:188} INFO - [2026-05-28T08:06:50.255+0000] {dagbag.py:540} INFO - Filling up the DagBag from /opt/airflow/dags/inegi_scraper_dag.py
[2026-05-28T08:06:50.403+0000] {processor.py:840} INFO - DAG(s) 'inegi_scraper' retrieved from /opt/airflow/dags/inegi_scraper_dag.py
[2026-05-28T08:06:50.627+0000] {logging_mixin.py:188} INFO - [2026-05-28T08:06:50.626+0000] {dag.py:3047} INFO - Sync 1 DAGs
[2026-05-28T08:06:50.840+0000] {logging_mixin.py:188} INFO - [2026-05-28T08:06:50.828+0000] {dag.py:3834} INFO - Setting next_dagrun for inegi_scraper to 2026-05-28 00:00:00+00:00, run_after=2026-05-29 00:00:00+00:00
[2026-05-28T08:06:51.107+0000] {processor.py:183} INFO - Processing /opt/airflow/dags/inegi_scraper_dag.py took 0.869 seconds
[2026-05-28T08:07:26.336+0000] {processor.py:161} INFO - Started process (PID=2940) to work on /opt/airflow/dags/inegi_scraper_dag.py
[2026-05-28T08:07:26.360+0000] {processor.py:830} INFO - Processing file /opt/airflow/dags/inegi_scraper_dag.py for tasks to queue
[2026-05-28T08:07:26.402+0000] {logging_mixin.py:188} INFO - [2026-05-28T08:07:26.401+0000] {dagbag.py:540} INFO - Filling up the DagBag from /opt/airflow/dags/inegi_scraper_dag.py
[2026-05-28T08:07:27.512+0000] {processor.py:840} INFO - DAG(s) 'inegi_scraper' retrieved from /opt/airflow/dags/inegi_scraper_dag.py
[2026-05-28T08:07:27.734+0000] {logging_mixin.py:188} INFO - [2026-05-28T08:07:27.733+0000] {dag.py:3047} INFO - Sync 1 DAGs
[2026-05-28T08:07:27.927+0000] {logging_mixin.py:188} INFO - [2026-05-28T08:07:27.926+0000] {dag.py:3834} INFO - Setting next_dagrun for inegi_scraper to 2026-05-28 00:00:00+00:00, run_after=2026-05-29 00:00:00+00:00
[2026-05-28T08:07:28.135+0000] {processor.py:183} INFO - Processing /opt/airflow/dags/inegi_scraper_dag.py took 1.819 seconds
[2026-05-28T08:07:58.628+0000] {processor.py:161} INFO - Started process (PID=2972) to work on /opt/airflow/dags/inegi_scraper_dag.py
[2026-05-28T08:07:58.631+0000] {processor.py:830} INFO - Processing file /opt/airflow/dags/inegi_scraper_dag.py for tasks to queue
[2026-05-28T08:07:58.635+0000] {logging_mixin.py:188} INFO - [2026-05-28T08:07:58.634+0000] {dagbag.py:540} INFO - Filling up the DagBag from /opt/airflow/dags/inegi_scraper_dag.py
[2026-05-28T08:07:58.676+0000] {processor.py:840} INFO - DAG(s) 'inegi_scraper' retrieved from /opt/airflow/dags/inegi_scraper_dag.py
[2026-05-28T08:07:58.751+0000] {logging_mixin.py:188} INFO - [2026-05-28T08:07:58.751+0000] {dag.py:3047} INFO - Sync 1 DAGs
[2026-05-28T08:07:58.814+0000] {logging_mixin.py:188} INFO - [2026-05-28T08:07:58.814+0000] {dag.py:3834} INFO - Setting next_dagrun for inegi_scraper to 2026-05-28 00:00:00+00:00, run_after=2026-05-29 00:00:00+00:00
[2026-05-28T08:07:58.892+0000] {processor.py:183} INFO - Processing /opt/airflow/dags/inegi_scraper_dag.py took 0.274 seconds
[2026-05-28T08:08:29.577+0000] {processor.py:161} INFO - Started process (PID=3002) to work on /opt/airflow/dags/inegi_scraper_dag.py
[2026-05-28T08:08:29.600+0000] {processor.py:830} INFO - Processing file /opt/airflow/dags/inegi_scraper_dag.py for tasks to queue
[2026-05-28T08:08:29.621+0000] {logging_mixin.py:188} INFO - [2026-05-28T08:08:29.620+0000] {dagbag.py:540} INFO - Filling up the DagBag from /opt/airflow/dags/inegi_scraper_dag.py
[2026-05-28T08:08:29.781+0000] {processor.py:840} INFO - DAG(s) 'inegi_scraper' retrieved from /opt/airflow/dags/inegi_scraper_dag.py
[2026-05-28T08:08:30.006+0000] {logging_mixin.py:188} INFO - [2026-05-28T08:08:30.005+0000] {dag.py:3047} INFO - Sync 1 DAGs
[2026-05-28T08:08:30.102+0000] {logging_mixin.py:188} INFO - [2026-05-28T08:08:30.101+0000] {dag.py:3834} INFO - Setting next_dagrun for inegi_scraper to 2026-05-28 00:00:00+00:00, run_after=2026-05-29 00:00:00+00:00
[2026-05-28T08:08:30.260+0000] {processor.py:183} INFO - Processing /opt/airflow/dags/inegi_scraper_dag.py took 0.704 seconds
[2026-05-28T08:09:01.069+0000] {processor.py:161} INFO - Started process (PID=3032) to work on /opt/airflow/dags/inegi_scraper_dag.py
[2026-05-28T08:09:01.073+0000] {processor.py:830} INFO - Processing file /opt/airflow/dags/inegi_scraper_dag.py for tasks to queue
[2026-05-28T08:09:01.076+0000] {logging_mixin.py:188} INFO - [2026-05-28T08:09:01.075+0000] {dagbag.py:540} INFO - Filling up the DagBag from /opt/airflow/dags/inegi_scraper_dag.py
[2026-05-28T08:09:01.156+0000] {processor.py:840} INFO - DAG(s) 'inegi_scraper' retrieved from /opt/airflow/dags/inegi_scraper_dag.py
[2026-05-28T08:09:01.316+0000] {logging_mixin.py:188} INFO - [2026-05-28T08:09:01.315+0000] {dag.py:3047} INFO - Sync 1 DAGs
[2026-05-28T08:09:01.444+0000] {logging_mixin.py:188} INFO - [2026-05-28T08:09:01.442+0000] {dag.py:3834} INFO - Setting next_dagrun for inegi_scraper to 2026-05-28 00:00:00+00:00, run_after=2026-05-29 00:00:00+00:00
[2026-05-28T08:09:01.503+0000] {processor.py:183} INFO - Processing /opt/airflow/dags/inegi_scraper_dag.py took 0.457 seconds
[2026-05-28T08:09:32.224+0000] {processor.py:161} INFO - Started process (PID=3062) to work on /opt/airflow/dags/inegi_scraper_dag.py
[2026-05-28T08:09:32.228+0000] {processor.py:830} INFO - Processing file /opt/airflow/dags/inegi_scraper_dag.py for tasks to queue
[2026-05-28T08:09:32.234+0000] {logging_mixin.py:188} INFO - [2026-05-28T08:09:32.233+0000] {dagbag.py:540} INFO - Filling up the DagBag from /opt/airflow/dags/inegi_scraper_dag.py
[2026-05-28T08:09:32.295+0000] {processor.py:840} INFO - DAG(s) 'inegi_scraper' retrieved from /opt/airflow/dags/inegi_scraper_dag.py
[2026-05-28T08:09:32.437+0000] {logging_mixin.py:188} INFO - [2026-05-28T08:09:32.436+0000] {dag.py:3047} INFO - Sync 1 DAGs
[2026-05-28T08:09:32.514+0000] {logging_mixin.py:188} INFO - [2026-05-28T08:09:32.513+0000] {dag.py:3834} INFO - Setting next_dagrun for inegi_scraper to 2026-05-28 00:00:00+00:00, run_after=2026-05-29 00:00:00+00:00
[2026-05-28T08:09:32.710+0000] {processor.py:183} INFO - Processing /opt/airflow/dags/inegi_scraper_dag.py took 0.496 seconds
[2026-05-28T08:10:10.656+0000] {processor.py:161} INFO - Started process (PID=3090) to work on /opt/airflow/dags/inegi_scraper_dag.py
[2026-05-28T08:10:10.672+0000] {processor.py:830} INFO - Processing file /opt/airflow/dags/inegi_scraper_dag.py for tasks to queue
[2026-05-28T08:10:10.684+0000] {logging_mixin.py:188} INFO - [2026-05-28T08:10:10.683+0000] {dagbag.py:540} INFO - Filling up the DagBag from /opt/airflow/dags/inegi_scraper_dag.py
[2026-05-28T08:10:10.927+0000] {processor.py:840} INFO - DAG(s) 'inegi_scraper' retrieved from /opt/airflow/dags/inegi_scraper_dag.py
[2026-05-28T08:10:11.065+0000] {logging_mixin.py:188} INFO - [2026-05-28T08:10:11.064+0000] {dag.py:3047} INFO - Sync 1 DAGs
[2026-05-28T08:10:11.282+0000] {logging_mixin.py:188} INFO - [2026-05-28T08:10:11.282+0000] {dag.py:3834} INFO - Setting next_dagrun for inegi_scraper to 2026-05-28 00:00:00+00:00, run_after=2026-05-29 00:00:00+00:00
[2026-05-28T08:10:12.037+0000] {processor.py:183} INFO - Processing /opt/airflow/dags/inegi_scraper_dag.py took 1.429 seconds
[2026-05-28T08:10:46.452+0000] {processor.py:161} INFO - Started process (PID=3120) to work on /opt/airflow/dags/inegi_scraper_dag.py
[2026-05-28T08:10:46.458+0000] {processor.py:830} INFO - Processing file /opt/airflow/dags/inegi_scraper_dag.py for tasks to queue
[2026-05-28T08:10:46.469+0000] {logging_mixin.py:188} INFO - [2026-05-28T08:10:46.468+0000] {dagbag.py:540} INFO - Filling up the DagBag from /opt/airflow/dags/inegi_scraper_dag.py
[2026-05-28T08:10:46.720+0000] {processor.py:840} INFO - DAG(s) 'inegi_scraper' retrieved from /opt/airflow/dags/inegi_scraper_dag.py
[2026-05-28T08:10:46.977+0000] {logging_mixin.py:188} INFO - [2026-05-28T08:10:46.976+0000] {dag.py:3047} INFO - Sync 1 DAGs
[2026-05-28T08:10:47.265+0000] {logging_mixin.py:188} INFO - [2026-05-28T08:10:47.252+0000] {dag.py:3834} INFO - Setting next_dagrun for inegi_scraper to 2026-05-28 00:00:00+00:00, run_after=2026-05-29 00:00:00+00:00
[2026-05-28T08:10:47.523+0000] {processor.py:183} INFO - Processing /opt/airflow/dags/inegi_scraper_dag.py took 1.089 seconds
[2026-05-28T08:11:22.759+0000] {processor.py:161} INFO - Started process (PID=3150) to work on /opt/airflow/dags/inegi_scraper_dag.py
[2026-05-28T08:11:22.806+0000] {processor.py:830} INFO - Processing file /opt/airflow/dags/inegi_scraper_dag.py for tasks to queue
[2026-05-28T08:11:22.840+0000] {logging_mixin.py:188} INFO - [2026-05-28T08:11:22.838+0000] {dagbag.py:540} INFO - Filling up the DagBag from /opt/airflow/dags/inegi_scraper_dag.py
[2026-05-28T08:11:24.045+0000] {processor.py:840} INFO - DAG(s) 'inegi_scraper' retrieved from /opt/airflow/dags/inegi_scraper_dag.py
[2026-05-28T08:11:24.231+0000] {logging_mixin.py:188} INFO - [2026-05-28T08:11:24.221+0000] {dag.py:3047} INFO - Sync 1 DAGs
[2026-05-28T08:11:24.515+0000] {logging_mixin.py:188} INFO - [2026-05-28T08:11:24.514+0000] {dag.py:3834} INFO - Setting next_dagrun for inegi_scraper to 2026-05-28 00:00:00+00:00, run_after=2026-05-29 00:00:00+00:00
[2026-05-28T08:11:25.597+0000] {processor.py:183} INFO - Processing /opt/airflow/dags/inegi_scraper_dag.py took 2.872 seconds
[2026-05-28T08:11:57.201+0000] {processor.py:161} INFO - Started process (PID=3182) to work on /opt/airflow/dags/inegi_scraper_dag.py
[2026-05-28T08:11:57.204+0000] {processor.py:830} INFO - Processing file /opt/airflow/dags/inegi_scraper_dag.py for tasks to queue
[2026-05-28T08:11:57.216+0000] {logging_mixin.py:188} INFO - [2026-05-28T08:11:57.206+0000] {dagbag.py:540} INFO - Filling up the DagBag from /opt/airflow/dags/inegi_scraper_dag.py
[2026-05-28T08:11:57.278+0000] {processor.py:840} INFO - DAG(s) 'inegi_scraper' retrieved from /opt/airflow/dags/inegi_scraper_dag.py
[2026-05-28T08:11:57.418+0000] {logging_mixin.py:188} INFO - [2026-05-28T08:11:57.417+0000] {dag.py:3047} INFO - Sync 1 DAGs
[2026-05-28T08:11:57.539+0000] {logging_mixin.py:188} INFO - [2026-05-28T08:11:57.538+0000] {dag.py:3834} INFO - Setting next_dagrun for inegi_scraper to 2026-05-28 00:00:00+00:00, run_after=2026-05-29 00:00:00+00:00
[2026-05-28T08:11:57.641+0000] {processor.py:183} INFO - Processing /opt/airflow/dags/inegi_scraper_dag.py took 0.460 seconds
[2026-05-28T08:12:28.852+0000] {processor.py:161} INFO - Started process (PID=3212) to work on /opt/airflow/dags/inegi_scraper_dag.py
[2026-05-28T08:12:28.856+0000] {processor.py:830} INFO - Processing file /opt/airflow/dags/inegi_scraper_dag.py for tasks to queue
[2026-05-28T08:12:28.870+0000] {logging_mixin.py:188} INFO - [2026-05-28T08:12:28.869+0000] {dagbag.py:540} INFO - Filling up the DagBag from /opt/airflow/dags/inegi_scraper_dag.py
[2026-05-28T08:12:28.937+0000] {processor.py:840} INFO - DAG(s) 'inegi_scraper' retrieved from /opt/airflow/dags/inegi_scraper_dag.py
[2026-05-28T08:12:29.149+0000] {logging_mixin.py:188} INFO - [2026-05-28T08:12:29.148+0000] {dag.py:3047} INFO - Sync 1 DAGs
[2026-05-28T08:12:29.372+0000] {logging_mixin.py:188} INFO - [2026-05-28T08:12:29.360+0000] {dag.py:3834} INFO - Setting next_dagrun for inegi_scraper to 2026-05-28 00:00:00+00:00, run_after=2026-05-29 00:00:00+00:00
[2026-05-28T08:12:29.567+0000] {processor.py:183} INFO - Processing /opt/airflow/dags/inegi_scraper_dag.py took 0.745 seconds
[2026-05-28T08:13:00.834+0000] {processor.py:161} INFO - Started process (PID=3240) to work on /opt/airflow/dags/inegi_scraper_dag.py
[2026-05-28T08:13:00.850+0000] {processor.py:830} INFO - Processing file /opt/airflow/dags/inegi_scraper_dag.py for tasks to queue
[2026-05-28T08:13:00.856+0000] {logging_mixin.py:188} INFO - [2026-05-28T08:13:00.855+0000] {dagbag.py:540} INFO - Filling up the DagBag from /opt/airflow/dags/inegi_scraper_dag.py
[2026-05-28T08:13:00.969+0000] {processor.py:840} INFO - DAG(s) 'inegi_scraper' retrieved from /opt/airflow/dags/inegi_scraper_dag.py
[2026-05-28T08:13:01.234+0000] {logging_mixin.py:188} INFO - [2026-05-28T08:13:01.221+0000] {dag.py:3047} INFO - Sync 1 DAGs
[2026-05-28T08:13:01.448+0000] {logging_mixin.py:188} INFO - [2026-05-28T08:13:01.447+0000] {dag.py:3834} INFO - Setting next_dagrun for inegi_scraper to 2026-05-28 00:00:00+00:00, run_after=2026-05-29 00:00:00+00:00
[2026-05-28T08:13:01.717+0000] {processor.py:183} INFO - Processing /opt/airflow/dags/inegi_scraper_dag.py took 0.910 seconds
[2026-05-28T08:13:32.040+0000] {processor.py:161} INFO - Started process (PID=3270) to work on /opt/airflow/dags/inegi_scraper_dag.py
[2026-05-28T08:13:32.045+0000] {processor.py:830} INFO - Processing file /opt/airflow/dags/inegi_scraper_dag.py for tasks to queue
[2026-05-28T08:13:32.050+0000] {logging_mixin.py:188} INFO - [2026-05-28T08:13:32.047+0000] {dagbag.py:540} INFO - Filling up the DagBag from /opt/airflow/dags/inegi_scraper_dag.py
[2026-05-28T08:13:32.113+0000] {processor.py:840} INFO - DAG(s) 'inegi_scraper' retrieved from /opt/airflow/dags/inegi_scraper_dag.py
[2026-05-28T08:13:32.233+0000] {logging_mixin.py:188} INFO - [2026-05-28T08:13:32.231+0000] {dag.py:3047} INFO - Sync 1 DAGs
[2026-05-28T08:13:32.376+0000] {logging_mixin.py:188} INFO - [2026-05-28T08:13:32.375+0000] {dag.py:3834} INFO - Setting next_dagrun for inegi_scraper to 2026-05-28 00:00:00+00:00, run_after=2026-05-29 00:00:00+00:00
[2026-05-28T08:13:32.431+0000] {processor.py:183} INFO - Processing /opt/airflow/dags/inegi_scraper_dag.py took 0.406 seconds
[2026-05-28T08:14:05.058+0000] {processor.py:161} INFO - Started process (PID=3300) to work on /opt/airflow/dags/inegi_scraper_dag.py
[2026-05-28T08:14:05.136+0000] {processor.py:830} INFO - Processing file /opt/airflow/dags/inegi_scraper_dag.py for tasks to queue
[2026-05-28T08:14:05.194+0000] {logging_mixin.py:188} INFO - [2026-05-28T08:14:05.193+0000] {dagbag.py:540} INFO - Filling up the DagBag from /opt/airflow/dags/inegi_scraper_dag.py
[2026-05-28T08:14:05.700+0000] {processor.py:840} INFO - DAG(s) 'inegi_scraper' retrieved from /opt/airflow/dags/inegi_scraper_dag.py
[2026-05-28T08:14:05.892+0000] {logging_mixin.py:188} INFO - [2026-05-28T08:14:05.892+0000] {dag.py:3047} INFO - Sync 1 DAGs
[2026-05-28T08:14:06.056+0000] {logging_mixin.py:188} INFO - [2026-05-28T08:14:06.055+0000] {dag.py:3834} INFO - Setting next_dagrun for inegi_scraper to 2026-05-28 00:00:00+00:00, run_after=2026-05-29 00:00:00+00:00
[2026-05-28T08:14:06.205+0000] {processor.py:183} INFO - Processing /opt/airflow/dags/inegi_scraper_dag.py took 1.173 seconds
[2026-05-28T08:14:37.919+0000] {processor.py:161} INFO - Started process (PID=3332) to work on /opt/airflow/dags/inegi_scraper_dag.py
[2026-05-28T08:14:37.935+0000] {processor.py:830} INFO - Processing file /opt/airflow/dags/inegi_scraper_dag.py for tasks to queue
[2026-05-28T08:14:37.944+0000] {logging_mixin.py:188} INFO - [2026-05-28T08:14:37.943+0000] {dagbag.py:540} INFO - Filling up the DagBag from /opt/airflow/dags/inegi_scraper_dag.py
[2026-05-28T08:14:38.076+0000] {processor.py:840} INFO - DAG(s) 'inegi_scraper' retrieved from /opt/airflow/dags/inegi_scraper_dag.py
[2026-05-28T08:14:38.242+0000] {logging_mixin.py:188} INFO - [2026-05-28T08:14:38.241+0000] {dag.py:3047} INFO - Sync 1 DAGs
[2026-05-28T08:14:38.435+0000] {logging_mixin.py:188} INFO - [2026-05-28T08:14:38.434+0000] {dag.py:3834} INFO - Setting next_dagrun for inegi_scraper to 2026-05-28 00:00:00+00:00, run_after=2026-05-29 00:00:00+00:00
[2026-05-28T08:14:38.828+0000] {processor.py:183} INFO - Processing /opt/airflow/dags/inegi_scraper_dag.py took 0.928 seconds
[2026-05-28T08:15:12.796+0000] {processor.py:161} INFO - Started process (PID=3360) to work on /opt/airflow/dags/inegi_scraper_dag.py
[2026-05-28T08:15:12.801+0000] {processor.py:830} INFO - Processing file /opt/airflow/dags/inegi_scraper_dag.py for tasks to queue
[2026-05-28T08:15:12.814+0000] {logging_mixin.py:188} INFO - [2026-05-28T08:15:12.807+0000] {dagbag.py:540} INFO - Filling up the DagBag from /opt/airflow/dags/inegi_scraper_dag.py
[2026-05-28T08:15:12.887+0000] {processor.py:840} INFO - DAG(s) 'inegi_scraper' retrieved from /opt/airflow/dags/inegi_scraper_dag.py
[2026-05-28T08:15:13.140+0000] {logging_mixin.py:188} INFO - [2026-05-28T08:15:13.139+0000] {dag.py:3047} INFO - Sync 1 DAGs
[2026-05-28T08:15:13.279+0000] {logging_mixin.py:188} INFO - [2026-05-28T08:15:13.278+0000] {dag.py:3834} INFO - Setting next_dagrun for inegi_scraper to 2026-05-28 00:00:00+00:00, run_after=2026-05-29 00:00:00+00:00
[2026-05-28T08:15:13.389+0000] {processor.py:183} INFO - Processing /opt/airflow/dags/inegi_scraper_dag.py took 0.615 seconds
[2026-05-28T08:15:44.089+0000] {processor.py:161} INFO - Started process (PID=3390) to work on /opt/airflow/dags/inegi_scraper_dag.py
[2026-05-28T08:15:44.092+0000] {processor.py:830} INFO - Processing file /opt/airflow/dags/inegi_scraper_dag.py for tasks to queue
[2026-05-28T08:15:44.096+0000] {logging_mixin.py:188} INFO - [2026-05-28T08:15:44.095+0000] {dagbag.py:540} INFO - Filling up the DagBag from /opt/airflow/dags/inegi_scraper_dag.py
[2026-05-28T08:15:44.150+0000] {processor.py:840} INFO - DAG(s) 'inegi_scraper' retrieved from /opt/airflow/dags/inegi_scraper_dag.py
[2026-05-28T08:15:44.226+0000] {logging_mixin.py:188} INFO - [2026-05-28T08:15:44.225+0000] {dag.py:3047} INFO - Sync 1 DAGs
[2026-05-28T08:15:44.295+0000] {logging_mixin.py:188} INFO - [2026-05-28T08:15:44.294+0000] {dag.py:3834} INFO - Setting next_dagrun for inegi_scraper to 2026-05-28 00:00:00+00:00, run_after=2026-05-29 00:00:00+00:00
[2026-05-28T08:15:44.356+0000] {processor.py:183} INFO - Processing /opt/airflow/dags/inegi_scraper_dag.py took 0.285 seconds
[2026-05-28T08:16:15.064+0000] {processor.py:161} INFO - Started process (PID=3420) to work on /opt/airflow/dags/inegi_scraper_dag.py
[2026-05-28T08:16:15.075+0000] {processor.py:830} INFO - Processing file /opt/airflow/dags/inegi_scraper_dag.py for tasks to queue
[2026-05-28T08:16:15.078+0000] {logging_mixin.py:188} INFO - [2026-05-28T08:16:15.077+0000] {dagbag.py:540} INFO - Filling up the DagBag from /opt/airflow/dags/inegi_scraper_dag.py
[2026-05-28T08:16:15.162+0000] {processor.py:840} INFO - DAG(s) 'inegi_scraper' retrieved from /opt/airflow/dags/inegi_scraper_dag.py
[2026-05-28T08:16:15.279+0000] {logging_mixin.py:188} INFO - [2026-05-28T08:16:15.278+0000] {dag.py:3047} INFO - Sync 1 DAGs
[2026-05-28T08:16:15.391+0000] {logging_mixin.py:188} INFO - [2026-05-28T08:16:15.390+0000] {dag.py:3834} INFO - Setting next_dagrun for inegi_scraper to 2026-05-28 00:00:00+00:00, run_after=2026-05-29 00:00:00+00:00
[2026-05-28T08:16:15.785+0000] {processor.py:183} INFO - Processing /opt/airflow/dags/inegi_scraper_dag.py took 0.735 seconds
[2026-05-28T08:16:47.957+0000] {processor.py:161} INFO - Started process (PID=3452) to work on /opt/airflow/dags/inegi_scraper_dag.py
[2026-05-28T08:16:47.964+0000] {processor.py:830} INFO - Processing file /opt/airflow/dags/inegi_scraper_dag.py for tasks to queue
[2026-05-28T08:16:47.969+0000] {logging_mixin.py:188} INFO - [2026-05-28T08:16:47.968+0000] {dagbag.py:540} INFO - Filling up the DagBag from /opt/airflow/dags/inegi_scraper_dag.py
[2026-05-28T08:16:48.026+0000] {processor.py:840} INFO - DAG(s) 'inegi_scraper' retrieved from /opt/airflow/dags/inegi_scraper_dag.py
[2026-05-28T08:16:48.106+0000] {logging_mixin.py:188} INFO - [2026-05-28T08:16:48.106+0000] {dag.py:3047} INFO - Sync 1 DAGs
[2026-05-28T08:16:48.168+0000] {logging_mixin.py:188} INFO - [2026-05-28T08:16:48.168+0000] {dag.py:3834} INFO - Setting next_dagrun for inegi_scraper to 2026-05-28 00:00:00+00:00, run_after=2026-05-29 00:00:00+00:00
[2026-05-28T08:16:48.224+0000] {processor.py:183} INFO - Processing /opt/airflow/dags/inegi_scraper_dag.py took 0.276 seconds
[2026-05-28T08:17:19.919+0000] {processor.py:161} INFO - Started process (PID=3480) to work on /opt/airflow/dags/inegi_scraper_dag.py
[2026-05-28T08:17:19.949+0000] {processor.py:830} INFO - Processing file /opt/airflow/dags/inegi_scraper_dag.py for tasks to queue
[2026-05-28T08:17:19.963+0000] {logging_mixin.py:188} INFO - [2026-05-28T08:17:19.962+0000] {dagbag.py:540} INFO - Filling up the DagBag from /opt/airflow/dags/inegi_scraper_dag.py
[2026-05-28T08:17:21.454+0000] {processor.py:840} INFO - DAG(s) 'inegi_scraper' retrieved from /opt/airflow/dags/inegi_scraper_dag.py
[2026-05-28T08:17:21.659+0000] {logging_mixin.py:188} INFO - [2026-05-28T08:17:21.658+0000] {dag.py:3047} INFO - Sync 1 DAGs
[2026-05-28T08:17:21.992+0000] {logging_mixin.py:188} INFO - [2026-05-28T08:17:21.991+0000] {dag.py:3834} INFO - Setting next_dagrun for inegi_scraper to 2026-05-28 00:00:00+00:00, run_after=2026-05-29 00:00:00+00:00
[2026-05-28T08:17:22.513+0000] {processor.py:183} INFO - Processing /opt/airflow/dags/inegi_scraper_dag.py took 2.615 seconds
[2026-05-28T08:17:53.462+0000] {processor.py:161} INFO - Started process (PID=3512) to work on /opt/airflow/dags/inegi_scraper_dag.py
[2026-05-28T08:17:53.465+0000] {processor.py:830} INFO - Processing file /opt/airflow/dags/inegi_scraper_dag.py for tasks to queue
[2026-05-28T08:17:53.468+0000] {logging_mixin.py:188} INFO - [2026-05-28T08:17:53.467+0000] {dagbag.py:540} INFO - Filling up the DagBag from /opt/airflow/dags/inegi_scraper_dag.py
[2026-05-28T08:17:53.506+0000] {processor.py:840} INFO - DAG(s) 'inegi_scraper' retrieved from /opt/airflow/dags/inegi_scraper_dag.py
[2026-05-28T08:17:53.581+0000] {logging_mixin.py:188} INFO - [2026-05-28T08:17:53.580+0000] {dag.py:3047} INFO - Sync 1 DAGs
[2026-05-28T08:17:53.641+0000] {logging_mixin.py:188} INFO - [2026-05-28T08:17:53.640+0000] {dag.py:3834} INFO - Setting next_dagrun for inegi_scraper to 2026-05-28 00:00:00+00:00, run_after=2026-05-29 00:00:00+00:00
[2026-05-28T08:17:53.695+0000] {processor.py:183} INFO - Processing /opt/airflow/dags/inegi_scraper_dag.py took 0.244 seconds
[2026-05-28T08:18:24.526+0000] {processor.py:161} INFO - Started process (PID=3542) to work on /opt/airflow/dags/inegi_scraper_dag.py
[2026-05-28T08:18:24.529+0000] {processor.py:830} INFO - Processing file /opt/airflow/dags/inegi_scraper_dag.py for tasks to queue
[2026-05-28T08:18:24.536+0000] {logging_mixin.py:188} INFO - [2026-05-28T08:18:24.531+0000] {dagbag.py:540} INFO - Filling up the DagBag from /opt/airflow/dags/inegi_scraper_dag.py
[2026-05-28T08:18:24.579+0000] {processor.py:840} INFO - DAG(s) 'inegi_scraper' retrieved from /opt/airflow/dags/inegi_scraper_dag.py
[2026-05-28T08:18:24.650+0000] {logging_mixin.py:188} INFO - [2026-05-28T08:18:24.649+0000] {dag.py:3047} INFO - Sync 1 DAGs
[2026-05-28T08:18:24.713+0000] {logging_mixin.py:188} INFO - [2026-05-28T08:18:24.713+0000] {dag.py:3834} INFO - Setting next_dagrun for inegi_scraper to 2026-05-28 00:00:00+00:00, run_after=2026-05-29 00:00:00+00:00
[2026-05-28T08:18:24.770+0000] {processor.py:183} INFO - Processing /opt/airflow/dags/inegi_scraper_dag.py took 0.264 seconds
[2026-05-28T08:18:55.379+0000] {processor.py:161} INFO - Started process (PID=3572) to work on /opt/airflow/dags/inegi_scraper_dag.py
[2026-05-28T08:18:55.382+0000] {processor.py:830} INFO - Processing file /opt/airflow/dags/inegi_scraper_dag.py for tasks to queue
[2026-05-28T08:18:55.385+0000] {logging_mixin.py:188} INFO - [2026-05-28T08:18:55.384+0000] {dagbag.py:540} INFO - Filling up the DagBag from /opt/airflow/dags/inegi_scraper_dag.py
[2026-05-28T08:18:55.422+0000] {processor.py:840} INFO - DAG(s) 'inegi_scraper' retrieved from /opt/airflow/dags/inegi_scraper_dag.py
[2026-05-28T08:18:55.493+0000] {logging_mixin.py:188} INFO - [2026-05-28T08:18:55.492+0000] {dag.py:3047} INFO - Sync 1 DAGs
[2026-05-28T08:18:55.554+0000] {logging_mixin.py:188} INFO - [2026-05-28T08:18:55.553+0000] {dag.py:3834} INFO - Setting next_dagrun for inegi_scraper to 2026-05-28 00:00:00+00:00, run_after=2026-05-29 00:00:00+00:00
[2026-05-28T08:18:55.609+0000] {processor.py:183} INFO - Processing /opt/airflow/dags/inegi_scraper_dag.py took 0.239 seconds
[2026-05-28T08:19:34.272+0000] {processor.py:161} INFO - Started process (PID=3600) to work on /opt/airflow/dags/inegi_scraper_dag.py
[2026-05-28T08:19:34.324+0000] {processor.py:830} INFO - Processing file /opt/airflow/dags/inegi_scraper_dag.py for tasks to queue
[2026-05-28T08:19:34.328+0000] {logging_mixin.py:188} INFO - [2026-05-28T08:19:34.327+0000] {dagbag.py:540} INFO - Filling up the DagBag from /opt/airflow/dags/inegi_scraper_dag.py
[2026-05-28T08:19:35.856+0000] {processor.py:840} INFO - DAG(s) 'inegi_scraper' retrieved from /opt/airflow/dags/inegi_scraper_dag.py
[2026-05-28T08:19:36.177+0000] {logging_mixin.py:188} INFO - [2026-05-28T08:19:36.176+0000] {dag.py:3047} INFO - Sync 1 DAGs
[2026-05-28T08:19:36.416+0000] {logging_mixin.py:188} INFO - [2026-05-28T08:19:36.416+0000] {dag.py:3834} INFO - Setting next_dagrun for inegi_scraper to 2026-05-28 00:00:00+00:00, run_after=2026-05-29 00:00:00+00:00
[2026-05-28T08:19:37.055+0000] {processor.py:183} INFO - Processing /opt/airflow/dags/inegi_scraper_dag.py took 2.807 seconds
[2026-05-28T08:20:12.100+0000] {processor.py:161} INFO - Started process (PID=3630) to work on /opt/airflow/dags/inegi_scraper_dag.py
[2026-05-28T08:20:12.116+0000] {processor.py:830} INFO - Processing file /opt/airflow/dags/inegi_scraper_dag.py for tasks to queue
[2026-05-28T08:20:12.127+0000] {logging_mixin.py:188} INFO - [2026-05-28T08:20:12.126+0000] {dagbag.py:540} INFO - Filling up the DagBag from /opt/airflow/dags/inegi_scraper_dag.py
[2026-05-28T08:20:13.368+0000] {processor.py:840} INFO - DAG(s) 'inegi_scraper' retrieved from /opt/airflow/dags/inegi_scraper_dag.py
[2026-05-28T08:20:13.755+0000] {logging_mixin.py:188} INFO - [2026-05-28T08:20:13.754+0000] {dag.py:3047} INFO - Sync 1 DAGs
[2026-05-28T08:20:14.192+0000] {logging_mixin.py:188} INFO - [2026-05-28T08:20:14.190+0000] {dag.py:3834} INFO - Setting next_dagrun for inegi_scraper to 2026-05-28 00:00:00+00:00, run_after=2026-05-29 00:00:00+00:00
[2026-05-28T08:20:15.759+0000] {processor.py:183} INFO - Processing /opt/airflow/dags/inegi_scraper_dag.py took 3.669 seconds
[2026-05-28T08:20:47.378+0000] {processor.py:161} INFO - Started process (PID=3662) to work on /opt/airflow/dags/inegi_scraper_dag.py
[2026-05-28T08:20:47.381+0000] {processor.py:830} INFO - Processing file /opt/airflow/dags/inegi_scraper_dag.py for tasks to queue
[2026-05-28T08:20:47.384+0000] {logging_mixin.py:188} INFO - [2026-05-28T08:20:47.383+0000] {dagbag.py:540} INFO - Filling up the DagBag from /opt/airflow/dags/inegi_scraper_dag.py
[2026-05-28T08:20:47.422+0000] {processor.py:840} INFO - DAG(s) 'inegi_scraper' retrieved from /opt/airflow/dags/inegi_scraper_dag.py
[2026-05-28T08:20:47.503+0000] {logging_mixin.py:188} INFO - [2026-05-28T08:20:47.502+0000] {dag.py:3047} INFO - Sync 1 DAGs
[2026-05-28T08:20:47.566+0000] {logging_mixin.py:188} INFO - [2026-05-28T08:20:47.566+0000] {dag.py:3834} INFO - Setting next_dagrun for inegi_scraper to 2026-05-28 00:00:00+00:00, run_after=2026-05-29 00:00:00+00:00
[2026-05-28T08:20:47.662+0000] {processor.py:183} INFO - Processing /opt/airflow/dags/inegi_scraper_dag.py took 0.295 seconds
[2026-05-28T08:21:18.283+0000] {processor.py:161} INFO - Started process (PID=3690) to work on /opt/airflow/dags/inegi_scraper_dag.py
[2026-05-28T08:21:18.288+0000] {processor.py:830} INFO - Processing file /opt/airflow/dags/inegi_scraper_dag.py for tasks to queue
[2026-05-28T08:21:18.295+0000] {logging_mixin.py:188} INFO - [2026-05-28T08:21:18.292+0000] {dagbag.py:540} INFO - Filling up the DagBag from /opt/airflow/dags/inegi_scraper_dag.py
[2026-05-28T08:21:18.413+0000] {processor.py:840} INFO - DAG(s) 'inegi_scraper' retrieved from /opt/airflow/dags/inegi_scraper_dag.py
[2026-05-28T08:21:18.639+0000] {logging_mixin.py:188} INFO - [2026-05-28T08:21:18.638+0000] {dag.py:3047} INFO - Sync 1 DAGs
[2026-05-28T08:21:18.853+0000] {logging_mixin.py:188} INFO - [2026-05-28T08:21:18.852+0000] {dag.py:3834} INFO - Setting next_dagrun for inegi_scraper to 2026-05-28 00:00:00+00:00, run_after=2026-05-29 00:00:00+00:00
[2026-05-28T08:21:19.110+0000] {processor.py:183} INFO - Processing /opt/airflow/dags/inegi_scraper_dag.py took 0.844 seconds
[2026-05-28T08:21:49.693+0000] {processor.py:161} INFO - Started process (PID=3720) to work on /opt/airflow/dags/inegi_scraper_dag.py
[2026-05-28T08:21:49.699+0000] {processor.py:830} INFO - Processing file /opt/airflow/dags/inegi_scraper_dag.py for tasks to queue
[2026-05-28T08:21:49.702+0000] {logging_mixin.py:188} INFO - [2026-05-28T08:21:49.701+0000] {dagbag.py:540} INFO - Filling up the DagBag from /opt/airflow/dags/inegi_scraper_dag.py
[2026-05-28T08:21:49.747+0000] {processor.py:840} INFO - DAG(s) 'inegi_scraper' retrieved from /opt/airflow/dags/inegi_scraper_dag.py
[2026-05-28T08:21:49.832+0000] {logging_mixin.py:188} INFO - [2026-05-28T08:21:49.831+0000] {dag.py:3047} INFO - Sync 1 DAGs
[2026-05-28T08:21:49.903+0000] {logging_mixin.py:188} INFO - [2026-05-28T08:21:49.903+0000] {dag.py:3834} INFO - Setting next_dagrun for inegi_scraper to 2026-05-28 00:00:00+00:00, run_after=2026-05-29 00:00:00+00:00
[2026-05-28T08:21:50.072+0000] {processor.py:183} INFO - Processing /opt/airflow/dags/inegi_scraper_dag.py took 0.394 seconds
[2026-05-28T08:22:20.657+0000] {processor.py:161} INFO - Started process (PID=3750) to work on /opt/airflow/dags/inegi_scraper_dag.py
[2026-05-28T08:22:20.663+0000] {processor.py:830} INFO - Processing file /opt/airflow/dags/inegi_scraper_dag.py for tasks to queue
[2026-05-28T08:22:20.667+0000] {logging_mixin.py:188} INFO - [2026-05-28T08:22:20.666+0000] {dagbag.py:540} INFO - Filling up the DagBag from /opt/airflow/dags/inegi_scraper_dag.py
[2026-05-28T08:22:20.731+0000] {processor.py:840} INFO - DAG(s) 'inegi_scraper' retrieved from /opt/airflow/dags/inegi_scraper_dag.py
[2026-05-28T08:22:20.812+0000] {logging_mixin.py:188} INFO - [2026-05-28T08:22:20.812+0000] {dag.py:3047} INFO - Sync 1 DAGs
[2026-05-28T08:22:20.923+0000] {logging_mixin.py:188} INFO - [2026-05-28T08:22:20.923+0000] {dag.py:3834} INFO - Setting next_dagrun for inegi_scraper to 2026-05-28 00:00:00+00:00, run_after=2026-05-29 00:00:00+00:00
[2026-05-28T08:22:21.032+0000] {processor.py:183} INFO - Processing /opt/airflow/dags/inegi_scraper_dag.py took 0.403 seconds
[2026-05-28T08:22:52.926+0000] {processor.py:161} INFO - Started process (PID=3780) to work on /opt/airflow/dags/inegi_scraper_dag.py
[2026-05-28T08:22:52.939+0000] {processor.py:830} INFO - Processing file /opt/airflow/dags/inegi_scraper_dag.py for tasks to queue
[2026-05-28T08:22:52.954+0000] {logging_mixin.py:188} INFO - [2026-05-28T08:22:52.953+0000] {dagbag.py:540} INFO - Filling up the DagBag from /opt/airflow/dags/inegi_scraper_dag.py
[2026-05-28T08:22:54.455+0000] {processor.py:840} INFO - DAG(s) 'inegi_scraper' retrieved from /opt/airflow/dags/inegi_scraper_dag.py
[2026-05-28T08:22:54.715+0000] {logging_mixin.py:188} INFO - [2026-05-28T08:22:54.714+0000] {dag.py:3047} INFO - Sync 1 DAGs
[2026-05-28T08:22:54.978+0000] {logging_mixin.py:188} INFO - [2026-05-28T08:22:54.977+0000] {dag.py:3834} INFO - Setting next_dagrun for inegi_scraper to 2026-05-28 00:00:00+00:00, run_after=2026-05-29 00:00:00+00:00
[2026-05-28T08:22:55.425+0000] {processor.py:183} INFO - Processing /opt/airflow/dags/inegi_scraper_dag.py took 2.517 seconds
[2026-05-28T08:23:33.417+0000] {processor.py:161} INFO - Started process (PID=3812) to work on /opt/airflow/dags/inegi_scraper_dag.py
[2026-05-28T08:23:33.430+0000] {processor.py:830} INFO - Processing file /opt/airflow/dags/inegi_scraper_dag.py for tasks to queue
[2026-05-28T08:23:33.433+0000] {logging_mixin.py:188} INFO - [2026-05-28T08:23:33.432+0000] {dagbag.py:540} INFO - Filling up the DagBag from /opt/airflow/dags/inegi_scraper_dag.py
[2026-05-28T08:23:33.520+0000] {processor.py:840} INFO - DAG(s) 'inegi_scraper' retrieved from /opt/airflow/dags/inegi_scraper_dag.py
[2026-05-28T08:23:33.672+0000] {logging_mixin.py:188} INFO - [2026-05-28T08:23:33.672+0000] {dag.py:3047} INFO - Sync 1 DAGs
[2026-05-28T08:23:33.853+0000] {logging_mixin.py:188} INFO - [2026-05-28T08:23:33.853+0000] {dag.py:3834} INFO - Setting next_dagrun for inegi_scraper to 2026-05-28 00:00:00+00:00, run_after=2026-05-29 00:00:00+00:00
[2026-05-28T08:23:34.092+0000] {processor.py:183} INFO - Processing /opt/airflow/dags/inegi_scraper_dag.py took 0.690 seconds
[2026-05-28T08:24:05.161+0000] {processor.py:161} INFO - Started process (PID=3842) to work on /opt/airflow/dags/inegi_scraper_dag.py
[2026-05-28T08:24:05.166+0000] {processor.py:830} INFO - Processing file /opt/airflow/dags/inegi_scraper_dag.py for tasks to queue
[2026-05-28T08:24:05.169+0000] {logging_mixin.py:188} INFO - [2026-05-28T08:24:05.168+0000] {dagbag.py:540} INFO - Filling up the DagBag from /opt/airflow/dags/inegi_scraper_dag.py
[2026-05-28T08:24:05.218+0000] {processor.py:840} INFO - DAG(s) 'inegi_scraper' retrieved from /opt/airflow/dags/inegi_scraper_dag.py
[2026-05-28T08:24:05.416+0000] {logging_mixin.py:188} INFO - [2026-05-28T08:24:05.415+0000] {dag.py:3047} INFO - Sync 1 DAGs
[2026-05-28T08:24:05.593+0000] {logging_mixin.py:188} INFO - [2026-05-28T08:24:05.592+0000] {dag.py:3834} INFO - Setting next_dagrun for inegi_scraper to 2026-05-28 00:00:00+00:00, run_after=2026-05-29 00:00:00+00:00
[2026-05-28T08:24:05.760+0000] {processor.py:183} INFO - Processing /opt/airflow/dags/inegi_scraper_dag.py took 0.611 seconds
[2026-05-28T08:24:36.220+0000] {processor.py:161} INFO - Started process (PID=3872) to work on /opt/airflow/dags/inegi_scraper_dag.py
[2026-05-28T08:24:36.223+0000] {processor.py:830} INFO - Processing file /opt/airflow/dags/inegi_scraper_dag.py for tasks to queue
[2026-05-28T08:24:36.226+0000] {logging_mixin.py:188} INFO - [2026-05-28T08:24:36.225+0000] {dagbag.py:540} INFO - Filling up the DagBag from /opt/airflow/dags/inegi_scraper_dag.py
[2026-05-28T08:24:36.262+0000] {processor.py:840} INFO - DAG(s) 'inegi_scraper' retrieved from /opt/airflow/dags/inegi_scraper_dag.py
[2026-05-28T08:24:36.361+0000] {logging_mixin.py:188} INFO - [2026-05-28T08:24:36.360+0000] {dag.py:3047} INFO - Sync 1 DAGs
[2026-05-28T08:24:36.442+0000] {logging_mixin.py:188} INFO - [2026-05-28T08:24:36.441+0000] {dag.py:3834} INFO - Setting next_dagrun for inegi_scraper to 2026-05-28 00:00:00+00:00, run_after=2026-05-29 00:00:00+00:00
[2026-05-28T08:24:36.527+0000] {processor.py:183} INFO - Processing /opt/airflow/dags/inegi_scraper_dag.py took 0.318 seconds
[2026-05-28T08:25:07.633+0000] {processor.py:161} INFO - Started process (PID=3902) to work on /opt/airflow/dags/inegi_scraper_dag.py
[2026-05-28T08:25:07.660+0000] {processor.py:830} INFO - Processing file /opt/airflow/dags/inegi_scraper_dag.py for tasks to queue
[2026-05-28T08:25:07.687+0000] {logging_mixin.py:188} INFO - [2026-05-28T08:25:07.686+0000] {dagbag.py:540} INFO - Filling up the DagBag from /opt/airflow/dags/inegi_scraper_dag.py
[2026-05-28T08:25:07.742+0000] {processor.py:840} INFO - DAG(s) 'inegi_scraper' retrieved from /opt/airflow/dags/inegi_scraper_dag.py
[2026-05-28T08:25:07.816+0000] {logging_mixin.py:188} INFO - [2026-05-28T08:25:07.815+0000] {dag.py:3047} INFO - Sync 1 DAGs
[2026-05-28T08:25:07.877+0000] {logging_mixin.py:188} INFO - [2026-05-28T08:25:07.876+0000] {dag.py:3834} INFO - Setting next_dagrun for inegi_scraper to 2026-05-28 00:00:00+00:00, run_after=2026-05-29 00:00:00+00:00
[2026-05-28T08:25:08.062+0000] {processor.py:183} INFO - Processing /opt/airflow/dags/inegi_scraper_dag.py took 0.458 seconds
[2026-05-28T08:25:38.641+0000] {processor.py:161} INFO - Started process (PID=3932) to work on /opt/airflow/dags/inegi_scraper_dag.py
[2026-05-28T08:25:38.664+0000] {processor.py:830} INFO - Processing file /opt/airflow/dags/inegi_scraper_dag.py for tasks to queue
[2026-05-28T08:25:38.668+0000] {logging_mixin.py:188} INFO - [2026-05-28T08:25:38.667+0000] {dagbag.py:540} INFO - Filling up the DagBag from /opt/airflow/dags/inegi_scraper_dag.py
[2026-05-28T08:25:38.814+0000] {processor.py:840} INFO - DAG(s) 'inegi_scraper' retrieved from /opt/airflow/dags/inegi_scraper_dag.py
[2026-05-28T08:25:39.040+0000] {logging_mixin.py:188} INFO - [2026-05-28T08:25:39.029+0000] {dag.py:3047} INFO - Sync 1 DAGs
[2026-05-28T08:25:39.235+0000] {logging_mixin.py:188} INFO - [2026-05-28T08:25:39.235+0000] {dag.py:3834} INFO - Setting next_dagrun for inegi_scraper to 2026-05-28 00:00:00+00:00, run_after=2026-05-29 00:00:00+00:00
[2026-05-28T08:25:39.286+0000] {processor.py:183} INFO - Processing /opt/airflow/dags/inegi_scraper_dag.py took 0.667 seconds
[2026-05-28T08:26:10.069+0000] {processor.py:161} INFO - Started process (PID=3962) to work on /opt/airflow/dags/inegi_scraper_dag.py
[2026-05-28T08:26:10.074+0000] {processor.py:830} INFO - Processing file /opt/airflow/dags/inegi_scraper_dag.py for tasks to queue
[2026-05-28T08:26:10.079+0000] {logging_mixin.py:188} INFO - [2026-05-28T08:26:10.077+0000] {dagbag.py:540} INFO - Filling up the DagBag from /opt/airflow/dags/inegi_scraper_dag.py
[2026-05-28T08:26:10.137+0000] {processor.py:840} INFO - DAG(s) 'inegi_scraper' retrieved from /opt/airflow/dags/inegi_scraper_dag.py
[2026-05-28T08:26:10.407+0000] {logging_mixin.py:188} INFO - [2026-05-28T08:26:10.406+0000] {dag.py:3047} INFO - Sync 1 DAGs
[2026-05-28T08:26:10.494+0000] {logging_mixin.py:188} INFO - [2026-05-28T08:26:10.493+0000] {dag.py:3834} INFO - Setting next_dagrun for inegi_scraper to 2026-05-28 00:00:00+00:00, run_after=2026-05-29 00:00:00+00:00
[2026-05-28T08:26:10.660+0000] {processor.py:183} INFO - Processing /opt/airflow/dags/inegi_scraper_dag.py took 0.604 seconds
[2026-05-28T08:26:41.284+0000] {processor.py:161} INFO - Started process (PID=3992) to work on /opt/airflow/dags/inegi_scraper_dag.py
[2026-05-28T08:26:41.287+0000] {processor.py:830} INFO - Processing file /opt/airflow/dags/inegi_scraper_dag.py for tasks to queue
[2026-05-28T08:26:41.291+0000] {logging_mixin.py:188} INFO - [2026-05-28T08:26:41.290+0000] {dagbag.py:540} INFO - Filling up the DagBag from /opt/airflow/dags/inegi_scraper_dag.py
[2026-05-28T08:26:41.333+0000] {processor.py:840} INFO - DAG(s) 'inegi_scraper' retrieved from /opt/airflow/dags/inegi_scraper_dag.py
[2026-05-28T08:26:41.409+0000] {logging_mixin.py:188} INFO - [2026-05-28T08:26:41.408+0000] {dag.py:3047} INFO - Sync 1 DAGs
[2026-05-28T08:26:41.475+0000] {logging_mixin.py:188} INFO - [2026-05-28T08:26:41.475+0000] {dag.py:3834} INFO - Setting next_dagrun for inegi_scraper to 2026-05-28 00:00:00+00:00, run_after=2026-05-29 00:00:00+00:00
[2026-05-28T08:26:41.527+0000] {processor.py:183} INFO - Processing /opt/airflow/dags/inegi_scraper_dag.py took 0.254 seconds
[2026-05-28T08:27:12.169+0000] {processor.py:161} INFO - Started process (PID=4022) to work on /opt/airflow/dags/inegi_scraper_dag.py
[2026-05-28T08:27:12.173+0000] {processor.py:830} INFO - Processing file /opt/airflow/dags/inegi_scraper_dag.py for tasks to queue
[2026-05-28T08:27:12.176+0000] {logging_mixin.py:188} INFO - [2026-05-28T08:27:12.175+0000] {dagbag.py:540} INFO - Filling up the DagBag from /opt/airflow/dags/inegi_scraper_dag.py
[2026-05-28T08:27:12.221+0000] {processor.py:840} INFO - DAG(s) 'inegi_scraper' retrieved from /opt/airflow/dags/inegi_scraper_dag.py
[2026-05-28T08:27:12.300+0000] {logging_mixin.py:188} INFO - [2026-05-28T08:27:12.299+0000] {dag.py:3047} INFO - Sync 1 DAGs
[2026-05-28T08:27:12.361+0000] {logging_mixin.py:188} INFO - [2026-05-28T08:27:12.361+0000] {dag.py:3834} INFO - Setting next_dagrun for inegi_scraper to 2026-05-28 00:00:00+00:00, run_after=2026-05-29 00:00:00+00:00
[2026-05-28T08:27:12.412+0000] {processor.py:183} INFO - Processing /opt/airflow/dags/inegi_scraper_dag.py took 0.253 seconds
[2026-05-28T08:27:43.611+0000] {processor.py:161} INFO - Started process (PID=4052) to work on /opt/airflow/dags/inegi_scraper_dag.py
[2026-05-28T08:27:43.615+0000] {processor.py:830} INFO - Processing file /opt/airflow/dags/inegi_scraper_dag.py for tasks to queue
[2026-05-28T08:27:43.618+0000] {logging_mixin.py:188} INFO - [2026-05-28T08:27:43.617+0000] {dagbag.py:540} INFO - Filling up the DagBag from /opt/airflow/dags/inegi_scraper_dag.py
[2026-05-28T08:27:43.668+0000] {processor.py:840} INFO - DAG(s) 'inegi_scraper' retrieved from /opt/airflow/dags/inegi_scraper_dag.py
[2026-05-28T08:27:43.792+0000] {logging_mixin.py:188} INFO - [2026-05-28T08:27:43.791+0000] {dag.py:3047} INFO - Sync 1 DAGs
[2026-05-28T08:27:43.876+0000] {logging_mixin.py:188} INFO - [2026-05-28T08:27:43.875+0000] {dag.py:3834} INFO - Setting next_dagrun for inegi_scraper to 2026-05-28 00:00:00+00:00, run_after=2026-05-29 00:00:00+00:00
[2026-05-28T08:27:43.949+0000] {processor.py:183} INFO - Processing /opt/airflow/dags/inegi_scraper_dag.py took 0.354 seconds
[2026-05-28T08:28:14.252+0000] {processor.py:161} INFO - Started process (PID=4082) to work on /opt/airflow/dags/inegi_scraper_dag.py
[2026-05-28T08:28:14.255+0000] {processor.py:830} INFO - Processing file /opt/airflow/dags/inegi_scraper_dag.py for tasks to queue
[2026-05-28T08:28:14.258+0000] {logging_mixin.py:188} INFO - [2026-05-28T08:28:14.257+0000] {dagbag.py:540} INFO - Filling up the DagBag from /opt/airflow/dags/inegi_scraper_dag.py
[2026-05-28T08:28:14.297+0000] {processor.py:840} INFO - DAG(s) 'inegi_scraper' retrieved from /opt/airflow/dags/inegi_scraper_dag.py
[2026-05-28T08:28:14.376+0000] {logging_mixin.py:188} INFO - [2026-05-28T08:28:14.376+0000] {dag.py:3047} INFO - Sync 1 DAGs
[2026-05-28T08:28:14.438+0000] {logging_mixin.py:188} INFO - [2026-05-28T08:28:14.437+0000] {dag.py:3834} INFO - Setting next_dagrun for inegi_scraper to 2026-05-28 00:00:00+00:00, run_after=2026-05-29 00:00:00+00:00
[2026-05-28T08:28:14.492+0000] {processor.py:183} INFO - Processing /opt/airflow/dags/inegi_scraper_dag.py took 0.251 seconds
[2026-05-28T08:28:44.687+0000] {processor.py:161} INFO - Started process (PID=4112) to work on /opt/airflow/dags/inegi_scraper_dag.py
[2026-05-28T08:28:44.691+0000] {processor.py:830} INFO - Processing file /opt/airflow/dags/inegi_scraper_dag.py for tasks to queue
[2026-05-28T08:28:44.694+0000] {logging_mixin.py:188} INFO - [2026-05-28T08:28:44.693+0000] {dagbag.py:540} INFO - Filling up the DagBag from /opt/airflow/dags/inegi_scraper_dag.py
[2026-05-28T08:28:44.735+0000] {processor.py:840} INFO - DAG(s) 'inegi_scraper' retrieved from /opt/airflow/dags/inegi_scraper_dag.py
[2026-05-28T08:28:44.826+0000] {logging_mixin.py:188} INFO - [2026-05-28T08:28:44.825+0000] {dag.py:3047} INFO - Sync 1 DAGs
[2026-05-28T08:28:44.905+0000] {logging_mixin.py:188} INFO - [2026-05-28T08:28:44.905+0000] {dag.py:3834} INFO - Setting next_dagrun for inegi_scraper to 2026-05-28 00:00:00+00:00, run_after=2026-05-29 00:00:00+00:00
[2026-05-28T08:28:45.023+0000] {processor.py:183} INFO - Processing /opt/airflow/dags/inegi_scraper_dag.py took 0.346 seconds
[2026-05-28T08:29:28.355+0000] {processor.py:161} INFO - Started process (PID=4140) to work on /opt/airflow/dags/inegi_scraper_dag.py
[2026-05-28T08:29:28.386+0000] {processor.py:830} INFO - Processing file /opt/airflow/dags/inegi_scraper_dag.py for tasks to queue
[2026-05-28T08:29:28.403+0000] {logging_mixin.py:188} INFO - [2026-05-28T08:29:28.402+0000] {dagbag.py:540} INFO - Filling up the DagBag from /opt/airflow/dags/inegi_scraper_dag.py
[2026-05-28T08:29:34.636+0000] {processor.py:840} INFO - DAG(s) 'inegi_scraper' retrieved from /opt/airflow/dags/inegi_scraper_dag.py
[2026-05-28T08:29:34.984+0000] {logging_mixin.py:188} INFO - [2026-05-28T08:29:34.983+0000] {dag.py:3047} INFO - Sync 1 DAGs
[2026-05-28T08:29:35.524+0000] {logging_mixin.py:188} INFO - [2026-05-28T08:29:35.523+0000] {dag.py:3834} INFO - Setting next_dagrun for inegi_scraper to 2026-05-28 00:00:00+00:00, run_after=2026-05-29 00:00:00+00:00
[2026-05-28T08:29:36.291+0000] {processor.py:183} INFO - Processing /opt/airflow/dags/inegi_scraper_dag.py took 8.010 seconds
[2026-05-28T08:30:15.246+0000] {processor.py:161} INFO - Started process (PID=4170) to work on /opt/airflow/dags/inegi_scraper_dag.py
[2026-05-28T08:30:15.604+0000] {processor.py:830} INFO - Processing file /opt/airflow/dags/inegi_scraper_dag.py for tasks to queue
[2026-05-28T08:30:15.953+0000] {logging_mixin.py:188} INFO - [2026-05-28T08:30:15.951+0000] {dagbag.py:540} INFO - Filling up the DagBag from /opt/airflow/dags/inegi_scraper_dag.py
[2026-05-28T08:30:18.252+0000] {processor.py:840} INFO - DAG(s) 'inegi_scraper' retrieved from /opt/airflow/dags/inegi_scraper_dag.py
[2026-05-28T08:30:18.544+0000] {logging_mixin.py:188} INFO - [2026-05-28T08:30:18.544+0000] {dag.py:3047} INFO - Sync 1 DAGs
[2026-05-28T08:30:18.756+0000] {logging_mixin.py:188} INFO - [2026-05-28T08:30:18.756+0000] {dag.py:3834} INFO - Setting next_dagrun for inegi_scraper to 2026-05-28 00:00:00+00:00, run_after=2026-05-29 00:00:00+00:00
[2026-05-28T08:30:18.941+0000] {processor.py:183} INFO - Processing /opt/airflow/dags/inegi_scraper_dag.py took 3.759 seconds
[2026-05-28T08:30:50.473+0000] {processor.py:161} INFO - Started process (PID=4202) to work on /opt/airflow/dags/inegi_scraper_dag.py
[2026-05-28T08:30:50.486+0000] {processor.py:830} INFO - Processing file /opt/airflow/dags/inegi_scraper_dag.py for tasks to queue
[2026-05-28T08:30:50.491+0000] {logging_mixin.py:188} INFO - [2026-05-28T08:30:50.489+0000] {dagbag.py:540} INFO - Filling up the DagBag from /opt/airflow/dags/inegi_scraper_dag.py
[2026-05-28T08:30:50.566+0000] {processor.py:840} INFO - DAG(s) 'inegi_scraper' retrieved from /opt/airflow/dags/inegi_scraper_dag.py
[2026-05-28T08:30:50.803+0000] {logging_mixin.py:188} INFO - [2026-05-28T08:30:50.802+0000] {dag.py:3047} INFO - Sync 1 DAGs
[2026-05-28T08:30:50.998+0000] {logging_mixin.py:188} INFO - [2026-05-28T08:30:50.998+0000] {dag.py:3834} INFO - Setting next_dagrun for inegi_scraper to 2026-05-28 00:00:00+00:00, run_after=2026-05-29 00:00:00+00:00
[2026-05-28T08:30:51.191+0000] {processor.py:183} INFO - Processing /opt/airflow/dags/inegi_scraper_dag.py took 0.736 seconds
[2026-05-28T08:31:22.567+0000] {processor.py:161} INFO - Started process (PID=4230) to work on /opt/airflow/dags/inegi_scraper_dag.py
[2026-05-28T08:31:22.587+0000] {processor.py:830} INFO - Processing file /opt/airflow/dags/inegi_scraper_dag.py for tasks to queue
[2026-05-28T08:31:22.597+0000] {logging_mixin.py:188} INFO - [2026-05-28T08:31:22.591+0000] {dagbag.py:540} INFO - Filling up the DagBag from /opt/airflow/dags/inegi_scraper_dag.py
[2026-05-28T08:31:23.109+0000] {processor.py:840} INFO - DAG(s) 'inegi_scraper' retrieved from /opt/airflow/dags/inegi_scraper_dag.py
[2026-05-28T08:31:23.316+0000] {logging_mixin.py:188} INFO - [2026-05-28T08:31:23.315+0000] {dag.py:3047} INFO - Sync 1 DAGs
[2026-05-28T08:31:23.754+0000] {logging_mixin.py:188} INFO - [2026-05-28T08:31:23.753+0000] {dag.py:3834} INFO - Setting next_dagrun for inegi_scraper to 2026-05-28 00:00:00+00:00, run_after=2026-05-29 00:00:00+00:00
[2026-05-28T08:31:24.000+0000] {processor.py:183} INFO - Processing /opt/airflow/dags/inegi_scraper_dag.py took 1.501 seconds
[2026-05-28T08:31:59.040+0000] {processor.py:161} INFO - Started process (PID=4260) to work on /opt/airflow/dags/inegi_scraper_dag.py
[2026-05-28T08:31:59.046+0000] {processor.py:830} INFO - Processing file /opt/airflow/dags/inegi_scraper_dag.py for tasks to queue
[2026-05-28T08:31:59.056+0000] {logging_mixin.py:188} INFO - [2026-05-28T08:31:59.055+0000] {dagbag.py:540} INFO - Filling up the DagBag from /opt/airflow/dags/inegi_scraper_dag.py
[2026-05-28T08:32:02.320+0000] {processor.py:840} INFO - DAG(s) 'inegi_scraper' retrieved from /opt/airflow/dags/inegi_scraper_dag.py
[2026-05-28T08:32:02.641+0000] {logging_mixin.py:188} INFO - [2026-05-28T08:32:02.640+0000] {dag.py:3047} INFO - Sync 1 DAGs
[2026-05-28T08:32:02.835+0000] {logging_mixin.py:188} INFO - [2026-05-28T08:32:02.834+0000] {dag.py:3834} INFO - Setting next_dagrun for inegi_scraper to 2026-05-28 00:00:00+00:00, run_after=2026-05-29 00:00:00+00:00
[2026-05-28T08:32:03.080+0000] {processor.py:183} INFO - Processing /opt/airflow/dags/inegi_scraper_dag.py took 4.084 seconds
[2026-05-28T08:32:35.643+0000] {processor.py:161} INFO - Started process (PID=4290) to work on /opt/airflow/dags/inegi_scraper_dag.py
[2026-05-28T08:32:35.672+0000] {processor.py:830} INFO - Processing file /opt/airflow/dags/inegi_scraper_dag.py for tasks to queue
[2026-05-28T08:32:35.681+0000] {logging_mixin.py:188} INFO - [2026-05-28T08:32:35.680+0000] {dagbag.py:540} INFO - Filling up the DagBag from /opt/airflow/dags/inegi_scraper_dag.py
[2026-05-28T08:32:36.192+0000] {processor.py:840} INFO - DAG(s) 'inegi_scraper' retrieved from /opt/airflow/dags/inegi_scraper_dag.py
[2026-05-28T08:32:36.473+0000] {logging_mixin.py:188} INFO - [2026-05-28T08:32:36.472+0000] {dag.py:3047} INFO - Sync 1 DAGs
[2026-05-28T08:32:36.653+0000] {logging_mixin.py:188} INFO - [2026-05-28T08:32:36.652+0000] {dag.py:3834} INFO - Setting next_dagrun for inegi_scraper to 2026-05-28 00:00:00+00:00, run_after=2026-05-29 00:00:00+00:00
[2026-05-28T08:32:36.996+0000] {processor.py:183} INFO - Processing /opt/airflow/dags/inegi_scraper_dag.py took 1.379 seconds
[2026-05-28T08:33:14.898+0000] {processor.py:161} INFO - Started process (PID=4320) to work on /opt/airflow/dags/inegi_scraper_dag.py
[2026-05-28T08:33:14.942+0000] {processor.py:830} INFO - Processing file /opt/airflow/dags/inegi_scraper_dag.py for tasks to queue
[2026-05-28T08:33:14.968+0000] {logging_mixin.py:188} INFO - [2026-05-28T08:33:14.967+0000] {dagbag.py:540} INFO - Filling up the DagBag from /opt/airflow/dags/inegi_scraper_dag.py
[2026-05-28T08:33:15.642+0000] {processor.py:840} INFO - DAG(s) 'inegi_scraper' retrieved from /opt/airflow/dags/inegi_scraper_dag.py
[2026-05-28T08:33:15.899+0000] {logging_mixin.py:188} INFO - [2026-05-28T08:33:15.898+0000] {dag.py:3047} INFO - Sync 1 DAGs
[2026-05-28T08:33:16.164+0000] {logging_mixin.py:188} INFO - [2026-05-28T08:33:16.163+0000] {dag.py:3834} INFO - Setting next_dagrun for inegi_scraper to 2026-05-28 00:00:00+00:00, run_after=2026-05-29 00:00:00+00:00
[2026-05-28T08:33:16.571+0000] {processor.py:183} INFO - Processing /opt/airflow/dags/inegi_scraper_dag.py took 1.692 seconds
[2026-05-28T08:33:48.948+0000] {processor.py:161} INFO - Started process (PID=4350) to work on /opt/airflow/dags/inegi_scraper_dag.py
[2026-05-28T08:33:48.984+0000] {processor.py:830} INFO - Processing file /opt/airflow/dags/inegi_scraper_dag.py for tasks to queue
[2026-05-28T08:33:48.998+0000] {logging_mixin.py:188} INFO - [2026-05-28T08:33:48.997+0000] {dagbag.py:540} INFO - Filling up the DagBag from /opt/airflow/dags/inegi_scraper_dag.py
[2026-05-28T08:33:49.490+0000] {processor.py:840} INFO - DAG(s) 'inegi_scraper' retrieved from /opt/airflow/dags/inegi_scraper_dag.py
[2026-05-28T08:33:49.740+0000] {logging_mixin.py:188} INFO - [2026-05-28T08:33:49.727+0000] {dag.py:3047} INFO - Sync 1 DAGs
[2026-05-28T08:33:50.186+0000] {logging_mixin.py:188} INFO - [2026-05-28T08:33:50.185+0000] {dag.py:3834} INFO - Setting next_dagrun for inegi_scraper to 2026-05-28 00:00:00+00:00, run_after=2026-05-29 00:00:00+00:00
[2026-05-28T08:33:50.357+0000] {processor.py:183} INFO - Processing /opt/airflow/dags/inegi_scraper_dag.py took 1.458 seconds
[2026-05-28T08:34:21.455+0000] {processor.py:161} INFO - Started process (PID=4380) to work on /opt/airflow/dags/inegi_scraper_dag.py
[2026-05-28T08:34:21.459+0000] {processor.py:830} INFO - Processing file /opt/airflow/dags/inegi_scraper_dag.py for tasks to queue
[2026-05-28T08:34:21.472+0000] {logging_mixin.py:188} INFO - [2026-05-28T08:34:21.471+0000] {dagbag.py:540} INFO - Filling up the DagBag from /opt/airflow/dags/inegi_scraper_dag.py
[2026-05-28T08:34:21.585+0000] {processor.py:840} INFO - DAG(s) 'inegi_scraper' retrieved from /opt/airflow/dags/inegi_scraper_dag.py
[2026-05-28T08:34:21.777+0000] {logging_mixin.py:188} INFO - [2026-05-28T08:34:21.776+0000] {dag.py:3047} INFO - Sync 1 DAGs
[2026-05-28T08:34:21.931+0000] {logging_mixin.py:188} INFO - [2026-05-28T08:34:21.930+0000] {dag.py:3834} INFO - Setting next_dagrun for inegi_scraper to 2026-05-28 00:00:00+00:00, run_after=2026-05-29 00:00:00+00:00
[2026-05-28T08:34:22.101+0000] {processor.py:183} INFO - Processing /opt/airflow/dags/inegi_scraper_dag.py took 0.673 seconds
[2026-05-28T08:34:53.722+0000] {processor.py:161} INFO - Started process (PID=4410) to work on /opt/airflow/dags/inegi_scraper_dag.py
[2026-05-28T08:34:53.725+0000] {processor.py:830} INFO - Processing file /opt/airflow/dags/inegi_scraper_dag.py for tasks to queue
[2026-05-28T08:34:53.730+0000] {logging_mixin.py:188} INFO - [2026-05-28T08:34:53.729+0000] {dagbag.py:540} INFO - Filling up the DagBag from /opt/airflow/dags/inegi_scraper_dag.py
[2026-05-28T08:34:53.829+0000] {processor.py:840} INFO - DAG(s) 'inegi_scraper' retrieved from /opt/airflow/dags/inegi_scraper_dag.py
[2026-05-28T08:34:53.933+0000] {logging_mixin.py:188} INFO - [2026-05-28T08:34:53.932+0000] {dag.py:3047} INFO - Sync 1 DAGs
[2026-05-28T08:34:54.013+0000] {logging_mixin.py:188} INFO - [2026-05-28T08:34:54.012+0000] {dag.py:3834} INFO - Setting next_dagrun for inegi_scraper to 2026-05-28 00:00:00+00:00, run_after=2026-05-29 00:00:00+00:00
[2026-05-28T08:34:54.148+0000] {processor.py:183} INFO - Processing /opt/airflow/dags/inegi_scraper_dag.py took 0.450 seconds
[2026-05-28T08:35:24.657+0000] {processor.py:161} INFO - Started process (PID=4440) to work on /opt/airflow/dags/inegi_scraper_dag.py
[2026-05-28T08:35:24.661+0000] {processor.py:830} INFO - Processing file /opt/airflow/dags/inegi_scraper_dag.py for tasks to queue
[2026-05-28T08:35:24.664+0000] {logging_mixin.py:188} INFO - [2026-05-28T08:35:24.663+0000] {dagbag.py:540} INFO - Filling up the DagBag from /opt/airflow/dags/inegi_scraper_dag.py
[2026-05-28T08:35:24.725+0000] {processor.py:840} INFO - DAG(s) 'inegi_scraper' retrieved from /opt/airflow/dags/inegi_scraper_dag.py
[2026-05-28T08:35:24.800+0000] {logging_mixin.py:188} INFO - [2026-05-28T08:35:24.800+0000] {dag.py:3047} INFO - Sync 1 DAGs
[2026-05-28T08:35:24.865+0000] {logging_mixin.py:188} INFO - [2026-05-28T08:35:24.864+0000] {dag.py:3834} INFO - Setting next_dagrun for inegi_scraper to 2026-05-28 00:00:00+00:00, run_after=2026-05-29 00:00:00+00:00
[2026-05-28T08:35:25.031+0000] {processor.py:183} INFO - Processing /opt/airflow/dags/inegi_scraper_dag.py took 0.390 seconds
[2026-05-28T08:35:55.617+0000] {processor.py:161} INFO - Started process (PID=4470) to work on /opt/airflow/dags/inegi_scraper_dag.py
[2026-05-28T08:35:55.635+0000] {processor.py:830} INFO - Processing file /opt/airflow/dags/inegi_scraper_dag.py for tasks to queue
[2026-05-28T08:35:55.638+0000] {logging_mixin.py:188} INFO - [2026-05-28T08:35:55.637+0000] {dagbag.py:540} INFO - Filling up the DagBag from /opt/airflow/dags/inegi_scraper_dag.py
[2026-05-28T08:35:57.134+0000] {processor.py:840} INFO - DAG(s) 'inegi_scraper' retrieved from /opt/airflow/dags/inegi_scraper_dag.py
[2026-05-28T08:35:57.430+0000] {logging_mixin.py:188} INFO - [2026-05-28T08:35:57.428+0000] {dag.py:3047} INFO - Sync 1 DAGs
[2026-05-28T08:35:57.943+0000] {logging_mixin.py:188} INFO - [2026-05-28T08:35:57.942+0000] {dag.py:3834} INFO - Setting next_dagrun for inegi_scraper to 2026-05-28 00:00:00+00:00, run_after=2026-05-29 00:00:00+00:00
[2026-05-28T08:35:58.265+0000] {processor.py:183} INFO - Processing /opt/airflow/dags/inegi_scraper_dag.py took 2.683 seconds
[2026-05-28T08:36:30.103+0000] {processor.py:161} INFO - Started process (PID=4500) to work on /opt/airflow/dags/inegi_scraper_dag.py
[2026-05-28T08:36:30.107+0000] {processor.py:830} INFO - Processing file /opt/airflow/dags/inegi_scraper_dag.py for tasks to queue
[2026-05-28T08:36:30.110+0000] {logging_mixin.py:188} INFO - [2026-05-28T08:36:30.109+0000] {dagbag.py:540} INFO - Filling up the DagBag from /opt/airflow/dags/inegi_scraper_dag.py
[2026-05-28T08:36:30.171+0000] {processor.py:840} INFO - DAG(s) 'inegi_scraper' retrieved from /opt/airflow/dags/inegi_scraper_dag.py
[2026-05-28T08:36:30.253+0000] {logging_mixin.py:188} INFO - [2026-05-28T08:36:30.253+0000] {dag.py:3047} INFO - Sync 1 DAGs
[2026-05-28T08:36:30.323+0000] {logging_mixin.py:188} INFO - [2026-05-28T08:36:30.322+0000] {dag.py:3834} INFO - Setting next_dagrun for inegi_scraper to 2026-05-28 00:00:00+00:00, run_after=2026-05-29 00:00:00+00:00
[2026-05-28T08:36:30.418+0000] {processor.py:183} INFO - Processing /opt/airflow/dags/inegi_scraper_dag.py took 0.329 seconds
[2026-05-28T08:37:01.628+0000] {processor.py:161} INFO - Started process (PID=4530) to work on /opt/airflow/dags/inegi_scraper_dag.py
[2026-05-28T08:37:01.654+0000] {processor.py:830} INFO - Processing file /opt/airflow/dags/inegi_scraper_dag.py for tasks to queue
[2026-05-28T08:37:01.693+0000] {logging_mixin.py:188} INFO - [2026-05-28T08:37:01.692+0000] {dagbag.py:540} INFO - Filling up the DagBag from /opt/airflow/dags/inegi_scraper_dag.py
[2026-05-28T08:37:01.943+0000] {processor.py:840} INFO - DAG(s) 'inegi_scraper' retrieved from /opt/airflow/dags/inegi_scraper_dag.py
[2026-05-28T08:37:02.158+0000] {logging_mixin.py:188} INFO - [2026-05-28T08:37:02.157+0000] {dag.py:3047} INFO - Sync 1 DAGs
[2026-05-28T08:37:02.327+0000] {logging_mixin.py:188} INFO - [2026-05-28T08:37:02.326+0000] {dag.py:3834} INFO - Setting next_dagrun for inegi_scraper to 2026-05-28 00:00:00+00:00, run_after=2026-05-29 00:00:00+00:00
[2026-05-28T08:37:02.546+0000] {processor.py:183} INFO - Processing /opt/airflow/dags/inegi_scraper_dag.py took 0.934 seconds
[2026-05-28T08:37:34.346+0000] {processor.py:161} INFO - Started process (PID=4560) to work on /opt/airflow/dags/inegi_scraper_dag.py
[2026-05-28T08:37:34.363+0000] {processor.py:830} INFO - Processing file /opt/airflow/dags/inegi_scraper_dag.py for tasks to queue
[2026-05-28T08:37:34.374+0000] {logging_mixin.py:188} INFO - [2026-05-28T08:37:34.366+0000] {dagbag.py:540} INFO - Filling up the DagBag from /opt/airflow/dags/inegi_scraper_dag.py
[2026-05-28T08:37:34.587+0000] {processor.py:840} INFO - DAG(s) 'inegi_scraper' retrieved from /opt/airflow/dags/inegi_scraper_dag.py
[2026-05-28T08:37:34.732+0000] {logging_mixin.py:188} INFO - [2026-05-28T08:37:34.732+0000] {dag.py:3047} INFO - Sync 1 DAGs
[2026-05-28T08:37:34.801+0000] {logging_mixin.py:188} INFO - [2026-05-28T08:37:34.800+0000] {dag.py:3834} INFO - Setting next_dagrun for inegi_scraper to 2026-05-28 00:00:00+00:00, run_after=2026-05-29 00:00:00+00:00
[2026-05-28T08:37:34.868+0000] {processor.py:183} INFO - Processing /opt/airflow/dags/inegi_scraper_dag.py took 0.544 seconds
[2026-05-28T08:38:06.516+0000] {processor.py:161} INFO - Started process (PID=4590) to work on /opt/airflow/dags/inegi_scraper_dag.py
[2026-05-28T08:38:06.521+0000] {processor.py:830} INFO - Processing file /opt/airflow/dags/inegi_scraper_dag.py for tasks to queue
[2026-05-28T08:38:06.535+0000] {logging_mixin.py:188} INFO - [2026-05-28T08:38:06.534+0000] {dagbag.py:540} INFO - Filling up the DagBag from /opt/airflow/dags/inegi_scraper_dag.py
[2026-05-28T08:38:06.638+0000] {processor.py:840} INFO - DAG(s) 'inegi_scraper' retrieved from /opt/airflow/dags/inegi_scraper_dag.py
[2026-05-28T08:38:06.763+0000] {logging_mixin.py:188} INFO - [2026-05-28T08:38:06.763+0000] {dag.py:3047} INFO - Sync 1 DAGs
[2026-05-28T08:38:06.936+0000] {logging_mixin.py:188} INFO - [2026-05-28T08:38:06.935+0000] {dag.py:3834} INFO - Setting next_dagrun for inegi_scraper to 2026-05-28 00:00:00+00:00, run_after=2026-05-29 00:00:00+00:00
[2026-05-28T08:38:07.049+0000] {processor.py:183} INFO - Processing /opt/airflow/dags/inegi_scraper_dag.py took 0.575 seconds
[2026-05-28T08:38:39.694+0000] {processor.py:161} INFO - Started process (PID=4620) to work on /opt/airflow/dags/inegi_scraper_dag.py
[2026-05-28T08:38:39.704+0000] {processor.py:830} INFO - Processing file /opt/airflow/dags/inegi_scraper_dag.py for tasks to queue
[2026-05-28T08:38:39.707+0000] {logging_mixin.py:188} INFO - [2026-05-28T08:38:39.706+0000] {dagbag.py:540} INFO - Filling up the DagBag from /opt/airflow/dags/inegi_scraper_dag.py
[2026-05-28T08:38:39.772+0000] {processor.py:840} INFO - DAG(s) 'inegi_scraper' retrieved from /opt/airflow/dags/inegi_scraper_dag.py
[2026-05-28T08:38:39.905+0000] {logging_mixin.py:188} INFO - [2026-05-28T08:38:39.904+0000] {dag.py:3047} INFO - Sync 1 DAGs
[2026-05-28T08:38:40.047+0000] {logging_mixin.py:188} INFO - [2026-05-28T08:38:40.046+0000] {dag.py:3834} INFO - Setting next_dagrun for inegi_scraper to 2026-05-28 00:00:00+00:00, run_after=2026-05-29 00:00:00+00:00
[2026-05-28T08:38:40.128+0000] {processor.py:183} INFO - Processing /opt/airflow/dags/inegi_scraper_dag.py took 0.454 seconds
[2026-05-28T08:39:15.820+0000] {processor.py:161} INFO - Started process (PID=4650) to work on /opt/airflow/dags/inegi_scraper_dag.py
[2026-05-28T08:39:15.852+0000] {processor.py:830} INFO - Processing file /opt/airflow/dags/inegi_scraper_dag.py for tasks to queue
[2026-05-28T08:39:15.869+0000] {logging_mixin.py:188} INFO - [2026-05-28T08:39:15.868+0000] {dagbag.py:540} INFO - Filling up the DagBag from /opt/airflow/dags/inegi_scraper_dag.py
[2026-05-28T08:39:16.078+0000] {processor.py:840} INFO - DAG(s) 'inegi_scraper' retrieved from /opt/airflow/dags/inegi_scraper_dag.py
[2026-05-28T08:39:16.184+0000] {logging_mixin.py:188} INFO - [2026-05-28T08:39:16.184+0000] {dag.py:3047} INFO - Sync 1 DAGs
[2026-05-28T08:39:16.266+0000] {logging_mixin.py:188} INFO - [2026-05-28T08:39:16.265+0000] {dag.py:3834} INFO - Setting next_dagrun for inegi_scraper to 2026-05-28 00:00:00+00:00, run_after=2026-05-29 00:00:00+00:00
[2026-05-28T08:39:16.346+0000] {processor.py:183} INFO - Processing /opt/airflow/dags/inegi_scraper_dag.py took 0.549 seconds
[2026-05-28T08:39:46.663+0000] {processor.py:161} INFO - Started process (PID=4680) to work on /opt/airflow/dags/inegi_scraper_dag.py
[2026-05-28T08:39:46.668+0000] {processor.py:830} INFO - Processing file /opt/airflow/dags/inegi_scraper_dag.py for tasks to queue
[2026-05-28T08:39:46.672+0000] {logging_mixin.py:188} INFO - [2026-05-28T08:39:46.671+0000] {dagbag.py:540} INFO - Filling up the DagBag from /opt/airflow/dags/inegi_scraper_dag.py
[2026-05-28T08:39:46.739+0000] {processor.py:840} INFO - DAG(s) 'inegi_scraper' retrieved from /opt/airflow/dags/inegi_scraper_dag.py
[2026-05-28T08:39:46.845+0000] {logging_mixin.py:188} INFO - [2026-05-28T08:39:46.844+0000] {dag.py:3047} INFO - Sync 1 DAGs
[2026-05-28T08:39:47.012+0000] {logging_mixin.py:188} INFO - [2026-05-28T08:39:47.011+0000] {dag.py:3834} INFO - Setting next_dagrun for inegi_scraper to 2026-05-28 00:00:00+00:00, run_after=2026-05-29 00:00:00+00:00
[2026-05-28T08:39:47.331+0000] {processor.py:183} INFO - Processing /opt/airflow/dags/inegi_scraper_dag.py took 0.687 seconds
[2026-05-28T08:40:18.034+0000] {processor.py:161} INFO - Started process (PID=4710) to work on /opt/airflow/dags/inegi_scraper_dag.py
[2026-05-28T08:40:18.039+0000] {processor.py:830} INFO - Processing file /opt/airflow/dags/inegi_scraper_dag.py for tasks to queue
[2026-05-28T08:40:18.043+0000] {logging_mixin.py:188} INFO - [2026-05-28T08:40:18.042+0000] {dagbag.py:540} INFO - Filling up the DagBag from /opt/airflow/dags/inegi_scraper_dag.py
[2026-05-28T08:40:18.104+0000] {processor.py:840} INFO - DAG(s) 'inegi_scraper' retrieved from /opt/airflow/dags/inegi_scraper_dag.py
[2026-05-28T08:40:18.187+0000] {logging_mixin.py:188} INFO - [2026-05-28T08:40:18.186+0000] {dag.py:3047} INFO - Sync 1 DAGs
[2026-05-28T08:40:18.316+0000] {logging_mixin.py:188} INFO - [2026-05-28T08:40:18.314+0000] {dag.py:3834} INFO - Setting next_dagrun for inegi_scraper to 2026-05-28 00:00:00+00:00, run_after=2026-05-29 00:00:00+00:00
[2026-05-28T08:40:18.380+0000] {processor.py:183} INFO - Processing /opt/airflow/dags/inegi_scraper_dag.py took 0.356 seconds
[2026-05-28T08:40:48.818+0000] {processor.py:161} INFO - Started process (PID=4740) to work on /opt/airflow/dags/inegi_scraper_dag.py
[2026-05-28T08:40:48.823+0000] {processor.py:830} INFO - Processing file /opt/airflow/dags/inegi_scraper_dag.py for tasks to queue
[2026-05-28T08:40:48.828+0000] {logging_mixin.py:188} INFO - [2026-05-28T08:40:48.826+0000] {dagbag.py:540} INFO - Filling up the DagBag from /opt/airflow/dags/inegi_scraper_dag.py
[2026-05-28T08:40:48.880+0000] {processor.py:840} INFO - DAG(s) 'inegi_scraper' retrieved from /opt/airflow/dags/inegi_scraper_dag.py
[2026-05-28T08:40:48.958+0000] {logging_mixin.py:188} INFO - [2026-05-28T08:40:48.957+0000] {dag.py:3047} INFO - Sync 1 DAGs
[2026-05-28T08:40:49.126+0000] {logging_mixin.py:188} INFO - [2026-05-28T08:40:49.125+0000] {dag.py:3834} INFO - Setting next_dagrun for inegi_scraper to 2026-05-28 00:00:00+00:00, run_after=2026-05-29 00:00:00+00:00
[2026-05-28T08:40:49.407+0000] {processor.py:183} INFO - Processing /opt/airflow/dags/inegi_scraper_dag.py took 0.601 seconds
[2026-05-28T08:41:19.765+0000] {processor.py:161} INFO - Started process (PID=4770) to work on /opt/airflow/dags/inegi_scraper_dag.py
[2026-05-28T08:41:19.768+0000] {processor.py:830} INFO - Processing file /opt/airflow/dags/inegi_scraper_dag.py for tasks to queue
[2026-05-28T08:41:19.774+0000] {logging_mixin.py:188} INFO - [2026-05-28T08:41:19.772+0000] {dagbag.py:540} INFO - Filling up the DagBag from /opt/airflow/dags/inegi_scraper_dag.py
[2026-05-28T08:41:19.832+0000] {processor.py:840} INFO - DAG(s) 'inegi_scraper' retrieved from /opt/airflow/dags/inegi_scraper_dag.py
[2026-05-28T08:41:19.973+0000] {logging_mixin.py:188} INFO - [2026-05-28T08:41:19.972+0000] {dag.py:3047} INFO - Sync 1 DAGs
[2026-05-28T08:41:20.045+0000] {logging_mixin.py:188} INFO - [2026-05-28T08:41:20.043+0000] {dag.py:3834} INFO - Setting next_dagrun for inegi_scraper to 2026-05-28 00:00:00+00:00, run_after=2026-05-29 00:00:00+00:00
[2026-05-28T08:41:20.120+0000] {processor.py:183} INFO - Processing /opt/airflow/dags/inegi_scraper_dag.py took 0.368 seconds
[2026-05-28T08:41:51.925+0000] {processor.py:161} INFO - Started process (PID=4800) to work on /opt/airflow/dags/inegi_scraper_dag.py
[2026-05-28T08:41:51.951+0000] {processor.py:830} INFO - Processing file /opt/airflow/dags/inegi_scraper_dag.py for tasks to queue
[2026-05-28T08:41:51.957+0000] {logging_mixin.py:188} INFO - [2026-05-28T08:41:51.955+0000] {dagbag.py:540} INFO - Filling up the DagBag from /opt/airflow/dags/inegi_scraper_dag.py
[2026-05-28T08:41:52.094+0000] {processor.py:840} INFO - DAG(s) 'inegi_scraper' retrieved from /opt/airflow/dags/inegi_scraper_dag.py
[2026-05-28T08:41:52.529+0000] {logging_mixin.py:188} INFO - [2026-05-28T08:41:52.528+0000] {dag.py:3047} INFO - Sync 1 DAGs
[2026-05-28T08:41:52.896+0000] {logging_mixin.py:188} INFO - [2026-05-28T08:41:52.895+0000] {dag.py:3834} INFO - Setting next_dagrun for inegi_scraper to 2026-05-28 00:00:00+00:00, run_after=2026-05-29 00:00:00+00:00
[2026-05-28T08:41:53.135+0000] {processor.py:183} INFO - Processing /opt/airflow/dags/inegi_scraper_dag.py took 1.253 seconds
[2026-05-28T08:42:23.775+0000] {processor.py:161} INFO - Started process (PID=4830) to work on /opt/airflow/dags/inegi_scraper_dag.py
[2026-05-28T08:42:23.787+0000] {processor.py:830} INFO - Processing file /opt/airflow/dags/inegi_scraper_dag.py for tasks to queue
[2026-05-28T08:42:23.794+0000] {logging_mixin.py:188} INFO - [2026-05-28T08:42:23.791+0000] {dagbag.py:540} INFO - Filling up the DagBag from /opt/airflow/dags/inegi_scraper_dag.py
[2026-05-28T08:42:23.844+0000] {processor.py:840} INFO - DAG(s) 'inegi_scraper' retrieved from /opt/airflow/dags/inegi_scraper_dag.py
[2026-05-28T08:42:23.933+0000] {logging_mixin.py:188} INFO - [2026-05-28T08:42:23.932+0000] {dag.py:3047} INFO - Sync 1 DAGs
[2026-05-28T08:42:24.007+0000] {logging_mixin.py:188} INFO - [2026-05-28T08:42:24.006+0000] {dag.py:3834} INFO - Setting next_dagrun for inegi_scraper to 2026-05-28 00:00:00+00:00, run_after=2026-05-29 00:00:00+00:00
[2026-05-28T08:42:24.065+0000] {processor.py:183} INFO - Processing /opt/airflow/dags/inegi_scraper_dag.py took 0.306 seconds
[2026-05-28T08:42:54.566+0000] {processor.py:161} INFO - Started process (PID=4860) to work on /opt/airflow/dags/inegi_scraper_dag.py
[2026-05-28T08:42:54.570+0000] {processor.py:830} INFO - Processing file /opt/airflow/dags/inegi_scraper_dag.py for tasks to queue
[2026-05-28T08:42:54.574+0000] {logging_mixin.py:188} INFO - [2026-05-28T08:42:54.572+0000] {dagbag.py:540} INFO - Filling up the DagBag from /opt/airflow/dags/inegi_scraper_dag.py
[2026-05-28T08:42:54.623+0000] {processor.py:840} INFO - DAG(s) 'inegi_scraper' retrieved from /opt/airflow/dags/inegi_scraper_dag.py
[2026-05-28T08:42:54.749+0000] {logging_mixin.py:188} INFO - [2026-05-28T08:42:54.749+0000] {dag.py:3047} INFO - Sync 1 DAGs
[2026-05-28T08:42:54.844+0000] {logging_mixin.py:188} INFO - [2026-05-28T08:42:54.842+0000] {dag.py:3834} INFO - Setting next_dagrun for inegi_scraper to 2026-05-28 00:00:00+00:00, run_after=2026-05-29 00:00:00+00:00
[2026-05-28T08:42:54.919+0000] {processor.py:183} INFO - Processing /opt/airflow/dags/inegi_scraper_dag.py took 0.368 seconds
[2026-05-28T08:43:26.056+0000] {processor.py:161} INFO - Started process (PID=4892) to work on /opt/airflow/dags/inegi_scraper_dag.py
[2026-05-28T08:43:26.059+0000] {processor.py:830} INFO - Processing file /opt/airflow/dags/inegi_scraper_dag.py for tasks to queue
[2026-05-28T08:43:26.064+0000] {logging_mixin.py:188} INFO - [2026-05-28T08:43:26.063+0000] {dagbag.py:540} INFO - Filling up the DagBag from /opt/airflow/dags/inegi_scraper_dag.py
[2026-05-28T08:43:26.126+0000] {processor.py:840} INFO - DAG(s) 'inegi_scraper' retrieved from /opt/airflow/dags/inegi_scraper_dag.py
[2026-05-28T08:43:26.203+0000] {logging_mixin.py:188} INFO - [2026-05-28T08:43:26.202+0000] {dag.py:3047} INFO - Sync 1 DAGs
[2026-05-28T08:43:26.268+0000] {logging_mixin.py:188} INFO - [2026-05-28T08:43:26.267+0000] {dag.py:3834} INFO - Setting next_dagrun for inegi_scraper to 2026-05-28 00:00:00+00:00, run_after=2026-05-29 00:00:00+00:00
[2026-05-28T08:43:26.322+0000] {processor.py:183} INFO - Processing /opt/airflow/dags/inegi_scraper_dag.py took 0.279 seconds
[2026-05-28T08:43:56.679+0000] {processor.py:161} INFO - Started process (PID=4921) to work on /opt/airflow/dags/inegi_scraper_dag.py
[2026-05-28T08:43:56.683+0000] {processor.py:830} INFO - Processing file /opt/airflow/dags/inegi_scraper_dag.py for tasks to queue
[2026-05-28T08:43:56.687+0000] {logging_mixin.py:188} INFO - [2026-05-28T08:43:56.686+0000] {dagbag.py:540} INFO - Filling up the DagBag from /opt/airflow/dags/inegi_scraper_dag.py
[2026-05-28T08:43:56.739+0000] {processor.py:840} INFO - DAG(s) 'inegi_scraper' retrieved from /opt/airflow/dags/inegi_scraper_dag.py
[2026-05-28T08:43:56.936+0000] {logging_mixin.py:188} INFO - [2026-05-28T08:43:56.935+0000] {dag.py:3047} INFO - Sync 1 DAGs
[2026-05-28T08:43:57.112+0000] {logging_mixin.py:188} INFO - [2026-05-28T08:43:57.111+0000] {dag.py:3834} INFO - Setting next_dagrun for inegi_scraper to 2026-05-28 00:00:00+00:00, run_after=2026-05-29 00:00:00+00:00
[2026-05-28T08:43:57.267+0000] {processor.py:183} INFO - Processing /opt/airflow/dags/inegi_scraper_dag.py took 0.598 seconds
[2026-05-28T08:44:27.691+0000] {processor.py:161} INFO - Started process (PID=4952) to work on /opt/airflow/dags/inegi_scraper_dag.py
[2026-05-28T08:44:27.694+0000] {processor.py:830} INFO - Processing file /opt/airflow/dags/inegi_scraper_dag.py for tasks to queue
[2026-05-28T08:44:27.697+0000] {logging_mixin.py:188} INFO - [2026-05-28T08:44:27.696+0000] {dagbag.py:540} INFO - Filling up the DagBag from /opt/airflow/dags/inegi_scraper_dag.py
[2026-05-28T08:44:27.738+0000] {processor.py:840} INFO - DAG(s) 'inegi_scraper' retrieved from /opt/airflow/dags/inegi_scraper_dag.py
[2026-05-28T08:44:27.814+0000] {logging_mixin.py:188} INFO - [2026-05-28T08:44:27.813+0000] {dag.py:3047} INFO - Sync 1 DAGs
[2026-05-28T08:44:27.875+0000] {logging_mixin.py:188} INFO - [2026-05-28T08:44:27.875+0000] {dag.py:3834} INFO - Setting next_dagrun for inegi_scraper to 2026-05-28 00:00:00+00:00, run_after=2026-05-29 00:00:00+00:00
[2026-05-28T08:44:27.930+0000] {processor.py:183} INFO - Processing /opt/airflow/dags/inegi_scraper_dag.py took 0.251 seconds
[2026-05-28T08:44:58.337+0000] {processor.py:161} INFO - Started process (PID=4982) to work on /opt/airflow/dags/inegi_scraper_dag.py
[2026-05-28T08:44:58.342+0000] {processor.py:830} INFO - Processing file /opt/airflow/dags/inegi_scraper_dag.py for tasks to queue
[2026-05-28T08:44:58.345+0000] {logging_mixin.py:188} INFO - [2026-05-28T08:44:58.344+0000] {dagbag.py:540} INFO - Filling up the DagBag from /opt/airflow/dags/inegi_scraper_dag.py
[2026-05-28T08:44:58.387+0000] {processor.py:840} INFO - DAG(s) 'inegi_scraper' retrieved from /opt/airflow/dags/inegi_scraper_dag.py
[2026-05-28T08:44:58.474+0000] {logging_mixin.py:188} INFO - [2026-05-28T08:44:58.473+0000] {dag.py:3047} INFO - Sync 1 DAGs
[2026-05-28T08:44:58.664+0000] {logging_mixin.py:188} INFO - [2026-05-28T08:44:58.664+0000] {dag.py:3834} INFO - Setting next_dagrun for inegi_scraper to 2026-05-28 00:00:00+00:00, run_after=2026-05-29 00:00:00+00:00
[2026-05-28T08:44:58.806+0000] {processor.py:183} INFO - Processing /opt/airflow/dags/inegi_scraper_dag.py took 0.479 seconds
[2026-05-28T08:45:29.751+0000] {processor.py:161} INFO - Started process (PID=5010) to work on /opt/airflow/dags/inegi_scraper_dag.py
[2026-05-28T08:45:29.758+0000] {processor.py:830} INFO - Processing file /opt/airflow/dags/inegi_scraper_dag.py for tasks to queue
[2026-05-28T08:45:29.770+0000] {logging_mixin.py:188} INFO - [2026-05-28T08:45:29.769+0000] {dagbag.py:540} INFO - Filling up the DagBag from /opt/airflow/dags/inegi_scraper_dag.py
[2026-05-28T08:45:30.169+0000] {processor.py:840} INFO - DAG(s) 'inegi_scraper' retrieved from /opt/airflow/dags/inegi_scraper_dag.py
[2026-05-28T08:45:30.347+0000] {logging_mixin.py:188} INFO - [2026-05-28T08:45:30.346+0000] {dag.py:3047} INFO - Sync 1 DAGs
[2026-05-28T08:45:30.505+0000] {logging_mixin.py:188} INFO - [2026-05-28T08:45:30.505+0000] {dag.py:3834} INFO - Setting next_dagrun for inegi_scraper to 2026-05-28 00:00:00+00:00, run_after=2026-05-29 00:00:00+00:00
[2026-05-28T08:45:30.628+0000] {processor.py:183} INFO - Processing /opt/airflow/dags/inegi_scraper_dag.py took 0.903 seconds
[2026-05-28T08:46:01.504+0000] {processor.py:161} INFO - Started process (PID=5042) to work on /opt/airflow/dags/inegi_scraper_dag.py
[2026-05-28T08:46:01.507+0000] {processor.py:830} INFO - Processing file /opt/airflow/dags/inegi_scraper_dag.py for tasks to queue
[2026-05-28T08:46:01.511+0000] {logging_mixin.py:188} INFO - [2026-05-28T08:46:01.510+0000] {dagbag.py:540} INFO - Filling up the DagBag from /opt/airflow/dags/inegi_scraper_dag.py
[2026-05-28T08:46:01.554+0000] {processor.py:840} INFO - DAG(s) 'inegi_scraper' retrieved from /opt/airflow/dags/inegi_scraper_dag.py
[2026-05-28T08:46:01.631+0000] {logging_mixin.py:188} INFO - [2026-05-28T08:46:01.631+0000] {dag.py:3047} INFO - Sync 1 DAGs
[2026-05-28T08:46:01.718+0000] {logging_mixin.py:188} INFO - [2026-05-28T08:46:01.718+0000] {dag.py:3834} INFO - Setting next_dagrun for inegi_scraper to 2026-05-28 00:00:00+00:00, run_after=2026-05-29 00:00:00+00:00
[2026-05-28T08:46:01.813+0000] {processor.py:183} INFO - Processing /opt/airflow/dags/inegi_scraper_dag.py took 0.320 seconds
[2026-05-28T08:46:33.105+0000] {processor.py:161} INFO - Started process (PID=5072) to work on /opt/airflow/dags/inegi_scraper_dag.py
[2026-05-28T08:46:33.119+0000] {processor.py:830} INFO - Processing file /opt/airflow/dags/inegi_scraper_dag.py for tasks to queue
[2026-05-28T08:46:33.123+0000] {logging_mixin.py:188} INFO - [2026-05-28T08:46:33.122+0000] {dagbag.py:540} INFO - Filling up the DagBag from /opt/airflow/dags/inegi_scraper_dag.py
[2026-05-28T08:46:33.215+0000] {processor.py:840} INFO - DAG(s) 'inegi_scraper' retrieved from /opt/airflow/dags/inegi_scraper_dag.py
[2026-05-28T08:46:33.346+0000] {logging_mixin.py:188} INFO - [2026-05-28T08:46:33.345+0000] {dag.py:3047} INFO - Sync 1 DAGs
[2026-05-28T08:46:33.430+0000] {logging_mixin.py:188} INFO - [2026-05-28T08:46:33.430+0000] {dag.py:3834} INFO - Setting next_dagrun for inegi_scraper to 2026-05-28 00:00:00+00:00, run_after=2026-05-29 00:00:00+00:00
[2026-05-28T08:46:33.508+0000] {processor.py:183} INFO - Processing /opt/airflow/dags/inegi_scraper_dag.py took 0.436 seconds
[2026-05-28T08:47:03.964+0000] {processor.py:161} INFO - Started process (PID=5102) to work on /opt/airflow/dags/inegi_scraper_dag.py
[2026-05-28T08:47:03.978+0000] {processor.py:830} INFO - Processing file /opt/airflow/dags/inegi_scraper_dag.py for tasks to queue
[2026-05-28T08:47:03.985+0000] {logging_mixin.py:188} INFO - [2026-05-28T08:47:03.984+0000] {dagbag.py:540} INFO - Filling up the DagBag from /opt/airflow/dags/inegi_scraper_dag.py
[2026-05-28T08:47:04.390+0000] {processor.py:840} INFO - DAG(s) 'inegi_scraper' retrieved from /opt/airflow/dags/inegi_scraper_dag.py
[2026-05-28T08:47:04.474+0000] {logging_mixin.py:188} INFO - [2026-05-28T08:47:04.473+0000] {dag.py:3047} INFO - Sync 1 DAGs
[2026-05-28T08:47:04.535+0000] {logging_mixin.py:188} INFO - [2026-05-28T08:47:04.534+0000] {dag.py:3834} INFO - Setting next_dagrun for inegi_scraper to 2026-05-28 00:00:00+00:00, run_after=2026-05-29 00:00:00+00:00
[2026-05-28T08:47:04.586+0000] {processor.py:183} INFO - Processing /opt/airflow/dags/inegi_scraper_dag.py took 0.643 seconds
[2026-05-28T08:47:34.750+0000] {processor.py:161} INFO - Started process (PID=5132) to work on /opt/airflow/dags/inegi_scraper_dag.py
[2026-05-28T08:47:34.753+0000] {processor.py:830} INFO - Processing file /opt/airflow/dags/inegi_scraper_dag.py for tasks to queue
[2026-05-28T08:47:34.756+0000] {logging_mixin.py:188} INFO - [2026-05-28T08:47:34.755+0000] {dagbag.py:540} INFO - Filling up the DagBag from /opt/airflow/dags/inegi_scraper_dag.py
[2026-05-28T08:47:34.797+0000] {processor.py:840} INFO - DAG(s) 'inegi_scraper' retrieved from /opt/airflow/dags/inegi_scraper_dag.py
[2026-05-28T08:47:34.871+0000] {logging_mixin.py:188} INFO - [2026-05-28T08:47:34.870+0000] {dag.py:3047} INFO - Sync 1 DAGs
[2026-05-28T08:47:34.939+0000] {logging_mixin.py:188} INFO - [2026-05-28T08:47:34.939+0000] {dag.py:3834} INFO - Setting next_dagrun for inegi_scraper to 2026-05-28 00:00:00+00:00, run_after=2026-05-29 00:00:00+00:00
[2026-05-28T08:47:34.992+0000] {processor.py:183} INFO - Processing /opt/airflow/dags/inegi_scraper_dag.py took 0.254 seconds
[2026-05-28T08:48:05.169+0000] {processor.py:161} INFO - Started process (PID=5162) to work on /opt/airflow/dags/inegi_scraper_dag.py
[2026-05-28T08:48:05.173+0000] {processor.py:830} INFO - Processing file /opt/airflow/dags/inegi_scraper_dag.py for tasks to queue
[2026-05-28T08:48:05.176+0000] {logging_mixin.py:188} INFO - [2026-05-28T08:48:05.175+0000] {dagbag.py:540} INFO - Filling up the DagBag from /opt/airflow/dags/inegi_scraper_dag.py
[2026-05-28T08:48:05.213+0000] {processor.py:840} INFO - DAG(s) 'inegi_scraper' retrieved from /opt/airflow/dags/inegi_scraper_dag.py
[2026-05-28T08:48:05.295+0000] {logging_mixin.py:188} INFO - [2026-05-28T08:48:05.295+0000] {dag.py:3047} INFO - Sync 1 DAGs
[2026-05-28T08:48:05.375+0000] {logging_mixin.py:188} INFO - [2026-05-28T08:48:05.375+0000] {dag.py:3834} INFO - Setting next_dagrun for inegi_scraper to 2026-05-28 00:00:00+00:00, run_after=2026-05-29 00:00:00+00:00
[2026-05-28T08:48:05.533+0000] {processor.py:183} INFO - Processing /opt/airflow/dags/inegi_scraper_dag.py took 0.374 seconds
[2026-05-28T08:48:37.916+0000] {processor.py:161} INFO - Started process (PID=5190) to work on /opt/airflow/dags/inegi_scraper_dag.py
[2026-05-28T08:48:37.937+0000] {processor.py:830} INFO - Processing file /opt/airflow/dags/inegi_scraper_dag.py for tasks to queue
[2026-05-28T08:48:37.968+0000] {logging_mixin.py:188} INFO - [2026-05-28T08:48:37.967+0000] {dagbag.py:540} INFO - Filling up the DagBag from /opt/airflow/dags/inegi_scraper_dag.py
[2026-05-28T08:48:38.377+0000] {processor.py:840} INFO - DAG(s) 'inegi_scraper' retrieved from /opt/airflow/dags/inegi_scraper_dag.py
[2026-05-28T08:48:38.505+0000] {logging_mixin.py:188} INFO - [2026-05-28T08:48:38.505+0000] {dag.py:3047} INFO - Sync 1 DAGs
[2026-05-28T08:48:38.619+0000] {logging_mixin.py:188} INFO - [2026-05-28T08:48:38.618+0000] {dag.py:3834} INFO - Setting next_dagrun for inegi_scraper to 2026-05-28 00:00:00+00:00, run_after=2026-05-29 00:00:00+00:00
[2026-05-28T08:48:38.722+0000] {processor.py:183} INFO - Processing /opt/airflow/dags/inegi_scraper_dag.py took 0.841 seconds
[2026-05-28T08:49:09.710+0000] {processor.py:161} INFO - Started process (PID=5220) to work on /opt/airflow/dags/inegi_scraper_dag.py
[2026-05-28T08:49:09.712+0000] {processor.py:830} INFO - Processing file /opt/airflow/dags/inegi_scraper_dag.py for tasks to queue
[2026-05-28T08:49:09.723+0000] {logging_mixin.py:188} INFO - [2026-05-28T08:49:09.721+0000] {dagbag.py:540} INFO - Filling up the DagBag from /opt/airflow/dags/inegi_scraper_dag.py
[2026-05-28T08:49:09.832+0000] {processor.py:840} INFO - DAG(s) 'inegi_scraper' retrieved from /opt/airflow/dags/inegi_scraper_dag.py
[2026-05-28T08:49:10.049+0000] {logging_mixin.py:188} INFO - [2026-05-28T08:49:10.048+0000] {dag.py:3047} INFO - Sync 1 DAGs
[2026-05-28T08:49:10.647+0000] {logging_mixin.py:188} INFO - [2026-05-28T08:49:10.635+0000] {dag.py:3834} INFO - Setting next_dagrun for inegi_scraper to 2026-05-28 00:00:00+00:00, run_after=2026-05-29 00:00:00+00:00
[2026-05-28T08:49:10.825+0000] {processor.py:183} INFO - Processing /opt/airflow/dags/inegi_scraper_dag.py took 1.146 seconds
[2026-05-28T08:49:41.971+0000] {processor.py:161} INFO - Started process (PID=5250) to work on /opt/airflow/dags/inegi_scraper_dag.py
[2026-05-28T08:49:41.981+0000] {processor.py:830} INFO - Processing file /opt/airflow/dags/inegi_scraper_dag.py for tasks to queue
[2026-05-28T08:49:41.988+0000] {logging_mixin.py:188} INFO - [2026-05-28T08:49:41.987+0000] {dagbag.py:540} INFO - Filling up the DagBag from /opt/airflow/dags/inegi_scraper_dag.py
[2026-05-28T08:49:42.030+0000] {processor.py:840} INFO - DAG(s) 'inegi_scraper' retrieved from /opt/airflow/dags/inegi_scraper_dag.py
[2026-05-28T08:49:42.117+0000] {logging_mixin.py:188} INFO - [2026-05-28T08:49:42.116+0000] {dag.py:3047} INFO - Sync 1 DAGs
[2026-05-28T08:49:42.198+0000] {logging_mixin.py:188} INFO - [2026-05-28T08:49:42.197+0000] {dag.py:3834} INFO - Setting next_dagrun for inegi_scraper to 2026-05-28 00:00:00+00:00, run_after=2026-05-29 00:00:00+00:00
[2026-05-28T08:49:42.282+0000] {processor.py:183} INFO - Processing /opt/airflow/dags/inegi_scraper_dag.py took 0.328 seconds
[2026-05-28T08:50:13.095+0000] {processor.py:161} INFO - Started process (PID=5280) to work on /opt/airflow/dags/inegi_scraper_dag.py
[2026-05-28T08:50:13.099+0000] {processor.py:830} INFO - Processing file /opt/airflow/dags/inegi_scraper_dag.py for tasks to queue
[2026-05-28T08:50:13.104+0000] {logging_mixin.py:188} INFO - [2026-05-28T08:50:13.103+0000] {dagbag.py:540} INFO - Filling up the DagBag from /opt/airflow/dags/inegi_scraper_dag.py
[2026-05-28T08:50:13.182+0000] {processor.py:840} INFO - DAG(s) 'inegi_scraper' retrieved from /opt/airflow/dags/inegi_scraper_dag.py
[2026-05-28T08:50:13.281+0000] {logging_mixin.py:188} INFO - [2026-05-28T08:50:13.280+0000] {dag.py:3047} INFO - Sync 1 DAGs
[2026-05-28T08:50:13.361+0000] {logging_mixin.py:188} INFO - [2026-05-28T08:50:13.361+0000] {dag.py:3834} INFO - Setting next_dagrun for inegi_scraper to 2026-05-28 00:00:00+00:00, run_after=2026-05-29 00:00:00+00:00
[2026-05-28T08:50:13.429+0000] {processor.py:183} INFO - Processing /opt/airflow/dags/inegi_scraper_dag.py took 0.347 seconds
[2026-05-28T08:50:45.787+0000] {processor.py:161} INFO - Started process (PID=5312) to work on /opt/airflow/dags/inegi_scraper_dag.py
[2026-05-28T08:50:45.797+0000] {processor.py:830} INFO - Processing file /opt/airflow/dags/inegi_scraper_dag.py for tasks to queue
[2026-05-28T08:50:45.802+0000] {logging_mixin.py:188} INFO - [2026-05-28T08:50:45.801+0000] {dagbag.py:540} INFO - Filling up the DagBag from /opt/airflow/dags/inegi_scraper_dag.py
[2026-05-28T08:50:45.863+0000] {processor.py:840} INFO - DAG(s) 'inegi_scraper' retrieved from /opt/airflow/dags/inegi_scraper_dag.py
[2026-05-28T08:50:46.069+0000] {logging_mixin.py:188} INFO - [2026-05-28T08:50:46.069+0000] {dag.py:3047} INFO - Sync 1 DAGs
[2026-05-28T08:50:46.245+0000] {logging_mixin.py:188} INFO - [2026-05-28T08:50:46.233+0000] {dag.py:3834} INFO - Setting next_dagrun for inegi_scraper to 2026-05-28 00:00:00+00:00, run_after=2026-05-29 00:00:00+00:00
[2026-05-28T08:50:46.394+0000] {processor.py:183} INFO - Processing /opt/airflow/dags/inegi_scraper_dag.py took 0.629 seconds
[2026-05-28T08:51:16.840+0000] {processor.py:161} INFO - Started process (PID=5340) to work on /opt/airflow/dags/inegi_scraper_dag.py
[2026-05-28T08:51:16.859+0000] {processor.py:830} INFO - Processing file /opt/airflow/dags/inegi_scraper_dag.py for tasks to queue
[2026-05-28T08:51:16.883+0000] {logging_mixin.py:188} INFO - [2026-05-28T08:51:16.882+0000] {dagbag.py:540} INFO - Filling up the DagBag from /opt/airflow/dags/inegi_scraper_dag.py
[2026-05-28T08:51:17.375+0000] {processor.py:840} INFO - DAG(s) 'inegi_scraper' retrieved from /opt/airflow/dags/inegi_scraper_dag.py
[2026-05-28T08:51:17.505+0000] {logging_mixin.py:188} INFO - [2026-05-28T08:51:17.505+0000] {dag.py:3047} INFO - Sync 1 DAGs
[2026-05-28T08:51:17.582+0000] {logging_mixin.py:188} INFO - [2026-05-28T08:51:17.581+0000] {dag.py:3834} INFO - Setting next_dagrun for inegi_scraper to 2026-05-28 00:00:00+00:00, run_after=2026-05-29 00:00:00+00:00
[2026-05-28T08:51:17.640+0000] {processor.py:183} INFO - Processing /opt/airflow/dags/inegi_scraper_dag.py took 0.835 seconds
[2026-05-28T08:51:48.574+0000] {processor.py:161} INFO - Started process (PID=5370) to work on /opt/airflow/dags/inegi_scraper_dag.py
[2026-05-28T08:51:48.577+0000] {processor.py:830} INFO - Processing file /opt/airflow/dags/inegi_scraper_dag.py for tasks to queue
[2026-05-28T08:51:48.581+0000] {logging_mixin.py:188} INFO - [2026-05-28T08:51:48.580+0000] {dagbag.py:540} INFO - Filling up the DagBag from /opt/airflow/dags/inegi_scraper_dag.py
[2026-05-28T08:51:48.637+0000] {processor.py:840} INFO - DAG(s) 'inegi_scraper' retrieved from /opt/airflow/dags/inegi_scraper_dag.py
[2026-05-28T08:51:48.716+0000] {logging_mixin.py:188} INFO - [2026-05-28T08:51:48.716+0000] {dag.py:3047} INFO - Sync 1 DAGs
[2026-05-28T08:51:48.828+0000] {logging_mixin.py:188} INFO - [2026-05-28T08:51:48.827+0000] {dag.py:3834} INFO - Setting next_dagrun for inegi_scraper to 2026-05-28 00:00:00+00:00, run_after=2026-05-29 00:00:00+00:00
[2026-05-28T08:51:48.901+0000] {processor.py:183} INFO - Processing /opt/airflow/dags/inegi_scraper_dag.py took 0.342 seconds
[2026-05-28T08:52:19.665+0000] {processor.py:161} INFO - Started process (PID=5400) to work on /opt/airflow/dags/inegi_scraper_dag.py
[2026-05-28T08:52:19.670+0000] {processor.py:830} INFO - Processing file /opt/airflow/dags/inegi_scraper_dag.py for tasks to queue
[2026-05-28T08:52:19.700+0000] {logging_mixin.py:188} INFO - [2026-05-28T08:52:19.699+0000] {dagbag.py:540} INFO - Filling up the DagBag from /opt/airflow/dags/inegi_scraper_dag.py
[2026-05-28T08:52:19.976+0000] {processor.py:840} INFO - DAG(s) 'inegi_scraper' retrieved from /opt/airflow/dags/inegi_scraper_dag.py
[2026-05-28T08:52:20.256+0000] {logging_mixin.py:188} INFO - [2026-05-28T08:52:20.256+0000] {dag.py:3047} INFO - Sync 1 DAGs
[2026-05-28T08:52:20.402+0000] {logging_mixin.py:188} INFO - [2026-05-28T08:52:20.402+0000] {dag.py:3834} INFO - Setting next_dagrun for inegi_scraper to 2026-05-28 00:00:00+00:00, run_after=2026-05-29 00:00:00+00:00
[2026-05-28T08:52:20.512+0000] {processor.py:183} INFO - Processing /opt/airflow/dags/inegi_scraper_dag.py took 0.894 seconds
[2026-05-28T08:52:51.711+0000] {processor.py:161} INFO - Started process (PID=5432) to work on /opt/airflow/dags/inegi_scraper_dag.py
[2026-05-28T08:52:51.765+0000] {processor.py:830} INFO - Processing file /opt/airflow/dags/inegi_scraper_dag.py for tasks to queue
[2026-05-28T08:52:51.796+0000] {logging_mixin.py:188} INFO - [2026-05-28T08:52:51.795+0000] {dagbag.py:540} INFO - Filling up the DagBag from /opt/airflow/dags/inegi_scraper_dag.py
[2026-05-28T08:52:51.863+0000] {processor.py:840} INFO - DAG(s) 'inegi_scraper' retrieved from /opt/airflow/dags/inegi_scraper_dag.py
[2026-05-28T08:52:51.977+0000] {logging_mixin.py:188} INFO - [2026-05-28T08:52:51.976+0000] {dag.py:3047} INFO - Sync 1 DAGs
[2026-05-28T08:52:52.055+0000] {logging_mixin.py:188} INFO - [2026-05-28T08:52:52.054+0000] {dag.py:3834} INFO - Setting next_dagrun for inegi_scraper to 2026-05-28 00:00:00+00:00, run_after=2026-05-29 00:00:00+00:00
[2026-05-28T08:52:52.145+0000] {processor.py:183} INFO - Processing /opt/airflow/dags/inegi_scraper_dag.py took 0.443 seconds
[2026-05-28T08:53:22.818+0000] {processor.py:161} INFO - Started process (PID=5462) to work on /opt/airflow/dags/inegi_scraper_dag.py
[2026-05-28T08:53:22.822+0000] {processor.py:830} INFO - Processing file /opt/airflow/dags/inegi_scraper_dag.py for tasks to queue
[2026-05-28T08:53:22.825+0000] {logging_mixin.py:188} INFO - [2026-05-28T08:53:22.824+0000] {dagbag.py:540} INFO - Filling up the DagBag from /opt/airflow/dags/inegi_scraper_dag.py
[2026-05-28T08:53:22.860+0000] {processor.py:840} INFO - DAG(s) 'inegi_scraper' retrieved from /opt/airflow/dags/inegi_scraper_dag.py
[2026-05-28T08:53:22.931+0000] {logging_mixin.py:188} INFO - [2026-05-28T08:53:22.930+0000] {dag.py:3047} INFO - Sync 1 DAGs
[2026-05-28T08:53:22.996+0000] {logging_mixin.py:188} INFO - [2026-05-28T08:53:22.996+0000] {dag.py:3834} INFO - Setting next_dagrun for inegi_scraper to 2026-05-28 00:00:00+00:00, run_after=2026-05-29 00:00:00+00:00
[2026-05-28T08:53:23.080+0000] {processor.py:183} INFO - Processing /opt/airflow/dags/inegi_scraper_dag.py took 0.270 seconds
[2026-05-28T08:54:01.766+0000] {processor.py:161} INFO - Started process (PID=5490) to work on /opt/airflow/dags/inegi_scraper_dag.py
[2026-05-28T08:54:01.771+0000] {processor.py:830} INFO - Processing file /opt/airflow/dags/inegi_scraper_dag.py for tasks to queue
[2026-05-28T08:54:01.787+0000] {logging_mixin.py:188} INFO - [2026-05-28T08:54:01.784+0000] {dagbag.py:540} INFO - Filling up the DagBag from /opt/airflow/dags/inegi_scraper_dag.py
[2026-05-28T08:54:01.886+0000] {processor.py:840} INFO - DAG(s) 'inegi_scraper' retrieved from /opt/airflow/dags/inegi_scraper_dag.py
[2026-05-28T08:54:02.144+0000] {logging_mixin.py:188} INFO - [2026-05-28T08:54:02.144+0000] {dag.py:3047} INFO - Sync 1 DAGs
[2026-05-28T08:54:02.373+0000] {logging_mixin.py:188} INFO - [2026-05-28T08:54:02.372+0000] {dag.py:3834} INFO - Setting next_dagrun for inegi_scraper to 2026-05-28 00:00:00+00:00, run_after=2026-05-29 00:00:00+00:00
[2026-05-28T08:54:02.584+0000] {processor.py:183} INFO - Processing /opt/airflow/dags/inegi_scraper_dag.py took 0.830 seconds
[2026-05-28T08:54:33.262+0000] {processor.py:161} INFO - Started process (PID=5520) to work on /opt/airflow/dags/inegi_scraper_dag.py
[2026-05-28T08:54:33.265+0000] {processor.py:830} INFO - Processing file /opt/airflow/dags/inegi_scraper_dag.py for tasks to queue
[2026-05-28T08:54:33.269+0000] {logging_mixin.py:188} INFO - [2026-05-28T08:54:33.267+0000] {dagbag.py:540} INFO - Filling up the DagBag from /opt/airflow/dags/inegi_scraper_dag.py
[2026-05-28T08:54:33.333+0000] {processor.py:840} INFO - DAG(s) 'inegi_scraper' retrieved from /opt/airflow/dags/inegi_scraper_dag.py
[2026-05-28T08:54:33.431+0000] {logging_mixin.py:188} INFO - [2026-05-28T08:54:33.430+0000] {dag.py:3047} INFO - Sync 1 DAGs
[2026-05-28T08:54:33.505+0000] {logging_mixin.py:188} INFO - [2026-05-28T08:54:33.504+0000] {dag.py:3834} INFO - Setting next_dagrun for inegi_scraper to 2026-05-28 00:00:00+00:00, run_after=2026-05-29 00:00:00+00:00
[2026-05-28T08:54:33.623+0000] {processor.py:183} INFO - Processing /opt/airflow/dags/inegi_scraper_dag.py took 0.379 seconds
[2026-05-28T08:55:18.407+0000] {processor.py:161} INFO - Started process (PID=5550) to work on /opt/airflow/dags/inegi_scraper_dag.py
[2026-05-28T08:55:18.419+0000] {processor.py:830} INFO - Processing file /opt/airflow/dags/inegi_scraper_dag.py for tasks to queue
[2026-05-28T08:55:18.430+0000] {logging_mixin.py:188} INFO - [2026-05-28T08:55:18.429+0000] {dagbag.py:540} INFO - Filling up the DagBag from /opt/airflow/dags/inegi_scraper_dag.py
[2026-05-28T08:55:18.758+0000] {processor.py:840} INFO - DAG(s) 'inegi_scraper' retrieved from /opt/airflow/dags/inegi_scraper_dag.py
[2026-05-28T08:55:19.008+0000] {logging_mixin.py:188} INFO - [2026-05-28T08:55:19.007+0000] {dag.py:3047} INFO - Sync 1 DAGs
[2026-05-28T08:55:19.275+0000] {logging_mixin.py:188} INFO - [2026-05-28T08:55:19.274+0000] {dag.py:3834} INFO - Setting next_dagrun for inegi_scraper to 2026-05-28 00:00:00+00:00, run_after=2026-05-29 00:00:00+00:00
[2026-05-28T08:55:19.497+0000] {processor.py:183} INFO - Processing /opt/airflow/dags/inegi_scraper_dag.py took 1.124 seconds
[2026-05-28T08:55:50.273+0000] {processor.py:161} INFO - Started process (PID=5580) to work on /opt/airflow/dags/inegi_scraper_dag.py
[2026-05-28T08:55:50.276+0000] {processor.py:830} INFO - Processing file /opt/airflow/dags/inegi_scraper_dag.py for tasks to queue
[2026-05-28T08:55:50.282+0000] {logging_mixin.py:188} INFO - [2026-05-28T08:55:50.281+0000] {dagbag.py:540} INFO - Filling up the DagBag from /opt/airflow/dags/inegi_scraper_dag.py
[2026-05-28T08:55:50.335+0000] {processor.py:840} INFO - DAG(s) 'inegi_scraper' retrieved from /opt/airflow/dags/inegi_scraper_dag.py
[2026-05-28T08:55:50.433+0000] {logging_mixin.py:188} INFO - [2026-05-28T08:55:50.432+0000] {dag.py:3047} INFO - Sync 1 DAGs
[2026-05-28T08:55:50.516+0000] {logging_mixin.py:188} INFO - [2026-05-28T08:55:50.515+0000] {dag.py:3834} INFO - Setting next_dagrun for inegi_scraper to 2026-05-28 00:00:00+00:00, run_after=2026-05-29 00:00:00+00:00
[2026-05-28T08:55:50.573+0000] {processor.py:183} INFO - Processing /opt/airflow/dags/inegi_scraper_dag.py took 0.312 seconds
[2026-05-28T08:56:24.144+0000] {processor.py:161} INFO - Started process (PID=5610) to work on /opt/airflow/dags/inegi_scraper_dag.py
[2026-05-28T08:56:24.173+0000] {processor.py:830} INFO - Processing file /opt/airflow/dags/inegi_scraper_dag.py for tasks to queue
[2026-05-28T08:56:24.180+0000] {logging_mixin.py:188} INFO - [2026-05-28T08:56:24.179+0000] {dagbag.py:540} INFO - Filling up the DagBag from /opt/airflow/dags/inegi_scraper_dag.py
[2026-05-28T08:56:25.331+0000] {processor.py:840} INFO - DAG(s) 'inegi_scraper' retrieved from /opt/airflow/dags/inegi_scraper_dag.py
[2026-05-28T08:56:25.554+0000] {logging_mixin.py:188} INFO - [2026-05-28T08:56:25.553+0000] {dag.py:3047} INFO - Sync 1 DAGs
[2026-05-28T08:56:25.638+0000] {logging_mixin.py:188} INFO - [2026-05-28T08:56:25.638+0000] {dag.py:3834} INFO - Setting next_dagrun for inegi_scraper to 2026-05-28 00:00:00+00:00, run_after=2026-05-29 00:00:00+00:00
[2026-05-28T08:56:25.711+0000] {processor.py:183} INFO - Processing /opt/airflow/dags/inegi_scraper_dag.py took 1.592 seconds
[2026-05-28T08:56:56.628+0000] {processor.py:161} INFO - Started process (PID=5642) to work on /opt/airflow/dags/inegi_scraper_dag.py
[2026-05-28T08:56:56.683+0000] {processor.py:830} INFO - Processing file /opt/airflow/dags/inegi_scraper_dag.py for tasks to queue
[2026-05-28T08:56:56.725+0000] {logging_mixin.py:188} INFO - [2026-05-28T08:56:56.724+0000] {dagbag.py:540} INFO - Filling up the DagBag from /opt/airflow/dags/inegi_scraper_dag.py
[2026-05-28T08:56:57.148+0000] {processor.py:840} INFO - DAG(s) 'inegi_scraper' retrieved from /opt/airflow/dags/inegi_scraper_dag.py
[2026-05-28T08:56:57.366+0000] {logging_mixin.py:188} INFO - [2026-05-28T08:56:57.365+0000] {dag.py:3047} INFO - Sync 1 DAGs
[2026-05-28T08:56:57.596+0000] {logging_mixin.py:188} INFO - [2026-05-28T08:56:57.596+0000] {dag.py:3834} INFO - Setting next_dagrun for inegi_scraper to 2026-05-28 00:00:00+00:00, run_after=2026-05-29 00:00:00+00:00
[2026-05-28T08:56:57.700+0000] {processor.py:183} INFO - Processing /opt/airflow/dags/inegi_scraper_dag.py took 1.083 seconds
[2026-05-28T08:57:31.560+0000] {processor.py:161} INFO - Started process (PID=5670) to work on /opt/airflow/dags/inegi_scraper_dag.py
[2026-05-28T08:57:31.565+0000] {processor.py:830} INFO - Processing file /opt/airflow/dags/inegi_scraper_dag.py for tasks to queue
[2026-05-28T08:57:31.569+0000] {logging_mixin.py:188} INFO - [2026-05-28T08:57:31.567+0000] {dagbag.py:540} INFO - Filling up the DagBag from /opt/airflow/dags/inegi_scraper_dag.py
[2026-05-28T08:57:31.615+0000] {processor.py:840} INFO - DAG(s) 'inegi_scraper' retrieved from /opt/airflow/dags/inegi_scraper_dag.py
[2026-05-28T08:57:31.726+0000] {logging_mixin.py:188} INFO - [2026-05-28T08:57:31.726+0000] {dag.py:3047} INFO - Sync 1 DAGs
[2026-05-28T08:57:31.828+0000] {logging_mixin.py:188} INFO - [2026-05-28T08:57:31.827+0000] {dag.py:3834} INFO - Setting next_dagrun for inegi_scraper to 2026-05-28 00:00:00+00:00, run_after=2026-05-29 00:00:00+00:00
[2026-05-28T08:57:31.906+0000] {processor.py:183} INFO - Processing /opt/airflow/dags/inegi_scraper_dag.py took 0.356 seconds
[2026-05-28T08:58:02.957+0000] {processor.py:161} INFO - Started process (PID=5700) to work on /opt/airflow/dags/inegi_scraper_dag.py
[2026-05-28T08:58:02.966+0000] {processor.py:830} INFO - Processing file /opt/airflow/dags/inegi_scraper_dag.py for tasks to queue
[2026-05-28T08:58:02.993+0000] {logging_mixin.py:188} INFO - [2026-05-28T08:58:02.973+0000] {dagbag.py:540} INFO - Filling up the DagBag from /opt/airflow/dags/inegi_scraper_dag.py
[2026-05-28T08:58:04.299+0000] {processor.py:840} INFO - DAG(s) 'inegi_scraper' retrieved from /opt/airflow/dags/inegi_scraper_dag.py
[2026-05-28T08:58:04.548+0000] {logging_mixin.py:188} INFO - [2026-05-28T08:58:04.536+0000] {dag.py:3047} INFO - Sync 1 DAGs
[2026-05-28T08:58:04.804+0000] {logging_mixin.py:188} INFO - [2026-05-28T08:58:04.803+0000] {dag.py:3834} INFO - Setting next_dagrun for inegi_scraper to 2026-05-28 00:00:00+00:00, run_after=2026-05-29 00:00:00+00:00
[2026-05-28T08:58:05.022+0000] {processor.py:183} INFO - Processing /opt/airflow/dags/inegi_scraper_dag.py took 2.081 seconds
[2026-05-28T08:58:35.808+0000] {processor.py:161} INFO - Started process (PID=5732) to work on /opt/airflow/dags/inegi_scraper_dag.py
[2026-05-28T08:58:35.811+0000] {processor.py:830} INFO - Processing file /opt/airflow/dags/inegi_scraper_dag.py for tasks to queue
[2026-05-28T08:58:35.814+0000] {logging_mixin.py:188} INFO - [2026-05-28T08:58:35.813+0000] {dagbag.py:540} INFO - Filling up the DagBag from /opt/airflow/dags/inegi_scraper_dag.py
[2026-05-28T08:58:35.852+0000] {processor.py:840} INFO - DAG(s) 'inegi_scraper' retrieved from /opt/airflow/dags/inegi_scraper_dag.py
[2026-05-28T08:58:35.930+0000] {logging_mixin.py:188} INFO - [2026-05-28T08:58:35.929+0000] {dag.py:3047} INFO - Sync 1 DAGs
[2026-05-28T08:58:36.008+0000] {logging_mixin.py:188} INFO - [2026-05-28T08:58:36.008+0000] {dag.py:3834} INFO - Setting next_dagrun for inegi_scraper to 2026-05-28 00:00:00+00:00, run_after=2026-05-29 00:00:00+00:00
[2026-05-28T08:58:36.080+0000] {processor.py:183} INFO - Processing /opt/airflow/dags/inegi_scraper_dag.py took 0.284 seconds
[2026-05-28T08:59:07.683+0000] {processor.py:161} INFO - Started process (PID=5762) to work on /opt/airflow/dags/inegi_scraper_dag.py
[2026-05-28T08:59:07.699+0000] {processor.py:830} INFO - Processing file /opt/airflow/dags/inegi_scraper_dag.py for tasks to queue
[2026-05-28T08:59:07.748+0000] {logging_mixin.py:188} INFO - [2026-05-28T08:59:07.747+0000] {dagbag.py:540} INFO - Filling up the DagBag from /opt/airflow/dags/inegi_scraper_dag.py
[2026-05-28T08:59:08.886+0000] {processor.py:840} INFO - DAG(s) 'inegi_scraper' retrieved from /opt/airflow/dags/inegi_scraper_dag.py
[2026-05-28T08:59:09.216+0000] {logging_mixin.py:188} INFO - [2026-05-28T08:59:09.216+0000] {dag.py:3047} INFO - Sync 1 DAGs
[2026-05-28T08:59:09.924+0000] {logging_mixin.py:188} INFO - [2026-05-28T08:59:09.924+0000] {dag.py:3834} INFO - Setting next_dagrun for inegi_scraper to 2026-05-28 00:00:00+00:00, run_after=2026-05-29 00:00:00+00:00
[2026-05-28T08:59:10.352+0000] {processor.py:183} INFO - Processing /opt/airflow/dags/inegi_scraper_dag.py took 2.684 seconds
[2026-05-28T08:59:42.798+0000] {processor.py:161} INFO - Started process (PID=5792) to work on /opt/airflow/dags/inegi_scraper_dag.py
[2026-05-28T08:59:42.803+0000] {processor.py:830} INFO - Processing file /opt/airflow/dags/inegi_scraper_dag.py for tasks to queue
[2026-05-28T08:59:42.810+0000] {logging_mixin.py:188} INFO - [2026-05-28T08:59:42.809+0000] {dagbag.py:540} INFO - Filling up the DagBag from /opt/airflow/dags/inegi_scraper_dag.py
[2026-05-28T08:59:42.886+0000] {processor.py:840} INFO - DAG(s) 'inegi_scraper' retrieved from /opt/airflow/dags/inegi_scraper_dag.py
[2026-05-28T08:59:43.046+0000] {logging_mixin.py:188} INFO - [2026-05-28T08:59:43.046+0000] {dag.py:3047} INFO - Sync 1 DAGs
[2026-05-28T08:59:43.252+0000] {logging_mixin.py:188} INFO - [2026-05-28T08:59:43.250+0000] {dag.py:3834} INFO - Setting next_dagrun for inegi_scraper to 2026-05-28 00:00:00+00:00, run_after=2026-05-29 00:00:00+00:00
[2026-05-28T08:59:43.514+0000] {processor.py:183} INFO - Processing /opt/airflow/dags/inegi_scraper_dag.py took 0.726 seconds
[2026-05-28T09:00:15.540+0000] {processor.py:161} INFO - Started process (PID=5822) to work on /opt/airflow/dags/inegi_scraper_dag.py
[2026-05-28T09:00:15.543+0000] {processor.py:830} INFO - Processing file /opt/airflow/dags/inegi_scraper_dag.py for tasks to queue
[2026-05-28T09:00:15.546+0000] {logging_mixin.py:188} INFO - [2026-05-28T09:00:15.545+0000] {dagbag.py:540} INFO - Filling up the DagBag from /opt/airflow/dags/inegi_scraper_dag.py
[2026-05-28T09:00:16.071+0000] {processor.py:840} INFO - DAG(s) 'inegi_scraper' retrieved from /opt/airflow/dags/inegi_scraper_dag.py
[2026-05-28T09:00:16.283+0000] {logging_mixin.py:188} INFO - [2026-05-28T09:00:16.282+0000] {dag.py:3047} INFO - Sync 1 DAGs
[2026-05-28T09:00:16.447+0000] {logging_mixin.py:188} INFO - [2026-05-28T09:00:16.446+0000] {dag.py:3834} INFO - Setting next_dagrun for inegi_scraper to 2026-05-28 00:00:00+00:00, run_after=2026-05-29 00:00:00+00:00
[2026-05-28T09:00:16.611+0000] {processor.py:183} INFO - Processing /opt/airflow/dags/inegi_scraper_dag.py took 1.085 seconds
[2026-05-28T09:00:47.664+0000] {processor.py:161} INFO - Started process (PID=5852) to work on /opt/airflow/dags/inegi_scraper_dag.py
[2026-05-28T09:00:47.667+0000] {processor.py:830} INFO - Processing file /opt/airflow/dags/inegi_scraper_dag.py for tasks to queue
[2026-05-28T09:00:47.669+0000] {logging_mixin.py:188} INFO - [2026-05-28T09:00:47.669+0000] {dagbag.py:540} INFO - Filling up the DagBag from /opt/airflow/dags/inegi_scraper_dag.py
[2026-05-28T09:00:47.709+0000] {processor.py:840} INFO - DAG(s) 'inegi_scraper' retrieved from /opt/airflow/dags/inegi_scraper_dag.py
[2026-05-28T09:00:47.784+0000] {logging_mixin.py:188} INFO - [2026-05-28T09:00:47.783+0000] {dag.py:3047} INFO - Sync 1 DAGs
[2026-05-28T09:00:47.881+0000] {logging_mixin.py:188} INFO - [2026-05-28T09:00:47.880+0000] {dag.py:3834} INFO - Setting next_dagrun for inegi_scraper to 2026-05-28 00:00:00+00:00, run_after=2026-05-29 00:00:00+00:00
[2026-05-28T09:00:47.945+0000] {processor.py:183} INFO - Processing /opt/airflow/dags/inegi_scraper_dag.py took 0.291 seconds
[2026-05-28T09:01:18.824+0000] {processor.py:161} INFO - Started process (PID=5882) to work on /opt/airflow/dags/inegi_scraper_dag.py
[2026-05-28T09:01:18.827+0000] {processor.py:830} INFO - Processing file /opt/airflow/dags/inegi_scraper_dag.py for tasks to queue
[2026-05-28T09:01:18.830+0000] {logging_mixin.py:188} INFO - [2026-05-28T09:01:18.829+0000] {dagbag.py:540} INFO - Filling up the DagBag from /opt/airflow/dags/inegi_scraper_dag.py
[2026-05-28T09:01:18.872+0000] {processor.py:840} INFO - DAG(s) 'inegi_scraper' retrieved from /opt/airflow/dags/inegi_scraper_dag.py
[2026-05-28T09:01:18.991+0000] {logging_mixin.py:188} INFO - [2026-05-28T09:01:18.990+0000] {dag.py:3047} INFO - Sync 1 DAGs
[2026-05-28T09:01:19.073+0000] {logging_mixin.py:188} INFO - [2026-05-28T09:01:19.072+0000] {dag.py:3834} INFO - Setting next_dagrun for inegi_scraper to 2026-05-28 00:00:00+00:00, run_after=2026-05-29 00:00:00+00:00
[2026-05-28T09:01:19.129+0000] {processor.py:183} INFO - Processing /opt/airflow/dags/inegi_scraper_dag.py took 0.316 seconds
[2026-05-28T09:01:50.465+0000] {processor.py:161} INFO - Started process (PID=5910) to work on /opt/airflow/dags/inegi_scraper_dag.py
[2026-05-28T09:01:50.487+0000] {processor.py:830} INFO - Processing file /opt/airflow/dags/inegi_scraper_dag.py for tasks to queue
[2026-05-28T09:01:50.498+0000] {logging_mixin.py:188} INFO - [2026-05-28T09:01:50.496+0000] {dagbag.py:540} INFO - Filling up the DagBag from /opt/airflow/dags/inegi_scraper_dag.py
[2026-05-28T09:01:50.722+0000] {processor.py:840} INFO - DAG(s) 'inegi_scraper' retrieved from /opt/airflow/dags/inegi_scraper_dag.py
[2026-05-28T09:01:51.041+0000] {logging_mixin.py:188} INFO - [2026-05-28T09:01:51.041+0000] {dag.py:3047} INFO - Sync 1 DAGs
[2026-05-28T09:01:51.328+0000] {logging_mixin.py:188} INFO - [2026-05-28T09:01:51.328+0000] {dag.py:3834} INFO - Setting next_dagrun for inegi_scraper to 2026-05-28 00:00:00+00:00, run_after=2026-05-29 00:00:00+00:00
[2026-05-28T09:01:51.637+0000] {processor.py:183} INFO - Processing /opt/airflow/dags/inegi_scraper_dag.py took 1.192 seconds
[2026-05-28T09:02:25.517+0000] {processor.py:161} INFO - Started process (PID=5940) to work on /opt/airflow/dags/inegi_scraper_dag.py
[2026-05-28T09:02:25.547+0000] {processor.py:830} INFO - Processing file /opt/airflow/dags/inegi_scraper_dag.py for tasks to queue
[2026-05-28T09:02:25.582+0000] {logging_mixin.py:188} INFO - [2026-05-28T09:02:25.581+0000] {dagbag.py:540} INFO - Filling up the DagBag from /opt/airflow/dags/inegi_scraper_dag.py
[2026-05-28T09:02:27.475+0000] {processor.py:840} INFO - DAG(s) 'inegi_scraper' retrieved from /opt/airflow/dags/inegi_scraper_dag.py
[2026-05-28T09:02:27.834+0000] {logging_mixin.py:188} INFO - [2026-05-28T09:02:27.833+0000] {dag.py:3047} INFO - Sync 1 DAGs
[2026-05-28T09:02:28.164+0000] {logging_mixin.py:188} INFO - [2026-05-28T09:02:28.163+0000] {dag.py:3834} INFO - Setting next_dagrun for inegi_scraper to 2026-05-28 00:00:00+00:00, run_after=2026-05-29 00:00:00+00:00
[2026-05-28T09:02:28.531+0000] {processor.py:183} INFO - Processing /opt/airflow/dags/inegi_scraper_dag.py took 3.075 seconds
[2026-05-28T09:03:03.123+0000] {processor.py:161} INFO - Started process (PID=5970) to work on /opt/airflow/dags/inegi_scraper_dag.py
[2026-05-28T09:03:03.144+0000] {processor.py:830} INFO - Processing file /opt/airflow/dags/inegi_scraper_dag.py for tasks to queue
[2026-05-28T09:03:03.166+0000] {logging_mixin.py:188} INFO - [2026-05-28T09:03:03.165+0000] {dagbag.py:540} INFO - Filling up the DagBag from /opt/airflow/dags/inegi_scraper_dag.py
[2026-05-28T09:03:03.271+0000] {processor.py:840} INFO - DAG(s) 'inegi_scraper' retrieved from /opt/airflow/dags/inegi_scraper_dag.py
[2026-05-28T09:03:03.586+0000] {logging_mixin.py:188} INFO - [2026-05-28T09:03:03.585+0000] {dag.py:3047} INFO - Sync 1 DAGs
[2026-05-28T09:03:03.911+0000] {logging_mixin.py:188} INFO - [2026-05-28T09:03:03.911+0000] {dag.py:3834} INFO - Setting next_dagrun for inegi_scraper to 2026-05-28 00:00:00+00:00, run_after=2026-05-29 00:00:00+00:00
[2026-05-28T09:03:04.072+0000] {processor.py:183} INFO - Processing /opt/airflow/dags/inegi_scraper_dag.py took 1.000 seconds
[2026-05-28T09:03:44.093+0000] {processor.py:161} INFO - Started process (PID=6000) to work on /opt/airflow/dags/inegi_scraper_dag.py
[2026-05-28T09:03:44.106+0000] {processor.py:830} INFO - Processing file /opt/airflow/dags/inegi_scraper_dag.py for tasks to queue
[2026-05-28T09:03:44.170+0000] {logging_mixin.py:188} INFO - [2026-05-28T09:03:44.168+0000] {dagbag.py:540} INFO - Filling up the DagBag from /opt/airflow/dags/inegi_scraper_dag.py
[2026-05-28T09:03:46.243+0000] {processor.py:840} INFO - DAG(s) 'inegi_scraper' retrieved from /opt/airflow/dags/inegi_scraper_dag.py
[2026-05-28T09:03:46.491+0000] {logging_mixin.py:188} INFO - [2026-05-28T09:03:46.491+0000] {dag.py:3047} INFO - Sync 1 DAGs
[2026-05-28T09:03:46.703+0000] {logging_mixin.py:188} INFO - [2026-05-28T09:03:46.702+0000] {dag.py:3834} INFO - Setting next_dagrun for inegi_scraper to 2026-05-28 00:00:00+00:00, run_after=2026-05-29 00:00:00+00:00
[2026-05-28T09:03:47.018+0000] {processor.py:183} INFO - Processing /opt/airflow/dags/inegi_scraper_dag.py took 2.945 seconds
[2026-05-28T09:04:18.080+0000] {processor.py:161} INFO - Started process (PID=6032) to work on /opt/airflow/dags/inegi_scraper_dag.py
[2026-05-28T09:04:18.084+0000] {processor.py:830} INFO - Processing file /opt/airflow/dags/inegi_scraper_dag.py for tasks to queue
[2026-05-28T09:04:18.088+0000] {logging_mixin.py:188} INFO - [2026-05-28T09:04:18.087+0000] {dagbag.py:540} INFO - Filling up the DagBag from /opt/airflow/dags/inegi_scraper_dag.py
[2026-05-28T09:04:18.137+0000] {processor.py:840} INFO - DAG(s) 'inegi_scraper' retrieved from /opt/airflow/dags/inegi_scraper_dag.py
[2026-05-28T09:04:18.237+0000] {logging_mixin.py:188} INFO - [2026-05-28T09:04:18.236+0000] {dag.py:3047} INFO - Sync 1 DAGs
[2026-05-28T09:04:18.350+0000] {logging_mixin.py:188} INFO - [2026-05-28T09:04:18.350+0000] {dag.py:3834} INFO - Setting next_dagrun for inegi_scraper to 2026-05-28 00:00:00+00:00, run_after=2026-05-29 00:00:00+00:00
[2026-05-28T09:04:18.529+0000] {processor.py:183} INFO - Processing /opt/airflow/dags/inegi_scraper_dag.py took 0.461 seconds
[2026-05-28T09:05:24.773+0000] {processor.py:161} INFO - Started process (PID=6060) to work on /opt/airflow/dags/inegi_scraper_dag.py
[2026-05-28T09:05:24.836+0000] {processor.py:830} INFO - Processing file /opt/airflow/dags/inegi_scraper_dag.py for tasks to queue
[2026-05-28T09:05:24.915+0000] {logging_mixin.py:188} INFO - [2026-05-28T09:05:24.901+0000] {dagbag.py:540} INFO - Filling up the DagBag from /opt/airflow/dags/inegi_scraper_dag.py
[2026-05-28T09:05:27.854+0000] {processor.py:840} INFO - DAG(s) 'inegi_scraper' retrieved from /opt/airflow/dags/inegi_scraper_dag.py
[2026-05-28T09:05:28.586+0000] {logging_mixin.py:188} INFO - [2026-05-28T09:05:28.585+0000] {dag.py:3047} INFO - Sync 1 DAGs
[2026-05-28T09:05:28.877+0000] {logging_mixin.py:188} INFO - [2026-05-28T09:05:28.876+0000] {dag.py:3834} INFO - Setting next_dagrun for inegi_scraper to 2026-05-28 00:00:00+00:00, run_after=2026-05-29 00:00:00+00:00
[2026-05-28T09:05:29.216+0000] {processor.py:183} INFO - Processing /opt/airflow/dags/inegi_scraper_dag.py took 4.478 seconds
[2026-05-28T09:06:06.781+0000] {processor.py:161} INFO - Started process (PID=6090) to work on /opt/airflow/dags/inegi_scraper_dag.py
[2026-05-28T09:06:06.878+0000] {processor.py:830} INFO - Processing file /opt/airflow/dags/inegi_scraper_dag.py for tasks to queue
[2026-05-28T09:06:07.254+0000] {logging_mixin.py:188} INFO - [2026-05-28T09:06:07.071+0000] {dagbag.py:540} INFO - Filling up the DagBag from /opt/airflow/dags/inegi_scraper_dag.py
[2026-05-28T09:06:09.817+0000] {processor.py:840} INFO - DAG(s) 'inegi_scraper' retrieved from /opt/airflow/dags/inegi_scraper_dag.py
[2026-05-28T09:06:10.542+0000] {logging_mixin.py:188} INFO - [2026-05-28T09:06:10.541+0000] {dag.py:3047} INFO - Sync 1 DAGs
[2026-05-28T09:06:11.459+0000] {logging_mixin.py:188} INFO - [2026-05-28T09:06:11.458+0000] {dag.py:3834} INFO - Setting next_dagrun for inegi_scraper to 2026-05-28 00:00:00+00:00, run_after=2026-05-29 00:00:00+00:00
[2026-05-28T09:06:12.312+0000] {processor.py:183} INFO - Processing /opt/airflow/dags/inegi_scraper_dag.py took 5.696 seconds
[2026-05-28T09:07:00.901+0000] {processor.py:161} INFO - Started process (PID=6120) to work on /opt/airflow/dags/inegi_scraper_dag.py
[2026-05-28T09:07:01.197+0000] {processor.py:830} INFO - Processing file /opt/airflow/dags/inegi_scraper_dag.py for tasks to queue
[2026-05-28T09:07:01.254+0000] {logging_mixin.py:188} INFO - [2026-05-28T09:07:01.252+0000] {dagbag.py:540} INFO - Filling up the DagBag from /opt/airflow/dags/inegi_scraper_dag.py
[2026-05-28T09:07:02.844+0000] {processor.py:840} INFO - DAG(s) 'inegi_scraper' retrieved from /opt/airflow/dags/inegi_scraper_dag.py
[2026-05-28T09:07:03.175+0000] {logging_mixin.py:188} INFO - [2026-05-28T09:07:03.175+0000] {dag.py:3047} INFO - Sync 1 DAGs
[2026-05-28T09:07:03.671+0000] {logging_mixin.py:188} INFO - [2026-05-28T09:07:03.670+0000] {dag.py:3834} INFO - Setting next_dagrun for inegi_scraper to 2026-05-28 00:00:00+00:00, run_after=2026-05-29 00:00:00+00:00
[2026-05-28T09:07:03.980+0000] {processor.py:183} INFO - Processing /opt/airflow/dags/inegi_scraper_dag.py took 3.096 seconds
[2026-05-28T09:07:37.265+0000] {processor.py:161} INFO - Started process (PID=6150) to work on /opt/airflow/dags/inegi_scraper_dag.py
[2026-05-28T09:07:37.268+0000] {processor.py:830} INFO - Processing file /opt/airflow/dags/inegi_scraper_dag.py for tasks to queue
[2026-05-28T09:07:37.282+0000] {logging_mixin.py:188} INFO - [2026-05-28T09:07:37.281+0000] {dagbag.py:540} INFO - Filling up the DagBag from /opt/airflow/dags/inegi_scraper_dag.py
[2026-05-28T09:07:37.353+0000] {processor.py:840} INFO - DAG(s) 'inegi_scraper' retrieved from /opt/airflow/dags/inegi_scraper_dag.py
[2026-05-28T09:07:37.545+0000] {logging_mixin.py:188} INFO - [2026-05-28T09:07:37.544+0000] {dag.py:3047} INFO - Sync 1 DAGs
[2026-05-28T09:07:39.148+0000] {logging_mixin.py:188} INFO - [2026-05-28T09:07:39.148+0000] {dag.py:3834} INFO - Setting next_dagrun for inegi_scraper to 2026-05-28 00:00:00+00:00, run_after=2026-05-29 00:00:00+00:00
[2026-05-28T09:07:39.583+0000] {processor.py:183} INFO - Processing /opt/airflow/dags/inegi_scraper_dag.py took 2.353 seconds
[2026-05-28T09:08:10.673+0000] {processor.py:161} INFO - Started process (PID=6180) to work on /opt/airflow/dags/inegi_scraper_dag.py
[2026-05-28T09:08:10.700+0000] {processor.py:830} INFO - Processing file /opt/airflow/dags/inegi_scraper_dag.py for tasks to queue
[2026-05-28T09:08:10.716+0000] {logging_mixin.py:188} INFO - [2026-05-28T09:08:10.714+0000] {dagbag.py:540} INFO - Filling up the DagBag from /opt/airflow/dags/inegi_scraper_dag.py
[2026-05-28T09:08:12.351+0000] {processor.py:840} INFO - DAG(s) 'inegi_scraper' retrieved from /opt/airflow/dags/inegi_scraper_dag.py
[2026-05-28T09:08:14.371+0000] {logging_mixin.py:188} INFO - [2026-05-28T09:08:14.369+0000] {dag.py:3047} INFO - Sync 1 DAGs
[2026-05-28T09:08:15.672+0000] {logging_mixin.py:188} INFO - [2026-05-28T09:08:15.670+0000] {dag.py:3834} INFO - Setting next_dagrun for inegi_scraper to 2026-05-28 00:00:00+00:00, run_after=2026-05-29 00:00:00+00:00
[2026-05-28T09:08:16.005+0000] {processor.py:183} INFO - Processing /opt/airflow/dags/inegi_scraper_dag.py took 5.447 seconds
[2026-05-28T09:08:51.542+0000] {processor.py:161} INFO - Started process (PID=6210) to work on /opt/airflow/dags/inegi_scraper_dag.py
[2026-05-28T09:08:51.595+0000] {processor.py:830} INFO - Processing file /opt/airflow/dags/inegi_scraper_dag.py for tasks to queue
[2026-05-28T09:08:51.619+0000] {logging_mixin.py:188} INFO - [2026-05-28T09:08:51.618+0000] {dagbag.py:540} INFO - Filling up the DagBag from /opt/airflow/dags/inegi_scraper_dag.py
[2026-05-28T09:08:53.244+0000] {processor.py:840} INFO - DAG(s) 'inegi_scraper' retrieved from /opt/airflow/dags/inegi_scraper_dag.py
[2026-05-28T09:08:53.475+0000] {logging_mixin.py:188} INFO - [2026-05-28T09:08:53.474+0000] {dag.py:3047} INFO - Sync 1 DAGs
[2026-05-28T09:08:53.666+0000] {logging_mixin.py:188} INFO - [2026-05-28T09:08:53.665+0000] {dag.py:3834} INFO - Setting next_dagrun for inegi_scraper to 2026-05-28 00:00:00+00:00, run_after=2026-05-29 00:00:00+00:00
[2026-05-28T09:08:53.853+0000] {processor.py:183} INFO - Processing /opt/airflow/dags/inegi_scraper_dag.py took 2.321 seconds
[2026-05-28T09:09:24.933+0000] {processor.py:161} INFO - Started process (PID=6237) to work on /opt/airflow/dags/inegi_scraper_dag.py
[2026-05-28T09:09:24.948+0000] {processor.py:830} INFO - Processing file /opt/airflow/dags/inegi_scraper_dag.py for tasks to queue
[2026-05-28T09:09:24.953+0000] {logging_mixin.py:188} INFO - [2026-05-28T09:09:24.951+0000] {dagbag.py:540} INFO - Filling up the DagBag from /opt/airflow/dags/inegi_scraper_dag.py
[2026-05-28T09:09:25.077+0000] {processor.py:840} INFO - DAG(s) 'inegi_scraper' retrieved from /opt/airflow/dags/inegi_scraper_dag.py
[2026-05-28T09:09:25.359+0000] {logging_mixin.py:188} INFO - [2026-05-28T09:09:25.347+0000] {dag.py:3047} INFO - Sync 1 DAGs
[2026-05-28T09:09:25.551+0000] {logging_mixin.py:188} INFO - [2026-05-28T09:09:25.538+0000] {dag.py:3834} INFO - Setting next_dagrun for inegi_scraper to 2026-05-28 00:00:00+00:00, run_after=2026-05-29 00:00:00+00:00
[2026-05-28T09:09:25.730+0000] {processor.py:183} INFO - Processing /opt/airflow/dags/inegi_scraper_dag.py took 0.821 seconds
[2026-05-28T09:10:11.721+0000] {processor.py:161} INFO - Started process (PID=6267) to work on /opt/airflow/dags/inegi_scraper_dag.py
[2026-05-28T09:10:12.034+0000] {processor.py:830} INFO - Processing file /opt/airflow/dags/inegi_scraper_dag.py for tasks to queue
[2026-05-28T09:10:12.370+0000] {logging_mixin.py:188} INFO - [2026-05-28T09:10:12.359+0000] {dagbag.py:540} INFO - Filling up the DagBag from /opt/airflow/dags/inegi_scraper_dag.py
[2026-05-28T09:10:18.155+0000] {processor.py:840} INFO - DAG(s) 'inegi_scraper' retrieved from /opt/airflow/dags/inegi_scraper_dag.py
[2026-05-28T09:10:18.374+0000] {logging_mixin.py:188} INFO - [2026-05-28T09:10:18.373+0000] {dag.py:3047} INFO - Sync 1 DAGs
[2026-05-28T09:10:18.699+0000] {logging_mixin.py:188} INFO - [2026-05-28T09:10:18.699+0000] {dag.py:3834} INFO - Setting next_dagrun for inegi_scraper to 2026-05-28 00:00:00+00:00, run_after=2026-05-29 00:00:00+00:00
[2026-05-28T09:10:18.989+0000] {processor.py:183} INFO - Processing /opt/airflow/dags/inegi_scraper_dag.py took 7.311 seconds
[2026-05-28T09:10:56.672+0000] {processor.py:161} INFO - Started process (PID=6297) to work on /opt/airflow/dags/inegi_scraper_dag.py
[2026-05-28T09:10:56.730+0000] {processor.py:830} INFO - Processing file /opt/airflow/dags/inegi_scraper_dag.py for tasks to queue
[2026-05-28T09:10:56.777+0000] {logging_mixin.py:188} INFO - [2026-05-28T09:10:56.776+0000] {dagbag.py:540} INFO - Filling up the DagBag from /opt/airflow/dags/inegi_scraper_dag.py
[2026-05-28T09:11:01.384+0000] {processor.py:840} INFO - DAG(s) 'inegi_scraper' retrieved from /opt/airflow/dags/inegi_scraper_dag.py
[2026-05-28T09:11:01.918+0000] {logging_mixin.py:188} INFO - [2026-05-28T09:11:01.918+0000] {dag.py:3047} INFO - Sync 1 DAGs
[2026-05-28T09:11:02.602+0000] {logging_mixin.py:188} INFO - [2026-05-28T09:11:02.601+0000] {dag.py:3834} INFO - Setting next_dagrun for inegi_scraper to 2026-05-28 00:00:00+00:00, run_after=2026-05-29 00:00:00+00:00
[2026-05-28T09:11:03.068+0000] {processor.py:183} INFO - Processing /opt/airflow/dags/inegi_scraper_dag.py took 6.446 seconds
[2026-05-28T09:11:34.511+0000] {processor.py:161} INFO - Started process (PID=6327) to work on /opt/airflow/dags/inegi_scraper_dag.py
[2026-05-28T09:11:34.514+0000] {processor.py:830} INFO - Processing file /opt/airflow/dags/inegi_scraper_dag.py for tasks to queue
[2026-05-28T09:11:34.524+0000] {logging_mixin.py:188} INFO - [2026-05-28T09:11:34.523+0000] {dagbag.py:540} INFO - Filling up the DagBag from /opt/airflow/dags/inegi_scraper_dag.py
[2026-05-28T09:11:34.604+0000] {processor.py:840} INFO - DAG(s) 'inegi_scraper' retrieved from /opt/airflow/dags/inegi_scraper_dag.py
[2026-05-28T09:11:34.719+0000] {logging_mixin.py:188} INFO - [2026-05-28T09:11:34.719+0000] {dag.py:3047} INFO - Sync 1 DAGs
[2026-05-28T09:11:34.788+0000] {logging_mixin.py:188} INFO - [2026-05-28T09:11:34.787+0000] {dag.py:3834} INFO - Setting next_dagrun for inegi_scraper to 2026-05-28 00:00:00+00:00, run_after=2026-05-29 00:00:00+00:00
[2026-05-28T09:11:34.847+0000] {processor.py:183} INFO - Processing /opt/airflow/dags/inegi_scraper_dag.py took 0.347 seconds
[2026-05-28T09:12:05.697+0000] {processor.py:161} INFO - Started process (PID=6360) to work on /opt/airflow/dags/inegi_scraper_dag.py
[2026-05-28T09:12:05.704+0000] {processor.py:830} INFO - Processing file /opt/airflow/dags/inegi_scraper_dag.py for tasks to queue
[2026-05-28T09:12:05.708+0000] {logging_mixin.py:188} INFO - [2026-05-28T09:12:05.706+0000] {dagbag.py:540} INFO - Filling up the DagBag from /opt/airflow/dags/inegi_scraper_dag.py
[2026-05-28T09:12:05.786+0000] {processor.py:840} INFO - DAG(s) 'inegi_scraper' retrieved from /opt/airflow/dags/inegi_scraper_dag.py
[2026-05-28T09:12:05.879+0000] {logging_mixin.py:188} INFO - [2026-05-28T09:12:05.878+0000] {dag.py:3047} INFO - Sync 1 DAGs
[2026-05-28T09:12:06.109+0000] {logging_mixin.py:188} INFO - [2026-05-28T09:12:06.108+0000] {dag.py:3834} INFO - Setting next_dagrun for inegi_scraper to 2026-05-28 00:00:00+00:00, run_after=2026-05-29 00:00:00+00:00
[2026-05-28T09:12:06.178+0000] {processor.py:183} INFO - Processing /opt/airflow/dags/inegi_scraper_dag.py took 0.494 seconds
[2026-05-28T09:12:36.849+0000] {processor.py:161} INFO - Started process (PID=6390) to work on /opt/airflow/dags/inegi_scraper_dag.py
[2026-05-28T09:12:36.854+0000] {processor.py:830} INFO - Processing file /opt/airflow/dags/inegi_scraper_dag.py for tasks to queue
[2026-05-28T09:12:36.858+0000] {logging_mixin.py:188} INFO - [2026-05-28T09:12:36.857+0000] {dagbag.py:540} INFO - Filling up the DagBag from /opt/airflow/dags/inegi_scraper_dag.py
[2026-05-28T09:12:36.917+0000] {processor.py:840} INFO - DAG(s) 'inegi_scraper' retrieved from /opt/airflow/dags/inegi_scraper_dag.py
[2026-05-28T09:12:37.041+0000] {logging_mixin.py:188} INFO - [2026-05-28T09:12:37.041+0000] {dag.py:3047} INFO - Sync 1 DAGs
[2026-05-28T09:12:37.364+0000] {logging_mixin.py:188} INFO - [2026-05-28T09:12:37.363+0000] {dag.py:3834} INFO - Setting next_dagrun for inegi_scraper to 2026-05-28 00:00:00+00:00, run_after=2026-05-29 00:00:00+00:00
[2026-05-28T09:12:37.777+0000] {processor.py:183} INFO - Processing /opt/airflow/dags/inegi_scraper_dag.py took 0.947 seconds
[2026-05-28T09:13:08.626+0000] {processor.py:161} INFO - Started process (PID=6420) to work on /opt/airflow/dags/inegi_scraper_dag.py
[2026-05-28T09:13:08.642+0000] {processor.py:830} INFO - Processing file /opt/airflow/dags/inegi_scraper_dag.py for tasks to queue
[2026-05-28T09:13:08.656+0000] {logging_mixin.py:188} INFO - [2026-05-28T09:13:08.655+0000] {dagbag.py:540} INFO - Filling up the DagBag from /opt/airflow/dags/inegi_scraper_dag.py
[2026-05-28T09:13:08.883+0000] {processor.py:840} INFO - DAG(s) 'inegi_scraper' retrieved from /opt/airflow/dags/inegi_scraper_dag.py
[2026-05-28T09:13:09.207+0000] {logging_mixin.py:188} INFO - [2026-05-28T09:13:09.206+0000] {dag.py:3047} INFO - Sync 1 DAGs
[2026-05-28T09:13:09.494+0000] {logging_mixin.py:188} INFO - [2026-05-28T09:13:09.493+0000] {dag.py:3834} INFO - Setting next_dagrun for inegi_scraper to 2026-05-28 00:00:00+00:00, run_after=2026-05-29 00:00:00+00:00
[2026-05-28T09:13:09.766+0000] {processor.py:183} INFO - Processing /opt/airflow/dags/inegi_scraper_dag.py took 1.188 seconds
[2026-05-28T09:13:44.766+0000] {processor.py:161} INFO - Started process (PID=6450) to work on /opt/airflow/dags/inegi_scraper_dag.py
[2026-05-28T09:13:44.770+0000] {processor.py:830} INFO - Processing file /opt/airflow/dags/inegi_scraper_dag.py for tasks to queue
[2026-05-28T09:13:44.784+0000] {logging_mixin.py:188} INFO - [2026-05-28T09:13:44.783+0000] {dagbag.py:540} INFO - Filling up the DagBag from /opt/airflow/dags/inegi_scraper_dag.py
[2026-05-28T09:13:45.111+0000] {processor.py:840} INFO - DAG(s) 'inegi_scraper' retrieved from /opt/airflow/dags/inegi_scraper_dag.py
[2026-05-28T09:13:45.408+0000] {logging_mixin.py:188} INFO - [2026-05-28T09:13:45.396+0000] {dag.py:3047} INFO - Sync 1 DAGs
[2026-05-28T09:13:45.732+0000] {logging_mixin.py:188} INFO - [2026-05-28T09:13:45.731+0000] {dag.py:3834} INFO - Setting next_dagrun for inegi_scraper to 2026-05-28 00:00:00+00:00, run_after=2026-05-29 00:00:00+00:00
[2026-05-28T09:13:46.203+0000] {processor.py:183} INFO - Processing /opt/airflow/dags/inegi_scraper_dag.py took 1.481 seconds
[2026-05-28T09:14:18.236+0000] {processor.py:161} INFO - Started process (PID=6482) to work on /opt/airflow/dags/inegi_scraper_dag.py
[2026-05-28T09:14:18.243+0000] {processor.py:830} INFO - Processing file /opt/airflow/dags/inegi_scraper_dag.py for tasks to queue
[2026-05-28T09:14:18.246+0000] {logging_mixin.py:188} INFO - [2026-05-28T09:14:18.245+0000] {dagbag.py:540} INFO - Filling up the DagBag from /opt/airflow/dags/inegi_scraper_dag.py
[2026-05-28T09:14:18.294+0000] {processor.py:840} INFO - DAG(s) 'inegi_scraper' retrieved from /opt/airflow/dags/inegi_scraper_dag.py
[2026-05-28T09:14:18.370+0000] {logging_mixin.py:188} INFO - [2026-05-28T09:14:18.369+0000] {dag.py:3047} INFO - Sync 1 DAGs
[2026-05-28T09:14:18.443+0000] {logging_mixin.py:188} INFO - [2026-05-28T09:14:18.438+0000] {dag.py:3834} INFO - Setting next_dagrun for inegi_scraper to 2026-05-28 00:00:00+00:00, run_after=2026-05-29 00:00:00+00:00
[2026-05-28T09:14:18.505+0000] {processor.py:183} INFO - Processing /opt/airflow/dags/inegi_scraper_dag.py took 0.280 seconds
[2026-05-28T09:14:50.095+0000] {processor.py:161} INFO - Started process (PID=6512) to work on /opt/airflow/dags/inegi_scraper_dag.py
[2026-05-28T09:14:50.107+0000] {processor.py:830} INFO - Processing file /opt/airflow/dags/inegi_scraper_dag.py for tasks to queue
[2026-05-28T09:14:50.112+0000] {logging_mixin.py:188} INFO - [2026-05-28T09:14:50.111+0000] {dagbag.py:540} INFO - Filling up the DagBag from /opt/airflow/dags/inegi_scraper_dag.py
[2026-05-28T09:14:50.378+0000] {processor.py:840} INFO - DAG(s) 'inegi_scraper' retrieved from /opt/airflow/dags/inegi_scraper_dag.py
[2026-05-28T09:14:50.559+0000] {logging_mixin.py:188} INFO - [2026-05-28T09:14:50.558+0000] {dag.py:3047} INFO - Sync 1 DAGs
[2026-05-28T09:14:50.669+0000] {logging_mixin.py:188} INFO - [2026-05-28T09:14:50.667+0000] {dag.py:3834} INFO - Setting next_dagrun for inegi_scraper to 2026-05-28 00:00:00+00:00, run_after=2026-05-29 00:00:00+00:00
[2026-05-28T09:14:50.763+0000] {processor.py:183} INFO - Processing /opt/airflow/dags/inegi_scraper_dag.py took 0.700 seconds
[2026-05-28T09:15:22.296+0000] {processor.py:161} INFO - Started process (PID=6542) to work on /opt/airflow/dags/inegi_scraper_dag.py
[2026-05-28T09:15:22.310+0000] {processor.py:830} INFO - Processing file /opt/airflow/dags/inegi_scraper_dag.py for tasks to queue
[2026-05-28T09:15:22.332+0000] {logging_mixin.py:188} INFO - [2026-05-28T09:15:22.328+0000] {dagbag.py:540} INFO - Filling up the DagBag from /opt/airflow/dags/inegi_scraper_dag.py
[2026-05-28T09:15:22.756+0000] {processor.py:840} INFO - DAG(s) 'inegi_scraper' retrieved from /opt/airflow/dags/inegi_scraper_dag.py
[2026-05-28T09:15:22.867+0000] {logging_mixin.py:188} INFO - [2026-05-28T09:15:22.867+0000] {dag.py:3047} INFO - Sync 1 DAGs
[2026-05-28T09:15:22.962+0000] {logging_mixin.py:188} INFO - [2026-05-28T09:15:22.961+0000] {dag.py:3834} INFO - Setting next_dagrun for inegi_scraper to 2026-05-28 00:00:00+00:00, run_after=2026-05-29 00:00:00+00:00
[2026-05-28T09:15:23.093+0000] {processor.py:183} INFO - Processing /opt/airflow/dags/inegi_scraper_dag.py took 0.831 seconds
[2026-05-28T09:15:58.617+0000] {processor.py:161} INFO - Started process (PID=6572) to work on /opt/airflow/dags/inegi_scraper_dag.py
[2026-05-28T09:15:58.654+0000] {processor.py:830} INFO - Processing file /opt/airflow/dags/inegi_scraper_dag.py for tasks to queue
[2026-05-28T09:15:58.675+0000] {logging_mixin.py:188} INFO - [2026-05-28T09:15:58.674+0000] {dagbag.py:540} INFO - Filling up the DagBag from /opt/airflow/dags/inegi_scraper_dag.py
[2026-05-28T09:15:58.956+0000] {processor.py:840} INFO - DAG(s) 'inegi_scraper' retrieved from /opt/airflow/dags/inegi_scraper_dag.py
[2026-05-28T09:15:59.139+0000] {logging_mixin.py:188} INFO - [2026-05-28T09:15:59.138+0000] {dag.py:3047} INFO - Sync 1 DAGs
[2026-05-28T09:15:59.299+0000] {logging_mixin.py:188} INFO - [2026-05-28T09:15:59.298+0000] {dag.py:3834} INFO - Setting next_dagrun for inegi_scraper to 2026-05-28 00:00:00+00:00, run_after=2026-05-29 00:00:00+00:00
[2026-05-28T09:15:59.533+0000] {processor.py:183} INFO - Processing /opt/airflow/dags/inegi_scraper_dag.py took 0.935 seconds
[2026-05-28T09:16:33.209+0000] {processor.py:161} INFO - Started process (PID=6602) to work on /opt/airflow/dags/inegi_scraper_dag.py
[2026-05-28T09:16:33.292+0000] {processor.py:830} INFO - Processing file /opt/airflow/dags/inegi_scraper_dag.py for tasks to queue
[2026-05-28T09:16:33.324+0000] {logging_mixin.py:188} INFO - [2026-05-28T09:16:33.323+0000] {dagbag.py:540} INFO - Filling up the DagBag from /opt/airflow/dags/inegi_scraper_dag.py
[2026-05-28T09:16:35.530+0000] {processor.py:840} INFO - DAG(s) 'inegi_scraper' retrieved from /opt/airflow/dags/inegi_scraper_dag.py
[2026-05-28T09:16:35.883+0000] {logging_mixin.py:188} INFO - [2026-05-28T09:16:35.883+0000] {dag.py:3047} INFO - Sync 1 DAGs
[2026-05-28T09:16:36.313+0000] {logging_mixin.py:188} INFO - [2026-05-28T09:16:36.312+0000] {dag.py:3834} INFO - Setting next_dagrun for inegi_scraper to 2026-05-28 00:00:00+00:00, run_after=2026-05-29 00:00:00+00:00
[2026-05-28T09:16:36.620+0000] {processor.py:183} INFO - Processing /opt/airflow/dags/inegi_scraper_dag.py took 3.492 seconds
[2026-05-28T09:17:08.055+0000] {processor.py:161} INFO - Started process (PID=6630) to work on /opt/airflow/dags/inegi_scraper_dag.py
[2026-05-28T09:17:08.079+0000] {processor.py:830} INFO - Processing file /opt/airflow/dags/inegi_scraper_dag.py for tasks to queue
[2026-05-28T09:17:08.111+0000] {logging_mixin.py:188} INFO - [2026-05-28T09:17:08.109+0000] {dagbag.py:540} INFO - Filling up the DagBag from /opt/airflow/dags/inegi_scraper_dag.py
[2026-05-28T09:17:08.433+0000] {processor.py:840} INFO - DAG(s) 'inegi_scraper' retrieved from /opt/airflow/dags/inegi_scraper_dag.py
[2026-05-28T09:17:08.717+0000] {logging_mixin.py:188} INFO - [2026-05-28T09:17:08.717+0000] {dag.py:3047} INFO - Sync 1 DAGs
[2026-05-28T09:17:08.905+0000] {logging_mixin.py:188} INFO - [2026-05-28T09:17:08.894+0000] {dag.py:3834} INFO - Setting next_dagrun for inegi_scraper to 2026-05-28 00:00:00+00:00, run_after=2026-05-29 00:00:00+00:00
[2026-05-28T09:17:09.050+0000] {processor.py:183} INFO - Processing /opt/airflow/dags/inegi_scraper_dag.py took 1.016 seconds
[2026-05-28T09:17:48.409+0000] {processor.py:161} INFO - Started process (PID=6665) to work on /opt/airflow/dags/inegi_scraper_dag.py
[2026-05-28T09:17:48.470+0000] {processor.py:830} INFO - Processing file /opt/airflow/dags/inegi_scraper_dag.py for tasks to queue
[2026-05-28T09:17:48.492+0000] {logging_mixin.py:188} INFO - [2026-05-28T09:17:48.491+0000] {dagbag.py:540} INFO - Filling up the DagBag from /opt/airflow/dags/inegi_scraper_dag.py
[2026-05-28T09:17:48.791+0000] {processor.py:840} INFO - DAG(s) 'inegi_scraper' retrieved from /opt/airflow/dags/inegi_scraper_dag.py
[2026-05-28T09:17:48.974+0000] {logging_mixin.py:188} INFO - [2026-05-28T09:17:48.962+0000] {dag.py:3047} INFO - Sync 1 DAGs
[2026-05-28T09:17:49.122+0000] {logging_mixin.py:188} INFO - [2026-05-28T09:17:49.120+0000] {dag.py:3834} INFO - Setting next_dagrun for inegi_scraper to 2026-05-28 00:00:00+00:00, run_after=2026-05-29 00:00:00+00:00
[2026-05-28T09:17:49.417+0000] {processor.py:183} INFO - Processing /opt/airflow/dags/inegi_scraper_dag.py took 1.040 seconds
[2026-05-28T09:18:20.390+0000] {processor.py:161} INFO - Started process (PID=6697) to work on /opt/airflow/dags/inegi_scraper_dag.py
[2026-05-28T09:18:20.394+0000] {processor.py:830} INFO - Processing file /opt/airflow/dags/inegi_scraper_dag.py for tasks to queue
[2026-05-28T09:18:20.410+0000] {logging_mixin.py:188} INFO - [2026-05-28T09:18:20.409+0000] {dagbag.py:540} INFO - Filling up the DagBag from /opt/airflow/dags/inegi_scraper_dag.py
[2026-05-28T09:18:20.482+0000] {processor.py:840} INFO - DAG(s) 'inegi_scraper' retrieved from /opt/airflow/dags/inegi_scraper_dag.py
[2026-05-28T09:18:20.661+0000] {logging_mixin.py:188} INFO - [2026-05-28T09:18:20.660+0000] {dag.py:3047} INFO - Sync 1 DAGs
[2026-05-28T09:18:20.782+0000] {logging_mixin.py:188} INFO - [2026-05-28T09:18:20.781+0000] {dag.py:3834} INFO - Setting next_dagrun for inegi_scraper to 2026-05-28 00:00:00+00:00, run_after=2026-05-29 00:00:00+00:00
[2026-05-28T09:18:20.863+0000] {processor.py:183} INFO - Processing /opt/airflow/dags/inegi_scraper_dag.py took 0.492 seconds
[2026-05-28T09:18:51.666+0000] {processor.py:161} INFO - Started process (PID=6727) to work on /opt/airflow/dags/inegi_scraper_dag.py
[2026-05-28T09:18:51.681+0000] {processor.py:830} INFO - Processing file /opt/airflow/dags/inegi_scraper_dag.py for tasks to queue
[2026-05-28T09:18:51.695+0000] {logging_mixin.py:188} INFO - [2026-05-28T09:18:51.684+0000] {dagbag.py:540} INFO - Filling up the DagBag from /opt/airflow/dags/inegi_scraper_dag.py
[2026-05-28T09:18:51.753+0000] {processor.py:840} INFO - DAG(s) 'inegi_scraper' retrieved from /opt/airflow/dags/inegi_scraper_dag.py
[2026-05-28T09:18:51.885+0000] {logging_mixin.py:188} INFO - [2026-05-28T09:18:51.884+0000] {dag.py:3047} INFO - Sync 1 DAGs
[2026-05-28T09:18:52.008+0000] {logging_mixin.py:188} INFO - [2026-05-28T09:18:52.008+0000] {dag.py:3834} INFO - Setting next_dagrun for inegi_scraper to 2026-05-28 00:00:00+00:00, run_after=2026-05-29 00:00:00+00:00
[2026-05-28T09:18:52.161+0000] {processor.py:183} INFO - Processing /opt/airflow/dags/inegi_scraper_dag.py took 0.528 seconds
[2026-05-28T09:19:22.721+0000] {processor.py:161} INFO - Started process (PID=6757) to work on /opt/airflow/dags/inegi_scraper_dag.py
[2026-05-28T09:19:22.731+0000] {processor.py:830} INFO - Processing file /opt/airflow/dags/inegi_scraper_dag.py for tasks to queue
[2026-05-28T09:19:22.735+0000] {logging_mixin.py:188} INFO - [2026-05-28T09:19:22.734+0000] {dagbag.py:540} INFO - Filling up the DagBag from /opt/airflow/dags/inegi_scraper_dag.py
[2026-05-28T09:19:22.799+0000] {processor.py:840} INFO - DAG(s) 'inegi_scraper' retrieved from /opt/airflow/dags/inegi_scraper_dag.py
[2026-05-28T09:19:22.910+0000] {logging_mixin.py:188} INFO - [2026-05-28T09:19:22.910+0000] {dag.py:3047} INFO - Sync 1 DAGs
[2026-05-28T09:19:23.002+0000] {logging_mixin.py:188} INFO - [2026-05-28T09:19:23.001+0000] {dag.py:3834} INFO - Setting next_dagrun for inegi_scraper to 2026-05-28 00:00:00+00:00, run_after=2026-05-29 00:00:00+00:00
[2026-05-28T09:19:23.080+0000] {processor.py:183} INFO - Processing /opt/airflow/dags/inegi_scraper_dag.py took 0.372 seconds
[2026-05-28T09:19:53.446+0000] {processor.py:161} INFO - Started process (PID=6787) to work on /opt/airflow/dags/inegi_scraper_dag.py
[2026-05-28T09:19:53.450+0000] {processor.py:830} INFO - Processing file /opt/airflow/dags/inegi_scraper_dag.py for tasks to queue
[2026-05-28T09:19:53.453+0000] {logging_mixin.py:188} INFO - [2026-05-28T09:19:53.452+0000] {dagbag.py:540} INFO - Filling up the DagBag from /opt/airflow/dags/inegi_scraper_dag.py
[2026-05-28T09:19:53.527+0000] {processor.py:840} INFO - DAG(s) 'inegi_scraper' retrieved from /opt/airflow/dags/inegi_scraper_dag.py
[2026-05-28T09:19:53.635+0000] {logging_mixin.py:188} INFO - [2026-05-28T09:19:53.634+0000] {dag.py:3047} INFO - Sync 1 DAGs
[2026-05-28T09:19:53.723+0000] {logging_mixin.py:188} INFO - [2026-05-28T09:19:53.722+0000] {dag.py:3834} INFO - Setting next_dagrun for inegi_scraper to 2026-05-28 00:00:00+00:00, run_after=2026-05-29 00:00:00+00:00
[2026-05-28T09:19:53.793+0000] {processor.py:183} INFO - Processing /opt/airflow/dags/inegi_scraper_dag.py took 0.362 seconds
[2026-05-28T09:20:36.523+0000] {processor.py:161} INFO - Started process (PID=6815) to work on /opt/airflow/dags/inegi_scraper_dag.py
[2026-05-28T09:20:36.585+0000] {processor.py:830} INFO - Processing file /opt/airflow/dags/inegi_scraper_dag.py for tasks to queue
[2026-05-28T09:20:36.607+0000] {logging_mixin.py:188} INFO - [2026-05-28T09:20:36.604+0000] {dagbag.py:540} INFO - Filling up the DagBag from /opt/airflow/dags/inegi_scraper_dag.py
[2026-05-28T09:20:37.752+0000] {processor.py:840} INFO - DAG(s) 'inegi_scraper' retrieved from /opt/airflow/dags/inegi_scraper_dag.py
[2026-05-28T09:20:38.001+0000] {logging_mixin.py:188} INFO - [2026-05-28T09:20:38.000+0000] {dag.py:3047} INFO - Sync 1 DAGs
[2026-05-28T09:20:38.164+0000] {logging_mixin.py:188} INFO - [2026-05-28T09:20:38.164+0000] {dag.py:3834} INFO - Setting next_dagrun for inegi_scraper to 2026-05-28 00:00:00+00:00, run_after=2026-05-29 00:00:00+00:00
[2026-05-28T09:20:38.925+0000] {processor.py:183} INFO - Processing /opt/airflow/dags/inegi_scraper_dag.py took 2.421 seconds
[2026-05-28T09:21:17.425+0000] {processor.py:161} INFO - Started process (PID=6847) to work on /opt/airflow/dags/inegi_scraper_dag.py
[2026-05-28T09:21:17.492+0000] {processor.py:830} INFO - Processing file /opt/airflow/dags/inegi_scraper_dag.py for tasks to queue
[2026-05-28T09:21:17.535+0000] {logging_mixin.py:188} INFO - [2026-05-28T09:21:17.534+0000] {dagbag.py:540} INFO - Filling up the DagBag from /opt/airflow/dags/inegi_scraper_dag.py
[2026-05-28T09:21:19.374+0000] {processor.py:840} INFO - DAG(s) 'inegi_scraper' retrieved from /opt/airflow/dags/inegi_scraper_dag.py
[2026-05-28T09:21:19.578+0000] {logging_mixin.py:188} INFO - [2026-05-28T09:21:19.577+0000] {dag.py:3047} INFO - Sync 1 DAGs
[2026-05-28T09:21:19.752+0000] {logging_mixin.py:188} INFO - [2026-05-28T09:21:19.752+0000] {dag.py:3834} INFO - Setting next_dagrun for inegi_scraper to 2026-05-28 00:00:00+00:00, run_after=2026-05-29 00:00:00+00:00
[2026-05-28T09:21:20.395+0000] {processor.py:183} INFO - Processing /opt/airflow/dags/inegi_scraper_dag.py took 2.992 seconds
[2026-05-28T09:21:51.618+0000] {processor.py:161} INFO - Started process (PID=6877) to work on /opt/airflow/dags/inegi_scraper_dag.py
[2026-05-28T09:21:51.622+0000] {processor.py:830} INFO - Processing file /opt/airflow/dags/inegi_scraper_dag.py for tasks to queue
[2026-05-28T09:21:51.625+0000] {logging_mixin.py:188} INFO - [2026-05-28T09:21:51.624+0000] {dagbag.py:540} INFO - Filling up the DagBag from /opt/airflow/dags/inegi_scraper_dag.py
[2026-05-28T09:21:51.691+0000] {processor.py:840} INFO - DAG(s) 'inegi_scraper' retrieved from /opt/airflow/dags/inegi_scraper_dag.py
[2026-05-28T09:21:51.800+0000] {logging_mixin.py:188} INFO - [2026-05-28T09:21:51.799+0000] {dag.py:3047} INFO - Sync 1 DAGs
[2026-05-28T09:21:51.869+0000] {logging_mixin.py:188} INFO - [2026-05-28T09:21:51.868+0000] {dag.py:3834} INFO - Setting next_dagrun for inegi_scraper to 2026-05-28 00:00:00+00:00, run_after=2026-05-29 00:00:00+00:00
[2026-05-28T09:21:51.985+0000] {processor.py:183} INFO - Processing /opt/airflow/dags/inegi_scraper_dag.py took 0.381 seconds
[2026-05-28T09:22:23.095+0000] {processor.py:161} INFO - Started process (PID=6907) to work on /opt/airflow/dags/inegi_scraper_dag.py
[2026-05-28T09:22:23.099+0000] {processor.py:830} INFO - Processing file /opt/airflow/dags/inegi_scraper_dag.py for tasks to queue
[2026-05-28T09:22:23.119+0000] {logging_mixin.py:188} INFO - [2026-05-28T09:22:23.113+0000] {dagbag.py:540} INFO - Filling up the DagBag from /opt/airflow/dags/inegi_scraper_dag.py
[2026-05-28T09:22:23.220+0000] {processor.py:840} INFO - DAG(s) 'inegi_scraper' retrieved from /opt/airflow/dags/inegi_scraper_dag.py
[2026-05-28T09:22:23.818+0000] {logging_mixin.py:188} INFO - [2026-05-28T09:22:23.818+0000] {dag.py:3047} INFO - Sync 1 DAGs
[2026-05-28T09:22:24.383+0000] {logging_mixin.py:188} INFO - [2026-05-28T09:22:24.382+0000] {dag.py:3834} INFO - Setting next_dagrun for inegi_scraper to 2026-05-28 00:00:00+00:00, run_after=2026-05-29 00:00:00+00:00
[2026-05-28T09:22:24.790+0000] {processor.py:183} INFO - Processing /opt/airflow/dags/inegi_scraper_dag.py took 1.743 seconds
[2026-05-28T09:22:55.767+0000] {processor.py:161} INFO - Started process (PID=6937) to work on /opt/airflow/dags/inegi_scraper_dag.py
[2026-05-28T09:22:55.772+0000] {processor.py:830} INFO - Processing file /opt/airflow/dags/inegi_scraper_dag.py for tasks to queue
[2026-05-28T09:22:55.776+0000] {logging_mixin.py:188} INFO - [2026-05-28T09:22:55.775+0000] {dagbag.py:540} INFO - Filling up the DagBag from /opt/airflow/dags/inegi_scraper_dag.py
[2026-05-28T09:22:55.849+0000] {processor.py:840} INFO - DAG(s) 'inegi_scraper' retrieved from /opt/airflow/dags/inegi_scraper_dag.py
[2026-05-28T09:22:55.957+0000] {logging_mixin.py:188} INFO - [2026-05-28T09:22:55.957+0000] {dag.py:3047} INFO - Sync 1 DAGs
[2026-05-28T09:22:56.045+0000] {logging_mixin.py:188} INFO - [2026-05-28T09:22:56.044+0000] {dag.py:3834} INFO - Setting next_dagrun for inegi_scraper to 2026-05-28 00:00:00+00:00, run_after=2026-05-29 00:00:00+00:00
[2026-05-28T09:22:56.114+0000] {processor.py:183} INFO - Processing /opt/airflow/dags/inegi_scraper_dag.py took 0.359 seconds
[2026-05-28T09:23:26.336+0000] {processor.py:161} INFO - Started process (PID=6967) to work on /opt/airflow/dags/inegi_scraper_dag.py
[2026-05-28T09:23:26.340+0000] {processor.py:830} INFO - Processing file /opt/airflow/dags/inegi_scraper_dag.py for tasks to queue
[2026-05-28T09:23:26.346+0000] {logging_mixin.py:188} INFO - [2026-05-28T09:23:26.345+0000] {dagbag.py:540} INFO - Filling up the DagBag from /opt/airflow/dags/inegi_scraper_dag.py
[2026-05-28T09:23:26.436+0000] {processor.py:840} INFO - DAG(s) 'inegi_scraper' retrieved from /opt/airflow/dags/inegi_scraper_dag.py
[2026-05-28T09:23:26.550+0000] {logging_mixin.py:188} INFO - [2026-05-28T09:23:26.549+0000] {dag.py:3047} INFO - Sync 1 DAGs
[2026-05-28T09:23:26.662+0000] {logging_mixin.py:188} INFO - [2026-05-28T09:23:26.662+0000] {dag.py:3834} INFO - Setting next_dagrun for inegi_scraper to 2026-05-28 00:00:00+00:00, run_after=2026-05-29 00:00:00+00:00
[2026-05-28T09:23:26.875+0000] {processor.py:183} INFO - Processing /opt/airflow/dags/inegi_scraper_dag.py took 0.561 seconds
[2026-05-28T09:23:57.404+0000] {processor.py:161} INFO - Started process (PID=6997) to work on /opt/airflow/dags/inegi_scraper_dag.py
[2026-05-28T09:23:57.409+0000] {processor.py:830} INFO - Processing file /opt/airflow/dags/inegi_scraper_dag.py for tasks to queue
[2026-05-28T09:23:57.412+0000] {logging_mixin.py:188} INFO - [2026-05-28T09:23:57.411+0000] {dagbag.py:540} INFO - Filling up the DagBag from /opt/airflow/dags/inegi_scraper_dag.py
[2026-05-28T09:23:57.480+0000] {processor.py:840} INFO - DAG(s) 'inegi_scraper' retrieved from /opt/airflow/dags/inegi_scraper_dag.py
[2026-05-28T09:23:57.581+0000] {logging_mixin.py:188} INFO - [2026-05-28T09:23:57.580+0000] {dag.py:3047} INFO - Sync 1 DAGs
[2026-05-28T09:23:57.659+0000] {logging_mixin.py:188} INFO - [2026-05-28T09:23:57.658+0000] {dag.py:3834} INFO - Setting next_dagrun for inegi_scraper to 2026-05-28 00:00:00+00:00, run_after=2026-05-29 00:00:00+00:00
[2026-05-28T09:23:57.726+0000] {processor.py:183} INFO - Processing /opt/airflow/dags/inegi_scraper_dag.py took 0.345 seconds
[2026-05-28T09:24:28.285+0000] {processor.py:161} INFO - Started process (PID=7027) to work on /opt/airflow/dags/inegi_scraper_dag.py
[2026-05-28T09:24:28.299+0000] {processor.py:830} INFO - Processing file /opt/airflow/dags/inegi_scraper_dag.py for tasks to queue
[2026-05-28T09:24:28.303+0000] {logging_mixin.py:188} INFO - [2026-05-28T09:24:28.302+0000] {dagbag.py:540} INFO - Filling up the DagBag from /opt/airflow/dags/inegi_scraper_dag.py
[2026-05-28T09:24:28.426+0000] {processor.py:840} INFO - DAG(s) 'inegi_scraper' retrieved from /opt/airflow/dags/inegi_scraper_dag.py
[2026-05-28T09:24:28.603+0000] {logging_mixin.py:188} INFO - [2026-05-28T09:24:28.603+0000] {dag.py:3047} INFO - Sync 1 DAGs
[2026-05-28T09:24:29.033+0000] {logging_mixin.py:188} INFO - [2026-05-28T09:24:29.032+0000] {dag.py:3834} INFO - Setting next_dagrun for inegi_scraper to 2026-05-28 00:00:00+00:00, run_after=2026-05-29 00:00:00+00:00
[2026-05-28T09:24:30.077+0000] {processor.py:183} INFO - Processing /opt/airflow/dags/inegi_scraper_dag.py took 1.825 seconds
[2026-05-28T09:25:01.140+0000] {processor.py:161} INFO - Started process (PID=7057) to work on /opt/airflow/dags/inegi_scraper_dag.py
[2026-05-28T09:25:01.148+0000] {processor.py:830} INFO - Processing file /opt/airflow/dags/inegi_scraper_dag.py for tasks to queue
[2026-05-28T09:25:01.156+0000] {logging_mixin.py:188} INFO - [2026-05-28T09:25:01.151+0000] {dagbag.py:540} INFO - Filling up the DagBag from /opt/airflow/dags/inegi_scraper_dag.py
[2026-05-28T09:25:01.332+0000] {processor.py:840} INFO - DAG(s) 'inegi_scraper' retrieved from /opt/airflow/dags/inegi_scraper_dag.py
[2026-05-28T09:25:01.506+0000] {logging_mixin.py:188} INFO - [2026-05-28T09:25:01.496+0000] {dag.py:3047} INFO - Sync 1 DAGs
[2026-05-28T09:25:01.637+0000] {logging_mixin.py:188} INFO - [2026-05-28T09:25:01.636+0000] {dag.py:3834} INFO - Setting next_dagrun for inegi_scraper to 2026-05-28 00:00:00+00:00, run_after=2026-05-29 00:00:00+00:00
[2026-05-28T09:25:01.798+0000] {processor.py:183} INFO - Processing /opt/airflow/dags/inegi_scraper_dag.py took 0.678 seconds
[2026-05-28T09:25:32.882+0000] {processor.py:161} INFO - Started process (PID=7087) to work on /opt/airflow/dags/inegi_scraper_dag.py
[2026-05-28T09:25:32.887+0000] {processor.py:830} INFO - Processing file /opt/airflow/dags/inegi_scraper_dag.py for tasks to queue
[2026-05-28T09:25:32.890+0000] {logging_mixin.py:188} INFO - [2026-05-28T09:25:32.889+0000] {dagbag.py:540} INFO - Filling up the DagBag from /opt/airflow/dags/inegi_scraper_dag.py
[2026-05-28T09:25:32.976+0000] {processor.py:840} INFO - DAG(s) 'inegi_scraper' retrieved from /opt/airflow/dags/inegi_scraper_dag.py
[2026-05-28T09:25:33.176+0000] {logging_mixin.py:188} INFO - [2026-05-28T09:25:33.175+0000] {dag.py:3047} INFO - Sync 1 DAGs
[2026-05-28T09:25:33.453+0000] {logging_mixin.py:188} INFO - [2026-05-28T09:25:33.452+0000] {dag.py:3834} INFO - Setting next_dagrun for inegi_scraper to 2026-05-28 00:00:00+00:00, run_after=2026-05-29 00:00:00+00:00
[2026-05-28T09:25:33.612+0000] {processor.py:183} INFO - Processing /opt/airflow/dags/inegi_scraper_dag.py took 0.749 seconds
[2026-05-28T09:26:05.629+0000] {processor.py:161} INFO - Started process (PID=7117) to work on /opt/airflow/dags/inegi_scraper_dag.py
[2026-05-28T09:26:05.631+0000] {processor.py:830} INFO - Processing file /opt/airflow/dags/inegi_scraper_dag.py for tasks to queue
[2026-05-28T09:26:05.634+0000] {logging_mixin.py:188} INFO - [2026-05-28T09:26:05.633+0000] {dagbag.py:540} INFO - Filling up the DagBag from /opt/airflow/dags/inegi_scraper_dag.py
[2026-05-28T09:26:05.687+0000] {processor.py:840} INFO - DAG(s) 'inegi_scraper' retrieved from /opt/airflow/dags/inegi_scraper_dag.py
[2026-05-28T09:26:05.800+0000] {logging_mixin.py:188} INFO - [2026-05-28T09:26:05.799+0000] {dag.py:3047} INFO - Sync 1 DAGs
[2026-05-28T09:26:05.893+0000] {logging_mixin.py:188} INFO - [2026-05-28T09:26:05.893+0000] {dag.py:3834} INFO - Setting next_dagrun for inegi_scraper to 2026-05-28 00:00:00+00:00, run_after=2026-05-29 00:00:00+00:00
[2026-05-28T09:26:05.957+0000] {processor.py:183} INFO - Processing /opt/airflow/dags/inegi_scraper_dag.py took 0.352 seconds
[2026-05-28T09:26:36.758+0000] {processor.py:161} INFO - Started process (PID=7147) to work on /opt/airflow/dags/inegi_scraper_dag.py
[2026-05-28T09:26:36.766+0000] {processor.py:830} INFO - Processing file /opt/airflow/dags/inegi_scraper_dag.py for tasks to queue
[2026-05-28T09:26:36.776+0000] {logging_mixin.py:188} INFO - [2026-05-28T09:26:36.775+0000] {dagbag.py:540} INFO - Filling up the DagBag from /opt/airflow/dags/inegi_scraper_dag.py
[2026-05-28T09:26:36.911+0000] {processor.py:840} INFO - DAG(s) 'inegi_scraper' retrieved from /opt/airflow/dags/inegi_scraper_dag.py
[2026-05-28T09:26:37.179+0000] {logging_mixin.py:188} INFO - [2026-05-28T09:26:37.178+0000] {dag.py:3047} INFO - Sync 1 DAGs
[2026-05-28T09:26:37.269+0000] {logging_mixin.py:188} INFO - [2026-05-28T09:26:37.269+0000] {dag.py:3834} INFO - Setting next_dagrun for inegi_scraper to 2026-05-28 00:00:00+00:00, run_after=2026-05-29 00:00:00+00:00
[2026-05-28T09:26:37.340+0000] {processor.py:183} INFO - Processing /opt/airflow/dags/inegi_scraper_dag.py took 0.615 seconds
[2026-05-28T09:27:07.801+0000] {processor.py:161} INFO - Started process (PID=7177) to work on /opt/airflow/dags/inegi_scraper_dag.py
[2026-05-28T09:27:07.805+0000] {processor.py:830} INFO - Processing file /opt/airflow/dags/inegi_scraper_dag.py for tasks to queue
[2026-05-28T09:27:07.812+0000] {logging_mixin.py:188} INFO - [2026-05-28T09:27:07.812+0000] {dagbag.py:540} INFO - Filling up the DagBag from /opt/airflow/dags/inegi_scraper_dag.py
[2026-05-28T09:27:07.873+0000] {processor.py:840} INFO - DAG(s) 'inegi_scraper' retrieved from /opt/airflow/dags/inegi_scraper_dag.py
[2026-05-28T09:27:08.008+0000] {logging_mixin.py:188} INFO - [2026-05-28T09:27:08.007+0000] {dag.py:3047} INFO - Sync 1 DAGs
[2026-05-28T09:27:08.200+0000] {logging_mixin.py:188} INFO - [2026-05-28T09:27:08.200+0000] {dag.py:3834} INFO - Setting next_dagrun for inegi_scraper to 2026-05-28 00:00:00+00:00, run_after=2026-05-29 00:00:00+00:00
[2026-05-28T09:27:08.541+0000] {processor.py:183} INFO - Processing /opt/airflow/dags/inegi_scraper_dag.py took 0.770 seconds
[2026-05-28T09:27:39.828+0000] {processor.py:161} INFO - Started process (PID=7207) to work on /opt/airflow/dags/inegi_scraper_dag.py
[2026-05-28T09:27:39.844+0000] {processor.py:830} INFO - Processing file /opt/airflow/dags/inegi_scraper_dag.py for tasks to queue
[2026-05-28T09:27:39.853+0000] {logging_mixin.py:188} INFO - [2026-05-28T09:27:39.851+0000] {dagbag.py:540} INFO - Filling up the DagBag from /opt/airflow/dags/inegi_scraper_dag.py
[2026-05-28T09:27:40.146+0000] {processor.py:840} INFO - DAG(s) 'inegi_scraper' retrieved from /opt/airflow/dags/inegi_scraper_dag.py
[2026-05-28T09:27:40.259+0000] {logging_mixin.py:188} INFO - [2026-05-28T09:27:40.258+0000] {dag.py:3047} INFO - Sync 1 DAGs
[2026-05-28T09:27:40.337+0000] {logging_mixin.py:188} INFO - [2026-05-28T09:27:40.337+0000] {dag.py:3834} INFO - Setting next_dagrun for inegi_scraper to 2026-05-28 00:00:00+00:00, run_after=2026-05-29 00:00:00+00:00
[2026-05-28T09:27:40.401+0000] {processor.py:183} INFO - Processing /opt/airflow/dags/inegi_scraper_dag.py took 0.601 seconds
[2026-05-28T09:28:11.972+0000] {processor.py:161} INFO - Started process (PID=7237) to work on /opt/airflow/dags/inegi_scraper_dag.py
[2026-05-28T09:28:12.014+0000] {processor.py:830} INFO - Processing file /opt/airflow/dags/inegi_scraper_dag.py for tasks to queue
[2026-05-28T09:28:12.053+0000] {logging_mixin.py:188} INFO - [2026-05-28T09:28:12.041+0000] {dagbag.py:540} INFO - Filling up the DagBag from /opt/airflow/dags/inegi_scraper_dag.py
[2026-05-28T09:28:12.243+0000] {processor.py:840} INFO - DAG(s) 'inegi_scraper' retrieved from /opt/airflow/dags/inegi_scraper_dag.py
[2026-05-28T09:28:12.635+0000] {logging_mixin.py:188} INFO - [2026-05-28T09:28:12.634+0000] {dag.py:3047} INFO - Sync 1 DAGs
[2026-05-28T09:28:13.280+0000] {logging_mixin.py:188} INFO - [2026-05-28T09:28:13.252+0000] {dag.py:3834} INFO - Setting next_dagrun for inegi_scraper to 2026-05-28 00:00:00+00:00, run_after=2026-05-29 00:00:00+00:00
[2026-05-28T09:28:13.553+0000] {processor.py:183} INFO - Processing /opt/airflow/dags/inegi_scraper_dag.py took 1.628 seconds
[2026-05-28T09:28:45.519+0000] {processor.py:161} INFO - Started process (PID=7267) to work on /opt/airflow/dags/inegi_scraper_dag.py
[2026-05-28T09:28:45.527+0000] {processor.py:830} INFO - Processing file /opt/airflow/dags/inegi_scraper_dag.py for tasks to queue
[2026-05-28T09:28:45.531+0000] {logging_mixin.py:188} INFO - [2026-05-28T09:28:45.530+0000] {dagbag.py:540} INFO - Filling up the DagBag from /opt/airflow/dags/inegi_scraper_dag.py
[2026-05-28T09:28:45.596+0000] {processor.py:840} INFO - DAG(s) 'inegi_scraper' retrieved from /opt/airflow/dags/inegi_scraper_dag.py
[2026-05-28T09:28:45.703+0000] {logging_mixin.py:188} INFO - [2026-05-28T09:28:45.702+0000] {dag.py:3047} INFO - Sync 1 DAGs
[2026-05-28T09:28:45.800+0000] {logging_mixin.py:188} INFO - [2026-05-28T09:28:45.799+0000] {dag.py:3834} INFO - Setting next_dagrun for inegi_scraper to 2026-05-28 00:00:00+00:00, run_after=2026-05-29 00:00:00+00:00
[2026-05-28T09:28:45.879+0000] {processor.py:183} INFO - Processing /opt/airflow/dags/inegi_scraper_dag.py took 0.386 seconds
[2026-05-28T09:29:16.464+0000] {processor.py:161} INFO - Started process (PID=7297) to work on /opt/airflow/dags/inegi_scraper_dag.py
[2026-05-28T09:29:16.468+0000] {processor.py:830} INFO - Processing file /opt/airflow/dags/inegi_scraper_dag.py for tasks to queue
[2026-05-28T09:29:16.473+0000] {logging_mixin.py:188} INFO - [2026-05-28T09:29:16.470+0000] {dagbag.py:540} INFO - Filling up the DagBag from /opt/airflow/dags/inegi_scraper_dag.py
[2026-05-28T09:29:16.548+0000] {processor.py:840} INFO - DAG(s) 'inegi_scraper' retrieved from /opt/airflow/dags/inegi_scraper_dag.py
[2026-05-28T09:29:16.726+0000] {logging_mixin.py:188} INFO - [2026-05-28T09:29:16.725+0000] {dag.py:3047} INFO - Sync 1 DAGs
[2026-05-28T09:29:16.951+0000] {logging_mixin.py:188} INFO - [2026-05-28T09:29:16.951+0000] {dag.py:3834} INFO - Setting next_dagrun for inegi_scraper to 2026-05-28 00:00:00+00:00, run_after=2026-05-29 00:00:00+00:00
[2026-05-28T09:29:17.163+0000] {processor.py:183} INFO - Processing /opt/airflow/dags/inegi_scraper_dag.py took 0.717 seconds
[2026-05-28T09:29:48.548+0000] {processor.py:161} INFO - Started process (PID=7327) to work on /opt/airflow/dags/inegi_scraper_dag.py
[2026-05-28T09:29:48.551+0000] {processor.py:830} INFO - Processing file /opt/airflow/dags/inegi_scraper_dag.py for tasks to queue
[2026-05-28T09:29:48.556+0000] {logging_mixin.py:188} INFO - [2026-05-28T09:29:48.555+0000] {dagbag.py:540} INFO - Filling up the DagBag from /opt/airflow/dags/inegi_scraper_dag.py
[2026-05-28T09:29:48.616+0000] {processor.py:840} INFO - DAG(s) 'inegi_scraper' retrieved from /opt/airflow/dags/inegi_scraper_dag.py
[2026-05-28T09:29:48.723+0000] {logging_mixin.py:188} INFO - [2026-05-28T09:29:48.722+0000] {dag.py:3047} INFO - Sync 1 DAGs
[2026-05-28T09:29:48.875+0000] {logging_mixin.py:188} INFO - [2026-05-28T09:29:48.874+0000] {dag.py:3834} INFO - Setting next_dagrun for inegi_scraper to 2026-05-28 00:00:00+00:00, run_after=2026-05-29 00:00:00+00:00
[2026-05-28T09:29:48.951+0000] {processor.py:183} INFO - Processing /opt/airflow/dags/inegi_scraper_dag.py took 0.425 seconds
[2026-05-28T09:30:20.519+0000] {processor.py:161} INFO - Started process (PID=7357) to work on /opt/airflow/dags/inegi_scraper_dag.py
[2026-05-28T09:30:20.549+0000] {processor.py:830} INFO - Processing file /opt/airflow/dags/inegi_scraper_dag.py for tasks to queue
[2026-05-28T09:30:20.555+0000] {logging_mixin.py:188} INFO - [2026-05-28T09:30:20.554+0000] {dagbag.py:540} INFO - Filling up the DagBag from /opt/airflow/dags/inegi_scraper_dag.py
[2026-05-28T09:30:20.702+0000] {processor.py:840} INFO - DAG(s) 'inegi_scraper' retrieved from /opt/airflow/dags/inegi_scraper_dag.py
[2026-05-28T09:30:20.815+0000] {logging_mixin.py:188} INFO - [2026-05-28T09:30:20.814+0000] {dag.py:3047} INFO - Sync 1 DAGs
[2026-05-28T09:30:20.915+0000] {logging_mixin.py:188} INFO - [2026-05-28T09:30:20.915+0000] {dag.py:3834} INFO - Setting next_dagrun for inegi_scraper to 2026-05-28 00:00:00+00:00, run_after=2026-05-29 00:00:00+00:00
[2026-05-28T09:30:21.018+0000] {processor.py:183} INFO - Processing /opt/airflow/dags/inegi_scraper_dag.py took 0.521 seconds
[2026-05-28T09:30:51.944+0000] {processor.py:161} INFO - Started process (PID=7387) to work on /opt/airflow/dags/inegi_scraper_dag.py
[2026-05-28T09:30:51.999+0000] {processor.py:830} INFO - Processing file /opt/airflow/dags/inegi_scraper_dag.py for tasks to queue
[2026-05-28T09:30:52.006+0000] {logging_mixin.py:188} INFO - [2026-05-28T09:30:52.005+0000] {dagbag.py:540} INFO - Filling up the DagBag from /opt/airflow/dags/inegi_scraper_dag.py
[2026-05-28T09:30:52.057+0000] {processor.py:840} INFO - DAG(s) 'inegi_scraper' retrieved from /opt/airflow/dags/inegi_scraper_dag.py
[2026-05-28T09:30:52.159+0000] {logging_mixin.py:188} INFO - [2026-05-28T09:30:52.158+0000] {dag.py:3047} INFO - Sync 1 DAGs
[2026-05-28T09:30:52.241+0000] {logging_mixin.py:188} INFO - [2026-05-28T09:30:52.241+0000] {dag.py:3834} INFO - Setting next_dagrun for inegi_scraper to 2026-05-28 00:00:00+00:00, run_after=2026-05-29 00:00:00+00:00
[2026-05-28T09:30:52.313+0000] {processor.py:183} INFO - Processing /opt/airflow/dags/inegi_scraper_dag.py took 0.397 seconds
[2026-05-28T09:31:23.236+0000] {processor.py:161} INFO - Started process (PID=7417) to work on /opt/airflow/dags/inegi_scraper_dag.py
[2026-05-28T09:31:23.241+0000] {processor.py:830} INFO - Processing file /opt/airflow/dags/inegi_scraper_dag.py for tasks to queue
[2026-05-28T09:31:23.249+0000] {logging_mixin.py:188} INFO - [2026-05-28T09:31:23.248+0000] {dagbag.py:540} INFO - Filling up the DagBag from /opt/airflow/dags/inegi_scraper_dag.py
[2026-05-28T09:31:23.359+0000] {processor.py:840} INFO - DAG(s) 'inegi_scraper' retrieved from /opt/airflow/dags/inegi_scraper_dag.py
[2026-05-28T09:31:23.574+0000] {logging_mixin.py:188} INFO - [2026-05-28T09:31:23.573+0000] {dag.py:3047} INFO - Sync 1 DAGs
[2026-05-28T09:31:23.829+0000] {logging_mixin.py:188} INFO - [2026-05-28T09:31:23.828+0000] {dag.py:3834} INFO - Setting next_dagrun for inegi_scraper to 2026-05-28 00:00:00+00:00, run_after=2026-05-29 00:00:00+00:00
[2026-05-28T09:31:24.080+0000] {processor.py:183} INFO - Processing /opt/airflow/dags/inegi_scraper_dag.py took 0.871 seconds
[2026-05-28T09:31:54.884+0000] {processor.py:161} INFO - Started process (PID=7447) to work on /opt/airflow/dags/inegi_scraper_dag.py
[2026-05-28T09:31:54.892+0000] {processor.py:830} INFO - Processing file /opt/airflow/dags/inegi_scraper_dag.py for tasks to queue
[2026-05-28T09:31:54.898+0000] {logging_mixin.py:188} INFO - [2026-05-28T09:31:54.897+0000] {dagbag.py:540} INFO - Filling up the DagBag from /opt/airflow/dags/inegi_scraper_dag.py
[2026-05-28T09:31:55.106+0000] {processor.py:840} INFO - DAG(s) 'inegi_scraper' retrieved from /opt/airflow/dags/inegi_scraper_dag.py
[2026-05-28T09:31:55.331+0000] {logging_mixin.py:188} INFO - [2026-05-28T09:31:55.329+0000] {dag.py:3047} INFO - Sync 1 DAGs
[2026-05-28T09:31:55.673+0000] {logging_mixin.py:188} INFO - [2026-05-28T09:31:55.672+0000] {dag.py:3834} INFO - Setting next_dagrun for inegi_scraper to 2026-05-28 00:00:00+00:00, run_after=2026-05-29 00:00:00+00:00
[2026-05-28T09:31:56.050+0000] {processor.py:183} INFO - Processing /opt/airflow/dags/inegi_scraper_dag.py took 1.203 seconds
[2026-05-28T09:32:26.744+0000] {processor.py:161} INFO - Started process (PID=7477) to work on /opt/airflow/dags/inegi_scraper_dag.py
[2026-05-28T09:32:26.748+0000] {processor.py:830} INFO - Processing file /opt/airflow/dags/inegi_scraper_dag.py for tasks to queue
[2026-05-28T09:32:26.753+0000] {logging_mixin.py:188} INFO - [2026-05-28T09:32:26.752+0000] {dagbag.py:540} INFO - Filling up the DagBag from /opt/airflow/dags/inegi_scraper_dag.py
[2026-05-28T09:32:26.814+0000] {processor.py:840} INFO - DAG(s) 'inegi_scraper' retrieved from /opt/airflow/dags/inegi_scraper_dag.py
[2026-05-28T09:32:26.951+0000] {logging_mixin.py:188} INFO - [2026-05-28T09:32:26.950+0000] {dag.py:3047} INFO - Sync 1 DAGs
[2026-05-28T09:32:27.117+0000] {logging_mixin.py:188} INFO - [2026-05-28T09:32:27.117+0000] {dag.py:3834} INFO - Setting next_dagrun for inegi_scraper to 2026-05-28 00:00:00+00:00, run_after=2026-05-29 00:00:00+00:00
[2026-05-28T09:32:27.174+0000] {processor.py:183} INFO - Processing /opt/airflow/dags/inegi_scraper_dag.py took 0.447 seconds
[2026-05-28T09:32:58.176+0000] {processor.py:161} INFO - Started process (PID=7507) to work on /opt/airflow/dags/inegi_scraper_dag.py
[2026-05-28T09:32:58.199+0000] {processor.py:830} INFO - Processing file /opt/airflow/dags/inegi_scraper_dag.py for tasks to queue
[2026-05-28T09:32:58.233+0000] {logging_mixin.py:188} INFO - [2026-05-28T09:32:58.231+0000] {dagbag.py:540} INFO - Filling up the DagBag from /opt/airflow/dags/inegi_scraper_dag.py
[2026-05-28T09:32:58.396+0000] {processor.py:840} INFO - DAG(s) 'inegi_scraper' retrieved from /opt/airflow/dags/inegi_scraper_dag.py
[2026-05-28T09:32:58.482+0000] {logging_mixin.py:188} INFO - [2026-05-28T09:32:58.481+0000] {dag.py:3047} INFO - Sync 1 DAGs
[2026-05-28T09:32:58.546+0000] {logging_mixin.py:188} INFO - [2026-05-28T09:32:58.545+0000] {dag.py:3834} INFO - Setting next_dagrun for inegi_scraper to 2026-05-28 00:00:00+00:00, run_after=2026-05-29 00:00:00+00:00
[2026-05-28T09:32:58.610+0000] {processor.py:183} INFO - Processing /opt/airflow/dags/inegi_scraper_dag.py took 0.454 seconds
[2026-05-28T09:33:29.557+0000] {processor.py:161} INFO - Started process (PID=7537) to work on /opt/airflow/dags/inegi_scraper_dag.py
[2026-05-28T09:33:29.563+0000] {processor.py:830} INFO - Processing file /opt/airflow/dags/inegi_scraper_dag.py for tasks to queue
[2026-05-28T09:33:29.577+0000] {logging_mixin.py:188} INFO - [2026-05-28T09:33:29.576+0000] {dagbag.py:540} INFO - Filling up the DagBag from /opt/airflow/dags/inegi_scraper_dag.py
[2026-05-28T09:33:29.943+0000] {processor.py:840} INFO - DAG(s) 'inegi_scraper' retrieved from /opt/airflow/dags/inegi_scraper_dag.py
[2026-05-28T09:33:30.161+0000] {logging_mixin.py:188} INFO - [2026-05-28T09:33:30.160+0000] {dag.py:3047} INFO - Sync 1 DAGs
[2026-05-28T09:33:30.275+0000] {logging_mixin.py:188} INFO - [2026-05-28T09:33:30.274+0000] {dag.py:3834} INFO - Setting next_dagrun for inegi_scraper to 2026-05-28 00:00:00+00:00, run_after=2026-05-29 00:00:00+00:00
[2026-05-28T09:33:30.341+0000] {processor.py:183} INFO - Processing /opt/airflow/dags/inegi_scraper_dag.py took 0.816 seconds
[2026-05-28T09:34:01.006+0000] {processor.py:161} INFO - Started process (PID=7567) to work on /opt/airflow/dags/inegi_scraper_dag.py
[2026-05-28T09:34:01.019+0000] {processor.py:830} INFO - Processing file /opt/airflow/dags/inegi_scraper_dag.py for tasks to queue
[2026-05-28T09:34:01.027+0000] {logging_mixin.py:188} INFO - [2026-05-28T09:34:01.021+0000] {dagbag.py:540} INFO - Filling up the DagBag from /opt/airflow/dags/inegi_scraper_dag.py
[2026-05-28T09:34:01.098+0000] {processor.py:840} INFO - DAG(s) 'inegi_scraper' retrieved from /opt/airflow/dags/inegi_scraper_dag.py
[2026-05-28T09:34:01.211+0000] {logging_mixin.py:188} INFO - [2026-05-28T09:34:01.211+0000] {dag.py:3047} INFO - Sync 1 DAGs
[2026-05-28T09:34:01.313+0000] {logging_mixin.py:188} INFO - [2026-05-28T09:34:01.312+0000] {dag.py:3834} INFO - Setting next_dagrun for inegi_scraper to 2026-05-28 00:00:00+00:00, run_after=2026-05-29 00:00:00+00:00
[2026-05-28T09:34:01.390+0000] {processor.py:183} INFO - Processing /opt/airflow/dags/inegi_scraper_dag.py took 0.419 seconds
[2026-05-28T09:34:32.104+0000] {processor.py:161} INFO - Started process (PID=7597) to work on /opt/airflow/dags/inegi_scraper_dag.py
[2026-05-28T09:34:32.108+0000] {processor.py:830} INFO - Processing file /opt/airflow/dags/inegi_scraper_dag.py for tasks to queue
[2026-05-28T09:34:32.115+0000] {logging_mixin.py:188} INFO - [2026-05-28T09:34:32.114+0000] {dagbag.py:540} INFO - Filling up the DagBag from /opt/airflow/dags/inegi_scraper_dag.py
[2026-05-28T09:34:32.193+0000] {processor.py:840} INFO - DAG(s) 'inegi_scraper' retrieved from /opt/airflow/dags/inegi_scraper_dag.py
[2026-05-28T09:34:32.512+0000] {logging_mixin.py:188} INFO - [2026-05-28T09:34:32.511+0000] {dag.py:3047} INFO - Sync 1 DAGs
[2026-05-28T09:34:32.771+0000] {logging_mixin.py:188} INFO - [2026-05-28T09:34:32.771+0000] {dag.py:3834} INFO - Setting next_dagrun for inegi_scraper to 2026-05-28 00:00:00+00:00, run_after=2026-05-29 00:00:00+00:00
[2026-05-28T09:34:33.329+0000] {processor.py:183} INFO - Processing /opt/airflow/dags/inegi_scraper_dag.py took 1.248 seconds
[2026-05-28T09:35:04.872+0000] {processor.py:161} INFO - Started process (PID=7627) to work on /opt/airflow/dags/inegi_scraper_dag.py
[2026-05-28T09:35:04.876+0000] {processor.py:830} INFO - Processing file /opt/airflow/dags/inegi_scraper_dag.py for tasks to queue
[2026-05-28T09:35:04.882+0000] {logging_mixin.py:188} INFO - [2026-05-28T09:35:04.880+0000] {dagbag.py:540} INFO - Filling up the DagBag from /opt/airflow/dags/inegi_scraper_dag.py
[2026-05-28T09:35:04.937+0000] {processor.py:840} INFO - DAG(s) 'inegi_scraper' retrieved from /opt/airflow/dags/inegi_scraper_dag.py
[2026-05-28T09:35:05.054+0000] {logging_mixin.py:188} INFO - [2026-05-28T09:35:05.054+0000] {dag.py:3047} INFO - Sync 1 DAGs
[2026-05-28T09:35:05.136+0000] {logging_mixin.py:188} INFO - [2026-05-28T09:35:05.135+0000] {dag.py:3834} INFO - Setting next_dagrun for inegi_scraper to 2026-05-28 00:00:00+00:00, run_after=2026-05-29 00:00:00+00:00
[2026-05-28T09:35:05.214+0000] {processor.py:183} INFO - Processing /opt/airflow/dags/inegi_scraper_dag.py took 0.358 seconds
[2026-05-28T09:35:35.524+0000] {processor.py:161} INFO - Started process (PID=7657) to work on /opt/airflow/dags/inegi_scraper_dag.py
[2026-05-28T09:35:35.530+0000] {processor.py:830} INFO - Processing file /opt/airflow/dags/inegi_scraper_dag.py for tasks to queue
[2026-05-28T09:35:35.535+0000] {logging_mixin.py:188} INFO - [2026-05-28T09:35:35.534+0000] {dagbag.py:540} INFO - Filling up the DagBag from /opt/airflow/dags/inegi_scraper_dag.py
[2026-05-28T09:35:35.587+0000] {processor.py:840} INFO - DAG(s) 'inegi_scraper' retrieved from /opt/airflow/dags/inegi_scraper_dag.py
[2026-05-28T09:35:35.694+0000] {logging_mixin.py:188} INFO - [2026-05-28T09:35:35.693+0000] {dag.py:3047} INFO - Sync 1 DAGs
[2026-05-28T09:35:35.798+0000] {logging_mixin.py:188} INFO - [2026-05-28T09:35:35.797+0000] {dag.py:3834} INFO - Setting next_dagrun for inegi_scraper to 2026-05-28 00:00:00+00:00, run_after=2026-05-29 00:00:00+00:00
[2026-05-28T09:35:35.872+0000] {processor.py:183} INFO - Processing /opt/airflow/dags/inegi_scraper_dag.py took 0.363 seconds
[2026-05-28T09:36:07.009+0000] {processor.py:161} INFO - Started process (PID=7687) to work on /opt/airflow/dags/inegi_scraper_dag.py
[2026-05-28T09:36:07.014+0000] {processor.py:830} INFO - Processing file /opt/airflow/dags/inegi_scraper_dag.py for tasks to queue
[2026-05-28T09:36:07.026+0000] {logging_mixin.py:188} INFO - [2026-05-28T09:36:07.024+0000] {dagbag.py:540} INFO - Filling up the DagBag from /opt/airflow/dags/inegi_scraper_dag.py
[2026-05-28T09:36:07.103+0000] {processor.py:840} INFO - DAG(s) 'inegi_scraper' retrieved from /opt/airflow/dags/inegi_scraper_dag.py
[2026-05-28T09:36:07.240+0000] {logging_mixin.py:188} INFO - [2026-05-28T09:36:07.237+0000] {dag.py:3047} INFO - Sync 1 DAGs
[2026-05-28T09:36:07.442+0000] {logging_mixin.py:188} INFO - [2026-05-28T09:36:07.441+0000] {dag.py:3834} INFO - Setting next_dagrun for inegi_scraper to 2026-05-28 00:00:00+00:00, run_after=2026-05-29 00:00:00+00:00
[2026-05-28T09:36:07.515+0000] {processor.py:183} INFO - Processing /opt/airflow/dags/inegi_scraper_dag.py took 0.537 seconds
[2026-05-28T09:36:38.209+0000] {processor.py:161} INFO - Started process (PID=7717) to work on /opt/airflow/dags/inegi_scraper_dag.py
[2026-05-28T09:36:38.214+0000] {processor.py:830} INFO - Processing file /opt/airflow/dags/inegi_scraper_dag.py for tasks to queue
[2026-05-28T09:36:38.218+0000] {logging_mixin.py:188} INFO - [2026-05-28T09:36:38.217+0000] {dagbag.py:540} INFO - Filling up the DagBag from /opt/airflow/dags/inegi_scraper_dag.py
[2026-05-28T09:36:38.272+0000] {processor.py:840} INFO - DAG(s) 'inegi_scraper' retrieved from /opt/airflow/dags/inegi_scraper_dag.py
[2026-05-28T09:36:38.430+0000] {logging_mixin.py:188} INFO - [2026-05-28T09:36:38.426+0000] {dag.py:3047} INFO - Sync 1 DAGs
[2026-05-28T09:36:38.852+0000] {logging_mixin.py:188} INFO - [2026-05-28T09:36:38.852+0000] {dag.py:3834} INFO - Setting next_dagrun for inegi_scraper to 2026-05-28 00:00:00+00:00, run_after=2026-05-29 00:00:00+00:00
[2026-05-28T09:36:39.565+0000] {processor.py:183} INFO - Processing /opt/airflow/dags/inegi_scraper_dag.py took 1.375 seconds
[2026-05-28T09:37:11.891+0000] {processor.py:161} INFO - Started process (PID=7747) to work on /opt/airflow/dags/inegi_scraper_dag.py
[2026-05-28T09:37:11.937+0000] {processor.py:830} INFO - Processing file /opt/airflow/dags/inegi_scraper_dag.py for tasks to queue
[2026-05-28T09:37:11.956+0000] {logging_mixin.py:188} INFO - [2026-05-28T09:37:11.955+0000] {dagbag.py:540} INFO - Filling up the DagBag from /opt/airflow/dags/inegi_scraper_dag.py
[2026-05-28T09:37:12.132+0000] {processor.py:840} INFO - DAG(s) 'inegi_scraper' retrieved from /opt/airflow/dags/inegi_scraper_dag.py
[2026-05-28T09:37:12.698+0000] {logging_mixin.py:188} INFO - [2026-05-28T09:37:12.697+0000] {dag.py:3047} INFO - Sync 1 DAGs
[2026-05-28T09:37:13.645+0000] {logging_mixin.py:188} INFO - [2026-05-28T09:37:13.635+0000] {dag.py:3834} INFO - Setting next_dagrun for inegi_scraper to 2026-05-28 00:00:00+00:00, run_after=2026-05-29 00:00:00+00:00
[2026-05-28T09:37:13.763+0000] {processor.py:183} INFO - Processing /opt/airflow/dags/inegi_scraper_dag.py took 1.918 seconds
[2026-05-28T09:37:44.738+0000] {processor.py:161} INFO - Started process (PID=7777) to work on /opt/airflow/dags/inegi_scraper_dag.py
[2026-05-28T09:37:44.752+0000] {processor.py:830} INFO - Processing file /opt/airflow/dags/inegi_scraper_dag.py for tasks to queue
[2026-05-28T09:37:44.765+0000] {logging_mixin.py:188} INFO - [2026-05-28T09:37:44.764+0000] {dagbag.py:540} INFO - Filling up the DagBag from /opt/airflow/dags/inegi_scraper_dag.py
[2026-05-28T09:37:45.265+0000] {processor.py:840} INFO - DAG(s) 'inegi_scraper' retrieved from /opt/airflow/dags/inegi_scraper_dag.py
[2026-05-28T09:37:45.375+0000] {logging_mixin.py:188} INFO - [2026-05-28T09:37:45.374+0000] {dag.py:3047} INFO - Sync 1 DAGs
[2026-05-28T09:37:45.453+0000] {logging_mixin.py:188} INFO - [2026-05-28T09:37:45.453+0000] {dag.py:3834} INFO - Setting next_dagrun for inegi_scraper to 2026-05-28 00:00:00+00:00, run_after=2026-05-29 00:00:00+00:00
[2026-05-28T09:37:45.518+0000] {processor.py:183} INFO - Processing /opt/airflow/dags/inegi_scraper_dag.py took 0.802 seconds
