[2026-05-28T07:12:41.349+0000] {processor.py:161} INFO - Started process (PID=64) to work on /opt/airflow/dags/kaldata_dag.py
[2026-05-28T07:12:41.364+0000] {processor.py:830} INFO - Processing file /opt/airflow/dags/kaldata_dag.py for tasks to queue
[2026-05-28T07:12:41.398+0000] {logging_mixin.py:188} INFO - [2026-05-28T07:12:41.398+0000] {dagbag.py:540} INFO - Filling up the DagBag from /opt/airflow/dags/kaldata_dag.py
[2026-05-28T07:12:43.114+0000] {processor.py:840} INFO - DAG(s) 'kaldata_scraper' retrieved from /opt/airflow/dags/kaldata_dag.py
[2026-05-28T07:12:46.124+0000] {logging_mixin.py:188} INFO - [2026-05-28T07:12:46.123+0000] {dag.py:3047} INFO - Sync 1 DAGs
[2026-05-28T07:12:47.402+0000] {logging_mixin.py:188} INFO - [2026-05-28T07:12:47.402+0000] {dag.py:3834} INFO - Setting next_dagrun for kaldata_scraper to 2026-05-28 00:00:00+00:00, run_after=2026-05-29 00:00:00+00:00
[2026-05-28T07:12:47.765+0000] {processor.py:183} INFO - Processing /opt/airflow/dags/kaldata_dag.py took 6.558 seconds
[2026-05-28T07:13:27.669+0000] {processor.py:161} INFO - Started process (PID=98) to work on /opt/airflow/dags/kaldata_dag.py
[2026-05-28T07:13:27.673+0000] {processor.py:830} INFO - Processing file /opt/airflow/dags/kaldata_dag.py for tasks to queue
[2026-05-28T07:13:27.676+0000] {logging_mixin.py:188} INFO - [2026-05-28T07:13:27.675+0000] {dagbag.py:540} INFO - Filling up the DagBag from /opt/airflow/dags/kaldata_dag.py
[2026-05-28T07:13:27.747+0000] {processor.py:840} INFO - DAG(s) 'kaldata_scraper' retrieved from /opt/airflow/dags/kaldata_dag.py
[2026-05-28T07:13:27.959+0000] {logging_mixin.py:188} INFO - [2026-05-28T07:13:27.959+0000] {dag.py:3047} INFO - Sync 1 DAGs
[2026-05-28T07:13:28.038+0000] {logging_mixin.py:188} INFO - [2026-05-28T07:13:28.037+0000] {dag.py:3834} INFO - Setting next_dagrun for kaldata_scraper to 2026-05-28 00:00:00+00:00, run_after=2026-05-29 00:00:00+00:00
[2026-05-28T07:13:28.537+0000] {processor.py:183} INFO - Processing /opt/airflow/dags/kaldata_dag.py took 0.879 seconds
[2026-05-28T07:14:03.437+0000] {processor.py:161} INFO - Started process (PID=128) to work on /opt/airflow/dags/kaldata_dag.py
[2026-05-28T07:14:03.711+0000] {processor.py:830} INFO - Processing file /opt/airflow/dags/kaldata_dag.py for tasks to queue
[2026-05-28T07:14:03.854+0000] {logging_mixin.py:188} INFO - [2026-05-28T07:14:03.842+0000] {dagbag.py:540} INFO - Filling up the DagBag from /opt/airflow/dags/kaldata_dag.py
[2026-05-28T07:14:06.651+0000] {processor.py:840} INFO - DAG(s) 'kaldata_scraper' retrieved from /opt/airflow/dags/kaldata_dag.py
[2026-05-28T07:14:10.356+0000] {logging_mixin.py:188} INFO - [2026-05-28T07:14:10.356+0000] {dag.py:3047} INFO - Sync 1 DAGs
[2026-05-28T07:14:11.552+0000] {logging_mixin.py:188} INFO - [2026-05-28T07:14:11.551+0000] {dag.py:3834} INFO - Setting next_dagrun for kaldata_scraper to 2026-05-28 00:00:00+00:00, run_after=2026-05-29 00:00:00+00:00
[2026-05-28T07:14:12.012+0000] {processor.py:183} INFO - Processing /opt/airflow/dags/kaldata_dag.py took 8.765 seconds
[2026-05-28T07:14:46.098+0000] {processor.py:161} INFO - Started process (PID=160) to work on /opt/airflow/dags/kaldata_dag.py
[2026-05-28T07:14:46.168+0000] {processor.py:830} INFO - Processing file /opt/airflow/dags/kaldata_dag.py for tasks to queue
[2026-05-28T07:14:46.268+0000] {logging_mixin.py:188} INFO - [2026-05-28T07:14:46.242+0000] {dagbag.py:540} INFO - Filling up the DagBag from /opt/airflow/dags/kaldata_dag.py
[2026-05-28T07:14:47.659+0000] {processor.py:840} INFO - DAG(s) 'kaldata_scraper' retrieved from /opt/airflow/dags/kaldata_dag.py
[2026-05-28T07:14:47.817+0000] {logging_mixin.py:188} INFO - [2026-05-28T07:14:47.816+0000] {dag.py:3047} INFO - Sync 1 DAGs
[2026-05-28T07:14:48.013+0000] {logging_mixin.py:188} INFO - [2026-05-28T07:14:48.013+0000] {dag.py:3834} INFO - Setting next_dagrun for kaldata_scraper to 2026-05-28 00:00:00+00:00, run_after=2026-05-29 00:00:00+00:00
[2026-05-28T07:14:48.205+0000] {processor.py:183} INFO - Processing /opt/airflow/dags/kaldata_dag.py took 2.634 seconds
[2026-05-28T07:15:19.709+0000] {processor.py:161} INFO - Started process (PID=190) to work on /opt/airflow/dags/kaldata_dag.py
[2026-05-28T07:15:19.739+0000] {processor.py:830} INFO - Processing file /opt/airflow/dags/kaldata_dag.py for tasks to queue
[2026-05-28T07:15:19.757+0000] {logging_mixin.py:188} INFO - [2026-05-28T07:15:19.756+0000] {dagbag.py:540} INFO - Filling up the DagBag from /opt/airflow/dags/kaldata_dag.py
[2026-05-28T07:15:20.109+0000] {processor.py:840} INFO - DAG(s) 'kaldata_scraper' retrieved from /opt/airflow/dags/kaldata_dag.py
[2026-05-28T07:15:20.890+0000] {logging_mixin.py:188} INFO - [2026-05-28T07:15:20.889+0000] {dag.py:3047} INFO - Sync 1 DAGs
[2026-05-28T07:15:23.709+0000] {logging_mixin.py:188} INFO - [2026-05-28T07:15:23.695+0000] {dag.py:3834} INFO - Setting next_dagrun for kaldata_scraper to 2026-05-28 00:00:00+00:00, run_after=2026-05-29 00:00:00+00:00
[2026-05-28T07:15:25.988+0000] {processor.py:183} INFO - Processing /opt/airflow/dags/kaldata_dag.py took 6.325 seconds
[2026-05-28T07:15:58.343+0000] {processor.py:161} INFO - Started process (PID=220) to work on /opt/airflow/dags/kaldata_dag.py
[2026-05-28T07:15:58.355+0000] {processor.py:830} INFO - Processing file /opt/airflow/dags/kaldata_dag.py for tasks to queue
[2026-05-28T07:15:58.370+0000] {logging_mixin.py:188} INFO - [2026-05-28T07:15:58.368+0000] {dagbag.py:540} INFO - Filling up the DagBag from /opt/airflow/dags/kaldata_dag.py
[2026-05-28T07:15:58.576+0000] {processor.py:840} INFO - DAG(s) 'kaldata_scraper' retrieved from /opt/airflow/dags/kaldata_dag.py
[2026-05-28T07:15:58.945+0000] {logging_mixin.py:188} INFO - [2026-05-28T07:15:58.944+0000] {dag.py:3047} INFO - Sync 1 DAGs
[2026-05-28T07:15:59.998+0000] {logging_mixin.py:188} INFO - [2026-05-28T07:15:59.984+0000] {dag.py:3834} INFO - Setting next_dagrun for kaldata_scraper to 2026-05-28 00:00:00+00:00, run_after=2026-05-29 00:00:00+00:00
[2026-05-28T07:16:02.823+0000] {processor.py:183} INFO - Processing /opt/airflow/dags/kaldata_dag.py took 4.506 seconds
[2026-05-28T07:16:33.609+0000] {processor.py:161} INFO - Started process (PID=252) to work on /opt/airflow/dags/kaldata_dag.py
[2026-05-28T07:16:33.614+0000] {processor.py:830} INFO - Processing file /opt/airflow/dags/kaldata_dag.py for tasks to queue
[2026-05-28T07:16:33.621+0000] {logging_mixin.py:188} INFO - [2026-05-28T07:16:33.620+0000] {dagbag.py:540} INFO - Filling up the DagBag from /opt/airflow/dags/kaldata_dag.py
[2026-05-28T07:16:33.736+0000] {processor.py:840} INFO - DAG(s) 'kaldata_scraper' retrieved from /opt/airflow/dags/kaldata_dag.py
[2026-05-28T07:16:33.861+0000] {logging_mixin.py:188} INFO - [2026-05-28T07:16:33.861+0000] {dag.py:3047} INFO - Sync 1 DAGs
[2026-05-28T07:16:34.048+0000] {logging_mixin.py:188} INFO - [2026-05-28T07:16:34.048+0000] {dag.py:3834} INFO - Setting next_dagrun for kaldata_scraper to 2026-05-28 00:00:00+00:00, run_after=2026-05-29 00:00:00+00:00
[2026-05-28T07:16:34.225+0000] {processor.py:183} INFO - Processing /opt/airflow/dags/kaldata_dag.py took 0.631 seconds
[2026-05-28T07:17:08.185+0000] {processor.py:161} INFO - Started process (PID=281) to work on /opt/airflow/dags/kaldata_dag.py
[2026-05-28T07:17:08.217+0000] {processor.py:830} INFO - Processing file /opt/airflow/dags/kaldata_dag.py for tasks to queue
[2026-05-28T07:17:08.337+0000] {logging_mixin.py:188} INFO - [2026-05-28T07:17:08.336+0000] {dagbag.py:540} INFO - Filling up the DagBag from /opt/airflow/dags/kaldata_dag.py
[2026-05-28T07:17:11.395+0000] {processor.py:840} INFO - DAG(s) 'kaldata_scraper' retrieved from /opt/airflow/dags/kaldata_dag.py
[2026-05-28T07:17:12.436+0000] {logging_mixin.py:188} INFO - [2026-05-28T07:17:12.436+0000] {dag.py:3047} INFO - Sync 1 DAGs
[2026-05-28T07:17:13.196+0000] {logging_mixin.py:188} INFO - [2026-05-28T07:17:13.183+0000] {dag.py:3834} INFO - Setting next_dagrun for kaldata_scraper to 2026-05-28 00:00:00+00:00, run_after=2026-05-29 00:00:00+00:00
[2026-05-28T07:17:13.662+0000] {processor.py:183} INFO - Processing /opt/airflow/dags/kaldata_dag.py took 5.762 seconds
[2026-05-28T07:17:45.780+0000] {processor.py:161} INFO - Started process (PID=316) to work on /opt/airflow/dags/kaldata_dag.py
[2026-05-28T07:17:45.794+0000] {processor.py:830} INFO - Processing file /opt/airflow/dags/kaldata_dag.py for tasks to queue
[2026-05-28T07:17:45.798+0000] {logging_mixin.py:188} INFO - [2026-05-28T07:17:45.797+0000] {dagbag.py:540} INFO - Filling up the DagBag from /opt/airflow/dags/kaldata_dag.py
[2026-05-28T07:17:46.167+0000] {processor.py:840} INFO - DAG(s) 'kaldata_scraper' retrieved from /opt/airflow/dags/kaldata_dag.py
[2026-05-28T07:17:46.545+0000] {logging_mixin.py:188} INFO - [2026-05-28T07:17:46.545+0000] {dag.py:3047} INFO - Sync 1 DAGs
[2026-05-28T07:17:47.633+0000] {logging_mixin.py:188} INFO - [2026-05-28T07:17:47.488+0000] {dag.py:3834} INFO - Setting next_dagrun for kaldata_scraper to 2026-05-28 00:00:00+00:00, run_after=2026-05-29 00:00:00+00:00
[2026-05-28T07:17:48.089+0000] {processor.py:183} INFO - Processing /opt/airflow/dags/kaldata_dag.py took 2.419 seconds
[2026-05-28T07:18:19.548+0000] {processor.py:161} INFO - Started process (PID=346) to work on /opt/airflow/dags/kaldata_dag.py
[2026-05-28T07:18:19.553+0000] {processor.py:830} INFO - Processing file /opt/airflow/dags/kaldata_dag.py for tasks to queue
[2026-05-28T07:18:19.561+0000] {logging_mixin.py:188} INFO - [2026-05-28T07:18:19.556+0000] {dagbag.py:540} INFO - Filling up the DagBag from /opt/airflow/dags/kaldata_dag.py
[2026-05-28T07:18:19.925+0000] {processor.py:840} INFO - DAG(s) 'kaldata_scraper' retrieved from /opt/airflow/dags/kaldata_dag.py
[2026-05-28T07:18:20.425+0000] {logging_mixin.py:188} INFO - [2026-05-28T07:18:20.424+0000] {dag.py:3047} INFO - Sync 1 DAGs
[2026-05-28T07:18:21.808+0000] {logging_mixin.py:188} INFO - [2026-05-28T07:18:21.801+0000] {dag.py:3834} INFO - Setting next_dagrun for kaldata_scraper to 2026-05-28 00:00:00+00:00, run_after=2026-05-29 00:00:00+00:00
[2026-05-28T07:18:22.177+0000] {processor.py:183} INFO - Processing /opt/airflow/dags/kaldata_dag.py took 2.682 seconds
[2026-05-28T07:18:54.659+0000] {processor.py:161} INFO - Started process (PID=377) to work on /opt/airflow/dags/kaldata_dag.py
[2026-05-28T07:18:54.686+0000] {processor.py:830} INFO - Processing file /opt/airflow/dags/kaldata_dag.py for tasks to queue
[2026-05-28T07:18:54.703+0000] {logging_mixin.py:188} INFO - [2026-05-28T07:18:54.702+0000] {dagbag.py:540} INFO - Filling up the DagBag from /opt/airflow/dags/kaldata_dag.py
[2026-05-28T07:18:55.002+0000] {processor.py:840} INFO - DAG(s) 'kaldata_scraper' retrieved from /opt/airflow/dags/kaldata_dag.py
[2026-05-28T07:18:56.396+0000] {logging_mixin.py:188} INFO - [2026-05-28T07:18:56.318+0000] {dag.py:3047} INFO - Sync 1 DAGs
[2026-05-28T07:18:56.928+0000] {logging_mixin.py:188} INFO - [2026-05-28T07:18:56.928+0000] {dag.py:3834} INFO - Setting next_dagrun for kaldata_scraper to 2026-05-28 00:00:00+00:00, run_after=2026-05-29 00:00:00+00:00
[2026-05-28T07:18:57.391+0000] {processor.py:183} INFO - Processing /opt/airflow/dags/kaldata_dag.py took 2.833 seconds
[2026-05-28T07:19:30.386+0000] {processor.py:161} INFO - Started process (PID=408) to work on /opt/airflow/dags/kaldata_dag.py
[2026-05-28T07:19:30.521+0000] {processor.py:830} INFO - Processing file /opt/airflow/dags/kaldata_dag.py for tasks to queue
[2026-05-28T07:19:30.763+0000] {logging_mixin.py:188} INFO - [2026-05-28T07:19:30.662+0000] {dagbag.py:540} INFO - Filling up the DagBag from /opt/airflow/dags/kaldata_dag.py
[2026-05-28T07:19:31.883+0000] {processor.py:840} INFO - DAG(s) 'kaldata_scraper' retrieved from /opt/airflow/dags/kaldata_dag.py
[2026-05-28T07:19:33.157+0000] {logging_mixin.py:188} INFO - [2026-05-28T07:19:33.156+0000] {dag.py:3047} INFO - Sync 1 DAGs
[2026-05-28T07:19:34.643+0000] {logging_mixin.py:188} INFO - [2026-05-28T07:19:34.643+0000] {dag.py:3834} INFO - Setting next_dagrun for kaldata_scraper to 2026-05-28 00:00:00+00:00, run_after=2026-05-29 00:00:00+00:00
[2026-05-28T07:19:36.222+0000] {processor.py:183} INFO - Processing /opt/airflow/dags/kaldata_dag.py took 6.176 seconds
[2026-05-28T07:20:09.358+0000] {processor.py:161} INFO - Started process (PID=438) to work on /opt/airflow/dags/kaldata_dag.py
[2026-05-28T07:20:09.695+0000] {processor.py:830} INFO - Processing file /opt/airflow/dags/kaldata_dag.py for tasks to queue
[2026-05-28T07:20:09.701+0000] {logging_mixin.py:188} INFO - [2026-05-28T07:20:09.700+0000] {dagbag.py:540} INFO - Filling up the DagBag from /opt/airflow/dags/kaldata_dag.py
[2026-05-28T07:20:10.035+0000] {processor.py:840} INFO - DAG(s) 'kaldata_scraper' retrieved from /opt/airflow/dags/kaldata_dag.py
[2026-05-28T07:20:10.236+0000] {logging_mixin.py:188} INFO - [2026-05-28T07:20:10.235+0000] {dag.py:3047} INFO - Sync 1 DAGs
[2026-05-28T07:20:10.713+0000] {logging_mixin.py:188} INFO - [2026-05-28T07:20:10.712+0000] {dag.py:3834} INFO - Setting next_dagrun for kaldata_scraper to 2026-05-28 00:00:00+00:00, run_after=2026-05-29 00:00:00+00:00
[2026-05-28T07:20:13.385+0000] {processor.py:183} INFO - Processing /opt/airflow/dags/kaldata_dag.py took 4.132 seconds
[2026-05-28T07:20:44.668+0000] {processor.py:161} INFO - Started process (PID=468) to work on /opt/airflow/dags/kaldata_dag.py
[2026-05-28T07:20:44.688+0000] {processor.py:830} INFO - Processing file /opt/airflow/dags/kaldata_dag.py for tasks to queue
[2026-05-28T07:20:44.698+0000] {logging_mixin.py:188} INFO - [2026-05-28T07:20:44.696+0000] {dagbag.py:540} INFO - Filling up the DagBag from /opt/airflow/dags/kaldata_dag.py
[2026-05-28T07:20:44.880+0000] {processor.py:840} INFO - DAG(s) 'kaldata_scraper' retrieved from /opt/airflow/dags/kaldata_dag.py
[2026-05-28T07:20:45.053+0000] {logging_mixin.py:188} INFO - [2026-05-28T07:20:45.052+0000] {dag.py:3047} INFO - Sync 1 DAGs
[2026-05-28T07:20:45.181+0000] {logging_mixin.py:188} INFO - [2026-05-28T07:20:45.180+0000] {dag.py:3834} INFO - Setting next_dagrun for kaldata_scraper to 2026-05-28 00:00:00+00:00, run_after=2026-05-29 00:00:00+00:00
[2026-05-28T07:20:45.474+0000] {processor.py:183} INFO - Processing /opt/airflow/dags/kaldata_dag.py took 0.843 seconds
[2026-05-28T07:21:17.079+0000] {processor.py:161} INFO - Started process (PID=498) to work on /opt/airflow/dags/kaldata_dag.py
[2026-05-28T07:21:17.104+0000] {processor.py:830} INFO - Processing file /opt/airflow/dags/kaldata_dag.py for tasks to queue
[2026-05-28T07:21:17.120+0000] {logging_mixin.py:188} INFO - [2026-05-28T07:21:17.119+0000] {dagbag.py:540} INFO - Filling up the DagBag from /opt/airflow/dags/kaldata_dag.py
[2026-05-28T07:21:17.422+0000] {processor.py:840} INFO - DAG(s) 'kaldata_scraper' retrieved from /opt/airflow/dags/kaldata_dag.py
[2026-05-28T07:21:18.885+0000] {logging_mixin.py:188} INFO - [2026-05-28T07:21:18.871+0000] {dag.py:3047} INFO - Sync 1 DAGs
[2026-05-28T07:21:19.569+0000] {logging_mixin.py:188} INFO - [2026-05-28T07:21:19.568+0000] {dag.py:3834} INFO - Setting next_dagrun for kaldata_scraper to 2026-05-28 00:00:00+00:00, run_after=2026-05-29 00:00:00+00:00
[2026-05-28T07:21:20.649+0000] {processor.py:183} INFO - Processing /opt/airflow/dags/kaldata_dag.py took 3.605 seconds
[2026-05-28T07:22:02.212+0000] {processor.py:161} INFO - Started process (PID=528) to work on /opt/airflow/dags/kaldata_dag.py
[2026-05-28T07:22:02.239+0000] {processor.py:830} INFO - Processing file /opt/airflow/dags/kaldata_dag.py for tasks to queue
[2026-05-28T07:22:02.265+0000] {logging_mixin.py:188} INFO - [2026-05-28T07:22:02.265+0000] {dagbag.py:540} INFO - Filling up the DagBag from /opt/airflow/dags/kaldata_dag.py
[2026-05-28T07:22:03.546+0000] {processor.py:840} INFO - DAG(s) 'kaldata_scraper' retrieved from /opt/airflow/dags/kaldata_dag.py
[2026-05-28T07:22:04.360+0000] {logging_mixin.py:188} INFO - [2026-05-28T07:22:04.359+0000] {dag.py:3047} INFO - Sync 1 DAGs
[2026-05-28T07:22:06.279+0000] {logging_mixin.py:188} INFO - [2026-05-28T07:22:06.102+0000] {dag.py:3834} INFO - Setting next_dagrun for kaldata_scraper to 2026-05-28 00:00:00+00:00, run_after=2026-05-29 00:00:00+00:00
[2026-05-28T07:22:08.683+0000] {processor.py:183} INFO - Processing /opt/airflow/dags/kaldata_dag.py took 6.702 seconds
[2026-05-28T07:22:58.730+0000] {processor.py:161} INFO - Started process (PID=553) to work on /opt/airflow/dags/kaldata_dag.py
[2026-05-28T07:22:58.763+0000] {processor.py:830} INFO - Processing file /opt/airflow/dags/kaldata_dag.py for tasks to queue
[2026-05-28T07:22:58.845+0000] {logging_mixin.py:188} INFO - [2026-05-28T07:22:58.844+0000] {dagbag.py:540} INFO - Filling up the DagBag from /opt/airflow/dags/kaldata_dag.py
[2026-05-28T07:23:01.662+0000] {processor.py:840} INFO - DAG(s) 'kaldata_scraper' retrieved from /opt/airflow/dags/kaldata_dag.py
[2026-05-28T07:23:02.272+0000] {logging_mixin.py:188} INFO - [2026-05-28T07:23:02.269+0000] {dag.py:3047} INFO - Sync 1 DAGs
[2026-05-28T07:23:02.799+0000] {logging_mixin.py:188} INFO - [2026-05-28T07:23:02.798+0000] {dag.py:3834} INFO - Setting next_dagrun for kaldata_scraper to 2026-05-28 00:00:00+00:00, run_after=2026-05-29 00:00:00+00:00
[2026-05-28T07:23:03.586+0000] {processor.py:183} INFO - Processing /opt/airflow/dags/kaldata_dag.py took 5.016 seconds
[2026-05-28T07:23:35.531+0000] {processor.py:161} INFO - Started process (PID=585) to work on /opt/airflow/dags/kaldata_dag.py
[2026-05-28T07:23:35.535+0000] {processor.py:830} INFO - Processing file /opt/airflow/dags/kaldata_dag.py for tasks to queue
[2026-05-28T07:23:35.538+0000] {logging_mixin.py:188} INFO - [2026-05-28T07:23:35.537+0000] {dagbag.py:540} INFO - Filling up the DagBag from /opt/airflow/dags/kaldata_dag.py
[2026-05-28T07:23:35.782+0000] {processor.py:840} INFO - DAG(s) 'kaldata_scraper' retrieved from /opt/airflow/dags/kaldata_dag.py
[2026-05-28T07:23:35.901+0000] {logging_mixin.py:188} INFO - [2026-05-28T07:23:35.900+0000] {dag.py:3047} INFO - Sync 1 DAGs
[2026-05-28T07:23:36.117+0000] {logging_mixin.py:188} INFO - [2026-05-28T07:23:36.117+0000] {dag.py:3834} INFO - Setting next_dagrun for kaldata_scraper to 2026-05-28 00:00:00+00:00, run_after=2026-05-29 00:00:00+00:00
[2026-05-28T07:23:36.247+0000] {processor.py:183} INFO - Processing /opt/airflow/dags/kaldata_dag.py took 0.748 seconds
[2026-05-28T07:24:07.256+0000] {processor.py:161} INFO - Started process (PID=615) to work on /opt/airflow/dags/kaldata_dag.py
[2026-05-28T07:24:07.281+0000] {processor.py:830} INFO - Processing file /opt/airflow/dags/kaldata_dag.py for tasks to queue
[2026-05-28T07:24:07.319+0000] {logging_mixin.py:188} INFO - [2026-05-28T07:24:07.290+0000] {dagbag.py:540} INFO - Filling up the DagBag from /opt/airflow/dags/kaldata_dag.py
[2026-05-28T07:24:08.985+0000] {processor.py:840} INFO - DAG(s) 'kaldata_scraper' retrieved from /opt/airflow/dags/kaldata_dag.py
[2026-05-28T07:24:10.043+0000] {logging_mixin.py:188} INFO - [2026-05-28T07:24:10.042+0000] {dag.py:3047} INFO - Sync 1 DAGs
[2026-05-28T07:24:10.202+0000] {logging_mixin.py:188} INFO - [2026-05-28T07:24:10.202+0000] {dag.py:3834} INFO - Setting next_dagrun for kaldata_scraper to 2026-05-28 00:00:00+00:00, run_after=2026-05-29 00:00:00+00:00
[2026-05-28T07:24:10.350+0000] {processor.py:183} INFO - Processing /opt/airflow/dags/kaldata_dag.py took 3.145 seconds
[2026-05-28T07:24:41.169+0000] {processor.py:161} INFO - Started process (PID=647) to work on /opt/airflow/dags/kaldata_dag.py
[2026-05-28T07:24:41.178+0000] {processor.py:830} INFO - Processing file /opt/airflow/dags/kaldata_dag.py for tasks to queue
[2026-05-28T07:24:41.184+0000] {logging_mixin.py:188} INFO - [2026-05-28T07:24:41.183+0000] {dagbag.py:540} INFO - Filling up the DagBag from /opt/airflow/dags/kaldata_dag.py
[2026-05-28T07:24:41.331+0000] {processor.py:840} INFO - DAG(s) 'kaldata_scraper' retrieved from /opt/airflow/dags/kaldata_dag.py
[2026-05-28T07:24:41.755+0000] {logging_mixin.py:188} INFO - [2026-05-28T07:24:41.752+0000] {dag.py:3047} INFO - Sync 1 DAGs
[2026-05-28T07:24:43.116+0000] {logging_mixin.py:188} INFO - [2026-05-28T07:24:43.116+0000] {dag.py:3834} INFO - Setting next_dagrun for kaldata_scraper to 2026-05-28 00:00:00+00:00, run_after=2026-05-29 00:00:00+00:00
[2026-05-28T07:24:43.622+0000] {processor.py:183} INFO - Processing /opt/airflow/dags/kaldata_dag.py took 2.473 seconds
[2026-05-28T07:25:15.247+0000] {processor.py:161} INFO - Started process (PID=679) to work on /opt/airflow/dags/kaldata_dag.py
[2026-05-28T07:25:15.269+0000] {processor.py:830} INFO - Processing file /opt/airflow/dags/kaldata_dag.py for tasks to queue
[2026-05-28T07:25:15.274+0000] {logging_mixin.py:188} INFO - [2026-05-28T07:25:15.273+0000] {dagbag.py:540} INFO - Filling up the DagBag from /opt/airflow/dags/kaldata_dag.py
[2026-05-28T07:25:15.554+0000] {processor.py:840} INFO - DAG(s) 'kaldata_scraper' retrieved from /opt/airflow/dags/kaldata_dag.py
[2026-05-28T07:25:15.780+0000] {logging_mixin.py:188} INFO - [2026-05-28T07:25:15.779+0000] {dag.py:3047} INFO - Sync 1 DAGs
[2026-05-28T07:25:16.024+0000] {logging_mixin.py:188} INFO - [2026-05-28T07:25:16.024+0000] {dag.py:3834} INFO - Setting next_dagrun for kaldata_scraper to 2026-05-28 00:00:00+00:00, run_after=2026-05-29 00:00:00+00:00
[2026-05-28T07:25:16.535+0000] {processor.py:183} INFO - Processing /opt/airflow/dags/kaldata_dag.py took 1.336 seconds
[2026-05-28T07:25:48.117+0000] {processor.py:161} INFO - Started process (PID=709) to work on /opt/airflow/dags/kaldata_dag.py
[2026-05-28T07:25:48.146+0000] {processor.py:830} INFO - Processing file /opt/airflow/dags/kaldata_dag.py for tasks to queue
[2026-05-28T07:25:48.159+0000] {logging_mixin.py:188} INFO - [2026-05-28T07:25:48.158+0000] {dagbag.py:540} INFO - Filling up the DagBag from /opt/airflow/dags/kaldata_dag.py
[2026-05-28T07:25:48.682+0000] {processor.py:840} INFO - DAG(s) 'kaldata_scraper' retrieved from /opt/airflow/dags/kaldata_dag.py
[2026-05-28T07:25:49.177+0000] {logging_mixin.py:188} INFO - [2026-05-28T07:25:49.176+0000] {dag.py:3047} INFO - Sync 1 DAGs
[2026-05-28T07:25:49.445+0000] {logging_mixin.py:188} INFO - [2026-05-28T07:25:49.444+0000] {dag.py:3834} INFO - Setting next_dagrun for kaldata_scraper to 2026-05-28 00:00:00+00:00, run_after=2026-05-29 00:00:00+00:00
[2026-05-28T07:25:49.625+0000] {processor.py:183} INFO - Processing /opt/airflow/dags/kaldata_dag.py took 1.729 seconds
[2026-05-28T07:26:21.325+0000] {processor.py:161} INFO - Started process (PID=739) to work on /opt/airflow/dags/kaldata_dag.py
[2026-05-28T07:26:21.354+0000] {processor.py:830} INFO - Processing file /opt/airflow/dags/kaldata_dag.py for tasks to queue
[2026-05-28T07:26:21.371+0000] {logging_mixin.py:188} INFO - [2026-05-28T07:26:21.370+0000] {dagbag.py:540} INFO - Filling up the DagBag from /opt/airflow/dags/kaldata_dag.py
[2026-05-28T07:26:21.781+0000] {processor.py:840} INFO - DAG(s) 'kaldata_scraper' retrieved from /opt/airflow/dags/kaldata_dag.py
[2026-05-28T07:26:22.557+0000] {logging_mixin.py:188} INFO - [2026-05-28T07:26:22.556+0000] {dag.py:3047} INFO - Sync 1 DAGs
[2026-05-28T07:26:23.316+0000] {logging_mixin.py:188} INFO - [2026-05-28T07:26:23.315+0000] {dag.py:3834} INFO - Setting next_dagrun for kaldata_scraper to 2026-05-28 00:00:00+00:00, run_after=2026-05-29 00:00:00+00:00
[2026-05-28T07:26:23.502+0000] {processor.py:183} INFO - Processing /opt/airflow/dags/kaldata_dag.py took 2.254 seconds
[2026-05-28T07:26:55.695+0000] {processor.py:161} INFO - Started process (PID=769) to work on /opt/airflow/dags/kaldata_dag.py
[2026-05-28T07:26:55.713+0000] {processor.py:830} INFO - Processing file /opt/airflow/dags/kaldata_dag.py for tasks to queue
[2026-05-28T07:26:55.733+0000] {logging_mixin.py:188} INFO - [2026-05-28T07:26:55.732+0000] {dagbag.py:540} INFO - Filling up the DagBag from /opt/airflow/dags/kaldata_dag.py
[2026-05-28T07:26:55.954+0000] {processor.py:840} INFO - DAG(s) 'kaldata_scraper' retrieved from /opt/airflow/dags/kaldata_dag.py
[2026-05-28T07:26:56.110+0000] {logging_mixin.py:188} INFO - [2026-05-28T07:26:56.109+0000] {dag.py:3047} INFO - Sync 1 DAGs
[2026-05-28T07:26:56.210+0000] {logging_mixin.py:188} INFO - [2026-05-28T07:26:56.209+0000] {dag.py:3834} INFO - Setting next_dagrun for kaldata_scraper to 2026-05-28 00:00:00+00:00, run_after=2026-05-29 00:00:00+00:00
[2026-05-28T07:26:56.341+0000] {processor.py:183} INFO - Processing /opt/airflow/dags/kaldata_dag.py took 0.685 seconds
[2026-05-28T07:27:27.151+0000] {processor.py:161} INFO - Started process (PID=799) to work on /opt/airflow/dags/kaldata_dag.py
[2026-05-28T07:27:27.173+0000] {processor.py:830} INFO - Processing file /opt/airflow/dags/kaldata_dag.py for tasks to queue
[2026-05-28T07:27:27.211+0000] {logging_mixin.py:188} INFO - [2026-05-28T07:27:27.183+0000] {dagbag.py:540} INFO - Filling up the DagBag from /opt/airflow/dags/kaldata_dag.py
[2026-05-28T07:27:27.458+0000] {processor.py:840} INFO - DAG(s) 'kaldata_scraper' retrieved from /opt/airflow/dags/kaldata_dag.py
[2026-05-28T07:27:28.211+0000] {logging_mixin.py:188} INFO - [2026-05-28T07:27:28.210+0000] {dag.py:3047} INFO - Sync 1 DAGs
[2026-05-28T07:27:28.795+0000] {logging_mixin.py:188} INFO - [2026-05-28T07:27:28.790+0000] {dag.py:3834} INFO - Setting next_dagrun for kaldata_scraper to 2026-05-28 00:00:00+00:00, run_after=2026-05-29 00:00:00+00:00
[2026-05-28T07:27:28.944+0000] {processor.py:183} INFO - Processing /opt/airflow/dags/kaldata_dag.py took 1.902 seconds
[2026-05-28T07:27:59.755+0000] {processor.py:161} INFO - Started process (PID=832) to work on /opt/airflow/dags/kaldata_dag.py
[2026-05-28T07:27:59.763+0000] {processor.py:830} INFO - Processing file /opt/airflow/dags/kaldata_dag.py for tasks to queue
[2026-05-28T07:27:59.770+0000] {logging_mixin.py:188} INFO - [2026-05-28T07:27:59.769+0000] {dagbag.py:540} INFO - Filling up the DagBag from /opt/airflow/dags/kaldata_dag.py
[2026-05-28T07:27:59.949+0000] {processor.py:840} INFO - DAG(s) 'kaldata_scraper' retrieved from /opt/airflow/dags/kaldata_dag.py
[2026-05-28T07:28:00.181+0000] {logging_mixin.py:188} INFO - [2026-05-28T07:28:00.180+0000] {dag.py:3047} INFO - Sync 1 DAGs
[2026-05-28T07:28:00.342+0000] {logging_mixin.py:188} INFO - [2026-05-28T07:28:00.341+0000] {dag.py:3834} INFO - Setting next_dagrun for kaldata_scraper to 2026-05-28 00:00:00+00:00, run_after=2026-05-29 00:00:00+00:00
[2026-05-28T07:28:00.465+0000] {processor.py:183} INFO - Processing /opt/airflow/dags/kaldata_dag.py took 0.732 seconds
[2026-05-28T07:28:32.384+0000] {processor.py:161} INFO - Started process (PID=863) to work on /opt/airflow/dags/kaldata_dag.py
[2026-05-28T07:28:32.387+0000] {processor.py:830} INFO - Processing file /opt/airflow/dags/kaldata_dag.py for tasks to queue
[2026-05-28T07:28:32.390+0000] {logging_mixin.py:188} INFO - [2026-05-28T07:28:32.389+0000] {dagbag.py:540} INFO - Filling up the DagBag from /opt/airflow/dags/kaldata_dag.py
[2026-05-28T07:28:32.480+0000] {processor.py:840} INFO - DAG(s) 'kaldata_scraper' retrieved from /opt/airflow/dags/kaldata_dag.py
[2026-05-28T07:28:32.633+0000] {logging_mixin.py:188} INFO - [2026-05-28T07:28:32.632+0000] {dag.py:3047} INFO - Sync 1 DAGs
[2026-05-28T07:28:32.769+0000] {logging_mixin.py:188} INFO - [2026-05-28T07:28:32.768+0000] {dag.py:3834} INFO - Setting next_dagrun for kaldata_scraper to 2026-05-28 00:00:00+00:00, run_after=2026-05-29 00:00:00+00:00
[2026-05-28T07:28:32.875+0000] {processor.py:183} INFO - Processing /opt/airflow/dags/kaldata_dag.py took 0.504 seconds
[2026-05-28T07:29:03.890+0000] {processor.py:161} INFO - Started process (PID=897) to work on /opt/airflow/dags/kaldata_dag.py
[2026-05-28T07:29:03.901+0000] {processor.py:830} INFO - Processing file /opt/airflow/dags/kaldata_dag.py for tasks to queue
[2026-05-28T07:29:03.906+0000] {logging_mixin.py:188} INFO - [2026-05-28T07:29:03.905+0000] {dagbag.py:540} INFO - Filling up the DagBag from /opt/airflow/dags/kaldata_dag.py
[2026-05-28T07:29:04.187+0000] {processor.py:840} INFO - DAG(s) 'kaldata_scraper' retrieved from /opt/airflow/dags/kaldata_dag.py
[2026-05-28T07:29:04.422+0000] {logging_mixin.py:188} INFO - [2026-05-28T07:29:04.421+0000] {dag.py:3047} INFO - Sync 1 DAGs
[2026-05-28T07:29:04.595+0000] {logging_mixin.py:188} INFO - [2026-05-28T07:29:04.595+0000] {dag.py:3834} INFO - Setting next_dagrun for kaldata_scraper to 2026-05-28 00:00:00+00:00, run_after=2026-05-29 00:00:00+00:00
[2026-05-28T07:29:04.708+0000] {processor.py:183} INFO - Processing /opt/airflow/dags/kaldata_dag.py took 0.857 seconds
[2026-05-28T07:29:35.795+0000] {processor.py:161} INFO - Started process (PID=927) to work on /opt/airflow/dags/kaldata_dag.py
[2026-05-28T07:29:35.804+0000] {processor.py:830} INFO - Processing file /opt/airflow/dags/kaldata_dag.py for tasks to queue
[2026-05-28T07:29:35.807+0000] {logging_mixin.py:188} INFO - [2026-05-28T07:29:35.807+0000] {dagbag.py:540} INFO - Filling up the DagBag from /opt/airflow/dags/kaldata_dag.py
[2026-05-28T07:29:35.870+0000] {processor.py:840} INFO - DAG(s) 'kaldata_scraper' retrieved from /opt/airflow/dags/kaldata_dag.py
[2026-05-28T07:29:35.978+0000] {logging_mixin.py:188} INFO - [2026-05-28T07:29:35.977+0000] {dag.py:3047} INFO - Sync 1 DAGs
[2026-05-28T07:29:36.076+0000] {logging_mixin.py:188} INFO - [2026-05-28T07:29:36.075+0000] {dag.py:3834} INFO - Setting next_dagrun for kaldata_scraper to 2026-05-28 00:00:00+00:00, run_after=2026-05-29 00:00:00+00:00
[2026-05-28T07:29:36.140+0000] {processor.py:183} INFO - Processing /opt/airflow/dags/kaldata_dag.py took 0.356 seconds
[2026-05-28T07:30:06.387+0000] {processor.py:161} INFO - Started process (PID=957) to work on /opt/airflow/dags/kaldata_dag.py
[2026-05-28T07:30:06.390+0000] {processor.py:830} INFO - Processing file /opt/airflow/dags/kaldata_dag.py for tasks to queue
[2026-05-28T07:30:06.392+0000] {logging_mixin.py:188} INFO - [2026-05-28T07:30:06.392+0000] {dagbag.py:540} INFO - Filling up the DagBag from /opt/airflow/dags/kaldata_dag.py
[2026-05-28T07:30:06.445+0000] {processor.py:840} INFO - DAG(s) 'kaldata_scraper' retrieved from /opt/airflow/dags/kaldata_dag.py
[2026-05-28T07:30:06.515+0000] {logging_mixin.py:188} INFO - [2026-05-28T07:30:06.515+0000] {dag.py:3047} INFO - Sync 1 DAGs
[2026-05-28T07:30:06.576+0000] {logging_mixin.py:188} INFO - [2026-05-28T07:30:06.576+0000] {dag.py:3834} INFO - Setting next_dagrun for kaldata_scraper to 2026-05-28 00:00:00+00:00, run_after=2026-05-29 00:00:00+00:00
[2026-05-28T07:30:06.636+0000] {processor.py:183} INFO - Processing /opt/airflow/dags/kaldata_dag.py took 0.260 seconds
[2026-05-28T07:30:39.242+0000] {processor.py:161} INFO - Started process (PID=987) to work on /opt/airflow/dags/kaldata_dag.py
[2026-05-28T07:30:39.263+0000] {processor.py:830} INFO - Processing file /opt/airflow/dags/kaldata_dag.py for tasks to queue
[2026-05-28T07:30:39.390+0000] {logging_mixin.py:188} INFO - [2026-05-28T07:30:39.389+0000] {dagbag.py:540} INFO - Filling up the DagBag from /opt/airflow/dags/kaldata_dag.py
[2026-05-28T07:30:41.549+0000] {processor.py:840} INFO - DAG(s) 'kaldata_scraper' retrieved from /opt/airflow/dags/kaldata_dag.py
[2026-05-28T07:30:41.773+0000] {logging_mixin.py:188} INFO - [2026-05-28T07:30:41.772+0000] {dag.py:3047} INFO - Sync 1 DAGs
[2026-05-28T07:30:41.846+0000] {logging_mixin.py:188} INFO - [2026-05-28T07:30:41.846+0000] {dag.py:3834} INFO - Setting next_dagrun for kaldata_scraper to 2026-05-28 00:00:00+00:00, run_after=2026-05-29 00:00:00+00:00
[2026-05-28T07:30:41.902+0000] {processor.py:183} INFO - Processing /opt/airflow/dags/kaldata_dag.py took 2.686 seconds
[2026-05-28T07:31:15.222+0000] {processor.py:161} INFO - Started process (PID=1017) to work on /opt/airflow/dags/kaldata_dag.py
[2026-05-28T07:31:15.290+0000] {processor.py:830} INFO - Processing file /opt/airflow/dags/kaldata_dag.py for tasks to queue
[2026-05-28T07:31:15.338+0000] {logging_mixin.py:188} INFO - [2026-05-28T07:31:15.310+0000] {dagbag.py:540} INFO - Filling up the DagBag from /opt/airflow/dags/kaldata_dag.py
[2026-05-28T07:31:15.865+0000] {processor.py:840} INFO - DAG(s) 'kaldata_scraper' retrieved from /opt/airflow/dags/kaldata_dag.py
[2026-05-28T07:31:16.448+0000] {logging_mixin.py:188} INFO - [2026-05-28T07:31:16.447+0000] {dag.py:3047} INFO - Sync 1 DAGs
[2026-05-28T07:31:16.662+0000] {logging_mixin.py:188} INFO - [2026-05-28T07:31:16.661+0000] {dag.py:3834} INFO - Setting next_dagrun for kaldata_scraper to 2026-05-28 00:00:00+00:00, run_after=2026-05-29 00:00:00+00:00
[2026-05-28T07:31:17.113+0000] {processor.py:183} INFO - Processing /opt/airflow/dags/kaldata_dag.py took 1.973 seconds
[2026-05-28T07:31:47.745+0000] {processor.py:161} INFO - Started process (PID=1047) to work on /opt/airflow/dags/kaldata_dag.py
[2026-05-28T07:31:47.760+0000] {processor.py:830} INFO - Processing file /opt/airflow/dags/kaldata_dag.py for tasks to queue
[2026-05-28T07:31:47.769+0000] {logging_mixin.py:188} INFO - [2026-05-28T07:31:47.763+0000] {dagbag.py:540} INFO - Filling up the DagBag from /opt/airflow/dags/kaldata_dag.py
[2026-05-28T07:31:47.884+0000] {processor.py:840} INFO - DAG(s) 'kaldata_scraper' retrieved from /opt/airflow/dags/kaldata_dag.py
[2026-05-28T07:31:48.257+0000] {logging_mixin.py:188} INFO - [2026-05-28T07:31:48.255+0000] {dag.py:3047} INFO - Sync 1 DAGs
[2026-05-28T07:31:48.731+0000] {logging_mixin.py:188} INFO - [2026-05-28T07:31:48.719+0000] {dag.py:3834} INFO - Setting next_dagrun for kaldata_scraper to 2026-05-28 00:00:00+00:00, run_after=2026-05-29 00:00:00+00:00
[2026-05-28T07:31:48.942+0000] {processor.py:183} INFO - Processing /opt/airflow/dags/kaldata_dag.py took 1.233 seconds
[2026-05-28T07:33:32.763+0000] {processor.py:161} INFO - Started process (PID=1082) to work on /opt/airflow/dags/kaldata_dag.py
[2026-05-28T07:33:32.774+0000] {processor.py:830} INFO - Processing file /opt/airflow/dags/kaldata_dag.py for tasks to queue
[2026-05-28T07:33:32.788+0000] {logging_mixin.py:188} INFO - [2026-05-28T07:33:32.787+0000] {dagbag.py:540} INFO - Filling up the DagBag from /opt/airflow/dags/kaldata_dag.py
[2026-05-28T07:33:33.715+0000] {processor.py:840} INFO - DAG(s) 'kaldata_scraper' retrieved from /opt/airflow/dags/kaldata_dag.py
[2026-05-28T07:33:33.942+0000] {logging_mixin.py:188} INFO - [2026-05-28T07:33:33.941+0000] {dag.py:3047} INFO - Sync 1 DAGs
[2026-05-28T07:33:34.181+0000] {logging_mixin.py:188} INFO - [2026-05-28T07:33:34.179+0000] {dag.py:3834} INFO - Setting next_dagrun for kaldata_scraper to 2026-05-28 00:00:00+00:00, run_after=2026-05-29 00:00:00+00:00
[2026-05-28T07:33:35.690+0000] {processor.py:183} INFO - Processing /opt/airflow/dags/kaldata_dag.py took 2.947 seconds
[2026-05-28T07:34:22.740+0000] {processor.py:161} INFO - Started process (PID=1110) to work on /opt/airflow/dags/kaldata_dag.py
[2026-05-28T07:34:22.773+0000] {processor.py:830} INFO - Processing file /opt/airflow/dags/kaldata_dag.py for tasks to queue
[2026-05-28T07:34:22.845+0000] {logging_mixin.py:188} INFO - [2026-05-28T07:34:22.843+0000] {dagbag.py:540} INFO - Filling up the DagBag from /opt/airflow/dags/kaldata_dag.py
[2026-05-28T07:34:23.388+0000] {processor.py:840} INFO - DAG(s) 'kaldata_scraper' retrieved from /opt/airflow/dags/kaldata_dag.py
[2026-05-28T07:34:23.601+0000] {logging_mixin.py:188} INFO - [2026-05-28T07:34:23.600+0000] {dag.py:3047} INFO - Sync 1 DAGs
[2026-05-28T07:34:24.564+0000] {logging_mixin.py:188} INFO - [2026-05-28T07:34:24.563+0000] {dag.py:3834} INFO - Setting next_dagrun for kaldata_scraper to 2026-05-28 00:00:00+00:00, run_after=2026-05-29 00:00:00+00:00
[2026-05-28T07:34:24.772+0000] {processor.py:183} INFO - Processing /opt/airflow/dags/kaldata_dag.py took 2.057 seconds
[2026-05-28T07:34:56.745+0000] {processor.py:161} INFO - Started process (PID=1140) to work on /opt/airflow/dags/kaldata_dag.py
[2026-05-28T07:34:57.157+0000] {processor.py:830} INFO - Processing file /opt/airflow/dags/kaldata_dag.py for tasks to queue
[2026-05-28T07:34:57.161+0000] {logging_mixin.py:188} INFO - [2026-05-28T07:34:57.160+0000] {dagbag.py:540} INFO - Filling up the DagBag from /opt/airflow/dags/kaldata_dag.py
[2026-05-28T07:34:57.485+0000] {processor.py:840} INFO - DAG(s) 'kaldata_scraper' retrieved from /opt/airflow/dags/kaldata_dag.py
[2026-05-28T07:34:57.598+0000] {logging_mixin.py:188} INFO - [2026-05-28T07:34:57.597+0000] {dag.py:3047} INFO - Sync 1 DAGs
[2026-05-28T07:34:57.776+0000] {logging_mixin.py:188} INFO - [2026-05-28T07:34:57.775+0000] {dag.py:3834} INFO - Setting next_dagrun for kaldata_scraper to 2026-05-28 00:00:00+00:00, run_after=2026-05-29 00:00:00+00:00
[2026-05-28T07:34:59.505+0000] {processor.py:183} INFO - Processing /opt/airflow/dags/kaldata_dag.py took 2.790 seconds
[2026-05-28T07:35:36.361+0000] {processor.py:161} INFO - Started process (PID=1170) to work on /opt/airflow/dags/kaldata_dag.py
[2026-05-28T07:35:36.468+0000] {processor.py:830} INFO - Processing file /opt/airflow/dags/kaldata_dag.py for tasks to queue
[2026-05-28T07:35:36.600+0000] {logging_mixin.py:188} INFO - [2026-05-28T07:35:36.599+0000] {dagbag.py:540} INFO - Filling up the DagBag from /opt/airflow/dags/kaldata_dag.py
[2026-05-28T07:35:39.032+0000] {processor.py:840} INFO - DAG(s) 'kaldata_scraper' retrieved from /opt/airflow/dags/kaldata_dag.py
[2026-05-28T07:35:39.245+0000] {logging_mixin.py:188} INFO - [2026-05-28T07:35:39.244+0000] {dag.py:3047} INFO - Sync 1 DAGs
[2026-05-28T07:35:39.576+0000] {logging_mixin.py:188} INFO - [2026-05-28T07:35:39.575+0000] {dag.py:3834} INFO - Setting next_dagrun for kaldata_scraper to 2026-05-28 00:00:00+00:00, run_after=2026-05-29 00:00:00+00:00
[2026-05-28T07:35:39.840+0000] {processor.py:183} INFO - Processing /opt/airflow/dags/kaldata_dag.py took 3.561 seconds
[2026-05-28T07:36:17.538+0000] {processor.py:161} INFO - Started process (PID=1200) to work on /opt/airflow/dags/kaldata_dag.py
[2026-05-28T07:36:17.594+0000] {processor.py:830} INFO - Processing file /opt/airflow/dags/kaldata_dag.py for tasks to queue
[2026-05-28T07:36:17.741+0000] {logging_mixin.py:188} INFO - [2026-05-28T07:36:17.740+0000] {dagbag.py:540} INFO - Filling up the DagBag from /opt/airflow/dags/kaldata_dag.py
[2026-05-28T07:36:21.023+0000] {processor.py:840} INFO - DAG(s) 'kaldata_scraper' retrieved from /opt/airflow/dags/kaldata_dag.py
[2026-05-28T07:36:21.427+0000] {logging_mixin.py:188} INFO - [2026-05-28T07:36:21.415+0000] {dag.py:3047} INFO - Sync 1 DAGs
[2026-05-28T07:36:21.754+0000] {logging_mixin.py:188} INFO - [2026-05-28T07:36:21.753+0000] {dag.py:3834} INFO - Setting next_dagrun for kaldata_scraper to 2026-05-28 00:00:00+00:00, run_after=2026-05-29 00:00:00+00:00
[2026-05-28T07:36:22.217+0000] {processor.py:183} INFO - Processing /opt/airflow/dags/kaldata_dag.py took 4.701 seconds
[2026-05-28T07:36:54.006+0000] {processor.py:161} INFO - Started process (PID=1232) to work on /opt/airflow/dags/kaldata_dag.py
[2026-05-28T07:36:54.011+0000] {processor.py:830} INFO - Processing file /opt/airflow/dags/kaldata_dag.py for tasks to queue
[2026-05-28T07:36:54.015+0000] {logging_mixin.py:188} INFO - [2026-05-28T07:36:54.014+0000] {dagbag.py:540} INFO - Filling up the DagBag from /opt/airflow/dags/kaldata_dag.py
[2026-05-28T07:36:54.068+0000] {processor.py:840} INFO - DAG(s) 'kaldata_scraper' retrieved from /opt/airflow/dags/kaldata_dag.py
[2026-05-28T07:36:54.192+0000] {logging_mixin.py:188} INFO - [2026-05-28T07:36:54.191+0000] {dag.py:3047} INFO - Sync 1 DAGs
[2026-05-28T07:36:54.399+0000] {logging_mixin.py:188} INFO - [2026-05-28T07:36:54.398+0000] {dag.py:3834} INFO - Setting next_dagrun for kaldata_scraper to 2026-05-28 00:00:00+00:00, run_after=2026-05-29 00:00:00+00:00
[2026-05-28T07:36:54.512+0000] {processor.py:183} INFO - Processing /opt/airflow/dags/kaldata_dag.py took 0.521 seconds
[2026-05-28T07:37:25.083+0000] {processor.py:161} INFO - Started process (PID=1262) to work on /opt/airflow/dags/kaldata_dag.py
[2026-05-28T07:37:25.092+0000] {processor.py:830} INFO - Processing file /opt/airflow/dags/kaldata_dag.py for tasks to queue
[2026-05-28T07:37:25.096+0000] {logging_mixin.py:188} INFO - [2026-05-28T07:37:25.095+0000] {dagbag.py:540} INFO - Filling up the DagBag from /opt/airflow/dags/kaldata_dag.py
[2026-05-28T07:37:25.184+0000] {processor.py:840} INFO - DAG(s) 'kaldata_scraper' retrieved from /opt/airflow/dags/kaldata_dag.py
[2026-05-28T07:37:25.371+0000] {logging_mixin.py:188} INFO - [2026-05-28T07:37:25.370+0000] {dag.py:3047} INFO - Sync 1 DAGs
[2026-05-28T07:37:25.560+0000] {logging_mixin.py:188} INFO - [2026-05-28T07:37:25.559+0000] {dag.py:3834} INFO - Setting next_dagrun for kaldata_scraper to 2026-05-28 00:00:00+00:00, run_after=2026-05-29 00:00:00+00:00
[2026-05-28T07:37:25.745+0000] {processor.py:183} INFO - Processing /opt/airflow/dags/kaldata_dag.py took 0.685 seconds
[2026-05-28T07:37:56.883+0000] {processor.py:161} INFO - Started process (PID=1292) to work on /opt/airflow/dags/kaldata_dag.py
[2026-05-28T07:37:56.888+0000] {processor.py:830} INFO - Processing file /opt/airflow/dags/kaldata_dag.py for tasks to queue
[2026-05-28T07:37:56.892+0000] {logging_mixin.py:188} INFO - [2026-05-28T07:37:56.891+0000] {dagbag.py:540} INFO - Filling up the DagBag from /opt/airflow/dags/kaldata_dag.py
[2026-05-28T07:37:56.945+0000] {processor.py:840} INFO - DAG(s) 'kaldata_scraper' retrieved from /opt/airflow/dags/kaldata_dag.py
[2026-05-28T07:37:57.020+0000] {logging_mixin.py:188} INFO - [2026-05-28T07:37:57.019+0000] {dag.py:3047} INFO - Sync 1 DAGs
[2026-05-28T07:37:57.079+0000] {logging_mixin.py:188} INFO - [2026-05-28T07:37:57.079+0000] {dag.py:3834} INFO - Setting next_dagrun for kaldata_scraper to 2026-05-28 00:00:00+00:00, run_after=2026-05-29 00:00:00+00:00
[2026-05-28T07:37:57.129+0000] {processor.py:183} INFO - Processing /opt/airflow/dags/kaldata_dag.py took 0.257 seconds
[2026-05-28T07:38:27.855+0000] {processor.py:161} INFO - Started process (PID=1322) to work on /opt/airflow/dags/kaldata_dag.py
[2026-05-28T07:38:27.858+0000] {processor.py:830} INFO - Processing file /opt/airflow/dags/kaldata_dag.py for tasks to queue
[2026-05-28T07:38:27.861+0000] {logging_mixin.py:188} INFO - [2026-05-28T07:38:27.860+0000] {dagbag.py:540} INFO - Filling up the DagBag from /opt/airflow/dags/kaldata_dag.py
[2026-05-28T07:38:27.902+0000] {processor.py:840} INFO - DAG(s) 'kaldata_scraper' retrieved from /opt/airflow/dags/kaldata_dag.py
[2026-05-28T07:38:27.977+0000] {logging_mixin.py:188} INFO - [2026-05-28T07:38:27.976+0000] {dag.py:3047} INFO - Sync 1 DAGs
[2026-05-28T07:38:28.036+0000] {logging_mixin.py:188} INFO - [2026-05-28T07:38:28.035+0000] {dag.py:3834} INFO - Setting next_dagrun for kaldata_scraper to 2026-05-28 00:00:00+00:00, run_after=2026-05-29 00:00:00+00:00
[2026-05-28T07:38:28.121+0000] {processor.py:183} INFO - Processing /opt/airflow/dags/kaldata_dag.py took 0.277 seconds
[2026-05-28T07:38:58.502+0000] {processor.py:161} INFO - Started process (PID=1352) to work on /opt/airflow/dags/kaldata_dag.py
[2026-05-28T07:38:58.518+0000] {processor.py:830} INFO - Processing file /opt/airflow/dags/kaldata_dag.py for tasks to queue
[2026-05-28T07:38:58.528+0000] {logging_mixin.py:188} INFO - [2026-05-28T07:38:58.527+0000] {dagbag.py:540} INFO - Filling up the DagBag from /opt/airflow/dags/kaldata_dag.py
[2026-05-28T07:38:58.624+0000] {processor.py:840} INFO - DAG(s) 'kaldata_scraper' retrieved from /opt/airflow/dags/kaldata_dag.py
[2026-05-28T07:38:58.787+0000] {logging_mixin.py:188} INFO - [2026-05-28T07:38:58.786+0000] {dag.py:3047} INFO - Sync 1 DAGs
[2026-05-28T07:38:58.906+0000] {logging_mixin.py:188} INFO - [2026-05-28T07:38:58.904+0000] {dag.py:3834} INFO - Setting next_dagrun for kaldata_scraper to 2026-05-28 00:00:00+00:00, run_after=2026-05-29 00:00:00+00:00
[2026-05-28T07:38:59.038+0000] {processor.py:183} INFO - Processing /opt/airflow/dags/kaldata_dag.py took 0.563 seconds
[2026-05-28T07:39:29.959+0000] {processor.py:161} INFO - Started process (PID=1382) to work on /opt/airflow/dags/kaldata_dag.py
[2026-05-28T07:39:29.972+0000] {processor.py:830} INFO - Processing file /opt/airflow/dags/kaldata_dag.py for tasks to queue
[2026-05-28T07:39:29.979+0000] {logging_mixin.py:188} INFO - [2026-05-28T07:39:29.978+0000] {dagbag.py:540} INFO - Filling up the DagBag from /opt/airflow/dags/kaldata_dag.py
[2026-05-28T07:39:30.039+0000] {processor.py:840} INFO - DAG(s) 'kaldata_scraper' retrieved from /opt/airflow/dags/kaldata_dag.py
[2026-05-28T07:39:30.113+0000] {logging_mixin.py:188} INFO - [2026-05-28T07:39:30.112+0000] {dag.py:3047} INFO - Sync 1 DAGs
[2026-05-28T07:39:30.186+0000] {logging_mixin.py:188} INFO - [2026-05-28T07:39:30.186+0000] {dag.py:3834} INFO - Setting next_dagrun for kaldata_scraper to 2026-05-28 00:00:00+00:00, run_after=2026-05-29 00:00:00+00:00
[2026-05-28T07:39:30.238+0000] {processor.py:183} INFO - Processing /opt/airflow/dags/kaldata_dag.py took 0.297 seconds
[2026-05-28T07:40:00.489+0000] {processor.py:161} INFO - Started process (PID=1412) to work on /opt/airflow/dags/kaldata_dag.py
[2026-05-28T07:40:00.493+0000] {processor.py:830} INFO - Processing file /opt/airflow/dags/kaldata_dag.py for tasks to queue
[2026-05-28T07:40:00.496+0000] {logging_mixin.py:188} INFO - [2026-05-28T07:40:00.495+0000] {dagbag.py:540} INFO - Filling up the DagBag from /opt/airflow/dags/kaldata_dag.py
[2026-05-28T07:40:00.532+0000] {processor.py:840} INFO - DAG(s) 'kaldata_scraper' retrieved from /opt/airflow/dags/kaldata_dag.py
[2026-05-28T07:40:00.653+0000] {logging_mixin.py:188} INFO - [2026-05-28T07:40:00.652+0000] {dag.py:3047} INFO - Sync 1 DAGs
[2026-05-28T07:40:00.722+0000] {logging_mixin.py:188} INFO - [2026-05-28T07:40:00.721+0000] {dag.py:3834} INFO - Setting next_dagrun for kaldata_scraper to 2026-05-28 00:00:00+00:00, run_after=2026-05-29 00:00:00+00:00
[2026-05-28T07:40:00.780+0000] {processor.py:183} INFO - Processing /opt/airflow/dags/kaldata_dag.py took 0.301 seconds
[2026-05-28T07:40:30.907+0000] {processor.py:161} INFO - Started process (PID=1442) to work on /opt/airflow/dags/kaldata_dag.py
[2026-05-28T07:40:30.910+0000] {processor.py:830} INFO - Processing file /opt/airflow/dags/kaldata_dag.py for tasks to queue
[2026-05-28T07:40:30.913+0000] {logging_mixin.py:188} INFO - [2026-05-28T07:40:30.912+0000] {dagbag.py:540} INFO - Filling up the DagBag from /opt/airflow/dags/kaldata_dag.py
[2026-05-28T07:40:30.951+0000] {processor.py:840} INFO - DAG(s) 'kaldata_scraper' retrieved from /opt/airflow/dags/kaldata_dag.py
[2026-05-28T07:40:31.027+0000] {logging_mixin.py:188} INFO - [2026-05-28T07:40:31.026+0000] {dag.py:3047} INFO - Sync 1 DAGs
[2026-05-28T07:40:31.085+0000] {logging_mixin.py:188} INFO - [2026-05-28T07:40:31.085+0000] {dag.py:3834} INFO - Setting next_dagrun for kaldata_scraper to 2026-05-28 00:00:00+00:00, run_after=2026-05-29 00:00:00+00:00
[2026-05-28T07:40:31.138+0000] {processor.py:183} INFO - Processing /opt/airflow/dags/kaldata_dag.py took 0.242 seconds
[2026-05-28T07:41:01.664+0000] {processor.py:161} INFO - Started process (PID=1472) to work on /opt/airflow/dags/kaldata_dag.py
[2026-05-28T07:41:01.669+0000] {processor.py:830} INFO - Processing file /opt/airflow/dags/kaldata_dag.py for tasks to queue
[2026-05-28T07:41:01.672+0000] {logging_mixin.py:188} INFO - [2026-05-28T07:41:01.671+0000] {dagbag.py:540} INFO - Filling up the DagBag from /opt/airflow/dags/kaldata_dag.py
[2026-05-28T07:41:01.715+0000] {processor.py:840} INFO - DAG(s) 'kaldata_scraper' retrieved from /opt/airflow/dags/kaldata_dag.py
[2026-05-28T07:41:01.795+0000] {logging_mixin.py:188} INFO - [2026-05-28T07:41:01.795+0000] {dag.py:3047} INFO - Sync 1 DAGs
[2026-05-28T07:41:01.894+0000] {logging_mixin.py:188} INFO - [2026-05-28T07:41:01.894+0000] {dag.py:3834} INFO - Setting next_dagrun for kaldata_scraper to 2026-05-28 00:00:00+00:00, run_after=2026-05-29 00:00:00+00:00
[2026-05-28T07:41:01.944+0000] {processor.py:183} INFO - Processing /opt/airflow/dags/kaldata_dag.py took 0.299 seconds
[2026-05-28T07:41:33.506+0000] {processor.py:161} INFO - Started process (PID=1500) to work on /opt/airflow/dags/kaldata_dag.py
[2026-05-28T07:41:33.509+0000] {processor.py:830} INFO - Processing file /opt/airflow/dags/kaldata_dag.py for tasks to queue
[2026-05-28T07:41:33.519+0000] {logging_mixin.py:188} INFO - [2026-05-28T07:41:33.514+0000] {dagbag.py:540} INFO - Filling up the DagBag from /opt/airflow/dags/kaldata_dag.py
[2026-05-28T07:41:33.642+0000] {processor.py:840} INFO - DAG(s) 'kaldata_scraper' retrieved from /opt/airflow/dags/kaldata_dag.py
[2026-05-28T07:41:33.856+0000] {logging_mixin.py:188} INFO - [2026-05-28T07:41:33.855+0000] {dag.py:3047} INFO - Sync 1 DAGs
[2026-05-28T07:41:34.195+0000] {logging_mixin.py:188} INFO - [2026-05-28T07:41:34.194+0000] {dag.py:3834} INFO - Setting next_dagrun for kaldata_scraper to 2026-05-28 00:00:00+00:00, run_after=2026-05-29 00:00:00+00:00
[2026-05-28T07:41:34.779+0000] {processor.py:183} INFO - Processing /opt/airflow/dags/kaldata_dag.py took 1.305 seconds
[2026-05-28T07:42:07.904+0000] {processor.py:161} INFO - Started process (PID=1530) to work on /opt/airflow/dags/kaldata_dag.py
[2026-05-28T07:42:07.925+0000] {processor.py:830} INFO - Processing file /opt/airflow/dags/kaldata_dag.py for tasks to queue
[2026-05-28T07:42:07.954+0000] {logging_mixin.py:188} INFO - [2026-05-28T07:42:07.944+0000] {dagbag.py:540} INFO - Filling up the DagBag from /opt/airflow/dags/kaldata_dag.py
[2026-05-28T07:42:08.162+0000] {processor.py:840} INFO - DAG(s) 'kaldata_scraper' retrieved from /opt/airflow/dags/kaldata_dag.py
[2026-05-28T07:42:08.442+0000] {logging_mixin.py:188} INFO - [2026-05-28T07:42:08.441+0000] {dag.py:3047} INFO - Sync 1 DAGs
[2026-05-28T07:42:08.637+0000] {logging_mixin.py:188} INFO - [2026-05-28T07:42:08.636+0000] {dag.py:3834} INFO - Setting next_dagrun for kaldata_scraper to 2026-05-28 00:00:00+00:00, run_after=2026-05-29 00:00:00+00:00
[2026-05-28T07:42:08.849+0000] {processor.py:183} INFO - Processing /opt/airflow/dags/kaldata_dag.py took 0.979 seconds
[2026-05-28T07:42:40.477+0000] {processor.py:161} INFO - Started process (PID=1560) to work on /opt/airflow/dags/kaldata_dag.py
[2026-05-28T07:42:40.495+0000] {processor.py:830} INFO - Processing file /opt/airflow/dags/kaldata_dag.py for tasks to queue
[2026-05-28T07:42:40.500+0000] {logging_mixin.py:188} INFO - [2026-05-28T07:42:40.499+0000] {dagbag.py:540} INFO - Filling up the DagBag from /opt/airflow/dags/kaldata_dag.py
[2026-05-28T07:42:40.624+0000] {processor.py:840} INFO - DAG(s) 'kaldata_scraper' retrieved from /opt/airflow/dags/kaldata_dag.py
[2026-05-28T07:42:41.024+0000] {logging_mixin.py:188} INFO - [2026-05-28T07:42:41.024+0000] {dag.py:3047} INFO - Sync 1 DAGs
[2026-05-28T07:42:41.232+0000] {logging_mixin.py:188} INFO - [2026-05-28T07:42:41.231+0000] {dag.py:3834} INFO - Setting next_dagrun for kaldata_scraper to 2026-05-28 00:00:00+00:00, run_after=2026-05-29 00:00:00+00:00
[2026-05-28T07:42:41.439+0000] {processor.py:183} INFO - Processing /opt/airflow/dags/kaldata_dag.py took 1.011 seconds
[2026-05-28T07:43:12.670+0000] {processor.py:161} INFO - Started process (PID=1590) to work on /opt/airflow/dags/kaldata_dag.py
[2026-05-28T07:43:12.673+0000] {processor.py:830} INFO - Processing file /opt/airflow/dags/kaldata_dag.py for tasks to queue
[2026-05-28T07:43:12.676+0000] {logging_mixin.py:188} INFO - [2026-05-28T07:43:12.675+0000] {dagbag.py:540} INFO - Filling up the DagBag from /opt/airflow/dags/kaldata_dag.py
[2026-05-28T07:43:12.722+0000] {processor.py:840} INFO - DAG(s) 'kaldata_scraper' retrieved from /opt/airflow/dags/kaldata_dag.py
[2026-05-28T07:43:12.808+0000] {logging_mixin.py:188} INFO - [2026-05-28T07:43:12.807+0000] {dag.py:3047} INFO - Sync 1 DAGs
[2026-05-28T07:43:12.877+0000] {logging_mixin.py:188} INFO - [2026-05-28T07:43:12.876+0000] {dag.py:3834} INFO - Setting next_dagrun for kaldata_scraper to 2026-05-28 00:00:00+00:00, run_after=2026-05-29 00:00:00+00:00
[2026-05-28T07:43:12.941+0000] {processor.py:183} INFO - Processing /opt/airflow/dags/kaldata_dag.py took 0.286 seconds
[2026-05-28T07:43:43.438+0000] {processor.py:161} INFO - Started process (PID=1620) to work on /opt/airflow/dags/kaldata_dag.py
[2026-05-28T07:43:43.443+0000] {processor.py:830} INFO - Processing file /opt/airflow/dags/kaldata_dag.py for tasks to queue
[2026-05-28T07:43:43.448+0000] {logging_mixin.py:188} INFO - [2026-05-28T07:43:43.447+0000] {dagbag.py:540} INFO - Filling up the DagBag from /opt/airflow/dags/kaldata_dag.py
[2026-05-28T07:43:43.533+0000] {processor.py:840} INFO - DAG(s) 'kaldata_scraper' retrieved from /opt/airflow/dags/kaldata_dag.py
[2026-05-28T07:43:43.702+0000] {logging_mixin.py:188} INFO - [2026-05-28T07:43:43.701+0000] {dag.py:3047} INFO - Sync 1 DAGs
[2026-05-28T07:43:43.829+0000] {logging_mixin.py:188} INFO - [2026-05-28T07:43:43.828+0000] {dag.py:3834} INFO - Setting next_dagrun for kaldata_scraper to 2026-05-28 00:00:00+00:00, run_after=2026-05-29 00:00:00+00:00
[2026-05-28T07:43:43.890+0000] {processor.py:183} INFO - Processing /opt/airflow/dags/kaldata_dag.py took 0.470 seconds
[2026-05-28T07:44:15.406+0000] {processor.py:161} INFO - Started process (PID=1650) to work on /opt/airflow/dags/kaldata_dag.py
[2026-05-28T07:44:15.410+0000] {processor.py:830} INFO - Processing file /opt/airflow/dags/kaldata_dag.py for tasks to queue
[2026-05-28T07:44:15.414+0000] {logging_mixin.py:188} INFO - [2026-05-28T07:44:15.413+0000] {dagbag.py:540} INFO - Filling up the DagBag from /opt/airflow/dags/kaldata_dag.py
[2026-05-28T07:44:15.466+0000] {processor.py:840} INFO - DAG(s) 'kaldata_scraper' retrieved from /opt/airflow/dags/kaldata_dag.py
[2026-05-28T07:44:15.544+0000] {logging_mixin.py:188} INFO - [2026-05-28T07:44:15.543+0000] {dag.py:3047} INFO - Sync 1 DAGs
[2026-05-28T07:44:15.614+0000] {logging_mixin.py:188} INFO - [2026-05-28T07:44:15.613+0000] {dag.py:3834} INFO - Setting next_dagrun for kaldata_scraper to 2026-05-28 00:00:00+00:00, run_after=2026-05-29 00:00:00+00:00
[2026-05-28T07:44:15.678+0000] {processor.py:183} INFO - Processing /opt/airflow/dags/kaldata_dag.py took 0.289 seconds
[2026-05-28T07:44:45.918+0000] {processor.py:161} INFO - Started process (PID=1680) to work on /opt/airflow/dags/kaldata_dag.py
[2026-05-28T07:44:45.924+0000] {processor.py:830} INFO - Processing file /opt/airflow/dags/kaldata_dag.py for tasks to queue
[2026-05-28T07:44:45.927+0000] {logging_mixin.py:188} INFO - [2026-05-28T07:44:45.926+0000] {dagbag.py:540} INFO - Filling up the DagBag from /opt/airflow/dags/kaldata_dag.py
[2026-05-28T07:44:45.999+0000] {processor.py:840} INFO - DAG(s) 'kaldata_scraper' retrieved from /opt/airflow/dags/kaldata_dag.py
[2026-05-28T07:44:46.086+0000] {logging_mixin.py:188} INFO - [2026-05-28T07:44:46.086+0000] {dag.py:3047} INFO - Sync 1 DAGs
[2026-05-28T07:44:46.161+0000] {logging_mixin.py:188} INFO - [2026-05-28T07:44:46.161+0000] {dag.py:3834} INFO - Setting next_dagrun for kaldata_scraper to 2026-05-28 00:00:00+00:00, run_after=2026-05-29 00:00:00+00:00
[2026-05-28T07:44:46.252+0000] {processor.py:183} INFO - Processing /opt/airflow/dags/kaldata_dag.py took 0.354 seconds
[2026-05-28T07:45:17.218+0000] {processor.py:161} INFO - Started process (PID=1710) to work on /opt/airflow/dags/kaldata_dag.py
[2026-05-28T07:45:17.221+0000] {processor.py:830} INFO - Processing file /opt/airflow/dags/kaldata_dag.py for tasks to queue
[2026-05-28T07:45:17.226+0000] {logging_mixin.py:188} INFO - [2026-05-28T07:45:17.223+0000] {dagbag.py:540} INFO - Filling up the DagBag from /opt/airflow/dags/kaldata_dag.py
[2026-05-28T07:45:17.269+0000] {processor.py:840} INFO - DAG(s) 'kaldata_scraper' retrieved from /opt/airflow/dags/kaldata_dag.py
[2026-05-28T07:45:17.344+0000] {logging_mixin.py:188} INFO - [2026-05-28T07:45:17.344+0000] {dag.py:3047} INFO - Sync 1 DAGs
[2026-05-28T07:45:17.411+0000] {logging_mixin.py:188} INFO - [2026-05-28T07:45:17.410+0000] {dag.py:3834} INFO - Setting next_dagrun for kaldata_scraper to 2026-05-28 00:00:00+00:00, run_after=2026-05-29 00:00:00+00:00
[2026-05-28T07:45:17.501+0000] {processor.py:183} INFO - Processing /opt/airflow/dags/kaldata_dag.py took 0.302 seconds
[2026-05-28T07:45:48.330+0000] {processor.py:161} INFO - Started process (PID=1740) to work on /opt/airflow/dags/kaldata_dag.py
[2026-05-28T07:45:48.334+0000] {processor.py:830} INFO - Processing file /opt/airflow/dags/kaldata_dag.py for tasks to queue
[2026-05-28T07:45:48.337+0000] {logging_mixin.py:188} INFO - [2026-05-28T07:45:48.336+0000] {dagbag.py:540} INFO - Filling up the DagBag from /opt/airflow/dags/kaldata_dag.py
[2026-05-28T07:45:48.388+0000] {processor.py:840} INFO - DAG(s) 'kaldata_scraper' retrieved from /opt/airflow/dags/kaldata_dag.py
[2026-05-28T07:45:48.477+0000] {logging_mixin.py:188} INFO - [2026-05-28T07:45:48.477+0000] {dag.py:3047} INFO - Sync 1 DAGs
[2026-05-28T07:45:48.551+0000] {logging_mixin.py:188} INFO - [2026-05-28T07:45:48.551+0000] {dag.py:3834} INFO - Setting next_dagrun for kaldata_scraper to 2026-05-28 00:00:00+00:00, run_after=2026-05-29 00:00:00+00:00
[2026-05-28T07:45:48.622+0000] {processor.py:183} INFO - Processing /opt/airflow/dags/kaldata_dag.py took 0.306 seconds
[2026-05-28T07:46:19.316+0000] {processor.py:161} INFO - Started process (PID=1770) to work on /opt/airflow/dags/kaldata_dag.py
[2026-05-28T07:46:19.320+0000] {processor.py:830} INFO - Processing file /opt/airflow/dags/kaldata_dag.py for tasks to queue
[2026-05-28T07:46:19.325+0000] {logging_mixin.py:188} INFO - [2026-05-28T07:46:19.324+0000] {dagbag.py:540} INFO - Filling up the DagBag from /opt/airflow/dags/kaldata_dag.py
[2026-05-28T07:46:19.367+0000] {processor.py:840} INFO - DAG(s) 'kaldata_scraper' retrieved from /opt/airflow/dags/kaldata_dag.py
[2026-05-28T07:46:19.501+0000] {logging_mixin.py:188} INFO - [2026-05-28T07:46:19.500+0000] {dag.py:3047} INFO - Sync 1 DAGs
[2026-05-28T07:46:19.653+0000] {logging_mixin.py:188} INFO - [2026-05-28T07:46:19.652+0000] {dag.py:3834} INFO - Setting next_dagrun for kaldata_scraper to 2026-05-28 00:00:00+00:00, run_after=2026-05-29 00:00:00+00:00
[2026-05-28T07:46:19.805+0000] {processor.py:183} INFO - Processing /opt/airflow/dags/kaldata_dag.py took 0.504 seconds
[2026-05-28T07:46:50.198+0000] {processor.py:161} INFO - Started process (PID=1800) to work on /opt/airflow/dags/kaldata_dag.py
[2026-05-28T07:46:50.206+0000] {processor.py:830} INFO - Processing file /opt/airflow/dags/kaldata_dag.py for tasks to queue
[2026-05-28T07:46:50.209+0000] {logging_mixin.py:188} INFO - [2026-05-28T07:46:50.208+0000] {dagbag.py:540} INFO - Filling up the DagBag from /opt/airflow/dags/kaldata_dag.py
[2026-05-28T07:46:50.319+0000] {processor.py:840} INFO - DAG(s) 'kaldata_scraper' retrieved from /opt/airflow/dags/kaldata_dag.py
[2026-05-28T07:46:50.806+0000] {logging_mixin.py:188} INFO - [2026-05-28T07:46:50.805+0000] {dag.py:3047} INFO - Sync 1 DAGs
[2026-05-28T07:46:51.054+0000] {logging_mixin.py:188} INFO - [2026-05-28T07:46:51.042+0000] {dag.py:3834} INFO - Setting next_dagrun for kaldata_scraper to 2026-05-28 00:00:00+00:00, run_after=2026-05-29 00:00:00+00:00
[2026-05-28T07:46:51.340+0000] {processor.py:183} INFO - Processing /opt/airflow/dags/kaldata_dag.py took 1.188 seconds
[2026-05-28T07:47:21.925+0000] {processor.py:161} INFO - Started process (PID=1832) to work on /opt/airflow/dags/kaldata_dag.py
[2026-05-28T07:47:21.928+0000] {processor.py:830} INFO - Processing file /opt/airflow/dags/kaldata_dag.py for tasks to queue
[2026-05-28T07:47:21.932+0000] {logging_mixin.py:188} INFO - [2026-05-28T07:47:21.931+0000] {dagbag.py:540} INFO - Filling up the DagBag from /opt/airflow/dags/kaldata_dag.py
[2026-05-28T07:47:21.978+0000] {processor.py:840} INFO - DAG(s) 'kaldata_scraper' retrieved from /opt/airflow/dags/kaldata_dag.py
[2026-05-28T07:47:22.061+0000] {logging_mixin.py:188} INFO - [2026-05-28T07:47:22.061+0000] {dag.py:3047} INFO - Sync 1 DAGs
[2026-05-28T07:47:22.123+0000] {logging_mixin.py:188} INFO - [2026-05-28T07:47:22.123+0000] {dag.py:3834} INFO - Setting next_dagrun for kaldata_scraper to 2026-05-28 00:00:00+00:00, run_after=2026-05-29 00:00:00+00:00
[2026-05-28T07:47:22.177+0000] {processor.py:183} INFO - Processing /opt/airflow/dags/kaldata_dag.py took 0.262 seconds
[2026-05-28T07:47:53.058+0000] {processor.py:161} INFO - Started process (PID=1860) to work on /opt/airflow/dags/kaldata_dag.py
[2026-05-28T07:47:53.070+0000] {processor.py:830} INFO - Processing file /opt/airflow/dags/kaldata_dag.py for tasks to queue
[2026-05-28T07:47:53.076+0000] {logging_mixin.py:188} INFO - [2026-05-28T07:47:53.075+0000] {dagbag.py:540} INFO - Filling up the DagBag from /opt/airflow/dags/kaldata_dag.py
[2026-05-28T07:47:53.164+0000] {processor.py:840} INFO - DAG(s) 'kaldata_scraper' retrieved from /opt/airflow/dags/kaldata_dag.py
[2026-05-28T07:47:53.289+0000] {logging_mixin.py:188} INFO - [2026-05-28T07:47:53.288+0000] {dag.py:3047} INFO - Sync 1 DAGs
[2026-05-28T07:47:53.368+0000] {logging_mixin.py:188} INFO - [2026-05-28T07:47:53.368+0000] {dag.py:3834} INFO - Setting next_dagrun for kaldata_scraper to 2026-05-28 00:00:00+00:00, run_after=2026-05-29 00:00:00+00:00
[2026-05-28T07:47:53.420+0000] {processor.py:183} INFO - Processing /opt/airflow/dags/kaldata_dag.py took 0.381 seconds
[2026-05-28T07:48:24.709+0000] {processor.py:161} INFO - Started process (PID=1890) to work on /opt/airflow/dags/kaldata_dag.py
[2026-05-28T07:48:24.714+0000] {processor.py:830} INFO - Processing file /opt/airflow/dags/kaldata_dag.py for tasks to queue
[2026-05-28T07:48:24.727+0000] {logging_mixin.py:188} INFO - [2026-05-28T07:48:24.725+0000] {dagbag.py:540} INFO - Filling up the DagBag from /opt/airflow/dags/kaldata_dag.py
[2026-05-28T07:48:24.952+0000] {processor.py:840} INFO - DAG(s) 'kaldata_scraper' retrieved from /opt/airflow/dags/kaldata_dag.py
[2026-05-28T07:48:25.049+0000] {logging_mixin.py:188} INFO - [2026-05-28T07:48:25.048+0000] {dag.py:3047} INFO - Sync 1 DAGs
[2026-05-28T07:48:25.125+0000] {logging_mixin.py:188} INFO - [2026-05-28T07:48:25.124+0000] {dag.py:3834} INFO - Setting next_dagrun for kaldata_scraper to 2026-05-28 00:00:00+00:00, run_after=2026-05-29 00:00:00+00:00
[2026-05-28T07:48:25.204+0000] {processor.py:183} INFO - Processing /opt/airflow/dags/kaldata_dag.py took 0.527 seconds
[2026-05-28T07:48:56.286+0000] {processor.py:161} INFO - Started process (PID=1920) to work on /opt/airflow/dags/kaldata_dag.py
[2026-05-28T07:48:56.289+0000] {processor.py:830} INFO - Processing file /opt/airflow/dags/kaldata_dag.py for tasks to queue
[2026-05-28T07:48:56.293+0000] {logging_mixin.py:188} INFO - [2026-05-28T07:48:56.292+0000] {dagbag.py:540} INFO - Filling up the DagBag from /opt/airflow/dags/kaldata_dag.py
[2026-05-28T07:48:56.342+0000] {processor.py:840} INFO - DAG(s) 'kaldata_scraper' retrieved from /opt/airflow/dags/kaldata_dag.py
[2026-05-28T07:48:56.416+0000] {logging_mixin.py:188} INFO - [2026-05-28T07:48:56.415+0000] {dag.py:3047} INFO - Sync 1 DAGs
[2026-05-28T07:48:56.483+0000] {logging_mixin.py:188} INFO - [2026-05-28T07:48:56.482+0000] {dag.py:3834} INFO - Setting next_dagrun for kaldata_scraper to 2026-05-28 00:00:00+00:00, run_after=2026-05-29 00:00:00+00:00
[2026-05-28T07:48:56.553+0000] {processor.py:183} INFO - Processing /opt/airflow/dags/kaldata_dag.py took 0.280 seconds
[2026-05-28T07:49:27.765+0000] {processor.py:161} INFO - Started process (PID=1950) to work on /opt/airflow/dags/kaldata_dag.py
[2026-05-28T07:49:27.793+0000] {processor.py:830} INFO - Processing file /opt/airflow/dags/kaldata_dag.py for tasks to queue
[2026-05-28T07:49:27.810+0000] {logging_mixin.py:188} INFO - [2026-05-28T07:49:27.809+0000] {dagbag.py:540} INFO - Filling up the DagBag from /opt/airflow/dags/kaldata_dag.py
[2026-05-28T07:49:27.951+0000] {processor.py:840} INFO - DAG(s) 'kaldata_scraper' retrieved from /opt/airflow/dags/kaldata_dag.py
[2026-05-28T07:49:28.073+0000] {logging_mixin.py:188} INFO - [2026-05-28T07:49:28.073+0000] {dag.py:3047} INFO - Sync 1 DAGs
[2026-05-28T07:49:28.141+0000] {logging_mixin.py:188} INFO - [2026-05-28T07:49:28.140+0000] {dag.py:3834} INFO - Setting next_dagrun for kaldata_scraper to 2026-05-28 00:00:00+00:00, run_after=2026-05-29 00:00:00+00:00
[2026-05-28T07:49:28.205+0000] {processor.py:183} INFO - Processing /opt/airflow/dags/kaldata_dag.py took 0.460 seconds
[2026-05-28T07:49:59.295+0000] {processor.py:161} INFO - Started process (PID=1980) to work on /opt/airflow/dags/kaldata_dag.py
[2026-05-28T07:49:59.298+0000] {processor.py:830} INFO - Processing file /opt/airflow/dags/kaldata_dag.py for tasks to queue
[2026-05-28T07:49:59.304+0000] {logging_mixin.py:188} INFO - [2026-05-28T07:49:59.303+0000] {dagbag.py:540} INFO - Filling up the DagBag from /opt/airflow/dags/kaldata_dag.py
[2026-05-28T07:49:59.351+0000] {processor.py:840} INFO - DAG(s) 'kaldata_scraper' retrieved from /opt/airflow/dags/kaldata_dag.py
[2026-05-28T07:49:59.425+0000] {logging_mixin.py:188} INFO - [2026-05-28T07:49:59.424+0000] {dag.py:3047} INFO - Sync 1 DAGs
[2026-05-28T07:49:59.506+0000] {logging_mixin.py:188} INFO - [2026-05-28T07:49:59.505+0000] {dag.py:3834} INFO - Setting next_dagrun for kaldata_scraper to 2026-05-28 00:00:00+00:00, run_after=2026-05-29 00:00:00+00:00
[2026-05-28T07:49:59.667+0000] {processor.py:183} INFO - Processing /opt/airflow/dags/kaldata_dag.py took 0.384 seconds
[2026-05-28T07:50:31.576+0000] {processor.py:161} INFO - Started process (PID=2010) to work on /opt/airflow/dags/kaldata_dag.py
[2026-05-28T07:50:31.590+0000] {processor.py:830} INFO - Processing file /opt/airflow/dags/kaldata_dag.py for tasks to queue
[2026-05-28T07:50:31.597+0000] {logging_mixin.py:188} INFO - [2026-05-28T07:50:31.596+0000] {dagbag.py:540} INFO - Filling up the DagBag from /opt/airflow/dags/kaldata_dag.py
[2026-05-28T07:50:32.582+0000] {processor.py:840} INFO - DAG(s) 'kaldata_scraper' retrieved from /opt/airflow/dags/kaldata_dag.py
[2026-05-28T07:50:32.881+0000] {logging_mixin.py:188} INFO - [2026-05-28T07:50:32.881+0000] {dag.py:3047} INFO - Sync 1 DAGs
[2026-05-28T07:50:33.183+0000] {logging_mixin.py:188} INFO - [2026-05-28T07:50:33.182+0000] {dag.py:3834} INFO - Setting next_dagrun for kaldata_scraper to 2026-05-28 00:00:00+00:00, run_after=2026-05-29 00:00:00+00:00
[2026-05-28T07:50:33.483+0000] {processor.py:183} INFO - Processing /opt/airflow/dags/kaldata_dag.py took 1.916 seconds
[2026-05-28T07:51:05.778+0000] {processor.py:161} INFO - Started process (PID=2040) to work on /opt/airflow/dags/kaldata_dag.py
[2026-05-28T07:51:05.783+0000] {processor.py:830} INFO - Processing file /opt/airflow/dags/kaldata_dag.py for tasks to queue
[2026-05-28T07:51:05.793+0000] {logging_mixin.py:188} INFO - [2026-05-28T07:51:05.792+0000] {dagbag.py:540} INFO - Filling up the DagBag from /opt/airflow/dags/kaldata_dag.py
[2026-05-28T07:51:06.510+0000] {processor.py:840} INFO - DAG(s) 'kaldata_scraper' retrieved from /opt/airflow/dags/kaldata_dag.py
[2026-05-28T07:51:06.749+0000] {logging_mixin.py:188} INFO - [2026-05-28T07:51:06.748+0000] {dag.py:3047} INFO - Sync 1 DAGs
[2026-05-28T07:51:06.945+0000] {logging_mixin.py:188} INFO - [2026-05-28T07:51:06.944+0000] {dag.py:3834} INFO - Setting next_dagrun for kaldata_scraper to 2026-05-28 00:00:00+00:00, run_after=2026-05-29 00:00:00+00:00
[2026-05-28T07:51:07.264+0000] {processor.py:183} INFO - Processing /opt/airflow/dags/kaldata_dag.py took 1.506 seconds
[2026-05-28T07:51:39.170+0000] {processor.py:161} INFO - Started process (PID=2070) to work on /opt/airflow/dags/kaldata_dag.py
[2026-05-28T07:51:39.178+0000] {processor.py:830} INFO - Processing file /opt/airflow/dags/kaldata_dag.py for tasks to queue
[2026-05-28T07:51:39.199+0000] {logging_mixin.py:188} INFO - [2026-05-28T07:51:39.198+0000] {dagbag.py:540} INFO - Filling up the DagBag from /opt/airflow/dags/kaldata_dag.py
[2026-05-28T07:51:39.507+0000] {processor.py:840} INFO - DAG(s) 'kaldata_scraper' retrieved from /opt/airflow/dags/kaldata_dag.py
[2026-05-28T07:51:39.763+0000] {logging_mixin.py:188} INFO - [2026-05-28T07:51:39.762+0000] {dag.py:3047} INFO - Sync 1 DAGs
[2026-05-28T07:51:39.999+0000] {logging_mixin.py:188} INFO - [2026-05-28T07:51:39.989+0000] {dag.py:3834} INFO - Setting next_dagrun for kaldata_scraper to 2026-05-28 00:00:00+00:00, run_after=2026-05-29 00:00:00+00:00
[2026-05-28T07:51:40.274+0000] {processor.py:183} INFO - Processing /opt/airflow/dags/kaldata_dag.py took 1.123 seconds
[2026-05-28T07:52:10.837+0000] {processor.py:161} INFO - Started process (PID=2102) to work on /opt/airflow/dags/kaldata_dag.py
[2026-05-28T07:52:10.840+0000] {processor.py:830} INFO - Processing file /opt/airflow/dags/kaldata_dag.py for tasks to queue
[2026-05-28T07:52:10.843+0000] {logging_mixin.py:188} INFO - [2026-05-28T07:52:10.842+0000] {dagbag.py:540} INFO - Filling up the DagBag from /opt/airflow/dags/kaldata_dag.py
[2026-05-28T07:52:10.881+0000] {processor.py:840} INFO - DAG(s) 'kaldata_scraper' retrieved from /opt/airflow/dags/kaldata_dag.py
[2026-05-28T07:52:10.957+0000] {logging_mixin.py:188} INFO - [2026-05-28T07:52:10.957+0000] {dag.py:3047} INFO - Sync 1 DAGs
[2026-05-28T07:52:11.023+0000] {logging_mixin.py:188} INFO - [2026-05-28T07:52:11.023+0000] {dag.py:3834} INFO - Setting next_dagrun for kaldata_scraper to 2026-05-28 00:00:00+00:00, run_after=2026-05-29 00:00:00+00:00
[2026-05-28T07:52:11.074+0000] {processor.py:183} INFO - Processing /opt/airflow/dags/kaldata_dag.py took 0.247 seconds
[2026-05-28T07:52:41.201+0000] {processor.py:161} INFO - Started process (PID=2132) to work on /opt/airflow/dags/kaldata_dag.py
[2026-05-28T07:52:41.205+0000] {processor.py:830} INFO - Processing file /opt/airflow/dags/kaldata_dag.py for tasks to queue
[2026-05-28T07:52:41.208+0000] {logging_mixin.py:188} INFO - [2026-05-28T07:52:41.207+0000] {dagbag.py:540} INFO - Filling up the DagBag from /opt/airflow/dags/kaldata_dag.py
[2026-05-28T07:52:41.246+0000] {processor.py:840} INFO - DAG(s) 'kaldata_scraper' retrieved from /opt/airflow/dags/kaldata_dag.py
[2026-05-28T07:52:41.321+0000] {logging_mixin.py:188} INFO - [2026-05-28T07:52:41.320+0000] {dag.py:3047} INFO - Sync 1 DAGs
[2026-05-28T07:52:41.380+0000] {logging_mixin.py:188} INFO - [2026-05-28T07:52:41.379+0000] {dag.py:3834} INFO - Setting next_dagrun for kaldata_scraper to 2026-05-28 00:00:00+00:00, run_after=2026-05-29 00:00:00+00:00
[2026-05-28T07:52:41.434+0000] {processor.py:183} INFO - Processing /opt/airflow/dags/kaldata_dag.py took 0.244 seconds
[2026-05-28T07:53:14.762+0000] {processor.py:161} INFO - Started process (PID=2160) to work on /opt/airflow/dags/kaldata_dag.py
[2026-05-28T07:53:14.788+0000] {processor.py:830} INFO - Processing file /opt/airflow/dags/kaldata_dag.py for tasks to queue
[2026-05-28T07:53:14.799+0000] {logging_mixin.py:188} INFO - [2026-05-28T07:53:14.798+0000] {dagbag.py:540} INFO - Filling up the DagBag from /opt/airflow/dags/kaldata_dag.py
[2026-05-28T07:53:15.135+0000] {processor.py:840} INFO - DAG(s) 'kaldata_scraper' retrieved from /opt/airflow/dags/kaldata_dag.py
[2026-05-28T07:53:15.413+0000] {logging_mixin.py:188} INFO - [2026-05-28T07:53:15.413+0000] {dag.py:3047} INFO - Sync 1 DAGs
[2026-05-28T07:53:15.637+0000] {logging_mixin.py:188} INFO - [2026-05-28T07:53:15.636+0000] {dag.py:3834} INFO - Setting next_dagrun for kaldata_scraper to 2026-05-28 00:00:00+00:00, run_after=2026-05-29 00:00:00+00:00
[2026-05-28T07:53:15.947+0000] {processor.py:183} INFO - Processing /opt/airflow/dags/kaldata_dag.py took 1.205 seconds
[2026-05-28T07:53:49.552+0000] {processor.py:161} INFO - Started process (PID=2190) to work on /opt/airflow/dags/kaldata_dag.py
[2026-05-28T07:53:49.579+0000] {processor.py:830} INFO - Processing file /opt/airflow/dags/kaldata_dag.py for tasks to queue
[2026-05-28T07:53:49.589+0000] {logging_mixin.py:188} INFO - [2026-05-28T07:53:49.588+0000] {dagbag.py:540} INFO - Filling up the DagBag from /opt/airflow/dags/kaldata_dag.py
[2026-05-28T07:53:50.829+0000] {processor.py:840} INFO - DAG(s) 'kaldata_scraper' retrieved from /opt/airflow/dags/kaldata_dag.py
[2026-05-28T07:53:51.094+0000] {logging_mixin.py:188} INFO - [2026-05-28T07:53:51.093+0000] {dag.py:3047} INFO - Sync 1 DAGs
[2026-05-28T07:53:51.270+0000] {logging_mixin.py:188} INFO - [2026-05-28T07:53:51.259+0000] {dag.py:3834} INFO - Setting next_dagrun for kaldata_scraper to 2026-05-28 00:00:00+00:00, run_after=2026-05-29 00:00:00+00:00
[2026-05-28T07:53:51.529+0000] {processor.py:183} INFO - Processing /opt/airflow/dags/kaldata_dag.py took 1.987 seconds
[2026-05-28T07:54:22.102+0000] {processor.py:161} INFO - Started process (PID=2222) to work on /opt/airflow/dags/kaldata_dag.py
[2026-05-28T07:54:22.105+0000] {processor.py:830} INFO - Processing file /opt/airflow/dags/kaldata_dag.py for tasks to queue
[2026-05-28T07:54:22.108+0000] {logging_mixin.py:188} INFO - [2026-05-28T07:54:22.107+0000] {dagbag.py:540} INFO - Filling up the DagBag from /opt/airflow/dags/kaldata_dag.py
[2026-05-28T07:54:22.152+0000] {processor.py:840} INFO - DAG(s) 'kaldata_scraper' retrieved from /opt/airflow/dags/kaldata_dag.py
[2026-05-28T07:54:22.231+0000] {logging_mixin.py:188} INFO - [2026-05-28T07:54:22.230+0000] {dag.py:3047} INFO - Sync 1 DAGs
[2026-05-28T07:54:22.293+0000] {logging_mixin.py:188} INFO - [2026-05-28T07:54:22.292+0000] {dag.py:3834} INFO - Setting next_dagrun for kaldata_scraper to 2026-05-28 00:00:00+00:00, run_after=2026-05-29 00:00:00+00:00
[2026-05-28T07:54:22.348+0000] {processor.py:183} INFO - Processing /opt/airflow/dags/kaldata_dag.py took 0.257 seconds
[2026-05-28T07:54:52.851+0000] {processor.py:161} INFO - Started process (PID=2250) to work on /opt/airflow/dags/kaldata_dag.py
[2026-05-28T07:54:52.856+0000] {processor.py:830} INFO - Processing file /opt/airflow/dags/kaldata_dag.py for tasks to queue
[2026-05-28T07:54:52.860+0000] {logging_mixin.py:188} INFO - [2026-05-28T07:54:52.859+0000] {dagbag.py:540} INFO - Filling up the DagBag from /opt/airflow/dags/kaldata_dag.py
[2026-05-28T07:54:52.909+0000] {processor.py:840} INFO - DAG(s) 'kaldata_scraper' retrieved from /opt/airflow/dags/kaldata_dag.py
[2026-05-28T07:54:52.998+0000] {logging_mixin.py:188} INFO - [2026-05-28T07:54:52.997+0000] {dag.py:3047} INFO - Sync 1 DAGs
[2026-05-28T07:54:53.071+0000] {logging_mixin.py:188} INFO - [2026-05-28T07:54:53.070+0000] {dag.py:3834} INFO - Setting next_dagrun for kaldata_scraper to 2026-05-28 00:00:00+00:00, run_after=2026-05-29 00:00:00+00:00
[2026-05-28T07:54:53.175+0000] {processor.py:183} INFO - Processing /opt/airflow/dags/kaldata_dag.py took 0.338 seconds
[2026-05-28T07:55:27.573+0000] {processor.py:161} INFO - Started process (PID=2280) to work on /opt/airflow/dags/kaldata_dag.py
[2026-05-28T07:55:27.653+0000] {processor.py:830} INFO - Processing file /opt/airflow/dags/kaldata_dag.py for tasks to queue
[2026-05-28T07:55:27.734+0000] {logging_mixin.py:188} INFO - [2026-05-28T07:55:27.733+0000] {dagbag.py:540} INFO - Filling up the DagBag from /opt/airflow/dags/kaldata_dag.py
[2026-05-28T07:55:29.158+0000] {processor.py:840} INFO - DAG(s) 'kaldata_scraper' retrieved from /opt/airflow/dags/kaldata_dag.py
[2026-05-28T07:55:29.432+0000] {logging_mixin.py:188} INFO - [2026-05-28T07:55:29.431+0000] {dag.py:3047} INFO - Sync 1 DAGs
[2026-05-28T07:55:29.673+0000] {logging_mixin.py:188} INFO - [2026-05-28T07:55:29.672+0000] {dag.py:3834} INFO - Setting next_dagrun for kaldata_scraper to 2026-05-28 00:00:00+00:00, run_after=2026-05-29 00:00:00+00:00
[2026-05-28T07:55:29.970+0000] {processor.py:183} INFO - Processing /opt/airflow/dags/kaldata_dag.py took 2.432 seconds
[2026-05-28T07:56:02.106+0000] {processor.py:161} INFO - Started process (PID=2310) to work on /opt/airflow/dags/kaldata_dag.py
[2026-05-28T07:56:02.121+0000] {processor.py:830} INFO - Processing file /opt/airflow/dags/kaldata_dag.py for tasks to queue
[2026-05-28T07:56:02.159+0000] {logging_mixin.py:188} INFO - [2026-05-28T07:56:02.158+0000] {dagbag.py:540} INFO - Filling up the DagBag from /opt/airflow/dags/kaldata_dag.py
[2026-05-28T07:56:02.886+0000] {processor.py:840} INFO - DAG(s) 'kaldata_scraper' retrieved from /opt/airflow/dags/kaldata_dag.py
[2026-05-28T07:56:03.200+0000] {logging_mixin.py:188} INFO - [2026-05-28T07:56:03.199+0000] {dag.py:3047} INFO - Sync 1 DAGs
[2026-05-28T07:56:03.472+0000] {logging_mixin.py:188} INFO - [2026-05-28T07:56:03.471+0000] {dag.py:3834} INFO - Setting next_dagrun for kaldata_scraper to 2026-05-28 00:00:00+00:00, run_after=2026-05-29 00:00:00+00:00
[2026-05-28T07:56:03.735+0000] {processor.py:183} INFO - Processing /opt/airflow/dags/kaldata_dag.py took 1.653 seconds
[2026-05-28T07:56:34.997+0000] {processor.py:161} INFO - Started process (PID=2342) to work on /opt/airflow/dags/kaldata_dag.py
[2026-05-28T07:56:35.000+0000] {processor.py:830} INFO - Processing file /opt/airflow/dags/kaldata_dag.py for tasks to queue
[2026-05-28T07:56:35.004+0000] {logging_mixin.py:188} INFO - [2026-05-28T07:56:35.003+0000] {dagbag.py:540} INFO - Filling up the DagBag from /opt/airflow/dags/kaldata_dag.py
[2026-05-28T07:56:35.050+0000] {processor.py:840} INFO - DAG(s) 'kaldata_scraper' retrieved from /opt/airflow/dags/kaldata_dag.py
[2026-05-28T07:56:35.124+0000] {logging_mixin.py:188} INFO - [2026-05-28T07:56:35.123+0000] {dag.py:3047} INFO - Sync 1 DAGs
[2026-05-28T07:56:35.185+0000] {logging_mixin.py:188} INFO - [2026-05-28T07:56:35.185+0000] {dag.py:3834} INFO - Setting next_dagrun for kaldata_scraper to 2026-05-28 00:00:00+00:00, run_after=2026-05-29 00:00:00+00:00
[2026-05-28T07:56:35.240+0000] {processor.py:183} INFO - Processing /opt/airflow/dags/kaldata_dag.py took 0.253 seconds
[2026-05-28T07:57:05.582+0000] {processor.py:161} INFO - Started process (PID=2370) to work on /opt/airflow/dags/kaldata_dag.py
[2026-05-28T07:57:05.594+0000] {processor.py:830} INFO - Processing file /opt/airflow/dags/kaldata_dag.py for tasks to queue
[2026-05-28T07:57:05.603+0000] {logging_mixin.py:188} INFO - [2026-05-28T07:57:05.602+0000] {dagbag.py:540} INFO - Filling up the DagBag from /opt/airflow/dags/kaldata_dag.py
[2026-05-28T07:57:05.682+0000] {processor.py:840} INFO - DAG(s) 'kaldata_scraper' retrieved from /opt/airflow/dags/kaldata_dag.py
[2026-05-28T07:57:05.754+0000] {logging_mixin.py:188} INFO - [2026-05-28T07:57:05.754+0000] {dag.py:3047} INFO - Sync 1 DAGs
[2026-05-28T07:57:05.816+0000] {logging_mixin.py:188} INFO - [2026-05-28T07:57:05.815+0000] {dag.py:3834} INFO - Setting next_dagrun for kaldata_scraper to 2026-05-28 00:00:00+00:00, run_after=2026-05-29 00:00:00+00:00
[2026-05-28T07:57:05.873+0000] {processor.py:183} INFO - Processing /opt/airflow/dags/kaldata_dag.py took 0.307 seconds
[2026-05-28T07:57:36.729+0000] {processor.py:161} INFO - Started process (PID=2400) to work on /opt/airflow/dags/kaldata_dag.py
[2026-05-28T07:57:36.738+0000] {processor.py:830} INFO - Processing file /opt/airflow/dags/kaldata_dag.py for tasks to queue
[2026-05-28T07:57:36.750+0000] {logging_mixin.py:188} INFO - [2026-05-28T07:57:36.749+0000] {dagbag.py:540} INFO - Filling up the DagBag from /opt/airflow/dags/kaldata_dag.py
[2026-05-28T07:57:36.885+0000] {processor.py:840} INFO - DAG(s) 'kaldata_scraper' retrieved from /opt/airflow/dags/kaldata_dag.py
[2026-05-28T07:57:37.030+0000] {logging_mixin.py:188} INFO - [2026-05-28T07:57:37.030+0000] {dag.py:3047} INFO - Sync 1 DAGs
[2026-05-28T07:57:37.116+0000] {logging_mixin.py:188} INFO - [2026-05-28T07:57:37.115+0000] {dag.py:3834} INFO - Setting next_dagrun for kaldata_scraper to 2026-05-28 00:00:00+00:00, run_after=2026-05-29 00:00:00+00:00
[2026-05-28T07:57:37.181+0000] {processor.py:183} INFO - Processing /opt/airflow/dags/kaldata_dag.py took 0.493 seconds
[2026-05-28T07:58:08.083+0000] {processor.py:161} INFO - Started process (PID=2430) to work on /opt/airflow/dags/kaldata_dag.py
[2026-05-28T07:58:08.091+0000] {processor.py:830} INFO - Processing file /opt/airflow/dags/kaldata_dag.py for tasks to queue
[2026-05-28T07:58:08.103+0000] {logging_mixin.py:188} INFO - [2026-05-28T07:58:08.102+0000] {dagbag.py:540} INFO - Filling up the DagBag from /opt/airflow/dags/kaldata_dag.py
[2026-05-28T07:58:08.320+0000] {processor.py:840} INFO - DAG(s) 'kaldata_scraper' retrieved from /opt/airflow/dags/kaldata_dag.py
[2026-05-28T07:58:08.774+0000] {logging_mixin.py:188} INFO - [2026-05-28T07:58:08.773+0000] {dag.py:3047} INFO - Sync 1 DAGs
[2026-05-28T07:58:09.136+0000] {logging_mixin.py:188} INFO - [2026-05-28T07:58:09.104+0000] {dag.py:3834} INFO - Setting next_dagrun for kaldata_scraper to 2026-05-28 00:00:00+00:00, run_after=2026-05-29 00:00:00+00:00
[2026-05-28T07:58:09.291+0000] {processor.py:183} INFO - Processing /opt/airflow/dags/kaldata_dag.py took 1.245 seconds
[2026-05-28T07:58:39.599+0000] {processor.py:161} INFO - Started process (PID=2460) to work on /opt/airflow/dags/kaldata_dag.py
[2026-05-28T07:58:39.616+0000] {processor.py:830} INFO - Processing file /opt/airflow/dags/kaldata_dag.py for tasks to queue
[2026-05-28T07:58:39.625+0000] {logging_mixin.py:188} INFO - [2026-05-28T07:58:39.618+0000] {dagbag.py:540} INFO - Filling up the DagBag from /opt/airflow/dags/kaldata_dag.py
[2026-05-28T07:58:39.707+0000] {processor.py:840} INFO - DAG(s) 'kaldata_scraper' retrieved from /opt/airflow/dags/kaldata_dag.py
[2026-05-28T07:58:40.043+0000] {logging_mixin.py:188} INFO - [2026-05-28T07:58:40.042+0000] {dag.py:3047} INFO - Sync 1 DAGs
[2026-05-28T07:58:40.140+0000] {logging_mixin.py:188} INFO - [2026-05-28T07:58:40.140+0000] {dag.py:3834} INFO - Setting next_dagrun for kaldata_scraper to 2026-05-28 00:00:00+00:00, run_after=2026-05-29 00:00:00+00:00
[2026-05-28T07:58:40.209+0000] {processor.py:183} INFO - Processing /opt/airflow/dags/kaldata_dag.py took 0.654 seconds
[2026-05-28T07:59:11.186+0000] {processor.py:161} INFO - Started process (PID=2492) to work on /opt/airflow/dags/kaldata_dag.py
[2026-05-28T07:59:11.202+0000] {processor.py:830} INFO - Processing file /opt/airflow/dags/kaldata_dag.py for tasks to queue
[2026-05-28T07:59:11.221+0000] {logging_mixin.py:188} INFO - [2026-05-28T07:59:11.220+0000] {dagbag.py:540} INFO - Filling up the DagBag from /opt/airflow/dags/kaldata_dag.py
[2026-05-28T07:59:11.291+0000] {processor.py:840} INFO - DAG(s) 'kaldata_scraper' retrieved from /opt/airflow/dags/kaldata_dag.py
[2026-05-28T07:59:11.382+0000] {logging_mixin.py:188} INFO - [2026-05-28T07:59:11.382+0000] {dag.py:3047} INFO - Sync 1 DAGs
[2026-05-28T07:59:11.446+0000] {logging_mixin.py:188} INFO - [2026-05-28T07:59:11.446+0000] {dag.py:3834} INFO - Setting next_dagrun for kaldata_scraper to 2026-05-28 00:00:00+00:00, run_after=2026-05-29 00:00:00+00:00
[2026-05-28T07:59:11.502+0000] {processor.py:183} INFO - Processing /opt/airflow/dags/kaldata_dag.py took 0.336 seconds
[2026-05-28T07:59:48.266+0000] {processor.py:161} INFO - Started process (PID=2520) to work on /opt/airflow/dags/kaldata_dag.py
[2026-05-28T07:59:48.287+0000] {processor.py:830} INFO - Processing file /opt/airflow/dags/kaldata_dag.py for tasks to queue
[2026-05-28T07:59:48.321+0000] {logging_mixin.py:188} INFO - [2026-05-28T07:59:48.320+0000] {dagbag.py:540} INFO - Filling up the DagBag from /opt/airflow/dags/kaldata_dag.py
[2026-05-28T07:59:49.333+0000] {processor.py:840} INFO - DAG(s) 'kaldata_scraper' retrieved from /opt/airflow/dags/kaldata_dag.py
[2026-05-28T07:59:49.578+0000] {logging_mixin.py:188} INFO - [2026-05-28T07:59:49.578+0000] {dag.py:3047} INFO - Sync 1 DAGs
[2026-05-28T07:59:49.781+0000] {logging_mixin.py:188} INFO - [2026-05-28T07:59:49.780+0000] {dag.py:3834} INFO - Setting next_dagrun for kaldata_scraper to 2026-05-28 00:00:00+00:00, run_after=2026-05-29 00:00:00+00:00
[2026-05-28T07:59:50.039+0000] {processor.py:183} INFO - Processing /opt/airflow/dags/kaldata_dag.py took 1.791 seconds
[2026-05-28T08:00:20.702+0000] {processor.py:161} INFO - Started process (PID=2547) to work on /opt/airflow/dags/kaldata_dag.py
[2026-05-28T08:00:20.708+0000] {processor.py:830} INFO - Processing file /opt/airflow/dags/kaldata_dag.py for tasks to queue
[2026-05-28T08:00:20.713+0000] {logging_mixin.py:188} INFO - [2026-05-28T08:00:20.710+0000] {dagbag.py:540} INFO - Filling up the DagBag from /opt/airflow/dags/kaldata_dag.py
[2026-05-28T08:00:20.768+0000] {processor.py:840} INFO - DAG(s) 'kaldata_scraper' retrieved from /opt/airflow/dags/kaldata_dag.py
[2026-05-28T08:00:20.860+0000] {logging_mixin.py:188} INFO - [2026-05-28T08:00:20.860+0000] {dag.py:3047} INFO - Sync 1 DAGs
[2026-05-28T08:00:20.959+0000] {logging_mixin.py:188} INFO - [2026-05-28T08:00:20.947+0000] {dag.py:3834} INFO - Setting next_dagrun for kaldata_scraper to 2026-05-28 00:00:00+00:00, run_after=2026-05-29 00:00:00+00:00
[2026-05-28T08:00:21.124+0000] {processor.py:183} INFO - Processing /opt/airflow/dags/kaldata_dag.py took 0.460 seconds
[2026-05-28T08:00:51.510+0000] {processor.py:161} INFO - Started process (PID=2577) to work on /opt/airflow/dags/kaldata_dag.py
[2026-05-28T08:00:51.513+0000] {processor.py:830} INFO - Processing file /opt/airflow/dags/kaldata_dag.py for tasks to queue
[2026-05-28T08:00:51.517+0000] {logging_mixin.py:188} INFO - [2026-05-28T08:00:51.516+0000] {dagbag.py:540} INFO - Filling up the DagBag from /opt/airflow/dags/kaldata_dag.py
[2026-05-28T08:00:51.577+0000] {processor.py:840} INFO - DAG(s) 'kaldata_scraper' retrieved from /opt/airflow/dags/kaldata_dag.py
[2026-05-28T08:00:51.702+0000] {logging_mixin.py:188} INFO - [2026-05-28T08:00:51.701+0000] {dag.py:3047} INFO - Sync 1 DAGs
[2026-05-28T08:00:51.782+0000] {logging_mixin.py:188} INFO - [2026-05-28T08:00:51.781+0000] {dag.py:3834} INFO - Setting next_dagrun for kaldata_scraper to 2026-05-28 00:00:00+00:00, run_after=2026-05-29 00:00:00+00:00
[2026-05-28T08:00:51.885+0000] {processor.py:183} INFO - Processing /opt/airflow/dags/kaldata_dag.py took 0.386 seconds
[2026-05-28T08:01:23.055+0000] {processor.py:161} INFO - Started process (PID=2607) to work on /opt/airflow/dags/kaldata_dag.py
[2026-05-28T08:01:23.059+0000] {processor.py:830} INFO - Processing file /opt/airflow/dags/kaldata_dag.py for tasks to queue
[2026-05-28T08:01:23.066+0000] {logging_mixin.py:188} INFO - [2026-05-28T08:01:23.065+0000] {dagbag.py:540} INFO - Filling up the DagBag from /opt/airflow/dags/kaldata_dag.py
[2026-05-28T08:01:23.115+0000] {processor.py:840} INFO - DAG(s) 'kaldata_scraper' retrieved from /opt/airflow/dags/kaldata_dag.py
[2026-05-28T08:01:23.207+0000] {logging_mixin.py:188} INFO - [2026-05-28T08:01:23.206+0000] {dag.py:3047} INFO - Sync 1 DAGs
[2026-05-28T08:01:23.273+0000] {logging_mixin.py:188} INFO - [2026-05-28T08:01:23.272+0000] {dag.py:3834} INFO - Setting next_dagrun for kaldata_scraper to 2026-05-28 00:00:00+00:00, run_after=2026-05-29 00:00:00+00:00
[2026-05-28T08:01:23.330+0000] {processor.py:183} INFO - Processing /opt/airflow/dags/kaldata_dag.py took 0.295 seconds
[2026-05-28T08:01:53.686+0000] {processor.py:161} INFO - Started process (PID=2637) to work on /opt/airflow/dags/kaldata_dag.py
[2026-05-28T08:01:53.690+0000] {processor.py:830} INFO - Processing file /opt/airflow/dags/kaldata_dag.py for tasks to queue
[2026-05-28T08:01:53.699+0000] {logging_mixin.py:188} INFO - [2026-05-28T08:01:53.698+0000] {dagbag.py:540} INFO - Filling up the DagBag from /opt/airflow/dags/kaldata_dag.py
[2026-05-28T08:01:53.776+0000] {processor.py:840} INFO - DAG(s) 'kaldata_scraper' retrieved from /opt/airflow/dags/kaldata_dag.py
[2026-05-28T08:01:53.877+0000] {logging_mixin.py:188} INFO - [2026-05-28T08:01:53.877+0000] {dag.py:3047} INFO - Sync 1 DAGs
[2026-05-28T08:01:53.947+0000] {logging_mixin.py:188} INFO - [2026-05-28T08:01:53.946+0000] {dag.py:3834} INFO - Setting next_dagrun for kaldata_scraper to 2026-05-28 00:00:00+00:00, run_after=2026-05-29 00:00:00+00:00
[2026-05-28T08:01:54.025+0000] {processor.py:183} INFO - Processing /opt/airflow/dags/kaldata_dag.py took 0.356 seconds
[2026-05-28T08:02:24.420+0000] {processor.py:161} INFO - Started process (PID=2667) to work on /opt/airflow/dags/kaldata_dag.py
[2026-05-28T08:02:24.426+0000] {processor.py:830} INFO - Processing file /opt/airflow/dags/kaldata_dag.py for tasks to queue
[2026-05-28T08:02:24.430+0000] {logging_mixin.py:188} INFO - [2026-05-28T08:02:24.428+0000] {dagbag.py:540} INFO - Filling up the DagBag from /opt/airflow/dags/kaldata_dag.py
[2026-05-28T08:02:24.480+0000] {processor.py:840} INFO - DAG(s) 'kaldata_scraper' retrieved from /opt/airflow/dags/kaldata_dag.py
[2026-05-28T08:02:24.655+0000] {logging_mixin.py:188} INFO - [2026-05-28T08:02:24.654+0000] {dag.py:3047} INFO - Sync 1 DAGs
[2026-05-28T08:02:24.865+0000] {logging_mixin.py:188} INFO - [2026-05-28T08:02:24.864+0000] {dag.py:3834} INFO - Setting next_dagrun for kaldata_scraper to 2026-05-28 00:00:00+00:00, run_after=2026-05-29 00:00:00+00:00
[2026-05-28T08:02:25.670+0000] {processor.py:183} INFO - Processing /opt/airflow/dags/kaldata_dag.py took 1.261 seconds
[2026-05-28T08:02:56.477+0000] {processor.py:161} INFO - Started process (PID=2697) to work on /opt/airflow/dags/kaldata_dag.py
[2026-05-28T08:02:56.481+0000] {processor.py:830} INFO - Processing file /opt/airflow/dags/kaldata_dag.py for tasks to queue
[2026-05-28T08:02:56.484+0000] {logging_mixin.py:188} INFO - [2026-05-28T08:02:56.483+0000] {dagbag.py:540} INFO - Filling up the DagBag from /opt/airflow/dags/kaldata_dag.py
[2026-05-28T08:02:56.529+0000] {processor.py:840} INFO - DAG(s) 'kaldata_scraper' retrieved from /opt/airflow/dags/kaldata_dag.py
[2026-05-28T08:02:56.617+0000] {logging_mixin.py:188} INFO - [2026-05-28T08:02:56.616+0000] {dag.py:3047} INFO - Sync 1 DAGs
[2026-05-28T08:02:56.855+0000] {logging_mixin.py:188} INFO - [2026-05-28T08:02:56.854+0000] {dag.py:3834} INFO - Setting next_dagrun for kaldata_scraper to 2026-05-28 00:00:00+00:00, run_after=2026-05-29 00:00:00+00:00
[2026-05-28T08:02:56.991+0000] {processor.py:183} INFO - Processing /opt/airflow/dags/kaldata_dag.py took 0.526 seconds
[2026-05-28T08:03:27.538+0000] {processor.py:161} INFO - Started process (PID=2727) to work on /opt/airflow/dags/kaldata_dag.py
[2026-05-28T08:03:27.542+0000] {processor.py:830} INFO - Processing file /opt/airflow/dags/kaldata_dag.py for tasks to queue
[2026-05-28T08:03:27.546+0000] {logging_mixin.py:188} INFO - [2026-05-28T08:03:27.545+0000] {dagbag.py:540} INFO - Filling up the DagBag from /opt/airflow/dags/kaldata_dag.py
[2026-05-28T08:03:27.596+0000] {processor.py:840} INFO - DAG(s) 'kaldata_scraper' retrieved from /opt/airflow/dags/kaldata_dag.py
[2026-05-28T08:03:27.714+0000] {logging_mixin.py:188} INFO - [2026-05-28T08:03:27.714+0000] {dag.py:3047} INFO - Sync 1 DAGs
[2026-05-28T08:03:27.848+0000] {logging_mixin.py:188} INFO - [2026-05-28T08:03:27.848+0000] {dag.py:3834} INFO - Setting next_dagrun for kaldata_scraper to 2026-05-28 00:00:00+00:00, run_after=2026-05-29 00:00:00+00:00
[2026-05-28T08:03:27.934+0000] {processor.py:183} INFO - Processing /opt/airflow/dags/kaldata_dag.py took 0.413 seconds
[2026-05-28T08:04:00.295+0000] {processor.py:161} INFO - Started process (PID=2755) to work on /opt/airflow/dags/kaldata_dag.py
[2026-05-28T08:04:00.310+0000] {processor.py:830} INFO - Processing file /opt/airflow/dags/kaldata_dag.py for tasks to queue
[2026-05-28T08:04:00.323+0000] {logging_mixin.py:188} INFO - [2026-05-28T08:04:00.313+0000] {dagbag.py:540} INFO - Filling up the DagBag from /opt/airflow/dags/kaldata_dag.py
[2026-05-28T08:04:00.390+0000] {processor.py:840} INFO - DAG(s) 'kaldata_scraper' retrieved from /opt/airflow/dags/kaldata_dag.py
[2026-05-28T08:04:00.600+0000] {logging_mixin.py:188} INFO - [2026-05-28T08:04:00.599+0000] {dag.py:3047} INFO - Sync 1 DAGs
[2026-05-28T08:04:00.775+0000] {logging_mixin.py:188} INFO - [2026-05-28T08:04:00.774+0000] {dag.py:3834} INFO - Setting next_dagrun for kaldata_scraper to 2026-05-28 00:00:00+00:00, run_after=2026-05-29 00:00:00+00:00
[2026-05-28T08:04:00.904+0000] {processor.py:183} INFO - Processing /opt/airflow/dags/kaldata_dag.py took 0.630 seconds
[2026-05-28T08:04:31.629+0000] {processor.py:161} INFO - Started process (PID=2785) to work on /opt/airflow/dags/kaldata_dag.py
[2026-05-28T08:04:31.669+0000] {processor.py:830} INFO - Processing file /opt/airflow/dags/kaldata_dag.py for tasks to queue
[2026-05-28T08:04:31.704+0000] {logging_mixin.py:188} INFO - [2026-05-28T08:04:31.689+0000] {dagbag.py:540} INFO - Filling up the DagBag from /opt/airflow/dags/kaldata_dag.py
[2026-05-28T08:04:31.870+0000] {processor.py:840} INFO - DAG(s) 'kaldata_scraper' retrieved from /opt/airflow/dags/kaldata_dag.py
[2026-05-28T08:04:32.190+0000] {logging_mixin.py:188} INFO - [2026-05-28T08:04:32.190+0000] {dag.py:3047} INFO - Sync 1 DAGs
[2026-05-28T08:04:32.376+0000] {logging_mixin.py:188} INFO - [2026-05-28T08:04:32.375+0000] {dag.py:3834} INFO - Setting next_dagrun for kaldata_scraper to 2026-05-28 00:00:00+00:00, run_after=2026-05-29 00:00:00+00:00
[2026-05-28T08:04:32.601+0000] {processor.py:183} INFO - Processing /opt/airflow/dags/kaldata_dag.py took 1.021 seconds
[2026-05-28T08:05:03.478+0000] {processor.py:161} INFO - Started process (PID=2815) to work on /opt/airflow/dags/kaldata_dag.py
[2026-05-28T08:05:03.483+0000] {processor.py:830} INFO - Processing file /opt/airflow/dags/kaldata_dag.py for tasks to queue
[2026-05-28T08:05:03.487+0000] {logging_mixin.py:188} INFO - [2026-05-28T08:05:03.486+0000] {dagbag.py:540} INFO - Filling up the DagBag from /opt/airflow/dags/kaldata_dag.py
[2026-05-28T08:05:03.542+0000] {processor.py:840} INFO - DAG(s) 'kaldata_scraper' retrieved from /opt/airflow/dags/kaldata_dag.py
[2026-05-28T08:05:03.635+0000] {logging_mixin.py:188} INFO - [2026-05-28T08:05:03.635+0000] {dag.py:3047} INFO - Sync 1 DAGs
[2026-05-28T08:05:03.706+0000] {logging_mixin.py:188} INFO - [2026-05-28T08:05:03.705+0000] {dag.py:3834} INFO - Setting next_dagrun for kaldata_scraper to 2026-05-28 00:00:00+00:00, run_after=2026-05-29 00:00:00+00:00
[2026-05-28T08:05:03.770+0000] {processor.py:183} INFO - Processing /opt/airflow/dags/kaldata_dag.py took 0.309 seconds
[2026-05-28T08:05:34.446+0000] {processor.py:161} INFO - Started process (PID=2847) to work on /opt/airflow/dags/kaldata_dag.py
[2026-05-28T08:05:34.453+0000] {processor.py:830} INFO - Processing file /opt/airflow/dags/kaldata_dag.py for tasks to queue
[2026-05-28T08:05:34.459+0000] {logging_mixin.py:188} INFO - [2026-05-28T08:05:34.457+0000] {dagbag.py:540} INFO - Filling up the DagBag from /opt/airflow/dags/kaldata_dag.py
[2026-05-28T08:05:34.531+0000] {processor.py:840} INFO - DAG(s) 'kaldata_scraper' retrieved from /opt/airflow/dags/kaldata_dag.py
[2026-05-28T08:05:34.760+0000] {logging_mixin.py:188} INFO - [2026-05-28T08:05:34.759+0000] {dag.py:3047} INFO - Sync 1 DAGs
[2026-05-28T08:05:35.130+0000] {logging_mixin.py:188} INFO - [2026-05-28T08:05:35.129+0000] {dag.py:3834} INFO - Setting next_dagrun for kaldata_scraper to 2026-05-28 00:00:00+00:00, run_after=2026-05-29 00:00:00+00:00
[2026-05-28T08:05:35.339+0000] {processor.py:183} INFO - Processing /opt/airflow/dags/kaldata_dag.py took 0.908 seconds
[2026-05-28T08:06:14.710+0000] {processor.py:161} INFO - Started process (PID=2877) to work on /opt/airflow/dags/kaldata_dag.py
[2026-05-28T08:06:14.727+0000] {processor.py:830} INFO - Processing file /opt/airflow/dags/kaldata_dag.py for tasks to queue
[2026-05-28T08:06:14.743+0000] {logging_mixin.py:188} INFO - [2026-05-28T08:06:14.742+0000] {dagbag.py:540} INFO - Filling up the DagBag from /opt/airflow/dags/kaldata_dag.py
[2026-05-28T08:06:14.929+0000] {processor.py:840} INFO - DAG(s) 'kaldata_scraper' retrieved from /opt/airflow/dags/kaldata_dag.py
[2026-05-28T08:06:15.200+0000] {logging_mixin.py:188} INFO - [2026-05-28T08:06:15.199+0000] {dag.py:3047} INFO - Sync 1 DAGs
[2026-05-28T08:06:15.622+0000] {logging_mixin.py:188} INFO - [2026-05-28T08:06:15.622+0000] {dag.py:3834} INFO - Setting next_dagrun for kaldata_scraper to 2026-05-28 00:00:00+00:00, run_after=2026-05-29 00:00:00+00:00
[2026-05-28T08:06:15.833+0000] {processor.py:183} INFO - Processing /opt/airflow/dags/kaldata_dag.py took 1.158 seconds
[2026-05-28T08:06:47.632+0000] {processor.py:161} INFO - Started process (PID=2907) to work on /opt/airflow/dags/kaldata_dag.py
[2026-05-28T08:06:47.635+0000] {processor.py:830} INFO - Processing file /opt/airflow/dags/kaldata_dag.py for tasks to queue
[2026-05-28T08:06:47.638+0000] {logging_mixin.py:188} INFO - [2026-05-28T08:06:47.637+0000] {dagbag.py:540} INFO - Filling up the DagBag from /opt/airflow/dags/kaldata_dag.py
[2026-05-28T08:06:47.678+0000] {processor.py:840} INFO - DAG(s) 'kaldata_scraper' retrieved from /opt/airflow/dags/kaldata_dag.py
[2026-05-28T08:06:47.751+0000] {logging_mixin.py:188} INFO - [2026-05-28T08:06:47.751+0000] {dag.py:3047} INFO - Sync 1 DAGs
[2026-05-28T08:06:47.814+0000] {logging_mixin.py:188} INFO - [2026-05-28T08:06:47.814+0000] {dag.py:3834} INFO - Setting next_dagrun for kaldata_scraper to 2026-05-28 00:00:00+00:00, run_after=2026-05-29 00:00:00+00:00
[2026-05-28T08:06:47.873+0000] {processor.py:183} INFO - Processing /opt/airflow/dags/kaldata_dag.py took 0.251 seconds
[2026-05-28T08:07:20.578+0000] {processor.py:161} INFO - Started process (PID=2937) to work on /opt/airflow/dags/kaldata_dag.py
[2026-05-28T08:07:21.059+0000] {processor.py:830} INFO - Processing file /opt/airflow/dags/kaldata_dag.py for tasks to queue
[2026-05-28T08:07:21.195+0000] {logging_mixin.py:188} INFO - [2026-05-28T08:07:21.194+0000] {dagbag.py:540} INFO - Filling up the DagBag from /opt/airflow/dags/kaldata_dag.py
[2026-05-28T08:07:26.477+0000] {processor.py:840} INFO - DAG(s) 'kaldata_scraper' retrieved from /opt/airflow/dags/kaldata_dag.py
[2026-05-28T08:07:26.667+0000] {logging_mixin.py:188} INFO - [2026-05-28T08:07:26.667+0000] {dag.py:3047} INFO - Sync 1 DAGs
[2026-05-28T08:07:26.838+0000] {logging_mixin.py:188} INFO - [2026-05-28T08:07:26.837+0000] {dag.py:3834} INFO - Setting next_dagrun for kaldata_scraper to 2026-05-28 00:00:00+00:00, run_after=2026-05-29 00:00:00+00:00
[2026-05-28T08:07:27.030+0000] {processor.py:183} INFO - Processing /opt/airflow/dags/kaldata_dag.py took 6.484 seconds
[2026-05-28T08:07:57.236+0000] {processor.py:161} INFO - Started process (PID=2967) to work on /opt/airflow/dags/kaldata_dag.py
[2026-05-28T08:07:57.239+0000] {processor.py:830} INFO - Processing file /opt/airflow/dags/kaldata_dag.py for tasks to queue
[2026-05-28T08:07:57.242+0000] {logging_mixin.py:188} INFO - [2026-05-28T08:07:57.241+0000] {dagbag.py:540} INFO - Filling up the DagBag from /opt/airflow/dags/kaldata_dag.py
[2026-05-28T08:07:57.280+0000] {processor.py:840} INFO - DAG(s) 'kaldata_scraper' retrieved from /opt/airflow/dags/kaldata_dag.py
[2026-05-28T08:07:57.356+0000] {logging_mixin.py:188} INFO - [2026-05-28T08:07:57.355+0000] {dag.py:3047} INFO - Sync 1 DAGs
[2026-05-28T08:07:57.421+0000] {logging_mixin.py:188} INFO - [2026-05-28T08:07:57.420+0000] {dag.py:3834} INFO - Setting next_dagrun for kaldata_scraper to 2026-05-28 00:00:00+00:00, run_after=2026-05-29 00:00:00+00:00
[2026-05-28T08:07:57.478+0000] {processor.py:183} INFO - Processing /opt/airflow/dags/kaldata_dag.py took 0.253 seconds
[2026-05-28T08:08:28.332+0000] {processor.py:161} INFO - Started process (PID=2997) to work on /opt/airflow/dags/kaldata_dag.py
[2026-05-28T08:08:28.335+0000] {processor.py:830} INFO - Processing file /opt/airflow/dags/kaldata_dag.py for tasks to queue
[2026-05-28T08:08:28.338+0000] {logging_mixin.py:188} INFO - [2026-05-28T08:08:28.337+0000] {dagbag.py:540} INFO - Filling up the DagBag from /opt/airflow/dags/kaldata_dag.py
[2026-05-28T08:08:28.375+0000] {processor.py:840} INFO - DAG(s) 'kaldata_scraper' retrieved from /opt/airflow/dags/kaldata_dag.py
[2026-05-28T08:08:28.447+0000] {logging_mixin.py:188} INFO - [2026-05-28T08:08:28.446+0000] {dag.py:3047} INFO - Sync 1 DAGs
[2026-05-28T08:08:28.507+0000] {logging_mixin.py:188} INFO - [2026-05-28T08:08:28.506+0000] {dag.py:3834} INFO - Setting next_dagrun for kaldata_scraper to 2026-05-28 00:00:00+00:00, run_after=2026-05-29 00:00:00+00:00
[2026-05-28T08:08:28.570+0000] {processor.py:183} INFO - Processing /opt/airflow/dags/kaldata_dag.py took 0.247 seconds
[2026-05-28T08:08:58.980+0000] {processor.py:161} INFO - Started process (PID=3027) to work on /opt/airflow/dags/kaldata_dag.py
[2026-05-28T08:08:58.984+0000] {processor.py:830} INFO - Processing file /opt/airflow/dags/kaldata_dag.py for tasks to queue
[2026-05-28T08:08:58.987+0000] {logging_mixin.py:188} INFO - [2026-05-28T08:08:58.986+0000] {dagbag.py:540} INFO - Filling up the DagBag from /opt/airflow/dags/kaldata_dag.py
[2026-05-28T08:08:59.025+0000] {processor.py:840} INFO - DAG(s) 'kaldata_scraper' retrieved from /opt/airflow/dags/kaldata_dag.py
[2026-05-28T08:08:59.101+0000] {logging_mixin.py:188} INFO - [2026-05-28T08:08:59.100+0000] {dag.py:3047} INFO - Sync 1 DAGs
[2026-05-28T08:08:59.164+0000] {logging_mixin.py:188} INFO - [2026-05-28T08:08:59.163+0000] {dag.py:3834} INFO - Setting next_dagrun for kaldata_scraper to 2026-05-28 00:00:00+00:00, run_after=2026-05-29 00:00:00+00:00
[2026-05-28T08:08:59.219+0000] {processor.py:183} INFO - Processing /opt/airflow/dags/kaldata_dag.py took 0.251 seconds
[2026-05-28T08:09:30.316+0000] {processor.py:161} INFO - Started process (PID=3057) to work on /opt/airflow/dags/kaldata_dag.py
[2026-05-28T08:09:30.321+0000] {processor.py:830} INFO - Processing file /opt/airflow/dags/kaldata_dag.py for tasks to queue
[2026-05-28T08:09:30.333+0000] {logging_mixin.py:188} INFO - [2026-05-28T08:09:30.323+0000] {dagbag.py:540} INFO - Filling up the DagBag from /opt/airflow/dags/kaldata_dag.py
[2026-05-28T08:09:30.402+0000] {processor.py:840} INFO - DAG(s) 'kaldata_scraper' retrieved from /opt/airflow/dags/kaldata_dag.py
[2026-05-28T08:09:30.606+0000] {logging_mixin.py:188} INFO - [2026-05-28T08:09:30.605+0000] {dag.py:3047} INFO - Sync 1 DAGs
[2026-05-28T08:09:30.768+0000] {logging_mixin.py:188} INFO - [2026-05-28T08:09:30.767+0000] {dag.py:3834} INFO - Setting next_dagrun for kaldata_scraper to 2026-05-28 00:00:00+00:00, run_after=2026-05-29 00:00:00+00:00
[2026-05-28T08:09:30.901+0000] {processor.py:183} INFO - Processing /opt/airflow/dags/kaldata_dag.py took 0.622 seconds
[2026-05-28T08:10:10.413+0000] {processor.py:161} INFO - Started process (PID=3087) to work on /opt/airflow/dags/kaldata_dag.py
[2026-05-28T08:10:10.428+0000] {processor.py:830} INFO - Processing file /opt/airflow/dags/kaldata_dag.py for tasks to queue
[2026-05-28T08:10:10.447+0000] {logging_mixin.py:188} INFO - [2026-05-28T08:10:10.446+0000] {dagbag.py:540} INFO - Filling up the DagBag from /opt/airflow/dags/kaldata_dag.py
[2026-05-28T08:10:10.937+0000] {processor.py:840} INFO - DAG(s) 'kaldata_scraper' retrieved from /opt/airflow/dags/kaldata_dag.py
[2026-05-28T08:10:11.065+0000] {logging_mixin.py:188} INFO - [2026-05-28T08:10:11.063+0000] {dag.py:3047} INFO - Sync 1 DAGs
[2026-05-28T08:10:11.270+0000] {logging_mixin.py:188} INFO - [2026-05-28T08:10:11.270+0000] {dag.py:3834} INFO - Setting next_dagrun for kaldata_scraper to 2026-05-28 00:00:00+00:00, run_after=2026-05-29 00:00:00+00:00
[2026-05-28T08:10:12.065+0000] {processor.py:183} INFO - Processing /opt/airflow/dags/kaldata_dag.py took 1.779 seconds
[2026-05-28T08:10:46.336+0000] {processor.py:161} INFO - Started process (PID=3117) to work on /opt/airflow/dags/kaldata_dag.py
[2026-05-28T08:10:46.360+0000] {processor.py:830} INFO - Processing file /opt/airflow/dags/kaldata_dag.py for tasks to queue
[2026-05-28T08:10:46.366+0000] {logging_mixin.py:188} INFO - [2026-05-28T08:10:46.365+0000] {dagbag.py:540} INFO - Filling up the DagBag from /opt/airflow/dags/kaldata_dag.py
[2026-05-28T08:10:46.527+0000] {processor.py:840} INFO - DAG(s) 'kaldata_scraper' retrieved from /opt/airflow/dags/kaldata_dag.py
[2026-05-28T08:10:46.755+0000] {logging_mixin.py:188} INFO - [2026-05-28T08:10:46.754+0000] {dag.py:3047} INFO - Sync 1 DAGs
[2026-05-28T08:10:46.976+0000] {logging_mixin.py:188} INFO - [2026-05-28T08:10:46.975+0000] {dag.py:3834} INFO - Setting next_dagrun for kaldata_scraper to 2026-05-28 00:00:00+00:00, run_after=2026-05-29 00:00:00+00:00
[2026-05-28T08:10:47.346+0000] {processor.py:183} INFO - Processing /opt/airflow/dags/kaldata_dag.py took 1.044 seconds
[2026-05-28T08:11:22.103+0000] {processor.py:161} INFO - Started process (PID=3147) to work on /opt/airflow/dags/kaldata_dag.py
[2026-05-28T08:11:22.127+0000] {processor.py:830} INFO - Processing file /opt/airflow/dags/kaldata_dag.py for tasks to queue
[2026-05-28T08:11:22.131+0000] {logging_mixin.py:188} INFO - [2026-05-28T08:11:22.129+0000] {dagbag.py:540} INFO - Filling up the DagBag from /opt/airflow/dags/kaldata_dag.py
[2026-05-28T08:11:22.389+0000] {processor.py:840} INFO - DAG(s) 'kaldata_scraper' retrieved from /opt/airflow/dags/kaldata_dag.py
[2026-05-28T08:11:23.019+0000] {logging_mixin.py:188} INFO - [2026-05-28T08:11:23.018+0000] {dag.py:3047} INFO - Sync 1 DAGs
[2026-05-28T08:11:23.443+0000] {logging_mixin.py:188} INFO - [2026-05-28T08:11:23.442+0000] {dag.py:3834} INFO - Setting next_dagrun for kaldata_scraper to 2026-05-28 00:00:00+00:00, run_after=2026-05-29 00:00:00+00:00
[2026-05-28T08:11:23.730+0000] {processor.py:183} INFO - Processing /opt/airflow/dags/kaldata_dag.py took 1.705 seconds
[2026-05-28T08:11:54.144+0000] {processor.py:161} INFO - Started process (PID=3177) to work on /opt/airflow/dags/kaldata_dag.py
[2026-05-28T08:11:54.148+0000] {processor.py:830} INFO - Processing file /opt/airflow/dags/kaldata_dag.py for tasks to queue
[2026-05-28T08:11:54.151+0000] {logging_mixin.py:188} INFO - [2026-05-28T08:11:54.150+0000] {dagbag.py:540} INFO - Filling up the DagBag from /opt/airflow/dags/kaldata_dag.py
[2026-05-28T08:11:54.196+0000] {processor.py:840} INFO - DAG(s) 'kaldata_scraper' retrieved from /opt/airflow/dags/kaldata_dag.py
[2026-05-28T08:11:54.271+0000] {logging_mixin.py:188} INFO - [2026-05-28T08:11:54.271+0000] {dag.py:3047} INFO - Sync 1 DAGs
[2026-05-28T08:11:54.351+0000] {logging_mixin.py:188} INFO - [2026-05-28T08:11:54.351+0000] {dag.py:3834} INFO - Setting next_dagrun for kaldata_scraper to 2026-05-28 00:00:00+00:00, run_after=2026-05-29 00:00:00+00:00
[2026-05-28T08:11:54.404+0000] {processor.py:183} INFO - Processing /opt/airflow/dags/kaldata_dag.py took 0.271 seconds
[2026-05-28T08:12:27.397+0000] {processor.py:161} INFO - Started process (PID=3207) to work on /opt/airflow/dags/kaldata_dag.py
[2026-05-28T08:12:27.457+0000] {processor.py:830} INFO - Processing file /opt/airflow/dags/kaldata_dag.py for tasks to queue
[2026-05-28T08:12:27.477+0000] {logging_mixin.py:188} INFO - [2026-05-28T08:12:27.474+0000] {dagbag.py:540} INFO - Filling up the DagBag from /opt/airflow/dags/kaldata_dag.py
[2026-05-28T08:12:27.600+0000] {processor.py:840} INFO - DAG(s) 'kaldata_scraper' retrieved from /opt/airflow/dags/kaldata_dag.py
[2026-05-28T08:12:27.781+0000] {logging_mixin.py:188} INFO - [2026-05-28T08:12:27.781+0000] {dag.py:3047} INFO - Sync 1 DAGs
[2026-05-28T08:12:27.988+0000] {logging_mixin.py:188} INFO - [2026-05-28T08:12:27.974+0000] {dag.py:3834} INFO - Setting next_dagrun for kaldata_scraper to 2026-05-28 00:00:00+00:00, run_after=2026-05-29 00:00:00+00:00
[2026-05-28T08:12:28.243+0000] {processor.py:183} INFO - Processing /opt/airflow/dags/kaldata_dag.py took 0.882 seconds
[2026-05-28T08:12:59.304+0000] {processor.py:161} INFO - Started process (PID=3237) to work on /opt/airflow/dags/kaldata_dag.py
[2026-05-28T08:12:59.333+0000] {processor.py:830} INFO - Processing file /opt/airflow/dags/kaldata_dag.py for tasks to queue
[2026-05-28T08:12:59.349+0000] {logging_mixin.py:188} INFO - [2026-05-28T08:12:59.341+0000] {dagbag.py:540} INFO - Filling up the DagBag from /opt/airflow/dags/kaldata_dag.py
[2026-05-28T08:13:00.251+0000] {processor.py:840} INFO - DAG(s) 'kaldata_scraper' retrieved from /opt/airflow/dags/kaldata_dag.py
[2026-05-28T08:13:00.522+0000] {logging_mixin.py:188} INFO - [2026-05-28T08:13:00.522+0000] {dag.py:3047} INFO - Sync 1 DAGs
[2026-05-28T08:13:00.866+0000] {logging_mixin.py:188} INFO - [2026-05-28T08:13:00.865+0000] {dag.py:3834} INFO - Setting next_dagrun for kaldata_scraper to 2026-05-28 00:00:00+00:00, run_after=2026-05-29 00:00:00+00:00
[2026-05-28T08:13:01.043+0000] {processor.py:183} INFO - Processing /opt/airflow/dags/kaldata_dag.py took 1.765 seconds
[2026-05-28T08:13:32.037+0000] {processor.py:161} INFO - Started process (PID=3267) to work on /opt/airflow/dags/kaldata_dag.py
[2026-05-28T08:13:32.041+0000] {processor.py:830} INFO - Processing file /opt/airflow/dags/kaldata_dag.py for tasks to queue
[2026-05-28T08:13:32.045+0000] {logging_mixin.py:188} INFO - [2026-05-28T08:13:32.044+0000] {dagbag.py:540} INFO - Filling up the DagBag from /opt/airflow/dags/kaldata_dag.py
[2026-05-28T08:13:32.102+0000] {processor.py:840} INFO - DAG(s) 'kaldata_scraper' retrieved from /opt/airflow/dags/kaldata_dag.py
[2026-05-28T08:13:32.203+0000] {logging_mixin.py:188} INFO - [2026-05-28T08:13:32.202+0000] {dag.py:3047} INFO - Sync 1 DAGs
[2026-05-28T08:13:32.376+0000] {logging_mixin.py:188} INFO - [2026-05-28T08:13:32.375+0000] {dag.py:3834} INFO - Setting next_dagrun for kaldata_scraper to 2026-05-28 00:00:00+00:00, run_after=2026-05-29 00:00:00+00:00
[2026-05-28T08:13:32.431+0000] {processor.py:183} INFO - Processing /opt/airflow/dags/kaldata_dag.py took 0.411 seconds
[2026-05-28T08:14:04.681+0000] {processor.py:161} INFO - Started process (PID=3295) to work on /opt/airflow/dags/kaldata_dag.py
[2026-05-28T08:14:04.703+0000] {processor.py:830} INFO - Processing file /opt/airflow/dags/kaldata_dag.py for tasks to queue
[2026-05-28T08:14:04.710+0000] {logging_mixin.py:188} INFO - [2026-05-28T08:14:04.709+0000] {dagbag.py:540} INFO - Filling up the DagBag from /opt/airflow/dags/kaldata_dag.py
[2026-05-28T08:14:04.807+0000] {processor.py:840} INFO - DAG(s) 'kaldata_scraper' retrieved from /opt/airflow/dags/kaldata_dag.py
[2026-05-28T08:14:05.050+0000] {logging_mixin.py:188} INFO - [2026-05-28T08:14:05.049+0000] {dag.py:3047} INFO - Sync 1 DAGs
[2026-05-28T08:14:05.264+0000] {logging_mixin.py:188} INFO - [2026-05-28T08:14:05.253+0000] {dag.py:3834} INFO - Setting next_dagrun for kaldata_scraper to 2026-05-28 00:00:00+00:00, run_after=2026-05-29 00:00:00+00:00
[2026-05-28T08:14:05.428+0000] {processor.py:183} INFO - Processing /opt/airflow/dags/kaldata_dag.py took 0.784 seconds
[2026-05-28T08:14:35.930+0000] {processor.py:161} INFO - Started process (PID=3327) to work on /opt/airflow/dags/kaldata_dag.py
[2026-05-28T08:14:35.933+0000] {processor.py:830} INFO - Processing file /opt/airflow/dags/kaldata_dag.py for tasks to queue
[2026-05-28T08:14:35.936+0000] {logging_mixin.py:188} INFO - [2026-05-28T08:14:35.935+0000] {dagbag.py:540} INFO - Filling up the DagBag from /opt/airflow/dags/kaldata_dag.py
[2026-05-28T08:14:35.973+0000] {processor.py:840} INFO - DAG(s) 'kaldata_scraper' retrieved from /opt/airflow/dags/kaldata_dag.py
[2026-05-28T08:14:36.055+0000] {logging_mixin.py:188} INFO - [2026-05-28T08:14:36.054+0000] {dag.py:3047} INFO - Sync 1 DAGs
[2026-05-28T08:14:36.117+0000] {logging_mixin.py:188} INFO - [2026-05-28T08:14:36.116+0000] {dag.py:3834} INFO - Setting next_dagrun for kaldata_scraper to 2026-05-28 00:00:00+00:00, run_after=2026-05-29 00:00:00+00:00
[2026-05-28T08:14:36.219+0000] {processor.py:183} INFO - Processing /opt/airflow/dags/kaldata_dag.py took 0.299 seconds
[2026-05-28T08:15:12.504+0000] {processor.py:161} INFO - Started process (PID=3357) to work on /opt/airflow/dags/kaldata_dag.py
[2026-05-28T08:15:12.531+0000] {processor.py:830} INFO - Processing file /opt/airflow/dags/kaldata_dag.py for tasks to queue
[2026-05-28T08:15:12.535+0000] {logging_mixin.py:188} INFO - [2026-05-28T08:15:12.534+0000] {dagbag.py:540} INFO - Filling up the DagBag from /opt/airflow/dags/kaldata_dag.py
[2026-05-28T08:15:12.857+0000] {processor.py:840} INFO - DAG(s) 'kaldata_scraper' retrieved from /opt/airflow/dags/kaldata_dag.py
[2026-05-28T08:15:13.092+0000] {logging_mixin.py:188} INFO - [2026-05-28T08:15:13.091+0000] {dag.py:3047} INFO - Sync 1 DAGs
[2026-05-28T08:15:13.227+0000] {logging_mixin.py:188} INFO - [2026-05-28T08:15:13.220+0000] {dag.py:3834} INFO - Setting next_dagrun for kaldata_scraper to 2026-05-28 00:00:00+00:00, run_after=2026-05-29 00:00:00+00:00
[2026-05-28T08:15:13.404+0000] {processor.py:183} INFO - Processing /opt/airflow/dags/kaldata_dag.py took 0.920 seconds
[2026-05-28T08:15:44.039+0000] {processor.py:161} INFO - Started process (PID=3387) to work on /opt/airflow/dags/kaldata_dag.py
[2026-05-28T08:15:44.042+0000] {processor.py:830} INFO - Processing file /opt/airflow/dags/kaldata_dag.py for tasks to queue
[2026-05-28T08:15:44.048+0000] {logging_mixin.py:188} INFO - [2026-05-28T08:15:44.047+0000] {dagbag.py:540} INFO - Filling up the DagBag from /opt/airflow/dags/kaldata_dag.py
[2026-05-28T08:15:44.113+0000] {processor.py:840} INFO - DAG(s) 'kaldata_scraper' retrieved from /opt/airflow/dags/kaldata_dag.py
[2026-05-28T08:15:44.203+0000] {logging_mixin.py:188} INFO - [2026-05-28T08:15:44.203+0000] {dag.py:3047} INFO - Sync 1 DAGs
[2026-05-28T08:15:44.267+0000] {logging_mixin.py:188} INFO - [2026-05-28T08:15:44.266+0000] {dag.py:3834} INFO - Setting next_dagrun for kaldata_scraper to 2026-05-28 00:00:00+00:00, run_after=2026-05-29 00:00:00+00:00
[2026-05-28T08:15:44.330+0000] {processor.py:183} INFO - Processing /opt/airflow/dags/kaldata_dag.py took 0.303 seconds
[2026-05-28T08:16:14.869+0000] {processor.py:161} INFO - Started process (PID=3415) to work on /opt/airflow/dags/kaldata_dag.py
[2026-05-28T08:16:14.882+0000] {processor.py:830} INFO - Processing file /opt/airflow/dags/kaldata_dag.py for tasks to queue
[2026-05-28T08:16:14.906+0000] {logging_mixin.py:188} INFO - [2026-05-28T08:16:14.905+0000] {dagbag.py:540} INFO - Filling up the DagBag from /opt/airflow/dags/kaldata_dag.py
[2026-05-28T08:16:15.084+0000] {processor.py:840} INFO - DAG(s) 'kaldata_scraper' retrieved from /opt/airflow/dags/kaldata_dag.py
[2026-05-28T08:16:15.211+0000] {logging_mixin.py:188} INFO - [2026-05-28T08:16:15.211+0000] {dag.py:3047} INFO - Sync 1 DAGs
[2026-05-28T08:16:15.293+0000] {logging_mixin.py:188} INFO - [2026-05-28T08:16:15.292+0000] {dag.py:3834} INFO - Setting next_dagrun for kaldata_scraper to 2026-05-28 00:00:00+00:00, run_after=2026-05-29 00:00:00+00:00
[2026-05-28T08:16:15.443+0000] {processor.py:183} INFO - Processing /opt/airflow/dags/kaldata_dag.py took 0.591 seconds
[2026-05-28T08:16:46.742+0000] {processor.py:161} INFO - Started process (PID=3447) to work on /opt/airflow/dags/kaldata_dag.py
[2026-05-28T08:16:46.755+0000] {processor.py:830} INFO - Processing file /opt/airflow/dags/kaldata_dag.py for tasks to queue
[2026-05-28T08:16:46.762+0000] {logging_mixin.py:188} INFO - [2026-05-28T08:16:46.761+0000] {dagbag.py:540} INFO - Filling up the DagBag from /opt/airflow/dags/kaldata_dag.py
[2026-05-28T08:16:46.852+0000] {processor.py:840} INFO - DAG(s) 'kaldata_scraper' retrieved from /opt/airflow/dags/kaldata_dag.py
[2026-05-28T08:16:47.115+0000] {logging_mixin.py:188} INFO - [2026-05-28T08:16:47.114+0000] {dag.py:3047} INFO - Sync 1 DAGs
[2026-05-28T08:16:47.414+0000] {logging_mixin.py:188} INFO - [2026-05-28T08:16:47.413+0000] {dag.py:3834} INFO - Setting next_dagrun for kaldata_scraper to 2026-05-28 00:00:00+00:00, run_after=2026-05-29 00:00:00+00:00
[2026-05-28T08:16:47.589+0000] {processor.py:183} INFO - Processing /opt/airflow/dags/kaldata_dag.py took 0.871 seconds
[2026-05-28T08:17:19.392+0000] {processor.py:161} INFO - Started process (PID=3477) to work on /opt/airflow/dags/kaldata_dag.py
[2026-05-28T08:17:19.397+0000] {processor.py:830} INFO - Processing file /opt/airflow/dags/kaldata_dag.py for tasks to queue
[2026-05-28T08:17:19.413+0000] {logging_mixin.py:188} INFO - [2026-05-28T08:17:19.412+0000] {dagbag.py:540} INFO - Filling up the DagBag from /opt/airflow/dags/kaldata_dag.py
[2026-05-28T08:17:19.948+0000] {processor.py:840} INFO - DAG(s) 'kaldata_scraper' retrieved from /opt/airflow/dags/kaldata_dag.py
[2026-05-28T08:17:20.160+0000] {logging_mixin.py:188} INFO - [2026-05-28T08:17:20.159+0000] {dag.py:3047} INFO - Sync 1 DAGs
[2026-05-28T08:17:20.352+0000] {logging_mixin.py:188} INFO - [2026-05-28T08:17:20.351+0000] {dag.py:3834} INFO - Setting next_dagrun for kaldata_scraper to 2026-05-28 00:00:00+00:00, run_after=2026-05-29 00:00:00+00:00
[2026-05-28T08:17:20.593+0000] {processor.py:183} INFO - Processing /opt/airflow/dags/kaldata_dag.py took 1.218 seconds
[2026-05-28T08:17:51.509+0000] {processor.py:161} INFO - Started process (PID=3507) to work on /opt/airflow/dags/kaldata_dag.py
[2026-05-28T08:17:51.513+0000] {processor.py:830} INFO - Processing file /opt/airflow/dags/kaldata_dag.py for tasks to queue
[2026-05-28T08:17:51.516+0000] {logging_mixin.py:188} INFO - [2026-05-28T08:17:51.515+0000] {dagbag.py:540} INFO - Filling up the DagBag from /opt/airflow/dags/kaldata_dag.py
[2026-05-28T08:17:51.559+0000] {processor.py:840} INFO - DAG(s) 'kaldata_scraper' retrieved from /opt/airflow/dags/kaldata_dag.py
[2026-05-28T08:17:51.654+0000] {logging_mixin.py:188} INFO - [2026-05-28T08:17:51.653+0000] {dag.py:3047} INFO - Sync 1 DAGs
[2026-05-28T08:17:51.739+0000] {logging_mixin.py:188} INFO - [2026-05-28T08:17:51.738+0000] {dag.py:3834} INFO - Setting next_dagrun for kaldata_scraper to 2026-05-28 00:00:00+00:00, run_after=2026-05-29 00:00:00+00:00
[2026-05-28T08:17:51.793+0000] {processor.py:183} INFO - Processing /opt/airflow/dags/kaldata_dag.py took 0.294 seconds
[2026-05-28T08:18:22.810+0000] {processor.py:161} INFO - Started process (PID=3537) to work on /opt/airflow/dags/kaldata_dag.py
[2026-05-28T08:18:22.813+0000] {processor.py:830} INFO - Processing file /opt/airflow/dags/kaldata_dag.py for tasks to queue
[2026-05-28T08:18:22.816+0000] {logging_mixin.py:188} INFO - [2026-05-28T08:18:22.815+0000] {dagbag.py:540} INFO - Filling up the DagBag from /opt/airflow/dags/kaldata_dag.py
[2026-05-28T08:18:22.884+0000] {processor.py:840} INFO - DAG(s) 'kaldata_scraper' retrieved from /opt/airflow/dags/kaldata_dag.py
[2026-05-28T08:18:22.955+0000] {logging_mixin.py:188} INFO - [2026-05-28T08:18:22.955+0000] {dag.py:3047} INFO - Sync 1 DAGs
[2026-05-28T08:18:23.038+0000] {logging_mixin.py:188} INFO - [2026-05-28T08:18:23.037+0000] {dag.py:3834} INFO - Setting next_dagrun for kaldata_scraper to 2026-05-28 00:00:00+00:00, run_after=2026-05-29 00:00:00+00:00
[2026-05-28T08:18:23.089+0000] {processor.py:183} INFO - Processing /opt/airflow/dags/kaldata_dag.py took 0.291 seconds
[2026-05-28T08:18:53.756+0000] {processor.py:161} INFO - Started process (PID=3567) to work on /opt/airflow/dags/kaldata_dag.py
[2026-05-28T08:18:53.762+0000] {processor.py:830} INFO - Processing file /opt/airflow/dags/kaldata_dag.py for tasks to queue
[2026-05-28T08:18:53.766+0000] {logging_mixin.py:188} INFO - [2026-05-28T08:18:53.765+0000] {dagbag.py:540} INFO - Filling up the DagBag from /opt/airflow/dags/kaldata_dag.py
[2026-05-28T08:18:53.811+0000] {processor.py:840} INFO - DAG(s) 'kaldata_scraper' retrieved from /opt/airflow/dags/kaldata_dag.py
[2026-05-28T08:18:53.900+0000] {logging_mixin.py:188} INFO - [2026-05-28T08:18:53.900+0000] {dag.py:3047} INFO - Sync 1 DAGs
[2026-05-28T08:18:53.976+0000] {logging_mixin.py:188} INFO - [2026-05-28T08:18:53.976+0000] {dag.py:3834} INFO - Setting next_dagrun for kaldata_scraper to 2026-05-28 00:00:00+00:00, run_after=2026-05-29 00:00:00+00:00
[2026-05-28T08:18:54.030+0000] {processor.py:183} INFO - Processing /opt/airflow/dags/kaldata_dag.py took 0.285 seconds
[2026-05-28T08:19:33.337+0000] {processor.py:161} INFO - Started process (PID=3597) to work on /opt/airflow/dags/kaldata_dag.py
[2026-05-28T08:19:33.386+0000] {processor.py:830} INFO - Processing file /opt/airflow/dags/kaldata_dag.py for tasks to queue
[2026-05-28T08:19:33.451+0000] {logging_mixin.py:188} INFO - [2026-05-28T08:19:33.450+0000] {dagbag.py:540} INFO - Filling up the DagBag from /opt/airflow/dags/kaldata_dag.py
[2026-05-28T08:19:35.154+0000] {processor.py:840} INFO - DAG(s) 'kaldata_scraper' retrieved from /opt/airflow/dags/kaldata_dag.py
[2026-05-28T08:19:35.405+0000] {logging_mixin.py:188} INFO - [2026-05-28T08:19:35.403+0000] {dag.py:3047} INFO - Sync 1 DAGs
[2026-05-28T08:19:35.617+0000] {logging_mixin.py:188} INFO - [2026-05-28T08:19:35.616+0000] {dag.py:3834} INFO - Setting next_dagrun for kaldata_scraper to 2026-05-28 00:00:00+00:00, run_after=2026-05-29 00:00:00+00:00
[2026-05-28T08:19:35.919+0000] {processor.py:183} INFO - Processing /opt/airflow/dags/kaldata_dag.py took 2.592 seconds
[2026-05-28T08:20:11.483+0000] {processor.py:161} INFO - Started process (PID=3627) to work on /opt/airflow/dags/kaldata_dag.py
[2026-05-28T08:20:11.506+0000] {processor.py:830} INFO - Processing file /opt/airflow/dags/kaldata_dag.py for tasks to queue
[2026-05-28T08:20:11.520+0000] {logging_mixin.py:188} INFO - [2026-05-28T08:20:11.519+0000] {dagbag.py:540} INFO - Filling up the DagBag from /opt/airflow/dags/kaldata_dag.py
[2026-05-28T08:20:12.636+0000] {processor.py:840} INFO - DAG(s) 'kaldata_scraper' retrieved from /opt/airflow/dags/kaldata_dag.py
[2026-05-28T08:20:12.914+0000] {logging_mixin.py:188} INFO - [2026-05-28T08:20:12.913+0000] {dag.py:3047} INFO - Sync 1 DAGs
[2026-05-28T08:20:13.122+0000] {logging_mixin.py:188} INFO - [2026-05-28T08:20:13.122+0000] {dag.py:3834} INFO - Setting next_dagrun for kaldata_scraper to 2026-05-28 00:00:00+00:00, run_after=2026-05-29 00:00:00+00:00
[2026-05-28T08:20:15.579+0000] {processor.py:183} INFO - Processing /opt/airflow/dags/kaldata_dag.py took 4.106 seconds
[2026-05-28T08:20:46.491+0000] {processor.py:161} INFO - Started process (PID=3657) to work on /opt/airflow/dags/kaldata_dag.py
[2026-05-28T08:20:46.494+0000] {processor.py:830} INFO - Processing file /opt/airflow/dags/kaldata_dag.py for tasks to queue
[2026-05-28T08:20:46.497+0000] {logging_mixin.py:188} INFO - [2026-05-28T08:20:46.496+0000] {dagbag.py:540} INFO - Filling up the DagBag from /opt/airflow/dags/kaldata_dag.py
[2026-05-28T08:20:46.638+0000] {processor.py:840} INFO - DAG(s) 'kaldata_scraper' retrieved from /opt/airflow/dags/kaldata_dag.py
[2026-05-28T08:20:46.914+0000] {logging_mixin.py:188} INFO - [2026-05-28T08:20:46.914+0000] {dag.py:3047} INFO - Sync 1 DAGs
[2026-05-28T08:20:47.124+0000] {logging_mixin.py:188} INFO - [2026-05-28T08:20:47.123+0000] {dag.py:3834} INFO - Setting next_dagrun for kaldata_scraper to 2026-05-28 00:00:00+00:00, run_after=2026-05-29 00:00:00+00:00
[2026-05-28T08:20:47.255+0000] {processor.py:183} INFO - Processing /opt/airflow/dags/kaldata_dag.py took 0.775 seconds
[2026-05-28T08:21:17.830+0000] {processor.py:161} INFO - Started process (PID=3687) to work on /opt/airflow/dags/kaldata_dag.py
[2026-05-28T08:21:17.865+0000] {processor.py:830} INFO - Processing file /opt/airflow/dags/kaldata_dag.py for tasks to queue
[2026-05-28T08:21:17.882+0000] {logging_mixin.py:188} INFO - [2026-05-28T08:21:17.881+0000] {dagbag.py:540} INFO - Filling up the DagBag from /opt/airflow/dags/kaldata_dag.py
[2026-05-28T08:21:18.234+0000] {processor.py:840} INFO - DAG(s) 'kaldata_scraper' retrieved from /opt/airflow/dags/kaldata_dag.py
[2026-05-28T08:21:18.489+0000] {logging_mixin.py:188} INFO - [2026-05-28T08:21:18.479+0000] {dag.py:3047} INFO - Sync 1 DAGs
[2026-05-28T08:21:18.737+0000] {logging_mixin.py:188} INFO - [2026-05-28T08:21:18.736+0000] {dag.py:3834} INFO - Setting next_dagrun for kaldata_scraper to 2026-05-28 00:00:00+00:00, run_after=2026-05-29 00:00:00+00:00
[2026-05-28T08:21:18.890+0000] {processor.py:183} INFO - Processing /opt/airflow/dags/kaldata_dag.py took 1.082 seconds
[2026-05-28T08:21:49.656+0000] {processor.py:161} INFO - Started process (PID=3717) to work on /opt/airflow/dags/kaldata_dag.py
[2026-05-28T08:21:49.659+0000] {processor.py:830} INFO - Processing file /opt/airflow/dags/kaldata_dag.py for tasks to queue
[2026-05-28T08:21:49.663+0000] {logging_mixin.py:188} INFO - [2026-05-28T08:21:49.661+0000] {dagbag.py:540} INFO - Filling up the DagBag from /opt/airflow/dags/kaldata_dag.py
[2026-05-28T08:21:49.708+0000] {processor.py:840} INFO - DAG(s) 'kaldata_scraper' retrieved from /opt/airflow/dags/kaldata_dag.py
[2026-05-28T08:21:49.808+0000] {logging_mixin.py:188} INFO - [2026-05-28T08:21:49.807+0000] {dag.py:3047} INFO - Sync 1 DAGs
[2026-05-28T08:21:49.880+0000] {logging_mixin.py:188} INFO - [2026-05-28T08:21:49.880+0000] {dag.py:3834} INFO - Setting next_dagrun for kaldata_scraper to 2026-05-28 00:00:00+00:00, run_after=2026-05-29 00:00:00+00:00
[2026-05-28T08:21:50.015+0000] {processor.py:183} INFO - Processing /opt/airflow/dags/kaldata_dag.py took 0.372 seconds
[2026-05-28T08:22:20.600+0000] {processor.py:161} INFO - Started process (PID=3747) to work on /opt/airflow/dags/kaldata_dag.py
[2026-05-28T08:22:20.613+0000] {processor.py:830} INFO - Processing file /opt/airflow/dags/kaldata_dag.py for tasks to queue
[2026-05-28T08:22:20.625+0000] {logging_mixin.py:188} INFO - [2026-05-28T08:22:20.624+0000] {dagbag.py:540} INFO - Filling up the DagBag from /opt/airflow/dags/kaldata_dag.py
[2026-05-28T08:22:20.689+0000] {processor.py:840} INFO - DAG(s) 'kaldata_scraper' retrieved from /opt/airflow/dags/kaldata_dag.py
[2026-05-28T08:22:20.780+0000] {logging_mixin.py:188} INFO - [2026-05-28T08:22:20.780+0000] {dag.py:3047} INFO - Sync 1 DAGs
[2026-05-28T08:22:20.859+0000] {logging_mixin.py:188} INFO - [2026-05-28T08:22:20.858+0000] {dag.py:3834} INFO - Setting next_dagrun for kaldata_scraper to 2026-05-28 00:00:00+00:00, run_after=2026-05-29 00:00:00+00:00
[2026-05-28T08:22:20.941+0000] {processor.py:183} INFO - Processing /opt/airflow/dags/kaldata_dag.py took 0.360 seconds
[2026-05-28T08:22:52.821+0000] {processor.py:161} INFO - Started process (PID=3777) to work on /opt/airflow/dags/kaldata_dag.py
[2026-05-28T08:22:52.842+0000] {processor.py:830} INFO - Processing file /opt/airflow/dags/kaldata_dag.py for tasks to queue
[2026-05-28T08:22:52.849+0000] {logging_mixin.py:188} INFO - [2026-05-28T08:22:52.848+0000] {dagbag.py:540} INFO - Filling up the DagBag from /opt/airflow/dags/kaldata_dag.py
[2026-05-28T08:22:53.870+0000] {processor.py:840} INFO - DAG(s) 'kaldata_scraper' retrieved from /opt/airflow/dags/kaldata_dag.py
[2026-05-28T08:22:54.077+0000] {logging_mixin.py:188} INFO - [2026-05-28T08:22:54.077+0000] {dag.py:3047} INFO - Sync 1 DAGs
[2026-05-28T08:22:54.266+0000] {logging_mixin.py:188} INFO - [2026-05-28T08:22:54.265+0000] {dag.py:3834} INFO - Setting next_dagrun for kaldata_scraper to 2026-05-28 00:00:00+00:00, run_after=2026-05-29 00:00:00+00:00
[2026-05-28T08:22:54.410+0000] {processor.py:183} INFO - Processing /opt/airflow/dags/kaldata_dag.py took 1.601 seconds
[2026-05-28T08:23:27.725+0000] {processor.py:161} INFO - Started process (PID=3807) to work on /opt/airflow/dags/kaldata_dag.py
[2026-05-28T08:23:27.749+0000] {processor.py:830} INFO - Processing file /opt/airflow/dags/kaldata_dag.py for tasks to queue
[2026-05-28T08:23:27.793+0000] {logging_mixin.py:188} INFO - [2026-05-28T08:23:27.791+0000] {dagbag.py:540} INFO - Filling up the DagBag from /opt/airflow/dags/kaldata_dag.py
[2026-05-28T08:23:27.937+0000] {processor.py:840} INFO - DAG(s) 'kaldata_scraper' retrieved from /opt/airflow/dags/kaldata_dag.py
[2026-05-28T08:23:28.116+0000] {logging_mixin.py:188} INFO - [2026-05-28T08:23:28.115+0000] {dag.py:3047} INFO - Sync 1 DAGs
[2026-05-28T08:23:28.283+0000] {logging_mixin.py:188} INFO - [2026-05-28T08:23:28.282+0000] {dag.py:3834} INFO - Setting next_dagrun for kaldata_scraper to 2026-05-28 00:00:00+00:00, run_after=2026-05-29 00:00:00+00:00
[2026-05-28T08:23:28.455+0000] {processor.py:183} INFO - Processing /opt/airflow/dags/kaldata_dag.py took 0.759 seconds
[2026-05-28T08:23:59.450+0000] {processor.py:161} INFO - Started process (PID=3837) to work on /opt/airflow/dags/kaldata_dag.py
[2026-05-28T08:23:59.454+0000] {processor.py:830} INFO - Processing file /opt/airflow/dags/kaldata_dag.py for tasks to queue
[2026-05-28T08:23:59.457+0000] {logging_mixin.py:188} INFO - [2026-05-28T08:23:59.456+0000] {dagbag.py:540} INFO - Filling up the DagBag from /opt/airflow/dags/kaldata_dag.py
[2026-05-28T08:23:59.496+0000] {processor.py:840} INFO - DAG(s) 'kaldata_scraper' retrieved from /opt/airflow/dags/kaldata_dag.py
[2026-05-28T08:23:59.568+0000] {logging_mixin.py:188} INFO - [2026-05-28T08:23:59.567+0000] {dag.py:3047} INFO - Sync 1 DAGs
[2026-05-28T08:23:59.629+0000] {logging_mixin.py:188} INFO - [2026-05-28T08:23:59.628+0000] {dag.py:3834} INFO - Setting next_dagrun for kaldata_scraper to 2026-05-28 00:00:00+00:00, run_after=2026-05-29 00:00:00+00:00
[2026-05-28T08:23:59.706+0000] {processor.py:183} INFO - Processing /opt/airflow/dags/kaldata_dag.py took 0.265 seconds
[2026-05-28T08:24:30.413+0000] {processor.py:161} INFO - Started process (PID=3867) to work on /opt/airflow/dags/kaldata_dag.py
[2026-05-28T08:24:30.416+0000] {processor.py:830} INFO - Processing file /opt/airflow/dags/kaldata_dag.py for tasks to queue
[2026-05-28T08:24:30.419+0000] {logging_mixin.py:188} INFO - [2026-05-28T08:24:30.418+0000] {dagbag.py:540} INFO - Filling up the DagBag from /opt/airflow/dags/kaldata_dag.py
[2026-05-28T08:24:30.456+0000] {processor.py:840} INFO - DAG(s) 'kaldata_scraper' retrieved from /opt/airflow/dags/kaldata_dag.py
[2026-05-28T08:24:30.528+0000] {logging_mixin.py:188} INFO - [2026-05-28T08:24:30.528+0000] {dag.py:3047} INFO - Sync 1 DAGs
[2026-05-28T08:24:30.589+0000] {logging_mixin.py:188} INFO - [2026-05-28T08:24:30.588+0000] {dag.py:3834} INFO - Setting next_dagrun for kaldata_scraper to 2026-05-28 00:00:00+00:00, run_after=2026-05-29 00:00:00+00:00
[2026-05-28T08:24:30.647+0000] {processor.py:183} INFO - Processing /opt/airflow/dags/kaldata_dag.py took 0.244 seconds
[2026-05-28T08:25:01.884+0000] {processor.py:161} INFO - Started process (PID=3897) to work on /opt/airflow/dags/kaldata_dag.py
[2026-05-28T08:25:01.898+0000] {processor.py:830} INFO - Processing file /opt/airflow/dags/kaldata_dag.py for tasks to queue
[2026-05-28T08:25:01.919+0000] {logging_mixin.py:188} INFO - [2026-05-28T08:25:01.918+0000] {dagbag.py:540} INFO - Filling up the DagBag from /opt/airflow/dags/kaldata_dag.py
[2026-05-28T08:25:01.971+0000] {processor.py:840} INFO - DAG(s) 'kaldata_scraper' retrieved from /opt/airflow/dags/kaldata_dag.py
[2026-05-28T08:25:02.070+0000] {logging_mixin.py:188} INFO - [2026-05-28T08:25:02.070+0000] {dag.py:3047} INFO - Sync 1 DAGs
[2026-05-28T08:25:02.161+0000] {logging_mixin.py:188} INFO - [2026-05-28T08:25:02.160+0000] {dag.py:3834} INFO - Setting next_dagrun for kaldata_scraper to 2026-05-28 00:00:00+00:00, run_after=2026-05-29 00:00:00+00:00
[2026-05-28T08:25:02.261+0000] {processor.py:183} INFO - Processing /opt/airflow/dags/kaldata_dag.py took 0.386 seconds
[2026-05-28T08:25:32.641+0000] {processor.py:161} INFO - Started process (PID=3927) to work on /opt/airflow/dags/kaldata_dag.py
[2026-05-28T08:25:32.644+0000] {processor.py:830} INFO - Processing file /opt/airflow/dags/kaldata_dag.py for tasks to queue
[2026-05-28T08:25:32.647+0000] {logging_mixin.py:188} INFO - [2026-05-28T08:25:32.646+0000] {dagbag.py:540} INFO - Filling up the DagBag from /opt/airflow/dags/kaldata_dag.py
[2026-05-28T08:25:32.687+0000] {processor.py:840} INFO - DAG(s) 'kaldata_scraper' retrieved from /opt/airflow/dags/kaldata_dag.py
[2026-05-28T08:25:32.783+0000] {logging_mixin.py:188} INFO - [2026-05-28T08:25:32.782+0000] {dag.py:3047} INFO - Sync 1 DAGs
[2026-05-28T08:25:32.843+0000] {logging_mixin.py:188} INFO - [2026-05-28T08:25:32.842+0000] {dag.py:3834} INFO - Setting next_dagrun for kaldata_scraper to 2026-05-28 00:00:00+00:00, run_after=2026-05-29 00:00:00+00:00
[2026-05-28T08:25:32.899+0000] {processor.py:183} INFO - Processing /opt/airflow/dags/kaldata_dag.py took 0.269 seconds
[2026-05-28T08:26:04.211+0000] {processor.py:161} INFO - Started process (PID=3957) to work on /opt/airflow/dags/kaldata_dag.py
[2026-05-28T08:26:04.214+0000] {processor.py:830} INFO - Processing file /opt/airflow/dags/kaldata_dag.py for tasks to queue
[2026-05-28T08:26:04.217+0000] {logging_mixin.py:188} INFO - [2026-05-28T08:26:04.216+0000] {dagbag.py:540} INFO - Filling up the DagBag from /opt/airflow/dags/kaldata_dag.py
[2026-05-28T08:26:04.256+0000] {processor.py:840} INFO - DAG(s) 'kaldata_scraper' retrieved from /opt/airflow/dags/kaldata_dag.py
[2026-05-28T08:26:04.337+0000] {logging_mixin.py:188} INFO - [2026-05-28T08:26:04.337+0000] {dag.py:3047} INFO - Sync 1 DAGs
[2026-05-28T08:26:04.412+0000] {logging_mixin.py:188} INFO - [2026-05-28T08:26:04.412+0000] {dag.py:3834} INFO - Setting next_dagrun for kaldata_scraper to 2026-05-28 00:00:00+00:00, run_after=2026-05-29 00:00:00+00:00
[2026-05-28T08:26:04.492+0000] {processor.py:183} INFO - Processing /opt/airflow/dags/kaldata_dag.py took 0.290 seconds
[2026-05-28T08:26:35.361+0000] {processor.py:161} INFO - Started process (PID=3987) to work on /opt/airflow/dags/kaldata_dag.py
[2026-05-28T08:26:35.384+0000] {processor.py:830} INFO - Processing file /opt/airflow/dags/kaldata_dag.py for tasks to queue
[2026-05-28T08:26:35.412+0000] {logging_mixin.py:188} INFO - [2026-05-28T08:26:35.411+0000] {dagbag.py:540} INFO - Filling up the DagBag from /opt/airflow/dags/kaldata_dag.py
[2026-05-28T08:26:36.295+0000] {processor.py:840} INFO - DAG(s) 'kaldata_scraper' retrieved from /opt/airflow/dags/kaldata_dag.py
[2026-05-28T08:26:36.572+0000] {logging_mixin.py:188} INFO - [2026-05-28T08:26:36.571+0000] {dag.py:3047} INFO - Sync 1 DAGs
[2026-05-28T08:26:36.799+0000] {logging_mixin.py:188} INFO - [2026-05-28T08:26:36.799+0000] {dag.py:3834} INFO - Setting next_dagrun for kaldata_scraper to 2026-05-28 00:00:00+00:00, run_after=2026-05-29 00:00:00+00:00
[2026-05-28T08:26:37.072+0000] {processor.py:183} INFO - Processing /opt/airflow/dags/kaldata_dag.py took 1.733 seconds
[2026-05-28T08:27:07.846+0000] {processor.py:161} INFO - Started process (PID=4017) to work on /opt/airflow/dags/kaldata_dag.py
[2026-05-28T08:27:07.859+0000] {processor.py:830} INFO - Processing file /opt/airflow/dags/kaldata_dag.py for tasks to queue
[2026-05-28T08:27:07.865+0000] {logging_mixin.py:188} INFO - [2026-05-28T08:27:07.864+0000] {dagbag.py:540} INFO - Filling up the DagBag from /opt/airflow/dags/kaldata_dag.py
[2026-05-28T08:27:08.882+0000] {processor.py:840} INFO - DAG(s) 'kaldata_scraper' retrieved from /opt/airflow/dags/kaldata_dag.py
[2026-05-28T08:27:09.035+0000] {logging_mixin.py:188} INFO - [2026-05-28T08:27:09.034+0000] {dag.py:3047} INFO - Sync 1 DAGs
[2026-05-28T08:27:09.152+0000] {logging_mixin.py:188} INFO - [2026-05-28T08:27:09.151+0000] {dag.py:3834} INFO - Setting next_dagrun for kaldata_scraper to 2026-05-28 00:00:00+00:00, run_after=2026-05-29 00:00:00+00:00
[2026-05-28T08:27:09.246+0000] {processor.py:183} INFO - Processing /opt/airflow/dags/kaldata_dag.py took 1.418 seconds
[2026-05-28T08:27:41.588+0000] {processor.py:161} INFO - Started process (PID=4047) to work on /opt/airflow/dags/kaldata_dag.py
[2026-05-28T08:27:41.614+0000] {processor.py:830} INFO - Processing file /opt/airflow/dags/kaldata_dag.py for tasks to queue
[2026-05-28T08:27:41.620+0000] {logging_mixin.py:188} INFO - [2026-05-28T08:27:41.619+0000] {dagbag.py:540} INFO - Filling up the DagBag from /opt/airflow/dags/kaldata_dag.py
[2026-05-28T08:27:41.724+0000] {processor.py:840} INFO - DAG(s) 'kaldata_scraper' retrieved from /opt/airflow/dags/kaldata_dag.py
[2026-05-28T08:27:41.869+0000] {logging_mixin.py:188} INFO - [2026-05-28T08:27:41.868+0000] {dag.py:3047} INFO - Sync 1 DAGs
[2026-05-28T08:27:41.958+0000] {logging_mixin.py:188} INFO - [2026-05-28T08:27:41.957+0000] {dag.py:3834} INFO - Setting next_dagrun for kaldata_scraper to 2026-05-28 00:00:00+00:00, run_after=2026-05-29 00:00:00+00:00
[2026-05-28T08:27:42.036+0000] {processor.py:183} INFO - Processing /opt/airflow/dags/kaldata_dag.py took 0.458 seconds
[2026-05-28T08:28:12.740+0000] {processor.py:161} INFO - Started process (PID=4077) to work on /opt/airflow/dags/kaldata_dag.py
[2026-05-28T08:28:12.743+0000] {processor.py:830} INFO - Processing file /opt/airflow/dags/kaldata_dag.py for tasks to queue
[2026-05-28T08:28:12.747+0000] {logging_mixin.py:188} INFO - [2026-05-28T08:28:12.746+0000] {dagbag.py:540} INFO - Filling up the DagBag from /opt/airflow/dags/kaldata_dag.py
[2026-05-28T08:28:12.802+0000] {processor.py:840} INFO - DAG(s) 'kaldata_scraper' retrieved from /opt/airflow/dags/kaldata_dag.py
[2026-05-28T08:28:12.882+0000] {logging_mixin.py:188} INFO - [2026-05-28T08:28:12.881+0000] {dag.py:3047} INFO - Sync 1 DAGs
[2026-05-28T08:28:12.950+0000] {logging_mixin.py:188} INFO - [2026-05-28T08:28:12.949+0000] {dag.py:3834} INFO - Setting next_dagrun for kaldata_scraper to 2026-05-28 00:00:00+00:00, run_after=2026-05-29 00:00:00+00:00
[2026-05-28T08:28:13.125+0000] {processor.py:183} INFO - Processing /opt/airflow/dags/kaldata_dag.py took 0.386 seconds
[2026-05-28T08:28:44.287+0000] {processor.py:161} INFO - Started process (PID=4107) to work on /opt/airflow/dags/kaldata_dag.py
[2026-05-28T08:28:44.299+0000] {processor.py:830} INFO - Processing file /opt/airflow/dags/kaldata_dag.py for tasks to queue
[2026-05-28T08:28:44.303+0000] {logging_mixin.py:188} INFO - [2026-05-28T08:28:44.302+0000] {dagbag.py:540} INFO - Filling up the DagBag from /opt/airflow/dags/kaldata_dag.py
[2026-05-28T08:28:44.379+0000] {processor.py:840} INFO - DAG(s) 'kaldata_scraper' retrieved from /opt/airflow/dags/kaldata_dag.py
[2026-05-28T08:28:44.450+0000] {logging_mixin.py:188} INFO - [2026-05-28T08:28:44.450+0000] {dag.py:3047} INFO - Sync 1 DAGs
[2026-05-28T08:28:44.514+0000] {logging_mixin.py:188} INFO - [2026-05-28T08:28:44.514+0000] {dag.py:3834} INFO - Setting next_dagrun for kaldata_scraper to 2026-05-28 00:00:00+00:00, run_after=2026-05-29 00:00:00+00:00
[2026-05-28T08:28:44.564+0000] {processor.py:183} INFO - Processing /opt/airflow/dags/kaldata_dag.py took 0.294 seconds
[2026-05-28T08:29:28.271+0000] {processor.py:161} INFO - Started process (PID=4137) to work on /opt/airflow/dags/kaldata_dag.py
[2026-05-28T08:29:28.365+0000] {processor.py:830} INFO - Processing file /opt/airflow/dags/kaldata_dag.py for tasks to queue
[2026-05-28T08:29:28.397+0000] {logging_mixin.py:188} INFO - [2026-05-28T08:29:28.387+0000] {dagbag.py:540} INFO - Filling up the DagBag from /opt/airflow/dags/kaldata_dag.py
[2026-05-28T08:29:34.503+0000] {processor.py:840} INFO - DAG(s) 'kaldata_scraper' retrieved from /opt/airflow/dags/kaldata_dag.py
[2026-05-28T08:29:34.816+0000] {logging_mixin.py:188} INFO - [2026-05-28T08:29:34.815+0000] {dag.py:3047} INFO - Sync 1 DAGs
[2026-05-28T08:29:35.526+0000] {logging_mixin.py:188} INFO - [2026-05-28T08:29:35.525+0000] {dag.py:3834} INFO - Setting next_dagrun for kaldata_scraper to 2026-05-28 00:00:00+00:00, run_after=2026-05-29 00:00:00+00:00
[2026-05-28T08:29:36.210+0000] {processor.py:183} INFO - Processing /opt/airflow/dags/kaldata_dag.py took 7.991 seconds
[2026-05-28T08:30:12.794+0000] {processor.py:161} INFO - Started process (PID=4165) to work on /opt/airflow/dags/kaldata_dag.py
[2026-05-28T08:30:12.813+0000] {processor.py:830} INFO - Processing file /opt/airflow/dags/kaldata_dag.py for tasks to queue
[2026-05-28T08:30:12.893+0000] {logging_mixin.py:188} INFO - [2026-05-28T08:30:12.892+0000] {dagbag.py:540} INFO - Filling up the DagBag from /opt/airflow/dags/kaldata_dag.py
[2026-05-28T08:30:16.427+0000] {processor.py:840} INFO - DAG(s) 'kaldata_scraper' retrieved from /opt/airflow/dags/kaldata_dag.py
[2026-05-28T08:30:17.051+0000] {logging_mixin.py:188} INFO - [2026-05-28T08:30:17.051+0000] {dag.py:3047} INFO - Sync 1 DAGs
[2026-05-28T08:30:17.414+0000] {logging_mixin.py:188} INFO - [2026-05-28T08:30:17.402+0000] {dag.py:3834} INFO - Setting next_dagrun for kaldata_scraper to 2026-05-28 00:00:00+00:00, run_after=2026-05-29 00:00:00+00:00
[2026-05-28T08:30:17.673+0000] {processor.py:183} INFO - Processing /opt/airflow/dags/kaldata_dag.py took 4.898 seconds
[2026-05-28T08:30:49.527+0000] {processor.py:161} INFO - Started process (PID=4195) to work on /opt/airflow/dags/kaldata_dag.py
[2026-05-28T08:30:49.540+0000] {processor.py:830} INFO - Processing file /opt/airflow/dags/kaldata_dag.py for tasks to queue
[2026-05-28T08:30:49.558+0000] {logging_mixin.py:188} INFO - [2026-05-28T08:30:49.557+0000] {dagbag.py:540} INFO - Filling up the DagBag from /opt/airflow/dags/kaldata_dag.py
[2026-05-28T08:30:49.669+0000] {processor.py:840} INFO - DAG(s) 'kaldata_scraper' retrieved from /opt/airflow/dags/kaldata_dag.py
[2026-05-28T08:30:49.855+0000] {logging_mixin.py:188} INFO - [2026-05-28T08:30:49.854+0000] {dag.py:3047} INFO - Sync 1 DAGs
[2026-05-28T08:30:50.058+0000] {logging_mixin.py:188} INFO - [2026-05-28T08:30:50.057+0000] {dag.py:3834} INFO - Setting next_dagrun for kaldata_scraper to 2026-05-28 00:00:00+00:00, run_after=2026-05-29 00:00:00+00:00
[2026-05-28T08:30:50.202+0000] {processor.py:183} INFO - Processing /opt/airflow/dags/kaldata_dag.py took 0.700 seconds
[2026-05-28T08:31:22.181+0000] {processor.py:161} INFO - Started process (PID=4227) to work on /opt/airflow/dags/kaldata_dag.py
[2026-05-28T08:31:22.191+0000] {processor.py:830} INFO - Processing file /opt/airflow/dags/kaldata_dag.py for tasks to queue
[2026-05-28T08:31:22.197+0000] {logging_mixin.py:188} INFO - [2026-05-28T08:31:22.195+0000] {dagbag.py:540} INFO - Filling up the DagBag from /opt/airflow/dags/kaldata_dag.py
[2026-05-28T08:31:22.324+0000] {processor.py:840} INFO - DAG(s) 'kaldata_scraper' retrieved from /opt/airflow/dags/kaldata_dag.py
[2026-05-28T08:31:22.567+0000] {logging_mixin.py:188} INFO - [2026-05-28T08:31:22.566+0000] {dag.py:3047} INFO - Sync 1 DAGs
[2026-05-28T08:31:22.778+0000] {logging_mixin.py:188} INFO - [2026-05-28T08:31:22.777+0000] {dag.py:3834} INFO - Setting next_dagrun for kaldata_scraper to 2026-05-28 00:00:00+00:00, run_after=2026-05-29 00:00:00+00:00
[2026-05-28T08:31:22.947+0000] {processor.py:183} INFO - Processing /opt/airflow/dags/kaldata_dag.py took 0.786 seconds
[2026-05-28T08:31:58.623+0000] {processor.py:161} INFO - Started process (PID=4255) to work on /opt/airflow/dags/kaldata_dag.py
[2026-05-28T08:31:58.650+0000] {processor.py:830} INFO - Processing file /opt/airflow/dags/kaldata_dag.py for tasks to queue
[2026-05-28T08:31:58.664+0000] {logging_mixin.py:188} INFO - [2026-05-28T08:31:58.663+0000] {dagbag.py:540} INFO - Filling up the DagBag from /opt/airflow/dags/kaldata_dag.py
[2026-05-28T08:31:59.074+0000] {processor.py:840} INFO - DAG(s) 'kaldata_scraper' retrieved from /opt/airflow/dags/kaldata_dag.py
[2026-05-28T08:31:59.312+0000] {logging_mixin.py:188} INFO - [2026-05-28T08:31:59.301+0000] {dag.py:3047} INFO - Sync 1 DAGs
[2026-05-28T08:31:59.574+0000] {logging_mixin.py:188} INFO - [2026-05-28T08:31:59.573+0000] {dag.py:3834} INFO - Setting next_dagrun for kaldata_scraper to 2026-05-28 00:00:00+00:00, run_after=2026-05-29 00:00:00+00:00
[2026-05-28T08:32:01.402+0000] {processor.py:183} INFO - Processing /opt/airflow/dags/kaldata_dag.py took 2.799 seconds
[2026-05-28T08:32:35.415+0000] {processor.py:161} INFO - Started process (PID=4287) to work on /opt/airflow/dags/kaldata_dag.py
[2026-05-28T08:32:35.427+0000] {processor.py:830} INFO - Processing file /opt/airflow/dags/kaldata_dag.py for tasks to queue
[2026-05-28T08:32:35.447+0000] {logging_mixin.py:188} INFO - [2026-05-28T08:32:35.446+0000] {dagbag.py:540} INFO - Filling up the DagBag from /opt/airflow/dags/kaldata_dag.py
[2026-05-28T08:32:35.912+0000] {processor.py:840} INFO - DAG(s) 'kaldata_scraper' retrieved from /opt/airflow/dags/kaldata_dag.py
[2026-05-28T08:32:36.206+0000] {logging_mixin.py:188} INFO - [2026-05-28T08:32:36.205+0000] {dag.py:3047} INFO - Sync 1 DAGs
[2026-05-28T08:32:36.423+0000] {logging_mixin.py:188} INFO - [2026-05-28T08:32:36.422+0000] {dag.py:3834} INFO - Setting next_dagrun for kaldata_scraper to 2026-05-28 00:00:00+00:00, run_after=2026-05-29 00:00:00+00:00
[2026-05-28T08:32:36.576+0000] {processor.py:183} INFO - Processing /opt/airflow/dags/kaldata_dag.py took 1.181 seconds
[2026-05-28T08:33:14.689+0000] {processor.py:161} INFO - Started process (PID=4317) to work on /opt/airflow/dags/kaldata_dag.py
[2026-05-28T08:33:14.726+0000] {processor.py:830} INFO - Processing file /opt/airflow/dags/kaldata_dag.py for tasks to queue
[2026-05-28T08:33:14.762+0000] {logging_mixin.py:188} INFO - [2026-05-28T08:33:14.761+0000] {dagbag.py:540} INFO - Filling up the DagBag from /opt/airflow/dags/kaldata_dag.py
[2026-05-28T08:33:15.481+0000] {processor.py:840} INFO - DAG(s) 'kaldata_scraper' retrieved from /opt/airflow/dags/kaldata_dag.py
[2026-05-28T08:33:15.684+0000] {logging_mixin.py:188} INFO - [2026-05-28T08:33:15.683+0000] {dag.py:3047} INFO - Sync 1 DAGs
[2026-05-28T08:33:15.977+0000] {logging_mixin.py:188} INFO - [2026-05-28T08:33:15.976+0000] {dag.py:3834} INFO - Setting next_dagrun for kaldata_scraper to 2026-05-28 00:00:00+00:00, run_after=2026-05-29 00:00:00+00:00
[2026-05-28T08:33:16.358+0000] {processor.py:183} INFO - Processing /opt/airflow/dags/kaldata_dag.py took 1.687 seconds
[2026-05-28T08:33:47.957+0000] {processor.py:161} INFO - Started process (PID=4347) to work on /opt/airflow/dags/kaldata_dag.py
[2026-05-28T08:33:48.037+0000] {processor.py:830} INFO - Processing file /opt/airflow/dags/kaldata_dag.py for tasks to queue
[2026-05-28T08:33:48.107+0000] {logging_mixin.py:188} INFO - [2026-05-28T08:33:48.106+0000] {dagbag.py:540} INFO - Filling up the DagBag from /opt/airflow/dags/kaldata_dag.py
[2026-05-28T08:33:48.903+0000] {processor.py:840} INFO - DAG(s) 'kaldata_scraper' retrieved from /opt/airflow/dags/kaldata_dag.py
[2026-05-28T08:33:49.234+0000] {logging_mixin.py:188} INFO - [2026-05-28T08:33:49.233+0000] {dag.py:3047} INFO - Sync 1 DAGs
[2026-05-28T08:33:49.514+0000] {logging_mixin.py:188} INFO - [2026-05-28T08:33:49.511+0000] {dag.py:3834} INFO - Setting next_dagrun for kaldata_scraper to 2026-05-28 00:00:00+00:00, run_after=2026-05-29 00:00:00+00:00
[2026-05-28T08:33:49.976+0000] {processor.py:183} INFO - Processing /opt/airflow/dags/kaldata_dag.py took 2.084 seconds
[2026-05-28T08:34:21.438+0000] {processor.py:161} INFO - Started process (PID=4377) to work on /opt/airflow/dags/kaldata_dag.py
[2026-05-28T08:34:21.453+0000] {processor.py:830} INFO - Processing file /opt/airflow/dags/kaldata_dag.py for tasks to queue
[2026-05-28T08:34:21.458+0000] {logging_mixin.py:188} INFO - [2026-05-28T08:34:21.457+0000] {dagbag.py:540} INFO - Filling up the DagBag from /opt/airflow/dags/kaldata_dag.py
[2026-05-28T08:34:21.598+0000] {processor.py:840} INFO - DAG(s) 'kaldata_scraper' retrieved from /opt/airflow/dags/kaldata_dag.py
[2026-05-28T08:34:21.845+0000] {logging_mixin.py:188} INFO - [2026-05-28T08:34:21.845+0000] {dag.py:3047} INFO - Sync 1 DAGs
[2026-05-28T08:34:22.028+0000] {logging_mixin.py:188} INFO - [2026-05-28T08:34:22.028+0000] {dag.py:3834} INFO - Setting next_dagrun for kaldata_scraper to 2026-05-28 00:00:00+00:00, run_after=2026-05-29 00:00:00+00:00
[2026-05-28T08:34:22.206+0000] {processor.py:183} INFO - Processing /opt/airflow/dags/kaldata_dag.py took 0.787 seconds
[2026-05-28T08:34:53.592+0000] {processor.py:161} INFO - Started process (PID=4407) to work on /opt/airflow/dags/kaldata_dag.py
[2026-05-28T08:34:53.602+0000] {processor.py:830} INFO - Processing file /opt/airflow/dags/kaldata_dag.py for tasks to queue
[2026-05-28T08:34:53.606+0000] {logging_mixin.py:188} INFO - [2026-05-28T08:34:53.605+0000] {dagbag.py:540} INFO - Filling up the DagBag from /opt/airflow/dags/kaldata_dag.py
[2026-05-28T08:34:53.702+0000] {processor.py:840} INFO - DAG(s) 'kaldata_scraper' retrieved from /opt/airflow/dags/kaldata_dag.py
[2026-05-28T08:34:53.857+0000] {logging_mixin.py:188} INFO - [2026-05-28T08:34:53.856+0000] {dag.py:3047} INFO - Sync 1 DAGs
[2026-05-28T08:34:53.941+0000] {logging_mixin.py:188} INFO - [2026-05-28T08:34:53.941+0000] {dag.py:3834} INFO - Setting next_dagrun for kaldata_scraper to 2026-05-28 00:00:00+00:00, run_after=2026-05-29 00:00:00+00:00
[2026-05-28T08:34:54.032+0000] {processor.py:183} INFO - Processing /opt/airflow/dags/kaldata_dag.py took 0.458 seconds
[2026-05-28T08:35:24.631+0000] {processor.py:161} INFO - Started process (PID=4437) to work on /opt/airflow/dags/kaldata_dag.py
[2026-05-28T08:35:24.635+0000] {processor.py:830} INFO - Processing file /opt/airflow/dags/kaldata_dag.py for tasks to queue
[2026-05-28T08:35:24.640+0000] {logging_mixin.py:188} INFO - [2026-05-28T08:35:24.639+0000] {dagbag.py:540} INFO - Filling up the DagBag from /opt/airflow/dags/kaldata_dag.py
[2026-05-28T08:35:24.706+0000] {processor.py:840} INFO - DAG(s) 'kaldata_scraper' retrieved from /opt/airflow/dags/kaldata_dag.py
[2026-05-28T08:35:24.795+0000] {logging_mixin.py:188} INFO - [2026-05-28T08:35:24.795+0000] {dag.py:3047} INFO - Sync 1 DAGs
[2026-05-28T08:35:24.864+0000] {logging_mixin.py:188} INFO - [2026-05-28T08:35:24.863+0000] {dag.py:3834} INFO - Setting next_dagrun for kaldata_scraper to 2026-05-28 00:00:00+00:00, run_after=2026-05-29 00:00:00+00:00
[2026-05-28T08:35:24.963+0000] {processor.py:183} INFO - Processing /opt/airflow/dags/kaldata_dag.py took 0.346 seconds
[2026-05-28T08:35:55.310+0000] {processor.py:161} INFO - Started process (PID=4465) to work on /opt/airflow/dags/kaldata_dag.py
[2026-05-28T08:35:55.318+0000] {processor.py:830} INFO - Processing file /opt/airflow/dags/kaldata_dag.py for tasks to queue
[2026-05-28T08:35:55.339+0000] {logging_mixin.py:188} INFO - [2026-05-28T08:35:55.338+0000] {dagbag.py:540} INFO - Filling up the DagBag from /opt/airflow/dags/kaldata_dag.py
[2026-05-28T08:35:55.472+0000] {processor.py:840} INFO - DAG(s) 'kaldata_scraper' retrieved from /opt/airflow/dags/kaldata_dag.py
[2026-05-28T08:35:55.664+0000] {logging_mixin.py:188} INFO - [2026-05-28T08:35:55.664+0000] {dag.py:3047} INFO - Sync 1 DAGs
[2026-05-28T08:35:56.129+0000] {logging_mixin.py:188} INFO - [2026-05-28T08:35:56.126+0000] {dag.py:3834} INFO - Setting next_dagrun for kaldata_scraper to 2026-05-28 00:00:00+00:00, run_after=2026-05-29 00:00:00+00:00
[2026-05-28T08:35:56.744+0000] {processor.py:183} INFO - Processing /opt/airflow/dags/kaldata_dag.py took 1.461 seconds
[2026-05-28T08:36:29.349+0000] {processor.py:161} INFO - Started process (PID=4496) to work on /opt/airflow/dags/kaldata_dag.py
[2026-05-28T08:36:29.377+0000] {processor.py:830} INFO - Processing file /opt/airflow/dags/kaldata_dag.py for tasks to queue
[2026-05-28T08:36:29.468+0000] {logging_mixin.py:188} INFO - [2026-05-28T08:36:29.467+0000] {dagbag.py:540} INFO - Filling up the DagBag from /opt/airflow/dags/kaldata_dag.py
[2026-05-28T08:36:30.094+0000] {processor.py:840} INFO - DAG(s) 'kaldata_scraper' retrieved from /opt/airflow/dags/kaldata_dag.py
[2026-05-28T08:36:30.195+0000] {logging_mixin.py:188} INFO - [2026-05-28T08:36:30.193+0000] {dag.py:3047} INFO - Sync 1 DAGs
[2026-05-28T08:36:30.307+0000] {logging_mixin.py:188} INFO - [2026-05-28T08:36:30.304+0000] {dag.py:3834} INFO - Setting next_dagrun for kaldata_scraper to 2026-05-28 00:00:00+00:00, run_after=2026-05-29 00:00:00+00:00
[2026-05-28T08:36:30.393+0000] {processor.py:183} INFO - Processing /opt/airflow/dags/kaldata_dag.py took 1.077 seconds
[2026-05-28T08:37:01.584+0000] {processor.py:161} INFO - Started process (PID=4527) to work on /opt/airflow/dags/kaldata_dag.py
[2026-05-28T08:37:01.600+0000] {processor.py:830} INFO - Processing file /opt/airflow/dags/kaldata_dag.py for tasks to queue
[2026-05-28T08:37:01.613+0000] {logging_mixin.py:188} INFO - [2026-05-28T08:37:01.612+0000] {dagbag.py:540} INFO - Filling up the DagBag from /opt/airflow/dags/kaldata_dag.py
[2026-05-28T08:37:01.915+0000] {processor.py:840} INFO - DAG(s) 'kaldata_scraper' retrieved from /opt/airflow/dags/kaldata_dag.py
[2026-05-28T08:37:02.081+0000] {logging_mixin.py:188} INFO - [2026-05-28T08:37:02.080+0000] {dag.py:3047} INFO - Sync 1 DAGs
[2026-05-28T08:37:02.238+0000] {logging_mixin.py:188} INFO - [2026-05-28T08:37:02.237+0000] {dag.py:3834} INFO - Setting next_dagrun for kaldata_scraper to 2026-05-28 00:00:00+00:00, run_after=2026-05-29 00:00:00+00:00
[2026-05-28T08:37:02.378+0000] {processor.py:183} INFO - Processing /opt/airflow/dags/kaldata_dag.py took 0.816 seconds
[2026-05-28T08:37:34.001+0000] {processor.py:161} INFO - Started process (PID=4557) to work on /opt/airflow/dags/kaldata_dag.py
[2026-05-28T08:37:34.031+0000] {processor.py:830} INFO - Processing file /opt/airflow/dags/kaldata_dag.py for tasks to queue
[2026-05-28T08:37:34.053+0000] {logging_mixin.py:188} INFO - [2026-05-28T08:37:34.052+0000] {dagbag.py:540} INFO - Filling up the DagBag from /opt/airflow/dags/kaldata_dag.py
[2026-05-28T08:37:34.564+0000] {processor.py:840} INFO - DAG(s) 'kaldata_scraper' retrieved from /opt/airflow/dags/kaldata_dag.py
[2026-05-28T08:37:34.687+0000] {logging_mixin.py:188} INFO - [2026-05-28T08:37:34.687+0000] {dag.py:3047} INFO - Sync 1 DAGs
[2026-05-28T08:37:34.762+0000] {logging_mixin.py:188} INFO - [2026-05-28T08:37:34.761+0000] {dag.py:3834} INFO - Setting next_dagrun for kaldata_scraper to 2026-05-28 00:00:00+00:00, run_after=2026-05-29 00:00:00+00:00
[2026-05-28T08:37:34.821+0000] {processor.py:183} INFO - Processing /opt/airflow/dags/kaldata_dag.py took 0.830 seconds
[2026-05-28T08:38:06.421+0000] {processor.py:161} INFO - Started process (PID=4587) to work on /opt/airflow/dags/kaldata_dag.py
[2026-05-28T08:38:06.436+0000] {processor.py:830} INFO - Processing file /opt/airflow/dags/kaldata_dag.py for tasks to queue
[2026-05-28T08:38:06.451+0000] {logging_mixin.py:188} INFO - [2026-05-28T08:38:06.450+0000] {dagbag.py:540} INFO - Filling up the DagBag from /opt/airflow/dags/kaldata_dag.py
[2026-05-28T08:38:06.517+0000] {processor.py:840} INFO - DAG(s) 'kaldata_scraper' retrieved from /opt/airflow/dags/kaldata_dag.py
[2026-05-28T08:38:06.639+0000] {logging_mixin.py:188} INFO - [2026-05-28T08:38:06.638+0000] {dag.py:3047} INFO - Sync 1 DAGs
[2026-05-28T08:38:06.734+0000] {logging_mixin.py:188} INFO - [2026-05-28T08:38:06.733+0000] {dag.py:3834} INFO - Setting next_dagrun for kaldata_scraper to 2026-05-28 00:00:00+00:00, run_after=2026-05-29 00:00:00+00:00
[2026-05-28T08:38:06.857+0000] {processor.py:183} INFO - Processing /opt/airflow/dags/kaldata_dag.py took 0.453 seconds
[2026-05-28T08:38:39.080+0000] {processor.py:161} INFO - Started process (PID=4617) to work on /opt/airflow/dags/kaldata_dag.py
[2026-05-28T08:38:39.111+0000] {processor.py:830} INFO - Processing file /opt/airflow/dags/kaldata_dag.py for tasks to queue
[2026-05-28T08:38:39.178+0000] {logging_mixin.py:188} INFO - [2026-05-28T08:38:39.177+0000] {dagbag.py:540} INFO - Filling up the DagBag from /opt/airflow/dags/kaldata_dag.py
[2026-05-28T08:38:39.709+0000] {processor.py:840} INFO - DAG(s) 'kaldata_scraper' retrieved from /opt/airflow/dags/kaldata_dag.py
[2026-05-28T08:38:39.797+0000] {logging_mixin.py:188} INFO - [2026-05-28T08:38:39.797+0000] {dag.py:3047} INFO - Sync 1 DAGs
[2026-05-28T08:38:39.932+0000] {logging_mixin.py:188} INFO - [2026-05-28T08:38:39.931+0000] {dag.py:3834} INFO - Setting next_dagrun for kaldata_scraper to 2026-05-28 00:00:00+00:00, run_after=2026-05-29 00:00:00+00:00
[2026-05-28T08:38:40.078+0000] {processor.py:183} INFO - Processing /opt/airflow/dags/kaldata_dag.py took 1.077 seconds
[2026-05-28T08:39:15.766+0000] {processor.py:161} INFO - Started process (PID=4647) to work on /opt/airflow/dags/kaldata_dag.py
[2026-05-28T08:39:15.776+0000] {processor.py:830} INFO - Processing file /opt/airflow/dags/kaldata_dag.py for tasks to queue
[2026-05-28T08:39:15.783+0000] {logging_mixin.py:188} INFO - [2026-05-28T08:39:15.782+0000] {dagbag.py:540} INFO - Filling up the DagBag from /opt/airflow/dags/kaldata_dag.py
[2026-05-28T08:39:16.084+0000] {processor.py:840} INFO - DAG(s) 'kaldata_scraper' retrieved from /opt/airflow/dags/kaldata_dag.py
[2026-05-28T08:39:16.181+0000] {logging_mixin.py:188} INFO - [2026-05-28T08:39:16.180+0000] {dag.py:3047} INFO - Sync 1 DAGs
[2026-05-28T08:39:16.259+0000] {logging_mixin.py:188} INFO - [2026-05-28T08:39:16.259+0000] {dag.py:3834} INFO - Setting next_dagrun for kaldata_scraper to 2026-05-28 00:00:00+00:00, run_after=2026-05-29 00:00:00+00:00
[2026-05-28T08:39:16.334+0000] {processor.py:183} INFO - Processing /opt/airflow/dags/kaldata_dag.py took 0.588 seconds
[2026-05-28T08:39:46.623+0000] {processor.py:161} INFO - Started process (PID=4677) to work on /opt/airflow/dags/kaldata_dag.py
[2026-05-28T08:39:46.637+0000] {processor.py:830} INFO - Processing file /opt/airflow/dags/kaldata_dag.py for tasks to queue
[2026-05-28T08:39:46.650+0000] {logging_mixin.py:188} INFO - [2026-05-28T08:39:46.640+0000] {dagbag.py:540} INFO - Filling up the DagBag from /opt/airflow/dags/kaldata_dag.py
[2026-05-28T08:39:46.733+0000] {processor.py:840} INFO - DAG(s) 'kaldata_scraper' retrieved from /opt/airflow/dags/kaldata_dag.py
[2026-05-28T08:39:46.830+0000] {logging_mixin.py:188} INFO - [2026-05-28T08:39:46.830+0000] {dag.py:3047} INFO - Sync 1 DAGs
[2026-05-28T08:39:47.099+0000] {logging_mixin.py:188} INFO - [2026-05-28T08:39:47.098+0000] {dag.py:3834} INFO - Setting next_dagrun for kaldata_scraper to 2026-05-28 00:00:00+00:00, run_after=2026-05-29 00:00:00+00:00
[2026-05-28T08:39:47.380+0000] {processor.py:183} INFO - Processing /opt/airflow/dags/kaldata_dag.py took 0.772 seconds
[2026-05-28T08:40:17.988+0000] {processor.py:161} INFO - Started process (PID=4707) to work on /opt/airflow/dags/kaldata_dag.py
[2026-05-28T08:40:17.996+0000] {processor.py:830} INFO - Processing file /opt/airflow/dags/kaldata_dag.py for tasks to queue
[2026-05-28T08:40:18.008+0000] {logging_mixin.py:188} INFO - [2026-05-28T08:40:18.006+0000] {dagbag.py:540} INFO - Filling up the DagBag from /opt/airflow/dags/kaldata_dag.py
[2026-05-28T08:40:18.093+0000] {processor.py:840} INFO - DAG(s) 'kaldata_scraper' retrieved from /opt/airflow/dags/kaldata_dag.py
[2026-05-28T08:40:18.177+0000] {logging_mixin.py:188} INFO - [2026-05-28T08:40:18.176+0000] {dag.py:3047} INFO - Sync 1 DAGs
[2026-05-28T08:40:18.303+0000] {logging_mixin.py:188} INFO - [2026-05-28T08:40:18.302+0000] {dag.py:3834} INFO - Setting next_dagrun for kaldata_scraper to 2026-05-28 00:00:00+00:00, run_after=2026-05-29 00:00:00+00:00
[2026-05-28T08:40:18.381+0000] {processor.py:183} INFO - Processing /opt/airflow/dags/kaldata_dag.py took 0.421 seconds
[2026-05-28T08:40:48.803+0000] {processor.py:161} INFO - Started process (PID=4737) to work on /opt/airflow/dags/kaldata_dag.py
[2026-05-28T08:40:48.807+0000] {processor.py:830} INFO - Processing file /opt/airflow/dags/kaldata_dag.py for tasks to queue
[2026-05-28T08:40:48.811+0000] {logging_mixin.py:188} INFO - [2026-05-28T08:40:48.810+0000] {dagbag.py:540} INFO - Filling up the DagBag from /opt/airflow/dags/kaldata_dag.py
[2026-05-28T08:40:48.856+0000] {processor.py:840} INFO - DAG(s) 'kaldata_scraper' retrieved from /opt/airflow/dags/kaldata_dag.py
[2026-05-28T08:40:48.947+0000] {logging_mixin.py:188} INFO - [2026-05-28T08:40:48.946+0000] {dag.py:3047} INFO - Sync 1 DAGs
[2026-05-28T08:40:49.102+0000] {logging_mixin.py:188} INFO - [2026-05-28T08:40:49.101+0000] {dag.py:3834} INFO - Setting next_dagrun for kaldata_scraper to 2026-05-28 00:00:00+00:00, run_after=2026-05-29 00:00:00+00:00
[2026-05-28T08:40:49.325+0000] {processor.py:183} INFO - Processing /opt/airflow/dags/kaldata_dag.py took 0.538 seconds
[2026-05-28T08:41:19.752+0000] {processor.py:161} INFO - Started process (PID=4767) to work on /opt/airflow/dags/kaldata_dag.py
[2026-05-28T08:41:19.756+0000] {processor.py:830} INFO - Processing file /opt/airflow/dags/kaldata_dag.py for tasks to queue
[2026-05-28T08:41:19.759+0000] {logging_mixin.py:188} INFO - [2026-05-28T08:41:19.758+0000] {dagbag.py:540} INFO - Filling up the DagBag from /opt/airflow/dags/kaldata_dag.py
[2026-05-28T08:41:19.821+0000] {processor.py:840} INFO - DAG(s) 'kaldata_scraper' retrieved from /opt/airflow/dags/kaldata_dag.py
[2026-05-28T08:41:19.907+0000] {logging_mixin.py:188} INFO - [2026-05-28T08:41:19.906+0000] {dag.py:3047} INFO - Sync 1 DAGs
[2026-05-28T08:41:19.985+0000] {logging_mixin.py:188} INFO - [2026-05-28T08:41:19.984+0000] {dag.py:3834} INFO - Setting next_dagrun for kaldata_scraper to 2026-05-28 00:00:00+00:00, run_after=2026-05-29 00:00:00+00:00
[2026-05-28T08:41:20.047+0000] {processor.py:183} INFO - Processing /opt/airflow/dags/kaldata_dag.py took 0.311 seconds
[2026-05-28T08:41:51.747+0000] {processor.py:161} INFO - Started process (PID=4797) to work on /opt/airflow/dags/kaldata_dag.py
[2026-05-28T08:41:51.751+0000] {processor.py:830} INFO - Processing file /opt/airflow/dags/kaldata_dag.py for tasks to queue
[2026-05-28T08:41:51.766+0000] {logging_mixin.py:188} INFO - [2026-05-28T08:41:51.763+0000] {dagbag.py:540} INFO - Filling up the DagBag from /opt/airflow/dags/kaldata_dag.py
[2026-05-28T08:41:51.886+0000] {processor.py:840} INFO - DAG(s) 'kaldata_scraper' retrieved from /opt/airflow/dags/kaldata_dag.py
[2026-05-28T08:41:52.066+0000] {logging_mixin.py:188} INFO - [2026-05-28T08:41:52.064+0000] {dag.py:3047} INFO - Sync 1 DAGs
[2026-05-28T08:41:52.359+0000] {logging_mixin.py:188} INFO - [2026-05-28T08:41:52.359+0000] {dag.py:3834} INFO - Setting next_dagrun for kaldata_scraper to 2026-05-28 00:00:00+00:00, run_after=2026-05-29 00:00:00+00:00
[2026-05-28T08:41:52.734+0000] {processor.py:183} INFO - Processing /opt/airflow/dags/kaldata_dag.py took 1.020 seconds
[2026-05-28T08:42:23.690+0000] {processor.py:161} INFO - Started process (PID=4827) to work on /opt/airflow/dags/kaldata_dag.py
[2026-05-28T08:42:23.737+0000] {processor.py:830} INFO - Processing file /opt/airflow/dags/kaldata_dag.py for tasks to queue
[2026-05-28T08:42:23.747+0000] {logging_mixin.py:188} INFO - [2026-05-28T08:42:23.744+0000] {dagbag.py:540} INFO - Filling up the DagBag from /opt/airflow/dags/kaldata_dag.py
[2026-05-28T08:42:23.794+0000] {processor.py:840} INFO - DAG(s) 'kaldata_scraper' retrieved from /opt/airflow/dags/kaldata_dag.py
[2026-05-28T08:42:23.909+0000] {logging_mixin.py:188} INFO - [2026-05-28T08:42:23.908+0000] {dag.py:3047} INFO - Sync 1 DAGs
[2026-05-28T08:42:23.991+0000] {logging_mixin.py:188} INFO - [2026-05-28T08:42:23.990+0000] {dag.py:3834} INFO - Setting next_dagrun for kaldata_scraper to 2026-05-28 00:00:00+00:00, run_after=2026-05-29 00:00:00+00:00
[2026-05-28T08:42:24.055+0000] {processor.py:183} INFO - Processing /opt/airflow/dags/kaldata_dag.py took 0.375 seconds
[2026-05-28T08:42:54.527+0000] {processor.py:161} INFO - Started process (PID=4857) to work on /opt/airflow/dags/kaldata_dag.py
[2026-05-28T08:42:54.531+0000] {processor.py:830} INFO - Processing file /opt/airflow/dags/kaldata_dag.py for tasks to queue
[2026-05-28T08:42:54.536+0000] {logging_mixin.py:188} INFO - [2026-05-28T08:42:54.535+0000] {dagbag.py:540} INFO - Filling up the DagBag from /opt/airflow/dags/kaldata_dag.py
[2026-05-28T08:42:54.582+0000] {processor.py:840} INFO - DAG(s) 'kaldata_scraper' retrieved from /opt/airflow/dags/kaldata_dag.py
[2026-05-28T08:42:54.689+0000] {logging_mixin.py:188} INFO - [2026-05-28T08:42:54.689+0000] {dag.py:3047} INFO - Sync 1 DAGs
[2026-05-28T08:42:54.787+0000] {logging_mixin.py:188} INFO - [2026-05-28T08:42:54.786+0000] {dag.py:3834} INFO - Setting next_dagrun for kaldata_scraper to 2026-05-28 00:00:00+00:00, run_after=2026-05-29 00:00:00+00:00
[2026-05-28T08:42:54.845+0000] {processor.py:183} INFO - Processing /opt/airflow/dags/kaldata_dag.py took 0.328 seconds
[2026-05-28T08:43:25.642+0000] {processor.py:161} INFO - Started process (PID=4885) to work on /opt/airflow/dags/kaldata_dag.py
[2026-05-28T08:43:25.645+0000] {processor.py:830} INFO - Processing file /opt/airflow/dags/kaldata_dag.py for tasks to queue
[2026-05-28T08:43:25.649+0000] {logging_mixin.py:188} INFO - [2026-05-28T08:43:25.648+0000] {dagbag.py:540} INFO - Filling up the DagBag from /opt/airflow/dags/kaldata_dag.py
[2026-05-28T08:43:25.695+0000] {processor.py:840} INFO - DAG(s) 'kaldata_scraper' retrieved from /opt/airflow/dags/kaldata_dag.py
[2026-05-28T08:43:25.774+0000] {logging_mixin.py:188} INFO - [2026-05-28T08:43:25.773+0000] {dag.py:3047} INFO - Sync 1 DAGs
[2026-05-28T08:43:25.840+0000] {logging_mixin.py:188} INFO - [2026-05-28T08:43:25.840+0000] {dag.py:3834} INFO - Setting next_dagrun for kaldata_scraper to 2026-05-28 00:00:00+00:00, run_after=2026-05-29 00:00:00+00:00
[2026-05-28T08:43:25.901+0000] {processor.py:183} INFO - Processing /opt/airflow/dags/kaldata_dag.py took 0.268 seconds
[2026-05-28T08:43:56.173+0000] {processor.py:161} INFO - Started process (PID=4915) to work on /opt/airflow/dags/kaldata_dag.py
[2026-05-28T08:43:56.178+0000] {processor.py:830} INFO - Processing file /opt/airflow/dags/kaldata_dag.py for tasks to queue
[2026-05-28T08:43:56.182+0000] {logging_mixin.py:188} INFO - [2026-05-28T08:43:56.181+0000] {dagbag.py:540} INFO - Filling up the DagBag from /opt/airflow/dags/kaldata_dag.py
[2026-05-28T08:43:56.258+0000] {processor.py:840} INFO - DAG(s) 'kaldata_scraper' retrieved from /opt/airflow/dags/kaldata_dag.py
[2026-05-28T08:43:56.388+0000] {logging_mixin.py:188} INFO - [2026-05-28T08:43:56.387+0000] {dag.py:3047} INFO - Sync 1 DAGs
[2026-05-28T08:43:56.466+0000] {logging_mixin.py:188} INFO - [2026-05-28T08:43:56.465+0000] {dag.py:3834} INFO - Setting next_dagrun for kaldata_scraper to 2026-05-28 00:00:00+00:00, run_after=2026-05-29 00:00:00+00:00
[2026-05-28T08:43:56.563+0000] {processor.py:183} INFO - Processing /opt/airflow/dags/kaldata_dag.py took 0.412 seconds
[2026-05-28T08:44:27.280+0000] {processor.py:161} INFO - Started process (PID=4945) to work on /opt/airflow/dags/kaldata_dag.py
[2026-05-28T08:44:27.283+0000] {processor.py:830} INFO - Processing file /opt/airflow/dags/kaldata_dag.py for tasks to queue
[2026-05-28T08:44:27.286+0000] {logging_mixin.py:188} INFO - [2026-05-28T08:44:27.285+0000] {dagbag.py:540} INFO - Filling up the DagBag from /opt/airflow/dags/kaldata_dag.py
[2026-05-28T08:44:27.341+0000] {processor.py:840} INFO - DAG(s) 'kaldata_scraper' retrieved from /opt/airflow/dags/kaldata_dag.py
[2026-05-28T08:44:27.425+0000] {logging_mixin.py:188} INFO - [2026-05-28T08:44:27.425+0000] {dag.py:3047} INFO - Sync 1 DAGs
[2026-05-28T08:44:27.495+0000] {logging_mixin.py:188} INFO - [2026-05-28T08:44:27.494+0000] {dag.py:3834} INFO - Setting next_dagrun for kaldata_scraper to 2026-05-28 00:00:00+00:00, run_after=2026-05-29 00:00:00+00:00
[2026-05-28T08:44:27.557+0000] {processor.py:183} INFO - Processing /opt/airflow/dags/kaldata_dag.py took 0.293 seconds
[2026-05-28T08:44:57.876+0000] {processor.py:161} INFO - Started process (PID=4975) to work on /opt/airflow/dags/kaldata_dag.py
[2026-05-28T08:44:57.892+0000] {processor.py:830} INFO - Processing file /opt/airflow/dags/kaldata_dag.py for tasks to queue
[2026-05-28T08:44:57.899+0000] {logging_mixin.py:188} INFO - [2026-05-28T08:44:57.898+0000] {dagbag.py:540} INFO - Filling up the DagBag from /opt/airflow/dags/kaldata_dag.py
[2026-05-28T08:44:57.971+0000] {processor.py:840} INFO - DAG(s) 'kaldata_scraper' retrieved from /opt/airflow/dags/kaldata_dag.py
[2026-05-28T08:44:58.066+0000] {logging_mixin.py:188} INFO - [2026-05-28T08:44:58.065+0000] {dag.py:3047} INFO - Sync 1 DAGs
[2026-05-28T08:44:58.153+0000] {logging_mixin.py:188} INFO - [2026-05-28T08:44:58.153+0000] {dag.py:3834} INFO - Setting next_dagrun for kaldata_scraper to 2026-05-28 00:00:00+00:00, run_after=2026-05-29 00:00:00+00:00
[2026-05-28T08:44:58.226+0000] {processor.py:183} INFO - Processing /opt/airflow/dags/kaldata_dag.py took 0.366 seconds
[2026-05-28T08:45:28.949+0000] {processor.py:161} INFO - Started process (PID=5005) to work on /opt/airflow/dags/kaldata_dag.py
[2026-05-28T08:45:28.953+0000] {processor.py:830} INFO - Processing file /opt/airflow/dags/kaldata_dag.py for tasks to queue
[2026-05-28T08:45:28.966+0000] {logging_mixin.py:188} INFO - [2026-05-28T08:45:28.965+0000] {dagbag.py:540} INFO - Filling up the DagBag from /opt/airflow/dags/kaldata_dag.py
[2026-05-28T08:45:29.130+0000] {processor.py:840} INFO - DAG(s) 'kaldata_scraper' retrieved from /opt/airflow/dags/kaldata_dag.py
[2026-05-28T08:45:29.312+0000] {logging_mixin.py:188} INFO - [2026-05-28T08:45:29.311+0000] {dag.py:3047} INFO - Sync 1 DAGs
[2026-05-28T08:45:29.464+0000] {logging_mixin.py:188} INFO - [2026-05-28T08:45:29.463+0000] {dag.py:3834} INFO - Setting next_dagrun for kaldata_scraper to 2026-05-28 00:00:00+00:00, run_after=2026-05-29 00:00:00+00:00
[2026-05-28T08:45:29.604+0000] {processor.py:183} INFO - Processing /opt/airflow/dags/kaldata_dag.py took 0.694 seconds
[2026-05-28T08:46:00.959+0000] {processor.py:161} INFO - Started process (PID=5035) to work on /opt/airflow/dags/kaldata_dag.py
[2026-05-28T08:46:00.963+0000] {processor.py:830} INFO - Processing file /opt/airflow/dags/kaldata_dag.py for tasks to queue
[2026-05-28T08:46:00.975+0000] {logging_mixin.py:188} INFO - [2026-05-28T08:46:00.974+0000] {dagbag.py:540} INFO - Filling up the DagBag from /opt/airflow/dags/kaldata_dag.py
[2026-05-28T08:46:01.139+0000] {processor.py:840} INFO - DAG(s) 'kaldata_scraper' retrieved from /opt/airflow/dags/kaldata_dag.py
[2026-05-28T08:46:01.253+0000] {logging_mixin.py:188} INFO - [2026-05-28T08:46:01.250+0000] {dag.py:3047} INFO - Sync 1 DAGs
[2026-05-28T08:46:01.325+0000] {logging_mixin.py:188} INFO - [2026-05-28T08:46:01.324+0000] {dag.py:3834} INFO - Setting next_dagrun for kaldata_scraper to 2026-05-28 00:00:00+00:00, run_after=2026-05-29 00:00:00+00:00
[2026-05-28T08:46:01.389+0000] {processor.py:183} INFO - Processing /opt/airflow/dags/kaldata_dag.py took 0.448 seconds
[2026-05-28T08:46:31.766+0000] {processor.py:161} INFO - Started process (PID=5065) to work on /opt/airflow/dags/kaldata_dag.py
[2026-05-28T08:46:31.770+0000] {processor.py:830} INFO - Processing file /opt/airflow/dags/kaldata_dag.py for tasks to queue
[2026-05-28T08:46:31.783+0000] {logging_mixin.py:188} INFO - [2026-05-28T08:46:31.782+0000] {dagbag.py:540} INFO - Filling up the DagBag from /opt/airflow/dags/kaldata_dag.py
[2026-05-28T08:46:32.017+0000] {processor.py:840} INFO - DAG(s) 'kaldata_scraper' retrieved from /opt/airflow/dags/kaldata_dag.py
[2026-05-28T08:46:32.304+0000] {logging_mixin.py:188} INFO - [2026-05-28T08:46:32.304+0000] {dag.py:3047} INFO - Sync 1 DAGs
[2026-05-28T08:46:32.574+0000] {logging_mixin.py:188} INFO - [2026-05-28T08:46:32.574+0000] {dag.py:3834} INFO - Setting next_dagrun for kaldata_scraper to 2026-05-28 00:00:00+00:00, run_after=2026-05-29 00:00:00+00:00
[2026-05-28T08:46:32.808+0000] {processor.py:183} INFO - Processing /opt/airflow/dags/kaldata_dag.py took 1.074 seconds
[2026-05-28T08:47:03.397+0000] {processor.py:161} INFO - Started process (PID=5097) to work on /opt/airflow/dags/kaldata_dag.py
[2026-05-28T08:47:03.401+0000] {processor.py:830} INFO - Processing file /opt/airflow/dags/kaldata_dag.py for tasks to queue
[2026-05-28T08:47:03.404+0000] {logging_mixin.py:188} INFO - [2026-05-28T08:47:03.403+0000] {dagbag.py:540} INFO - Filling up the DagBag from /opt/airflow/dags/kaldata_dag.py
[2026-05-28T08:47:03.445+0000] {processor.py:840} INFO - DAG(s) 'kaldata_scraper' retrieved from /opt/airflow/dags/kaldata_dag.py
[2026-05-28T08:47:03.521+0000] {logging_mixin.py:188} INFO - [2026-05-28T08:47:03.521+0000] {dag.py:3047} INFO - Sync 1 DAGs
[2026-05-28T08:47:03.582+0000] {logging_mixin.py:188} INFO - [2026-05-28T08:47:03.582+0000] {dag.py:3834} INFO - Setting next_dagrun for kaldata_scraper to 2026-05-28 00:00:00+00:00, run_after=2026-05-29 00:00:00+00:00
[2026-05-28T08:47:03.637+0000] {processor.py:183} INFO - Processing /opt/airflow/dags/kaldata_dag.py took 0.251 seconds
[2026-05-28T08:47:34.365+0000] {processor.py:161} INFO - Started process (PID=5127) to work on /opt/airflow/dags/kaldata_dag.py
[2026-05-28T08:47:34.371+0000] {processor.py:830} INFO - Processing file /opt/airflow/dags/kaldata_dag.py for tasks to queue
[2026-05-28T08:47:34.374+0000] {logging_mixin.py:188} INFO - [2026-05-28T08:47:34.373+0000] {dagbag.py:540} INFO - Filling up the DagBag from /opt/airflow/dags/kaldata_dag.py
[2026-05-28T08:47:34.417+0000] {processor.py:840} INFO - DAG(s) 'kaldata_scraper' retrieved from /opt/airflow/dags/kaldata_dag.py
[2026-05-28T08:47:34.497+0000] {logging_mixin.py:188} INFO - [2026-05-28T08:47:34.497+0000] {dag.py:3047} INFO - Sync 1 DAGs
[2026-05-28T08:47:34.565+0000] {logging_mixin.py:188} INFO - [2026-05-28T08:47:34.564+0000] {dag.py:3834} INFO - Setting next_dagrun for kaldata_scraper to 2026-05-28 00:00:00+00:00, run_after=2026-05-29 00:00:00+00:00
[2026-05-28T08:47:34.618+0000] {processor.py:183} INFO - Processing /opt/airflow/dags/kaldata_dag.py took 0.264 seconds
[2026-05-28T08:48:04.818+0000] {processor.py:161} INFO - Started process (PID=5157) to work on /opt/airflow/dags/kaldata_dag.py
[2026-05-28T08:48:04.821+0000] {processor.py:830} INFO - Processing file /opt/airflow/dags/kaldata_dag.py for tasks to queue
[2026-05-28T08:48:04.825+0000] {logging_mixin.py:188} INFO - [2026-05-28T08:48:04.823+0000] {dagbag.py:540} INFO - Filling up the DagBag from /opt/airflow/dags/kaldata_dag.py
[2026-05-28T08:48:04.862+0000] {processor.py:840} INFO - DAG(s) 'kaldata_scraper' retrieved from /opt/airflow/dags/kaldata_dag.py
[2026-05-28T08:48:04.936+0000] {logging_mixin.py:188} INFO - [2026-05-28T08:48:04.936+0000] {dag.py:3047} INFO - Sync 1 DAGs
[2026-05-28T08:48:05.000+0000] {logging_mixin.py:188} INFO - [2026-05-28T08:48:04.999+0000] {dag.py:3834} INFO - Setting next_dagrun for kaldata_scraper to 2026-05-28 00:00:00+00:00, run_after=2026-05-29 00:00:00+00:00
[2026-05-28T08:48:05.051+0000] {processor.py:183} INFO - Processing /opt/airflow/dags/kaldata_dag.py took 0.244 seconds
[2026-05-28T08:48:36.039+0000] {processor.py:161} INFO - Started process (PID=5185) to work on /opt/airflow/dags/kaldata_dag.py
[2026-05-28T08:48:36.044+0000] {processor.py:830} INFO - Processing file /opt/airflow/dags/kaldata_dag.py for tasks to queue
[2026-05-28T08:48:36.047+0000] {logging_mixin.py:188} INFO - [2026-05-28T08:48:36.046+0000] {dagbag.py:540} INFO - Filling up the DagBag from /opt/airflow/dags/kaldata_dag.py
[2026-05-28T08:48:36.312+0000] {processor.py:840} INFO - DAG(s) 'kaldata_scraper' retrieved from /opt/airflow/dags/kaldata_dag.py
[2026-05-28T08:48:36.577+0000] {logging_mixin.py:188} INFO - [2026-05-28T08:48:36.575+0000] {dag.py:3047} INFO - Sync 1 DAGs
[2026-05-28T08:48:36.847+0000] {logging_mixin.py:188} INFO - [2026-05-28T08:48:36.846+0000] {dag.py:3834} INFO - Setting next_dagrun for kaldata_scraper to 2026-05-28 00:00:00+00:00, run_after=2026-05-29 00:00:00+00:00
[2026-05-28T08:48:37.202+0000] {processor.py:183} INFO - Processing /opt/airflow/dags/kaldata_dag.py took 1.177 seconds
[2026-05-28T08:49:08.096+0000] {processor.py:161} INFO - Started process (PID=5215) to work on /opt/airflow/dags/kaldata_dag.py
[2026-05-28T08:49:08.112+0000] {processor.py:830} INFO - Processing file /opt/airflow/dags/kaldata_dag.py for tasks to queue
[2026-05-28T08:49:08.143+0000] {logging_mixin.py:188} INFO - [2026-05-28T08:49:08.141+0000] {dagbag.py:540} INFO - Filling up the DagBag from /opt/airflow/dags/kaldata_dag.py
[2026-05-28T08:49:09.368+0000] {processor.py:840} INFO - DAG(s) 'kaldata_scraper' retrieved from /opt/airflow/dags/kaldata_dag.py
[2026-05-28T08:49:09.684+0000] {logging_mixin.py:188} INFO - [2026-05-28T08:49:09.682+0000] {dag.py:3047} INFO - Sync 1 DAGs
[2026-05-28T08:49:09.948+0000] {logging_mixin.py:188} INFO - [2026-05-28T08:49:09.928+0000] {dag.py:3834} INFO - Setting next_dagrun for kaldata_scraper to 2026-05-28 00:00:00+00:00, run_after=2026-05-29 00:00:00+00:00
[2026-05-28T08:49:10.166+0000] {processor.py:183} INFO - Processing /opt/airflow/dags/kaldata_dag.py took 2.124 seconds
[2026-05-28T08:49:40.898+0000] {processor.py:161} INFO - Started process (PID=5247) to work on /opt/airflow/dags/kaldata_dag.py
[2026-05-28T08:49:40.911+0000] {processor.py:830} INFO - Processing file /opt/airflow/dags/kaldata_dag.py for tasks to queue
[2026-05-28T08:49:40.927+0000] {logging_mixin.py:188} INFO - [2026-05-28T08:49:40.926+0000] {dagbag.py:540} INFO - Filling up the DagBag from /opt/airflow/dags/kaldata_dag.py
[2026-05-28T08:49:41.854+0000] {processor.py:840} INFO - DAG(s) 'kaldata_scraper' retrieved from /opt/airflow/dags/kaldata_dag.py
[2026-05-28T08:49:42.024+0000] {logging_mixin.py:188} INFO - [2026-05-28T08:49:42.023+0000] {dag.py:3047} INFO - Sync 1 DAGs
[2026-05-28T08:49:42.108+0000] {logging_mixin.py:188} INFO - [2026-05-28T08:49:42.107+0000] {dag.py:3834} INFO - Setting next_dagrun for kaldata_scraper to 2026-05-28 00:00:00+00:00, run_after=2026-05-29 00:00:00+00:00
[2026-05-28T08:49:42.183+0000] {processor.py:183} INFO - Processing /opt/airflow/dags/kaldata_dag.py took 1.306 seconds
[2026-05-28T08:50:13.081+0000] {processor.py:161} INFO - Started process (PID=5277) to work on /opt/airflow/dags/kaldata_dag.py
[2026-05-28T08:50:13.085+0000] {processor.py:830} INFO - Processing file /opt/airflow/dags/kaldata_dag.py for tasks to queue
[2026-05-28T08:50:13.096+0000] {logging_mixin.py:188} INFO - [2026-05-28T08:50:13.090+0000] {dagbag.py:540} INFO - Filling up the DagBag from /opt/airflow/dags/kaldata_dag.py
[2026-05-28T08:50:13.148+0000] {processor.py:840} INFO - DAG(s) 'kaldata_scraper' retrieved from /opt/airflow/dags/kaldata_dag.py
[2026-05-28T08:50:13.291+0000] {logging_mixin.py:188} INFO - [2026-05-28T08:50:13.291+0000] {dag.py:3047} INFO - Sync 1 DAGs
[2026-05-28T08:50:13.365+0000] {logging_mixin.py:188} INFO - [2026-05-28T08:50:13.364+0000] {dag.py:3834} INFO - Setting next_dagrun for kaldata_scraper to 2026-05-28 00:00:00+00:00, run_after=2026-05-29 00:00:00+00:00
[2026-05-28T08:50:13.428+0000] {processor.py:183} INFO - Processing /opt/airflow/dags/kaldata_dag.py took 0.361 seconds
[2026-05-28T08:50:45.205+0000] {processor.py:161} INFO - Started process (PID=5307) to work on /opt/airflow/dags/kaldata_dag.py
[2026-05-28T08:50:45.208+0000] {processor.py:830} INFO - Processing file /opt/airflow/dags/kaldata_dag.py for tasks to queue
[2026-05-28T08:50:45.211+0000] {logging_mixin.py:188} INFO - [2026-05-28T08:50:45.210+0000] {dagbag.py:540} INFO - Filling up the DagBag from /opt/airflow/dags/kaldata_dag.py
[2026-05-28T08:50:45.255+0000] {processor.py:840} INFO - DAG(s) 'kaldata_scraper' retrieved from /opt/airflow/dags/kaldata_dag.py
[2026-05-28T08:50:45.332+0000] {logging_mixin.py:188} INFO - [2026-05-28T08:50:45.331+0000] {dag.py:3047} INFO - Sync 1 DAGs
[2026-05-28T08:50:45.395+0000] {logging_mixin.py:188} INFO - [2026-05-28T08:50:45.393+0000] {dag.py:3834} INFO - Setting next_dagrun for kaldata_scraper to 2026-05-28 00:00:00+00:00, run_after=2026-05-29 00:00:00+00:00
[2026-05-28T08:50:45.458+0000] {processor.py:183} INFO - Processing /opt/airflow/dags/kaldata_dag.py took 0.266 seconds
[2026-05-28T08:51:16.528+0000] {processor.py:161} INFO - Started process (PID=5335) to work on /opt/airflow/dags/kaldata_dag.py
[2026-05-28T08:51:16.532+0000] {processor.py:830} INFO - Processing file /opt/airflow/dags/kaldata_dag.py for tasks to queue
[2026-05-28T08:51:16.537+0000] {logging_mixin.py:188} INFO - [2026-05-28T08:51:16.535+0000] {dagbag.py:540} INFO - Filling up the DagBag from /opt/airflow/dags/kaldata_dag.py
[2026-05-28T08:51:16.703+0000] {processor.py:840} INFO - DAG(s) 'kaldata_scraper' retrieved from /opt/airflow/dags/kaldata_dag.py
[2026-05-28T08:51:16.910+0000] {logging_mixin.py:188} INFO - [2026-05-28T08:51:16.910+0000] {dag.py:3047} INFO - Sync 1 DAGs
[2026-05-28T08:51:17.099+0000] {logging_mixin.py:188} INFO - [2026-05-28T08:51:17.089+0000] {dag.py:3834} INFO - Setting next_dagrun for kaldata_scraper to 2026-05-28 00:00:00+00:00, run_after=2026-05-29 00:00:00+00:00
[2026-05-28T08:51:17.250+0000] {processor.py:183} INFO - Processing /opt/airflow/dags/kaldata_dag.py took 0.735 seconds
[2026-05-28T08:51:48.310+0000] {processor.py:161} INFO - Started process (PID=5367) to work on /opt/airflow/dags/kaldata_dag.py
[2026-05-28T08:51:48.335+0000] {processor.py:830} INFO - Processing file /opt/airflow/dags/kaldata_dag.py for tasks to queue
[2026-05-28T08:51:48.350+0000] {logging_mixin.py:188} INFO - [2026-05-28T08:51:48.349+0000] {dagbag.py:540} INFO - Filling up the DagBag from /opt/airflow/dags/kaldata_dag.py
[2026-05-28T08:51:48.503+0000] {processor.py:840} INFO - DAG(s) 'kaldata_scraper' retrieved from /opt/airflow/dags/kaldata_dag.py
[2026-05-28T08:51:48.584+0000] {logging_mixin.py:188} INFO - [2026-05-28T08:51:48.583+0000] {dag.py:3047} INFO - Sync 1 DAGs
[2026-05-28T08:51:48.658+0000] {logging_mixin.py:188} INFO - [2026-05-28T08:51:48.657+0000] {dag.py:3834} INFO - Setting next_dagrun for kaldata_scraper to 2026-05-28 00:00:00+00:00, run_after=2026-05-29 00:00:00+00:00
[2026-05-28T08:51:48.715+0000] {processor.py:183} INFO - Processing /opt/airflow/dags/kaldata_dag.py took 0.439 seconds
[2026-05-28T08:52:19.116+0000] {processor.py:161} INFO - Started process (PID=5395) to work on /opt/airflow/dags/kaldata_dag.py
[2026-05-28T08:52:19.121+0000] {processor.py:830} INFO - Processing file /opt/airflow/dags/kaldata_dag.py for tasks to queue
[2026-05-28T08:52:19.129+0000] {logging_mixin.py:188} INFO - [2026-05-28T08:52:19.128+0000] {dagbag.py:540} INFO - Filling up the DagBag from /opt/airflow/dags/kaldata_dag.py
[2026-05-28T08:52:19.188+0000] {processor.py:840} INFO - DAG(s) 'kaldata_scraper' retrieved from /opt/airflow/dags/kaldata_dag.py
[2026-05-28T08:52:19.382+0000] {logging_mixin.py:188} INFO - [2026-05-28T08:52:19.381+0000] {dag.py:3047} INFO - Sync 1 DAGs
[2026-05-28T08:52:19.749+0000] {logging_mixin.py:188} INFO - [2026-05-28T08:52:19.749+0000] {dag.py:3834} INFO - Setting next_dagrun for kaldata_scraper to 2026-05-28 00:00:00+00:00, run_after=2026-05-29 00:00:00+00:00
[2026-05-28T08:52:19.925+0000] {processor.py:183} INFO - Processing /opt/airflow/dags/kaldata_dag.py took 0.828 seconds
[2026-05-28T08:52:50.414+0000] {processor.py:161} INFO - Started process (PID=5427) to work on /opt/airflow/dags/kaldata_dag.py
[2026-05-28T08:52:50.417+0000] {processor.py:830} INFO - Processing file /opt/airflow/dags/kaldata_dag.py for tasks to queue
[2026-05-28T08:52:50.420+0000] {logging_mixin.py:188} INFO - [2026-05-28T08:52:50.419+0000] {dagbag.py:540} INFO - Filling up the DagBag from /opt/airflow/dags/kaldata_dag.py
[2026-05-28T08:52:50.468+0000] {processor.py:840} INFO - DAG(s) 'kaldata_scraper' retrieved from /opt/airflow/dags/kaldata_dag.py
[2026-05-28T08:52:50.545+0000] {logging_mixin.py:188} INFO - [2026-05-28T08:52:50.544+0000] {dag.py:3047} INFO - Sync 1 DAGs
[2026-05-28T08:52:50.630+0000] {logging_mixin.py:188} INFO - [2026-05-28T08:52:50.629+0000] {dag.py:3834} INFO - Setting next_dagrun for kaldata_scraper to 2026-05-28 00:00:00+00:00, run_after=2026-05-29 00:00:00+00:00
[2026-05-28T08:52:50.757+0000] {processor.py:183} INFO - Processing /opt/airflow/dags/kaldata_dag.py took 0.356 seconds
[2026-05-28T08:53:21.559+0000] {processor.py:161} INFO - Started process (PID=5455) to work on /opt/airflow/dags/kaldata_dag.py
[2026-05-28T08:53:21.563+0000] {processor.py:830} INFO - Processing file /opt/airflow/dags/kaldata_dag.py for tasks to queue
[2026-05-28T08:53:21.568+0000] {logging_mixin.py:188} INFO - [2026-05-28T08:53:21.567+0000] {dagbag.py:540} INFO - Filling up the DagBag from /opt/airflow/dags/kaldata_dag.py
[2026-05-28T08:53:21.627+0000] {processor.py:840} INFO - DAG(s) 'kaldata_scraper' retrieved from /opt/airflow/dags/kaldata_dag.py
[2026-05-28T08:53:21.784+0000] {logging_mixin.py:188} INFO - [2026-05-28T08:53:21.783+0000] {dag.py:3047} INFO - Sync 1 DAGs
[2026-05-28T08:53:21.862+0000] {logging_mixin.py:188} INFO - [2026-05-28T08:53:21.862+0000] {dag.py:3834} INFO - Setting next_dagrun for kaldata_scraper to 2026-05-28 00:00:00+00:00, run_after=2026-05-29 00:00:00+00:00
[2026-05-28T08:53:21.943+0000] {processor.py:183} INFO - Processing /opt/airflow/dags/kaldata_dag.py took 0.396 seconds
[2026-05-28T08:54:01.714+0000] {processor.py:161} INFO - Started process (PID=5487) to work on /opt/airflow/dags/kaldata_dag.py
[2026-05-28T08:54:01.734+0000] {processor.py:830} INFO - Processing file /opt/airflow/dags/kaldata_dag.py for tasks to queue
[2026-05-28T08:54:01.742+0000] {logging_mixin.py:188} INFO - [2026-05-28T08:54:01.740+0000] {dagbag.py:540} INFO - Filling up the DagBag from /opt/airflow/dags/kaldata_dag.py
[2026-05-28T08:54:01.865+0000] {processor.py:840} INFO - DAG(s) 'kaldata_scraper' retrieved from /opt/airflow/dags/kaldata_dag.py
[2026-05-28T08:54:02.152+0000] {logging_mixin.py:188} INFO - [2026-05-28T08:54:02.152+0000] {dag.py:3047} INFO - Sync 1 DAGs
[2026-05-28T08:54:02.459+0000] {logging_mixin.py:188} INFO - [2026-05-28T08:54:02.454+0000] {dag.py:3834} INFO - Setting next_dagrun for kaldata_scraper to 2026-05-28 00:00:00+00:00, run_after=2026-05-29 00:00:00+00:00
[2026-05-28T08:54:02.712+0000] {processor.py:183} INFO - Processing /opt/airflow/dags/kaldata_dag.py took 1.014 seconds
[2026-05-28T08:54:33.225+0000] {processor.py:161} INFO - Started process (PID=5517) to work on /opt/airflow/dags/kaldata_dag.py
[2026-05-28T08:54:33.230+0000] {processor.py:830} INFO - Processing file /opt/airflow/dags/kaldata_dag.py for tasks to queue
[2026-05-28T08:54:33.234+0000] {logging_mixin.py:188} INFO - [2026-05-28T08:54:33.233+0000] {dagbag.py:540} INFO - Filling up the DagBag from /opt/airflow/dags/kaldata_dag.py
[2026-05-28T08:54:33.282+0000] {processor.py:840} INFO - DAG(s) 'kaldata_scraper' retrieved from /opt/airflow/dags/kaldata_dag.py
[2026-05-28T08:54:33.396+0000] {logging_mixin.py:188} INFO - [2026-05-28T08:54:33.395+0000] {dag.py:3047} INFO - Sync 1 DAGs
[2026-05-28T08:54:33.471+0000] {logging_mixin.py:188} INFO - [2026-05-28T08:54:33.471+0000] {dag.py:3834} INFO - Setting next_dagrun for kaldata_scraper to 2026-05-28 00:00:00+00:00, run_after=2026-05-29 00:00:00+00:00
[2026-05-28T08:54:33.535+0000] {processor.py:183} INFO - Processing /opt/airflow/dags/kaldata_dag.py took 0.326 seconds
[2026-05-28T08:55:18.309+0000] {processor.py:161} INFO - Started process (PID=5547) to work on /opt/airflow/dags/kaldata_dag.py
[2026-05-28T08:55:18.322+0000] {processor.py:830} INFO - Processing file /opt/airflow/dags/kaldata_dag.py for tasks to queue
[2026-05-28T08:55:18.336+0000] {logging_mixin.py:188} INFO - [2026-05-28T08:55:18.325+0000] {dagbag.py:540} INFO - Filling up the DagBag from /opt/airflow/dags/kaldata_dag.py
[2026-05-28T08:55:18.610+0000] {processor.py:840} INFO - DAG(s) 'kaldata_scraper' retrieved from /opt/airflow/dags/kaldata_dag.py
[2026-05-28T08:55:18.793+0000] {logging_mixin.py:188} INFO - [2026-05-28T08:55:18.792+0000] {dag.py:3047} INFO - Sync 1 DAGs
[2026-05-28T08:55:19.001+0000] {logging_mixin.py:188} INFO - [2026-05-28T08:55:19.000+0000] {dag.py:3834} INFO - Setting next_dagrun for kaldata_scraper to 2026-05-28 00:00:00+00:00, run_after=2026-05-29 00:00:00+00:00
[2026-05-28T08:55:19.323+0000] {processor.py:183} INFO - Processing /opt/airflow/dags/kaldata_dag.py took 1.033 seconds
[2026-05-28T08:55:50.212+0000] {processor.py:161} INFO - Started process (PID=5577) to work on /opt/airflow/dags/kaldata_dag.py
[2026-05-28T08:55:50.219+0000] {processor.py:830} INFO - Processing file /opt/airflow/dags/kaldata_dag.py for tasks to queue
[2026-05-28T08:55:50.223+0000] {logging_mixin.py:188} INFO - [2026-05-28T08:55:50.221+0000] {dagbag.py:540} INFO - Filling up the DagBag from /opt/airflow/dags/kaldata_dag.py
[2026-05-28T08:55:50.285+0000] {processor.py:840} INFO - DAG(s) 'kaldata_scraper' retrieved from /opt/airflow/dags/kaldata_dag.py
[2026-05-28T08:55:50.391+0000] {logging_mixin.py:188} INFO - [2026-05-28T08:55:50.390+0000] {dag.py:3047} INFO - Sync 1 DAGs
[2026-05-28T08:55:50.496+0000] {logging_mixin.py:188} INFO - [2026-05-28T08:55:50.496+0000] {dag.py:3834} INFO - Setting next_dagrun for kaldata_scraper to 2026-05-28 00:00:00+00:00, run_after=2026-05-29 00:00:00+00:00
[2026-05-28T08:55:50.572+0000] {processor.py:183} INFO - Processing /opt/airflow/dags/kaldata_dag.py took 0.373 seconds
[2026-05-28T08:56:24.043+0000] {processor.py:161} INFO - Started process (PID=5607) to work on /opt/airflow/dags/kaldata_dag.py
[2026-05-28T08:56:24.046+0000] {processor.py:830} INFO - Processing file /opt/airflow/dags/kaldata_dag.py for tasks to queue
[2026-05-28T08:56:24.051+0000] {logging_mixin.py:188} INFO - [2026-05-28T08:56:24.050+0000] {dagbag.py:540} INFO - Filling up the DagBag from /opt/airflow/dags/kaldata_dag.py
[2026-05-28T08:56:24.207+0000] {processor.py:840} INFO - DAG(s) 'kaldata_scraper' retrieved from /opt/airflow/dags/kaldata_dag.py
[2026-05-28T08:56:24.408+0000] {logging_mixin.py:188} INFO - [2026-05-28T08:56:24.407+0000] {dag.py:3047} INFO - Sync 1 DAGs
[2026-05-28T08:56:24.638+0000] {logging_mixin.py:188} INFO - [2026-05-28T08:56:24.638+0000] {dag.py:3834} INFO - Setting next_dagrun for kaldata_scraper to 2026-05-28 00:00:00+00:00, run_after=2026-05-29 00:00:00+00:00
[2026-05-28T08:56:24.953+0000] {processor.py:183} INFO - Processing /opt/airflow/dags/kaldata_dag.py took 0.921 seconds
[2026-05-28T08:56:56.200+0000] {processor.py:161} INFO - Started process (PID=5637) to work on /opt/airflow/dags/kaldata_dag.py
[2026-05-28T08:56:56.204+0000] {processor.py:830} INFO - Processing file /opt/airflow/dags/kaldata_dag.py for tasks to queue
[2026-05-28T08:56:56.207+0000] {logging_mixin.py:188} INFO - [2026-05-28T08:56:56.206+0000] {dagbag.py:540} INFO - Filling up the DagBag from /opt/airflow/dags/kaldata_dag.py
[2026-05-28T08:56:56.249+0000] {processor.py:840} INFO - DAG(s) 'kaldata_scraper' retrieved from /opt/airflow/dags/kaldata_dag.py
[2026-05-28T08:56:56.333+0000] {logging_mixin.py:188} INFO - [2026-05-28T08:56:56.332+0000] {dag.py:3047} INFO - Sync 1 DAGs
[2026-05-28T08:56:56.418+0000] {logging_mixin.py:188} INFO - [2026-05-28T08:56:56.417+0000] {dag.py:3834} INFO - Setting next_dagrun for kaldata_scraper to 2026-05-28 00:00:00+00:00, run_after=2026-05-29 00:00:00+00:00
[2026-05-28T08:56:56.504+0000] {processor.py:183} INFO - Processing /opt/airflow/dags/kaldata_dag.py took 0.315 seconds
[2026-05-28T08:57:31.289+0000] {processor.py:161} INFO - Started process (PID=5667) to work on /opt/airflow/dags/kaldata_dag.py
[2026-05-28T08:57:31.293+0000] {processor.py:830} INFO - Processing file /opt/airflow/dags/kaldata_dag.py for tasks to queue
[2026-05-28T08:57:31.298+0000] {logging_mixin.py:188} INFO - [2026-05-28T08:57:31.297+0000] {dagbag.py:540} INFO - Filling up the DagBag from /opt/airflow/dags/kaldata_dag.py
[2026-05-28T08:57:31.357+0000] {processor.py:840} INFO - DAG(s) 'kaldata_scraper' retrieved from /opt/airflow/dags/kaldata_dag.py
[2026-05-28T08:57:31.539+0000] {logging_mixin.py:188} INFO - [2026-05-28T08:57:31.538+0000] {dag.py:3047} INFO - Sync 1 DAGs
[2026-05-28T08:57:31.611+0000] {logging_mixin.py:188} INFO - [2026-05-28T08:57:31.611+0000] {dag.py:3834} INFO - Setting next_dagrun for kaldata_scraper to 2026-05-28 00:00:00+00:00, run_after=2026-05-29 00:00:00+00:00
[2026-05-28T08:57:31.684+0000] {processor.py:183} INFO - Processing /opt/airflow/dags/kaldata_dag.py took 0.415 seconds
[2026-05-28T08:58:02.182+0000] {processor.py:161} INFO - Started process (PID=5695) to work on /opt/airflow/dags/kaldata_dag.py
[2026-05-28T08:58:02.186+0000] {processor.py:830} INFO - Processing file /opt/airflow/dags/kaldata_dag.py for tasks to queue
[2026-05-28T08:58:02.190+0000] {logging_mixin.py:188} INFO - [2026-05-28T08:58:02.189+0000] {dagbag.py:540} INFO - Filling up the DagBag from /opt/airflow/dags/kaldata_dag.py
[2026-05-28T08:58:02.330+0000] {processor.py:840} INFO - DAG(s) 'kaldata_scraper' retrieved from /opt/airflow/dags/kaldata_dag.py
[2026-05-28T08:58:02.410+0000] {logging_mixin.py:188} INFO - [2026-05-28T08:58:02.410+0000] {dag.py:3047} INFO - Sync 1 DAGs
[2026-05-28T08:58:02.566+0000] {logging_mixin.py:188} INFO - [2026-05-28T08:58:02.566+0000] {dag.py:3834} INFO - Setting next_dagrun for kaldata_scraper to 2026-05-28 00:00:00+00:00, run_after=2026-05-29 00:00:00+00:00
[2026-05-28T08:58:02.819+0000] {processor.py:183} INFO - Processing /opt/airflow/dags/kaldata_dag.py took 0.660 seconds
[2026-05-28T08:58:33.553+0000] {processor.py:161} INFO - Started process (PID=5725) to work on /opt/airflow/dags/kaldata_dag.py
[2026-05-28T08:58:33.558+0000] {processor.py:830} INFO - Processing file /opt/airflow/dags/kaldata_dag.py for tasks to queue
[2026-05-28T08:58:33.561+0000] {logging_mixin.py:188} INFO - [2026-05-28T08:58:33.560+0000] {dagbag.py:540} INFO - Filling up the DagBag from /opt/airflow/dags/kaldata_dag.py
[2026-05-28T08:58:33.606+0000] {processor.py:840} INFO - DAG(s) 'kaldata_scraper' retrieved from /opt/airflow/dags/kaldata_dag.py
[2026-05-28T08:58:33.708+0000] {logging_mixin.py:188} INFO - [2026-05-28T08:58:33.708+0000] {dag.py:3047} INFO - Sync 1 DAGs
[2026-05-28T08:58:33.771+0000] {logging_mixin.py:188} INFO - [2026-05-28T08:58:33.770+0000] {dag.py:3834} INFO - Setting next_dagrun for kaldata_scraper to 2026-05-28 00:00:00+00:00, run_after=2026-05-29 00:00:00+00:00
[2026-05-28T08:58:33.828+0000] {processor.py:183} INFO - Processing /opt/airflow/dags/kaldata_dag.py took 0.288 seconds
[2026-05-28T08:59:04.844+0000] {processor.py:161} INFO - Started process (PID=5757) to work on /opt/airflow/dags/kaldata_dag.py
[2026-05-28T08:59:04.860+0000] {processor.py:830} INFO - Processing file /opt/airflow/dags/kaldata_dag.py for tasks to queue
[2026-05-28T08:59:04.877+0000] {logging_mixin.py:188} INFO - [2026-05-28T08:59:04.876+0000] {dagbag.py:540} INFO - Filling up the DagBag from /opt/airflow/dags/kaldata_dag.py
[2026-05-28T08:59:05.019+0000] {processor.py:840} INFO - DAG(s) 'kaldata_scraper' retrieved from /opt/airflow/dags/kaldata_dag.py
[2026-05-28T08:59:05.091+0000] {logging_mixin.py:188} INFO - [2026-05-28T08:59:05.091+0000] {dag.py:3047} INFO - Sync 1 DAGs
[2026-05-28T08:59:05.154+0000] {logging_mixin.py:188} INFO - [2026-05-28T08:59:05.154+0000] {dag.py:3834} INFO - Setting next_dagrun for kaldata_scraper to 2026-05-28 00:00:00+00:00, run_after=2026-05-29 00:00:00+00:00
[2026-05-28T08:59:05.209+0000] {processor.py:183} INFO - Processing /opt/airflow/dags/kaldata_dag.py took 0.393 seconds
[2026-05-28T08:59:38.139+0000] {processor.py:161} INFO - Started process (PID=5787) to work on /opt/airflow/dags/kaldata_dag.py
[2026-05-28T08:59:38.155+0000] {processor.py:830} INFO - Processing file /opt/airflow/dags/kaldata_dag.py for tasks to queue
[2026-05-28T08:59:38.181+0000] {logging_mixin.py:188} INFO - [2026-05-28T08:59:38.180+0000] {dagbag.py:540} INFO - Filling up the DagBag from /opt/airflow/dags/kaldata_dag.py
[2026-05-28T08:59:40.121+0000] {processor.py:840} INFO - DAG(s) 'kaldata_scraper' retrieved from /opt/airflow/dags/kaldata_dag.py
[2026-05-28T08:59:40.443+0000] {logging_mixin.py:188} INFO - [2026-05-28T08:59:40.442+0000] {dag.py:3047} INFO - Sync 1 DAGs
[2026-05-28T08:59:40.607+0000] {logging_mixin.py:188} INFO - [2026-05-28T08:59:40.606+0000] {dag.py:3834} INFO - Setting next_dagrun for kaldata_scraper to 2026-05-28 00:00:00+00:00, run_after=2026-05-29 00:00:00+00:00
[2026-05-28T08:59:40.798+0000] {processor.py:183} INFO - Processing /opt/airflow/dags/kaldata_dag.py took 2.709 seconds
[2026-05-28T09:00:12.046+0000] {processor.py:161} INFO - Started process (PID=5817) to work on /opt/airflow/dags/kaldata_dag.py
[2026-05-28T09:00:12.058+0000] {processor.py:830} INFO - Processing file /opt/airflow/dags/kaldata_dag.py for tasks to queue
[2026-05-28T09:00:12.067+0000] {logging_mixin.py:188} INFO - [2026-05-28T09:00:12.064+0000] {dagbag.py:540} INFO - Filling up the DagBag from /opt/airflow/dags/kaldata_dag.py
[2026-05-28T09:00:12.155+0000] {processor.py:840} INFO - DAG(s) 'kaldata_scraper' retrieved from /opt/airflow/dags/kaldata_dag.py
[2026-05-28T09:00:12.365+0000] {logging_mixin.py:188} INFO - [2026-05-28T09:00:12.364+0000] {dag.py:3047} INFO - Sync 1 DAGs
[2026-05-28T09:00:12.448+0000] {logging_mixin.py:188} INFO - [2026-05-28T09:00:12.446+0000] {dag.py:3834} INFO - Setting next_dagrun for kaldata_scraper to 2026-05-28 00:00:00+00:00, run_after=2026-05-29 00:00:00+00:00
[2026-05-28T09:00:12.522+0000] {processor.py:183} INFO - Processing /opt/airflow/dags/kaldata_dag.py took 0.503 seconds
[2026-05-28T09:00:44.267+0000] {processor.py:161} INFO - Started process (PID=5847) to work on /opt/airflow/dags/kaldata_dag.py
[2026-05-28T09:00:44.273+0000] {processor.py:830} INFO - Processing file /opt/airflow/dags/kaldata_dag.py for tasks to queue
[2026-05-28T09:00:44.277+0000] {logging_mixin.py:188} INFO - [2026-05-28T09:00:44.275+0000] {dagbag.py:540} INFO - Filling up the DagBag from /opt/airflow/dags/kaldata_dag.py
[2026-05-28T09:00:44.415+0000] {processor.py:840} INFO - DAG(s) 'kaldata_scraper' retrieved from /opt/airflow/dags/kaldata_dag.py
[2026-05-28T09:00:44.676+0000] {logging_mixin.py:188} INFO - [2026-05-28T09:00:44.676+0000] {dag.py:3047} INFO - Sync 1 DAGs
[2026-05-28T09:00:44.865+0000] {logging_mixin.py:188} INFO - [2026-05-28T09:00:44.865+0000] {dag.py:3834} INFO - Setting next_dagrun for kaldata_scraper to 2026-05-28 00:00:00+00:00, run_after=2026-05-29 00:00:00+00:00
[2026-05-28T09:00:44.923+0000] {processor.py:183} INFO - Processing /opt/airflow/dags/kaldata_dag.py took 0.680 seconds
[2026-05-28T09:01:15.428+0000] {processor.py:161} INFO - Started process (PID=5877) to work on /opt/airflow/dags/kaldata_dag.py
[2026-05-28T09:01:15.431+0000] {processor.py:830} INFO - Processing file /opt/airflow/dags/kaldata_dag.py for tasks to queue
[2026-05-28T09:01:15.434+0000] {logging_mixin.py:188} INFO - [2026-05-28T09:01:15.434+0000] {dagbag.py:540} INFO - Filling up the DagBag from /opt/airflow/dags/kaldata_dag.py
[2026-05-28T09:01:15.477+0000] {processor.py:840} INFO - DAG(s) 'kaldata_scraper' retrieved from /opt/airflow/dags/kaldata_dag.py
[2026-05-28T09:01:15.552+0000] {logging_mixin.py:188} INFO - [2026-05-28T09:01:15.552+0000] {dag.py:3047} INFO - Sync 1 DAGs
[2026-05-28T09:01:15.617+0000] {logging_mixin.py:188} INFO - [2026-05-28T09:01:15.616+0000] {dag.py:3834} INFO - Setting next_dagrun for kaldata_scraper to 2026-05-28 00:00:00+00:00, run_after=2026-05-29 00:00:00+00:00
[2026-05-28T09:01:15.682+0000] {processor.py:183} INFO - Processing /opt/airflow/dags/kaldata_dag.py took 0.281 seconds
[2026-05-28T09:01:50.245+0000] {processor.py:161} INFO - Started process (PID=5907) to work on /opt/airflow/dags/kaldata_dag.py
[2026-05-28T09:01:50.262+0000] {processor.py:830} INFO - Processing file /opt/airflow/dags/kaldata_dag.py for tasks to queue
[2026-05-28T09:01:50.268+0000] {logging_mixin.py:188} INFO - [2026-05-28T09:01:50.267+0000] {dagbag.py:540} INFO - Filling up the DagBag from /opt/airflow/dags/kaldata_dag.py
[2026-05-28T09:01:50.576+0000] {processor.py:840} INFO - DAG(s) 'kaldata_scraper' retrieved from /opt/airflow/dags/kaldata_dag.py
[2026-05-28T09:01:50.860+0000] {logging_mixin.py:188} INFO - [2026-05-28T09:01:50.849+0000] {dag.py:3047} INFO - Sync 1 DAGs
[2026-05-28T09:01:51.140+0000] {logging_mixin.py:188} INFO - [2026-05-28T09:01:51.127+0000] {dag.py:3834} INFO - Setting next_dagrun for kaldata_scraper to 2026-05-28 00:00:00+00:00, run_after=2026-05-29 00:00:00+00:00
[2026-05-28T09:01:51.572+0000] {processor.py:183} INFO - Processing /opt/airflow/dags/kaldata_dag.py took 1.347 seconds
[2026-05-28T09:02:25.317+0000] {processor.py:161} INFO - Started process (PID=5937) to work on /opt/airflow/dags/kaldata_dag.py
[2026-05-28T09:02:25.334+0000] {processor.py:830} INFO - Processing file /opt/airflow/dags/kaldata_dag.py for tasks to queue
[2026-05-28T09:02:25.380+0000] {logging_mixin.py:188} INFO - [2026-05-28T09:02:25.379+0000] {dagbag.py:540} INFO - Filling up the DagBag from /opt/airflow/dags/kaldata_dag.py
[2026-05-28T09:02:27.422+0000] {processor.py:840} INFO - DAG(s) 'kaldata_scraper' retrieved from /opt/airflow/dags/kaldata_dag.py
[2026-05-28T09:02:27.795+0000] {logging_mixin.py:188} INFO - [2026-05-28T09:02:27.794+0000] {dag.py:3047} INFO - Sync 1 DAGs
[2026-05-28T09:02:28.112+0000] {logging_mixin.py:188} INFO - [2026-05-28T09:02:28.111+0000] {dag.py:3834} INFO - Setting next_dagrun for kaldata_scraper to 2026-05-28 00:00:00+00:00, run_after=2026-05-29 00:00:00+00:00
[2026-05-28T09:02:28.482+0000] {processor.py:183} INFO - Processing /opt/airflow/dags/kaldata_dag.py took 3.174 seconds
[2026-05-28T09:03:02.416+0000] {processor.py:161} INFO - Started process (PID=5965) to work on /opt/airflow/dags/kaldata_dag.py
[2026-05-28T09:03:02.462+0000] {processor.py:830} INFO - Processing file /opt/airflow/dags/kaldata_dag.py for tasks to queue
[2026-05-28T09:03:02.475+0000] {logging_mixin.py:188} INFO - [2026-05-28T09:03:02.474+0000] {dagbag.py:540} INFO - Filling up the DagBag from /opt/airflow/dags/kaldata_dag.py
[2026-05-28T09:03:02.925+0000] {processor.py:840} INFO - DAG(s) 'kaldata_scraper' retrieved from /opt/airflow/dags/kaldata_dag.py
[2026-05-28T09:03:03.149+0000] {logging_mixin.py:188} INFO - [2026-05-28T09:03:03.149+0000] {dag.py:3047} INFO - Sync 1 DAGs
[2026-05-28T09:03:03.371+0000] {logging_mixin.py:188} INFO - [2026-05-28T09:03:03.371+0000] {dag.py:3834} INFO - Setting next_dagrun for kaldata_scraper to 2026-05-28 00:00:00+00:00, run_after=2026-05-29 00:00:00+00:00
[2026-05-28T09:03:03.777+0000] {processor.py:183} INFO - Processing /opt/airflow/dags/kaldata_dag.py took 1.407 seconds
[2026-05-28T09:03:42.450+0000] {processor.py:161} INFO - Started process (PID=5997) to work on /opt/airflow/dags/kaldata_dag.py
[2026-05-28T09:03:42.471+0000] {processor.py:830} INFO - Processing file /opt/airflow/dags/kaldata_dag.py for tasks to queue
[2026-05-28T09:03:42.494+0000] {logging_mixin.py:188} INFO - [2026-05-28T09:03:42.493+0000] {dagbag.py:540} INFO - Filling up the DagBag from /opt/airflow/dags/kaldata_dag.py
[2026-05-28T09:03:44.707+0000] {processor.py:840} INFO - DAG(s) 'kaldata_scraper' retrieved from /opt/airflow/dags/kaldata_dag.py
[2026-05-28T09:03:44.921+0000] {logging_mixin.py:188} INFO - [2026-05-28T09:03:44.920+0000] {dag.py:3047} INFO - Sync 1 DAGs
[2026-05-28T09:03:45.199+0000] {logging_mixin.py:188} INFO - [2026-05-28T09:03:45.187+0000] {dag.py:3834} INFO - Setting next_dagrun for kaldata_scraper to 2026-05-28 00:00:00+00:00, run_after=2026-05-29 00:00:00+00:00
[2026-05-28T09:03:45.476+0000] {processor.py:183} INFO - Processing /opt/airflow/dags/kaldata_dag.py took 3.035 seconds
[2026-05-28T09:04:16.118+0000] {processor.py:161} INFO - Started process (PID=6027) to work on /opt/airflow/dags/kaldata_dag.py
[2026-05-28T09:04:16.123+0000] {processor.py:830} INFO - Processing file /opt/airflow/dags/kaldata_dag.py for tasks to queue
[2026-05-28T09:04:16.128+0000] {logging_mixin.py:188} INFO - [2026-05-28T09:04:16.127+0000] {dagbag.py:540} INFO - Filling up the DagBag from /opt/airflow/dags/kaldata_dag.py
[2026-05-28T09:04:16.180+0000] {processor.py:840} INFO - DAG(s) 'kaldata_scraper' retrieved from /opt/airflow/dags/kaldata_dag.py
[2026-05-28T09:04:16.256+0000] {logging_mixin.py:188} INFO - [2026-05-28T09:04:16.256+0000] {dag.py:3047} INFO - Sync 1 DAGs
[2026-05-28T09:04:16.325+0000] {logging_mixin.py:188} INFO - [2026-05-28T09:04:16.325+0000] {dag.py:3834} INFO - Setting next_dagrun for kaldata_scraper to 2026-05-28 00:00:00+00:00, run_after=2026-05-29 00:00:00+00:00
[2026-05-28T09:04:16.380+0000] {processor.py:183} INFO - Processing /opt/airflow/dags/kaldata_dag.py took 0.274 seconds
[2026-05-28T09:05:22.891+0000] {processor.py:161} INFO - Started process (PID=6057) to work on /opt/airflow/dags/kaldata_dag.py
[2026-05-28T09:05:22.907+0000] {processor.py:830} INFO - Processing file /opt/airflow/dags/kaldata_dag.py for tasks to queue
[2026-05-28T09:05:22.972+0000] {logging_mixin.py:188} INFO - [2026-05-28T09:05:22.971+0000] {dagbag.py:540} INFO - Filling up the DagBag from /opt/airflow/dags/kaldata_dag.py
[2026-05-28T09:05:25.750+0000] {processor.py:840} INFO - DAG(s) 'kaldata_scraper' retrieved from /opt/airflow/dags/kaldata_dag.py
[2026-05-28T09:05:26.000+0000] {logging_mixin.py:188} INFO - [2026-05-28T09:05:25.999+0000] {dag.py:3047} INFO - Sync 1 DAGs
[2026-05-28T09:05:26.496+0000] {logging_mixin.py:188} INFO - [2026-05-28T09:05:26.495+0000] {dag.py:3834} INFO - Setting next_dagrun for kaldata_scraper to 2026-05-28 00:00:00+00:00, run_after=2026-05-29 00:00:00+00:00
[2026-05-28T09:05:26.880+0000] {processor.py:183} INFO - Processing /opt/airflow/dags/kaldata_dag.py took 4.035 seconds
[2026-05-28T09:06:05.612+0000] {processor.py:161} INFO - Started process (PID=6087) to work on /opt/airflow/dags/kaldata_dag.py
[2026-05-28T09:06:05.677+0000] {processor.py:830} INFO - Processing file /opt/airflow/dags/kaldata_dag.py for tasks to queue
[2026-05-28T09:06:05.704+0000] {logging_mixin.py:188} INFO - [2026-05-28T09:06:05.702+0000] {dagbag.py:540} INFO - Filling up the DagBag from /opt/airflow/dags/kaldata_dag.py
[2026-05-28T09:06:08.636+0000] {processor.py:840} INFO - DAG(s) 'kaldata_scraper' retrieved from /opt/airflow/dags/kaldata_dag.py
[2026-05-28T09:06:09.448+0000] {logging_mixin.py:188} INFO - [2026-05-28T09:06:09.447+0000] {dag.py:3047} INFO - Sync 1 DAGs
[2026-05-28T09:06:09.882+0000] {logging_mixin.py:188} INFO - [2026-05-28T09:06:09.882+0000] {dag.py:3834} INFO - Setting next_dagrun for kaldata_scraper to 2026-05-28 00:00:00+00:00, run_after=2026-05-29 00:00:00+00:00
[2026-05-28T09:06:10.667+0000] {processor.py:183} INFO - Processing /opt/airflow/dags/kaldata_dag.py took 5.065 seconds
[2026-05-28T09:06:53.960+0000] {processor.py:161} INFO - Started process (PID=6115) to work on /opt/airflow/dags/kaldata_dag.py
[2026-05-28T09:06:54.023+0000] {processor.py:830} INFO - Processing file /opt/airflow/dags/kaldata_dag.py for tasks to queue
[2026-05-28T09:06:54.072+0000] {logging_mixin.py:188} INFO - [2026-05-28T09:06:54.071+0000] {dagbag.py:540} INFO - Filling up the DagBag from /opt/airflow/dags/kaldata_dag.py
[2026-05-28T09:06:57.344+0000] {processor.py:840} INFO - DAG(s) 'kaldata_scraper' retrieved from /opt/airflow/dags/kaldata_dag.py
[2026-05-28T09:06:58.894+0000] {logging_mixin.py:188} INFO - [2026-05-28T09:06:58.893+0000] {dag.py:3047} INFO - Sync 1 DAGs
[2026-05-28T09:06:59.228+0000] {logging_mixin.py:188} INFO - [2026-05-28T09:06:59.217+0000] {dag.py:3834} INFO - Setting next_dagrun for kaldata_scraper to 2026-05-28 00:00:00+00:00, run_after=2026-05-29 00:00:00+00:00
[2026-05-28T09:06:59.895+0000] {processor.py:183} INFO - Processing /opt/airflow/dags/kaldata_dag.py took 6.000 seconds
[2026-05-28T09:07:37.092+0000] {processor.py:161} INFO - Started process (PID=6147) to work on /opt/airflow/dags/kaldata_dag.py
[2026-05-28T09:07:37.106+0000] {processor.py:830} INFO - Processing file /opt/airflow/dags/kaldata_dag.py for tasks to queue
[2026-05-28T09:07:37.109+0000] {logging_mixin.py:188} INFO - [2026-05-28T09:07:37.108+0000] {dagbag.py:540} INFO - Filling up the DagBag from /opt/airflow/dags/kaldata_dag.py
[2026-05-28T09:07:37.248+0000] {processor.py:840} INFO - DAG(s) 'kaldata_scraper' retrieved from /opt/airflow/dags/kaldata_dag.py
[2026-05-28T09:07:37.410+0000] {logging_mixin.py:188} INFO - [2026-05-28T09:07:37.410+0000] {dag.py:3047} INFO - Sync 1 DAGs
[2026-05-28T09:07:37.683+0000] {logging_mixin.py:188} INFO - [2026-05-28T09:07:37.682+0000] {dag.py:3834} INFO - Setting next_dagrun for kaldata_scraper to 2026-05-28 00:00:00+00:00, run_after=2026-05-29 00:00:00+00:00
[2026-05-28T09:07:39.322+0000] {processor.py:183} INFO - Processing /opt/airflow/dags/kaldata_dag.py took 2.252 seconds
[2026-05-28T09:08:10.655+0000] {processor.py:161} INFO - Started process (PID=6177) to work on /opt/airflow/dags/kaldata_dag.py
[2026-05-28T09:08:10.687+0000] {processor.py:830} INFO - Processing file /opt/airflow/dags/kaldata_dag.py for tasks to queue
[2026-05-28T09:08:10.757+0000] {logging_mixin.py:188} INFO - [2026-05-28T09:08:10.754+0000] {dagbag.py:540} INFO - Filling up the DagBag from /opt/airflow/dags/kaldata_dag.py
[2026-05-28T09:08:12.337+0000] {processor.py:840} INFO - DAG(s) 'kaldata_scraper' retrieved from /opt/airflow/dags/kaldata_dag.py
[2026-05-28T09:08:13.622+0000] {logging_mixin.py:188} INFO - [2026-05-28T09:08:13.621+0000] {dag.py:3047} INFO - Sync 1 DAGs
[2026-05-28T09:08:14.231+0000] {logging_mixin.py:188} INFO - [2026-05-28T09:08:14.221+0000] {dag.py:3834} INFO - Setting next_dagrun for kaldata_scraper to 2026-05-28 00:00:00+00:00, run_after=2026-05-29 00:00:00+00:00
[2026-05-28T09:08:15.453+0000] {processor.py:183} INFO - Processing /opt/airflow/dags/kaldata_dag.py took 4.910 seconds
[2026-05-28T09:08:51.164+0000] {processor.py:161} INFO - Started process (PID=6207) to work on /opt/airflow/dags/kaldata_dag.py
[2026-05-28T09:08:51.171+0000] {processor.py:830} INFO - Processing file /opt/airflow/dags/kaldata_dag.py for tasks to queue
[2026-05-28T09:08:51.195+0000] {logging_mixin.py:188} INFO - [2026-05-28T09:08:51.194+0000] {dagbag.py:540} INFO - Filling up the DagBag from /opt/airflow/dags/kaldata_dag.py
[2026-05-28T09:08:53.969+0000] {processor.py:840} INFO - DAG(s) 'kaldata_scraper' retrieved from /opt/airflow/dags/kaldata_dag.py
[2026-05-28T09:08:54.171+0000] {logging_mixin.py:188} INFO - [2026-05-28T09:08:54.171+0000] {dag.py:3047} INFO - Sync 1 DAGs
[2026-05-28T09:08:54.378+0000] {logging_mixin.py:188} INFO - [2026-05-28T09:08:54.366+0000] {dag.py:3834} INFO - Setting next_dagrun for kaldata_scraper to 2026-05-28 00:00:00+00:00, run_after=2026-05-29 00:00:00+00:00
[2026-05-28T09:08:54.716+0000] {processor.py:183} INFO - Processing /opt/airflow/dags/kaldata_dag.py took 3.572 seconds
[2026-05-28T09:09:26.977+0000] {processor.py:161} INFO - Started process (PID=6242) to work on /opt/airflow/dags/kaldata_dag.py
[2026-05-28T09:09:27.260+0000] {processor.py:830} INFO - Processing file /opt/airflow/dags/kaldata_dag.py for tasks to queue
[2026-05-28T09:09:27.322+0000] {logging_mixin.py:188} INFO - [2026-05-28T09:09:27.321+0000] {dagbag.py:540} INFO - Filling up the DagBag from /opt/airflow/dags/kaldata_dag.py
[2026-05-28T09:09:29.046+0000] {processor.py:840} INFO - DAG(s) 'kaldata_scraper' retrieved from /opt/airflow/dags/kaldata_dag.py
[2026-05-28T09:09:29.378+0000] {logging_mixin.py:188} INFO - [2026-05-28T09:09:29.378+0000] {dag.py:3047} INFO - Sync 1 DAGs
[2026-05-28T09:09:29.612+0000] {logging_mixin.py:188} INFO - [2026-05-28T09:09:29.612+0000] {dag.py:3834} INFO - Setting next_dagrun for kaldata_scraper to 2026-05-28 00:00:00+00:00, run_after=2026-05-29 00:00:00+00:00
[2026-05-28T09:09:30.089+0000] {processor.py:183} INFO - Processing /opt/airflow/dags/kaldata_dag.py took 3.121 seconds
[2026-05-28T09:10:14.890+0000] {processor.py:161} INFO - Started process (PID=6270) to work on /opt/airflow/dags/kaldata_dag.py
[2026-05-28T09:10:15.108+0000] {processor.py:830} INFO - Processing file /opt/airflow/dags/kaldata_dag.py for tasks to queue
[2026-05-28T09:10:15.224+0000] {logging_mixin.py:188} INFO - [2026-05-28T09:10:15.223+0000] {dagbag.py:540} INFO - Filling up the DagBag from /opt/airflow/dags/kaldata_dag.py
[2026-05-28T09:10:19.343+0000] {processor.py:840} INFO - DAG(s) 'kaldata_scraper' retrieved from /opt/airflow/dags/kaldata_dag.py
[2026-05-28T09:10:19.620+0000] {logging_mixin.py:188} INFO - [2026-05-28T09:10:19.620+0000] {dag.py:3047} INFO - Sync 1 DAGs
[2026-05-28T09:10:19.985+0000] {logging_mixin.py:188} INFO - [2026-05-28T09:10:19.984+0000] {dag.py:3834} INFO - Setting next_dagrun for kaldata_scraper to 2026-05-28 00:00:00+00:00, run_after=2026-05-29 00:00:00+00:00
[2026-05-28T09:10:20.726+0000] {processor.py:183} INFO - Processing /opt/airflow/dags/kaldata_dag.py took 5.847 seconds
[2026-05-28T09:10:59.463+0000] {processor.py:161} INFO - Started process (PID=6300) to work on /opt/airflow/dags/kaldata_dag.py
[2026-05-28T09:10:59.573+0000] {processor.py:830} INFO - Processing file /opt/airflow/dags/kaldata_dag.py for tasks to queue
[2026-05-28T09:10:59.625+0000] {logging_mixin.py:188} INFO - [2026-05-28T09:10:59.624+0000] {dagbag.py:540} INFO - Filling up the DagBag from /opt/airflow/dags/kaldata_dag.py
[2026-05-28T09:11:02.474+0000] {processor.py:840} INFO - DAG(s) 'kaldata_scraper' retrieved from /opt/airflow/dags/kaldata_dag.py
[2026-05-28T09:11:03.137+0000] {logging_mixin.py:188} INFO - [2026-05-28T09:11:03.136+0000] {dag.py:3047} INFO - Sync 1 DAGs
[2026-05-28T09:11:03.554+0000] {logging_mixin.py:188} INFO - [2026-05-28T09:11:03.553+0000] {dag.py:3834} INFO - Setting next_dagrun for kaldata_scraper to 2026-05-28 00:00:00+00:00, run_after=2026-05-29 00:00:00+00:00
[2026-05-28T09:11:03.851+0000] {processor.py:183} INFO - Processing /opt/airflow/dags/kaldata_dag.py took 4.409 seconds
[2026-05-28T09:11:34.577+0000] {processor.py:161} INFO - Started process (PID=6330) to work on /opt/airflow/dags/kaldata_dag.py
[2026-05-28T09:11:34.587+0000] {processor.py:830} INFO - Processing file /opt/airflow/dags/kaldata_dag.py for tasks to queue
[2026-05-28T09:11:34.610+0000] {logging_mixin.py:188} INFO - [2026-05-28T09:11:34.608+0000] {dagbag.py:540} INFO - Filling up the DagBag from /opt/airflow/dags/kaldata_dag.py
[2026-05-28T09:11:34.687+0000] {processor.py:840} INFO - DAG(s) 'kaldata_scraper' retrieved from /opt/airflow/dags/kaldata_dag.py
[2026-05-28T09:11:34.775+0000] {logging_mixin.py:188} INFO - [2026-05-28T09:11:34.774+0000] {dag.py:3047} INFO - Sync 1 DAGs
[2026-05-28T09:11:34.852+0000] {logging_mixin.py:188} INFO - [2026-05-28T09:11:34.851+0000] {dag.py:3834} INFO - Setting next_dagrun for kaldata_scraper to 2026-05-28 00:00:00+00:00, run_after=2026-05-29 00:00:00+00:00
[2026-05-28T09:11:35.004+0000] {processor.py:183} INFO - Processing /opt/airflow/dags/kaldata_dag.py took 0.445 seconds
[2026-05-28T09:12:05.657+0000] {processor.py:161} INFO - Started process (PID=6357) to work on /opt/airflow/dags/kaldata_dag.py
[2026-05-28T09:12:05.663+0000] {processor.py:830} INFO - Processing file /opt/airflow/dags/kaldata_dag.py for tasks to queue
[2026-05-28T09:12:05.667+0000] {logging_mixin.py:188} INFO - [2026-05-28T09:12:05.666+0000] {dagbag.py:540} INFO - Filling up the DagBag from /opt/airflow/dags/kaldata_dag.py
[2026-05-28T09:12:05.736+0000] {processor.py:840} INFO - DAG(s) 'kaldata_scraper' retrieved from /opt/airflow/dags/kaldata_dag.py
[2026-05-28T09:12:05.825+0000] {logging_mixin.py:188} INFO - [2026-05-28T09:12:05.825+0000] {dag.py:3047} INFO - Sync 1 DAGs
[2026-05-28T09:12:05.893+0000] {logging_mixin.py:188} INFO - [2026-05-28T09:12:05.892+0000] {dag.py:3834} INFO - Setting next_dagrun for kaldata_scraper to 2026-05-28 00:00:00+00:00, run_after=2026-05-29 00:00:00+00:00
[2026-05-28T09:12:06.027+0000] {processor.py:183} INFO - Processing /opt/airflow/dags/kaldata_dag.py took 0.382 seconds
[2026-05-28T09:12:36.838+0000] {processor.py:161} INFO - Started process (PID=6387) to work on /opt/airflow/dags/kaldata_dag.py
[2026-05-28T09:12:36.843+0000] {processor.py:830} INFO - Processing file /opt/airflow/dags/kaldata_dag.py for tasks to queue
[2026-05-28T09:12:36.847+0000] {logging_mixin.py:188} INFO - [2026-05-28T09:12:36.846+0000] {dagbag.py:540} INFO - Filling up the DagBag from /opt/airflow/dags/kaldata_dag.py
[2026-05-28T09:12:36.912+0000] {processor.py:840} INFO - DAG(s) 'kaldata_scraper' retrieved from /opt/airflow/dags/kaldata_dag.py
[2026-05-28T09:12:37.042+0000] {logging_mixin.py:188} INFO - [2026-05-28T09:12:37.042+0000] {dag.py:3047} INFO - Sync 1 DAGs
[2026-05-28T09:12:37.464+0000] {logging_mixin.py:188} INFO - [2026-05-28T09:12:37.453+0000] {dag.py:3834} INFO - Setting next_dagrun for kaldata_scraper to 2026-05-28 00:00:00+00:00, run_after=2026-05-29 00:00:00+00:00
[2026-05-28T09:12:38.106+0000] {processor.py:183} INFO - Processing /opt/airflow/dags/kaldata_dag.py took 1.283 seconds
[2026-05-28T09:13:08.602+0000] {processor.py:161} INFO - Started process (PID=6417) to work on /opt/airflow/dags/kaldata_dag.py
[2026-05-28T09:13:08.623+0000] {processor.py:830} INFO - Processing file /opt/airflow/dags/kaldata_dag.py for tasks to queue
[2026-05-28T09:13:08.631+0000] {logging_mixin.py:188} INFO - [2026-05-28T09:13:08.630+0000] {dagbag.py:540} INFO - Filling up the DagBag from /opt/airflow/dags/kaldata_dag.py
[2026-05-28T09:13:08.843+0000] {processor.py:840} INFO - DAG(s) 'kaldata_scraper' retrieved from /opt/airflow/dags/kaldata_dag.py
[2026-05-28T09:13:09.278+0000] {logging_mixin.py:188} INFO - [2026-05-28T09:13:09.277+0000] {dag.py:3047} INFO - Sync 1 DAGs
[2026-05-28T09:13:09.580+0000] {logging_mixin.py:188} INFO - [2026-05-28T09:13:09.579+0000] {dag.py:3834} INFO - Setting next_dagrun for kaldata_scraper to 2026-05-28 00:00:00+00:00, run_after=2026-05-29 00:00:00+00:00
[2026-05-28T09:13:09.806+0000] {processor.py:183} INFO - Processing /opt/airflow/dags/kaldata_dag.py took 1.236 seconds
[2026-05-28T09:13:44.561+0000] {processor.py:161} INFO - Started process (PID=6445) to work on /opt/airflow/dags/kaldata_dag.py
[2026-05-28T09:13:44.566+0000] {processor.py:830} INFO - Processing file /opt/airflow/dags/kaldata_dag.py for tasks to queue
[2026-05-28T09:13:44.581+0000] {logging_mixin.py:188} INFO - [2026-05-28T09:13:44.580+0000] {dagbag.py:540} INFO - Filling up the DagBag from /opt/airflow/dags/kaldata_dag.py
[2026-05-28T09:13:44.830+0000] {processor.py:840} INFO - DAG(s) 'kaldata_scraper' retrieved from /opt/airflow/dags/kaldata_dag.py
[2026-05-28T09:13:45.047+0000] {logging_mixin.py:188} INFO - [2026-05-28T09:13:45.036+0000] {dag.py:3047} INFO - Sync 1 DAGs
[2026-05-28T09:13:45.272+0000] {logging_mixin.py:188} INFO - [2026-05-28T09:13:45.259+0000] {dag.py:3834} INFO - Setting next_dagrun for kaldata_scraper to 2026-05-28 00:00:00+00:00, run_after=2026-05-29 00:00:00+00:00
[2026-05-28T09:13:45.794+0000] {processor.py:183} INFO - Processing /opt/airflow/dags/kaldata_dag.py took 1.271 seconds
[2026-05-28T09:14:16.541+0000] {processor.py:161} INFO - Started process (PID=6477) to work on /opt/airflow/dags/kaldata_dag.py
[2026-05-28T09:14:16.547+0000] {processor.py:830} INFO - Processing file /opt/airflow/dags/kaldata_dag.py for tasks to queue
[2026-05-28T09:14:16.558+0000] {logging_mixin.py:188} INFO - [2026-05-28T09:14:16.555+0000] {dagbag.py:540} INFO - Filling up the DagBag from /opt/airflow/dags/kaldata_dag.py
[2026-05-28T09:14:16.780+0000] {processor.py:840} INFO - DAG(s) 'kaldata_scraper' retrieved from /opt/airflow/dags/kaldata_dag.py
[2026-05-28T09:14:16.973+0000] {logging_mixin.py:188} INFO - [2026-05-28T09:14:16.973+0000] {dag.py:3047} INFO - Sync 1 DAGs
[2026-05-28T09:14:17.205+0000] {logging_mixin.py:188} INFO - [2026-05-28T09:14:17.204+0000] {dag.py:3834} INFO - Setting next_dagrun for kaldata_scraper to 2026-05-28 00:00:00+00:00, run_after=2026-05-29 00:00:00+00:00
[2026-05-28T09:14:17.540+0000] {processor.py:183} INFO - Processing /opt/airflow/dags/kaldata_dag.py took 1.026 seconds
[2026-05-28T09:14:48.899+0000] {processor.py:161} INFO - Started process (PID=6505) to work on /opt/airflow/dags/kaldata_dag.py
[2026-05-28T09:14:48.914+0000] {processor.py:830} INFO - Processing file /opt/airflow/dags/kaldata_dag.py for tasks to queue
[2026-05-28T09:14:48.949+0000] {logging_mixin.py:188} INFO - [2026-05-28T09:14:48.934+0000] {dagbag.py:540} INFO - Filling up the DagBag from /opt/airflow/dags/kaldata_dag.py
[2026-05-28T09:14:49.092+0000] {processor.py:840} INFO - DAG(s) 'kaldata_scraper' retrieved from /opt/airflow/dags/kaldata_dag.py
[2026-05-28T09:14:49.241+0000] {logging_mixin.py:188} INFO - [2026-05-28T09:14:49.240+0000] {dag.py:3047} INFO - Sync 1 DAGs
[2026-05-28T09:14:49.349+0000] {logging_mixin.py:188} INFO - [2026-05-28T09:14:49.348+0000] {dag.py:3834} INFO - Setting next_dagrun for kaldata_scraper to 2026-05-28 00:00:00+00:00, run_after=2026-05-29 00:00:00+00:00
[2026-05-28T09:14:49.426+0000] {processor.py:183} INFO - Processing /opt/airflow/dags/kaldata_dag.py took 0.560 seconds
[2026-05-28T09:15:20.088+0000] {processor.py:161} INFO - Started process (PID=6535) to work on /opt/airflow/dags/kaldata_dag.py
[2026-05-28T09:15:20.092+0000] {processor.py:830} INFO - Processing file /opt/airflow/dags/kaldata_dag.py for tasks to queue
[2026-05-28T09:15:20.095+0000] {logging_mixin.py:188} INFO - [2026-05-28T09:15:20.094+0000] {dagbag.py:540} INFO - Filling up the DagBag from /opt/airflow/dags/kaldata_dag.py
[2026-05-28T09:15:20.165+0000] {processor.py:840} INFO - DAG(s) 'kaldata_scraper' retrieved from /opt/airflow/dags/kaldata_dag.py
[2026-05-28T09:15:20.302+0000] {logging_mixin.py:188} INFO - [2026-05-28T09:15:20.302+0000] {dag.py:3047} INFO - Sync 1 DAGs
[2026-05-28T09:15:20.485+0000] {logging_mixin.py:188} INFO - [2026-05-28T09:15:20.484+0000] {dag.py:3834} INFO - Setting next_dagrun for kaldata_scraper to 2026-05-28 00:00:00+00:00, run_after=2026-05-29 00:00:00+00:00
[2026-05-28T09:15:20.800+0000] {processor.py:183} INFO - Processing /opt/airflow/dags/kaldata_dag.py took 0.731 seconds
[2026-05-28T09:15:54.245+0000] {processor.py:161} INFO - Started process (PID=6565) to work on /opt/airflow/dags/kaldata_dag.py
[2026-05-28T09:15:54.259+0000] {processor.py:830} INFO - Processing file /opt/airflow/dags/kaldata_dag.py for tasks to queue
[2026-05-28T09:15:54.270+0000] {logging_mixin.py:188} INFO - [2026-05-28T09:15:54.269+0000] {dagbag.py:540} INFO - Filling up the DagBag from /opt/airflow/dags/kaldata_dag.py
[2026-05-28T09:15:55.775+0000] {processor.py:840} INFO - DAG(s) 'kaldata_scraper' retrieved from /opt/airflow/dags/kaldata_dag.py
[2026-05-28T09:15:56.075+0000] {logging_mixin.py:188} INFO - [2026-05-28T09:15:56.075+0000] {dag.py:3047} INFO - Sync 1 DAGs
[2026-05-28T09:15:56.345+0000] {logging_mixin.py:188} INFO - [2026-05-28T09:15:56.333+0000] {dag.py:3834} INFO - Setting next_dagrun for kaldata_scraper to 2026-05-28 00:00:00+00:00, run_after=2026-05-29 00:00:00+00:00
[2026-05-28T09:15:56.589+0000] {processor.py:183} INFO - Processing /opt/airflow/dags/kaldata_dag.py took 2.363 seconds
[2026-05-28T09:16:29.059+0000] {processor.py:161} INFO - Started process (PID=6595) to work on /opt/airflow/dags/kaldata_dag.py
[2026-05-28T09:16:29.088+0000] {processor.py:830} INFO - Processing file /opt/airflow/dags/kaldata_dag.py for tasks to queue
[2026-05-28T09:16:29.101+0000] {logging_mixin.py:188} INFO - [2026-05-28T09:16:29.100+0000] {dagbag.py:540} INFO - Filling up the DagBag from /opt/airflow/dags/kaldata_dag.py
[2026-05-28T09:16:30.148+0000] {processor.py:840} INFO - DAG(s) 'kaldata_scraper' retrieved from /opt/airflow/dags/kaldata_dag.py
[2026-05-28T09:16:30.476+0000] {logging_mixin.py:188} INFO - [2026-05-28T09:16:30.476+0000] {dag.py:3047} INFO - Sync 1 DAGs
[2026-05-28T09:16:30.715+0000] {logging_mixin.py:188} INFO - [2026-05-28T09:16:30.704+0000] {dag.py:3834} INFO - Setting next_dagrun for kaldata_scraper to 2026-05-28 00:00:00+00:00, run_after=2026-05-29 00:00:00+00:00
[2026-05-28T09:16:31.048+0000] {processor.py:183} INFO - Processing /opt/airflow/dags/kaldata_dag.py took 2.009 seconds
[2026-05-28T09:17:06.433+0000] {processor.py:161} INFO - Started process (PID=6625) to work on /opt/airflow/dags/kaldata_dag.py
[2026-05-28T09:17:06.480+0000] {processor.py:830} INFO - Processing file /opt/airflow/dags/kaldata_dag.py for tasks to queue
[2026-05-28T09:17:06.502+0000] {logging_mixin.py:188} INFO - [2026-05-28T09:17:06.501+0000] {dagbag.py:540} INFO - Filling up the DagBag from /opt/airflow/dags/kaldata_dag.py
[2026-05-28T09:17:07.621+0000] {processor.py:840} INFO - DAG(s) 'kaldata_scraper' retrieved from /opt/airflow/dags/kaldata_dag.py
[2026-05-28T09:17:07.825+0000] {logging_mixin.py:188} INFO - [2026-05-28T09:17:07.824+0000] {dag.py:3047} INFO - Sync 1 DAGs
[2026-05-28T09:17:08.007+0000] {logging_mixin.py:188} INFO - [2026-05-28T09:17:08.007+0000] {dag.py:3834} INFO - Setting next_dagrun for kaldata_scraper to 2026-05-28 00:00:00+00:00, run_after=2026-05-29 00:00:00+00:00
[2026-05-28T09:17:08.218+0000] {processor.py:183} INFO - Processing /opt/airflow/dags/kaldata_dag.py took 1.810 seconds
[2026-05-28T09:17:45.339+0000] {processor.py:161} INFO - Started process (PID=6657) to work on /opt/airflow/dags/kaldata_dag.py
[2026-05-28T09:17:45.482+0000] {processor.py:830} INFO - Processing file /opt/airflow/dags/kaldata_dag.py for tasks to queue
[2026-05-28T09:17:45.500+0000] {logging_mixin.py:188} INFO - [2026-05-28T09:17:45.499+0000] {dagbag.py:540} INFO - Filling up the DagBag from /opt/airflow/dags/kaldata_dag.py
[2026-05-28T09:17:46.881+0000] {processor.py:840} INFO - DAG(s) 'kaldata_scraper' retrieved from /opt/airflow/dags/kaldata_dag.py
[2026-05-28T09:17:47.071+0000] {logging_mixin.py:188} INFO - [2026-05-28T09:17:47.070+0000] {dag.py:3047} INFO - Sync 1 DAGs
[2026-05-28T09:17:47.280+0000] {logging_mixin.py:188} INFO - [2026-05-28T09:17:47.279+0000] {dag.py:3834} INFO - Setting next_dagrun for kaldata_scraper to 2026-05-28 00:00:00+00:00, run_after=2026-05-29 00:00:00+00:00
[2026-05-28T09:17:47.441+0000] {processor.py:183} INFO - Processing /opt/airflow/dags/kaldata_dag.py took 2.124 seconds
[2026-05-28T09:18:18.431+0000] {processor.py:161} INFO - Started process (PID=6687) to work on /opt/airflow/dags/kaldata_dag.py
[2026-05-28T09:18:18.437+0000] {processor.py:830} INFO - Processing file /opt/airflow/dags/kaldata_dag.py for tasks to queue
[2026-05-28T09:18:18.452+0000] {logging_mixin.py:188} INFO - [2026-05-28T09:18:18.451+0000] {dagbag.py:540} INFO - Filling up the DagBag from /opt/airflow/dags/kaldata_dag.py
[2026-05-28T09:18:18.582+0000] {processor.py:840} INFO - DAG(s) 'kaldata_scraper' retrieved from /opt/airflow/dags/kaldata_dag.py
[2026-05-28T09:18:18.678+0000] {logging_mixin.py:188} INFO - [2026-05-28T09:18:18.677+0000] {dag.py:3047} INFO - Sync 1 DAGs
[2026-05-28T09:18:18.754+0000] {logging_mixin.py:188} INFO - [2026-05-28T09:18:18.754+0000] {dag.py:3834} INFO - Setting next_dagrun for kaldata_scraper to 2026-05-28 00:00:00+00:00, run_after=2026-05-29 00:00:00+00:00
[2026-05-28T09:18:18.819+0000] {processor.py:183} INFO - Processing /opt/airflow/dags/kaldata_dag.py took 0.409 seconds
[2026-05-28T09:18:49.205+0000] {processor.py:161} INFO - Started process (PID=6717) to work on /opt/airflow/dags/kaldata_dag.py
[2026-05-28T09:18:49.233+0000] {processor.py:830} INFO - Processing file /opt/airflow/dags/kaldata_dag.py for tasks to queue
[2026-05-28T09:18:49.252+0000] {logging_mixin.py:188} INFO - [2026-05-28T09:18:49.250+0000] {dagbag.py:540} INFO - Filling up the DagBag from /opt/airflow/dags/kaldata_dag.py
[2026-05-28T09:18:49.636+0000] {processor.py:840} INFO - DAG(s) 'kaldata_scraper' retrieved from /opt/airflow/dags/kaldata_dag.py
[2026-05-28T09:18:49.830+0000] {logging_mixin.py:188} INFO - [2026-05-28T09:18:49.828+0000] {dag.py:3047} INFO - Sync 1 DAGs
[2026-05-28T09:18:49.933+0000] {logging_mixin.py:188} INFO - [2026-05-28T09:18:49.932+0000] {dag.py:3834} INFO - Setting next_dagrun for kaldata_scraper to 2026-05-28 00:00:00+00:00, run_after=2026-05-29 00:00:00+00:00
[2026-05-28T09:18:50.030+0000] {processor.py:183} INFO - Processing /opt/airflow/dags/kaldata_dag.py took 0.846 seconds
[2026-05-28T09:19:20.899+0000] {processor.py:161} INFO - Started process (PID=6750) to work on /opt/airflow/dags/kaldata_dag.py
[2026-05-28T09:19:20.911+0000] {processor.py:830} INFO - Processing file /opt/airflow/dags/kaldata_dag.py for tasks to queue
[2026-05-28T09:19:20.921+0000] {logging_mixin.py:188} INFO - [2026-05-28T09:19:20.920+0000] {dagbag.py:540} INFO - Filling up the DagBag from /opt/airflow/dags/kaldata_dag.py
[2026-05-28T09:19:21.017+0000] {processor.py:840} INFO - DAG(s) 'kaldata_scraper' retrieved from /opt/airflow/dags/kaldata_dag.py
[2026-05-28T09:19:21.224+0000] {logging_mixin.py:188} INFO - [2026-05-28T09:19:21.223+0000] {dag.py:3047} INFO - Sync 1 DAGs
[2026-05-28T09:19:21.367+0000] {logging_mixin.py:188} INFO - [2026-05-28T09:19:21.367+0000] {dag.py:3834} INFO - Setting next_dagrun for kaldata_scraper to 2026-05-28 00:00:00+00:00, run_after=2026-05-29 00:00:00+00:00
[2026-05-28T09:19:21.570+0000] {processor.py:183} INFO - Processing /opt/airflow/dags/kaldata_dag.py took 0.692 seconds
[2026-05-28T09:19:52.142+0000] {processor.py:161} INFO - Started process (PID=6780) to work on /opt/airflow/dags/kaldata_dag.py
[2026-05-28T09:19:52.146+0000] {processor.py:830} INFO - Processing file /opt/airflow/dags/kaldata_dag.py for tasks to queue
[2026-05-28T09:19:52.153+0000] {logging_mixin.py:188} INFO - [2026-05-28T09:19:52.150+0000] {dagbag.py:540} INFO - Filling up the DagBag from /opt/airflow/dags/kaldata_dag.py
[2026-05-28T09:19:52.379+0000] {processor.py:840} INFO - DAG(s) 'kaldata_scraper' retrieved from /opt/airflow/dags/kaldata_dag.py
[2026-05-28T09:19:52.645+0000] {logging_mixin.py:188} INFO - [2026-05-28T09:19:52.644+0000] {dag.py:3047} INFO - Sync 1 DAGs
[2026-05-28T09:19:52.916+0000] {logging_mixin.py:188} INFO - [2026-05-28T09:19:52.916+0000] {dag.py:3834} INFO - Setting next_dagrun for kaldata_scraper to 2026-05-28 00:00:00+00:00, run_after=2026-05-29 00:00:00+00:00
[2026-05-28T09:19:53.228+0000] {processor.py:183} INFO - Processing /opt/airflow/dags/kaldata_dag.py took 1.106 seconds
[2026-05-28T09:20:30.433+0000] {processor.py:161} INFO - Started process (PID=6810) to work on /opt/airflow/dags/kaldata_dag.py
[2026-05-28T09:20:30.611+0000] {processor.py:830} INFO - Processing file /opt/airflow/dags/kaldata_dag.py for tasks to queue
[2026-05-28T09:20:30.705+0000] {logging_mixin.py:188} INFO - [2026-05-28T09:20:30.703+0000] {dagbag.py:540} INFO - Filling up the DagBag from /opt/airflow/dags/kaldata_dag.py
[2026-05-28T09:20:34.644+0000] {processor.py:840} INFO - DAG(s) 'kaldata_scraper' retrieved from /opt/airflow/dags/kaldata_dag.py
[2026-05-28T09:20:34.853+0000] {logging_mixin.py:188} INFO - [2026-05-28T09:20:34.852+0000] {dag.py:3047} INFO - Sync 1 DAGs
[2026-05-28T09:20:35.080+0000] {logging_mixin.py:188} INFO - [2026-05-28T09:20:35.080+0000] {dag.py:3834} INFO - Setting next_dagrun for kaldata_scraper to 2026-05-28 00:00:00+00:00, run_after=2026-05-29 00:00:00+00:00
[2026-05-28T09:20:35.398+0000] {processor.py:183} INFO - Processing /opt/airflow/dags/kaldata_dag.py took 4.996 seconds
[2026-05-28T09:21:07.429+0000] {processor.py:161} INFO - Started process (PID=6840) to work on /opt/airflow/dags/kaldata_dag.py
[2026-05-28T09:21:07.441+0000] {processor.py:830} INFO - Processing file /opt/airflow/dags/kaldata_dag.py for tasks to queue
[2026-05-28T09:21:07.467+0000] {logging_mixin.py:188} INFO - [2026-05-28T09:21:07.465+0000] {dagbag.py:540} INFO - Filling up the DagBag from /opt/airflow/dags/kaldata_dag.py
[2026-05-28T09:21:09.646+0000] {processor.py:840} INFO - DAG(s) 'kaldata_scraper' retrieved from /opt/airflow/dags/kaldata_dag.py
[2026-05-28T09:21:09.921+0000] {logging_mixin.py:188} INFO - [2026-05-28T09:21:09.921+0000] {dag.py:3047} INFO - Sync 1 DAGs
[2026-05-28T09:21:10.097+0000] {logging_mixin.py:188} INFO - [2026-05-28T09:21:10.097+0000] {dag.py:3834} INFO - Setting next_dagrun for kaldata_scraper to 2026-05-28 00:00:00+00:00, run_after=2026-05-29 00:00:00+00:00
[2026-05-28T09:21:10.463+0000] {processor.py:183} INFO - Processing /opt/airflow/dags/kaldata_dag.py took 3.055 seconds
[2026-05-28T09:21:42.203+0000] {processor.py:161} INFO - Started process (PID=6872) to work on /opt/airflow/dags/kaldata_dag.py
[2026-05-28T09:21:42.208+0000] {processor.py:830} INFO - Processing file /opt/airflow/dags/kaldata_dag.py for tasks to queue
[2026-05-28T09:21:42.214+0000] {logging_mixin.py:188} INFO - [2026-05-28T09:21:42.212+0000] {dagbag.py:540} INFO - Filling up the DagBag from /opt/airflow/dags/kaldata_dag.py
[2026-05-28T09:21:42.273+0000] {processor.py:840} INFO - DAG(s) 'kaldata_scraper' retrieved from /opt/airflow/dags/kaldata_dag.py
[2026-05-28T09:21:42.362+0000] {logging_mixin.py:188} INFO - [2026-05-28T09:21:42.361+0000] {dag.py:3047} INFO - Sync 1 DAGs
[2026-05-28T09:21:42.428+0000] {logging_mixin.py:188} INFO - [2026-05-28T09:21:42.427+0000] {dag.py:3834} INFO - Setting next_dagrun for kaldata_scraper to 2026-05-28 00:00:00+00:00, run_after=2026-05-29 00:00:00+00:00
[2026-05-28T09:21:42.486+0000] {processor.py:183} INFO - Processing /opt/airflow/dags/kaldata_dag.py took 0.297 seconds
[2026-05-28T09:22:13.260+0000] {processor.py:161} INFO - Started process (PID=6902) to work on /opt/airflow/dags/kaldata_dag.py
[2026-05-28T09:22:13.264+0000] {processor.py:830} INFO - Processing file /opt/airflow/dags/kaldata_dag.py for tasks to queue
[2026-05-28T09:22:13.281+0000] {logging_mixin.py:188} INFO - [2026-05-28T09:22:13.280+0000] {dagbag.py:540} INFO - Filling up the DagBag from /opt/airflow/dags/kaldata_dag.py
[2026-05-28T09:22:13.456+0000] {processor.py:840} INFO - DAG(s) 'kaldata_scraper' retrieved from /opt/airflow/dags/kaldata_dag.py
[2026-05-28T09:22:13.626+0000] {logging_mixin.py:188} INFO - [2026-05-28T09:22:13.625+0000] {dag.py:3047} INFO - Sync 1 DAGs
[2026-05-28T09:22:13.775+0000] {logging_mixin.py:188} INFO - [2026-05-28T09:22:13.774+0000] {dag.py:3834} INFO - Setting next_dagrun for kaldata_scraper to 2026-05-28 00:00:00+00:00, run_after=2026-05-29 00:00:00+00:00
[2026-05-28T09:22:13.891+0000] {processor.py:183} INFO - Processing /opt/airflow/dags/kaldata_dag.py took 0.665 seconds
[2026-05-28T09:22:45.213+0000] {processor.py:161} INFO - Started process (PID=6932) to work on /opt/airflow/dags/kaldata_dag.py
[2026-05-28T09:22:45.216+0000] {processor.py:830} INFO - Processing file /opt/airflow/dags/kaldata_dag.py for tasks to queue
[2026-05-28T09:22:45.219+0000] {logging_mixin.py:188} INFO - [2026-05-28T09:22:45.218+0000] {dagbag.py:540} INFO - Filling up the DagBag from /opt/airflow/dags/kaldata_dag.py
[2026-05-28T09:22:45.265+0000] {processor.py:840} INFO - DAG(s) 'kaldata_scraper' retrieved from /opt/airflow/dags/kaldata_dag.py
[2026-05-28T09:22:45.343+0000] {logging_mixin.py:188} INFO - [2026-05-28T09:22:45.343+0000] {dag.py:3047} INFO - Sync 1 DAGs
[2026-05-28T09:22:45.409+0000] {logging_mixin.py:188} INFO - [2026-05-28T09:22:45.409+0000] {dag.py:3834} INFO - Setting next_dagrun for kaldata_scraper to 2026-05-28 00:00:00+00:00, run_after=2026-05-29 00:00:00+00:00
[2026-05-28T09:22:45.481+0000] {processor.py:183} INFO - Processing /opt/airflow/dags/kaldata_dag.py took 0.279 seconds
[2026-05-28T09:23:16.468+0000] {processor.py:161} INFO - Started process (PID=6960) to work on /opt/airflow/dags/kaldata_dag.py
[2026-05-28T09:23:16.475+0000] {processor.py:830} INFO - Processing file /opt/airflow/dags/kaldata_dag.py for tasks to queue
[2026-05-28T09:23:16.480+0000] {logging_mixin.py:188} INFO - [2026-05-28T09:23:16.479+0000] {dagbag.py:540} INFO - Filling up the DagBag from /opt/airflow/dags/kaldata_dag.py
[2026-05-28T09:23:16.578+0000] {processor.py:840} INFO - DAG(s) 'kaldata_scraper' retrieved from /opt/airflow/dags/kaldata_dag.py
[2026-05-28T09:23:16.811+0000] {logging_mixin.py:188} INFO - [2026-05-28T09:23:16.810+0000] {dag.py:3047} INFO - Sync 1 DAGs
[2026-05-28T09:23:17.016+0000] {logging_mixin.py:188} INFO - [2026-05-28T09:23:17.015+0000] {dag.py:3834} INFO - Setting next_dagrun for kaldata_scraper to 2026-05-28 00:00:00+00:00, run_after=2026-05-29 00:00:00+00:00
[2026-05-28T09:23:17.194+0000] {processor.py:183} INFO - Processing /opt/airflow/dags/kaldata_dag.py took 0.748 seconds
[2026-05-28T09:23:48.143+0000] {processor.py:161} INFO - Started process (PID=6992) to work on /opt/airflow/dags/kaldata_dag.py
[2026-05-28T09:23:48.153+0000] {processor.py:830} INFO - Processing file /opt/airflow/dags/kaldata_dag.py for tasks to queue
[2026-05-28T09:23:48.171+0000] {logging_mixin.py:188} INFO - [2026-05-28T09:23:48.170+0000] {dagbag.py:540} INFO - Filling up the DagBag from /opt/airflow/dags/kaldata_dag.py
[2026-05-28T09:23:48.266+0000] {processor.py:840} INFO - DAG(s) 'kaldata_scraper' retrieved from /opt/airflow/dags/kaldata_dag.py
[2026-05-28T09:23:48.341+0000] {logging_mixin.py:188} INFO - [2026-05-28T09:23:48.340+0000] {dag.py:3047} INFO - Sync 1 DAGs
[2026-05-28T09:23:48.415+0000] {logging_mixin.py:188} INFO - [2026-05-28T09:23:48.415+0000] {dag.py:3834} INFO - Setting next_dagrun for kaldata_scraper to 2026-05-28 00:00:00+00:00, run_after=2026-05-29 00:00:00+00:00
[2026-05-28T09:23:48.472+0000] {processor.py:183} INFO - Processing /opt/airflow/dags/kaldata_dag.py took 0.363 seconds
[2026-05-28T09:24:23.232+0000] {processor.py:161} INFO - Started process (PID=7020) to work on /opt/airflow/dags/kaldata_dag.py
[2026-05-28T09:24:23.244+0000] {processor.py:830} INFO - Processing file /opt/airflow/dags/kaldata_dag.py for tasks to queue
[2026-05-28T09:24:23.248+0000] {logging_mixin.py:188} INFO - [2026-05-28T09:24:23.247+0000] {dagbag.py:540} INFO - Filling up the DagBag from /opt/airflow/dags/kaldata_dag.py
[2026-05-28T09:24:25.062+0000] {processor.py:840} INFO - DAG(s) 'kaldata_scraper' retrieved from /opt/airflow/dags/kaldata_dag.py
[2026-05-28T09:24:25.465+0000] {logging_mixin.py:188} INFO - [2026-05-28T09:24:25.465+0000] {dag.py:3047} INFO - Sync 1 DAGs
[2026-05-28T09:24:26.026+0000] {logging_mixin.py:188} INFO - [2026-05-28T09:24:26.025+0000] {dag.py:3834} INFO - Setting next_dagrun for kaldata_scraper to 2026-05-28 00:00:00+00:00, run_after=2026-05-29 00:00:00+00:00
[2026-05-28T09:24:26.259+0000] {processor.py:183} INFO - Processing /opt/airflow/dags/kaldata_dag.py took 3.043 seconds
[2026-05-28T09:24:56.857+0000] {processor.py:161} INFO - Started process (PID=7050) to work on /opt/airflow/dags/kaldata_dag.py
[2026-05-28T09:24:56.880+0000] {processor.py:830} INFO - Processing file /opt/airflow/dags/kaldata_dag.py for tasks to queue
[2026-05-28T09:24:56.886+0000] {logging_mixin.py:188} INFO - [2026-05-28T09:24:56.883+0000] {dagbag.py:540} INFO - Filling up the DagBag from /opt/airflow/dags/kaldata_dag.py
[2026-05-28T09:24:57.369+0000] {processor.py:840} INFO - DAG(s) 'kaldata_scraper' retrieved from /opt/airflow/dags/kaldata_dag.py
[2026-05-28T09:24:57.582+0000] {logging_mixin.py:188} INFO - [2026-05-28T09:24:57.581+0000] {dag.py:3047} INFO - Sync 1 DAGs
[2026-05-28T09:24:57.774+0000] {logging_mixin.py:188} INFO - [2026-05-28T09:24:57.773+0000] {dag.py:3834} INFO - Setting next_dagrun for kaldata_scraper to 2026-05-28 00:00:00+00:00, run_after=2026-05-29 00:00:00+00:00
[2026-05-28T09:24:58.060+0000] {processor.py:183} INFO - Processing /opt/airflow/dags/kaldata_dag.py took 1.225 seconds
[2026-05-28T09:25:28.624+0000] {processor.py:161} INFO - Started process (PID=7082) to work on /opt/airflow/dags/kaldata_dag.py
[2026-05-28T09:25:28.629+0000] {processor.py:830} INFO - Processing file /opt/airflow/dags/kaldata_dag.py for tasks to queue
[2026-05-28T09:25:28.632+0000] {logging_mixin.py:188} INFO - [2026-05-28T09:25:28.631+0000] {dagbag.py:540} INFO - Filling up the DagBag from /opt/airflow/dags/kaldata_dag.py
[2026-05-28T09:25:28.971+0000] {processor.py:840} INFO - DAG(s) 'kaldata_scraper' retrieved from /opt/airflow/dags/kaldata_dag.py
[2026-05-28T09:25:29.187+0000] {logging_mixin.py:188} INFO - [2026-05-28T09:25:29.175+0000] {dag.py:3047} INFO - Sync 1 DAGs
[2026-05-28T09:25:29.420+0000] {logging_mixin.py:188} INFO - [2026-05-28T09:25:29.409+0000] {dag.py:3834} INFO - Setting next_dagrun for kaldata_scraper to 2026-05-28 00:00:00+00:00, run_after=2026-05-29 00:00:00+00:00
[2026-05-28T09:25:29.536+0000] {processor.py:183} INFO - Processing /opt/airflow/dags/kaldata_dag.py took 0.926 seconds
[2026-05-28T09:25:59.799+0000] {processor.py:161} INFO - Started process (PID=7112) to work on /opt/airflow/dags/kaldata_dag.py
[2026-05-28T09:25:59.803+0000] {processor.py:830} INFO - Processing file /opt/airflow/dags/kaldata_dag.py for tasks to queue
[2026-05-28T09:25:59.809+0000] {logging_mixin.py:188} INFO - [2026-05-28T09:25:59.807+0000] {dagbag.py:540} INFO - Filling up the DagBag from /opt/airflow/dags/kaldata_dag.py
[2026-05-28T09:25:59.853+0000] {processor.py:840} INFO - DAG(s) 'kaldata_scraper' retrieved from /opt/airflow/dags/kaldata_dag.py
[2026-05-28T09:25:59.938+0000] {logging_mixin.py:188} INFO - [2026-05-28T09:25:59.937+0000] {dag.py:3047} INFO - Sync 1 DAGs
[2026-05-28T09:26:00.020+0000] {logging_mixin.py:188} INFO - [2026-05-28T09:26:00.019+0000] {dag.py:3834} INFO - Setting next_dagrun for kaldata_scraper to 2026-05-28 00:00:00+00:00, run_after=2026-05-29 00:00:00+00:00
[2026-05-28T09:26:00.109+0000] {processor.py:183} INFO - Processing /opt/airflow/dags/kaldata_dag.py took 0.321 seconds
[2026-05-28T09:26:31.002+0000] {processor.py:161} INFO - Started process (PID=7140) to work on /opt/airflow/dags/kaldata_dag.py
[2026-05-28T09:26:31.020+0000] {processor.py:830} INFO - Processing file /opt/airflow/dags/kaldata_dag.py for tasks to queue
[2026-05-28T09:26:31.023+0000] {logging_mixin.py:188} INFO - [2026-05-28T09:26:31.022+0000] {dagbag.py:540} INFO - Filling up the DagBag from /opt/airflow/dags/kaldata_dag.py
[2026-05-28T09:26:31.160+0000] {processor.py:840} INFO - DAG(s) 'kaldata_scraper' retrieved from /opt/airflow/dags/kaldata_dag.py
[2026-05-28T09:26:31.312+0000] {logging_mixin.py:188} INFO - [2026-05-28T09:26:31.311+0000] {dag.py:3047} INFO - Sync 1 DAGs
[2026-05-28T09:26:31.391+0000] {logging_mixin.py:188} INFO - [2026-05-28T09:26:31.390+0000] {dag.py:3834} INFO - Setting next_dagrun for kaldata_scraper to 2026-05-28 00:00:00+00:00, run_after=2026-05-29 00:00:00+00:00
[2026-05-28T09:26:31.548+0000] {processor.py:183} INFO - Processing /opt/airflow/dags/kaldata_dag.py took 0.556 seconds
[2026-05-28T09:27:02.072+0000] {processor.py:161} INFO - Started process (PID=7170) to work on /opt/airflow/dags/kaldata_dag.py
[2026-05-28T09:27:02.076+0000] {processor.py:830} INFO - Processing file /opt/airflow/dags/kaldata_dag.py for tasks to queue
[2026-05-28T09:27:02.080+0000] {logging_mixin.py:188} INFO - [2026-05-28T09:27:02.079+0000] {dagbag.py:540} INFO - Filling up the DagBag from /opt/airflow/dags/kaldata_dag.py
[2026-05-28T09:27:02.162+0000] {processor.py:840} INFO - DAG(s) 'kaldata_scraper' retrieved from /opt/airflow/dags/kaldata_dag.py
[2026-05-28T09:27:02.275+0000] {logging_mixin.py:188} INFO - [2026-05-28T09:27:02.273+0000] {dag.py:3047} INFO - Sync 1 DAGs
[2026-05-28T09:27:02.369+0000] {logging_mixin.py:188} INFO - [2026-05-28T09:27:02.369+0000] {dag.py:3834} INFO - Setting next_dagrun for kaldata_scraper to 2026-05-28 00:00:00+00:00, run_after=2026-05-29 00:00:00+00:00
[2026-05-28T09:27:02.473+0000] {processor.py:183} INFO - Processing /opt/airflow/dags/kaldata_dag.py took 0.418 seconds
[2026-05-28T09:27:32.773+0000] {processor.py:161} INFO - Started process (PID=7200) to work on /opt/airflow/dags/kaldata_dag.py
[2026-05-28T09:27:32.781+0000] {processor.py:830} INFO - Processing file /opt/airflow/dags/kaldata_dag.py for tasks to queue
[2026-05-28T09:27:32.785+0000] {logging_mixin.py:188} INFO - [2026-05-28T09:27:32.783+0000] {dagbag.py:540} INFO - Filling up the DagBag from /opt/airflow/dags/kaldata_dag.py
[2026-05-28T09:27:32.850+0000] {processor.py:840} INFO - DAG(s) 'kaldata_scraper' retrieved from /opt/airflow/dags/kaldata_dag.py
[2026-05-28T09:27:32.991+0000] {logging_mixin.py:188} INFO - [2026-05-28T09:27:32.989+0000] {dag.py:3047} INFO - Sync 1 DAGs
[2026-05-28T09:27:33.084+0000] {logging_mixin.py:188} INFO - [2026-05-28T09:27:33.083+0000] {dag.py:3834} INFO - Setting next_dagrun for kaldata_scraper to 2026-05-28 00:00:00+00:00, run_after=2026-05-29 00:00:00+00:00
[2026-05-28T09:27:33.164+0000] {processor.py:183} INFO - Processing /opt/airflow/dags/kaldata_dag.py took 0.403 seconds
[2026-05-28T09:28:04.343+0000] {processor.py:161} INFO - Started process (PID=7230) to work on /opt/airflow/dags/kaldata_dag.py
[2026-05-28T09:28:04.349+0000] {processor.py:830} INFO - Processing file /opt/airflow/dags/kaldata_dag.py for tasks to queue
[2026-05-28T09:28:04.357+0000] {logging_mixin.py:188} INFO - [2026-05-28T09:28:04.356+0000] {dagbag.py:540} INFO - Filling up the DagBag from /opt/airflow/dags/kaldata_dag.py
[2026-05-28T09:28:04.609+0000] {processor.py:840} INFO - DAG(s) 'kaldata_scraper' retrieved from /opt/airflow/dags/kaldata_dag.py
[2026-05-28T09:28:04.903+0000] {logging_mixin.py:188} INFO - [2026-05-28T09:28:04.902+0000] {dag.py:3047} INFO - Sync 1 DAGs
[2026-05-28T09:28:05.226+0000] {logging_mixin.py:188} INFO - [2026-05-28T09:28:05.225+0000] {dag.py:3834} INFO - Setting next_dagrun for kaldata_scraper to 2026-05-28 00:00:00+00:00, run_after=2026-05-29 00:00:00+00:00
[2026-05-28T09:28:05.619+0000] {processor.py:183} INFO - Processing /opt/airflow/dags/kaldata_dag.py took 1.302 seconds
[2026-05-28T09:28:36.196+0000] {processor.py:161} INFO - Started process (PID=7262) to work on /opt/airflow/dags/kaldata_dag.py
[2026-05-28T09:28:36.200+0000] {processor.py:830} INFO - Processing file /opt/airflow/dags/kaldata_dag.py for tasks to queue
[2026-05-28T09:28:36.203+0000] {logging_mixin.py:188} INFO - [2026-05-28T09:28:36.202+0000] {dagbag.py:540} INFO - Filling up the DagBag from /opt/airflow/dags/kaldata_dag.py
[2026-05-28T09:28:36.251+0000] {processor.py:840} INFO - DAG(s) 'kaldata_scraper' retrieved from /opt/airflow/dags/kaldata_dag.py
[2026-05-28T09:28:36.342+0000] {logging_mixin.py:188} INFO - [2026-05-28T09:28:36.342+0000] {dag.py:3047} INFO - Sync 1 DAGs
[2026-05-28T09:28:36.428+0000] {logging_mixin.py:188} INFO - [2026-05-28T09:28:36.427+0000] {dag.py:3834} INFO - Setting next_dagrun for kaldata_scraper to 2026-05-28 00:00:00+00:00, run_after=2026-05-29 00:00:00+00:00
[2026-05-28T09:28:36.540+0000] {processor.py:183} INFO - Processing /opt/airflow/dags/kaldata_dag.py took 0.356 seconds
[2026-05-28T09:29:06.950+0000] {processor.py:161} INFO - Started process (PID=7290) to work on /opt/airflow/dags/kaldata_dag.py
[2026-05-28T09:29:06.955+0000] {processor.py:830} INFO - Processing file /opt/airflow/dags/kaldata_dag.py for tasks to queue
[2026-05-28T09:29:06.958+0000] {logging_mixin.py:188} INFO - [2026-05-28T09:29:06.957+0000] {dagbag.py:540} INFO - Filling up the DagBag from /opt/airflow/dags/kaldata_dag.py
[2026-05-28T09:29:07.128+0000] {processor.py:840} INFO - DAG(s) 'kaldata_scraper' retrieved from /opt/airflow/dags/kaldata_dag.py
[2026-05-28T09:29:07.243+0000] {logging_mixin.py:188} INFO - [2026-05-28T09:29:07.242+0000] {dag.py:3047} INFO - Sync 1 DAGs
[2026-05-28T09:29:07.346+0000] {logging_mixin.py:188} INFO - [2026-05-28T09:29:07.345+0000] {dag.py:3834} INFO - Setting next_dagrun for kaldata_scraper to 2026-05-28 00:00:00+00:00, run_after=2026-05-29 00:00:00+00:00
[2026-05-28T09:29:07.403+0000] {processor.py:183} INFO - Processing /opt/airflow/dags/kaldata_dag.py took 0.474 seconds
[2026-05-28T09:29:37.880+0000] {processor.py:161} INFO - Started process (PID=7322) to work on /opt/airflow/dags/kaldata_dag.py
[2026-05-28T09:29:37.883+0000] {processor.py:830} INFO - Processing file /opt/airflow/dags/kaldata_dag.py for tasks to queue
[2026-05-28T09:29:37.886+0000] {logging_mixin.py:188} INFO - [2026-05-28T09:29:37.885+0000] {dagbag.py:540} INFO - Filling up the DagBag from /opt/airflow/dags/kaldata_dag.py
[2026-05-28T09:29:37.934+0000] {processor.py:840} INFO - DAG(s) 'kaldata_scraper' retrieved from /opt/airflow/dags/kaldata_dag.py
[2026-05-28T09:29:38.039+0000] {logging_mixin.py:188} INFO - [2026-05-28T09:29:38.038+0000] {dag.py:3047} INFO - Sync 1 DAGs
[2026-05-28T09:29:38.108+0000] {logging_mixin.py:188} INFO - [2026-05-28T09:29:38.108+0000] {dag.py:3834} INFO - Setting next_dagrun for kaldata_scraper to 2026-05-28 00:00:00+00:00, run_after=2026-05-29 00:00:00+00:00
[2026-05-28T09:29:38.173+0000] {processor.py:183} INFO - Processing /opt/airflow/dags/kaldata_dag.py took 0.304 seconds
[2026-05-28T09:30:09.125+0000] {processor.py:161} INFO - Started process (PID=7352) to work on /opt/airflow/dags/kaldata_dag.py
[2026-05-28T09:30:09.128+0000] {processor.py:830} INFO - Processing file /opt/airflow/dags/kaldata_dag.py for tasks to queue
[2026-05-28T09:30:09.131+0000] {logging_mixin.py:188} INFO - [2026-05-28T09:30:09.130+0000] {dagbag.py:540} INFO - Filling up the DagBag from /opt/airflow/dags/kaldata_dag.py
[2026-05-28T09:30:09.177+0000] {processor.py:840} INFO - DAG(s) 'kaldata_scraper' retrieved from /opt/airflow/dags/kaldata_dag.py
[2026-05-28T09:30:09.262+0000] {logging_mixin.py:188} INFO - [2026-05-28T09:30:09.261+0000] {dag.py:3047} INFO - Sync 1 DAGs
[2026-05-28T09:30:09.328+0000] {logging_mixin.py:188} INFO - [2026-05-28T09:30:09.327+0000] {dag.py:3834} INFO - Setting next_dagrun for kaldata_scraper to 2026-05-28 00:00:00+00:00, run_after=2026-05-29 00:00:00+00:00
[2026-05-28T09:30:09.387+0000] {processor.py:183} INFO - Processing /opt/airflow/dags/kaldata_dag.py took 0.273 seconds
[2026-05-28T09:30:40.617+0000] {processor.py:161} INFO - Started process (PID=7380) to work on /opt/airflow/dags/kaldata_dag.py
[2026-05-28T09:30:40.632+0000] {processor.py:830} INFO - Processing file /opt/airflow/dags/kaldata_dag.py for tasks to queue
[2026-05-28T09:30:40.636+0000] {logging_mixin.py:188} INFO - [2026-05-28T09:30:40.634+0000] {dagbag.py:540} INFO - Filling up the DagBag from /opt/airflow/dags/kaldata_dag.py
[2026-05-28T09:30:40.956+0000] {processor.py:840} INFO - DAG(s) 'kaldata_scraper' retrieved from /opt/airflow/dags/kaldata_dag.py
[2026-05-28T09:30:41.090+0000] {logging_mixin.py:188} INFO - [2026-05-28T09:30:41.090+0000] {dag.py:3047} INFO - Sync 1 DAGs
[2026-05-28T09:30:41.172+0000] {logging_mixin.py:188} INFO - [2026-05-28T09:30:41.170+0000] {dag.py:3834} INFO - Setting next_dagrun for kaldata_scraper to 2026-05-28 00:00:00+00:00, run_after=2026-05-29 00:00:00+00:00
[2026-05-28T09:30:41.258+0000] {processor.py:183} INFO - Processing /opt/airflow/dags/kaldata_dag.py took 0.681 seconds
[2026-05-28T09:31:13.185+0000] {processor.py:161} INFO - Started process (PID=7410) to work on /opt/airflow/dags/kaldata_dag.py
[2026-05-28T09:31:13.218+0000] {processor.py:830} INFO - Processing file /opt/airflow/dags/kaldata_dag.py for tasks to queue
[2026-05-28T09:31:13.239+0000] {logging_mixin.py:188} INFO - [2026-05-28T09:31:13.238+0000] {dagbag.py:540} INFO - Filling up the DagBag from /opt/airflow/dags/kaldata_dag.py
[2026-05-28T09:31:16.472+0000] {processor.py:840} INFO - DAG(s) 'kaldata_scraper' retrieved from /opt/airflow/dags/kaldata_dag.py
[2026-05-28T09:31:16.796+0000] {logging_mixin.py:188} INFO - [2026-05-28T09:31:16.796+0000] {dag.py:3047} INFO - Sync 1 DAGs
[2026-05-28T09:31:16.994+0000] {logging_mixin.py:188} INFO - [2026-05-28T09:31:16.982+0000] {dag.py:3834} INFO - Setting next_dagrun for kaldata_scraper to 2026-05-28 00:00:00+00:00, run_after=2026-05-29 00:00:00+00:00
[2026-05-28T09:31:17.315+0000] {processor.py:183} INFO - Processing /opt/airflow/dags/kaldata_dag.py took 4.202 seconds
[2026-05-28T09:31:47.784+0000] {processor.py:161} INFO - Started process (PID=7437) to work on /opt/airflow/dags/kaldata_dag.py
[2026-05-28T09:31:47.788+0000] {processor.py:830} INFO - Processing file /opt/airflow/dags/kaldata_dag.py for tasks to queue
[2026-05-28T09:31:47.795+0000] {logging_mixin.py:188} INFO - [2026-05-28T09:31:47.794+0000] {dagbag.py:540} INFO - Filling up the DagBag from /opt/airflow/dags/kaldata_dag.py
[2026-05-28T09:31:47.854+0000] {processor.py:840} INFO - DAG(s) 'kaldata_scraper' retrieved from /opt/airflow/dags/kaldata_dag.py
[2026-05-28T09:31:48.077+0000] {logging_mixin.py:188} INFO - [2026-05-28T09:31:48.076+0000] {dag.py:3047} INFO - Sync 1 DAGs
[2026-05-28T09:31:48.297+0000] {logging_mixin.py:188} INFO - [2026-05-28T09:31:48.297+0000] {dag.py:3834} INFO - Setting next_dagrun for kaldata_scraper to 2026-05-28 00:00:00+00:00, run_after=2026-05-29 00:00:00+00:00
[2026-05-28T09:31:48.562+0000] {processor.py:183} INFO - Processing /opt/airflow/dags/kaldata_dag.py took 0.793 seconds
[2026-05-28T09:32:19.363+0000] {processor.py:161} INFO - Started process (PID=7467) to work on /opt/airflow/dags/kaldata_dag.py
[2026-05-28T09:32:19.367+0000] {processor.py:830} INFO - Processing file /opt/airflow/dags/kaldata_dag.py for tasks to queue
[2026-05-28T09:32:19.370+0000] {logging_mixin.py:188} INFO - [2026-05-28T09:32:19.369+0000] {dagbag.py:540} INFO - Filling up the DagBag from /opt/airflow/dags/kaldata_dag.py
[2026-05-28T09:32:19.425+0000] {processor.py:840} INFO - DAG(s) 'kaldata_scraper' retrieved from /opt/airflow/dags/kaldata_dag.py
[2026-05-28T09:32:19.592+0000] {logging_mixin.py:188} INFO - [2026-05-28T09:32:19.589+0000] {dag.py:3047} INFO - Sync 1 DAGs
[2026-05-28T09:32:19.701+0000] {logging_mixin.py:188} INFO - [2026-05-28T09:32:19.700+0000] {dag.py:3834} INFO - Setting next_dagrun for kaldata_scraper to 2026-05-28 00:00:00+00:00, run_after=2026-05-29 00:00:00+00:00
[2026-05-28T09:32:19.808+0000] {processor.py:183} INFO - Processing /opt/airflow/dags/kaldata_dag.py took 0.457 seconds
[2026-05-28T09:32:50.756+0000] {processor.py:161} INFO - Started process (PID=7497) to work on /opt/airflow/dags/kaldata_dag.py
[2026-05-28T09:32:50.761+0000] {processor.py:830} INFO - Processing file /opt/airflow/dags/kaldata_dag.py for tasks to queue
[2026-05-28T09:32:50.766+0000] {logging_mixin.py:188} INFO - [2026-05-28T09:32:50.765+0000] {dagbag.py:540} INFO - Filling up the DagBag from /opt/airflow/dags/kaldata_dag.py
[2026-05-28T09:32:50.833+0000] {processor.py:840} INFO - DAG(s) 'kaldata_scraper' retrieved from /opt/airflow/dags/kaldata_dag.py
[2026-05-28T09:32:50.935+0000] {logging_mixin.py:188} INFO - [2026-05-28T09:32:50.934+0000] {dag.py:3047} INFO - Sync 1 DAGs
[2026-05-28T09:32:51.043+0000] {logging_mixin.py:188} INFO - [2026-05-28T09:32:51.041+0000] {dag.py:3834} INFO - Setting next_dagrun for kaldata_scraper to 2026-05-28 00:00:00+00:00, run_after=2026-05-29 00:00:00+00:00
[2026-05-28T09:32:51.145+0000] {processor.py:183} INFO - Processing /opt/airflow/dags/kaldata_dag.py took 0.405 seconds
[2026-05-28T09:33:21.441+0000] {processor.py:161} INFO - Started process (PID=7527) to work on /opt/airflow/dags/kaldata_dag.py
[2026-05-28T09:33:21.445+0000] {processor.py:830} INFO - Processing file /opt/airflow/dags/kaldata_dag.py for tasks to queue
[2026-05-28T09:33:21.450+0000] {logging_mixin.py:188} INFO - [2026-05-28T09:33:21.449+0000] {dagbag.py:540} INFO - Filling up the DagBag from /opt/airflow/dags/kaldata_dag.py
[2026-05-28T09:33:21.500+0000] {processor.py:840} INFO - DAG(s) 'kaldata_scraper' retrieved from /opt/airflow/dags/kaldata_dag.py
[2026-05-28T09:33:21.661+0000] {logging_mixin.py:188} INFO - [2026-05-28T09:33:21.660+0000] {dag.py:3047} INFO - Sync 1 DAGs
[2026-05-28T09:33:21.873+0000] {logging_mixin.py:188} INFO - [2026-05-28T09:33:21.872+0000] {dag.py:3834} INFO - Setting next_dagrun for kaldata_scraper to 2026-05-28 00:00:00+00:00, run_after=2026-05-29 00:00:00+00:00
[2026-05-28T09:33:22.033+0000] {processor.py:183} INFO - Processing /opt/airflow/dags/kaldata_dag.py took 0.607 seconds
[2026-05-28T09:33:52.753+0000] {processor.py:161} INFO - Started process (PID=7557) to work on /opt/airflow/dags/kaldata_dag.py
[2026-05-28T09:33:52.758+0000] {processor.py:830} INFO - Processing file /opt/airflow/dags/kaldata_dag.py for tasks to queue
[2026-05-28T09:33:52.762+0000] {logging_mixin.py:188} INFO - [2026-05-28T09:33:52.761+0000] {dagbag.py:540} INFO - Filling up the DagBag from /opt/airflow/dags/kaldata_dag.py
[2026-05-28T09:33:52.805+0000] {processor.py:840} INFO - DAG(s) 'kaldata_scraper' retrieved from /opt/airflow/dags/kaldata_dag.py
[2026-05-28T09:33:52.886+0000] {logging_mixin.py:188} INFO - [2026-05-28T09:33:52.885+0000] {dag.py:3047} INFO - Sync 1 DAGs
[2026-05-28T09:33:52.952+0000] {logging_mixin.py:188} INFO - [2026-05-28T09:33:52.951+0000] {dag.py:3834} INFO - Setting next_dagrun for kaldata_scraper to 2026-05-28 00:00:00+00:00, run_after=2026-05-29 00:00:00+00:00
[2026-05-28T09:33:53.019+0000] {processor.py:183} INFO - Processing /opt/airflow/dags/kaldata_dag.py took 0.275 seconds
[2026-05-28T09:34:23.885+0000] {processor.py:161} INFO - Started process (PID=7587) to work on /opt/airflow/dags/kaldata_dag.py
[2026-05-28T09:34:23.915+0000] {processor.py:830} INFO - Processing file /opt/airflow/dags/kaldata_dag.py for tasks to queue
[2026-05-28T09:34:23.925+0000] {logging_mixin.py:188} INFO - [2026-05-28T09:34:23.924+0000] {dagbag.py:540} INFO - Filling up the DagBag from /opt/airflow/dags/kaldata_dag.py
[2026-05-28T09:34:23.975+0000] {processor.py:840} INFO - DAG(s) 'kaldata_scraper' retrieved from /opt/airflow/dags/kaldata_dag.py
[2026-05-28T09:34:24.064+0000] {logging_mixin.py:188} INFO - [2026-05-28T09:34:24.060+0000] {dag.py:3047} INFO - Sync 1 DAGs
[2026-05-28T09:34:24.131+0000] {logging_mixin.py:188} INFO - [2026-05-28T09:34:24.130+0000] {dag.py:3834} INFO - Setting next_dagrun for kaldata_scraper to 2026-05-28 00:00:00+00:00, run_after=2026-05-29 00:00:00+00:00
[2026-05-28T09:34:24.191+0000] {processor.py:183} INFO - Processing /opt/airflow/dags/kaldata_dag.py took 0.326 seconds
[2026-05-28T09:34:55.189+0000] {processor.py:161} INFO - Started process (PID=7617) to work on /opt/airflow/dags/kaldata_dag.py
[2026-05-28T09:34:55.211+0000] {processor.py:830} INFO - Processing file /opt/airflow/dags/kaldata_dag.py for tasks to queue
[2026-05-28T09:34:55.219+0000] {logging_mixin.py:188} INFO - [2026-05-28T09:34:55.214+0000] {dagbag.py:540} INFO - Filling up the DagBag from /opt/airflow/dags/kaldata_dag.py
[2026-05-28T09:34:55.335+0000] {processor.py:840} INFO - DAG(s) 'kaldata_scraper' retrieved from /opt/airflow/dags/kaldata_dag.py
[2026-05-28T09:34:55.429+0000] {logging_mixin.py:188} INFO - [2026-05-28T09:34:55.428+0000] {dag.py:3047} INFO - Sync 1 DAGs
[2026-05-28T09:34:55.496+0000] {logging_mixin.py:188} INFO - [2026-05-28T09:34:55.495+0000] {dag.py:3834} INFO - Setting next_dagrun for kaldata_scraper to 2026-05-28 00:00:00+00:00, run_after=2026-05-29 00:00:00+00:00
[2026-05-28T09:34:55.554+0000] {processor.py:183} INFO - Processing /opt/airflow/dags/kaldata_dag.py took 0.401 seconds
[2026-05-28T09:35:26.327+0000] {processor.py:161} INFO - Started process (PID=7647) to work on /opt/airflow/dags/kaldata_dag.py
[2026-05-28T09:35:26.338+0000] {processor.py:830} INFO - Processing file /opt/airflow/dags/kaldata_dag.py for tasks to queue
[2026-05-28T09:35:26.343+0000] {logging_mixin.py:188} INFO - [2026-05-28T09:35:26.342+0000] {dagbag.py:540} INFO - Filling up the DagBag from /opt/airflow/dags/kaldata_dag.py
[2026-05-28T09:35:26.475+0000] {processor.py:840} INFO - DAG(s) 'kaldata_scraper' retrieved from /opt/airflow/dags/kaldata_dag.py
[2026-05-28T09:35:26.553+0000] {logging_mixin.py:188} INFO - [2026-05-28T09:35:26.552+0000] {dag.py:3047} INFO - Sync 1 DAGs
[2026-05-28T09:35:26.621+0000] {logging_mixin.py:188} INFO - [2026-05-28T09:35:26.620+0000] {dag.py:3834} INFO - Setting next_dagrun for kaldata_scraper to 2026-05-28 00:00:00+00:00, run_after=2026-05-29 00:00:00+00:00
[2026-05-28T09:35:26.722+0000] {processor.py:183} INFO - Processing /opt/airflow/dags/kaldata_dag.py took 0.415 seconds
[2026-05-28T09:35:57.720+0000] {processor.py:161} INFO - Started process (PID=7677) to work on /opt/airflow/dags/kaldata_dag.py
[2026-05-28T09:35:57.724+0000] {processor.py:830} INFO - Processing file /opt/airflow/dags/kaldata_dag.py for tasks to queue
[2026-05-28T09:35:57.728+0000] {logging_mixin.py:188} INFO - [2026-05-28T09:35:57.727+0000] {dagbag.py:540} INFO - Filling up the DagBag from /opt/airflow/dags/kaldata_dag.py
[2026-05-28T09:35:57.773+0000] {processor.py:840} INFO - DAG(s) 'kaldata_scraper' retrieved from /opt/airflow/dags/kaldata_dag.py
[2026-05-28T09:35:57.856+0000] {logging_mixin.py:188} INFO - [2026-05-28T09:35:57.856+0000] {dag.py:3047} INFO - Sync 1 DAGs
[2026-05-28T09:35:57.924+0000] {logging_mixin.py:188} INFO - [2026-05-28T09:35:57.923+0000] {dag.py:3834} INFO - Setting next_dagrun for kaldata_scraper to 2026-05-28 00:00:00+00:00, run_after=2026-05-29 00:00:00+00:00
[2026-05-28T09:35:57.989+0000] {processor.py:183} INFO - Processing /opt/airflow/dags/kaldata_dag.py took 0.279 seconds
[2026-05-28T09:36:28.457+0000] {processor.py:161} INFO - Started process (PID=7707) to work on /opt/airflow/dags/kaldata_dag.py
[2026-05-28T09:36:28.460+0000] {processor.py:830} INFO - Processing file /opt/airflow/dags/kaldata_dag.py for tasks to queue
[2026-05-28T09:36:28.465+0000] {logging_mixin.py:188} INFO - [2026-05-28T09:36:28.464+0000] {dagbag.py:540} INFO - Filling up the DagBag from /opt/airflow/dags/kaldata_dag.py
[2026-05-28T09:36:28.521+0000] {processor.py:840} INFO - DAG(s) 'kaldata_scraper' retrieved from /opt/airflow/dags/kaldata_dag.py
[2026-05-28T09:36:28.603+0000] {logging_mixin.py:188} INFO - [2026-05-28T09:36:28.603+0000] {dag.py:3047} INFO - Sync 1 DAGs
[2026-05-28T09:36:28.676+0000] {logging_mixin.py:188} INFO - [2026-05-28T09:36:28.675+0000] {dag.py:3834} INFO - Setting next_dagrun for kaldata_scraper to 2026-05-28 00:00:00+00:00, run_after=2026-05-29 00:00:00+00:00
[2026-05-28T09:36:28.738+0000] {processor.py:183} INFO - Processing /opt/airflow/dags/kaldata_dag.py took 0.296 seconds
[2026-05-28T09:36:59.005+0000] {processor.py:161} INFO - Started process (PID=7737) to work on /opt/airflow/dags/kaldata_dag.py
[2026-05-28T09:36:59.009+0000] {processor.py:830} INFO - Processing file /opt/airflow/dags/kaldata_dag.py for tasks to queue
[2026-05-28T09:36:59.013+0000] {logging_mixin.py:188} INFO - [2026-05-28T09:36:59.012+0000] {dagbag.py:540} INFO - Filling up the DagBag from /opt/airflow/dags/kaldata_dag.py
[2026-05-28T09:36:59.104+0000] {processor.py:840} INFO - DAG(s) 'kaldata_scraper' retrieved from /opt/airflow/dags/kaldata_dag.py
[2026-05-28T09:36:59.185+0000] {logging_mixin.py:188} INFO - [2026-05-28T09:36:59.185+0000] {dag.py:3047} INFO - Sync 1 DAGs
[2026-05-28T09:36:59.257+0000] {logging_mixin.py:188} INFO - [2026-05-28T09:36:59.256+0000] {dag.py:3834} INFO - Setting next_dagrun for kaldata_scraper to 2026-05-28 00:00:00+00:00, run_after=2026-05-29 00:00:00+00:00
[2026-05-28T09:36:59.322+0000] {processor.py:183} INFO - Processing /opt/airflow/dags/kaldata_dag.py took 0.334 seconds
[2026-05-28T09:37:29.632+0000] {processor.py:161} INFO - Started process (PID=7767) to work on /opt/airflow/dags/kaldata_dag.py
[2026-05-28T09:37:29.636+0000] {processor.py:830} INFO - Processing file /opt/airflow/dags/kaldata_dag.py for tasks to queue
[2026-05-28T09:37:29.640+0000] {logging_mixin.py:188} INFO - [2026-05-28T09:37:29.639+0000] {dagbag.py:540} INFO - Filling up the DagBag from /opt/airflow/dags/kaldata_dag.py
[2026-05-28T09:37:29.686+0000] {processor.py:840} INFO - DAG(s) 'kaldata_scraper' retrieved from /opt/airflow/dags/kaldata_dag.py
[2026-05-28T09:37:29.812+0000] {logging_mixin.py:188} INFO - [2026-05-28T09:37:29.811+0000] {dag.py:3047} INFO - Sync 1 DAGs
[2026-05-28T09:37:29.930+0000] {logging_mixin.py:188} INFO - [2026-05-28T09:37:29.929+0000] {dag.py:3834} INFO - Setting next_dagrun for kaldata_scraper to 2026-05-28 00:00:00+00:00, run_after=2026-05-29 00:00:00+00:00
[2026-05-28T09:37:30.147+0000] {processor.py:183} INFO - Processing /opt/airflow/dags/kaldata_dag.py took 0.527 seconds
[2026-05-28T09:38:02.671+0000] {processor.py:161} INFO - Started process (PID=7797) to work on /opt/airflow/dags/kaldata_dag.py
[2026-05-28T09:38:02.683+0000] {processor.py:830} INFO - Processing file /opt/airflow/dags/kaldata_dag.py for tasks to queue
[2026-05-28T09:38:02.690+0000] {logging_mixin.py:188} INFO - [2026-05-28T09:38:02.689+0000] {dagbag.py:540} INFO - Filling up the DagBag from /opt/airflow/dags/kaldata_dag.py
[2026-05-28T09:38:02.765+0000] {processor.py:840} INFO - DAG(s) 'kaldata_scraper' retrieved from /opt/airflow/dags/kaldata_dag.py
[2026-05-28T09:38:02.867+0000] {logging_mixin.py:188} INFO - [2026-05-28T09:38:02.867+0000] {dag.py:3047} INFO - Sync 1 DAGs
[2026-05-28T09:38:02.932+0000] {logging_mixin.py:188} INFO - [2026-05-28T09:38:02.931+0000] {dag.py:3834} INFO - Setting next_dagrun for kaldata_scraper to 2026-05-28 00:00:00+00:00, run_after=2026-05-29 00:00:00+00:00
[2026-05-28T09:38:02.987+0000] {processor.py:183} INFO - Processing /opt/airflow/dags/kaldata_dag.py took 0.336 seconds
