[2026-05-28T07:12:24.823+0000] {processor.py:161} INFO - Started process (PID=51) to work on /opt/airflow/dags/merge_dag.py
[2026-05-28T07:12:24.862+0000] {processor.py:830} INFO - Processing file /opt/airflow/dags/merge_dag.py for tasks to queue
[2026-05-28T07:12:24.888+0000] {logging_mixin.py:188} INFO - [2026-05-28T07:12:24.880+0000] {dagbag.py:540} INFO - Filling up the DagBag from /opt/airflow/dags/merge_dag.py
[2026-05-28T07:12:25.889+0000] {logging_mixin.py:188} INFO - DATA_PATH: /opt/airflow/data
[2026-05-28T07:12:25.947+0000] {logging_mixin.py:188} INFO - FILES: ['eu_fsf_sanctions.json', 'final_output.json', 'inegi_playwright.json', 'inegi_scraper.json', 'kaldata.db', 'telegraph.db']
[2026-05-28T07:12:25.986+0000] {logging_mixin.py:188} INFO - LOCK EXISTS: False
[2026-05-28T07:12:26.137+0000] {processor.py:840} INFO - DAG(s) 'merge_all_scrapers' retrieved from /opt/airflow/dags/merge_dag.py
[2026-05-28T07:12:39.428+0000] {logging_mixin.py:188} INFO - [2026-05-28T07:12:39.422+0000] {dag.py:3047} INFO - Sync 1 DAGs
[2026-05-28T07:12:39.639+0000] {logging_mixin.py:188} INFO - [2026-05-28T07:12:39.638+0000] {dag.py:3834} INFO - Setting next_dagrun for merge_all_scrapers to None, run_after=None
[2026-05-28T07:12:40.033+0000] {processor.py:183} INFO - Processing /opt/airflow/dags/merge_dag.py took 15.317 seconds
[2026-05-28T07:13:14.359+0000] {processor.py:161} INFO - Started process (PID=90) to work on /opt/airflow/dags/merge_dag.py
[2026-05-28T07:13:14.564+0000] {processor.py:830} INFO - Processing file /opt/airflow/dags/merge_dag.py for tasks to queue
[2026-05-28T07:13:14.771+0000] {logging_mixin.py:188} INFO - [2026-05-28T07:13:14.770+0000] {dagbag.py:540} INFO - Filling up the DagBag from /opt/airflow/dags/merge_dag.py
[2026-05-28T07:13:15.970+0000] {logging_mixin.py:188} INFO - DATA_PATH: /opt/airflow/data
[2026-05-28T07:13:16.192+0000] {logging_mixin.py:188} INFO - FILES: ['eu_fsf_sanctions.json', 'final_output.json', 'inegi_playwright.json', 'inegi_scraper.json', 'kaldata.db', 'telegraph.db']
[2026-05-28T07:13:16.265+0000] {logging_mixin.py:188} INFO - LOCK EXISTS: False
[2026-05-28T07:13:16.602+0000] {processor.py:840} INFO - DAG(s) 'merge_all_scrapers' retrieved from /opt/airflow/dags/merge_dag.py
[2026-05-28T07:13:20.933+0000] {logging_mixin.py:188} INFO - [2026-05-28T07:13:20.779+0000] {dag.py:3047} INFO - Sync 1 DAGs
[2026-05-28T07:13:23.286+0000] {logging_mixin.py:188} INFO - [2026-05-28T07:13:23.285+0000] {dag.py:3834} INFO - Setting next_dagrun for merge_all_scrapers to None, run_after=None
[2026-05-28T07:13:25.925+0000] {processor.py:183} INFO - Processing /opt/airflow/dags/merge_dag.py took 12.274 seconds
[2026-05-28T07:13:57.109+0000] {processor.py:161} INFO - Started process (PID=120) to work on /opt/airflow/dags/merge_dag.py
[2026-05-28T07:13:57.113+0000] {processor.py:830} INFO - Processing file /opt/airflow/dags/merge_dag.py for tasks to queue
[2026-05-28T07:13:57.121+0000] {logging_mixin.py:188} INFO - [2026-05-28T07:13:57.120+0000] {dagbag.py:540} INFO - Filling up the DagBag from /opt/airflow/dags/merge_dag.py
[2026-05-28T07:13:57.176+0000] {logging_mixin.py:188} INFO - DATA_PATH: /opt/airflow/data
[2026-05-28T07:13:57.185+0000] {logging_mixin.py:188} INFO - FILES: ['eu_fsf_sanctions.json', 'final_output.json', 'inegi_playwright.json', 'inegi_scraper.json', 'kaldata.db', 'telegraph.db']
[2026-05-28T07:13:57.186+0000] {logging_mixin.py:188} INFO - LOCK EXISTS: False
[2026-05-28T07:13:57.217+0000] {processor.py:840} INFO - DAG(s) 'merge_all_scrapers' retrieved from /opt/airflow/dags/merge_dag.py
[2026-05-28T07:13:57.689+0000] {logging_mixin.py:188} INFO - [2026-05-28T07:13:57.687+0000] {dag.py:3047} INFO - Sync 1 DAGs
[2026-05-28T07:13:57.904+0000] {logging_mixin.py:188} INFO - [2026-05-28T07:13:57.903+0000] {dag.py:3834} INFO - Setting next_dagrun for merge_all_scrapers to None, run_after=None
[2026-05-28T07:13:59.709+0000] {processor.py:183} INFO - Processing /opt/airflow/dags/merge_dag.py took 2.616 seconds
[2026-05-28T07:14:33.770+0000] {processor.py:161} INFO - Started process (PID=152) to work on /opt/airflow/dags/merge_dag.py
[2026-05-28T07:14:33.819+0000] {processor.py:830} INFO - Processing file /opt/airflow/dags/merge_dag.py for tasks to queue
[2026-05-28T07:14:33.872+0000] {logging_mixin.py:188} INFO - [2026-05-28T07:14:33.871+0000] {dagbag.py:540} INFO - Filling up the DagBag from /opt/airflow/dags/merge_dag.py
[2026-05-28T07:14:34.458+0000] {logging_mixin.py:188} INFO - DATA_PATH: /opt/airflow/data
[2026-05-28T07:14:34.533+0000] {logging_mixin.py:188} INFO - FILES: ['eu_fsf_sanctions.json', 'final_output.json', 'inegi_playwright.json', 'inegi_scraper.json', 'kaldata.db', 'telegraph.db']
[2026-05-28T07:14:34.573+0000] {logging_mixin.py:188} INFO - LOCK EXISTS: False
[2026-05-28T07:14:34.711+0000] {processor.py:840} INFO - DAG(s) 'merge_all_scrapers' retrieved from /opt/airflow/dags/merge_dag.py
[2026-05-28T07:14:35.688+0000] {logging_mixin.py:188} INFO - [2026-05-28T07:14:35.687+0000] {dag.py:3047} INFO - Sync 1 DAGs
[2026-05-28T07:14:35.967+0000] {logging_mixin.py:188} INFO - [2026-05-28T07:14:35.967+0000] {dag.py:3834} INFO - Setting next_dagrun for merge_all_scrapers to None, run_after=None
[2026-05-28T07:14:37.562+0000] {processor.py:183} INFO - Processing /opt/airflow/dags/merge_dag.py took 4.168 seconds
[2026-05-28T07:15:09.638+0000] {processor.py:161} INFO - Started process (PID=182) to work on /opt/airflow/dags/merge_dag.py
[2026-05-28T07:15:09.659+0000] {processor.py:830} INFO - Processing file /opt/airflow/dags/merge_dag.py for tasks to queue
[2026-05-28T07:15:09.678+0000] {logging_mixin.py:188} INFO - [2026-05-28T07:15:09.671+0000] {dagbag.py:540} INFO - Filling up the DagBag from /opt/airflow/dags/merge_dag.py
[2026-05-28T07:15:09.870+0000] {logging_mixin.py:188} INFO - DATA_PATH: /opt/airflow/data
[2026-05-28T07:15:09.889+0000] {logging_mixin.py:188} INFO - FILES: ['eu_fsf_sanctions.json', 'final_output.json', 'inegi_playwright.json', 'inegi_scraper.json', 'kaldata.db', 'kaldata.db-shm', 'kaldata.db-wal', 'telegraph.db']
[2026-05-28T07:15:09.903+0000] {logging_mixin.py:188} INFO - LOCK EXISTS: False
[2026-05-28T07:15:10.058+0000] {processor.py:840} INFO - DAG(s) 'merge_all_scrapers' retrieved from /opt/airflow/dags/merge_dag.py
[2026-05-28T07:15:10.601+0000] {logging_mixin.py:188} INFO - [2026-05-28T07:15:10.574+0000] {dag.py:3047} INFO - Sync 1 DAGs
[2026-05-28T07:15:11.075+0000] {logging_mixin.py:188} INFO - [2026-05-28T07:15:11.075+0000] {dag.py:3834} INFO - Setting next_dagrun for merge_all_scrapers to None, run_after=None
[2026-05-28T07:15:12.187+0000] {processor.py:183} INFO - Processing /opt/airflow/dags/merge_dag.py took 2.601 seconds
[2026-05-28T07:15:43.182+0000] {processor.py:161} INFO - Started process (PID=212) to work on /opt/airflow/dags/merge_dag.py
[2026-05-28T07:15:43.193+0000] {processor.py:830} INFO - Processing file /opt/airflow/dags/merge_dag.py for tasks to queue
[2026-05-28T07:15:43.197+0000] {logging_mixin.py:188} INFO - [2026-05-28T07:15:43.196+0000] {dagbag.py:540} INFO - Filling up the DagBag from /opt/airflow/dags/merge_dag.py
[2026-05-28T07:15:43.285+0000] {logging_mixin.py:188} INFO - DATA_PATH: /opt/airflow/data
[2026-05-28T07:15:43.307+0000] {logging_mixin.py:188} INFO - FILES: ['eu_fsf_sanctions.json', 'final_output.json', 'inegi_playwright.json', 'inegi_scraper.json', 'kaldata.db', 'kaldata.db-shm', 'kaldata.db-wal', 'telegraph.db']
[2026-05-28T07:15:43.309+0000] {logging_mixin.py:188} INFO - LOCK EXISTS: False
[2026-05-28T07:15:43.349+0000] {processor.py:840} INFO - DAG(s) 'merge_all_scrapers' retrieved from /opt/airflow/dags/merge_dag.py
[2026-05-28T07:15:43.768+0000] {logging_mixin.py:188} INFO - [2026-05-28T07:15:43.767+0000] {dag.py:3047} INFO - Sync 1 DAGs
[2026-05-28T07:15:44.382+0000] {logging_mixin.py:188} INFO - [2026-05-28T07:15:44.373+0000] {dag.py:3834} INFO - Setting next_dagrun for merge_all_scrapers to None, run_after=None
[2026-05-28T07:15:44.520+0000] {processor.py:183} INFO - Processing /opt/airflow/dags/merge_dag.py took 1.361 seconds
[2026-05-28T07:16:16.489+0000] {processor.py:161} INFO - Started process (PID=242) to work on /opt/airflow/dags/merge_dag.py
[2026-05-28T07:16:17.900+0000] {processor.py:830} INFO - Processing file /opt/airflow/dags/merge_dag.py for tasks to queue
[2026-05-28T07:16:17.944+0000] {logging_mixin.py:188} INFO - [2026-05-28T07:16:17.943+0000] {dagbag.py:540} INFO - Filling up the DagBag from /opt/airflow/dags/merge_dag.py
[2026-05-28T07:16:18.097+0000] {logging_mixin.py:188} INFO - DATA_PATH: /opt/airflow/data
[2026-05-28T07:16:18.103+0000] {logging_mixin.py:188} INFO - FILES: ['eu_fsf_sanctions.json', 'final_output.json', 'inegi_playwright.json', 'inegi_scraper.json', 'kaldata.db', 'kaldata.db-shm', 'kaldata.db-wal', 'telegraph.db']
[2026-05-28T07:16:18.105+0000] {logging_mixin.py:188} INFO - LOCK EXISTS: False
[2026-05-28T07:16:18.130+0000] {processor.py:840} INFO - DAG(s) 'merge_all_scrapers' retrieved from /opt/airflow/dags/merge_dag.py
[2026-05-28T07:16:18.237+0000] {logging_mixin.py:188} INFO - [2026-05-28T07:16:18.230+0000] {dag.py:3047} INFO - Sync 1 DAGs
[2026-05-28T07:16:18.363+0000] {logging_mixin.py:188} INFO - [2026-05-28T07:16:18.362+0000] {dag.py:3834} INFO - Setting next_dagrun for merge_all_scrapers to None, run_after=None
[2026-05-28T07:16:18.508+0000] {processor.py:183} INFO - Processing /opt/airflow/dags/merge_dag.py took 2.038 seconds
[2026-05-28T07:16:55.571+0000] {processor.py:161} INFO - Started process (PID=272) to work on /opt/airflow/dags/merge_dag.py
[2026-05-28T07:16:55.611+0000] {processor.py:830} INFO - Processing file /opt/airflow/dags/merge_dag.py for tasks to queue
[2026-05-28T07:16:55.929+0000] {logging_mixin.py:188} INFO - [2026-05-28T07:16:55.928+0000] {dagbag.py:540} INFO - Filling up the DagBag from /opt/airflow/dags/merge_dag.py
[2026-05-28T07:16:57.753+0000] {logging_mixin.py:188} INFO - DATA_PATH: /opt/airflow/data
[2026-05-28T07:16:57.895+0000] {logging_mixin.py:188} INFO - FILES: ['eu_fsf_sanctions.json', 'final_output.json', 'inegi_playwright.json', 'inegi_scraper.json', 'kaldata.db', 'kaldata.db-shm', 'kaldata.db-wal', 'telegraph.db']
[2026-05-28T07:16:57.979+0000] {logging_mixin.py:188} INFO - LOCK EXISTS: False
[2026-05-28T07:16:58.350+0000] {processor.py:840} INFO - DAG(s) 'merge_all_scrapers' retrieved from /opt/airflow/dags/merge_dag.py
[2026-05-28T07:16:58.937+0000] {logging_mixin.py:188} INFO - [2026-05-28T07:16:58.937+0000] {dag.py:3047} INFO - Sync 1 DAGs
[2026-05-28T07:16:59.116+0000] {logging_mixin.py:188} INFO - [2026-05-28T07:16:59.115+0000] {dag.py:3834} INFO - Setting next_dagrun for merge_all_scrapers to None, run_after=None
[2026-05-28T07:16:59.709+0000] {processor.py:183} INFO - Processing /opt/airflow/dags/merge_dag.py took 4.692 seconds
[2026-05-28T07:17:33.884+0000] {processor.py:161} INFO - Started process (PID=306) to work on /opt/airflow/dags/merge_dag.py
[2026-05-28T07:17:33.988+0000] {processor.py:830} INFO - Processing file /opt/airflow/dags/merge_dag.py for tasks to queue
[2026-05-28T07:17:33.995+0000] {logging_mixin.py:188} INFO - [2026-05-28T07:17:33.994+0000] {dagbag.py:540} INFO - Filling up the DagBag from /opt/airflow/dags/merge_dag.py
[2026-05-28T07:17:34.082+0000] {logging_mixin.py:188} INFO - DATA_PATH: /opt/airflow/data
[2026-05-28T07:17:34.095+0000] {logging_mixin.py:188} INFO - FILES: ['eu_fsf_sanctions.json', 'final_output.json', 'inegi_playwright.json', 'inegi_scraper.json', 'kaldata.db', 'kaldata.db-shm', 'kaldata.db-wal', 'telegraph.db']
[2026-05-28T07:17:34.097+0000] {logging_mixin.py:188} INFO - LOCK EXISTS: False
[2026-05-28T07:17:34.154+0000] {processor.py:840} INFO - DAG(s) 'merge_all_scrapers' retrieved from /opt/airflow/dags/merge_dag.py
[2026-05-28T07:17:34.423+0000] {logging_mixin.py:188} INFO - [2026-05-28T07:17:34.422+0000] {dag.py:3047} INFO - Sync 1 DAGs
[2026-05-28T07:17:34.487+0000] {logging_mixin.py:188} INFO - [2026-05-28T07:17:34.486+0000] {dag.py:3834} INFO - Setting next_dagrun for merge_all_scrapers to None, run_after=None
[2026-05-28T07:17:34.577+0000] {processor.py:183} INFO - Processing /opt/airflow/dags/merge_dag.py took 0.951 seconds
[2026-05-28T07:18:06.856+0000] {processor.py:161} INFO - Started process (PID=338) to work on /opt/airflow/dags/merge_dag.py
[2026-05-28T07:18:06.964+0000] {processor.py:830} INFO - Processing file /opt/airflow/dags/merge_dag.py for tasks to queue
[2026-05-28T07:18:06.997+0000] {logging_mixin.py:188} INFO - [2026-05-28T07:18:06.996+0000] {dagbag.py:540} INFO - Filling up the DagBag from /opt/airflow/dags/merge_dag.py
[2026-05-28T07:18:07.604+0000] {logging_mixin.py:188} INFO - DATA_PATH: /opt/airflow/data
[2026-05-28T07:18:07.806+0000] {logging_mixin.py:188} INFO - FILES: ['eu_fsf_sanctions.json', 'final_output.json', 'inegi_playwright.json', 'inegi_scraper.json', 'kaldata.db', 'kaldata.db-shm', 'kaldata.db-wal', 'merge.lock', 'telegraph.db']
[2026-05-28T07:18:07.887+0000] {logging_mixin.py:188} INFO - LOCK EXISTS: True
[2026-05-28T07:18:08.287+0000] {processor.py:840} INFO - DAG(s) 'merge_all_scrapers' retrieved from /opt/airflow/dags/merge_dag.py
[2026-05-28T07:18:09.054+0000] {logging_mixin.py:188} INFO - [2026-05-28T07:18:09.025+0000] {dag.py:3047} INFO - Sync 1 DAGs
[2026-05-28T07:18:09.943+0000] {logging_mixin.py:188} INFO - [2026-05-28T07:18:09.942+0000] {dag.py:3834} INFO - Setting next_dagrun for merge_all_scrapers to None, run_after=None
[2026-05-28T07:18:10.170+0000] {processor.py:183} INFO - Processing /opt/airflow/dags/merge_dag.py took 3.547 seconds
[2026-05-28T07:18:40.917+0000] {processor.py:161} INFO - Started process (PID=368) to work on /opt/airflow/dags/merge_dag.py
[2026-05-28T07:18:40.965+0000] {processor.py:830} INFO - Processing file /opt/airflow/dags/merge_dag.py for tasks to queue
[2026-05-28T07:18:40.983+0000] {logging_mixin.py:188} INFO - [2026-05-28T07:18:40.982+0000] {dagbag.py:540} INFO - Filling up the DagBag from /opt/airflow/dags/merge_dag.py
[2026-05-28T07:18:42.781+0000] {logging_mixin.py:188} INFO - DATA_PATH: /opt/airflow/data
[2026-05-28T07:18:42.915+0000] {logging_mixin.py:188} INFO - FILES: ['eu_fsf_sanctions.json', 'final_output.json', 'inegi_playwright.json', 'inegi_scraper.json', 'kaldata.db', 'kaldata.db-shm', 'kaldata.db-wal', 'merge.lock', 'telegraph.db']
[2026-05-28T07:18:42.938+0000] {logging_mixin.py:188} INFO - LOCK EXISTS: True
[2026-05-28T07:18:43.099+0000] {processor.py:840} INFO - DAG(s) 'merge_all_scrapers' retrieved from /opt/airflow/dags/merge_dag.py
[2026-05-28T07:18:44.030+0000] {logging_mixin.py:188} INFO - [2026-05-28T07:18:44.029+0000] {dag.py:3047} INFO - Sync 1 DAGs
[2026-05-28T07:18:44.542+0000] {logging_mixin.py:188} INFO - [2026-05-28T07:18:44.536+0000] {dag.py:3834} INFO - Setting next_dagrun for merge_all_scrapers to None, run_after=None
[2026-05-28T07:18:45.059+0000] {processor.py:183} INFO - Processing /opt/airflow/dags/merge_dag.py took 4.228 seconds
[2026-05-28T07:19:16.563+0000] {processor.py:161} INFO - Started process (PID=400) to work on /opt/airflow/dags/merge_dag.py
[2026-05-28T07:19:16.627+0000] {processor.py:830} INFO - Processing file /opt/airflow/dags/merge_dag.py for tasks to queue
[2026-05-28T07:19:16.645+0000] {logging_mixin.py:188} INFO - [2026-05-28T07:19:16.643+0000] {dagbag.py:540} INFO - Filling up the DagBag from /opt/airflow/dags/merge_dag.py
[2026-05-28T07:19:17.262+0000] {logging_mixin.py:188} INFO - DATA_PATH: /opt/airflow/data
[2026-05-28T07:19:17.534+0000] {logging_mixin.py:188} INFO - FILES: ['eu_fsf_sanctions.json', 'final_output.json', 'inegi_playwright.json', 'inegi_scraper.json', 'kaldata.db', 'kaldata.db-shm', 'kaldata.db-wal', 'merge.lock', 'telegraph.db']
[2026-05-28T07:19:17.620+0000] {logging_mixin.py:188} INFO - LOCK EXISTS: True
[2026-05-28T07:19:17.796+0000] {processor.py:840} INFO - DAG(s) 'merge_all_scrapers' retrieved from /opt/airflow/dags/merge_dag.py
[2026-05-28T07:19:18.959+0000] {logging_mixin.py:188} INFO - [2026-05-28T07:19:18.958+0000] {dag.py:3047} INFO - Sync 1 DAGs
[2026-05-28T07:19:19.705+0000] {logging_mixin.py:188} INFO - [2026-05-28T07:19:19.628+0000] {dag.py:3834} INFO - Setting next_dagrun for merge_all_scrapers to None, run_after=None
[2026-05-28T07:19:20.818+0000] {processor.py:183} INFO - Processing /opt/airflow/dags/merge_dag.py took 4.365 seconds
[2026-05-28T07:19:52.550+0000] {processor.py:161} INFO - Started process (PID=428) to work on /opt/airflow/dags/merge_dag.py
[2026-05-28T07:19:52.753+0000] {processor.py:830} INFO - Processing file /opt/airflow/dags/merge_dag.py for tasks to queue
[2026-05-28T07:19:52.802+0000] {logging_mixin.py:188} INFO - [2026-05-28T07:19:52.789+0000] {dagbag.py:540} INFO - Filling up the DagBag from /opt/airflow/dags/merge_dag.py
[2026-05-28T07:19:53.397+0000] {logging_mixin.py:188} INFO - DATA_PATH: /opt/airflow/data
[2026-05-28T07:19:53.596+0000] {logging_mixin.py:188} INFO - FILES: ['eu_fsf_sanctions.json', 'final_output.json', 'inegi_playwright.json', 'inegi_scraper.json', 'kaldata.db', 'kaldata.db-shm', 'kaldata.db-wal', 'merge.lock', 'telegraph.db']
[2026-05-28T07:19:53.681+0000] {logging_mixin.py:188} INFO - LOCK EXISTS: True
[2026-05-28T07:19:53.817+0000] {processor.py:840} INFO - DAG(s) 'merge_all_scrapers' retrieved from /opt/airflow/dags/merge_dag.py
[2026-05-28T07:19:54.087+0000] {logging_mixin.py:188} INFO - [2026-05-28T07:19:54.082+0000] {dag.py:3047} INFO - Sync 1 DAGs
[2026-05-28T07:19:54.204+0000] {logging_mixin.py:188} INFO - [2026-05-28T07:19:54.204+0000] {dag.py:3834} INFO - Setting next_dagrun for merge_all_scrapers to None, run_after=None
[2026-05-28T07:19:57.166+0000] {processor.py:183} INFO - Processing /opt/airflow/dags/merge_dag.py took 4.661 seconds
[2026-05-28T07:20:28.052+0000] {processor.py:161} INFO - Started process (PID=460) to work on /opt/airflow/dags/merge_dag.py
[2026-05-28T07:20:28.061+0000] {processor.py:830} INFO - Processing file /opt/airflow/dags/merge_dag.py for tasks to queue
[2026-05-28T07:20:28.065+0000] {logging_mixin.py:188} INFO - [2026-05-28T07:20:28.064+0000] {dagbag.py:540} INFO - Filling up the DagBag from /opt/airflow/dags/merge_dag.py
[2026-05-28T07:20:28.125+0000] {logging_mixin.py:188} INFO - DATA_PATH: /opt/airflow/data
[2026-05-28T07:20:28.129+0000] {logging_mixin.py:188} INFO - FILES: ['eu_fsf_sanctions.json', 'final_output.json', 'inegi_playwright.json', 'inegi_scraper.json', 'kaldata.db', 'kaldata.db-shm', 'kaldata.db-wal', 'telegraph.db']
[2026-05-28T07:20:28.133+0000] {logging_mixin.py:188} INFO - LOCK EXISTS: False
[2026-05-28T07:20:28.173+0000] {processor.py:840} INFO - DAG(s) 'merge_all_scrapers' retrieved from /opt/airflow/dags/merge_dag.py
[2026-05-28T07:20:28.355+0000] {logging_mixin.py:188} INFO - [2026-05-28T07:20:28.354+0000] {dag.py:3047} INFO - Sync 1 DAGs
[2026-05-28T07:20:28.446+0000] {logging_mixin.py:188} INFO - [2026-05-28T07:20:28.437+0000] {dag.py:3834} INFO - Setting next_dagrun for merge_all_scrapers to None, run_after=None
[2026-05-28T07:20:28.641+0000] {processor.py:183} INFO - Processing /opt/airflow/dags/merge_dag.py took 0.606 seconds
[2026-05-28T07:20:58.901+0000] {processor.py:161} INFO - Started process (PID=490) to work on /opt/airflow/dags/merge_dag.py
[2026-05-28T07:20:58.909+0000] {processor.py:830} INFO - Processing file /opt/airflow/dags/merge_dag.py for tasks to queue
[2026-05-28T07:20:58.915+0000] {logging_mixin.py:188} INFO - [2026-05-28T07:20:58.914+0000] {dagbag.py:540} INFO - Filling up the DagBag from /opt/airflow/dags/merge_dag.py
[2026-05-28T07:20:58.971+0000] {logging_mixin.py:188} INFO - DATA_PATH: /opt/airflow/data
[2026-05-28T07:20:59.042+0000] {logging_mixin.py:188} INFO - FILES: ['eu_fsf_sanctions.json', 'final_output.json', 'inegi_playwright.json', 'inegi_scraper.json', 'kaldata.db', 'kaldata.db-shm', 'kaldata.db-wal', 'telegraph.db']
[2026-05-28T07:20:59.045+0000] {logging_mixin.py:188} INFO - LOCK EXISTS: False
[2026-05-28T07:20:59.131+0000] {processor.py:840} INFO - DAG(s) 'merge_all_scrapers' retrieved from /opt/airflow/dags/merge_dag.py
[2026-05-28T07:20:59.363+0000] {logging_mixin.py:188} INFO - [2026-05-28T07:20:59.356+0000] {dag.py:3047} INFO - Sync 1 DAGs
[2026-05-28T07:20:59.474+0000] {logging_mixin.py:188} INFO - [2026-05-28T07:20:59.473+0000] {dag.py:3834} INFO - Setting next_dagrun for merge_all_scrapers to None, run_after=None
[2026-05-28T07:20:59.662+0000] {processor.py:183} INFO - Processing /opt/airflow/dags/merge_dag.py took 0.783 seconds
[2026-05-28T07:21:41.480+0000] {processor.py:161} INFO - Started process (PID=515) to work on /opt/airflow/dags/merge_dag.py
[2026-05-28T07:21:41.509+0000] {processor.py:830} INFO - Processing file /opt/airflow/dags/merge_dag.py for tasks to queue
[2026-05-28T07:21:41.526+0000] {logging_mixin.py:188} INFO - [2026-05-28T07:21:41.526+0000] {dagbag.py:540} INFO - Filling up the DagBag from /opt/airflow/dags/merge_dag.py
[2026-05-28T07:21:42.943+0000] {logging_mixin.py:188} INFO - DATA_PATH: /opt/airflow/data
[2026-05-28T07:21:43.140+0000] {logging_mixin.py:188} INFO - FILES: ['eu_fsf_sanctions.json', 'final_output.json', 'inegi_playwright.json', 'inegi_scraper.json', 'kaldata.db', 'kaldata.db-shm', 'kaldata.db-wal', 'telegraph.db']
[2026-05-28T07:21:43.219+0000] {logging_mixin.py:188} INFO - LOCK EXISTS: False
[2026-05-28T07:21:43.380+0000] {processor.py:840} INFO - DAG(s) 'merge_all_scrapers' retrieved from /opt/airflow/dags/merge_dag.py
[2026-05-28T07:21:44.261+0000] {logging_mixin.py:188} INFO - [2026-05-28T07:21:44.260+0000] {dag.py:3047} INFO - Sync 1 DAGs
[2026-05-28T07:21:44.836+0000] {logging_mixin.py:188} INFO - [2026-05-28T07:21:44.836+0000] {dag.py:3834} INFO - Setting next_dagrun for merge_all_scrapers to None, run_after=None
[2026-05-28T07:21:45.603+0000] {processor.py:183} INFO - Processing /opt/airflow/dags/merge_dag.py took 4.218 seconds
[2026-05-28T07:22:23.329+0000] {processor.py:161} INFO - Started process (PID=545) to work on /opt/airflow/dags/merge_dag.py
[2026-05-28T07:22:23.548+0000] {processor.py:830} INFO - Processing file /opt/airflow/dags/merge_dag.py for tasks to queue
[2026-05-28T07:22:23.680+0000] {logging_mixin.py:188} INFO - [2026-05-28T07:22:23.631+0000] {dagbag.py:540} INFO - Filling up the DagBag from /opt/airflow/dags/merge_dag.py
[2026-05-28T07:22:26.015+0000] {logging_mixin.py:188} INFO - DATA_PATH: /opt/airflow/data
[2026-05-28T07:22:26.700+0000] {logging_mixin.py:188} INFO - FILES: ['eu_fsf_sanctions.json', 'final_output.json', 'inegi_playwright.json', 'inegi_scraper.json', 'kaldata.db', 'kaldata.db-shm', 'kaldata.db-wal', 'telegraph.db']
[2026-05-28T07:22:26.877+0000] {logging_mixin.py:188} INFO - LOCK EXISTS: False
[2026-05-28T07:22:27.135+0000] {processor.py:840} INFO - DAG(s) 'merge_all_scrapers' retrieved from /opt/airflow/dags/merge_dag.py
[2026-05-28T07:22:27.796+0000] {logging_mixin.py:188} INFO - [2026-05-28T07:22:27.795+0000] {dag.py:3047} INFO - Sync 1 DAGs
[2026-05-28T07:22:28.167+0000] {logging_mixin.py:188} INFO - [2026-05-28T07:22:28.138+0000] {dag.py:3834} INFO - Setting next_dagrun for merge_all_scrapers to None, run_after=None
[2026-05-28T07:22:29.215+0000] {processor.py:183} INFO - Processing /opt/airflow/dags/merge_dag.py took 6.093 seconds
[2026-05-28T07:23:26.745+0000] {processor.py:161} INFO - Started process (PID=575) to work on /opt/airflow/dags/merge_dag.py
[2026-05-28T07:23:26.796+0000] {processor.py:830} INFO - Processing file /opt/airflow/dags/merge_dag.py for tasks to queue
[2026-05-28T07:23:26.802+0000] {logging_mixin.py:188} INFO - [2026-05-28T07:23:26.801+0000] {dagbag.py:540} INFO - Filling up the DagBag from /opt/airflow/dags/merge_dag.py
[2026-05-28T07:23:26.892+0000] {logging_mixin.py:188} INFO - DATA_PATH: /opt/airflow/data
[2026-05-28T07:23:26.907+0000] {logging_mixin.py:188} INFO - FILES: ['eu_fsf_sanctions.json', 'final_output.json', 'inegi_playwright.json', 'inegi_scraper.json', 'kaldata.db', 'kaldata.db-shm', 'kaldata.db-wal', 'telegraph.db']
[2026-05-28T07:23:26.909+0000] {logging_mixin.py:188} INFO - LOCK EXISTS: False
[2026-05-28T07:23:26.941+0000] {processor.py:840} INFO - DAG(s) 'merge_all_scrapers' retrieved from /opt/airflow/dags/merge_dag.py
[2026-05-28T07:23:27.054+0000] {logging_mixin.py:188} INFO - [2026-05-28T07:23:27.053+0000] {dag.py:3047} INFO - Sync 1 DAGs
[2026-05-28T07:23:27.125+0000] {logging_mixin.py:188} INFO - [2026-05-28T07:23:27.125+0000] {dag.py:3834} INFO - Setting next_dagrun for merge_all_scrapers to None, run_after=None
[2026-05-28T07:23:27.309+0000] {processor.py:183} INFO - Processing /opt/airflow/dags/merge_dag.py took 0.658 seconds
[2026-05-28T07:23:59.091+0000] {processor.py:161} INFO - Started process (PID=605) to work on /opt/airflow/dags/merge_dag.py
[2026-05-28T07:23:59.094+0000] {processor.py:830} INFO - Processing file /opt/airflow/dags/merge_dag.py for tasks to queue
[2026-05-28T07:23:59.098+0000] {logging_mixin.py:188} INFO - [2026-05-28T07:23:59.097+0000] {dagbag.py:540} INFO - Filling up the DagBag from /opt/airflow/dags/merge_dag.py
[2026-05-28T07:23:59.229+0000] {logging_mixin.py:188} INFO - DATA_PATH: /opt/airflow/data
[2026-05-28T07:23:59.236+0000] {logging_mixin.py:188} INFO - FILES: ['eu_fsf_sanctions.json', 'final_output.json', 'inegi_playwright.json', 'inegi_scraper.json', 'kaldata.db', 'kaldata.db-shm', 'kaldata.db-wal', 'telegraph.db']
[2026-05-28T07:23:59.238+0000] {logging_mixin.py:188} INFO - LOCK EXISTS: False
[2026-05-28T07:23:59.289+0000] {processor.py:840} INFO - DAG(s) 'merge_all_scrapers' retrieved from /opt/airflow/dags/merge_dag.py
[2026-05-28T07:23:59.366+0000] {logging_mixin.py:188} INFO - [2026-05-28T07:23:59.364+0000] {dag.py:3047} INFO - Sync 1 DAGs
[2026-05-28T07:23:59.441+0000] {logging_mixin.py:188} INFO - [2026-05-28T07:23:59.440+0000] {dag.py:3834} INFO - Setting next_dagrun for merge_all_scrapers to None, run_after=None
[2026-05-28T07:23:59.538+0000] {processor.py:183} INFO - Processing /opt/airflow/dags/merge_dag.py took 0.458 seconds
[2026-05-28T07:24:31.184+0000] {processor.py:161} INFO - Started process (PID=634) to work on /opt/airflow/dags/merge_dag.py
[2026-05-28T07:24:31.261+0000] {processor.py:830} INFO - Processing file /opt/airflow/dags/merge_dag.py for tasks to queue
[2026-05-28T07:24:31.343+0000] {logging_mixin.py:188} INFO - [2026-05-28T07:24:31.342+0000] {dagbag.py:540} INFO - Filling up the DagBag from /opt/airflow/dags/merge_dag.py
[2026-05-28T07:24:32.416+0000] {logging_mixin.py:188} INFO - DATA_PATH: /opt/airflow/data
[2026-05-28T07:24:32.501+0000] {logging_mixin.py:188} INFO - FILES: ['eu_fsf_sanctions.json', 'final_output.json', 'inegi_playwright.json', 'inegi_scraper.json', 'kaldata.db', 'telegraph.db']
[2026-05-28T07:24:32.529+0000] {logging_mixin.py:188} INFO - LOCK EXISTS: False
[2026-05-28T07:24:33.360+0000] {processor.py:840} INFO - DAG(s) 'merge_all_scrapers' retrieved from /opt/airflow/dags/merge_dag.py
[2026-05-28T07:24:34.320+0000] {logging_mixin.py:188} INFO - [2026-05-28T07:24:34.316+0000] {dag.py:3047} INFO - Sync 1 DAGs
[2026-05-28T07:24:34.444+0000] {logging_mixin.py:188} INFO - [2026-05-28T07:24:34.443+0000] {dag.py:3834} INFO - Setting next_dagrun for merge_all_scrapers to None, run_after=None
[2026-05-28T07:24:34.618+0000] {processor.py:183} INFO - Processing /opt/airflow/dags/merge_dag.py took 3.670 seconds
[2026-05-28T07:25:05.035+0000] {processor.py:161} INFO - Started process (PID=667) to work on /opt/airflow/dags/merge_dag.py
[2026-05-28T07:25:05.042+0000] {processor.py:830} INFO - Processing file /opt/airflow/dags/merge_dag.py for tasks to queue
[2026-05-28T07:25:05.048+0000] {logging_mixin.py:188} INFO - [2026-05-28T07:25:05.044+0000] {dagbag.py:540} INFO - Filling up the DagBag from /opt/airflow/dags/merge_dag.py
[2026-05-28T07:25:05.118+0000] {logging_mixin.py:188} INFO - DATA_PATH: /opt/airflow/data
[2026-05-28T07:25:05.130+0000] {logging_mixin.py:188} INFO - FILES: ['eu_fsf_sanctions.json', 'final_output.json', 'inegi_playwright.json', 'inegi_scraper.json', 'kaldata.db', 'merge.lock', 'telegraph.db']
[2026-05-28T07:25:05.132+0000] {logging_mixin.py:188} INFO - LOCK EXISTS: True
[2026-05-28T07:25:05.171+0000] {processor.py:840} INFO - DAG(s) 'merge_all_scrapers' retrieved from /opt/airflow/dags/merge_dag.py
[2026-05-28T07:25:05.392+0000] {logging_mixin.py:188} INFO - [2026-05-28T07:25:05.391+0000] {dag.py:3047} INFO - Sync 1 DAGs
[2026-05-28T07:25:05.808+0000] {logging_mixin.py:188} INFO - [2026-05-28T07:25:05.808+0000] {dag.py:3834} INFO - Setting next_dagrun for merge_all_scrapers to None, run_after=None
[2026-05-28T07:25:06.333+0000] {processor.py:183} INFO - Processing /opt/airflow/dags/merge_dag.py took 1.315 seconds
[2026-05-28T07:25:37.804+0000] {processor.py:161} INFO - Started process (PID=699) to work on /opt/airflow/dags/merge_dag.py
[2026-05-28T07:25:37.850+0000] {processor.py:830} INFO - Processing file /opt/airflow/dags/merge_dag.py for tasks to queue
[2026-05-28T07:25:37.876+0000] {logging_mixin.py:188} INFO - [2026-05-28T07:25:37.875+0000] {dagbag.py:540} INFO - Filling up the DagBag from /opt/airflow/dags/merge_dag.py
[2026-05-28T07:25:38.877+0000] {logging_mixin.py:188} INFO - DATA_PATH: /opt/airflow/data
[2026-05-28T07:25:38.889+0000] {logging_mixin.py:188} INFO - FILES: ['eu_fsf_sanctions.json', 'final_output.json', 'inegi_playwright.json', 'inegi_scraper.json', 'kaldata.db', 'telegraph.db']
[2026-05-28T07:25:38.896+0000] {logging_mixin.py:188} INFO - LOCK EXISTS: False
[2026-05-28T07:25:38.944+0000] {processor.py:840} INFO - DAG(s) 'merge_all_scrapers' retrieved from /opt/airflow/dags/merge_dag.py
[2026-05-28T07:25:39.108+0000] {logging_mixin.py:188} INFO - [2026-05-28T07:25:39.107+0000] {dag.py:3047} INFO - Sync 1 DAGs
[2026-05-28T07:25:39.165+0000] {logging_mixin.py:188} INFO - [2026-05-28T07:25:39.165+0000] {dag.py:3834} INFO - Setting next_dagrun for merge_all_scrapers to None, run_after=None
[2026-05-28T07:25:39.272+0000] {processor.py:183} INFO - Processing /opt/airflow/dags/merge_dag.py took 1.526 seconds
[2026-05-28T07:26:10.262+0000] {processor.py:161} INFO - Started process (PID=729) to work on /opt/airflow/dags/merge_dag.py
[2026-05-28T07:26:10.267+0000] {processor.py:830} INFO - Processing file /opt/airflow/dags/merge_dag.py for tasks to queue
[2026-05-28T07:26:10.273+0000] {logging_mixin.py:188} INFO - [2026-05-28T07:26:10.272+0000] {dagbag.py:540} INFO - Filling up the DagBag from /opt/airflow/dags/merge_dag.py
[2026-05-28T07:26:10.354+0000] {logging_mixin.py:188} INFO - DATA_PATH: /opt/airflow/data
[2026-05-28T07:26:10.360+0000] {logging_mixin.py:188} INFO - FILES: ['eu_fsf_sanctions.json', 'final_output.json', 'inegi_playwright.json', 'inegi_scraper.json', 'kaldata.db', 'telegraph.db']
[2026-05-28T07:26:10.369+0000] {logging_mixin.py:188} INFO - LOCK EXISTS: False
[2026-05-28T07:26:10.409+0000] {processor.py:840} INFO - DAG(s) 'merge_all_scrapers' retrieved from /opt/airflow/dags/merge_dag.py
[2026-05-28T07:26:10.548+0000] {logging_mixin.py:188} INFO - [2026-05-28T07:26:10.547+0000] {dag.py:3047} INFO - Sync 1 DAGs
[2026-05-28T07:26:10.632+0000] {logging_mixin.py:188} INFO - [2026-05-28T07:26:10.627+0000] {dag.py:3834} INFO - Setting next_dagrun for merge_all_scrapers to None, run_after=None
[2026-05-28T07:26:10.725+0000] {processor.py:183} INFO - Processing /opt/airflow/dags/merge_dag.py took 0.478 seconds
[2026-05-28T07:26:42.360+0000] {processor.py:161} INFO - Started process (PID=757) to work on /opt/airflow/dags/merge_dag.py
[2026-05-28T07:26:42.390+0000] {processor.py:830} INFO - Processing file /opt/airflow/dags/merge_dag.py for tasks to queue
[2026-05-28T07:26:42.407+0000] {logging_mixin.py:188} INFO - [2026-05-28T07:26:42.406+0000] {dagbag.py:540} INFO - Filling up the DagBag from /opt/airflow/dags/merge_dag.py
[2026-05-28T07:26:43.566+0000] {logging_mixin.py:188} INFO - DATA_PATH: /opt/airflow/data
[2026-05-28T07:26:43.579+0000] {logging_mixin.py:188} INFO - FILES: ['eu_fsf_sanctions.json', 'final_output.json', 'inegi_playwright.json', 'inegi_scraper.json', 'kaldata.db', 'telegraph.db']
[2026-05-28T07:26:43.581+0000] {logging_mixin.py:188} INFO - LOCK EXISTS: False
[2026-05-28T07:26:43.652+0000] {processor.py:840} INFO - DAG(s) 'merge_all_scrapers' retrieved from /opt/airflow/dags/merge_dag.py
[2026-05-28T07:26:43.737+0000] {logging_mixin.py:188} INFO - [2026-05-28T07:26:43.736+0000] {dag.py:3047} INFO - Sync 1 DAGs
[2026-05-28T07:26:43.775+0000] {logging_mixin.py:188} INFO - [2026-05-28T07:26:43.775+0000] {dag.py:3834} INFO - Setting next_dagrun for merge_all_scrapers to None, run_after=None
[2026-05-28T07:26:43.851+0000] {processor.py:183} INFO - Processing /opt/airflow/dags/merge_dag.py took 1.539 seconds
[2026-05-28T07:27:15.249+0000] {processor.py:161} INFO - Started process (PID=784) to work on /opt/airflow/dags/merge_dag.py
[2026-05-28T07:27:15.280+0000] {processor.py:830} INFO - Processing file /opt/airflow/dags/merge_dag.py for tasks to queue
[2026-05-28T07:27:15.298+0000] {logging_mixin.py:188} INFO - [2026-05-28T07:27:15.297+0000] {dagbag.py:540} INFO - Filling up the DagBag from /opt/airflow/dags/merge_dag.py
[2026-05-28T07:27:15.943+0000] {logging_mixin.py:188} INFO - DATA_PATH: /opt/airflow/data
[2026-05-28T07:27:15.965+0000] {logging_mixin.py:188} INFO - FILES: ['eu_fsf_sanctions.json', 'final_output.json', 'inegi_playwright.json', 'inegi_scraper.json', 'kaldata.db', 'telegraph.db']
[2026-05-28T07:27:15.977+0000] {logging_mixin.py:188} INFO - LOCK EXISTS: False
[2026-05-28T07:27:16.056+0000] {processor.py:840} INFO - DAG(s) 'merge_all_scrapers' retrieved from /opt/airflow/dags/merge_dag.py
[2026-05-28T07:27:16.302+0000] {logging_mixin.py:188} INFO - [2026-05-28T07:27:16.301+0000] {dag.py:3047} INFO - Sync 1 DAGs
[2026-05-28T07:27:16.486+0000] {logging_mixin.py:188} INFO - [2026-05-28T07:27:16.486+0000] {dag.py:3834} INFO - Setting next_dagrun for merge_all_scrapers to None, run_after=None
[2026-05-28T07:27:17.522+0000] {processor.py:183} INFO - Processing /opt/airflow/dags/merge_dag.py took 2.482 seconds
[2026-05-28T07:27:49.334+0000] {processor.py:161} INFO - Started process (PID=815) to work on /opt/airflow/dags/merge_dag.py
[2026-05-28T07:27:49.346+0000] {processor.py:830} INFO - Processing file /opt/airflow/dags/merge_dag.py for tasks to queue
[2026-05-28T07:27:49.352+0000] {logging_mixin.py:188} INFO - [2026-05-28T07:27:49.350+0000] {dagbag.py:540} INFO - Filling up the DagBag from /opt/airflow/dags/merge_dag.py
[2026-05-28T07:27:49.989+0000] {logging_mixin.py:188} INFO - DATA_PATH: /opt/airflow/data
[2026-05-28T07:27:50.163+0000] {logging_mixin.py:188} INFO - FILES: ['eu_fsf_sanctions.json', 'final_output.json', 'inegi_playwright.json', 'inegi_scraper.json', 'kaldata.db', 'telegraph.db']
[2026-05-28T07:27:50.202+0000] {logging_mixin.py:188} INFO - LOCK EXISTS: False
[2026-05-28T07:27:50.287+0000] {processor.py:840} INFO - DAG(s) 'merge_all_scrapers' retrieved from /opt/airflow/dags/merge_dag.py
[2026-05-28T07:27:51.462+0000] {logging_mixin.py:188} INFO - [2026-05-28T07:27:51.460+0000] {dag.py:3047} INFO - Sync 1 DAGs
[2026-05-28T07:27:52.362+0000] {logging_mixin.py:188} INFO - [2026-05-28T07:27:52.361+0000] {dag.py:3834} INFO - Setting next_dagrun for merge_all_scrapers to None, run_after=None
[2026-05-28T07:27:52.635+0000] {processor.py:183} INFO - Processing /opt/airflow/dags/merge_dag.py took 3.472 seconds
[2026-05-28T07:28:23.537+0000] {processor.py:161} INFO - Started process (PID=848) to work on /opt/airflow/dags/merge_dag.py
[2026-05-28T07:28:23.547+0000] {processor.py:830} INFO - Processing file /opt/airflow/dags/merge_dag.py for tasks to queue
[2026-05-28T07:28:23.557+0000] {logging_mixin.py:188} INFO - [2026-05-28T07:28:23.550+0000] {dagbag.py:540} INFO - Filling up the DagBag from /opt/airflow/dags/merge_dag.py
[2026-05-28T07:28:23.628+0000] {logging_mixin.py:188} INFO - DATA_PATH: /opt/airflow/data
[2026-05-28T07:28:23.633+0000] {logging_mixin.py:188} INFO - FILES: ['eu_fsf_sanctions.json', 'final_output.json', 'inegi_playwright.json', 'inegi_scraper.json', 'kaldata.db', 'telegraph.db']
[2026-05-28T07:28:23.638+0000] {logging_mixin.py:188} INFO - LOCK EXISTS: False
[2026-05-28T07:28:23.689+0000] {processor.py:840} INFO - DAG(s) 'merge_all_scrapers' retrieved from /opt/airflow/dags/merge_dag.py
[2026-05-28T07:28:23.865+0000] {logging_mixin.py:188} INFO - [2026-05-28T07:28:23.864+0000] {dag.py:3047} INFO - Sync 1 DAGs
[2026-05-28T07:28:23.941+0000] {logging_mixin.py:188} INFO - [2026-05-28T07:28:23.941+0000] {dag.py:3834} INFO - Setting next_dagrun for merge_all_scrapers to None, run_after=None
[2026-05-28T07:28:24.095+0000] {processor.py:183} INFO - Processing /opt/airflow/dags/merge_dag.py took 0.588 seconds
[2026-05-28T07:28:55.833+0000] {processor.py:161} INFO - Started process (PID=882) to work on /opt/airflow/dags/merge_dag.py
[2026-05-28T07:28:55.900+0000] {processor.py:830} INFO - Processing file /opt/airflow/dags/merge_dag.py for tasks to queue
[2026-05-28T07:28:55.950+0000] {logging_mixin.py:188} INFO - [2026-05-28T07:28:55.949+0000] {dagbag.py:540} INFO - Filling up the DagBag from /opt/airflow/dags/merge_dag.py
[2026-05-28T07:28:56.846+0000] {logging_mixin.py:188} INFO - DATA_PATH: /opt/airflow/data
[2026-05-28T07:28:56.874+0000] {logging_mixin.py:188} INFO - FILES: ['eu_fsf_sanctions.json', 'final_output.json', 'inegi_playwright.json', 'inegi_scraper.json', 'kaldata.db', 'telegraph.db']
[2026-05-28T07:28:56.889+0000] {logging_mixin.py:188} INFO - LOCK EXISTS: False
[2026-05-28T07:28:57.076+0000] {processor.py:840} INFO - DAG(s) 'merge_all_scrapers' retrieved from /opt/airflow/dags/merge_dag.py
[2026-05-28T07:28:57.647+0000] {logging_mixin.py:188} INFO - [2026-05-28T07:28:57.646+0000] {dag.py:3047} INFO - Sync 1 DAGs
[2026-05-28T07:28:58.253+0000] {logging_mixin.py:188} INFO - [2026-05-28T07:28:58.210+0000] {dag.py:3834} INFO - Setting next_dagrun for merge_all_scrapers to None, run_after=None
[2026-05-28T07:28:58.783+0000] {processor.py:183} INFO - Processing /opt/airflow/dags/merge_dag.py took 3.149 seconds
[2026-05-28T07:29:30.303+0000] {processor.py:161} INFO - Started process (PID=912) to work on /opt/airflow/dags/merge_dag.py
[2026-05-28T07:29:30.319+0000] {processor.py:830} INFO - Processing file /opt/airflow/dags/merge_dag.py for tasks to queue
[2026-05-28T07:29:30.330+0000] {logging_mixin.py:188} INFO - [2026-05-28T07:29:30.327+0000] {dagbag.py:540} INFO - Filling up the DagBag from /opt/airflow/dags/merge_dag.py
[2026-05-28T07:29:30.402+0000] {logging_mixin.py:188} INFO - DATA_PATH: /opt/airflow/data
[2026-05-28T07:29:30.406+0000] {logging_mixin.py:188} INFO - FILES: ['eu_fsf_sanctions.json', 'final_output.json', 'inegi_playwright.json', 'inegi_scraper.json', 'kaldata.db', 'telegraph.db']
[2026-05-28T07:29:30.408+0000] {logging_mixin.py:188} INFO - LOCK EXISTS: False
[2026-05-28T07:29:30.431+0000] {processor.py:840} INFO - DAG(s) 'merge_all_scrapers' retrieved from /opt/airflow/dags/merge_dag.py
[2026-05-28T07:29:30.555+0000] {logging_mixin.py:188} INFO - [2026-05-28T07:29:30.554+0000] {dag.py:3047} INFO - Sync 1 DAGs
[2026-05-28T07:29:30.604+0000] {logging_mixin.py:188} INFO - [2026-05-28T07:29:30.602+0000] {dag.py:3834} INFO - Setting next_dagrun for merge_all_scrapers to None, run_after=None
[2026-05-28T07:29:30.705+0000] {processor.py:183} INFO - Processing /opt/airflow/dags/merge_dag.py took 0.440 seconds
[2026-05-28T07:30:01.330+0000] {processor.py:161} INFO - Started process (PID=942) to work on /opt/airflow/dags/merge_dag.py
[2026-05-28T07:30:01.334+0000] {processor.py:830} INFO - Processing file /opt/airflow/dags/merge_dag.py for tasks to queue
[2026-05-28T07:30:01.340+0000] {logging_mixin.py:188} INFO - [2026-05-28T07:30:01.337+0000] {dagbag.py:540} INFO - Filling up the DagBag from /opt/airflow/dags/merge_dag.py
[2026-05-28T07:30:01.406+0000] {logging_mixin.py:188} INFO - DATA_PATH: /opt/airflow/data
[2026-05-28T07:30:01.410+0000] {logging_mixin.py:188} INFO - FILES: ['eu_fsf_sanctions.json', 'final_output.json', 'inegi_playwright.json', 'inegi_scraper.json', 'kaldata.db', 'telegraph.db']
[2026-05-28T07:30:01.412+0000] {logging_mixin.py:188} INFO - LOCK EXISTS: False
[2026-05-28T07:30:01.442+0000] {processor.py:840} INFO - DAG(s) 'merge_all_scrapers' retrieved from /opt/airflow/dags/merge_dag.py
[2026-05-28T07:30:01.515+0000] {logging_mixin.py:188} INFO - [2026-05-28T07:30:01.514+0000] {dag.py:3047} INFO - Sync 1 DAGs
[2026-05-28T07:30:01.557+0000] {logging_mixin.py:188} INFO - [2026-05-28T07:30:01.556+0000] {dag.py:3834} INFO - Setting next_dagrun for merge_all_scrapers to None, run_after=None
[2026-05-28T07:30:01.614+0000] {processor.py:183} INFO - Processing /opt/airflow/dags/merge_dag.py took 0.306 seconds
[2026-05-28T07:30:32.486+0000] {processor.py:161} INFO - Started process (PID=972) to work on /opt/airflow/dags/merge_dag.py
[2026-05-28T07:30:32.500+0000] {processor.py:830} INFO - Processing file /opt/airflow/dags/merge_dag.py for tasks to queue
[2026-05-28T07:30:32.504+0000] {logging_mixin.py:188} INFO - [2026-05-28T07:30:32.503+0000] {dagbag.py:540} INFO - Filling up the DagBag from /opt/airflow/dags/merge_dag.py
[2026-05-28T07:30:32.580+0000] {logging_mixin.py:188} INFO - DATA_PATH: /opt/airflow/data
[2026-05-28T07:30:32.585+0000] {logging_mixin.py:188} INFO - FILES: ['eu_fsf_sanctions.json', 'final_output.json', 'inegi_playwright.json', 'inegi_scraper.json', 'kaldata.db', 'telegraph.db']
[2026-05-28T07:30:32.588+0000] {logging_mixin.py:188} INFO - LOCK EXISTS: False
[2026-05-28T07:30:32.621+0000] {processor.py:840} INFO - DAG(s) 'merge_all_scrapers' retrieved from /opt/airflow/dags/merge_dag.py
[2026-05-28T07:30:32.771+0000] {logging_mixin.py:188} INFO - [2026-05-28T07:30:32.770+0000] {dag.py:3047} INFO - Sync 1 DAGs
[2026-05-28T07:30:32.885+0000] {logging_mixin.py:188} INFO - [2026-05-28T07:30:32.885+0000] {dag.py:3834} INFO - Setting next_dagrun for merge_all_scrapers to None, run_after=None
[2026-05-28T07:30:33.047+0000] {processor.py:183} INFO - Processing /opt/airflow/dags/merge_dag.py took 0.575 seconds
[2026-05-28T07:31:04.935+0000] {processor.py:161} INFO - Started process (PID=1002) to work on /opt/airflow/dags/merge_dag.py
[2026-05-28T07:31:04.977+0000] {processor.py:830} INFO - Processing file /opt/airflow/dags/merge_dag.py for tasks to queue
[2026-05-28T07:31:04.988+0000] {logging_mixin.py:188} INFO - [2026-05-28T07:31:04.987+0000] {dagbag.py:540} INFO - Filling up the DagBag from /opt/airflow/dags/merge_dag.py
[2026-05-28T07:31:05.061+0000] {logging_mixin.py:188} INFO - DATA_PATH: /opt/airflow/data
[2026-05-28T07:31:05.068+0000] {logging_mixin.py:188} INFO - FILES: ['eu_fsf_sanctions.json', 'final_output.json', 'inegi_playwright.json', 'inegi_scraper.json', 'kaldata.db', 'telegraph.db']
[2026-05-28T07:31:05.070+0000] {logging_mixin.py:188} INFO - LOCK EXISTS: False
[2026-05-28T07:31:05.091+0000] {processor.py:840} INFO - DAG(s) 'merge_all_scrapers' retrieved from /opt/airflow/dags/merge_dag.py
[2026-05-28T07:31:05.169+0000] {logging_mixin.py:188} INFO - [2026-05-28T07:31:05.168+0000] {dag.py:3047} INFO - Sync 1 DAGs
[2026-05-28T07:31:05.205+0000] {logging_mixin.py:188} INFO - [2026-05-28T07:31:05.205+0000] {dag.py:3834} INFO - Setting next_dagrun for merge_all_scrapers to None, run_after=None
[2026-05-28T07:31:05.282+0000] {processor.py:183} INFO - Processing /opt/airflow/dags/merge_dag.py took 0.360 seconds
[2026-05-28T07:31:35.714+0000] {processor.py:161} INFO - Started process (PID=1032) to work on /opt/airflow/dags/merge_dag.py
[2026-05-28T07:31:35.729+0000] {processor.py:830} INFO - Processing file /opt/airflow/dags/merge_dag.py for tasks to queue
[2026-05-28T07:31:35.736+0000] {logging_mixin.py:188} INFO - [2026-05-28T07:31:35.735+0000] {dagbag.py:540} INFO - Filling up the DagBag from /opt/airflow/dags/merge_dag.py
[2026-05-28T07:31:35.789+0000] {logging_mixin.py:188} INFO - DATA_PATH: /opt/airflow/data
[2026-05-28T07:31:35.794+0000] {logging_mixin.py:188} INFO - FILES: ['eu_fsf_sanctions.json', 'final_output.json', 'inegi_playwright.json', 'inegi_scraper.json', 'kaldata.db', 'telegraph.db']
[2026-05-28T07:31:35.796+0000] {logging_mixin.py:188} INFO - LOCK EXISTS: False
[2026-05-28T07:31:35.819+0000] {processor.py:840} INFO - DAG(s) 'merge_all_scrapers' retrieved from /opt/airflow/dags/merge_dag.py
[2026-05-28T07:31:35.898+0000] {logging_mixin.py:188} INFO - [2026-05-28T07:31:35.897+0000] {dag.py:3047} INFO - Sync 1 DAGs
[2026-05-28T07:31:35.935+0000] {logging_mixin.py:188} INFO - [2026-05-28T07:31:35.935+0000] {dag.py:3834} INFO - Setting next_dagrun for merge_all_scrapers to None, run_after=None
[2026-05-28T07:31:36.000+0000] {processor.py:183} INFO - Processing /opt/airflow/dags/merge_dag.py took 0.344 seconds
[2026-05-28T07:32:19.800+0000] {processor.py:161} INFO - Started process (PID=1060) to work on /opt/airflow/dags/merge_dag.py
[2026-05-28T07:32:19.959+0000] {processor.py:830} INFO - Processing file /opt/airflow/dags/merge_dag.py for tasks to queue
[2026-05-28T07:32:19.996+0000] {logging_mixin.py:188} INFO - [2026-05-28T07:32:19.995+0000] {dagbag.py:540} INFO - Filling up the DagBag from /opt/airflow/dags/merge_dag.py
[2026-05-28T07:32:23.245+0000] {logging_mixin.py:188} INFO - DATA_PATH: /opt/airflow/data
[2026-05-28T07:32:24.190+0000] {logging_mixin.py:188} INFO - FILES: ['eu_fsf_sanctions.json', 'final_output.json', 'inegi_playwright.json', 'inegi_scraper.json', 'kaldata.db', 'telegraph.db']
[2026-05-28T07:32:24.236+0000] {logging_mixin.py:188} INFO - LOCK EXISTS: False
[2026-05-28T07:32:24.282+0000] {processor.py:840} INFO - DAG(s) 'merge_all_scrapers' retrieved from /opt/airflow/dags/merge_dag.py
[2026-05-28T07:32:24.526+0000] {logging_mixin.py:188} INFO - [2026-05-28T07:32:24.525+0000] {dag.py:3047} INFO - Sync 1 DAGs
[2026-05-28T07:32:24.719+0000] {logging_mixin.py:188} INFO - [2026-05-28T07:32:24.718+0000] {dag.py:3834} INFO - Setting next_dagrun for merge_all_scrapers to None, run_after=None
[2026-05-28T07:32:25.696+0000] {processor.py:183} INFO - Processing /opt/airflow/dags/merge_dag.py took 5.915 seconds
[2026-05-28T07:33:26.698+0000] {processor.py:161} INFO - Started process (PID=1072) to work on /opt/airflow/dags/merge_dag.py
[2026-05-28T07:33:26.762+0000] {processor.py:830} INFO - Processing file /opt/airflow/dags/merge_dag.py for tasks to queue
[2026-05-28T07:33:26.772+0000] {logging_mixin.py:188} INFO - [2026-05-28T07:33:26.770+0000] {dagbag.py:540} INFO - Filling up the DagBag from /opt/airflow/dags/merge_dag.py
[2026-05-28T07:33:28.958+0000] {logging_mixin.py:188} INFO - DATA_PATH: /opt/airflow/data
[2026-05-28T07:33:29.260+0000] {logging_mixin.py:188} INFO - FILES: ['eu_fsf_sanctions.json', 'final_output.json', 'inegi_playwright.json', 'inegi_scraper.json', 'kaldata.db', 'telegraph.db']
[2026-05-28T07:33:29.264+0000] {logging_mixin.py:188} INFO - LOCK EXISTS: False
[2026-05-28T07:33:29.292+0000] {processor.py:840} INFO - DAG(s) 'merge_all_scrapers' retrieved from /opt/airflow/dags/merge_dag.py
[2026-05-28T07:33:29.649+0000] {logging_mixin.py:188} INFO - [2026-05-28T07:33:29.648+0000] {dag.py:3047} INFO - Sync 1 DAGs
[2026-05-28T07:33:29.818+0000] {logging_mixin.py:188} INFO - [2026-05-28T07:33:29.818+0000] {dag.py:3834} INFO - Setting next_dagrun for merge_all_scrapers to None, run_after=None
[2026-05-28T07:33:30.425+0000] {processor.py:183} INFO - Processing /opt/airflow/dags/merge_dag.py took 3.757 seconds
[2026-05-28T07:34:10.715+0000] {processor.py:161} INFO - Started process (PID=1102) to work on /opt/airflow/dags/merge_dag.py
[2026-05-28T07:34:11.068+0000] {processor.py:830} INFO - Processing file /opt/airflow/dags/merge_dag.py for tasks to queue
[2026-05-28T07:34:11.287+0000] {logging_mixin.py:188} INFO - [2026-05-28T07:34:11.286+0000] {dagbag.py:540} INFO - Filling up the DagBag from /opt/airflow/dags/merge_dag.py
[2026-05-28T07:34:19.113+0000] {logging_mixin.py:188} INFO - DATA_PATH: /opt/airflow/data
[2026-05-28T07:34:19.865+0000] {logging_mixin.py:188} INFO - FILES: ['eu_fsf_sanctions.json', 'final_output.json', 'inegi_playwright.json', 'inegi_scraper.json', 'kaldata.db', 'telegraph.db']
[2026-05-28T07:34:20.076+0000] {logging_mixin.py:188} INFO - LOCK EXISTS: False
[2026-05-28T07:34:20.878+0000] {processor.py:840} INFO - DAG(s) 'merge_all_scrapers' retrieved from /opt/airflow/dags/merge_dag.py
[2026-05-28T07:34:21.229+0000] {logging_mixin.py:188} INFO - [2026-05-28T07:34:21.228+0000] {dag.py:3047} INFO - Sync 1 DAGs
[2026-05-28T07:34:22.477+0000] {logging_mixin.py:188} INFO - [2026-05-28T07:34:22.476+0000] {dag.py:3834} INFO - Setting next_dagrun for merge_all_scrapers to None, run_after=None
[2026-05-28T07:34:22.828+0000] {processor.py:183} INFO - Processing /opt/airflow/dags/merge_dag.py took 12.137 seconds
[2026-05-28T07:34:54.630+0000] {processor.py:161} INFO - Started process (PID=1135) to work on /opt/airflow/dags/merge_dag.py
[2026-05-28T07:34:54.975+0000] {processor.py:830} INFO - Processing file /opt/airflow/dags/merge_dag.py for tasks to queue
[2026-05-28T07:34:55.058+0000] {logging_mixin.py:188} INFO - [2026-05-28T07:34:55.057+0000] {dagbag.py:540} INFO - Filling up the DagBag from /opt/airflow/dags/merge_dag.py
[2026-05-28T07:34:55.869+0000] {logging_mixin.py:188} INFO - DATA_PATH: /opt/airflow/data
[2026-05-28T07:34:55.914+0000] {logging_mixin.py:188} INFO - FILES: ['eu_fsf_sanctions.json', 'final_output.json', 'inegi_playwright.json', 'inegi_scraper.json', 'kaldata.db', 'telegraph.db']
[2026-05-28T07:34:55.916+0000] {logging_mixin.py:188} INFO - LOCK EXISTS: False
[2026-05-28T07:34:55.962+0000] {processor.py:840} INFO - DAG(s) 'merge_all_scrapers' retrieved from /opt/airflow/dags/merge_dag.py
[2026-05-28T07:34:56.161+0000] {logging_mixin.py:188} INFO - [2026-05-28T07:34:56.160+0000] {dag.py:3047} INFO - Sync 1 DAGs
[2026-05-28T07:34:56.279+0000] {logging_mixin.py:188} INFO - [2026-05-28T07:34:56.279+0000] {dag.py:3834} INFO - Setting next_dagrun for merge_all_scrapers to None, run_after=None
[2026-05-28T07:34:58.496+0000] {processor.py:183} INFO - Processing /opt/airflow/dags/merge_dag.py took 3.888 seconds
[2026-05-28T07:35:35.594+0000] {processor.py:161} INFO - Started process (PID=1167) to work on /opt/airflow/dags/merge_dag.py
[2026-05-28T07:35:35.807+0000] {processor.py:830} INFO - Processing file /opt/airflow/dags/merge_dag.py for tasks to queue
[2026-05-28T07:35:36.033+0000] {logging_mixin.py:188} INFO - [2026-05-28T07:35:36.032+0000] {dagbag.py:540} INFO - Filling up the DagBag from /opt/airflow/dags/merge_dag.py
[2026-05-28T07:35:38.942+0000] {logging_mixin.py:188} INFO - DATA_PATH: /opt/airflow/data
[2026-05-28T07:35:39.099+0000] {logging_mixin.py:188} INFO - FILES: ['eu_fsf_sanctions.json', 'final_output.json', 'inegi_playwright.json', 'inegi_scraper.json', 'kaldata.db', 'telegraph.db']
[2026-05-28T07:35:39.180+0000] {logging_mixin.py:188} INFO - LOCK EXISTS: False
[2026-05-28T07:35:39.242+0000] {processor.py:840} INFO - DAG(s) 'merge_all_scrapers' retrieved from /opt/airflow/dags/merge_dag.py
[2026-05-28T07:35:39.536+0000] {logging_mixin.py:188} INFO - [2026-05-28T07:35:39.535+0000] {dag.py:3047} INFO - Sync 1 DAGs
[2026-05-28T07:35:39.706+0000] {logging_mixin.py:188} INFO - [2026-05-28T07:35:39.705+0000] {dag.py:3834} INFO - Setting next_dagrun for merge_all_scrapers to None, run_after=None
[2026-05-28T07:35:39.919+0000] {processor.py:183} INFO - Processing /opt/airflow/dags/merge_dag.py took 4.404 seconds
[2026-05-28T07:36:16.865+0000] {processor.py:161} INFO - Started process (PID=1197) to work on /opt/airflow/dags/merge_dag.py
[2026-05-28T07:36:16.979+0000] {processor.py:830} INFO - Processing file /opt/airflow/dags/merge_dag.py for tasks to queue
[2026-05-28T07:36:17.054+0000] {logging_mixin.py:188} INFO - [2026-05-28T07:36:17.053+0000] {dagbag.py:540} INFO - Filling up the DagBag from /opt/airflow/dags/merge_dag.py
[2026-05-28T07:36:20.504+0000] {logging_mixin.py:188} INFO - DATA_PATH: /opt/airflow/data
[2026-05-28T07:36:20.786+0000] {logging_mixin.py:188} INFO - FILES: ['eu_fsf_sanctions.json', 'final_output.json', 'inegi_playwright.json', 'inegi_scraper.json', 'kaldata.db', 'telegraph.db']
[2026-05-28T07:36:20.846+0000] {logging_mixin.py:188} INFO - LOCK EXISTS: False
[2026-05-28T07:36:21.018+0000] {processor.py:840} INFO - DAG(s) 'merge_all_scrapers' retrieved from /opt/airflow/dags/merge_dag.py
[2026-05-28T07:36:21.352+0000] {logging_mixin.py:188} INFO - [2026-05-28T07:36:21.351+0000] {dag.py:3047} INFO - Sync 1 DAGs
[2026-05-28T07:36:21.604+0000] {logging_mixin.py:188} INFO - [2026-05-28T07:36:21.603+0000] {dag.py:3834} INFO - Setting next_dagrun for merge_all_scrapers to None, run_after=None
[2026-05-28T07:36:22.118+0000] {processor.py:183} INFO - Processing /opt/airflow/dags/merge_dag.py took 5.263 seconds
[2026-05-28T07:36:52.872+0000] {processor.py:161} INFO - Started process (PID=1227) to work on /opt/airflow/dags/merge_dag.py
[2026-05-28T07:36:52.880+0000] {processor.py:830} INFO - Processing file /opt/airflow/dags/merge_dag.py for tasks to queue
[2026-05-28T07:36:52.884+0000] {logging_mixin.py:188} INFO - [2026-05-28T07:36:52.883+0000] {dagbag.py:540} INFO - Filling up the DagBag from /opt/airflow/dags/merge_dag.py
[2026-05-28T07:36:52.933+0000] {logging_mixin.py:188} INFO - DATA_PATH: /opt/airflow/data
[2026-05-28T07:36:52.941+0000] {logging_mixin.py:188} INFO - FILES: ['eu_fsf_sanctions.json', 'final_output.json', 'inegi_playwright.json', 'inegi_scraper.json', 'kaldata.db', 'telegraph.db']
[2026-05-28T07:36:52.943+0000] {logging_mixin.py:188} INFO - LOCK EXISTS: False
[2026-05-28T07:36:52.963+0000] {processor.py:840} INFO - DAG(s) 'merge_all_scrapers' retrieved from /opt/airflow/dags/merge_dag.py
[2026-05-28T07:36:53.099+0000] {logging_mixin.py:188} INFO - [2026-05-28T07:36:53.098+0000] {dag.py:3047} INFO - Sync 1 DAGs
[2026-05-28T07:36:53.149+0000] {logging_mixin.py:188} INFO - [2026-05-28T07:36:53.148+0000] {dag.py:3834} INFO - Setting next_dagrun for merge_all_scrapers to None, run_after=None
[2026-05-28T07:36:53.239+0000] {processor.py:183} INFO - Processing /opt/airflow/dags/merge_dag.py took 0.396 seconds
[2026-05-28T07:37:23.434+0000] {processor.py:161} INFO - Started process (PID=1257) to work on /opt/airflow/dags/merge_dag.py
[2026-05-28T07:37:23.438+0000] {processor.py:830} INFO - Processing file /opt/airflow/dags/merge_dag.py for tasks to queue
[2026-05-28T07:37:23.441+0000] {logging_mixin.py:188} INFO - [2026-05-28T07:37:23.440+0000] {dagbag.py:540} INFO - Filling up the DagBag from /opt/airflow/dags/merge_dag.py
[2026-05-28T07:37:23.478+0000] {logging_mixin.py:188} INFO - DATA_PATH: /opt/airflow/data
[2026-05-28T07:37:23.483+0000] {logging_mixin.py:188} INFO - FILES: ['eu_fsf_sanctions.json', 'final_output.json', 'inegi_playwright.json', 'inegi_scraper.json', 'kaldata.db', 'telegraph.db']
[2026-05-28T07:37:23.484+0000] {logging_mixin.py:188} INFO - LOCK EXISTS: False
[2026-05-28T07:37:23.495+0000] {processor.py:840} INFO - DAG(s) 'merge_all_scrapers' retrieved from /opt/airflow/dags/merge_dag.py
[2026-05-28T07:37:23.594+0000] {logging_mixin.py:188} INFO - [2026-05-28T07:37:23.592+0000] {dag.py:3047} INFO - Sync 1 DAGs
[2026-05-28T07:37:23.686+0000] {logging_mixin.py:188} INFO - [2026-05-28T07:37:23.686+0000] {dag.py:3834} INFO - Setting next_dagrun for merge_all_scrapers to None, run_after=None
[2026-05-28T07:37:23.837+0000] {processor.py:183} INFO - Processing /opt/airflow/dags/merge_dag.py took 0.414 seconds
[2026-05-28T07:37:54.392+0000] {processor.py:161} INFO - Started process (PID=1287) to work on /opt/airflow/dags/merge_dag.py
[2026-05-28T07:37:54.396+0000] {processor.py:830} INFO - Processing file /opt/airflow/dags/merge_dag.py for tasks to queue
[2026-05-28T07:37:54.399+0000] {logging_mixin.py:188} INFO - [2026-05-28T07:37:54.398+0000] {dagbag.py:540} INFO - Filling up the DagBag from /opt/airflow/dags/merge_dag.py
[2026-05-28T07:37:54.433+0000] {logging_mixin.py:188} INFO - DATA_PATH: /opt/airflow/data
[2026-05-28T07:37:54.437+0000] {logging_mixin.py:188} INFO - FILES: ['eu_fsf_sanctions.json', 'final_output.json', 'inegi_playwright.json', 'inegi_scraper.json', 'kaldata.db', 'telegraph.db']
[2026-05-28T07:37:54.438+0000] {logging_mixin.py:188} INFO - LOCK EXISTS: False
[2026-05-28T07:37:54.449+0000] {processor.py:840} INFO - DAG(s) 'merge_all_scrapers' retrieved from /opt/airflow/dags/merge_dag.py
[2026-05-28T07:37:54.526+0000] {logging_mixin.py:188} INFO - [2026-05-28T07:37:54.526+0000] {dag.py:3047} INFO - Sync 1 DAGs
[2026-05-28T07:37:54.560+0000] {logging_mixin.py:188} INFO - [2026-05-28T07:37:54.560+0000] {dag.py:3834} INFO - Setting next_dagrun for merge_all_scrapers to None, run_after=None
[2026-05-28T07:37:54.615+0000] {processor.py:183} INFO - Processing /opt/airflow/dags/merge_dag.py took 0.234 seconds
[2026-05-28T07:38:25.076+0000] {processor.py:161} INFO - Started process (PID=1317) to work on /opt/airflow/dags/merge_dag.py
[2026-05-28T07:38:25.083+0000] {processor.py:830} INFO - Processing file /opt/airflow/dags/merge_dag.py for tasks to queue
[2026-05-28T07:38:25.089+0000] {logging_mixin.py:188} INFO - [2026-05-28T07:38:25.088+0000] {dagbag.py:540} INFO - Filling up the DagBag from /opt/airflow/dags/merge_dag.py
[2026-05-28T07:38:25.129+0000] {logging_mixin.py:188} INFO - DATA_PATH: /opt/airflow/data
[2026-05-28T07:38:25.133+0000] {logging_mixin.py:188} INFO - FILES: ['eu_fsf_sanctions.json', 'final_output.json', 'inegi_playwright.json', 'inegi_scraper.json', 'kaldata.db', 'telegraph.db']
[2026-05-28T07:38:25.134+0000] {logging_mixin.py:188} INFO - LOCK EXISTS: False
[2026-05-28T07:38:25.144+0000] {processor.py:840} INFO - DAG(s) 'merge_all_scrapers' retrieved from /opt/airflow/dags/merge_dag.py
[2026-05-28T07:38:25.210+0000] {logging_mixin.py:188} INFO - [2026-05-28T07:38:25.209+0000] {dag.py:3047} INFO - Sync 1 DAGs
[2026-05-28T07:38:25.247+0000] {logging_mixin.py:188} INFO - [2026-05-28T07:38:25.247+0000] {dag.py:3834} INFO - Setting next_dagrun for merge_all_scrapers to None, run_after=None
[2026-05-28T07:38:25.417+0000] {processor.py:183} INFO - Processing /opt/airflow/dags/merge_dag.py took 0.366 seconds
[2026-05-28T07:38:55.858+0000] {processor.py:161} INFO - Started process (PID=1347) to work on /opt/airflow/dags/merge_dag.py
[2026-05-28T07:38:55.861+0000] {processor.py:830} INFO - Processing file /opt/airflow/dags/merge_dag.py for tasks to queue
[2026-05-28T07:38:55.865+0000] {logging_mixin.py:188} INFO - [2026-05-28T07:38:55.864+0000] {dagbag.py:540} INFO - Filling up the DagBag from /opt/airflow/dags/merge_dag.py
[2026-05-28T07:38:55.896+0000] {logging_mixin.py:188} INFO - DATA_PATH: /opt/airflow/data
[2026-05-28T07:38:55.900+0000] {logging_mixin.py:188} INFO - FILES: ['eu_fsf_sanctions.json', 'final_output.json', 'inegi_playwright.json', 'inegi_scraper.json', 'kaldata.db', 'telegraph.db']
[2026-05-28T07:38:55.902+0000] {logging_mixin.py:188} INFO - LOCK EXISTS: False
[2026-05-28T07:38:55.912+0000] {processor.py:840} INFO - DAG(s) 'merge_all_scrapers' retrieved from /opt/airflow/dags/merge_dag.py
[2026-05-28T07:38:55.986+0000] {logging_mixin.py:188} INFO - [2026-05-28T07:38:55.985+0000] {dag.py:3047} INFO - Sync 1 DAGs
[2026-05-28T07:38:56.021+0000] {logging_mixin.py:188} INFO - [2026-05-28T07:38:56.020+0000] {dag.py:3834} INFO - Setting next_dagrun for merge_all_scrapers to None, run_after=None
[2026-05-28T07:38:56.243+0000] {processor.py:183} INFO - Processing /opt/airflow/dags/merge_dag.py took 0.394 seconds
[2026-05-28T07:39:26.840+0000] {processor.py:161} INFO - Started process (PID=1377) to work on /opt/airflow/dags/merge_dag.py
[2026-05-28T07:39:26.843+0000] {processor.py:830} INFO - Processing file /opt/airflow/dags/merge_dag.py for tasks to queue
[2026-05-28T07:39:26.846+0000] {logging_mixin.py:188} INFO - [2026-05-28T07:39:26.845+0000] {dagbag.py:540} INFO - Filling up the DagBag from /opt/airflow/dags/merge_dag.py
[2026-05-28T07:39:26.876+0000] {logging_mixin.py:188} INFO - DATA_PATH: /opt/airflow/data
[2026-05-28T07:39:26.880+0000] {logging_mixin.py:188} INFO - FILES: ['eu_fsf_sanctions.json', 'final_output.json', 'inegi_playwright.json', 'inegi_scraper.json', 'kaldata.db', 'telegraph.db']
[2026-05-28T07:39:26.882+0000] {logging_mixin.py:188} INFO - LOCK EXISTS: False
[2026-05-28T07:39:26.892+0000] {processor.py:840} INFO - DAG(s) 'merge_all_scrapers' retrieved from /opt/airflow/dags/merge_dag.py
[2026-05-28T07:39:26.961+0000] {logging_mixin.py:188} INFO - [2026-05-28T07:39:26.960+0000] {dag.py:3047} INFO - Sync 1 DAGs
[2026-05-28T07:39:26.995+0000] {logging_mixin.py:188} INFO - [2026-05-28T07:39:26.994+0000] {dag.py:3834} INFO - Setting next_dagrun for merge_all_scrapers to None, run_after=None
[2026-05-28T07:39:27.116+0000] {processor.py:183} INFO - Processing /opt/airflow/dags/merge_dag.py took 0.286 seconds
[2026-05-28T07:39:57.703+0000] {processor.py:161} INFO - Started process (PID=1407) to work on /opt/airflow/dags/merge_dag.py
[2026-05-28T07:39:57.706+0000] {processor.py:830} INFO - Processing file /opt/airflow/dags/merge_dag.py for tasks to queue
[2026-05-28T07:39:57.710+0000] {logging_mixin.py:188} INFO - [2026-05-28T07:39:57.709+0000] {dagbag.py:540} INFO - Filling up the DagBag from /opt/airflow/dags/merge_dag.py
[2026-05-28T07:39:57.743+0000] {logging_mixin.py:188} INFO - DATA_PATH: /opt/airflow/data
[2026-05-28T07:39:57.747+0000] {logging_mixin.py:188} INFO - FILES: ['eu_fsf_sanctions.json', 'final_output.json', 'inegi_playwright.json', 'inegi_scraper.json', 'kaldata.db', 'telegraph.db']
[2026-05-28T07:39:57.748+0000] {logging_mixin.py:188} INFO - LOCK EXISTS: False
[2026-05-28T07:39:57.759+0000] {processor.py:840} INFO - DAG(s) 'merge_all_scrapers' retrieved from /opt/airflow/dags/merge_dag.py
[2026-05-28T07:39:57.920+0000] {logging_mixin.py:188} INFO - [2026-05-28T07:39:57.919+0000] {dag.py:3047} INFO - Sync 1 DAGs
[2026-05-28T07:39:58.030+0000] {logging_mixin.py:188} INFO - [2026-05-28T07:39:58.029+0000] {dag.py:3834} INFO - Setting next_dagrun for merge_all_scrapers to None, run_after=None
[2026-05-28T07:39:58.195+0000] {processor.py:183} INFO - Processing /opt/airflow/dags/merge_dag.py took 0.502 seconds
[2026-05-28T07:40:29.238+0000] {processor.py:161} INFO - Started process (PID=1437) to work on /opt/airflow/dags/merge_dag.py
[2026-05-28T07:40:29.247+0000] {processor.py:830} INFO - Processing file /opt/airflow/dags/merge_dag.py for tasks to queue
[2026-05-28T07:40:29.258+0000] {logging_mixin.py:188} INFO - [2026-05-28T07:40:29.256+0000] {dagbag.py:540} INFO - Filling up the DagBag from /opt/airflow/dags/merge_dag.py
[2026-05-28T07:40:29.344+0000] {logging_mixin.py:188} INFO - DATA_PATH: /opt/airflow/data
[2026-05-28T07:40:29.349+0000] {logging_mixin.py:188} INFO - FILES: ['eu_fsf_sanctions.json', 'final_output.json', 'inegi_playwright.json', 'inegi_scraper.json', 'kaldata.db', 'telegraph.db']
[2026-05-28T07:40:29.351+0000] {logging_mixin.py:188} INFO - LOCK EXISTS: False
[2026-05-28T07:40:29.367+0000] {processor.py:840} INFO - DAG(s) 'merge_all_scrapers' retrieved from /opt/airflow/dags/merge_dag.py
[2026-05-28T07:40:29.500+0000] {logging_mixin.py:188} INFO - [2026-05-28T07:40:29.499+0000] {dag.py:3047} INFO - Sync 1 DAGs
[2026-05-28T07:40:29.563+0000] {logging_mixin.py:188} INFO - [2026-05-28T07:40:29.562+0000] {dag.py:3834} INFO - Setting next_dagrun for merge_all_scrapers to None, run_after=None
[2026-05-28T07:40:29.671+0000] {processor.py:183} INFO - Processing /opt/airflow/dags/merge_dag.py took 0.475 seconds
[2026-05-28T07:41:00.008+0000] {processor.py:161} INFO - Started process (PID=1467) to work on /opt/airflow/dags/merge_dag.py
[2026-05-28T07:41:00.011+0000] {processor.py:830} INFO - Processing file /opt/airflow/dags/merge_dag.py for tasks to queue
[2026-05-28T07:41:00.014+0000] {logging_mixin.py:188} INFO - [2026-05-28T07:41:00.013+0000] {dagbag.py:540} INFO - Filling up the DagBag from /opt/airflow/dags/merge_dag.py
[2026-05-28T07:41:00.062+0000] {logging_mixin.py:188} INFO - DATA_PATH: /opt/airflow/data
[2026-05-28T07:41:00.066+0000] {logging_mixin.py:188} INFO - FILES: ['eu_fsf_sanctions.json', 'final_output.json', 'inegi_playwright.json', 'inegi_scraper.json', 'kaldata.db', 'telegraph.db']
[2026-05-28T07:41:00.067+0000] {logging_mixin.py:188} INFO - LOCK EXISTS: False
[2026-05-28T07:41:00.077+0000] {processor.py:840} INFO - DAG(s) 'merge_all_scrapers' retrieved from /opt/airflow/dags/merge_dag.py
[2026-05-28T07:41:00.151+0000] {logging_mixin.py:188} INFO - [2026-05-28T07:41:00.149+0000] {dag.py:3047} INFO - Sync 1 DAGs
[2026-05-28T07:41:00.193+0000] {logging_mixin.py:188} INFO - [2026-05-28T07:41:00.193+0000] {dag.py:3834} INFO - Setting next_dagrun for merge_all_scrapers to None, run_after=None
[2026-05-28T07:41:00.244+0000] {processor.py:183} INFO - Processing /opt/airflow/dags/merge_dag.py took 0.246 seconds
[2026-05-28T07:41:33.255+0000] {processor.py:161} INFO - Started process (PID=1497) to work on /opt/airflow/dags/merge_dag.py
[2026-05-28T07:41:33.269+0000] {processor.py:830} INFO - Processing file /opt/airflow/dags/merge_dag.py for tasks to queue
[2026-05-28T07:41:33.274+0000] {logging_mixin.py:188} INFO - [2026-05-28T07:41:33.273+0000] {dagbag.py:540} INFO - Filling up the DagBag from /opt/airflow/dags/merge_dag.py
[2026-05-28T07:41:33.450+0000] {logging_mixin.py:188} INFO - DATA_PATH: /opt/airflow/data
[2026-05-28T07:41:33.468+0000] {logging_mixin.py:188} INFO - FILES: ['eu_fsf_sanctions.json', 'final_output.json', 'inegi_playwright.json', 'inegi_scraper.json', 'kaldata.db', 'telegraph.db']
[2026-05-28T07:41:33.470+0000] {logging_mixin.py:188} INFO - LOCK EXISTS: False
[2026-05-28T07:41:33.503+0000] {processor.py:840} INFO - DAG(s) 'merge_all_scrapers' retrieved from /opt/airflow/dags/merge_dag.py
[2026-05-28T07:41:33.648+0000] {logging_mixin.py:188} INFO - [2026-05-28T07:41:33.647+0000] {dag.py:3047} INFO - Sync 1 DAGs
[2026-05-28T07:41:33.730+0000] {logging_mixin.py:188} INFO - [2026-05-28T07:41:33.729+0000] {dag.py:3834} INFO - Setting next_dagrun for merge_all_scrapers to None, run_after=None
[2026-05-28T07:41:34.235+0000] {processor.py:183} INFO - Processing /opt/airflow/dags/merge_dag.py took 0.985 seconds
[2026-05-28T07:42:07.821+0000] {processor.py:161} INFO - Started process (PID=1527) to work on /opt/airflow/dags/merge_dag.py
[2026-05-28T07:42:07.836+0000] {processor.py:830} INFO - Processing file /opt/airflow/dags/merge_dag.py for tasks to queue
[2026-05-28T07:42:07.848+0000] {logging_mixin.py:188} INFO - [2026-05-28T07:42:07.848+0000] {dagbag.py:540} INFO - Filling up the DagBag from /opt/airflow/dags/merge_dag.py
[2026-05-28T07:42:08.058+0000] {logging_mixin.py:188} INFO - DATA_PATH: /opt/airflow/data
[2026-05-28T07:42:08.072+0000] {logging_mixin.py:188} INFO - FILES: ['eu_fsf_sanctions.json', 'final_output.json', 'inegi_playwright.json', 'inegi_scraper.json', 'kaldata.db', 'telegraph.db']
[2026-05-28T07:42:08.082+0000] {logging_mixin.py:188} INFO - LOCK EXISTS: False
[2026-05-28T07:42:08.156+0000] {processor.py:840} INFO - DAG(s) 'merge_all_scrapers' retrieved from /opt/airflow/dags/merge_dag.py
[2026-05-28T07:42:08.529+0000] {logging_mixin.py:188} INFO - [2026-05-28T07:42:08.527+0000] {dag.py:3047} INFO - Sync 1 DAGs
[2026-05-28T07:42:08.629+0000] {logging_mixin.py:188} INFO - [2026-05-28T07:42:08.627+0000] {dag.py:3834} INFO - Setting next_dagrun for merge_all_scrapers to None, run_after=None
[2026-05-28T07:42:08.822+0000] {processor.py:183} INFO - Processing /opt/airflow/dags/merge_dag.py took 1.034 seconds
[2026-05-28T07:42:40.375+0000] {processor.py:161} INFO - Started process (PID=1557) to work on /opt/airflow/dags/merge_dag.py
[2026-05-28T07:42:40.382+0000] {processor.py:830} INFO - Processing file /opt/airflow/dags/merge_dag.py for tasks to queue
[2026-05-28T07:42:40.408+0000] {logging_mixin.py:188} INFO - [2026-05-28T07:42:40.405+0000] {dagbag.py:540} INFO - Filling up the DagBag from /opt/airflow/dags/merge_dag.py
[2026-05-28T07:42:40.478+0000] {logging_mixin.py:188} INFO - DATA_PATH: /opt/airflow/data
[2026-05-28T07:42:40.493+0000] {logging_mixin.py:188} INFO - FILES: ['eu_fsf_sanctions.json', 'final_output.json', 'inegi_playwright.json', 'inegi_scraper.json', 'kaldata.db', 'telegraph.db']
[2026-05-28T07:42:40.498+0000] {logging_mixin.py:188} INFO - LOCK EXISTS: False
[2026-05-28T07:42:40.539+0000] {processor.py:840} INFO - DAG(s) 'merge_all_scrapers' retrieved from /opt/airflow/dags/merge_dag.py
[2026-05-28T07:42:40.882+0000] {logging_mixin.py:188} INFO - [2026-05-28T07:42:40.881+0000] {dag.py:3047} INFO - Sync 1 DAGs
[2026-05-28T07:42:41.177+0000] {logging_mixin.py:188} INFO - [2026-05-28T07:42:41.176+0000] {dag.py:3834} INFO - Setting next_dagrun for merge_all_scrapers to None, run_after=None
[2026-05-28T07:42:41.277+0000] {processor.py:183} INFO - Processing /opt/airflow/dags/merge_dag.py took 0.979 seconds
[2026-05-28T07:43:12.663+0000] {processor.py:161} INFO - Started process (PID=1587) to work on /opt/airflow/dags/merge_dag.py
[2026-05-28T07:43:12.669+0000] {processor.py:830} INFO - Processing file /opt/airflow/dags/merge_dag.py for tasks to queue
[2026-05-28T07:43:12.672+0000] {logging_mixin.py:188} INFO - [2026-05-28T07:43:12.671+0000] {dagbag.py:540} INFO - Filling up the DagBag from /opt/airflow/dags/merge_dag.py
[2026-05-28T07:43:12.721+0000] {logging_mixin.py:188} INFO - DATA_PATH: /opt/airflow/data
[2026-05-28T07:43:12.728+0000] {logging_mixin.py:188} INFO - FILES: ['eu_fsf_sanctions.json', 'final_output.json', 'inegi_playwright.json', 'inegi_scraper.json', 'kaldata.db', 'telegraph.db']
[2026-05-28T07:43:12.730+0000] {logging_mixin.py:188} INFO - LOCK EXISTS: False
[2026-05-28T07:43:12.742+0000] {processor.py:840} INFO - DAG(s) 'merge_all_scrapers' retrieved from /opt/airflow/dags/merge_dag.py
[2026-05-28T07:43:12.828+0000] {logging_mixin.py:188} INFO - [2026-05-28T07:43:12.827+0000] {dag.py:3047} INFO - Sync 1 DAGs
[2026-05-28T07:43:12.865+0000] {logging_mixin.py:188} INFO - [2026-05-28T07:43:12.864+0000] {dag.py:3834} INFO - Setting next_dagrun for merge_all_scrapers to None, run_after=None
[2026-05-28T07:43:12.940+0000] {processor.py:183} INFO - Processing /opt/airflow/dags/merge_dag.py took 0.298 seconds
[2026-05-28T07:43:43.447+0000] {processor.py:161} INFO - Started process (PID=1617) to work on /opt/airflow/dags/merge_dag.py
[2026-05-28T07:43:43.451+0000] {processor.py:830} INFO - Processing file /opt/airflow/dags/merge_dag.py for tasks to queue
[2026-05-28T07:43:43.460+0000] {logging_mixin.py:188} INFO - [2026-05-28T07:43:43.459+0000] {dagbag.py:540} INFO - Filling up the DagBag from /opt/airflow/dags/merge_dag.py
[2026-05-28T07:43:43.587+0000] {logging_mixin.py:188} INFO - DATA_PATH: /opt/airflow/data
[2026-05-28T07:43:43.674+0000] {logging_mixin.py:188} INFO - FILES: ['eu_fsf_sanctions.json', 'final_output.json', 'inegi_playwright.json', 'inegi_scraper.json', 'kaldata.db', 'telegraph.db']
[2026-05-28T07:43:43.690+0000] {logging_mixin.py:188} INFO - LOCK EXISTS: False
[2026-05-28T07:43:43.727+0000] {processor.py:840} INFO - DAG(s) 'merge_all_scrapers' retrieved from /opt/airflow/dags/merge_dag.py
[2026-05-28T07:43:43.845+0000] {logging_mixin.py:188} INFO - [2026-05-28T07:43:43.844+0000] {dag.py:3047} INFO - Sync 1 DAGs
[2026-05-28T07:43:43.893+0000] {logging_mixin.py:188} INFO - [2026-05-28T07:43:43.893+0000] {dag.py:3834} INFO - Setting next_dagrun for merge_all_scrapers to None, run_after=None
[2026-05-28T07:43:43.997+0000] {processor.py:183} INFO - Processing /opt/airflow/dags/merge_dag.py took 0.573 seconds
[2026-05-28T07:44:15.347+0000] {processor.py:161} INFO - Started process (PID=1647) to work on /opt/airflow/dags/merge_dag.py
[2026-05-28T07:44:15.374+0000] {processor.py:830} INFO - Processing file /opt/airflow/dags/merge_dag.py for tasks to queue
[2026-05-28T07:44:15.381+0000] {logging_mixin.py:188} INFO - [2026-05-28T07:44:15.380+0000] {dagbag.py:540} INFO - Filling up the DagBag from /opt/airflow/dags/merge_dag.py
[2026-05-28T07:44:15.435+0000] {logging_mixin.py:188} INFO - DATA_PATH: /opt/airflow/data
[2026-05-28T07:44:15.439+0000] {logging_mixin.py:188} INFO - FILES: ['eu_fsf_sanctions.json', 'final_output.json', 'inegi_playwright.json', 'inegi_scraper.json', 'kaldata.db', 'telegraph.db']
[2026-05-28T07:44:15.441+0000] {logging_mixin.py:188} INFO - LOCK EXISTS: False
[2026-05-28T07:44:15.457+0000] {processor.py:840} INFO - DAG(s) 'merge_all_scrapers' retrieved from /opt/airflow/dags/merge_dag.py
[2026-05-28T07:44:15.535+0000] {logging_mixin.py:188} INFO - [2026-05-28T07:44:15.534+0000] {dag.py:3047} INFO - Sync 1 DAGs
[2026-05-28T07:44:15.574+0000] {logging_mixin.py:188} INFO - [2026-05-28T07:44:15.573+0000] {dag.py:3834} INFO - Setting next_dagrun for merge_all_scrapers to None, run_after=None
[2026-05-28T07:44:15.634+0000] {processor.py:183} INFO - Processing /opt/airflow/dags/merge_dag.py took 0.308 seconds
[2026-05-28T07:44:45.886+0000] {processor.py:161} INFO - Started process (PID=1677) to work on /opt/airflow/dags/merge_dag.py
[2026-05-28T07:44:45.890+0000] {processor.py:830} INFO - Processing file /opt/airflow/dags/merge_dag.py for tasks to queue
[2026-05-28T07:44:45.895+0000] {logging_mixin.py:188} INFO - [2026-05-28T07:44:45.893+0000] {dagbag.py:540} INFO - Filling up the DagBag from /opt/airflow/dags/merge_dag.py
[2026-05-28T07:44:45.949+0000] {logging_mixin.py:188} INFO - DATA_PATH: /opt/airflow/data
[2026-05-28T07:44:45.953+0000] {logging_mixin.py:188} INFO - FILES: ['eu_fsf_sanctions.json', 'final_output.json', 'inegi_playwright.json', 'inegi_scraper.json', 'kaldata.db', 'telegraph.db']
[2026-05-28T07:44:45.957+0000] {logging_mixin.py:188} INFO - LOCK EXISTS: False
[2026-05-28T07:44:45.975+0000] {processor.py:840} INFO - DAG(s) 'merge_all_scrapers' retrieved from /opt/airflow/dags/merge_dag.py
[2026-05-28T07:44:46.061+0000] {logging_mixin.py:188} INFO - [2026-05-28T07:44:46.060+0000] {dag.py:3047} INFO - Sync 1 DAGs
[2026-05-28T07:44:46.101+0000] {logging_mixin.py:188} INFO - [2026-05-28T07:44:46.101+0000] {dag.py:3834} INFO - Setting next_dagrun for merge_all_scrapers to None, run_after=None
[2026-05-28T07:44:46.171+0000] {processor.py:183} INFO - Processing /opt/airflow/dags/merge_dag.py took 0.299 seconds
[2026-05-28T07:45:17.140+0000] {processor.py:161} INFO - Started process (PID=1707) to work on /opt/airflow/dags/merge_dag.py
[2026-05-28T07:45:17.154+0000] {processor.py:830} INFO - Processing file /opt/airflow/dags/merge_dag.py for tasks to queue
[2026-05-28T07:45:17.158+0000] {logging_mixin.py:188} INFO - [2026-05-28T07:45:17.157+0000] {dagbag.py:540} INFO - Filling up the DagBag from /opt/airflow/dags/merge_dag.py
[2026-05-28T07:45:17.220+0000] {logging_mixin.py:188} INFO - DATA_PATH: /opt/airflow/data
[2026-05-28T07:45:17.224+0000] {logging_mixin.py:188} INFO - FILES: ['eu_fsf_sanctions.json', 'final_output.json', 'inegi_playwright.json', 'inegi_scraper.json', 'kaldata.db', 'telegraph.db']
[2026-05-28T07:45:17.226+0000] {logging_mixin.py:188} INFO - LOCK EXISTS: False
[2026-05-28T07:45:17.244+0000] {processor.py:840} INFO - DAG(s) 'merge_all_scrapers' retrieved from /opt/airflow/dags/merge_dag.py
[2026-05-28T07:45:17.330+0000] {logging_mixin.py:188} INFO - [2026-05-28T07:45:17.329+0000] {dag.py:3047} INFO - Sync 1 DAGs
[2026-05-28T07:45:17.367+0000] {logging_mixin.py:188} INFO - [2026-05-28T07:45:17.366+0000] {dag.py:3834} INFO - Setting next_dagrun for merge_all_scrapers to None, run_after=None
[2026-05-28T07:45:17.420+0000] {processor.py:183} INFO - Processing /opt/airflow/dags/merge_dag.py took 0.300 seconds
[2026-05-28T07:45:48.220+0000] {processor.py:161} INFO - Started process (PID=1737) to work on /opt/airflow/dags/merge_dag.py
[2026-05-28T07:45:48.265+0000] {processor.py:830} INFO - Processing file /opt/airflow/dags/merge_dag.py for tasks to queue
[2026-05-28T07:45:48.284+0000] {logging_mixin.py:188} INFO - [2026-05-28T07:45:48.282+0000] {dagbag.py:540} INFO - Filling up the DagBag from /opt/airflow/dags/merge_dag.py
[2026-05-28T07:45:48.358+0000] {logging_mixin.py:188} INFO - DATA_PATH: /opt/airflow/data
[2026-05-28T07:45:48.362+0000] {logging_mixin.py:188} INFO - FILES: ['eu_fsf_sanctions.json', 'final_output.json', 'inegi_playwright.json', 'inegi_scraper.json', 'kaldata.db', 'telegraph.db']
[2026-05-28T07:45:48.364+0000] {logging_mixin.py:188} INFO - LOCK EXISTS: False
[2026-05-28T07:45:48.377+0000] {processor.py:840} INFO - DAG(s) 'merge_all_scrapers' retrieved from /opt/airflow/dags/merge_dag.py
[2026-05-28T07:45:48.467+0000] {logging_mixin.py:188} INFO - [2026-05-28T07:45:48.467+0000] {dag.py:3047} INFO - Sync 1 DAGs
[2026-05-28T07:45:48.504+0000] {logging_mixin.py:188} INFO - [2026-05-28T07:45:48.503+0000] {dag.py:3834} INFO - Setting next_dagrun for merge_all_scrapers to None, run_after=None
[2026-05-28T07:45:48.585+0000] {processor.py:183} INFO - Processing /opt/airflow/dags/merge_dag.py took 0.389 seconds
[2026-05-28T07:46:19.272+0000] {processor.py:161} INFO - Started process (PID=1767) to work on /opt/airflow/dags/merge_dag.py
[2026-05-28T07:46:19.275+0000] {processor.py:830} INFO - Processing file /opt/airflow/dags/merge_dag.py for tasks to queue
[2026-05-28T07:46:19.279+0000] {logging_mixin.py:188} INFO - [2026-05-28T07:46:19.277+0000] {dagbag.py:540} INFO - Filling up the DagBag from /opt/airflow/dags/merge_dag.py
[2026-05-28T07:46:19.320+0000] {logging_mixin.py:188} INFO - DATA_PATH: /opt/airflow/data
[2026-05-28T07:46:19.324+0000] {logging_mixin.py:188} INFO - FILES: ['eu_fsf_sanctions.json', 'final_output.json', 'inegi_playwright.json', 'inegi_scraper.json', 'kaldata.db', 'telegraph.db']
[2026-05-28T07:46:19.326+0000] {logging_mixin.py:188} INFO - LOCK EXISTS: False
[2026-05-28T07:46:19.343+0000] {processor.py:840} INFO - DAG(s) 'merge_all_scrapers' retrieved from /opt/airflow/dags/merge_dag.py
[2026-05-28T07:46:19.443+0000] {logging_mixin.py:188} INFO - [2026-05-28T07:46:19.437+0000] {dag.py:3047} INFO - Sync 1 DAGs
[2026-05-28T07:46:19.524+0000] {logging_mixin.py:188} INFO - [2026-05-28T07:46:19.511+0000] {dag.py:3834} INFO - Setting next_dagrun for merge_all_scrapers to None, run_after=None
[2026-05-28T07:46:19.672+0000] {processor.py:183} INFO - Processing /opt/airflow/dags/merge_dag.py took 0.411 seconds
[2026-05-28T07:46:50.111+0000] {processor.py:161} INFO - Started process (PID=1797) to work on /opt/airflow/dags/merge_dag.py
[2026-05-28T07:46:50.117+0000] {processor.py:830} INFO - Processing file /opt/airflow/dags/merge_dag.py for tasks to queue
[2026-05-28T07:46:50.123+0000] {logging_mixin.py:188} INFO - [2026-05-28T07:46:50.122+0000] {dagbag.py:540} INFO - Filling up the DagBag from /opt/airflow/dags/merge_dag.py
[2026-05-28T07:46:50.219+0000] {logging_mixin.py:188} INFO - DATA_PATH: /opt/airflow/data
[2026-05-28T07:46:50.236+0000] {logging_mixin.py:188} INFO - FILES: ['eu_fsf_sanctions.json', 'final_output.json', 'inegi_playwright.json', 'inegi_scraper.json', 'kaldata.db', 'telegraph.db']
[2026-05-28T07:46:50.241+0000] {logging_mixin.py:188} INFO - LOCK EXISTS: False
[2026-05-28T07:46:50.261+0000] {processor.py:840} INFO - DAG(s) 'merge_all_scrapers' retrieved from /opt/airflow/dags/merge_dag.py
[2026-05-28T07:46:50.481+0000] {logging_mixin.py:188} INFO - [2026-05-28T07:46:50.480+0000] {dag.py:3047} INFO - Sync 1 DAGs
[2026-05-28T07:46:50.708+0000] {logging_mixin.py:188} INFO - [2026-05-28T07:46:50.707+0000] {dag.py:3834} INFO - Setting next_dagrun for merge_all_scrapers to None, run_after=None
[2026-05-28T07:46:50.882+0000] {processor.py:183} INFO - Processing /opt/airflow/dags/merge_dag.py took 0.797 seconds
[2026-05-28T07:47:21.442+0000] {processor.py:161} INFO - Started process (PID=1827) to work on /opt/airflow/dags/merge_dag.py
[2026-05-28T07:47:21.445+0000] {processor.py:830} INFO - Processing file /opt/airflow/dags/merge_dag.py for tasks to queue
[2026-05-28T07:47:21.449+0000] {logging_mixin.py:188} INFO - [2026-05-28T07:47:21.447+0000] {dagbag.py:540} INFO - Filling up the DagBag from /opt/airflow/dags/merge_dag.py
[2026-05-28T07:47:21.498+0000] {logging_mixin.py:188} INFO - DATA_PATH: /opt/airflow/data
[2026-05-28T07:47:21.503+0000] {logging_mixin.py:188} INFO - FILES: ['eu_fsf_sanctions.json', 'final_output.json', 'inegi_playwright.json', 'inegi_scraper.json', 'kaldata.db', 'telegraph.db']
[2026-05-28T07:47:21.505+0000] {logging_mixin.py:188} INFO - LOCK EXISTS: False
[2026-05-28T07:47:21.525+0000] {processor.py:840} INFO - DAG(s) 'merge_all_scrapers' retrieved from /opt/airflow/dags/merge_dag.py
[2026-05-28T07:47:21.674+0000] {logging_mixin.py:188} INFO - [2026-05-28T07:47:21.672+0000] {dag.py:3047} INFO - Sync 1 DAGs
[2026-05-28T07:47:21.730+0000] {logging_mixin.py:188} INFO - [2026-05-28T07:47:21.729+0000] {dag.py:3834} INFO - Setting next_dagrun for merge_all_scrapers to None, run_after=None
[2026-05-28T07:47:21.796+0000] {processor.py:183} INFO - Processing /opt/airflow/dags/merge_dag.py took 0.366 seconds
[2026-05-28T07:47:53.017+0000] {processor.py:161} INFO - Started process (PID=1857) to work on /opt/airflow/dags/merge_dag.py
[2026-05-28T07:47:53.051+0000] {processor.py:830} INFO - Processing file /opt/airflow/dags/merge_dag.py for tasks to queue
[2026-05-28T07:47:53.072+0000] {logging_mixin.py:188} INFO - [2026-05-28T07:47:53.071+0000] {dagbag.py:540} INFO - Filling up the DagBag from /opt/airflow/dags/merge_dag.py
[2026-05-28T07:47:53.138+0000] {logging_mixin.py:188} INFO - DATA_PATH: /opt/airflow/data
[2026-05-28T07:47:53.142+0000] {logging_mixin.py:188} INFO - FILES: ['eu_fsf_sanctions.json', 'final_output.json', 'inegi_playwright.json', 'inegi_scraper.json', 'kaldata.db', 'telegraph.db']
[2026-05-28T07:47:53.144+0000] {logging_mixin.py:188} INFO - LOCK EXISTS: False
[2026-05-28T07:47:53.160+0000] {processor.py:840} INFO - DAG(s) 'merge_all_scrapers' retrieved from /opt/airflow/dags/merge_dag.py
[2026-05-28T07:47:53.279+0000] {logging_mixin.py:188} INFO - [2026-05-28T07:47:53.278+0000] {dag.py:3047} INFO - Sync 1 DAGs
[2026-05-28T07:47:53.327+0000] {logging_mixin.py:188} INFO - [2026-05-28T07:47:53.327+0000] {dag.py:3834} INFO - Setting next_dagrun for merge_all_scrapers to None, run_after=None
[2026-05-28T07:47:53.419+0000] {processor.py:183} INFO - Processing /opt/airflow/dags/merge_dag.py took 0.422 seconds
[2026-05-28T07:48:24.619+0000] {processor.py:161} INFO - Started process (PID=1887) to work on /opt/airflow/dags/merge_dag.py
[2026-05-28T07:48:24.637+0000] {processor.py:830} INFO - Processing file /opt/airflow/dags/merge_dag.py for tasks to queue
[2026-05-28T07:48:24.647+0000] {logging_mixin.py:188} INFO - [2026-05-28T07:48:24.646+0000] {dagbag.py:540} INFO - Filling up the DagBag from /opt/airflow/dags/merge_dag.py
[2026-05-28T07:48:24.931+0000] {logging_mixin.py:188} INFO - DATA_PATH: /opt/airflow/data
[2026-05-28T07:48:24.936+0000] {logging_mixin.py:188} INFO - FILES: ['eu_fsf_sanctions.json', 'final_output.json', 'inegi_playwright.json', 'inegi_scraper.json', 'kaldata.db', 'telegraph.db']
[2026-05-28T07:48:24.939+0000] {logging_mixin.py:188} INFO - LOCK EXISTS: False
[2026-05-28T07:48:24.949+0000] {processor.py:840} INFO - DAG(s) 'merge_all_scrapers' retrieved from /opt/airflow/dags/merge_dag.py
[2026-05-28T07:48:25.041+0000] {logging_mixin.py:188} INFO - [2026-05-28T07:48:25.040+0000] {dag.py:3047} INFO - Sync 1 DAGs
[2026-05-28T07:48:25.079+0000] {logging_mixin.py:188} INFO - [2026-05-28T07:48:25.078+0000] {dag.py:3834} INFO - Setting next_dagrun for merge_all_scrapers to None, run_after=None
[2026-05-28T07:48:25.149+0000] {processor.py:183} INFO - Processing /opt/airflow/dags/merge_dag.py took 0.552 seconds
[2026-05-28T07:48:56.225+0000] {processor.py:161} INFO - Started process (PID=1917) to work on /opt/airflow/dags/merge_dag.py
[2026-05-28T07:48:56.229+0000] {processor.py:830} INFO - Processing file /opt/airflow/dags/merge_dag.py for tasks to queue
[2026-05-28T07:48:56.232+0000] {logging_mixin.py:188} INFO - [2026-05-28T07:48:56.231+0000] {dagbag.py:540} INFO - Filling up the DagBag from /opt/airflow/dags/merge_dag.py
[2026-05-28T07:48:56.281+0000] {logging_mixin.py:188} INFO - DATA_PATH: /opt/airflow/data
[2026-05-28T07:48:56.285+0000] {logging_mixin.py:188} INFO - FILES: ['eu_fsf_sanctions.json', 'final_output.json', 'inegi_playwright.json', 'inegi_scraper.json', 'kaldata.db', 'telegraph.db']
[2026-05-28T07:48:56.286+0000] {logging_mixin.py:188} INFO - LOCK EXISTS: False
[2026-05-28T07:48:56.299+0000] {processor.py:840} INFO - DAG(s) 'merge_all_scrapers' retrieved from /opt/airflow/dags/merge_dag.py
[2026-05-28T07:48:56.394+0000] {logging_mixin.py:188} INFO - [2026-05-28T07:48:56.393+0000] {dag.py:3047} INFO - Sync 1 DAGs
[2026-05-28T07:48:56.430+0000] {logging_mixin.py:188} INFO - [2026-05-28T07:48:56.429+0000] {dag.py:3834} INFO - Setting next_dagrun for merge_all_scrapers to None, run_after=None
[2026-05-28T07:48:56.486+0000] {processor.py:183} INFO - Processing /opt/airflow/dags/merge_dag.py took 0.273 seconds
[2026-05-28T07:49:27.699+0000] {processor.py:161} INFO - Started process (PID=1947) to work on /opt/airflow/dags/merge_dag.py
[2026-05-28T07:49:27.730+0000] {processor.py:830} INFO - Processing file /opt/airflow/dags/merge_dag.py for tasks to queue
[2026-05-28T07:49:27.746+0000] {logging_mixin.py:188} INFO - [2026-05-28T07:49:27.745+0000] {dagbag.py:540} INFO - Filling up the DagBag from /opt/airflow/dags/merge_dag.py
[2026-05-28T07:49:27.920+0000] {logging_mixin.py:188} INFO - DATA_PATH: /opt/airflow/data
[2026-05-28T07:49:27.986+0000] {logging_mixin.py:188} INFO - FILES: ['eu_fsf_sanctions.json', 'final_output.json', 'inegi_playwright.json', 'inegi_scraper.json', 'kaldata.db', 'telegraph.db']
[2026-05-28T07:49:27.999+0000] {logging_mixin.py:188} INFO - LOCK EXISTS: False
[2026-05-28T07:49:28.017+0000] {processor.py:840} INFO - DAG(s) 'merge_all_scrapers' retrieved from /opt/airflow/dags/merge_dag.py
[2026-05-28T07:49:28.103+0000] {logging_mixin.py:188} INFO - [2026-05-28T07:49:28.103+0000] {dag.py:3047} INFO - Sync 1 DAGs
[2026-05-28T07:49:28.142+0000] {logging_mixin.py:188} INFO - [2026-05-28T07:49:28.142+0000] {dag.py:3834} INFO - Setting next_dagrun for merge_all_scrapers to None, run_after=None
[2026-05-28T07:49:28.203+0000] {processor.py:183} INFO - Processing /opt/airflow/dags/merge_dag.py took 0.538 seconds
[2026-05-28T07:49:59.251+0000] {processor.py:161} INFO - Started process (PID=1977) to work on /opt/airflow/dags/merge_dag.py
[2026-05-28T07:49:59.255+0000] {processor.py:830} INFO - Processing file /opt/airflow/dags/merge_dag.py for tasks to queue
[2026-05-28T07:49:59.263+0000] {logging_mixin.py:188} INFO - [2026-05-28T07:49:59.261+0000] {dagbag.py:540} INFO - Filling up the DagBag from /opt/airflow/dags/merge_dag.py
[2026-05-28T07:49:59.305+0000] {logging_mixin.py:188} INFO - DATA_PATH: /opt/airflow/data
[2026-05-28T07:49:59.309+0000] {logging_mixin.py:188} INFO - FILES: ['eu_fsf_sanctions.json', 'final_output.json', 'inegi_playwright.json', 'inegi_scraper.json', 'kaldata.db', 'telegraph.db']
[2026-05-28T07:49:59.310+0000] {logging_mixin.py:188} INFO - LOCK EXISTS: False
[2026-05-28T07:49:59.326+0000] {processor.py:840} INFO - DAG(s) 'merge_all_scrapers' retrieved from /opt/airflow/dags/merge_dag.py
[2026-05-28T07:49:59.405+0000] {logging_mixin.py:188} INFO - [2026-05-28T07:49:59.404+0000] {dag.py:3047} INFO - Sync 1 DAGs
[2026-05-28T07:49:59.453+0000] {logging_mixin.py:188} INFO - [2026-05-28T07:49:59.452+0000] {dag.py:3834} INFO - Setting next_dagrun for merge_all_scrapers to None, run_after=None
[2026-05-28T07:49:59.512+0000] {processor.py:183} INFO - Processing /opt/airflow/dags/merge_dag.py took 0.274 seconds
[2026-05-28T07:50:31.444+0000] {processor.py:161} INFO - Started process (PID=2007) to work on /opt/airflow/dags/merge_dag.py
[2026-05-28T07:50:31.458+0000] {processor.py:830} INFO - Processing file /opt/airflow/dags/merge_dag.py for tasks to queue
[2026-05-28T07:50:31.474+0000] {logging_mixin.py:188} INFO - [2026-05-28T07:50:31.473+0000] {dagbag.py:540} INFO - Filling up the DagBag from /opt/airflow/dags/merge_dag.py
[2026-05-28T07:50:32.300+0000] {logging_mixin.py:188} INFO - DATA_PATH: /opt/airflow/data
[2026-05-28T07:50:32.428+0000] {logging_mixin.py:188} INFO - FILES: ['eu_fsf_sanctions.json', 'final_output.json', 'inegi_playwright.json', 'inegi_scraper.json', 'kaldata.db', 'telegraph.db']
[2026-05-28T07:50:32.432+0000] {logging_mixin.py:188} INFO - LOCK EXISTS: False
[2026-05-28T07:50:32.446+0000] {processor.py:840} INFO - DAG(s) 'merge_all_scrapers' retrieved from /opt/airflow/dags/merge_dag.py
[2026-05-28T07:50:32.681+0000] {logging_mixin.py:188} INFO - [2026-05-28T07:50:32.680+0000] {dag.py:3047} INFO - Sync 1 DAGs
[2026-05-28T07:50:32.918+0000] {logging_mixin.py:188} INFO - [2026-05-28T07:50:32.917+0000] {dag.py:3834} INFO - Setting next_dagrun for merge_all_scrapers to None, run_after=None
[2026-05-28T07:50:33.324+0000] {processor.py:183} INFO - Processing /opt/airflow/dags/merge_dag.py took 1.902 seconds
[2026-05-28T07:51:05.680+0000] {processor.py:161} INFO - Started process (PID=2037) to work on /opt/airflow/dags/merge_dag.py
[2026-05-28T07:51:05.701+0000] {processor.py:830} INFO - Processing file /opt/airflow/dags/merge_dag.py for tasks to queue
[2026-05-28T07:51:05.724+0000] {logging_mixin.py:188} INFO - [2026-05-28T07:51:05.723+0000] {dagbag.py:540} INFO - Filling up the DagBag from /opt/airflow/dags/merge_dag.py
[2026-05-28T07:51:06.376+0000] {logging_mixin.py:188} INFO - DATA_PATH: /opt/airflow/data
[2026-05-28T07:51:06.444+0000] {logging_mixin.py:188} INFO - FILES: ['eu_fsf_sanctions.json', 'final_output.json', 'inegi_playwright.json', 'inegi_scraper.json', 'kaldata.db', 'telegraph.db']
[2026-05-28T07:51:06.477+0000] {logging_mixin.py:188} INFO - LOCK EXISTS: False
[2026-05-28T07:51:06.496+0000] {processor.py:840} INFO - DAG(s) 'merge_all_scrapers' retrieved from /opt/airflow/dags/merge_dag.py
[2026-05-28T07:51:06.732+0000] {logging_mixin.py:188} INFO - [2026-05-28T07:51:06.731+0000] {dag.py:3047} INFO - Sync 1 DAGs
[2026-05-28T07:51:06.891+0000] {logging_mixin.py:188} INFO - [2026-05-28T07:51:06.880+0000] {dag.py:3834} INFO - Setting next_dagrun for merge_all_scrapers to None, run_after=None
[2026-05-28T07:51:07.293+0000] {processor.py:183} INFO - Processing /opt/airflow/dags/merge_dag.py took 1.634 seconds
[2026-05-28T07:51:39.049+0000] {processor.py:161} INFO - Started process (PID=2067) to work on /opt/airflow/dags/merge_dag.py
[2026-05-28T07:51:39.062+0000] {processor.py:830} INFO - Processing file /opt/airflow/dags/merge_dag.py for tasks to queue
[2026-05-28T07:51:39.066+0000] {logging_mixin.py:188} INFO - [2026-05-28T07:51:39.065+0000] {dagbag.py:540} INFO - Filling up the DagBag from /opt/airflow/dags/merge_dag.py
[2026-05-28T07:51:39.303+0000] {logging_mixin.py:188} INFO - DATA_PATH: /opt/airflow/data
[2026-05-28T07:51:39.323+0000] {logging_mixin.py:188} INFO - FILES: ['eu_fsf_sanctions.json', 'final_output.json', 'inegi_playwright.json', 'inegi_scraper.json', 'kaldata.db', 'telegraph.db']
[2026-05-28T07:51:39.328+0000] {logging_mixin.py:188} INFO - LOCK EXISTS: False
[2026-05-28T07:51:39.348+0000] {processor.py:840} INFO - DAG(s) 'merge_all_scrapers' retrieved from /opt/airflow/dags/merge_dag.py
[2026-05-28T07:51:39.548+0000] {logging_mixin.py:188} INFO - [2026-05-28T07:51:39.539+0000] {dag.py:3047} INFO - Sync 1 DAGs
[2026-05-28T07:51:39.676+0000] {logging_mixin.py:188} INFO - [2026-05-28T07:51:39.676+0000] {dag.py:3834} INFO - Setting next_dagrun for merge_all_scrapers to None, run_after=None
[2026-05-28T07:51:40.051+0000] {processor.py:183} INFO - Processing /opt/airflow/dags/merge_dag.py took 1.023 seconds
[2026-05-28T07:52:10.510+0000] {processor.py:161} INFO - Started process (PID=2097) to work on /opt/airflow/dags/merge_dag.py
[2026-05-28T07:52:10.513+0000] {processor.py:830} INFO - Processing file /opt/airflow/dags/merge_dag.py for tasks to queue
[2026-05-28T07:52:10.516+0000] {logging_mixin.py:188} INFO - [2026-05-28T07:52:10.515+0000] {dagbag.py:540} INFO - Filling up the DagBag from /opt/airflow/dags/merge_dag.py
[2026-05-28T07:52:10.553+0000] {logging_mixin.py:188} INFO - DATA_PATH: /opt/airflow/data
[2026-05-28T07:52:10.556+0000] {logging_mixin.py:188} INFO - FILES: ['eu_fsf_sanctions.json', 'final_output.json', 'inegi_playwright.json', 'inegi_scraper.json', 'kaldata.db', 'telegraph.db']
[2026-05-28T07:52:10.558+0000] {logging_mixin.py:188} INFO - LOCK EXISTS: False
[2026-05-28T07:52:10.568+0000] {processor.py:840} INFO - DAG(s) 'merge_all_scrapers' retrieved from /opt/airflow/dags/merge_dag.py
[2026-05-28T07:52:10.641+0000] {logging_mixin.py:188} INFO - [2026-05-28T07:52:10.640+0000] {dag.py:3047} INFO - Sync 1 DAGs
[2026-05-28T07:52:10.675+0000] {logging_mixin.py:188} INFO - [2026-05-28T07:52:10.675+0000] {dag.py:3834} INFO - Setting next_dagrun for merge_all_scrapers to None, run_after=None
[2026-05-28T07:52:10.724+0000] {processor.py:183} INFO - Processing /opt/airflow/dags/merge_dag.py took 0.225 seconds
[2026-05-28T07:52:40.862+0000] {processor.py:161} INFO - Started process (PID=2127) to work on /opt/airflow/dags/merge_dag.py
[2026-05-28T07:52:40.865+0000] {processor.py:830} INFO - Processing file /opt/airflow/dags/merge_dag.py for tasks to queue
[2026-05-28T07:52:40.868+0000] {logging_mixin.py:188} INFO - [2026-05-28T07:52:40.867+0000] {dagbag.py:540} INFO - Filling up the DagBag from /opt/airflow/dags/merge_dag.py
[2026-05-28T07:52:40.902+0000] {logging_mixin.py:188} INFO - DATA_PATH: /opt/airflow/data
[2026-05-28T07:52:40.906+0000] {logging_mixin.py:188} INFO - FILES: ['eu_fsf_sanctions.json', 'final_output.json', 'inegi_playwright.json', 'inegi_scraper.json', 'kaldata.db', 'telegraph.db']
[2026-05-28T07:52:40.908+0000] {logging_mixin.py:188} INFO - LOCK EXISTS: False
[2026-05-28T07:52:40.918+0000] {processor.py:840} INFO - DAG(s) 'merge_all_scrapers' retrieved from /opt/airflow/dags/merge_dag.py
[2026-05-28T07:52:40.993+0000] {logging_mixin.py:188} INFO - [2026-05-28T07:52:40.992+0000] {dag.py:3047} INFO - Sync 1 DAGs
[2026-05-28T07:52:41.031+0000] {logging_mixin.py:188} INFO - [2026-05-28T07:52:41.030+0000] {dag.py:3834} INFO - Setting next_dagrun for merge_all_scrapers to None, run_after=None
[2026-05-28T07:52:41.090+0000] {processor.py:183} INFO - Processing /opt/airflow/dags/merge_dag.py took 0.240 seconds
[2026-05-28T07:53:14.633+0000] {processor.py:161} INFO - Started process (PID=2157) to work on /opt/airflow/dags/merge_dag.py
[2026-05-28T07:53:14.649+0000] {processor.py:830} INFO - Processing file /opt/airflow/dags/merge_dag.py for tasks to queue
[2026-05-28T07:53:14.686+0000] {logging_mixin.py:188} INFO - [2026-05-28T07:53:14.686+0000] {dagbag.py:540} INFO - Filling up the DagBag from /opt/airflow/dags/merge_dag.py
[2026-05-28T07:53:14.974+0000] {logging_mixin.py:188} INFO - DATA_PATH: /opt/airflow/data
[2026-05-28T07:53:15.064+0000] {logging_mixin.py:188} INFO - FILES: ['eu_fsf_sanctions.json', 'final_output.json', 'inegi_playwright.json', 'inegi_scraper.json', 'kaldata.db', 'telegraph.db']
[2026-05-28T07:53:15.071+0000] {logging_mixin.py:188} INFO - LOCK EXISTS: False
[2026-05-28T07:53:15.095+0000] {processor.py:840} INFO - DAG(s) 'merge_all_scrapers' retrieved from /opt/airflow/dags/merge_dag.py
[2026-05-28T07:53:15.315+0000] {logging_mixin.py:188} INFO - [2026-05-28T07:53:15.303+0000] {dag.py:3047} INFO - Sync 1 DAGs
[2026-05-28T07:53:15.477+0000] {logging_mixin.py:188} INFO - [2026-05-28T07:53:15.476+0000] {dag.py:3834} INFO - Setting next_dagrun for merge_all_scrapers to None, run_after=None
[2026-05-28T07:53:15.807+0000] {processor.py:183} INFO - Processing /opt/airflow/dags/merge_dag.py took 1.197 seconds
[2026-05-28T07:53:48.826+0000] {processor.py:161} INFO - Started process (PID=2187) to work on /opt/airflow/dags/merge_dag.py
[2026-05-28T07:53:48.876+0000] {processor.py:830} INFO - Processing file /opt/airflow/dags/merge_dag.py for tasks to queue
[2026-05-28T07:53:48.901+0000] {logging_mixin.py:188} INFO - [2026-05-28T07:53:48.900+0000] {dagbag.py:540} INFO - Filling up the DagBag from /opt/airflow/dags/merge_dag.py
[2026-05-28T07:53:50.321+0000] {logging_mixin.py:188} INFO - DATA_PATH: /opt/airflow/data
[2026-05-28T07:53:50.343+0000] {logging_mixin.py:188} INFO - FILES: ['eu_fsf_sanctions.json', 'final_output.json', 'inegi_playwright.json', 'inegi_scraper.json', 'kaldata.db', 'telegraph.db']
[2026-05-28T07:53:50.345+0000] {logging_mixin.py:188} INFO - LOCK EXISTS: False
[2026-05-28T07:53:50.368+0000] {processor.py:840} INFO - DAG(s) 'merge_all_scrapers' retrieved from /opt/airflow/dags/merge_dag.py
[2026-05-28T07:53:50.562+0000] {logging_mixin.py:188} INFO - [2026-05-28T07:53:50.561+0000] {dag.py:3047} INFO - Sync 1 DAGs
[2026-05-28T07:53:50.677+0000] {logging_mixin.py:188} INFO - [2026-05-28T07:53:50.676+0000] {dag.py:3834} INFO - Setting next_dagrun for merge_all_scrapers to None, run_after=None
[2026-05-28T07:53:50.852+0000] {processor.py:183} INFO - Processing /opt/airflow/dags/merge_dag.py took 2.047 seconds
[2026-05-28T07:54:21.679+0000] {processor.py:161} INFO - Started process (PID=2217) to work on /opt/airflow/dags/merge_dag.py
[2026-05-28T07:54:21.683+0000] {processor.py:830} INFO - Processing file /opt/airflow/dags/merge_dag.py for tasks to queue
[2026-05-28T07:54:21.687+0000] {logging_mixin.py:188} INFO - [2026-05-28T07:54:21.686+0000] {dagbag.py:540} INFO - Filling up the DagBag from /opt/airflow/dags/merge_dag.py
[2026-05-28T07:54:21.729+0000] {logging_mixin.py:188} INFO - DATA_PATH: /opt/airflow/data
[2026-05-28T07:54:21.733+0000] {logging_mixin.py:188} INFO - FILES: ['eu_fsf_sanctions.json', 'final_output.json', 'inegi_playwright.json', 'inegi_scraper.json', 'kaldata.db', 'telegraph.db']
[2026-05-28T07:54:21.735+0000] {logging_mixin.py:188} INFO - LOCK EXISTS: False
[2026-05-28T07:54:21.753+0000] {processor.py:840} INFO - DAG(s) 'merge_all_scrapers' retrieved from /opt/airflow/dags/merge_dag.py
[2026-05-28T07:54:21.855+0000] {logging_mixin.py:188} INFO - [2026-05-28T07:54:21.854+0000] {dag.py:3047} INFO - Sync 1 DAGs
[2026-05-28T07:54:21.933+0000] {logging_mixin.py:188} INFO - [2026-05-28T07:54:21.933+0000] {dag.py:3834} INFO - Setting next_dagrun for merge_all_scrapers to None, run_after=None
[2026-05-28T07:54:21.995+0000] {processor.py:183} INFO - Processing /opt/airflow/dags/merge_dag.py took 0.326 seconds
[2026-05-28T07:54:52.836+0000] {processor.py:161} INFO - Started process (PID=2247) to work on /opt/airflow/dags/merge_dag.py
[2026-05-28T07:54:52.840+0000] {processor.py:830} INFO - Processing file /opt/airflow/dags/merge_dag.py for tasks to queue
[2026-05-28T07:54:52.843+0000] {logging_mixin.py:188} INFO - [2026-05-28T07:54:52.842+0000] {dagbag.py:540} INFO - Filling up the DagBag from /opt/airflow/dags/merge_dag.py
[2026-05-28T07:54:52.885+0000] {logging_mixin.py:188} INFO - DATA_PATH: /opt/airflow/data
[2026-05-28T07:54:52.890+0000] {logging_mixin.py:188} INFO - FILES: ['eu_fsf_sanctions.json', 'final_output.json', 'inegi_playwright.json', 'inegi_scraper.json', 'kaldata.db', 'telegraph.db']
[2026-05-28T07:54:52.892+0000] {logging_mixin.py:188} INFO - LOCK EXISTS: False
[2026-05-28T07:54:52.904+0000] {processor.py:840} INFO - DAG(s) 'merge_all_scrapers' retrieved from /opt/airflow/dags/merge_dag.py
[2026-05-28T07:54:52.991+0000] {logging_mixin.py:188} INFO - [2026-05-28T07:54:52.990+0000] {dag.py:3047} INFO - Sync 1 DAGs
[2026-05-28T07:54:53.038+0000] {logging_mixin.py:188} INFO - [2026-05-28T07:54:53.037+0000] {dag.py:3834} INFO - Setting next_dagrun for merge_all_scrapers to None, run_after=None
[2026-05-28T07:54:53.146+0000] {processor.py:183} INFO - Processing /opt/airflow/dags/merge_dag.py took 0.328 seconds
[2026-05-28T07:55:27.364+0000] {processor.py:161} INFO - Started process (PID=2277) to work on /opt/airflow/dags/merge_dag.py
[2026-05-28T07:55:27.386+0000] {processor.py:830} INFO - Processing file /opt/airflow/dags/merge_dag.py for tasks to queue
[2026-05-28T07:55:27.506+0000] {logging_mixin.py:188} INFO - [2026-05-28T07:55:27.505+0000] {dagbag.py:540} INFO - Filling up the DagBag from /opt/airflow/dags/merge_dag.py
[2026-05-28T07:55:28.810+0000] {logging_mixin.py:188} INFO - DATA_PATH: /opt/airflow/data
[2026-05-28T07:55:28.940+0000] {logging_mixin.py:188} INFO - FILES: ['eu_fsf_sanctions.json', 'final_output.json', 'inegi_playwright.json', 'inegi_scraper.json', 'kaldata.db', 'telegraph.db']
[2026-05-28T07:55:28.972+0000] {logging_mixin.py:188} INFO - LOCK EXISTS: False
[2026-05-28T07:55:28.997+0000] {processor.py:840} INFO - DAG(s) 'merge_all_scrapers' retrieved from /opt/airflow/dags/merge_dag.py
[2026-05-28T07:55:29.176+0000] {logging_mixin.py:188} INFO - [2026-05-28T07:55:29.176+0000] {dag.py:3047} INFO - Sync 1 DAGs
[2026-05-28T07:55:29.353+0000] {logging_mixin.py:188} INFO - [2026-05-28T07:55:29.352+0000] {dag.py:3834} INFO - Setting next_dagrun for merge_all_scrapers to None, run_after=None
[2026-05-28T07:55:29.593+0000] {processor.py:183} INFO - Processing /opt/airflow/dags/merge_dag.py took 2.249 seconds
[2026-05-28T07:56:01.923+0000] {processor.py:161} INFO - Started process (PID=2307) to work on /opt/airflow/dags/merge_dag.py
[2026-05-28T07:56:01.959+0000] {processor.py:830} INFO - Processing file /opt/airflow/dags/merge_dag.py for tasks to queue
[2026-05-28T07:56:01.964+0000] {logging_mixin.py:188} INFO - [2026-05-28T07:56:01.963+0000] {dagbag.py:540} INFO - Filling up the DagBag from /opt/airflow/dags/merge_dag.py
[2026-05-28T07:56:02.491+0000] {logging_mixin.py:188} INFO - DATA_PATH: /opt/airflow/data
[2026-05-28T07:56:02.549+0000] {logging_mixin.py:188} INFO - FILES: ['eu_fsf_sanctions.json', 'final_output.json', 'inegi_playwright.json', 'inegi_scraper.json', 'kaldata.db', 'telegraph.db']
[2026-05-28T07:56:02.553+0000] {logging_mixin.py:188} INFO - LOCK EXISTS: False
[2026-05-28T07:56:02.573+0000] {processor.py:840} INFO - DAG(s) 'merge_all_scrapers' retrieved from /opt/airflow/dags/merge_dag.py
[2026-05-28T07:56:02.787+0000] {logging_mixin.py:188} INFO - [2026-05-28T07:56:02.778+0000] {dag.py:3047} INFO - Sync 1 DAGs
[2026-05-28T07:56:02.993+0000] {logging_mixin.py:188} INFO - [2026-05-28T07:56:02.993+0000] {dag.py:3834} INFO - Setting next_dagrun for merge_all_scrapers to None, run_after=None
[2026-05-28T07:56:03.301+0000] {processor.py:183} INFO - Processing /opt/airflow/dags/merge_dag.py took 1.389 seconds
[2026-05-28T07:56:33.677+0000] {processor.py:161} INFO - Started process (PID=2337) to work on /opt/airflow/dags/merge_dag.py
[2026-05-28T07:56:33.682+0000] {processor.py:830} INFO - Processing file /opt/airflow/dags/merge_dag.py for tasks to queue
[2026-05-28T07:56:33.691+0000] {logging_mixin.py:188} INFO - [2026-05-28T07:56:33.690+0000] {dagbag.py:540} INFO - Filling up the DagBag from /opt/airflow/dags/merge_dag.py
[2026-05-28T07:56:33.762+0000] {logging_mixin.py:188} INFO - DATA_PATH: /opt/airflow/data
[2026-05-28T07:56:33.767+0000] {logging_mixin.py:188} INFO - FILES: ['eu_fsf_sanctions.json', 'final_output.json', 'inegi_playwright.json', 'inegi_scraper.json', 'kaldata.db', 'telegraph.db']
[2026-05-28T07:56:33.769+0000] {logging_mixin.py:188} INFO - LOCK EXISTS: False
[2026-05-28T07:56:33.785+0000] {processor.py:840} INFO - DAG(s) 'merge_all_scrapers' retrieved from /opt/airflow/dags/merge_dag.py
[2026-05-28T07:56:34.190+0000] {logging_mixin.py:188} INFO - [2026-05-28T07:56:34.178+0000] {dag.py:3047} INFO - Sync 1 DAGs
[2026-05-28T07:56:34.354+0000] {logging_mixin.py:188} INFO - [2026-05-28T07:56:34.353+0000] {dag.py:3834} INFO - Setting next_dagrun for merge_all_scrapers to None, run_after=None
[2026-05-28T07:56:34.587+0000] {processor.py:183} INFO - Processing /opt/airflow/dags/merge_dag.py took 0.935 seconds
[2026-05-28T07:57:05.301+0000] {processor.py:161} INFO - Started process (PID=2367) to work on /opt/airflow/dags/merge_dag.py
[2026-05-28T07:57:05.304+0000] {processor.py:830} INFO - Processing file /opt/airflow/dags/merge_dag.py for tasks to queue
[2026-05-28T07:57:05.307+0000] {logging_mixin.py:188} INFO - [2026-05-28T07:57:05.307+0000] {dagbag.py:540} INFO - Filling up the DagBag from /opt/airflow/dags/merge_dag.py
[2026-05-28T07:57:05.343+0000] {logging_mixin.py:188} INFO - DATA_PATH: /opt/airflow/data
[2026-05-28T07:57:05.347+0000] {logging_mixin.py:188} INFO - FILES: ['eu_fsf_sanctions.json', 'final_output.json', 'inegi_playwright.json', 'inegi_scraper.json', 'kaldata.db', 'telegraph.db']
[2026-05-28T07:57:05.348+0000] {logging_mixin.py:188} INFO - LOCK EXISTS: False
[2026-05-28T07:57:05.359+0000] {processor.py:840} INFO - DAG(s) 'merge_all_scrapers' retrieved from /opt/airflow/dags/merge_dag.py
[2026-05-28T07:57:05.431+0000] {logging_mixin.py:188} INFO - [2026-05-28T07:57:05.430+0000] {dag.py:3047} INFO - Sync 1 DAGs
[2026-05-28T07:57:05.467+0000] {logging_mixin.py:188} INFO - [2026-05-28T07:57:05.466+0000] {dag.py:3834} INFO - Setting next_dagrun for merge_all_scrapers to None, run_after=None
[2026-05-28T07:57:05.570+0000] {processor.py:183} INFO - Processing /opt/airflow/dags/merge_dag.py took 0.280 seconds
[2026-05-28T07:57:36.542+0000] {processor.py:161} INFO - Started process (PID=2397) to work on /opt/airflow/dags/merge_dag.py
[2026-05-28T07:57:36.560+0000] {processor.py:830} INFO - Processing file /opt/airflow/dags/merge_dag.py for tasks to queue
[2026-05-28T07:57:36.575+0000] {logging_mixin.py:188} INFO - [2026-05-28T07:57:36.574+0000] {dagbag.py:540} INFO - Filling up the DagBag from /opt/airflow/dags/merge_dag.py
[2026-05-28T07:57:36.703+0000] {logging_mixin.py:188} INFO - DATA_PATH: /opt/airflow/data
[2026-05-28T07:57:36.707+0000] {logging_mixin.py:188} INFO - FILES: ['eu_fsf_sanctions.json', 'final_output.json', 'inegi_playwright.json', 'inegi_scraper.json', 'kaldata.db', 'telegraph.db']
[2026-05-28T07:57:36.709+0000] {logging_mixin.py:188} INFO - LOCK EXISTS: False
[2026-05-28T07:57:36.748+0000] {processor.py:840} INFO - DAG(s) 'merge_all_scrapers' retrieved from /opt/airflow/dags/merge_dag.py
[2026-05-28T07:57:36.951+0000] {logging_mixin.py:188} INFO - [2026-05-28T07:57:36.950+0000] {dag.py:3047} INFO - Sync 1 DAGs
[2026-05-28T07:57:36.997+0000] {logging_mixin.py:188} INFO - [2026-05-28T07:57:36.996+0000] {dag.py:3834} INFO - Setting next_dagrun for merge_all_scrapers to None, run_after=None
[2026-05-28T07:57:37.070+0000] {processor.py:183} INFO - Processing /opt/airflow/dags/merge_dag.py took 0.550 seconds
[2026-05-28T07:58:07.640+0000] {processor.py:161} INFO - Started process (PID=2427) to work on /opt/airflow/dags/merge_dag.py
[2026-05-28T07:58:07.649+0000] {processor.py:830} INFO - Processing file /opt/airflow/dags/merge_dag.py for tasks to queue
[2026-05-28T07:58:07.655+0000] {logging_mixin.py:188} INFO - [2026-05-28T07:58:07.653+0000] {dagbag.py:540} INFO - Filling up the DagBag from /opt/airflow/dags/merge_dag.py
[2026-05-28T07:58:07.727+0000] {logging_mixin.py:188} INFO - DATA_PATH: /opt/airflow/data
[2026-05-28T07:58:07.733+0000] {logging_mixin.py:188} INFO - FILES: ['eu_fsf_sanctions.json', 'final_output.json', 'inegi_playwright.json', 'inegi_scraper.json', 'kaldata.db', 'telegraph.db']
[2026-05-28T07:58:07.738+0000] {logging_mixin.py:188} INFO - LOCK EXISTS: False
[2026-05-28T07:58:07.756+0000] {processor.py:840} INFO - DAG(s) 'merge_all_scrapers' retrieved from /opt/airflow/dags/merge_dag.py
[2026-05-28T07:58:07.937+0000] {logging_mixin.py:188} INFO - [2026-05-28T07:58:07.936+0000] {dag.py:3047} INFO - Sync 1 DAGs
[2026-05-28T07:58:08.037+0000] {logging_mixin.py:188} INFO - [2026-05-28T07:58:08.037+0000] {dag.py:3834} INFO - Setting next_dagrun for merge_all_scrapers to None, run_after=None
[2026-05-28T07:58:08.237+0000] {processor.py:183} INFO - Processing /opt/airflow/dags/merge_dag.py took 0.618 seconds
[2026-05-28T07:58:39.431+0000] {processor.py:161} INFO - Started process (PID=2457) to work on /opt/airflow/dags/merge_dag.py
[2026-05-28T07:58:39.437+0000] {processor.py:830} INFO - Processing file /opt/airflow/dags/merge_dag.py for tasks to queue
[2026-05-28T07:58:39.452+0000] {logging_mixin.py:188} INFO - [2026-05-28T07:58:39.451+0000] {dagbag.py:540} INFO - Filling up the DagBag from /opt/airflow/dags/merge_dag.py
[2026-05-28T07:58:39.553+0000] {logging_mixin.py:188} INFO - DATA_PATH: /opt/airflow/data
[2026-05-28T07:58:39.562+0000] {logging_mixin.py:188} INFO - FILES: ['eu_fsf_sanctions.json', 'final_output.json', 'inegi_playwright.json', 'inegi_scraper.json', 'kaldata.db', 'telegraph.db']
[2026-05-28T07:58:39.566+0000] {logging_mixin.py:188} INFO - LOCK EXISTS: False
[2026-05-28T07:58:39.604+0000] {processor.py:840} INFO - DAG(s) 'merge_all_scrapers' retrieved from /opt/airflow/dags/merge_dag.py
[2026-05-28T07:58:39.912+0000] {logging_mixin.py:188} INFO - [2026-05-28T07:58:39.907+0000] {dag.py:3047} INFO - Sync 1 DAGs
[2026-05-28T07:58:40.014+0000] {logging_mixin.py:188} INFO - [2026-05-28T07:58:40.013+0000] {dag.py:3834} INFO - Setting next_dagrun for merge_all_scrapers to None, run_after=None
[2026-05-28T07:58:40.096+0000] {processor.py:183} INFO - Processing /opt/airflow/dags/merge_dag.py took 0.686 seconds
[2026-05-28T07:59:10.350+0000] {processor.py:161} INFO - Started process (PID=2487) to work on /opt/airflow/dags/merge_dag.py
[2026-05-28T07:59:10.353+0000] {processor.py:830} INFO - Processing file /opt/airflow/dags/merge_dag.py for tasks to queue
[2026-05-28T07:59:10.356+0000] {logging_mixin.py:188} INFO - [2026-05-28T07:59:10.355+0000] {dagbag.py:540} INFO - Filling up the DagBag from /opt/airflow/dags/merge_dag.py
[2026-05-28T07:59:10.391+0000] {logging_mixin.py:188} INFO - DATA_PATH: /opt/airflow/data
[2026-05-28T07:59:10.395+0000] {logging_mixin.py:188} INFO - FILES: ['eu_fsf_sanctions.json', 'final_output.json', 'inegi_playwright.json', 'inegi_scraper.json', 'kaldata.db', 'telegraph.db']
[2026-05-28T07:59:10.397+0000] {logging_mixin.py:188} INFO - LOCK EXISTS: False
[2026-05-28T07:59:10.407+0000] {processor.py:840} INFO - DAG(s) 'merge_all_scrapers' retrieved from /opt/airflow/dags/merge_dag.py
[2026-05-28T07:59:10.481+0000] {logging_mixin.py:188} INFO - [2026-05-28T07:59:10.480+0000] {dag.py:3047} INFO - Sync 1 DAGs
[2026-05-28T07:59:10.518+0000] {logging_mixin.py:188} INFO - [2026-05-28T07:59:10.517+0000] {dag.py:3834} INFO - Setting next_dagrun for merge_all_scrapers to None, run_after=None
[2026-05-28T07:59:10.584+0000] {processor.py:183} INFO - Processing /opt/airflow/dags/merge_dag.py took 0.244 seconds
[2026-05-28T07:59:44.724+0000] {processor.py:161} INFO - Started process (PID=2507) to work on /opt/airflow/dags/merge_dag.py
[2026-05-28T07:59:44.729+0000] {processor.py:830} INFO - Processing file /opt/airflow/dags/merge_dag.py for tasks to queue
[2026-05-28T07:59:44.740+0000] {logging_mixin.py:188} INFO - [2026-05-28T07:59:44.739+0000] {dagbag.py:540} INFO - Filling up the DagBag from /opt/airflow/dags/merge_dag.py
[2026-05-28T07:59:45.106+0000] {logging_mixin.py:188} INFO - DATA_PATH: /opt/airflow/data
[2026-05-28T07:59:45.222+0000] {logging_mixin.py:188} INFO - FILES: ['eu_fsf_sanctions.json', 'final_output.json', 'inegi_playwright.json', 'inegi_scraper.json', 'kaldata.db', 'telegraph.db']
[2026-05-28T07:59:45.270+0000] {logging_mixin.py:188} INFO - LOCK EXISTS: False
[2026-05-28T07:59:45.302+0000] {processor.py:840} INFO - DAG(s) 'merge_all_scrapers' retrieved from /opt/airflow/dags/merge_dag.py
[2026-05-28T07:59:45.546+0000] {logging_mixin.py:188} INFO - [2026-05-28T07:59:45.545+0000] {dag.py:3047} INFO - Sync 1 DAGs
[2026-05-28T07:59:45.721+0000] {logging_mixin.py:188} INFO - [2026-05-28T07:59:45.720+0000] {dag.py:3834} INFO - Setting next_dagrun for merge_all_scrapers to None, run_after=None
[2026-05-28T07:59:46.013+0000] {processor.py:183} INFO - Processing /opt/airflow/dags/merge_dag.py took 1.321 seconds
[2026-05-28T08:00:17.148+0000] {processor.py:161} INFO - Started process (PID=2542) to work on /opt/airflow/dags/merge_dag.py
[2026-05-28T08:00:17.180+0000] {processor.py:830} INFO - Processing file /opt/airflow/dags/merge_dag.py for tasks to queue
[2026-05-28T08:00:17.214+0000] {logging_mixin.py:188} INFO - [2026-05-28T08:00:17.213+0000] {dagbag.py:540} INFO - Filling up the DagBag from /opt/airflow/dags/merge_dag.py
[2026-05-28T08:00:17.768+0000] {logging_mixin.py:188} INFO - DATA_PATH: /opt/airflow/data
[2026-05-28T08:00:17.803+0000] {logging_mixin.py:188} INFO - FILES: ['eu_fsf_sanctions.json', 'final_output.json', 'inegi_playwright.json', 'inegi_scraper.json', 'kaldata.db', 'telegraph.db']
[2026-05-28T08:00:17.823+0000] {logging_mixin.py:188} INFO - LOCK EXISTS: False
[2026-05-28T08:00:17.869+0000] {processor.py:840} INFO - DAG(s) 'merge_all_scrapers' retrieved from /opt/airflow/dags/merge_dag.py
[2026-05-28T08:00:18.045+0000] {logging_mixin.py:188} INFO - [2026-05-28T08:00:18.044+0000] {dag.py:3047} INFO - Sync 1 DAGs
[2026-05-28T08:00:18.152+0000] {logging_mixin.py:188} INFO - [2026-05-28T08:00:18.152+0000] {dag.py:3834} INFO - Setting next_dagrun for merge_all_scrapers to None, run_after=None
[2026-05-28T08:00:18.271+0000] {processor.py:183} INFO - Processing /opt/airflow/dags/merge_dag.py took 1.150 seconds
[2026-05-28T08:00:48.878+0000] {processor.py:161} INFO - Started process (PID=2572) to work on /opt/airflow/dags/merge_dag.py
[2026-05-28T08:00:48.897+0000] {processor.py:830} INFO - Processing file /opt/airflow/dags/merge_dag.py for tasks to queue
[2026-05-28T08:00:48.922+0000] {logging_mixin.py:188} INFO - [2026-05-28T08:00:48.921+0000] {dagbag.py:540} INFO - Filling up the DagBag from /opt/airflow/dags/merge_dag.py
[2026-05-28T08:00:49.079+0000] {logging_mixin.py:188} INFO - DATA_PATH: /opt/airflow/data
[2026-05-28T08:00:49.083+0000] {logging_mixin.py:188} INFO - FILES: ['eu_fsf_sanctions.json', 'final_output.json', 'inegi_playwright.json', 'inegi_scraper.json', 'kaldata.db', 'telegraph.db']
[2026-05-28T08:00:49.085+0000] {logging_mixin.py:188} INFO - LOCK EXISTS: False
[2026-05-28T08:00:49.097+0000] {processor.py:840} INFO - DAG(s) 'merge_all_scrapers' retrieved from /opt/airflow/dags/merge_dag.py
[2026-05-28T08:00:49.164+0000] {logging_mixin.py:188} INFO - [2026-05-28T08:00:49.163+0000] {dag.py:3047} INFO - Sync 1 DAGs
[2026-05-28T08:00:49.200+0000] {logging_mixin.py:188} INFO - [2026-05-28T08:00:49.200+0000] {dag.py:3834} INFO - Setting next_dagrun for merge_all_scrapers to None, run_after=None
[2026-05-28T08:00:49.257+0000] {processor.py:183} INFO - Processing /opt/airflow/dags/merge_dag.py took 0.401 seconds
[2026-05-28T08:01:19.876+0000] {processor.py:161} INFO - Started process (PID=2602) to work on /opt/airflow/dags/merge_dag.py
[2026-05-28T08:01:19.882+0000] {processor.py:830} INFO - Processing file /opt/airflow/dags/merge_dag.py for tasks to queue
[2026-05-28T08:01:19.889+0000] {logging_mixin.py:188} INFO - [2026-05-28T08:01:19.887+0000] {dagbag.py:540} INFO - Filling up the DagBag from /opt/airflow/dags/merge_dag.py
[2026-05-28T08:01:19.945+0000] {logging_mixin.py:188} INFO - DATA_PATH: /opt/airflow/data
[2026-05-28T08:01:19.956+0000] {logging_mixin.py:188} INFO - FILES: ['eu_fsf_sanctions.json', 'final_output.json', 'inegi_playwright.json', 'inegi_scraper.json', 'kaldata.db', 'telegraph.db']
[2026-05-28T08:01:19.958+0000] {logging_mixin.py:188} INFO - LOCK EXISTS: False
[2026-05-28T08:01:19.982+0000] {processor.py:840} INFO - DAG(s) 'merge_all_scrapers' retrieved from /opt/airflow/dags/merge_dag.py
[2026-05-28T08:01:20.113+0000] {logging_mixin.py:188} INFO - [2026-05-28T08:01:20.112+0000] {dag.py:3047} INFO - Sync 1 DAGs
[2026-05-28T08:01:20.186+0000] {logging_mixin.py:188} INFO - [2026-05-28T08:01:20.185+0000] {dag.py:3834} INFO - Setting next_dagrun for merge_all_scrapers to None, run_after=None
[2026-05-28T08:01:20.289+0000] {processor.py:183} INFO - Processing /opt/airflow/dags/merge_dag.py took 0.438 seconds
[2026-05-28T08:01:50.821+0000] {processor.py:161} INFO - Started process (PID=2632) to work on /opt/airflow/dags/merge_dag.py
[2026-05-28T08:01:50.828+0000] {processor.py:830} INFO - Processing file /opt/airflow/dags/merge_dag.py for tasks to queue
[2026-05-28T08:01:50.833+0000] {logging_mixin.py:188} INFO - [2026-05-28T08:01:50.831+0000] {dagbag.py:540} INFO - Filling up the DagBag from /opt/airflow/dags/merge_dag.py
[2026-05-28T08:01:51.114+0000] {logging_mixin.py:188} INFO - DATA_PATH: /opt/airflow/data
[2026-05-28T08:01:51.119+0000] {logging_mixin.py:188} INFO - FILES: ['eu_fsf_sanctions.json', 'final_output.json', 'inegi_playwright.json', 'inegi_scraper.json', 'kaldata.db', 'telegraph.db']
[2026-05-28T08:01:51.120+0000] {logging_mixin.py:188} INFO - LOCK EXISTS: False
[2026-05-28T08:01:51.134+0000] {processor.py:840} INFO - DAG(s) 'merge_all_scrapers' retrieved from /opt/airflow/dags/merge_dag.py
[2026-05-28T08:01:51.209+0000] {logging_mixin.py:188} INFO - [2026-05-28T08:01:51.208+0000] {dag.py:3047} INFO - Sync 1 DAGs
[2026-05-28T08:01:51.245+0000] {logging_mixin.py:188} INFO - [2026-05-28T08:01:51.245+0000] {dag.py:3834} INFO - Setting next_dagrun for merge_all_scrapers to None, run_after=None
[2026-05-28T08:01:51.365+0000] {processor.py:183} INFO - Processing /opt/airflow/dags/merge_dag.py took 0.565 seconds
[2026-05-28T08:02:22.050+0000] {processor.py:161} INFO - Started process (PID=2662) to work on /opt/airflow/dags/merge_dag.py
[2026-05-28T08:02:22.062+0000] {processor.py:830} INFO - Processing file /opt/airflow/dags/merge_dag.py for tasks to queue
[2026-05-28T08:02:22.066+0000] {logging_mixin.py:188} INFO - [2026-05-28T08:02:22.065+0000] {dagbag.py:540} INFO - Filling up the DagBag from /opt/airflow/dags/merge_dag.py
[2026-05-28T08:02:22.102+0000] {logging_mixin.py:188} INFO - DATA_PATH: /opt/airflow/data
[2026-05-28T08:02:22.106+0000] {logging_mixin.py:188} INFO - FILES: ['eu_fsf_sanctions.json', 'final_output.json', 'inegi_playwright.json', 'inegi_scraper.json', 'kaldata.db', 'telegraph.db']
[2026-05-28T08:02:22.108+0000] {logging_mixin.py:188} INFO - LOCK EXISTS: False
[2026-05-28T08:02:22.119+0000] {processor.py:840} INFO - DAG(s) 'merge_all_scrapers' retrieved from /opt/airflow/dags/merge_dag.py
[2026-05-28T08:02:22.201+0000] {logging_mixin.py:188} INFO - [2026-05-28T08:02:22.200+0000] {dag.py:3047} INFO - Sync 1 DAGs
[2026-05-28T08:02:22.236+0000] {logging_mixin.py:188} INFO - [2026-05-28T08:02:22.235+0000] {dag.py:3834} INFO - Setting next_dagrun for merge_all_scrapers to None, run_after=None
[2026-05-28T08:02:22.290+0000] {processor.py:183} INFO - Processing /opt/airflow/dags/merge_dag.py took 0.254 seconds
[2026-05-28T08:02:53.339+0000] {processor.py:161} INFO - Started process (PID=2690) to work on /opt/airflow/dags/merge_dag.py
[2026-05-28T08:02:53.354+0000] {processor.py:830} INFO - Processing file /opt/airflow/dags/merge_dag.py for tasks to queue
[2026-05-28T08:02:53.357+0000] {logging_mixin.py:188} INFO - [2026-05-28T08:02:53.356+0000] {dagbag.py:540} INFO - Filling up the DagBag from /opt/airflow/dags/merge_dag.py
[2026-05-28T08:02:53.457+0000] {logging_mixin.py:188} INFO - DATA_PATH: /opt/airflow/data
[2026-05-28T08:02:53.467+0000] {logging_mixin.py:188} INFO - FILES: ['eu_fsf_sanctions.json', 'final_output.json', 'inegi_playwright.json', 'inegi_scraper.json', 'kaldata.db', 'telegraph.db']
[2026-05-28T08:02:53.474+0000] {logging_mixin.py:188} INFO - LOCK EXISTS: False
[2026-05-28T08:02:53.498+0000] {processor.py:840} INFO - DAG(s) 'merge_all_scrapers' retrieved from /opt/airflow/dags/merge_dag.py
[2026-05-28T08:02:53.780+0000] {logging_mixin.py:188} INFO - [2026-05-28T08:02:53.779+0000] {dag.py:3047} INFO - Sync 1 DAGs
[2026-05-28T08:02:53.929+0000] {logging_mixin.py:188} INFO - [2026-05-28T08:02:53.929+0000] {dag.py:3834} INFO - Setting next_dagrun for merge_all_scrapers to None, run_after=None
[2026-05-28T08:02:54.083+0000] {processor.py:183} INFO - Processing /opt/airflow/dags/merge_dag.py took 0.763 seconds
[2026-05-28T08:03:24.243+0000] {processor.py:161} INFO - Started process (PID=2722) to work on /opt/airflow/dags/merge_dag.py
[2026-05-28T08:03:24.246+0000] {processor.py:830} INFO - Processing file /opt/airflow/dags/merge_dag.py for tasks to queue
[2026-05-28T08:03:24.249+0000] {logging_mixin.py:188} INFO - [2026-05-28T08:03:24.248+0000] {dagbag.py:540} INFO - Filling up the DagBag from /opt/airflow/dags/merge_dag.py
[2026-05-28T08:03:24.283+0000] {logging_mixin.py:188} INFO - DATA_PATH: /opt/airflow/data
[2026-05-28T08:03:24.286+0000] {logging_mixin.py:188} INFO - FILES: ['eu_fsf_sanctions.json', 'final_output.json', 'inegi_playwright.json', 'inegi_scraper.json', 'kaldata.db', 'telegraph.db']
[2026-05-28T08:03:24.288+0000] {logging_mixin.py:188} INFO - LOCK EXISTS: False
[2026-05-28T08:03:24.298+0000] {processor.py:840} INFO - DAG(s) 'merge_all_scrapers' retrieved from /opt/airflow/dags/merge_dag.py
[2026-05-28T08:03:24.374+0000] {logging_mixin.py:188} INFO - [2026-05-28T08:03:24.373+0000] {dag.py:3047} INFO - Sync 1 DAGs
[2026-05-28T08:03:24.413+0000] {logging_mixin.py:188} INFO - [2026-05-28T08:03:24.413+0000] {dag.py:3834} INFO - Setting next_dagrun for merge_all_scrapers to None, run_after=None
[2026-05-28T08:03:24.470+0000] {processor.py:183} INFO - Processing /opt/airflow/dags/merge_dag.py took 0.239 seconds
[2026-05-28T08:03:57.437+0000] {processor.py:161} INFO - Started process (PID=2747) to work on /opt/airflow/dags/merge_dag.py
[2026-05-28T08:03:57.452+0000] {processor.py:830} INFO - Processing file /opt/airflow/dags/merge_dag.py for tasks to queue
[2026-05-28T08:03:57.485+0000] {logging_mixin.py:188} INFO - [2026-05-28T08:03:57.484+0000] {dagbag.py:540} INFO - Filling up the DagBag from /opt/airflow/dags/merge_dag.py
[2026-05-28T08:03:59.165+0000] {logging_mixin.py:188} INFO - DATA_PATH: /opt/airflow/data
[2026-05-28T08:03:59.430+0000] {logging_mixin.py:188} INFO - FILES: ['eu_fsf_sanctions.json', 'final_output.json', 'inegi_playwright.json', 'inegi_scraper.json', 'kaldata.db', 'telegraph.db']
[2026-05-28T08:03:59.523+0000] {logging_mixin.py:188} INFO - LOCK EXISTS: False
[2026-05-28T08:03:59.550+0000] {processor.py:840} INFO - DAG(s) 'merge_all_scrapers' retrieved from /opt/airflow/dags/merge_dag.py
[2026-05-28T08:03:59.760+0000] {logging_mixin.py:188} INFO - [2026-05-28T08:03:59.759+0000] {dag.py:3047} INFO - Sync 1 DAGs
[2026-05-28T08:03:59.896+0000] {logging_mixin.py:188} INFO - [2026-05-28T08:03:59.895+0000] {dag.py:3834} INFO - Setting next_dagrun for merge_all_scrapers to None, run_after=None
[2026-05-28T08:04:00.162+0000] {processor.py:183} INFO - Processing /opt/airflow/dags/merge_dag.py took 2.745 seconds
[2026-05-28T08:04:31.370+0000] {processor.py:161} INFO - Started process (PID=2782) to work on /opt/airflow/dags/merge_dag.py
[2026-05-28T08:04:31.376+0000] {processor.py:830} INFO - Processing file /opt/airflow/dags/merge_dag.py for tasks to queue
[2026-05-28T08:04:31.392+0000] {logging_mixin.py:188} INFO - [2026-05-28T08:04:31.391+0000] {dagbag.py:540} INFO - Filling up the DagBag from /opt/airflow/dags/merge_dag.py
[2026-05-28T08:04:31.496+0000] {logging_mixin.py:188} INFO - DATA_PATH: /opt/airflow/data
[2026-05-28T08:04:31.501+0000] {logging_mixin.py:188} INFO - FILES: ['eu_fsf_sanctions.json', 'final_output.json', 'inegi_playwright.json', 'inegi_scraper.json', 'kaldata.db', 'telegraph.db']
[2026-05-28T08:04:31.504+0000] {logging_mixin.py:188} INFO - LOCK EXISTS: False
[2026-05-28T08:04:31.536+0000] {processor.py:840} INFO - DAG(s) 'merge_all_scrapers' retrieved from /opt/airflow/dags/merge_dag.py
[2026-05-28T08:04:31.885+0000] {logging_mixin.py:188} INFO - [2026-05-28T08:04:31.884+0000] {dag.py:3047} INFO - Sync 1 DAGs
[2026-05-28T08:04:32.166+0000] {logging_mixin.py:188} INFO - [2026-05-28T08:04:32.165+0000] {dag.py:3834} INFO - Setting next_dagrun for merge_all_scrapers to None, run_after=None
[2026-05-28T08:04:32.244+0000] {processor.py:183} INFO - Processing /opt/airflow/dags/merge_dag.py took 0.890 seconds
[2026-05-28T08:05:03.449+0000] {processor.py:161} INFO - Started process (PID=2812) to work on /opt/airflow/dags/merge_dag.py
[2026-05-28T08:05:03.453+0000] {processor.py:830} INFO - Processing file /opt/airflow/dags/merge_dag.py for tasks to queue
[2026-05-28T08:05:03.457+0000] {logging_mixin.py:188} INFO - [2026-05-28T08:05:03.455+0000] {dagbag.py:540} INFO - Filling up the DagBag from /opt/airflow/dags/merge_dag.py
[2026-05-28T08:05:03.516+0000] {logging_mixin.py:188} INFO - DATA_PATH: /opt/airflow/data
[2026-05-28T08:05:03.523+0000] {logging_mixin.py:188} INFO - FILES: ['eu_fsf_sanctions.json', 'final_output.json', 'inegi_playwright.json', 'inegi_scraper.json', 'kaldata.db', 'telegraph.db']
[2026-05-28T08:05:03.525+0000] {logging_mixin.py:188} INFO - LOCK EXISTS: False
[2026-05-28T08:05:03.537+0000] {processor.py:840} INFO - DAG(s) 'merge_all_scrapers' retrieved from /opt/airflow/dags/merge_dag.py
[2026-05-28T08:05:03.614+0000] {logging_mixin.py:188} INFO - [2026-05-28T08:05:03.613+0000] {dag.py:3047} INFO - Sync 1 DAGs
[2026-05-28T08:05:03.665+0000] {logging_mixin.py:188} INFO - [2026-05-28T08:05:03.664+0000] {dag.py:3834} INFO - Setting next_dagrun for merge_all_scrapers to None, run_after=None
[2026-05-28T08:05:03.739+0000] {processor.py:183} INFO - Processing /opt/airflow/dags/merge_dag.py took 0.307 seconds
[2026-05-28T08:05:34.035+0000] {processor.py:161} INFO - Started process (PID=2840) to work on /opt/airflow/dags/merge_dag.py
[2026-05-28T08:05:34.041+0000] {processor.py:830} INFO - Processing file /opt/airflow/dags/merge_dag.py for tasks to queue
[2026-05-28T08:05:34.046+0000] {logging_mixin.py:188} INFO - [2026-05-28T08:05:34.043+0000] {dagbag.py:540} INFO - Filling up the DagBag from /opt/airflow/dags/merge_dag.py
[2026-05-28T08:05:34.092+0000] {logging_mixin.py:188} INFO - DATA_PATH: /opt/airflow/data
[2026-05-28T08:05:34.096+0000] {logging_mixin.py:188} INFO - FILES: ['eu_fsf_sanctions.json', 'final_output.json', 'inegi_playwright.json', 'inegi_scraper.json', 'kaldata.db', 'telegraph.db']
[2026-05-28T08:05:34.098+0000] {logging_mixin.py:188} INFO - LOCK EXISTS: False
[2026-05-28T08:05:34.111+0000] {processor.py:840} INFO - DAG(s) 'merge_all_scrapers' retrieved from /opt/airflow/dags/merge_dag.py
[2026-05-28T08:05:34.200+0000] {logging_mixin.py:188} INFO - [2026-05-28T08:05:34.199+0000] {dag.py:3047} INFO - Sync 1 DAGs
[2026-05-28T08:05:34.254+0000] {logging_mixin.py:188} INFO - [2026-05-28T08:05:34.254+0000] {dag.py:3834} INFO - Setting next_dagrun for merge_all_scrapers to None, run_after=None
[2026-05-28T08:05:34.351+0000] {processor.py:183} INFO - Processing /opt/airflow/dags/merge_dag.py took 0.342 seconds
[2026-05-28T08:06:12.445+0000] {processor.py:161} INFO - Started process (PID=2867) to work on /opt/airflow/dags/merge_dag.py
[2026-05-28T08:06:12.494+0000] {processor.py:830} INFO - Processing file /opt/airflow/dags/merge_dag.py for tasks to queue
[2026-05-28T08:06:12.522+0000] {logging_mixin.py:188} INFO - [2026-05-28T08:06:12.509+0000] {dagbag.py:540} INFO - Filling up the DagBag from /opt/airflow/dags/merge_dag.py
[2026-05-28T08:06:13.073+0000] {logging_mixin.py:188} INFO - DATA_PATH: /opt/airflow/data
[2026-05-28T08:06:13.101+0000] {logging_mixin.py:188} INFO - FILES: ['eu_fsf_sanctions.json', 'final_output.json', 'inegi_playwright.json', 'inegi_scraper.json', 'kaldata.db', 'telegraph.db']
[2026-05-28T08:06:13.116+0000] {logging_mixin.py:188} INFO - LOCK EXISTS: False
[2026-05-28T08:06:13.149+0000] {processor.py:840} INFO - DAG(s) 'merge_all_scrapers' retrieved from /opt/airflow/dags/merge_dag.py
[2026-05-28T08:06:13.404+0000] {logging_mixin.py:188} INFO - [2026-05-28T08:06:13.403+0000] {dag.py:3047} INFO - Sync 1 DAGs
[2026-05-28T08:06:13.617+0000] {logging_mixin.py:188} INFO - [2026-05-28T08:06:13.616+0000] {dag.py:3834} INFO - Setting next_dagrun for merge_all_scrapers to None, run_after=None
[2026-05-28T08:06:13.924+0000] {processor.py:183} INFO - Processing /opt/airflow/dags/merge_dag.py took 1.600 seconds
[2026-05-28T08:06:44.523+0000] {processor.py:161} INFO - Started process (PID=2897) to work on /opt/airflow/dags/merge_dag.py
[2026-05-28T08:06:44.526+0000] {processor.py:830} INFO - Processing file /opt/airflow/dags/merge_dag.py for tasks to queue
[2026-05-28T08:06:44.530+0000] {logging_mixin.py:188} INFO - [2026-05-28T08:06:44.529+0000] {dagbag.py:540} INFO - Filling up the DagBag from /opt/airflow/dags/merge_dag.py
[2026-05-28T08:06:44.562+0000] {logging_mixin.py:188} INFO - DATA_PATH: /opt/airflow/data
[2026-05-28T08:06:44.565+0000] {logging_mixin.py:188} INFO - FILES: ['eu_fsf_sanctions.json', 'final_output.json', 'inegi_playwright.json', 'inegi_scraper.json', 'kaldata.db', 'telegraph.db']
[2026-05-28T08:06:44.567+0000] {logging_mixin.py:188} INFO - LOCK EXISTS: False
[2026-05-28T08:06:44.577+0000] {processor.py:840} INFO - DAG(s) 'merge_all_scrapers' retrieved from /opt/airflow/dags/merge_dag.py
[2026-05-28T08:06:44.655+0000] {logging_mixin.py:188} INFO - [2026-05-28T08:06:44.654+0000] {dag.py:3047} INFO - Sync 1 DAGs
[2026-05-28T08:06:44.692+0000] {logging_mixin.py:188} INFO - [2026-05-28T08:06:44.691+0000] {dag.py:3834} INFO - Setting next_dagrun for merge_all_scrapers to None, run_after=None
[2026-05-28T08:06:44.756+0000] {processor.py:183} INFO - Processing /opt/airflow/dags/merge_dag.py took 0.245 seconds
[2026-05-28T08:07:15.732+0000] {processor.py:161} INFO - Started process (PID=2927) to work on /opt/airflow/dags/merge_dag.py
[2026-05-28T08:07:15.748+0000] {processor.py:830} INFO - Processing file /opt/airflow/dags/merge_dag.py for tasks to queue
[2026-05-28T08:07:15.752+0000] {logging_mixin.py:188} INFO - [2026-05-28T08:07:15.751+0000] {dagbag.py:540} INFO - Filling up the DagBag from /opt/airflow/dags/merge_dag.py
[2026-05-28T08:07:15.832+0000] {logging_mixin.py:188} INFO - DATA_PATH: /opt/airflow/data
[2026-05-28T08:07:15.847+0000] {logging_mixin.py:188} INFO - FILES: ['eu_fsf_sanctions.json', 'final_output.json', 'inegi_playwright.json', 'inegi_scraper.json', 'kaldata.db', 'telegraph.db']
[2026-05-28T08:07:15.849+0000] {logging_mixin.py:188} INFO - LOCK EXISTS: False
[2026-05-28T08:07:15.892+0000] {processor.py:840} INFO - DAG(s) 'merge_all_scrapers' retrieved from /opt/airflow/dags/merge_dag.py
[2026-05-28T08:07:16.325+0000] {logging_mixin.py:188} INFO - [2026-05-28T08:07:16.324+0000] {dag.py:3047} INFO - Sync 1 DAGs
[2026-05-28T08:07:16.458+0000] {logging_mixin.py:188} INFO - [2026-05-28T08:07:16.458+0000] {dag.py:3834} INFO - Setting next_dagrun for merge_all_scrapers to None, run_after=None
[2026-05-28T08:07:16.743+0000] {processor.py:183} INFO - Processing /opt/airflow/dags/merge_dag.py took 1.046 seconds
[2026-05-28T08:07:49.875+0000] {processor.py:161} INFO - Started process (PID=2957) to work on /opt/airflow/dags/merge_dag.py
[2026-05-28T08:07:49.878+0000] {processor.py:830} INFO - Processing file /opt/airflow/dags/merge_dag.py for tasks to queue
[2026-05-28T08:07:49.882+0000] {logging_mixin.py:188} INFO - [2026-05-28T08:07:49.881+0000] {dagbag.py:540} INFO - Filling up the DagBag from /opt/airflow/dags/merge_dag.py
[2026-05-28T08:07:49.926+0000] {logging_mixin.py:188} INFO - DATA_PATH: /opt/airflow/data
[2026-05-28T08:07:49.932+0000] {logging_mixin.py:188} INFO - FILES: ['eu_fsf_sanctions.json', 'final_output.json', 'inegi_playwright.json', 'inegi_scraper.json', 'kaldata.db', 'telegraph.db']
[2026-05-28T08:07:49.934+0000] {logging_mixin.py:188} INFO - LOCK EXISTS: False
[2026-05-28T08:07:49.948+0000] {processor.py:840} INFO - DAG(s) 'merge_all_scrapers' retrieved from /opt/airflow/dags/merge_dag.py
[2026-05-28T08:07:50.071+0000] {logging_mixin.py:188} INFO - [2026-05-28T08:07:50.070+0000] {dag.py:3047} INFO - Sync 1 DAGs
[2026-05-28T08:07:50.112+0000] {logging_mixin.py:188} INFO - [2026-05-28T08:07:50.111+0000] {dag.py:3834} INFO - Setting next_dagrun for merge_all_scrapers to None, run_after=None
[2026-05-28T08:07:50.182+0000] {processor.py:183} INFO - Processing /opt/airflow/dags/merge_dag.py took 0.320 seconds
[2026-05-28T08:08:20.963+0000] {processor.py:161} INFO - Started process (PID=2987) to work on /opt/airflow/dags/merge_dag.py
[2026-05-28T08:08:20.969+0000] {processor.py:830} INFO - Processing file /opt/airflow/dags/merge_dag.py for tasks to queue
[2026-05-28T08:08:20.973+0000] {logging_mixin.py:188} INFO - [2026-05-28T08:08:20.972+0000] {dagbag.py:540} INFO - Filling up the DagBag from /opt/airflow/dags/merge_dag.py
[2026-05-28T08:08:21.016+0000] {logging_mixin.py:188} INFO - DATA_PATH: /opt/airflow/data
[2026-05-28T08:08:21.020+0000] {logging_mixin.py:188} INFO - FILES: ['eu_fsf_sanctions.json', 'final_output.json', 'inegi_playwright.json', 'inegi_scraper.json', 'kaldata.db', 'telegraph.db']
[2026-05-28T08:08:21.022+0000] {logging_mixin.py:188} INFO - LOCK EXISTS: False
[2026-05-28T08:08:21.037+0000] {processor.py:840} INFO - DAG(s) 'merge_all_scrapers' retrieved from /opt/airflow/dags/merge_dag.py
[2026-05-28T08:08:21.131+0000] {logging_mixin.py:188} INFO - [2026-05-28T08:08:21.130+0000] {dag.py:3047} INFO - Sync 1 DAGs
[2026-05-28T08:08:21.176+0000] {logging_mixin.py:188} INFO - [2026-05-28T08:08:21.175+0000] {dag.py:3834} INFO - Setting next_dagrun for merge_all_scrapers to None, run_after=None
[2026-05-28T08:08:21.334+0000] {processor.py:183} INFO - Processing /opt/airflow/dags/merge_dag.py took 0.386 seconds
[2026-05-28T08:08:52.367+0000] {processor.py:161} INFO - Started process (PID=3017) to work on /opt/airflow/dags/merge_dag.py
[2026-05-28T08:08:52.384+0000] {processor.py:830} INFO - Processing file /opt/airflow/dags/merge_dag.py for tasks to queue
[2026-05-28T08:08:52.387+0000] {logging_mixin.py:188} INFO - [2026-05-28T08:08:52.386+0000] {dagbag.py:540} INFO - Filling up the DagBag from /opt/airflow/dags/merge_dag.py
[2026-05-28T08:08:52.927+0000] {logging_mixin.py:188} INFO - DATA_PATH: /opt/airflow/data
[2026-05-28T08:08:53.071+0000] {logging_mixin.py:188} INFO - FILES: ['eu_fsf_sanctions.json', 'final_output.json', 'inegi_playwright.json', 'inegi_scraper.json', 'kaldata.db', 'telegraph.db']
[2026-05-28T08:08:53.117+0000] {logging_mixin.py:188} INFO - LOCK EXISTS: False
[2026-05-28T08:08:53.245+0000] {processor.py:840} INFO - DAG(s) 'merge_all_scrapers' retrieved from /opt/airflow/dags/merge_dag.py
[2026-05-28T08:08:53.556+0000] {logging_mixin.py:188} INFO - [2026-05-28T08:08:53.554+0000] {dag.py:3047} INFO - Sync 1 DAGs
[2026-05-28T08:08:53.783+0000] {logging_mixin.py:188} INFO - [2026-05-28T08:08:53.782+0000] {dag.py:3834} INFO - Setting next_dagrun for merge_all_scrapers to None, run_after=None
[2026-05-28T08:08:53.945+0000] {processor.py:183} INFO - Processing /opt/airflow/dags/merge_dag.py took 1.613 seconds
[2026-05-28T08:09:27.209+0000] {processor.py:161} INFO - Started process (PID=3047) to work on /opt/airflow/dags/merge_dag.py
[2026-05-28T08:09:27.225+0000] {processor.py:830} INFO - Processing file /opt/airflow/dags/merge_dag.py for tasks to queue
[2026-05-28T08:09:27.240+0000] {logging_mixin.py:188} INFO - [2026-05-28T08:09:27.239+0000] {dagbag.py:540} INFO - Filling up the DagBag from /opt/airflow/dags/merge_dag.py
[2026-05-28T08:09:28.812+0000] {logging_mixin.py:188} INFO - DATA_PATH: /opt/airflow/data
[2026-05-28T08:09:28.961+0000] {logging_mixin.py:188} INFO - FILES: ['eu_fsf_sanctions.json', 'final_output.json', 'inegi_playwright.json', 'inegi_scraper.json', 'kaldata.db', 'telegraph.db']
[2026-05-28T08:09:29.014+0000] {logging_mixin.py:188} INFO - LOCK EXISTS: False
[2026-05-28T08:09:29.065+0000] {processor.py:840} INFO - DAG(s) 'merge_all_scrapers' retrieved from /opt/airflow/dags/merge_dag.py
[2026-05-28T08:09:29.344+0000] {logging_mixin.py:188} INFO - [2026-05-28T08:09:29.332+0000] {dag.py:3047} INFO - Sync 1 DAGs
[2026-05-28T08:09:29.580+0000] {logging_mixin.py:188} INFO - [2026-05-28T08:09:29.580+0000] {dag.py:3834} INFO - Setting next_dagrun for merge_all_scrapers to None, run_after=None
[2026-05-28T08:09:29.770+0000] {processor.py:183} INFO - Processing /opt/airflow/dags/merge_dag.py took 2.607 seconds
[2026-05-28T08:10:05.909+0000] {processor.py:161} INFO - Started process (PID=3077) to work on /opt/airflow/dags/merge_dag.py
[2026-05-28T08:10:05.956+0000] {processor.py:830} INFO - Processing file /opt/airflow/dags/merge_dag.py for tasks to queue
[2026-05-28T08:10:05.967+0000] {logging_mixin.py:188} INFO - [2026-05-28T08:10:05.966+0000] {dagbag.py:540} INFO - Filling up the DagBag from /opt/airflow/dags/merge_dag.py
[2026-05-28T08:10:06.359+0000] {logging_mixin.py:188} INFO - DATA_PATH: /opt/airflow/data
[2026-05-28T08:10:06.373+0000] {logging_mixin.py:188} INFO - FILES: ['eu_fsf_sanctions.json', 'final_output.json', 'inegi_playwright.json', 'inegi_scraper.json', 'kaldata.db', 'telegraph.db']
[2026-05-28T08:10:06.377+0000] {logging_mixin.py:188} INFO - LOCK EXISTS: False
[2026-05-28T08:10:06.405+0000] {processor.py:840} INFO - DAG(s) 'merge_all_scrapers' retrieved from /opt/airflow/dags/merge_dag.py
[2026-05-28T08:10:06.647+0000] {logging_mixin.py:188} INFO - [2026-05-28T08:10:06.635+0000] {dag.py:3047} INFO - Sync 1 DAGs
[2026-05-28T08:10:06.765+0000] {logging_mixin.py:188} INFO - [2026-05-28T08:10:06.764+0000] {dag.py:3834} INFO - Setting next_dagrun for merge_all_scrapers to None, run_after=None
[2026-05-28T08:10:07.060+0000] {processor.py:183} INFO - Processing /opt/airflow/dags/merge_dag.py took 1.180 seconds
[2026-05-28T08:10:38.704+0000] {processor.py:161} INFO - Started process (PID=3107) to work on /opt/airflow/dags/merge_dag.py
[2026-05-28T08:10:38.718+0000] {processor.py:830} INFO - Processing file /opt/airflow/dags/merge_dag.py for tasks to queue
[2026-05-28T08:10:38.726+0000] {logging_mixin.py:188} INFO - [2026-05-28T08:10:38.723+0000] {dagbag.py:540} INFO - Filling up the DagBag from /opt/airflow/dags/merge_dag.py
[2026-05-28T08:10:38.782+0000] {logging_mixin.py:188} INFO - DATA_PATH: /opt/airflow/data
[2026-05-28T08:10:38.788+0000] {logging_mixin.py:188} INFO - FILES: ['eu_fsf_sanctions.json', 'final_output.json', 'inegi_playwright.json', 'inegi_scraper.json', 'kaldata.db', 'telegraph.db']
[2026-05-28T08:10:38.791+0000] {logging_mixin.py:188} INFO - LOCK EXISTS: False
[2026-05-28T08:10:38.805+0000] {processor.py:840} INFO - DAG(s) 'merge_all_scrapers' retrieved from /opt/airflow/dags/merge_dag.py
[2026-05-28T08:10:39.023+0000] {logging_mixin.py:188} INFO - [2026-05-28T08:10:39.022+0000] {dag.py:3047} INFO - Sync 1 DAGs
[2026-05-28T08:10:39.277+0000] {logging_mixin.py:188} INFO - [2026-05-28T08:10:39.277+0000] {dag.py:3834} INFO - Setting next_dagrun for merge_all_scrapers to None, run_after=None
[2026-05-28T08:10:40.727+0000] {processor.py:183} INFO - Processing /opt/airflow/dags/merge_dag.py took 2.057 seconds
[2026-05-28T08:11:15.119+0000] {processor.py:161} INFO - Started process (PID=3137) to work on /opt/airflow/dags/merge_dag.py
[2026-05-28T08:11:15.122+0000] {processor.py:830} INFO - Processing file /opt/airflow/dags/merge_dag.py for tasks to queue
[2026-05-28T08:11:15.126+0000] {logging_mixin.py:188} INFO - [2026-05-28T08:11:15.125+0000] {dagbag.py:540} INFO - Filling up the DagBag from /opt/airflow/dags/merge_dag.py
[2026-05-28T08:11:15.170+0000] {logging_mixin.py:188} INFO - DATA_PATH: /opt/airflow/data
[2026-05-28T08:11:15.175+0000] {logging_mixin.py:188} INFO - FILES: ['eu_fsf_sanctions.json', 'final_output.json', 'inegi_playwright.json', 'inegi_scraper.json', 'kaldata.db', 'telegraph.db']
[2026-05-28T08:11:15.177+0000] {logging_mixin.py:188} INFO - LOCK EXISTS: False
[2026-05-28T08:11:15.214+0000] {processor.py:840} INFO - DAG(s) 'merge_all_scrapers' retrieved from /opt/airflow/dags/merge_dag.py
[2026-05-28T08:11:15.443+0000] {logging_mixin.py:188} INFO - [2026-05-28T08:11:15.432+0000] {dag.py:3047} INFO - Sync 1 DAGs
[2026-05-28T08:11:15.558+0000] {logging_mixin.py:188} INFO - [2026-05-28T08:11:15.557+0000] {dag.py:3834} INFO - Setting next_dagrun for merge_all_scrapers to None, run_after=None
[2026-05-28T08:11:15.784+0000] {processor.py:183} INFO - Processing /opt/airflow/dags/merge_dag.py took 0.676 seconds
[2026-05-28T08:11:47.100+0000] {processor.py:161} INFO - Started process (PID=3167) to work on /opt/airflow/dags/merge_dag.py
[2026-05-28T08:11:47.111+0000] {processor.py:830} INFO - Processing file /opt/airflow/dags/merge_dag.py for tasks to queue
[2026-05-28T08:11:47.132+0000] {logging_mixin.py:188} INFO - [2026-05-28T08:11:47.131+0000] {dagbag.py:540} INFO - Filling up the DagBag from /opt/airflow/dags/merge_dag.py
[2026-05-28T08:11:47.326+0000] {logging_mixin.py:188} INFO - DATA_PATH: /opt/airflow/data
[2026-05-28T08:11:47.335+0000] {logging_mixin.py:188} INFO - FILES: ['eu_fsf_sanctions.json', 'final_output.json', 'inegi_playwright.json', 'inegi_scraper.json', 'kaldata.db', 'telegraph.db']
[2026-05-28T08:11:47.337+0000] {logging_mixin.py:188} INFO - LOCK EXISTS: False
[2026-05-28T08:11:47.374+0000] {processor.py:840} INFO - DAG(s) 'merge_all_scrapers' retrieved from /opt/airflow/dags/merge_dag.py
[2026-05-28T08:11:47.542+0000] {logging_mixin.py:188} INFO - [2026-05-28T08:11:47.530+0000] {dag.py:3047} INFO - Sync 1 DAGs
[2026-05-28T08:11:47.663+0000] {logging_mixin.py:188} INFO - [2026-05-28T08:11:47.662+0000] {dag.py:3834} INFO - Setting next_dagrun for merge_all_scrapers to None, run_after=None
[2026-05-28T08:11:47.909+0000] {processor.py:183} INFO - Processing /opt/airflow/dags/merge_dag.py took 0.829 seconds
[2026-05-28T08:12:23.240+0000] {processor.py:161} INFO - Started process (PID=3197) to work on /opt/airflow/dags/merge_dag.py
[2026-05-28T08:12:23.255+0000] {processor.py:830} INFO - Processing file /opt/airflow/dags/merge_dag.py for tasks to queue
[2026-05-28T08:12:23.265+0000] {logging_mixin.py:188} INFO - [2026-05-28T08:12:23.264+0000] {dagbag.py:540} INFO - Filling up the DagBag from /opt/airflow/dags/merge_dag.py
[2026-05-28T08:12:23.379+0000] {logging_mixin.py:188} INFO - DATA_PATH: /opt/airflow/data
[2026-05-28T08:12:23.394+0000] {logging_mixin.py:188} INFO - FILES: ['eu_fsf_sanctions.json', 'final_output.json', 'inegi_playwright.json', 'inegi_scraper.json', 'kaldata.db', 'telegraph.db']
[2026-05-28T08:12:23.409+0000] {logging_mixin.py:188} INFO - LOCK EXISTS: False
[2026-05-28T08:12:23.445+0000] {processor.py:840} INFO - DAG(s) 'merge_all_scrapers' retrieved from /opt/airflow/dags/merge_dag.py
[2026-05-28T08:12:23.684+0000] {logging_mixin.py:188} INFO - [2026-05-28T08:12:23.683+0000] {dag.py:3047} INFO - Sync 1 DAGs
[2026-05-28T08:12:23.832+0000] {logging_mixin.py:188} INFO - [2026-05-28T08:12:23.832+0000] {dag.py:3834} INFO - Setting next_dagrun for merge_all_scrapers to None, run_after=None
[2026-05-28T08:12:24.401+0000] {processor.py:183} INFO - Processing /opt/airflow/dags/merge_dag.py took 1.193 seconds
[2026-05-28T08:12:56.086+0000] {processor.py:161} INFO - Started process (PID=3227) to work on /opt/airflow/dags/merge_dag.py
[2026-05-28T08:12:56.092+0000] {processor.py:830} INFO - Processing file /opt/airflow/dags/merge_dag.py for tasks to queue
[2026-05-28T08:12:56.105+0000] {logging_mixin.py:188} INFO - [2026-05-28T08:12:56.104+0000] {dagbag.py:540} INFO - Filling up the DagBag from /opt/airflow/dags/merge_dag.py
[2026-05-28T08:12:56.574+0000] {logging_mixin.py:188} INFO - DATA_PATH: /opt/airflow/data
[2026-05-28T08:12:56.626+0000] {logging_mixin.py:188} INFO - FILES: ['eu_fsf_sanctions.json', 'final_output.json', 'inegi_playwright.json', 'inegi_scraper.json', 'kaldata.db', 'telegraph.db']
[2026-05-28T08:12:56.660+0000] {logging_mixin.py:188} INFO - LOCK EXISTS: False
[2026-05-28T08:12:56.691+0000] {processor.py:840} INFO - DAG(s) 'merge_all_scrapers' retrieved from /opt/airflow/dags/merge_dag.py
[2026-05-28T08:12:56.934+0000] {logging_mixin.py:188} INFO - [2026-05-28T08:12:56.933+0000] {dag.py:3047} INFO - Sync 1 DAGs
[2026-05-28T08:12:57.127+0000] {logging_mixin.py:188} INFO - [2026-05-28T08:12:57.126+0000] {dag.py:3834} INFO - Setting next_dagrun for merge_all_scrapers to None, run_after=None
[2026-05-28T08:12:57.637+0000] {processor.py:183} INFO - Processing /opt/airflow/dags/merge_dag.py took 1.580 seconds
[2026-05-28T08:13:28.199+0000] {processor.py:161} INFO - Started process (PID=3257) to work on /opt/airflow/dags/merge_dag.py
[2026-05-28T08:13:28.203+0000] {processor.py:830} INFO - Processing file /opt/airflow/dags/merge_dag.py for tasks to queue
[2026-05-28T08:13:28.208+0000] {logging_mixin.py:188} INFO - [2026-05-28T08:13:28.207+0000] {dagbag.py:540} INFO - Filling up the DagBag from /opt/airflow/dags/merge_dag.py
[2026-05-28T08:13:28.261+0000] {logging_mixin.py:188} INFO - DATA_PATH: /opt/airflow/data
[2026-05-28T08:13:28.267+0000] {logging_mixin.py:188} INFO - FILES: ['eu_fsf_sanctions.json', 'final_output.json', 'inegi_playwright.json', 'inegi_scraper.json', 'kaldata.db', 'telegraph.db']
[2026-05-28T08:13:28.269+0000] {logging_mixin.py:188} INFO - LOCK EXISTS: False
[2026-05-28T08:13:28.290+0000] {processor.py:840} INFO - DAG(s) 'merge_all_scrapers' retrieved from /opt/airflow/dags/merge_dag.py
[2026-05-28T08:13:28.384+0000] {logging_mixin.py:188} INFO - [2026-05-28T08:13:28.383+0000] {dag.py:3047} INFO - Sync 1 DAGs
[2026-05-28T08:13:28.425+0000] {logging_mixin.py:188} INFO - [2026-05-28T08:13:28.424+0000] {dag.py:3834} INFO - Setting next_dagrun for merge_all_scrapers to None, run_after=None
[2026-05-28T08:13:28.486+0000] {processor.py:183} INFO - Processing /opt/airflow/dags/merge_dag.py took 0.305 seconds
[2026-05-28T08:13:59.328+0000] {processor.py:161} INFO - Started process (PID=3287) to work on /opt/airflow/dags/merge_dag.py
[2026-05-28T08:13:59.360+0000] {processor.py:830} INFO - Processing file /opt/airflow/dags/merge_dag.py for tasks to queue
[2026-05-28T08:13:59.537+0000] {logging_mixin.py:188} INFO - [2026-05-28T08:13:59.536+0000] {dagbag.py:540} INFO - Filling up the DagBag from /opt/airflow/dags/merge_dag.py
[2026-05-28T08:14:01.323+0000] {logging_mixin.py:188} INFO - DATA_PATH: /opt/airflow/data
[2026-05-28T08:14:03.390+0000] {logging_mixin.py:188} INFO - FILES: ['eu_fsf_sanctions.json', 'final_output.json', 'inegi_playwright.json', 'inegi_scraper.json', 'kaldata.db', 'telegraph.db']
[2026-05-28T08:14:03.441+0000] {logging_mixin.py:188} INFO - LOCK EXISTS: False
[2026-05-28T08:14:03.518+0000] {processor.py:840} INFO - DAG(s) 'merge_all_scrapers' retrieved from /opt/airflow/dags/merge_dag.py
[2026-05-28T08:14:03.878+0000] {logging_mixin.py:188} INFO - [2026-05-28T08:14:03.877+0000] {dag.py:3047} INFO - Sync 1 DAGs
[2026-05-28T08:14:04.008+0000] {logging_mixin.py:188} INFO - [2026-05-28T08:14:04.008+0000] {dag.py:3834} INFO - Setting next_dagrun for merge_all_scrapers to None, run_after=None
[2026-05-28T08:14:04.274+0000] {processor.py:183} INFO - Processing /opt/airflow/dags/merge_dag.py took 5.059 seconds
[2026-05-28T08:14:35.452+0000] {processor.py:161} INFO - Started process (PID=3317) to work on /opt/airflow/dags/merge_dag.py
[2026-05-28T08:14:35.456+0000] {processor.py:830} INFO - Processing file /opt/airflow/dags/merge_dag.py for tasks to queue
[2026-05-28T08:14:35.459+0000] {logging_mixin.py:188} INFO - [2026-05-28T08:14:35.458+0000] {dagbag.py:540} INFO - Filling up the DagBag from /opt/airflow/dags/merge_dag.py
[2026-05-28T08:14:35.525+0000] {logging_mixin.py:188} INFO - DATA_PATH: /opt/airflow/data
[2026-05-28T08:14:35.531+0000] {logging_mixin.py:188} INFO - FILES: ['eu_fsf_sanctions.json', 'final_output.json', 'inegi_playwright.json', 'inegi_scraper.json', 'kaldata.db', 'telegraph.db']
[2026-05-28T08:14:35.533+0000] {logging_mixin.py:188} INFO - LOCK EXISTS: False
[2026-05-28T08:14:35.545+0000] {processor.py:840} INFO - DAG(s) 'merge_all_scrapers' retrieved from /opt/airflow/dags/merge_dag.py
[2026-05-28T08:14:35.674+0000] {logging_mixin.py:188} INFO - [2026-05-28T08:14:35.673+0000] {dag.py:3047} INFO - Sync 1 DAGs
[2026-05-28T08:14:35.718+0000] {logging_mixin.py:188} INFO - [2026-05-28T08:14:35.717+0000] {dag.py:3834} INFO - Setting next_dagrun for merge_all_scrapers to None, run_after=None
[2026-05-28T08:14:35.778+0000] {processor.py:183} INFO - Processing /opt/airflow/dags/merge_dag.py took 0.345 seconds
[2026-05-28T08:15:11.139+0000] {processor.py:161} INFO - Started process (PID=3347) to work on /opt/airflow/dags/merge_dag.py
[2026-05-28T08:15:11.170+0000] {processor.py:830} INFO - Processing file /opt/airflow/dags/merge_dag.py for tasks to queue
[2026-05-28T08:15:11.185+0000] {logging_mixin.py:188} INFO - [2026-05-28T08:15:11.184+0000] {dagbag.py:540} INFO - Filling up the DagBag from /opt/airflow/dags/merge_dag.py
[2026-05-28T08:15:11.335+0000] {logging_mixin.py:188} INFO - DATA_PATH: /opt/airflow/data
[2026-05-28T08:15:11.339+0000] {logging_mixin.py:188} INFO - FILES: ['eu_fsf_sanctions.json', 'final_output.json', 'inegi_playwright.json', 'inegi_scraper.json', 'kaldata.db', 'telegraph.db']
[2026-05-28T08:15:11.350+0000] {logging_mixin.py:188} INFO - LOCK EXISTS: False
[2026-05-28T08:15:11.383+0000] {processor.py:840} INFO - DAG(s) 'merge_all_scrapers' retrieved from /opt/airflow/dags/merge_dag.py
[2026-05-28T08:15:11.632+0000] {logging_mixin.py:188} INFO - [2026-05-28T08:15:11.631+0000] {dag.py:3047} INFO - Sync 1 DAGs
[2026-05-28T08:15:11.706+0000] {logging_mixin.py:188} INFO - [2026-05-28T08:15:11.705+0000] {dag.py:3834} INFO - Setting next_dagrun for merge_all_scrapers to None, run_after=None
[2026-05-28T08:15:11.868+0000] {processor.py:183} INFO - Processing /opt/airflow/dags/merge_dag.py took 0.794 seconds
[2026-05-28T08:15:42.249+0000] {processor.py:161} INFO - Started process (PID=3377) to work on /opt/airflow/dags/merge_dag.py
[2026-05-28T08:15:42.253+0000] {processor.py:830} INFO - Processing file /opt/airflow/dags/merge_dag.py for tasks to queue
[2026-05-28T08:15:42.256+0000] {logging_mixin.py:188} INFO - [2026-05-28T08:15:42.255+0000] {dagbag.py:540} INFO - Filling up the DagBag from /opt/airflow/dags/merge_dag.py
[2026-05-28T08:15:42.288+0000] {logging_mixin.py:188} INFO - DATA_PATH: /opt/airflow/data
[2026-05-28T08:15:42.292+0000] {logging_mixin.py:188} INFO - FILES: ['eu_fsf_sanctions.json', 'final_output.json', 'inegi_playwright.json', 'inegi_scraper.json', 'kaldata.db', 'telegraph.db']
[2026-05-28T08:15:42.294+0000] {logging_mixin.py:188} INFO - LOCK EXISTS: False
[2026-05-28T08:15:42.304+0000] {processor.py:840} INFO - DAG(s) 'merge_all_scrapers' retrieved from /opt/airflow/dags/merge_dag.py
[2026-05-28T08:15:42.414+0000] {logging_mixin.py:188} INFO - [2026-05-28T08:15:42.413+0000] {dag.py:3047} INFO - Sync 1 DAGs
[2026-05-28T08:15:42.461+0000] {logging_mixin.py:188} INFO - [2026-05-28T08:15:42.460+0000] {dag.py:3834} INFO - Setting next_dagrun for merge_all_scrapers to None, run_after=None
[2026-05-28T08:15:42.517+0000] {processor.py:183} INFO - Processing /opt/airflow/dags/merge_dag.py took 0.279 seconds
[2026-05-28T08:16:12.940+0000] {processor.py:161} INFO - Started process (PID=3407) to work on /opt/airflow/dags/merge_dag.py
[2026-05-28T08:16:12.953+0000] {processor.py:830} INFO - Processing file /opt/airflow/dags/merge_dag.py for tasks to queue
[2026-05-28T08:16:12.957+0000] {logging_mixin.py:188} INFO - [2026-05-28T08:16:12.956+0000] {dagbag.py:540} INFO - Filling up the DagBag from /opt/airflow/dags/merge_dag.py
[2026-05-28T08:16:13.022+0000] {logging_mixin.py:188} INFO - DATA_PATH: /opt/airflow/data
[2026-05-28T08:16:13.036+0000] {logging_mixin.py:188} INFO - FILES: ['eu_fsf_sanctions.json', 'final_output.json', 'inegi_playwright.json', 'inegi_scraper.json', 'kaldata.db', 'telegraph.db']
[2026-05-28T08:16:13.038+0000] {logging_mixin.py:188} INFO - LOCK EXISTS: False
[2026-05-28T08:16:13.067+0000] {processor.py:840} INFO - DAG(s) 'merge_all_scrapers' retrieved from /opt/airflow/dags/merge_dag.py
[2026-05-28T08:16:13.264+0000] {logging_mixin.py:188} INFO - [2026-05-28T08:16:13.263+0000] {dag.py:3047} INFO - Sync 1 DAGs
[2026-05-28T08:16:13.382+0000] {logging_mixin.py:188} INFO - [2026-05-28T08:16:13.381+0000] {dag.py:3834} INFO - Setting next_dagrun for merge_all_scrapers to None, run_after=None
[2026-05-28T08:16:13.540+0000] {processor.py:183} INFO - Processing /opt/airflow/dags/merge_dag.py took 0.629 seconds
[2026-05-28T08:16:44.263+0000] {processor.py:161} INFO - Started process (PID=3437) to work on /opt/airflow/dags/merge_dag.py
[2026-05-28T08:16:44.266+0000] {processor.py:830} INFO - Processing file /opt/airflow/dags/merge_dag.py for tasks to queue
[2026-05-28T08:16:44.269+0000] {logging_mixin.py:188} INFO - [2026-05-28T08:16:44.268+0000] {dagbag.py:540} INFO - Filling up the DagBag from /opt/airflow/dags/merge_dag.py
[2026-05-28T08:16:44.304+0000] {logging_mixin.py:188} INFO - DATA_PATH: /opt/airflow/data
[2026-05-28T08:16:44.308+0000] {logging_mixin.py:188} INFO - FILES: ['eu_fsf_sanctions.json', 'final_output.json', 'inegi_playwright.json', 'inegi_scraper.json', 'kaldata.db', 'telegraph.db']
[2026-05-28T08:16:44.309+0000] {logging_mixin.py:188} INFO - LOCK EXISTS: False
[2026-05-28T08:16:44.320+0000] {processor.py:840} INFO - DAG(s) 'merge_all_scrapers' retrieved from /opt/airflow/dags/merge_dag.py
[2026-05-28T08:16:44.394+0000] {logging_mixin.py:188} INFO - [2026-05-28T08:16:44.393+0000] {dag.py:3047} INFO - Sync 1 DAGs
[2026-05-28T08:16:44.428+0000] {logging_mixin.py:188} INFO - [2026-05-28T08:16:44.428+0000] {dag.py:3834} INFO - Setting next_dagrun for merge_all_scrapers to None, run_after=None
[2026-05-28T08:16:44.482+0000] {processor.py:183} INFO - Processing /opt/airflow/dags/merge_dag.py took 0.230 seconds
[2026-05-28T08:17:14.899+0000] {processor.py:161} INFO - Started process (PID=3467) to work on /opt/airflow/dags/merge_dag.py
[2026-05-28T08:17:14.903+0000] {processor.py:830} INFO - Processing file /opt/airflow/dags/merge_dag.py for tasks to queue
[2026-05-28T08:17:14.907+0000] {logging_mixin.py:188} INFO - [2026-05-28T08:17:14.906+0000] {dagbag.py:540} INFO - Filling up the DagBag from /opt/airflow/dags/merge_dag.py
[2026-05-28T08:17:14.956+0000] {logging_mixin.py:188} INFO - DATA_PATH: /opt/airflow/data
[2026-05-28T08:17:15.020+0000] {logging_mixin.py:188} INFO - FILES: ['eu_fsf_sanctions.json', 'final_output.json', 'inegi_playwright.json', 'inegi_scraper.json', 'kaldata.db', 'telegraph.db']
[2026-05-28T08:17:15.023+0000] {logging_mixin.py:188} INFO - LOCK EXISTS: False
[2026-05-28T08:17:15.045+0000] {processor.py:840} INFO - DAG(s) 'merge_all_scrapers' retrieved from /opt/airflow/dags/merge_dag.py
[2026-05-28T08:17:15.245+0000] {logging_mixin.py:188} INFO - [2026-05-28T08:17:15.244+0000] {dag.py:3047} INFO - Sync 1 DAGs
[2026-05-28T08:17:15.427+0000] {logging_mixin.py:188} INFO - [2026-05-28T08:17:15.426+0000] {dag.py:3834} INFO - Setting next_dagrun for merge_all_scrapers to None, run_after=None
[2026-05-28T08:17:15.580+0000] {processor.py:183} INFO - Processing /opt/airflow/dags/merge_dag.py took 0.698 seconds
[2026-05-28T08:17:46.496+0000] {processor.py:161} INFO - Started process (PID=3497) to work on /opt/airflow/dags/merge_dag.py
[2026-05-28T08:17:46.503+0000] {processor.py:830} INFO - Processing file /opt/airflow/dags/merge_dag.py for tasks to queue
[2026-05-28T08:17:46.507+0000] {logging_mixin.py:188} INFO - [2026-05-28T08:17:46.506+0000] {dagbag.py:540} INFO - Filling up the DagBag from /opt/airflow/dags/merge_dag.py
[2026-05-28T08:17:46.596+0000] {logging_mixin.py:188} INFO - DATA_PATH: /opt/airflow/data
[2026-05-28T08:17:46.610+0000] {logging_mixin.py:188} INFO - FILES: ['eu_fsf_sanctions.json', 'final_output.json', 'inegi_playwright.json', 'inegi_scraper.json', 'kaldata.db', 'telegraph.db']
[2026-05-28T08:17:46.615+0000] {logging_mixin.py:188} INFO - LOCK EXISTS: False
[2026-05-28T08:17:46.651+0000] {processor.py:840} INFO - DAG(s) 'merge_all_scrapers' retrieved from /opt/airflow/dags/merge_dag.py
[2026-05-28T08:17:46.869+0000] {logging_mixin.py:188} INFO - [2026-05-28T08:17:46.868+0000] {dag.py:3047} INFO - Sync 1 DAGs
[2026-05-28T08:17:47.056+0000] {logging_mixin.py:188} INFO - [2026-05-28T08:17:47.041+0000] {dag.py:3834} INFO - Setting next_dagrun for merge_all_scrapers to None, run_after=None
[2026-05-28T08:17:47.190+0000] {processor.py:183} INFO - Processing /opt/airflow/dags/merge_dag.py took 0.712 seconds
[2026-05-28T08:18:17.774+0000] {processor.py:161} INFO - Started process (PID=3527) to work on /opt/airflow/dags/merge_dag.py
[2026-05-28T08:18:17.778+0000] {processor.py:830} INFO - Processing file /opt/airflow/dags/merge_dag.py for tasks to queue
[2026-05-28T08:18:17.782+0000] {logging_mixin.py:188} INFO - [2026-05-28T08:18:17.781+0000] {dagbag.py:540} INFO - Filling up the DagBag from /opt/airflow/dags/merge_dag.py
[2026-05-28T08:18:17.823+0000] {logging_mixin.py:188} INFO - DATA_PATH: /opt/airflow/data
[2026-05-28T08:18:17.828+0000] {logging_mixin.py:188} INFO - FILES: ['eu_fsf_sanctions.json', 'final_output.json', 'inegi_playwright.json', 'inegi_scraper.json', 'kaldata.db', 'telegraph.db']
[2026-05-28T08:18:17.829+0000] {logging_mixin.py:188} INFO - LOCK EXISTS: False
[2026-05-28T08:18:17.840+0000] {processor.py:840} INFO - DAG(s) 'merge_all_scrapers' retrieved from /opt/airflow/dags/merge_dag.py
[2026-05-28T08:18:17.907+0000] {logging_mixin.py:188} INFO - [2026-05-28T08:18:17.907+0000] {dag.py:3047} INFO - Sync 1 DAGs
[2026-05-28T08:18:17.943+0000] {logging_mixin.py:188} INFO - [2026-05-28T08:18:17.942+0000] {dag.py:3834} INFO - Setting next_dagrun for merge_all_scrapers to None, run_after=None
[2026-05-28T08:18:18.001+0000] {processor.py:183} INFO - Processing /opt/airflow/dags/merge_dag.py took 0.238 seconds
[2026-05-28T08:18:48.741+0000] {processor.py:161} INFO - Started process (PID=3557) to work on /opt/airflow/dags/merge_dag.py
[2026-05-28T08:18:48.745+0000] {processor.py:830} INFO - Processing file /opt/airflow/dags/merge_dag.py for tasks to queue
[2026-05-28T08:18:48.748+0000] {logging_mixin.py:188} INFO - [2026-05-28T08:18:48.747+0000] {dagbag.py:540} INFO - Filling up the DagBag from /opt/airflow/dags/merge_dag.py
[2026-05-28T08:18:48.783+0000] {logging_mixin.py:188} INFO - DATA_PATH: /opt/airflow/data
[2026-05-28T08:18:48.787+0000] {logging_mixin.py:188} INFO - FILES: ['eu_fsf_sanctions.json', 'final_output.json', 'inegi_playwright.json', 'inegi_scraper.json', 'kaldata.db', 'telegraph.db']
[2026-05-28T08:18:48.789+0000] {logging_mixin.py:188} INFO - LOCK EXISTS: False
[2026-05-28T08:18:48.800+0000] {processor.py:840} INFO - DAG(s) 'merge_all_scrapers' retrieved from /opt/airflow/dags/merge_dag.py
[2026-05-28T08:18:48.883+0000] {logging_mixin.py:188} INFO - [2026-05-28T08:18:48.882+0000] {dag.py:3047} INFO - Sync 1 DAGs
[2026-05-28T08:18:48.918+0000] {logging_mixin.py:188} INFO - [2026-05-28T08:18:48.917+0000] {dag.py:3834} INFO - Setting next_dagrun for merge_all_scrapers to None, run_after=None
[2026-05-28T08:18:48.973+0000] {processor.py:183} INFO - Processing /opt/airflow/dags/merge_dag.py took 0.244 seconds
[2026-05-28T08:19:24.827+0000] {processor.py:161} INFO - Started process (PID=3587) to work on /opt/airflow/dags/merge_dag.py
[2026-05-28T08:19:24.840+0000] {processor.py:830} INFO - Processing file /opt/airflow/dags/merge_dag.py for tasks to queue
[2026-05-28T08:19:24.861+0000] {logging_mixin.py:188} INFO - [2026-05-28T08:19:24.860+0000] {dagbag.py:540} INFO - Filling up the DagBag from /opt/airflow/dags/merge_dag.py
[2026-05-28T08:19:27.803+0000] {logging_mixin.py:188} INFO - DATA_PATH: /opt/airflow/data
[2026-05-28T08:19:28.028+0000] {logging_mixin.py:188} INFO - FILES: ['eu_fsf_sanctions.json', 'final_output.json', 'inegi_playwright.json', 'inegi_scraper.json', 'kaldata.db', 'telegraph.db']
[2026-05-28T08:19:28.078+0000] {logging_mixin.py:188} INFO - LOCK EXISTS: False
[2026-05-28T08:19:28.165+0000] {processor.py:840} INFO - DAG(s) 'merge_all_scrapers' retrieved from /opt/airflow/dags/merge_dag.py
[2026-05-28T08:19:28.340+0000] {logging_mixin.py:188} INFO - [2026-05-28T08:19:28.339+0000] {dag.py:3047} INFO - Sync 1 DAGs
[2026-05-28T08:19:28.436+0000] {logging_mixin.py:188} INFO - [2026-05-28T08:19:28.435+0000] {dag.py:3834} INFO - Setting next_dagrun for merge_all_scrapers to None, run_after=None
[2026-05-28T08:19:28.967+0000] {processor.py:183} INFO - Processing /opt/airflow/dags/merge_dag.py took 4.150 seconds
[2026-05-28T08:20:05.135+0000] {processor.py:161} INFO - Started process (PID=3617) to work on /opt/airflow/dags/merge_dag.py
[2026-05-28T08:20:05.172+0000] {processor.py:830} INFO - Processing file /opt/airflow/dags/merge_dag.py for tasks to queue
[2026-05-28T08:20:05.258+0000] {logging_mixin.py:188} INFO - [2026-05-28T08:20:05.257+0000] {dagbag.py:540} INFO - Filling up the DagBag from /opt/airflow/dags/merge_dag.py
[2026-05-28T08:20:06.851+0000] {logging_mixin.py:188} INFO - DATA_PATH: /opt/airflow/data
[2026-05-28T08:20:06.985+0000] {logging_mixin.py:188} INFO - FILES: ['eu_fsf_sanctions.json', 'final_output.json', 'inegi_playwright.json', 'inegi_scraper.json', 'kaldata.db', 'telegraph.db']
[2026-05-28T08:20:07.008+0000] {logging_mixin.py:188} INFO - LOCK EXISTS: False
[2026-05-28T08:20:07.035+0000] {processor.py:840} INFO - DAG(s) 'merge_all_scrapers' retrieved from /opt/airflow/dags/merge_dag.py
[2026-05-28T08:20:07.203+0000] {logging_mixin.py:188} INFO - [2026-05-28T08:20:07.202+0000] {dag.py:3047} INFO - Sync 1 DAGs
[2026-05-28T08:20:07.298+0000] {logging_mixin.py:188} INFO - [2026-05-28T08:20:07.297+0000] {dag.py:3834} INFO - Setting next_dagrun for merge_all_scrapers to None, run_after=None
[2026-05-28T08:20:07.653+0000] {processor.py:183} INFO - Processing /opt/airflow/dags/merge_dag.py took 2.531 seconds
[2026-05-28T08:20:39.328+0000] {processor.py:161} INFO - Started process (PID=3647) to work on /opt/airflow/dags/merge_dag.py
[2026-05-28T08:20:39.333+0000] {processor.py:830} INFO - Processing file /opt/airflow/dags/merge_dag.py for tasks to queue
[2026-05-28T08:20:39.368+0000] {logging_mixin.py:188} INFO - [2026-05-28T08:20:39.367+0000] {dagbag.py:540} INFO - Filling up the DagBag from /opt/airflow/dags/merge_dag.py
[2026-05-28T08:20:39.610+0000] {logging_mixin.py:188} INFO - DATA_PATH: /opt/airflow/data
[2026-05-28T08:20:39.615+0000] {logging_mixin.py:188} INFO - FILES: ['eu_fsf_sanctions.json', 'final_output.json', 'inegi_playwright.json', 'inegi_scraper.json', 'kaldata.db', 'telegraph.db']
[2026-05-28T08:20:39.616+0000] {logging_mixin.py:188} INFO - LOCK EXISTS: False
[2026-05-28T08:20:39.631+0000] {processor.py:840} INFO - DAG(s) 'merge_all_scrapers' retrieved from /opt/airflow/dags/merge_dag.py
[2026-05-28T08:20:39.708+0000] {logging_mixin.py:188} INFO - [2026-05-28T08:20:39.707+0000] {dag.py:3047} INFO - Sync 1 DAGs
[2026-05-28T08:20:39.744+0000] {logging_mixin.py:188} INFO - [2026-05-28T08:20:39.744+0000] {dag.py:3834} INFO - Setting next_dagrun for merge_all_scrapers to None, run_after=None
[2026-05-28T08:20:39.830+0000] {processor.py:183} INFO - Processing /opt/airflow/dags/merge_dag.py took 0.522 seconds
[2026-05-28T08:21:10.311+0000] {processor.py:161} INFO - Started process (PID=3677) to work on /opt/airflow/dags/merge_dag.py
[2026-05-28T08:21:10.315+0000] {processor.py:830} INFO - Processing file /opt/airflow/dags/merge_dag.py for tasks to queue
[2026-05-28T08:21:10.324+0000] {logging_mixin.py:188} INFO - [2026-05-28T08:21:10.318+0000] {dagbag.py:540} INFO - Filling up the DagBag from /opt/airflow/dags/merge_dag.py
[2026-05-28T08:21:10.416+0000] {logging_mixin.py:188} INFO - DATA_PATH: /opt/airflow/data
[2026-05-28T08:21:10.425+0000] {logging_mixin.py:188} INFO - FILES: ['eu_fsf_sanctions.json', 'final_output.json', 'inegi_playwright.json', 'inegi_scraper.json', 'kaldata.db', 'telegraph.db']
[2026-05-28T08:21:10.428+0000] {logging_mixin.py:188} INFO - LOCK EXISTS: False
[2026-05-28T08:21:10.450+0000] {processor.py:840} INFO - DAG(s) 'merge_all_scrapers' retrieved from /opt/airflow/dags/merge_dag.py
[2026-05-28T08:21:10.578+0000] {logging_mixin.py:188} INFO - [2026-05-28T08:21:10.577+0000] {dag.py:3047} INFO - Sync 1 DAGs
[2026-05-28T08:21:10.662+0000] {logging_mixin.py:188} INFO - [2026-05-28T08:21:10.659+0000] {dag.py:3834} INFO - Setting next_dagrun for merge_all_scrapers to None, run_after=None
[2026-05-28T08:21:10.760+0000] {processor.py:183} INFO - Processing /opt/airflow/dags/merge_dag.py took 0.464 seconds
[2026-05-28T08:21:41.740+0000] {processor.py:161} INFO - Started process (PID=3707) to work on /opt/airflow/dags/merge_dag.py
[2026-05-28T08:21:41.744+0000] {processor.py:830} INFO - Processing file /opt/airflow/dags/merge_dag.py for tasks to queue
[2026-05-28T08:21:41.747+0000] {logging_mixin.py:188} INFO - [2026-05-28T08:21:41.746+0000] {dagbag.py:540} INFO - Filling up the DagBag from /opt/airflow/dags/merge_dag.py
[2026-05-28T08:21:41.780+0000] {logging_mixin.py:188} INFO - DATA_PATH: /opt/airflow/data
[2026-05-28T08:21:41.783+0000] {logging_mixin.py:188} INFO - FILES: ['eu_fsf_sanctions.json', 'final_output.json', 'inegi_playwright.json', 'inegi_scraper.json', 'kaldata.db', 'telegraph.db']
[2026-05-28T08:21:41.784+0000] {logging_mixin.py:188} INFO - LOCK EXISTS: False
[2026-05-28T08:21:41.807+0000] {processor.py:840} INFO - DAG(s) 'merge_all_scrapers' retrieved from /opt/airflow/dags/merge_dag.py
[2026-05-28T08:21:42.019+0000] {logging_mixin.py:188} INFO - [2026-05-28T08:21:42.018+0000] {dag.py:3047} INFO - Sync 1 DAGs
[2026-05-28T08:21:42.147+0000] {logging_mixin.py:188} INFO - [2026-05-28T08:21:42.146+0000] {dag.py:3834} INFO - Setting next_dagrun for merge_all_scrapers to None, run_after=None
[2026-05-28T08:21:42.329+0000] {processor.py:183} INFO - Processing /opt/airflow/dags/merge_dag.py took 0.600 seconds
[2026-05-28T08:22:13.153+0000] {processor.py:161} INFO - Started process (PID=3737) to work on /opt/airflow/dags/merge_dag.py
[2026-05-28T08:22:13.158+0000] {processor.py:830} INFO - Processing file /opt/airflow/dags/merge_dag.py for tasks to queue
[2026-05-28T08:22:13.161+0000] {logging_mixin.py:188} INFO - [2026-05-28T08:22:13.160+0000] {dagbag.py:540} INFO - Filling up the DagBag from /opt/airflow/dags/merge_dag.py
[2026-05-28T08:22:13.201+0000] {logging_mixin.py:188} INFO - DATA_PATH: /opt/airflow/data
[2026-05-28T08:22:13.205+0000] {logging_mixin.py:188} INFO - FILES: ['eu_fsf_sanctions.json', 'final_output.json', 'inegi_playwright.json', 'inegi_scraper.json', 'kaldata.db', 'telegraph.db']
[2026-05-28T08:22:13.208+0000] {logging_mixin.py:188} INFO - LOCK EXISTS: False
[2026-05-28T08:22:13.220+0000] {processor.py:840} INFO - DAG(s) 'merge_all_scrapers' retrieved from /opt/airflow/dags/merge_dag.py
[2026-05-28T08:22:13.463+0000] {logging_mixin.py:188} INFO - [2026-05-28T08:22:13.462+0000] {dag.py:3047} INFO - Sync 1 DAGs
[2026-05-28T08:22:13.604+0000] {logging_mixin.py:188} INFO - [2026-05-28T08:22:13.603+0000] {dag.py:3834} INFO - Setting next_dagrun for merge_all_scrapers to None, run_after=None
[2026-05-28T08:22:13.815+0000] {processor.py:183} INFO - Processing /opt/airflow/dags/merge_dag.py took 0.677 seconds
[2026-05-28T08:22:47.374+0000] {processor.py:161} INFO - Started process (PID=3767) to work on /opt/airflow/dags/merge_dag.py
[2026-05-28T08:22:47.411+0000] {processor.py:830} INFO - Processing file /opt/airflow/dags/merge_dag.py for tasks to queue
[2026-05-28T08:22:47.470+0000] {logging_mixin.py:188} INFO - [2026-05-28T08:22:47.469+0000] {dagbag.py:540} INFO - Filling up the DagBag from /opt/airflow/dags/merge_dag.py
[2026-05-28T08:22:48.264+0000] {logging_mixin.py:188} INFO - DATA_PATH: /opt/airflow/data
[2026-05-28T08:22:48.432+0000] {logging_mixin.py:188} INFO - FILES: ['eu_fsf_sanctions.json', 'final_output.json', 'inegi_playwright.json', 'inegi_scraper.json', 'kaldata.db', 'telegraph.db']
[2026-05-28T08:22:48.438+0000] {logging_mixin.py:188} INFO - LOCK EXISTS: False
[2026-05-28T08:22:48.456+0000] {processor.py:840} INFO - DAG(s) 'merge_all_scrapers' retrieved from /opt/airflow/dags/merge_dag.py
[2026-05-28T08:22:48.647+0000] {logging_mixin.py:188} INFO - [2026-05-28T08:22:48.646+0000] {dag.py:3047} INFO - Sync 1 DAGs
[2026-05-28T08:22:48.761+0000] {logging_mixin.py:188} INFO - [2026-05-28T08:22:48.760+0000] {dag.py:3834} INFO - Setting next_dagrun for merge_all_scrapers to None, run_after=None
[2026-05-28T08:22:49.008+0000] {processor.py:183} INFO - Processing /opt/airflow/dags/merge_dag.py took 1.662 seconds
[2026-05-28T08:23:25.504+0000] {processor.py:161} INFO - Started process (PID=3797) to work on /opt/airflow/dags/merge_dag.py
[2026-05-28T08:23:25.558+0000] {processor.py:830} INFO - Processing file /opt/airflow/dags/merge_dag.py for tasks to queue
[2026-05-28T08:23:25.578+0000] {logging_mixin.py:188} INFO - [2026-05-28T08:23:25.577+0000] {dagbag.py:540} INFO - Filling up the DagBag from /opt/airflow/dags/merge_dag.py
[2026-05-28T08:23:25.683+0000] {logging_mixin.py:188} INFO - DATA_PATH: /opt/airflow/data
[2026-05-28T08:23:25.844+0000] {logging_mixin.py:188} INFO - FILES: ['eu_fsf_sanctions.json', 'final_output.json', 'inegi_playwright.json', 'inegi_scraper.json', 'kaldata.db', 'telegraph.db']
[2026-05-28T08:23:25.905+0000] {logging_mixin.py:188} INFO - LOCK EXISTS: False
[2026-05-28T08:23:25.939+0000] {processor.py:840} INFO - DAG(s) 'merge_all_scrapers' retrieved from /opt/airflow/dags/merge_dag.py
[2026-05-28T08:23:26.220+0000] {logging_mixin.py:188} INFO - [2026-05-28T08:23:26.219+0000] {dag.py:3047} INFO - Sync 1 DAGs
[2026-05-28T08:23:26.461+0000] {logging_mixin.py:188} INFO - [2026-05-28T08:23:26.461+0000] {dag.py:3834} INFO - Setting next_dagrun for merge_all_scrapers to None, run_after=None
[2026-05-28T08:23:26.774+0000] {processor.py:183} INFO - Processing /opt/airflow/dags/merge_dag.py took 1.291 seconds
[2026-05-28T08:23:58.006+0000] {processor.py:161} INFO - Started process (PID=3832) to work on /opt/airflow/dags/merge_dag.py
[2026-05-28T08:23:58.009+0000] {processor.py:830} INFO - Processing file /opt/airflow/dags/merge_dag.py for tasks to queue
[2026-05-28T08:23:58.013+0000] {logging_mixin.py:188} INFO - [2026-05-28T08:23:58.012+0000] {dagbag.py:540} INFO - Filling up the DagBag from /opt/airflow/dags/merge_dag.py
[2026-05-28T08:23:58.044+0000] {logging_mixin.py:188} INFO - DATA_PATH: /opt/airflow/data
[2026-05-28T08:23:58.048+0000] {logging_mixin.py:188} INFO - FILES: ['eu_fsf_sanctions.json', 'final_output.json', 'inegi_playwright.json', 'inegi_scraper.json', 'kaldata.db', 'telegraph.db']
[2026-05-28T08:23:58.049+0000] {logging_mixin.py:188} INFO - LOCK EXISTS: False
[2026-05-28T08:23:58.061+0000] {processor.py:840} INFO - DAG(s) 'merge_all_scrapers' retrieved from /opt/airflow/dags/merge_dag.py
[2026-05-28T08:23:58.133+0000] {logging_mixin.py:188} INFO - [2026-05-28T08:23:58.132+0000] {dag.py:3047} INFO - Sync 1 DAGs
[2026-05-28T08:23:58.170+0000] {logging_mixin.py:188} INFO - [2026-05-28T08:23:58.170+0000] {dag.py:3834} INFO - Setting next_dagrun for merge_all_scrapers to None, run_after=None
[2026-05-28T08:23:58.227+0000] {processor.py:183} INFO - Processing /opt/airflow/dags/merge_dag.py took 0.232 seconds
[2026-05-28T08:24:28.831+0000] {processor.py:161} INFO - Started process (PID=3862) to work on /opt/airflow/dags/merge_dag.py
[2026-05-28T08:24:28.834+0000] {processor.py:830} INFO - Processing file /opt/airflow/dags/merge_dag.py for tasks to queue
[2026-05-28T08:24:28.837+0000] {logging_mixin.py:188} INFO - [2026-05-28T08:24:28.836+0000] {dagbag.py:540} INFO - Filling up the DagBag from /opt/airflow/dags/merge_dag.py
[2026-05-28T08:24:28.897+0000] {logging_mixin.py:188} INFO - DATA_PATH: /opt/airflow/data
[2026-05-28T08:24:28.908+0000] {logging_mixin.py:188} INFO - FILES: ['eu_fsf_sanctions.json', 'final_output.json', 'inegi_playwright.json', 'inegi_scraper.json', 'kaldata.db', 'telegraph.db']
[2026-05-28T08:24:28.911+0000] {logging_mixin.py:188} INFO - LOCK EXISTS: False
[2026-05-28T08:24:28.927+0000] {processor.py:840} INFO - DAG(s) 'merge_all_scrapers' retrieved from /opt/airflow/dags/merge_dag.py
[2026-05-28T08:24:28.997+0000] {logging_mixin.py:188} INFO - [2026-05-28T08:24:28.996+0000] {dag.py:3047} INFO - Sync 1 DAGs
[2026-05-28T08:24:29.033+0000] {logging_mixin.py:188} INFO - [2026-05-28T08:24:29.033+0000] {dag.py:3834} INFO - Setting next_dagrun for merge_all_scrapers to None, run_after=None
[2026-05-28T08:24:29.087+0000] {processor.py:183} INFO - Processing /opt/airflow/dags/merge_dag.py took 0.265 seconds
[2026-05-28T08:25:00.316+0000] {processor.py:161} INFO - Started process (PID=3892) to work on /opt/airflow/dags/merge_dag.py
[2026-05-28T08:25:00.319+0000] {processor.py:830} INFO - Processing file /opt/airflow/dags/merge_dag.py for tasks to queue
[2026-05-28T08:25:00.323+0000] {logging_mixin.py:188} INFO - [2026-05-28T08:25:00.322+0000] {dagbag.py:540} INFO - Filling up the DagBag from /opt/airflow/dags/merge_dag.py
[2026-05-28T08:25:00.363+0000] {logging_mixin.py:188} INFO - DATA_PATH: /opt/airflow/data
[2026-05-28T08:25:00.368+0000] {logging_mixin.py:188} INFO - FILES: ['eu_fsf_sanctions.json', 'final_output.json', 'inegi_playwright.json', 'inegi_scraper.json', 'kaldata.db', 'telegraph.db']
[2026-05-28T08:25:00.370+0000] {logging_mixin.py:188} INFO - LOCK EXISTS: False
[2026-05-28T08:25:00.381+0000] {processor.py:840} INFO - DAG(s) 'merge_all_scrapers' retrieved from /opt/airflow/dags/merge_dag.py
[2026-05-28T08:25:00.459+0000] {logging_mixin.py:188} INFO - [2026-05-28T08:25:00.458+0000] {dag.py:3047} INFO - Sync 1 DAGs
[2026-05-28T08:25:00.503+0000] {logging_mixin.py:188} INFO - [2026-05-28T08:25:00.502+0000] {dag.py:3834} INFO - Setting next_dagrun for merge_all_scrapers to None, run_after=None
[2026-05-28T08:25:00.563+0000] {processor.py:183} INFO - Processing /opt/airflow/dags/merge_dag.py took 0.257 seconds
[2026-05-28T08:25:31.277+0000] {processor.py:161} INFO - Started process (PID=3922) to work on /opt/airflow/dags/merge_dag.py
[2026-05-28T08:25:31.280+0000] {processor.py:830} INFO - Processing file /opt/airflow/dags/merge_dag.py for tasks to queue
[2026-05-28T08:25:31.284+0000] {logging_mixin.py:188} INFO - [2026-05-28T08:25:31.282+0000] {dagbag.py:540} INFO - Filling up the DagBag from /opt/airflow/dags/merge_dag.py
[2026-05-28T08:25:31.324+0000] {logging_mixin.py:188} INFO - DATA_PATH: /opt/airflow/data
[2026-05-28T08:25:31.327+0000] {logging_mixin.py:188} INFO - FILES: ['eu_fsf_sanctions.json', 'final_output.json', 'inegi_playwright.json', 'inegi_scraper.json', 'kaldata.db', 'telegraph.db']
[2026-05-28T08:25:31.329+0000] {logging_mixin.py:188} INFO - LOCK EXISTS: False
[2026-05-28T08:25:31.341+0000] {processor.py:840} INFO - DAG(s) 'merge_all_scrapers' retrieved from /opt/airflow/dags/merge_dag.py
[2026-05-28T08:25:31.420+0000] {logging_mixin.py:188} INFO - [2026-05-28T08:25:31.420+0000] {dag.py:3047} INFO - Sync 1 DAGs
[2026-05-28T08:25:31.461+0000] {logging_mixin.py:188} INFO - [2026-05-28T08:25:31.461+0000] {dag.py:3834} INFO - Setting next_dagrun for merge_all_scrapers to None, run_after=None
[2026-05-28T08:25:31.539+0000] {processor.py:183} INFO - Processing /opt/airflow/dags/merge_dag.py took 0.276 seconds
[2026-05-28T08:26:02.434+0000] {processor.py:161} INFO - Started process (PID=3952) to work on /opt/airflow/dags/merge_dag.py
[2026-05-28T08:26:02.438+0000] {processor.py:830} INFO - Processing file /opt/airflow/dags/merge_dag.py for tasks to queue
[2026-05-28T08:26:02.441+0000] {logging_mixin.py:188} INFO - [2026-05-28T08:26:02.440+0000] {dagbag.py:540} INFO - Filling up the DagBag from /opt/airflow/dags/merge_dag.py
[2026-05-28T08:26:02.475+0000] {logging_mixin.py:188} INFO - DATA_PATH: /opt/airflow/data
[2026-05-28T08:26:02.480+0000] {logging_mixin.py:188} INFO - FILES: ['eu_fsf_sanctions.json', 'final_output.json', 'inegi_playwright.json', 'inegi_scraper.json', 'kaldata.db', 'telegraph.db']
[2026-05-28T08:26:02.481+0000] {logging_mixin.py:188} INFO - LOCK EXISTS: False
[2026-05-28T08:26:02.492+0000] {processor.py:840} INFO - DAG(s) 'merge_all_scrapers' retrieved from /opt/airflow/dags/merge_dag.py
[2026-05-28T08:26:02.571+0000] {logging_mixin.py:188} INFO - [2026-05-28T08:26:02.570+0000] {dag.py:3047} INFO - Sync 1 DAGs
[2026-05-28T08:26:02.605+0000] {logging_mixin.py:188} INFO - [2026-05-28T08:26:02.604+0000] {dag.py:3834} INFO - Setting next_dagrun for merge_all_scrapers to None, run_after=None
[2026-05-28T08:26:02.655+0000] {processor.py:183} INFO - Processing /opt/airflow/dags/merge_dag.py took 0.232 seconds
[2026-05-28T08:26:33.155+0000] {processor.py:161} INFO - Started process (PID=3982) to work on /opt/airflow/dags/merge_dag.py
[2026-05-28T08:26:33.158+0000] {processor.py:830} INFO - Processing file /opt/airflow/dags/merge_dag.py for tasks to queue
[2026-05-28T08:26:33.161+0000] {logging_mixin.py:188} INFO - [2026-05-28T08:26:33.161+0000] {dagbag.py:540} INFO - Filling up the DagBag from /opt/airflow/dags/merge_dag.py
[2026-05-28T08:26:33.197+0000] {logging_mixin.py:188} INFO - DATA_PATH: /opt/airflow/data
[2026-05-28T08:26:33.201+0000] {logging_mixin.py:188} INFO - FILES: ['eu_fsf_sanctions.json', 'final_output.json', 'inegi_playwright.json', 'inegi_scraper.json', 'kaldata.db', 'telegraph.db']
[2026-05-28T08:26:33.202+0000] {logging_mixin.py:188} INFO - LOCK EXISTS: False
[2026-05-28T08:26:33.212+0000] {processor.py:840} INFO - DAG(s) 'merge_all_scrapers' retrieved from /opt/airflow/dags/merge_dag.py
[2026-05-28T08:26:33.289+0000] {logging_mixin.py:188} INFO - [2026-05-28T08:26:33.288+0000] {dag.py:3047} INFO - Sync 1 DAGs
[2026-05-28T08:26:33.326+0000] {logging_mixin.py:188} INFO - [2026-05-28T08:26:33.325+0000] {dag.py:3834} INFO - Setting next_dagrun for merge_all_scrapers to None, run_after=None
[2026-05-28T08:26:33.382+0000] {processor.py:183} INFO - Processing /opt/airflow/dags/merge_dag.py took 0.238 seconds
[2026-05-28T08:27:03.672+0000] {processor.py:161} INFO - Started process (PID=4012) to work on /opt/airflow/dags/merge_dag.py
[2026-05-28T08:27:03.676+0000] {processor.py:830} INFO - Processing file /opt/airflow/dags/merge_dag.py for tasks to queue
[2026-05-28T08:27:03.679+0000] {logging_mixin.py:188} INFO - [2026-05-28T08:27:03.678+0000] {dagbag.py:540} INFO - Filling up the DagBag from /opt/airflow/dags/merge_dag.py
[2026-05-28T08:27:03.716+0000] {logging_mixin.py:188} INFO - DATA_PATH: /opt/airflow/data
[2026-05-28T08:27:03.719+0000] {logging_mixin.py:188} INFO - FILES: ['eu_fsf_sanctions.json', 'final_output.json', 'inegi_playwright.json', 'inegi_scraper.json', 'kaldata.db', 'telegraph.db']
[2026-05-28T08:27:03.721+0000] {logging_mixin.py:188} INFO - LOCK EXISTS: False
[2026-05-28T08:27:03.732+0000] {processor.py:840} INFO - DAG(s) 'merge_all_scrapers' retrieved from /opt/airflow/dags/merge_dag.py
[2026-05-28T08:27:03.806+0000] {logging_mixin.py:188} INFO - [2026-05-28T08:27:03.805+0000] {dag.py:3047} INFO - Sync 1 DAGs
[2026-05-28T08:27:03.913+0000] {logging_mixin.py:188} INFO - [2026-05-28T08:27:03.913+0000] {dag.py:3834} INFO - Setting next_dagrun for merge_all_scrapers to None, run_after=None
[2026-05-28T08:27:04.054+0000] {processor.py:183} INFO - Processing /opt/airflow/dags/merge_dag.py took 0.393 seconds
[2026-05-28T08:27:34.331+0000] {processor.py:161} INFO - Started process (PID=4040) to work on /opt/airflow/dags/merge_dag.py
[2026-05-28T08:27:34.335+0000] {processor.py:830} INFO - Processing file /opt/airflow/dags/merge_dag.py for tasks to queue
[2026-05-28T08:27:34.338+0000] {logging_mixin.py:188} INFO - [2026-05-28T08:27:34.337+0000] {dagbag.py:540} INFO - Filling up the DagBag from /opt/airflow/dags/merge_dag.py
[2026-05-28T08:27:34.374+0000] {logging_mixin.py:188} INFO - DATA_PATH: /opt/airflow/data
[2026-05-28T08:27:34.385+0000] {logging_mixin.py:188} INFO - FILES: ['eu_fsf_sanctions.json', 'final_output.json', 'inegi_playwright.json', 'inegi_scraper.json', 'kaldata.db', 'telegraph.db']
[2026-05-28T08:27:34.387+0000] {logging_mixin.py:188} INFO - LOCK EXISTS: False
[2026-05-28T08:27:34.398+0000] {processor.py:840} INFO - DAG(s) 'merge_all_scrapers' retrieved from /opt/airflow/dags/merge_dag.py
[2026-05-28T08:27:34.478+0000] {logging_mixin.py:188} INFO - [2026-05-28T08:27:34.476+0000] {dag.py:3047} INFO - Sync 1 DAGs
[2026-05-28T08:27:34.526+0000] {logging_mixin.py:188} INFO - [2026-05-28T08:27:34.525+0000] {dag.py:3834} INFO - Setting next_dagrun for merge_all_scrapers to None, run_after=None
[2026-05-28T08:27:34.614+0000] {processor.py:183} INFO - Processing /opt/airflow/dags/merge_dag.py took 0.295 seconds
[2026-05-28T08:28:05.924+0000] {processor.py:161} INFO - Started process (PID=4067) to work on /opt/airflow/dags/merge_dag.py
[2026-05-28T08:28:05.933+0000] {processor.py:830} INFO - Processing file /opt/airflow/dags/merge_dag.py for tasks to queue
[2026-05-28T08:28:05.982+0000] {logging_mixin.py:188} INFO - [2026-05-28T08:28:05.972+0000] {dagbag.py:540} INFO - Filling up the DagBag from /opt/airflow/dags/merge_dag.py
[2026-05-28T08:28:06.154+0000] {logging_mixin.py:188} INFO - DATA_PATH: /opt/airflow/data
[2026-05-28T08:28:06.172+0000] {logging_mixin.py:188} INFO - FILES: ['eu_fsf_sanctions.json', 'final_output.json', 'inegi_playwright.json', 'inegi_scraper.json', 'kaldata.db', 'telegraph.db']
[2026-05-28T08:28:06.174+0000] {logging_mixin.py:188} INFO - LOCK EXISTS: False
[2026-05-28T08:28:06.197+0000] {processor.py:840} INFO - DAG(s) 'merge_all_scrapers' retrieved from /opt/airflow/dags/merge_dag.py
[2026-05-28T08:28:06.452+0000] {logging_mixin.py:188} INFO - [2026-05-28T08:28:06.450+0000] {dag.py:3047} INFO - Sync 1 DAGs
[2026-05-28T08:28:06.611+0000] {logging_mixin.py:188} INFO - [2026-05-28T08:28:06.611+0000] {dag.py:3834} INFO - Setting next_dagrun for merge_all_scrapers to None, run_after=None
[2026-05-28T08:28:07.059+0000] {processor.py:183} INFO - Processing /opt/airflow/dags/merge_dag.py took 1.165 seconds
[2026-05-28T08:28:39.799+0000] {processor.py:161} INFO - Started process (PID=4097) to work on /opt/airflow/dags/merge_dag.py
[2026-05-28T08:28:39.815+0000] {processor.py:830} INFO - Processing file /opt/airflow/dags/merge_dag.py for tasks to queue
[2026-05-28T08:28:39.821+0000] {logging_mixin.py:188} INFO - [2026-05-28T08:28:39.820+0000] {dagbag.py:540} INFO - Filling up the DagBag from /opt/airflow/dags/merge_dag.py
[2026-05-28T08:28:40.020+0000] {logging_mixin.py:188} INFO - DATA_PATH: /opt/airflow/data
[2026-05-28T08:28:40.036+0000] {logging_mixin.py:188} INFO - FILES: ['eu_fsf_sanctions.json', 'final_output.json', 'inegi_playwright.json', 'inegi_scraper.json', 'kaldata.db', 'telegraph.db']
[2026-05-28T08:28:40.039+0000] {logging_mixin.py:188} INFO - LOCK EXISTS: False
[2026-05-28T08:28:40.074+0000] {processor.py:840} INFO - DAG(s) 'merge_all_scrapers' retrieved from /opt/airflow/dags/merge_dag.py
[2026-05-28T08:28:40.254+0000] {logging_mixin.py:188} INFO - [2026-05-28T08:28:40.252+0000] {dag.py:3047} INFO - Sync 1 DAGs
[2026-05-28T08:28:40.381+0000] {logging_mixin.py:188} INFO - [2026-05-28T08:28:40.381+0000] {dag.py:3834} INFO - Setting next_dagrun for merge_all_scrapers to None, run_after=None
[2026-05-28T08:28:40.622+0000] {processor.py:183} INFO - Processing /opt/airflow/dags/merge_dag.py took 0.844 seconds
[2026-05-28T08:29:22.004+0000] {processor.py:161} INFO - Started process (PID=4127) to work on /opt/airflow/dags/merge_dag.py
[2026-05-28T08:29:22.148+0000] {processor.py:830} INFO - Processing file /opt/airflow/dags/merge_dag.py for tasks to queue
[2026-05-28T08:29:22.212+0000] {logging_mixin.py:188} INFO - [2026-05-28T08:29:22.211+0000] {dagbag.py:540} INFO - Filling up the DagBag from /opt/airflow/dags/merge_dag.py
[2026-05-28T08:29:24.359+0000] {logging_mixin.py:188} INFO - DATA_PATH: /opt/airflow/data
[2026-05-28T08:29:24.661+0000] {logging_mixin.py:188} INFO - FILES: ['eu_fsf_sanctions.json', 'final_output.json', 'inegi_playwright.json', 'inegi_scraper.json', 'kaldata.db', 'telegraph.db']
[2026-05-28T08:29:24.715+0000] {logging_mixin.py:188} INFO - LOCK EXISTS: False
[2026-05-28T08:29:24.778+0000] {processor.py:840} INFO - DAG(s) 'merge_all_scrapers' retrieved from /opt/airflow/dags/merge_dag.py
[2026-05-28T08:29:25.057+0000] {logging_mixin.py:188} INFO - [2026-05-28T08:29:25.056+0000] {dag.py:3047} INFO - Sync 1 DAGs
[2026-05-28T08:29:25.229+0000] {logging_mixin.py:188} INFO - [2026-05-28T08:29:25.228+0000] {dag.py:3834} INFO - Setting next_dagrun for merge_all_scrapers to None, run_after=None
[2026-05-28T08:29:25.826+0000] {processor.py:183} INFO - Processing /opt/airflow/dags/merge_dag.py took 3.843 seconds
[2026-05-28T08:30:05.877+0000] {processor.py:161} INFO - Started process (PID=4162) to work on /opt/airflow/dags/merge_dag.py
[2026-05-28T08:30:06.018+0000] {processor.py:830} INFO - Processing file /opt/airflow/dags/merge_dag.py for tasks to queue
[2026-05-28T08:30:06.037+0000] {logging_mixin.py:188} INFO - [2026-05-28T08:30:06.036+0000] {dagbag.py:540} INFO - Filling up the DagBag from /opt/airflow/dags/merge_dag.py
[2026-05-28T08:30:09.509+0000] {logging_mixin.py:188} INFO - DATA_PATH: /opt/airflow/data
[2026-05-28T08:30:10.116+0000] {logging_mixin.py:188} INFO - FILES: ['eu_fsf_sanctions.json', 'final_output.json', 'inegi_playwright.json', 'inegi_scraper.json', 'kaldata.db', 'telegraph.db']
[2026-05-28T08:30:10.117+0000] {logging_mixin.py:188} INFO - LOCK EXISTS: False
[2026-05-28T08:30:10.202+0000] {processor.py:840} INFO - DAG(s) 'merge_all_scrapers' retrieved from /opt/airflow/dags/merge_dag.py
[2026-05-28T08:30:11.145+0000] {logging_mixin.py:188} INFO - [2026-05-28T08:30:11.144+0000] {dag.py:3047} INFO - Sync 1 DAGs
[2026-05-28T08:30:11.511+0000] {logging_mixin.py:188} INFO - [2026-05-28T08:30:11.510+0000] {dag.py:3834} INFO - Setting next_dagrun for merge_all_scrapers to None, run_after=None
[2026-05-28T08:30:12.033+0000] {processor.py:183} INFO - Processing /opt/airflow/dags/merge_dag.py took 6.176 seconds
[2026-05-28T08:30:47.449+0000] {processor.py:161} INFO - Started process (PID=4192) to work on /opt/airflow/dags/merge_dag.py
[2026-05-28T08:30:47.481+0000] {processor.py:830} INFO - Processing file /opt/airflow/dags/merge_dag.py for tasks to queue
[2026-05-28T08:30:47.520+0000] {logging_mixin.py:188} INFO - [2026-05-28T08:30:47.519+0000] {dagbag.py:540} INFO - Filling up the DagBag from /opt/airflow/dags/merge_dag.py
[2026-05-28T08:30:48.701+0000] {logging_mixin.py:188} INFO - DATA_PATH: /opt/airflow/data
[2026-05-28T08:30:48.869+0000] {logging_mixin.py:188} INFO - FILES: ['eu_fsf_sanctions.json', 'final_output.json', 'inegi_playwright.json', 'inegi_scraper.json', 'kaldata.db', 'telegraph.db']
[2026-05-28T08:30:48.921+0000] {logging_mixin.py:188} INFO - LOCK EXISTS: False
[2026-05-28T08:30:48.978+0000] {processor.py:840} INFO - DAG(s) 'merge_all_scrapers' retrieved from /opt/airflow/dags/merge_dag.py
[2026-05-28T08:30:49.209+0000] {logging_mixin.py:188} INFO - [2026-05-28T08:30:49.208+0000] {dag.py:3047} INFO - Sync 1 DAGs
[2026-05-28T08:30:49.341+0000] {logging_mixin.py:188} INFO - [2026-05-28T08:30:49.340+0000] {dag.py:3834} INFO - Setting next_dagrun for merge_all_scrapers to None, run_after=None
[2026-05-28T08:30:49.561+0000] {processor.py:183} INFO - Processing /opt/airflow/dags/merge_dag.py took 2.237 seconds
[2026-05-28T08:31:20.330+0000] {processor.py:161} INFO - Started process (PID=4222) to work on /opt/airflow/dags/merge_dag.py
[2026-05-28T08:31:20.335+0000] {processor.py:830} INFO - Processing file /opt/airflow/dags/merge_dag.py for tasks to queue
[2026-05-28T08:31:20.348+0000] {logging_mixin.py:188} INFO - [2026-05-28T08:31:20.338+0000] {dagbag.py:540} INFO - Filling up the DagBag from /opt/airflow/dags/merge_dag.py
[2026-05-28T08:31:20.408+0000] {logging_mixin.py:188} INFO - DATA_PATH: /opt/airflow/data
[2026-05-28T08:31:20.423+0000] {logging_mixin.py:188} INFO - FILES: ['eu_fsf_sanctions.json', 'final_output.json', 'inegi_playwright.json', 'inegi_scraper.json', 'kaldata.db', 'telegraph.db']
[2026-05-28T08:31:20.425+0000] {logging_mixin.py:188} INFO - LOCK EXISTS: False
[2026-05-28T08:31:20.447+0000] {processor.py:840} INFO - DAG(s) 'merge_all_scrapers' retrieved from /opt/airflow/dags/merge_dag.py
[2026-05-28T08:31:20.704+0000] {logging_mixin.py:188} INFO - [2026-05-28T08:31:20.703+0000] {dag.py:3047} INFO - Sync 1 DAGs
[2026-05-28T08:31:20.816+0000] {logging_mixin.py:188} INFO - [2026-05-28T08:31:20.816+0000] {dag.py:3834} INFO - Setting next_dagrun for merge_all_scrapers to None, run_after=None
[2026-05-28T08:31:20.975+0000] {processor.py:183} INFO - Processing /opt/airflow/dags/merge_dag.py took 0.692 seconds
[2026-05-28T08:31:55.351+0000] {processor.py:161} INFO - Started process (PID=4250) to work on /opt/airflow/dags/merge_dag.py
[2026-05-28T08:31:55.521+0000] {processor.py:830} INFO - Processing file /opt/airflow/dags/merge_dag.py for tasks to queue
[2026-05-28T08:31:55.530+0000] {logging_mixin.py:188} INFO - [2026-05-28T08:31:55.529+0000] {dagbag.py:540} INFO - Filling up the DagBag from /opt/airflow/dags/merge_dag.py
[2026-05-28T08:31:57.768+0000] {logging_mixin.py:188} INFO - DATA_PATH: /opt/airflow/data
[2026-05-28T08:31:57.910+0000] {logging_mixin.py:188} INFO - FILES: ['eu_fsf_sanctions.json', 'final_output.json', 'inegi_playwright.json', 'inegi_scraper.json', 'kaldata.db', 'telegraph.db']
[2026-05-28T08:31:57.912+0000] {logging_mixin.py:188} INFO - LOCK EXISTS: False
[2026-05-28T08:31:57.932+0000] {processor.py:840} INFO - DAG(s) 'merge_all_scrapers' retrieved from /opt/airflow/dags/merge_dag.py
[2026-05-28T08:31:58.143+0000] {logging_mixin.py:188} INFO - [2026-05-28T08:31:58.142+0000] {dag.py:3047} INFO - Sync 1 DAGs
[2026-05-28T08:31:58.321+0000] {logging_mixin.py:188} INFO - [2026-05-28T08:31:58.310+0000] {dag.py:3834} INFO - Setting next_dagrun for merge_all_scrapers to None, run_after=None
[2026-05-28T08:31:58.511+0000] {processor.py:183} INFO - Processing /opt/airflow/dags/merge_dag.py took 3.179 seconds
[2026-05-28T08:32:32.538+0000] {processor.py:161} INFO - Started process (PID=4280) to work on /opt/airflow/dags/merge_dag.py
[2026-05-28T08:32:32.563+0000] {processor.py:830} INFO - Processing file /opt/airflow/dags/merge_dag.py for tasks to queue
[2026-05-28T08:32:32.587+0000] {logging_mixin.py:188} INFO - [2026-05-28T08:32:32.586+0000] {dagbag.py:540} INFO - Filling up the DagBag from /opt/airflow/dags/merge_dag.py
[2026-05-28T08:32:34.199+0000] {logging_mixin.py:188} INFO - DATA_PATH: /opt/airflow/data
[2026-05-28T08:32:34.236+0000] {logging_mixin.py:188} INFO - FILES: ['eu_fsf_sanctions.json', 'final_output.json', 'inegi_playwright.json', 'inegi_scraper.json', 'kaldata.db', 'telegraph.db']
[2026-05-28T08:32:34.241+0000] {logging_mixin.py:188} INFO - LOCK EXISTS: False
[2026-05-28T08:32:34.277+0000] {processor.py:840} INFO - DAG(s) 'merge_all_scrapers' retrieved from /opt/airflow/dags/merge_dag.py
[2026-05-28T08:32:34.523+0000] {logging_mixin.py:188} INFO - [2026-05-28T08:32:34.511+0000] {dag.py:3047} INFO - Sync 1 DAGs
[2026-05-28T08:32:34.655+0000] {logging_mixin.py:188} INFO - [2026-05-28T08:32:34.654+0000] {dag.py:3834} INFO - Setting next_dagrun for merge_all_scrapers to None, run_after=None
[2026-05-28T08:32:34.812+0000] {processor.py:183} INFO - Processing /opt/airflow/dags/merge_dag.py took 2.310 seconds
[2026-05-28T08:33:07.849+0000] {processor.py:161} INFO - Started process (PID=4307) to work on /opt/airflow/dags/merge_dag.py
[2026-05-28T08:33:07.901+0000] {processor.py:830} INFO - Processing file /opt/airflow/dags/merge_dag.py for tasks to queue
[2026-05-28T08:33:07.946+0000] {logging_mixin.py:188} INFO - [2026-05-28T08:33:07.945+0000] {dagbag.py:540} INFO - Filling up the DagBag from /opt/airflow/dags/merge_dag.py
[2026-05-28T08:33:10.155+0000] {logging_mixin.py:188} INFO - DATA_PATH: /opt/airflow/data
[2026-05-28T08:33:10.768+0000] {logging_mixin.py:188} INFO - FILES: ['eu_fsf_sanctions.json', 'final_output.json', 'inegi_playwright.json', 'inegi_scraper.json', 'kaldata.db', 'telegraph.db']
[2026-05-28T08:33:10.795+0000] {logging_mixin.py:188} INFO - LOCK EXISTS: False
[2026-05-28T08:33:10.932+0000] {processor.py:840} INFO - DAG(s) 'merge_all_scrapers' retrieved from /opt/airflow/dags/merge_dag.py
[2026-05-28T08:33:11.671+0000] {logging_mixin.py:188} INFO - [2026-05-28T08:33:11.670+0000] {dag.py:3047} INFO - Sync 1 DAGs
[2026-05-28T08:33:11.843+0000] {logging_mixin.py:188} INFO - [2026-05-28T08:33:11.832+0000] {dag.py:3834} INFO - Setting next_dagrun for merge_all_scrapers to None, run_after=None
[2026-05-28T08:33:12.211+0000] {processor.py:183} INFO - Processing /opt/airflow/dags/merge_dag.py took 4.372 seconds
[2026-05-28T08:33:43.796+0000] {processor.py:161} INFO - Started process (PID=4342) to work on /opt/airflow/dags/merge_dag.py
[2026-05-28T08:33:43.801+0000] {processor.py:830} INFO - Processing file /opt/airflow/dags/merge_dag.py for tasks to queue
[2026-05-28T08:33:43.805+0000] {logging_mixin.py:188} INFO - [2026-05-28T08:33:43.804+0000] {dagbag.py:540} INFO - Filling up the DagBag from /opt/airflow/dags/merge_dag.py
[2026-05-28T08:33:43.854+0000] {logging_mixin.py:188} INFO - DATA_PATH: /opt/airflow/data
[2026-05-28T08:33:43.860+0000] {logging_mixin.py:188} INFO - FILES: ['eu_fsf_sanctions.json', 'final_output.json', 'inegi_playwright.json', 'inegi_scraper.json', 'kaldata.db', 'telegraph.db']
[2026-05-28T08:33:43.862+0000] {logging_mixin.py:188} INFO - LOCK EXISTS: False
[2026-05-28T08:33:43.888+0000] {processor.py:840} INFO - DAG(s) 'merge_all_scrapers' retrieved from /opt/airflow/dags/merge_dag.py
[2026-05-28T08:33:44.098+0000] {logging_mixin.py:188} INFO - [2026-05-28T08:33:44.097+0000] {dag.py:3047} INFO - Sync 1 DAGs
[2026-05-28T08:33:44.147+0000] {logging_mixin.py:188} INFO - [2026-05-28T08:33:44.146+0000] {dag.py:3834} INFO - Setting next_dagrun for merge_all_scrapers to None, run_after=None
[2026-05-28T08:33:44.256+0000] {processor.py:183} INFO - Processing /opt/airflow/dags/merge_dag.py took 0.474 seconds
[2026-05-28T08:34:16.911+0000] {processor.py:161} INFO - Started process (PID=4370) to work on /opt/airflow/dags/merge_dag.py
[2026-05-28T08:34:16.942+0000] {processor.py:830} INFO - Processing file /opt/airflow/dags/merge_dag.py for tasks to queue
[2026-05-28T08:34:16.954+0000] {logging_mixin.py:188} INFO - [2026-05-28T08:34:16.953+0000] {dagbag.py:540} INFO - Filling up the DagBag from /opt/airflow/dags/merge_dag.py
[2026-05-28T08:34:17.574+0000] {logging_mixin.py:188} INFO - DATA_PATH: /opt/airflow/data
[2026-05-28T08:34:17.661+0000] {logging_mixin.py:188} INFO - FILES: ['eu_fsf_sanctions.json', 'final_output.json', 'inegi_playwright.json', 'inegi_scraper.json', 'kaldata.db', 'telegraph.db']
[2026-05-28T08:34:17.675+0000] {logging_mixin.py:188} INFO - LOCK EXISTS: False
[2026-05-28T08:34:17.757+0000] {processor.py:840} INFO - DAG(s) 'merge_all_scrapers' retrieved from /opt/airflow/dags/merge_dag.py
[2026-05-28T08:34:18.731+0000] {logging_mixin.py:188} INFO - [2026-05-28T08:34:18.719+0000] {dag.py:3047} INFO - Sync 1 DAGs
[2026-05-28T08:34:19.101+0000] {logging_mixin.py:188} INFO - [2026-05-28T08:34:19.100+0000] {dag.py:3834} INFO - Setting next_dagrun for merge_all_scrapers to None, run_after=None
[2026-05-28T08:34:19.631+0000] {processor.py:183} INFO - Processing /opt/airflow/dags/merge_dag.py took 2.751 seconds
[2026-05-28T08:34:49.928+0000] {processor.py:161} INFO - Started process (PID=4397) to work on /opt/airflow/dags/merge_dag.py
[2026-05-28T08:34:49.932+0000] {processor.py:830} INFO - Processing file /opt/airflow/dags/merge_dag.py for tasks to queue
[2026-05-28T08:34:49.935+0000] {logging_mixin.py:188} INFO - [2026-05-28T08:34:49.934+0000] {dagbag.py:540} INFO - Filling up the DagBag from /opt/airflow/dags/merge_dag.py
[2026-05-28T08:34:49.975+0000] {logging_mixin.py:188} INFO - DATA_PATH: /opt/airflow/data
[2026-05-28T08:34:50.005+0000] {logging_mixin.py:188} INFO - FILES: ['eu_fsf_sanctions.json', 'final_output.json', 'inegi_playwright.json', 'inegi_scraper.json', 'kaldata.db', 'telegraph.db']
[2026-05-28T08:34:50.007+0000] {logging_mixin.py:188} INFO - LOCK EXISTS: False
[2026-05-28T08:34:50.023+0000] {processor.py:840} INFO - DAG(s) 'merge_all_scrapers' retrieved from /opt/airflow/dags/merge_dag.py
[2026-05-28T08:34:50.201+0000] {logging_mixin.py:188} INFO - [2026-05-28T08:34:50.200+0000] {dag.py:3047} INFO - Sync 1 DAGs
[2026-05-28T08:34:50.281+0000] {logging_mixin.py:188} INFO - [2026-05-28T08:34:50.280+0000] {dag.py:3834} INFO - Setting next_dagrun for merge_all_scrapers to None, run_after=None
[2026-05-28T08:34:50.381+0000] {processor.py:183} INFO - Processing /opt/airflow/dags/merge_dag.py took 0.464 seconds
[2026-05-28T08:35:21.214+0000] {processor.py:161} INFO - Started process (PID=4427) to work on /opt/airflow/dags/merge_dag.py
[2026-05-28T08:35:21.218+0000] {processor.py:830} INFO - Processing file /opt/airflow/dags/merge_dag.py for tasks to queue
[2026-05-28T08:35:21.222+0000] {logging_mixin.py:188} INFO - [2026-05-28T08:35:21.221+0000] {dagbag.py:540} INFO - Filling up the DagBag from /opt/airflow/dags/merge_dag.py
[2026-05-28T08:35:21.273+0000] {logging_mixin.py:188} INFO - DATA_PATH: /opt/airflow/data
[2026-05-28T08:35:21.279+0000] {logging_mixin.py:188} INFO - FILES: ['eu_fsf_sanctions.json', 'final_output.json', 'inegi_playwright.json', 'inegi_scraper.json', 'kaldata.db', 'telegraph.db']
[2026-05-28T08:35:21.281+0000] {logging_mixin.py:188} INFO - LOCK EXISTS: False
[2026-05-28T08:35:21.309+0000] {processor.py:840} INFO - DAG(s) 'merge_all_scrapers' retrieved from /opt/airflow/dags/merge_dag.py
[2026-05-28T08:35:21.531+0000] {logging_mixin.py:188} INFO - [2026-05-28T08:35:21.520+0000] {dag.py:3047} INFO - Sync 1 DAGs
[2026-05-28T08:35:21.829+0000] {logging_mixin.py:188} INFO - [2026-05-28T08:35:21.818+0000] {dag.py:3834} INFO - Setting next_dagrun for merge_all_scrapers to None, run_after=None
[2026-05-28T08:35:22.137+0000] {processor.py:183} INFO - Processing /opt/airflow/dags/merge_dag.py took 0.942 seconds
[2026-05-28T08:35:53.958+0000] {processor.py:161} INFO - Started process (PID=4457) to work on /opt/airflow/dags/merge_dag.py
[2026-05-28T08:35:54.166+0000] {processor.py:830} INFO - Processing file /opt/airflow/dags/merge_dag.py for tasks to queue
[2026-05-28T08:35:54.171+0000] {logging_mixin.py:188} INFO - [2026-05-28T08:35:54.170+0000] {dagbag.py:540} INFO - Filling up the DagBag from /opt/airflow/dags/merge_dag.py
[2026-05-28T08:35:54.748+0000] {logging_mixin.py:188} INFO - DATA_PATH: /opt/airflow/data
[2026-05-28T08:35:54.788+0000] {logging_mixin.py:188} INFO - FILES: ['eu_fsf_sanctions.json', 'final_output.json', 'inegi_playwright.json', 'inegi_scraper.json', 'kaldata.db', 'telegraph.db']
[2026-05-28T08:35:54.808+0000] {logging_mixin.py:188} INFO - LOCK EXISTS: False
[2026-05-28T08:35:54.856+0000] {processor.py:840} INFO - DAG(s) 'merge_all_scrapers' retrieved from /opt/airflow/dags/merge_dag.py
[2026-05-28T08:35:54.995+0000] {logging_mixin.py:188} INFO - [2026-05-28T08:35:54.994+0000] {dag.py:3047} INFO - Sync 1 DAGs
[2026-05-28T08:35:55.036+0000] {logging_mixin.py:188} INFO - [2026-05-28T08:35:55.035+0000] {dag.py:3834} INFO - Setting next_dagrun for merge_all_scrapers to None, run_after=None
[2026-05-28T08:35:55.122+0000] {processor.py:183} INFO - Processing /opt/airflow/dags/merge_dag.py took 1.185 seconds
[2026-05-28T08:36:26.744+0000] {processor.py:161} INFO - Started process (PID=4487) to work on /opt/airflow/dags/merge_dag.py
[2026-05-28T08:36:26.748+0000] {processor.py:830} INFO - Processing file /opt/airflow/dags/merge_dag.py for tasks to queue
[2026-05-28T08:36:26.760+0000] {logging_mixin.py:188} INFO - [2026-05-28T08:36:26.759+0000] {dagbag.py:540} INFO - Filling up the DagBag from /opt/airflow/dags/merge_dag.py
[2026-05-28T08:36:26.837+0000] {logging_mixin.py:188} INFO - DATA_PATH: /opt/airflow/data
[2026-05-28T08:36:26.843+0000] {logging_mixin.py:188} INFO - FILES: ['eu_fsf_sanctions.json', 'final_output.json', 'inegi_playwright.json', 'inegi_scraper.json', 'kaldata.db', 'telegraph.db']
[2026-05-28T08:36:26.845+0000] {logging_mixin.py:188} INFO - LOCK EXISTS: False
[2026-05-28T08:36:26.868+0000] {processor.py:840} INFO - DAG(s) 'merge_all_scrapers' retrieved from /opt/airflow/dags/merge_dag.py
[2026-05-28T08:36:26.983+0000] {logging_mixin.py:188} INFO - [2026-05-28T08:36:26.982+0000] {dag.py:3047} INFO - Sync 1 DAGs
[2026-05-28T08:36:27.024+0000] {logging_mixin.py:188} INFO - [2026-05-28T08:36:27.024+0000] {dag.py:3834} INFO - Setting next_dagrun for merge_all_scrapers to None, run_after=None
[2026-05-28T08:36:27.161+0000] {processor.py:183} INFO - Processing /opt/airflow/dags/merge_dag.py took 0.447 seconds
[2026-05-28T08:36:57.923+0000] {processor.py:161} INFO - Started process (PID=4517) to work on /opt/airflow/dags/merge_dag.py
[2026-05-28T08:36:57.927+0000] {processor.py:830} INFO - Processing file /opt/airflow/dags/merge_dag.py for tasks to queue
[2026-05-28T08:36:57.934+0000] {logging_mixin.py:188} INFO - [2026-05-28T08:36:57.932+0000] {dagbag.py:540} INFO - Filling up the DagBag from /opt/airflow/dags/merge_dag.py
[2026-05-28T08:36:57.988+0000] {logging_mixin.py:188} INFO - DATA_PATH: /opt/airflow/data
[2026-05-28T08:36:57.992+0000] {logging_mixin.py:188} INFO - FILES: ['eu_fsf_sanctions.json', 'final_output.json', 'inegi_playwright.json', 'inegi_scraper.json', 'kaldata.db', 'telegraph.db']
[2026-05-28T08:36:57.995+0000] {logging_mixin.py:188} INFO - LOCK EXISTS: False
[2026-05-28T08:36:58.011+0000] {processor.py:840} INFO - DAG(s) 'merge_all_scrapers' retrieved from /opt/airflow/dags/merge_dag.py
[2026-05-28T08:36:58.128+0000] {logging_mixin.py:188} INFO - [2026-05-28T08:36:58.127+0000] {dag.py:3047} INFO - Sync 1 DAGs
[2026-05-28T08:36:58.176+0000] {logging_mixin.py:188} INFO - [2026-05-28T08:36:58.175+0000] {dag.py:3834} INFO - Setting next_dagrun for merge_all_scrapers to None, run_after=None
[2026-05-28T08:36:58.257+0000] {processor.py:183} INFO - Processing /opt/airflow/dags/merge_dag.py took 0.355 seconds
[2026-05-28T08:37:30.579+0000] {processor.py:161} INFO - Started process (PID=4547) to work on /opt/airflow/dags/merge_dag.py
[2026-05-28T08:37:30.597+0000] {processor.py:830} INFO - Processing file /opt/airflow/dags/merge_dag.py for tasks to queue
[2026-05-28T08:37:30.631+0000] {logging_mixin.py:188} INFO - [2026-05-28T08:37:30.630+0000] {dagbag.py:540} INFO - Filling up the DagBag from /opt/airflow/dags/merge_dag.py
[2026-05-28T08:37:30.856+0000] {logging_mixin.py:188} INFO - DATA_PATH: /opt/airflow/data
[2026-05-28T08:37:30.865+0000] {logging_mixin.py:188} INFO - FILES: ['eu_fsf_sanctions.json', 'final_output.json', 'inegi_playwright.json', 'inegi_scraper.json', 'kaldata.db', 'telegraph.db']
[2026-05-28T08:37:30.873+0000] {logging_mixin.py:188} INFO - LOCK EXISTS: False
[2026-05-28T08:37:30.905+0000] {processor.py:840} INFO - DAG(s) 'merge_all_scrapers' retrieved from /opt/airflow/dags/merge_dag.py
[2026-05-28T08:37:31.116+0000] {logging_mixin.py:188} INFO - [2026-05-28T08:37:31.115+0000] {dag.py:3047} INFO - Sync 1 DAGs
[2026-05-28T08:37:31.232+0000] {logging_mixin.py:188} INFO - [2026-05-28T08:37:31.231+0000] {dag.py:3834} INFO - Setting next_dagrun for merge_all_scrapers to None, run_after=None
[2026-05-28T08:37:31.376+0000] {processor.py:183} INFO - Processing /opt/airflow/dags/merge_dag.py took 0.816 seconds
[2026-05-28T08:38:02.576+0000] {processor.py:161} INFO - Started process (PID=4577) to work on /opt/airflow/dags/merge_dag.py
[2026-05-28T08:38:02.580+0000] {processor.py:830} INFO - Processing file /opt/airflow/dags/merge_dag.py for tasks to queue
[2026-05-28T08:38:02.583+0000] {logging_mixin.py:188} INFO - [2026-05-28T08:38:02.583+0000] {dagbag.py:540} INFO - Filling up the DagBag from /opt/airflow/dags/merge_dag.py
[2026-05-28T08:38:02.811+0000] {logging_mixin.py:188} INFO - DATA_PATH: /opt/airflow/data
[2026-05-28T08:38:02.851+0000] {logging_mixin.py:188} INFO - FILES: ['eu_fsf_sanctions.json', 'final_output.json', 'inegi_playwright.json', 'inegi_scraper.json', 'kaldata.db', 'telegraph.db']
[2026-05-28T08:38:02.858+0000] {logging_mixin.py:188} INFO - LOCK EXISTS: False
[2026-05-28T08:38:02.878+0000] {processor.py:840} INFO - DAG(s) 'merge_all_scrapers' retrieved from /opt/airflow/dags/merge_dag.py
[2026-05-28T08:38:03.100+0000] {logging_mixin.py:188} INFO - [2026-05-28T08:38:03.087+0000] {dag.py:3047} INFO - Sync 1 DAGs
[2026-05-28T08:38:03.214+0000] {logging_mixin.py:188} INFO - [2026-05-28T08:38:03.213+0000] {dag.py:3834} INFO - Setting next_dagrun for merge_all_scrapers to None, run_after=None
[2026-05-28T08:38:03.636+0000] {processor.py:183} INFO - Processing /opt/airflow/dags/merge_dag.py took 1.075 seconds
[2026-05-28T08:38:34.940+0000] {processor.py:161} INFO - Started process (PID=4607) to work on /opt/airflow/dags/merge_dag.py
[2026-05-28T08:38:34.944+0000] {processor.py:830} INFO - Processing file /opt/airflow/dags/merge_dag.py for tasks to queue
[2026-05-28T08:38:34.951+0000] {logging_mixin.py:188} INFO - [2026-05-28T08:38:34.950+0000] {dagbag.py:540} INFO - Filling up the DagBag from /opt/airflow/dags/merge_dag.py
[2026-05-28T08:38:35.165+0000] {logging_mixin.py:188} INFO - DATA_PATH: /opt/airflow/data
[2026-05-28T08:38:35.204+0000] {logging_mixin.py:188} INFO - FILES: ['eu_fsf_sanctions.json', 'final_output.json', 'inegi_playwright.json', 'inegi_scraper.json', 'kaldata.db', 'telegraph.db']
[2026-05-28T08:38:35.206+0000] {logging_mixin.py:188} INFO - LOCK EXISTS: False
[2026-05-28T08:38:35.226+0000] {processor.py:840} INFO - DAG(s) 'merge_all_scrapers' retrieved from /opt/airflow/dags/merge_dag.py
[2026-05-28T08:38:35.479+0000] {logging_mixin.py:188} INFO - [2026-05-28T08:38:35.469+0000] {dag.py:3047} INFO - Sync 1 DAGs
[2026-05-28T08:38:35.790+0000] {logging_mixin.py:188} INFO - [2026-05-28T08:38:35.771+0000] {dag.py:3834} INFO - Setting next_dagrun for merge_all_scrapers to None, run_after=None
[2026-05-28T08:38:36.568+0000] {processor.py:183} INFO - Processing /opt/airflow/dags/merge_dag.py took 1.653 seconds
[2026-05-28T08:39:12.574+0000] {processor.py:161} INFO - Started process (PID=4637) to work on /opt/airflow/dags/merge_dag.py
[2026-05-28T08:39:12.609+0000] {processor.py:830} INFO - Processing file /opt/airflow/dags/merge_dag.py for tasks to queue
[2026-05-28T08:39:12.729+0000] {logging_mixin.py:188} INFO - [2026-05-28T08:39:12.728+0000] {dagbag.py:540} INFO - Filling up the DagBag from /opt/airflow/dags/merge_dag.py
[2026-05-28T08:39:13.641+0000] {logging_mixin.py:188} INFO - DATA_PATH: /opt/airflow/data
[2026-05-28T08:39:13.654+0000] {logging_mixin.py:188} INFO - FILES: ['eu_fsf_sanctions.json', 'final_output.json', 'inegi_playwright.json', 'inegi_scraper.json', 'kaldata.db', 'telegraph.db']
[2026-05-28T08:39:13.664+0000] {logging_mixin.py:188} INFO - LOCK EXISTS: False
[2026-05-28T08:39:13.680+0000] {processor.py:840} INFO - DAG(s) 'merge_all_scrapers' retrieved from /opt/airflow/dags/merge_dag.py
[2026-05-28T08:39:14.040+0000] {logging_mixin.py:188} INFO - [2026-05-28T08:39:14.039+0000] {dag.py:3047} INFO - Sync 1 DAGs
[2026-05-28T08:39:14.202+0000] {logging_mixin.py:188} INFO - [2026-05-28T08:39:14.201+0000] {dag.py:3834} INFO - Setting next_dagrun for merge_all_scrapers to None, run_after=None
[2026-05-28T08:39:14.491+0000] {processor.py:183} INFO - Processing /opt/airflow/dags/merge_dag.py took 1.938 seconds
[2026-05-28T08:39:44.976+0000] {processor.py:161} INFO - Started process (PID=4667) to work on /opt/airflow/dags/merge_dag.py
[2026-05-28T08:39:44.980+0000] {processor.py:830} INFO - Processing file /opt/airflow/dags/merge_dag.py for tasks to queue
[2026-05-28T08:39:44.984+0000] {logging_mixin.py:188} INFO - [2026-05-28T08:39:44.983+0000] {dagbag.py:540} INFO - Filling up the DagBag from /opt/airflow/dags/merge_dag.py
[2026-05-28T08:39:45.024+0000] {logging_mixin.py:188} INFO - DATA_PATH: /opt/airflow/data
[2026-05-28T08:39:45.029+0000] {logging_mixin.py:188} INFO - FILES: ['eu_fsf_sanctions.json', 'final_output.json', 'inegi_playwright.json', 'inegi_scraper.json', 'kaldata.db', 'telegraph.db']
[2026-05-28T08:39:45.031+0000] {logging_mixin.py:188} INFO - LOCK EXISTS: False
[2026-05-28T08:39:45.050+0000] {processor.py:840} INFO - DAG(s) 'merge_all_scrapers' retrieved from /opt/airflow/dags/merge_dag.py
[2026-05-28T08:39:45.300+0000] {logging_mixin.py:188} INFO - [2026-05-28T08:39:45.299+0000] {dag.py:3047} INFO - Sync 1 DAGs
[2026-05-28T08:39:45.442+0000] {logging_mixin.py:188} INFO - [2026-05-28T08:39:45.441+0000] {dag.py:3834} INFO - Setting next_dagrun for merge_all_scrapers to None, run_after=None
[2026-05-28T08:39:45.671+0000] {processor.py:183} INFO - Processing /opt/airflow/dags/merge_dag.py took 0.712 seconds
[2026-05-28T08:40:16.369+0000] {processor.py:161} INFO - Started process (PID=4697) to work on /opt/airflow/dags/merge_dag.py
[2026-05-28T08:40:16.373+0000] {processor.py:830} INFO - Processing file /opt/airflow/dags/merge_dag.py for tasks to queue
[2026-05-28T08:40:16.378+0000] {logging_mixin.py:188} INFO - [2026-05-28T08:40:16.377+0000] {dagbag.py:540} INFO - Filling up the DagBag from /opt/airflow/dags/merge_dag.py
[2026-05-28T08:40:16.428+0000] {logging_mixin.py:188} INFO - DATA_PATH: /opt/airflow/data
[2026-05-28T08:40:16.436+0000] {logging_mixin.py:188} INFO - FILES: ['eu_fsf_sanctions.json', 'final_output.json', 'inegi_playwright.json', 'inegi_scraper.json', 'kaldata.db', 'telegraph.db']
[2026-05-28T08:40:16.438+0000] {logging_mixin.py:188} INFO - LOCK EXISTS: False
[2026-05-28T08:40:16.451+0000] {processor.py:840} INFO - DAG(s) 'merge_all_scrapers' retrieved from /opt/airflow/dags/merge_dag.py
[2026-05-28T08:40:16.534+0000] {logging_mixin.py:188} INFO - [2026-05-28T08:40:16.533+0000] {dag.py:3047} INFO - Sync 1 DAGs
[2026-05-28T08:40:16.573+0000] {logging_mixin.py:188} INFO - [2026-05-28T08:40:16.572+0000] {dag.py:3834} INFO - Setting next_dagrun for merge_all_scrapers to None, run_after=None
[2026-05-28T08:40:16.674+0000] {processor.py:183} INFO - Processing /opt/airflow/dags/merge_dag.py took 0.320 seconds
[2026-05-28T08:40:47.090+0000] {processor.py:161} INFO - Started process (PID=4727) to work on /opt/airflow/dags/merge_dag.py
[2026-05-28T08:40:47.093+0000] {processor.py:830} INFO - Processing file /opt/airflow/dags/merge_dag.py for tasks to queue
[2026-05-28T08:40:47.096+0000] {logging_mixin.py:188} INFO - [2026-05-28T08:40:47.095+0000] {dagbag.py:540} INFO - Filling up the DagBag from /opt/airflow/dags/merge_dag.py
[2026-05-28T08:40:47.136+0000] {logging_mixin.py:188} INFO - DATA_PATH: /opt/airflow/data
[2026-05-28T08:40:47.143+0000] {logging_mixin.py:188} INFO - FILES: ['eu_fsf_sanctions.json', 'final_output.json', 'inegi_playwright.json', 'inegi_scraper.json', 'kaldata.db', 'telegraph.db']
[2026-05-28T08:40:47.145+0000] {logging_mixin.py:188} INFO - LOCK EXISTS: False
[2026-05-28T08:40:47.157+0000] {processor.py:840} INFO - DAG(s) 'merge_all_scrapers' retrieved from /opt/airflow/dags/merge_dag.py
[2026-05-28T08:40:47.241+0000] {logging_mixin.py:188} INFO - [2026-05-28T08:40:47.240+0000] {dag.py:3047} INFO - Sync 1 DAGs
[2026-05-28T08:40:47.280+0000] {logging_mixin.py:188} INFO - [2026-05-28T08:40:47.279+0000] {dag.py:3834} INFO - Setting next_dagrun for merge_all_scrapers to None, run_after=None
[2026-05-28T08:40:47.342+0000] {processor.py:183} INFO - Processing /opt/airflow/dags/merge_dag.py took 0.267 seconds
[2026-05-28T08:41:18.089+0000] {processor.py:161} INFO - Started process (PID=4757) to work on /opt/airflow/dags/merge_dag.py
[2026-05-28T08:41:18.092+0000] {processor.py:830} INFO - Processing file /opt/airflow/dags/merge_dag.py for tasks to queue
[2026-05-28T08:41:18.096+0000] {logging_mixin.py:188} INFO - [2026-05-28T08:41:18.094+0000] {dagbag.py:540} INFO - Filling up the DagBag from /opt/airflow/dags/merge_dag.py
[2026-05-28T08:41:18.135+0000] {logging_mixin.py:188} INFO - DATA_PATH: /opt/airflow/data
[2026-05-28T08:41:18.141+0000] {logging_mixin.py:188} INFO - FILES: ['eu_fsf_sanctions.json', 'final_output.json', 'inegi_playwright.json', 'inegi_scraper.json', 'kaldata.db', 'telegraph.db']
[2026-05-28T08:41:18.143+0000] {logging_mixin.py:188} INFO - LOCK EXISTS: False
[2026-05-28T08:41:18.153+0000] {processor.py:840} INFO - DAG(s) 'merge_all_scrapers' retrieved from /opt/airflow/dags/merge_dag.py
[2026-05-28T08:41:18.252+0000] {logging_mixin.py:188} INFO - [2026-05-28T08:41:18.251+0000] {dag.py:3047} INFO - Sync 1 DAGs
[2026-05-28T08:41:18.292+0000] {logging_mixin.py:188} INFO - [2026-05-28T08:41:18.292+0000] {dag.py:3834} INFO - Setting next_dagrun for merge_all_scrapers to None, run_after=None
[2026-05-28T08:41:18.351+0000] {processor.py:183} INFO - Processing /opt/airflow/dags/merge_dag.py took 0.272 seconds
[2026-05-28T08:41:49.553+0000] {processor.py:161} INFO - Started process (PID=4787) to work on /opt/airflow/dags/merge_dag.py
[2026-05-28T08:41:49.569+0000] {processor.py:830} INFO - Processing file /opt/airflow/dags/merge_dag.py for tasks to queue
[2026-05-28T08:41:49.578+0000] {logging_mixin.py:188} INFO - [2026-05-28T08:41:49.577+0000] {dagbag.py:540} INFO - Filling up the DagBag from /opt/airflow/dags/merge_dag.py
[2026-05-28T08:41:49.626+0000] {logging_mixin.py:188} INFO - DATA_PATH: /opt/airflow/data
[2026-05-28T08:41:49.630+0000] {logging_mixin.py:188} INFO - FILES: ['eu_fsf_sanctions.json', 'final_output.json', 'inegi_playwright.json', 'inegi_scraper.json', 'kaldata.db', 'telegraph.db']
[2026-05-28T08:41:49.632+0000] {logging_mixin.py:188} INFO - LOCK EXISTS: False
[2026-05-28T08:41:49.642+0000] {processor.py:840} INFO - DAG(s) 'merge_all_scrapers' retrieved from /opt/airflow/dags/merge_dag.py
[2026-05-28T08:41:49.718+0000] {logging_mixin.py:188} INFO - [2026-05-28T08:41:49.717+0000] {dag.py:3047} INFO - Sync 1 DAGs
[2026-05-28T08:41:49.761+0000] {logging_mixin.py:188} INFO - [2026-05-28T08:41:49.760+0000] {dag.py:3834} INFO - Setting next_dagrun for merge_all_scrapers to None, run_after=None
[2026-05-28T08:41:49.833+0000] {processor.py:183} INFO - Processing /opt/airflow/dags/merge_dag.py took 0.299 seconds
[2026-05-28T08:42:21.787+0000] {processor.py:161} INFO - Started process (PID=4817) to work on /opt/airflow/dags/merge_dag.py
[2026-05-28T08:42:21.817+0000] {processor.py:830} INFO - Processing file /opt/airflow/dags/merge_dag.py for tasks to queue
[2026-05-28T08:42:21.823+0000] {logging_mixin.py:188} INFO - [2026-05-28T08:42:21.822+0000] {dagbag.py:540} INFO - Filling up the DagBag from /opt/airflow/dags/merge_dag.py
[2026-05-28T08:42:21.922+0000] {logging_mixin.py:188} INFO - DATA_PATH: /opt/airflow/data
[2026-05-28T08:42:21.937+0000] {logging_mixin.py:188} INFO - FILES: ['eu_fsf_sanctions.json', 'final_output.json', 'inegi_playwright.json', 'inegi_scraper.json', 'kaldata.db', 'telegraph.db']
[2026-05-28T08:42:21.946+0000] {logging_mixin.py:188} INFO - LOCK EXISTS: False
[2026-05-28T08:42:21.977+0000] {processor.py:840} INFO - DAG(s) 'merge_all_scrapers' retrieved from /opt/airflow/dags/merge_dag.py
[2026-05-28T08:42:22.217+0000] {logging_mixin.py:188} INFO - [2026-05-28T08:42:22.211+0000] {dag.py:3047} INFO - Sync 1 DAGs
[2026-05-28T08:42:22.508+0000] {logging_mixin.py:188} INFO - [2026-05-28T08:42:22.507+0000] {dag.py:3834} INFO - Setting next_dagrun for merge_all_scrapers to None, run_after=None
[2026-05-28T08:42:22.657+0000] {processor.py:183} INFO - Processing /opt/airflow/dags/merge_dag.py took 0.910 seconds
[2026-05-28T08:42:52.927+0000] {processor.py:161} INFO - Started process (PID=4847) to work on /opt/airflow/dags/merge_dag.py
[2026-05-28T08:42:52.930+0000] {processor.py:830} INFO - Processing file /opt/airflow/dags/merge_dag.py for tasks to queue
[2026-05-28T08:42:52.934+0000] {logging_mixin.py:188} INFO - [2026-05-28T08:42:52.933+0000] {dagbag.py:540} INFO - Filling up the DagBag from /opt/airflow/dags/merge_dag.py
[2026-05-28T08:42:52.969+0000] {logging_mixin.py:188} INFO - DATA_PATH: /opt/airflow/data
[2026-05-28T08:42:52.973+0000] {logging_mixin.py:188} INFO - FILES: ['eu_fsf_sanctions.json', 'final_output.json', 'inegi_playwright.json', 'inegi_scraper.json', 'kaldata.db', 'telegraph.db']
[2026-05-28T08:42:52.974+0000] {logging_mixin.py:188} INFO - LOCK EXISTS: False
[2026-05-28T08:42:52.985+0000] {processor.py:840} INFO - DAG(s) 'merge_all_scrapers' retrieved from /opt/airflow/dags/merge_dag.py
[2026-05-28T08:42:53.064+0000] {logging_mixin.py:188} INFO - [2026-05-28T08:42:53.063+0000] {dag.py:3047} INFO - Sync 1 DAGs
[2026-05-28T08:42:53.101+0000] {logging_mixin.py:188} INFO - [2026-05-28T08:42:53.101+0000] {dag.py:3834} INFO - Setting next_dagrun for merge_all_scrapers to None, run_after=None
[2026-05-28T08:42:53.178+0000] {processor.py:183} INFO - Processing /opt/airflow/dags/merge_dag.py took 0.263 seconds
[2026-05-28T08:43:23.952+0000] {processor.py:161} INFO - Started process (PID=4877) to work on /opt/airflow/dags/merge_dag.py
[2026-05-28T08:43:23.955+0000] {processor.py:830} INFO - Processing file /opt/airflow/dags/merge_dag.py for tasks to queue
[2026-05-28T08:43:23.958+0000] {logging_mixin.py:188} INFO - [2026-05-28T08:43:23.957+0000] {dagbag.py:540} INFO - Filling up the DagBag from /opt/airflow/dags/merge_dag.py
[2026-05-28T08:43:23.995+0000] {logging_mixin.py:188} INFO - DATA_PATH: /opt/airflow/data
[2026-05-28T08:43:24.000+0000] {logging_mixin.py:188} INFO - FILES: ['eu_fsf_sanctions.json', 'final_output.json', 'inegi_playwright.json', 'inegi_scraper.json', 'kaldata.db', 'telegraph.db']
[2026-05-28T08:43:24.001+0000] {logging_mixin.py:188} INFO - LOCK EXISTS: False
[2026-05-28T08:43:24.011+0000] {processor.py:840} INFO - DAG(s) 'merge_all_scrapers' retrieved from /opt/airflow/dags/merge_dag.py
[2026-05-28T08:43:24.149+0000] {logging_mixin.py:188} INFO - [2026-05-28T08:43:24.148+0000] {dag.py:3047} INFO - Sync 1 DAGs
[2026-05-28T08:43:24.193+0000] {logging_mixin.py:188} INFO - [2026-05-28T08:43:24.192+0000] {dag.py:3834} INFO - Setting next_dagrun for merge_all_scrapers to None, run_after=None
[2026-05-28T08:43:24.260+0000] {processor.py:183} INFO - Processing /opt/airflow/dags/merge_dag.py took 0.318 seconds
[2026-05-28T08:43:54.728+0000] {processor.py:161} INFO - Started process (PID=4907) to work on /opt/airflow/dags/merge_dag.py
[2026-05-28T08:43:54.731+0000] {processor.py:830} INFO - Processing file /opt/airflow/dags/merge_dag.py for tasks to queue
[2026-05-28T08:43:54.735+0000] {logging_mixin.py:188} INFO - [2026-05-28T08:43:54.733+0000] {dagbag.py:540} INFO - Filling up the DagBag from /opt/airflow/dags/merge_dag.py
[2026-05-28T08:43:54.770+0000] {logging_mixin.py:188} INFO - DATA_PATH: /opt/airflow/data
[2026-05-28T08:43:54.774+0000] {logging_mixin.py:188} INFO - FILES: ['eu_fsf_sanctions.json', 'final_output.json', 'inegi_playwright.json', 'inegi_scraper.json', 'kaldata.db', 'telegraph.db']
[2026-05-28T08:43:54.777+0000] {logging_mixin.py:188} INFO - LOCK EXISTS: False
[2026-05-28T08:43:54.788+0000] {processor.py:840} INFO - DAG(s) 'merge_all_scrapers' retrieved from /opt/airflow/dags/merge_dag.py
[2026-05-28T08:43:54.861+0000] {logging_mixin.py:188} INFO - [2026-05-28T08:43:54.860+0000] {dag.py:3047} INFO - Sync 1 DAGs
[2026-05-28T08:43:54.902+0000] {logging_mixin.py:188} INFO - [2026-05-28T08:43:54.902+0000] {dag.py:3834} INFO - Setting next_dagrun for merge_all_scrapers to None, run_after=None
[2026-05-28T08:43:54.962+0000] {processor.py:183} INFO - Processing /opt/airflow/dags/merge_dag.py took 0.246 seconds
[2026-05-28T08:44:25.666+0000] {processor.py:161} INFO - Started process (PID=4937) to work on /opt/airflow/dags/merge_dag.py
[2026-05-28T08:44:25.670+0000] {processor.py:830} INFO - Processing file /opt/airflow/dags/merge_dag.py for tasks to queue
[2026-05-28T08:44:25.673+0000] {logging_mixin.py:188} INFO - [2026-05-28T08:44:25.672+0000] {dagbag.py:540} INFO - Filling up the DagBag from /opt/airflow/dags/merge_dag.py
[2026-05-28T08:44:25.707+0000] {logging_mixin.py:188} INFO - DATA_PATH: /opt/airflow/data
[2026-05-28T08:44:25.711+0000] {logging_mixin.py:188} INFO - FILES: ['eu_fsf_sanctions.json', 'final_output.json', 'inegi_playwright.json', 'inegi_scraper.json', 'kaldata.db', 'telegraph.db']
[2026-05-28T08:44:25.712+0000] {logging_mixin.py:188} INFO - LOCK EXISTS: False
[2026-05-28T08:44:25.723+0000] {processor.py:840} INFO - DAG(s) 'merge_all_scrapers' retrieved from /opt/airflow/dags/merge_dag.py
[2026-05-28T08:44:25.795+0000] {logging_mixin.py:188} INFO - [2026-05-28T08:44:25.793+0000] {dag.py:3047} INFO - Sync 1 DAGs
[2026-05-28T08:44:25.834+0000] {logging_mixin.py:188} INFO - [2026-05-28T08:44:25.833+0000] {dag.py:3834} INFO - Setting next_dagrun for merge_all_scrapers to None, run_after=None
[2026-05-28T08:44:25.890+0000] {processor.py:183} INFO - Processing /opt/airflow/dags/merge_dag.py took 0.235 seconds
[2026-05-28T08:44:56.597+0000] {processor.py:161} INFO - Started process (PID=4967) to work on /opt/airflow/dags/merge_dag.py
[2026-05-28T08:44:56.600+0000] {processor.py:830} INFO - Processing file /opt/airflow/dags/merge_dag.py for tasks to queue
[2026-05-28T08:44:56.603+0000] {logging_mixin.py:188} INFO - [2026-05-28T08:44:56.602+0000] {dagbag.py:540} INFO - Filling up the DagBag from /opt/airflow/dags/merge_dag.py
[2026-05-28T08:44:56.655+0000] {logging_mixin.py:188} INFO - DATA_PATH: /opt/airflow/data
[2026-05-28T08:44:56.661+0000] {logging_mixin.py:188} INFO - FILES: ['eu_fsf_sanctions.json', 'final_output.json', 'inegi_playwright.json', 'inegi_scraper.json', 'kaldata.db', 'telegraph.db']
[2026-05-28T08:44:56.663+0000] {logging_mixin.py:188} INFO - LOCK EXISTS: False
[2026-05-28T08:44:56.675+0000] {processor.py:840} INFO - DAG(s) 'merge_all_scrapers' retrieved from /opt/airflow/dags/merge_dag.py
[2026-05-28T08:44:56.761+0000] {logging_mixin.py:188} INFO - [2026-05-28T08:44:56.760+0000] {dag.py:3047} INFO - Sync 1 DAGs
[2026-05-28T08:44:56.806+0000] {logging_mixin.py:188} INFO - [2026-05-28T08:44:56.805+0000] {dag.py:3834} INFO - Setting next_dagrun for merge_all_scrapers to None, run_after=None
[2026-05-28T08:44:56.983+0000] {processor.py:183} INFO - Processing /opt/airflow/dags/merge_dag.py took 0.396 seconds
[2026-05-28T08:45:27.198+0000] {processor.py:161} INFO - Started process (PID=4997) to work on /opt/airflow/dags/merge_dag.py
[2026-05-28T08:45:27.201+0000] {processor.py:830} INFO - Processing file /opt/airflow/dags/merge_dag.py for tasks to queue
[2026-05-28T08:45:27.205+0000] {logging_mixin.py:188} INFO - [2026-05-28T08:45:27.204+0000] {dagbag.py:540} INFO - Filling up the DagBag from /opt/airflow/dags/merge_dag.py
[2026-05-28T08:45:27.247+0000] {logging_mixin.py:188} INFO - DATA_PATH: /opt/airflow/data
[2026-05-28T08:45:27.250+0000] {logging_mixin.py:188} INFO - FILES: ['eu_fsf_sanctions.json', 'final_output.json', 'inegi_playwright.json', 'inegi_scraper.json', 'kaldata.db', 'telegraph.db']
[2026-05-28T08:45:27.252+0000] {logging_mixin.py:188} INFO - LOCK EXISTS: False
[2026-05-28T08:45:27.266+0000] {processor.py:840} INFO - DAG(s) 'merge_all_scrapers' retrieved from /opt/airflow/dags/merge_dag.py
[2026-05-28T08:45:27.404+0000] {logging_mixin.py:188} INFO - [2026-05-28T08:45:27.403+0000] {dag.py:3047} INFO - Sync 1 DAGs
[2026-05-28T08:45:27.449+0000] {logging_mixin.py:188} INFO - [2026-05-28T08:45:27.449+0000] {dag.py:3834} INFO - Setting next_dagrun for merge_all_scrapers to None, run_after=None
[2026-05-28T08:45:27.503+0000] {processor.py:183} INFO - Processing /opt/airflow/dags/merge_dag.py took 0.319 seconds
[2026-05-28T08:45:58.215+0000] {processor.py:161} INFO - Started process (PID=5027) to work on /opt/airflow/dags/merge_dag.py
[2026-05-28T08:45:58.219+0000] {processor.py:830} INFO - Processing file /opt/airflow/dags/merge_dag.py for tasks to queue
[2026-05-28T08:45:58.222+0000] {logging_mixin.py:188} INFO - [2026-05-28T08:45:58.222+0000] {dagbag.py:540} INFO - Filling up the DagBag from /opt/airflow/dags/merge_dag.py
[2026-05-28T08:45:58.260+0000] {logging_mixin.py:188} INFO - DATA_PATH: /opt/airflow/data
[2026-05-28T08:45:58.266+0000] {logging_mixin.py:188} INFO - FILES: ['eu_fsf_sanctions.json', 'final_output.json', 'inegi_playwright.json', 'inegi_scraper.json', 'kaldata.db', 'telegraph.db']
[2026-05-28T08:45:58.267+0000] {logging_mixin.py:188} INFO - LOCK EXISTS: False
[2026-05-28T08:45:58.278+0000] {processor.py:840} INFO - DAG(s) 'merge_all_scrapers' retrieved from /opt/airflow/dags/merge_dag.py
[2026-05-28T08:45:58.357+0000] {logging_mixin.py:188} INFO - [2026-05-28T08:45:58.357+0000] {dag.py:3047} INFO - Sync 1 DAGs
[2026-05-28T08:45:58.393+0000] {logging_mixin.py:188} INFO - [2026-05-28T08:45:58.392+0000] {dag.py:3834} INFO - Setting next_dagrun for merge_all_scrapers to None, run_after=None
[2026-05-28T08:45:58.444+0000] {processor.py:183} INFO - Processing /opt/airflow/dags/merge_dag.py took 0.240 seconds
[2026-05-28T08:46:29.406+0000] {processor.py:161} INFO - Started process (PID=5057) to work on /opt/airflow/dags/merge_dag.py
[2026-05-28T08:46:29.420+0000] {processor.py:830} INFO - Processing file /opt/airflow/dags/merge_dag.py for tasks to queue
[2026-05-28T08:46:29.424+0000] {logging_mixin.py:188} INFO - [2026-05-28T08:46:29.423+0000] {dagbag.py:540} INFO - Filling up the DagBag from /opt/airflow/dags/merge_dag.py
[2026-05-28T08:46:29.500+0000] {logging_mixin.py:188} INFO - DATA_PATH: /opt/airflow/data
[2026-05-28T08:46:29.505+0000] {logging_mixin.py:188} INFO - FILES: ['eu_fsf_sanctions.json', 'final_output.json', 'inegi_playwright.json', 'inegi_scraper.json', 'kaldata.db', 'telegraph.db']
[2026-05-28T08:46:29.507+0000] {logging_mixin.py:188} INFO - LOCK EXISTS: False
[2026-05-28T08:46:29.532+0000] {processor.py:840} INFO - DAG(s) 'merge_all_scrapers' retrieved from /opt/airflow/dags/merge_dag.py
[2026-05-28T08:46:29.655+0000] {logging_mixin.py:188} INFO - [2026-05-28T08:46:29.654+0000] {dag.py:3047} INFO - Sync 1 DAGs
[2026-05-28T08:46:29.731+0000] {logging_mixin.py:188} INFO - [2026-05-28T08:46:29.720+0000] {dag.py:3834} INFO - Setting next_dagrun for merge_all_scrapers to None, run_after=None
[2026-05-28T08:46:29.820+0000] {processor.py:183} INFO - Processing /opt/airflow/dags/merge_dag.py took 0.433 seconds
[2026-05-28T08:47:01.019+0000] {processor.py:161} INFO - Started process (PID=5087) to work on /opt/airflow/dags/merge_dag.py
[2026-05-28T08:47:01.042+0000] {processor.py:830} INFO - Processing file /opt/airflow/dags/merge_dag.py for tasks to queue
[2026-05-28T08:47:01.065+0000] {logging_mixin.py:188} INFO - [2026-05-28T08:47:01.064+0000] {dagbag.py:540} INFO - Filling up the DagBag from /opt/airflow/dags/merge_dag.py
[2026-05-28T08:47:01.106+0000] {logging_mixin.py:188} INFO - DATA_PATH: /opt/airflow/data
[2026-05-28T08:47:01.110+0000] {logging_mixin.py:188} INFO - FILES: ['eu_fsf_sanctions.json', 'final_output.json', 'inegi_playwright.json', 'inegi_scraper.json', 'kaldata.db', 'telegraph.db']
[2026-05-28T08:47:01.111+0000] {logging_mixin.py:188} INFO - LOCK EXISTS: False
[2026-05-28T08:47:01.122+0000] {processor.py:840} INFO - DAG(s) 'merge_all_scrapers' retrieved from /opt/airflow/dags/merge_dag.py
[2026-05-28T08:47:01.190+0000] {logging_mixin.py:188} INFO - [2026-05-28T08:47:01.189+0000] {dag.py:3047} INFO - Sync 1 DAGs
[2026-05-28T08:47:01.228+0000] {logging_mixin.py:188} INFO - [2026-05-28T08:47:01.227+0000] {dag.py:3834} INFO - Setting next_dagrun for merge_all_scrapers to None, run_after=None
[2026-05-28T08:47:01.281+0000] {processor.py:183} INFO - Processing /opt/airflow/dags/merge_dag.py took 0.280 seconds
[2026-05-28T08:47:31.614+0000] {processor.py:161} INFO - Started process (PID=5117) to work on /opt/airflow/dags/merge_dag.py
[2026-05-28T08:47:31.617+0000] {processor.py:830} INFO - Processing file /opt/airflow/dags/merge_dag.py for tasks to queue
[2026-05-28T08:47:31.620+0000] {logging_mixin.py:188} INFO - [2026-05-28T08:47:31.619+0000] {dagbag.py:540} INFO - Filling up the DagBag from /opt/airflow/dags/merge_dag.py
[2026-05-28T08:47:31.661+0000] {logging_mixin.py:188} INFO - DATA_PATH: /opt/airflow/data
[2026-05-28T08:47:31.677+0000] {logging_mixin.py:188} INFO - FILES: ['eu_fsf_sanctions.json', 'final_output.json', 'inegi_playwright.json', 'inegi_scraper.json', 'kaldata.db', 'telegraph.db']
[2026-05-28T08:47:31.679+0000] {logging_mixin.py:188} INFO - LOCK EXISTS: False
[2026-05-28T08:47:31.699+0000] {processor.py:840} INFO - DAG(s) 'merge_all_scrapers' retrieved from /opt/airflow/dags/merge_dag.py
[2026-05-28T08:47:31.895+0000] {logging_mixin.py:188} INFO - [2026-05-28T08:47:31.894+0000] {dag.py:3047} INFO - Sync 1 DAGs
[2026-05-28T08:47:31.992+0000] {logging_mixin.py:188} INFO - [2026-05-28T08:47:31.992+0000] {dag.py:3834} INFO - Setting next_dagrun for merge_all_scrapers to None, run_after=None
[2026-05-28T08:47:32.148+0000] {processor.py:183} INFO - Processing /opt/airflow/dags/merge_dag.py took 0.544 seconds
[2026-05-28T08:48:03.022+0000] {processor.py:161} INFO - Started process (PID=5147) to work on /opt/airflow/dags/merge_dag.py
[2026-05-28T08:48:03.025+0000] {processor.py:830} INFO - Processing file /opt/airflow/dags/merge_dag.py for tasks to queue
[2026-05-28T08:48:03.028+0000] {logging_mixin.py:188} INFO - [2026-05-28T08:48:03.027+0000] {dagbag.py:540} INFO - Filling up the DagBag from /opt/airflow/dags/merge_dag.py
[2026-05-28T08:48:03.067+0000] {logging_mixin.py:188} INFO - DATA_PATH: /opt/airflow/data
[2026-05-28T08:48:03.071+0000] {logging_mixin.py:188} INFO - FILES: ['eu_fsf_sanctions.json', 'final_output.json', 'inegi_playwright.json', 'inegi_scraper.json', 'kaldata.db', 'telegraph.db']
[2026-05-28T08:48:03.072+0000] {logging_mixin.py:188} INFO - LOCK EXISTS: False
[2026-05-28T08:48:03.083+0000] {processor.py:840} INFO - DAG(s) 'merge_all_scrapers' retrieved from /opt/airflow/dags/merge_dag.py
[2026-05-28T08:48:03.152+0000] {logging_mixin.py:188} INFO - [2026-05-28T08:48:03.151+0000] {dag.py:3047} INFO - Sync 1 DAGs
[2026-05-28T08:48:03.190+0000] {logging_mixin.py:188} INFO - [2026-05-28T08:48:03.190+0000] {dag.py:3834} INFO - Setting next_dagrun for merge_all_scrapers to None, run_after=None
[2026-05-28T08:48:03.245+0000] {processor.py:183} INFO - Processing /opt/airflow/dags/merge_dag.py took 0.233 seconds
[2026-05-28T08:48:34.359+0000] {processor.py:161} INFO - Started process (PID=5177) to work on /opt/airflow/dags/merge_dag.py
[2026-05-28T08:48:34.363+0000] {processor.py:830} INFO - Processing file /opt/airflow/dags/merge_dag.py for tasks to queue
[2026-05-28T08:48:34.367+0000] {logging_mixin.py:188} INFO - [2026-05-28T08:48:34.364+0000] {dagbag.py:540} INFO - Filling up the DagBag from /opt/airflow/dags/merge_dag.py
[2026-05-28T08:48:34.405+0000] {logging_mixin.py:188} INFO - DATA_PATH: /opt/airflow/data
[2026-05-28T08:48:34.408+0000] {logging_mixin.py:188} INFO - FILES: ['eu_fsf_sanctions.json', 'final_output.json', 'inegi_playwright.json', 'inegi_scraper.json', 'kaldata.db', 'telegraph.db']
[2026-05-28T08:48:34.410+0000] {logging_mixin.py:188} INFO - LOCK EXISTS: False
[2026-05-28T08:48:34.420+0000] {processor.py:840} INFO - DAG(s) 'merge_all_scrapers' retrieved from /opt/airflow/dags/merge_dag.py
[2026-05-28T08:48:34.491+0000] {logging_mixin.py:188} INFO - [2026-05-28T08:48:34.490+0000] {dag.py:3047} INFO - Sync 1 DAGs
[2026-05-28T08:48:34.526+0000] {logging_mixin.py:188} INFO - [2026-05-28T08:48:34.525+0000] {dag.py:3834} INFO - Setting next_dagrun for merge_all_scrapers to None, run_after=None
[2026-05-28T08:48:34.581+0000] {processor.py:183} INFO - Processing /opt/airflow/dags/merge_dag.py took 0.233 seconds
[2026-05-28T08:49:05.391+0000] {processor.py:161} INFO - Started process (PID=5207) to work on /opt/airflow/dags/merge_dag.py
[2026-05-28T08:49:05.395+0000] {processor.py:830} INFO - Processing file /opt/airflow/dags/merge_dag.py for tasks to queue
[2026-05-28T08:49:05.398+0000] {logging_mixin.py:188} INFO - [2026-05-28T08:49:05.397+0000] {dagbag.py:540} INFO - Filling up the DagBag from /opt/airflow/dags/merge_dag.py
[2026-05-28T08:49:05.440+0000] {logging_mixin.py:188} INFO - DATA_PATH: /opt/airflow/data
[2026-05-28T08:49:05.444+0000] {logging_mixin.py:188} INFO - FILES: ['eu_fsf_sanctions.json', 'final_output.json', 'inegi_playwright.json', 'inegi_scraper.json', 'kaldata.db', 'telegraph.db']
[2026-05-28T08:49:05.446+0000] {logging_mixin.py:188} INFO - LOCK EXISTS: False
[2026-05-28T08:49:05.459+0000] {processor.py:840} INFO - DAG(s) 'merge_all_scrapers' retrieved from /opt/airflow/dags/merge_dag.py
[2026-05-28T08:49:05.565+0000] {logging_mixin.py:188} INFO - [2026-05-28T08:49:05.564+0000] {dag.py:3047} INFO - Sync 1 DAGs
[2026-05-28T08:49:05.651+0000] {logging_mixin.py:188} INFO - [2026-05-28T08:49:05.650+0000] {dag.py:3834} INFO - Setting next_dagrun for merge_all_scrapers to None, run_after=None
[2026-05-28T08:49:06.041+0000] {processor.py:183} INFO - Processing /opt/airflow/dags/merge_dag.py took 0.662 seconds
[2026-05-28T08:49:39.693+0000] {processor.py:161} INFO - Started process (PID=5237) to work on /opt/airflow/dags/merge_dag.py
[2026-05-28T08:49:39.741+0000] {processor.py:830} INFO - Processing file /opt/airflow/dags/merge_dag.py for tasks to queue
[2026-05-28T08:49:39.754+0000] {logging_mixin.py:188} INFO - [2026-05-28T08:49:39.752+0000] {dagbag.py:540} INFO - Filling up the DagBag from /opt/airflow/dags/merge_dag.py
[2026-05-28T08:49:40.126+0000] {logging_mixin.py:188} INFO - DATA_PATH: /opt/airflow/data
[2026-05-28T08:49:40.133+0000] {logging_mixin.py:188} INFO - FILES: ['eu_fsf_sanctions.json', 'final_output.json', 'inegi_playwright.json', 'inegi_scraper.json', 'kaldata.db', 'telegraph.db']
[2026-05-28T08:49:40.135+0000] {logging_mixin.py:188} INFO - LOCK EXISTS: False
[2026-05-28T08:49:40.146+0000] {processor.py:840} INFO - DAG(s) 'merge_all_scrapers' retrieved from /opt/airflow/dags/merge_dag.py
[2026-05-28T08:49:40.237+0000] {logging_mixin.py:188} INFO - [2026-05-28T08:49:40.236+0000] {dag.py:3047} INFO - Sync 1 DAGs
[2026-05-28T08:49:40.282+0000] {logging_mixin.py:188} INFO - [2026-05-28T08:49:40.282+0000] {dag.py:3834} INFO - Setting next_dagrun for merge_all_scrapers to None, run_after=None
[2026-05-28T08:49:40.346+0000] {processor.py:183} INFO - Processing /opt/airflow/dags/merge_dag.py took 0.674 seconds
[2026-05-28T08:50:11.053+0000] {processor.py:161} INFO - Started process (PID=5267) to work on /opt/airflow/dags/merge_dag.py
[2026-05-28T08:50:11.067+0000] {processor.py:830} INFO - Processing file /opt/airflow/dags/merge_dag.py for tasks to queue
[2026-05-28T08:50:11.073+0000] {logging_mixin.py:188} INFO - [2026-05-28T08:50:11.072+0000] {dagbag.py:540} INFO - Filling up the DagBag from /opt/airflow/dags/merge_dag.py
[2026-05-28T08:50:11.164+0000] {logging_mixin.py:188} INFO - DATA_PATH: /opt/airflow/data
[2026-05-28T08:50:11.178+0000] {logging_mixin.py:188} INFO - FILES: ['eu_fsf_sanctions.json', 'final_output.json', 'inegi_playwright.json', 'inegi_scraper.json', 'kaldata.db', 'telegraph.db']
[2026-05-28T08:50:11.183+0000] {logging_mixin.py:188} INFO - LOCK EXISTS: False
[2026-05-28T08:50:11.212+0000] {processor.py:840} INFO - DAG(s) 'merge_all_scrapers' retrieved from /opt/airflow/dags/merge_dag.py
[2026-05-28T08:50:11.430+0000] {logging_mixin.py:188} INFO - [2026-05-28T08:50:11.429+0000] {dag.py:3047} INFO - Sync 1 DAGs
[2026-05-28T08:50:11.494+0000] {logging_mixin.py:188} INFO - [2026-05-28T08:50:11.494+0000] {dag.py:3834} INFO - Setting next_dagrun for merge_all_scrapers to None, run_after=None
[2026-05-28T08:50:11.654+0000] {processor.py:183} INFO - Processing /opt/airflow/dags/merge_dag.py took 0.641 seconds
[2026-05-28T08:50:43.971+0000] {processor.py:161} INFO - Started process (PID=5297) to work on /opt/airflow/dags/merge_dag.py
[2026-05-28T08:50:43.995+0000] {processor.py:830} INFO - Processing file /opt/airflow/dags/merge_dag.py for tasks to queue
[2026-05-28T08:50:44.070+0000] {logging_mixin.py:188} INFO - [2026-05-28T08:50:44.069+0000] {dagbag.py:540} INFO - Filling up the DagBag from /opt/airflow/dags/merge_dag.py
[2026-05-28T08:50:44.860+0000] {logging_mixin.py:188} INFO - DATA_PATH: /opt/airflow/data
[2026-05-28T08:50:44.865+0000] {logging_mixin.py:188} INFO - FILES: ['eu_fsf_sanctions.json', 'final_output.json', 'inegi_playwright.json', 'inegi_scraper.json', 'kaldata.db', 'telegraph.db']
[2026-05-28T08:50:44.866+0000] {logging_mixin.py:188} INFO - LOCK EXISTS: False
[2026-05-28T08:50:44.877+0000] {processor.py:840} INFO - DAG(s) 'merge_all_scrapers' retrieved from /opt/airflow/dags/merge_dag.py
[2026-05-28T08:50:44.953+0000] {logging_mixin.py:188} INFO - [2026-05-28T08:50:44.952+0000] {dag.py:3047} INFO - Sync 1 DAGs
[2026-05-28T08:50:44.996+0000] {logging_mixin.py:188} INFO - [2026-05-28T08:50:44.995+0000] {dag.py:3834} INFO - Setting next_dagrun for merge_all_scrapers to None, run_after=None
[2026-05-28T08:50:45.063+0000] {processor.py:183} INFO - Processing /opt/airflow/dags/merge_dag.py took 1.116 seconds
[2026-05-28T08:51:16.084+0000] {processor.py:161} INFO - Started process (PID=5327) to work on /opt/airflow/dags/merge_dag.py
[2026-05-28T08:51:16.088+0000] {processor.py:830} INFO - Processing file /opt/airflow/dags/merge_dag.py for tasks to queue
[2026-05-28T08:51:16.093+0000] {logging_mixin.py:188} INFO - [2026-05-28T08:51:16.091+0000] {dagbag.py:540} INFO - Filling up the DagBag from /opt/airflow/dags/merge_dag.py
[2026-05-28T08:51:16.136+0000] {logging_mixin.py:188} INFO - DATA_PATH: /opt/airflow/data
[2026-05-28T08:51:16.141+0000] {logging_mixin.py:188} INFO - FILES: ['eu_fsf_sanctions.json', 'final_output.json', 'inegi_playwright.json', 'inegi_scraper.json', 'kaldata.db', 'telegraph.db']
[2026-05-28T08:51:16.143+0000] {logging_mixin.py:188} INFO - LOCK EXISTS: False
[2026-05-28T08:51:16.159+0000] {processor.py:840} INFO - DAG(s) 'merge_all_scrapers' retrieved from /opt/airflow/dags/merge_dag.py
[2026-05-28T08:51:16.240+0000] {logging_mixin.py:188} INFO - [2026-05-28T08:51:16.239+0000] {dag.py:3047} INFO - Sync 1 DAGs
[2026-05-28T08:51:16.280+0000] {logging_mixin.py:188} INFO - [2026-05-28T08:51:16.279+0000] {dag.py:3834} INFO - Setting next_dagrun for merge_all_scrapers to None, run_after=None
[2026-05-28T08:51:16.337+0000] {processor.py:183} INFO - Processing /opt/airflow/dags/merge_dag.py took 0.266 seconds
[2026-05-28T08:51:47.468+0000] {processor.py:161} INFO - Started process (PID=5357) to work on /opt/airflow/dags/merge_dag.py
[2026-05-28T08:51:47.472+0000] {processor.py:830} INFO - Processing file /opt/airflow/dags/merge_dag.py for tasks to queue
[2026-05-28T08:51:47.478+0000] {logging_mixin.py:188} INFO - [2026-05-28T08:51:47.476+0000] {dagbag.py:540} INFO - Filling up the DagBag from /opt/airflow/dags/merge_dag.py
[2026-05-28T08:51:47.527+0000] {logging_mixin.py:188} INFO - DATA_PATH: /opt/airflow/data
[2026-05-28T08:51:47.531+0000] {logging_mixin.py:188} INFO - FILES: ['eu_fsf_sanctions.json', 'final_output.json', 'inegi_playwright.json', 'inegi_scraper.json', 'kaldata.db', 'telegraph.db']
[2026-05-28T08:51:47.533+0000] {logging_mixin.py:188} INFO - LOCK EXISTS: False
[2026-05-28T08:51:47.548+0000] {processor.py:840} INFO - DAG(s) 'merge_all_scrapers' retrieved from /opt/airflow/dags/merge_dag.py
[2026-05-28T08:51:47.632+0000] {logging_mixin.py:188} INFO - [2026-05-28T08:51:47.631+0000] {dag.py:3047} INFO - Sync 1 DAGs
[2026-05-28T08:51:47.670+0000] {logging_mixin.py:188} INFO - [2026-05-28T08:51:47.669+0000] {dag.py:3834} INFO - Setting next_dagrun for merge_all_scrapers to None, run_after=None
[2026-05-28T08:51:47.728+0000] {processor.py:183} INFO - Processing /opt/airflow/dags/merge_dag.py took 0.274 seconds
[2026-05-28T08:52:18.496+0000] {processor.py:161} INFO - Started process (PID=5387) to work on /opt/airflow/dags/merge_dag.py
[2026-05-28T08:52:18.500+0000] {processor.py:830} INFO - Processing file /opt/airflow/dags/merge_dag.py for tasks to queue
[2026-05-28T08:52:18.513+0000] {logging_mixin.py:188} INFO - [2026-05-28T08:52:18.512+0000] {dagbag.py:540} INFO - Filling up the DagBag from /opt/airflow/dags/merge_dag.py
[2026-05-28T08:52:18.619+0000] {logging_mixin.py:188} INFO - DATA_PATH: /opt/airflow/data
[2026-05-28T08:52:18.631+0000] {logging_mixin.py:188} INFO - FILES: ['eu_fsf_sanctions.json', 'final_output.json', 'inegi_playwright.json', 'inegi_scraper.json', 'kaldata.db', 'telegraph.db']
[2026-05-28T08:52:18.634+0000] {logging_mixin.py:188} INFO - LOCK EXISTS: False
[2026-05-28T08:52:18.651+0000] {processor.py:840} INFO - DAG(s) 'merge_all_scrapers' retrieved from /opt/airflow/dags/merge_dag.py
[2026-05-28T08:52:18.811+0000] {logging_mixin.py:188} INFO - [2026-05-28T08:52:18.810+0000] {dag.py:3047} INFO - Sync 1 DAGs
[2026-05-28T08:52:18.865+0000] {logging_mixin.py:188} INFO - [2026-05-28T08:52:18.865+0000] {dag.py:3834} INFO - Setting next_dagrun for merge_all_scrapers to None, run_after=None
[2026-05-28T08:52:18.962+0000] {processor.py:183} INFO - Processing /opt/airflow/dags/merge_dag.py took 0.477 seconds
[2026-05-28T08:52:49.791+0000] {processor.py:161} INFO - Started process (PID=5417) to work on /opt/airflow/dags/merge_dag.py
[2026-05-28T08:52:49.798+0000] {processor.py:830} INFO - Processing file /opt/airflow/dags/merge_dag.py for tasks to queue
[2026-05-28T08:52:49.801+0000] {logging_mixin.py:188} INFO - [2026-05-28T08:52:49.800+0000] {dagbag.py:540} INFO - Filling up the DagBag from /opt/airflow/dags/merge_dag.py
[2026-05-28T08:52:49.868+0000] {logging_mixin.py:188} INFO - DATA_PATH: /opt/airflow/data
[2026-05-28T08:52:49.875+0000] {logging_mixin.py:188} INFO - FILES: ['eu_fsf_sanctions.json', 'final_output.json', 'inegi_playwright.json', 'inegi_scraper.json', 'kaldata.db', 'telegraph.db']
[2026-05-28T08:52:49.877+0000] {logging_mixin.py:188} INFO - LOCK EXISTS: False
[2026-05-28T08:52:49.892+0000] {processor.py:840} INFO - DAG(s) 'merge_all_scrapers' retrieved from /opt/airflow/dags/merge_dag.py
[2026-05-28T08:52:49.983+0000] {logging_mixin.py:188} INFO - [2026-05-28T08:52:49.982+0000] {dag.py:3047} INFO - Sync 1 DAGs
[2026-05-28T08:52:50.033+0000] {logging_mixin.py:188} INFO - [2026-05-28T08:52:50.033+0000] {dag.py:3834} INFO - Setting next_dagrun for merge_all_scrapers to None, run_after=None
[2026-05-28T08:52:50.088+0000] {processor.py:183} INFO - Processing /opt/airflow/dags/merge_dag.py took 0.315 seconds
[2026-05-28T08:53:21.099+0000] {processor.py:161} INFO - Started process (PID=5447) to work on /opt/airflow/dags/merge_dag.py
[2026-05-28T08:53:21.102+0000] {processor.py:830} INFO - Processing file /opt/airflow/dags/merge_dag.py for tasks to queue
[2026-05-28T08:53:21.107+0000] {logging_mixin.py:188} INFO - [2026-05-28T08:53:21.106+0000] {dagbag.py:540} INFO - Filling up the DagBag from /opt/airflow/dags/merge_dag.py
[2026-05-28T08:53:21.164+0000] {logging_mixin.py:188} INFO - DATA_PATH: /opt/airflow/data
[2026-05-28T08:53:21.169+0000] {logging_mixin.py:188} INFO - FILES: ['eu_fsf_sanctions.json', 'final_output.json', 'inegi_playwright.json', 'inegi_scraper.json', 'kaldata.db', 'telegraph.db']
[2026-05-28T08:53:21.171+0000] {logging_mixin.py:188} INFO - LOCK EXISTS: False
[2026-05-28T08:53:21.185+0000] {processor.py:840} INFO - DAG(s) 'merge_all_scrapers' retrieved from /opt/airflow/dags/merge_dag.py
[2026-05-28T08:53:21.285+0000] {logging_mixin.py:188} INFO - [2026-05-28T08:53:21.284+0000] {dag.py:3047} INFO - Sync 1 DAGs
[2026-05-28T08:53:21.338+0000] {logging_mixin.py:188} INFO - [2026-05-28T08:53:21.337+0000] {dag.py:3834} INFO - Setting next_dagrun for merge_all_scrapers to None, run_after=None
[2026-05-28T08:53:21.408+0000] {processor.py:183} INFO - Processing /opt/airflow/dags/merge_dag.py took 0.322 seconds
[2026-05-28T08:53:57.727+0000] {processor.py:161} INFO - Started process (PID=5477) to work on /opt/airflow/dags/merge_dag.py
[2026-05-28T08:53:57.744+0000] {processor.py:830} INFO - Processing file /opt/airflow/dags/merge_dag.py for tasks to queue
[2026-05-28T08:53:57.774+0000] {logging_mixin.py:188} INFO - [2026-05-28T08:53:57.773+0000] {dagbag.py:540} INFO - Filling up the DagBag from /opt/airflow/dags/merge_dag.py
[2026-05-28T08:53:57.904+0000] {logging_mixin.py:188} INFO - DATA_PATH: /opt/airflow/data
[2026-05-28T08:53:57.924+0000] {logging_mixin.py:188} INFO - FILES: ['eu_fsf_sanctions.json', 'final_output.json', 'inegi_playwright.json', 'inegi_scraper.json', 'kaldata.db', 'telegraph.db']
[2026-05-28T08:53:57.928+0000] {logging_mixin.py:188} INFO - LOCK EXISTS: False
[2026-05-28T08:53:57.952+0000] {processor.py:840} INFO - DAG(s) 'merge_all_scrapers' retrieved from /opt/airflow/dags/merge_dag.py
[2026-05-28T08:53:58.134+0000] {logging_mixin.py:188} INFO - [2026-05-28T08:53:58.133+0000] {dag.py:3047} INFO - Sync 1 DAGs
[2026-05-28T08:53:58.457+0000] {logging_mixin.py:188} INFO - [2026-05-28T08:53:58.450+0000] {dag.py:3834} INFO - Setting next_dagrun for merge_all_scrapers to None, run_after=None
[2026-05-28T08:53:59.071+0000] {processor.py:183} INFO - Processing /opt/airflow/dags/merge_dag.py took 1.365 seconds
[2026-05-28T08:54:30.890+0000] {processor.py:161} INFO - Started process (PID=5507) to work on /opt/airflow/dags/merge_dag.py
[2026-05-28T08:54:30.904+0000] {processor.py:830} INFO - Processing file /opt/airflow/dags/merge_dag.py for tasks to queue
[2026-05-28T08:54:30.911+0000] {logging_mixin.py:188} INFO - [2026-05-28T08:54:30.909+0000] {dagbag.py:540} INFO - Filling up the DagBag from /opt/airflow/dags/merge_dag.py
[2026-05-28T08:54:31.286+0000] {logging_mixin.py:188} INFO - DATA_PATH: /opt/airflow/data
[2026-05-28T08:54:31.290+0000] {logging_mixin.py:188} INFO - FILES: ['eu_fsf_sanctions.json', 'final_output.json', 'inegi_playwright.json', 'inegi_scraper.json', 'kaldata.db', 'telegraph.db']
[2026-05-28T08:54:31.292+0000] {logging_mixin.py:188} INFO - LOCK EXISTS: False
[2026-05-28T08:54:31.304+0000] {processor.py:840} INFO - DAG(s) 'merge_all_scrapers' retrieved from /opt/airflow/dags/merge_dag.py
[2026-05-28T08:54:31.424+0000] {logging_mixin.py:188} INFO - [2026-05-28T08:54:31.423+0000] {dag.py:3047} INFO - Sync 1 DAGs
[2026-05-28T08:54:31.474+0000] {logging_mixin.py:188} INFO - [2026-05-28T08:54:31.474+0000] {dag.py:3834} INFO - Setting next_dagrun for merge_all_scrapers to None, run_after=None
[2026-05-28T08:54:31.573+0000] {processor.py:183} INFO - Processing /opt/airflow/dags/merge_dag.py took 0.712 seconds
[2026-05-28T08:55:13.757+0000] {processor.py:161} INFO - Started process (PID=5537) to work on /opt/airflow/dags/merge_dag.py
[2026-05-28T08:55:13.783+0000] {processor.py:830} INFO - Processing file /opt/airflow/dags/merge_dag.py for tasks to queue
[2026-05-28T08:55:13.835+0000] {logging_mixin.py:188} INFO - [2026-05-28T08:55:13.834+0000] {dagbag.py:540} INFO - Filling up the DagBag from /opt/airflow/dags/merge_dag.py
[2026-05-28T08:55:16.347+0000] {logging_mixin.py:188} INFO - DATA_PATH: /opt/airflow/data
[2026-05-28T08:55:16.510+0000] {logging_mixin.py:188} INFO - FILES: ['eu_fsf_sanctions.json', 'final_output.json', 'inegi_playwright.json', 'inegi_scraper.json', 'kaldata.db', 'telegraph.db']
[2026-05-28T08:55:16.563+0000] {logging_mixin.py:188} INFO - LOCK EXISTS: False
[2026-05-28T08:55:16.624+0000] {processor.py:840} INFO - DAG(s) 'merge_all_scrapers' retrieved from /opt/airflow/dags/merge_dag.py
[2026-05-28T08:55:16.869+0000] {logging_mixin.py:188} INFO - [2026-05-28T08:55:16.867+0000] {dag.py:3047} INFO - Sync 1 DAGs
[2026-05-28T08:55:17.208+0000] {logging_mixin.py:188} INFO - [2026-05-28T08:55:17.197+0000] {dag.py:3834} INFO - Setting next_dagrun for merge_all_scrapers to None, run_after=None
[2026-05-28T08:55:17.520+0000] {processor.py:183} INFO - Processing /opt/airflow/dags/merge_dag.py took 3.784 seconds
[2026-05-28T08:55:48.553+0000] {processor.py:161} INFO - Started process (PID=5567) to work on /opt/airflow/dags/merge_dag.py
[2026-05-28T08:55:48.559+0000] {processor.py:830} INFO - Processing file /opt/airflow/dags/merge_dag.py for tasks to queue
[2026-05-28T08:55:48.562+0000] {logging_mixin.py:188} INFO - [2026-05-28T08:55:48.561+0000] {dagbag.py:540} INFO - Filling up the DagBag from /opt/airflow/dags/merge_dag.py
[2026-05-28T08:55:48.611+0000] {logging_mixin.py:188} INFO - DATA_PATH: /opt/airflow/data
[2026-05-28T08:55:48.616+0000] {logging_mixin.py:188} INFO - FILES: ['eu_fsf_sanctions.json', 'final_output.json', 'inegi_playwright.json', 'inegi_scraper.json', 'kaldata.db', 'telegraph.db']
[2026-05-28T08:55:48.617+0000] {logging_mixin.py:188} INFO - LOCK EXISTS: False
[2026-05-28T08:55:48.636+0000] {processor.py:840} INFO - DAG(s) 'merge_all_scrapers' retrieved from /opt/airflow/dags/merge_dag.py
[2026-05-28T08:55:48.768+0000] {logging_mixin.py:188} INFO - [2026-05-28T08:55:48.762+0000] {dag.py:3047} INFO - Sync 1 DAGs
[2026-05-28T08:55:48.821+0000] {logging_mixin.py:188} INFO - [2026-05-28T08:55:48.821+0000] {dag.py:3834} INFO - Setting next_dagrun for merge_all_scrapers to None, run_after=None
[2026-05-28T08:55:48.886+0000] {processor.py:183} INFO - Processing /opt/airflow/dags/merge_dag.py took 0.348 seconds
[2026-05-28T08:56:21.774+0000] {processor.py:161} INFO - Started process (PID=5597) to work on /opt/airflow/dags/merge_dag.py
[2026-05-28T08:56:21.802+0000] {processor.py:830} INFO - Processing file /opt/airflow/dags/merge_dag.py for tasks to queue
[2026-05-28T08:56:21.864+0000] {logging_mixin.py:188} INFO - [2026-05-28T08:56:21.863+0000] {dagbag.py:540} INFO - Filling up the DagBag from /opt/airflow/dags/merge_dag.py
[2026-05-28T08:56:23.076+0000] {logging_mixin.py:188} INFO - DATA_PATH: /opt/airflow/data
[2026-05-28T08:56:23.089+0000] {logging_mixin.py:188} INFO - FILES: ['eu_fsf_sanctions.json', 'final_output.json', 'inegi_playwright.json', 'inegi_scraper.json', 'kaldata.db', 'telegraph.db']
[2026-05-28T08:56:23.091+0000] {logging_mixin.py:188} INFO - LOCK EXISTS: False
[2026-05-28T08:56:23.123+0000] {processor.py:840} INFO - DAG(s) 'merge_all_scrapers' retrieved from /opt/airflow/dags/merge_dag.py
[2026-05-28T08:56:23.465+0000] {logging_mixin.py:188} INFO - [2026-05-28T08:56:23.464+0000] {dag.py:3047} INFO - Sync 1 DAGs
[2026-05-28T08:56:23.646+0000] {logging_mixin.py:188} INFO - [2026-05-28T08:56:23.645+0000] {dag.py:3834} INFO - Setting next_dagrun for merge_all_scrapers to None, run_after=None
[2026-05-28T08:56:23.854+0000] {processor.py:183} INFO - Processing /opt/airflow/dags/merge_dag.py took 2.116 seconds
[2026-05-28T08:56:55.679+0000] {processor.py:161} INFO - Started process (PID=5627) to work on /opt/airflow/dags/merge_dag.py
[2026-05-28T08:56:55.683+0000] {processor.py:830} INFO - Processing file /opt/airflow/dags/merge_dag.py for tasks to queue
[2026-05-28T08:56:55.687+0000] {logging_mixin.py:188} INFO - [2026-05-28T08:56:55.686+0000] {dagbag.py:540} INFO - Filling up the DagBag from /opt/airflow/dags/merge_dag.py
[2026-05-28T08:56:55.805+0000] {logging_mixin.py:188} INFO - DATA_PATH: /opt/airflow/data
[2026-05-28T08:56:55.809+0000] {logging_mixin.py:188} INFO - FILES: ['eu_fsf_sanctions.json', 'final_output.json', 'inegi_playwright.json', 'inegi_scraper.json', 'kaldata.db', 'telegraph.db']
[2026-05-28T08:56:55.811+0000] {logging_mixin.py:188} INFO - LOCK EXISTS: False
[2026-05-28T08:56:55.830+0000] {processor.py:840} INFO - DAG(s) 'merge_all_scrapers' retrieved from /opt/airflow/dags/merge_dag.py
[2026-05-28T08:56:55.933+0000] {logging_mixin.py:188} INFO - [2026-05-28T08:56:55.933+0000] {dag.py:3047} INFO - Sync 1 DAGs
[2026-05-28T08:56:55.981+0000] {logging_mixin.py:188} INFO - [2026-05-28T08:56:55.981+0000] {dag.py:3834} INFO - Setting next_dagrun for merge_all_scrapers to None, run_after=None
[2026-05-28T08:56:56.041+0000] {processor.py:183} INFO - Processing /opt/airflow/dags/merge_dag.py took 0.390 seconds
[2026-05-28T08:57:29.334+0000] {processor.py:161} INFO - Started process (PID=5657) to work on /opt/airflow/dags/merge_dag.py
[2026-05-28T08:57:29.365+0000] {processor.py:830} INFO - Processing file /opt/airflow/dags/merge_dag.py for tasks to queue
[2026-05-28T08:57:29.383+0000] {logging_mixin.py:188} INFO - [2026-05-28T08:57:29.382+0000] {dagbag.py:540} INFO - Filling up the DagBag from /opt/airflow/dags/merge_dag.py
[2026-05-28T08:57:29.762+0000] {logging_mixin.py:188} INFO - DATA_PATH: /opt/airflow/data
[2026-05-28T08:57:29.767+0000] {logging_mixin.py:188} INFO - FILES: ['eu_fsf_sanctions.json', 'final_output.json', 'inegi_playwright.json', 'inegi_scraper.json', 'kaldata.db', 'telegraph.db']
[2026-05-28T08:57:29.769+0000] {logging_mixin.py:188} INFO - LOCK EXISTS: False
[2026-05-28T08:57:29.816+0000] {processor.py:840} INFO - DAG(s) 'merge_all_scrapers' retrieved from /opt/airflow/dags/merge_dag.py
[2026-05-28T08:57:30.027+0000] {logging_mixin.py:188} INFO - [2026-05-28T08:57:30.021+0000] {dag.py:3047} INFO - Sync 1 DAGs
[2026-05-28T08:57:30.141+0000] {logging_mixin.py:188} INFO - [2026-05-28T08:57:30.132+0000] {dag.py:3834} INFO - Setting next_dagrun for merge_all_scrapers to None, run_after=None
[2026-05-28T08:57:30.352+0000] {processor.py:183} INFO - Processing /opt/airflow/dags/merge_dag.py took 1.065 seconds
[2026-05-28T08:58:00.682+0000] {processor.py:161} INFO - Started process (PID=5687) to work on /opt/airflow/dags/merge_dag.py
[2026-05-28T08:58:00.685+0000] {processor.py:830} INFO - Processing file /opt/airflow/dags/merge_dag.py for tasks to queue
[2026-05-28T08:58:00.688+0000] {logging_mixin.py:188} INFO - [2026-05-28T08:58:00.687+0000] {dagbag.py:540} INFO - Filling up the DagBag from /opt/airflow/dags/merge_dag.py
[2026-05-28T08:58:00.729+0000] {logging_mixin.py:188} INFO - DATA_PATH: /opt/airflow/data
[2026-05-28T08:58:00.733+0000] {logging_mixin.py:188} INFO - FILES: ['eu_fsf_sanctions.json', 'final_output.json', 'inegi_playwright.json', 'inegi_scraper.json', 'kaldata.db', 'telegraph.db']
[2026-05-28T08:58:00.734+0000] {logging_mixin.py:188} INFO - LOCK EXISTS: False
[2026-05-28T08:58:00.745+0000] {processor.py:840} INFO - DAG(s) 'merge_all_scrapers' retrieved from /opt/airflow/dags/merge_dag.py
[2026-05-28T08:58:00.818+0000] {logging_mixin.py:188} INFO - [2026-05-28T08:58:00.817+0000] {dag.py:3047} INFO - Sync 1 DAGs
[2026-05-28T08:58:00.854+0000] {logging_mixin.py:188} INFO - [2026-05-28T08:58:00.854+0000] {dag.py:3834} INFO - Setting next_dagrun for merge_all_scrapers to None, run_after=None
[2026-05-28T08:58:00.920+0000] {processor.py:183} INFO - Processing /opt/airflow/dags/merge_dag.py took 0.251 seconds
[2026-05-28T08:58:31.966+0000] {processor.py:161} INFO - Started process (PID=5717) to work on /opt/airflow/dags/merge_dag.py
[2026-05-28T08:58:31.969+0000] {processor.py:830} INFO - Processing file /opt/airflow/dags/merge_dag.py for tasks to queue
[2026-05-28T08:58:31.982+0000] {logging_mixin.py:188} INFO - [2026-05-28T08:58:31.981+0000] {dagbag.py:540} INFO - Filling up the DagBag from /opt/airflow/dags/merge_dag.py
[2026-05-28T08:58:32.025+0000] {logging_mixin.py:188} INFO - DATA_PATH: /opt/airflow/data
[2026-05-28T08:58:32.029+0000] {logging_mixin.py:188} INFO - FILES: ['eu_fsf_sanctions.json', 'final_output.json', 'inegi_playwright.json', 'inegi_scraper.json', 'kaldata.db', 'telegraph.db']
[2026-05-28T08:58:32.031+0000] {logging_mixin.py:188} INFO - LOCK EXISTS: False
[2026-05-28T08:58:32.042+0000] {processor.py:840} INFO - DAG(s) 'merge_all_scrapers' retrieved from /opt/airflow/dags/merge_dag.py
[2026-05-28T08:58:32.110+0000] {logging_mixin.py:188} INFO - [2026-05-28T08:58:32.110+0000] {dag.py:3047} INFO - Sync 1 DAGs
[2026-05-28T08:58:32.147+0000] {logging_mixin.py:188} INFO - [2026-05-28T08:58:32.146+0000] {dag.py:3834} INFO - Setting next_dagrun for merge_all_scrapers to None, run_after=None
[2026-05-28T08:58:32.200+0000] {processor.py:183} INFO - Processing /opt/airflow/dags/merge_dag.py took 0.245 seconds
[2026-05-28T08:59:02.801+0000] {processor.py:161} INFO - Started process (PID=5747) to work on /opt/airflow/dags/merge_dag.py
[2026-05-28T08:59:02.806+0000] {processor.py:830} INFO - Processing file /opt/airflow/dags/merge_dag.py for tasks to queue
[2026-05-28T08:59:02.827+0000] {logging_mixin.py:188} INFO - [2026-05-28T08:59:02.826+0000] {dagbag.py:540} INFO - Filling up the DagBag from /opt/airflow/dags/merge_dag.py
[2026-05-28T08:59:03.182+0000] {logging_mixin.py:188} INFO - DATA_PATH: /opt/airflow/data
[2026-05-28T08:59:03.223+0000] {logging_mixin.py:188} INFO - FILES: ['eu_fsf_sanctions.json', 'final_output.json', 'inegi_playwright.json', 'inegi_scraper.json', 'kaldata.db', 'telegraph.db']
[2026-05-28T08:59:03.239+0000] {logging_mixin.py:188} INFO - LOCK EXISTS: False
[2026-05-28T08:59:03.258+0000] {processor.py:840} INFO - DAG(s) 'merge_all_scrapers' retrieved from /opt/airflow/dags/merge_dag.py
[2026-05-28T08:59:03.369+0000] {logging_mixin.py:188} INFO - [2026-05-28T08:59:03.368+0000] {dag.py:3047} INFO - Sync 1 DAGs
[2026-05-28T08:59:03.405+0000] {logging_mixin.py:188} INFO - [2026-05-28T08:59:03.405+0000] {dag.py:3834} INFO - Setting next_dagrun for merge_all_scrapers to None, run_after=None
[2026-05-28T08:59:03.465+0000] {processor.py:183} INFO - Processing /opt/airflow/dags/merge_dag.py took 0.694 seconds
[2026-05-28T08:59:35.154+0000] {processor.py:161} INFO - Started process (PID=5777) to work on /opt/airflow/dags/merge_dag.py
[2026-05-28T08:59:35.213+0000] {processor.py:830} INFO - Processing file /opt/airflow/dags/merge_dag.py for tasks to queue
[2026-05-28T08:59:35.238+0000] {logging_mixin.py:188} INFO - [2026-05-28T08:59:35.237+0000] {dagbag.py:540} INFO - Filling up the DagBag from /opt/airflow/dags/merge_dag.py
[2026-05-28T08:59:36.014+0000] {logging_mixin.py:188} INFO - DATA_PATH: /opt/airflow/data
[2026-05-28T08:59:36.100+0000] {logging_mixin.py:188} INFO - FILES: ['eu_fsf_sanctions.json', 'final_output.json', 'inegi_playwright.json', 'inegi_scraper.json', 'kaldata.db', 'telegraph.db']
[2026-05-28T08:59:36.115+0000] {logging_mixin.py:188} INFO - LOCK EXISTS: False
[2026-05-28T08:59:36.148+0000] {processor.py:840} INFO - DAG(s) 'merge_all_scrapers' retrieved from /opt/airflow/dags/merge_dag.py
[2026-05-28T08:59:36.351+0000] {logging_mixin.py:188} INFO - [2026-05-28T08:59:36.350+0000] {dag.py:3047} INFO - Sync 1 DAGs
[2026-05-28T08:59:36.398+0000] {logging_mixin.py:188} INFO - [2026-05-28T08:59:36.398+0000] {dag.py:3834} INFO - Setting next_dagrun for merge_all_scrapers to None, run_after=None
[2026-05-28T08:59:36.467+0000] {processor.py:183} INFO - Processing /opt/airflow/dags/merge_dag.py took 1.338 seconds
[2026-05-28T09:00:08.799+0000] {processor.py:161} INFO - Started process (PID=5807) to work on /opt/airflow/dags/merge_dag.py
[2026-05-28T09:00:08.814+0000] {processor.py:830} INFO - Processing file /opt/airflow/dags/merge_dag.py for tasks to queue
[2026-05-28T09:00:08.832+0000] {logging_mixin.py:188} INFO - [2026-05-28T09:00:08.831+0000] {dagbag.py:540} INFO - Filling up the DagBag from /opt/airflow/dags/merge_dag.py
[2026-05-28T09:00:09.541+0000] {logging_mixin.py:188} INFO - DATA_PATH: /opt/airflow/data
[2026-05-28T09:00:09.729+0000] {logging_mixin.py:188} INFO - FILES: ['eu_fsf_sanctions.json', 'final_output.json', 'inegi_playwright.json', 'inegi_scraper.json', 'kaldata.db', 'telegraph.db']
[2026-05-28T09:00:09.786+0000] {logging_mixin.py:188} INFO - LOCK EXISTS: False
[2026-05-28T09:00:09.901+0000] {processor.py:840} INFO - DAG(s) 'merge_all_scrapers' retrieved from /opt/airflow/dags/merge_dag.py
[2026-05-28T09:00:10.242+0000] {logging_mixin.py:188} INFO - [2026-05-28T09:00:10.241+0000] {dag.py:3047} INFO - Sync 1 DAGs
[2026-05-28T09:00:10.327+0000] {logging_mixin.py:188} INFO - [2026-05-28T09:00:10.326+0000] {dag.py:3834} INFO - Setting next_dagrun for merge_all_scrapers to None, run_after=None
[2026-05-28T09:00:10.499+0000] {processor.py:183} INFO - Processing /opt/airflow/dags/merge_dag.py took 1.736 seconds
[2026-05-28T09:00:41.912+0000] {processor.py:161} INFO - Started process (PID=5837) to work on /opt/airflow/dags/merge_dag.py
[2026-05-28T09:00:41.919+0000] {processor.py:830} INFO - Processing file /opt/airflow/dags/merge_dag.py for tasks to queue
[2026-05-28T09:00:41.932+0000] {logging_mixin.py:188} INFO - [2026-05-28T09:00:41.931+0000] {dagbag.py:540} INFO - Filling up the DagBag from /opt/airflow/dags/merge_dag.py
[2026-05-28T09:00:42.194+0000] {logging_mixin.py:188} INFO - DATA_PATH: /opt/airflow/data
[2026-05-28T09:00:42.199+0000] {logging_mixin.py:188} INFO - FILES: ['eu_fsf_sanctions.json', 'final_output.json', 'inegi_playwright.json', 'inegi_scraper.json', 'kaldata.db', 'telegraph.db']
[2026-05-28T09:00:42.201+0000] {logging_mixin.py:188} INFO - LOCK EXISTS: False
[2026-05-28T09:00:42.213+0000] {processor.py:840} INFO - DAG(s) 'merge_all_scrapers' retrieved from /opt/airflow/dags/merge_dag.py
[2026-05-28T09:00:42.340+0000] {logging_mixin.py:188} INFO - [2026-05-28T09:00:42.339+0000] {dag.py:3047} INFO - Sync 1 DAGs
[2026-05-28T09:00:42.398+0000] {logging_mixin.py:188} INFO - [2026-05-28T09:00:42.397+0000] {dag.py:3834} INFO - Setting next_dagrun for merge_all_scrapers to None, run_after=None
[2026-05-28T09:00:42.495+0000] {processor.py:183} INFO - Processing /opt/airflow/dags/merge_dag.py took 0.602 seconds
[2026-05-28T09:01:13.593+0000] {processor.py:161} INFO - Started process (PID=5867) to work on /opt/airflow/dags/merge_dag.py
[2026-05-28T09:01:13.615+0000] {processor.py:830} INFO - Processing file /opt/airflow/dags/merge_dag.py for tasks to queue
[2026-05-28T09:01:13.625+0000] {logging_mixin.py:188} INFO - [2026-05-28T09:01:13.624+0000] {dagbag.py:540} INFO - Filling up the DagBag from /opt/airflow/dags/merge_dag.py
[2026-05-28T09:01:13.738+0000] {logging_mixin.py:188} INFO - DATA_PATH: /opt/airflow/data
[2026-05-28T09:01:13.752+0000] {logging_mixin.py:188} INFO - FILES: ['eu_fsf_sanctions.json', 'final_output.json', 'inegi_playwright.json', 'inegi_scraper.json', 'kaldata.db', 'telegraph.db']
[2026-05-28T09:01:13.754+0000] {logging_mixin.py:188} INFO - LOCK EXISTS: False
[2026-05-28T09:01:13.789+0000] {processor.py:840} INFO - DAG(s) 'merge_all_scrapers' retrieved from /opt/airflow/dags/merge_dag.py
[2026-05-28T09:01:14.147+0000] {logging_mixin.py:188} INFO - [2026-05-28T09:01:14.146+0000] {dag.py:3047} INFO - Sync 1 DAGs
[2026-05-28T09:01:14.250+0000] {logging_mixin.py:188} INFO - [2026-05-28T09:01:14.244+0000] {dag.py:3834} INFO - Setting next_dagrun for merge_all_scrapers to None, run_after=None
[2026-05-28T09:01:14.686+0000] {processor.py:183} INFO - Processing /opt/airflow/dags/merge_dag.py took 1.123 seconds
[2026-05-28T09:01:47.139+0000] {processor.py:161} INFO - Started process (PID=5897) to work on /opt/airflow/dags/merge_dag.py
[2026-05-28T09:01:47.154+0000] {processor.py:830} INFO - Processing file /opt/airflow/dags/merge_dag.py for tasks to queue
[2026-05-28T09:01:47.157+0000] {logging_mixin.py:188} INFO - [2026-05-28T09:01:47.156+0000] {dagbag.py:540} INFO - Filling up the DagBag from /opt/airflow/dags/merge_dag.py
[2026-05-28T09:01:47.755+0000] {logging_mixin.py:188} INFO - DATA_PATH: /opt/airflow/data
[2026-05-28T09:01:47.989+0000] {logging_mixin.py:188} INFO - FILES: ['eu_fsf_sanctions.json', 'final_output.json', 'inegi_playwright.json', 'inegi_scraper.json', 'kaldata.db', 'telegraph.db']
[2026-05-28T09:01:48.086+0000] {logging_mixin.py:188} INFO - LOCK EXISTS: False
[2026-05-28T09:01:48.144+0000] {processor.py:840} INFO - DAG(s) 'merge_all_scrapers' retrieved from /opt/airflow/dags/merge_dag.py
[2026-05-28T09:01:48.361+0000] {logging_mixin.py:188} INFO - [2026-05-28T09:01:48.360+0000] {dag.py:3047} INFO - Sync 1 DAGs
[2026-05-28T09:01:48.570+0000] {logging_mixin.py:188} INFO - [2026-05-28T09:01:48.569+0000] {dag.py:3834} INFO - Setting next_dagrun for merge_all_scrapers to None, run_after=None
[2026-05-28T09:01:48.836+0000] {processor.py:183} INFO - Processing /opt/airflow/dags/merge_dag.py took 1.747 seconds
[2026-05-28T09:02:21.647+0000] {processor.py:161} INFO - Started process (PID=5927) to work on /opt/airflow/dags/merge_dag.py
[2026-05-28T09:02:21.672+0000] {processor.py:830} INFO - Processing file /opt/airflow/dags/merge_dag.py for tasks to queue
[2026-05-28T09:02:21.685+0000] {logging_mixin.py:188} INFO - [2026-05-28T09:02:21.684+0000] {dagbag.py:540} INFO - Filling up the DagBag from /opt/airflow/dags/merge_dag.py
[2026-05-28T09:02:22.816+0000] {logging_mixin.py:188} INFO - DATA_PATH: /opt/airflow/data
[2026-05-28T09:02:22.980+0000] {logging_mixin.py:188} INFO - FILES: ['eu_fsf_sanctions.json', 'final_output.json', 'inegi_playwright.json', 'inegi_scraper.json', 'kaldata.db', 'telegraph.db']
[2026-05-28T09:02:22.982+0000] {logging_mixin.py:188} INFO - LOCK EXISTS: False
[2026-05-28T09:02:23.006+0000] {processor.py:840} INFO - DAG(s) 'merge_all_scrapers' retrieved from /opt/airflow/dags/merge_dag.py
[2026-05-28T09:02:23.292+0000] {logging_mixin.py:188} INFO - [2026-05-28T09:02:23.291+0000] {dag.py:3047} INFO - Sync 1 DAGs
[2026-05-28T09:02:23.483+0000] {logging_mixin.py:188} INFO - [2026-05-28T09:02:23.482+0000] {dag.py:3834} INFO - Setting next_dagrun for merge_all_scrapers to None, run_after=None
[2026-05-28T09:02:23.739+0000] {processor.py:183} INFO - Processing /opt/airflow/dags/merge_dag.py took 2.115 seconds
[2026-05-28T09:02:56.840+0000] {processor.py:161} INFO - Started process (PID=5957) to work on /opt/airflow/dags/merge_dag.py
[2026-05-28T09:02:56.854+0000] {processor.py:830} INFO - Processing file /opt/airflow/dags/merge_dag.py for tasks to queue
[2026-05-28T09:02:56.874+0000] {logging_mixin.py:188} INFO - [2026-05-28T09:02:56.873+0000] {dagbag.py:540} INFO - Filling up the DagBag from /opt/airflow/dags/merge_dag.py
[2026-05-28T09:03:01.213+0000] {logging_mixin.py:188} INFO - DATA_PATH: /opt/airflow/data
[2026-05-28T09:03:01.355+0000] {logging_mixin.py:188} INFO - FILES: ['eu_fsf_sanctions.json', 'final_output.json', 'inegi_playwright.json', 'inegi_scraper.json', 'kaldata.db', 'telegraph.db']
[2026-05-28T09:03:01.385+0000] {logging_mixin.py:188} INFO - LOCK EXISTS: False
[2026-05-28T09:03:01.419+0000] {processor.py:840} INFO - DAG(s) 'merge_all_scrapers' retrieved from /opt/airflow/dags/merge_dag.py
[2026-05-28T09:03:01.602+0000] {logging_mixin.py:188} INFO - [2026-05-28T09:03:01.591+0000] {dag.py:3047} INFO - Sync 1 DAGs
[2026-05-28T09:03:01.712+0000] {logging_mixin.py:188} INFO - [2026-05-28T09:03:01.712+0000] {dag.py:3834} INFO - Setting next_dagrun for merge_all_scrapers to None, run_after=None
[2026-05-28T09:03:01.905+0000] {processor.py:183} INFO - Processing /opt/airflow/dags/merge_dag.py took 5.084 seconds
[2026-05-28T09:03:34.284+0000] {processor.py:161} INFO - Started process (PID=5987) to work on /opt/airflow/dags/merge_dag.py
[2026-05-28T09:03:34.313+0000] {processor.py:830} INFO - Processing file /opt/airflow/dags/merge_dag.py for tasks to queue
[2026-05-28T09:03:34.374+0000] {logging_mixin.py:188} INFO - [2026-05-28T09:03:34.373+0000] {dagbag.py:540} INFO - Filling up the DagBag from /opt/airflow/dags/merge_dag.py
[2026-05-28T09:03:36.099+0000] {logging_mixin.py:188} INFO - DATA_PATH: /opt/airflow/data
[2026-05-28T09:03:37.216+0000] {logging_mixin.py:188} INFO - FILES: ['eu_fsf_sanctions.json', 'final_output.json', 'inegi_playwright.json', 'inegi_scraper.json', 'kaldata.db', 'telegraph.db']
[2026-05-28T09:03:37.291+0000] {logging_mixin.py:188} INFO - LOCK EXISTS: False
[2026-05-28T09:03:37.458+0000] {processor.py:840} INFO - DAG(s) 'merge_all_scrapers' retrieved from /opt/airflow/dags/merge_dag.py
[2026-05-28T09:03:38.292+0000] {logging_mixin.py:188} INFO - [2026-05-28T09:03:38.279+0000] {dag.py:3047} INFO - Sync 1 DAGs
[2026-05-28T09:03:38.546+0000] {logging_mixin.py:188} INFO - [2026-05-28T09:03:38.546+0000] {dag.py:3834} INFO - Setting next_dagrun for merge_all_scrapers to None, run_after=None
[2026-05-28T09:03:39.420+0000] {processor.py:183} INFO - Processing /opt/airflow/dags/merge_dag.py took 5.155 seconds
[2026-05-28T09:04:13.255+0000] {processor.py:161} INFO - Started process (PID=6017) to work on /opt/airflow/dags/merge_dag.py
[2026-05-28T09:04:13.260+0000] {processor.py:830} INFO - Processing file /opt/airflow/dags/merge_dag.py for tasks to queue
[2026-05-28T09:04:13.276+0000] {logging_mixin.py:188} INFO - [2026-05-28T09:04:13.275+0000] {dagbag.py:540} INFO - Filling up the DagBag from /opt/airflow/dags/merge_dag.py
[2026-05-28T09:04:14.026+0000] {logging_mixin.py:188} INFO - DATA_PATH: /opt/airflow/data
[2026-05-28T09:04:14.035+0000] {logging_mixin.py:188} INFO - FILES: ['eu_fsf_sanctions.json', 'final_output.json', 'inegi_playwright.json', 'inegi_scraper.json', 'kaldata.db', 'telegraph.db']
[2026-05-28T09:04:14.037+0000] {logging_mixin.py:188} INFO - LOCK EXISTS: False
[2026-05-28T09:04:14.053+0000] {processor.py:840} INFO - DAG(s) 'merge_all_scrapers' retrieved from /opt/airflow/dags/merge_dag.py
[2026-05-28T09:04:14.194+0000] {logging_mixin.py:188} INFO - [2026-05-28T09:04:14.193+0000] {dag.py:3047} INFO - Sync 1 DAGs
[2026-05-28T09:04:14.286+0000] {logging_mixin.py:188} INFO - [2026-05-28T09:04:14.274+0000] {dag.py:3834} INFO - Setting next_dagrun for merge_all_scrapers to None, run_after=None
[2026-05-28T09:04:14.475+0000] {processor.py:183} INFO - Processing /opt/airflow/dags/merge_dag.py took 1.239 seconds
[2026-05-28T09:04:52.294+0000] {processor.py:161} INFO - Started process (PID=6047) to work on /opt/airflow/dags/merge_dag.py
[2026-05-28T09:04:52.469+0000] {processor.py:830} INFO - Processing file /opt/airflow/dags/merge_dag.py for tasks to queue
[2026-05-28T09:04:52.788+0000] {logging_mixin.py:188} INFO - [2026-05-28T09:04:52.773+0000] {dagbag.py:540} INFO - Filling up the DagBag from /opt/airflow/dags/merge_dag.py
[2026-05-28T09:05:09.858+0000] {logging_mixin.py:188} INFO - DATA_PATH: /opt/airflow/data
[2026-05-28T09:05:11.498+0000] {logging_mixin.py:188} INFO - FILES: ['eu_fsf_sanctions.json', 'final_output.json', 'inegi_playwright.json', 'inegi_scraper.json', 'kaldata.db', 'telegraph.db']
[2026-05-28T09:05:11.873+0000] {logging_mixin.py:188} INFO - LOCK EXISTS: False
[2026-05-28T09:05:12.182+0000] {processor.py:840} INFO - DAG(s) 'merge_all_scrapers' retrieved from /opt/airflow/dags/merge_dag.py
[2026-05-28T09:05:13.302+0000] {logging_mixin.py:188} INFO - [2026-05-28T09:05:12.933+0000] {dag.py:3047} INFO - Sync 1 DAGs
[2026-05-28T09:05:13.674+0000] {logging_mixin.py:188} INFO - [2026-05-28T09:05:13.673+0000] {dag.py:3834} INFO - Setting next_dagrun for merge_all_scrapers to None, run_after=None
[2026-05-28T09:05:16.440+0000] {processor.py:183} INFO - Processing /opt/airflow/dags/merge_dag.py took 24.213 seconds
[2026-05-28T09:05:56.230+0000] {processor.py:161} INFO - Started process (PID=6077) to work on /opt/airflow/dags/merge_dag.py
[2026-05-28T09:05:56.343+0000] {processor.py:830} INFO - Processing file /opt/airflow/dags/merge_dag.py for tasks to queue
[2026-05-28T09:05:56.495+0000] {logging_mixin.py:188} INFO - [2026-05-28T09:05:56.493+0000] {dagbag.py:540} INFO - Filling up the DagBag from /opt/airflow/dags/merge_dag.py
[2026-05-28T09:05:59.470+0000] {logging_mixin.py:188} INFO - DATA_PATH: /opt/airflow/data
[2026-05-28T09:06:00.118+0000] {logging_mixin.py:188} INFO - FILES: ['eu_fsf_sanctions.json', 'final_output.json', 'inegi_playwright.json', 'inegi_scraper.json', 'kaldata.db', 'telegraph.db']
[2026-05-28T09:06:00.270+0000] {logging_mixin.py:188} INFO - LOCK EXISTS: False
[2026-05-28T09:06:00.413+0000] {processor.py:840} INFO - DAG(s) 'merge_all_scrapers' retrieved from /opt/airflow/dags/merge_dag.py
[2026-05-28T09:06:01.236+0000] {logging_mixin.py:188} INFO - [2026-05-28T09:06:01.235+0000] {dag.py:3047} INFO - Sync 1 DAGs
[2026-05-28T09:06:02.144+0000] {logging_mixin.py:188} INFO - [2026-05-28T09:06:02.060+0000] {dag.py:3834} INFO - Setting next_dagrun for merge_all_scrapers to None, run_after=None
[2026-05-28T09:06:03.377+0000] {processor.py:183} INFO - Processing /opt/airflow/dags/merge_dag.py took 7.194 seconds
[2026-05-28T09:06:50.585+0000] {processor.py:161} INFO - Started process (PID=6105) to work on /opt/airflow/dags/merge_dag.py
[2026-05-28T09:06:50.639+0000] {processor.py:830} INFO - Processing file /opt/airflow/dags/merge_dag.py for tasks to queue
[2026-05-28T09:06:50.658+0000] {logging_mixin.py:188} INFO - [2026-05-28T09:06:50.657+0000] {dagbag.py:540} INFO - Filling up the DagBag from /opt/airflow/dags/merge_dag.py
[2026-05-28T09:06:50.961+0000] {logging_mixin.py:188} INFO - DATA_PATH: /opt/airflow/data
[2026-05-28T09:06:50.995+0000] {logging_mixin.py:188} INFO - FILES: ['eu_fsf_sanctions.json', 'final_output.json', 'inegi_playwright.json', 'inegi_scraper.json', 'kaldata.db', 'telegraph.db']
[2026-05-28T09:06:50.999+0000] {logging_mixin.py:188} INFO - LOCK EXISTS: False
[2026-05-28T09:06:51.096+0000] {processor.py:840} INFO - DAG(s) 'merge_all_scrapers' retrieved from /opt/airflow/dags/merge_dag.py
[2026-05-28T09:06:51.802+0000] {logging_mixin.py:188} INFO - [2026-05-28T09:06:51.791+0000] {dag.py:3047} INFO - Sync 1 DAGs
[2026-05-28T09:06:52.100+0000] {logging_mixin.py:188} INFO - [2026-05-28T09:06:52.099+0000] {dag.py:3834} INFO - Setting next_dagrun for merge_all_scrapers to None, run_after=None
[2026-05-28T09:06:52.395+0000] {processor.py:183} INFO - Processing /opt/airflow/dags/merge_dag.py took 1.837 seconds
[2026-05-28T09:07:23.930+0000] {processor.py:161} INFO - Started process (PID=6137) to work on /opt/airflow/dags/merge_dag.py
[2026-05-28T09:07:23.947+0000] {processor.py:830} INFO - Processing file /opt/airflow/dags/merge_dag.py for tasks to queue
[2026-05-28T09:07:23.961+0000] {logging_mixin.py:188} INFO - [2026-05-28T09:07:23.960+0000] {dagbag.py:540} INFO - Filling up the DagBag from /opt/airflow/dags/merge_dag.py
[2026-05-28T09:07:24.180+0000] {logging_mixin.py:188} INFO - DATA_PATH: /opt/airflow/data
[2026-05-28T09:07:24.194+0000] {logging_mixin.py:188} INFO - FILES: ['eu_fsf_sanctions.json', 'final_output.json', 'inegi_playwright.json', 'inegi_scraper.json', 'kaldata.db', 'telegraph.db']
[2026-05-28T09:07:24.196+0000] {logging_mixin.py:188} INFO - LOCK EXISTS: False
[2026-05-28T09:07:24.210+0000] {processor.py:840} INFO - DAG(s) 'merge_all_scrapers' retrieved from /opt/airflow/dags/merge_dag.py
[2026-05-28T09:07:24.402+0000] {logging_mixin.py:188} INFO - [2026-05-28T09:07:24.401+0000] {dag.py:3047} INFO - Sync 1 DAGs
[2026-05-28T09:07:24.686+0000] {logging_mixin.py:188} INFO - [2026-05-28T09:07:24.685+0000] {dag.py:3834} INFO - Setting next_dagrun for merge_all_scrapers to None, run_after=None
[2026-05-28T09:07:25.374+0000] {processor.py:183} INFO - Processing /opt/airflow/dags/merge_dag.py took 1.538 seconds
[2026-05-28T09:07:56.465+0000] {processor.py:161} INFO - Started process (PID=6167) to work on /opt/airflow/dags/merge_dag.py
[2026-05-28T09:07:56.472+0000] {processor.py:830} INFO - Processing file /opt/airflow/dags/merge_dag.py for tasks to queue
[2026-05-28T09:07:56.476+0000] {logging_mixin.py:188} INFO - [2026-05-28T09:07:56.475+0000] {dagbag.py:540} INFO - Filling up the DagBag from /opt/airflow/dags/merge_dag.py
[2026-05-28T09:07:56.520+0000] {logging_mixin.py:188} INFO - DATA_PATH: /opt/airflow/data
[2026-05-28T09:07:56.524+0000] {logging_mixin.py:188} INFO - FILES: ['eu_fsf_sanctions.json', 'final_output.json', 'inegi_playwright.json', 'inegi_scraper.json', 'kaldata.db', 'telegraph.db']
[2026-05-28T09:07:56.527+0000] {logging_mixin.py:188} INFO - LOCK EXISTS: False
[2026-05-28T09:07:56.552+0000] {processor.py:840} INFO - DAG(s) 'merge_all_scrapers' retrieved from /opt/airflow/dags/merge_dag.py
[2026-05-28T09:07:56.815+0000] {logging_mixin.py:188} INFO - [2026-05-28T09:07:56.814+0000] {dag.py:3047} INFO - Sync 1 DAGs
[2026-05-28T09:07:56.919+0000] {logging_mixin.py:188} INFO - [2026-05-28T09:07:56.918+0000] {dag.py:3834} INFO - Setting next_dagrun for merge_all_scrapers to None, run_after=None
[2026-05-28T09:07:57.053+0000] {processor.py:183} INFO - Processing /opt/airflow/dags/merge_dag.py took 0.603 seconds
[2026-05-28T09:08:28.119+0000] {processor.py:161} INFO - Started process (PID=6195) to work on /opt/airflow/dags/merge_dag.py
[2026-05-28T09:08:28.133+0000] {processor.py:830} INFO - Processing file /opt/airflow/dags/merge_dag.py for tasks to queue
[2026-05-28T09:08:28.145+0000] {logging_mixin.py:188} INFO - [2026-05-28T09:08:28.144+0000] {dagbag.py:540} INFO - Filling up the DagBag from /opt/airflow/dags/merge_dag.py
[2026-05-28T09:08:28.354+0000] {logging_mixin.py:188} INFO - DATA_PATH: /opt/airflow/data
[2026-05-28T09:08:28.368+0000] {logging_mixin.py:188} INFO - FILES: ['eu_fsf_sanctions.json', 'final_output.json', 'inegi_playwright.json', 'inegi_scraper.json', 'kaldata.db', 'telegraph.db']
[2026-05-28T09:08:28.370+0000] {logging_mixin.py:188} INFO - LOCK EXISTS: False
[2026-05-28T09:08:28.400+0000] {processor.py:840} INFO - DAG(s) 'merge_all_scrapers' retrieved from /opt/airflow/dags/merge_dag.py
[2026-05-28T09:08:28.548+0000] {logging_mixin.py:188} INFO - [2026-05-28T09:08:28.547+0000] {dag.py:3047} INFO - Sync 1 DAGs
[2026-05-28T09:08:30.284+0000] {logging_mixin.py:188} INFO - [2026-05-28T09:08:30.283+0000] {dag.py:3834} INFO - Setting next_dagrun for merge_all_scrapers to None, run_after=None
[2026-05-28T09:08:30.631+0000] {processor.py:183} INFO - Processing /opt/airflow/dags/merge_dag.py took 2.549 seconds
[2026-05-28T09:09:04.884+0000] {processor.py:161} INFO - Started process (PID=6220) to work on /opt/airflow/dags/merge_dag.py
[2026-05-28T09:09:04.926+0000] {processor.py:830} INFO - Processing file /opt/airflow/dags/merge_dag.py for tasks to queue
[2026-05-28T09:09:04.970+0000] {logging_mixin.py:188} INFO - [2026-05-28T09:09:04.969+0000] {dagbag.py:540} INFO - Filling up the DagBag from /opt/airflow/dags/merge_dag.py
[2026-05-28T09:09:05.941+0000] {logging_mixin.py:188} INFO - DATA_PATH: /opt/airflow/data
[2026-05-28T09:09:06.100+0000] {logging_mixin.py:188} INFO - FILES: ['eu_fsf_sanctions.json', 'final_output.json', 'inegi_playwright.json', 'inegi_scraper.json', 'kaldata.db', 'telegraph.db']
[2026-05-28T09:09:06.102+0000] {logging_mixin.py:188} INFO - LOCK EXISTS: False
[2026-05-28T09:09:06.122+0000] {processor.py:840} INFO - DAG(s) 'merge_all_scrapers' retrieved from /opt/airflow/dags/merge_dag.py
[2026-05-28T09:09:06.360+0000] {logging_mixin.py:188} INFO - [2026-05-28T09:09:06.359+0000] {dag.py:3047} INFO - Sync 1 DAGs
[2026-05-28T09:09:06.492+0000] {logging_mixin.py:188} INFO - [2026-05-28T09:09:06.492+0000] {dag.py:3834} INFO - Setting next_dagrun for merge_all_scrapers to None, run_after=None
[2026-05-28T09:09:06.836+0000] {processor.py:183} INFO - Processing /opt/airflow/dags/merge_dag.py took 1.966 seconds
[2026-05-28T09:09:42.216+0000] {processor.py:161} INFO - Started process (PID=6250) to work on /opt/airflow/dags/merge_dag.py
[2026-05-28T09:09:42.400+0000] {processor.py:830} INFO - Processing file /opt/airflow/dags/merge_dag.py for tasks to queue
[2026-05-28T09:09:42.468+0000] {logging_mixin.py:188} INFO - [2026-05-28T09:09:42.456+0000] {dagbag.py:540} INFO - Filling up the DagBag from /opt/airflow/dags/merge_dag.py
[2026-05-28T09:09:43.692+0000] {logging_mixin.py:188} INFO - DATA_PATH: /opt/airflow/data
[2026-05-28T09:09:43.831+0000] {logging_mixin.py:188} INFO - FILES: ['eu_fsf_sanctions.json', 'final_output.json', 'inegi_playwright.json', 'inegi_scraper.json', 'kaldata.db', 'telegraph.db']
[2026-05-28T09:09:43.861+0000] {logging_mixin.py:188} INFO - LOCK EXISTS: False
[2026-05-28T09:09:44.863+0000] {processor.py:840} INFO - DAG(s) 'merge_all_scrapers' retrieved from /opt/airflow/dags/merge_dag.py
[2026-05-28T09:09:45.219+0000] {logging_mixin.py:188} INFO - [2026-05-28T09:09:45.218+0000] {dag.py:3047} INFO - Sync 1 DAGs
[2026-05-28T09:09:45.939+0000] {logging_mixin.py:188} INFO - [2026-05-28T09:09:45.938+0000] {dag.py:3834} INFO - Setting next_dagrun for merge_all_scrapers to None, run_after=None
[2026-05-28T09:09:46.979+0000] {processor.py:183} INFO - Processing /opt/airflow/dags/merge_dag.py took 5.165 seconds
[2026-05-28T09:10:23.206+0000] {processor.py:161} INFO - Started process (PID=6280) to work on /opt/airflow/dags/merge_dag.py
[2026-05-28T09:10:23.257+0000] {processor.py:830} INFO - Processing file /opt/airflow/dags/merge_dag.py for tasks to queue
[2026-05-28T09:10:23.263+0000] {logging_mixin.py:188} INFO - [2026-05-28T09:10:23.261+0000] {dagbag.py:540} INFO - Filling up the DagBag from /opt/airflow/dags/merge_dag.py
[2026-05-28T09:10:23.911+0000] {logging_mixin.py:188} INFO - DATA_PATH: /opt/airflow/data
[2026-05-28T09:10:23.918+0000] {logging_mixin.py:188} INFO - FILES: ['eu_fsf_sanctions.json', 'final_output.json', 'inegi_playwright.json', 'inegi_scraper.json', 'kaldata.db', 'telegraph.db']
[2026-05-28T09:10:23.920+0000] {logging_mixin.py:188} INFO - LOCK EXISTS: False
[2026-05-28T09:10:23.934+0000] {processor.py:840} INFO - DAG(s) 'merge_all_scrapers' retrieved from /opt/airflow/dags/merge_dag.py
[2026-05-28T09:10:24.742+0000] {logging_mixin.py:188} INFO - [2026-05-28T09:10:24.741+0000] {dag.py:3047} INFO - Sync 1 DAGs
[2026-05-28T09:10:24.856+0000] {logging_mixin.py:188} INFO - [2026-05-28T09:10:24.856+0000] {dag.py:3834} INFO - Setting next_dagrun for merge_all_scrapers to None, run_after=None
[2026-05-28T09:10:25.699+0000] {processor.py:183} INFO - Processing /opt/airflow/dags/merge_dag.py took 2.504 seconds
[2026-05-28T09:11:04.688+0000] {processor.py:161} INFO - Started process (PID=6310) to work on /opt/airflow/dags/merge_dag.py
[2026-05-28T09:11:04.712+0000] {processor.py:830} INFO - Processing file /opt/airflow/dags/merge_dag.py for tasks to queue
[2026-05-28T09:11:04.729+0000] {logging_mixin.py:188} INFO - [2026-05-28T09:11:04.727+0000] {dagbag.py:540} INFO - Filling up the DagBag from /opt/airflow/dags/merge_dag.py
[2026-05-28T09:11:04.924+0000] {logging_mixin.py:188} INFO - DATA_PATH: /opt/airflow/data
[2026-05-28T09:11:04.929+0000] {logging_mixin.py:188} INFO - FILES: ['eu_fsf_sanctions.json', 'final_output.json', 'inegi_playwright.json', 'inegi_scraper.json', 'kaldata.db', 'telegraph.db']
[2026-05-28T09:11:04.931+0000] {logging_mixin.py:188} INFO - LOCK EXISTS: False
[2026-05-28T09:11:04.984+0000] {processor.py:840} INFO - DAG(s) 'merge_all_scrapers' retrieved from /opt/airflow/dags/merge_dag.py
[2026-05-28T09:11:05.258+0000] {logging_mixin.py:188} INFO - [2026-05-28T09:11:05.247+0000] {dag.py:3047} INFO - Sync 1 DAGs
[2026-05-28T09:11:05.386+0000] {logging_mixin.py:188} INFO - [2026-05-28T09:11:05.386+0000] {dag.py:3834} INFO - Setting next_dagrun for merge_all_scrapers to None, run_after=None
[2026-05-28T09:11:05.595+0000] {processor.py:183} INFO - Processing /opt/airflow/dags/merge_dag.py took 0.930 seconds
[2026-05-28T09:11:36.116+0000] {processor.py:161} INFO - Started process (PID=6337) to work on /opt/airflow/dags/merge_dag.py
[2026-05-28T09:11:36.126+0000] {processor.py:830} INFO - Processing file /opt/airflow/dags/merge_dag.py for tasks to queue
[2026-05-28T09:11:36.131+0000] {logging_mixin.py:188} INFO - [2026-05-28T09:11:36.130+0000] {dagbag.py:540} INFO - Filling up the DagBag from /opt/airflow/dags/merge_dag.py
[2026-05-28T09:11:36.295+0000] {logging_mixin.py:188} INFO - DATA_PATH: /opt/airflow/data
[2026-05-28T09:11:36.307+0000] {logging_mixin.py:188} INFO - FILES: ['eu_fsf_sanctions.json', 'final_output.json', 'inegi_playwright.json', 'inegi_scraper.json', 'kaldata.db', 'telegraph.db']
[2026-05-28T09:11:36.318+0000] {logging_mixin.py:188} INFO - LOCK EXISTS: False
[2026-05-28T09:11:36.343+0000] {processor.py:840} INFO - DAG(s) 'merge_all_scrapers' retrieved from /opt/airflow/dags/merge_dag.py
[2026-05-28T09:11:36.481+0000] {logging_mixin.py:188} INFO - [2026-05-28T09:11:36.480+0000] {dag.py:3047} INFO - Sync 1 DAGs
[2026-05-28T09:11:36.540+0000] {logging_mixin.py:188} INFO - [2026-05-28T09:11:36.534+0000] {dag.py:3834} INFO - Setting next_dagrun for merge_all_scrapers to None, run_after=None
[2026-05-28T09:11:36.689+0000] {processor.py:183} INFO - Processing /opt/airflow/dags/merge_dag.py took 0.602 seconds
[2026-05-28T09:12:07.234+0000] {processor.py:161} INFO - Started process (PID=6367) to work on /opt/airflow/dags/merge_dag.py
[2026-05-28T09:12:07.238+0000] {processor.py:830} INFO - Processing file /opt/airflow/dags/merge_dag.py for tasks to queue
[2026-05-28T09:12:07.242+0000] {logging_mixin.py:188} INFO - [2026-05-28T09:12:07.241+0000] {dagbag.py:540} INFO - Filling up the DagBag from /opt/airflow/dags/merge_dag.py
[2026-05-28T09:12:07.288+0000] {logging_mixin.py:188} INFO - DATA_PATH: /opt/airflow/data
[2026-05-28T09:12:07.292+0000] {logging_mixin.py:188} INFO - FILES: ['eu_fsf_sanctions.json', 'final_output.json', 'inegi_playwright.json', 'inegi_scraper.json', 'kaldata.db', 'telegraph.db']
[2026-05-28T09:12:07.293+0000] {logging_mixin.py:188} INFO - LOCK EXISTS: False
[2026-05-28T09:12:07.305+0000] {processor.py:840} INFO - DAG(s) 'merge_all_scrapers' retrieved from /opt/airflow/dags/merge_dag.py
[2026-05-28T09:12:07.389+0000] {logging_mixin.py:188} INFO - [2026-05-28T09:12:07.389+0000] {dag.py:3047} INFO - Sync 1 DAGs
[2026-05-28T09:12:07.428+0000] {logging_mixin.py:188} INFO - [2026-05-28T09:12:07.428+0000] {dag.py:3834} INFO - Setting next_dagrun for merge_all_scrapers to None, run_after=None
[2026-05-28T09:12:07.481+0000] {processor.py:183} INFO - Processing /opt/airflow/dags/merge_dag.py took 0.259 seconds
[2026-05-28T09:12:38.605+0000] {processor.py:161} INFO - Started process (PID=6397) to work on /opt/airflow/dags/merge_dag.py
[2026-05-28T09:12:38.627+0000] {processor.py:830} INFO - Processing file /opt/airflow/dags/merge_dag.py for tasks to queue
[2026-05-28T09:12:38.638+0000] {logging_mixin.py:188} INFO - [2026-05-28T09:12:38.636+0000] {dagbag.py:540} INFO - Filling up the DagBag from /opt/airflow/dags/merge_dag.py
[2026-05-28T09:12:38.772+0000] {logging_mixin.py:188} INFO - DATA_PATH: /opt/airflow/data
[2026-05-28T09:12:38.796+0000] {logging_mixin.py:188} INFO - FILES: ['eu_fsf_sanctions.json', 'final_output.json', 'inegi_playwright.json', 'inegi_scraper.json', 'kaldata.db', 'telegraph.db']
[2026-05-28T09:12:38.807+0000] {logging_mixin.py:188} INFO - LOCK EXISTS: False
[2026-05-28T09:12:38.836+0000] {processor.py:840} INFO - DAG(s) 'merge_all_scrapers' retrieved from /opt/airflow/dags/merge_dag.py
[2026-05-28T09:12:39.200+0000] {logging_mixin.py:188} INFO - [2026-05-28T09:12:39.188+0000] {dag.py:3047} INFO - Sync 1 DAGs
[2026-05-28T09:12:39.324+0000] {logging_mixin.py:188} INFO - [2026-05-28T09:12:39.323+0000] {dag.py:3834} INFO - Setting next_dagrun for merge_all_scrapers to None, run_after=None
[2026-05-28T09:12:39.631+0000] {processor.py:183} INFO - Processing /opt/airflow/dags/merge_dag.py took 1.060 seconds
[2026-05-28T09:13:13.251+0000] {processor.py:161} INFO - Started process (PID=6427) to work on /opt/airflow/dags/merge_dag.py
[2026-05-28T09:13:13.291+0000] {processor.py:830} INFO - Processing file /opt/airflow/dags/merge_dag.py for tasks to queue
[2026-05-28T09:13:13.386+0000] {logging_mixin.py:188} INFO - [2026-05-28T09:13:13.385+0000] {dagbag.py:540} INFO - Filling up the DagBag from /opt/airflow/dags/merge_dag.py
[2026-05-28T09:13:15.187+0000] {logging_mixin.py:188} INFO - DATA_PATH: /opt/airflow/data
[2026-05-28T09:13:16.356+0000] {logging_mixin.py:188} INFO - FILES: ['eu_fsf_sanctions.json', 'final_output.json', 'inegi_playwright.json', 'inegi_scraper.json', 'kaldata.db', 'telegraph.db']
[2026-05-28T09:13:17.463+0000] {logging_mixin.py:188} INFO - LOCK EXISTS: False
[2026-05-28T09:13:18.038+0000] {processor.py:840} INFO - DAG(s) 'merge_all_scrapers' retrieved from /opt/airflow/dags/merge_dag.py
[2026-05-28T09:13:18.568+0000] {logging_mixin.py:188} INFO - [2026-05-28T09:13:18.567+0000] {dag.py:3047} INFO - Sync 1 DAGs
[2026-05-28T09:13:18.918+0000] {logging_mixin.py:188} INFO - [2026-05-28T09:13:18.917+0000] {dag.py:3834} INFO - Setting next_dagrun for merge_all_scrapers to None, run_after=None
[2026-05-28T09:13:20.206+0000] {processor.py:183} INFO - Processing /opt/airflow/dags/merge_dag.py took 7.040 seconds
[2026-05-28T09:13:50.654+0000] {processor.py:161} INFO - Started process (PID=6457) to work on /opt/airflow/dags/merge_dag.py
[2026-05-28T09:13:50.660+0000] {processor.py:830} INFO - Processing file /opt/airflow/dags/merge_dag.py for tasks to queue
[2026-05-28T09:13:50.666+0000] {logging_mixin.py:188} INFO - [2026-05-28T09:13:50.665+0000] {dagbag.py:540} INFO - Filling up the DagBag from /opt/airflow/dags/merge_dag.py
[2026-05-28T09:13:50.731+0000] {logging_mixin.py:188} INFO - DATA_PATH: /opt/airflow/data
[2026-05-28T09:13:50.735+0000] {logging_mixin.py:188} INFO - FILES: ['eu_fsf_sanctions.json', 'final_output.json', 'inegi_playwright.json', 'inegi_scraper.json', 'kaldata.db', 'telegraph.db']
[2026-05-28T09:13:50.745+0000] {logging_mixin.py:188} INFO - LOCK EXISTS: False
[2026-05-28T09:13:50.765+0000] {processor.py:840} INFO - DAG(s) 'merge_all_scrapers' retrieved from /opt/airflow/dags/merge_dag.py
[2026-05-28T09:13:50.922+0000] {logging_mixin.py:188} INFO - [2026-05-28T09:13:50.921+0000] {dag.py:3047} INFO - Sync 1 DAGs
[2026-05-28T09:13:50.969+0000] {logging_mixin.py:188} INFO - [2026-05-28T09:13:50.969+0000] {dag.py:3834} INFO - Setting next_dagrun for merge_all_scrapers to None, run_after=None
[2026-05-28T09:13:51.036+0000] {processor.py:183} INFO - Processing /opt/airflow/dags/merge_dag.py took 0.394 seconds
[2026-05-28T09:14:21.541+0000] {processor.py:161} INFO - Started process (PID=6487) to work on /opt/airflow/dags/merge_dag.py
[2026-05-28T09:14:21.558+0000] {processor.py:830} INFO - Processing file /opt/airflow/dags/merge_dag.py for tasks to queue
[2026-05-28T09:14:21.570+0000] {logging_mixin.py:188} INFO - [2026-05-28T09:14:21.569+0000] {dagbag.py:540} INFO - Filling up the DagBag from /opt/airflow/dags/merge_dag.py
[2026-05-28T09:14:21.939+0000] {logging_mixin.py:188} INFO - DATA_PATH: /opt/airflow/data
[2026-05-28T09:14:21.945+0000] {logging_mixin.py:188} INFO - FILES: ['eu_fsf_sanctions.json', 'final_output.json', 'inegi_playwright.json', 'inegi_scraper.json', 'kaldata.db', 'telegraph.db']
[2026-05-28T09:14:21.955+0000] {logging_mixin.py:188} INFO - LOCK EXISTS: False
[2026-05-28T09:14:21.967+0000] {processor.py:840} INFO - DAG(s) 'merge_all_scrapers' retrieved from /opt/airflow/dags/merge_dag.py
[2026-05-28T09:14:22.105+0000] {logging_mixin.py:188} INFO - [2026-05-28T09:14:22.103+0000] {dag.py:3047} INFO - Sync 1 DAGs
[2026-05-28T09:14:22.168+0000] {logging_mixin.py:188} INFO - [2026-05-28T09:14:22.168+0000] {dag.py:3834} INFO - Setting next_dagrun for merge_all_scrapers to None, run_after=None
[2026-05-28T09:14:22.261+0000] {processor.py:183} INFO - Processing /opt/airflow/dags/merge_dag.py took 0.747 seconds
[2026-05-28T09:14:52.807+0000] {processor.py:161} INFO - Started process (PID=6517) to work on /opt/airflow/dags/merge_dag.py
[2026-05-28T09:14:52.816+0000] {processor.py:830} INFO - Processing file /opt/airflow/dags/merge_dag.py for tasks to queue
[2026-05-28T09:14:52.820+0000] {logging_mixin.py:188} INFO - [2026-05-28T09:14:52.819+0000] {dagbag.py:540} INFO - Filling up the DagBag from /opt/airflow/dags/merge_dag.py
[2026-05-28T09:14:52.873+0000] {logging_mixin.py:188} INFO - DATA_PATH: /opt/airflow/data
[2026-05-28T09:14:52.880+0000] {logging_mixin.py:188} INFO - FILES: ['eu_fsf_sanctions.json', 'final_output.json', 'inegi_playwright.json', 'inegi_scraper.json', 'kaldata.db', 'telegraph.db']
[2026-05-28T09:14:52.885+0000] {logging_mixin.py:188} INFO - LOCK EXISTS: False
[2026-05-28T09:14:52.898+0000] {processor.py:840} INFO - DAG(s) 'merge_all_scrapers' retrieved from /opt/airflow/dags/merge_dag.py
[2026-05-28T09:14:52.995+0000] {logging_mixin.py:188} INFO - [2026-05-28T09:14:52.994+0000] {dag.py:3047} INFO - Sync 1 DAGs
[2026-05-28T09:14:53.035+0000] {logging_mixin.py:188} INFO - [2026-05-28T09:14:53.034+0000] {dag.py:3834} INFO - Setting next_dagrun for merge_all_scrapers to None, run_after=None
[2026-05-28T09:14:53.096+0000] {processor.py:183} INFO - Processing /opt/airflow/dags/merge_dag.py took 0.305 seconds
[2026-05-28T09:15:24.281+0000] {processor.py:161} INFO - Started process (PID=6547) to work on /opt/airflow/dags/merge_dag.py
[2026-05-28T09:15:24.290+0000] {processor.py:830} INFO - Processing file /opt/airflow/dags/merge_dag.py for tasks to queue
[2026-05-28T09:15:24.297+0000] {logging_mixin.py:188} INFO - [2026-05-28T09:15:24.296+0000] {dagbag.py:540} INFO - Filling up the DagBag from /opt/airflow/dags/merge_dag.py
[2026-05-28T09:15:24.529+0000] {logging_mixin.py:188} INFO - DATA_PATH: /opt/airflow/data
[2026-05-28T09:15:24.534+0000] {logging_mixin.py:188} INFO - FILES: ['eu_fsf_sanctions.json', 'final_output.json', 'inegi_playwright.json', 'inegi_scraper.json', 'kaldata.db', 'telegraph.db']
[2026-05-28T09:15:24.535+0000] {logging_mixin.py:188} INFO - LOCK EXISTS: False
[2026-05-28T09:15:24.550+0000] {processor.py:840} INFO - DAG(s) 'merge_all_scrapers' retrieved from /opt/airflow/dags/merge_dag.py
[2026-05-28T09:15:24.630+0000] {logging_mixin.py:188} INFO - [2026-05-28T09:15:24.629+0000] {dag.py:3047} INFO - Sync 1 DAGs
[2026-05-28T09:15:24.677+0000] {logging_mixin.py:188} INFO - [2026-05-28T09:15:24.676+0000] {dag.py:3834} INFO - Setting next_dagrun for merge_all_scrapers to None, run_after=None
[2026-05-28T09:15:24.737+0000] {processor.py:183} INFO - Processing /opt/airflow/dags/merge_dag.py took 0.476 seconds
[2026-05-28T09:15:58.787+0000] {processor.py:161} INFO - Started process (PID=6575) to work on /opt/airflow/dags/merge_dag.py
[2026-05-28T09:15:58.808+0000] {processor.py:830} INFO - Processing file /opt/airflow/dags/merge_dag.py for tasks to queue
[2026-05-28T09:15:58.816+0000] {logging_mixin.py:188} INFO - [2026-05-28T09:15:58.815+0000] {dagbag.py:540} INFO - Filling up the DagBag from /opt/airflow/dags/merge_dag.py
[2026-05-28T09:15:59.520+0000] {logging_mixin.py:188} INFO - DATA_PATH: /opt/airflow/data
[2026-05-28T09:15:59.788+0000] {logging_mixin.py:188} INFO - FILES: ['eu_fsf_sanctions.json', 'final_output.json', 'inegi_playwright.json', 'inegi_scraper.json', 'kaldata.db', 'telegraph.db']
[2026-05-28T09:15:59.835+0000] {logging_mixin.py:188} INFO - LOCK EXISTS: False
[2026-05-28T09:15:59.877+0000] {processor.py:840} INFO - DAG(s) 'merge_all_scrapers' retrieved from /opt/airflow/dags/merge_dag.py
[2026-05-28T09:16:00.067+0000] {logging_mixin.py:188} INFO - [2026-05-28T09:16:00.066+0000] {dag.py:3047} INFO - Sync 1 DAGs
[2026-05-28T09:16:00.200+0000] {logging_mixin.py:188} INFO - [2026-05-28T09:16:00.200+0000] {dag.py:3834} INFO - Setting next_dagrun for merge_all_scrapers to None, run_after=None
[2026-05-28T09:16:00.402+0000] {processor.py:183} INFO - Processing /opt/airflow/dags/merge_dag.py took 1.639 seconds
[2026-05-28T09:16:34.599+0000] {processor.py:161} INFO - Started process (PID=6605) to work on /opt/airflow/dags/merge_dag.py
[2026-05-28T09:16:34.663+0000] {processor.py:830} INFO - Processing file /opt/airflow/dags/merge_dag.py for tasks to queue
[2026-05-28T09:16:34.696+0000] {logging_mixin.py:188} INFO - [2026-05-28T09:16:34.695+0000] {dagbag.py:540} INFO - Filling up the DagBag from /opt/airflow/dags/merge_dag.py
[2026-05-28T09:16:36.983+0000] {logging_mixin.py:188} INFO - DATA_PATH: /opt/airflow/data
[2026-05-28T09:16:37.131+0000] {logging_mixin.py:188} INFO - FILES: ['eu_fsf_sanctions.json', 'final_output.json', 'inegi_playwright.json', 'inegi_scraper.json', 'kaldata.db', 'telegraph.db']
[2026-05-28T09:16:37.158+0000] {logging_mixin.py:188} INFO - LOCK EXISTS: False
[2026-05-28T09:16:37.187+0000] {processor.py:840} INFO - DAG(s) 'merge_all_scrapers' retrieved from /opt/airflow/dags/merge_dag.py
[2026-05-28T09:16:37.417+0000] {logging_mixin.py:188} INFO - [2026-05-28T09:16:37.407+0000] {dag.py:3047} INFO - Sync 1 DAGs
[2026-05-28T09:16:37.518+0000] {logging_mixin.py:188} INFO - [2026-05-28T09:16:37.518+0000] {dag.py:3834} INFO - Setting next_dagrun for merge_all_scrapers to None, run_after=None
[2026-05-28T09:16:37.689+0000] {processor.py:183} INFO - Processing /opt/airflow/dags/merge_dag.py took 3.139 seconds
[2026-05-28T09:17:09.295+0000] {processor.py:161} INFO - Started process (PID=6637) to work on /opt/airflow/dags/merge_dag.py
[2026-05-28T09:17:09.353+0000] {processor.py:830} INFO - Processing file /opt/airflow/dags/merge_dag.py for tasks to queue
[2026-05-28T09:17:09.363+0000] {logging_mixin.py:188} INFO - [2026-05-28T09:17:09.362+0000] {dagbag.py:540} INFO - Filling up the DagBag from /opt/airflow/dags/merge_dag.py
[2026-05-28T09:17:09.983+0000] {logging_mixin.py:188} INFO - DATA_PATH: /opt/airflow/data
[2026-05-28T09:17:10.040+0000] {logging_mixin.py:188} INFO - FILES: ['eu_fsf_sanctions.json', 'final_output.json', 'inegi_playwright.json', 'inegi_scraper.json', 'kaldata.db', 'telegraph.db']
[2026-05-28T09:17:10.048+0000] {logging_mixin.py:188} INFO - LOCK EXISTS: False
[2026-05-28T09:17:10.081+0000] {processor.py:840} INFO - DAG(s) 'merge_all_scrapers' retrieved from /opt/airflow/dags/merge_dag.py
[2026-05-28T09:17:10.274+0000] {logging_mixin.py:188} INFO - [2026-05-28T09:17:10.273+0000] {dag.py:3047} INFO - Sync 1 DAGs
[2026-05-28T09:17:10.404+0000] {logging_mixin.py:188} INFO - [2026-05-28T09:17:10.403+0000] {dag.py:3834} INFO - Setting next_dagrun for merge_all_scrapers to None, run_after=None
[2026-05-28T09:17:10.703+0000] {processor.py:183} INFO - Processing /opt/airflow/dags/merge_dag.py took 1.442 seconds
[2026-05-28T09:17:46.283+0000] {processor.py:161} INFO - Started process (PID=6660) to work on /opt/airflow/dags/merge_dag.py
[2026-05-28T09:17:46.288+0000] {processor.py:830} INFO - Processing file /opt/airflow/dags/merge_dag.py for tasks to queue
[2026-05-28T09:17:46.342+0000] {logging_mixin.py:188} INFO - [2026-05-28T09:17:46.341+0000] {dagbag.py:540} INFO - Filling up the DagBag from /opt/airflow/dags/merge_dag.py
[2026-05-28T09:17:47.509+0000] {logging_mixin.py:188} INFO - DATA_PATH: /opt/airflow/data
[2026-05-28T09:17:47.828+0000] {logging_mixin.py:188} INFO - FILES: ['eu_fsf_sanctions.json', 'final_output.json', 'inegi_playwright.json', 'inegi_scraper.json', 'kaldata.db', 'telegraph.db']
[2026-05-28T09:17:47.846+0000] {logging_mixin.py:188} INFO - LOCK EXISTS: False
[2026-05-28T09:17:47.885+0000] {processor.py:840} INFO - DAG(s) 'merge_all_scrapers' retrieved from /opt/airflow/dags/merge_dag.py
[2026-05-28T09:17:48.114+0000] {logging_mixin.py:188} INFO - [2026-05-28T09:17:48.113+0000] {dag.py:3047} INFO - Sync 1 DAGs
[2026-05-28T09:17:48.275+0000] {logging_mixin.py:188} INFO - [2026-05-28T09:17:48.275+0000] {dag.py:3834} INFO - Setting next_dagrun for merge_all_scrapers to None, run_after=None
[2026-05-28T09:17:48.470+0000] {processor.py:183} INFO - Processing /opt/airflow/dags/merge_dag.py took 2.206 seconds
[2026-05-28T09:18:19.026+0000] {processor.py:161} INFO - Started process (PID=6692) to work on /opt/airflow/dags/merge_dag.py
[2026-05-28T09:18:19.030+0000] {processor.py:830} INFO - Processing file /opt/airflow/dags/merge_dag.py for tasks to queue
[2026-05-28T09:18:19.035+0000] {logging_mixin.py:188} INFO - [2026-05-28T09:18:19.034+0000] {dagbag.py:540} INFO - Filling up the DagBag from /opt/airflow/dags/merge_dag.py
[2026-05-28T09:18:19.084+0000] {logging_mixin.py:188} INFO - DATA_PATH: /opt/airflow/data
[2026-05-28T09:18:19.090+0000] {logging_mixin.py:188} INFO - FILES: ['eu_fsf_sanctions.json', 'final_output.json', 'inegi_playwright.json', 'inegi_scraper.json', 'kaldata.db', 'telegraph.db']
[2026-05-28T09:18:19.091+0000] {logging_mixin.py:188} INFO - LOCK EXISTS: False
[2026-05-28T09:18:19.103+0000] {processor.py:840} INFO - DAG(s) 'merge_all_scrapers' retrieved from /opt/airflow/dags/merge_dag.py
[2026-05-28T09:18:19.191+0000] {logging_mixin.py:188} INFO - [2026-05-28T09:18:19.190+0000] {dag.py:3047} INFO - Sync 1 DAGs
[2026-05-28T09:18:19.241+0000] {logging_mixin.py:188} INFO - [2026-05-28T09:18:19.241+0000] {dag.py:3834} INFO - Setting next_dagrun for merge_all_scrapers to None, run_after=None
[2026-05-28T09:18:19.313+0000] {processor.py:183} INFO - Processing /opt/airflow/dags/merge_dag.py took 0.299 seconds
[2026-05-28T09:18:49.926+0000] {processor.py:161} INFO - Started process (PID=6720) to work on /opt/airflow/dags/merge_dag.py
[2026-05-28T09:18:49.930+0000] {processor.py:830} INFO - Processing file /opt/airflow/dags/merge_dag.py for tasks to queue
[2026-05-28T09:18:49.933+0000] {logging_mixin.py:188} INFO - [2026-05-28T09:18:49.932+0000] {dagbag.py:540} INFO - Filling up the DagBag from /opt/airflow/dags/merge_dag.py
[2026-05-28T09:18:50.012+0000] {logging_mixin.py:188} INFO - DATA_PATH: /opt/airflow/data
[2026-05-28T09:18:50.027+0000] {logging_mixin.py:188} INFO - FILES: ['eu_fsf_sanctions.json', 'final_output.json', 'inegi_playwright.json', 'inegi_scraper.json', 'kaldata.db', 'telegraph.db']
[2026-05-28T09:18:50.029+0000] {logging_mixin.py:188} INFO - LOCK EXISTS: False
[2026-05-28T09:18:50.051+0000] {processor.py:840} INFO - DAG(s) 'merge_all_scrapers' retrieved from /opt/airflow/dags/merge_dag.py
[2026-05-28T09:18:50.156+0000] {logging_mixin.py:188} INFO - [2026-05-28T09:18:50.154+0000] {dag.py:3047} INFO - Sync 1 DAGs
[2026-05-28T09:18:50.197+0000] {logging_mixin.py:188} INFO - [2026-05-28T09:18:50.196+0000] {dag.py:3834} INFO - Setting next_dagrun for merge_all_scrapers to None, run_after=None
[2026-05-28T09:18:50.267+0000] {processor.py:183} INFO - Processing /opt/airflow/dags/merge_dag.py took 0.357 seconds
[2026-05-28T09:19:20.831+0000] {processor.py:161} INFO - Started process (PID=6747) to work on /opt/airflow/dags/merge_dag.py
[2026-05-28T09:19:20.854+0000] {processor.py:830} INFO - Processing file /opt/airflow/dags/merge_dag.py for tasks to queue
[2026-05-28T09:19:20.874+0000] {logging_mixin.py:188} INFO - [2026-05-28T09:19:20.873+0000] {dagbag.py:540} INFO - Filling up the DagBag from /opt/airflow/dags/merge_dag.py
[2026-05-28T09:19:21.007+0000] {logging_mixin.py:188} INFO - DATA_PATH: /opt/airflow/data
[2026-05-28T09:19:21.011+0000] {logging_mixin.py:188} INFO - FILES: ['eu_fsf_sanctions.json', 'final_output.json', 'inegi_playwright.json', 'inegi_scraper.json', 'kaldata.db', 'telegraph.db']
[2026-05-28T09:19:21.017+0000] {logging_mixin.py:188} INFO - LOCK EXISTS: False
[2026-05-28T09:19:21.034+0000] {processor.py:840} INFO - DAG(s) 'merge_all_scrapers' retrieved from /opt/airflow/dags/merge_dag.py
[2026-05-28T09:19:21.201+0000] {logging_mixin.py:188} INFO - [2026-05-28T09:19:21.200+0000] {dag.py:3047} INFO - Sync 1 DAGs
[2026-05-28T09:19:21.278+0000] {logging_mixin.py:188} INFO - [2026-05-28T09:19:21.278+0000] {dag.py:3834} INFO - Setting next_dagrun for merge_all_scrapers to None, run_after=None
[2026-05-28T09:19:21.459+0000] {processor.py:183} INFO - Processing /opt/airflow/dags/merge_dag.py took 0.650 seconds
[2026-05-28T09:19:52.107+0000] {processor.py:161} INFO - Started process (PID=6777) to work on /opt/airflow/dags/merge_dag.py
[2026-05-28T09:19:52.110+0000] {processor.py:830} INFO - Processing file /opt/airflow/dags/merge_dag.py for tasks to queue
[2026-05-28T09:19:52.114+0000] {logging_mixin.py:188} INFO - [2026-05-28T09:19:52.113+0000] {dagbag.py:540} INFO - Filling up the DagBag from /opt/airflow/dags/merge_dag.py
[2026-05-28T09:19:52.168+0000] {logging_mixin.py:188} INFO - DATA_PATH: /opt/airflow/data
[2026-05-28T09:19:52.179+0000] {logging_mixin.py:188} INFO - FILES: ['eu_fsf_sanctions.json', 'final_output.json', 'inegi_playwright.json', 'inegi_scraper.json', 'kaldata.db', 'telegraph.db']
[2026-05-28T09:19:52.182+0000] {logging_mixin.py:188} INFO - LOCK EXISTS: False
[2026-05-28T09:19:52.202+0000] {processor.py:840} INFO - DAG(s) 'merge_all_scrapers' retrieved from /opt/airflow/dags/merge_dag.py
[2026-05-28T09:19:52.425+0000] {logging_mixin.py:188} INFO - [2026-05-28T09:19:52.413+0000] {dag.py:3047} INFO - Sync 1 DAGs
[2026-05-28T09:19:52.592+0000] {logging_mixin.py:188} INFO - [2026-05-28T09:19:52.592+0000] {dag.py:3834} INFO - Setting next_dagrun for merge_all_scrapers to None, run_after=None
[2026-05-28T09:19:53.000+0000] {processor.py:183} INFO - Processing /opt/airflow/dags/merge_dag.py took 0.909 seconds
[2026-05-28T09:20:27.510+0000] {processor.py:161} INFO - Started process (PID=6805) to work on /opt/airflow/dags/merge_dag.py
[2026-05-28T09:20:27.611+0000] {processor.py:830} INFO - Processing file /opt/airflow/dags/merge_dag.py for tasks to queue
[2026-05-28T09:20:27.616+0000] {logging_mixin.py:188} INFO - [2026-05-28T09:20:27.615+0000] {dagbag.py:540} INFO - Filling up the DagBag from /opt/airflow/dags/merge_dag.py
[2026-05-28T09:20:31.711+0000] {logging_mixin.py:188} INFO - DATA_PATH: /opt/airflow/data
[2026-05-28T09:20:31.938+0000] {logging_mixin.py:188} INFO - FILES: ['eu_fsf_sanctions.json', 'final_output.json', 'inegi_playwright.json', 'inegi_scraper.json', 'kaldata.db', 'telegraph.db']
[2026-05-28T09:20:32.070+0000] {logging_mixin.py:188} INFO - LOCK EXISTS: False
[2026-05-28T09:20:32.248+0000] {processor.py:840} INFO - DAG(s) 'merge_all_scrapers' retrieved from /opt/airflow/dags/merge_dag.py
[2026-05-28T09:20:32.552+0000] {logging_mixin.py:188} INFO - [2026-05-28T09:20:32.524+0000] {dag.py:3047} INFO - Sync 1 DAGs
[2026-05-28T09:20:32.854+0000] {logging_mixin.py:188} INFO - [2026-05-28T09:20:32.853+0000] {dag.py:3834} INFO - Setting next_dagrun for merge_all_scrapers to None, run_after=None
[2026-05-28T09:20:33.287+0000] {processor.py:183} INFO - Processing /opt/airflow/dags/merge_dag.py took 5.797 seconds
[2026-05-28T09:21:05.564+0000] {processor.py:161} INFO - Started process (PID=6837) to work on /opt/airflow/dags/merge_dag.py
[2026-05-28T09:21:05.625+0000] {processor.py:830} INFO - Processing file /opt/airflow/dags/merge_dag.py for tasks to queue
[2026-05-28T09:21:05.676+0000] {logging_mixin.py:188} INFO - [2026-05-28T09:21:05.675+0000] {dagbag.py:540} INFO - Filling up the DagBag from /opt/airflow/dags/merge_dag.py
[2026-05-28T09:21:07.149+0000] {logging_mixin.py:188} INFO - DATA_PATH: /opt/airflow/data
[2026-05-28T09:21:07.407+0000] {logging_mixin.py:188} INFO - FILES: ['eu_fsf_sanctions.json', 'final_output.json', 'inegi_playwright.json', 'inegi_scraper.json', 'kaldata.db', 'telegraph.db']
[2026-05-28T09:21:07.435+0000] {logging_mixin.py:188} INFO - LOCK EXISTS: False
[2026-05-28T09:21:07.467+0000] {processor.py:840} INFO - DAG(s) 'merge_all_scrapers' retrieved from /opt/airflow/dags/merge_dag.py
[2026-05-28T09:21:07.668+0000] {logging_mixin.py:188} INFO - [2026-05-28T09:21:07.667+0000] {dag.py:3047} INFO - Sync 1 DAGs
[2026-05-28T09:21:07.795+0000] {logging_mixin.py:188} INFO - [2026-05-28T09:21:07.795+0000] {dag.py:3834} INFO - Setting next_dagrun for merge_all_scrapers to None, run_after=None
[2026-05-28T09:21:08.218+0000] {processor.py:183} INFO - Processing /opt/airflow/dags/merge_dag.py took 2.673 seconds
[2026-05-28T09:21:39.252+0000] {processor.py:161} INFO - Started process (PID=6867) to work on /opt/airflow/dags/merge_dag.py
[2026-05-28T09:21:39.257+0000] {processor.py:830} INFO - Processing file /opt/airflow/dags/merge_dag.py for tasks to queue
[2026-05-28T09:21:39.271+0000] {logging_mixin.py:188} INFO - [2026-05-28T09:21:39.263+0000] {dagbag.py:540} INFO - Filling up the DagBag from /opt/airflow/dags/merge_dag.py
[2026-05-28T09:21:39.344+0000] {logging_mixin.py:188} INFO - DATA_PATH: /opt/airflow/data
[2026-05-28T09:21:39.353+0000] {logging_mixin.py:188} INFO - FILES: ['eu_fsf_sanctions.json', 'final_output.json', 'inegi_playwright.json', 'inegi_scraper.json', 'kaldata.db', 'telegraph.db']
[2026-05-28T09:21:39.356+0000] {logging_mixin.py:188} INFO - LOCK EXISTS: False
[2026-05-28T09:21:39.406+0000] {processor.py:840} INFO - DAG(s) 'merge_all_scrapers' retrieved from /opt/airflow/dags/merge_dag.py
[2026-05-28T09:21:39.535+0000] {logging_mixin.py:188} INFO - [2026-05-28T09:21:39.533+0000] {dag.py:3047} INFO - Sync 1 DAGs
[2026-05-28T09:21:39.574+0000] {logging_mixin.py:188} INFO - [2026-05-28T09:21:39.574+0000] {dag.py:3834} INFO - Setting next_dagrun for merge_all_scrapers to None, run_after=None
[2026-05-28T09:21:39.661+0000] {processor.py:183} INFO - Processing /opt/airflow/dags/merge_dag.py took 0.441 seconds
[2026-05-28T09:22:11.005+0000] {processor.py:161} INFO - Started process (PID=6897) to work on /opt/airflow/dags/merge_dag.py
[2026-05-28T09:22:11.008+0000] {processor.py:830} INFO - Processing file /opt/airflow/dags/merge_dag.py for tasks to queue
[2026-05-28T09:22:11.017+0000] {logging_mixin.py:188} INFO - [2026-05-28T09:22:11.016+0000] {dagbag.py:540} INFO - Filling up the DagBag from /opt/airflow/dags/merge_dag.py
[2026-05-28T09:22:11.104+0000] {logging_mixin.py:188} INFO - DATA_PATH: /opt/airflow/data
[2026-05-28T09:22:11.111+0000] {logging_mixin.py:188} INFO - FILES: ['eu_fsf_sanctions.json', 'final_output.json', 'inegi_playwright.json', 'inegi_scraper.json', 'kaldata.db', 'telegraph.db']
[2026-05-28T09:22:11.115+0000] {logging_mixin.py:188} INFO - LOCK EXISTS: False
[2026-05-28T09:22:11.137+0000] {processor.py:840} INFO - DAG(s) 'merge_all_scrapers' retrieved from /opt/airflow/dags/merge_dag.py
[2026-05-28T09:22:11.380+0000] {logging_mixin.py:188} INFO - [2026-05-28T09:22:11.380+0000] {dag.py:3047} INFO - Sync 1 DAGs
[2026-05-28T09:22:11.480+0000] {logging_mixin.py:188} INFO - [2026-05-28T09:22:11.479+0000] {dag.py:3834} INFO - Setting next_dagrun for merge_all_scrapers to None, run_after=None
[2026-05-28T09:22:11.601+0000] {processor.py:183} INFO - Processing /opt/airflow/dags/merge_dag.py took 0.614 seconds
[2026-05-28T09:22:43.026+0000] {processor.py:161} INFO - Started process (PID=6927) to work on /opt/airflow/dags/merge_dag.py
[2026-05-28T09:22:43.031+0000] {processor.py:830} INFO - Processing file /opt/airflow/dags/merge_dag.py for tasks to queue
[2026-05-28T09:22:43.037+0000] {logging_mixin.py:188} INFO - [2026-05-28T09:22:43.033+0000] {dagbag.py:540} INFO - Filling up the DagBag from /opt/airflow/dags/merge_dag.py
[2026-05-28T09:22:43.179+0000] {logging_mixin.py:188} INFO - DATA_PATH: /opt/airflow/data
[2026-05-28T09:22:43.193+0000] {logging_mixin.py:188} INFO - FILES: ['eu_fsf_sanctions.json', 'final_output.json', 'inegi_playwright.json', 'inegi_scraper.json', 'kaldata.db', 'telegraph.db']
[2026-05-28T09:22:43.196+0000] {logging_mixin.py:188} INFO - LOCK EXISTS: False
[2026-05-28T09:22:43.221+0000] {processor.py:840} INFO - DAG(s) 'merge_all_scrapers' retrieved from /opt/airflow/dags/merge_dag.py
[2026-05-28T09:22:43.404+0000] {logging_mixin.py:188} INFO - [2026-05-28T09:22:43.403+0000] {dag.py:3047} INFO - Sync 1 DAGs
[2026-05-28T09:22:43.496+0000] {logging_mixin.py:188} INFO - [2026-05-28T09:22:43.495+0000] {dag.py:3834} INFO - Setting next_dagrun for merge_all_scrapers to None, run_after=None
[2026-05-28T09:22:43.713+0000] {processor.py:183} INFO - Processing /opt/airflow/dags/merge_dag.py took 0.705 seconds
[2026-05-28T09:23:15.431+0000] {processor.py:161} INFO - Started process (PID=6957) to work on /opt/airflow/dags/merge_dag.py
[2026-05-28T09:23:15.463+0000] {processor.py:830} INFO - Processing file /opt/airflow/dags/merge_dag.py for tasks to queue
[2026-05-28T09:23:15.490+0000] {logging_mixin.py:188} INFO - [2026-05-28T09:23:15.489+0000] {dagbag.py:540} INFO - Filling up the DagBag from /opt/airflow/dags/merge_dag.py
[2026-05-28T09:23:16.301+0000] {logging_mixin.py:188} INFO - DATA_PATH: /opt/airflow/data
[2026-05-28T09:23:16.333+0000] {logging_mixin.py:188} INFO - FILES: ['eu_fsf_sanctions.json', 'final_output.json', 'inegi_playwright.json', 'inegi_scraper.json', 'kaldata.db', 'telegraph.db']
[2026-05-28T09:23:16.378+0000] {logging_mixin.py:188} INFO - LOCK EXISTS: False
[2026-05-28T09:23:16.430+0000] {processor.py:840} INFO - DAG(s) 'merge_all_scrapers' retrieved from /opt/airflow/dags/merge_dag.py
[2026-05-28T09:23:16.597+0000] {logging_mixin.py:188} INFO - [2026-05-28T09:23:16.596+0000] {dag.py:3047} INFO - Sync 1 DAGs
[2026-05-28T09:23:16.653+0000] {logging_mixin.py:188} INFO - [2026-05-28T09:23:16.652+0000] {dag.py:3834} INFO - Setting next_dagrun for merge_all_scrapers to None, run_after=None
[2026-05-28T09:23:16.937+0000] {processor.py:183} INFO - Processing /opt/airflow/dags/merge_dag.py took 1.527 seconds
[2026-05-28T09:23:47.154+0000] {processor.py:161} INFO - Started process (PID=6987) to work on /opt/airflow/dags/merge_dag.py
[2026-05-28T09:23:47.157+0000] {processor.py:830} INFO - Processing file /opt/airflow/dags/merge_dag.py for tasks to queue
[2026-05-28T09:23:47.162+0000] {logging_mixin.py:188} INFO - [2026-05-28T09:23:47.160+0000] {dagbag.py:540} INFO - Filling up the DagBag from /opt/airflow/dags/merge_dag.py
[2026-05-28T09:23:47.198+0000] {logging_mixin.py:188} INFO - DATA_PATH: /opt/airflow/data
[2026-05-28T09:23:47.201+0000] {logging_mixin.py:188} INFO - FILES: ['eu_fsf_sanctions.json', 'final_output.json', 'inegi_playwright.json', 'inegi_scraper.json', 'kaldata.db', 'telegraph.db']
[2026-05-28T09:23:47.203+0000] {logging_mixin.py:188} INFO - LOCK EXISTS: False
[2026-05-28T09:23:47.215+0000] {processor.py:840} INFO - DAG(s) 'merge_all_scrapers' retrieved from /opt/airflow/dags/merge_dag.py
[2026-05-28T09:23:47.295+0000] {logging_mixin.py:188} INFO - [2026-05-28T09:23:47.294+0000] {dag.py:3047} INFO - Sync 1 DAGs
[2026-05-28T09:23:47.337+0000] {logging_mixin.py:188} INFO - [2026-05-28T09:23:47.336+0000] {dag.py:3834} INFO - Setting next_dagrun for merge_all_scrapers to None, run_after=None
[2026-05-28T09:23:47.485+0000] {processor.py:183} INFO - Processing /opt/airflow/dags/merge_dag.py took 0.349 seconds
[2026-05-28T09:24:22.551+0000] {processor.py:161} INFO - Started process (PID=7017) to work on /opt/airflow/dags/merge_dag.py
[2026-05-28T09:24:22.561+0000] {processor.py:830} INFO - Processing file /opt/airflow/dags/merge_dag.py for tasks to queue
[2026-05-28T09:24:22.585+0000] {logging_mixin.py:188} INFO - [2026-05-28T09:24:22.584+0000] {dagbag.py:540} INFO - Filling up the DagBag from /opt/airflow/dags/merge_dag.py
[2026-05-28T09:24:23.284+0000] {logging_mixin.py:188} INFO - DATA_PATH: /opt/airflow/data
[2026-05-28T09:24:23.393+0000] {logging_mixin.py:188} INFO - FILES: ['eu_fsf_sanctions.json', 'final_output.json', 'inegi_playwright.json', 'inegi_scraper.json', 'kaldata.db', 'telegraph.db']
[2026-05-28T09:24:23.407+0000] {logging_mixin.py:188} INFO - LOCK EXISTS: False
[2026-05-28T09:24:23.432+0000] {processor.py:840} INFO - DAG(s) 'merge_all_scrapers' retrieved from /opt/airflow/dags/merge_dag.py
[2026-05-28T09:24:23.856+0000] {logging_mixin.py:188} INFO - [2026-05-28T09:24:23.843+0000] {dag.py:3047} INFO - Sync 1 DAGs
[2026-05-28T09:24:24.239+0000] {logging_mixin.py:188} INFO - [2026-05-28T09:24:24.239+0000] {dag.py:3834} INFO - Setting next_dagrun for merge_all_scrapers to None, run_after=None
[2026-05-28T09:24:24.807+0000] {processor.py:183} INFO - Processing /opt/airflow/dags/merge_dag.py took 2.274 seconds
[2026-05-28T09:24:56.739+0000] {processor.py:161} INFO - Started process (PID=7047) to work on /opt/airflow/dags/merge_dag.py
[2026-05-28T09:24:56.768+0000] {processor.py:830} INFO - Processing file /opt/airflow/dags/merge_dag.py for tasks to queue
[2026-05-28T09:24:56.786+0000] {logging_mixin.py:188} INFO - [2026-05-28T09:24:56.785+0000] {dagbag.py:540} INFO - Filling up the DagBag from /opt/airflow/dags/merge_dag.py
[2026-05-28T09:24:56.875+0000] {logging_mixin.py:188} INFO - DATA_PATH: /opt/airflow/data
[2026-05-28T09:24:56.893+0000] {logging_mixin.py:188} INFO - FILES: ['eu_fsf_sanctions.json', 'final_output.json', 'inegi_playwright.json', 'inegi_scraper.json', 'kaldata.db', 'telegraph.db']
[2026-05-28T09:24:56.897+0000] {logging_mixin.py:188} INFO - LOCK EXISTS: False
[2026-05-28T09:24:56.924+0000] {processor.py:840} INFO - DAG(s) 'merge_all_scrapers' retrieved from /opt/airflow/dags/merge_dag.py
[2026-05-28T09:24:57.132+0000] {logging_mixin.py:188} INFO - [2026-05-28T09:24:57.131+0000] {dag.py:3047} INFO - Sync 1 DAGs
[2026-05-28T09:24:57.275+0000] {logging_mixin.py:188} INFO - [2026-05-28T09:24:57.263+0000] {dag.py:3834} INFO - Setting next_dagrun for merge_all_scrapers to None, run_after=None
[2026-05-28T09:24:57.495+0000] {processor.py:183} INFO - Processing /opt/airflow/dags/merge_dag.py took 0.775 seconds
[2026-05-28T09:25:28.195+0000] {processor.py:161} INFO - Started process (PID=7077) to work on /opt/airflow/dags/merge_dag.py
[2026-05-28T09:25:28.199+0000] {processor.py:830} INFO - Processing file /opt/airflow/dags/merge_dag.py for tasks to queue
[2026-05-28T09:25:28.202+0000] {logging_mixin.py:188} INFO - [2026-05-28T09:25:28.201+0000] {dagbag.py:540} INFO - Filling up the DagBag from /opt/airflow/dags/merge_dag.py
[2026-05-28T09:25:28.246+0000] {logging_mixin.py:188} INFO - DATA_PATH: /opt/airflow/data
[2026-05-28T09:25:28.250+0000] {logging_mixin.py:188} INFO - FILES: ['eu_fsf_sanctions.json', 'final_output.json', 'inegi_playwright.json', 'inegi_scraper.json', 'kaldata.db', 'telegraph.db']
[2026-05-28T09:25:28.252+0000] {logging_mixin.py:188} INFO - LOCK EXISTS: False
[2026-05-28T09:25:28.265+0000] {processor.py:840} INFO - DAG(s) 'merge_all_scrapers' retrieved from /opt/airflow/dags/merge_dag.py
[2026-05-28T09:25:28.342+0000] {logging_mixin.py:188} INFO - [2026-05-28T09:25:28.341+0000] {dag.py:3047} INFO - Sync 1 DAGs
[2026-05-28T09:25:28.382+0000] {logging_mixin.py:188} INFO - [2026-05-28T09:25:28.381+0000] {dag.py:3834} INFO - Setting next_dagrun for merge_all_scrapers to None, run_after=None
[2026-05-28T09:25:28.446+0000] {processor.py:183} INFO - Processing /opt/airflow/dags/merge_dag.py took 0.263 seconds
[2026-05-28T09:25:59.338+0000] {processor.py:161} INFO - Started process (PID=7107) to work on /opt/airflow/dags/merge_dag.py
[2026-05-28T09:25:59.361+0000] {processor.py:830} INFO - Processing file /opt/airflow/dags/merge_dag.py for tasks to queue
[2026-05-28T09:25:59.368+0000] {logging_mixin.py:188} INFO - [2026-05-28T09:25:59.367+0000] {dagbag.py:540} INFO - Filling up the DagBag from /opt/airflow/dags/merge_dag.py
[2026-05-28T09:25:59.471+0000] {logging_mixin.py:188} INFO - DATA_PATH: /opt/airflow/data
[2026-05-28T09:25:59.476+0000] {logging_mixin.py:188} INFO - FILES: ['eu_fsf_sanctions.json', 'final_output.json', 'inegi_playwright.json', 'inegi_scraper.json', 'kaldata.db', 'telegraph.db']
[2026-05-28T09:25:59.478+0000] {logging_mixin.py:188} INFO - LOCK EXISTS: False
[2026-05-28T09:25:59.491+0000] {processor.py:840} INFO - DAG(s) 'merge_all_scrapers' retrieved from /opt/airflow/dags/merge_dag.py
[2026-05-28T09:25:59.566+0000] {logging_mixin.py:188} INFO - [2026-05-28T09:25:59.565+0000] {dag.py:3047} INFO - Sync 1 DAGs
[2026-05-28T09:25:59.608+0000] {logging_mixin.py:188} INFO - [2026-05-28T09:25:59.607+0000] {dag.py:3834} INFO - Setting next_dagrun for merge_all_scrapers to None, run_after=None
[2026-05-28T09:25:59.674+0000] {processor.py:183} INFO - Processing /opt/airflow/dags/merge_dag.py took 0.358 seconds
[2026-05-28T09:26:30.907+0000] {processor.py:161} INFO - Started process (PID=7137) to work on /opt/airflow/dags/merge_dag.py
[2026-05-28T09:26:30.921+0000] {processor.py:830} INFO - Processing file /opt/airflow/dags/merge_dag.py for tasks to queue
[2026-05-28T09:26:30.945+0000] {logging_mixin.py:188} INFO - [2026-05-28T09:26:30.944+0000] {dagbag.py:540} INFO - Filling up the DagBag from /opt/airflow/dags/merge_dag.py
[2026-05-28T09:26:31.090+0000] {logging_mixin.py:188} INFO - DATA_PATH: /opt/airflow/data
[2026-05-28T09:26:31.108+0000] {logging_mixin.py:188} INFO - FILES: ['eu_fsf_sanctions.json', 'final_output.json', 'inegi_playwright.json', 'inegi_scraper.json', 'kaldata.db', 'telegraph.db']
[2026-05-28T09:26:31.116+0000] {logging_mixin.py:188} INFO - LOCK EXISTS: False
[2026-05-28T09:26:31.136+0000] {processor.py:840} INFO - DAG(s) 'merge_all_scrapers' retrieved from /opt/airflow/dags/merge_dag.py
[2026-05-28T09:26:31.285+0000] {logging_mixin.py:188} INFO - [2026-05-28T09:26:31.284+0000] {dag.py:3047} INFO - Sync 1 DAGs
[2026-05-28T09:26:31.337+0000] {logging_mixin.py:188} INFO - [2026-05-28T09:26:31.336+0000] {dag.py:3834} INFO - Setting next_dagrun for merge_all_scrapers to None, run_after=None
[2026-05-28T09:26:31.439+0000] {processor.py:183} INFO - Processing /opt/airflow/dags/merge_dag.py took 0.553 seconds
[2026-05-28T09:27:02.033+0000] {processor.py:161} INFO - Started process (PID=7167) to work on /opt/airflow/dags/merge_dag.py
[2026-05-28T09:27:02.039+0000] {processor.py:830} INFO - Processing file /opt/airflow/dags/merge_dag.py for tasks to queue
[2026-05-28T09:27:02.044+0000] {logging_mixin.py:188} INFO - [2026-05-28T09:27:02.042+0000] {dagbag.py:540} INFO - Filling up the DagBag from /opt/airflow/dags/merge_dag.py
[2026-05-28T09:27:02.100+0000] {logging_mixin.py:188} INFO - DATA_PATH: /opt/airflow/data
[2026-05-28T09:27:02.108+0000] {logging_mixin.py:188} INFO - FILES: ['eu_fsf_sanctions.json', 'final_output.json', 'inegi_playwright.json', 'inegi_scraper.json', 'kaldata.db', 'telegraph.db']
[2026-05-28T09:27:02.110+0000] {logging_mixin.py:188} INFO - LOCK EXISTS: False
[2026-05-28T09:27:02.135+0000] {processor.py:840} INFO - DAG(s) 'merge_all_scrapers' retrieved from /opt/airflow/dags/merge_dag.py
[2026-05-28T09:27:02.234+0000] {logging_mixin.py:188} INFO - [2026-05-28T09:27:02.233+0000] {dag.py:3047} INFO - Sync 1 DAGs
[2026-05-28T09:27:02.284+0000] {logging_mixin.py:188} INFO - [2026-05-28T09:27:02.283+0000] {dag.py:3834} INFO - Setting next_dagrun for merge_all_scrapers to None, run_after=None
[2026-05-28T09:27:02.393+0000] {processor.py:183} INFO - Processing /opt/airflow/dags/merge_dag.py took 0.373 seconds
[2026-05-28T09:27:32.767+0000] {processor.py:161} INFO - Started process (PID=7197) to work on /opt/airflow/dags/merge_dag.py
[2026-05-28T09:27:32.770+0000] {processor.py:830} INFO - Processing file /opt/airflow/dags/merge_dag.py for tasks to queue
[2026-05-28T09:27:32.773+0000] {logging_mixin.py:188} INFO - [2026-05-28T09:27:32.772+0000] {dagbag.py:540} INFO - Filling up the DagBag from /opt/airflow/dags/merge_dag.py
[2026-05-28T09:27:32.824+0000] {logging_mixin.py:188} INFO - DATA_PATH: /opt/airflow/data
[2026-05-28T09:27:32.831+0000] {logging_mixin.py:188} INFO - FILES: ['eu_fsf_sanctions.json', 'final_output.json', 'inegi_playwright.json', 'inegi_scraper.json', 'kaldata.db', 'telegraph.db']
[2026-05-28T09:27:32.833+0000] {logging_mixin.py:188} INFO - LOCK EXISTS: False
[2026-05-28T09:27:32.845+0000] {processor.py:840} INFO - DAG(s) 'merge_all_scrapers' retrieved from /opt/airflow/dags/merge_dag.py
[2026-05-28T09:27:32.981+0000] {logging_mixin.py:188} INFO - [2026-05-28T09:27:32.980+0000] {dag.py:3047} INFO - Sync 1 DAGs
[2026-05-28T09:27:33.040+0000] {logging_mixin.py:188} INFO - [2026-05-28T09:27:33.040+0000] {dag.py:3834} INFO - Setting next_dagrun for merge_all_scrapers to None, run_after=None
[2026-05-28T09:27:33.119+0000] {processor.py:183} INFO - Processing /opt/airflow/dags/merge_dag.py took 0.368 seconds
[2026-05-28T09:28:04.241+0000] {processor.py:161} INFO - Started process (PID=7227) to work on /opt/airflow/dags/merge_dag.py
[2026-05-28T09:28:04.255+0000] {processor.py:830} INFO - Processing file /opt/airflow/dags/merge_dag.py for tasks to queue
[2026-05-28T09:28:04.261+0000] {logging_mixin.py:188} INFO - [2026-05-28T09:28:04.260+0000] {dagbag.py:540} INFO - Filling up the DagBag from /opt/airflow/dags/merge_dag.py
[2026-05-28T09:28:04.410+0000] {logging_mixin.py:188} INFO - DATA_PATH: /opt/airflow/data
[2026-05-28T09:28:04.436+0000] {logging_mixin.py:188} INFO - FILES: ['eu_fsf_sanctions.json', 'final_output.json', 'inegi_playwright.json', 'inegi_scraper.json', 'kaldata.db', 'telegraph.db']
[2026-05-28T09:28:04.440+0000] {logging_mixin.py:188} INFO - LOCK EXISTS: False
[2026-05-28T09:28:04.466+0000] {processor.py:840} INFO - DAG(s) 'merge_all_scrapers' retrieved from /opt/airflow/dags/merge_dag.py
[2026-05-28T09:28:04.683+0000] {logging_mixin.py:188} INFO - [2026-05-28T09:28:04.682+0000] {dag.py:3047} INFO - Sync 1 DAGs
[2026-05-28T09:28:04.974+0000] {logging_mixin.py:188} INFO - [2026-05-28T09:28:04.973+0000] {dag.py:3834} INFO - Setting next_dagrun for merge_all_scrapers to None, run_after=None
[2026-05-28T09:28:05.424+0000] {processor.py:183} INFO - Processing /opt/airflow/dags/merge_dag.py took 1.260 seconds
[2026-05-28T09:28:35.791+0000] {processor.py:161} INFO - Started process (PID=7257) to work on /opt/airflow/dags/merge_dag.py
[2026-05-28T09:28:35.796+0000] {processor.py:830} INFO - Processing file /opt/airflow/dags/merge_dag.py for tasks to queue
[2026-05-28T09:28:35.800+0000] {logging_mixin.py:188} INFO - [2026-05-28T09:28:35.799+0000] {dagbag.py:540} INFO - Filling up the DagBag from /opt/airflow/dags/merge_dag.py
[2026-05-28T09:28:35.838+0000] {logging_mixin.py:188} INFO - DATA_PATH: /opt/airflow/data
[2026-05-28T09:28:35.842+0000] {logging_mixin.py:188} INFO - FILES: ['eu_fsf_sanctions.json', 'final_output.json', 'inegi_playwright.json', 'inegi_scraper.json', 'kaldata.db', 'telegraph.db']
[2026-05-28T09:28:35.847+0000] {logging_mixin.py:188} INFO - LOCK EXISTS: False
[2026-05-28T09:28:35.858+0000] {processor.py:840} INFO - DAG(s) 'merge_all_scrapers' retrieved from /opt/airflow/dags/merge_dag.py
[2026-05-28T09:28:35.938+0000] {logging_mixin.py:188} INFO - [2026-05-28T09:28:35.937+0000] {dag.py:3047} INFO - Sync 1 DAGs
[2026-05-28T09:28:35.997+0000] {logging_mixin.py:188} INFO - [2026-05-28T09:28:35.993+0000] {dag.py:3834} INFO - Setting next_dagrun for merge_all_scrapers to None, run_after=None
[2026-05-28T09:28:36.058+0000] {processor.py:183} INFO - Processing /opt/airflow/dags/merge_dag.py took 0.279 seconds
[2026-05-28T09:29:06.791+0000] {processor.py:161} INFO - Started process (PID=7287) to work on /opt/airflow/dags/merge_dag.py
[2026-05-28T09:29:06.795+0000] {processor.py:830} INFO - Processing file /opt/airflow/dags/merge_dag.py for tasks to queue
[2026-05-28T09:29:06.799+0000] {logging_mixin.py:188} INFO - [2026-05-28T09:29:06.797+0000] {dagbag.py:540} INFO - Filling up the DagBag from /opt/airflow/dags/merge_dag.py
[2026-05-28T09:29:06.876+0000] {logging_mixin.py:188} INFO - DATA_PATH: /opt/airflow/data
[2026-05-28T09:29:06.894+0000] {logging_mixin.py:188} INFO - FILES: ['eu_fsf_sanctions.json', 'final_output.json', 'inegi_playwright.json', 'inegi_scraper.json', 'kaldata.db', 'telegraph.db']
[2026-05-28T09:29:06.896+0000] {logging_mixin.py:188} INFO - LOCK EXISTS: False
[2026-05-28T09:29:06.910+0000] {processor.py:840} INFO - DAG(s) 'merge_all_scrapers' retrieved from /opt/airflow/dags/merge_dag.py
[2026-05-28T09:29:07.023+0000] {logging_mixin.py:188} INFO - [2026-05-28T09:29:07.021+0000] {dag.py:3047} INFO - Sync 1 DAGs
[2026-05-28T09:29:07.129+0000] {logging_mixin.py:188} INFO - [2026-05-28T09:29:07.128+0000] {dag.py:3834} INFO - Setting next_dagrun for merge_all_scrapers to None, run_after=None
[2026-05-28T09:29:07.194+0000] {processor.py:183} INFO - Processing /opt/airflow/dags/merge_dag.py took 0.423 seconds
[2026-05-28T09:29:37.380+0000] {processor.py:161} INFO - Started process (PID=7317) to work on /opt/airflow/dags/merge_dag.py
[2026-05-28T09:29:37.386+0000] {processor.py:830} INFO - Processing file /opt/airflow/dags/merge_dag.py for tasks to queue
[2026-05-28T09:29:37.393+0000] {logging_mixin.py:188} INFO - [2026-05-28T09:29:37.389+0000] {dagbag.py:540} INFO - Filling up the DagBag from /opt/airflow/dags/merge_dag.py
[2026-05-28T09:29:37.437+0000] {logging_mixin.py:188} INFO - DATA_PATH: /opt/airflow/data
[2026-05-28T09:29:37.445+0000] {logging_mixin.py:188} INFO - FILES: ['eu_fsf_sanctions.json', 'final_output.json', 'inegi_playwright.json', 'inegi_scraper.json', 'kaldata.db', 'telegraph.db']
[2026-05-28T09:29:37.447+0000] {logging_mixin.py:188} INFO - LOCK EXISTS: False
[2026-05-28T09:29:37.463+0000] {processor.py:840} INFO - DAG(s) 'merge_all_scrapers' retrieved from /opt/airflow/dags/merge_dag.py
[2026-05-28T09:29:37.584+0000] {logging_mixin.py:188} INFO - [2026-05-28T09:29:37.583+0000] {dag.py:3047} INFO - Sync 1 DAGs
[2026-05-28T09:29:37.647+0000] {logging_mixin.py:188} INFO - [2026-05-28T09:29:37.646+0000] {dag.py:3834} INFO - Setting next_dagrun for merge_all_scrapers to None, run_after=None
[2026-05-28T09:29:37.732+0000] {processor.py:183} INFO - Processing /opt/airflow/dags/merge_dag.py took 0.368 seconds
[2026-05-28T09:30:08.124+0000] {processor.py:161} INFO - Started process (PID=7347) to work on /opt/airflow/dags/merge_dag.py
[2026-05-28T09:30:08.127+0000] {processor.py:830} INFO - Processing file /opt/airflow/dags/merge_dag.py for tasks to queue
[2026-05-28T09:30:08.133+0000] {logging_mixin.py:188} INFO - [2026-05-28T09:30:08.131+0000] {dagbag.py:540} INFO - Filling up the DagBag from /opt/airflow/dags/merge_dag.py
[2026-05-28T09:30:08.174+0000] {logging_mixin.py:188} INFO - DATA_PATH: /opt/airflow/data
[2026-05-28T09:30:08.177+0000] {logging_mixin.py:188} INFO - FILES: ['eu_fsf_sanctions.json', 'final_output.json', 'inegi_playwright.json', 'inegi_scraper.json', 'kaldata.db', 'telegraph.db']
[2026-05-28T09:30:08.182+0000] {logging_mixin.py:188} INFO - LOCK EXISTS: False
[2026-05-28T09:30:08.192+0000] {processor.py:840} INFO - DAG(s) 'merge_all_scrapers' retrieved from /opt/airflow/dags/merge_dag.py
[2026-05-28T09:30:08.271+0000] {logging_mixin.py:188} INFO - [2026-05-28T09:30:08.270+0000] {dag.py:3047} INFO - Sync 1 DAGs
[2026-05-28T09:30:08.384+0000] {logging_mixin.py:188} INFO - [2026-05-28T09:30:08.383+0000] {dag.py:3834} INFO - Setting next_dagrun for merge_all_scrapers to None, run_after=None
[2026-05-28T09:30:08.560+0000] {processor.py:183} INFO - Processing /opt/airflow/dags/merge_dag.py took 0.447 seconds
[2026-05-28T09:30:40.518+0000] {processor.py:161} INFO - Started process (PID=7377) to work on /opt/airflow/dags/merge_dag.py
[2026-05-28T09:30:40.541+0000] {processor.py:830} INFO - Processing file /opt/airflow/dags/merge_dag.py for tasks to queue
[2026-05-28T09:30:40.548+0000] {logging_mixin.py:188} INFO - [2026-05-28T09:30:40.547+0000] {dagbag.py:540} INFO - Filling up the DagBag from /opt/airflow/dags/merge_dag.py
[2026-05-28T09:30:40.978+0000] {logging_mixin.py:188} INFO - DATA_PATH: /opt/airflow/data
[2026-05-28T09:30:41.014+0000] {logging_mixin.py:188} INFO - FILES: ['eu_fsf_sanctions.json', 'final_output.json', 'inegi_playwright.json', 'inegi_scraper.json', 'kaldata.db', 'telegraph.db']
[2026-05-28T09:30:41.015+0000] {logging_mixin.py:188} INFO - LOCK EXISTS: False
[2026-05-28T09:30:41.045+0000] {processor.py:840} INFO - DAG(s) 'merge_all_scrapers' retrieved from /opt/airflow/dags/merge_dag.py
[2026-05-28T09:30:41.139+0000] {logging_mixin.py:188} INFO - [2026-05-28T09:30:41.138+0000] {dag.py:3047} INFO - Sync 1 DAGs
[2026-05-28T09:30:41.185+0000] {logging_mixin.py:188} INFO - [2026-05-28T09:30:41.184+0000] {dag.py:3834} INFO - Setting next_dagrun for merge_all_scrapers to None, run_after=None
[2026-05-28T09:30:41.290+0000] {processor.py:183} INFO - Processing /opt/airflow/dags/merge_dag.py took 0.828 seconds
[2026-05-28T09:31:13.202+0000] {processor.py:161} INFO - Started process (PID=7407) to work on /opt/airflow/dags/merge_dag.py
[2026-05-28T09:31:13.220+0000] {processor.py:830} INFO - Processing file /opt/airflow/dags/merge_dag.py for tasks to queue
[2026-05-28T09:31:13.255+0000] {logging_mixin.py:188} INFO - [2026-05-28T09:31:13.253+0000] {dagbag.py:540} INFO - Filling up the DagBag from /opt/airflow/dags/merge_dag.py
[2026-05-28T09:31:17.565+0000] {logging_mixin.py:188} INFO - DATA_PATH: /opt/airflow/data
[2026-05-28T09:31:17.727+0000] {logging_mixin.py:188} INFO - FILES: ['eu_fsf_sanctions.json', 'final_output.json', 'inegi_playwright.json', 'inegi_scraper.json', 'kaldata.db', 'telegraph.db']
[2026-05-28T09:31:17.762+0000] {logging_mixin.py:188} INFO - LOCK EXISTS: False
[2026-05-28T09:31:17.806+0000] {processor.py:840} INFO - DAG(s) 'merge_all_scrapers' retrieved from /opt/airflow/dags/merge_dag.py
[2026-05-28T09:31:18.415+0000] {logging_mixin.py:188} INFO - [2026-05-28T09:31:18.414+0000] {dag.py:3047} INFO - Sync 1 DAGs
[2026-05-28T09:31:18.659+0000] {logging_mixin.py:188} INFO - [2026-05-28T09:31:18.646+0000] {dag.py:3834} INFO - Setting next_dagrun for merge_all_scrapers to None, run_after=None
[2026-05-28T09:31:19.087+0000] {processor.py:183} INFO - Processing /opt/airflow/dags/merge_dag.py took 5.980 seconds
[2026-05-28T09:31:49.853+0000] {processor.py:161} INFO - Started process (PID=7442) to work on /opt/airflow/dags/merge_dag.py
[2026-05-28T09:31:49.856+0000] {processor.py:830} INFO - Processing file /opt/airflow/dags/merge_dag.py for tasks to queue
[2026-05-28T09:31:49.859+0000] {logging_mixin.py:188} INFO - [2026-05-28T09:31:49.858+0000] {dagbag.py:540} INFO - Filling up the DagBag from /opt/airflow/dags/merge_dag.py
[2026-05-28T09:31:49.924+0000] {logging_mixin.py:188} INFO - DATA_PATH: /opt/airflow/data
[2026-05-28T09:31:49.928+0000] {logging_mixin.py:188} INFO - FILES: ['eu_fsf_sanctions.json', 'final_output.json', 'inegi_playwright.json', 'inegi_scraper.json', 'kaldata.db', 'telegraph.db']
[2026-05-28T09:31:49.929+0000] {logging_mixin.py:188} INFO - LOCK EXISTS: False
[2026-05-28T09:31:49.941+0000] {processor.py:840} INFO - DAG(s) 'merge_all_scrapers' retrieved from /opt/airflow/dags/merge_dag.py
[2026-05-28T09:31:50.029+0000] {logging_mixin.py:188} INFO - [2026-05-28T09:31:50.028+0000] {dag.py:3047} INFO - Sync 1 DAGs
[2026-05-28T09:31:50.072+0000] {logging_mixin.py:188} INFO - [2026-05-28T09:31:50.071+0000] {dag.py:3834} INFO - Setting next_dagrun for merge_all_scrapers to None, run_after=None
[2026-05-28T09:31:50.141+0000] {processor.py:183} INFO - Processing /opt/airflow/dags/merge_dag.py took 0.301 seconds
[2026-05-28T09:32:21.168+0000] {processor.py:161} INFO - Started process (PID=7472) to work on /opt/airflow/dags/merge_dag.py
[2026-05-28T09:32:21.171+0000] {processor.py:830} INFO - Processing file /opt/airflow/dags/merge_dag.py for tasks to queue
[2026-05-28T09:32:21.175+0000] {logging_mixin.py:188} INFO - [2026-05-28T09:32:21.174+0000] {dagbag.py:540} INFO - Filling up the DagBag from /opt/airflow/dags/merge_dag.py
[2026-05-28T09:32:21.215+0000] {logging_mixin.py:188} INFO - DATA_PATH: /opt/airflow/data
[2026-05-28T09:32:21.225+0000] {logging_mixin.py:188} INFO - FILES: ['eu_fsf_sanctions.json', 'final_output.json', 'inegi_playwright.json', 'inegi_scraper.json', 'kaldata.db', 'telegraph.db']
[2026-05-28T09:32:21.227+0000] {logging_mixin.py:188} INFO - LOCK EXISTS: False
[2026-05-28T09:32:21.238+0000] {processor.py:840} INFO - DAG(s) 'merge_all_scrapers' retrieved from /opt/airflow/dags/merge_dag.py
[2026-05-28T09:32:21.321+0000] {logging_mixin.py:188} INFO - [2026-05-28T09:32:21.320+0000] {dag.py:3047} INFO - Sync 1 DAGs
[2026-05-28T09:32:21.359+0000] {logging_mixin.py:188} INFO - [2026-05-28T09:32:21.359+0000] {dag.py:3834} INFO - Setting next_dagrun for merge_all_scrapers to None, run_after=None
[2026-05-28T09:32:21.415+0000] {processor.py:183} INFO - Processing /opt/airflow/dags/merge_dag.py took 0.258 seconds
[2026-05-28T09:32:52.477+0000] {processor.py:161} INFO - Started process (PID=7502) to work on /opt/airflow/dags/merge_dag.py
[2026-05-28T09:32:52.481+0000] {processor.py:830} INFO - Processing file /opt/airflow/dags/merge_dag.py for tasks to queue
[2026-05-28T09:32:52.489+0000] {logging_mixin.py:188} INFO - [2026-05-28T09:32:52.486+0000] {dagbag.py:540} INFO - Filling up the DagBag from /opt/airflow/dags/merge_dag.py
[2026-05-28T09:32:52.539+0000] {logging_mixin.py:188} INFO - DATA_PATH: /opt/airflow/data
[2026-05-28T09:32:52.544+0000] {logging_mixin.py:188} INFO - FILES: ['eu_fsf_sanctions.json', 'final_output.json', 'inegi_playwright.json', 'inegi_scraper.json', 'kaldata.db', 'telegraph.db']
[2026-05-28T09:32:52.545+0000] {logging_mixin.py:188} INFO - LOCK EXISTS: False
[2026-05-28T09:32:52.560+0000] {processor.py:840} INFO - DAG(s) 'merge_all_scrapers' retrieved from /opt/airflow/dags/merge_dag.py
[2026-05-28T09:32:52.663+0000] {logging_mixin.py:188} INFO - [2026-05-28T09:32:52.662+0000] {dag.py:3047} INFO - Sync 1 DAGs
[2026-05-28T09:32:52.701+0000] {logging_mixin.py:188} INFO - [2026-05-28T09:32:52.701+0000] {dag.py:3834} INFO - Setting next_dagrun for merge_all_scrapers to None, run_after=None
[2026-05-28T09:32:52.764+0000] {processor.py:183} INFO - Processing /opt/airflow/dags/merge_dag.py took 0.307 seconds
[2026-05-28T09:33:23.061+0000] {processor.py:161} INFO - Started process (PID=7532) to work on /opt/airflow/dags/merge_dag.py
[2026-05-28T09:33:23.065+0000] {processor.py:830} INFO - Processing file /opt/airflow/dags/merge_dag.py for tasks to queue
[2026-05-28T09:33:23.069+0000] {logging_mixin.py:188} INFO - [2026-05-28T09:33:23.068+0000] {dagbag.py:540} INFO - Filling up the DagBag from /opt/airflow/dags/merge_dag.py
[2026-05-28T09:33:23.158+0000] {logging_mixin.py:188} INFO - DATA_PATH: /opt/airflow/data
[2026-05-28T09:33:23.166+0000] {logging_mixin.py:188} INFO - FILES: ['eu_fsf_sanctions.json', 'final_output.json', 'inegi_playwright.json', 'inegi_scraper.json', 'kaldata.db', 'telegraph.db']
[2026-05-28T09:33:23.169+0000] {logging_mixin.py:188} INFO - LOCK EXISTS: False
[2026-05-28T09:33:23.182+0000] {processor.py:840} INFO - DAG(s) 'merge_all_scrapers' retrieved from /opt/airflow/dags/merge_dag.py
[2026-05-28T09:33:23.281+0000] {logging_mixin.py:188} INFO - [2026-05-28T09:33:23.280+0000] {dag.py:3047} INFO - Sync 1 DAGs
[2026-05-28T09:33:23.327+0000] {logging_mixin.py:188} INFO - [2026-05-28T09:33:23.326+0000] {dag.py:3834} INFO - Setting next_dagrun for merge_all_scrapers to None, run_after=None
[2026-05-28T09:33:23.385+0000] {processor.py:183} INFO - Processing /opt/airflow/dags/merge_dag.py took 0.337 seconds
[2026-05-28T09:33:54.643+0000] {processor.py:161} INFO - Started process (PID=7562) to work on /opt/airflow/dags/merge_dag.py
[2026-05-28T09:33:54.648+0000] {processor.py:830} INFO - Processing file /opt/airflow/dags/merge_dag.py for tasks to queue
[2026-05-28T09:33:54.652+0000] {logging_mixin.py:188} INFO - [2026-05-28T09:33:54.651+0000] {dagbag.py:540} INFO - Filling up the DagBag from /opt/airflow/dags/merge_dag.py
[2026-05-28T09:33:54.711+0000] {logging_mixin.py:188} INFO - DATA_PATH: /opt/airflow/data
[2026-05-28T09:33:54.718+0000] {logging_mixin.py:188} INFO - FILES: ['eu_fsf_sanctions.json', 'final_output.json', 'inegi_playwright.json', 'inegi_scraper.json', 'kaldata.db', 'telegraph.db']
[2026-05-28T09:33:54.726+0000] {logging_mixin.py:188} INFO - LOCK EXISTS: False
[2026-05-28T09:33:54.744+0000] {processor.py:840} INFO - DAG(s) 'merge_all_scrapers' retrieved from /opt/airflow/dags/merge_dag.py
[2026-05-28T09:33:54.886+0000] {logging_mixin.py:188} INFO - [2026-05-28T09:33:54.885+0000] {dag.py:3047} INFO - Sync 1 DAGs
[2026-05-28T09:33:55.033+0000] {logging_mixin.py:188} INFO - [2026-05-28T09:33:55.032+0000] {dag.py:3834} INFO - Setting next_dagrun for merge_all_scrapers to None, run_after=None
[2026-05-28T09:33:55.188+0000] {processor.py:183} INFO - Processing /opt/airflow/dags/merge_dag.py took 0.555 seconds
[2026-05-28T09:34:26.614+0000] {processor.py:161} INFO - Started process (PID=7592) to work on /opt/airflow/dags/merge_dag.py
[2026-05-28T09:34:26.619+0000] {processor.py:830} INFO - Processing file /opt/airflow/dags/merge_dag.py for tasks to queue
[2026-05-28T09:34:26.626+0000] {logging_mixin.py:188} INFO - [2026-05-28T09:34:26.625+0000] {dagbag.py:540} INFO - Filling up the DagBag from /opt/airflow/dags/merge_dag.py
[2026-05-28T09:34:26.753+0000] {logging_mixin.py:188} INFO - DATA_PATH: /opt/airflow/data
[2026-05-28T09:34:26.761+0000] {logging_mixin.py:188} INFO - FILES: ['eu_fsf_sanctions.json', 'final_output.json', 'inegi_playwright.json', 'inegi_scraper.json', 'kaldata.db', 'telegraph.db']
[2026-05-28T09:34:26.762+0000] {logging_mixin.py:188} INFO - LOCK EXISTS: False
[2026-05-28T09:34:26.774+0000] {processor.py:840} INFO - DAG(s) 'merge_all_scrapers' retrieved from /opt/airflow/dags/merge_dag.py
[2026-05-28T09:34:26.854+0000] {logging_mixin.py:188} INFO - [2026-05-28T09:34:26.853+0000] {dag.py:3047} INFO - Sync 1 DAGs
[2026-05-28T09:34:26.894+0000] {logging_mixin.py:188} INFO - [2026-05-28T09:34:26.894+0000] {dag.py:3834} INFO - Setting next_dagrun for merge_all_scrapers to None, run_after=None
[2026-05-28T09:34:26.954+0000] {processor.py:183} INFO - Processing /opt/airflow/dags/merge_dag.py took 0.356 seconds
[2026-05-28T09:34:57.605+0000] {processor.py:161} INFO - Started process (PID=7622) to work on /opt/airflow/dags/merge_dag.py
[2026-05-28T09:34:57.609+0000] {processor.py:830} INFO - Processing file /opt/airflow/dags/merge_dag.py for tasks to queue
[2026-05-28T09:34:57.612+0000] {logging_mixin.py:188} INFO - [2026-05-28T09:34:57.611+0000] {dagbag.py:540} INFO - Filling up the DagBag from /opt/airflow/dags/merge_dag.py
[2026-05-28T09:34:57.652+0000] {logging_mixin.py:188} INFO - DATA_PATH: /opt/airflow/data
[2026-05-28T09:34:57.656+0000] {logging_mixin.py:188} INFO - FILES: ['eu_fsf_sanctions.json', 'final_output.json', 'inegi_playwright.json', 'inegi_scraper.json', 'kaldata.db', 'telegraph.db']
[2026-05-28T09:34:57.658+0000] {logging_mixin.py:188} INFO - LOCK EXISTS: False
[2026-05-28T09:34:57.670+0000] {processor.py:840} INFO - DAG(s) 'merge_all_scrapers' retrieved from /opt/airflow/dags/merge_dag.py
[2026-05-28T09:34:57.756+0000] {logging_mixin.py:188} INFO - [2026-05-28T09:34:57.755+0000] {dag.py:3047} INFO - Sync 1 DAGs
[2026-05-28T09:34:57.796+0000] {logging_mixin.py:188} INFO - [2026-05-28T09:34:57.796+0000] {dag.py:3834} INFO - Setting next_dagrun for merge_all_scrapers to None, run_after=None
[2026-05-28T09:34:57.854+0000] {processor.py:183} INFO - Processing /opt/airflow/dags/merge_dag.py took 0.267 seconds
[2026-05-28T09:35:28.323+0000] {processor.py:161} INFO - Started process (PID=7652) to work on /opt/airflow/dags/merge_dag.py
[2026-05-28T09:35:28.327+0000] {processor.py:830} INFO - Processing file /opt/airflow/dags/merge_dag.py for tasks to queue
[2026-05-28T09:35:28.330+0000] {logging_mixin.py:188} INFO - [2026-05-28T09:35:28.329+0000] {dagbag.py:540} INFO - Filling up the DagBag from /opt/airflow/dags/merge_dag.py
[2026-05-28T09:35:28.370+0000] {logging_mixin.py:188} INFO - DATA_PATH: /opt/airflow/data
[2026-05-28T09:35:28.377+0000] {logging_mixin.py:188} INFO - FILES: ['eu_fsf_sanctions.json', 'final_output.json', 'inegi_playwright.json', 'inegi_scraper.json', 'kaldata.db', 'telegraph.db']
[2026-05-28T09:35:28.379+0000] {logging_mixin.py:188} INFO - LOCK EXISTS: False
[2026-05-28T09:35:28.392+0000] {processor.py:840} INFO - DAG(s) 'merge_all_scrapers' retrieved from /opt/airflow/dags/merge_dag.py
[2026-05-28T09:35:28.467+0000] {logging_mixin.py:188} INFO - [2026-05-28T09:35:28.466+0000] {dag.py:3047} INFO - Sync 1 DAGs
[2026-05-28T09:35:28.508+0000] {logging_mixin.py:188} INFO - [2026-05-28T09:35:28.508+0000] {dag.py:3834} INFO - Setting next_dagrun for merge_all_scrapers to None, run_after=None
[2026-05-28T09:35:28.565+0000] {processor.py:183} INFO - Processing /opt/airflow/dags/merge_dag.py took 0.254 seconds
[2026-05-28T09:35:59.318+0000] {processor.py:161} INFO - Started process (PID=7682) to work on /opt/airflow/dags/merge_dag.py
[2026-05-28T09:35:59.340+0000] {processor.py:830} INFO - Processing file /opt/airflow/dags/merge_dag.py for tasks to queue
[2026-05-28T09:35:59.350+0000] {logging_mixin.py:188} INFO - [2026-05-28T09:35:59.349+0000] {dagbag.py:540} INFO - Filling up the DagBag from /opt/airflow/dags/merge_dag.py
[2026-05-28T09:35:59.500+0000] {logging_mixin.py:188} INFO - DATA_PATH: /opt/airflow/data
[2026-05-28T09:35:59.505+0000] {logging_mixin.py:188} INFO - FILES: ['eu_fsf_sanctions.json', 'final_output.json', 'inegi_playwright.json', 'inegi_scraper.json', 'kaldata.db', 'telegraph.db']
[2026-05-28T09:35:59.506+0000] {logging_mixin.py:188} INFO - LOCK EXISTS: False
[2026-05-28T09:35:59.517+0000] {processor.py:840} INFO - DAG(s) 'merge_all_scrapers' retrieved from /opt/airflow/dags/merge_dag.py
[2026-05-28T09:35:59.594+0000] {logging_mixin.py:188} INFO - [2026-05-28T09:35:59.593+0000] {dag.py:3047} INFO - Sync 1 DAGs
[2026-05-28T09:35:59.635+0000] {logging_mixin.py:188} INFO - [2026-05-28T09:35:59.634+0000] {dag.py:3834} INFO - Setting next_dagrun for merge_all_scrapers to None, run_after=None
[2026-05-28T09:35:59.733+0000] {processor.py:183} INFO - Processing /opt/airflow/dags/merge_dag.py took 0.425 seconds
[2026-05-28T09:36:30.431+0000] {processor.py:161} INFO - Started process (PID=7712) to work on /opt/airflow/dags/merge_dag.py
[2026-05-28T09:36:30.439+0000] {processor.py:830} INFO - Processing file /opt/airflow/dags/merge_dag.py for tasks to queue
[2026-05-28T09:36:30.446+0000] {logging_mixin.py:188} INFO - [2026-05-28T09:36:30.444+0000] {dagbag.py:540} INFO - Filling up the DagBag from /opt/airflow/dags/merge_dag.py
[2026-05-28T09:36:30.543+0000] {logging_mixin.py:188} INFO - DATA_PATH: /opt/airflow/data
[2026-05-28T09:36:30.558+0000] {logging_mixin.py:188} INFO - FILES: ['eu_fsf_sanctions.json', 'final_output.json', 'inegi_playwright.json', 'inegi_scraper.json', 'kaldata.db', 'telegraph.db']
[2026-05-28T09:36:30.560+0000] {logging_mixin.py:188} INFO - LOCK EXISTS: False
[2026-05-28T09:36:30.588+0000] {processor.py:840} INFO - DAG(s) 'merge_all_scrapers' retrieved from /opt/airflow/dags/merge_dag.py
[2026-05-28T09:36:30.915+0000] {logging_mixin.py:188} INFO - [2026-05-28T09:36:30.914+0000] {dag.py:3047} INFO - Sync 1 DAGs
[2026-05-28T09:36:31.025+0000] {logging_mixin.py:188} INFO - [2026-05-28T09:36:31.025+0000] {dag.py:3834} INFO - Setting next_dagrun for merge_all_scrapers to None, run_after=None
[2026-05-28T09:36:31.211+0000] {processor.py:183} INFO - Processing /opt/airflow/dags/merge_dag.py took 0.802 seconds
[2026-05-28T09:37:01.840+0000] {processor.py:161} INFO - Started process (PID=7742) to work on /opt/airflow/dags/merge_dag.py
[2026-05-28T09:37:01.843+0000] {processor.py:830} INFO - Processing file /opt/airflow/dags/merge_dag.py for tasks to queue
[2026-05-28T09:37:01.847+0000] {logging_mixin.py:188} INFO - [2026-05-28T09:37:01.845+0000] {dagbag.py:540} INFO - Filling up the DagBag from /opt/airflow/dags/merge_dag.py
[2026-05-28T09:37:01.883+0000] {logging_mixin.py:188} INFO - DATA_PATH: /opt/airflow/data
[2026-05-28T09:37:01.886+0000] {logging_mixin.py:188} INFO - FILES: ['eu_fsf_sanctions.json', 'final_output.json', 'inegi_playwright.json', 'inegi_scraper.json', 'kaldata.db', 'telegraph.db']
[2026-05-28T09:37:01.888+0000] {logging_mixin.py:188} INFO - LOCK EXISTS: False
[2026-05-28T09:37:01.901+0000] {processor.py:840} INFO - DAG(s) 'merge_all_scrapers' retrieved from /opt/airflow/dags/merge_dag.py
[2026-05-28T09:37:01.981+0000] {logging_mixin.py:188} INFO - [2026-05-28T09:37:01.980+0000] {dag.py:3047} INFO - Sync 1 DAGs
[2026-05-28T09:37:02.075+0000] {logging_mixin.py:188} INFO - [2026-05-28T09:37:02.074+0000] {dag.py:3834} INFO - Setting next_dagrun for merge_all_scrapers to None, run_after=None
[2026-05-28T09:37:02.226+0000] {processor.py:183} INFO - Processing /opt/airflow/dags/merge_dag.py took 0.399 seconds
[2026-05-28T09:37:33.061+0000] {processor.py:161} INFO - Started process (PID=7772) to work on /opt/airflow/dags/merge_dag.py
[2026-05-28T09:37:33.064+0000] {processor.py:830} INFO - Processing file /opt/airflow/dags/merge_dag.py for tasks to queue
[2026-05-28T09:37:33.068+0000] {logging_mixin.py:188} INFO - [2026-05-28T09:37:33.067+0000] {dagbag.py:540} INFO - Filling up the DagBag from /opt/airflow/dags/merge_dag.py
[2026-05-28T09:37:33.109+0000] {logging_mixin.py:188} INFO - DATA_PATH: /opt/airflow/data
[2026-05-28T09:37:33.113+0000] {logging_mixin.py:188} INFO - FILES: ['eu_fsf_sanctions.json', 'final_output.json', 'inegi_playwright.json', 'inegi_scraper.json', 'kaldata.db', 'telegraph.db']
[2026-05-28T09:37:33.115+0000] {logging_mixin.py:188} INFO - LOCK EXISTS: False
[2026-05-28T09:37:33.129+0000] {processor.py:840} INFO - DAG(s) 'merge_all_scrapers' retrieved from /opt/airflow/dags/merge_dag.py
[2026-05-28T09:37:33.207+0000] {logging_mixin.py:188} INFO - [2026-05-28T09:37:33.206+0000] {dag.py:3047} INFO - Sync 1 DAGs
[2026-05-28T09:37:33.248+0000] {logging_mixin.py:188} INFO - [2026-05-28T09:37:33.248+0000] {dag.py:3834} INFO - Setting next_dagrun for merge_all_scrapers to None, run_after=None
[2026-05-28T09:37:33.312+0000] {processor.py:183} INFO - Processing /opt/airflow/dags/merge_dag.py took 0.265 seconds
[2026-05-28T09:38:04.248+0000] {processor.py:161} INFO - Started process (PID=7802) to work on /opt/airflow/dags/merge_dag.py
[2026-05-28T09:38:04.252+0000] {processor.py:830} INFO - Processing file /opt/airflow/dags/merge_dag.py for tasks to queue
[2026-05-28T09:38:04.256+0000] {logging_mixin.py:188} INFO - [2026-05-28T09:38:04.255+0000] {dagbag.py:540} INFO - Filling up the DagBag from /opt/airflow/dags/merge_dag.py
[2026-05-28T09:38:04.301+0000] {logging_mixin.py:188} INFO - DATA_PATH: /opt/airflow/data
[2026-05-28T09:38:04.306+0000] {logging_mixin.py:188} INFO - FILES: ['eu_fsf_sanctions.json', 'final_output.json', 'inegi_playwright.json', 'inegi_scraper.json', 'kaldata.db', 'telegraph.db']
[2026-05-28T09:38:04.307+0000] {logging_mixin.py:188} INFO - LOCK EXISTS: False
[2026-05-28T09:38:04.324+0000] {processor.py:840} INFO - DAG(s) 'merge_all_scrapers' retrieved from /opt/airflow/dags/merge_dag.py
[2026-05-28T09:38:04.402+0000] {logging_mixin.py:188} INFO - [2026-05-28T09:38:04.401+0000] {dag.py:3047} INFO - Sync 1 DAGs
[2026-05-28T09:38:04.443+0000] {logging_mixin.py:188} INFO - [2026-05-28T09:38:04.442+0000] {dag.py:3834} INFO - Setting next_dagrun for merge_all_scrapers to None, run_after=None
[2026-05-28T09:38:04.524+0000] {processor.py:183} INFO - Processing /opt/airflow/dags/merge_dag.py took 0.285 seconds
