[2026-05-14T07:01:44.033+0000] {processor.py:161} INFO - Started process (PID=74) to work on /opt/airflow/dags/inegi_playwright_dag.py
[2026-05-14T07:01:44.040+0000] {processor.py:830} INFO - Processing file /opt/airflow/dags/inegi_playwright_dag.py for tasks to queue
[2026-05-14T07:01:44.045+0000] {logging_mixin.py:188} INFO - [2026-05-14T07:01:44.044+0000] {dagbag.py:540} INFO - Filling up the DagBag from /opt/airflow/dags/inegi_playwright_dag.py
[2026-05-14T07:01:44.238+0000] {processor.py:840} INFO - DAG(s) 'inegi_playwright' retrieved from /opt/airflow/dags/inegi_playwright_dag.py
[2026-05-14T07:01:45.679+0000] {logging_mixin.py:188} INFO - [2026-05-14T07:01:45.679+0000] {dag.py:3047} INFO - Sync 1 DAGs
[2026-05-14T07:01:45.740+0000] {logging_mixin.py:188} INFO - [2026-05-14T07:01:45.740+0000] {dag.py:3834} INFO - Setting next_dagrun for inegi_playwright to 2026-05-14 00:00:00+00:00, run_after=2026-05-15 00:00:00+00:00
[2026-05-14T07:01:46.590+0000] {processor.py:183} INFO - Processing /opt/airflow/dags/inegi_playwright_dag.py took 2.578 seconds
[2026-05-14T07:02:25.958+0000] {processor.py:161} INFO - Started process (PID=104) to work on /opt/airflow/dags/inegi_playwright_dag.py
[2026-05-14T07:02:25.988+0000] {processor.py:830} INFO - Processing file /opt/airflow/dags/inegi_playwright_dag.py for tasks to queue
[2026-05-14T07:02:26.002+0000] {logging_mixin.py:188} INFO - [2026-05-14T07:02:26.001+0000] {dagbag.py:540} INFO - Filling up the DagBag from /opt/airflow/dags/inegi_playwright_dag.py
[2026-05-14T07:02:26.993+0000] {processor.py:840} INFO - DAG(s) 'inegi_playwright' retrieved from /opt/airflow/dags/inegi_playwright_dag.py
[2026-05-14T07:02:27.805+0000] {logging_mixin.py:188} INFO - [2026-05-14T07:02:27.804+0000] {dag.py:3047} INFO - Sync 1 DAGs
[2026-05-14T07:02:28.266+0000] {logging_mixin.py:188} INFO - [2026-05-14T07:02:28.265+0000] {dag.py:3834} INFO - Setting next_dagrun for inegi_playwright to 2026-05-14 00:00:00+00:00, run_after=2026-05-15 00:00:00+00:00
[2026-05-14T07:02:28.743+0000] {processor.py:183} INFO - Processing /opt/airflow/dags/inegi_playwright_dag.py took 2.903 seconds
[2026-05-14T07:03:03.282+0000] {processor.py:161} INFO - Started process (PID=134) to work on /opt/airflow/dags/inegi_playwright_dag.py
[2026-05-14T07:03:03.524+0000] {processor.py:830} INFO - Processing file /opt/airflow/dags/inegi_playwright_dag.py for tasks to queue
[2026-05-14T07:03:03.605+0000] {logging_mixin.py:188} INFO - [2026-05-14T07:03:03.604+0000] {dagbag.py:540} INFO - Filling up the DagBag from /opt/airflow/dags/inegi_playwright_dag.py
[2026-05-14T07:03:05.341+0000] {processor.py:840} INFO - DAG(s) 'inegi_playwright' retrieved from /opt/airflow/dags/inegi_playwright_dag.py
[2026-05-14T07:03:05.717+0000] {logging_mixin.py:188} INFO - [2026-05-14T07:03:05.717+0000] {dag.py:3047} INFO - Sync 1 DAGs
[2026-05-14T07:03:06.396+0000] {logging_mixin.py:188} INFO - [2026-05-14T07:03:06.396+0000] {dag.py:3834} INFO - Setting next_dagrun for inegi_playwright to 2026-05-14 00:00:00+00:00, run_after=2026-05-15 00:00:00+00:00
[2026-05-14T07:03:06.963+0000] {processor.py:183} INFO - Processing /opt/airflow/dags/inegi_playwright_dag.py took 4.800 seconds
[2026-05-14T07:03:41.393+0000] {processor.py:161} INFO - Started process (PID=164) to work on /opt/airflow/dags/inegi_playwright_dag.py
[2026-05-14T07:03:41.554+0000] {processor.py:830} INFO - Processing file /opt/airflow/dags/inegi_playwright_dag.py for tasks to queue
[2026-05-14T07:03:41.594+0000] {logging_mixin.py:188} INFO - [2026-05-14T07:03:41.593+0000] {dagbag.py:540} INFO - Filling up the DagBag from /opt/airflow/dags/inegi_playwright_dag.py
[2026-05-14T07:03:43.347+0000] {processor.py:840} INFO - DAG(s) 'inegi_playwright' retrieved from /opt/airflow/dags/inegi_playwright_dag.py
[2026-05-14T07:03:44.231+0000] {logging_mixin.py:188} INFO - [2026-05-14T07:03:44.230+0000] {dag.py:3047} INFO - Sync 1 DAGs
[2026-05-14T07:03:46.016+0000] {logging_mixin.py:188} INFO - [2026-05-14T07:03:46.015+0000] {dag.py:3834} INFO - Setting next_dagrun for inegi_playwright to 2026-05-14 00:00:00+00:00, run_after=2026-05-15 00:00:00+00:00
[2026-05-14T07:03:46.647+0000] {processor.py:183} INFO - Processing /opt/airflow/dags/inegi_playwright_dag.py took 5.516 seconds
[2026-05-14T07:04:20.220+0000] {processor.py:161} INFO - Started process (PID=194) to work on /opt/airflow/dags/inegi_playwright_dag.py
[2026-05-14T07:04:20.294+0000] {processor.py:830} INFO - Processing file /opt/airflow/dags/inegi_playwright_dag.py for tasks to queue
[2026-05-14T07:04:20.482+0000] {logging_mixin.py:188} INFO - [2026-05-14T07:04:20.453+0000] {dagbag.py:540} INFO - Filling up the DagBag from /opt/airflow/dags/inegi_playwright_dag.py
[2026-05-14T07:04:22.690+0000] {processor.py:840} INFO - DAG(s) 'inegi_playwright' retrieved from /opt/airflow/dags/inegi_playwright_dag.py
[2026-05-14T07:04:24.751+0000] {logging_mixin.py:188} INFO - [2026-05-14T07:04:24.750+0000] {dag.py:3047} INFO - Sync 1 DAGs
[2026-05-14T07:04:25.200+0000] {logging_mixin.py:188} INFO - [2026-05-14T07:04:25.199+0000] {dag.py:3834} INFO - Setting next_dagrun for inegi_playwright to 2026-05-14 00:00:00+00:00, run_after=2026-05-15 00:00:00+00:00
[2026-05-14T07:04:26.310+0000] {processor.py:183} INFO - Processing /opt/airflow/dags/inegi_playwright_dag.py took 6.154 seconds
[2026-05-14T07:04:58.528+0000] {processor.py:161} INFO - Started process (PID=224) to work on /opt/airflow/dags/inegi_playwright_dag.py
[2026-05-14T07:04:58.610+0000] {processor.py:830} INFO - Processing file /opt/airflow/dags/inegi_playwright_dag.py for tasks to queue
[2026-05-14T07:04:58.689+0000] {logging_mixin.py:188} INFO - [2026-05-14T07:04:58.687+0000] {dagbag.py:540} INFO - Filling up the DagBag from /opt/airflow/dags/inegi_playwright_dag.py
[2026-05-14T07:05:00.275+0000] {processor.py:840} INFO - DAG(s) 'inegi_playwright' retrieved from /opt/airflow/dags/inegi_playwright_dag.py
[2026-05-14T07:05:00.607+0000] {logging_mixin.py:188} INFO - [2026-05-14T07:05:00.607+0000] {dag.py:3047} INFO - Sync 1 DAGs
[2026-05-14T07:05:00.995+0000] {logging_mixin.py:188} INFO - [2026-05-14T07:05:00.995+0000] {dag.py:3834} INFO - Setting next_dagrun for inegi_playwright to 2026-05-14 00:00:00+00:00, run_after=2026-05-15 00:00:00+00:00
[2026-05-14T07:05:02.357+0000] {processor.py:183} INFO - Processing /opt/airflow/dags/inegi_playwright_dag.py took 4.240 seconds
[2026-05-14T07:05:33.473+0000] {processor.py:161} INFO - Started process (PID=256) to work on /opt/airflow/dags/inegi_playwright_dag.py
[2026-05-14T07:05:33.524+0000] {processor.py:830} INFO - Processing file /opt/airflow/dags/inegi_playwright_dag.py for tasks to queue
[2026-05-14T07:05:33.557+0000] {logging_mixin.py:188} INFO - [2026-05-14T07:05:33.545+0000] {dagbag.py:540} INFO - Filling up the DagBag from /opt/airflow/dags/inegi_playwright_dag.py
[2026-05-14T07:05:34.946+0000] {processor.py:840} INFO - DAG(s) 'inegi_playwright' retrieved from /opt/airflow/dags/inegi_playwright_dag.py
[2026-05-14T07:05:36.759+0000] {logging_mixin.py:188} INFO - [2026-05-14T07:05:36.758+0000] {dag.py:3047} INFO - Sync 1 DAGs
[2026-05-14T07:05:37.192+0000] {logging_mixin.py:188} INFO - [2026-05-14T07:05:37.191+0000] {dag.py:3834} INFO - Setting next_dagrun for inegi_playwright to 2026-05-14 00:00:00+00:00, run_after=2026-05-15 00:00:00+00:00
[2026-05-14T07:05:37.887+0000] {processor.py:183} INFO - Processing /opt/airflow/dags/inegi_playwright_dag.py took 4.462 seconds
[2026-05-14T07:06:11.190+0000] {processor.py:161} INFO - Started process (PID=288) to work on /opt/airflow/dags/inegi_playwright_dag.py
[2026-05-14T07:06:11.352+0000] {processor.py:830} INFO - Processing file /opt/airflow/dags/inegi_playwright_dag.py for tasks to queue
[2026-05-14T07:06:11.532+0000] {logging_mixin.py:188} INFO - [2026-05-14T07:06:11.500+0000] {dagbag.py:540} INFO - Filling up the DagBag from /opt/airflow/dags/inegi_playwright_dag.py
[2026-05-14T07:06:12.835+0000] {processor.py:840} INFO - DAG(s) 'inegi_playwright' retrieved from /opt/airflow/dags/inegi_playwright_dag.py
[2026-05-14T07:06:16.947+0000] {logging_mixin.py:188} INFO - [2026-05-14T07:06:16.946+0000] {dag.py:3047} INFO - Sync 1 DAGs
[2026-05-14T07:06:19.929+0000] {logging_mixin.py:188} INFO - [2026-05-14T07:06:19.928+0000] {dag.py:3834} INFO - Setting next_dagrun for inegi_playwright to 2026-05-14 00:00:00+00:00, run_after=2026-05-15 00:00:00+00:00
[2026-05-14T07:06:21.107+0000] {processor.py:183} INFO - Processing /opt/airflow/dags/inegi_playwright_dag.py took 10.084 seconds
[2026-05-14T07:06:53.240+0000] {processor.py:161} INFO - Started process (PID=318) to work on /opt/airflow/dags/inegi_playwright_dag.py
[2026-05-14T07:06:53.371+0000] {processor.py:830} INFO - Processing file /opt/airflow/dags/inegi_playwright_dag.py for tasks to queue
[2026-05-14T07:06:53.425+0000] {logging_mixin.py:188} INFO - [2026-05-14T07:06:53.424+0000] {dagbag.py:540} INFO - Filling up the DagBag from /opt/airflow/dags/inegi_playwright_dag.py
[2026-05-14T07:06:54.297+0000] {processor.py:840} INFO - DAG(s) 'inegi_playwright' retrieved from /opt/airflow/dags/inegi_playwright_dag.py
[2026-05-14T07:06:54.649+0000] {logging_mixin.py:188} INFO - [2026-05-14T07:06:54.649+0000] {dag.py:3047} INFO - Sync 1 DAGs
[2026-05-14T07:06:54.783+0000] {logging_mixin.py:188} INFO - [2026-05-14T07:06:54.779+0000] {dag.py:3834} INFO - Setting next_dagrun for inegi_playwright to 2026-05-14 00:00:00+00:00, run_after=2026-05-15 00:00:00+00:00
[2026-05-14T07:06:57.971+0000] {processor.py:183} INFO - Processing /opt/airflow/dags/inegi_playwright_dag.py took 4.842 seconds
[2026-05-14T07:07:28.665+0000] {processor.py:161} INFO - Started process (PID=350) to work on /opt/airflow/dags/inegi_playwright_dag.py
[2026-05-14T07:07:28.713+0000] {processor.py:830} INFO - Processing file /opt/airflow/dags/inegi_playwright_dag.py for tasks to queue
[2026-05-14T07:07:28.722+0000] {logging_mixin.py:188} INFO - [2026-05-14T07:07:28.720+0000] {dagbag.py:540} INFO - Filling up the DagBag from /opt/airflow/dags/inegi_playwright_dag.py
[2026-05-14T07:07:29.439+0000] {processor.py:840} INFO - DAG(s) 'inegi_playwright' retrieved from /opt/airflow/dags/inegi_playwright_dag.py
[2026-05-14T07:07:30.691+0000] {logging_mixin.py:188} INFO - [2026-05-14T07:07:30.690+0000] {dag.py:3047} INFO - Sync 1 DAGs
[2026-05-14T07:07:31.885+0000] {logging_mixin.py:188} INFO - [2026-05-14T07:07:31.884+0000] {dag.py:3834} INFO - Setting next_dagrun for inegi_playwright to 2026-05-14 00:00:00+00:00, run_after=2026-05-15 00:00:00+00:00
[2026-05-14T07:07:32.613+0000] {processor.py:183} INFO - Processing /opt/airflow/dags/inegi_playwright_dag.py took 3.971 seconds
[2026-05-14T07:08:03.408+0000] {processor.py:161} INFO - Started process (PID=384) to work on /opt/airflow/dags/inegi_playwright_dag.py
[2026-05-14T07:08:03.423+0000] {processor.py:830} INFO - Processing file /opt/airflow/dags/inegi_playwright_dag.py for tasks to queue
[2026-05-14T07:08:03.433+0000] {logging_mixin.py:188} INFO - [2026-05-14T07:08:03.428+0000] {dagbag.py:540} INFO - Filling up the DagBag from /opt/airflow/dags/inegi_playwright_dag.py
[2026-05-14T07:08:04.158+0000] {processor.py:840} INFO - DAG(s) 'inegi_playwright' retrieved from /opt/airflow/dags/inegi_playwright_dag.py
[2026-05-14T07:08:04.740+0000] {logging_mixin.py:188} INFO - [2026-05-14T07:08:04.740+0000] {dag.py:3047} INFO - Sync 1 DAGs
[2026-05-14T07:08:05.270+0000] {logging_mixin.py:188} INFO - [2026-05-14T07:08:05.270+0000] {dag.py:3834} INFO - Setting next_dagrun for inegi_playwright to 2026-05-14 00:00:00+00:00, run_after=2026-05-15 00:00:00+00:00
[2026-05-14T07:08:05.679+0000] {processor.py:183} INFO - Processing /opt/airflow/dags/inegi_playwright_dag.py took 2.312 seconds
[2026-05-14T07:08:38.194+0000] {processor.py:161} INFO - Started process (PID=416) to work on /opt/airflow/dags/inegi_playwright_dag.py
[2026-05-14T07:08:38.219+0000] {processor.py:830} INFO - Processing file /opt/airflow/dags/inegi_playwright_dag.py for tasks to queue
[2026-05-14T07:08:38.228+0000] {logging_mixin.py:188} INFO - [2026-05-14T07:08:38.227+0000] {dagbag.py:540} INFO - Filling up the DagBag from /opt/airflow/dags/inegi_playwright_dag.py
[2026-05-14T07:08:38.544+0000] {processor.py:840} INFO - DAG(s) 'inegi_playwright' retrieved from /opt/airflow/dags/inegi_playwright_dag.py
[2026-05-14T07:08:38.965+0000] {logging_mixin.py:188} INFO - [2026-05-14T07:08:38.964+0000] {dag.py:3047} INFO - Sync 1 DAGs
[2026-05-14T07:08:39.276+0000] {logging_mixin.py:188} INFO - [2026-05-14T07:08:39.276+0000] {dag.py:3834} INFO - Setting next_dagrun for inegi_playwright to 2026-05-14 00:00:00+00:00, run_after=2026-05-15 00:00:00+00:00
[2026-05-14T07:08:39.905+0000] {processor.py:183} INFO - Processing /opt/airflow/dags/inegi_playwright_dag.py took 1.767 seconds
[2026-05-14T07:09:11.853+0000] {processor.py:161} INFO - Started process (PID=446) to work on /opt/airflow/dags/inegi_playwright_dag.py
[2026-05-14T07:09:11.892+0000] {processor.py:830} INFO - Processing file /opt/airflow/dags/inegi_playwright_dag.py for tasks to queue
[2026-05-14T07:09:12.038+0000] {logging_mixin.py:188} INFO - [2026-05-14T07:09:12.037+0000] {dagbag.py:540} INFO - Filling up the DagBag from /opt/airflow/dags/inegi_playwright_dag.py
[2026-05-14T07:09:13.125+0000] {processor.py:840} INFO - DAG(s) 'inegi_playwright' retrieved from /opt/airflow/dags/inegi_playwright_dag.py
[2026-05-14T07:09:13.531+0000] {logging_mixin.py:188} INFO - [2026-05-14T07:09:13.529+0000] {dag.py:3047} INFO - Sync 1 DAGs
[2026-05-14T07:09:13.869+0000] {logging_mixin.py:188} INFO - [2026-05-14T07:09:13.830+0000] {dag.py:3834} INFO - Setting next_dagrun for inegi_playwright to 2026-05-14 00:00:00+00:00, run_after=2026-05-15 00:00:00+00:00
[2026-05-14T07:09:14.773+0000] {processor.py:183} INFO - Processing /opt/airflow/dags/inegi_playwright_dag.py took 3.051 seconds
[2026-05-14T07:09:46.839+0000] {processor.py:161} INFO - Started process (PID=476) to work on /opt/airflow/dags/inegi_playwright_dag.py
[2026-05-14T07:09:46.856+0000] {processor.py:830} INFO - Processing file /opt/airflow/dags/inegi_playwright_dag.py for tasks to queue
[2026-05-14T07:09:46.874+0000] {logging_mixin.py:188} INFO - [2026-05-14T07:09:46.873+0000] {dagbag.py:540} INFO - Filling up the DagBag from /opt/airflow/dags/inegi_playwright_dag.py
[2026-05-14T07:09:47.100+0000] {processor.py:840} INFO - DAG(s) 'inegi_playwright' retrieved from /opt/airflow/dags/inegi_playwright_dag.py
[2026-05-14T07:09:47.580+0000] {logging_mixin.py:188} INFO - [2026-05-14T07:09:47.579+0000] {dag.py:3047} INFO - Sync 1 DAGs
[2026-05-14T07:09:47.877+0000] {logging_mixin.py:188} INFO - [2026-05-14T07:09:47.876+0000] {dag.py:3834} INFO - Setting next_dagrun for inegi_playwright to 2026-05-14 00:00:00+00:00, run_after=2026-05-15 00:00:00+00:00
[2026-05-14T07:09:48.563+0000] {processor.py:183} INFO - Processing /opt/airflow/dags/inegi_playwright_dag.py took 1.789 seconds
[2026-05-14T07:10:20.400+0000] {processor.py:161} INFO - Started process (PID=509) to work on /opt/airflow/dags/inegi_playwright_dag.py
[2026-05-14T07:10:20.438+0000] {processor.py:830} INFO - Processing file /opt/airflow/dags/inegi_playwright_dag.py for tasks to queue
[2026-05-14T07:10:20.457+0000] {logging_mixin.py:188} INFO - [2026-05-14T07:10:20.455+0000] {dagbag.py:540} INFO - Filling up the DagBag from /opt/airflow/dags/inegi_playwright_dag.py
[2026-05-14T07:10:21.974+0000] {processor.py:840} INFO - DAG(s) 'inegi_playwright' retrieved from /opt/airflow/dags/inegi_playwright_dag.py
[2026-05-14T07:10:22.631+0000] {logging_mixin.py:188} INFO - [2026-05-14T07:10:22.597+0000] {dag.py:3047} INFO - Sync 1 DAGs
[2026-05-14T07:10:23.268+0000] {logging_mixin.py:188} INFO - [2026-05-14T07:10:23.267+0000] {dag.py:3834} INFO - Setting next_dagrun for inegi_playwright to 2026-05-14 00:00:00+00:00, run_after=2026-05-15 00:00:00+00:00
[2026-05-14T07:10:23.557+0000] {processor.py:183} INFO - Processing /opt/airflow/dags/inegi_playwright_dag.py took 3.342 seconds
[2026-05-14T07:10:54.932+0000] {processor.py:161} INFO - Started process (PID=539) to work on /opt/airflow/dags/inegi_playwright_dag.py
[2026-05-14T07:10:54.942+0000] {processor.py:830} INFO - Processing file /opt/airflow/dags/inegi_playwright_dag.py for tasks to queue
[2026-05-14T07:10:54.949+0000] {logging_mixin.py:188} INFO - [2026-05-14T07:10:54.947+0000] {dagbag.py:540} INFO - Filling up the DagBag from /opt/airflow/dags/inegi_playwright_dag.py
[2026-05-14T07:10:55.167+0000] {processor.py:840} INFO - DAG(s) 'inegi_playwright' retrieved from /opt/airflow/dags/inegi_playwright_dag.py
[2026-05-14T07:10:55.657+0000] {logging_mixin.py:188} INFO - [2026-05-14T07:10:55.644+0000] {dag.py:3047} INFO - Sync 1 DAGs
[2026-05-14T07:10:56.389+0000] {logging_mixin.py:188} INFO - [2026-05-14T07:10:56.388+0000] {dag.py:3834} INFO - Setting next_dagrun for inegi_playwright to 2026-05-14 00:00:00+00:00, run_after=2026-05-15 00:00:00+00:00
[2026-05-14T07:10:56.573+0000] {processor.py:183} INFO - Processing /opt/airflow/dags/inegi_playwright_dag.py took 1.694 seconds
[2026-05-14T07:11:26.901+0000] {processor.py:161} INFO - Started process (PID=569) to work on /opt/airflow/dags/inegi_playwright_dag.py
[2026-05-14T07:11:26.910+0000] {processor.py:830} INFO - Processing file /opt/airflow/dags/inegi_playwright_dag.py for tasks to queue
[2026-05-14T07:11:26.928+0000] {logging_mixin.py:188} INFO - [2026-05-14T07:11:26.927+0000] {dagbag.py:540} INFO - Filling up the DagBag from /opt/airflow/dags/inegi_playwright_dag.py
[2026-05-14T07:11:27.288+0000] {processor.py:840} INFO - DAG(s) 'inegi_playwright' retrieved from /opt/airflow/dags/inegi_playwright_dag.py
[2026-05-14T07:11:28.059+0000] {logging_mixin.py:188} INFO - [2026-05-14T07:11:28.039+0000] {dag.py:3047} INFO - Sync 1 DAGs
[2026-05-14T07:11:28.307+0000] {logging_mixin.py:188} INFO - [2026-05-14T07:11:28.306+0000] {dag.py:3834} INFO - Setting next_dagrun for inegi_playwright to 2026-05-14 00:00:00+00:00, run_after=2026-05-15 00:00:00+00:00
[2026-05-14T07:11:28.583+0000] {processor.py:183} INFO - Processing /opt/airflow/dags/inegi_playwright_dag.py took 1.729 seconds
[2026-05-14T07:12:00.554+0000] {processor.py:161} INFO - Started process (PID=599) to work on /opt/airflow/dags/inegi_playwright_dag.py
[2026-05-14T07:12:00.567+0000] {processor.py:830} INFO - Processing file /opt/airflow/dags/inegi_playwright_dag.py for tasks to queue
[2026-05-14T07:12:00.575+0000] {logging_mixin.py:188} INFO - [2026-05-14T07:12:00.574+0000] {dagbag.py:540} INFO - Filling up the DagBag from /opt/airflow/dags/inegi_playwright_dag.py
[2026-05-14T07:12:00.841+0000] {processor.py:840} INFO - DAG(s) 'inegi_playwright' retrieved from /opt/airflow/dags/inegi_playwright_dag.py
[2026-05-14T07:12:02.019+0000] {logging_mixin.py:188} INFO - [2026-05-14T07:12:01.941+0000] {dag.py:3047} INFO - Sync 1 DAGs
[2026-05-14T07:12:02.384+0000] {logging_mixin.py:188} INFO - [2026-05-14T07:12:02.383+0000] {dag.py:3834} INFO - Setting next_dagrun for inegi_playwright to 2026-05-14 00:00:00+00:00, run_after=2026-05-15 00:00:00+00:00
[2026-05-14T07:12:02.871+0000] {processor.py:183} INFO - Processing /opt/airflow/dags/inegi_playwright_dag.py took 2.377 seconds
[2026-05-14T07:12:52.038+0000] {processor.py:161} INFO - Started process (PID=633) to work on /opt/airflow/dags/inegi_playwright_dag.py
[2026-05-14T07:12:52.195+0000] {processor.py:830} INFO - Processing file /opt/airflow/dags/inegi_playwright_dag.py for tasks to queue
[2026-05-14T07:12:52.339+0000] {logging_mixin.py:188} INFO - [2026-05-14T07:12:52.324+0000] {dagbag.py:540} INFO - Filling up the DagBag from /opt/airflow/dags/inegi_playwright_dag.py
[2026-05-14T07:12:55.408+0000] {processor.py:840} INFO - DAG(s) 'inegi_playwright' retrieved from /opt/airflow/dags/inegi_playwright_dag.py
[2026-05-14T07:12:55.934+0000] {logging_mixin.py:188} INFO - [2026-05-14T07:12:55.933+0000] {dag.py:3047} INFO - Sync 1 DAGs
[2026-05-14T07:12:56.950+0000] {logging_mixin.py:188} INFO - [2026-05-14T07:12:56.945+0000] {dag.py:3834} INFO - Setting next_dagrun for inegi_playwright to 2026-05-14 00:00:00+00:00, run_after=2026-05-15 00:00:00+00:00
[2026-05-14T07:13:02.980+0000] {processor.py:183} INFO - Processing /opt/airflow/dags/inegi_playwright_dag.py took 11.030 seconds
[2026-05-14T07:13:48.674+0000] {processor.py:161} INFO - Started process (PID=663) to work on /opt/airflow/dags/inegi_playwright_dag.py
[2026-05-14T07:13:48.944+0000] {processor.py:830} INFO - Processing file /opt/airflow/dags/inegi_playwright_dag.py for tasks to queue
[2026-05-14T07:13:49.143+0000] {logging_mixin.py:188} INFO - [2026-05-14T07:13:49.142+0000] {dagbag.py:540} INFO - Filling up the DagBag from /opt/airflow/dags/inegi_playwright_dag.py
[2026-05-14T07:13:56.376+0000] {processor.py:840} INFO - DAG(s) 'inegi_playwright' retrieved from /opt/airflow/dags/inegi_playwright_dag.py
[2026-05-14T07:13:56.877+0000] {logging_mixin.py:188} INFO - [2026-05-14T07:13:56.877+0000] {dag.py:3047} INFO - Sync 1 DAGs
[2026-05-14T07:13:57.165+0000] {logging_mixin.py:188} INFO - [2026-05-14T07:13:57.164+0000] {dag.py:3834} INFO - Setting next_dagrun for inegi_playwright to 2026-05-14 00:00:00+00:00, run_after=2026-05-15 00:00:00+00:00
[2026-05-14T07:13:57.792+0000] {processor.py:183} INFO - Processing /opt/airflow/dags/inegi_playwright_dag.py took 9.186 seconds
[2026-05-14T07:14:28.987+0000] {processor.py:161} INFO - Started process (PID=695) to work on /opt/airflow/dags/inegi_playwright_dag.py
[2026-05-14T07:14:28.997+0000] {processor.py:830} INFO - Processing file /opt/airflow/dags/inegi_playwright_dag.py for tasks to queue
[2026-05-14T07:14:29.007+0000] {logging_mixin.py:188} INFO - [2026-05-14T07:14:29.006+0000] {dagbag.py:540} INFO - Filling up the DagBag from /opt/airflow/dags/inegi_playwright_dag.py
[2026-05-14T07:14:29.144+0000] {processor.py:840} INFO - DAG(s) 'inegi_playwright' retrieved from /opt/airflow/dags/inegi_playwright_dag.py
[2026-05-14T07:14:29.894+0000] {logging_mixin.py:188} INFO - [2026-05-14T07:14:29.893+0000] {dag.py:3047} INFO - Sync 1 DAGs
[2026-05-14T07:14:30.253+0000] {logging_mixin.py:188} INFO - [2026-05-14T07:14:30.252+0000] {dag.py:3834} INFO - Setting next_dagrun for inegi_playwright to 2026-05-14 00:00:00+00:00, run_after=2026-05-15 00:00:00+00:00
[2026-05-14T07:14:30.343+0000] {processor.py:183} INFO - Processing /opt/airflow/dags/inegi_playwright_dag.py took 1.410 seconds
[2026-05-14T07:15:01.147+0000] {processor.py:161} INFO - Started process (PID=725) to work on /opt/airflow/dags/inegi_playwright_dag.py
[2026-05-14T07:15:01.153+0000] {processor.py:830} INFO - Processing file /opt/airflow/dags/inegi_playwright_dag.py for tasks to queue
[2026-05-14T07:15:01.162+0000] {logging_mixin.py:188} INFO - [2026-05-14T07:15:01.159+0000] {dagbag.py:540} INFO - Filling up the DagBag from /opt/airflow/dags/inegi_playwright_dag.py
[2026-05-14T07:15:01.252+0000] {processor.py:840} INFO - DAG(s) 'inegi_playwright' retrieved from /opt/airflow/dags/inegi_playwright_dag.py
[2026-05-14T07:15:01.375+0000] {logging_mixin.py:188} INFO - [2026-05-14T07:15:01.372+0000] {dag.py:3047} INFO - Sync 1 DAGs
[2026-05-14T07:15:01.587+0000] {logging_mixin.py:188} INFO - [2026-05-14T07:15:01.586+0000] {dag.py:3834} INFO - Setting next_dagrun for inegi_playwright to 2026-05-14 00:00:00+00:00, run_after=2026-05-15 00:00:00+00:00
[2026-05-14T07:15:01.677+0000] {processor.py:183} INFO - Processing /opt/airflow/dags/inegi_playwright_dag.py took 0.548 seconds
[2026-05-14T07:15:32.879+0000] {processor.py:161} INFO - Started process (PID=755) to work on /opt/airflow/dags/inegi_playwright_dag.py
[2026-05-14T07:15:32.883+0000] {processor.py:830} INFO - Processing file /opt/airflow/dags/inegi_playwright_dag.py for tasks to queue
[2026-05-14T07:15:32.887+0000] {logging_mixin.py:188} INFO - [2026-05-14T07:15:32.885+0000] {dagbag.py:540} INFO - Filling up the DagBag from /opt/airflow/dags/inegi_playwright_dag.py
[2026-05-14T07:15:32.990+0000] {processor.py:840} INFO - DAG(s) 'inegi_playwright' retrieved from /opt/airflow/dags/inegi_playwright_dag.py
[2026-05-14T07:15:33.122+0000] {logging_mixin.py:188} INFO - [2026-05-14T07:15:33.121+0000] {dag.py:3047} INFO - Sync 1 DAGs
[2026-05-14T07:15:33.237+0000] {logging_mixin.py:188} INFO - [2026-05-14T07:15:33.237+0000] {dag.py:3834} INFO - Setting next_dagrun for inegi_playwright to 2026-05-14 00:00:00+00:00, run_after=2026-05-15 00:00:00+00:00
[2026-05-14T07:15:33.313+0000] {processor.py:183} INFO - Processing /opt/airflow/dags/inegi_playwright_dag.py took 0.452 seconds
[2026-05-14T07:16:04.536+0000] {processor.py:161} INFO - Started process (PID=785) to work on /opt/airflow/dags/inegi_playwright_dag.py
[2026-05-14T07:16:04.542+0000] {processor.py:830} INFO - Processing file /opt/airflow/dags/inegi_playwright_dag.py for tasks to queue
[2026-05-14T07:16:04.546+0000] {logging_mixin.py:188} INFO - [2026-05-14T07:16:04.545+0000] {dagbag.py:540} INFO - Filling up the DagBag from /opt/airflow/dags/inegi_playwright_dag.py
[2026-05-14T07:16:04.618+0000] {processor.py:840} INFO - DAG(s) 'inegi_playwright' retrieved from /opt/airflow/dags/inegi_playwright_dag.py
[2026-05-14T07:16:04.703+0000] {logging_mixin.py:188} INFO - [2026-05-14T07:16:04.703+0000] {dag.py:3047} INFO - Sync 1 DAGs
[2026-05-14T07:16:04.782+0000] {logging_mixin.py:188} INFO - [2026-05-14T07:16:04.781+0000] {dag.py:3834} INFO - Setting next_dagrun for inegi_playwright to 2026-05-14 00:00:00+00:00, run_after=2026-05-15 00:00:00+00:00
[2026-05-14T07:16:04.836+0000] {processor.py:183} INFO - Processing /opt/airflow/dags/inegi_playwright_dag.py took 0.318 seconds
[2026-05-14T07:16:39.004+0000] {processor.py:161} INFO - Started process (PID=816) to work on /opt/airflow/dags/inegi_playwright_dag.py
[2026-05-14T07:16:39.164+0000] {processor.py:830} INFO - Processing file /opt/airflow/dags/inegi_playwright_dag.py for tasks to queue
[2026-05-14T07:16:39.421+0000] {logging_mixin.py:188} INFO - [2026-05-14T07:16:39.406+0000] {dagbag.py:540} INFO - Filling up the DagBag from /opt/airflow/dags/inegi_playwright_dag.py
[2026-05-14T07:16:45.978+0000] {processor.py:840} INFO - DAG(s) 'inegi_playwright' retrieved from /opt/airflow/dags/inegi_playwright_dag.py
[2026-05-14T07:16:46.762+0000] {logging_mixin.py:188} INFO - [2026-05-14T07:16:46.748+0000] {dag.py:3047} INFO - Sync 1 DAGs
[2026-05-14T07:16:47.709+0000] {logging_mixin.py:188} INFO - [2026-05-14T07:16:47.709+0000] {dag.py:3834} INFO - Setting next_dagrun for inegi_playwright to 2026-05-14 00:00:00+00:00, run_after=2026-05-15 00:00:00+00:00
[2026-05-14T07:16:48.283+0000] {processor.py:183} INFO - Processing /opt/airflow/dags/inegi_playwright_dag.py took 9.344 seconds
[2026-05-14T07:17:25.183+0000] {processor.py:161} INFO - Started process (PID=849) to work on /opt/airflow/dags/inegi_playwright_dag.py
[2026-05-14T07:17:25.232+0000] {processor.py:830} INFO - Processing file /opt/airflow/dags/inegi_playwright_dag.py for tasks to queue
[2026-05-14T07:17:25.266+0000] {logging_mixin.py:188} INFO - [2026-05-14T07:17:25.265+0000] {dagbag.py:540} INFO - Filling up the DagBag from /opt/airflow/dags/inegi_playwright_dag.py
[2026-05-14T07:17:26.190+0000] {processor.py:840} INFO - DAG(s) 'inegi_playwright' retrieved from /opt/airflow/dags/inegi_playwright_dag.py
[2026-05-14T07:17:26.444+0000] {logging_mixin.py:188} INFO - [2026-05-14T07:17:26.444+0000] {dag.py:3047} INFO - Sync 1 DAGs
[2026-05-14T07:17:26.715+0000] {logging_mixin.py:188} INFO - [2026-05-14T07:17:26.715+0000] {dag.py:3834} INFO - Setting next_dagrun for inegi_playwright to 2026-05-14 00:00:00+00:00, run_after=2026-05-15 00:00:00+00:00
[2026-05-14T07:17:27.193+0000] {processor.py:183} INFO - Processing /opt/airflow/dags/inegi_playwright_dag.py took 2.106 seconds
[2026-05-14T07:17:59.490+0000] {processor.py:161} INFO - Started process (PID=883) to work on /opt/airflow/dags/inegi_playwright_dag.py
[2026-05-14T07:17:59.503+0000] {processor.py:830} INFO - Processing file /opt/airflow/dags/inegi_playwright_dag.py for tasks to queue
[2026-05-14T07:17:59.522+0000] {logging_mixin.py:188} INFO - [2026-05-14T07:17:59.518+0000] {dagbag.py:540} INFO - Filling up the DagBag from /opt/airflow/dags/inegi_playwright_dag.py
[2026-05-14T07:17:59.795+0000] {processor.py:840} INFO - DAG(s) 'inegi_playwright' retrieved from /opt/airflow/dags/inegi_playwright_dag.py
[2026-05-14T07:17:59.950+0000] {logging_mixin.py:188} INFO - [2026-05-14T07:17:59.949+0000] {dag.py:3047} INFO - Sync 1 DAGs
[2026-05-14T07:18:00.239+0000] {logging_mixin.py:188} INFO - [2026-05-14T07:18:00.238+0000] {dag.py:3834} INFO - Setting next_dagrun for inegi_playwright to 2026-05-14 00:00:00+00:00, run_after=2026-05-15 00:00:00+00:00
[2026-05-14T07:18:00.524+0000] {processor.py:183} INFO - Processing /opt/airflow/dags/inegi_playwright_dag.py took 1.053 seconds
[2026-05-14T07:18:31.845+0000] {processor.py:161} INFO - Started process (PID=913) to work on /opt/airflow/dags/inegi_playwright_dag.py
[2026-05-14T07:18:31.851+0000] {processor.py:830} INFO - Processing file /opt/airflow/dags/inegi_playwright_dag.py for tasks to queue
[2026-05-14T07:18:31.864+0000] {logging_mixin.py:188} INFO - [2026-05-14T07:18:31.863+0000] {dagbag.py:540} INFO - Filling up the DagBag from /opt/airflow/dags/inegi_playwright_dag.py
[2026-05-14T07:18:32.476+0000] {processor.py:840} INFO - DAG(s) 'inegi_playwright' retrieved from /opt/airflow/dags/inegi_playwright_dag.py
[2026-05-14T07:18:32.709+0000] {logging_mixin.py:188} INFO - [2026-05-14T07:18:32.708+0000] {dag.py:3047} INFO - Sync 1 DAGs
[2026-05-14T07:18:32.846+0000] {logging_mixin.py:188} INFO - [2026-05-14T07:18:32.846+0000] {dag.py:3834} INFO - Setting next_dagrun for inegi_playwright to 2026-05-14 00:00:00+00:00, run_after=2026-05-15 00:00:00+00:00
[2026-05-14T07:18:32.980+0000] {processor.py:183} INFO - Processing /opt/airflow/dags/inegi_playwright_dag.py took 1.144 seconds
[2026-05-14T07:19:03.529+0000] {processor.py:161} INFO - Started process (PID=943) to work on /opt/airflow/dags/inegi_playwright_dag.py
[2026-05-14T07:19:03.534+0000] {processor.py:830} INFO - Processing file /opt/airflow/dags/inegi_playwright_dag.py for tasks to queue
[2026-05-14T07:19:03.540+0000] {logging_mixin.py:188} INFO - [2026-05-14T07:19:03.539+0000] {dagbag.py:540} INFO - Filling up the DagBag from /opt/airflow/dags/inegi_playwright_dag.py
[2026-05-14T07:19:03.607+0000] {processor.py:840} INFO - DAG(s) 'inegi_playwright' retrieved from /opt/airflow/dags/inegi_playwright_dag.py
[2026-05-14T07:19:03.699+0000] {logging_mixin.py:188} INFO - [2026-05-14T07:19:03.698+0000] {dag.py:3047} INFO - Sync 1 DAGs
[2026-05-14T07:19:03.763+0000] {logging_mixin.py:188} INFO - [2026-05-14T07:19:03.763+0000] {dag.py:3834} INFO - Setting next_dagrun for inegi_playwright to 2026-05-14 00:00:00+00:00, run_after=2026-05-15 00:00:00+00:00
[2026-05-14T07:19:03.817+0000] {processor.py:183} INFO - Processing /opt/airflow/dags/inegi_playwright_dag.py took 0.303 seconds
[2026-05-14T07:19:34.658+0000] {processor.py:161} INFO - Started process (PID=973) to work on /opt/airflow/dags/inegi_playwright_dag.py
[2026-05-14T07:19:34.666+0000] {processor.py:830} INFO - Processing file /opt/airflow/dags/inegi_playwright_dag.py for tasks to queue
[2026-05-14T07:19:34.669+0000] {logging_mixin.py:188} INFO - [2026-05-14T07:19:34.668+0000] {dagbag.py:540} INFO - Filling up the DagBag from /opt/airflow/dags/inegi_playwright_dag.py
[2026-05-14T07:19:34.737+0000] {processor.py:840} INFO - DAG(s) 'inegi_playwright' retrieved from /opt/airflow/dags/inegi_playwright_dag.py
[2026-05-14T07:19:34.851+0000] {logging_mixin.py:188} INFO - [2026-05-14T07:19:34.850+0000] {dag.py:3047} INFO - Sync 1 DAGs
[2026-05-14T07:19:34.916+0000] {logging_mixin.py:188} INFO - [2026-05-14T07:19:34.916+0000] {dag.py:3834} INFO - Setting next_dagrun for inegi_playwright to 2026-05-14 00:00:00+00:00, run_after=2026-05-15 00:00:00+00:00
[2026-05-14T07:19:34.977+0000] {processor.py:183} INFO - Processing /opt/airflow/dags/inegi_playwright_dag.py took 0.339 seconds
[2026-05-14T07:20:05.837+0000] {processor.py:161} INFO - Started process (PID=1006) to work on /opt/airflow/dags/inegi_playwright_dag.py
[2026-05-14T07:20:05.841+0000] {processor.py:830} INFO - Processing file /opt/airflow/dags/inegi_playwright_dag.py for tasks to queue
[2026-05-14T07:20:05.844+0000] {logging_mixin.py:188} INFO - [2026-05-14T07:20:05.843+0000] {dagbag.py:540} INFO - Filling up the DagBag from /opt/airflow/dags/inegi_playwright_dag.py
[2026-05-14T07:20:05.953+0000] {processor.py:840} INFO - DAG(s) 'inegi_playwright' retrieved from /opt/airflow/dags/inegi_playwright_dag.py
[2026-05-14T07:20:06.018+0000] {logging_mixin.py:188} INFO - [2026-05-14T07:20:06.017+0000] {dag.py:3047} INFO - Sync 1 DAGs
[2026-05-14T07:20:06.076+0000] {logging_mixin.py:188} INFO - [2026-05-14T07:20:06.076+0000] {dag.py:3834} INFO - Setting next_dagrun for inegi_playwright to 2026-05-14 00:00:00+00:00, run_after=2026-05-15 00:00:00+00:00
[2026-05-14T07:20:06.125+0000] {processor.py:183} INFO - Processing /opt/airflow/dags/inegi_playwright_dag.py took 0.299 seconds
[2026-05-14T07:20:36.486+0000] {processor.py:161} INFO - Started process (PID=1033) to work on /opt/airflow/dags/inegi_playwright_dag.py
[2026-05-14T07:20:36.495+0000] {processor.py:830} INFO - Processing file /opt/airflow/dags/inegi_playwright_dag.py for tasks to queue
[2026-05-14T07:20:36.505+0000] {logging_mixin.py:188} INFO - [2026-05-14T07:20:36.499+0000] {dagbag.py:540} INFO - Filling up the DagBag from /opt/airflow/dags/inegi_playwright_dag.py
[2026-05-14T07:20:36.660+0000] {processor.py:840} INFO - DAG(s) 'inegi_playwright' retrieved from /opt/airflow/dags/inegi_playwright_dag.py
[2026-05-14T07:20:36.790+0000] {logging_mixin.py:188} INFO - [2026-05-14T07:20:36.790+0000] {dag.py:3047} INFO - Sync 1 DAGs
[2026-05-14T07:20:36.902+0000] {logging_mixin.py:188} INFO - [2026-05-14T07:20:36.900+0000] {dag.py:3834} INFO - Setting next_dagrun for inegi_playwright to 2026-05-14 00:00:00+00:00, run_after=2026-05-15 00:00:00+00:00
[2026-05-14T07:20:37.003+0000] {processor.py:183} INFO - Processing /opt/airflow/dags/inegi_playwright_dag.py took 0.533 seconds
[2026-05-14T07:21:08.024+0000] {processor.py:161} INFO - Started process (PID=1066) to work on /opt/airflow/dags/inegi_playwright_dag.py
[2026-05-14T07:21:08.058+0000] {processor.py:830} INFO - Processing file /opt/airflow/dags/inegi_playwright_dag.py for tasks to queue
[2026-05-14T07:21:08.107+0000] {logging_mixin.py:188} INFO - [2026-05-14T07:21:08.078+0000] {dagbag.py:540} INFO - Filling up the DagBag from /opt/airflow/dags/inegi_playwright_dag.py
[2026-05-14T07:21:09.391+0000] {processor.py:840} INFO - DAG(s) 'inegi_playwright' retrieved from /opt/airflow/dags/inegi_playwright_dag.py
[2026-05-14T07:21:09.743+0000] {logging_mixin.py:188} INFO - [2026-05-14T07:21:09.742+0000] {dag.py:3047} INFO - Sync 1 DAGs
[2026-05-14T07:21:09.942+0000] {logging_mixin.py:188} INFO - [2026-05-14T07:21:09.941+0000] {dag.py:3834} INFO - Setting next_dagrun for inegi_playwright to 2026-05-14 00:00:00+00:00, run_after=2026-05-15 00:00:00+00:00
[2026-05-14T07:21:10.136+0000] {processor.py:183} INFO - Processing /opt/airflow/dags/inegi_playwright_dag.py took 2.193 seconds
[2026-05-14T07:21:41.678+0000] {processor.py:161} INFO - Started process (PID=1098) to work on /opt/airflow/dags/inegi_playwright_dag.py
[2026-05-14T07:21:41.691+0000] {processor.py:830} INFO - Processing file /opt/airflow/dags/inegi_playwright_dag.py for tasks to queue
[2026-05-14T07:21:41.703+0000] {logging_mixin.py:188} INFO - [2026-05-14T07:21:41.702+0000] {dagbag.py:540} INFO - Filling up the DagBag from /opt/airflow/dags/inegi_playwright_dag.py
[2026-05-14T07:21:42.065+0000] {processor.py:840} INFO - DAG(s) 'inegi_playwright' retrieved from /opt/airflow/dags/inegi_playwright_dag.py
[2026-05-14T07:21:42.128+0000] {logging_mixin.py:188} INFO - [2026-05-14T07:21:42.127+0000] {dag.py:3047} INFO - Sync 1 DAGs
[2026-05-14T07:21:42.186+0000] {logging_mixin.py:188} INFO - [2026-05-14T07:21:42.185+0000] {dag.py:3834} INFO - Setting next_dagrun for inegi_playwright to 2026-05-14 00:00:00+00:00, run_after=2026-05-15 00:00:00+00:00
[2026-05-14T07:21:42.236+0000] {processor.py:183} INFO - Processing /opt/airflow/dags/inegi_playwright_dag.py took 0.578 seconds
[2026-05-14T07:22:12.571+0000] {processor.py:161} INFO - Started process (PID=1128) to work on /opt/airflow/dags/inegi_playwright_dag.py
[2026-05-14T07:22:12.574+0000] {processor.py:830} INFO - Processing file /opt/airflow/dags/inegi_playwright_dag.py for tasks to queue
[2026-05-14T07:22:12.577+0000] {logging_mixin.py:188} INFO - [2026-05-14T07:22:12.576+0000] {dagbag.py:540} INFO - Filling up the DagBag from /opt/airflow/dags/inegi_playwright_dag.py
[2026-05-14T07:22:12.631+0000] {processor.py:840} INFO - DAG(s) 'inegi_playwright' retrieved from /opt/airflow/dags/inegi_playwright_dag.py
[2026-05-14T07:22:12.696+0000] {logging_mixin.py:188} INFO - [2026-05-14T07:22:12.696+0000] {dag.py:3047} INFO - Sync 1 DAGs
[2026-05-14T07:22:12.758+0000] {logging_mixin.py:188} INFO - [2026-05-14T07:22:12.758+0000] {dag.py:3834} INFO - Setting next_dagrun for inegi_playwright to 2026-05-14 00:00:00+00:00, run_after=2026-05-15 00:00:00+00:00
[2026-05-14T07:22:12.809+0000] {processor.py:183} INFO - Processing /opt/airflow/dags/inegi_playwright_dag.py took 0.248 seconds
[2026-05-14T07:22:43.186+0000] {processor.py:161} INFO - Started process (PID=1158) to work on /opt/airflow/dags/inegi_playwright_dag.py
[2026-05-14T07:22:43.189+0000] {processor.py:830} INFO - Processing file /opt/airflow/dags/inegi_playwright_dag.py for tasks to queue
[2026-05-14T07:22:43.192+0000] {logging_mixin.py:188} INFO - [2026-05-14T07:22:43.192+0000] {dagbag.py:540} INFO - Filling up the DagBag from /opt/airflow/dags/inegi_playwright_dag.py
[2026-05-14T07:22:43.248+0000] {processor.py:840} INFO - DAG(s) 'inegi_playwright' retrieved from /opt/airflow/dags/inegi_playwright_dag.py
[2026-05-14T07:22:43.317+0000] {logging_mixin.py:188} INFO - [2026-05-14T07:22:43.317+0000] {dag.py:3047} INFO - Sync 1 DAGs
[2026-05-14T07:22:43.384+0000] {logging_mixin.py:188} INFO - [2026-05-14T07:22:43.384+0000] {dag.py:3834} INFO - Setting next_dagrun for inegi_playwright to 2026-05-14 00:00:00+00:00, run_after=2026-05-15 00:00:00+00:00
[2026-05-14T07:22:43.436+0000] {processor.py:183} INFO - Processing /opt/airflow/dags/inegi_playwright_dag.py took 0.262 seconds
[2026-05-14T07:23:13.795+0000] {processor.py:161} INFO - Started process (PID=1188) to work on /opt/airflow/dags/inegi_playwright_dag.py
[2026-05-14T07:23:13.798+0000] {processor.py:830} INFO - Processing file /opt/airflow/dags/inegi_playwright_dag.py for tasks to queue
[2026-05-14T07:23:13.801+0000] {logging_mixin.py:188} INFO - [2026-05-14T07:23:13.800+0000] {dagbag.py:540} INFO - Filling up the DagBag from /opt/airflow/dags/inegi_playwright_dag.py
[2026-05-14T07:23:13.853+0000] {processor.py:840} INFO - DAG(s) 'inegi_playwright' retrieved from /opt/airflow/dags/inegi_playwright_dag.py
[2026-05-14T07:23:13.919+0000] {logging_mixin.py:188} INFO - [2026-05-14T07:23:13.918+0000] {dag.py:3047} INFO - Sync 1 DAGs
[2026-05-14T07:23:14.020+0000] {logging_mixin.py:188} INFO - [2026-05-14T07:23:14.019+0000] {dag.py:3834} INFO - Setting next_dagrun for inegi_playwright to 2026-05-14 00:00:00+00:00, run_after=2026-05-15 00:00:00+00:00
[2026-05-14T07:23:14.096+0000] {processor.py:183} INFO - Processing /opt/airflow/dags/inegi_playwright_dag.py took 0.311 seconds
[2026-05-14T07:23:44.906+0000] {processor.py:161} INFO - Started process (PID=1221) to work on /opt/airflow/dags/inegi_playwright_dag.py
[2026-05-14T07:23:44.911+0000] {processor.py:830} INFO - Processing file /opt/airflow/dags/inegi_playwright_dag.py for tasks to queue
[2026-05-14T07:23:44.915+0000] {logging_mixin.py:188} INFO - [2026-05-14T07:23:44.913+0000] {dagbag.py:540} INFO - Filling up the DagBag from /opt/airflow/dags/inegi_playwright_dag.py
[2026-05-14T07:23:44.970+0000] {processor.py:840} INFO - DAG(s) 'inegi_playwright' retrieved from /opt/airflow/dags/inegi_playwright_dag.py
[2026-05-14T07:23:45.045+0000] {logging_mixin.py:188} INFO - [2026-05-14T07:23:45.044+0000] {dag.py:3047} INFO - Sync 1 DAGs
[2026-05-14T07:23:45.156+0000] {logging_mixin.py:188} INFO - [2026-05-14T07:23:45.155+0000] {dag.py:3834} INFO - Setting next_dagrun for inegi_playwright to 2026-05-14 00:00:00+00:00, run_after=2026-05-15 00:00:00+00:00
[2026-05-14T07:23:45.210+0000] {processor.py:183} INFO - Processing /opt/airflow/dags/inegi_playwright_dag.py took 0.320 seconds
[2026-05-14T07:24:15.910+0000] {processor.py:161} INFO - Started process (PID=1251) to work on /opt/airflow/dags/inegi_playwright_dag.py
[2026-05-14T07:24:15.914+0000] {processor.py:830} INFO - Processing file /opt/airflow/dags/inegi_playwright_dag.py for tasks to queue
[2026-05-14T07:24:15.916+0000] {logging_mixin.py:188} INFO - [2026-05-14T07:24:15.916+0000] {dagbag.py:540} INFO - Filling up the DagBag from /opt/airflow/dags/inegi_playwright_dag.py
[2026-05-14T07:24:15.970+0000] {processor.py:840} INFO - DAG(s) 'inegi_playwright' retrieved from /opt/airflow/dags/inegi_playwright_dag.py
[2026-05-14T07:24:16.036+0000] {logging_mixin.py:188} INFO - [2026-05-14T07:24:16.035+0000] {dag.py:3047} INFO - Sync 1 DAGs
[2026-05-14T07:24:16.104+0000] {logging_mixin.py:188} INFO - [2026-05-14T07:24:16.103+0000] {dag.py:3834} INFO - Setting next_dagrun for inegi_playwright to 2026-05-14 00:00:00+00:00, run_after=2026-05-15 00:00:00+00:00
[2026-05-14T07:24:16.184+0000] {processor.py:183} INFO - Processing /opt/airflow/dags/inegi_playwright_dag.py took 0.287 seconds
[2026-05-14T07:24:46.944+0000] {processor.py:161} INFO - Started process (PID=1283) to work on /opt/airflow/dags/inegi_playwright_dag.py
[2026-05-14T07:24:46.948+0000] {processor.py:830} INFO - Processing file /opt/airflow/dags/inegi_playwright_dag.py for tasks to queue
[2026-05-14T07:24:46.951+0000] {logging_mixin.py:188} INFO - [2026-05-14T07:24:46.950+0000] {dagbag.py:540} INFO - Filling up the DagBag from /opt/airflow/dags/inegi_playwright_dag.py
[2026-05-14T07:24:47.014+0000] {processor.py:840} INFO - DAG(s) 'inegi_playwright' retrieved from /opt/airflow/dags/inegi_playwright_dag.py
[2026-05-14T07:24:47.088+0000] {logging_mixin.py:188} INFO - [2026-05-14T07:24:47.088+0000] {dag.py:3047} INFO - Sync 1 DAGs
[2026-05-14T07:24:47.152+0000] {logging_mixin.py:188} INFO - [2026-05-14T07:24:47.152+0000] {dag.py:3834} INFO - Setting next_dagrun for inegi_playwright to 2026-05-14 00:00:00+00:00, run_after=2026-05-15 00:00:00+00:00
[2026-05-14T07:24:47.204+0000] {processor.py:183} INFO - Processing /opt/airflow/dags/inegi_playwright_dag.py took 0.270 seconds
[2026-05-14T07:25:17.628+0000] {processor.py:161} INFO - Started process (PID=1306) to work on /opt/airflow/dags/inegi_playwright_dag.py
[2026-05-14T07:25:17.632+0000] {processor.py:830} INFO - Processing file /opt/airflow/dags/inegi_playwright_dag.py for tasks to queue
[2026-05-14T07:25:17.637+0000] {logging_mixin.py:188} INFO - [2026-05-14T07:25:17.636+0000] {dagbag.py:540} INFO - Filling up the DagBag from /opt/airflow/dags/inegi_playwright_dag.py
[2026-05-14T07:25:17.697+0000] {processor.py:840} INFO - DAG(s) 'inegi_playwright' retrieved from /opt/airflow/dags/inegi_playwright_dag.py
[2026-05-14T07:25:17.863+0000] {logging_mixin.py:188} INFO - [2026-05-14T07:25:17.849+0000] {dag.py:3047} INFO - Sync 1 DAGs
[2026-05-14T07:25:18.212+0000] {logging_mixin.py:188} INFO - [2026-05-14T07:25:18.211+0000] {dag.py:3834} INFO - Setting next_dagrun for inegi_playwright to 2026-05-14 00:00:00+00:00, run_after=2026-05-15 00:00:00+00:00
[2026-05-14T07:25:18.581+0000] {processor.py:183} INFO - Processing /opt/airflow/dags/inegi_playwright_dag.py took 0.966 seconds
[2026-05-14T07:25:49.272+0000] {processor.py:161} INFO - Started process (PID=1336) to work on /opt/airflow/dags/inegi_playwright_dag.py
[2026-05-14T07:25:49.294+0000] {processor.py:830} INFO - Processing file /opt/airflow/dags/inegi_playwright_dag.py for tasks to queue
[2026-05-14T07:25:49.311+0000] {logging_mixin.py:188} INFO - [2026-05-14T07:25:49.310+0000] {dagbag.py:540} INFO - Filling up the DagBag from /opt/airflow/dags/inegi_playwright_dag.py
[2026-05-14T07:25:49.515+0000] {processor.py:840} INFO - DAG(s) 'inegi_playwright' retrieved from /opt/airflow/dags/inegi_playwright_dag.py
[2026-05-14T07:25:49.718+0000] {logging_mixin.py:188} INFO - [2026-05-14T07:25:49.718+0000] {dag.py:3047} INFO - Sync 1 DAGs
[2026-05-14T07:25:49.921+0000] {logging_mixin.py:188} INFO - [2026-05-14T07:25:49.921+0000] {dag.py:3834} INFO - Setting next_dagrun for inegi_playwright to 2026-05-14 00:00:00+00:00, run_after=2026-05-15 00:00:00+00:00
[2026-05-14T07:25:50.254+0000] {processor.py:183} INFO - Processing /opt/airflow/dags/inegi_playwright_dag.py took 1.004 seconds
[2026-05-14T07:26:21.592+0000] {processor.py:161} INFO - Started process (PID=1366) to work on /opt/airflow/dags/inegi_playwright_dag.py
[2026-05-14T07:26:21.612+0000] {processor.py:830} INFO - Processing file /opt/airflow/dags/inegi_playwright_dag.py for tasks to queue
[2026-05-14T07:26:21.626+0000] {logging_mixin.py:188} INFO - [2026-05-14T07:26:21.625+0000] {dagbag.py:540} INFO - Filling up the DagBag from /opt/airflow/dags/inegi_playwright_dag.py
[2026-05-14T07:26:21.870+0000] {processor.py:840} INFO - DAG(s) 'inegi_playwright' retrieved from /opt/airflow/dags/inegi_playwright_dag.py
[2026-05-14T07:26:22.279+0000] {logging_mixin.py:188} INFO - [2026-05-14T07:26:22.278+0000] {dag.py:3047} INFO - Sync 1 DAGs
[2026-05-14T07:26:22.727+0000] {logging_mixin.py:188} INFO - [2026-05-14T07:26:22.727+0000] {dag.py:3834} INFO - Setting next_dagrun for inegi_playwright to 2026-05-14 00:00:00+00:00, run_after=2026-05-15 00:00:00+00:00
[2026-05-14T07:26:23.022+0000] {processor.py:183} INFO - Processing /opt/airflow/dags/inegi_playwright_dag.py took 1.455 seconds
[2026-05-14T07:26:53.940+0000] {processor.py:161} INFO - Started process (PID=1396) to work on /opt/airflow/dags/inegi_playwright_dag.py
[2026-05-14T07:26:53.950+0000] {processor.py:830} INFO - Processing file /opt/airflow/dags/inegi_playwright_dag.py for tasks to queue
[2026-05-14T07:26:53.954+0000] {logging_mixin.py:188} INFO - [2026-05-14T07:26:53.953+0000] {dagbag.py:540} INFO - Filling up the DagBag from /opt/airflow/dags/inegi_playwright_dag.py
[2026-05-14T07:26:54.133+0000] {processor.py:840} INFO - DAG(s) 'inegi_playwright' retrieved from /opt/airflow/dags/inegi_playwright_dag.py
[2026-05-14T07:26:54.371+0000] {logging_mixin.py:188} INFO - [2026-05-14T07:26:54.370+0000] {dag.py:3047} INFO - Sync 1 DAGs
[2026-05-14T07:26:54.498+0000] {logging_mixin.py:188} INFO - [2026-05-14T07:26:54.497+0000] {dag.py:3834} INFO - Setting next_dagrun for inegi_playwright to 2026-05-14 00:00:00+00:00, run_after=2026-05-15 00:00:00+00:00
[2026-05-14T07:26:54.598+0000] {processor.py:183} INFO - Processing /opt/airflow/dags/inegi_playwright_dag.py took 0.685 seconds
[2026-05-14T07:27:25.521+0000] {processor.py:161} INFO - Started process (PID=1426) to work on /opt/airflow/dags/inegi_playwright_dag.py
[2026-05-14T07:27:25.524+0000] {processor.py:830} INFO - Processing file /opt/airflow/dags/inegi_playwright_dag.py for tasks to queue
[2026-05-14T07:27:25.530+0000] {logging_mixin.py:188} INFO - [2026-05-14T07:27:25.528+0000] {dagbag.py:540} INFO - Filling up the DagBag from /opt/airflow/dags/inegi_playwright_dag.py
[2026-05-14T07:27:25.603+0000] {processor.py:840} INFO - DAG(s) 'inegi_playwright' retrieved from /opt/airflow/dags/inegi_playwright_dag.py
[2026-05-14T07:27:25.670+0000] {logging_mixin.py:188} INFO - [2026-05-14T07:27:25.670+0000] {dag.py:3047} INFO - Sync 1 DAGs
[2026-05-14T07:27:25.741+0000] {logging_mixin.py:188} INFO - [2026-05-14T07:27:25.740+0000] {dag.py:3834} INFO - Setting next_dagrun for inegi_playwright to 2026-05-14 00:00:00+00:00, run_after=2026-05-15 00:00:00+00:00
[2026-05-14T07:27:25.786+0000] {processor.py:183} INFO - Processing /opt/airflow/dags/inegi_playwright_dag.py took 0.291 seconds
[2026-05-14T07:27:56.463+0000] {processor.py:161} INFO - Started process (PID=1456) to work on /opt/airflow/dags/inegi_playwright_dag.py
[2026-05-14T07:27:56.467+0000] {processor.py:830} INFO - Processing file /opt/airflow/dags/inegi_playwright_dag.py for tasks to queue
[2026-05-14T07:27:56.470+0000] {logging_mixin.py:188} INFO - [2026-05-14T07:27:56.469+0000] {dagbag.py:540} INFO - Filling up the DagBag from /opt/airflow/dags/inegi_playwright_dag.py
[2026-05-14T07:27:56.534+0000] {processor.py:840} INFO - DAG(s) 'inegi_playwright' retrieved from /opt/airflow/dags/inegi_playwright_dag.py
[2026-05-14T07:27:56.604+0000] {logging_mixin.py:188} INFO - [2026-05-14T07:27:56.603+0000] {dag.py:3047} INFO - Sync 1 DAGs
[2026-05-14T07:27:56.672+0000] {logging_mixin.py:188} INFO - [2026-05-14T07:27:56.671+0000] {dag.py:3834} INFO - Setting next_dagrun for inegi_playwright to 2026-05-14 00:00:00+00:00, run_after=2026-05-15 00:00:00+00:00
[2026-05-14T07:27:56.856+0000] {processor.py:183} INFO - Processing /opt/airflow/dags/inegi_playwright_dag.py took 0.395 seconds
[2026-05-14T07:28:27.650+0000] {processor.py:161} INFO - Started process (PID=1486) to work on /opt/airflow/dags/inegi_playwright_dag.py
[2026-05-14T07:28:27.654+0000] {processor.py:830} INFO - Processing file /opt/airflow/dags/inegi_playwright_dag.py for tasks to queue
[2026-05-14T07:28:27.658+0000] {logging_mixin.py:188} INFO - [2026-05-14T07:28:27.656+0000] {dagbag.py:540} INFO - Filling up the DagBag from /opt/airflow/dags/inegi_playwright_dag.py
[2026-05-14T07:28:27.718+0000] {processor.py:840} INFO - DAG(s) 'inegi_playwright' retrieved from /opt/airflow/dags/inegi_playwright_dag.py
[2026-05-14T07:28:27.785+0000] {logging_mixin.py:188} INFO - [2026-05-14T07:28:27.784+0000] {dag.py:3047} INFO - Sync 1 DAGs
[2026-05-14T07:28:27.850+0000] {logging_mixin.py:188} INFO - [2026-05-14T07:28:27.850+0000] {dag.py:3834} INFO - Setting next_dagrun for inegi_playwright to 2026-05-14 00:00:00+00:00, run_after=2026-05-15 00:00:00+00:00
[2026-05-14T07:28:28.053+0000] {processor.py:183} INFO - Processing /opt/airflow/dags/inegi_playwright_dag.py took 0.415 seconds
[2026-05-14T07:28:59.388+0000] {processor.py:161} INFO - Started process (PID=1516) to work on /opt/airflow/dags/inegi_playwright_dag.py
[2026-05-14T07:28:59.391+0000] {processor.py:830} INFO - Processing file /opt/airflow/dags/inegi_playwright_dag.py for tasks to queue
[2026-05-14T07:28:59.394+0000] {logging_mixin.py:188} INFO - [2026-05-14T07:28:59.394+0000] {dagbag.py:540} INFO - Filling up the DagBag from /opt/airflow/dags/inegi_playwright_dag.py
[2026-05-14T07:28:59.464+0000] {processor.py:840} INFO - DAG(s) 'inegi_playwright' retrieved from /opt/airflow/dags/inegi_playwright_dag.py
[2026-05-14T07:28:59.537+0000] {logging_mixin.py:188} INFO - [2026-05-14T07:28:59.536+0000] {dag.py:3047} INFO - Sync 1 DAGs
[2026-05-14T07:28:59.602+0000] {logging_mixin.py:188} INFO - [2026-05-14T07:28:59.602+0000] {dag.py:3834} INFO - Setting next_dagrun for inegi_playwright to 2026-05-14 00:00:00+00:00, run_after=2026-05-15 00:00:00+00:00
[2026-05-14T07:28:59.653+0000] {processor.py:183} INFO - Processing /opt/airflow/dags/inegi_playwright_dag.py took 0.275 seconds
[2026-05-14T07:29:30.532+0000] {processor.py:161} INFO - Started process (PID=1543) to work on /opt/airflow/dags/inegi_playwright_dag.py
[2026-05-14T07:29:30.544+0000] {processor.py:830} INFO - Processing file /opt/airflow/dags/inegi_playwright_dag.py for tasks to queue
[2026-05-14T07:29:30.563+0000] {logging_mixin.py:188} INFO - [2026-05-14T07:29:30.562+0000] {dagbag.py:540} INFO - Filling up the DagBag from /opt/airflow/dags/inegi_playwright_dag.py
[2026-05-14T07:29:30.787+0000] {processor.py:840} INFO - DAG(s) 'inegi_playwright' retrieved from /opt/airflow/dags/inegi_playwright_dag.py
[2026-05-14T07:29:30.870+0000] {logging_mixin.py:188} INFO - [2026-05-14T07:29:30.870+0000] {dag.py:3047} INFO - Sync 1 DAGs
[2026-05-14T07:29:30.953+0000] {logging_mixin.py:188} INFO - [2026-05-14T07:29:30.952+0000] {dag.py:3834} INFO - Setting next_dagrun for inegi_playwright to 2026-05-14 00:00:00+00:00, run_after=2026-05-15 00:00:00+00:00
[2026-05-14T07:29:31.028+0000] {processor.py:183} INFO - Processing /opt/airflow/dags/inegi_playwright_dag.py took 0.505 seconds
[2026-05-14T07:30:02.485+0000] {processor.py:161} INFO - Started process (PID=1576) to work on /opt/airflow/dags/inegi_playwright_dag.py
[2026-05-14T07:30:02.496+0000] {processor.py:830} INFO - Processing file /opt/airflow/dags/inegi_playwright_dag.py for tasks to queue
[2026-05-14T07:30:02.506+0000] {logging_mixin.py:188} INFO - [2026-05-14T07:30:02.505+0000] {dagbag.py:540} INFO - Filling up the DagBag from /opt/airflow/dags/inegi_playwright_dag.py
[2026-05-14T07:30:02.914+0000] {processor.py:840} INFO - DAG(s) 'inegi_playwright' retrieved from /opt/airflow/dags/inegi_playwright_dag.py
[2026-05-14T07:30:03.315+0000] {logging_mixin.py:188} INFO - [2026-05-14T07:30:03.314+0000] {dag.py:3047} INFO - Sync 1 DAGs
[2026-05-14T07:30:03.623+0000] {logging_mixin.py:188} INFO - [2026-05-14T07:30:03.623+0000] {dag.py:3834} INFO - Setting next_dagrun for inegi_playwright to 2026-05-14 00:00:00+00:00, run_after=2026-05-15 00:00:00+00:00
[2026-05-14T07:30:03.936+0000] {processor.py:183} INFO - Processing /opt/airflow/dags/inegi_playwright_dag.py took 1.466 seconds
[2026-05-14T07:30:38.317+0000] {processor.py:161} INFO - Started process (PID=1606) to work on /opt/airflow/dags/inegi_playwright_dag.py
[2026-05-14T07:30:38.332+0000] {processor.py:830} INFO - Processing file /opt/airflow/dags/inegi_playwright_dag.py for tasks to queue
[2026-05-14T07:30:38.336+0000] {logging_mixin.py:188} INFO - [2026-05-14T07:30:38.335+0000] {dagbag.py:540} INFO - Filling up the DagBag from /opt/airflow/dags/inegi_playwright_dag.py
[2026-05-14T07:30:39.094+0000] {processor.py:840} INFO - DAG(s) 'inegi_playwright' retrieved from /opt/airflow/dags/inegi_playwright_dag.py
[2026-05-14T07:30:39.373+0000] {logging_mixin.py:188} INFO - [2026-05-14T07:30:39.372+0000] {dag.py:3047} INFO - Sync 1 DAGs
[2026-05-14T07:30:39.569+0000] {logging_mixin.py:188} INFO - [2026-05-14T07:30:39.568+0000] {dag.py:3834} INFO - Setting next_dagrun for inegi_playwright to 2026-05-14 00:00:00+00:00, run_after=2026-05-15 00:00:00+00:00
[2026-05-14T07:30:39.748+0000] {processor.py:183} INFO - Processing /opt/airflow/dags/inegi_playwright_dag.py took 1.452 seconds
[2026-05-14T07:31:14.379+0000] {processor.py:161} INFO - Started process (PID=1636) to work on /opt/airflow/dags/inegi_playwright_dag.py
[2026-05-14T07:31:14.410+0000] {processor.py:830} INFO - Processing file /opt/airflow/dags/inegi_playwright_dag.py for tasks to queue
[2026-05-14T07:31:14.428+0000] {logging_mixin.py:188} INFO - [2026-05-14T07:31:14.427+0000] {dagbag.py:540} INFO - Filling up the DagBag from /opt/airflow/dags/inegi_playwright_dag.py
[2026-05-14T07:31:17.057+0000] {processor.py:840} INFO - DAG(s) 'inegi_playwright' retrieved from /opt/airflow/dags/inegi_playwright_dag.py
[2026-05-14T07:31:17.375+0000] {logging_mixin.py:188} INFO - [2026-05-14T07:31:17.374+0000] {dag.py:3047} INFO - Sync 1 DAGs
[2026-05-14T07:31:17.781+0000] {logging_mixin.py:188} INFO - [2026-05-14T07:31:17.780+0000] {dag.py:3834} INFO - Setting next_dagrun for inegi_playwright to 2026-05-14 00:00:00+00:00, run_after=2026-05-15 00:00:00+00:00
[2026-05-14T07:31:18.208+0000] {processor.py:183} INFO - Processing /opt/airflow/dags/inegi_playwright_dag.py took 3.849 seconds
[2026-05-14T07:31:51.574+0000] {processor.py:161} INFO - Started process (PID=1666) to work on /opt/airflow/dags/inegi_playwright_dag.py
[2026-05-14T07:31:51.599+0000] {processor.py:830} INFO - Processing file /opt/airflow/dags/inegi_playwright_dag.py for tasks to queue
[2026-05-14T07:31:51.604+0000] {logging_mixin.py:188} INFO - [2026-05-14T07:31:51.603+0000] {dagbag.py:540} INFO - Filling up the DagBag from /opt/airflow/dags/inegi_playwright_dag.py
[2026-05-14T07:31:52.588+0000] {processor.py:840} INFO - DAG(s) 'inegi_playwright' retrieved from /opt/airflow/dags/inegi_playwright_dag.py
[2026-05-14T07:31:52.909+0000] {logging_mixin.py:188} INFO - [2026-05-14T07:31:52.908+0000] {dag.py:3047} INFO - Sync 1 DAGs
[2026-05-14T07:31:53.138+0000] {logging_mixin.py:188} INFO - [2026-05-14T07:31:53.137+0000] {dag.py:3834} INFO - Setting next_dagrun for inegi_playwright to 2026-05-14 00:00:00+00:00, run_after=2026-05-15 00:00:00+00:00
[2026-05-14T07:31:53.351+0000] {processor.py:183} INFO - Processing /opt/airflow/dags/inegi_playwright_dag.py took 1.798 seconds
[2026-05-14T07:32:26.405+0000] {processor.py:161} INFO - Started process (PID=1696) to work on /opt/airflow/dags/inegi_playwright_dag.py
[2026-05-14T07:32:26.436+0000] {processor.py:830} INFO - Processing file /opt/airflow/dags/inegi_playwright_dag.py for tasks to queue
[2026-05-14T07:32:26.473+0000] {logging_mixin.py:188} INFO - [2026-05-14T07:32:26.472+0000] {dagbag.py:540} INFO - Filling up the DagBag from /opt/airflow/dags/inegi_playwright_dag.py
[2026-05-14T07:32:27.741+0000] {processor.py:840} INFO - DAG(s) 'inegi_playwright' retrieved from /opt/airflow/dags/inegi_playwright_dag.py
[2026-05-14T07:32:27.939+0000] {logging_mixin.py:188} INFO - [2026-05-14T07:32:27.938+0000] {dag.py:3047} INFO - Sync 1 DAGs
[2026-05-14T07:32:28.127+0000] {logging_mixin.py:188} INFO - [2026-05-14T07:32:28.127+0000] {dag.py:3834} INFO - Setting next_dagrun for inegi_playwright to 2026-05-14 00:00:00+00:00, run_after=2026-05-15 00:00:00+00:00
[2026-05-14T07:32:28.319+0000] {processor.py:183} INFO - Processing /opt/airflow/dags/inegi_playwright_dag.py took 1.945 seconds
[2026-05-14T07:32:58.800+0000] {processor.py:161} INFO - Started process (PID=1728) to work on /opt/airflow/dags/inegi_playwright_dag.py
[2026-05-14T07:32:58.803+0000] {processor.py:830} INFO - Processing file /opt/airflow/dags/inegi_playwright_dag.py for tasks to queue
[2026-05-14T07:32:58.806+0000] {logging_mixin.py:188} INFO - [2026-05-14T07:32:58.805+0000] {dagbag.py:540} INFO - Filling up the DagBag from /opt/airflow/dags/inegi_playwright_dag.py
[2026-05-14T07:32:58.863+0000] {processor.py:840} INFO - DAG(s) 'inegi_playwright' retrieved from /opt/airflow/dags/inegi_playwright_dag.py
[2026-05-14T07:32:58.968+0000] {logging_mixin.py:188} INFO - [2026-05-14T07:32:58.968+0000] {dag.py:3047} INFO - Sync 1 DAGs
[2026-05-14T07:32:59.047+0000] {logging_mixin.py:188} INFO - [2026-05-14T07:32:59.047+0000] {dag.py:3834} INFO - Setting next_dagrun for inegi_playwright to 2026-05-14 00:00:00+00:00, run_after=2026-05-15 00:00:00+00:00
[2026-05-14T07:32:59.169+0000] {processor.py:183} INFO - Processing /opt/airflow/dags/inegi_playwright_dag.py took 0.382 seconds
[2026-05-14T07:33:32.144+0000] {processor.py:161} INFO - Started process (PID=1756) to work on /opt/airflow/dags/inegi_playwright_dag.py
[2026-05-14T07:33:32.162+0000] {processor.py:830} INFO - Processing file /opt/airflow/dags/inegi_playwright_dag.py for tasks to queue
[2026-05-14T07:33:32.190+0000] {logging_mixin.py:188} INFO - [2026-05-14T07:33:32.188+0000] {dagbag.py:540} INFO - Filling up the DagBag from /opt/airflow/dags/inegi_playwright_dag.py
[2026-05-14T07:33:33.123+0000] {processor.py:840} INFO - DAG(s) 'inegi_playwright' retrieved from /opt/airflow/dags/inegi_playwright_dag.py
[2026-05-14T07:33:33.335+0000] {logging_mixin.py:188} INFO - [2026-05-14T07:33:33.335+0000] {dag.py:3047} INFO - Sync 1 DAGs
[2026-05-14T07:33:33.807+0000] {logging_mixin.py:188} INFO - [2026-05-14T07:33:33.807+0000] {dag.py:3834} INFO - Setting next_dagrun for inegi_playwright to 2026-05-14 00:00:00+00:00, run_after=2026-05-15 00:00:00+00:00
[2026-05-14T07:33:34.057+0000] {processor.py:183} INFO - Processing /opt/airflow/dags/inegi_playwright_dag.py took 1.933 seconds
[2026-05-14T07:34:16.111+0000] {processor.py:161} INFO - Started process (PID=1786) to work on /opt/airflow/dags/inegi_playwright_dag.py
[2026-05-14T07:34:16.170+0000] {processor.py:830} INFO - Processing file /opt/airflow/dags/inegi_playwright_dag.py for tasks to queue
[2026-05-14T07:34:16.253+0000] {logging_mixin.py:188} INFO - [2026-05-14T07:34:16.251+0000] {dagbag.py:540} INFO - Filling up the DagBag from /opt/airflow/dags/inegi_playwright_dag.py
[2026-05-14T07:34:17.538+0000] {processor.py:840} INFO - DAG(s) 'inegi_playwright' retrieved from /opt/airflow/dags/inegi_playwright_dag.py
[2026-05-14T07:34:17.913+0000] {logging_mixin.py:188} INFO - [2026-05-14T07:34:17.902+0000] {dag.py:3047} INFO - Sync 1 DAGs
[2026-05-14T07:34:18.174+0000] {logging_mixin.py:188} INFO - [2026-05-14T07:34:18.173+0000] {dag.py:3834} INFO - Setting next_dagrun for inegi_playwright to 2026-05-14 00:00:00+00:00, run_after=2026-05-15 00:00:00+00:00
[2026-05-14T07:34:18.498+0000] {processor.py:183} INFO - Processing /opt/airflow/dags/inegi_playwright_dag.py took 2.419 seconds
[2026-05-14T07:35:13.038+0000] {processor.py:161} INFO - Started process (PID=1818) to work on /opt/airflow/dags/inegi_playwright_dag.py
[2026-05-14T07:35:13.078+0000] {processor.py:830} INFO - Processing file /opt/airflow/dags/inegi_playwright_dag.py for tasks to queue
[2026-05-14T07:35:13.181+0000] {logging_mixin.py:188} INFO - [2026-05-14T07:35:13.180+0000] {dagbag.py:540} INFO - Filling up the DagBag from /opt/airflow/dags/inegi_playwright_dag.py
[2026-05-14T07:35:13.750+0000] {processor.py:840} INFO - DAG(s) 'inegi_playwright' retrieved from /opt/airflow/dags/inegi_playwright_dag.py
[2026-05-14T07:35:14.067+0000] {logging_mixin.py:188} INFO - [2026-05-14T07:35:14.066+0000] {dag.py:3047} INFO - Sync 1 DAGs
[2026-05-14T07:35:14.503+0000] {logging_mixin.py:188} INFO - [2026-05-14T07:35:14.502+0000] {dag.py:3834} INFO - Setting next_dagrun for inegi_playwright to 2026-05-14 00:00:00+00:00, run_after=2026-05-15 00:00:00+00:00
[2026-05-14T07:35:14.754+0000] {processor.py:183} INFO - Processing /opt/airflow/dags/inegi_playwright_dag.py took 1.798 seconds
[2026-05-14T07:35:49.624+0000] {processor.py:161} INFO - Started process (PID=1848) to work on /opt/airflow/dags/inegi_playwright_dag.py
[2026-05-14T07:35:49.676+0000] {processor.py:830} INFO - Processing file /opt/airflow/dags/inegi_playwright_dag.py for tasks to queue
[2026-05-14T07:35:49.699+0000] {logging_mixin.py:188} INFO - [2026-05-14T07:35:49.698+0000] {dagbag.py:540} INFO - Filling up the DagBag from /opt/airflow/dags/inegi_playwright_dag.py
[2026-05-14T07:35:51.965+0000] {processor.py:840} INFO - DAG(s) 'inegi_playwright' retrieved from /opt/airflow/dags/inegi_playwright_dag.py
[2026-05-14T07:35:52.139+0000] {logging_mixin.py:188} INFO - [2026-05-14T07:35:52.138+0000] {dag.py:3047} INFO - Sync 1 DAGs
[2026-05-14T07:35:52.339+0000] {logging_mixin.py:188} INFO - [2026-05-14T07:35:52.327+0000] {dag.py:3834} INFO - Setting next_dagrun for inegi_playwright to 2026-05-14 00:00:00+00:00, run_after=2026-05-15 00:00:00+00:00
[2026-05-14T07:35:52.476+0000] {processor.py:183} INFO - Processing /opt/airflow/dags/inegi_playwright_dag.py took 2.872 seconds
[2026-05-14T07:36:29.585+0000] {processor.py:161} INFO - Started process (PID=1878) to work on /opt/airflow/dags/inegi_playwright_dag.py
[2026-05-14T07:36:29.678+0000] {processor.py:830} INFO - Processing file /opt/airflow/dags/inegi_playwright_dag.py for tasks to queue
[2026-05-14T07:36:29.723+0000] {logging_mixin.py:188} INFO - [2026-05-14T07:36:29.722+0000] {dagbag.py:540} INFO - Filling up the DagBag from /opt/airflow/dags/inegi_playwright_dag.py
[2026-05-14T07:36:31.411+0000] {processor.py:840} INFO - DAG(s) 'inegi_playwright' retrieved from /opt/airflow/dags/inegi_playwright_dag.py
[2026-05-14T07:36:31.646+0000] {logging_mixin.py:188} INFO - [2026-05-14T07:36:31.645+0000] {dag.py:3047} INFO - Sync 1 DAGs
[2026-05-14T07:36:31.989+0000] {logging_mixin.py:188} INFO - [2026-05-14T07:36:31.988+0000] {dag.py:3834} INFO - Setting next_dagrun for inegi_playwright to 2026-05-14 00:00:00+00:00, run_after=2026-05-15 00:00:00+00:00
[2026-05-14T07:36:32.166+0000] {processor.py:183} INFO - Processing /opt/airflow/dags/inegi_playwright_dag.py took 2.608 seconds
[2026-05-14T07:37:15.209+0000] {processor.py:161} INFO - Started process (PID=1908) to work on /opt/airflow/dags/inegi_playwright_dag.py
[2026-05-14T07:37:15.221+0000] {processor.py:830} INFO - Processing file /opt/airflow/dags/inegi_playwright_dag.py for tasks to queue
[2026-05-14T07:37:15.239+0000] {logging_mixin.py:188} INFO - [2026-05-14T07:37:15.238+0000] {dagbag.py:540} INFO - Filling up the DagBag from /opt/airflow/dags/inegi_playwright_dag.py
[2026-05-14T07:37:15.448+0000] {processor.py:840} INFO - DAG(s) 'inegi_playwright' retrieved from /opt/airflow/dags/inegi_playwright_dag.py
[2026-05-14T07:37:15.808+0000] {logging_mixin.py:188} INFO - [2026-05-14T07:37:15.807+0000] {dag.py:3047} INFO - Sync 1 DAGs
[2026-05-14T07:37:16.086+0000] {logging_mixin.py:188} INFO - [2026-05-14T07:37:16.085+0000] {dag.py:3834} INFO - Setting next_dagrun for inegi_playwright to 2026-05-14 00:00:00+00:00, run_after=2026-05-15 00:00:00+00:00
[2026-05-14T07:37:16.372+0000] {processor.py:183} INFO - Processing /opt/airflow/dags/inegi_playwright_dag.py took 1.185 seconds
[2026-05-14T07:37:47.405+0000] {processor.py:161} INFO - Started process (PID=1938) to work on /opt/airflow/dags/inegi_playwright_dag.py
[2026-05-14T07:37:47.444+0000] {processor.py:830} INFO - Processing file /opt/airflow/dags/inegi_playwright_dag.py for tasks to queue
[2026-05-14T07:37:47.490+0000] {logging_mixin.py:188} INFO - [2026-05-14T07:37:47.489+0000] {dagbag.py:540} INFO - Filling up the DagBag from /opt/airflow/dags/inegi_playwright_dag.py
[2026-05-14T07:37:50.229+0000] {processor.py:840} INFO - DAG(s) 'inegi_playwright' retrieved from /opt/airflow/dags/inegi_playwright_dag.py
[2026-05-14T07:37:50.674+0000] {logging_mixin.py:188} INFO - [2026-05-14T07:37:50.674+0000] {dag.py:3047} INFO - Sync 1 DAGs
[2026-05-14T07:37:50.888+0000] {logging_mixin.py:188} INFO - [2026-05-14T07:37:50.887+0000] {dag.py:3834} INFO - Setting next_dagrun for inegi_playwright to 2026-05-14 00:00:00+00:00, run_after=2026-05-15 00:00:00+00:00
[2026-05-14T07:37:51.149+0000] {processor.py:183} INFO - Processing /opt/airflow/dags/inegi_playwright_dag.py took 3.796 seconds
[2026-05-14T07:38:23.193+0000] {processor.py:161} INFO - Started process (PID=1968) to work on /opt/airflow/dags/inegi_playwright_dag.py
[2026-05-14T07:38:23.210+0000] {processor.py:830} INFO - Processing file /opt/airflow/dags/inegi_playwright_dag.py for tasks to queue
[2026-05-14T07:38:23.226+0000] {logging_mixin.py:188} INFO - [2026-05-14T07:38:23.225+0000] {dagbag.py:540} INFO - Filling up the DagBag from /opt/airflow/dags/inegi_playwright_dag.py
[2026-05-14T07:38:23.391+0000] {processor.py:840} INFO - DAG(s) 'inegi_playwright' retrieved from /opt/airflow/dags/inegi_playwright_dag.py
[2026-05-14T07:38:23.552+0000] {logging_mixin.py:188} INFO - [2026-05-14T07:38:23.552+0000] {dag.py:3047} INFO - Sync 1 DAGs
[2026-05-14T07:38:23.663+0000] {logging_mixin.py:188} INFO - [2026-05-14T07:38:23.662+0000] {dag.py:3834} INFO - Setting next_dagrun for inegi_playwright to 2026-05-14 00:00:00+00:00, run_after=2026-05-15 00:00:00+00:00
[2026-05-14T07:38:23.888+0000] {processor.py:183} INFO - Processing /opt/airflow/dags/inegi_playwright_dag.py took 0.746 seconds
[2026-05-14T07:38:57.037+0000] {processor.py:161} INFO - Started process (PID=1998) to work on /opt/airflow/dags/inegi_playwright_dag.py
[2026-05-14T07:38:57.057+0000] {processor.py:830} INFO - Processing file /opt/airflow/dags/inegi_playwright_dag.py for tasks to queue
[2026-05-14T07:38:57.105+0000] {logging_mixin.py:188} INFO - [2026-05-14T07:38:57.104+0000] {dagbag.py:540} INFO - Filling up the DagBag from /opt/airflow/dags/inegi_playwright_dag.py
[2026-05-14T07:38:58.408+0000] {processor.py:840} INFO - DAG(s) 'inegi_playwright' retrieved from /opt/airflow/dags/inegi_playwright_dag.py
[2026-05-14T07:38:58.610+0000] {logging_mixin.py:188} INFO - [2026-05-14T07:38:58.599+0000] {dag.py:3047} INFO - Sync 1 DAGs
[2026-05-14T07:38:58.861+0000] {logging_mixin.py:188} INFO - [2026-05-14T07:38:58.860+0000] {dag.py:3834} INFO - Setting next_dagrun for inegi_playwright to 2026-05-14 00:00:00+00:00, run_after=2026-05-15 00:00:00+00:00
[2026-05-14T07:38:59.024+0000] {processor.py:183} INFO - Processing /opt/airflow/dags/inegi_playwright_dag.py took 2.007 seconds
[2026-05-14T07:39:30.045+0000] {processor.py:161} INFO - Started process (PID=2028) to work on /opt/airflow/dags/inegi_playwright_dag.py
[2026-05-14T07:39:30.049+0000] {processor.py:830} INFO - Processing file /opt/airflow/dags/inegi_playwright_dag.py for tasks to queue
[2026-05-14T07:39:30.052+0000] {logging_mixin.py:188} INFO - [2026-05-14T07:39:30.051+0000] {dagbag.py:540} INFO - Filling up the DagBag from /opt/airflow/dags/inegi_playwright_dag.py
[2026-05-14T07:39:30.162+0000] {processor.py:840} INFO - DAG(s) 'inegi_playwright' retrieved from /opt/airflow/dags/inegi_playwright_dag.py
[2026-05-14T07:39:30.258+0000] {logging_mixin.py:188} INFO - [2026-05-14T07:39:30.258+0000] {dag.py:3047} INFO - Sync 1 DAGs
[2026-05-14T07:39:30.334+0000] {logging_mixin.py:188} INFO - [2026-05-14T07:39:30.334+0000] {dag.py:3834} INFO - Setting next_dagrun for inegi_playwright to 2026-05-14 00:00:00+00:00, run_after=2026-05-15 00:00:00+00:00
[2026-05-14T07:39:30.387+0000] {processor.py:183} INFO - Processing /opt/airflow/dags/inegi_playwright_dag.py took 0.354 seconds
[2026-05-14T07:40:01.265+0000] {processor.py:161} INFO - Started process (PID=2063) to work on /opt/airflow/dags/inegi_playwright_dag.py
[2026-05-14T07:40:01.268+0000] {processor.py:830} INFO - Processing file /opt/airflow/dags/inegi_playwright_dag.py for tasks to queue
[2026-05-14T07:40:01.272+0000] {logging_mixin.py:188} INFO - [2026-05-14T07:40:01.270+0000] {dagbag.py:540} INFO - Filling up the DagBag from /opt/airflow/dags/inegi_playwright_dag.py
[2026-05-14T07:40:01.331+0000] {processor.py:840} INFO - DAG(s) 'inegi_playwright' retrieved from /opt/airflow/dags/inegi_playwright_dag.py
[2026-05-14T07:40:01.408+0000] {logging_mixin.py:188} INFO - [2026-05-14T07:40:01.408+0000] {dag.py:3047} INFO - Sync 1 DAGs
[2026-05-14T07:40:01.602+0000] {logging_mixin.py:188} INFO - [2026-05-14T07:40:01.601+0000] {dag.py:3834} INFO - Setting next_dagrun for inegi_playwright to 2026-05-14 00:00:00+00:00, run_after=2026-05-15 00:00:00+00:00
[2026-05-14T07:40:01.789+0000] {processor.py:183} INFO - Processing /opt/airflow/dags/inegi_playwright_dag.py took 0.534 seconds
[2026-05-14T07:40:32.307+0000] {processor.py:161} INFO - Started process (PID=2093) to work on /opt/airflow/dags/inegi_playwright_dag.py
[2026-05-14T07:40:32.310+0000] {processor.py:830} INFO - Processing file /opt/airflow/dags/inegi_playwright_dag.py for tasks to queue
[2026-05-14T07:40:32.314+0000] {logging_mixin.py:188} INFO - [2026-05-14T07:40:32.313+0000] {dagbag.py:540} INFO - Filling up the DagBag from /opt/airflow/dags/inegi_playwright_dag.py
[2026-05-14T07:40:32.376+0000] {processor.py:840} INFO - DAG(s) 'inegi_playwright' retrieved from /opt/airflow/dags/inegi_playwright_dag.py
[2026-05-14T07:40:32.460+0000] {logging_mixin.py:188} INFO - [2026-05-14T07:40:32.459+0000] {dag.py:3047} INFO - Sync 1 DAGs
[2026-05-14T07:40:32.547+0000] {logging_mixin.py:188} INFO - [2026-05-14T07:40:32.547+0000] {dag.py:3834} INFO - Setting next_dagrun for inegi_playwright to 2026-05-14 00:00:00+00:00, run_after=2026-05-15 00:00:00+00:00
[2026-05-14T07:40:32.605+0000] {processor.py:183} INFO - Processing /opt/airflow/dags/inegi_playwright_dag.py took 0.311 seconds
[2026-05-14T07:41:04.064+0000] {processor.py:161} INFO - Started process (PID=2123) to work on /opt/airflow/dags/inegi_playwright_dag.py
[2026-05-14T07:41:04.079+0000] {processor.py:830} INFO - Processing file /opt/airflow/dags/inegi_playwright_dag.py for tasks to queue
[2026-05-14T07:41:04.088+0000] {logging_mixin.py:188} INFO - [2026-05-14T07:41:04.086+0000] {dagbag.py:540} INFO - Filling up the DagBag from /opt/airflow/dags/inegi_playwright_dag.py
[2026-05-14T07:41:04.190+0000] {processor.py:840} INFO - DAG(s) 'inegi_playwright' retrieved from /opt/airflow/dags/inegi_playwright_dag.py
[2026-05-14T07:41:04.381+0000] {logging_mixin.py:188} INFO - [2026-05-14T07:41:04.380+0000] {dag.py:3047} INFO - Sync 1 DAGs
[2026-05-14T07:41:04.640+0000] {logging_mixin.py:188} INFO - [2026-05-14T07:41:04.639+0000] {dag.py:3834} INFO - Setting next_dagrun for inegi_playwright to 2026-05-14 00:00:00+00:00, run_after=2026-05-15 00:00:00+00:00
[2026-05-14T07:41:04.703+0000] {processor.py:183} INFO - Processing /opt/airflow/dags/inegi_playwright_dag.py took 0.665 seconds
[2026-05-14T07:41:36.098+0000] {processor.py:161} INFO - Started process (PID=2153) to work on /opt/airflow/dags/inegi_playwright_dag.py
[2026-05-14T07:41:36.102+0000] {processor.py:830} INFO - Processing file /opt/airflow/dags/inegi_playwright_dag.py for tasks to queue
[2026-05-14T07:41:36.106+0000] {logging_mixin.py:188} INFO - [2026-05-14T07:41:36.105+0000] {dagbag.py:540} INFO - Filling up the DagBag from /opt/airflow/dags/inegi_playwright_dag.py
[2026-05-14T07:41:36.172+0000] {processor.py:840} INFO - DAG(s) 'inegi_playwright' retrieved from /opt/airflow/dags/inegi_playwright_dag.py
[2026-05-14T07:41:36.252+0000] {logging_mixin.py:188} INFO - [2026-05-14T07:41:36.252+0000] {dag.py:3047} INFO - Sync 1 DAGs
[2026-05-14T07:41:36.322+0000] {logging_mixin.py:188} INFO - [2026-05-14T07:41:36.321+0000] {dag.py:3834} INFO - Setting next_dagrun for inegi_playwright to 2026-05-14 00:00:00+00:00, run_after=2026-05-15 00:00:00+00:00
[2026-05-14T07:41:36.400+0000] {processor.py:183} INFO - Processing /opt/airflow/dags/inegi_playwright_dag.py took 0.314 seconds
[2026-05-14T07:42:09.137+0000] {processor.py:161} INFO - Started process (PID=2183) to work on /opt/airflow/dags/inegi_playwright_dag.py
[2026-05-14T07:42:09.187+0000] {processor.py:830} INFO - Processing file /opt/airflow/dags/inegi_playwright_dag.py for tasks to queue
[2026-05-14T07:42:09.192+0000] {logging_mixin.py:188} INFO - [2026-05-14T07:42:09.191+0000] {dagbag.py:540} INFO - Filling up the DagBag from /opt/airflow/dags/inegi_playwright_dag.py
[2026-05-14T07:42:09.318+0000] {processor.py:840} INFO - DAG(s) 'inegi_playwright' retrieved from /opt/airflow/dags/inegi_playwright_dag.py
[2026-05-14T07:42:09.496+0000] {logging_mixin.py:188} INFO - [2026-05-14T07:42:09.495+0000] {dag.py:3047} INFO - Sync 1 DAGs
[2026-05-14T07:42:09.726+0000] {logging_mixin.py:188} INFO - [2026-05-14T07:42:09.725+0000] {dag.py:3834} INFO - Setting next_dagrun for inegi_playwright to 2026-05-14 00:00:00+00:00, run_after=2026-05-15 00:00:00+00:00
[2026-05-14T07:42:09.969+0000] {processor.py:183} INFO - Processing /opt/airflow/dags/inegi_playwright_dag.py took 0.851 seconds
[2026-05-14T07:42:40.648+0000] {processor.py:161} INFO - Started process (PID=2213) to work on /opt/airflow/dags/inegi_playwright_dag.py
[2026-05-14T07:42:40.656+0000] {processor.py:830} INFO - Processing file /opt/airflow/dags/inegi_playwright_dag.py for tasks to queue
[2026-05-14T07:42:40.660+0000] {logging_mixin.py:188} INFO - [2026-05-14T07:42:40.659+0000] {dagbag.py:540} INFO - Filling up the DagBag from /opt/airflow/dags/inegi_playwright_dag.py
[2026-05-14T07:42:40.736+0000] {processor.py:840} INFO - DAG(s) 'inegi_playwright' retrieved from /opt/airflow/dags/inegi_playwright_dag.py
[2026-05-14T07:42:41.248+0000] {logging_mixin.py:188} INFO - [2026-05-14T07:42:41.247+0000] {dag.py:3047} INFO - Sync 1 DAGs
[2026-05-14T07:42:42.586+0000] {logging_mixin.py:188} INFO - [2026-05-14T07:42:42.586+0000] {dag.py:3834} INFO - Setting next_dagrun for inegi_playwright to 2026-05-14 00:00:00+00:00, run_after=2026-05-15 00:00:00+00:00
[2026-05-14T07:42:42.946+0000] {processor.py:183} INFO - Processing /opt/airflow/dags/inegi_playwright_dag.py took 2.322 seconds
[2026-05-14T07:43:13.935+0000] {processor.py:161} INFO - Started process (PID=2243) to work on /opt/airflow/dags/inegi_playwright_dag.py
[2026-05-14T07:43:13.945+0000] {processor.py:830} INFO - Processing file /opt/airflow/dags/inegi_playwright_dag.py for tasks to queue
[2026-05-14T07:43:13.956+0000] {logging_mixin.py:188} INFO - [2026-05-14T07:43:13.953+0000] {dagbag.py:540} INFO - Filling up the DagBag from /opt/airflow/dags/inegi_playwright_dag.py
[2026-05-14T07:43:19.428+0000] {processor.py:840} INFO - DAG(s) 'inegi_playwright' retrieved from /opt/airflow/dags/inegi_playwright_dag.py
[2026-05-14T07:43:19.663+0000] {logging_mixin.py:188} INFO - [2026-05-14T07:43:19.662+0000] {dag.py:3047} INFO - Sync 1 DAGs
[2026-05-14T07:43:19.874+0000] {logging_mixin.py:188} INFO - [2026-05-14T07:43:19.873+0000] {dag.py:3834} INFO - Setting next_dagrun for inegi_playwright to 2026-05-14 00:00:00+00:00, run_after=2026-05-15 00:00:00+00:00
[2026-05-14T07:43:21.142+0000] {processor.py:183} INFO - Processing /opt/airflow/dags/inegi_playwright_dag.py took 7.235 seconds
[2026-05-14T07:43:53.770+0000] {processor.py:161} INFO - Started process (PID=2273) to work on /opt/airflow/dags/inegi_playwright_dag.py
[2026-05-14T07:43:53.806+0000] {processor.py:830} INFO - Processing file /opt/airflow/dags/inegi_playwright_dag.py for tasks to queue
[2026-05-14T07:43:53.823+0000] {logging_mixin.py:188} INFO - [2026-05-14T07:43:53.822+0000] {dagbag.py:540} INFO - Filling up the DagBag from /opt/airflow/dags/inegi_playwright_dag.py
[2026-05-14T07:43:54.112+0000] {processor.py:840} INFO - DAG(s) 'inegi_playwright' retrieved from /opt/airflow/dags/inegi_playwright_dag.py
[2026-05-14T07:43:54.312+0000] {logging_mixin.py:188} INFO - [2026-05-14T07:43:54.312+0000] {dag.py:3047} INFO - Sync 1 DAGs
[2026-05-14T07:43:54.605+0000] {logging_mixin.py:188} INFO - [2026-05-14T07:43:54.588+0000] {dag.py:3834} INFO - Setting next_dagrun for inegi_playwright to 2026-05-14 00:00:00+00:00, run_after=2026-05-15 00:00:00+00:00
[2026-05-14T07:43:54.717+0000] {processor.py:183} INFO - Processing /opt/airflow/dags/inegi_playwright_dag.py took 0.980 seconds
[2026-05-14T07:44:33.593+0000] {processor.py:161} INFO - Started process (PID=72) to work on /opt/airflow/dags/inegi_playwright_dag.py
[2026-05-14T07:44:33.613+0000] {processor.py:830} INFO - Processing file /opt/airflow/dags/inegi_playwright_dag.py for tasks to queue
[2026-05-14T07:44:33.633+0000] {logging_mixin.py:188} INFO - [2026-05-14T07:44:33.632+0000] {dagbag.py:540} INFO - Filling up the DagBag from /opt/airflow/dags/inegi_playwright_dag.py
[2026-05-14T07:44:33.915+0000] {processor.py:840} INFO - DAG(s) 'inegi_playwright' retrieved from /opt/airflow/dags/inegi_playwright_dag.py
[2026-05-14T07:44:34.073+0000] {logging_mixin.py:188} INFO - [2026-05-14T07:44:34.072+0000] {dag.py:3047} INFO - Sync 1 DAGs
[2026-05-14T07:44:34.234+0000] {logging_mixin.py:188} INFO - [2026-05-14T07:44:34.233+0000] {dag.py:3834} INFO - Setting next_dagrun for inegi_playwright to 2026-05-14 00:00:00+00:00, run_after=2026-05-15 00:00:00+00:00
[2026-05-14T07:44:34.298+0000] {processor.py:183} INFO - Processing /opt/airflow/dags/inegi_playwright_dag.py took 0.744 seconds
[2026-05-14T07:45:04.785+0000] {processor.py:161} INFO - Started process (PID=102) to work on /opt/airflow/dags/inegi_playwright_dag.py
[2026-05-14T07:45:04.801+0000] {processor.py:830} INFO - Processing file /opt/airflow/dags/inegi_playwright_dag.py for tasks to queue
[2026-05-14T07:45:04.813+0000] {logging_mixin.py:188} INFO - [2026-05-14T07:45:04.806+0000] {dagbag.py:540} INFO - Filling up the DagBag from /opt/airflow/dags/inegi_playwright_dag.py
[2026-05-14T07:45:04.955+0000] {processor.py:840} INFO - DAG(s) 'inegi_playwright' retrieved from /opt/airflow/dags/inegi_playwright_dag.py
[2026-05-14T07:45:05.181+0000] {logging_mixin.py:188} INFO - [2026-05-14T07:45:05.180+0000] {dag.py:3047} INFO - Sync 1 DAGs
[2026-05-14T07:45:05.496+0000] {logging_mixin.py:188} INFO - [2026-05-14T07:45:05.495+0000] {dag.py:3834} INFO - Setting next_dagrun for inegi_playwright to 2026-05-14 00:00:00+00:00, run_after=2026-05-15 00:00:00+00:00
[2026-05-14T07:45:05.730+0000] {processor.py:183} INFO - Processing /opt/airflow/dags/inegi_playwright_dag.py took 0.979 seconds
[2026-05-14T07:45:36.078+0000] {processor.py:161} INFO - Started process (PID=132) to work on /opt/airflow/dags/inegi_playwright_dag.py
[2026-05-14T07:45:36.084+0000] {processor.py:830} INFO - Processing file /opt/airflow/dags/inegi_playwright_dag.py for tasks to queue
[2026-05-14T07:45:36.087+0000] {logging_mixin.py:188} INFO - [2026-05-14T07:45:36.086+0000] {dagbag.py:540} INFO - Filling up the DagBag from /opt/airflow/dags/inegi_playwright_dag.py
[2026-05-14T07:45:36.322+0000] {processor.py:840} INFO - DAG(s) 'inegi_playwright' retrieved from /opt/airflow/dags/inegi_playwright_dag.py
[2026-05-14T07:45:36.800+0000] {logging_mixin.py:188} INFO - [2026-05-14T07:45:36.799+0000] {dag.py:3047} INFO - Sync 1 DAGs
[2026-05-14T07:45:37.041+0000] {logging_mixin.py:188} INFO - [2026-05-14T07:45:37.040+0000] {dag.py:3834} INFO - Setting next_dagrun for inegi_playwright to 2026-05-14 00:00:00+00:00, run_after=2026-05-15 00:00:00+00:00
[2026-05-14T07:45:37.211+0000] {processor.py:183} INFO - Processing /opt/airflow/dags/inegi_playwright_dag.py took 1.148 seconds
[2026-05-14T07:46:07.864+0000] {processor.py:161} INFO - Started process (PID=162) to work on /opt/airflow/dags/inegi_playwright_dag.py
[2026-05-14T07:46:07.871+0000] {processor.py:830} INFO - Processing file /opt/airflow/dags/inegi_playwright_dag.py for tasks to queue
[2026-05-14T07:46:07.875+0000] {logging_mixin.py:188} INFO - [2026-05-14T07:46:07.874+0000] {dagbag.py:540} INFO - Filling up the DagBag from /opt/airflow/dags/inegi_playwright_dag.py
[2026-05-14T07:46:08.040+0000] {processor.py:840} INFO - DAG(s) 'inegi_playwright' retrieved from /opt/airflow/dags/inegi_playwright_dag.py
[2026-05-14T07:46:08.223+0000] {logging_mixin.py:188} INFO - [2026-05-14T07:46:08.222+0000] {dag.py:3047} INFO - Sync 1 DAGs
[2026-05-14T07:46:08.401+0000] {logging_mixin.py:188} INFO - [2026-05-14T07:46:08.400+0000] {dag.py:3834} INFO - Setting next_dagrun for inegi_playwright to 2026-05-14 00:00:00+00:00, run_after=2026-05-15 00:00:00+00:00
[2026-05-14T07:46:08.558+0000] {processor.py:183} INFO - Processing /opt/airflow/dags/inegi_playwright_dag.py took 0.721 seconds
[2026-05-14T07:46:38.822+0000] {processor.py:161} INFO - Started process (PID=189) to work on /opt/airflow/dags/inegi_playwright_dag.py
[2026-05-14T07:46:38.825+0000] {processor.py:830} INFO - Processing file /opt/airflow/dags/inegi_playwright_dag.py for tasks to queue
[2026-05-14T07:46:38.828+0000] {logging_mixin.py:188} INFO - [2026-05-14T07:46:38.827+0000] {dagbag.py:540} INFO - Filling up the DagBag from /opt/airflow/dags/inegi_playwright_dag.py
[2026-05-14T07:46:38.881+0000] {processor.py:840} INFO - DAG(s) 'inegi_playwright' retrieved from /opt/airflow/dags/inegi_playwright_dag.py
[2026-05-14T07:46:38.976+0000] {logging_mixin.py:188} INFO - [2026-05-14T07:46:38.976+0000] {dag.py:3047} INFO - Sync 1 DAGs
[2026-05-14T07:46:39.058+0000] {logging_mixin.py:188} INFO - [2026-05-14T07:46:39.056+0000] {dag.py:3834} INFO - Setting next_dagrun for inegi_playwright to 2026-05-14 00:00:00+00:00, run_after=2026-05-15 00:00:00+00:00
[2026-05-14T07:46:39.182+0000] {processor.py:183} INFO - Processing /opt/airflow/dags/inegi_playwright_dag.py took 0.371 seconds
[2026-05-14T07:47:09.592+0000] {processor.py:161} INFO - Started process (PID=219) to work on /opt/airflow/dags/inegi_playwright_dag.py
[2026-05-14T07:47:09.597+0000] {processor.py:830} INFO - Processing file /opt/airflow/dags/inegi_playwright_dag.py for tasks to queue
[2026-05-14T07:47:09.605+0000] {logging_mixin.py:188} INFO - [2026-05-14T07:47:09.599+0000] {dagbag.py:540} INFO - Filling up the DagBag from /opt/airflow/dags/inegi_playwright_dag.py
[2026-05-14T07:47:09.745+0000] {processor.py:840} INFO - DAG(s) 'inegi_playwright' retrieved from /opt/airflow/dags/inegi_playwright_dag.py
[2026-05-14T07:47:10.002+0000] {logging_mixin.py:188} INFO - [2026-05-14T07:47:09.989+0000] {dag.py:3047} INFO - Sync 1 DAGs
[2026-05-14T07:47:10.251+0000] {logging_mixin.py:188} INFO - [2026-05-14T07:47:10.250+0000] {dag.py:3834} INFO - Setting next_dagrun for inegi_playwright to 2026-05-14 00:00:00+00:00, run_after=2026-05-15 00:00:00+00:00
[2026-05-14T07:47:10.457+0000] {processor.py:183} INFO - Processing /opt/airflow/dags/inegi_playwright_dag.py took 0.880 seconds
[2026-05-14T07:47:41.270+0000] {processor.py:161} INFO - Started process (PID=249) to work on /opt/airflow/dags/inegi_playwright_dag.py
[2026-05-14T07:47:41.273+0000] {processor.py:830} INFO - Processing file /opt/airflow/dags/inegi_playwright_dag.py for tasks to queue
[2026-05-14T07:47:41.276+0000] {logging_mixin.py:188} INFO - [2026-05-14T07:47:41.276+0000] {dagbag.py:540} INFO - Filling up the DagBag from /opt/airflow/dags/inegi_playwright_dag.py
[2026-05-14T07:47:41.383+0000] {processor.py:840} INFO - DAG(s) 'inegi_playwright' retrieved from /opt/airflow/dags/inegi_playwright_dag.py
[2026-05-14T07:47:41.655+0000] {logging_mixin.py:188} INFO - [2026-05-14T07:47:41.655+0000] {dag.py:3047} INFO - Sync 1 DAGs
[2026-05-14T07:47:41.832+0000] {logging_mixin.py:188} INFO - [2026-05-14T07:47:41.831+0000] {dag.py:3834} INFO - Setting next_dagrun for inegi_playwright to 2026-05-14 00:00:00+00:00, run_after=2026-05-15 00:00:00+00:00
[2026-05-14T07:47:41.979+0000] {processor.py:183} INFO - Processing /opt/airflow/dags/inegi_playwright_dag.py took 0.719 seconds
[2026-05-14T07:48:12.511+0000] {processor.py:161} INFO - Started process (PID=279) to work on /opt/airflow/dags/inegi_playwright_dag.py
[2026-05-14T07:48:12.514+0000] {processor.py:830} INFO - Processing file /opt/airflow/dags/inegi_playwright_dag.py for tasks to queue
[2026-05-14T07:48:12.518+0000] {logging_mixin.py:188} INFO - [2026-05-14T07:48:12.517+0000] {dagbag.py:540} INFO - Filling up the DagBag from /opt/airflow/dags/inegi_playwright_dag.py
[2026-05-14T07:48:12.578+0000] {processor.py:840} INFO - DAG(s) 'inegi_playwright' retrieved from /opt/airflow/dags/inegi_playwright_dag.py
[2026-05-14T07:48:12.726+0000] {logging_mixin.py:188} INFO - [2026-05-14T07:48:12.725+0000] {dag.py:3047} INFO - Sync 1 DAGs
[2026-05-14T07:48:12.790+0000] {logging_mixin.py:188} INFO - [2026-05-14T07:48:12.789+0000] {dag.py:3834} INFO - Setting next_dagrun for inegi_playwright to 2026-05-14 00:00:00+00:00, run_after=2026-05-15 00:00:00+00:00
[2026-05-14T07:48:12.840+0000] {processor.py:183} INFO - Processing /opt/airflow/dags/inegi_playwright_dag.py took 0.341 seconds
[2026-05-14T07:48:43.614+0000] {processor.py:161} INFO - Started process (PID=309) to work on /opt/airflow/dags/inegi_playwright_dag.py
[2026-05-14T07:48:43.617+0000] {processor.py:830} INFO - Processing file /opt/airflow/dags/inegi_playwright_dag.py for tasks to queue
[2026-05-14T07:48:43.620+0000] {logging_mixin.py:188} INFO - [2026-05-14T07:48:43.619+0000] {dagbag.py:540} INFO - Filling up the DagBag from /opt/airflow/dags/inegi_playwright_dag.py
[2026-05-14T07:48:43.682+0000] {processor.py:840} INFO - DAG(s) 'inegi_playwright' retrieved from /opt/airflow/dags/inegi_playwright_dag.py
[2026-05-14T07:48:43.749+0000] {logging_mixin.py:188} INFO - [2026-05-14T07:48:43.749+0000] {dag.py:3047} INFO - Sync 1 DAGs
[2026-05-14T07:48:43.812+0000] {logging_mixin.py:188} INFO - [2026-05-14T07:48:43.811+0000] {dag.py:3834} INFO - Setting next_dagrun for inegi_playwright to 2026-05-14 00:00:00+00:00, run_after=2026-05-15 00:00:00+00:00
[2026-05-14T07:48:43.865+0000] {processor.py:183} INFO - Processing /opt/airflow/dags/inegi_playwright_dag.py took 0.261 seconds
[2026-05-14T07:49:14.520+0000] {processor.py:161} INFO - Started process (PID=339) to work on /opt/airflow/dags/inegi_playwright_dag.py
[2026-05-14T07:49:14.544+0000] {processor.py:830} INFO - Processing file /opt/airflow/dags/inegi_playwright_dag.py for tasks to queue
[2026-05-14T07:49:14.569+0000] {logging_mixin.py:188} INFO - [2026-05-14T07:49:14.568+0000] {dagbag.py:540} INFO - Filling up the DagBag from /opt/airflow/dags/inegi_playwright_dag.py
[2026-05-14T07:49:14.642+0000] {processor.py:840} INFO - DAG(s) 'inegi_playwright' retrieved from /opt/airflow/dags/inegi_playwright_dag.py
[2026-05-14T07:49:14.714+0000] {logging_mixin.py:188} INFO - [2026-05-14T07:49:14.713+0000] {dag.py:3047} INFO - Sync 1 DAGs
[2026-05-14T07:49:14.776+0000] {logging_mixin.py:188} INFO - [2026-05-14T07:49:14.775+0000] {dag.py:3834} INFO - Setting next_dagrun for inegi_playwright to 2026-05-14 00:00:00+00:00, run_after=2026-05-15 00:00:00+00:00
[2026-05-14T07:49:14.831+0000] {processor.py:183} INFO - Processing /opt/airflow/dags/inegi_playwright_dag.py took 0.321 seconds
[2026-05-14T07:49:45.513+0000] {processor.py:161} INFO - Started process (PID=369) to work on /opt/airflow/dags/inegi_playwright_dag.py
[2026-05-14T07:49:45.535+0000] {processor.py:830} INFO - Processing file /opt/airflow/dags/inegi_playwright_dag.py for tasks to queue
[2026-05-14T07:49:45.549+0000] {logging_mixin.py:188} INFO - [2026-05-14T07:49:45.548+0000] {dagbag.py:540} INFO - Filling up the DagBag from /opt/airflow/dags/inegi_playwright_dag.py
[2026-05-14T07:49:45.715+0000] {processor.py:840} INFO - DAG(s) 'inegi_playwright' retrieved from /opt/airflow/dags/inegi_playwright_dag.py
[2026-05-14T07:49:45.781+0000] {logging_mixin.py:188} INFO - [2026-05-14T07:49:45.779+0000] {dag.py:3047} INFO - Sync 1 DAGs
[2026-05-14T07:49:45.844+0000] {logging_mixin.py:188} INFO - [2026-05-14T07:49:45.843+0000] {dag.py:3834} INFO - Setting next_dagrun for inegi_playwright to 2026-05-14 00:00:00+00:00, run_after=2026-05-15 00:00:00+00:00
[2026-05-14T07:49:45.897+0000] {processor.py:183} INFO - Processing /opt/airflow/dags/inegi_playwright_dag.py took 0.393 seconds
[2026-05-14T07:50:33.821+0000] {processor.py:161} INFO - Started process (PID=71) to work on /opt/airflow/dags/inegi_playwright_dag.py
[2026-05-14T07:50:33.843+0000] {processor.py:830} INFO - Processing file /opt/airflow/dags/inegi_playwright_dag.py for tasks to queue
[2026-05-14T07:50:33.858+0000] {logging_mixin.py:188} INFO - [2026-05-14T07:50:33.857+0000] {dagbag.py:540} INFO - Filling up the DagBag from /opt/airflow/dags/inegi_playwright_dag.py
[2026-05-14T07:50:34.545+0000] {processor.py:840} INFO - DAG(s) 'inegi_playwright' retrieved from /opt/airflow/dags/inegi_playwright_dag.py
[2026-05-14T07:50:34.843+0000] {logging_mixin.py:188} INFO - [2026-05-14T07:50:34.842+0000] {dag.py:3047} INFO - Sync 1 DAGs
[2026-05-14T07:50:35.072+0000] {logging_mixin.py:188} INFO - [2026-05-14T07:50:35.072+0000] {dag.py:3834} INFO - Setting next_dagrun for inegi_playwright to 2026-05-14 00:00:00+00:00, run_after=2026-05-15 00:00:00+00:00
[2026-05-14T07:50:35.290+0000] {processor.py:183} INFO - Processing /opt/airflow/dags/inegi_playwright_dag.py took 1.491 seconds
[2026-05-14T07:51:05.727+0000] {processor.py:161} INFO - Started process (PID=103) to work on /opt/airflow/dags/inegi_playwright_dag.py
[2026-05-14T07:51:05.730+0000] {processor.py:830} INFO - Processing file /opt/airflow/dags/inegi_playwright_dag.py for tasks to queue
[2026-05-14T07:51:05.733+0000] {logging_mixin.py:188} INFO - [2026-05-14T07:51:05.732+0000] {dagbag.py:540} INFO - Filling up the DagBag from /opt/airflow/dags/inegi_playwright_dag.py
[2026-05-14T07:51:05.787+0000] {processor.py:840} INFO - DAG(s) 'inegi_playwright' retrieved from /opt/airflow/dags/inegi_playwright_dag.py
[2026-05-14T07:51:05.853+0000] {logging_mixin.py:188} INFO - [2026-05-14T07:51:05.852+0000] {dag.py:3047} INFO - Sync 1 DAGs
[2026-05-14T07:51:05.919+0000] {logging_mixin.py:188} INFO - [2026-05-14T07:51:05.919+0000] {dag.py:3834} INFO - Setting next_dagrun for inegi_playwright to 2026-05-14 00:00:00+00:00, run_after=2026-05-15 00:00:00+00:00
[2026-05-14T07:51:05.970+0000] {processor.py:183} INFO - Processing /opt/airflow/dags/inegi_playwright_dag.py took 0.253 seconds
[2026-05-14T07:51:37.643+0000] {processor.py:161} INFO - Started process (PID=131) to work on /opt/airflow/dags/inegi_playwright_dag.py
[2026-05-14T07:51:37.655+0000] {processor.py:830} INFO - Processing file /opt/airflow/dags/inegi_playwright_dag.py for tasks to queue
[2026-05-14T07:51:37.658+0000] {logging_mixin.py:188} INFO - [2026-05-14T07:51:37.657+0000] {dagbag.py:540} INFO - Filling up the DagBag from /opt/airflow/dags/inegi_playwright_dag.py
[2026-05-14T07:51:38.025+0000] {processor.py:840} INFO - DAG(s) 'inegi_playwright' retrieved from /opt/airflow/dags/inegi_playwright_dag.py
[2026-05-14T07:51:38.208+0000] {logging_mixin.py:188} INFO - [2026-05-14T07:51:38.207+0000] {dag.py:3047} INFO - Sync 1 DAGs
[2026-05-14T07:51:38.366+0000] {logging_mixin.py:188} INFO - [2026-05-14T07:51:38.366+0000] {dag.py:3834} INFO - Setting next_dagrun for inegi_playwright to 2026-05-14 00:00:00+00:00, run_after=2026-05-15 00:00:00+00:00
[2026-05-14T07:51:38.504+0000] {processor.py:183} INFO - Processing /opt/airflow/dags/inegi_playwright_dag.py took 0.891 seconds
[2026-05-14T07:52:09.794+0000] {processor.py:161} INFO - Started process (PID=161) to work on /opt/airflow/dags/inegi_playwright_dag.py
[2026-05-14T07:52:09.802+0000] {processor.py:830} INFO - Processing file /opt/airflow/dags/inegi_playwright_dag.py for tasks to queue
[2026-05-14T07:52:09.811+0000] {logging_mixin.py:188} INFO - [2026-05-14T07:52:09.810+0000] {dagbag.py:540} INFO - Filling up the DagBag from /opt/airflow/dags/inegi_playwright_dag.py
[2026-05-14T07:52:09.914+0000] {processor.py:840} INFO - DAG(s) 'inegi_playwright' retrieved from /opt/airflow/dags/inegi_playwright_dag.py
[2026-05-14T07:52:10.016+0000] {logging_mixin.py:188} INFO - [2026-05-14T07:52:10.016+0000] {dag.py:3047} INFO - Sync 1 DAGs
[2026-05-14T07:52:10.119+0000] {logging_mixin.py:188} INFO - [2026-05-14T07:52:10.119+0000] {dag.py:3834} INFO - Setting next_dagrun for inegi_playwright to 2026-05-14 00:00:00+00:00, run_after=2026-05-15 00:00:00+00:00
[2026-05-14T07:52:10.207+0000] {processor.py:183} INFO - Processing /opt/airflow/dags/inegi_playwright_dag.py took 0.447 seconds
[2026-05-14T07:53:42.975+0000] {processor.py:161} INFO - Started process (PID=73) to work on /opt/airflow/dags/inegi_playwright_dag.py
[2026-05-14T07:53:42.981+0000] {processor.py:830} INFO - Processing file /opt/airflow/dags/inegi_playwright_dag.py for tasks to queue
[2026-05-14T07:53:42.985+0000] {logging_mixin.py:188} INFO - [2026-05-14T07:53:42.984+0000] {dagbag.py:540} INFO - Filling up the DagBag from /opt/airflow/dags/inegi_playwright_dag.py
[2026-05-14T07:53:43.182+0000] {processor.py:840} INFO - DAG(s) 'inegi_playwright' retrieved from /opt/airflow/dags/inegi_playwright_dag.py
[2026-05-14T07:53:43.352+0000] {logging_mixin.py:188} INFO - [2026-05-14T07:53:43.352+0000] {dag.py:3047} INFO - Sync 1 DAGs
[2026-05-14T07:53:43.555+0000] {logging_mixin.py:188} INFO - [2026-05-14T07:53:43.554+0000] {dag.py:3834} INFO - Setting next_dagrun for inegi_playwright to 2026-05-14 00:00:00+00:00, run_after=2026-05-15 00:00:00+00:00
[2026-05-14T07:53:44.452+0000] {processor.py:183} INFO - Processing /opt/airflow/dags/inegi_playwright_dag.py took 1.488 seconds
[2026-05-14T07:54:14.771+0000] {processor.py:161} INFO - Started process (PID=105) to work on /opt/airflow/dags/inegi_playwright_dag.py
[2026-05-14T07:54:14.775+0000] {processor.py:830} INFO - Processing file /opt/airflow/dags/inegi_playwright_dag.py for tasks to queue
[2026-05-14T07:54:14.779+0000] {logging_mixin.py:188} INFO - [2026-05-14T07:54:14.778+0000] {dagbag.py:540} INFO - Filling up the DagBag from /opt/airflow/dags/inegi_playwright_dag.py
[2026-05-14T07:54:14.840+0000] {processor.py:840} INFO - DAG(s) 'inegi_playwright' retrieved from /opt/airflow/dags/inegi_playwright_dag.py
[2026-05-14T07:54:14.951+0000] {logging_mixin.py:188} INFO - [2026-05-14T07:54:14.951+0000] {dag.py:3047} INFO - Sync 1 DAGs
[2026-05-14T07:54:15.026+0000] {logging_mixin.py:188} INFO - [2026-05-14T07:54:15.026+0000] {dag.py:3834} INFO - Setting next_dagrun for inegi_playwright to 2026-05-14 00:00:00+00:00, run_after=2026-05-15 00:00:00+00:00
[2026-05-14T07:54:15.089+0000] {processor.py:183} INFO - Processing /opt/airflow/dags/inegi_playwright_dag.py took 0.330 seconds
[2026-05-14T07:54:45.711+0000] {processor.py:161} INFO - Started process (PID=133) to work on /opt/airflow/dags/inegi_playwright_dag.py
[2026-05-14T07:54:45.721+0000] {processor.py:830} INFO - Processing file /opt/airflow/dags/inegi_playwright_dag.py for tasks to queue
[2026-05-14T07:54:45.743+0000] {logging_mixin.py:188} INFO - [2026-05-14T07:54:45.738+0000] {dagbag.py:540} INFO - Filling up the DagBag from /opt/airflow/dags/inegi_playwright_dag.py
[2026-05-14T07:54:45.945+0000] {processor.py:840} INFO - DAG(s) 'inegi_playwright' retrieved from /opt/airflow/dags/inegi_playwright_dag.py
[2026-05-14T07:54:46.165+0000] {logging_mixin.py:188} INFO - [2026-05-14T07:54:46.164+0000] {dag.py:3047} INFO - Sync 1 DAGs
[2026-05-14T07:54:46.547+0000] {logging_mixin.py:188} INFO - [2026-05-14T07:54:46.547+0000] {dag.py:3834} INFO - Setting next_dagrun for inegi_playwright to 2026-05-14 00:00:00+00:00, run_after=2026-05-15 00:00:00+00:00
[2026-05-14T07:54:46.765+0000] {processor.py:183} INFO - Processing /opt/airflow/dags/inegi_playwright_dag.py took 1.098 seconds
[2026-05-14T07:55:17.775+0000] {processor.py:161} INFO - Started process (PID=163) to work on /opt/airflow/dags/inegi_playwright_dag.py
[2026-05-14T07:55:17.779+0000] {processor.py:830} INFO - Processing file /opt/airflow/dags/inegi_playwright_dag.py for tasks to queue
[2026-05-14T07:55:17.786+0000] {logging_mixin.py:188} INFO - [2026-05-14T07:55:17.785+0000] {dagbag.py:540} INFO - Filling up the DagBag from /opt/airflow/dags/inegi_playwright_dag.py
[2026-05-14T07:55:17.848+0000] {processor.py:840} INFO - DAG(s) 'inegi_playwright' retrieved from /opt/airflow/dags/inegi_playwright_dag.py
[2026-05-14T07:55:17.934+0000] {logging_mixin.py:188} INFO - [2026-05-14T07:55:17.933+0000] {dag.py:3047} INFO - Sync 1 DAGs
[2026-05-14T07:55:18.005+0000] {logging_mixin.py:188} INFO - [2026-05-14T07:55:18.004+0000] {dag.py:3834} INFO - Setting next_dagrun for inegi_playwright to 2026-05-14 00:00:00+00:00, run_after=2026-05-15 00:00:00+00:00
[2026-05-14T07:55:18.081+0000] {processor.py:183} INFO - Processing /opt/airflow/dags/inegi_playwright_dag.py took 0.317 seconds
[2026-05-14T07:55:48.985+0000] {processor.py:161} INFO - Started process (PID=193) to work on /opt/airflow/dags/inegi_playwright_dag.py
[2026-05-14T07:55:48.990+0000] {processor.py:830} INFO - Processing file /opt/airflow/dags/inegi_playwright_dag.py for tasks to queue
[2026-05-14T07:55:48.994+0000] {logging_mixin.py:188} INFO - [2026-05-14T07:55:48.992+0000] {dagbag.py:540} INFO - Filling up the DagBag from /opt/airflow/dags/inegi_playwright_dag.py
[2026-05-14T07:55:49.074+0000] {processor.py:840} INFO - DAG(s) 'inegi_playwright' retrieved from /opt/airflow/dags/inegi_playwright_dag.py
[2026-05-14T07:55:49.166+0000] {logging_mixin.py:188} INFO - [2026-05-14T07:55:49.164+0000] {dag.py:3047} INFO - Sync 1 DAGs
[2026-05-14T07:55:49.245+0000] {logging_mixin.py:188} INFO - [2026-05-14T07:55:49.245+0000] {dag.py:3834} INFO - Setting next_dagrun for inegi_playwright to 2026-05-14 00:00:00+00:00, run_after=2026-05-15 00:00:00+00:00
[2026-05-14T07:55:49.314+0000] {processor.py:183} INFO - Processing /opt/airflow/dags/inegi_playwright_dag.py took 0.346 seconds
[2026-05-14T07:56:20.133+0000] {processor.py:161} INFO - Started process (PID=223) to work on /opt/airflow/dags/inegi_playwright_dag.py
[2026-05-14T07:56:20.138+0000] {processor.py:830} INFO - Processing file /opt/airflow/dags/inegi_playwright_dag.py for tasks to queue
[2026-05-14T07:56:20.143+0000] {logging_mixin.py:188} INFO - [2026-05-14T07:56:20.141+0000] {dagbag.py:540} INFO - Filling up the DagBag from /opt/airflow/dags/inegi_playwright_dag.py
[2026-05-14T07:56:20.205+0000] {processor.py:840} INFO - DAG(s) 'inegi_playwright' retrieved from /opt/airflow/dags/inegi_playwright_dag.py
[2026-05-14T07:56:20.292+0000] {logging_mixin.py:188} INFO - [2026-05-14T07:56:20.292+0000] {dag.py:3047} INFO - Sync 1 DAGs
[2026-05-14T07:56:20.379+0000] {logging_mixin.py:188} INFO - [2026-05-14T07:56:20.378+0000] {dag.py:3834} INFO - Setting next_dagrun for inegi_playwright to 2026-05-14 00:00:00+00:00, run_after=2026-05-15 00:00:00+00:00
[2026-05-14T07:56:20.450+0000] {processor.py:183} INFO - Processing /opt/airflow/dags/inegi_playwright_dag.py took 0.331 seconds
[2026-05-14T07:56:55.926+0000] {processor.py:161} INFO - Started process (PID=255) to work on /opt/airflow/dags/inegi_playwright_dag.py
[2026-05-14T07:56:55.987+0000] {processor.py:830} INFO - Processing file /opt/airflow/dags/inegi_playwright_dag.py for tasks to queue
[2026-05-14T07:56:56.151+0000] {logging_mixin.py:188} INFO - [2026-05-14T07:56:56.149+0000] {dagbag.py:540} INFO - Filling up the DagBag from /opt/airflow/dags/inegi_playwright_dag.py
[2026-05-14T07:56:56.779+0000] {processor.py:840} INFO - DAG(s) 'inegi_playwright' retrieved from /opt/airflow/dags/inegi_playwright_dag.py
[2026-05-14T07:56:57.099+0000] {logging_mixin.py:188} INFO - [2026-05-14T07:56:57.087+0000] {dag.py:3047} INFO - Sync 1 DAGs
[2026-05-14T07:56:57.328+0000] {logging_mixin.py:188} INFO - [2026-05-14T07:56:57.328+0000] {dag.py:3834} INFO - Setting next_dagrun for inegi_playwright to 2026-05-14 00:00:00+00:00, run_after=2026-05-15 00:00:00+00:00
[2026-05-14T07:56:57.613+0000] {processor.py:183} INFO - Processing /opt/airflow/dags/inegi_playwright_dag.py took 1.698 seconds
[2026-05-14T07:57:29.911+0000] {processor.py:161} INFO - Started process (PID=285) to work on /opt/airflow/dags/inegi_playwright_dag.py
[2026-05-14T07:57:29.916+0000] {processor.py:830} INFO - Processing file /opt/airflow/dags/inegi_playwright_dag.py for tasks to queue
[2026-05-14T07:57:29.945+0000] {logging_mixin.py:188} INFO - [2026-05-14T07:57:29.944+0000] {dagbag.py:540} INFO - Filling up the DagBag from /opt/airflow/dags/inegi_playwright_dag.py
[2026-05-14T07:57:30.410+0000] {processor.py:840} INFO - DAG(s) 'inegi_playwright' retrieved from /opt/airflow/dags/inegi_playwright_dag.py
[2026-05-14T07:57:30.512+0000] {logging_mixin.py:188} INFO - [2026-05-14T07:57:30.512+0000] {dag.py:3047} INFO - Sync 1 DAGs
[2026-05-14T07:57:30.592+0000] {logging_mixin.py:188} INFO - [2026-05-14T07:57:30.591+0000] {dag.py:3834} INFO - Setting next_dagrun for inegi_playwright to 2026-05-14 00:00:00+00:00, run_after=2026-05-15 00:00:00+00:00
[2026-05-14T07:57:30.674+0000] {processor.py:183} INFO - Processing /opt/airflow/dags/inegi_playwright_dag.py took 0.788 seconds
[2026-05-14T07:58:00.922+0000] {processor.py:161} INFO - Started process (PID=315) to work on /opt/airflow/dags/inegi_playwright_dag.py
[2026-05-14T07:58:00.926+0000] {processor.py:830} INFO - Processing file /opt/airflow/dags/inegi_playwright_dag.py for tasks to queue
[2026-05-14T07:58:00.933+0000] {logging_mixin.py:188} INFO - [2026-05-14T07:58:00.932+0000] {dagbag.py:540} INFO - Filling up the DagBag from /opt/airflow/dags/inegi_playwright_dag.py
[2026-05-14T07:58:00.999+0000] {processor.py:840} INFO - DAG(s) 'inegi_playwright' retrieved from /opt/airflow/dags/inegi_playwright_dag.py
[2026-05-14T07:58:01.070+0000] {logging_mixin.py:188} INFO - [2026-05-14T07:58:01.070+0000] {dag.py:3047} INFO - Sync 1 DAGs
[2026-05-14T07:58:01.135+0000] {logging_mixin.py:188} INFO - [2026-05-14T07:58:01.134+0000] {dag.py:3834} INFO - Setting next_dagrun for inegi_playwright to 2026-05-14 00:00:00+00:00, run_after=2026-05-15 00:00:00+00:00
[2026-05-14T07:58:01.192+0000] {processor.py:183} INFO - Processing /opt/airflow/dags/inegi_playwright_dag.py took 0.289 seconds
[2026-05-14T07:58:31.783+0000] {processor.py:161} INFO - Started process (PID=345) to work on /opt/airflow/dags/inegi_playwright_dag.py
[2026-05-14T07:58:31.798+0000] {processor.py:830} INFO - Processing file /opt/airflow/dags/inegi_playwright_dag.py for tasks to queue
[2026-05-14T07:58:31.812+0000] {logging_mixin.py:188} INFO - [2026-05-14T07:58:31.811+0000] {dagbag.py:540} INFO - Filling up the DagBag from /opt/airflow/dags/inegi_playwright_dag.py
[2026-05-14T07:58:31.960+0000] {processor.py:840} INFO - DAG(s) 'inegi_playwright' retrieved from /opt/airflow/dags/inegi_playwright_dag.py
[2026-05-14T07:58:32.121+0000] {logging_mixin.py:188} INFO - [2026-05-14T07:58:32.120+0000] {dag.py:3047} INFO - Sync 1 DAGs
[2026-05-14T07:58:32.223+0000] {logging_mixin.py:188} INFO - [2026-05-14T07:58:32.222+0000] {dag.py:3834} INFO - Setting next_dagrun for inegi_playwright to 2026-05-14 00:00:00+00:00, run_after=2026-05-15 00:00:00+00:00
[2026-05-14T07:58:32.372+0000] {processor.py:183} INFO - Processing /opt/airflow/dags/inegi_playwright_dag.py took 0.637 seconds
[2026-05-14T07:59:03.033+0000] {processor.py:161} INFO - Started process (PID=375) to work on /opt/airflow/dags/inegi_playwright_dag.py
[2026-05-14T07:59:03.037+0000] {processor.py:830} INFO - Processing file /opt/airflow/dags/inegi_playwright_dag.py for tasks to queue
[2026-05-14T07:59:03.040+0000] {logging_mixin.py:188} INFO - [2026-05-14T07:59:03.039+0000] {dagbag.py:540} INFO - Filling up the DagBag from /opt/airflow/dags/inegi_playwright_dag.py
[2026-05-14T07:59:03.094+0000] {processor.py:840} INFO - DAG(s) 'inegi_playwright' retrieved from /opt/airflow/dags/inegi_playwright_dag.py
[2026-05-14T07:59:03.169+0000] {logging_mixin.py:188} INFO - [2026-05-14T07:59:03.168+0000] {dag.py:3047} INFO - Sync 1 DAGs
[2026-05-14T07:59:03.232+0000] {logging_mixin.py:188} INFO - [2026-05-14T07:59:03.232+0000] {dag.py:3834} INFO - Setting next_dagrun for inegi_playwright to 2026-05-14 00:00:00+00:00, run_after=2026-05-15 00:00:00+00:00
[2026-05-14T07:59:03.292+0000] {processor.py:183} INFO - Processing /opt/airflow/dags/inegi_playwright_dag.py took 0.270 seconds
[2026-05-14T07:59:33.493+0000] {processor.py:161} INFO - Started process (PID=405) to work on /opt/airflow/dags/inegi_playwright_dag.py
[2026-05-14T07:59:33.497+0000] {processor.py:830} INFO - Processing file /opt/airflow/dags/inegi_playwright_dag.py for tasks to queue
[2026-05-14T07:59:33.500+0000] {logging_mixin.py:188} INFO - [2026-05-14T07:59:33.499+0000] {dagbag.py:540} INFO - Filling up the DagBag from /opt/airflow/dags/inegi_playwright_dag.py
[2026-05-14T07:59:33.762+0000] {processor.py:840} INFO - DAG(s) 'inegi_playwright' retrieved from /opt/airflow/dags/inegi_playwright_dag.py
[2026-05-14T07:59:33.853+0000] {logging_mixin.py:188} INFO - [2026-05-14T07:59:33.852+0000] {dag.py:3047} INFO - Sync 1 DAGs
[2026-05-14T07:59:34.047+0000] {logging_mixin.py:188} INFO - [2026-05-14T07:59:34.046+0000] {dag.py:3834} INFO - Setting next_dagrun for inegi_playwright to 2026-05-14 00:00:00+00:00, run_after=2026-05-15 00:00:00+00:00
[2026-05-14T07:59:34.301+0000] {processor.py:183} INFO - Processing /opt/airflow/dags/inegi_playwright_dag.py took 0.820 seconds
[2026-05-14T08:00:05.831+0000] {processor.py:161} INFO - Started process (PID=435) to work on /opt/airflow/dags/inegi_playwright_dag.py
[2026-05-14T08:00:05.833+0000] {processor.py:830} INFO - Processing file /opt/airflow/dags/inegi_playwright_dag.py for tasks to queue
[2026-05-14T08:00:05.846+0000] {logging_mixin.py:188} INFO - [2026-05-14T08:00:05.845+0000] {dagbag.py:540} INFO - Filling up the DagBag from /opt/airflow/dags/inegi_playwright_dag.py
[2026-05-14T08:00:06.007+0000] {processor.py:840} INFO - DAG(s) 'inegi_playwright' retrieved from /opt/airflow/dags/inegi_playwright_dag.py
[2026-05-14T08:00:06.132+0000] {logging_mixin.py:188} INFO - [2026-05-14T08:00:06.132+0000] {dag.py:3047} INFO - Sync 1 DAGs
[2026-05-14T08:00:06.348+0000] {logging_mixin.py:188} INFO - [2026-05-14T08:00:06.347+0000] {dag.py:3834} INFO - Setting next_dagrun for inegi_playwright to 2026-05-14 00:00:00+00:00, run_after=2026-05-15 00:00:00+00:00
[2026-05-14T08:00:06.500+0000] {processor.py:183} INFO - Processing /opt/airflow/dags/inegi_playwright_dag.py took 0.687 seconds
[2026-05-14T08:00:41.209+0000] {processor.py:161} INFO - Started process (PID=465) to work on /opt/airflow/dags/inegi_playwright_dag.py
[2026-05-14T08:00:41.219+0000] {processor.py:830} INFO - Processing file /opt/airflow/dags/inegi_playwright_dag.py for tasks to queue
[2026-05-14T08:00:41.230+0000] {logging_mixin.py:188} INFO - [2026-05-14T08:00:41.229+0000] {dagbag.py:540} INFO - Filling up the DagBag from /opt/airflow/dags/inegi_playwright_dag.py
[2026-05-14T08:00:41.725+0000] {processor.py:840} INFO - DAG(s) 'inegi_playwright' retrieved from /opt/airflow/dags/inegi_playwright_dag.py
[2026-05-14T08:00:41.971+0000] {logging_mixin.py:188} INFO - [2026-05-14T08:00:41.971+0000] {dag.py:3047} INFO - Sync 1 DAGs
[2026-05-14T08:00:42.170+0000] {logging_mixin.py:188} INFO - [2026-05-14T08:00:42.169+0000] {dag.py:3834} INFO - Setting next_dagrun for inegi_playwright to 2026-05-14 00:00:00+00:00, run_after=2026-05-15 00:00:00+00:00
[2026-05-14T08:00:42.445+0000] {processor.py:183} INFO - Processing /opt/airflow/dags/inegi_playwright_dag.py took 1.261 seconds
[2026-05-14T08:01:18.763+0000] {processor.py:161} INFO - Started process (PID=498) to work on /opt/airflow/dags/inegi_playwright_dag.py
[2026-05-14T08:01:18.780+0000] {processor.py:830} INFO - Processing file /opt/airflow/dags/inegi_playwright_dag.py for tasks to queue
[2026-05-14T08:01:18.808+0000] {logging_mixin.py:188} INFO - [2026-05-14T08:01:18.806+0000] {dagbag.py:540} INFO - Filling up the DagBag from /opt/airflow/dags/inegi_playwright_dag.py
[2026-05-14T08:01:19.768+0000] {processor.py:840} INFO - DAG(s) 'inegi_playwright' retrieved from /opt/airflow/dags/inegi_playwright_dag.py
[2026-05-14T08:01:20.046+0000] {logging_mixin.py:188} INFO - [2026-05-14T08:01:20.046+0000] {dag.py:3047} INFO - Sync 1 DAGs
[2026-05-14T08:01:20.370+0000] {logging_mixin.py:188} INFO - [2026-05-14T08:01:20.357+0000] {dag.py:3834} INFO - Setting next_dagrun for inegi_playwright to 2026-05-14 00:00:00+00:00, run_after=2026-05-15 00:00:00+00:00
[2026-05-14T08:01:20.516+0000] {processor.py:183} INFO - Processing /opt/airflow/dags/inegi_playwright_dag.py took 1.801 seconds
[2026-05-14T08:01:50.843+0000] {processor.py:161} INFO - Started process (PID=528) to work on /opt/airflow/dags/inegi_playwright_dag.py
[2026-05-14T08:01:50.848+0000] {processor.py:830} INFO - Processing file /opt/airflow/dags/inegi_playwright_dag.py for tasks to queue
[2026-05-14T08:01:50.851+0000] {logging_mixin.py:188} INFO - [2026-05-14T08:01:50.850+0000] {dagbag.py:540} INFO - Filling up the DagBag from /opt/airflow/dags/inegi_playwright_dag.py
[2026-05-14T08:01:50.915+0000] {processor.py:840} INFO - DAG(s) 'inegi_playwright' retrieved from /opt/airflow/dags/inegi_playwright_dag.py
[2026-05-14T08:01:51.010+0000] {logging_mixin.py:188} INFO - [2026-05-14T08:01:51.009+0000] {dag.py:3047} INFO - Sync 1 DAGs
[2026-05-14T08:01:51.105+0000] {logging_mixin.py:188} INFO - [2026-05-14T08:01:51.105+0000] {dag.py:3834} INFO - Setting next_dagrun for inegi_playwright to 2026-05-14 00:00:00+00:00, run_after=2026-05-15 00:00:00+00:00
[2026-05-14T08:01:51.177+0000] {processor.py:183} INFO - Processing /opt/airflow/dags/inegi_playwright_dag.py took 0.351 seconds
[2026-05-14T08:02:39.611+0000] {processor.py:161} INFO - Started process (PID=71) to work on /opt/airflow/dags/inegi_playwright_dag.py
[2026-05-14T08:02:39.625+0000] {processor.py:830} INFO - Processing file /opt/airflow/dags/inegi_playwright_dag.py for tasks to queue
[2026-05-14T08:02:39.641+0000] {logging_mixin.py:188} INFO - [2026-05-14T08:02:39.640+0000] {dagbag.py:540} INFO - Filling up the DagBag from /opt/airflow/dags/inegi_playwright_dag.py
[2026-05-14T08:02:39.934+0000] {processor.py:840} INFO - DAG(s) 'inegi_playwright' retrieved from /opt/airflow/dags/inegi_playwright_dag.py
[2026-05-14T08:02:40.024+0000] {logging_mixin.py:188} INFO - [2026-05-14T08:02:40.023+0000] {dag.py:3047} INFO - Sync 1 DAGs
[2026-05-14T08:02:40.100+0000] {logging_mixin.py:188} INFO - [2026-05-14T08:02:40.099+0000] {dag.py:3834} INFO - Setting next_dagrun for inegi_playwright to 2026-05-14 00:00:00+00:00, run_after=2026-05-15 00:00:00+00:00
[2026-05-14T08:02:40.163+0000] {processor.py:183} INFO - Processing /opt/airflow/dags/inegi_playwright_dag.py took 0.571 seconds
[2026-05-14T08:03:10.745+0000] {processor.py:161} INFO - Started process (PID=101) to work on /opt/airflow/dags/inegi_playwright_dag.py
[2026-05-14T08:03:10.751+0000] {processor.py:830} INFO - Processing file /opt/airflow/dags/inegi_playwright_dag.py for tasks to queue
[2026-05-14T08:03:10.760+0000] {logging_mixin.py:188} INFO - [2026-05-14T08:03:10.759+0000] {dagbag.py:540} INFO - Filling up the DagBag from /opt/airflow/dags/inegi_playwright_dag.py
[2026-05-14T08:03:10.856+0000] {processor.py:840} INFO - DAG(s) 'inegi_playwright' retrieved from /opt/airflow/dags/inegi_playwright_dag.py
[2026-05-14T08:03:10.937+0000] {logging_mixin.py:188} INFO - [2026-05-14T08:03:10.936+0000] {dag.py:3047} INFO - Sync 1 DAGs
[2026-05-14T08:03:11.036+0000] {logging_mixin.py:188} INFO - [2026-05-14T08:03:11.035+0000] {dag.py:3834} INFO - Setting next_dagrun for inegi_playwright to 2026-05-14 00:00:00+00:00, run_after=2026-05-15 00:00:00+00:00
[2026-05-14T08:03:11.147+0000] {processor.py:183} INFO - Processing /opt/airflow/dags/inegi_playwright_dag.py took 0.416 seconds
[2026-05-14T08:03:48.539+0000] {processor.py:161} INFO - Started process (PID=133) to work on /opt/airflow/dags/inegi_playwright_dag.py
[2026-05-14T08:03:48.927+0000] {processor.py:830} INFO - Processing file /opt/airflow/dags/inegi_playwright_dag.py for tasks to queue
[2026-05-14T08:03:48.945+0000] {logging_mixin.py:188} INFO - [2026-05-14T08:03:48.943+0000] {dagbag.py:540} INFO - Filling up the DagBag from /opt/airflow/dags/inegi_playwright_dag.py
[2026-05-14T08:03:49.377+0000] {processor.py:840} INFO - DAG(s) 'inegi_playwright' retrieved from /opt/airflow/dags/inegi_playwright_dag.py
[2026-05-14T08:03:49.517+0000] {logging_mixin.py:188} INFO - [2026-05-14T08:03:49.516+0000] {dag.py:3047} INFO - Sync 1 DAGs
[2026-05-14T08:03:49.600+0000] {logging_mixin.py:188} INFO - [2026-05-14T08:03:49.599+0000] {dag.py:3834} INFO - Setting next_dagrun for inegi_playwright to 2026-05-14 00:00:00+00:00, run_after=2026-05-15 00:00:00+00:00
[2026-05-14T08:03:49.655+0000] {processor.py:183} INFO - Processing /opt/airflow/dags/inegi_playwright_dag.py took 1.135 seconds
[2026-05-14T08:04:20.132+0000] {processor.py:161} INFO - Started process (PID=163) to work on /opt/airflow/dags/inegi_playwright_dag.py
[2026-05-14T08:04:20.136+0000] {processor.py:830} INFO - Processing file /opt/airflow/dags/inegi_playwright_dag.py for tasks to queue
[2026-05-14T08:04:20.141+0000] {logging_mixin.py:188} INFO - [2026-05-14T08:04:20.140+0000] {dagbag.py:540} INFO - Filling up the DagBag from /opt/airflow/dags/inegi_playwright_dag.py
[2026-05-14T08:04:20.213+0000] {processor.py:840} INFO - DAG(s) 'inegi_playwright' retrieved from /opt/airflow/dags/inegi_playwright_dag.py
[2026-05-14T08:04:20.295+0000] {logging_mixin.py:188} INFO - [2026-05-14T08:04:20.295+0000] {dag.py:3047} INFO - Sync 1 DAGs
[2026-05-14T08:04:20.371+0000] {logging_mixin.py:188} INFO - [2026-05-14T08:04:20.370+0000] {dag.py:3834} INFO - Setting next_dagrun for inegi_playwright to 2026-05-14 00:00:00+00:00, run_after=2026-05-15 00:00:00+00:00
[2026-05-14T08:04:20.455+0000] {processor.py:183} INFO - Processing /opt/airflow/dags/inegi_playwright_dag.py took 0.335 seconds
[2026-05-14T08:04:52.363+0000] {processor.py:161} INFO - Started process (PID=193) to work on /opt/airflow/dags/inegi_playwright_dag.py
[2026-05-14T08:04:52.367+0000] {processor.py:830} INFO - Processing file /opt/airflow/dags/inegi_playwright_dag.py for tasks to queue
[2026-05-14T08:04:52.371+0000] {logging_mixin.py:188} INFO - [2026-05-14T08:04:52.369+0000] {dagbag.py:540} INFO - Filling up the DagBag from /opt/airflow/dags/inegi_playwright_dag.py
[2026-05-14T08:04:52.547+0000] {processor.py:840} INFO - DAG(s) 'inegi_playwright' retrieved from /opt/airflow/dags/inegi_playwright_dag.py
[2026-05-14T08:04:52.700+0000] {logging_mixin.py:188} INFO - [2026-05-14T08:04:52.699+0000] {dag.py:3047} INFO - Sync 1 DAGs
[2026-05-14T08:04:52.975+0000] {logging_mixin.py:188} INFO - [2026-05-14T08:04:52.974+0000] {dag.py:3834} INFO - Setting next_dagrun for inegi_playwright to 2026-05-14 00:00:00+00:00, run_after=2026-05-15 00:00:00+00:00
[2026-05-14T08:04:53.520+0000] {processor.py:183} INFO - Processing /opt/airflow/dags/inegi_playwright_dag.py took 1.177 seconds
[2026-05-14T08:05:25.213+0000] {processor.py:161} INFO - Started process (PID=225) to work on /opt/airflow/dags/inegi_playwright_dag.py
[2026-05-14T08:05:25.217+0000] {processor.py:830} INFO - Processing file /opt/airflow/dags/inegi_playwright_dag.py for tasks to queue
[2026-05-14T08:05:25.220+0000] {logging_mixin.py:188} INFO - [2026-05-14T08:05:25.219+0000] {dagbag.py:540} INFO - Filling up the DagBag from /opt/airflow/dags/inegi_playwright_dag.py
[2026-05-14T08:05:25.276+0000] {processor.py:840} INFO - DAG(s) 'inegi_playwright' retrieved from /opt/airflow/dags/inegi_playwright_dag.py
[2026-05-14T08:05:25.346+0000] {logging_mixin.py:188} INFO - [2026-05-14T08:05:25.346+0000] {dag.py:3047} INFO - Sync 1 DAGs
[2026-05-14T08:05:25.413+0000] {logging_mixin.py:188} INFO - [2026-05-14T08:05:25.413+0000] {dag.py:3834} INFO - Setting next_dagrun for inegi_playwright to 2026-05-14 00:00:00+00:00, run_after=2026-05-15 00:00:00+00:00
[2026-05-14T08:05:25.476+0000] {processor.py:183} INFO - Processing /opt/airflow/dags/inegi_playwright_dag.py took 0.282 seconds
[2026-05-14T08:05:56.371+0000] {processor.py:161} INFO - Started process (PID=255) to work on /opt/airflow/dags/inegi_playwright_dag.py
[2026-05-14T08:05:56.374+0000] {processor.py:830} INFO - Processing file /opt/airflow/dags/inegi_playwright_dag.py for tasks to queue
[2026-05-14T08:05:56.378+0000] {logging_mixin.py:188} INFO - [2026-05-14T08:05:56.377+0000] {dagbag.py:540} INFO - Filling up the DagBag from /opt/airflow/dags/inegi_playwright_dag.py
[2026-05-14T08:05:56.434+0000] {processor.py:840} INFO - DAG(s) 'inegi_playwright' retrieved from /opt/airflow/dags/inegi_playwright_dag.py
[2026-05-14T08:05:56.503+0000] {logging_mixin.py:188} INFO - [2026-05-14T08:05:56.502+0000] {dag.py:3047} INFO - Sync 1 DAGs
[2026-05-14T08:05:56.569+0000] {logging_mixin.py:188} INFO - [2026-05-14T08:05:56.568+0000] {dag.py:3834} INFO - Setting next_dagrun for inegi_playwright to 2026-05-14 00:00:00+00:00, run_after=2026-05-15 00:00:00+00:00
[2026-05-14T08:05:56.622+0000] {processor.py:183} INFO - Processing /opt/airflow/dags/inegi_playwright_dag.py took 0.260 seconds
[2026-05-14T08:06:30.190+0000] {processor.py:161} INFO - Started process (PID=285) to work on /opt/airflow/dags/inegi_playwright_dag.py
[2026-05-14T08:06:30.209+0000] {processor.py:830} INFO - Processing file /opt/airflow/dags/inegi_playwright_dag.py for tasks to queue
[2026-05-14T08:06:30.230+0000] {logging_mixin.py:188} INFO - [2026-05-14T08:06:30.229+0000] {dagbag.py:540} INFO - Filling up the DagBag from /opt/airflow/dags/inegi_playwright_dag.py
[2026-05-14T08:06:31.075+0000] {processor.py:840} INFO - DAG(s) 'inegi_playwright' retrieved from /opt/airflow/dags/inegi_playwright_dag.py
[2026-05-14T08:06:31.255+0000] {logging_mixin.py:188} INFO - [2026-05-14T08:06:31.255+0000] {dag.py:3047} INFO - Sync 1 DAGs
[2026-05-14T08:06:31.423+0000] {logging_mixin.py:188} INFO - [2026-05-14T08:06:31.422+0000] {dag.py:3834} INFO - Setting next_dagrun for inegi_playwright to 2026-05-14 00:00:00+00:00, run_after=2026-05-15 00:00:00+00:00
[2026-05-14T08:06:31.604+0000] {processor.py:183} INFO - Processing /opt/airflow/dags/inegi_playwright_dag.py took 1.423 seconds
[2026-05-14T08:07:05.833+0000] {processor.py:161} INFO - Started process (PID=315) to work on /opt/airflow/dags/inegi_playwright_dag.py
[2026-05-14T08:07:05.875+0000] {processor.py:830} INFO - Processing file /opt/airflow/dags/inegi_playwright_dag.py for tasks to queue
[2026-05-14T08:07:05.893+0000] {logging_mixin.py:188} INFO - [2026-05-14T08:07:05.892+0000] {dagbag.py:540} INFO - Filling up the DagBag from /opt/airflow/dags/inegi_playwright_dag.py
[2026-05-14T08:07:07.266+0000] {processor.py:840} INFO - DAG(s) 'inegi_playwright' retrieved from /opt/airflow/dags/inegi_playwright_dag.py
[2026-05-14T08:07:07.447+0000] {logging_mixin.py:188} INFO - [2026-05-14T08:07:07.446+0000] {dag.py:3047} INFO - Sync 1 DAGs
[2026-05-14T08:07:07.661+0000] {logging_mixin.py:188} INFO - [2026-05-14T08:07:07.651+0000] {dag.py:3834} INFO - Setting next_dagrun for inegi_playwright to 2026-05-14 00:00:00+00:00, run_after=2026-05-15 00:00:00+00:00
[2026-05-14T08:07:07.805+0000] {processor.py:183} INFO - Processing /opt/airflow/dags/inegi_playwright_dag.py took 1.995 seconds
[2026-05-14T08:07:43.474+0000] {processor.py:161} INFO - Started process (PID=345) to work on /opt/airflow/dags/inegi_playwright_dag.py
[2026-05-14T08:07:43.480+0000] {processor.py:830} INFO - Processing file /opt/airflow/dags/inegi_playwright_dag.py for tasks to queue
[2026-05-14T08:07:43.489+0000] {logging_mixin.py:188} INFO - [2026-05-14T08:07:43.483+0000] {dagbag.py:540} INFO - Filling up the DagBag from /opt/airflow/dags/inegi_playwright_dag.py
[2026-05-14T08:07:43.918+0000] {processor.py:840} INFO - DAG(s) 'inegi_playwright' retrieved from /opt/airflow/dags/inegi_playwright_dag.py
[2026-05-14T08:07:44.098+0000] {logging_mixin.py:188} INFO - [2026-05-14T08:07:44.097+0000] {dag.py:3047} INFO - Sync 1 DAGs
[2026-05-14T08:07:44.310+0000] {logging_mixin.py:188} INFO - [2026-05-14T08:07:44.299+0000] {dag.py:3834} INFO - Setting next_dagrun for inegi_playwright to 2026-05-14 00:00:00+00:00, run_after=2026-05-15 00:00:00+00:00
[2026-05-14T08:07:44.570+0000] {processor.py:183} INFO - Processing /opt/airflow/dags/inegi_playwright_dag.py took 1.117 seconds
[2026-05-14T08:08:15.483+0000] {processor.py:161} INFO - Started process (PID=375) to work on /opt/airflow/dags/inegi_playwright_dag.py
[2026-05-14T08:08:15.487+0000] {processor.py:830} INFO - Processing file /opt/airflow/dags/inegi_playwright_dag.py for tasks to queue
[2026-05-14T08:08:15.490+0000] {logging_mixin.py:188} INFO - [2026-05-14T08:08:15.489+0000] {dagbag.py:540} INFO - Filling up the DagBag from /opt/airflow/dags/inegi_playwright_dag.py
[2026-05-14T08:08:15.559+0000] {processor.py:840} INFO - DAG(s) 'inegi_playwright' retrieved from /opt/airflow/dags/inegi_playwright_dag.py
[2026-05-14T08:08:15.644+0000] {logging_mixin.py:188} INFO - [2026-05-14T08:08:15.643+0000] {dag.py:3047} INFO - Sync 1 DAGs
[2026-05-14T08:08:15.713+0000] {logging_mixin.py:188} INFO - [2026-05-14T08:08:15.713+0000] {dag.py:3834} INFO - Setting next_dagrun for inegi_playwright to 2026-05-14 00:00:00+00:00, run_after=2026-05-15 00:00:00+00:00
[2026-05-14T08:08:15.780+0000] {processor.py:183} INFO - Processing /opt/airflow/dags/inegi_playwright_dag.py took 0.312 seconds
[2026-05-14T08:08:45.984+0000] {processor.py:161} INFO - Started process (PID=405) to work on /opt/airflow/dags/inegi_playwright_dag.py
[2026-05-14T08:08:45.988+0000] {processor.py:830} INFO - Processing file /opt/airflow/dags/inegi_playwright_dag.py for tasks to queue
[2026-05-14T08:08:45.991+0000] {logging_mixin.py:188} INFO - [2026-05-14T08:08:45.990+0000] {dagbag.py:540} INFO - Filling up the DagBag from /opt/airflow/dags/inegi_playwright_dag.py
[2026-05-14T08:08:46.048+0000] {processor.py:840} INFO - DAG(s) 'inegi_playwright' retrieved from /opt/airflow/dags/inegi_playwright_dag.py
[2026-05-14T08:08:46.129+0000] {logging_mixin.py:188} INFO - [2026-05-14T08:08:46.128+0000] {dag.py:3047} INFO - Sync 1 DAGs
[2026-05-14T08:08:46.194+0000] {logging_mixin.py:188} INFO - [2026-05-14T08:08:46.194+0000] {dag.py:3834} INFO - Setting next_dagrun for inegi_playwright to 2026-05-14 00:00:00+00:00, run_after=2026-05-15 00:00:00+00:00
[2026-05-14T08:08:46.249+0000] {processor.py:183} INFO - Processing /opt/airflow/dags/inegi_playwright_dag.py took 0.276 seconds
[2026-05-14T08:09:17.153+0000] {processor.py:161} INFO - Started process (PID=435) to work on /opt/airflow/dags/inegi_playwright_dag.py
[2026-05-14T08:09:17.157+0000] {processor.py:830} INFO - Processing file /opt/airflow/dags/inegi_playwright_dag.py for tasks to queue
[2026-05-14T08:09:17.161+0000] {logging_mixin.py:188} INFO - [2026-05-14T08:09:17.159+0000] {dagbag.py:540} INFO - Filling up the DagBag from /opt/airflow/dags/inegi_playwright_dag.py
[2026-05-14T08:09:17.267+0000] {processor.py:840} INFO - DAG(s) 'inegi_playwright' retrieved from /opt/airflow/dags/inegi_playwright_dag.py
[2026-05-14T08:09:17.423+0000] {logging_mixin.py:188} INFO - [2026-05-14T08:09:17.422+0000] {dag.py:3047} INFO - Sync 1 DAGs
[2026-05-14T08:09:17.496+0000] {logging_mixin.py:188} INFO - [2026-05-14T08:09:17.496+0000] {dag.py:3834} INFO - Setting next_dagrun for inegi_playwright to 2026-05-14 00:00:00+00:00, run_after=2026-05-15 00:00:00+00:00
[2026-05-14T08:09:17.555+0000] {processor.py:183} INFO - Processing /opt/airflow/dags/inegi_playwright_dag.py took 0.414 seconds
[2026-05-14T08:09:48.378+0000] {processor.py:161} INFO - Started process (PID=465) to work on /opt/airflow/dags/inegi_playwright_dag.py
[2026-05-14T08:09:48.405+0000] {processor.py:830} INFO - Processing file /opt/airflow/dags/inegi_playwright_dag.py for tasks to queue
[2026-05-14T08:09:48.420+0000] {logging_mixin.py:188} INFO - [2026-05-14T08:09:48.418+0000] {dagbag.py:540} INFO - Filling up the DagBag from /opt/airflow/dags/inegi_playwright_dag.py
[2026-05-14T08:09:48.775+0000] {processor.py:840} INFO - DAG(s) 'inegi_playwright' retrieved from /opt/airflow/dags/inegi_playwright_dag.py
[2026-05-14T08:09:49.305+0000] {logging_mixin.py:188} INFO - [2026-05-14T08:09:49.302+0000] {dag.py:3047} INFO - Sync 1 DAGs
[2026-05-14T08:09:49.841+0000] {logging_mixin.py:188} INFO - [2026-05-14T08:09:49.840+0000] {dag.py:3834} INFO - Setting next_dagrun for inegi_playwright to 2026-05-14 00:00:00+00:00, run_after=2026-05-15 00:00:00+00:00
[2026-05-14T08:09:50.753+0000] {processor.py:183} INFO - Processing /opt/airflow/dags/inegi_playwright_dag.py took 2.397 seconds
[2026-05-14T08:10:21.953+0000] {processor.py:161} INFO - Started process (PID=495) to work on /opt/airflow/dags/inegi_playwright_dag.py
[2026-05-14T08:10:21.966+0000] {processor.py:830} INFO - Processing file /opt/airflow/dags/inegi_playwright_dag.py for tasks to queue
[2026-05-14T08:10:21.969+0000] {logging_mixin.py:188} INFO - [2026-05-14T08:10:21.968+0000] {dagbag.py:540} INFO - Filling up the DagBag from /opt/airflow/dags/inegi_playwright_dag.py
[2026-05-14T08:10:22.067+0000] {processor.py:840} INFO - DAG(s) 'inegi_playwright' retrieved from /opt/airflow/dags/inegi_playwright_dag.py
[2026-05-14T08:10:22.149+0000] {logging_mixin.py:188} INFO - [2026-05-14T08:10:22.148+0000] {dag.py:3047} INFO - Sync 1 DAGs
[2026-05-14T08:10:22.347+0000] {logging_mixin.py:188} INFO - [2026-05-14T08:10:22.346+0000] {dag.py:3834} INFO - Setting next_dagrun for inegi_playwright to 2026-05-14 00:00:00+00:00, run_after=2026-05-15 00:00:00+00:00
[2026-05-14T08:10:22.436+0000] {processor.py:183} INFO - Processing /opt/airflow/dags/inegi_playwright_dag.py took 0.496 seconds
[2026-05-14T08:10:54.768+0000] {processor.py:161} INFO - Started process (PID=525) to work on /opt/airflow/dags/inegi_playwright_dag.py
[2026-05-14T08:10:54.782+0000] {processor.py:830} INFO - Processing file /opt/airflow/dags/inegi_playwright_dag.py for tasks to queue
[2026-05-14T08:10:54.787+0000] {logging_mixin.py:188} INFO - [2026-05-14T08:10:54.786+0000] {dagbag.py:540} INFO - Filling up the DagBag from /opt/airflow/dags/inegi_playwright_dag.py
[2026-05-14T08:10:55.029+0000] {processor.py:840} INFO - DAG(s) 'inegi_playwright' retrieved from /opt/airflow/dags/inegi_playwright_dag.py
[2026-05-14T08:10:55.287+0000] {logging_mixin.py:188} INFO - [2026-05-14T08:10:55.287+0000] {dag.py:3047} INFO - Sync 1 DAGs
[2026-05-14T08:10:55.573+0000] {logging_mixin.py:188} INFO - [2026-05-14T08:10:55.572+0000] {dag.py:3834} INFO - Setting next_dagrun for inegi_playwright to 2026-05-14 00:00:00+00:00, run_after=2026-05-15 00:00:00+00:00
[2026-05-14T08:10:56.042+0000] {processor.py:183} INFO - Processing /opt/airflow/dags/inegi_playwright_dag.py took 1.307 seconds
[2026-05-14T08:11:26.707+0000] {processor.py:161} INFO - Started process (PID=555) to work on /opt/airflow/dags/inegi_playwright_dag.py
[2026-05-14T08:11:26.711+0000] {processor.py:830} INFO - Processing file /opt/airflow/dags/inegi_playwright_dag.py for tasks to queue
[2026-05-14T08:11:26.715+0000] {logging_mixin.py:188} INFO - [2026-05-14T08:11:26.714+0000] {dagbag.py:540} INFO - Filling up the DagBag from /opt/airflow/dags/inegi_playwright_dag.py
[2026-05-14T08:11:26.786+0000] {processor.py:840} INFO - DAG(s) 'inegi_playwright' retrieved from /opt/airflow/dags/inegi_playwright_dag.py
[2026-05-14T08:11:26.868+0000] {logging_mixin.py:188} INFO - [2026-05-14T08:11:26.867+0000] {dag.py:3047} INFO - Sync 1 DAGs
[2026-05-14T08:11:27.005+0000] {logging_mixin.py:188} INFO - [2026-05-14T08:11:27.003+0000] {dag.py:3834} INFO - Setting next_dagrun for inegi_playwright to 2026-05-14 00:00:00+00:00, run_after=2026-05-15 00:00:00+00:00
[2026-05-14T08:11:27.137+0000] {processor.py:183} INFO - Processing /opt/airflow/dags/inegi_playwright_dag.py took 0.442 seconds
[2026-05-14T08:11:57.587+0000] {processor.py:161} INFO - Started process (PID=585) to work on /opt/airflow/dags/inegi_playwright_dag.py
[2026-05-14T08:11:57.590+0000] {processor.py:830} INFO - Processing file /opt/airflow/dags/inegi_playwright_dag.py for tasks to queue
[2026-05-14T08:11:57.594+0000] {logging_mixin.py:188} INFO - [2026-05-14T08:11:57.593+0000] {dagbag.py:540} INFO - Filling up the DagBag from /opt/airflow/dags/inegi_playwright_dag.py
[2026-05-14T08:11:57.671+0000] {processor.py:840} INFO - DAG(s) 'inegi_playwright' retrieved from /opt/airflow/dags/inegi_playwright_dag.py
[2026-05-14T08:11:57.752+0000] {logging_mixin.py:188} INFO - [2026-05-14T08:11:57.752+0000] {dag.py:3047} INFO - Sync 1 DAGs
[2026-05-14T08:11:57.823+0000] {logging_mixin.py:188} INFO - [2026-05-14T08:11:57.823+0000] {dag.py:3834} INFO - Setting next_dagrun for inegi_playwright to 2026-05-14 00:00:00+00:00, run_after=2026-05-15 00:00:00+00:00
[2026-05-14T08:11:57.896+0000] {processor.py:183} INFO - Processing /opt/airflow/dags/inegi_playwright_dag.py took 0.322 seconds
[2026-05-14T08:12:29.353+0000] {processor.py:161} INFO - Started process (PID=615) to work on /opt/airflow/dags/inegi_playwright_dag.py
[2026-05-14T08:12:29.369+0000] {processor.py:830} INFO - Processing file /opt/airflow/dags/inegi_playwright_dag.py for tasks to queue
[2026-05-14T08:12:29.396+0000] {logging_mixin.py:188} INFO - [2026-05-14T08:12:29.395+0000] {dagbag.py:540} INFO - Filling up the DagBag from /opt/airflow/dags/inegi_playwright_dag.py
[2026-05-14T08:12:29.547+0000] {processor.py:840} INFO - DAG(s) 'inegi_playwright' retrieved from /opt/airflow/dags/inegi_playwright_dag.py
[2026-05-14T08:12:29.686+0000] {logging_mixin.py:188} INFO - [2026-05-14T08:12:29.685+0000] {dag.py:3047} INFO - Sync 1 DAGs
[2026-05-14T08:12:29.822+0000] {logging_mixin.py:188} INFO - [2026-05-14T08:12:29.821+0000] {dag.py:3834} INFO - Setting next_dagrun for inegi_playwright to 2026-05-14 00:00:00+00:00, run_after=2026-05-15 00:00:00+00:00
[2026-05-14T08:12:29.905+0000] {processor.py:183} INFO - Processing /opt/airflow/dags/inegi_playwright_dag.py took 0.572 seconds
[2026-05-14T08:13:00.247+0000] {processor.py:161} INFO - Started process (PID=645) to work on /opt/airflow/dags/inegi_playwright_dag.py
[2026-05-14T08:13:00.252+0000] {processor.py:830} INFO - Processing file /opt/airflow/dags/inegi_playwright_dag.py for tasks to queue
[2026-05-14T08:13:00.258+0000] {logging_mixin.py:188} INFO - [2026-05-14T08:13:00.258+0000] {dagbag.py:540} INFO - Filling up the DagBag from /opt/airflow/dags/inegi_playwright_dag.py
[2026-05-14T08:13:00.376+0000] {processor.py:840} INFO - DAG(s) 'inegi_playwright' retrieved from /opt/airflow/dags/inegi_playwright_dag.py
[2026-05-14T08:13:00.458+0000] {logging_mixin.py:188} INFO - [2026-05-14T08:13:00.458+0000] {dag.py:3047} INFO - Sync 1 DAGs
[2026-05-14T08:13:00.535+0000] {logging_mixin.py:188} INFO - [2026-05-14T08:13:00.535+0000] {dag.py:3834} INFO - Setting next_dagrun for inegi_playwright to 2026-05-14 00:00:00+00:00, run_after=2026-05-15 00:00:00+00:00
[2026-05-14T08:13:00.614+0000] {processor.py:183} INFO - Processing /opt/airflow/dags/inegi_playwright_dag.py took 0.389 seconds
[2026-05-14T08:13:31.125+0000] {processor.py:161} INFO - Started process (PID=675) to work on /opt/airflow/dags/inegi_playwright_dag.py
[2026-05-14T08:13:31.128+0000] {processor.py:830} INFO - Processing file /opt/airflow/dags/inegi_playwright_dag.py for tasks to queue
[2026-05-14T08:13:31.132+0000] {logging_mixin.py:188} INFO - [2026-05-14T08:13:31.131+0000] {dagbag.py:540} INFO - Filling up the DagBag from /opt/airflow/dags/inegi_playwright_dag.py
[2026-05-14T08:13:31.214+0000] {processor.py:840} INFO - DAG(s) 'inegi_playwright' retrieved from /opt/airflow/dags/inegi_playwright_dag.py
[2026-05-14T08:13:31.306+0000] {logging_mixin.py:188} INFO - [2026-05-14T08:13:31.305+0000] {dag.py:3047} INFO - Sync 1 DAGs
[2026-05-14T08:13:31.387+0000] {logging_mixin.py:188} INFO - [2026-05-14T08:13:31.385+0000] {dag.py:3834} INFO - Setting next_dagrun for inegi_playwright to 2026-05-14 00:00:00+00:00, run_after=2026-05-15 00:00:00+00:00
[2026-05-14T08:13:31.462+0000] {processor.py:183} INFO - Processing /opt/airflow/dags/inegi_playwright_dag.py took 0.355 seconds
[2026-05-14T08:14:02.354+0000] {processor.py:161} INFO - Started process (PID=705) to work on /opt/airflow/dags/inegi_playwright_dag.py
[2026-05-14T08:14:02.359+0000] {processor.py:830} INFO - Processing file /opt/airflow/dags/inegi_playwright_dag.py for tasks to queue
[2026-05-14T08:14:02.362+0000] {logging_mixin.py:188} INFO - [2026-05-14T08:14:02.361+0000] {dagbag.py:540} INFO - Filling up the DagBag from /opt/airflow/dags/inegi_playwright_dag.py
[2026-05-14T08:14:02.429+0000] {processor.py:840} INFO - DAG(s) 'inegi_playwright' retrieved from /opt/airflow/dags/inegi_playwright_dag.py
[2026-05-14T08:14:02.530+0000] {logging_mixin.py:188} INFO - [2026-05-14T08:14:02.529+0000] {dag.py:3047} INFO - Sync 1 DAGs
[2026-05-14T08:14:02.620+0000] {logging_mixin.py:188} INFO - [2026-05-14T08:14:02.619+0000] {dag.py:3834} INFO - Setting next_dagrun for inegi_playwright to 2026-05-14 00:00:00+00:00, run_after=2026-05-15 00:00:00+00:00
[2026-05-14T08:14:02.683+0000] {processor.py:183} INFO - Processing /opt/airflow/dags/inegi_playwright_dag.py took 0.340 seconds
[2026-05-14T08:14:33.213+0000] {processor.py:161} INFO - Started process (PID=740) to work on /opt/airflow/dags/inegi_playwright_dag.py
[2026-05-14T08:14:33.218+0000] {processor.py:830} INFO - Processing file /opt/airflow/dags/inegi_playwright_dag.py for tasks to queue
[2026-05-14T08:14:33.225+0000] {logging_mixin.py:188} INFO - [2026-05-14T08:14:33.224+0000] {dagbag.py:540} INFO - Filling up the DagBag from /opt/airflow/dags/inegi_playwright_dag.py
[2026-05-14T08:14:33.285+0000] {processor.py:840} INFO - DAG(s) 'inegi_playwright' retrieved from /opt/airflow/dags/inegi_playwright_dag.py
[2026-05-14T08:14:33.363+0000] {logging_mixin.py:188} INFO - [2026-05-14T08:14:33.362+0000] {dag.py:3047} INFO - Sync 1 DAGs
[2026-05-14T08:14:33.429+0000] {logging_mixin.py:188} INFO - [2026-05-14T08:14:33.428+0000] {dag.py:3834} INFO - Setting next_dagrun for inegi_playwright to 2026-05-14 00:00:00+00:00, run_after=2026-05-15 00:00:00+00:00
[2026-05-14T08:14:33.478+0000] {processor.py:183} INFO - Processing /opt/airflow/dags/inegi_playwright_dag.py took 0.275 seconds
[2026-05-14T08:15:03.990+0000] {processor.py:161} INFO - Started process (PID=770) to work on /opt/airflow/dags/inegi_playwright_dag.py
[2026-05-14T08:15:03.996+0000] {processor.py:830} INFO - Processing file /opt/airflow/dags/inegi_playwright_dag.py for tasks to queue
[2026-05-14T08:15:04.008+0000] {logging_mixin.py:188} INFO - [2026-05-14T08:15:04.007+0000] {dagbag.py:540} INFO - Filling up the DagBag from /opt/airflow/dags/inegi_playwright_dag.py
[2026-05-14T08:15:04.930+0000] {processor.py:840} INFO - DAG(s) 'inegi_playwright' retrieved from /opt/airflow/dags/inegi_playwright_dag.py
[2026-05-14T08:15:05.112+0000] {logging_mixin.py:188} INFO - [2026-05-14T08:15:05.111+0000] {dag.py:3047} INFO - Sync 1 DAGs
[2026-05-14T08:15:05.618+0000] {logging_mixin.py:188} INFO - [2026-05-14T08:15:05.617+0000] {dag.py:3834} INFO - Setting next_dagrun for inegi_playwright to 2026-05-14 00:00:00+00:00, run_after=2026-05-15 00:00:00+00:00
[2026-05-14T08:15:05.832+0000] {processor.py:183} INFO - Processing /opt/airflow/dags/inegi_playwright_dag.py took 1.864 seconds
[2026-05-14T08:15:37.332+0000] {processor.py:161} INFO - Started process (PID=800) to work on /opt/airflow/dags/inegi_playwright_dag.py
[2026-05-14T08:15:37.351+0000] {processor.py:830} INFO - Processing file /opt/airflow/dags/inegi_playwright_dag.py for tasks to queue
[2026-05-14T08:15:37.362+0000] {logging_mixin.py:188} INFO - [2026-05-14T08:15:37.360+0000] {dagbag.py:540} INFO - Filling up the DagBag from /opt/airflow/dags/inegi_playwright_dag.py
[2026-05-14T08:15:38.172+0000] {processor.py:840} INFO - DAG(s) 'inegi_playwright' retrieved from /opt/airflow/dags/inegi_playwright_dag.py
[2026-05-14T08:15:38.376+0000] {logging_mixin.py:188} INFO - [2026-05-14T08:15:38.375+0000] {dag.py:3047} INFO - Sync 1 DAGs
[2026-05-14T08:15:38.515+0000] {logging_mixin.py:188} INFO - [2026-05-14T08:15:38.514+0000] {dag.py:3834} INFO - Setting next_dagrun for inegi_playwright to 2026-05-14 00:00:00+00:00, run_after=2026-05-15 00:00:00+00:00
[2026-05-14T08:15:38.622+0000] {processor.py:183} INFO - Processing /opt/airflow/dags/inegi_playwright_dag.py took 1.300 seconds
[2026-05-14T08:16:09.500+0000] {processor.py:161} INFO - Started process (PID=830) to work on /opt/airflow/dags/inegi_playwright_dag.py
[2026-05-14T08:16:09.518+0000] {processor.py:830} INFO - Processing file /opt/airflow/dags/inegi_playwright_dag.py for tasks to queue
[2026-05-14T08:16:09.534+0000] {logging_mixin.py:188} INFO - [2026-05-14T08:16:09.529+0000] {dagbag.py:540} INFO - Filling up the DagBag from /opt/airflow/dags/inegi_playwright_dag.py
[2026-05-14T08:16:10.473+0000] {processor.py:840} INFO - DAG(s) 'inegi_playwright' retrieved from /opt/airflow/dags/inegi_playwright_dag.py
[2026-05-14T08:16:10.694+0000] {logging_mixin.py:188} INFO - [2026-05-14T08:16:10.693+0000] {dag.py:3047} INFO - Sync 1 DAGs
[2026-05-14T08:16:10.916+0000] {logging_mixin.py:188} INFO - [2026-05-14T08:16:10.904+0000] {dag.py:3834} INFO - Setting next_dagrun for inegi_playwright to 2026-05-14 00:00:00+00:00, run_after=2026-05-15 00:00:00+00:00
[2026-05-14T08:16:11.114+0000] {processor.py:183} INFO - Processing /opt/airflow/dags/inegi_playwright_dag.py took 1.646 seconds
[2026-05-14T08:16:42.040+0000] {processor.py:161} INFO - Started process (PID=860) to work on /opt/airflow/dags/inegi_playwright_dag.py
[2026-05-14T08:16:42.057+0000] {processor.py:830} INFO - Processing file /opt/airflow/dags/inegi_playwright_dag.py for tasks to queue
[2026-05-14T08:16:42.071+0000] {logging_mixin.py:188} INFO - [2026-05-14T08:16:42.070+0000] {dagbag.py:540} INFO - Filling up the DagBag from /opt/airflow/dags/inegi_playwright_dag.py
[2026-05-14T08:16:42.563+0000] {processor.py:840} INFO - DAG(s) 'inegi_playwright' retrieved from /opt/airflow/dags/inegi_playwright_dag.py
[2026-05-14T08:16:42.693+0000] {logging_mixin.py:188} INFO - [2026-05-14T08:16:42.693+0000] {dag.py:3047} INFO - Sync 1 DAGs
[2026-05-14T08:16:42.842+0000] {logging_mixin.py:188} INFO - [2026-05-14T08:16:42.841+0000] {dag.py:3834} INFO - Setting next_dagrun for inegi_playwright to 2026-05-14 00:00:00+00:00, run_after=2026-05-15 00:00:00+00:00
[2026-05-14T08:16:42.957+0000] {processor.py:183} INFO - Processing /opt/airflow/dags/inegi_playwright_dag.py took 0.936 seconds
[2026-05-14T08:17:13.342+0000] {processor.py:161} INFO - Started process (PID=890) to work on /opt/airflow/dags/inegi_playwright_dag.py
[2026-05-14T08:17:13.346+0000] {processor.py:830} INFO - Processing file /opt/airflow/dags/inegi_playwright_dag.py for tasks to queue
[2026-05-14T08:17:13.349+0000] {logging_mixin.py:188} INFO - [2026-05-14T08:17:13.348+0000] {dagbag.py:540} INFO - Filling up the DagBag from /opt/airflow/dags/inegi_playwright_dag.py
[2026-05-14T08:17:13.411+0000] {processor.py:840} INFO - DAG(s) 'inegi_playwright' retrieved from /opt/airflow/dags/inegi_playwright_dag.py
[2026-05-14T08:17:13.484+0000] {logging_mixin.py:188} INFO - [2026-05-14T08:17:13.482+0000] {dag.py:3047} INFO - Sync 1 DAGs
[2026-05-14T08:17:13.552+0000] {logging_mixin.py:188} INFO - [2026-05-14T08:17:13.552+0000] {dag.py:3834} INFO - Setting next_dagrun for inegi_playwright to 2026-05-14 00:00:00+00:00, run_after=2026-05-15 00:00:00+00:00
[2026-05-14T08:17:13.618+0000] {processor.py:183} INFO - Processing /opt/airflow/dags/inegi_playwright_dag.py took 0.286 seconds
[2026-05-14T08:17:45.469+0000] {processor.py:161} INFO - Started process (PID=920) to work on /opt/airflow/dags/inegi_playwright_dag.py
[2026-05-14T08:17:45.485+0000] {processor.py:830} INFO - Processing file /opt/airflow/dags/inegi_playwright_dag.py for tasks to queue
[2026-05-14T08:17:45.490+0000] {logging_mixin.py:188} INFO - [2026-05-14T08:17:45.489+0000] {dagbag.py:540} INFO - Filling up the DagBag from /opt/airflow/dags/inegi_playwright_dag.py
[2026-05-14T08:17:45.919+0000] {processor.py:840} INFO - DAG(s) 'inegi_playwright' retrieved from /opt/airflow/dags/inegi_playwright_dag.py
[2026-05-14T08:17:46.138+0000] {logging_mixin.py:188} INFO - [2026-05-14T08:17:46.137+0000] {dag.py:3047} INFO - Sync 1 DAGs
[2026-05-14T08:17:46.358+0000] {logging_mixin.py:188} INFO - [2026-05-14T08:17:46.358+0000] {dag.py:3834} INFO - Setting next_dagrun for inegi_playwright to 2026-05-14 00:00:00+00:00, run_after=2026-05-15 00:00:00+00:00
[2026-05-14T08:17:46.440+0000] {processor.py:183} INFO - Processing /opt/airflow/dags/inegi_playwright_dag.py took 1.019 seconds
[2026-05-14T08:18:16.714+0000] {processor.py:161} INFO - Started process (PID=950) to work on /opt/airflow/dags/inegi_playwright_dag.py
[2026-05-14T08:18:16.717+0000] {processor.py:830} INFO - Processing file /opt/airflow/dags/inegi_playwright_dag.py for tasks to queue
[2026-05-14T08:18:16.723+0000] {logging_mixin.py:188} INFO - [2026-05-14T08:18:16.719+0000] {dagbag.py:540} INFO - Filling up the DagBag from /opt/airflow/dags/inegi_playwright_dag.py
[2026-05-14T08:18:16.785+0000] {processor.py:840} INFO - DAG(s) 'inegi_playwright' retrieved from /opt/airflow/dags/inegi_playwright_dag.py
[2026-05-14T08:18:16.861+0000] {logging_mixin.py:188} INFO - [2026-05-14T08:18:16.861+0000] {dag.py:3047} INFO - Sync 1 DAGs
[2026-05-14T08:18:16.926+0000] {logging_mixin.py:188} INFO - [2026-05-14T08:18:16.925+0000] {dag.py:3834} INFO - Setting next_dagrun for inegi_playwright to 2026-05-14 00:00:00+00:00, run_after=2026-05-15 00:00:00+00:00
[2026-05-14T08:18:16.983+0000] {processor.py:183} INFO - Processing /opt/airflow/dags/inegi_playwright_dag.py took 0.283 seconds
[2026-05-14T08:18:48.512+0000] {processor.py:161} INFO - Started process (PID=980) to work on /opt/airflow/dags/inegi_playwright_dag.py
[2026-05-14T08:18:48.525+0000] {processor.py:830} INFO - Processing file /opt/airflow/dags/inegi_playwright_dag.py for tasks to queue
[2026-05-14T08:18:48.553+0000] {logging_mixin.py:188} INFO - [2026-05-14T08:18:48.552+0000] {dagbag.py:540} INFO - Filling up the DagBag from /opt/airflow/dags/inegi_playwright_dag.py
[2026-05-14T08:18:48.618+0000] {processor.py:840} INFO - DAG(s) 'inegi_playwright' retrieved from /opt/airflow/dags/inegi_playwright_dag.py
[2026-05-14T08:18:48.691+0000] {logging_mixin.py:188} INFO - [2026-05-14T08:18:48.691+0000] {dag.py:3047} INFO - Sync 1 DAGs
[2026-05-14T08:18:48.759+0000] {logging_mixin.py:188} INFO - [2026-05-14T08:18:48.758+0000] {dag.py:3834} INFO - Setting next_dagrun for inegi_playwright to 2026-05-14 00:00:00+00:00, run_after=2026-05-15 00:00:00+00:00
[2026-05-14T08:18:48.822+0000] {processor.py:183} INFO - Processing /opt/airflow/dags/inegi_playwright_dag.py took 0.328 seconds
[2026-05-14T08:19:19.091+0000] {processor.py:161} INFO - Started process (PID=1010) to work on /opt/airflow/dags/inegi_playwright_dag.py
[2026-05-14T08:19:19.104+0000] {processor.py:830} INFO - Processing file /opt/airflow/dags/inegi_playwright_dag.py for tasks to queue
[2026-05-14T08:19:19.108+0000] {logging_mixin.py:188} INFO - [2026-05-14T08:19:19.107+0000] {dagbag.py:540} INFO - Filling up the DagBag from /opt/airflow/dags/inegi_playwright_dag.py
[2026-05-14T08:19:19.273+0000] {processor.py:840} INFO - DAG(s) 'inegi_playwright' retrieved from /opt/airflow/dags/inegi_playwright_dag.py
[2026-05-14T08:19:19.550+0000] {logging_mixin.py:188} INFO - [2026-05-14T08:19:19.550+0000] {dag.py:3047} INFO - Sync 1 DAGs
[2026-05-14T08:19:19.818+0000] {logging_mixin.py:188} INFO - [2026-05-14T08:19:19.808+0000] {dag.py:3834} INFO - Setting next_dagrun for inegi_playwright to 2026-05-14 00:00:00+00:00, run_after=2026-05-15 00:00:00+00:00
[2026-05-14T08:19:20.045+0000] {processor.py:183} INFO - Processing /opt/airflow/dags/inegi_playwright_dag.py took 0.979 seconds
[2026-05-14T08:19:58.359+0000] {processor.py:161} INFO - Started process (PID=1038) to work on /opt/airflow/dags/inegi_playwright_dag.py
[2026-05-14T08:19:58.495+0000] {processor.py:830} INFO - Processing file /opt/airflow/dags/inegi_playwright_dag.py for tasks to queue
[2026-05-14T08:19:58.550+0000] {logging_mixin.py:188} INFO - [2026-05-14T08:19:58.549+0000] {dagbag.py:540} INFO - Filling up the DagBag from /opt/airflow/dags/inegi_playwright_dag.py
[2026-05-14T08:20:00.791+0000] {processor.py:840} INFO - DAG(s) 'inegi_playwright' retrieved from /opt/airflow/dags/inegi_playwright_dag.py
[2026-05-14T08:20:00.972+0000] {logging_mixin.py:188} INFO - [2026-05-14T08:20:00.972+0000] {dag.py:3047} INFO - Sync 1 DAGs
[2026-05-14T08:20:01.162+0000] {logging_mixin.py:188} INFO - [2026-05-14T08:20:01.150+0000] {dag.py:3834} INFO - Setting next_dagrun for inegi_playwright to 2026-05-14 00:00:00+00:00, run_after=2026-05-15 00:00:00+00:00
[2026-05-14T08:20:01.502+0000] {processor.py:183} INFO - Processing /opt/airflow/dags/inegi_playwright_dag.py took 3.161 seconds
[2026-05-14T08:20:32.717+0000] {processor.py:161} INFO - Started process (PID=1070) to work on /opt/airflow/dags/inegi_playwright_dag.py
[2026-05-14T08:20:32.721+0000] {processor.py:830} INFO - Processing file /opt/airflow/dags/inegi_playwright_dag.py for tasks to queue
[2026-05-14T08:20:32.725+0000] {logging_mixin.py:188} INFO - [2026-05-14T08:20:32.724+0000] {dagbag.py:540} INFO - Filling up the DagBag from /opt/airflow/dags/inegi_playwright_dag.py
[2026-05-14T08:20:32.815+0000] {processor.py:840} INFO - DAG(s) 'inegi_playwright' retrieved from /opt/airflow/dags/inegi_playwright_dag.py
[2026-05-14T08:20:32.942+0000] {logging_mixin.py:188} INFO - [2026-05-14T08:20:32.941+0000] {dag.py:3047} INFO - Sync 1 DAGs
[2026-05-14T08:20:33.037+0000] {logging_mixin.py:188} INFO - [2026-05-14T08:20:33.037+0000] {dag.py:3834} INFO - Setting next_dagrun for inegi_playwright to 2026-05-14 00:00:00+00:00, run_after=2026-05-15 00:00:00+00:00
[2026-05-14T08:20:33.143+0000] {processor.py:183} INFO - Processing /opt/airflow/dags/inegi_playwright_dag.py took 0.441 seconds
[2026-05-14T08:21:03.729+0000] {processor.py:161} INFO - Started process (PID=1100) to work on /opt/airflow/dags/inegi_playwright_dag.py
[2026-05-14T08:21:03.732+0000] {processor.py:830} INFO - Processing file /opt/airflow/dags/inegi_playwright_dag.py for tasks to queue
[2026-05-14T08:21:03.735+0000] {logging_mixin.py:188} INFO - [2026-05-14T08:21:03.735+0000] {dagbag.py:540} INFO - Filling up the DagBag from /opt/airflow/dags/inegi_playwright_dag.py
[2026-05-14T08:21:03.795+0000] {processor.py:840} INFO - DAG(s) 'inegi_playwright' retrieved from /opt/airflow/dags/inegi_playwright_dag.py
[2026-05-14T08:21:03.861+0000] {logging_mixin.py:188} INFO - [2026-05-14T08:21:03.860+0000] {dag.py:3047} INFO - Sync 1 DAGs
[2026-05-14T08:21:03.925+0000] {logging_mixin.py:188} INFO - [2026-05-14T08:21:03.924+0000] {dag.py:3834} INFO - Setting next_dagrun for inegi_playwright to 2026-05-14 00:00:00+00:00, run_after=2026-05-15 00:00:00+00:00
[2026-05-14T08:21:04.011+0000] {processor.py:183} INFO - Processing /opt/airflow/dags/inegi_playwright_dag.py took 0.292 seconds
[2026-05-14T08:21:34.353+0000] {processor.py:161} INFO - Started process (PID=1130) to work on /opt/airflow/dags/inegi_playwright_dag.py
[2026-05-14T08:21:34.357+0000] {processor.py:830} INFO - Processing file /opt/airflow/dags/inegi_playwright_dag.py for tasks to queue
[2026-05-14T08:21:34.360+0000] {logging_mixin.py:188} INFO - [2026-05-14T08:21:34.359+0000] {dagbag.py:540} INFO - Filling up the DagBag from /opt/airflow/dags/inegi_playwright_dag.py
[2026-05-14T08:21:34.451+0000] {processor.py:840} INFO - DAG(s) 'inegi_playwright' retrieved from /opt/airflow/dags/inegi_playwright_dag.py
[2026-05-14T08:21:34.539+0000] {logging_mixin.py:188} INFO - [2026-05-14T08:21:34.537+0000] {dag.py:3047} INFO - Sync 1 DAGs
[2026-05-14T08:21:34.647+0000] {logging_mixin.py:188} INFO - [2026-05-14T08:21:34.646+0000] {dag.py:3834} INFO - Setting next_dagrun for inegi_playwright to 2026-05-14 00:00:00+00:00, run_after=2026-05-15 00:00:00+00:00
[2026-05-14T08:21:34.747+0000] {processor.py:183} INFO - Processing /opt/airflow/dags/inegi_playwright_dag.py took 0.410 seconds
[2026-05-14T08:22:16.036+0000] {processor.py:161} INFO - Started process (PID=1158) to work on /opt/airflow/dags/inegi_playwright_dag.py
[2026-05-14T08:22:16.075+0000] {processor.py:830} INFO - Processing file /opt/airflow/dags/inegi_playwright_dag.py for tasks to queue
[2026-05-14T08:22:16.146+0000] {logging_mixin.py:188} INFO - [2026-05-14T08:22:16.145+0000] {dagbag.py:540} INFO - Filling up the DagBag from /opt/airflow/dags/inegi_playwright_dag.py
[2026-05-14T08:22:17.247+0000] {processor.py:840} INFO - DAG(s) 'inegi_playwright' retrieved from /opt/airflow/dags/inegi_playwright_dag.py
[2026-05-14T08:22:17.461+0000] {logging_mixin.py:188} INFO - [2026-05-14T08:22:17.460+0000] {dag.py:3047} INFO - Sync 1 DAGs
[2026-05-14T08:22:17.642+0000] {logging_mixin.py:188} INFO - [2026-05-14T08:22:17.641+0000] {dag.py:3834} INFO - Setting next_dagrun for inegi_playwright to 2026-05-14 00:00:00+00:00, run_after=2026-05-15 00:00:00+00:00
[2026-05-14T08:22:17.853+0000] {processor.py:183} INFO - Processing /opt/airflow/dags/inegi_playwright_dag.py took 1.837 seconds
[2026-05-14T08:22:48.603+0000] {processor.py:161} INFO - Started process (PID=1190) to work on /opt/airflow/dags/inegi_playwright_dag.py
[2026-05-14T08:22:48.617+0000] {processor.py:830} INFO - Processing file /opt/airflow/dags/inegi_playwright_dag.py for tasks to queue
[2026-05-14T08:22:48.631+0000] {logging_mixin.py:188} INFO - [2026-05-14T08:22:48.630+0000] {dagbag.py:540} INFO - Filling up the DagBag from /opt/airflow/dags/inegi_playwright_dag.py
[2026-05-14T08:22:48.822+0000] {processor.py:840} INFO - DAG(s) 'inegi_playwright' retrieved from /opt/airflow/dags/inegi_playwright_dag.py
[2026-05-14T08:22:48.994+0000] {logging_mixin.py:188} INFO - [2026-05-14T08:22:48.993+0000] {dag.py:3047} INFO - Sync 1 DAGs
[2026-05-14T08:22:49.120+0000] {logging_mixin.py:188} INFO - [2026-05-14T08:22:49.119+0000] {dag.py:3834} INFO - Setting next_dagrun for inegi_playwright to 2026-05-14 00:00:00+00:00, run_after=2026-05-15 00:00:00+00:00
[2026-05-14T08:22:49.222+0000] {processor.py:183} INFO - Processing /opt/airflow/dags/inegi_playwright_dag.py took 0.640 seconds
[2026-05-14T08:23:19.927+0000] {processor.py:161} INFO - Started process (PID=1223) to work on /opt/airflow/dags/inegi_playwright_dag.py
[2026-05-14T08:23:19.932+0000] {processor.py:830} INFO - Processing file /opt/airflow/dags/inegi_playwright_dag.py for tasks to queue
[2026-05-14T08:23:19.937+0000] {logging_mixin.py:188} INFO - [2026-05-14T08:23:19.935+0000] {dagbag.py:540} INFO - Filling up the DagBag from /opt/airflow/dags/inegi_playwright_dag.py
[2026-05-14T08:23:20.007+0000] {processor.py:840} INFO - DAG(s) 'inegi_playwright' retrieved from /opt/airflow/dags/inegi_playwright_dag.py
[2026-05-14T08:23:20.199+0000] {logging_mixin.py:188} INFO - [2026-05-14T08:23:20.198+0000] {dag.py:3047} INFO - Sync 1 DAGs
[2026-05-14T08:23:20.416+0000] {logging_mixin.py:188} INFO - [2026-05-14T08:23:20.412+0000] {dag.py:3834} INFO - Setting next_dagrun for inegi_playwright to 2026-05-14 00:00:00+00:00, run_after=2026-05-15 00:00:00+00:00
[2026-05-14T08:23:20.573+0000] {processor.py:183} INFO - Processing /opt/airflow/dags/inegi_playwright_dag.py took 0.657 seconds
[2026-05-14T08:23:51.359+0000] {processor.py:161} INFO - Started process (PID=1253) to work on /opt/airflow/dags/inegi_playwright_dag.py
[2026-05-14T08:23:51.382+0000] {processor.py:830} INFO - Processing file /opt/airflow/dags/inegi_playwright_dag.py for tasks to queue
[2026-05-14T08:23:51.395+0000] {logging_mixin.py:188} INFO - [2026-05-14T08:23:51.386+0000] {dagbag.py:540} INFO - Filling up the DagBag from /opt/airflow/dags/inegi_playwright_dag.py
[2026-05-14T08:23:51.731+0000] {processor.py:840} INFO - DAG(s) 'inegi_playwright' retrieved from /opt/airflow/dags/inegi_playwright_dag.py
[2026-05-14T08:23:52.394+0000] {logging_mixin.py:188} INFO - [2026-05-14T08:23:52.393+0000] {dag.py:3047} INFO - Sync 1 DAGs
[2026-05-14T08:23:52.684+0000] {logging_mixin.py:188} INFO - [2026-05-14T08:23:52.683+0000] {dag.py:3834} INFO - Setting next_dagrun for inegi_playwright to 2026-05-14 00:00:00+00:00, run_after=2026-05-15 00:00:00+00:00
[2026-05-14T08:23:52.788+0000] {processor.py:183} INFO - Processing /opt/airflow/dags/inegi_playwright_dag.py took 1.462 seconds
[2026-05-14T08:24:24.544+0000] {processor.py:161} INFO - Started process (PID=1283) to work on /opt/airflow/dags/inegi_playwright_dag.py
[2026-05-14T08:24:24.550+0000] {processor.py:830} INFO - Processing file /opt/airflow/dags/inegi_playwright_dag.py for tasks to queue
[2026-05-14T08:24:24.617+0000] {logging_mixin.py:188} INFO - [2026-05-14T08:24:24.604+0000] {dagbag.py:540} INFO - Filling up the DagBag from /opt/airflow/dags/inegi_playwright_dag.py
[2026-05-14T08:24:24.838+0000] {processor.py:840} INFO - DAG(s) 'inegi_playwright' retrieved from /opt/airflow/dags/inegi_playwright_dag.py
[2026-05-14T08:24:25.015+0000] {logging_mixin.py:188} INFO - [2026-05-14T08:24:25.012+0000] {dag.py:3047} INFO - Sync 1 DAGs
[2026-05-14T08:24:25.204+0000] {logging_mixin.py:188} INFO - [2026-05-14T08:24:25.203+0000] {dag.py:3834} INFO - Setting next_dagrun for inegi_playwright to 2026-05-14 00:00:00+00:00, run_after=2026-05-15 00:00:00+00:00
[2026-05-14T08:24:25.266+0000] {processor.py:183} INFO - Processing /opt/airflow/dags/inegi_playwright_dag.py took 0.779 seconds
[2026-05-14T08:24:56.137+0000] {processor.py:161} INFO - Started process (PID=1313) to work on /opt/airflow/dags/inegi_playwright_dag.py
[2026-05-14T08:24:56.141+0000] {processor.py:830} INFO - Processing file /opt/airflow/dags/inegi_playwright_dag.py for tasks to queue
[2026-05-14T08:24:56.144+0000] {logging_mixin.py:188} INFO - [2026-05-14T08:24:56.144+0000] {dagbag.py:540} INFO - Filling up the DagBag from /opt/airflow/dags/inegi_playwright_dag.py
[2026-05-14T08:24:56.219+0000] {processor.py:840} INFO - DAG(s) 'inegi_playwright' retrieved from /opt/airflow/dags/inegi_playwright_dag.py
[2026-05-14T08:24:56.385+0000] {logging_mixin.py:188} INFO - [2026-05-14T08:24:56.384+0000] {dag.py:3047} INFO - Sync 1 DAGs
[2026-05-14T08:24:56.625+0000] {logging_mixin.py:188} INFO - [2026-05-14T08:24:56.614+0000] {dag.py:3834} INFO - Setting next_dagrun for inegi_playwright to 2026-05-14 00:00:00+00:00, run_after=2026-05-15 00:00:00+00:00
[2026-05-14T08:24:56.785+0000] {processor.py:183} INFO - Processing /opt/airflow/dags/inegi_playwright_dag.py took 0.673 seconds
[2026-05-14T08:25:27.192+0000] {processor.py:161} INFO - Started process (PID=1343) to work on /opt/airflow/dags/inegi_playwright_dag.py
[2026-05-14T08:25:27.197+0000] {processor.py:830} INFO - Processing file /opt/airflow/dags/inegi_playwright_dag.py for tasks to queue
[2026-05-14T08:25:27.201+0000] {logging_mixin.py:188} INFO - [2026-05-14T08:25:27.200+0000] {dagbag.py:540} INFO - Filling up the DagBag from /opt/airflow/dags/inegi_playwright_dag.py
[2026-05-14T08:25:27.272+0000] {processor.py:840} INFO - DAG(s) 'inegi_playwright' retrieved from /opt/airflow/dags/inegi_playwright_dag.py
[2026-05-14T08:25:27.344+0000] {logging_mixin.py:188} INFO - [2026-05-14T08:25:27.343+0000] {dag.py:3047} INFO - Sync 1 DAGs
[2026-05-14T08:25:27.411+0000] {logging_mixin.py:188} INFO - [2026-05-14T08:25:27.411+0000] {dag.py:3834} INFO - Setting next_dagrun for inegi_playwright to 2026-05-14 00:00:00+00:00, run_after=2026-05-15 00:00:00+00:00
[2026-05-14T08:25:27.496+0000] {processor.py:183} INFO - Processing /opt/airflow/dags/inegi_playwright_dag.py took 0.317 seconds
[2026-05-14T08:25:59.078+0000] {processor.py:161} INFO - Started process (PID=1380) to work on /opt/airflow/dags/inegi_playwright_dag.py
[2026-05-14T08:25:59.093+0000] {processor.py:830} INFO - Processing file /opt/airflow/dags/inegi_playwright_dag.py for tasks to queue
[2026-05-14T08:25:59.103+0000] {logging_mixin.py:188} INFO - [2026-05-14T08:25:59.102+0000] {dagbag.py:540} INFO - Filling up the DagBag from /opt/airflow/dags/inegi_playwright_dag.py
[2026-05-14T08:25:59.295+0000] {processor.py:840} INFO - DAG(s) 'inegi_playwright' retrieved from /opt/airflow/dags/inegi_playwright_dag.py
[2026-05-14T08:25:59.380+0000] {logging_mixin.py:188} INFO - [2026-05-14T08:25:59.379+0000] {dag.py:3047} INFO - Sync 1 DAGs
[2026-05-14T08:25:59.444+0000] {logging_mixin.py:188} INFO - [2026-05-14T08:25:59.444+0000] {dag.py:3834} INFO - Setting next_dagrun for inegi_playwright to 2026-05-14 00:00:00+00:00, run_after=2026-05-15 00:00:00+00:00
[2026-05-14T08:25:59.502+0000] {processor.py:183} INFO - Processing /opt/airflow/dags/inegi_playwright_dag.py took 0.445 seconds
[2026-05-14T08:26:41.090+0000] {processor.py:161} INFO - Started process (PID=1410) to work on /opt/airflow/dags/inegi_playwright_dag.py
[2026-05-14T08:26:41.109+0000] {processor.py:830} INFO - Processing file /opt/airflow/dags/inegi_playwright_dag.py for tasks to queue
[2026-05-14T08:26:41.131+0000] {logging_mixin.py:188} INFO - [2026-05-14T08:26:41.130+0000] {dagbag.py:540} INFO - Filling up the DagBag from /opt/airflow/dags/inegi_playwright_dag.py
[2026-05-14T08:26:42.001+0000] {processor.py:840} INFO - DAG(s) 'inegi_playwright' retrieved from /opt/airflow/dags/inegi_playwright_dag.py
[2026-05-14T08:26:42.183+0000] {logging_mixin.py:188} INFO - [2026-05-14T08:26:42.173+0000] {dag.py:3047} INFO - Sync 1 DAGs
[2026-05-14T08:26:42.348+0000] {logging_mixin.py:188} INFO - [2026-05-14T08:26:42.347+0000] {dag.py:3834} INFO - Setting next_dagrun for inegi_playwright to 2026-05-14 00:00:00+00:00, run_after=2026-05-15 00:00:00+00:00
[2026-05-14T08:26:42.610+0000] {processor.py:183} INFO - Processing /opt/airflow/dags/inegi_playwright_dag.py took 1.538 seconds
[2026-05-14T08:27:16.293+0000] {processor.py:161} INFO - Started process (PID=1438) to work on /opt/airflow/dags/inegi_playwright_dag.py
[2026-05-14T08:27:16.311+0000] {processor.py:830} INFO - Processing file /opt/airflow/dags/inegi_playwright_dag.py for tasks to queue
[2026-05-14T08:27:16.395+0000] {logging_mixin.py:188} INFO - [2026-05-14T08:27:16.394+0000] {dagbag.py:540} INFO - Filling up the DagBag from /opt/airflow/dags/inegi_playwright_dag.py
[2026-05-14T08:27:17.513+0000] {processor.py:840} INFO - DAG(s) 'inegi_playwright' retrieved from /opt/airflow/dags/inegi_playwright_dag.py
[2026-05-14T08:27:17.696+0000] {logging_mixin.py:188} INFO - [2026-05-14T08:27:17.695+0000] {dag.py:3047} INFO - Sync 1 DAGs
[2026-05-14T08:27:17.921+0000] {logging_mixin.py:188} INFO - [2026-05-14T08:27:17.909+0000] {dag.py:3834} INFO - Setting next_dagrun for inegi_playwright to 2026-05-14 00:00:00+00:00, run_after=2026-05-15 00:00:00+00:00
[2026-05-14T08:27:18.115+0000] {processor.py:183} INFO - Processing /opt/airflow/dags/inegi_playwright_dag.py took 1.847 seconds
[2026-05-14T08:27:53.515+0000] {processor.py:161} INFO - Started process (PID=1473) to work on /opt/airflow/dags/inegi_playwright_dag.py
[2026-05-14T08:27:53.530+0000] {processor.py:830} INFO - Processing file /opt/airflow/dags/inegi_playwright_dag.py for tasks to queue
[2026-05-14T08:27:53.545+0000] {logging_mixin.py:188} INFO - [2026-05-14T08:27:53.533+0000] {dagbag.py:540} INFO - Filling up the DagBag from /opt/airflow/dags/inegi_playwright_dag.py
[2026-05-14T08:27:53.708+0000] {processor.py:840} INFO - DAG(s) 'inegi_playwright' retrieved from /opt/airflow/dags/inegi_playwright_dag.py
[2026-05-14T08:27:53.914+0000] {logging_mixin.py:188} INFO - [2026-05-14T08:27:53.914+0000] {dag.py:3047} INFO - Sync 1 DAGs
[2026-05-14T08:27:54.059+0000] {logging_mixin.py:188} INFO - [2026-05-14T08:27:54.058+0000] {dag.py:3834} INFO - Setting next_dagrun for inegi_playwright to 2026-05-14 00:00:00+00:00, run_after=2026-05-15 00:00:00+00:00
[2026-05-14T08:27:54.209+0000] {processor.py:183} INFO - Processing /opt/airflow/dags/inegi_playwright_dag.py took 0.722 seconds
[2026-05-14T08:28:24.538+0000] {processor.py:161} INFO - Started process (PID=1503) to work on /opt/airflow/dags/inegi_playwright_dag.py
[2026-05-14T08:28:24.555+0000] {processor.py:830} INFO - Processing file /opt/airflow/dags/inegi_playwright_dag.py for tasks to queue
[2026-05-14T08:28:24.563+0000] {logging_mixin.py:188} INFO - [2026-05-14T08:28:24.561+0000] {dagbag.py:540} INFO - Filling up the DagBag from /opt/airflow/dags/inegi_playwright_dag.py
[2026-05-14T08:28:24.787+0000] {processor.py:840} INFO - DAG(s) 'inegi_playwright' retrieved from /opt/airflow/dags/inegi_playwright_dag.py
[2026-05-14T08:28:24.986+0000] {logging_mixin.py:188} INFO - [2026-05-14T08:28:24.985+0000] {dag.py:3047} INFO - Sync 1 DAGs
[2026-05-14T08:28:25.076+0000] {logging_mixin.py:188} INFO - [2026-05-14T08:28:25.075+0000] {dag.py:3834} INFO - Setting next_dagrun for inegi_playwright to 2026-05-14 00:00:00+00:00, run_after=2026-05-15 00:00:00+00:00
[2026-05-14T08:28:25.139+0000] {processor.py:183} INFO - Processing /opt/airflow/dags/inegi_playwright_dag.py took 0.636 seconds
[2026-05-14T08:28:55.513+0000] {processor.py:161} INFO - Started process (PID=1533) to work on /opt/airflow/dags/inegi_playwright_dag.py
[2026-05-14T08:28:55.518+0000] {processor.py:830} INFO - Processing file /opt/airflow/dags/inegi_playwright_dag.py for tasks to queue
[2026-05-14T08:28:55.523+0000] {logging_mixin.py:188} INFO - [2026-05-14T08:28:55.522+0000] {dagbag.py:540} INFO - Filling up the DagBag from /opt/airflow/dags/inegi_playwright_dag.py
[2026-05-14T08:28:55.584+0000] {processor.py:840} INFO - DAG(s) 'inegi_playwright' retrieved from /opt/airflow/dags/inegi_playwright_dag.py
[2026-05-14T08:28:55.663+0000] {logging_mixin.py:188} INFO - [2026-05-14T08:28:55.662+0000] {dag.py:3047} INFO - Sync 1 DAGs
[2026-05-14T08:28:55.735+0000] {logging_mixin.py:188} INFO - [2026-05-14T08:28:55.735+0000] {dag.py:3834} INFO - Setting next_dagrun for inegi_playwright to 2026-05-14 00:00:00+00:00, run_after=2026-05-15 00:00:00+00:00
[2026-05-14T08:28:55.790+0000] {processor.py:183} INFO - Processing /opt/airflow/dags/inegi_playwright_dag.py took 0.290 seconds
[2026-05-14T08:29:26.581+0000] {processor.py:161} INFO - Started process (PID=1563) to work on /opt/airflow/dags/inegi_playwright_dag.py
[2026-05-14T08:29:26.586+0000] {processor.py:830} INFO - Processing file /opt/airflow/dags/inegi_playwright_dag.py for tasks to queue
[2026-05-14T08:29:26.589+0000] {logging_mixin.py:188} INFO - [2026-05-14T08:29:26.588+0000] {dagbag.py:540} INFO - Filling up the DagBag from /opt/airflow/dags/inegi_playwright_dag.py
[2026-05-14T08:29:26.648+0000] {processor.py:840} INFO - DAG(s) 'inegi_playwright' retrieved from /opt/airflow/dags/inegi_playwright_dag.py
[2026-05-14T08:29:26.742+0000] {logging_mixin.py:188} INFO - [2026-05-14T08:29:26.741+0000] {dag.py:3047} INFO - Sync 1 DAGs
[2026-05-14T08:29:26.861+0000] {logging_mixin.py:188} INFO - [2026-05-14T08:29:26.860+0000] {dag.py:3834} INFO - Setting next_dagrun for inegi_playwright to 2026-05-14 00:00:00+00:00, run_after=2026-05-15 00:00:00+00:00
[2026-05-14T08:29:27.029+0000] {processor.py:183} INFO - Processing /opt/airflow/dags/inegi_playwright_dag.py took 0.460 seconds
[2026-05-14T08:29:57.913+0000] {processor.py:161} INFO - Started process (PID=1595) to work on /opt/airflow/dags/inegi_playwright_dag.py
[2026-05-14T08:29:57.916+0000] {processor.py:830} INFO - Processing file /opt/airflow/dags/inegi_playwright_dag.py for tasks to queue
[2026-05-14T08:29:57.919+0000] {logging_mixin.py:188} INFO - [2026-05-14T08:29:57.918+0000] {dagbag.py:540} INFO - Filling up the DagBag from /opt/airflow/dags/inegi_playwright_dag.py
[2026-05-14T08:29:58.002+0000] {processor.py:840} INFO - DAG(s) 'inegi_playwright' retrieved from /opt/airflow/dags/inegi_playwright_dag.py
[2026-05-14T08:29:58.096+0000] {logging_mixin.py:188} INFO - [2026-05-14T08:29:58.096+0000] {dag.py:3047} INFO - Sync 1 DAGs
[2026-05-14T08:29:58.313+0000] {logging_mixin.py:188} INFO - [2026-05-14T08:29:58.310+0000] {dag.py:3834} INFO - Setting next_dagrun for inegi_playwright to 2026-05-14 00:00:00+00:00, run_after=2026-05-15 00:00:00+00:00
[2026-05-14T08:29:58.424+0000] {processor.py:183} INFO - Processing /opt/airflow/dags/inegi_playwright_dag.py took 0.520 seconds
[2026-05-14T08:30:29.450+0000] {processor.py:161} INFO - Started process (PID=1625) to work on /opt/airflow/dags/inegi_playwright_dag.py
[2026-05-14T08:30:29.458+0000] {processor.py:830} INFO - Processing file /opt/airflow/dags/inegi_playwright_dag.py for tasks to queue
[2026-05-14T08:30:29.464+0000] {logging_mixin.py:188} INFO - [2026-05-14T08:30:29.462+0000] {dagbag.py:540} INFO - Filling up the DagBag from /opt/airflow/dags/inegi_playwright_dag.py
[2026-05-14T08:30:29.563+0000] {processor.py:840} INFO - DAG(s) 'inegi_playwright' retrieved from /opt/airflow/dags/inegi_playwright_dag.py
[2026-05-14T08:30:29.796+0000] {logging_mixin.py:188} INFO - [2026-05-14T08:30:29.796+0000] {dag.py:3047} INFO - Sync 1 DAGs
[2026-05-14T08:30:29.864+0000] {logging_mixin.py:188} INFO - [2026-05-14T08:30:29.863+0000] {dag.py:3834} INFO - Setting next_dagrun for inegi_playwright to 2026-05-14 00:00:00+00:00, run_after=2026-05-15 00:00:00+00:00
[2026-05-14T08:30:29.918+0000] {processor.py:183} INFO - Processing /opt/airflow/dags/inegi_playwright_dag.py took 0.480 seconds
[2026-05-14T08:31:01.188+0000] {processor.py:161} INFO - Started process (PID=1655) to work on /opt/airflow/dags/inegi_playwright_dag.py
[2026-05-14T08:31:01.196+0000] {processor.py:830} INFO - Processing file /opt/airflow/dags/inegi_playwright_dag.py for tasks to queue
[2026-05-14T08:31:01.211+0000] {logging_mixin.py:188} INFO - [2026-05-14T08:31:01.210+0000] {dagbag.py:540} INFO - Filling up the DagBag from /opt/airflow/dags/inegi_playwright_dag.py
[2026-05-14T08:31:01.450+0000] {processor.py:840} INFO - DAG(s) 'inegi_playwright' retrieved from /opt/airflow/dags/inegi_playwright_dag.py
[2026-05-14T08:31:01.519+0000] {logging_mixin.py:188} INFO - [2026-05-14T08:31:01.519+0000] {dag.py:3047} INFO - Sync 1 DAGs
[2026-05-14T08:31:01.589+0000] {logging_mixin.py:188} INFO - [2026-05-14T08:31:01.588+0000] {dag.py:3834} INFO - Setting next_dagrun for inegi_playwright to 2026-05-14 00:00:00+00:00, run_after=2026-05-15 00:00:00+00:00
[2026-05-14T08:31:01.638+0000] {processor.py:183} INFO - Processing /opt/airflow/dags/inegi_playwright_dag.py took 0.471 seconds
[2026-05-14T08:31:31.809+0000] {processor.py:161} INFO - Started process (PID=1684) to work on /opt/airflow/dags/inegi_playwright_dag.py
[2026-05-14T08:31:31.812+0000] {processor.py:830} INFO - Processing file /opt/airflow/dags/inegi_playwright_dag.py for tasks to queue
[2026-05-14T08:31:31.815+0000] {logging_mixin.py:188} INFO - [2026-05-14T08:31:31.814+0000] {dagbag.py:540} INFO - Filling up the DagBag from /opt/airflow/dags/inegi_playwright_dag.py
[2026-05-14T08:31:31.877+0000] {processor.py:840} INFO - DAG(s) 'inegi_playwright' retrieved from /opt/airflow/dags/inegi_playwright_dag.py
[2026-05-14T08:31:32.032+0000] {logging_mixin.py:188} INFO - [2026-05-14T08:31:32.031+0000] {dag.py:3047} INFO - Sync 1 DAGs
[2026-05-14T08:31:32.255+0000] {logging_mixin.py:188} INFO - [2026-05-14T08:31:32.255+0000] {dag.py:3834} INFO - Setting next_dagrun for inegi_playwright to 2026-05-14 00:00:00+00:00, run_after=2026-05-15 00:00:00+00:00
[2026-05-14T08:31:32.401+0000] {processor.py:183} INFO - Processing /opt/airflow/dags/inegi_playwright_dag.py took 0.612 seconds
[2026-05-14T08:32:03.180+0000] {processor.py:161} INFO - Started process (PID=1713) to work on /opt/airflow/dags/inegi_playwright_dag.py
[2026-05-14T08:32:03.184+0000] {processor.py:830} INFO - Processing file /opt/airflow/dags/inegi_playwright_dag.py for tasks to queue
[2026-05-14T08:32:03.187+0000] {logging_mixin.py:188} INFO - [2026-05-14T08:32:03.186+0000] {dagbag.py:540} INFO - Filling up the DagBag from /opt/airflow/dags/inegi_playwright_dag.py
[2026-05-14T08:32:03.253+0000] {processor.py:840} INFO - DAG(s) 'inegi_playwright' retrieved from /opt/airflow/dags/inegi_playwright_dag.py
[2026-05-14T08:32:03.380+0000] {logging_mixin.py:188} INFO - [2026-05-14T08:32:03.380+0000] {dag.py:3047} INFO - Sync 1 DAGs
[2026-05-14T08:32:03.485+0000] {logging_mixin.py:188} INFO - [2026-05-14T08:32:03.485+0000] {dag.py:3834} INFO - Setting next_dagrun for inegi_playwright to 2026-05-14 00:00:00+00:00, run_after=2026-05-15 00:00:00+00:00
[2026-05-14T08:32:03.566+0000] {processor.py:183} INFO - Processing /opt/airflow/dags/inegi_playwright_dag.py took 0.398 seconds
[2026-05-14T08:32:34.140+0000] {processor.py:161} INFO - Started process (PID=1743) to work on /opt/airflow/dags/inegi_playwright_dag.py
[2026-05-14T08:32:34.196+0000] {processor.py:830} INFO - Processing file /opt/airflow/dags/inegi_playwright_dag.py for tasks to queue
[2026-05-14T08:32:34.215+0000] {logging_mixin.py:188} INFO - [2026-05-14T08:32:34.214+0000] {dagbag.py:540} INFO - Filling up the DagBag from /opt/airflow/dags/inegi_playwright_dag.py
[2026-05-14T08:32:34.818+0000] {processor.py:840} INFO - DAG(s) 'inegi_playwright' retrieved from /opt/airflow/dags/inegi_playwright_dag.py
[2026-05-14T08:32:34.905+0000] {logging_mixin.py:188} INFO - [2026-05-14T08:32:34.903+0000] {dag.py:3047} INFO - Sync 1 DAGs
[2026-05-14T08:32:34.981+0000] {logging_mixin.py:188} INFO - [2026-05-14T08:32:34.980+0000] {dag.py:3834} INFO - Setting next_dagrun for inegi_playwright to 2026-05-14 00:00:00+00:00, run_after=2026-05-15 00:00:00+00:00
[2026-05-14T08:32:35.034+0000] {processor.py:183} INFO - Processing /opt/airflow/dags/inegi_playwright_dag.py took 0.929 seconds
[2026-05-14T08:33:05.876+0000] {processor.py:161} INFO - Started process (PID=1773) to work on /opt/airflow/dags/inegi_playwright_dag.py
[2026-05-14T08:33:05.885+0000] {processor.py:830} INFO - Processing file /opt/airflow/dags/inegi_playwright_dag.py for tasks to queue
[2026-05-14T08:33:05.911+0000] {logging_mixin.py:188} INFO - [2026-05-14T08:33:05.909+0000] {dagbag.py:540} INFO - Filling up the DagBag from /opt/airflow/dags/inegi_playwright_dag.py
[2026-05-14T08:33:06.133+0000] {processor.py:840} INFO - DAG(s) 'inegi_playwright' retrieved from /opt/airflow/dags/inegi_playwright_dag.py
[2026-05-14T08:33:06.209+0000] {logging_mixin.py:188} INFO - [2026-05-14T08:33:06.209+0000] {dag.py:3047} INFO - Sync 1 DAGs
[2026-05-14T08:33:06.291+0000] {logging_mixin.py:188} INFO - [2026-05-14T08:33:06.290+0000] {dag.py:3834} INFO - Setting next_dagrun for inegi_playwright to 2026-05-14 00:00:00+00:00, run_after=2026-05-15 00:00:00+00:00
[2026-05-14T08:33:06.365+0000] {processor.py:183} INFO - Processing /opt/airflow/dags/inegi_playwright_dag.py took 0.519 seconds
[2026-05-14T08:33:37.357+0000] {processor.py:161} INFO - Started process (PID=1803) to work on /opt/airflow/dags/inegi_playwright_dag.py
[2026-05-14T08:33:37.361+0000] {processor.py:830} INFO - Processing file /opt/airflow/dags/inegi_playwright_dag.py for tasks to queue
[2026-05-14T08:33:37.365+0000] {logging_mixin.py:188} INFO - [2026-05-14T08:33:37.364+0000] {dagbag.py:540} INFO - Filling up the DagBag from /opt/airflow/dags/inegi_playwright_dag.py
[2026-05-14T08:33:37.429+0000] {processor.py:840} INFO - DAG(s) 'inegi_playwright' retrieved from /opt/airflow/dags/inegi_playwright_dag.py
[2026-05-14T08:33:37.508+0000] {logging_mixin.py:188} INFO - [2026-05-14T08:33:37.506+0000] {dag.py:3047} INFO - Sync 1 DAGs
[2026-05-14T08:33:37.588+0000] {logging_mixin.py:188} INFO - [2026-05-14T08:33:37.587+0000] {dag.py:3834} INFO - Setting next_dagrun for inegi_playwright to 2026-05-14 00:00:00+00:00, run_after=2026-05-15 00:00:00+00:00
[2026-05-14T08:33:37.855+0000] {processor.py:183} INFO - Processing /opt/airflow/dags/inegi_playwright_dag.py took 0.511 seconds
[2026-05-14T08:34:23.626+0000] {processor.py:161} INFO - Started process (PID=1830) to work on /opt/airflow/dags/inegi_playwright_dag.py
[2026-05-14T08:34:23.649+0000] {processor.py:830} INFO - Processing file /opt/airflow/dags/inegi_playwright_dag.py for tasks to queue
[2026-05-14T08:34:23.654+0000] {logging_mixin.py:188} INFO - [2026-05-14T08:34:23.653+0000] {dagbag.py:540} INFO - Filling up the DagBag from /opt/airflow/dags/inegi_playwright_dag.py
[2026-05-14T08:34:24.908+0000] {processor.py:840} INFO - DAG(s) 'inegi_playwright' retrieved from /opt/airflow/dags/inegi_playwright_dag.py
[2026-05-14T08:34:25.357+0000] {logging_mixin.py:188} INFO - [2026-05-14T08:34:25.356+0000] {dag.py:3047} INFO - Sync 1 DAGs
[2026-05-14T08:34:26.139+0000] {logging_mixin.py:188} INFO - [2026-05-14T08:34:26.139+0000] {dag.py:3834} INFO - Setting next_dagrun for inegi_playwright to 2026-05-14 00:00:00+00:00, run_after=2026-05-15 00:00:00+00:00
[2026-05-14T08:34:26.664+0000] {processor.py:183} INFO - Processing /opt/airflow/dags/inegi_playwright_dag.py took 3.058 seconds
[2026-05-14T08:34:58.071+0000] {processor.py:161} INFO - Started process (PID=1860) to work on /opt/airflow/dags/inegi_playwright_dag.py
[2026-05-14T08:34:58.084+0000] {processor.py:830} INFO - Processing file /opt/airflow/dags/inegi_playwright_dag.py for tasks to queue
[2026-05-14T08:34:58.103+0000] {logging_mixin.py:188} INFO - [2026-05-14T08:34:58.102+0000] {dagbag.py:540} INFO - Filling up the DagBag from /opt/airflow/dags/inegi_playwright_dag.py
[2026-05-14T08:34:58.256+0000] {processor.py:840} INFO - DAG(s) 'inegi_playwright' retrieved from /opt/airflow/dags/inegi_playwright_dag.py
[2026-05-14T08:34:58.336+0000] {logging_mixin.py:188} INFO - [2026-05-14T08:34:58.336+0000] {dag.py:3047} INFO - Sync 1 DAGs
[2026-05-14T08:34:58.408+0000] {logging_mixin.py:188} INFO - [2026-05-14T08:34:58.407+0000] {dag.py:3834} INFO - Setting next_dagrun for inegi_playwright to 2026-05-14 00:00:00+00:00, run_after=2026-05-15 00:00:00+00:00
[2026-05-14T08:34:58.468+0000] {processor.py:183} INFO - Processing /opt/airflow/dags/inegi_playwright_dag.py took 0.418 seconds
[2026-05-14T08:35:29.570+0000] {processor.py:161} INFO - Started process (PID=1890) to work on /opt/airflow/dags/inegi_playwright_dag.py
[2026-05-14T08:35:29.583+0000] {processor.py:830} INFO - Processing file /opt/airflow/dags/inegi_playwright_dag.py for tasks to queue
[2026-05-14T08:35:29.597+0000] {logging_mixin.py:188} INFO - [2026-05-14T08:35:29.596+0000] {dagbag.py:540} INFO - Filling up the DagBag from /opt/airflow/dags/inegi_playwright_dag.py
[2026-05-14T08:35:29.688+0000] {processor.py:840} INFO - DAG(s) 'inegi_playwright' retrieved from /opt/airflow/dags/inegi_playwright_dag.py
[2026-05-14T08:35:29.772+0000] {logging_mixin.py:188} INFO - [2026-05-14T08:35:29.771+0000] {dag.py:3047} INFO - Sync 1 DAGs
[2026-05-14T08:35:29.850+0000] {logging_mixin.py:188} INFO - [2026-05-14T08:35:29.850+0000] {dag.py:3834} INFO - Setting next_dagrun for inegi_playwright to 2026-05-14 00:00:00+00:00, run_after=2026-05-15 00:00:00+00:00
[2026-05-14T08:35:29.940+0000] {processor.py:183} INFO - Processing /opt/airflow/dags/inegi_playwright_dag.py took 0.391 seconds
[2026-05-14T08:36:01.110+0000] {processor.py:161} INFO - Started process (PID=1920) to work on /opt/airflow/dags/inegi_playwright_dag.py
[2026-05-14T08:36:01.183+0000] {processor.py:830} INFO - Processing file /opt/airflow/dags/inegi_playwright_dag.py for tasks to queue
[2026-05-14T08:36:01.213+0000] {logging_mixin.py:188} INFO - [2026-05-14T08:36:01.212+0000] {dagbag.py:540} INFO - Filling up the DagBag from /opt/airflow/dags/inegi_playwright_dag.py
[2026-05-14T08:36:01.399+0000] {processor.py:840} INFO - DAG(s) 'inegi_playwright' retrieved from /opt/airflow/dags/inegi_playwright_dag.py
[2026-05-14T08:36:01.608+0000] {logging_mixin.py:188} INFO - [2026-05-14T08:36:01.598+0000] {dag.py:3047} INFO - Sync 1 DAGs
[2026-05-14T08:36:01.937+0000] {logging_mixin.py:188} INFO - [2026-05-14T08:36:01.936+0000] {dag.py:3834} INFO - Setting next_dagrun for inegi_playwright to 2026-05-14 00:00:00+00:00, run_after=2026-05-15 00:00:00+00:00
[2026-05-14T08:36:02.671+0000] {processor.py:183} INFO - Processing /opt/airflow/dags/inegi_playwright_dag.py took 1.596 seconds
[2026-05-14T08:36:36.162+0000] {processor.py:161} INFO - Started process (PID=1948) to work on /opt/airflow/dags/inegi_playwright_dag.py
[2026-05-14T08:36:36.195+0000] {processor.py:830} INFO - Processing file /opt/airflow/dags/inegi_playwright_dag.py for tasks to queue
[2026-05-14T08:36:36.220+0000] {logging_mixin.py:188} INFO - [2026-05-14T08:36:36.218+0000] {dagbag.py:540} INFO - Filling up the DagBag from /opt/airflow/dags/inegi_playwright_dag.py
[2026-05-14T08:36:38.600+0000] {processor.py:840} INFO - DAG(s) 'inegi_playwright' retrieved from /opt/airflow/dags/inegi_playwright_dag.py
[2026-05-14T08:36:38.796+0000] {logging_mixin.py:188} INFO - [2026-05-14T08:36:38.796+0000] {dag.py:3047} INFO - Sync 1 DAGs
[2026-05-14T08:36:39.006+0000] {logging_mixin.py:188} INFO - [2026-05-14T08:36:39.005+0000] {dag.py:3834} INFO - Setting next_dagrun for inegi_playwright to 2026-05-14 00:00:00+00:00, run_after=2026-05-15 00:00:00+00:00
[2026-05-14T08:36:39.478+0000] {processor.py:183} INFO - Processing /opt/airflow/dags/inegi_playwright_dag.py took 3.336 seconds
[2026-05-14T08:37:11.161+0000] {processor.py:161} INFO - Started process (PID=1980) to work on /opt/airflow/dags/inegi_playwright_dag.py
[2026-05-14T08:37:11.176+0000] {processor.py:830} INFO - Processing file /opt/airflow/dags/inegi_playwright_dag.py for tasks to queue
[2026-05-14T08:37:11.182+0000] {logging_mixin.py:188} INFO - [2026-05-14T08:37:11.181+0000] {dagbag.py:540} INFO - Filling up the DagBag from /opt/airflow/dags/inegi_playwright_dag.py
[2026-05-14T08:37:11.268+0000] {processor.py:840} INFO - DAG(s) 'inegi_playwright' retrieved from /opt/airflow/dags/inegi_playwright_dag.py
[2026-05-14T08:37:11.364+0000] {logging_mixin.py:188} INFO - [2026-05-14T08:37:11.364+0000] {dag.py:3047} INFO - Sync 1 DAGs
[2026-05-14T08:37:11.522+0000] {logging_mixin.py:188} INFO - [2026-05-14T08:37:11.521+0000] {dag.py:3834} INFO - Setting next_dagrun for inegi_playwright to 2026-05-14 00:00:00+00:00, run_after=2026-05-15 00:00:00+00:00
[2026-05-14T08:37:12.059+0000] {processor.py:183} INFO - Processing /opt/airflow/dags/inegi_playwright_dag.py took 0.907 seconds
[2026-05-14T08:37:42.618+0000] {processor.py:161} INFO - Started process (PID=2010) to work on /opt/airflow/dags/inegi_playwright_dag.py
[2026-05-14T08:37:42.621+0000] {processor.py:830} INFO - Processing file /opt/airflow/dags/inegi_playwright_dag.py for tasks to queue
[2026-05-14T08:37:42.626+0000] {logging_mixin.py:188} INFO - [2026-05-14T08:37:42.625+0000] {dagbag.py:540} INFO - Filling up the DagBag from /opt/airflow/dags/inegi_playwright_dag.py
[2026-05-14T08:37:42.685+0000] {processor.py:840} INFO - DAG(s) 'inegi_playwright' retrieved from /opt/airflow/dags/inegi_playwright_dag.py
[2026-05-14T08:37:42.760+0000] {logging_mixin.py:188} INFO - [2026-05-14T08:37:42.759+0000] {dag.py:3047} INFO - Sync 1 DAGs
[2026-05-14T08:37:42.832+0000] {logging_mixin.py:188} INFO - [2026-05-14T08:37:42.831+0000] {dag.py:3834} INFO - Setting next_dagrun for inegi_playwright to 2026-05-14 00:00:00+00:00, run_after=2026-05-15 00:00:00+00:00
[2026-05-14T08:37:42.889+0000] {processor.py:183} INFO - Processing /opt/airflow/dags/inegi_playwright_dag.py took 0.280 seconds
[2026-05-14T08:38:13.835+0000] {processor.py:161} INFO - Started process (PID=2040) to work on /opt/airflow/dags/inegi_playwright_dag.py
[2026-05-14T08:38:13.859+0000] {processor.py:830} INFO - Processing file /opt/airflow/dags/inegi_playwright_dag.py for tasks to queue
[2026-05-14T08:38:13.868+0000] {logging_mixin.py:188} INFO - [2026-05-14T08:38:13.867+0000] {dagbag.py:540} INFO - Filling up the DagBag from /opt/airflow/dags/inegi_playwright_dag.py
[2026-05-14T08:38:13.950+0000] {processor.py:840} INFO - DAG(s) 'inegi_playwright' retrieved from /opt/airflow/dags/inegi_playwright_dag.py
[2026-05-14T08:38:14.041+0000] {logging_mixin.py:188} INFO - [2026-05-14T08:38:14.040+0000] {dag.py:3047} INFO - Sync 1 DAGs
[2026-05-14T08:38:14.113+0000] {logging_mixin.py:188} INFO - [2026-05-14T08:38:14.113+0000] {dag.py:3834} INFO - Setting next_dagrun for inegi_playwright to 2026-05-14 00:00:00+00:00, run_after=2026-05-15 00:00:00+00:00
[2026-05-14T08:38:14.176+0000] {processor.py:183} INFO - Processing /opt/airflow/dags/inegi_playwright_dag.py took 0.361 seconds
[2026-05-14T08:38:44.459+0000] {processor.py:161} INFO - Started process (PID=2070) to work on /opt/airflow/dags/inegi_playwright_dag.py
[2026-05-14T08:38:44.462+0000] {processor.py:830} INFO - Processing file /opt/airflow/dags/inegi_playwright_dag.py for tasks to queue
[2026-05-14T08:38:44.465+0000] {logging_mixin.py:188} INFO - [2026-05-14T08:38:44.465+0000] {dagbag.py:540} INFO - Filling up the DagBag from /opt/airflow/dags/inegi_playwright_dag.py
[2026-05-14T08:38:44.533+0000] {processor.py:840} INFO - DAG(s) 'inegi_playwright' retrieved from /opt/airflow/dags/inegi_playwright_dag.py
[2026-05-14T08:38:44.689+0000] {logging_mixin.py:188} INFO - [2026-05-14T08:38:44.688+0000] {dag.py:3047} INFO - Sync 1 DAGs
[2026-05-14T08:38:44.911+0000] {logging_mixin.py:188} INFO - [2026-05-14T08:38:44.910+0000] {dag.py:3834} INFO - Setting next_dagrun for inegi_playwright to 2026-05-14 00:00:00+00:00, run_after=2026-05-15 00:00:00+00:00
[2026-05-14T08:38:45.076+0000] {processor.py:183} INFO - Processing /opt/airflow/dags/inegi_playwright_dag.py took 0.630 seconds
[2026-05-14T08:39:15.467+0000] {processor.py:161} INFO - Started process (PID=2100) to work on /opt/airflow/dags/inegi_playwright_dag.py
[2026-05-14T08:39:15.471+0000] {processor.py:830} INFO - Processing file /opt/airflow/dags/inegi_playwright_dag.py for tasks to queue
[2026-05-14T08:39:15.474+0000] {logging_mixin.py:188} INFO - [2026-05-14T08:39:15.473+0000] {dagbag.py:540} INFO - Filling up the DagBag from /opt/airflow/dags/inegi_playwright_dag.py
[2026-05-14T08:39:15.536+0000] {processor.py:840} INFO - DAG(s) 'inegi_playwright' retrieved from /opt/airflow/dags/inegi_playwright_dag.py
[2026-05-14T08:39:15.616+0000] {logging_mixin.py:188} INFO - [2026-05-14T08:39:15.615+0000] {dag.py:3047} INFO - Sync 1 DAGs
[2026-05-14T08:39:15.718+0000] {logging_mixin.py:188} INFO - [2026-05-14T08:39:15.717+0000] {dag.py:3834} INFO - Setting next_dagrun for inegi_playwright to 2026-05-14 00:00:00+00:00, run_after=2026-05-15 00:00:00+00:00
[2026-05-14T08:39:15.783+0000] {processor.py:183} INFO - Processing /opt/airflow/dags/inegi_playwright_dag.py took 0.327 seconds
[2026-05-14T08:39:46.502+0000] {processor.py:161} INFO - Started process (PID=2130) to work on /opt/airflow/dags/inegi_playwright_dag.py
[2026-05-14T08:39:46.512+0000] {processor.py:830} INFO - Processing file /opt/airflow/dags/inegi_playwright_dag.py for tasks to queue
[2026-05-14T08:39:46.517+0000] {logging_mixin.py:188} INFO - [2026-05-14T08:39:46.515+0000] {dagbag.py:540} INFO - Filling up the DagBag from /opt/airflow/dags/inegi_playwright_dag.py
[2026-05-14T08:39:46.677+0000] {processor.py:840} INFO - DAG(s) 'inegi_playwright' retrieved from /opt/airflow/dags/inegi_playwright_dag.py
[2026-05-14T08:39:46.852+0000] {logging_mixin.py:188} INFO - [2026-05-14T08:39:46.851+0000] {dag.py:3047} INFO - Sync 1 DAGs
[2026-05-14T08:39:47.021+0000] {logging_mixin.py:188} INFO - [2026-05-14T08:39:47.018+0000] {dag.py:3834} INFO - Setting next_dagrun for inegi_playwright to 2026-05-14 00:00:00+00:00, run_after=2026-05-15 00:00:00+00:00
[2026-05-14T08:39:47.195+0000] {processor.py:183} INFO - Processing /opt/airflow/dags/inegi_playwright_dag.py took 0.708 seconds
[2026-05-14T08:40:17.938+0000] {processor.py:161} INFO - Started process (PID=2160) to work on /opt/airflow/dags/inegi_playwright_dag.py
[2026-05-14T08:40:17.942+0000] {processor.py:830} INFO - Processing file /opt/airflow/dags/inegi_playwright_dag.py for tasks to queue
[2026-05-14T08:40:17.947+0000] {logging_mixin.py:188} INFO - [2026-05-14T08:40:17.946+0000] {dagbag.py:540} INFO - Filling up the DagBag from /opt/airflow/dags/inegi_playwright_dag.py
[2026-05-14T08:40:18.011+0000] {processor.py:840} INFO - DAG(s) 'inegi_playwright' retrieved from /opt/airflow/dags/inegi_playwright_dag.py
[2026-05-14T08:40:18.093+0000] {logging_mixin.py:188} INFO - [2026-05-14T08:40:18.092+0000] {dag.py:3047} INFO - Sync 1 DAGs
[2026-05-14T08:40:18.182+0000] {logging_mixin.py:188} INFO - [2026-05-14T08:40:18.181+0000] {dag.py:3834} INFO - Setting next_dagrun for inegi_playwright to 2026-05-14 00:00:00+00:00, run_after=2026-05-15 00:00:00+00:00
[2026-05-14T08:40:18.238+0000] {processor.py:183} INFO - Processing /opt/airflow/dags/inegi_playwright_dag.py took 0.313 seconds
[2026-05-14T08:41:00.315+0000] {processor.py:161} INFO - Started process (PID=2190) to work on /opt/airflow/dags/inegi_playwright_dag.py
[2026-05-14T08:41:00.362+0000] {processor.py:830} INFO - Processing file /opt/airflow/dags/inegi_playwright_dag.py for tasks to queue
[2026-05-14T08:41:00.409+0000] {logging_mixin.py:188} INFO - [2026-05-14T08:41:00.408+0000] {dagbag.py:540} INFO - Filling up the DagBag from /opt/airflow/dags/inegi_playwright_dag.py
[2026-05-14T08:41:01.635+0000] {processor.py:840} INFO - DAG(s) 'inegi_playwright' retrieved from /opt/airflow/dags/inegi_playwright_dag.py
[2026-05-14T08:41:01.860+0000] {logging_mixin.py:188} INFO - [2026-05-14T08:41:01.860+0000] {dag.py:3047} INFO - Sync 1 DAGs
[2026-05-14T08:41:02.120+0000] {logging_mixin.py:188} INFO - [2026-05-14T08:41:02.108+0000] {dag.py:3834} INFO - Setting next_dagrun for inegi_playwright to 2026-05-14 00:00:00+00:00, run_after=2026-05-15 00:00:00+00:00
[2026-05-14T08:41:02.535+0000] {processor.py:183} INFO - Processing /opt/airflow/dags/inegi_playwright_dag.py took 2.231 seconds
[2026-05-14T08:41:34.633+0000] {processor.py:161} INFO - Started process (PID=2220) to work on /opt/airflow/dags/inegi_playwright_dag.py
[2026-05-14T08:41:34.669+0000] {processor.py:830} INFO - Processing file /opt/airflow/dags/inegi_playwright_dag.py for tasks to queue
[2026-05-14T08:41:34.691+0000] {logging_mixin.py:188} INFO - [2026-05-14T08:41:34.690+0000] {dagbag.py:540} INFO - Filling up the DagBag from /opt/airflow/dags/inegi_playwright_dag.py
[2026-05-14T08:41:35.457+0000] {processor.py:840} INFO - DAG(s) 'inegi_playwright' retrieved from /opt/airflow/dags/inegi_playwright_dag.py
[2026-05-14T08:41:35.689+0000] {logging_mixin.py:188} INFO - [2026-05-14T08:41:35.688+0000] {dag.py:3047} INFO - Sync 1 DAGs
[2026-05-14T08:41:35.897+0000] {logging_mixin.py:188} INFO - [2026-05-14T08:41:35.896+0000] {dag.py:3834} INFO - Setting next_dagrun for inegi_playwright to 2026-05-14 00:00:00+00:00, run_after=2026-05-15 00:00:00+00:00
[2026-05-14T08:41:36.266+0000] {processor.py:183} INFO - Processing /opt/airflow/dags/inegi_playwright_dag.py took 1.666 seconds
[2026-05-14T08:42:12.722+0000] {processor.py:161} INFO - Started process (PID=2250) to work on /opt/airflow/dags/inegi_playwright_dag.py
[2026-05-14T08:42:12.818+0000] {processor.py:830} INFO - Processing file /opt/airflow/dags/inegi_playwright_dag.py for tasks to queue
[2026-05-14T08:42:12.919+0000] {logging_mixin.py:188} INFO - [2026-05-14T08:42:12.918+0000] {dagbag.py:540} INFO - Filling up the DagBag from /opt/airflow/dags/inegi_playwright_dag.py
[2026-05-14T08:42:15.263+0000] {processor.py:840} INFO - DAG(s) 'inegi_playwright' retrieved from /opt/airflow/dags/inegi_playwright_dag.py
[2026-05-14T08:42:15.874+0000] {logging_mixin.py:188} INFO - [2026-05-14T08:42:15.873+0000] {dag.py:3047} INFO - Sync 1 DAGs
[2026-05-14T08:42:16.335+0000] {logging_mixin.py:188} INFO - [2026-05-14T08:42:16.334+0000] {dag.py:3834} INFO - Setting next_dagrun for inegi_playwright to 2026-05-14 00:00:00+00:00, run_after=2026-05-15 00:00:00+00:00
[2026-05-14T08:42:16.736+0000] {processor.py:183} INFO - Processing /opt/airflow/dags/inegi_playwright_dag.py took 4.233 seconds
[2026-05-14T08:42:48.426+0000] {processor.py:161} INFO - Started process (PID=2280) to work on /opt/airflow/dags/inegi_playwright_dag.py
[2026-05-14T08:42:48.527+0000] {processor.py:830} INFO - Processing file /opt/airflow/dags/inegi_playwright_dag.py for tasks to queue
[2026-05-14T08:42:48.592+0000] {logging_mixin.py:188} INFO - [2026-05-14T08:42:48.591+0000] {dagbag.py:540} INFO - Filling up the DagBag from /opt/airflow/dags/inegi_playwright_dag.py
[2026-05-14T08:42:49.496+0000] {processor.py:840} INFO - DAG(s) 'inegi_playwright' retrieved from /opt/airflow/dags/inegi_playwright_dag.py
[2026-05-14T08:42:49.689+0000] {logging_mixin.py:188} INFO - [2026-05-14T08:42:49.688+0000] {dag.py:3047} INFO - Sync 1 DAGs
[2026-05-14T08:42:49.783+0000] {logging_mixin.py:188} INFO - [2026-05-14T08:42:49.782+0000] {dag.py:3834} INFO - Setting next_dagrun for inegi_playwright to 2026-05-14 00:00:00+00:00, run_after=2026-05-15 00:00:00+00:00
[2026-05-14T08:42:49.870+0000] {processor.py:183} INFO - Processing /opt/airflow/dags/inegi_playwright_dag.py took 1.492 seconds
[2026-05-14T08:43:21.045+0000] {processor.py:161} INFO - Started process (PID=2310) to work on /opt/airflow/dags/inegi_playwright_dag.py
[2026-05-14T08:43:21.050+0000] {processor.py:830} INFO - Processing file /opt/airflow/dags/inegi_playwright_dag.py for tasks to queue
[2026-05-14T08:43:21.055+0000] {logging_mixin.py:188} INFO - [2026-05-14T08:43:21.054+0000] {dagbag.py:540} INFO - Filling up the DagBag from /opt/airflow/dags/inegi_playwright_dag.py
[2026-05-14T08:43:21.247+0000] {processor.py:840} INFO - DAG(s) 'inegi_playwright' retrieved from /opt/airflow/dags/inegi_playwright_dag.py
[2026-05-14T08:43:21.401+0000] {logging_mixin.py:188} INFO - [2026-05-14T08:43:21.400+0000] {dag.py:3047} INFO - Sync 1 DAGs
[2026-05-14T08:43:21.501+0000] {logging_mixin.py:188} INFO - [2026-05-14T08:43:21.501+0000] {dag.py:3834} INFO - Setting next_dagrun for inegi_playwright to 2026-05-14 00:00:00+00:00, run_after=2026-05-15 00:00:00+00:00
[2026-05-14T08:43:21.606+0000] {processor.py:183} INFO - Processing /opt/airflow/dags/inegi_playwright_dag.py took 0.596 seconds
[2026-05-14T08:43:52.515+0000] {processor.py:161} INFO - Started process (PID=2340) to work on /opt/airflow/dags/inegi_playwright_dag.py
[2026-05-14T08:43:52.523+0000] {processor.py:830} INFO - Processing file /opt/airflow/dags/inegi_playwright_dag.py for tasks to queue
[2026-05-14T08:43:52.529+0000] {logging_mixin.py:188} INFO - [2026-05-14T08:43:52.528+0000] {dagbag.py:540} INFO - Filling up the DagBag from /opt/airflow/dags/inegi_playwright_dag.py
[2026-05-14T08:43:52.652+0000] {processor.py:840} INFO - DAG(s) 'inegi_playwright' retrieved from /opt/airflow/dags/inegi_playwright_dag.py
[2026-05-14T08:43:52.965+0000] {logging_mixin.py:188} INFO - [2026-05-14T08:43:52.965+0000] {dag.py:3047} INFO - Sync 1 DAGs
[2026-05-14T08:43:53.187+0000] {logging_mixin.py:188} INFO - [2026-05-14T08:43:53.186+0000] {dag.py:3834} INFO - Setting next_dagrun for inegi_playwright to 2026-05-14 00:00:00+00:00, run_after=2026-05-15 00:00:00+00:00
[2026-05-14T08:43:53.407+0000] {processor.py:183} INFO - Processing /opt/airflow/dags/inegi_playwright_dag.py took 0.907 seconds
[2026-05-14T08:44:24.521+0000] {processor.py:161} INFO - Started process (PID=2370) to work on /opt/airflow/dags/inegi_playwright_dag.py
[2026-05-14T08:44:24.525+0000] {processor.py:830} INFO - Processing file /opt/airflow/dags/inegi_playwright_dag.py for tasks to queue
[2026-05-14T08:44:24.537+0000] {logging_mixin.py:188} INFO - [2026-05-14T08:44:24.536+0000] {dagbag.py:540} INFO - Filling up the DagBag from /opt/airflow/dags/inegi_playwright_dag.py
[2026-05-14T08:44:24.642+0000] {processor.py:840} INFO - DAG(s) 'inegi_playwright' retrieved from /opt/airflow/dags/inegi_playwright_dag.py
[2026-05-14T08:44:24.743+0000] {logging_mixin.py:188} INFO - [2026-05-14T08:44:24.740+0000] {dag.py:3047} INFO - Sync 1 DAGs
[2026-05-14T08:44:24.830+0000] {logging_mixin.py:188} INFO - [2026-05-14T08:44:24.829+0000] {dag.py:3834} INFO - Setting next_dagrun for inegi_playwright to 2026-05-14 00:00:00+00:00, run_after=2026-05-15 00:00:00+00:00
[2026-05-14T08:44:24.910+0000] {processor.py:183} INFO - Processing /opt/airflow/dags/inegi_playwright_dag.py took 0.416 seconds
[2026-05-14T08:44:55.118+0000] {processor.py:161} INFO - Started process (PID=2400) to work on /opt/airflow/dags/inegi_playwright_dag.py
[2026-05-14T08:44:55.123+0000] {processor.py:830} INFO - Processing file /opt/airflow/dags/inegi_playwright_dag.py for tasks to queue
[2026-05-14T08:44:55.126+0000] {logging_mixin.py:188} INFO - [2026-05-14T08:44:55.125+0000] {dagbag.py:540} INFO - Filling up the DagBag from /opt/airflow/dags/inegi_playwright_dag.py
[2026-05-14T08:44:55.206+0000] {processor.py:840} INFO - DAG(s) 'inegi_playwright' retrieved from /opt/airflow/dags/inegi_playwright_dag.py
[2026-05-14T08:44:55.284+0000] {logging_mixin.py:188} INFO - [2026-05-14T08:44:55.284+0000] {dag.py:3047} INFO - Sync 1 DAGs
[2026-05-14T08:44:55.371+0000] {logging_mixin.py:188} INFO - [2026-05-14T08:44:55.370+0000] {dag.py:3834} INFO - Setting next_dagrun for inegi_playwright to 2026-05-14 00:00:00+00:00, run_after=2026-05-15 00:00:00+00:00
[2026-05-14T08:44:55.432+0000] {processor.py:183} INFO - Processing /opt/airflow/dags/inegi_playwright_dag.py took 0.326 seconds
[2026-05-14T08:45:26.545+0000] {processor.py:161} INFO - Started process (PID=2430) to work on /opt/airflow/dags/inegi_playwright_dag.py
[2026-05-14T08:45:26.550+0000] {processor.py:830} INFO - Processing file /opt/airflow/dags/inegi_playwright_dag.py for tasks to queue
[2026-05-14T08:45:26.554+0000] {logging_mixin.py:188} INFO - [2026-05-14T08:45:26.553+0000] {dagbag.py:540} INFO - Filling up the DagBag from /opt/airflow/dags/inegi_playwright_dag.py
[2026-05-14T08:45:26.632+0000] {processor.py:840} INFO - DAG(s) 'inegi_playwright' retrieved from /opt/airflow/dags/inegi_playwright_dag.py
[2026-05-14T08:45:26.720+0000] {logging_mixin.py:188} INFO - [2026-05-14T08:45:26.719+0000] {dag.py:3047} INFO - Sync 1 DAGs
[2026-05-14T08:45:26.836+0000] {logging_mixin.py:188} INFO - [2026-05-14T08:45:26.835+0000] {dag.py:3834} INFO - Setting next_dagrun for inegi_playwright to 2026-05-14 00:00:00+00:00, run_after=2026-05-15 00:00:00+00:00
[2026-05-14T08:45:26.905+0000] {processor.py:183} INFO - Processing /opt/airflow/dags/inegi_playwright_dag.py took 0.375 seconds
[2026-05-14T08:45:57.834+0000] {processor.py:161} INFO - Started process (PID=2460) to work on /opt/airflow/dags/inegi_playwright_dag.py
[2026-05-14T08:45:57.841+0000] {processor.py:830} INFO - Processing file /opt/airflow/dags/inegi_playwright_dag.py for tasks to queue
[2026-05-14T08:45:57.848+0000] {logging_mixin.py:188} INFO - [2026-05-14T08:45:57.845+0000] {dagbag.py:540} INFO - Filling up the DagBag from /opt/airflow/dags/inegi_playwright_dag.py
[2026-05-14T08:45:57.963+0000] {processor.py:840} INFO - DAG(s) 'inegi_playwright' retrieved from /opt/airflow/dags/inegi_playwright_dag.py
[2026-05-14T08:45:58.083+0000] {logging_mixin.py:188} INFO - [2026-05-14T08:45:58.082+0000] {dag.py:3047} INFO - Sync 1 DAGs
[2026-05-14T08:45:58.198+0000] {logging_mixin.py:188} INFO - [2026-05-14T08:45:58.194+0000] {dag.py:3834} INFO - Setting next_dagrun for inegi_playwright to 2026-05-14 00:00:00+00:00, run_after=2026-05-15 00:00:00+00:00
[2026-05-14T08:45:58.382+0000] {processor.py:183} INFO - Processing /opt/airflow/dags/inegi_playwright_dag.py took 0.574 seconds
[2026-05-14T08:46:30.194+0000] {processor.py:161} INFO - Started process (PID=2490) to work on /opt/airflow/dags/inegi_playwright_dag.py
[2026-05-14T08:46:30.218+0000] {processor.py:830} INFO - Processing file /opt/airflow/dags/inegi_playwright_dag.py for tasks to queue
[2026-05-14T08:46:30.223+0000] {logging_mixin.py:188} INFO - [2026-05-14T08:46:30.222+0000] {dagbag.py:540} INFO - Filling up the DagBag from /opt/airflow/dags/inegi_playwright_dag.py
[2026-05-14T08:46:30.359+0000] {processor.py:840} INFO - DAG(s) 'inegi_playwright' retrieved from /opt/airflow/dags/inegi_playwright_dag.py
[2026-05-14T08:46:30.479+0000] {logging_mixin.py:188} INFO - [2026-05-14T08:46:30.478+0000] {dag.py:3047} INFO - Sync 1 DAGs
[2026-05-14T08:46:30.620+0000] {logging_mixin.py:188} INFO - [2026-05-14T08:46:30.619+0000] {dag.py:3834} INFO - Setting next_dagrun for inegi_playwright to 2026-05-14 00:00:00+00:00, run_after=2026-05-15 00:00:00+00:00
[2026-05-14T08:46:30.763+0000] {processor.py:183} INFO - Processing /opt/airflow/dags/inegi_playwright_dag.py took 0.590 seconds
[2026-05-14T08:47:02.543+0000] {processor.py:161} INFO - Started process (PID=2520) to work on /opt/airflow/dags/inegi_playwright_dag.py
[2026-05-14T08:47:02.559+0000] {processor.py:830} INFO - Processing file /opt/airflow/dags/inegi_playwright_dag.py for tasks to queue
[2026-05-14T08:47:02.576+0000] {logging_mixin.py:188} INFO - [2026-05-14T08:47:02.575+0000] {dagbag.py:540} INFO - Filling up the DagBag from /opt/airflow/dags/inegi_playwright_dag.py
[2026-05-14T08:47:02.815+0000] {processor.py:840} INFO - DAG(s) 'inegi_playwright' retrieved from /opt/airflow/dags/inegi_playwright_dag.py
[2026-05-14T08:47:02.936+0000] {logging_mixin.py:188} INFO - [2026-05-14T08:47:02.935+0000] {dag.py:3047} INFO - Sync 1 DAGs
[2026-05-14T08:47:03.040+0000] {logging_mixin.py:188} INFO - [2026-05-14T08:47:03.039+0000] {dag.py:3834} INFO - Setting next_dagrun for inegi_playwright to 2026-05-14 00:00:00+00:00, run_after=2026-05-15 00:00:00+00:00
[2026-05-14T08:47:03.134+0000] {processor.py:183} INFO - Processing /opt/airflow/dags/inegi_playwright_dag.py took 0.625 seconds
[2026-05-14T08:47:34.273+0000] {processor.py:161} INFO - Started process (PID=2550) to work on /opt/airflow/dags/inegi_playwright_dag.py
[2026-05-14T08:47:34.278+0000] {processor.py:830} INFO - Processing file /opt/airflow/dags/inegi_playwright_dag.py for tasks to queue
[2026-05-14T08:47:34.284+0000] {logging_mixin.py:188} INFO - [2026-05-14T08:47:34.283+0000] {dagbag.py:540} INFO - Filling up the DagBag from /opt/airflow/dags/inegi_playwright_dag.py
[2026-05-14T08:47:34.365+0000] {processor.py:840} INFO - DAG(s) 'inegi_playwright' retrieved from /opt/airflow/dags/inegi_playwright_dag.py
[2026-05-14T08:47:34.506+0000] {logging_mixin.py:188} INFO - [2026-05-14T08:47:34.506+0000] {dag.py:3047} INFO - Sync 1 DAGs
[2026-05-14T08:47:34.775+0000] {logging_mixin.py:188} INFO - [2026-05-14T08:47:34.774+0000] {dag.py:3834} INFO - Setting next_dagrun for inegi_playwright to 2026-05-14 00:00:00+00:00, run_after=2026-05-15 00:00:00+00:00
[2026-05-14T08:47:35.069+0000] {processor.py:183} INFO - Processing /opt/airflow/dags/inegi_playwright_dag.py took 0.818 seconds
[2026-05-14T08:48:05.993+0000] {processor.py:161} INFO - Started process (PID=2585) to work on /opt/airflow/dags/inegi_playwright_dag.py
[2026-05-14T08:48:06.003+0000] {processor.py:830} INFO - Processing file /opt/airflow/dags/inegi_playwright_dag.py for tasks to queue
[2026-05-14T08:48:06.008+0000] {logging_mixin.py:188} INFO - [2026-05-14T08:48:06.007+0000] {dagbag.py:540} INFO - Filling up the DagBag from /opt/airflow/dags/inegi_playwright_dag.py
[2026-05-14T08:48:06.166+0000] {processor.py:840} INFO - DAG(s) 'inegi_playwright' retrieved from /opt/airflow/dags/inegi_playwright_dag.py
[2026-05-14T08:48:06.526+0000] {logging_mixin.py:188} INFO - [2026-05-14T08:48:06.526+0000] {dag.py:3047} INFO - Sync 1 DAGs
[2026-05-14T08:48:06.941+0000] {logging_mixin.py:188} INFO - [2026-05-14T08:48:06.940+0000] {dag.py:3834} INFO - Setting next_dagrun for inegi_playwright to 2026-05-14 00:00:00+00:00, run_after=2026-05-15 00:00:00+00:00
[2026-05-14T08:48:07.358+0000] {processor.py:183} INFO - Processing /opt/airflow/dags/inegi_playwright_dag.py took 1.402 seconds
[2026-05-14T08:48:40.553+0000] {processor.py:161} INFO - Started process (PID=2615) to work on /opt/airflow/dags/inegi_playwright_dag.py
[2026-05-14T08:48:40.607+0000] {processor.py:830} INFO - Processing file /opt/airflow/dags/inegi_playwright_dag.py for tasks to queue
[2026-05-14T08:48:40.645+0000] {logging_mixin.py:188} INFO - [2026-05-14T08:48:40.644+0000] {dagbag.py:540} INFO - Filling up the DagBag from /opt/airflow/dags/inegi_playwright_dag.py
[2026-05-14T08:48:42.103+0000] {processor.py:840} INFO - DAG(s) 'inegi_playwright' retrieved from /opt/airflow/dags/inegi_playwright_dag.py
[2026-05-14T08:48:42.341+0000] {logging_mixin.py:188} INFO - [2026-05-14T08:48:42.340+0000] {dag.py:3047} INFO - Sync 1 DAGs
[2026-05-14T08:48:42.610+0000] {logging_mixin.py:188} INFO - [2026-05-14T08:48:42.609+0000] {dag.py:3834} INFO - Setting next_dagrun for inegi_playwright to 2026-05-14 00:00:00+00:00, run_after=2026-05-15 00:00:00+00:00
[2026-05-14T08:48:43.018+0000] {processor.py:183} INFO - Processing /opt/airflow/dags/inegi_playwright_dag.py took 2.486 seconds
[2026-05-14T08:49:21.341+0000] {processor.py:161} INFO - Started process (PID=2645) to work on /opt/airflow/dags/inegi_playwright_dag.py
[2026-05-14T08:49:21.359+0000] {processor.py:830} INFO - Processing file /opt/airflow/dags/inegi_playwright_dag.py for tasks to queue
[2026-05-14T08:49:21.404+0000] {logging_mixin.py:188} INFO - [2026-05-14T08:49:21.403+0000] {dagbag.py:540} INFO - Filling up the DagBag from /opt/airflow/dags/inegi_playwright_dag.py
[2026-05-14T08:49:23.564+0000] {processor.py:840} INFO - DAG(s) 'inegi_playwright' retrieved from /opt/airflow/dags/inegi_playwright_dag.py
[2026-05-14T08:49:23.758+0000] {logging_mixin.py:188} INFO - [2026-05-14T08:49:23.757+0000] {dag.py:3047} INFO - Sync 1 DAGs
[2026-05-14T08:49:23.979+0000] {logging_mixin.py:188} INFO - [2026-05-14T08:49:23.978+0000] {dag.py:3834} INFO - Setting next_dagrun for inegi_playwright to 2026-05-14 00:00:00+00:00, run_after=2026-05-15 00:00:00+00:00
[2026-05-14T08:49:24.263+0000] {processor.py:183} INFO - Processing /opt/airflow/dags/inegi_playwright_dag.py took 2.944 seconds
[2026-05-14T08:49:57.174+0000] {processor.py:161} INFO - Started process (PID=2675) to work on /opt/airflow/dags/inegi_playwright_dag.py
[2026-05-14T08:49:57.253+0000] {processor.py:830} INFO - Processing file /opt/airflow/dags/inegi_playwright_dag.py for tasks to queue
[2026-05-14T08:49:57.273+0000] {logging_mixin.py:188} INFO - [2026-05-14T08:49:57.271+0000] {dagbag.py:540} INFO - Filling up the DagBag from /opt/airflow/dags/inegi_playwright_dag.py
[2026-05-14T08:49:59.886+0000] {processor.py:840} INFO - DAG(s) 'inegi_playwright' retrieved from /opt/airflow/dags/inegi_playwright_dag.py
[2026-05-14T08:50:00.113+0000] {logging_mixin.py:188} INFO - [2026-05-14T08:50:00.113+0000] {dag.py:3047} INFO - Sync 1 DAGs
[2026-05-14T08:50:00.326+0000] {logging_mixin.py:188} INFO - [2026-05-14T08:50:00.325+0000] {dag.py:3834} INFO - Setting next_dagrun for inegi_playwright to 2026-05-14 00:00:00+00:00, run_after=2026-05-15 00:00:00+00:00
[2026-05-14T08:50:00.648+0000] {processor.py:183} INFO - Processing /opt/airflow/dags/inegi_playwright_dag.py took 3.680 seconds
[2026-05-14T08:50:36.239+0000] {processor.py:161} INFO - Started process (PID=2705) to work on /opt/airflow/dags/inegi_playwright_dag.py
[2026-05-14T08:50:36.273+0000] {processor.py:830} INFO - Processing file /opt/airflow/dags/inegi_playwright_dag.py for tasks to queue
[2026-05-14T08:50:36.438+0000] {logging_mixin.py:188} INFO - [2026-05-14T08:50:36.437+0000] {dagbag.py:540} INFO - Filling up the DagBag from /opt/airflow/dags/inegi_playwright_dag.py
[2026-05-14T08:50:38.018+0000] {processor.py:840} INFO - DAG(s) 'inegi_playwright' retrieved from /opt/airflow/dags/inegi_playwright_dag.py
[2026-05-14T08:50:38.254+0000] {logging_mixin.py:188} INFO - [2026-05-14T08:50:38.253+0000] {dag.py:3047} INFO - Sync 1 DAGs
[2026-05-14T08:50:38.451+0000] {logging_mixin.py:188} INFO - [2026-05-14T08:50:38.450+0000] {dag.py:3834} INFO - Setting next_dagrun for inegi_playwright to 2026-05-14 00:00:00+00:00, run_after=2026-05-15 00:00:00+00:00
[2026-05-14T08:50:38.677+0000] {processor.py:183} INFO - Processing /opt/airflow/dags/inegi_playwright_dag.py took 2.455 seconds
[2026-05-14T08:51:13.553+0000] {processor.py:161} INFO - Started process (PID=2735) to work on /opt/airflow/dags/inegi_playwright_dag.py
[2026-05-14T08:51:13.712+0000] {processor.py:830} INFO - Processing file /opt/airflow/dags/inegi_playwright_dag.py for tasks to queue
[2026-05-14T08:51:13.793+0000] {logging_mixin.py:188} INFO - [2026-05-14T08:51:13.792+0000] {dagbag.py:540} INFO - Filling up the DagBag from /opt/airflow/dags/inegi_playwright_dag.py
[2026-05-14T08:51:17.175+0000] {processor.py:840} INFO - DAG(s) 'inegi_playwright' retrieved from /opt/airflow/dags/inegi_playwright_dag.py
[2026-05-14T08:51:17.392+0000] {logging_mixin.py:188} INFO - [2026-05-14T08:51:17.392+0000] {dag.py:3047} INFO - Sync 1 DAGs
[2026-05-14T08:51:17.601+0000] {logging_mixin.py:188} INFO - [2026-05-14T08:51:17.590+0000] {dag.py:3834} INFO - Setting next_dagrun for inegi_playwright to 2026-05-14 00:00:00+00:00, run_after=2026-05-15 00:00:00+00:00
[2026-05-14T08:51:17.778+0000] {processor.py:183} INFO - Processing /opt/airflow/dags/inegi_playwright_dag.py took 4.357 seconds
[2026-05-14T08:51:49.361+0000] {processor.py:161} INFO - Started process (PID=2767) to work on /opt/airflow/dags/inegi_playwright_dag.py
[2026-05-14T08:51:49.460+0000] {processor.py:830} INFO - Processing file /opt/airflow/dags/inegi_playwright_dag.py for tasks to queue
[2026-05-14T08:51:49.498+0000] {logging_mixin.py:188} INFO - [2026-05-14T08:51:49.497+0000] {dagbag.py:540} INFO - Filling up the DagBag from /opt/airflow/dags/inegi_playwright_dag.py
[2026-05-14T08:51:49.698+0000] {processor.py:840} INFO - DAG(s) 'inegi_playwright' retrieved from /opt/airflow/dags/inegi_playwright_dag.py
[2026-05-14T08:51:49.829+0000] {logging_mixin.py:188} INFO - [2026-05-14T08:51:49.828+0000] {dag.py:3047} INFO - Sync 1 DAGs
[2026-05-14T08:51:49.965+0000] {logging_mixin.py:188} INFO - [2026-05-14T08:51:49.965+0000] {dag.py:3834} INFO - Setting next_dagrun for inegi_playwright to 2026-05-14 00:00:00+00:00, run_after=2026-05-15 00:00:00+00:00
[2026-05-14T08:51:50.041+0000] {processor.py:183} INFO - Processing /opt/airflow/dags/inegi_playwright_dag.py took 0.700 seconds
[2026-05-14T08:52:28.242+0000] {processor.py:161} INFO - Started process (PID=2795) to work on /opt/airflow/dags/inegi_playwright_dag.py
[2026-05-14T08:52:28.271+0000] {processor.py:830} INFO - Processing file /opt/airflow/dags/inegi_playwright_dag.py for tasks to queue
[2026-05-14T08:52:28.341+0000] {logging_mixin.py:188} INFO - [2026-05-14T08:52:28.340+0000] {dagbag.py:540} INFO - Filling up the DagBag from /opt/airflow/dags/inegi_playwright_dag.py
[2026-05-14T08:52:29.908+0000] {processor.py:840} INFO - DAG(s) 'inegi_playwright' retrieved from /opt/airflow/dags/inegi_playwright_dag.py
[2026-05-14T08:52:30.296+0000] {logging_mixin.py:188} INFO - [2026-05-14T08:52:30.295+0000] {dag.py:3047} INFO - Sync 1 DAGs
[2026-05-14T08:52:30.814+0000] {logging_mixin.py:188} INFO - [2026-05-14T08:52:30.813+0000] {dag.py:3834} INFO - Setting next_dagrun for inegi_playwright to 2026-05-14 00:00:00+00:00, run_after=2026-05-15 00:00:00+00:00
[2026-05-14T08:52:31.242+0000] {processor.py:183} INFO - Processing /opt/airflow/dags/inegi_playwright_dag.py took 3.009 seconds
[2026-05-14T08:53:02.188+0000] {processor.py:161} INFO - Started process (PID=2825) to work on /opt/airflow/dags/inegi_playwright_dag.py
[2026-05-14T08:53:02.202+0000] {processor.py:830} INFO - Processing file /opt/airflow/dags/inegi_playwright_dag.py for tasks to queue
[2026-05-14T08:53:02.211+0000] {logging_mixin.py:188} INFO - [2026-05-14T08:53:02.210+0000] {dagbag.py:540} INFO - Filling up the DagBag from /opt/airflow/dags/inegi_playwright_dag.py
[2026-05-14T08:53:02.422+0000] {processor.py:840} INFO - DAG(s) 'inegi_playwright' retrieved from /opt/airflow/dags/inegi_playwright_dag.py
[2026-05-14T08:53:02.755+0000] {logging_mixin.py:188} INFO - [2026-05-14T08:53:02.754+0000] {dag.py:3047} INFO - Sync 1 DAGs
[2026-05-14T08:53:03.140+0000] {logging_mixin.py:188} INFO - [2026-05-14T08:53:03.129+0000] {dag.py:3834} INFO - Setting next_dagrun for inegi_playwright to 2026-05-14 00:00:00+00:00, run_after=2026-05-15 00:00:00+00:00
[2026-05-14T08:53:03.657+0000] {processor.py:183} INFO - Processing /opt/airflow/dags/inegi_playwright_dag.py took 1.502 seconds
[2026-05-14T08:53:41.663+0000] {processor.py:161} INFO - Started process (PID=2852) to work on /opt/airflow/dags/inegi_playwright_dag.py
[2026-05-14T08:53:41.743+0000] {processor.py:830} INFO - Processing file /opt/airflow/dags/inegi_playwright_dag.py for tasks to queue
[2026-05-14T08:53:42.015+0000] {logging_mixin.py:188} INFO - [2026-05-14T08:53:42.014+0000] {dagbag.py:540} INFO - Filling up the DagBag from /opt/airflow/dags/inegi_playwright_dag.py
[2026-05-14T08:53:46.312+0000] {processor.py:840} INFO - DAG(s) 'inegi_playwright' retrieved from /opt/airflow/dags/inegi_playwright_dag.py
[2026-05-14T08:53:46.536+0000] {logging_mixin.py:188} INFO - [2026-05-14T08:53:46.524+0000] {dag.py:3047} INFO - Sync 1 DAGs
[2026-05-14T08:53:46.906+0000] {logging_mixin.py:188} INFO - [2026-05-14T08:53:46.905+0000] {dag.py:3834} INFO - Setting next_dagrun for inegi_playwright to 2026-05-14 00:00:00+00:00, run_after=2026-05-15 00:00:00+00:00
[2026-05-14T08:53:47.182+0000] {processor.py:183} INFO - Processing /opt/airflow/dags/inegi_playwright_dag.py took 5.531 seconds
[2026-05-14T08:54:18.315+0000] {processor.py:161} INFO - Started process (PID=2882) to work on /opt/airflow/dags/inegi_playwright_dag.py
[2026-05-14T08:54:18.321+0000] {processor.py:830} INFO - Processing file /opt/airflow/dags/inegi_playwright_dag.py for tasks to queue
[2026-05-14T08:54:18.332+0000] {logging_mixin.py:188} INFO - [2026-05-14T08:54:18.331+0000] {dagbag.py:540} INFO - Filling up the DagBag from /opt/airflow/dags/inegi_playwright_dag.py
[2026-05-14T08:54:18.537+0000] {processor.py:840} INFO - DAG(s) 'inegi_playwright' retrieved from /opt/airflow/dags/inegi_playwright_dag.py
[2026-05-14T08:54:18.628+0000] {logging_mixin.py:188} INFO - [2026-05-14T08:54:18.626+0000] {dag.py:3047} INFO - Sync 1 DAGs
[2026-05-14T08:54:18.787+0000] {logging_mixin.py:188} INFO - [2026-05-14T08:54:18.786+0000] {dag.py:3834} INFO - Setting next_dagrun for inegi_playwright to 2026-05-14 00:00:00+00:00, run_after=2026-05-15 00:00:00+00:00
[2026-05-14T08:54:18.896+0000] {processor.py:183} INFO - Processing /opt/airflow/dags/inegi_playwright_dag.py took 0.613 seconds
[2026-05-14T08:54:49.959+0000] {processor.py:161} INFO - Started process (PID=2912) to work on /opt/airflow/dags/inegi_playwright_dag.py
[2026-05-14T08:54:49.962+0000] {processor.py:830} INFO - Processing file /opt/airflow/dags/inegi_playwright_dag.py for tasks to queue
[2026-05-14T08:54:49.966+0000] {logging_mixin.py:188} INFO - [2026-05-14T08:54:49.964+0000] {dagbag.py:540} INFO - Filling up the DagBag from /opt/airflow/dags/inegi_playwright_dag.py
[2026-05-14T08:54:50.032+0000] {processor.py:840} INFO - DAG(s) 'inegi_playwright' retrieved from /opt/airflow/dags/inegi_playwright_dag.py
[2026-05-14T08:54:50.118+0000] {logging_mixin.py:188} INFO - [2026-05-14T08:54:50.117+0000] {dag.py:3047} INFO - Sync 1 DAGs
[2026-05-14T08:54:50.192+0000] {logging_mixin.py:188} INFO - [2026-05-14T08:54:50.191+0000] {dag.py:3834} INFO - Setting next_dagrun for inegi_playwright to 2026-05-14 00:00:00+00:00, run_after=2026-05-15 00:00:00+00:00
[2026-05-14T08:54:50.251+0000] {processor.py:183} INFO - Processing /opt/airflow/dags/inegi_playwright_dag.py took 0.304 seconds
[2026-05-14T08:55:20.690+0000] {processor.py:161} INFO - Started process (PID=2942) to work on /opt/airflow/dags/inegi_playwright_dag.py
[2026-05-14T08:55:20.695+0000] {processor.py:830} INFO - Processing file /opt/airflow/dags/inegi_playwright_dag.py for tasks to queue
[2026-05-14T08:55:20.700+0000] {logging_mixin.py:188} INFO - [2026-05-14T08:55:20.699+0000] {dagbag.py:540} INFO - Filling up the DagBag from /opt/airflow/dags/inegi_playwright_dag.py
[2026-05-14T08:55:20.804+0000] {processor.py:840} INFO - DAG(s) 'inegi_playwright' retrieved from /opt/airflow/dags/inegi_playwright_dag.py
[2026-05-14T08:55:20.919+0000] {logging_mixin.py:188} INFO - [2026-05-14T08:55:20.918+0000] {dag.py:3047} INFO - Sync 1 DAGs
[2026-05-14T08:55:21.019+0000] {logging_mixin.py:188} INFO - [2026-05-14T08:55:21.019+0000] {dag.py:3834} INFO - Setting next_dagrun for inegi_playwright to 2026-05-14 00:00:00+00:00, run_after=2026-05-15 00:00:00+00:00
[2026-05-14T08:55:21.089+0000] {processor.py:183} INFO - Processing /opt/airflow/dags/inegi_playwright_dag.py took 0.412 seconds
[2026-05-14T08:55:51.386+0000] {processor.py:161} INFO - Started process (PID=2972) to work on /opt/airflow/dags/inegi_playwright_dag.py
[2026-05-14T08:55:51.390+0000] {processor.py:830} INFO - Processing file /opt/airflow/dags/inegi_playwright_dag.py for tasks to queue
[2026-05-14T08:55:51.395+0000] {logging_mixin.py:188} INFO - [2026-05-14T08:55:51.394+0000] {dagbag.py:540} INFO - Filling up the DagBag from /opt/airflow/dags/inegi_playwright_dag.py
[2026-05-14T08:55:51.526+0000] {processor.py:840} INFO - DAG(s) 'inegi_playwright' retrieved from /opt/airflow/dags/inegi_playwright_dag.py
[2026-05-14T08:55:51.673+0000] {logging_mixin.py:188} INFO - [2026-05-14T08:55:51.672+0000] {dag.py:3047} INFO - Sync 1 DAGs
[2026-05-14T08:55:52.063+0000] {logging_mixin.py:188} INFO - [2026-05-14T08:55:52.063+0000] {dag.py:3834} INFO - Setting next_dagrun for inegi_playwright to 2026-05-14 00:00:00+00:00, run_after=2026-05-15 00:00:00+00:00
[2026-05-14T08:55:52.711+0000] {processor.py:183} INFO - Processing /opt/airflow/dags/inegi_playwright_dag.py took 1.339 seconds
[2026-05-14T08:56:23.788+0000] {processor.py:161} INFO - Started process (PID=3002) to work on /opt/airflow/dags/inegi_playwright_dag.py
[2026-05-14T08:56:23.792+0000] {processor.py:830} INFO - Processing file /opt/airflow/dags/inegi_playwright_dag.py for tasks to queue
[2026-05-14T08:56:23.801+0000] {logging_mixin.py:188} INFO - [2026-05-14T08:56:23.800+0000] {dagbag.py:540} INFO - Filling up the DagBag from /opt/airflow/dags/inegi_playwright_dag.py
[2026-05-14T08:56:23.924+0000] {processor.py:840} INFO - DAG(s) 'inegi_playwright' retrieved from /opt/airflow/dags/inegi_playwright_dag.py
[2026-05-14T08:56:24.108+0000] {logging_mixin.py:188} INFO - [2026-05-14T08:56:24.107+0000] {dag.py:3047} INFO - Sync 1 DAGs
[2026-05-14T08:56:24.185+0000] {logging_mixin.py:188} INFO - [2026-05-14T08:56:24.185+0000] {dag.py:3834} INFO - Setting next_dagrun for inegi_playwright to 2026-05-14 00:00:00+00:00, run_after=2026-05-15 00:00:00+00:00
[2026-05-14T08:56:24.238+0000] {processor.py:183} INFO - Processing /opt/airflow/dags/inegi_playwright_dag.py took 0.466 seconds
[2026-05-14T08:56:54.999+0000] {processor.py:161} INFO - Started process (PID=3032) to work on /opt/airflow/dags/inegi_playwright_dag.py
[2026-05-14T08:56:55.016+0000] {processor.py:830} INFO - Processing file /opt/airflow/dags/inegi_playwright_dag.py for tasks to queue
[2026-05-14T08:56:55.023+0000] {logging_mixin.py:188} INFO - [2026-05-14T08:56:55.022+0000] {dagbag.py:540} INFO - Filling up the DagBag from /opt/airflow/dags/inegi_playwright_dag.py
[2026-05-14T08:56:55.326+0000] {processor.py:840} INFO - DAG(s) 'inegi_playwright' retrieved from /opt/airflow/dags/inegi_playwright_dag.py
[2026-05-14T08:56:55.502+0000] {logging_mixin.py:188} INFO - [2026-05-14T08:56:55.501+0000] {dag.py:3047} INFO - Sync 1 DAGs
[2026-05-14T08:56:55.575+0000] {logging_mixin.py:188} INFO - [2026-05-14T08:56:55.574+0000] {dag.py:3834} INFO - Setting next_dagrun for inegi_playwright to 2026-05-14 00:00:00+00:00, run_after=2026-05-15 00:00:00+00:00
[2026-05-14T08:56:55.707+0000] {processor.py:183} INFO - Processing /opt/airflow/dags/inegi_playwright_dag.py took 0.729 seconds
[2026-05-14T08:57:28.425+0000] {processor.py:161} INFO - Started process (PID=3062) to work on /opt/airflow/dags/inegi_playwright_dag.py
[2026-05-14T08:57:28.442+0000] {processor.py:830} INFO - Processing file /opt/airflow/dags/inegi_playwright_dag.py for tasks to queue
[2026-05-14T08:57:28.501+0000] {logging_mixin.py:188} INFO - [2026-05-14T08:57:28.500+0000] {dagbag.py:540} INFO - Filling up the DagBag from /opt/airflow/dags/inegi_playwright_dag.py
[2026-05-14T08:57:28.824+0000] {processor.py:840} INFO - DAG(s) 'inegi_playwright' retrieved from /opt/airflow/dags/inegi_playwright_dag.py
[2026-05-14T08:57:29.112+0000] {logging_mixin.py:188} INFO - [2026-05-14T08:57:29.100+0000] {dag.py:3047} INFO - Sync 1 DAGs
[2026-05-14T08:57:29.495+0000] {logging_mixin.py:188} INFO - [2026-05-14T08:57:29.491+0000] {dag.py:3834} INFO - Setting next_dagrun for inegi_playwright to 2026-05-14 00:00:00+00:00, run_after=2026-05-15 00:00:00+00:00
[2026-05-14T08:57:29.763+0000] {processor.py:183} INFO - Processing /opt/airflow/dags/inegi_playwright_dag.py took 1.415 seconds
[2026-05-14T08:58:01.218+0000] {processor.py:161} INFO - Started process (PID=3092) to work on /opt/airflow/dags/inegi_playwright_dag.py
[2026-05-14T08:58:01.221+0000] {processor.py:830} INFO - Processing file /opt/airflow/dags/inegi_playwright_dag.py for tasks to queue
[2026-05-14T08:58:01.224+0000] {logging_mixin.py:188} INFO - [2026-05-14T08:58:01.223+0000] {dagbag.py:540} INFO - Filling up the DagBag from /opt/airflow/dags/inegi_playwright_dag.py
[2026-05-14T08:58:01.280+0000] {processor.py:840} INFO - DAG(s) 'inegi_playwright' retrieved from /opt/airflow/dags/inegi_playwright_dag.py
[2026-05-14T08:58:01.351+0000] {logging_mixin.py:188} INFO - [2026-05-14T08:58:01.351+0000] {dag.py:3047} INFO - Sync 1 DAGs
[2026-05-14T08:58:01.422+0000] {logging_mixin.py:188} INFO - [2026-05-14T08:58:01.421+0000] {dag.py:3834} INFO - Setting next_dagrun for inegi_playwright to 2026-05-14 00:00:00+00:00, run_after=2026-05-15 00:00:00+00:00
[2026-05-14T08:58:01.501+0000] {processor.py:183} INFO - Processing /opt/airflow/dags/inegi_playwright_dag.py took 0.295 seconds
[2026-05-14T08:58:36.137+0000] {processor.py:161} INFO - Started process (PID=3122) to work on /opt/airflow/dags/inegi_playwright_dag.py
[2026-05-14T08:58:36.151+0000] {processor.py:830} INFO - Processing file /opt/airflow/dags/inegi_playwright_dag.py for tasks to queue
[2026-05-14T08:58:36.206+0000] {logging_mixin.py:188} INFO - [2026-05-14T08:58:36.205+0000] {dagbag.py:540} INFO - Filling up the DagBag from /opt/airflow/dags/inegi_playwright_dag.py
[2026-05-14T08:58:36.470+0000] {processor.py:840} INFO - DAG(s) 'inegi_playwright' retrieved from /opt/airflow/dags/inegi_playwright_dag.py
[2026-05-14T08:58:36.679+0000] {logging_mixin.py:188} INFO - [2026-05-14T08:58:36.678+0000] {dag.py:3047} INFO - Sync 1 DAGs
[2026-05-14T08:58:36.918+0000] {logging_mixin.py:188} INFO - [2026-05-14T08:58:36.917+0000] {dag.py:3834} INFO - Setting next_dagrun for inegi_playwright to 2026-05-14 00:00:00+00:00, run_after=2026-05-15 00:00:00+00:00
[2026-05-14T08:58:37.088+0000] {processor.py:183} INFO - Processing /opt/airflow/dags/inegi_playwright_dag.py took 0.961 seconds
[2026-05-14T08:59:07.684+0000] {processor.py:161} INFO - Started process (PID=3152) to work on /opt/airflow/dags/inegi_playwright_dag.py
[2026-05-14T08:59:07.691+0000] {processor.py:830} INFO - Processing file /opt/airflow/dags/inegi_playwright_dag.py for tasks to queue
[2026-05-14T08:59:07.695+0000] {logging_mixin.py:188} INFO - [2026-05-14T08:59:07.694+0000] {dagbag.py:540} INFO - Filling up the DagBag from /opt/airflow/dags/inegi_playwright_dag.py
[2026-05-14T08:59:07.950+0000] {processor.py:840} INFO - DAG(s) 'inegi_playwright' retrieved from /opt/airflow/dags/inegi_playwright_dag.py
[2026-05-14T08:59:08.110+0000] {logging_mixin.py:188} INFO - [2026-05-14T08:59:08.109+0000] {dag.py:3047} INFO - Sync 1 DAGs
[2026-05-14T08:59:08.303+0000] {logging_mixin.py:188} INFO - [2026-05-14T08:59:08.302+0000] {dag.py:3834} INFO - Setting next_dagrun for inegi_playwright to 2026-05-14 00:00:00+00:00, run_after=2026-05-15 00:00:00+00:00
[2026-05-14T08:59:08.526+0000] {processor.py:183} INFO - Processing /opt/airflow/dags/inegi_playwright_dag.py took 0.873 seconds
[2026-05-14T08:59:39.763+0000] {processor.py:161} INFO - Started process (PID=3182) to work on /opt/airflow/dags/inegi_playwright_dag.py
[2026-05-14T08:59:39.766+0000] {processor.py:830} INFO - Processing file /opt/airflow/dags/inegi_playwright_dag.py for tasks to queue
[2026-05-14T08:59:39.770+0000] {logging_mixin.py:188} INFO - [2026-05-14T08:59:39.769+0000] {dagbag.py:540} INFO - Filling up the DagBag from /opt/airflow/dags/inegi_playwright_dag.py
[2026-05-14T08:59:39.824+0000] {processor.py:840} INFO - DAG(s) 'inegi_playwright' retrieved from /opt/airflow/dags/inegi_playwright_dag.py
[2026-05-14T08:59:39.897+0000] {logging_mixin.py:188} INFO - [2026-05-14T08:59:39.896+0000] {dag.py:3047} INFO - Sync 1 DAGs
[2026-05-14T08:59:39.973+0000] {logging_mixin.py:188} INFO - [2026-05-14T08:59:39.972+0000] {dag.py:3834} INFO - Setting next_dagrun for inegi_playwright to 2026-05-14 00:00:00+00:00, run_after=2026-05-15 00:00:00+00:00
[2026-05-14T08:59:40.027+0000] {processor.py:183} INFO - Processing /opt/airflow/dags/inegi_playwright_dag.py took 0.275 seconds
[2026-05-14T09:00:18.373+0000] {processor.py:161} INFO - Started process (PID=3215) to work on /opt/airflow/dags/inegi_playwright_dag.py
[2026-05-14T09:00:18.413+0000] {processor.py:830} INFO - Processing file /opt/airflow/dags/inegi_playwright_dag.py for tasks to queue
[2026-05-14T09:00:18.420+0000] {logging_mixin.py:188} INFO - [2026-05-14T09:00:18.419+0000] {dagbag.py:540} INFO - Filling up the DagBag from /opt/airflow/dags/inegi_playwright_dag.py
[2026-05-14T09:00:18.962+0000] {processor.py:840} INFO - DAG(s) 'inegi_playwright' retrieved from /opt/airflow/dags/inegi_playwright_dag.py
[2026-05-14T09:00:19.140+0000] {logging_mixin.py:188} INFO - [2026-05-14T09:00:19.139+0000] {dag.py:3047} INFO - Sync 1 DAGs
[2026-05-14T09:00:19.372+0000] {logging_mixin.py:188} INFO - [2026-05-14T09:00:19.367+0000] {dag.py:3834} INFO - Setting next_dagrun for inegi_playwright to 2026-05-14 00:00:00+00:00, run_after=2026-05-15 00:00:00+00:00
[2026-05-14T09:00:19.635+0000] {processor.py:183} INFO - Processing /opt/airflow/dags/inegi_playwright_dag.py took 1.271 seconds
[2026-05-14T09:01:14.029+0000] {processor.py:161} INFO - Started process (PID=3252) to work on /opt/airflow/dags/inegi_playwright_dag.py
[2026-05-14T09:01:14.092+0000] {processor.py:830} INFO - Processing file /opt/airflow/dags/inegi_playwright_dag.py for tasks to queue
[2026-05-14T09:01:14.156+0000] {logging_mixin.py:188} INFO - [2026-05-14T09:01:14.134+0000] {dagbag.py:540} INFO - Filling up the DagBag from /opt/airflow/dags/inegi_playwright_dag.py
[2026-05-14T09:01:17.363+0000] {processor.py:840} INFO - DAG(s) 'inegi_playwright' retrieved from /opt/airflow/dags/inegi_playwright_dag.py
[2026-05-14T09:01:17.550+0000] {logging_mixin.py:188} INFO - [2026-05-14T09:01:17.550+0000] {dag.py:3047} INFO - Sync 1 DAGs
[2026-05-14T09:01:17.741+0000] {logging_mixin.py:188} INFO - [2026-05-14T09:01:17.741+0000] {dag.py:3834} INFO - Setting next_dagrun for inegi_playwright to 2026-05-14 00:00:00+00:00, run_after=2026-05-15 00:00:00+00:00
[2026-05-14T09:01:18.000+0000] {processor.py:183} INFO - Processing /opt/airflow/dags/inegi_playwright_dag.py took 4.035 seconds
[2026-05-14T09:01:49.423+0000] {processor.py:161} INFO - Started process (PID=3282) to work on /opt/airflow/dags/inegi_playwright_dag.py
[2026-05-14T09:01:49.438+0000] {processor.py:830} INFO - Processing file /opt/airflow/dags/inegi_playwright_dag.py for tasks to queue
[2026-05-14T09:01:49.451+0000] {logging_mixin.py:188} INFO - [2026-05-14T09:01:49.440+0000] {dagbag.py:540} INFO - Filling up the DagBag from /opt/airflow/dags/inegi_playwright_dag.py
[2026-05-14T09:01:49.597+0000] {processor.py:840} INFO - DAG(s) 'inegi_playwright' retrieved from /opt/airflow/dags/inegi_playwright_dag.py
[2026-05-14T09:01:49.772+0000] {logging_mixin.py:188} INFO - [2026-05-14T09:01:49.772+0000] {dag.py:3047} INFO - Sync 1 DAGs
[2026-05-14T09:01:49.945+0000] {logging_mixin.py:188} INFO - [2026-05-14T09:01:49.945+0000] {dag.py:3834} INFO - Setting next_dagrun for inegi_playwright to 2026-05-14 00:00:00+00:00, run_after=2026-05-15 00:00:00+00:00
[2026-05-14T09:01:50.061+0000] {processor.py:183} INFO - Processing /opt/airflow/dags/inegi_playwright_dag.py took 0.660 seconds
[2026-05-14T09:02:21.046+0000] {processor.py:161} INFO - Started process (PID=3312) to work on /opt/airflow/dags/inegi_playwright_dag.py
[2026-05-14T09:02:21.052+0000] {processor.py:830} INFO - Processing file /opt/airflow/dags/inegi_playwright_dag.py for tasks to queue
[2026-05-14T09:02:21.057+0000] {logging_mixin.py:188} INFO - [2026-05-14T09:02:21.055+0000] {dagbag.py:540} INFO - Filling up the DagBag from /opt/airflow/dags/inegi_playwright_dag.py
[2026-05-14T09:02:21.148+0000] {processor.py:840} INFO - DAG(s) 'inegi_playwright' retrieved from /opt/airflow/dags/inegi_playwright_dag.py
[2026-05-14T09:02:21.287+0000] {logging_mixin.py:188} INFO - [2026-05-14T09:02:21.284+0000] {dag.py:3047} INFO - Sync 1 DAGs
[2026-05-14T09:02:21.413+0000] {logging_mixin.py:188} INFO - [2026-05-14T09:02:21.412+0000] {dag.py:3834} INFO - Setting next_dagrun for inegi_playwright to 2026-05-14 00:00:00+00:00, run_after=2026-05-15 00:00:00+00:00
[2026-05-14T09:02:21.542+0000] {processor.py:183} INFO - Processing /opt/airflow/dags/inegi_playwright_dag.py took 0.508 seconds
[2026-05-14T09:02:52.938+0000] {processor.py:161} INFO - Started process (PID=3342) to work on /opt/airflow/dags/inegi_playwright_dag.py
[2026-05-14T09:02:52.941+0000] {processor.py:830} INFO - Processing file /opt/airflow/dags/inegi_playwright_dag.py for tasks to queue
[2026-05-14T09:02:52.945+0000] {logging_mixin.py:188} INFO - [2026-05-14T09:02:52.944+0000] {dagbag.py:540} INFO - Filling up the DagBag from /opt/airflow/dags/inegi_playwright_dag.py
[2026-05-14T09:02:53.024+0000] {processor.py:840} INFO - DAG(s) 'inegi_playwright' retrieved from /opt/airflow/dags/inegi_playwright_dag.py
[2026-05-14T09:02:53.104+0000] {logging_mixin.py:188} INFO - [2026-05-14T09:02:53.104+0000] {dag.py:3047} INFO - Sync 1 DAGs
[2026-05-14T09:02:53.181+0000] {logging_mixin.py:188} INFO - [2026-05-14T09:02:53.180+0000] {dag.py:3834} INFO - Setting next_dagrun for inegi_playwright to 2026-05-14 00:00:00+00:00, run_after=2026-05-15 00:00:00+00:00
[2026-05-14T09:02:53.233+0000] {processor.py:183} INFO - Processing /opt/airflow/dags/inegi_playwright_dag.py took 0.310 seconds
[2026-05-14T09:03:24.789+0000] {processor.py:161} INFO - Started process (PID=3372) to work on /opt/airflow/dags/inegi_playwright_dag.py
[2026-05-14T09:03:24.796+0000] {processor.py:830} INFO - Processing file /opt/airflow/dags/inegi_playwright_dag.py for tasks to queue
[2026-05-14T09:03:24.800+0000] {logging_mixin.py:188} INFO - [2026-05-14T09:03:24.799+0000] {dagbag.py:540} INFO - Filling up the DagBag from /opt/airflow/dags/inegi_playwright_dag.py
[2026-05-14T09:03:24.882+0000] {processor.py:840} INFO - DAG(s) 'inegi_playwright' retrieved from /opt/airflow/dags/inegi_playwright_dag.py
[2026-05-14T09:03:24.958+0000] {logging_mixin.py:188} INFO - [2026-05-14T09:03:24.958+0000] {dag.py:3047} INFO - Sync 1 DAGs
[2026-05-14T09:03:25.031+0000] {logging_mixin.py:188} INFO - [2026-05-14T09:03:25.031+0000] {dag.py:3834} INFO - Setting next_dagrun for inegi_playwright to 2026-05-14 00:00:00+00:00, run_after=2026-05-15 00:00:00+00:00
[2026-05-14T09:03:25.105+0000] {processor.py:183} INFO - Processing /opt/airflow/dags/inegi_playwright_dag.py took 0.327 seconds
[2026-05-14T09:03:55.668+0000] {processor.py:161} INFO - Started process (PID=3400) to work on /opt/airflow/dags/inegi_playwright_dag.py
[2026-05-14T09:03:55.674+0000] {processor.py:830} INFO - Processing file /opt/airflow/dags/inegi_playwright_dag.py for tasks to queue
[2026-05-14T09:03:55.679+0000] {logging_mixin.py:188} INFO - [2026-05-14T09:03:55.678+0000] {dagbag.py:540} INFO - Filling up the DagBag from /opt/airflow/dags/inegi_playwright_dag.py
[2026-05-14T09:03:55.767+0000] {processor.py:840} INFO - DAG(s) 'inegi_playwright' retrieved from /opt/airflow/dags/inegi_playwright_dag.py
[2026-05-14T09:03:55.846+0000] {logging_mixin.py:188} INFO - [2026-05-14T09:03:55.846+0000] {dag.py:3047} INFO - Sync 1 DAGs
[2026-05-14T09:03:55.922+0000] {logging_mixin.py:188} INFO - [2026-05-14T09:03:55.922+0000] {dag.py:3834} INFO - Setting next_dagrun for inegi_playwright to 2026-05-14 00:00:00+00:00, run_after=2026-05-15 00:00:00+00:00
[2026-05-14T09:03:56.157+0000] {processor.py:183} INFO - Processing /opt/airflow/dags/inegi_playwright_dag.py took 0.506 seconds
[2026-05-14T09:05:09.907+0000] {processor.py:161} INFO - Started process (PID=3430) to work on /opt/airflow/dags/inegi_playwright_dag.py
[2026-05-14T09:05:10.017+0000] {processor.py:830} INFO - Processing file /opt/airflow/dags/inegi_playwright_dag.py for tasks to queue
[2026-05-14T09:05:10.070+0000] {logging_mixin.py:188} INFO - [2026-05-14T09:05:10.069+0000] {dagbag.py:540} INFO - Filling up the DagBag from /opt/airflow/dags/inegi_playwright_dag.py
[2026-05-14T09:05:12.003+0000] {processor.py:840} INFO - DAG(s) 'inegi_playwright' retrieved from /opt/airflow/dags/inegi_playwright_dag.py
[2026-05-14T09:05:12.191+0000] {logging_mixin.py:188} INFO - [2026-05-14T09:05:12.191+0000] {dag.py:3047} INFO - Sync 1 DAGs
[2026-05-14T09:05:12.417+0000] {logging_mixin.py:188} INFO - [2026-05-14T09:05:12.417+0000] {dag.py:3834} INFO - Setting next_dagrun for inegi_playwright to 2026-05-14 00:00:00+00:00, run_after=2026-05-15 00:00:00+00:00
[2026-05-14T09:05:12.815+0000] {processor.py:183} INFO - Processing /opt/airflow/dags/inegi_playwright_dag.py took 2.929 seconds
[2026-05-14T09:05:43.839+0000] {processor.py:161} INFO - Started process (PID=3462) to work on /opt/airflow/dags/inegi_playwright_dag.py
[2026-05-14T09:05:43.842+0000] {processor.py:830} INFO - Processing file /opt/airflow/dags/inegi_playwright_dag.py for tasks to queue
[2026-05-14T09:05:43.846+0000] {logging_mixin.py:188} INFO - [2026-05-14T09:05:43.845+0000] {dagbag.py:540} INFO - Filling up the DagBag from /opt/airflow/dags/inegi_playwright_dag.py
[2026-05-14T09:05:44.009+0000] {processor.py:840} INFO - DAG(s) 'inegi_playwright' retrieved from /opt/airflow/dags/inegi_playwright_dag.py
[2026-05-14T09:05:44.215+0000] {logging_mixin.py:188} INFO - [2026-05-14T09:05:44.214+0000] {dag.py:3047} INFO - Sync 1 DAGs
[2026-05-14T09:05:44.363+0000] {logging_mixin.py:188} INFO - [2026-05-14T09:05:44.362+0000] {dag.py:3834} INFO - Setting next_dagrun for inegi_playwright to 2026-05-14 00:00:00+00:00, run_after=2026-05-15 00:00:00+00:00
[2026-05-14T09:05:44.490+0000] {processor.py:183} INFO - Processing /opt/airflow/dags/inegi_playwright_dag.py took 0.688 seconds
[2026-05-14T09:06:15.400+0000] {processor.py:161} INFO - Started process (PID=3492) to work on /opt/airflow/dags/inegi_playwright_dag.py
[2026-05-14T09:06:15.404+0000] {processor.py:830} INFO - Processing file /opt/airflow/dags/inegi_playwright_dag.py for tasks to queue
[2026-05-14T09:06:15.407+0000] {logging_mixin.py:188} INFO - [2026-05-14T09:06:15.406+0000] {dagbag.py:540} INFO - Filling up the DagBag from /opt/airflow/dags/inegi_playwright_dag.py
[2026-05-14T09:06:15.468+0000] {processor.py:840} INFO - DAG(s) 'inegi_playwright' retrieved from /opt/airflow/dags/inegi_playwright_dag.py
[2026-05-14T09:06:15.543+0000] {logging_mixin.py:188} INFO - [2026-05-14T09:06:15.543+0000] {dag.py:3047} INFO - Sync 1 DAGs
[2026-05-14T09:06:15.625+0000] {logging_mixin.py:188} INFO - [2026-05-14T09:06:15.624+0000] {dag.py:3834} INFO - Setting next_dagrun for inegi_playwright to 2026-05-14 00:00:00+00:00, run_after=2026-05-15 00:00:00+00:00
[2026-05-14T09:06:15.685+0000] {processor.py:183} INFO - Processing /opt/airflow/dags/inegi_playwright_dag.py took 0.297 seconds
[2026-05-14T09:06:47.291+0000] {processor.py:161} INFO - Started process (PID=3520) to work on /opt/airflow/dags/inegi_playwright_dag.py
[2026-05-14T09:06:47.296+0000] {processor.py:830} INFO - Processing file /opt/airflow/dags/inegi_playwright_dag.py for tasks to queue
[2026-05-14T09:06:47.307+0000] {logging_mixin.py:188} INFO - [2026-05-14T09:06:47.299+0000] {dagbag.py:540} INFO - Filling up the DagBag from /opt/airflow/dags/inegi_playwright_dag.py
[2026-05-14T09:06:48.688+0000] {processor.py:840} INFO - DAG(s) 'inegi_playwright' retrieved from /opt/airflow/dags/inegi_playwright_dag.py
[2026-05-14T09:06:49.016+0000] {logging_mixin.py:188} INFO - [2026-05-14T09:06:49.015+0000] {dag.py:3047} INFO - Sync 1 DAGs
[2026-05-14T09:06:49.224+0000] {logging_mixin.py:188} INFO - [2026-05-14T09:06:49.224+0000] {dag.py:3834} INFO - Setting next_dagrun for inegi_playwright to 2026-05-14 00:00:00+00:00, run_after=2026-05-15 00:00:00+00:00
[2026-05-14T09:06:49.438+0000] {processor.py:183} INFO - Processing /opt/airflow/dags/inegi_playwright_dag.py took 2.168 seconds
[2026-05-14T09:07:20.484+0000] {processor.py:161} INFO - Started process (PID=3550) to work on /opt/airflow/dags/inegi_playwright_dag.py
[2026-05-14T09:07:20.491+0000] {processor.py:830} INFO - Processing file /opt/airflow/dags/inegi_playwright_dag.py for tasks to queue
[2026-05-14T09:07:20.495+0000] {logging_mixin.py:188} INFO - [2026-05-14T09:07:20.495+0000] {dagbag.py:540} INFO - Filling up the DagBag from /opt/airflow/dags/inegi_playwright_dag.py
[2026-05-14T09:07:20.564+0000] {processor.py:840} INFO - DAG(s) 'inegi_playwright' retrieved from /opt/airflow/dags/inegi_playwright_dag.py
[2026-05-14T09:07:20.672+0000] {logging_mixin.py:188} INFO - [2026-05-14T09:07:20.672+0000] {dag.py:3047} INFO - Sync 1 DAGs
[2026-05-14T09:07:20.765+0000] {logging_mixin.py:188} INFO - [2026-05-14T09:07:20.765+0000] {dag.py:3834} INFO - Setting next_dagrun for inegi_playwright to 2026-05-14 00:00:00+00:00, run_after=2026-05-15 00:00:00+00:00
[2026-05-14T09:07:20.877+0000] {processor.py:183} INFO - Processing /opt/airflow/dags/inegi_playwright_dag.py took 0.413 seconds
[2026-05-14T09:07:53.978+0000] {processor.py:161} INFO - Started process (PID=3580) to work on /opt/airflow/dags/inegi_playwright_dag.py
[2026-05-14T09:07:53.998+0000] {processor.py:830} INFO - Processing file /opt/airflow/dags/inegi_playwright_dag.py for tasks to queue
[2026-05-14T09:07:54.014+0000] {logging_mixin.py:188} INFO - [2026-05-14T09:07:54.013+0000] {dagbag.py:540} INFO - Filling up the DagBag from /opt/airflow/dags/inegi_playwright_dag.py
[2026-05-14T09:07:54.170+0000] {processor.py:840} INFO - DAG(s) 'inegi_playwright' retrieved from /opt/airflow/dags/inegi_playwright_dag.py
[2026-05-14T09:07:54.344+0000] {logging_mixin.py:188} INFO - [2026-05-14T09:07:54.343+0000] {dag.py:3047} INFO - Sync 1 DAGs
[2026-05-14T09:07:54.512+0000] {logging_mixin.py:188} INFO - [2026-05-14T09:07:54.511+0000] {dag.py:3834} INFO - Setting next_dagrun for inegi_playwright to 2026-05-14 00:00:00+00:00, run_after=2026-05-15 00:00:00+00:00
[2026-05-14T09:07:54.640+0000] {processor.py:183} INFO - Processing /opt/airflow/dags/inegi_playwright_dag.py took 0.684 seconds
[2026-05-14T09:08:24.907+0000] {processor.py:161} INFO - Started process (PID=3607) to work on /opt/airflow/dags/inegi_playwright_dag.py
[2026-05-14T09:08:24.911+0000] {processor.py:830} INFO - Processing file /opt/airflow/dags/inegi_playwright_dag.py for tasks to queue
[2026-05-14T09:08:24.914+0000] {logging_mixin.py:188} INFO - [2026-05-14T09:08:24.913+0000] {dagbag.py:540} INFO - Filling up the DagBag from /opt/airflow/dags/inegi_playwright_dag.py
[2026-05-14T09:08:24.972+0000] {processor.py:840} INFO - DAG(s) 'inegi_playwright' retrieved from /opt/airflow/dags/inegi_playwright_dag.py
[2026-05-14T09:08:25.054+0000] {logging_mixin.py:188} INFO - [2026-05-14T09:08:25.053+0000] {dag.py:3047} INFO - Sync 1 DAGs
[2026-05-14T09:08:25.123+0000] {logging_mixin.py:188} INFO - [2026-05-14T09:08:25.122+0000] {dag.py:3834} INFO - Setting next_dagrun for inegi_playwright to 2026-05-14 00:00:00+00:00, run_after=2026-05-15 00:00:00+00:00
[2026-05-14T09:08:25.274+0000] {processor.py:183} INFO - Processing /opt/airflow/dags/inegi_playwright_dag.py took 0.378 seconds
[2026-05-14T09:08:56.109+0000] {processor.py:161} INFO - Started process (PID=3637) to work on /opt/airflow/dags/inegi_playwright_dag.py
[2026-05-14T09:08:56.124+0000] {processor.py:830} INFO - Processing file /opt/airflow/dags/inegi_playwright_dag.py for tasks to queue
[2026-05-14T09:08:56.140+0000] {logging_mixin.py:188} INFO - [2026-05-14T09:08:56.139+0000] {dagbag.py:540} INFO - Filling up the DagBag from /opt/airflow/dags/inegi_playwright_dag.py
[2026-05-14T09:08:56.292+0000] {processor.py:840} INFO - DAG(s) 'inegi_playwright' retrieved from /opt/airflow/dags/inegi_playwright_dag.py
[2026-05-14T09:08:56.363+0000] {logging_mixin.py:188} INFO - [2026-05-14T09:08:56.362+0000] {dag.py:3047} INFO - Sync 1 DAGs
[2026-05-14T09:08:56.432+0000] {logging_mixin.py:188} INFO - [2026-05-14T09:08:56.431+0000] {dag.py:3834} INFO - Setting next_dagrun for inegi_playwright to 2026-05-14 00:00:00+00:00, run_after=2026-05-15 00:00:00+00:00
[2026-05-14T09:08:56.495+0000] {processor.py:183} INFO - Processing /opt/airflow/dags/inegi_playwright_dag.py took 0.401 seconds
[2026-05-14T09:09:27.388+0000] {processor.py:161} INFO - Started process (PID=3670) to work on /opt/airflow/dags/inegi_playwright_dag.py
[2026-05-14T09:09:27.392+0000] {processor.py:830} INFO - Processing file /opt/airflow/dags/inegi_playwright_dag.py for tasks to queue
[2026-05-14T09:09:27.395+0000] {logging_mixin.py:188} INFO - [2026-05-14T09:09:27.394+0000] {dagbag.py:540} INFO - Filling up the DagBag from /opt/airflow/dags/inegi_playwright_dag.py
[2026-05-14T09:09:27.495+0000] {processor.py:840} INFO - DAG(s) 'inegi_playwright' retrieved from /opt/airflow/dags/inegi_playwright_dag.py
[2026-05-14T09:09:27.604+0000] {logging_mixin.py:188} INFO - [2026-05-14T09:09:27.603+0000] {dag.py:3047} INFO - Sync 1 DAGs
[2026-05-14T09:09:27.699+0000] {logging_mixin.py:188} INFO - [2026-05-14T09:09:27.699+0000] {dag.py:3834} INFO - Setting next_dagrun for inegi_playwright to 2026-05-14 00:00:00+00:00, run_after=2026-05-15 00:00:00+00:00
[2026-05-14T09:09:27.762+0000] {processor.py:183} INFO - Processing /opt/airflow/dags/inegi_playwright_dag.py took 0.399 seconds
[2026-05-14T09:09:58.662+0000] {processor.py:161} INFO - Started process (PID=3700) to work on /opt/airflow/dags/inegi_playwright_dag.py
[2026-05-14T09:09:58.688+0000] {processor.py:830} INFO - Processing file /opt/airflow/dags/inegi_playwright_dag.py for tasks to queue
[2026-05-14T09:09:58.701+0000] {logging_mixin.py:188} INFO - [2026-05-14T09:09:58.700+0000] {dagbag.py:540} INFO - Filling up the DagBag from /opt/airflow/dags/inegi_playwright_dag.py
[2026-05-14T09:09:58.973+0000] {processor.py:840} INFO - DAG(s) 'inegi_playwright' retrieved from /opt/airflow/dags/inegi_playwright_dag.py
[2026-05-14T09:09:59.301+0000] {logging_mixin.py:188} INFO - [2026-05-14T09:09:59.299+0000] {dag.py:3047} INFO - Sync 1 DAGs
[2026-05-14T09:10:00.047+0000] {logging_mixin.py:188} INFO - [2026-05-14T09:10:00.046+0000] {dag.py:3834} INFO - Setting next_dagrun for inegi_playwright to 2026-05-14 00:00:00+00:00, run_after=2026-05-15 00:00:00+00:00
[2026-05-14T09:10:00.429+0000] {processor.py:183} INFO - Processing /opt/airflow/dags/inegi_playwright_dag.py took 1.796 seconds
[2026-05-14T09:10:31.246+0000] {processor.py:161} INFO - Started process (PID=3732) to work on /opt/airflow/dags/inegi_playwright_dag.py
[2026-05-14T09:10:31.251+0000] {processor.py:830} INFO - Processing file /opt/airflow/dags/inegi_playwright_dag.py for tasks to queue
[2026-05-14T09:10:31.254+0000] {logging_mixin.py:188} INFO - [2026-05-14T09:10:31.253+0000] {dagbag.py:540} INFO - Filling up the DagBag from /opt/airflow/dags/inegi_playwright_dag.py
[2026-05-14T09:10:31.321+0000] {processor.py:840} INFO - DAG(s) 'inegi_playwright' retrieved from /opt/airflow/dags/inegi_playwright_dag.py
[2026-05-14T09:10:31.399+0000] {logging_mixin.py:188} INFO - [2026-05-14T09:10:31.399+0000] {dag.py:3047} INFO - Sync 1 DAGs
[2026-05-14T09:10:31.472+0000] {logging_mixin.py:188} INFO - [2026-05-14T09:10:31.471+0000] {dag.py:3834} INFO - Setting next_dagrun for inegi_playwright to 2026-05-14 00:00:00+00:00, run_after=2026-05-15 00:00:00+00:00
[2026-05-14T09:10:31.538+0000] {processor.py:183} INFO - Processing /opt/airflow/dags/inegi_playwright_dag.py took 0.304 seconds
[2026-05-14T09:11:03.876+0000] {processor.py:161} INFO - Started process (PID=3760) to work on /opt/airflow/dags/inegi_playwright_dag.py
[2026-05-14T09:11:03.904+0000] {processor.py:830} INFO - Processing file /opt/airflow/dags/inegi_playwright_dag.py for tasks to queue
[2026-05-14T09:11:03.908+0000] {logging_mixin.py:188} INFO - [2026-05-14T09:11:03.907+0000] {dagbag.py:540} INFO - Filling up the DagBag from /opt/airflow/dags/inegi_playwright_dag.py
[2026-05-14T09:11:05.615+0000] {processor.py:840} INFO - DAG(s) 'inegi_playwright' retrieved from /opt/airflow/dags/inegi_playwright_dag.py
[2026-05-14T09:11:05.794+0000] {logging_mixin.py:188} INFO - [2026-05-14T09:11:05.783+0000] {dag.py:3047} INFO - Sync 1 DAGs
[2026-05-14T09:11:05.976+0000] {logging_mixin.py:188} INFO - [2026-05-14T09:11:05.975+0000] {dag.py:3834} INFO - Setting next_dagrun for inegi_playwright to 2026-05-14 00:00:00+00:00, run_after=2026-05-15 00:00:00+00:00
[2026-05-14T09:11:06.656+0000] {processor.py:183} INFO - Processing /opt/airflow/dags/inegi_playwright_dag.py took 2.805 seconds
[2026-05-14T09:11:51.066+0000] {processor.py:161} INFO - Started process (PID=3792) to work on /opt/airflow/dags/inegi_playwright_dag.py
[2026-05-14T09:11:51.078+0000] {processor.py:830} INFO - Processing file /opt/airflow/dags/inegi_playwright_dag.py for tasks to queue
[2026-05-14T09:11:51.102+0000] {logging_mixin.py:188} INFO - [2026-05-14T09:11:51.101+0000] {dagbag.py:540} INFO - Filling up the DagBag from /opt/airflow/dags/inegi_playwright_dag.py
[2026-05-14T09:11:53.543+0000] {processor.py:840} INFO - DAG(s) 'inegi_playwright' retrieved from /opt/airflow/dags/inegi_playwright_dag.py
[2026-05-14T09:11:53.770+0000] {logging_mixin.py:188} INFO - [2026-05-14T09:11:53.760+0000] {dag.py:3047} INFO - Sync 1 DAGs
[2026-05-14T09:11:54.033+0000] {logging_mixin.py:188} INFO - [2026-05-14T09:11:54.032+0000] {dag.py:3834} INFO - Setting next_dagrun for inegi_playwright to 2026-05-14 00:00:00+00:00, run_after=2026-05-15 00:00:00+00:00
[2026-05-14T09:11:54.397+0000] {processor.py:183} INFO - Processing /opt/airflow/dags/inegi_playwright_dag.py took 3.340 seconds
[2026-05-14T09:12:30.355+0000] {processor.py:161} INFO - Started process (PID=3822) to work on /opt/airflow/dags/inegi_playwright_dag.py
[2026-05-14T09:12:30.406+0000] {processor.py:830} INFO - Processing file /opt/airflow/dags/inegi_playwright_dag.py for tasks to queue
[2026-05-14T09:12:30.453+0000] {logging_mixin.py:188} INFO - [2026-05-14T09:12:30.452+0000] {dagbag.py:540} INFO - Filling up the DagBag from /opt/airflow/dags/inegi_playwright_dag.py
[2026-05-14T09:12:32.509+0000] {processor.py:840} INFO - DAG(s) 'inegi_playwright' retrieved from /opt/airflow/dags/inegi_playwright_dag.py
[2026-05-14T09:12:32.596+0000] {logging_mixin.py:188} INFO - [2026-05-14T09:12:32.596+0000] {dag.py:3047} INFO - Sync 1 DAGs
[2026-05-14T09:12:32.666+0000] {logging_mixin.py:188} INFO - [2026-05-14T09:12:32.665+0000] {dag.py:3834} INFO - Setting next_dagrun for inegi_playwright to 2026-05-14 00:00:00+00:00, run_after=2026-05-15 00:00:00+00:00
[2026-05-14T09:12:32.729+0000] {processor.py:183} INFO - Processing /opt/airflow/dags/inegi_playwright_dag.py took 2.393 seconds
[2026-05-14T09:13:03.325+0000] {processor.py:161} INFO - Started process (PID=3852) to work on /opt/airflow/dags/inegi_playwright_dag.py
[2026-05-14T09:13:03.340+0000] {processor.py:830} INFO - Processing file /opt/airflow/dags/inegi_playwright_dag.py for tasks to queue
[2026-05-14T09:13:03.357+0000] {logging_mixin.py:188} INFO - [2026-05-14T09:13:03.356+0000] {dagbag.py:540} INFO - Filling up the DagBag from /opt/airflow/dags/inegi_playwright_dag.py
[2026-05-14T09:13:04.141+0000] {processor.py:840} INFO - DAG(s) 'inegi_playwright' retrieved from /opt/airflow/dags/inegi_playwright_dag.py
[2026-05-14T09:13:04.355+0000] {logging_mixin.py:188} INFO - [2026-05-14T09:13:04.354+0000] {dag.py:3047} INFO - Sync 1 DAGs
[2026-05-14T09:13:04.719+0000] {logging_mixin.py:188} INFO - [2026-05-14T09:13:04.719+0000] {dag.py:3834} INFO - Setting next_dagrun for inegi_playwright to 2026-05-14 00:00:00+00:00, run_after=2026-05-15 00:00:00+00:00
[2026-05-14T09:13:04.967+0000] {processor.py:183} INFO - Processing /opt/airflow/dags/inegi_playwright_dag.py took 1.679 seconds
[2026-05-14T09:13:36.102+0000] {processor.py:161} INFO - Started process (PID=3882) to work on /opt/airflow/dags/inegi_playwright_dag.py
[2026-05-14T09:13:36.116+0000] {processor.py:830} INFO - Processing file /opt/airflow/dags/inegi_playwright_dag.py for tasks to queue
[2026-05-14T09:13:36.124+0000] {logging_mixin.py:188} INFO - [2026-05-14T09:13:36.123+0000] {dagbag.py:540} INFO - Filling up the DagBag from /opt/airflow/dags/inegi_playwright_dag.py
[2026-05-14T09:13:36.224+0000] {processor.py:840} INFO - DAG(s) 'inegi_playwright' retrieved from /opt/airflow/dags/inegi_playwright_dag.py
[2026-05-14T09:13:36.407+0000] {logging_mixin.py:188} INFO - [2026-05-14T09:13:36.406+0000] {dag.py:3047} INFO - Sync 1 DAGs
[2026-05-14T09:13:36.811+0000] {logging_mixin.py:188} INFO - [2026-05-14T09:13:36.800+0000] {dag.py:3834} INFO - Setting next_dagrun for inegi_playwright to 2026-05-14 00:00:00+00:00, run_after=2026-05-15 00:00:00+00:00
[2026-05-14T09:13:36.936+0000] {processor.py:183} INFO - Processing /opt/airflow/dags/inegi_playwright_dag.py took 0.855 seconds
[2026-05-14T09:14:09.113+0000] {processor.py:161} INFO - Started process (PID=3912) to work on /opt/airflow/dags/inegi_playwright_dag.py
[2026-05-14T09:14:09.162+0000] {processor.py:830} INFO - Processing file /opt/airflow/dags/inegi_playwright_dag.py for tasks to queue
[2026-05-14T09:14:09.278+0000] {logging_mixin.py:188} INFO - [2026-05-14T09:14:09.275+0000] {dagbag.py:540} INFO - Filling up the DagBag from /opt/airflow/dags/inegi_playwright_dag.py
[2026-05-14T09:14:10.948+0000] {processor.py:840} INFO - DAG(s) 'inegi_playwright' retrieved from /opt/airflow/dags/inegi_playwright_dag.py
[2026-05-14T09:14:11.227+0000] {logging_mixin.py:188} INFO - [2026-05-14T09:14:11.215+0000] {dag.py:3047} INFO - Sync 1 DAGs
[2026-05-14T09:14:11.510+0000] {logging_mixin.py:188} INFO - [2026-05-14T09:14:11.509+0000] {dag.py:3834} INFO - Setting next_dagrun for inegi_playwright to 2026-05-14 00:00:00+00:00, run_after=2026-05-15 00:00:00+00:00
[2026-05-14T09:14:11.751+0000] {processor.py:183} INFO - Processing /opt/airflow/dags/inegi_playwright_dag.py took 2.731 seconds
[2026-05-14T09:14:42.735+0000] {processor.py:161} INFO - Started process (PID=3942) to work on /opt/airflow/dags/inegi_playwright_dag.py
[2026-05-14T09:14:42.739+0000] {processor.py:830} INFO - Processing file /opt/airflow/dags/inegi_playwright_dag.py for tasks to queue
[2026-05-14T09:14:42.743+0000] {logging_mixin.py:188} INFO - [2026-05-14T09:14:42.742+0000] {dagbag.py:540} INFO - Filling up the DagBag from /opt/airflow/dags/inegi_playwright_dag.py
[2026-05-14T09:14:42.815+0000] {processor.py:840} INFO - DAG(s) 'inegi_playwright' retrieved from /opt/airflow/dags/inegi_playwright_dag.py
[2026-05-14T09:14:42.921+0000] {logging_mixin.py:188} INFO - [2026-05-14T09:14:42.920+0000] {dag.py:3047} INFO - Sync 1 DAGs
[2026-05-14T09:14:43.005+0000] {logging_mixin.py:188} INFO - [2026-05-14T09:14:43.004+0000] {dag.py:3834} INFO - Setting next_dagrun for inegi_playwright to 2026-05-14 00:00:00+00:00, run_after=2026-05-15 00:00:00+00:00
[2026-05-14T09:14:43.062+0000] {processor.py:183} INFO - Processing /opt/airflow/dags/inegi_playwright_dag.py took 0.342 seconds
[2026-05-14T09:15:14.283+0000] {processor.py:161} INFO - Started process (PID=3972) to work on /opt/airflow/dags/inegi_playwright_dag.py
[2026-05-14T09:15:14.312+0000] {processor.py:830} INFO - Processing file /opt/airflow/dags/inegi_playwright_dag.py for tasks to queue
[2026-05-14T09:15:14.347+0000] {logging_mixin.py:188} INFO - [2026-05-14T09:15:14.346+0000] {dagbag.py:540} INFO - Filling up the DagBag from /opt/airflow/dags/inegi_playwright_dag.py
[2026-05-14T09:15:15.149+0000] {processor.py:840} INFO - DAG(s) 'inegi_playwright' retrieved from /opt/airflow/dags/inegi_playwright_dag.py
[2026-05-14T09:15:15.410+0000] {logging_mixin.py:188} INFO - [2026-05-14T09:15:15.406+0000] {dag.py:3047} INFO - Sync 1 DAGs
[2026-05-14T09:15:15.567+0000] {logging_mixin.py:188} INFO - [2026-05-14T09:15:15.567+0000] {dag.py:3834} INFO - Setting next_dagrun for inegi_playwright to 2026-05-14 00:00:00+00:00, run_after=2026-05-15 00:00:00+00:00
[2026-05-14T09:15:15.637+0000] {processor.py:183} INFO - Processing /opt/airflow/dags/inegi_playwright_dag.py took 1.516 seconds
[2026-05-14T09:15:46.374+0000] {processor.py:161} INFO - Started process (PID=4002) to work on /opt/airflow/dags/inegi_playwright_dag.py
[2026-05-14T09:15:46.378+0000] {processor.py:830} INFO - Processing file /opt/airflow/dags/inegi_playwright_dag.py for tasks to queue
[2026-05-14T09:15:46.382+0000] {logging_mixin.py:188} INFO - [2026-05-14T09:15:46.381+0000] {dagbag.py:540} INFO - Filling up the DagBag from /opt/airflow/dags/inegi_playwright_dag.py
[2026-05-14T09:15:46.477+0000] {processor.py:840} INFO - DAG(s) 'inegi_playwright' retrieved from /opt/airflow/dags/inegi_playwright_dag.py
[2026-05-14T09:15:46.594+0000] {logging_mixin.py:188} INFO - [2026-05-14T09:15:46.594+0000] {dag.py:3047} INFO - Sync 1 DAGs
[2026-05-14T09:15:46.682+0000] {logging_mixin.py:188} INFO - [2026-05-14T09:15:46.682+0000] {dag.py:3834} INFO - Setting next_dagrun for inegi_playwright to 2026-05-14 00:00:00+00:00, run_after=2026-05-15 00:00:00+00:00
[2026-05-14T09:15:46.748+0000] {processor.py:183} INFO - Processing /opt/airflow/dags/inegi_playwright_dag.py took 0.396 seconds
[2026-05-14T09:16:17.658+0000] {processor.py:161} INFO - Started process (PID=4032) to work on /opt/airflow/dags/inegi_playwright_dag.py
[2026-05-14T09:16:17.662+0000] {processor.py:830} INFO - Processing file /opt/airflow/dags/inegi_playwright_dag.py for tasks to queue
[2026-05-14T09:16:17.667+0000] {logging_mixin.py:188} INFO - [2026-05-14T09:16:17.665+0000] {dagbag.py:540} INFO - Filling up the DagBag from /opt/airflow/dags/inegi_playwright_dag.py
[2026-05-14T09:16:17.739+0000] {processor.py:840} INFO - DAG(s) 'inegi_playwright' retrieved from /opt/airflow/dags/inegi_playwright_dag.py
[2026-05-14T09:16:17.897+0000] {logging_mixin.py:188} INFO - [2026-05-14T09:16:17.896+0000] {dag.py:3047} INFO - Sync 1 DAGs
[2026-05-14T09:16:18.216+0000] {logging_mixin.py:188} INFO - [2026-05-14T09:16:18.204+0000] {dag.py:3834} INFO - Setting next_dagrun for inegi_playwright to 2026-05-14 00:00:00+00:00, run_after=2026-05-15 00:00:00+00:00
[2026-05-14T09:16:18.432+0000] {processor.py:183} INFO - Processing /opt/airflow/dags/inegi_playwright_dag.py took 0.789 seconds
[2026-05-14T09:16:48.722+0000] {processor.py:161} INFO - Started process (PID=4062) to work on /opt/airflow/dags/inegi_playwright_dag.py
[2026-05-14T09:16:48.731+0000] {processor.py:830} INFO - Processing file /opt/airflow/dags/inegi_playwright_dag.py for tasks to queue
[2026-05-14T09:16:48.739+0000] {logging_mixin.py:188} INFO - [2026-05-14T09:16:48.737+0000] {dagbag.py:540} INFO - Filling up the DagBag from /opt/airflow/dags/inegi_playwright_dag.py
[2026-05-14T09:16:48.881+0000] {processor.py:840} INFO - DAG(s) 'inegi_playwright' retrieved from /opt/airflow/dags/inegi_playwright_dag.py
[2026-05-14T09:16:49.251+0000] {logging_mixin.py:188} INFO - [2026-05-14T09:16:49.247+0000] {dag.py:3047} INFO - Sync 1 DAGs
[2026-05-14T09:16:49.471+0000] {logging_mixin.py:188} INFO - [2026-05-14T09:16:49.470+0000] {dag.py:3834} INFO - Setting next_dagrun for inegi_playwright to 2026-05-14 00:00:00+00:00, run_after=2026-05-15 00:00:00+00:00
[2026-05-14T09:16:49.715+0000] {processor.py:183} INFO - Processing /opt/airflow/dags/inegi_playwright_dag.py took 1.010 seconds
[2026-05-14T09:17:20.695+0000] {processor.py:161} INFO - Started process (PID=4092) to work on /opt/airflow/dags/inegi_playwright_dag.py
[2026-05-14T09:17:20.699+0000] {processor.py:830} INFO - Processing file /opt/airflow/dags/inegi_playwright_dag.py for tasks to queue
[2026-05-14T09:17:20.702+0000] {logging_mixin.py:188} INFO - [2026-05-14T09:17:20.701+0000] {dagbag.py:540} INFO - Filling up the DagBag from /opt/airflow/dags/inegi_playwright_dag.py
[2026-05-14T09:17:20.770+0000] {processor.py:840} INFO - DAG(s) 'inegi_playwright' retrieved from /opt/airflow/dags/inegi_playwright_dag.py
[2026-05-14T09:17:20.850+0000] {logging_mixin.py:188} INFO - [2026-05-14T09:17:20.849+0000] {dag.py:3047} INFO - Sync 1 DAGs
[2026-05-14T09:17:20.950+0000] {logging_mixin.py:188} INFO - [2026-05-14T09:17:20.949+0000] {dag.py:3834} INFO - Setting next_dagrun for inegi_playwright to 2026-05-14 00:00:00+00:00, run_after=2026-05-15 00:00:00+00:00
[2026-05-14T09:17:21.030+0000] {processor.py:183} INFO - Processing /opt/airflow/dags/inegi_playwright_dag.py took 0.349 seconds
[2026-05-14T09:17:52.687+0000] {processor.py:161} INFO - Started process (PID=4122) to work on /opt/airflow/dags/inegi_playwright_dag.py
[2026-05-14T09:17:52.691+0000] {processor.py:830} INFO - Processing file /opt/airflow/dags/inegi_playwright_dag.py for tasks to queue
[2026-05-14T09:17:52.698+0000] {logging_mixin.py:188} INFO - [2026-05-14T09:17:52.697+0000] {dagbag.py:540} INFO - Filling up the DagBag from /opt/airflow/dags/inegi_playwright_dag.py
[2026-05-14T09:17:52.798+0000] {processor.py:840} INFO - DAG(s) 'inegi_playwright' retrieved from /opt/airflow/dags/inegi_playwright_dag.py
[2026-05-14T09:17:52.964+0000] {logging_mixin.py:188} INFO - [2026-05-14T09:17:52.963+0000] {dag.py:3047} INFO - Sync 1 DAGs
[2026-05-14T09:17:53.136+0000] {logging_mixin.py:188} INFO - [2026-05-14T09:17:53.125+0000] {dag.py:3834} INFO - Setting next_dagrun for inegi_playwright to 2026-05-14 00:00:00+00:00, run_after=2026-05-15 00:00:00+00:00
[2026-05-14T09:17:53.285+0000] {processor.py:183} INFO - Processing /opt/airflow/dags/inegi_playwright_dag.py took 0.641 seconds
[2026-05-14T09:18:24.087+0000] {processor.py:161} INFO - Started process (PID=4152) to work on /opt/airflow/dags/inegi_playwright_dag.py
[2026-05-14T09:18:24.096+0000] {processor.py:830} INFO - Processing file /opt/airflow/dags/inegi_playwright_dag.py for tasks to queue
[2026-05-14T09:18:24.104+0000] {logging_mixin.py:188} INFO - [2026-05-14T09:18:24.099+0000] {dagbag.py:540} INFO - Filling up the DagBag from /opt/airflow/dags/inegi_playwright_dag.py
[2026-05-14T09:18:24.561+0000] {processor.py:840} INFO - DAG(s) 'inegi_playwright' retrieved from /opt/airflow/dags/inegi_playwright_dag.py
[2026-05-14T09:18:24.756+0000] {logging_mixin.py:188} INFO - [2026-05-14T09:18:24.756+0000] {dag.py:3047} INFO - Sync 1 DAGs
[2026-05-14T09:18:24.966+0000] {logging_mixin.py:188} INFO - [2026-05-14T09:18:24.966+0000] {dag.py:3834} INFO - Setting next_dagrun for inegi_playwright to 2026-05-14 00:00:00+00:00, run_after=2026-05-15 00:00:00+00:00
[2026-05-14T09:18:25.176+0000] {processor.py:183} INFO - Processing /opt/airflow/dags/inegi_playwright_dag.py took 1.120 seconds
[2026-05-14T09:18:56.727+0000] {processor.py:161} INFO - Started process (PID=4182) to work on /opt/airflow/dags/inegi_playwright_dag.py
[2026-05-14T09:18:56.736+0000] {processor.py:830} INFO - Processing file /opt/airflow/dags/inegi_playwright_dag.py for tasks to queue
[2026-05-14T09:18:56.741+0000] {logging_mixin.py:188} INFO - [2026-05-14T09:18:56.740+0000] {dagbag.py:540} INFO - Filling up the DagBag from /opt/airflow/dags/inegi_playwright_dag.py
[2026-05-14T09:18:56.839+0000] {processor.py:840} INFO - DAG(s) 'inegi_playwright' retrieved from /opt/airflow/dags/inegi_playwright_dag.py
[2026-05-14T09:18:56.992+0000] {logging_mixin.py:188} INFO - [2026-05-14T09:18:56.992+0000] {dag.py:3047} INFO - Sync 1 DAGs
[2026-05-14T09:18:57.071+0000] {logging_mixin.py:188} INFO - [2026-05-14T09:18:57.070+0000] {dag.py:3834} INFO - Setting next_dagrun for inegi_playwright to 2026-05-14 00:00:00+00:00, run_after=2026-05-15 00:00:00+00:00
[2026-05-14T09:18:57.150+0000] {processor.py:183} INFO - Processing /opt/airflow/dags/inegi_playwright_dag.py took 0.442 seconds
[2026-05-14T09:19:28.009+0000] {processor.py:161} INFO - Started process (PID=4212) to work on /opt/airflow/dags/inegi_playwright_dag.py
[2026-05-14T09:19:28.015+0000] {processor.py:830} INFO - Processing file /opt/airflow/dags/inegi_playwright_dag.py for tasks to queue
[2026-05-14T09:19:28.022+0000] {logging_mixin.py:188} INFO - [2026-05-14T09:19:28.020+0000] {dagbag.py:540} INFO - Filling up the DagBag from /opt/airflow/dags/inegi_playwright_dag.py
[2026-05-14T09:19:28.125+0000] {processor.py:840} INFO - DAG(s) 'inegi_playwright' retrieved from /opt/airflow/dags/inegi_playwright_dag.py
[2026-05-14T09:19:28.202+0000] {logging_mixin.py:188} INFO - [2026-05-14T09:19:28.201+0000] {dag.py:3047} INFO - Sync 1 DAGs
[2026-05-14T09:19:28.272+0000] {logging_mixin.py:188} INFO - [2026-05-14T09:19:28.272+0000] {dag.py:3834} INFO - Setting next_dagrun for inegi_playwright to 2026-05-14 00:00:00+00:00, run_after=2026-05-15 00:00:00+00:00
[2026-05-14T09:19:28.345+0000] {processor.py:183} INFO - Processing /opt/airflow/dags/inegi_playwright_dag.py took 0.355 seconds
[2026-05-14T09:19:58.518+0000] {processor.py:161} INFO - Started process (PID=4242) to work on /opt/airflow/dags/inegi_playwright_dag.py
[2026-05-14T09:19:58.521+0000] {processor.py:830} INFO - Processing file /opt/airflow/dags/inegi_playwright_dag.py for tasks to queue
[2026-05-14T09:19:58.524+0000] {logging_mixin.py:188} INFO - [2026-05-14T09:19:58.523+0000] {dagbag.py:540} INFO - Filling up the DagBag from /opt/airflow/dags/inegi_playwright_dag.py
[2026-05-14T09:19:58.581+0000] {processor.py:840} INFO - DAG(s) 'inegi_playwright' retrieved from /opt/airflow/dags/inegi_playwright_dag.py
[2026-05-14T09:19:58.662+0000] {logging_mixin.py:188} INFO - [2026-05-14T09:19:58.661+0000] {dag.py:3047} INFO - Sync 1 DAGs
[2026-05-14T09:19:58.750+0000] {logging_mixin.py:188} INFO - [2026-05-14T09:19:58.750+0000] {dag.py:3834} INFO - Setting next_dagrun for inegi_playwright to 2026-05-14 00:00:00+00:00, run_after=2026-05-15 00:00:00+00:00
[2026-05-14T09:19:58.814+0000] {processor.py:183} INFO - Processing /opt/airflow/dags/inegi_playwright_dag.py took 0.306 seconds
[2026-05-14T09:20:29.790+0000] {processor.py:161} INFO - Started process (PID=4272) to work on /opt/airflow/dags/inegi_playwright_dag.py
[2026-05-14T09:20:29.793+0000] {processor.py:830} INFO - Processing file /opt/airflow/dags/inegi_playwright_dag.py for tasks to queue
[2026-05-14T09:20:29.808+0000] {logging_mixin.py:188} INFO - [2026-05-14T09:20:29.796+0000] {dagbag.py:540} INFO - Filling up the DagBag from /opt/airflow/dags/inegi_playwright_dag.py
[2026-05-14T09:20:29.913+0000] {processor.py:840} INFO - DAG(s) 'inegi_playwright' retrieved from /opt/airflow/dags/inegi_playwright_dag.py
[2026-05-14T09:20:30.004+0000] {logging_mixin.py:188} INFO - [2026-05-14T09:20:30.003+0000] {dag.py:3047} INFO - Sync 1 DAGs
[2026-05-14T09:20:30.123+0000] {logging_mixin.py:188} INFO - [2026-05-14T09:20:30.122+0000] {dag.py:3834} INFO - Setting next_dagrun for inegi_playwright to 2026-05-14 00:00:00+00:00, run_after=2026-05-15 00:00:00+00:00
[2026-05-14T09:20:30.193+0000] {processor.py:183} INFO - Processing /opt/airflow/dags/inegi_playwright_dag.py took 0.428 seconds
[2026-05-14T09:21:01.315+0000] {processor.py:161} INFO - Started process (PID=4302) to work on /opt/airflow/dags/inegi_playwright_dag.py
[2026-05-14T09:21:01.324+0000] {processor.py:830} INFO - Processing file /opt/airflow/dags/inegi_playwright_dag.py for tasks to queue
[2026-05-14T09:21:01.333+0000] {logging_mixin.py:188} INFO - [2026-05-14T09:21:01.332+0000] {dagbag.py:540} INFO - Filling up the DagBag from /opt/airflow/dags/inegi_playwright_dag.py
[2026-05-14T09:21:01.451+0000] {processor.py:840} INFO - DAG(s) 'inegi_playwright' retrieved from /opt/airflow/dags/inegi_playwright_dag.py
[2026-05-14T09:21:01.582+0000] {logging_mixin.py:188} INFO - [2026-05-14T09:21:01.581+0000] {dag.py:3047} INFO - Sync 1 DAGs
[2026-05-14T09:21:01.673+0000] {logging_mixin.py:188} INFO - [2026-05-14T09:21:01.673+0000] {dag.py:3834} INFO - Setting next_dagrun for inegi_playwright to 2026-05-14 00:00:00+00:00, run_after=2026-05-15 00:00:00+00:00
[2026-05-14T09:21:01.733+0000] {processor.py:183} INFO - Processing /opt/airflow/dags/inegi_playwright_dag.py took 0.440 seconds
[2026-05-14T09:21:32.348+0000] {processor.py:161} INFO - Started process (PID=4332) to work on /opt/airflow/dags/inegi_playwright_dag.py
[2026-05-14T09:21:32.355+0000] {processor.py:830} INFO - Processing file /opt/airflow/dags/inegi_playwright_dag.py for tasks to queue
[2026-05-14T09:21:32.358+0000] {logging_mixin.py:188} INFO - [2026-05-14T09:21:32.357+0000] {dagbag.py:540} INFO - Filling up the DagBag from /opt/airflow/dags/inegi_playwright_dag.py
[2026-05-14T09:21:32.436+0000] {processor.py:840} INFO - DAG(s) 'inegi_playwright' retrieved from /opt/airflow/dags/inegi_playwright_dag.py
[2026-05-14T09:21:32.539+0000] {logging_mixin.py:188} INFO - [2026-05-14T09:21:32.538+0000] {dag.py:3047} INFO - Sync 1 DAGs
[2026-05-14T09:21:32.620+0000] {logging_mixin.py:188} INFO - [2026-05-14T09:21:32.619+0000] {dag.py:3834} INFO - Setting next_dagrun for inegi_playwright to 2026-05-14 00:00:00+00:00, run_after=2026-05-15 00:00:00+00:00
[2026-05-14T09:21:32.683+0000] {processor.py:183} INFO - Processing /opt/airflow/dags/inegi_playwright_dag.py took 0.350 seconds
[2026-05-14T09:22:03.054+0000] {processor.py:161} INFO - Started process (PID=4362) to work on /opt/airflow/dags/inegi_playwright_dag.py
[2026-05-14T09:22:03.059+0000] {processor.py:830} INFO - Processing file /opt/airflow/dags/inegi_playwright_dag.py for tasks to queue
[2026-05-14T09:22:03.062+0000] {logging_mixin.py:188} INFO - [2026-05-14T09:22:03.061+0000] {dagbag.py:540} INFO - Filling up the DagBag from /opt/airflow/dags/inegi_playwright_dag.py
[2026-05-14T09:22:03.138+0000] {processor.py:840} INFO - DAG(s) 'inegi_playwright' retrieved from /opt/airflow/dags/inegi_playwright_dag.py
[2026-05-14T09:22:03.230+0000] {logging_mixin.py:188} INFO - [2026-05-14T09:22:03.230+0000] {dag.py:3047} INFO - Sync 1 DAGs
[2026-05-14T09:22:03.319+0000] {logging_mixin.py:188} INFO - [2026-05-14T09:22:03.317+0000] {dag.py:3834} INFO - Setting next_dagrun for inegi_playwright to 2026-05-14 00:00:00+00:00, run_after=2026-05-15 00:00:00+00:00
[2026-05-14T09:22:03.389+0000] {processor.py:183} INFO - Processing /opt/airflow/dags/inegi_playwright_dag.py took 0.351 seconds
[2026-05-14T09:22:34.040+0000] {processor.py:161} INFO - Started process (PID=4392) to work on /opt/airflow/dags/inegi_playwright_dag.py
[2026-05-14T09:22:34.051+0000] {processor.py:830} INFO - Processing file /opt/airflow/dags/inegi_playwright_dag.py for tasks to queue
[2026-05-14T09:22:34.064+0000] {logging_mixin.py:188} INFO - [2026-05-14T09:22:34.058+0000] {dagbag.py:540} INFO - Filling up the DagBag from /opt/airflow/dags/inegi_playwright_dag.py
[2026-05-14T09:22:34.283+0000] {processor.py:840} INFO - DAG(s) 'inegi_playwright' retrieved from /opt/airflow/dags/inegi_playwright_dag.py
[2026-05-14T09:22:34.954+0000] {logging_mixin.py:188} INFO - [2026-05-14T09:22:34.953+0000] {dag.py:3047} INFO - Sync 1 DAGs
[2026-05-14T09:22:35.407+0000] {logging_mixin.py:188} INFO - [2026-05-14T09:22:35.407+0000] {dag.py:3834} INFO - Setting next_dagrun for inegi_playwright to 2026-05-14 00:00:00+00:00, run_after=2026-05-15 00:00:00+00:00
[2026-05-14T09:22:35.497+0000] {processor.py:183} INFO - Processing /opt/airflow/dags/inegi_playwright_dag.py took 1.513 seconds
[2026-05-14T09:23:05.679+0000] {processor.py:161} INFO - Started process (PID=4422) to work on /opt/airflow/dags/inegi_playwright_dag.py
[2026-05-14T09:23:05.682+0000] {processor.py:830} INFO - Processing file /opt/airflow/dags/inegi_playwright_dag.py for tasks to queue
[2026-05-14T09:23:05.685+0000] {logging_mixin.py:188} INFO - [2026-05-14T09:23:05.684+0000] {dagbag.py:540} INFO - Filling up the DagBag from /opt/airflow/dags/inegi_playwright_dag.py
[2026-05-14T09:23:05.765+0000] {processor.py:840} INFO - DAG(s) 'inegi_playwright' retrieved from /opt/airflow/dags/inegi_playwright_dag.py
[2026-05-14T09:23:05.847+0000] {logging_mixin.py:188} INFO - [2026-05-14T09:23:05.846+0000] {dag.py:3047} INFO - Sync 1 DAGs
[2026-05-14T09:23:05.948+0000] {logging_mixin.py:188} INFO - [2026-05-14T09:23:05.947+0000] {dag.py:3834} INFO - Setting next_dagrun for inegi_playwright to 2026-05-14 00:00:00+00:00, run_after=2026-05-15 00:00:00+00:00
[2026-05-14T09:23:06.140+0000] {processor.py:183} INFO - Processing /opt/airflow/dags/inegi_playwright_dag.py took 0.475 seconds
[2026-05-14T09:23:37.326+0000] {processor.py:161} INFO - Started process (PID=4452) to work on /opt/airflow/dags/inegi_playwright_dag.py
[2026-05-14T09:23:37.346+0000] {processor.py:830} INFO - Processing file /opt/airflow/dags/inegi_playwright_dag.py for tasks to queue
[2026-05-14T09:23:37.350+0000] {logging_mixin.py:188} INFO - [2026-05-14T09:23:37.348+0000] {dagbag.py:540} INFO - Filling up the DagBag from /opt/airflow/dags/inegi_playwright_dag.py
[2026-05-14T09:23:37.502+0000] {processor.py:840} INFO - DAG(s) 'inegi_playwright' retrieved from /opt/airflow/dags/inegi_playwright_dag.py
[2026-05-14T09:23:37.797+0000] {logging_mixin.py:188} INFO - [2026-05-14T09:23:37.796+0000] {dag.py:3047} INFO - Sync 1 DAGs
[2026-05-14T09:23:37.944+0000] {logging_mixin.py:188} INFO - [2026-05-14T09:23:37.940+0000] {dag.py:3834} INFO - Setting next_dagrun for inegi_playwright to 2026-05-14 00:00:00+00:00, run_after=2026-05-15 00:00:00+00:00
[2026-05-14T09:23:38.043+0000] {processor.py:183} INFO - Processing /opt/airflow/dags/inegi_playwright_dag.py took 0.749 seconds
[2026-05-14T09:24:08.380+0000] {processor.py:161} INFO - Started process (PID=4482) to work on /opt/airflow/dags/inegi_playwright_dag.py
[2026-05-14T09:24:08.386+0000] {processor.py:830} INFO - Processing file /opt/airflow/dags/inegi_playwright_dag.py for tasks to queue
[2026-05-14T09:24:08.391+0000] {logging_mixin.py:188} INFO - [2026-05-14T09:24:08.390+0000] {dagbag.py:540} INFO - Filling up the DagBag from /opt/airflow/dags/inegi_playwright_dag.py
[2026-05-14T09:24:08.463+0000] {processor.py:840} INFO - DAG(s) 'inegi_playwright' retrieved from /opt/airflow/dags/inegi_playwright_dag.py
[2026-05-14T09:24:08.554+0000] {logging_mixin.py:188} INFO - [2026-05-14T09:24:08.553+0000] {dag.py:3047} INFO - Sync 1 DAGs
[2026-05-14T09:24:08.634+0000] {logging_mixin.py:188} INFO - [2026-05-14T09:24:08.634+0000] {dag.py:3834} INFO - Setting next_dagrun for inegi_playwright to 2026-05-14 00:00:00+00:00, run_after=2026-05-15 00:00:00+00:00
[2026-05-14T09:24:08.692+0000] {processor.py:183} INFO - Processing /opt/airflow/dags/inegi_playwright_dag.py took 0.329 seconds
[2026-05-14T09:24:39.009+0000] {processor.py:161} INFO - Started process (PID=4512) to work on /opt/airflow/dags/inegi_playwright_dag.py
[2026-05-14T09:24:39.012+0000] {processor.py:830} INFO - Processing file /opt/airflow/dags/inegi_playwright_dag.py for tasks to queue
[2026-05-14T09:24:39.015+0000] {logging_mixin.py:188} INFO - [2026-05-14T09:24:39.014+0000] {dagbag.py:540} INFO - Filling up the DagBag from /opt/airflow/dags/inegi_playwright_dag.py
[2026-05-14T09:24:39.070+0000] {processor.py:840} INFO - DAG(s) 'inegi_playwright' retrieved from /opt/airflow/dags/inegi_playwright_dag.py
[2026-05-14T09:24:39.149+0000] {logging_mixin.py:188} INFO - [2026-05-14T09:24:39.148+0000] {dag.py:3047} INFO - Sync 1 DAGs
[2026-05-14T09:24:39.214+0000] {logging_mixin.py:188} INFO - [2026-05-14T09:24:39.213+0000] {dag.py:3834} INFO - Setting next_dagrun for inegi_playwright to 2026-05-14 00:00:00+00:00, run_after=2026-05-15 00:00:00+00:00
[2026-05-14T09:24:39.297+0000] {processor.py:183} INFO - Processing /opt/airflow/dags/inegi_playwright_dag.py took 0.299 seconds
[2026-05-14T09:25:09.657+0000] {processor.py:161} INFO - Started process (PID=4542) to work on /opt/airflow/dags/inegi_playwright_dag.py
[2026-05-14T09:25:09.661+0000] {processor.py:830} INFO - Processing file /opt/airflow/dags/inegi_playwright_dag.py for tasks to queue
[2026-05-14T09:25:09.664+0000] {logging_mixin.py:188} INFO - [2026-05-14T09:25:09.663+0000] {dagbag.py:540} INFO - Filling up the DagBag from /opt/airflow/dags/inegi_playwright_dag.py
[2026-05-14T09:25:09.722+0000] {processor.py:840} INFO - DAG(s) 'inegi_playwright' retrieved from /opt/airflow/dags/inegi_playwright_dag.py
[2026-05-14T09:25:09.792+0000] {logging_mixin.py:188} INFO - [2026-05-14T09:25:09.791+0000] {dag.py:3047} INFO - Sync 1 DAGs
[2026-05-14T09:25:09.860+0000] {logging_mixin.py:188} INFO - [2026-05-14T09:25:09.859+0000] {dag.py:3834} INFO - Setting next_dagrun for inegi_playwright to 2026-05-14 00:00:00+00:00, run_after=2026-05-15 00:00:00+00:00
[2026-05-14T09:25:09.917+0000] {processor.py:183} INFO - Processing /opt/airflow/dags/inegi_playwright_dag.py took 0.270 seconds
[2026-05-14T09:25:41.533+0000] {processor.py:161} INFO - Started process (PID=4572) to work on /opt/airflow/dags/inegi_playwright_dag.py
[2026-05-14T09:25:41.561+0000] {processor.py:830} INFO - Processing file /opt/airflow/dags/inegi_playwright_dag.py for tasks to queue
[2026-05-14T09:25:41.580+0000] {logging_mixin.py:188} INFO - [2026-05-14T09:25:41.578+0000] {dagbag.py:540} INFO - Filling up the DagBag from /opt/airflow/dags/inegi_playwright_dag.py
[2026-05-14T09:25:41.825+0000] {processor.py:840} INFO - DAG(s) 'inegi_playwright' retrieved from /opt/airflow/dags/inegi_playwright_dag.py
[2026-05-14T09:25:42.031+0000] {logging_mixin.py:188} INFO - [2026-05-14T09:25:42.030+0000] {dag.py:3047} INFO - Sync 1 DAGs
[2026-05-14T09:25:42.212+0000] {logging_mixin.py:188} INFO - [2026-05-14T09:25:42.211+0000] {dag.py:3834} INFO - Setting next_dagrun for inegi_playwright to 2026-05-14 00:00:00+00:00, run_after=2026-05-15 00:00:00+00:00
[2026-05-14T09:25:42.440+0000] {processor.py:183} INFO - Processing /opt/airflow/dags/inegi_playwright_dag.py took 0.927 seconds
[2026-05-14T09:26:13.430+0000] {processor.py:161} INFO - Started process (PID=4602) to work on /opt/airflow/dags/inegi_playwright_dag.py
[2026-05-14T09:26:13.437+0000] {processor.py:830} INFO - Processing file /opt/airflow/dags/inegi_playwright_dag.py for tasks to queue
[2026-05-14T09:26:13.440+0000] {logging_mixin.py:188} INFO - [2026-05-14T09:26:13.439+0000] {dagbag.py:540} INFO - Filling up the DagBag from /opt/airflow/dags/inegi_playwright_dag.py
[2026-05-14T09:26:13.545+0000] {processor.py:840} INFO - DAG(s) 'inegi_playwright' retrieved from /opt/airflow/dags/inegi_playwright_dag.py
[2026-05-14T09:26:13.648+0000] {logging_mixin.py:188} INFO - [2026-05-14T09:26:13.647+0000] {dag.py:3047} INFO - Sync 1 DAGs
[2026-05-14T09:26:13.732+0000] {logging_mixin.py:188} INFO - [2026-05-14T09:26:13.731+0000] {dag.py:3834} INFO - Setting next_dagrun for inegi_playwright to 2026-05-14 00:00:00+00:00, run_after=2026-05-15 00:00:00+00:00
[2026-05-14T09:26:13.847+0000] {processor.py:183} INFO - Processing /opt/airflow/dags/inegi_playwright_dag.py took 0.431 seconds
[2026-05-14T09:26:45.200+0000] {processor.py:161} INFO - Started process (PID=4632) to work on /opt/airflow/dags/inegi_playwright_dag.py
[2026-05-14T09:26:45.214+0000] {processor.py:830} INFO - Processing file /opt/airflow/dags/inegi_playwright_dag.py for tasks to queue
[2026-05-14T09:26:45.219+0000] {logging_mixin.py:188} INFO - [2026-05-14T09:26:45.218+0000] {dagbag.py:540} INFO - Filling up the DagBag from /opt/airflow/dags/inegi_playwright_dag.py
[2026-05-14T09:26:45.335+0000] {processor.py:840} INFO - DAG(s) 'inegi_playwright' retrieved from /opt/airflow/dags/inegi_playwright_dag.py
[2026-05-14T09:26:45.424+0000] {logging_mixin.py:188} INFO - [2026-05-14T09:26:45.423+0000] {dag.py:3047} INFO - Sync 1 DAGs
[2026-05-14T09:26:45.513+0000] {logging_mixin.py:188} INFO - [2026-05-14T09:26:45.513+0000] {dag.py:3834} INFO - Setting next_dagrun for inegi_playwright to 2026-05-14 00:00:00+00:00, run_after=2026-05-15 00:00:00+00:00
[2026-05-14T09:26:45.591+0000] {processor.py:183} INFO - Processing /opt/airflow/dags/inegi_playwright_dag.py took 0.425 seconds
[2026-05-14T09:27:16.412+0000] {processor.py:161} INFO - Started process (PID=4662) to work on /opt/airflow/dags/inegi_playwright_dag.py
[2026-05-14T09:27:16.424+0000] {processor.py:830} INFO - Processing file /opt/airflow/dags/inegi_playwright_dag.py for tasks to queue
[2026-05-14T09:27:16.428+0000] {logging_mixin.py:188} INFO - [2026-05-14T09:27:16.427+0000] {dagbag.py:540} INFO - Filling up the DagBag from /opt/airflow/dags/inegi_playwright_dag.py
[2026-05-14T09:27:16.582+0000] {processor.py:840} INFO - DAG(s) 'inegi_playwright' retrieved from /opt/airflow/dags/inegi_playwright_dag.py
[2026-05-14T09:27:16.787+0000] {logging_mixin.py:188} INFO - [2026-05-14T09:27:16.774+0000] {dag.py:3047} INFO - Sync 1 DAGs
[2026-05-14T09:27:16.965+0000] {logging_mixin.py:188} INFO - [2026-05-14T09:27:16.964+0000] {dag.py:3834} INFO - Setting next_dagrun for inegi_playwright to 2026-05-14 00:00:00+00:00, run_after=2026-05-15 00:00:00+00:00
[2026-05-14T09:27:17.267+0000] {processor.py:183} INFO - Processing /opt/airflow/dags/inegi_playwright_dag.py took 0.873 seconds
[2026-05-14T09:27:48.325+0000] {processor.py:161} INFO - Started process (PID=4692) to work on /opt/airflow/dags/inegi_playwright_dag.py
[2026-05-14T09:27:48.330+0000] {processor.py:830} INFO - Processing file /opt/airflow/dags/inegi_playwright_dag.py for tasks to queue
[2026-05-14T09:27:48.334+0000] {logging_mixin.py:188} INFO - [2026-05-14T09:27:48.333+0000] {dagbag.py:540} INFO - Filling up the DagBag from /opt/airflow/dags/inegi_playwright_dag.py
[2026-05-14T09:27:48.442+0000] {processor.py:840} INFO - DAG(s) 'inegi_playwright' retrieved from /opt/airflow/dags/inegi_playwright_dag.py
[2026-05-14T09:27:48.526+0000] {logging_mixin.py:188} INFO - [2026-05-14T09:27:48.526+0000] {dag.py:3047} INFO - Sync 1 DAGs
[2026-05-14T09:27:48.625+0000] {logging_mixin.py:188} INFO - [2026-05-14T09:27:48.624+0000] {dag.py:3834} INFO - Setting next_dagrun for inegi_playwright to 2026-05-14 00:00:00+00:00, run_after=2026-05-15 00:00:00+00:00
[2026-05-14T09:27:48.775+0000] {processor.py:183} INFO - Processing /opt/airflow/dags/inegi_playwright_dag.py took 0.463 seconds
[2026-05-14T09:28:19.951+0000] {processor.py:161} INFO - Started process (PID=4722) to work on /opt/airflow/dags/inegi_playwright_dag.py
[2026-05-14T09:28:19.964+0000] {processor.py:830} INFO - Processing file /opt/airflow/dags/inegi_playwright_dag.py for tasks to queue
[2026-05-14T09:28:19.969+0000] {logging_mixin.py:188} INFO - [2026-05-14T09:28:19.968+0000] {dagbag.py:540} INFO - Filling up the DagBag from /opt/airflow/dags/inegi_playwright_dag.py
[2026-05-14T09:28:20.647+0000] {processor.py:840} INFO - DAG(s) 'inegi_playwright' retrieved from /opt/airflow/dags/inegi_playwright_dag.py
[2026-05-14T09:28:20.985+0000] {logging_mixin.py:188} INFO - [2026-05-14T09:28:20.984+0000] {dag.py:3047} INFO - Sync 1 DAGs
[2026-05-14T09:28:21.294+0000] {logging_mixin.py:188} INFO - [2026-05-14T09:28:21.293+0000] {dag.py:3834} INFO - Setting next_dagrun for inegi_playwright to 2026-05-14 00:00:00+00:00, run_after=2026-05-15 00:00:00+00:00
[2026-05-14T09:28:21.553+0000] {processor.py:183} INFO - Processing /opt/airflow/dags/inegi_playwright_dag.py took 1.633 seconds
[2026-05-14T09:28:51.881+0000] {processor.py:161} INFO - Started process (PID=4752) to work on /opt/airflow/dags/inegi_playwright_dag.py
[2026-05-14T09:28:51.885+0000] {processor.py:830} INFO - Processing file /opt/airflow/dags/inegi_playwright_dag.py for tasks to queue
[2026-05-14T09:28:51.894+0000] {logging_mixin.py:188} INFO - [2026-05-14T09:28:51.890+0000] {dagbag.py:540} INFO - Filling up the DagBag from /opt/airflow/dags/inegi_playwright_dag.py
[2026-05-14T09:28:52.000+0000] {processor.py:840} INFO - DAG(s) 'inegi_playwright' retrieved from /opt/airflow/dags/inegi_playwright_dag.py
[2026-05-14T09:28:52.122+0000] {logging_mixin.py:188} INFO - [2026-05-14T09:28:52.122+0000] {dag.py:3047} INFO - Sync 1 DAGs
[2026-05-14T09:28:52.247+0000] {logging_mixin.py:188} INFO - [2026-05-14T09:28:52.246+0000] {dag.py:3834} INFO - Setting next_dagrun for inegi_playwright to 2026-05-14 00:00:00+00:00, run_after=2026-05-15 00:00:00+00:00
[2026-05-14T09:28:52.634+0000] {processor.py:183} INFO - Processing /opt/airflow/dags/inegi_playwright_dag.py took 0.773 seconds
[2026-05-14T09:29:23.385+0000] {processor.py:161} INFO - Started process (PID=4785) to work on /opt/airflow/dags/inegi_playwright_dag.py
[2026-05-14T09:29:23.391+0000] {processor.py:830} INFO - Processing file /opt/airflow/dags/inegi_playwright_dag.py for tasks to queue
[2026-05-14T09:29:23.394+0000] {logging_mixin.py:188} INFO - [2026-05-14T09:29:23.393+0000] {dagbag.py:540} INFO - Filling up the DagBag from /opt/airflow/dags/inegi_playwright_dag.py
[2026-05-14T09:29:23.511+0000] {processor.py:840} INFO - DAG(s) 'inegi_playwright' retrieved from /opt/airflow/dags/inegi_playwright_dag.py
[2026-05-14T09:29:23.612+0000] {logging_mixin.py:188} INFO - [2026-05-14T09:29:23.611+0000] {dag.py:3047} INFO - Sync 1 DAGs
[2026-05-14T09:29:23.698+0000] {logging_mixin.py:188} INFO - [2026-05-14T09:29:23.698+0000] {dag.py:3834} INFO - Setting next_dagrun for inegi_playwright to 2026-05-14 00:00:00+00:00, run_after=2026-05-15 00:00:00+00:00
[2026-05-14T09:29:23.786+0000] {processor.py:183} INFO - Processing /opt/airflow/dags/inegi_playwright_dag.py took 0.413 seconds
[2026-05-14T09:29:54.904+0000] {processor.py:161} INFO - Started process (PID=4812) to work on /opt/airflow/dags/inegi_playwright_dag.py
[2026-05-14T09:29:54.913+0000] {processor.py:830} INFO - Processing file /opt/airflow/dags/inegi_playwright_dag.py for tasks to queue
[2026-05-14T09:29:54.922+0000] {logging_mixin.py:188} INFO - [2026-05-14T09:29:54.921+0000] {dagbag.py:540} INFO - Filling up the DagBag from /opt/airflow/dags/inegi_playwright_dag.py
[2026-05-14T09:29:55.205+0000] {processor.py:840} INFO - DAG(s) 'inegi_playwright' retrieved from /opt/airflow/dags/inegi_playwright_dag.py
[2026-05-14T09:29:55.321+0000] {logging_mixin.py:188} INFO - [2026-05-14T09:29:55.320+0000] {dag.py:3047} INFO - Sync 1 DAGs
[2026-05-14T09:29:55.411+0000] {logging_mixin.py:188} INFO - [2026-05-14T09:29:55.411+0000] {dag.py:3834} INFO - Setting next_dagrun for inegi_playwright to 2026-05-14 00:00:00+00:00, run_after=2026-05-15 00:00:00+00:00
[2026-05-14T09:29:55.492+0000] {processor.py:183} INFO - Processing /opt/airflow/dags/inegi_playwright_dag.py took 0.610 seconds
[2026-05-14T09:30:26.193+0000] {processor.py:161} INFO - Started process (PID=4845) to work on /opt/airflow/dags/inegi_playwright_dag.py
[2026-05-14T09:30:26.198+0000] {processor.py:830} INFO - Processing file /opt/airflow/dags/inegi_playwright_dag.py for tasks to queue
[2026-05-14T09:30:26.203+0000] {logging_mixin.py:188} INFO - [2026-05-14T09:30:26.202+0000] {dagbag.py:540} INFO - Filling up the DagBag from /opt/airflow/dags/inegi_playwright_dag.py
[2026-05-14T09:30:26.286+0000] {processor.py:840} INFO - DAG(s) 'inegi_playwright' retrieved from /opt/airflow/dags/inegi_playwright_dag.py
[2026-05-14T09:30:26.379+0000] {logging_mixin.py:188} INFO - [2026-05-14T09:30:26.378+0000] {dag.py:3047} INFO - Sync 1 DAGs
[2026-05-14T09:30:26.494+0000] {logging_mixin.py:188} INFO - [2026-05-14T09:30:26.493+0000] {dag.py:3834} INFO - Setting next_dagrun for inegi_playwright to 2026-05-14 00:00:00+00:00, run_after=2026-05-15 00:00:00+00:00
[2026-05-14T09:30:26.600+0000] {processor.py:183} INFO - Processing /opt/airflow/dags/inegi_playwright_dag.py took 0.425 seconds
[2026-05-14T09:30:57.690+0000] {processor.py:161} INFO - Started process (PID=4875) to work on /opt/airflow/dags/inegi_playwright_dag.py
[2026-05-14T09:30:57.703+0000] {processor.py:830} INFO - Processing file /opt/airflow/dags/inegi_playwright_dag.py for tasks to queue
[2026-05-14T09:30:57.719+0000] {logging_mixin.py:188} INFO - [2026-05-14T09:30:57.718+0000] {dagbag.py:540} INFO - Filling up the DagBag from /opt/airflow/dags/inegi_playwright_dag.py
[2026-05-14T09:30:57.921+0000] {processor.py:840} INFO - DAG(s) 'inegi_playwright' retrieved from /opt/airflow/dags/inegi_playwright_dag.py
[2026-05-14T09:30:58.086+0000] {logging_mixin.py:188} INFO - [2026-05-14T09:30:58.085+0000] {dag.py:3047} INFO - Sync 1 DAGs
[2026-05-14T09:30:58.222+0000] {logging_mixin.py:188} INFO - [2026-05-14T09:30:58.222+0000] {dag.py:3834} INFO - Setting next_dagrun for inegi_playwright to 2026-05-14 00:00:00+00:00, run_after=2026-05-15 00:00:00+00:00
[2026-05-14T09:30:58.306+0000] {processor.py:183} INFO - Processing /opt/airflow/dags/inegi_playwright_dag.py took 0.649 seconds
[2026-05-14T09:31:29.281+0000] {processor.py:161} INFO - Started process (PID=4902) to work on /opt/airflow/dags/inegi_playwright_dag.py
[2026-05-14T09:31:29.296+0000] {processor.py:830} INFO - Processing file /opt/airflow/dags/inegi_playwright_dag.py for tasks to queue
[2026-05-14T09:31:29.301+0000] {logging_mixin.py:188} INFO - [2026-05-14T09:31:29.300+0000] {dagbag.py:540} INFO - Filling up the DagBag from /opt/airflow/dags/inegi_playwright_dag.py
[2026-05-14T09:31:29.392+0000] {processor.py:840} INFO - DAG(s) 'inegi_playwright' retrieved from /opt/airflow/dags/inegi_playwright_dag.py
[2026-05-14T09:31:29.520+0000] {logging_mixin.py:188} INFO - [2026-05-14T09:31:29.520+0000] {dag.py:3047} INFO - Sync 1 DAGs
[2026-05-14T09:31:29.718+0000] {logging_mixin.py:188} INFO - [2026-05-14T09:31:29.717+0000] {dag.py:3834} INFO - Setting next_dagrun for inegi_playwright to 2026-05-14 00:00:00+00:00, run_after=2026-05-15 00:00:00+00:00
[2026-05-14T09:31:29.881+0000] {processor.py:183} INFO - Processing /opt/airflow/dags/inegi_playwright_dag.py took 0.620 seconds
[2026-05-14T09:32:02.000+0000] {processor.py:161} INFO - Started process (PID=4932) to work on /opt/airflow/dags/inegi_playwright_dag.py
[2026-05-14T09:32:02.017+0000] {processor.py:830} INFO - Processing file /opt/airflow/dags/inegi_playwright_dag.py for tasks to queue
[2026-05-14T09:32:02.033+0000] {logging_mixin.py:188} INFO - [2026-05-14T09:32:02.032+0000] {dagbag.py:540} INFO - Filling up the DagBag from /opt/airflow/dags/inegi_playwright_dag.py
[2026-05-14T09:32:02.244+0000] {processor.py:840} INFO - DAG(s) 'inegi_playwright' retrieved from /opt/airflow/dags/inegi_playwright_dag.py
[2026-05-14T09:32:02.406+0000] {logging_mixin.py:188} INFO - [2026-05-14T09:32:02.404+0000] {dag.py:3047} INFO - Sync 1 DAGs
[2026-05-14T09:32:02.548+0000] {logging_mixin.py:188} INFO - [2026-05-14T09:32:02.547+0000] {dag.py:3834} INFO - Setting next_dagrun for inegi_playwright to 2026-05-14 00:00:00+00:00, run_after=2026-05-15 00:00:00+00:00
[2026-05-14T09:32:02.654+0000] {processor.py:183} INFO - Processing /opt/airflow/dags/inegi_playwright_dag.py took 0.683 seconds
[2026-05-14T09:32:33.721+0000] {processor.py:161} INFO - Started process (PID=4962) to work on /opt/airflow/dags/inegi_playwright_dag.py
[2026-05-14T09:32:33.725+0000] {processor.py:830} INFO - Processing file /opt/airflow/dags/inegi_playwright_dag.py for tasks to queue
[2026-05-14T09:32:33.728+0000] {logging_mixin.py:188} INFO - [2026-05-14T09:32:33.727+0000] {dagbag.py:540} INFO - Filling up the DagBag from /opt/airflow/dags/inegi_playwright_dag.py
[2026-05-14T09:32:33.793+0000] {processor.py:840} INFO - DAG(s) 'inegi_playwright' retrieved from /opt/airflow/dags/inegi_playwright_dag.py
[2026-05-14T09:32:33.910+0000] {logging_mixin.py:188} INFO - [2026-05-14T09:32:33.909+0000] {dag.py:3047} INFO - Sync 1 DAGs
[2026-05-14T09:32:33.985+0000] {logging_mixin.py:188} INFO - [2026-05-14T09:32:33.984+0000] {dag.py:3834} INFO - Setting next_dagrun for inegi_playwright to 2026-05-14 00:00:00+00:00, run_after=2026-05-15 00:00:00+00:00
[2026-05-14T09:32:34.046+0000] {processor.py:183} INFO - Processing /opt/airflow/dags/inegi_playwright_dag.py took 0.336 seconds
[2026-05-14T09:33:04.223+0000] {processor.py:161} INFO - Started process (PID=4992) to work on /opt/airflow/dags/inegi_playwright_dag.py
[2026-05-14T09:33:04.228+0000] {processor.py:830} INFO - Processing file /opt/airflow/dags/inegi_playwright_dag.py for tasks to queue
[2026-05-14T09:33:04.231+0000] {logging_mixin.py:188} INFO - [2026-05-14T09:33:04.230+0000] {dagbag.py:540} INFO - Filling up the DagBag from /opt/airflow/dags/inegi_playwright_dag.py
[2026-05-14T09:33:04.291+0000] {processor.py:840} INFO - DAG(s) 'inegi_playwright' retrieved from /opt/airflow/dags/inegi_playwright_dag.py
[2026-05-14T09:33:04.361+0000] {logging_mixin.py:188} INFO - [2026-05-14T09:33:04.360+0000] {dag.py:3047} INFO - Sync 1 DAGs
[2026-05-14T09:33:04.429+0000] {logging_mixin.py:188} INFO - [2026-05-14T09:33:04.428+0000] {dag.py:3834} INFO - Setting next_dagrun for inegi_playwright to 2026-05-14 00:00:00+00:00, run_after=2026-05-15 00:00:00+00:00
[2026-05-14T09:33:04.513+0000] {processor.py:183} INFO - Processing /opt/airflow/dags/inegi_playwright_dag.py took 0.307 seconds
[2026-05-14T09:33:34.992+0000] {processor.py:161} INFO - Started process (PID=5022) to work on /opt/airflow/dags/inegi_playwright_dag.py
[2026-05-14T09:33:34.996+0000] {processor.py:830} INFO - Processing file /opt/airflow/dags/inegi_playwright_dag.py for tasks to queue
[2026-05-14T09:33:34.999+0000] {logging_mixin.py:188} INFO - [2026-05-14T09:33:34.998+0000] {dagbag.py:540} INFO - Filling up the DagBag from /opt/airflow/dags/inegi_playwright_dag.py
[2026-05-14T09:33:35.052+0000] {processor.py:840} INFO - DAG(s) 'inegi_playwright' retrieved from /opt/airflow/dags/inegi_playwright_dag.py
[2026-05-14T09:33:35.122+0000] {logging_mixin.py:188} INFO - [2026-05-14T09:33:35.121+0000] {dag.py:3047} INFO - Sync 1 DAGs
[2026-05-14T09:33:35.185+0000] {logging_mixin.py:188} INFO - [2026-05-14T09:33:35.184+0000] {dag.py:3834} INFO - Setting next_dagrun for inegi_playwright to 2026-05-14 00:00:00+00:00, run_after=2026-05-15 00:00:00+00:00
[2026-05-14T09:33:35.240+0000] {processor.py:183} INFO - Processing /opt/airflow/dags/inegi_playwright_dag.py took 0.259 seconds
[2026-05-14T09:34:06.063+0000] {processor.py:161} INFO - Started process (PID=5052) to work on /opt/airflow/dags/inegi_playwright_dag.py
[2026-05-14T09:34:06.078+0000] {processor.py:830} INFO - Processing file /opt/airflow/dags/inegi_playwright_dag.py for tasks to queue
[2026-05-14T09:34:06.092+0000] {logging_mixin.py:188} INFO - [2026-05-14T09:34:06.091+0000] {dagbag.py:540} INFO - Filling up the DagBag from /opt/airflow/dags/inegi_playwright_dag.py
[2026-05-14T09:34:06.871+0000] {processor.py:840} INFO - DAG(s) 'inegi_playwright' retrieved from /opt/airflow/dags/inegi_playwright_dag.py
[2026-05-14T09:34:07.060+0000] {logging_mixin.py:188} INFO - [2026-05-14T09:34:07.059+0000] {dag.py:3047} INFO - Sync 1 DAGs
[2026-05-14T09:34:07.216+0000] {logging_mixin.py:188} INFO - [2026-05-14T09:34:07.215+0000] {dag.py:3834} INFO - Setting next_dagrun for inegi_playwright to 2026-05-14 00:00:00+00:00, run_after=2026-05-15 00:00:00+00:00
[2026-05-14T09:34:07.293+0000] {processor.py:183} INFO - Processing /opt/airflow/dags/inegi_playwright_dag.py took 1.252 seconds
[2026-05-14T09:34:37.597+0000] {processor.py:161} INFO - Started process (PID=5082) to work on /opt/airflow/dags/inegi_playwright_dag.py
[2026-05-14T09:34:37.600+0000] {processor.py:830} INFO - Processing file /opt/airflow/dags/inegi_playwright_dag.py for tasks to queue
[2026-05-14T09:34:37.603+0000] {logging_mixin.py:188} INFO - [2026-05-14T09:34:37.602+0000] {dagbag.py:540} INFO - Filling up the DagBag from /opt/airflow/dags/inegi_playwright_dag.py
[2026-05-14T09:34:37.672+0000] {processor.py:840} INFO - DAG(s) 'inegi_playwright' retrieved from /opt/airflow/dags/inegi_playwright_dag.py
[2026-05-14T09:34:37.742+0000] {logging_mixin.py:188} INFO - [2026-05-14T09:34:37.742+0000] {dag.py:3047} INFO - Sync 1 DAGs
[2026-05-14T09:34:37.810+0000] {logging_mixin.py:188} INFO - [2026-05-14T09:34:37.810+0000] {dag.py:3834} INFO - Setting next_dagrun for inegi_playwright to 2026-05-14 00:00:00+00:00, run_after=2026-05-15 00:00:00+00:00
[2026-05-14T09:34:37.864+0000] {processor.py:183} INFO - Processing /opt/airflow/dags/inegi_playwright_dag.py took 0.278 seconds
[2026-05-14T09:35:08.822+0000] {processor.py:161} INFO - Started process (PID=5112) to work on /opt/airflow/dags/inegi_playwright_dag.py
[2026-05-14T09:35:08.840+0000] {processor.py:830} INFO - Processing file /opt/airflow/dags/inegi_playwright_dag.py for tasks to queue
[2026-05-14T09:35:08.845+0000] {logging_mixin.py:188} INFO - [2026-05-14T09:35:08.844+0000] {dagbag.py:540} INFO - Filling up the DagBag from /opt/airflow/dags/inegi_playwright_dag.py
[2026-05-14T09:35:08.971+0000] {processor.py:840} INFO - DAG(s) 'inegi_playwright' retrieved from /opt/airflow/dags/inegi_playwright_dag.py
[2026-05-14T09:35:09.122+0000] {logging_mixin.py:188} INFO - [2026-05-14T09:35:09.121+0000] {dag.py:3047} INFO - Sync 1 DAGs
[2026-05-14T09:35:09.194+0000] {logging_mixin.py:188} INFO - [2026-05-14T09:35:09.193+0000] {dag.py:3834} INFO - Setting next_dagrun for inegi_playwright to 2026-05-14 00:00:00+00:00, run_after=2026-05-15 00:00:00+00:00
[2026-05-14T09:35:09.254+0000] {processor.py:183} INFO - Processing /opt/airflow/dags/inegi_playwright_dag.py took 0.463 seconds
[2026-05-14T09:35:39.961+0000] {processor.py:161} INFO - Started process (PID=5145) to work on /opt/airflow/dags/inegi_playwright_dag.py
[2026-05-14T09:35:39.964+0000] {processor.py:830} INFO - Processing file /opt/airflow/dags/inegi_playwright_dag.py for tasks to queue
[2026-05-14T09:35:39.972+0000] {logging_mixin.py:188} INFO - [2026-05-14T09:35:39.970+0000] {dagbag.py:540} INFO - Filling up the DagBag from /opt/airflow/dags/inegi_playwright_dag.py
[2026-05-14T09:35:40.040+0000] {processor.py:840} INFO - DAG(s) 'inegi_playwright' retrieved from /opt/airflow/dags/inegi_playwright_dag.py
[2026-05-14T09:35:40.117+0000] {logging_mixin.py:188} INFO - [2026-05-14T09:35:40.116+0000] {dag.py:3047} INFO - Sync 1 DAGs
[2026-05-14T09:35:40.222+0000] {logging_mixin.py:188} INFO - [2026-05-14T09:35:40.221+0000] {dag.py:3834} INFO - Setting next_dagrun for inegi_playwright to 2026-05-14 00:00:00+00:00, run_after=2026-05-15 00:00:00+00:00
[2026-05-14T09:35:40.312+0000] {processor.py:183} INFO - Processing /opt/airflow/dags/inegi_playwright_dag.py took 0.366 seconds
[2026-05-14T09:36:11.385+0000] {processor.py:161} INFO - Started process (PID=5175) to work on /opt/airflow/dags/inegi_playwright_dag.py
[2026-05-14T09:36:11.402+0000] {processor.py:830} INFO - Processing file /opt/airflow/dags/inegi_playwright_dag.py for tasks to queue
[2026-05-14T09:36:11.425+0000] {logging_mixin.py:188} INFO - [2026-05-14T09:36:11.424+0000] {dagbag.py:540} INFO - Filling up the DagBag from /opt/airflow/dags/inegi_playwright_dag.py
[2026-05-14T09:36:11.835+0000] {processor.py:840} INFO - DAG(s) 'inegi_playwright' retrieved from /opt/airflow/dags/inegi_playwright_dag.py
[2026-05-14T09:36:11.974+0000] {logging_mixin.py:188} INFO - [2026-05-14T09:36:11.973+0000] {dag.py:3047} INFO - Sync 1 DAGs
[2026-05-14T09:36:12.046+0000] {logging_mixin.py:188} INFO - [2026-05-14T09:36:12.046+0000] {dag.py:3834} INFO - Setting next_dagrun for inegi_playwright to 2026-05-14 00:00:00+00:00, run_after=2026-05-15 00:00:00+00:00
[2026-05-14T09:36:12.112+0000] {processor.py:183} INFO - Processing /opt/airflow/dags/inegi_playwright_dag.py took 0.761 seconds
[2026-05-14T09:36:43.019+0000] {processor.py:161} INFO - Started process (PID=5205) to work on /opt/airflow/dags/inegi_playwright_dag.py
[2026-05-14T09:36:43.030+0000] {processor.py:830} INFO - Processing file /opt/airflow/dags/inegi_playwright_dag.py for tasks to queue
[2026-05-14T09:36:43.034+0000] {logging_mixin.py:188} INFO - [2026-05-14T09:36:43.033+0000] {dagbag.py:540} INFO - Filling up the DagBag from /opt/airflow/dags/inegi_playwright_dag.py
[2026-05-14T09:36:43.128+0000] {processor.py:840} INFO - DAG(s) 'inegi_playwright' retrieved from /opt/airflow/dags/inegi_playwright_dag.py
[2026-05-14T09:36:43.304+0000] {logging_mixin.py:188} INFO - [2026-05-14T09:36:43.303+0000] {dag.py:3047} INFO - Sync 1 DAGs
[2026-05-14T09:36:43.426+0000] {logging_mixin.py:188} INFO - [2026-05-14T09:36:43.425+0000] {dag.py:3834} INFO - Setting next_dagrun for inegi_playwright to 2026-05-14 00:00:00+00:00, run_after=2026-05-15 00:00:00+00:00
[2026-05-14T09:36:43.501+0000] {processor.py:183} INFO - Processing /opt/airflow/dags/inegi_playwright_dag.py took 0.496 seconds
[2026-05-14T09:37:15.096+0000] {processor.py:161} INFO - Started process (PID=5235) to work on /opt/airflow/dags/inegi_playwright_dag.py
[2026-05-14T09:37:15.106+0000] {processor.py:830} INFO - Processing file /opt/airflow/dags/inegi_playwright_dag.py for tasks to queue
[2026-05-14T09:37:15.119+0000] {logging_mixin.py:188} INFO - [2026-05-14T09:37:15.117+0000] {dagbag.py:540} INFO - Filling up the DagBag from /opt/airflow/dags/inegi_playwright_dag.py
[2026-05-14T09:37:15.328+0000] {processor.py:840} INFO - DAG(s) 'inegi_playwright' retrieved from /opt/airflow/dags/inegi_playwright_dag.py
[2026-05-14T09:37:15.707+0000] {logging_mixin.py:188} INFO - [2026-05-14T09:37:15.706+0000] {dag.py:3047} INFO - Sync 1 DAGs
[2026-05-14T09:37:16.526+0000] {logging_mixin.py:188} INFO - [2026-05-14T09:37:16.526+0000] {dag.py:3834} INFO - Setting next_dagrun for inegi_playwright to 2026-05-14 00:00:00+00:00, run_after=2026-05-15 00:00:00+00:00
[2026-05-14T09:37:16.720+0000] {processor.py:183} INFO - Processing /opt/airflow/dags/inegi_playwright_dag.py took 1.682 seconds
[2026-05-14T09:37:47.412+0000] {processor.py:161} INFO - Started process (PID=5267) to work on /opt/airflow/dags/inegi_playwright_dag.py
[2026-05-14T09:37:47.415+0000] {processor.py:830} INFO - Processing file /opt/airflow/dags/inegi_playwright_dag.py for tasks to queue
[2026-05-14T09:37:47.418+0000] {logging_mixin.py:188} INFO - [2026-05-14T09:37:47.417+0000] {dagbag.py:540} INFO - Filling up the DagBag from /opt/airflow/dags/inegi_playwright_dag.py
[2026-05-14T09:37:47.477+0000] {processor.py:840} INFO - DAG(s) 'inegi_playwright' retrieved from /opt/airflow/dags/inegi_playwright_dag.py
[2026-05-14T09:37:47.550+0000] {logging_mixin.py:188} INFO - [2026-05-14T09:37:47.550+0000] {dag.py:3047} INFO - Sync 1 DAGs
[2026-05-14T09:37:47.618+0000] {logging_mixin.py:188} INFO - [2026-05-14T09:37:47.617+0000] {dag.py:3834} INFO - Setting next_dagrun for inegi_playwright to 2026-05-14 00:00:00+00:00, run_after=2026-05-15 00:00:00+00:00
[2026-05-14T09:37:47.674+0000] {processor.py:183} INFO - Processing /opt/airflow/dags/inegi_playwright_dag.py took 0.276 seconds
[2026-05-14T09:38:17.930+0000] {processor.py:161} INFO - Started process (PID=5297) to work on /opt/airflow/dags/inegi_playwright_dag.py
[2026-05-14T09:38:17.945+0000] {processor.py:830} INFO - Processing file /opt/airflow/dags/inegi_playwright_dag.py for tasks to queue
[2026-05-14T09:38:17.956+0000] {logging_mixin.py:188} INFO - [2026-05-14T09:38:17.954+0000] {dagbag.py:540} INFO - Filling up the DagBag from /opt/airflow/dags/inegi_playwright_dag.py
[2026-05-14T09:38:18.375+0000] {processor.py:840} INFO - DAG(s) 'inegi_playwright' retrieved from /opt/airflow/dags/inegi_playwright_dag.py
[2026-05-14T09:38:18.595+0000] {logging_mixin.py:188} INFO - [2026-05-14T09:38:18.594+0000] {dag.py:3047} INFO - Sync 1 DAGs
[2026-05-14T09:38:18.688+0000] {logging_mixin.py:188} INFO - [2026-05-14T09:38:18.687+0000] {dag.py:3834} INFO - Setting next_dagrun for inegi_playwright to 2026-05-14 00:00:00+00:00, run_after=2026-05-15 00:00:00+00:00
[2026-05-14T09:38:18.758+0000] {processor.py:183} INFO - Processing /opt/airflow/dags/inegi_playwright_dag.py took 0.862 seconds
[2026-05-14T09:38:49.090+0000] {processor.py:161} INFO - Started process (PID=5327) to work on /opt/airflow/dags/inegi_playwright_dag.py
[2026-05-14T09:38:49.094+0000] {processor.py:830} INFO - Processing file /opt/airflow/dags/inegi_playwright_dag.py for tasks to queue
[2026-05-14T09:38:49.098+0000] {logging_mixin.py:188} INFO - [2026-05-14T09:38:49.097+0000] {dagbag.py:540} INFO - Filling up the DagBag from /opt/airflow/dags/inegi_playwright_dag.py
[2026-05-14T09:38:49.155+0000] {processor.py:840} INFO - DAG(s) 'inegi_playwright' retrieved from /opt/airflow/dags/inegi_playwright_dag.py
[2026-05-14T09:38:49.236+0000] {logging_mixin.py:188} INFO - [2026-05-14T09:38:49.235+0000] {dag.py:3047} INFO - Sync 1 DAGs
[2026-05-14T09:38:49.310+0000] {logging_mixin.py:188} INFO - [2026-05-14T09:38:49.308+0000] {dag.py:3834} INFO - Setting next_dagrun for inegi_playwright to 2026-05-14 00:00:00+00:00, run_after=2026-05-15 00:00:00+00:00
[2026-05-14T09:38:49.366+0000] {processor.py:183} INFO - Processing /opt/airflow/dags/inegi_playwright_dag.py took 0.286 seconds
[2026-05-14T09:39:19.670+0000] {processor.py:161} INFO - Started process (PID=5355) to work on /opt/airflow/dags/inegi_playwright_dag.py
[2026-05-14T09:39:19.673+0000] {processor.py:830} INFO - Processing file /opt/airflow/dags/inegi_playwright_dag.py for tasks to queue
[2026-05-14T09:39:19.676+0000] {logging_mixin.py:188} INFO - [2026-05-14T09:39:19.675+0000] {dagbag.py:540} INFO - Filling up the DagBag from /opt/airflow/dags/inegi_playwright_dag.py
[2026-05-14T09:39:19.741+0000] {processor.py:840} INFO - DAG(s) 'inegi_playwright' retrieved from /opt/airflow/dags/inegi_playwright_dag.py
[2026-05-14T09:39:19.857+0000] {logging_mixin.py:188} INFO - [2026-05-14T09:39:19.856+0000] {dag.py:3047} INFO - Sync 1 DAGs
[2026-05-14T09:39:20.071+0000] {logging_mixin.py:188} INFO - [2026-05-14T09:39:20.070+0000] {dag.py:3834} INFO - Setting next_dagrun for inegi_playwright to 2026-05-14 00:00:00+00:00, run_after=2026-05-15 00:00:00+00:00
[2026-05-14T09:39:20.269+0000] {processor.py:183} INFO - Processing /opt/airflow/dags/inegi_playwright_dag.py took 0.611 seconds
[2026-05-14T09:39:50.503+0000] {processor.py:161} INFO - Started process (PID=5385) to work on /opt/airflow/dags/inegi_playwright_dag.py
[2026-05-14T09:39:50.506+0000] {processor.py:830} INFO - Processing file /opt/airflow/dags/inegi_playwright_dag.py for tasks to queue
[2026-05-14T09:39:50.509+0000] {logging_mixin.py:188} INFO - [2026-05-14T09:39:50.509+0000] {dagbag.py:540} INFO - Filling up the DagBag from /opt/airflow/dags/inegi_playwright_dag.py
[2026-05-14T09:39:50.578+0000] {processor.py:840} INFO - DAG(s) 'inegi_playwright' retrieved from /opt/airflow/dags/inegi_playwright_dag.py
[2026-05-14T09:39:50.671+0000] {logging_mixin.py:188} INFO - [2026-05-14T09:39:50.671+0000] {dag.py:3047} INFO - Sync 1 DAGs
[2026-05-14T09:39:50.752+0000] {logging_mixin.py:188} INFO - [2026-05-14T09:39:50.752+0000] {dag.py:3834} INFO - Setting next_dagrun for inegi_playwright to 2026-05-14 00:00:00+00:00, run_after=2026-05-15 00:00:00+00:00
[2026-05-14T09:39:50.830+0000] {processor.py:183} INFO - Processing /opt/airflow/dags/inegi_playwright_dag.py took 0.340 seconds
[2026-05-14T09:40:21.704+0000] {processor.py:161} INFO - Started process (PID=5417) to work on /opt/airflow/dags/inegi_playwright_dag.py
[2026-05-14T09:40:21.726+0000] {processor.py:830} INFO - Processing file /opt/airflow/dags/inegi_playwright_dag.py for tasks to queue
[2026-05-14T09:40:21.746+0000] {logging_mixin.py:188} INFO - [2026-05-14T09:40:21.745+0000] {dagbag.py:540} INFO - Filling up the DagBag from /opt/airflow/dags/inegi_playwright_dag.py
[2026-05-14T09:40:22.326+0000] {processor.py:840} INFO - DAG(s) 'inegi_playwright' retrieved from /opt/airflow/dags/inegi_playwright_dag.py
[2026-05-14T09:40:22.481+0000] {logging_mixin.py:188} INFO - [2026-05-14T09:40:22.480+0000] {dag.py:3047} INFO - Sync 1 DAGs
[2026-05-14T09:40:22.661+0000] {logging_mixin.py:188} INFO - [2026-05-14T09:40:22.660+0000] {dag.py:3834} INFO - Setting next_dagrun for inegi_playwright to 2026-05-14 00:00:00+00:00, run_after=2026-05-15 00:00:00+00:00
[2026-05-14T09:40:22.830+0000] {processor.py:183} INFO - Processing /opt/airflow/dags/inegi_playwright_dag.py took 1.147 seconds
[2026-05-14T09:40:54.005+0000] {processor.py:161} INFO - Started process (PID=5447) to work on /opt/airflow/dags/inegi_playwright_dag.py
[2026-05-14T09:40:54.023+0000] {processor.py:830} INFO - Processing file /opt/airflow/dags/inegi_playwright_dag.py for tasks to queue
[2026-05-14T09:40:54.102+0000] {logging_mixin.py:188} INFO - [2026-05-14T09:40:54.075+0000] {dagbag.py:540} INFO - Filling up the DagBag from /opt/airflow/dags/inegi_playwright_dag.py
[2026-05-14T09:40:54.232+0000] {processor.py:840} INFO - DAG(s) 'inegi_playwright' retrieved from /opt/airflow/dags/inegi_playwright_dag.py
[2026-05-14T09:40:54.306+0000] {logging_mixin.py:188} INFO - [2026-05-14T09:40:54.305+0000] {dag.py:3047} INFO - Sync 1 DAGs
[2026-05-14T09:40:54.378+0000] {logging_mixin.py:188} INFO - [2026-05-14T09:40:54.377+0000] {dag.py:3834} INFO - Setting next_dagrun for inegi_playwright to 2026-05-14 00:00:00+00:00, run_after=2026-05-15 00:00:00+00:00
[2026-05-14T09:40:54.433+0000] {processor.py:183} INFO - Processing /opt/airflow/dags/inegi_playwright_dag.py took 0.446 seconds
[2026-05-14T09:41:24.626+0000] {processor.py:161} INFO - Started process (PID=5477) to work on /opt/airflow/dags/inegi_playwright_dag.py
[2026-05-14T09:41:24.629+0000] {processor.py:830} INFO - Processing file /opt/airflow/dags/inegi_playwright_dag.py for tasks to queue
[2026-05-14T09:41:24.632+0000] {logging_mixin.py:188} INFO - [2026-05-14T09:41:24.631+0000] {dagbag.py:540} INFO - Filling up the DagBag from /opt/airflow/dags/inegi_playwright_dag.py
[2026-05-14T09:41:24.690+0000] {processor.py:840} INFO - DAG(s) 'inegi_playwright' retrieved from /opt/airflow/dags/inegi_playwright_dag.py
[2026-05-14T09:41:24.761+0000] {logging_mixin.py:188} INFO - [2026-05-14T09:41:24.760+0000] {dag.py:3047} INFO - Sync 1 DAGs
[2026-05-14T09:41:24.825+0000] {logging_mixin.py:188} INFO - [2026-05-14T09:41:24.825+0000] {dag.py:3834} INFO - Setting next_dagrun for inegi_playwright to 2026-05-14 00:00:00+00:00, run_after=2026-05-15 00:00:00+00:00
[2026-05-14T09:41:24.879+0000] {processor.py:183} INFO - Processing /opt/airflow/dags/inegi_playwright_dag.py took 0.265 seconds
[2026-05-14T09:41:55.893+0000] {processor.py:161} INFO - Started process (PID=5507) to work on /opt/airflow/dags/inegi_playwright_dag.py
[2026-05-14T09:41:55.900+0000] {processor.py:830} INFO - Processing file /opt/airflow/dags/inegi_playwright_dag.py for tasks to queue
[2026-05-14T09:41:55.915+0000] {logging_mixin.py:188} INFO - [2026-05-14T09:41:55.914+0000] {dagbag.py:540} INFO - Filling up the DagBag from /opt/airflow/dags/inegi_playwright_dag.py
[2026-05-14T09:41:56.097+0000] {processor.py:840} INFO - DAG(s) 'inegi_playwright' retrieved from /opt/airflow/dags/inegi_playwright_dag.py
[2026-05-14T09:41:56.177+0000] {logging_mixin.py:188} INFO - [2026-05-14T09:41:56.176+0000] {dag.py:3047} INFO - Sync 1 DAGs
[2026-05-14T09:41:56.247+0000] {logging_mixin.py:188} INFO - [2026-05-14T09:41:56.247+0000] {dag.py:3834} INFO - Setting next_dagrun for inegi_playwright to 2026-05-14 00:00:00+00:00, run_after=2026-05-15 00:00:00+00:00
[2026-05-14T09:41:56.309+0000] {processor.py:183} INFO - Processing /opt/airflow/dags/inegi_playwright_dag.py took 0.435 seconds
[2026-05-14T09:42:26.775+0000] {processor.py:161} INFO - Started process (PID=5537) to work on /opt/airflow/dags/inegi_playwright_dag.py
[2026-05-14T09:42:26.781+0000] {processor.py:830} INFO - Processing file /opt/airflow/dags/inegi_playwright_dag.py for tasks to queue
[2026-05-14T09:42:26.784+0000] {logging_mixin.py:188} INFO - [2026-05-14T09:42:26.783+0000] {dagbag.py:540} INFO - Filling up the DagBag from /opt/airflow/dags/inegi_playwright_dag.py
[2026-05-14T09:42:26.857+0000] {processor.py:840} INFO - DAG(s) 'inegi_playwright' retrieved from /opt/airflow/dags/inegi_playwright_dag.py
[2026-05-14T09:42:26.940+0000] {logging_mixin.py:188} INFO - [2026-05-14T09:42:26.940+0000] {dag.py:3047} INFO - Sync 1 DAGs
[2026-05-14T09:42:27.013+0000] {logging_mixin.py:188} INFO - [2026-05-14T09:42:27.012+0000] {dag.py:3834} INFO - Setting next_dagrun for inegi_playwright to 2026-05-14 00:00:00+00:00, run_after=2026-05-15 00:00:00+00:00
[2026-05-14T09:42:27.072+0000] {processor.py:183} INFO - Processing /opt/airflow/dags/inegi_playwright_dag.py took 0.309 seconds
[2026-05-14T09:42:57.377+0000] {processor.py:161} INFO - Started process (PID=5567) to work on /opt/airflow/dags/inegi_playwright_dag.py
[2026-05-14T09:42:57.381+0000] {processor.py:830} INFO - Processing file /opt/airflow/dags/inegi_playwright_dag.py for tasks to queue
[2026-05-14T09:42:57.384+0000] {logging_mixin.py:188} INFO - [2026-05-14T09:42:57.383+0000] {dagbag.py:540} INFO - Filling up the DagBag from /opt/airflow/dags/inegi_playwright_dag.py
[2026-05-14T09:42:57.461+0000] {processor.py:840} INFO - DAG(s) 'inegi_playwright' retrieved from /opt/airflow/dags/inegi_playwright_dag.py
[2026-05-14T09:42:57.553+0000] {logging_mixin.py:188} INFO - [2026-05-14T09:42:57.552+0000] {dag.py:3047} INFO - Sync 1 DAGs
[2026-05-14T09:42:57.629+0000] {logging_mixin.py:188} INFO - [2026-05-14T09:42:57.628+0000] {dag.py:3834} INFO - Setting next_dagrun for inegi_playwright to 2026-05-14 00:00:00+00:00, run_after=2026-05-15 00:00:00+00:00
[2026-05-14T09:42:57.694+0000] {processor.py:183} INFO - Processing /opt/airflow/dags/inegi_playwright_dag.py took 0.334 seconds
[2026-05-14T09:43:28.234+0000] {processor.py:161} INFO - Started process (PID=5597) to work on /opt/airflow/dags/inegi_playwright_dag.py
[2026-05-14T09:43:28.242+0000] {processor.py:830} INFO - Processing file /opt/airflow/dags/inegi_playwright_dag.py for tasks to queue
[2026-05-14T09:43:28.246+0000] {logging_mixin.py:188} INFO - [2026-05-14T09:43:28.245+0000] {dagbag.py:540} INFO - Filling up the DagBag from /opt/airflow/dags/inegi_playwright_dag.py
[2026-05-14T09:43:28.319+0000] {processor.py:840} INFO - DAG(s) 'inegi_playwright' retrieved from /opt/airflow/dags/inegi_playwright_dag.py
[2026-05-14T09:43:28.396+0000] {logging_mixin.py:188} INFO - [2026-05-14T09:43:28.395+0000] {dag.py:3047} INFO - Sync 1 DAGs
[2026-05-14T09:43:28.510+0000] {logging_mixin.py:188} INFO - [2026-05-14T09:43:28.499+0000] {dag.py:3834} INFO - Setting next_dagrun for inegi_playwright to 2026-05-14 00:00:00+00:00, run_after=2026-05-15 00:00:00+00:00
[2026-05-14T09:43:28.753+0000] {processor.py:183} INFO - Processing /opt/airflow/dags/inegi_playwright_dag.py took 0.533 seconds
[2026-05-14T09:43:59.324+0000] {processor.py:161} INFO - Started process (PID=5627) to work on /opt/airflow/dags/inegi_playwright_dag.py
[2026-05-14T09:43:59.328+0000] {processor.py:830} INFO - Processing file /opt/airflow/dags/inegi_playwright_dag.py for tasks to queue
[2026-05-14T09:43:59.333+0000] {logging_mixin.py:188} INFO - [2026-05-14T09:43:59.331+0000] {dagbag.py:540} INFO - Filling up the DagBag from /opt/airflow/dags/inegi_playwright_dag.py
[2026-05-14T09:43:59.406+0000] {processor.py:840} INFO - DAG(s) 'inegi_playwright' retrieved from /opt/airflow/dags/inegi_playwright_dag.py
[2026-05-14T09:43:59.483+0000] {logging_mixin.py:188} INFO - [2026-05-14T09:43:59.482+0000] {dag.py:3047} INFO - Sync 1 DAGs
[2026-05-14T09:43:59.555+0000] {logging_mixin.py:188} INFO - [2026-05-14T09:43:59.554+0000] {dag.py:3834} INFO - Setting next_dagrun for inegi_playwright to 2026-05-14 00:00:00+00:00, run_after=2026-05-15 00:00:00+00:00
[2026-05-14T09:43:59.641+0000] {processor.py:183} INFO - Processing /opt/airflow/dags/inegi_playwright_dag.py took 0.331 seconds
[2026-05-14T09:44:29.822+0000] {processor.py:161} INFO - Started process (PID=5657) to work on /opt/airflow/dags/inegi_playwright_dag.py
[2026-05-14T09:44:29.826+0000] {processor.py:830} INFO - Processing file /opt/airflow/dags/inegi_playwright_dag.py for tasks to queue
[2026-05-14T09:44:29.829+0000] {logging_mixin.py:188} INFO - [2026-05-14T09:44:29.828+0000] {dagbag.py:540} INFO - Filling up the DagBag from /opt/airflow/dags/inegi_playwright_dag.py
[2026-05-14T09:44:29.939+0000] {processor.py:840} INFO - DAG(s) 'inegi_playwright' retrieved from /opt/airflow/dags/inegi_playwright_dag.py
[2026-05-14T09:44:30.133+0000] {logging_mixin.py:188} INFO - [2026-05-14T09:44:30.133+0000] {dag.py:3047} INFO - Sync 1 DAGs
[2026-05-14T09:44:30.340+0000] {logging_mixin.py:188} INFO - [2026-05-14T09:44:30.339+0000] {dag.py:3834} INFO - Setting next_dagrun for inegi_playwright to 2026-05-14 00:00:00+00:00, run_after=2026-05-15 00:00:00+00:00
[2026-05-14T09:44:30.573+0000] {processor.py:183} INFO - Processing /opt/airflow/dags/inegi_playwright_dag.py took 0.762 seconds
[2026-05-14T09:45:01.130+0000] {processor.py:161} INFO - Started process (PID=5687) to work on /opt/airflow/dags/inegi_playwright_dag.py
[2026-05-14T09:45:01.136+0000] {processor.py:830} INFO - Processing file /opt/airflow/dags/inegi_playwright_dag.py for tasks to queue
[2026-05-14T09:45:01.145+0000] {logging_mixin.py:188} INFO - [2026-05-14T09:45:01.144+0000] {dagbag.py:540} INFO - Filling up the DagBag from /opt/airflow/dags/inegi_playwright_dag.py
[2026-05-14T09:45:01.238+0000] {processor.py:840} INFO - DAG(s) 'inegi_playwright' retrieved from /opt/airflow/dags/inegi_playwright_dag.py
[2026-05-14T09:45:01.400+0000] {logging_mixin.py:188} INFO - [2026-05-14T09:45:01.398+0000] {dag.py:3047} INFO - Sync 1 DAGs
[2026-05-14T09:45:01.548+0000] {logging_mixin.py:188} INFO - [2026-05-14T09:45:01.547+0000] {dag.py:3834} INFO - Setting next_dagrun for inegi_playwright to 2026-05-14 00:00:00+00:00, run_after=2026-05-15 00:00:00+00:00
[2026-05-14T09:45:01.763+0000] {processor.py:183} INFO - Processing /opt/airflow/dags/inegi_playwright_dag.py took 0.652 seconds
[2026-05-14T09:45:33.530+0000] {processor.py:161} INFO - Started process (PID=5717) to work on /opt/airflow/dags/inegi_playwright_dag.py
[2026-05-14T09:45:33.534+0000] {processor.py:830} INFO - Processing file /opt/airflow/dags/inegi_playwright_dag.py for tasks to queue
[2026-05-14T09:45:33.537+0000] {logging_mixin.py:188} INFO - [2026-05-14T09:45:33.536+0000] {dagbag.py:540} INFO - Filling up the DagBag from /opt/airflow/dags/inegi_playwright_dag.py
[2026-05-14T09:45:33.684+0000] {processor.py:840} INFO - DAG(s) 'inegi_playwright' retrieved from /opt/airflow/dags/inegi_playwright_dag.py
[2026-05-14T09:45:33.768+0000] {logging_mixin.py:188} INFO - [2026-05-14T09:45:33.767+0000] {dag.py:3047} INFO - Sync 1 DAGs
[2026-05-14T09:45:33.840+0000] {logging_mixin.py:188} INFO - [2026-05-14T09:45:33.839+0000] {dag.py:3834} INFO - Setting next_dagrun for inegi_playwright to 2026-05-14 00:00:00+00:00, run_after=2026-05-15 00:00:00+00:00
[2026-05-14T09:45:33.903+0000] {processor.py:183} INFO - Processing /opt/airflow/dags/inegi_playwright_dag.py took 0.399 seconds
[2026-05-14T09:46:04.845+0000] {processor.py:161} INFO - Started process (PID=5747) to work on /opt/airflow/dags/inegi_playwright_dag.py
[2026-05-14T09:46:04.849+0000] {processor.py:830} INFO - Processing file /opt/airflow/dags/inegi_playwright_dag.py for tasks to queue
[2026-05-14T09:46:04.856+0000] {logging_mixin.py:188} INFO - [2026-05-14T09:46:04.855+0000] {dagbag.py:540} INFO - Filling up the DagBag from /opt/airflow/dags/inegi_playwright_dag.py
[2026-05-14T09:46:04.963+0000] {processor.py:840} INFO - DAG(s) 'inegi_playwright' retrieved from /opt/airflow/dags/inegi_playwright_dag.py
[2026-05-14T09:46:05.086+0000] {logging_mixin.py:188} INFO - [2026-05-14T09:46:05.085+0000] {dag.py:3047} INFO - Sync 1 DAGs
[2026-05-14T09:46:05.162+0000] {logging_mixin.py:188} INFO - [2026-05-14T09:46:05.162+0000] {dag.py:3834} INFO - Setting next_dagrun for inegi_playwright to 2026-05-14 00:00:00+00:00, run_after=2026-05-15 00:00:00+00:00
[2026-05-14T09:46:05.220+0000] {processor.py:183} INFO - Processing /opt/airflow/dags/inegi_playwright_dag.py took 0.391 seconds
[2026-05-14T09:46:35.480+0000] {processor.py:161} INFO - Started process (PID=5777) to work on /opt/airflow/dags/inegi_playwright_dag.py
[2026-05-14T09:46:35.487+0000] {processor.py:830} INFO - Processing file /opt/airflow/dags/inegi_playwright_dag.py for tasks to queue
[2026-05-14T09:46:35.492+0000] {logging_mixin.py:188} INFO - [2026-05-14T09:46:35.491+0000] {dagbag.py:540} INFO - Filling up the DagBag from /opt/airflow/dags/inegi_playwright_dag.py
[2026-05-14T09:46:35.585+0000] {processor.py:840} INFO - DAG(s) 'inegi_playwright' retrieved from /opt/airflow/dags/inegi_playwright_dag.py
[2026-05-14T09:46:35.668+0000] {logging_mixin.py:188} INFO - [2026-05-14T09:46:35.667+0000] {dag.py:3047} INFO - Sync 1 DAGs
[2026-05-14T09:46:35.742+0000] {logging_mixin.py:188} INFO - [2026-05-14T09:46:35.741+0000] {dag.py:3834} INFO - Setting next_dagrun for inegi_playwright to 2026-05-14 00:00:00+00:00, run_after=2026-05-15 00:00:00+00:00
[2026-05-14T09:46:35.805+0000] {processor.py:183} INFO - Processing /opt/airflow/dags/inegi_playwright_dag.py took 0.338 seconds
[2026-05-14T09:47:06.606+0000] {processor.py:161} INFO - Started process (PID=5807) to work on /opt/airflow/dags/inegi_playwright_dag.py
[2026-05-14T09:47:06.624+0000] {processor.py:830} INFO - Processing file /opt/airflow/dags/inegi_playwright_dag.py for tasks to queue
[2026-05-14T09:47:06.631+0000] {logging_mixin.py:188} INFO - [2026-05-14T09:47:06.630+0000] {dagbag.py:540} INFO - Filling up the DagBag from /opt/airflow/dags/inegi_playwright_dag.py
[2026-05-14T09:47:06.769+0000] {processor.py:840} INFO - DAG(s) 'inegi_playwright' retrieved from /opt/airflow/dags/inegi_playwright_dag.py
[2026-05-14T09:47:06.856+0000] {logging_mixin.py:188} INFO - [2026-05-14T09:47:06.855+0000] {dag.py:3047} INFO - Sync 1 DAGs
[2026-05-14T09:47:06.931+0000] {logging_mixin.py:188} INFO - [2026-05-14T09:47:06.931+0000] {dag.py:3834} INFO - Setting next_dagrun for inegi_playwright to 2026-05-14 00:00:00+00:00, run_after=2026-05-15 00:00:00+00:00
[2026-05-14T09:47:06.986+0000] {processor.py:183} INFO - Processing /opt/airflow/dags/inegi_playwright_dag.py took 0.403 seconds
[2026-05-14T09:47:37.229+0000] {processor.py:161} INFO - Started process (PID=5837) to work on /opt/airflow/dags/inegi_playwright_dag.py
[2026-05-14T09:47:37.241+0000] {processor.py:830} INFO - Processing file /opt/airflow/dags/inegi_playwright_dag.py for tasks to queue
[2026-05-14T09:47:37.245+0000] {logging_mixin.py:188} INFO - [2026-05-14T09:47:37.244+0000] {dagbag.py:540} INFO - Filling up the DagBag from /opt/airflow/dags/inegi_playwright_dag.py
[2026-05-14T09:47:37.324+0000] {processor.py:840} INFO - DAG(s) 'inegi_playwright' retrieved from /opt/airflow/dags/inegi_playwright_dag.py
[2026-05-14T09:47:37.407+0000] {logging_mixin.py:188} INFO - [2026-05-14T09:47:37.406+0000] {dag.py:3047} INFO - Sync 1 DAGs
[2026-05-14T09:47:37.486+0000] {logging_mixin.py:188} INFO - [2026-05-14T09:47:37.486+0000] {dag.py:3834} INFO - Setting next_dagrun for inegi_playwright to 2026-05-14 00:00:00+00:00, run_after=2026-05-15 00:00:00+00:00
[2026-05-14T09:47:37.544+0000] {processor.py:183} INFO - Processing /opt/airflow/dags/inegi_playwright_dag.py took 0.340 seconds
[2026-05-14T09:48:07.896+0000] {processor.py:161} INFO - Started process (PID=5867) to work on /opt/airflow/dags/inegi_playwright_dag.py
[2026-05-14T09:48:07.900+0000] {processor.py:830} INFO - Processing file /opt/airflow/dags/inegi_playwright_dag.py for tasks to queue
[2026-05-14T09:48:07.904+0000] {logging_mixin.py:188} INFO - [2026-05-14T09:48:07.903+0000] {dagbag.py:540} INFO - Filling up the DagBag from /opt/airflow/dags/inegi_playwright_dag.py
[2026-05-14T09:48:08.004+0000] {processor.py:840} INFO - DAG(s) 'inegi_playwright' retrieved from /opt/airflow/dags/inegi_playwright_dag.py
[2026-05-14T09:48:08.085+0000] {logging_mixin.py:188} INFO - [2026-05-14T09:48:08.085+0000] {dag.py:3047} INFO - Sync 1 DAGs
[2026-05-14T09:48:08.160+0000] {logging_mixin.py:188} INFO - [2026-05-14T09:48:08.159+0000] {dag.py:3834} INFO - Setting next_dagrun for inegi_playwright to 2026-05-14 00:00:00+00:00, run_after=2026-05-15 00:00:00+00:00
[2026-05-14T09:48:08.217+0000] {processor.py:183} INFO - Processing /opt/airflow/dags/inegi_playwright_dag.py took 0.334 seconds
[2026-05-14T13:23:34.795+0000] {processor.py:161} INFO - Started process (PID=72) to work on /opt/airflow/dags/inegi_playwright_dag.py
[2026-05-14T13:23:34.804+0000] {processor.py:830} INFO - Processing file /opt/airflow/dags/inegi_playwright_dag.py for tasks to queue
[2026-05-14T13:23:34.810+0000] {logging_mixin.py:188} INFO - [2026-05-14T13:23:34.809+0000] {dagbag.py:540} INFO - Filling up the DagBag from /opt/airflow/dags/inegi_playwright_dag.py
[2026-05-14T13:23:34.928+0000] {processor.py:840} INFO - DAG(s) 'inegi_playwright' retrieved from /opt/airflow/dags/inegi_playwright_dag.py
[2026-05-14T13:23:35.308+0000] {logging_mixin.py:188} INFO - [2026-05-14T13:23:35.307+0000] {dag.py:3047} INFO - Sync 1 DAGs
[2026-05-14T13:23:35.438+0000] {logging_mixin.py:188} INFO - [2026-05-14T13:23:35.438+0000] {dag.py:3834} INFO - Setting next_dagrun for inegi_playwright to 2026-05-14 00:00:00+00:00, run_after=2026-05-15 00:00:00+00:00
[2026-05-14T13:23:35.567+0000] {processor.py:183} INFO - Processing /opt/airflow/dags/inegi_playwright_dag.py took 0.791 seconds
[2026-05-14T13:24:25.576+0000] {processor.py:161} INFO - Started process (PID=102) to work on /opt/airflow/dags/inegi_playwright_dag.py
[2026-05-14T13:24:25.784+0000] {processor.py:830} INFO - Processing file /opt/airflow/dags/inegi_playwright_dag.py for tasks to queue
[2026-05-14T13:24:26.005+0000] {logging_mixin.py:188} INFO - [2026-05-14T13:24:25.978+0000] {dagbag.py:540} INFO - Filling up the DagBag from /opt/airflow/dags/inegi_playwright_dag.py
[2026-05-14T13:24:27.377+0000] {processor.py:840} INFO - DAG(s) 'inegi_playwright' retrieved from /opt/airflow/dags/inegi_playwright_dag.py
[2026-05-14T13:24:27.590+0000] {logging_mixin.py:188} INFO - [2026-05-14T13:24:27.590+0000] {dag.py:3047} INFO - Sync 1 DAGs
[2026-05-14T13:24:27.813+0000] {logging_mixin.py:188} INFO - [2026-05-14T13:24:27.813+0000] {dag.py:3834} INFO - Setting next_dagrun for inegi_playwright to 2026-05-14 00:00:00+00:00, run_after=2026-05-15 00:00:00+00:00
[2026-05-14T13:24:28.540+0000] {processor.py:183} INFO - Processing /opt/airflow/dags/inegi_playwright_dag.py took 3.092 seconds
[2026-05-14T13:24:59.986+0000] {processor.py:161} INFO - Started process (PID=134) to work on /opt/airflow/dags/inegi_playwright_dag.py
[2026-05-14T13:24:59.995+0000] {processor.py:830} INFO - Processing file /opt/airflow/dags/inegi_playwright_dag.py for tasks to queue
[2026-05-14T13:25:00.011+0000] {logging_mixin.py:188} INFO - [2026-05-14T13:25:00.010+0000] {dagbag.py:540} INFO - Filling up the DagBag from /opt/airflow/dags/inegi_playwright_dag.py
[2026-05-14T13:25:00.349+0000] {processor.py:840} INFO - DAG(s) 'inegi_playwright' retrieved from /opt/airflow/dags/inegi_playwright_dag.py
[2026-05-14T13:25:00.530+0000] {logging_mixin.py:188} INFO - [2026-05-14T13:25:00.529+0000] {dag.py:3047} INFO - Sync 1 DAGs
[2026-05-14T13:25:00.628+0000] {logging_mixin.py:188} INFO - [2026-05-14T13:25:00.627+0000] {dag.py:3834} INFO - Setting next_dagrun for inegi_playwright to 2026-05-14 00:00:00+00:00, run_after=2026-05-15 00:00:00+00:00
[2026-05-14T13:25:00.690+0000] {processor.py:183} INFO - Processing /opt/airflow/dags/inegi_playwright_dag.py took 0.729 seconds
[2026-05-14T13:25:31.215+0000] {processor.py:161} INFO - Started process (PID=164) to work on /opt/airflow/dags/inegi_playwright_dag.py
[2026-05-14T13:25:31.221+0000] {processor.py:830} INFO - Processing file /opt/airflow/dags/inegi_playwright_dag.py for tasks to queue
[2026-05-14T13:25:31.224+0000] {logging_mixin.py:188} INFO - [2026-05-14T13:25:31.223+0000] {dagbag.py:540} INFO - Filling up the DagBag from /opt/airflow/dags/inegi_playwright_dag.py
[2026-05-14T13:25:31.316+0000] {processor.py:840} INFO - DAG(s) 'inegi_playwright' retrieved from /opt/airflow/dags/inegi_playwright_dag.py
[2026-05-14T13:25:31.480+0000] {logging_mixin.py:188} INFO - [2026-05-14T13:25:31.479+0000] {dag.py:3047} INFO - Sync 1 DAGs
[2026-05-14T13:25:31.749+0000] {logging_mixin.py:188} INFO - [2026-05-14T13:25:31.748+0000] {dag.py:3834} INFO - Setting next_dagrun for inegi_playwright to 2026-05-14 00:00:00+00:00, run_after=2026-05-15 00:00:00+00:00
[2026-05-14T13:25:31.983+0000] {processor.py:183} INFO - Processing /opt/airflow/dags/inegi_playwright_dag.py took 0.779 seconds
[2026-05-14T13:26:02.584+0000] {processor.py:161} INFO - Started process (PID=194) to work on /opt/airflow/dags/inegi_playwright_dag.py
[2026-05-14T13:26:02.597+0000] {processor.py:830} INFO - Processing file /opt/airflow/dags/inegi_playwright_dag.py for tasks to queue
[2026-05-14T13:26:02.602+0000] {logging_mixin.py:188} INFO - [2026-05-14T13:26:02.601+0000] {dagbag.py:540} INFO - Filling up the DagBag from /opt/airflow/dags/inegi_playwright_dag.py
[2026-05-14T13:26:02.702+0000] {processor.py:840} INFO - DAG(s) 'inegi_playwright' retrieved from /opt/airflow/dags/inegi_playwright_dag.py
[2026-05-14T13:26:02.775+0000] {logging_mixin.py:188} INFO - [2026-05-14T13:26:02.774+0000] {dag.py:3047} INFO - Sync 1 DAGs
[2026-05-14T13:26:02.846+0000] {logging_mixin.py:188} INFO - [2026-05-14T13:26:02.843+0000] {dag.py:3834} INFO - Setting next_dagrun for inegi_playwright to 2026-05-14 00:00:00+00:00, run_after=2026-05-15 00:00:00+00:00
[2026-05-14T13:26:02.909+0000] {processor.py:183} INFO - Processing /opt/airflow/dags/inegi_playwright_dag.py took 0.344 seconds
[2026-05-14T13:26:33.952+0000] {processor.py:161} INFO - Started process (PID=224) to work on /opt/airflow/dags/inegi_playwright_dag.py
[2026-05-14T13:26:34.003+0000] {processor.py:830} INFO - Processing file /opt/airflow/dags/inegi_playwright_dag.py for tasks to queue
[2026-05-14T13:26:34.036+0000] {logging_mixin.py:188} INFO - [2026-05-14T13:26:34.035+0000] {dagbag.py:540} INFO - Filling up the DagBag from /opt/airflow/dags/inegi_playwright_dag.py
[2026-05-14T13:26:35.851+0000] {processor.py:840} INFO - DAG(s) 'inegi_playwright' retrieved from /opt/airflow/dags/inegi_playwright_dag.py
[2026-05-14T13:26:36.045+0000] {logging_mixin.py:188} INFO - [2026-05-14T13:26:36.044+0000] {dag.py:3047} INFO - Sync 1 DAGs
[2026-05-14T13:26:36.403+0000] {logging_mixin.py:188} INFO - [2026-05-14T13:26:36.391+0000] {dag.py:3834} INFO - Setting next_dagrun for inegi_playwright to 2026-05-14 00:00:00+00:00, run_after=2026-05-15 00:00:00+00:00
[2026-05-14T13:26:36.646+0000] {processor.py:183} INFO - Processing /opt/airflow/dags/inegi_playwright_dag.py took 2.715 seconds
[2026-05-14T13:27:08.041+0000] {processor.py:161} INFO - Started process (PID=254) to work on /opt/airflow/dags/inegi_playwright_dag.py
[2026-05-14T13:27:08.053+0000] {processor.py:830} INFO - Processing file /opt/airflow/dags/inegi_playwright_dag.py for tasks to queue
[2026-05-14T13:27:08.056+0000] {logging_mixin.py:188} INFO - [2026-05-14T13:27:08.055+0000] {dagbag.py:540} INFO - Filling up the DagBag from /opt/airflow/dags/inegi_playwright_dag.py
[2026-05-14T13:27:08.148+0000] {processor.py:840} INFO - DAG(s) 'inegi_playwright' retrieved from /opt/airflow/dags/inegi_playwright_dag.py
[2026-05-14T13:27:08.288+0000] {logging_mixin.py:188} INFO - [2026-05-14T13:27:08.287+0000] {dag.py:3047} INFO - Sync 1 DAGs
[2026-05-14T13:27:08.555+0000] {logging_mixin.py:188} INFO - [2026-05-14T13:27:08.554+0000] {dag.py:3834} INFO - Setting next_dagrun for inegi_playwright to 2026-05-14 00:00:00+00:00, run_after=2026-05-15 00:00:00+00:00
[2026-05-14T13:27:08.765+0000] {processor.py:183} INFO - Processing /opt/airflow/dags/inegi_playwright_dag.py took 0.765 seconds
[2026-05-14T13:27:39.932+0000] {processor.py:161} INFO - Started process (PID=284) to work on /opt/airflow/dags/inegi_playwright_dag.py
[2026-05-14T13:27:39.936+0000] {processor.py:830} INFO - Processing file /opt/airflow/dags/inegi_playwright_dag.py for tasks to queue
[2026-05-14T13:27:39.941+0000] {logging_mixin.py:188} INFO - [2026-05-14T13:27:39.940+0000] {dagbag.py:540} INFO - Filling up the DagBag from /opt/airflow/dags/inegi_playwright_dag.py
[2026-05-14T13:27:40.027+0000] {processor.py:840} INFO - DAG(s) 'inegi_playwright' retrieved from /opt/airflow/dags/inegi_playwright_dag.py
[2026-05-14T13:27:40.118+0000] {logging_mixin.py:188} INFO - [2026-05-14T13:27:40.117+0000] {dag.py:3047} INFO - Sync 1 DAGs
[2026-05-14T13:27:40.188+0000] {logging_mixin.py:188} INFO - [2026-05-14T13:27:40.188+0000] {dag.py:3834} INFO - Setting next_dagrun for inegi_playwright to 2026-05-14 00:00:00+00:00, run_after=2026-05-15 00:00:00+00:00
[2026-05-14T13:27:40.245+0000] {processor.py:183} INFO - Processing /opt/airflow/dags/inegi_playwright_dag.py took 0.330 seconds
[2026-05-14T13:28:11.146+0000] {processor.py:161} INFO - Started process (PID=314) to work on /opt/airflow/dags/inegi_playwright_dag.py
[2026-05-14T13:28:11.179+0000] {processor.py:830} INFO - Processing file /opt/airflow/dags/inegi_playwright_dag.py for tasks to queue
[2026-05-14T13:28:11.184+0000] {logging_mixin.py:188} INFO - [2026-05-14T13:28:11.183+0000] {dagbag.py:540} INFO - Filling up the DagBag from /opt/airflow/dags/inegi_playwright_dag.py
[2026-05-14T13:28:11.358+0000] {processor.py:840} INFO - DAG(s) 'inegi_playwright' retrieved from /opt/airflow/dags/inegi_playwright_dag.py
[2026-05-14T13:28:11.549+0000] {logging_mixin.py:188} INFO - [2026-05-14T13:28:11.548+0000] {dag.py:3047} INFO - Sync 1 DAGs
[2026-05-14T13:28:11.746+0000] {logging_mixin.py:188} INFO - [2026-05-14T13:28:11.745+0000] {dag.py:3834} INFO - Setting next_dagrun for inegi_playwright to 2026-05-14 00:00:00+00:00, run_after=2026-05-15 00:00:00+00:00
[2026-05-14T13:28:12.047+0000] {processor.py:183} INFO - Processing /opt/airflow/dags/inegi_playwright_dag.py took 0.929 seconds
[2026-05-14T13:28:42.722+0000] {processor.py:161} INFO - Started process (PID=344) to work on /opt/airflow/dags/inegi_playwright_dag.py
[2026-05-14T13:28:42.736+0000] {processor.py:830} INFO - Processing file /opt/airflow/dags/inegi_playwright_dag.py for tasks to queue
[2026-05-14T13:28:42.743+0000] {logging_mixin.py:188} INFO - [2026-05-14T13:28:42.741+0000] {dagbag.py:540} INFO - Filling up the DagBag from /opt/airflow/dags/inegi_playwright_dag.py
[2026-05-14T13:28:42.971+0000] {processor.py:840} INFO - DAG(s) 'inegi_playwright' retrieved from /opt/airflow/dags/inegi_playwright_dag.py
[2026-05-14T13:28:43.180+0000] {logging_mixin.py:188} INFO - [2026-05-14T13:28:43.180+0000] {dag.py:3047} INFO - Sync 1 DAGs
[2026-05-14T13:28:43.454+0000] {logging_mixin.py:188} INFO - [2026-05-14T13:28:43.453+0000] {dag.py:3834} INFO - Setting next_dagrun for inegi_playwright to 2026-05-14 00:00:00+00:00, run_after=2026-05-15 00:00:00+00:00
[2026-05-14T13:28:43.687+0000] {processor.py:183} INFO - Processing /opt/airflow/dags/inegi_playwright_dag.py took 0.997 seconds
[2026-05-14T13:29:17.000+0000] {processor.py:161} INFO - Started process (PID=372) to work on /opt/airflow/dags/inegi_playwright_dag.py
[2026-05-14T13:29:17.063+0000] {processor.py:830} INFO - Processing file /opt/airflow/dags/inegi_playwright_dag.py for tasks to queue
[2026-05-14T13:29:17.080+0000] {logging_mixin.py:188} INFO - [2026-05-14T13:29:17.080+0000] {dagbag.py:540} INFO - Filling up the DagBag from /opt/airflow/dags/inegi_playwright_dag.py
[2026-05-14T13:29:17.727+0000] {processor.py:840} INFO - DAG(s) 'inegi_playwright' retrieved from /opt/airflow/dags/inegi_playwright_dag.py
[2026-05-14T13:29:18.302+0000] {logging_mixin.py:188} INFO - [2026-05-14T13:29:18.291+0000] {dag.py:3047} INFO - Sync 1 DAGs
[2026-05-14T13:29:18.529+0000] {logging_mixin.py:188} INFO - [2026-05-14T13:29:18.528+0000] {dag.py:3834} INFO - Setting next_dagrun for inegi_playwright to 2026-05-14 00:00:00+00:00, run_after=2026-05-15 00:00:00+00:00
[2026-05-14T13:29:18.918+0000] {processor.py:183} INFO - Processing /opt/airflow/dags/inegi_playwright_dag.py took 2.076 seconds
[2026-05-14T13:29:50.691+0000] {processor.py:161} INFO - Started process (PID=404) to work on /opt/airflow/dags/inegi_playwright_dag.py
[2026-05-14T13:29:50.696+0000] {processor.py:830} INFO - Processing file /opt/airflow/dags/inegi_playwright_dag.py for tasks to queue
[2026-05-14T13:29:50.704+0000] {logging_mixin.py:188} INFO - [2026-05-14T13:29:50.704+0000] {dagbag.py:540} INFO - Filling up the DagBag from /opt/airflow/dags/inegi_playwright_dag.py
[2026-05-14T13:29:50.962+0000] {processor.py:840} INFO - DAG(s) 'inegi_playwright' retrieved from /opt/airflow/dags/inegi_playwright_dag.py
[2026-05-14T13:29:51.419+0000] {logging_mixin.py:188} INFO - [2026-05-14T13:29:51.419+0000] {dag.py:3047} INFO - Sync 1 DAGs
[2026-05-14T13:29:51.501+0000] {logging_mixin.py:188} INFO - [2026-05-14T13:29:51.500+0000] {dag.py:3834} INFO - Setting next_dagrun for inegi_playwright to 2026-05-14 00:00:00+00:00, run_after=2026-05-15 00:00:00+00:00
[2026-05-14T13:29:51.698+0000] {processor.py:183} INFO - Processing /opt/airflow/dags/inegi_playwright_dag.py took 1.026 seconds
[2026-05-14T13:30:22.979+0000] {processor.py:161} INFO - Started process (PID=434) to work on /opt/airflow/dags/inegi_playwright_dag.py
[2026-05-14T13:30:22.983+0000] {processor.py:830} INFO - Processing file /opt/airflow/dags/inegi_playwright_dag.py for tasks to queue
[2026-05-14T13:30:22.987+0000] {logging_mixin.py:188} INFO - [2026-05-14T13:30:22.986+0000] {dagbag.py:540} INFO - Filling up the DagBag from /opt/airflow/dags/inegi_playwright_dag.py
[2026-05-14T13:30:23.079+0000] {processor.py:840} INFO - DAG(s) 'inegi_playwright' retrieved from /opt/airflow/dags/inegi_playwright_dag.py
[2026-05-14T13:30:23.155+0000] {logging_mixin.py:188} INFO - [2026-05-14T13:30:23.155+0000] {dag.py:3047} INFO - Sync 1 DAGs
[2026-05-14T13:30:23.262+0000] {logging_mixin.py:188} INFO - [2026-05-14T13:30:23.261+0000] {dag.py:3834} INFO - Setting next_dagrun for inegi_playwright to 2026-05-14 00:00:00+00:00, run_after=2026-05-15 00:00:00+00:00
[2026-05-14T13:30:23.461+0000] {processor.py:183} INFO - Processing /opt/airflow/dags/inegi_playwright_dag.py took 0.502 seconds
[2026-05-14T13:30:54.231+0000] {processor.py:161} INFO - Started process (PID=464) to work on /opt/airflow/dags/inegi_playwright_dag.py
[2026-05-14T13:30:54.235+0000] {processor.py:830} INFO - Processing file /opt/airflow/dags/inegi_playwright_dag.py for tasks to queue
[2026-05-14T13:30:54.239+0000] {logging_mixin.py:188} INFO - [2026-05-14T13:30:54.238+0000] {dagbag.py:540} INFO - Filling up the DagBag from /opt/airflow/dags/inegi_playwright_dag.py
[2026-05-14T13:30:54.314+0000] {processor.py:840} INFO - DAG(s) 'inegi_playwright' retrieved from /opt/airflow/dags/inegi_playwright_dag.py
[2026-05-14T13:30:54.406+0000] {logging_mixin.py:188} INFO - [2026-05-14T13:30:54.405+0000] {dag.py:3047} INFO - Sync 1 DAGs
[2026-05-14T13:30:54.489+0000] {logging_mixin.py:188} INFO - [2026-05-14T13:30:54.488+0000] {dag.py:3834} INFO - Setting next_dagrun for inegi_playwright to 2026-05-14 00:00:00+00:00, run_after=2026-05-15 00:00:00+00:00
[2026-05-14T13:30:54.554+0000] {processor.py:183} INFO - Processing /opt/airflow/dags/inegi_playwright_dag.py took 0.336 seconds
[2026-05-14T13:31:25.099+0000] {processor.py:161} INFO - Started process (PID=494) to work on /opt/airflow/dags/inegi_playwright_dag.py
[2026-05-14T13:31:25.112+0000] {processor.py:830} INFO - Processing file /opt/airflow/dags/inegi_playwright_dag.py for tasks to queue
[2026-05-14T13:31:25.118+0000] {logging_mixin.py:188} INFO - [2026-05-14T13:31:25.117+0000] {dagbag.py:540} INFO - Filling up the DagBag from /opt/airflow/dags/inegi_playwright_dag.py
[2026-05-14T13:31:25.401+0000] {processor.py:840} INFO - DAG(s) 'inegi_playwright' retrieved from /opt/airflow/dags/inegi_playwright_dag.py
[2026-05-14T13:31:25.983+0000] {logging_mixin.py:188} INFO - [2026-05-14T13:31:25.982+0000] {dag.py:3047} INFO - Sync 1 DAGs
[2026-05-14T13:31:26.401+0000] {logging_mixin.py:188} INFO - [2026-05-14T13:31:26.401+0000] {dag.py:3834} INFO - Setting next_dagrun for inegi_playwright to 2026-05-14 00:00:00+00:00, run_after=2026-05-15 00:00:00+00:00
[2026-05-14T13:31:27.522+0000] {processor.py:183} INFO - Processing /opt/airflow/dags/inegi_playwright_dag.py took 2.442 seconds
[2026-05-14T13:31:58.228+0000] {processor.py:161} INFO - Started process (PID=524) to work on /opt/airflow/dags/inegi_playwright_dag.py
[2026-05-14T13:31:58.232+0000] {processor.py:830} INFO - Processing file /opt/airflow/dags/inegi_playwright_dag.py for tasks to queue
[2026-05-14T13:31:58.236+0000] {logging_mixin.py:188} INFO - [2026-05-14T13:31:58.235+0000] {dagbag.py:540} INFO - Filling up the DagBag from /opt/airflow/dags/inegi_playwright_dag.py
[2026-05-14T13:31:58.310+0000] {processor.py:840} INFO - DAG(s) 'inegi_playwright' retrieved from /opt/airflow/dags/inegi_playwright_dag.py
[2026-05-14T13:31:58.419+0000] {logging_mixin.py:188} INFO - [2026-05-14T13:31:58.418+0000] {dag.py:3047} INFO - Sync 1 DAGs
[2026-05-14T13:31:58.509+0000] {logging_mixin.py:188} INFO - [2026-05-14T13:31:58.508+0000] {dag.py:3834} INFO - Setting next_dagrun for inegi_playwright to 2026-05-14 00:00:00+00:00, run_after=2026-05-15 00:00:00+00:00
[2026-05-14T13:31:58.560+0000] {processor.py:183} INFO - Processing /opt/airflow/dags/inegi_playwright_dag.py took 0.345 seconds
[2026-05-14T13:33:36.448+0000] {processor.py:161} INFO - Started process (PID=554) to work on /opt/airflow/dags/inegi_playwright_dag.py
[2026-05-14T13:33:36.503+0000] {processor.py:830} INFO - Processing file /opt/airflow/dags/inegi_playwright_dag.py for tasks to queue
[2026-05-14T13:33:36.589+0000] {logging_mixin.py:188} INFO - [2026-05-14T13:33:36.588+0000] {dagbag.py:540} INFO - Filling up the DagBag from /opt/airflow/dags/inegi_playwright_dag.py
[2026-05-14T13:33:42.250+0000] {processor.py:840} INFO - DAG(s) 'inegi_playwright' retrieved from /opt/airflow/dags/inegi_playwright_dag.py
[2026-05-14T13:33:42.500+0000] {logging_mixin.py:188} INFO - [2026-05-14T13:33:42.499+0000] {dag.py:3047} INFO - Sync 1 DAGs
[2026-05-14T13:33:42.795+0000] {logging_mixin.py:188} INFO - [2026-05-14T13:33:42.795+0000] {dag.py:3834} INFO - Setting next_dagrun for inegi_playwright to 2026-05-14 00:00:00+00:00, run_after=2026-05-15 00:00:00+00:00
[2026-05-14T13:33:43.066+0000] {processor.py:183} INFO - Processing /opt/airflow/dags/inegi_playwright_dag.py took 6.627 seconds
[2026-05-14T13:34:37.807+0000] {processor.py:161} INFO - Started process (PID=584) to work on /opt/airflow/dags/inegi_playwright_dag.py
[2026-05-14T13:34:37.822+0000] {processor.py:830} INFO - Processing file /opt/airflow/dags/inegi_playwright_dag.py for tasks to queue
[2026-05-14T13:34:37.827+0000] {logging_mixin.py:188} INFO - [2026-05-14T13:34:37.826+0000] {dagbag.py:540} INFO - Filling up the DagBag from /opt/airflow/dags/inegi_playwright_dag.py
[2026-05-14T13:34:37.949+0000] {processor.py:840} INFO - DAG(s) 'inegi_playwright' retrieved from /opt/airflow/dags/inegi_playwright_dag.py
[2026-05-14T13:34:38.199+0000] {logging_mixin.py:188} INFO - [2026-05-14T13:34:38.188+0000] {dag.py:3047} INFO - Sync 1 DAGs
[2026-05-14T13:34:38.406+0000] {logging_mixin.py:188} INFO - [2026-05-14T13:34:38.405+0000] {dag.py:3834} INFO - Setting next_dagrun for inegi_playwright to 2026-05-14 00:00:00+00:00, run_after=2026-05-15 00:00:00+00:00
[2026-05-14T13:34:38.696+0000] {processor.py:183} INFO - Processing /opt/airflow/dags/inegi_playwright_dag.py took 0.915 seconds
[2026-05-14T13:35:12.098+0000] {processor.py:161} INFO - Started process (PID=614) to work on /opt/airflow/dags/inegi_playwright_dag.py
[2026-05-14T13:35:12.103+0000] {processor.py:830} INFO - Processing file /opt/airflow/dags/inegi_playwright_dag.py for tasks to queue
[2026-05-14T13:35:12.125+0000] {logging_mixin.py:188} INFO - [2026-05-14T13:35:12.124+0000] {dagbag.py:540} INFO - Filling up the DagBag from /opt/airflow/dags/inegi_playwright_dag.py
[2026-05-14T13:35:12.336+0000] {processor.py:840} INFO - DAG(s) 'inegi_playwright' retrieved from /opt/airflow/dags/inegi_playwright_dag.py
[2026-05-14T13:35:12.498+0000] {logging_mixin.py:188} INFO - [2026-05-14T13:35:12.497+0000] {dag.py:3047} INFO - Sync 1 DAGs
[2026-05-14T13:35:12.670+0000] {logging_mixin.py:188} INFO - [2026-05-14T13:35:12.670+0000] {dag.py:3834} INFO - Setting next_dagrun for inegi_playwright to 2026-05-14 00:00:00+00:00, run_after=2026-05-15 00:00:00+00:00
[2026-05-14T13:35:12.871+0000] {processor.py:183} INFO - Processing /opt/airflow/dags/inegi_playwright_dag.py took 0.793 seconds
[2026-05-14T13:43:11.371+0000] {processor.py:161} INFO - Started process (PID=71) to work on /opt/airflow/dags/inegi_playwright_dag.py
[2026-05-14T13:43:11.378+0000] {processor.py:830} INFO - Processing file /opt/airflow/dags/inegi_playwright_dag.py for tasks to queue
[2026-05-14T13:43:11.385+0000] {logging_mixin.py:188} INFO - [2026-05-14T13:43:11.384+0000] {dagbag.py:540} INFO - Filling up the DagBag from /opt/airflow/dags/inegi_playwright_dag.py
[2026-05-14T13:43:11.501+0000] {processor.py:840} INFO - DAG(s) 'inegi_playwright' retrieved from /opt/airflow/dags/inegi_playwright_dag.py
[2026-05-14T13:43:12.302+0000] {logging_mixin.py:188} INFO - [2026-05-14T13:43:12.298+0000] {override.py:1769} INFO - Created Permission View: can delete on DAG:inegi_playwright
[2026-05-14T13:43:12.481+0000] {logging_mixin.py:188} INFO - [2026-05-14T13:43:12.480+0000] {override.py:1769} INFO - Created Permission View: can edit on DAG:inegi_playwright
[2026-05-14T13:43:12.629+0000] {logging_mixin.py:188} INFO - [2026-05-14T13:43:12.628+0000] {override.py:1769} INFO - Created Permission View: can read on DAG:inegi_playwright
[2026-05-14T13:43:12.661+0000] {logging_mixin.py:188} INFO - [2026-05-14T13:43:12.660+0000] {dag.py:3047} INFO - Sync 1 DAGs
[2026-05-14T13:43:12.837+0000] {logging_mixin.py:188} WARNING - /home/airflow/.local/lib/python3.8/site-packages/airflow/models/dag.py:3585 DeprecationWarning: The dag_concurrency option in [core] has been renamed to max_active_tasks_per_dag - the old setting has been used, but please update your config.
[2026-05-14T13:43:12.842+0000] {logging_mixin.py:188} INFO - [2026-05-14T13:43:12.841+0000] {dag.py:3069} INFO - Creating ORM DAG for inegi_playwright
[2026-05-14T13:43:12.891+0000] {logging_mixin.py:188} INFO - [2026-05-14T13:43:12.891+0000] {dag.py:3834} INFO - Setting next_dagrun for inegi_playwright to 2026-05-13 00:00:00+00:00, run_after=2026-05-14 00:00:00+00:00
[2026-05-14T13:43:12.987+0000] {processor.py:183} INFO - Processing /opt/airflow/dags/inegi_playwright_dag.py took 1.640 seconds
[2026-05-14T13:43:45.131+0000] {processor.py:161} INFO - Started process (PID=101) to work on /opt/airflow/dags/inegi_playwright_dag.py
[2026-05-14T13:43:45.157+0000] {processor.py:830} INFO - Processing file /opt/airflow/dags/inegi_playwright_dag.py for tasks to queue
[2026-05-14T13:43:45.176+0000] {logging_mixin.py:188} INFO - [2026-05-14T13:43:45.175+0000] {dagbag.py:540} INFO - Filling up the DagBag from /opt/airflow/dags/inegi_playwright_dag.py
[2026-05-14T13:43:46.065+0000] {processor.py:840} INFO - DAG(s) 'inegi_playwright' retrieved from /opt/airflow/dags/inegi_playwright_dag.py
[2026-05-14T13:43:46.251+0000] {logging_mixin.py:188} INFO - [2026-05-14T13:43:46.250+0000] {dag.py:3047} INFO - Sync 1 DAGs
[2026-05-14T13:43:46.498+0000] {logging_mixin.py:188} INFO - [2026-05-14T13:43:46.498+0000] {dag.py:3834} INFO - Setting next_dagrun for inegi_playwright to 2026-05-13 00:00:00+00:00, run_after=2026-05-14 00:00:00+00:00
[2026-05-14T13:43:46.620+0000] {processor.py:183} INFO - Processing /opt/airflow/dags/inegi_playwright_dag.py took 1.515 seconds
[2026-05-14T13:44:17.366+0000] {processor.py:161} INFO - Started process (PID=133) to work on /opt/airflow/dags/inegi_playwright_dag.py
[2026-05-14T13:44:17.371+0000] {processor.py:830} INFO - Processing file /opt/airflow/dags/inegi_playwright_dag.py for tasks to queue
[2026-05-14T13:44:17.376+0000] {logging_mixin.py:188} INFO - [2026-05-14T13:44:17.375+0000] {dagbag.py:540} INFO - Filling up the DagBag from /opt/airflow/dags/inegi_playwright_dag.py
[2026-05-14T13:44:17.465+0000] {processor.py:840} INFO - DAG(s) 'inegi_playwright' retrieved from /opt/airflow/dags/inegi_playwright_dag.py
[2026-05-14T13:44:17.561+0000] {logging_mixin.py:188} INFO - [2026-05-14T13:44:17.561+0000] {dag.py:3047} INFO - Sync 1 DAGs
[2026-05-14T13:44:17.643+0000] {logging_mixin.py:188} INFO - [2026-05-14T13:44:17.642+0000] {dag.py:3834} INFO - Setting next_dagrun for inegi_playwright to 2026-05-13 00:00:00+00:00, run_after=2026-05-14 00:00:00+00:00
[2026-05-14T13:44:17.701+0000] {processor.py:183} INFO - Processing /opt/airflow/dags/inegi_playwright_dag.py took 0.352 seconds
[2026-05-14T13:44:48.368+0000] {processor.py:161} INFO - Started process (PID=163) to work on /opt/airflow/dags/inegi_playwright_dag.py
[2026-05-14T13:44:48.373+0000] {processor.py:830} INFO - Processing file /opt/airflow/dags/inegi_playwright_dag.py for tasks to queue
[2026-05-14T13:44:48.376+0000] {logging_mixin.py:188} INFO - [2026-05-14T13:44:48.375+0000] {dagbag.py:540} INFO - Filling up the DagBag from /opt/airflow/dags/inegi_playwright_dag.py
[2026-05-14T13:44:48.447+0000] {processor.py:840} INFO - DAG(s) 'inegi_playwright' retrieved from /opt/airflow/dags/inegi_playwright_dag.py
[2026-05-14T13:44:48.544+0000] {logging_mixin.py:188} INFO - [2026-05-14T13:44:48.544+0000] {dag.py:3047} INFO - Sync 1 DAGs
[2026-05-14T13:44:48.621+0000] {logging_mixin.py:188} INFO - [2026-05-14T13:44:48.620+0000] {dag.py:3834} INFO - Setting next_dagrun for inegi_playwright to 2026-05-13 00:00:00+00:00, run_after=2026-05-14 00:00:00+00:00
[2026-05-14T13:44:48.726+0000] {processor.py:183} INFO - Processing /opt/airflow/dags/inegi_playwright_dag.py took 0.372 seconds
[2026-05-14T13:45:19.842+0000] {processor.py:161} INFO - Started process (PID=193) to work on /opt/airflow/dags/inegi_playwright_dag.py
[2026-05-14T13:45:19.855+0000] {processor.py:830} INFO - Processing file /opt/airflow/dags/inegi_playwright_dag.py for tasks to queue
[2026-05-14T13:45:19.859+0000] {logging_mixin.py:188} INFO - [2026-05-14T13:45:19.857+0000] {dagbag.py:540} INFO - Filling up the DagBag from /opt/airflow/dags/inegi_playwright_dag.py
[2026-05-14T13:45:19.993+0000] {processor.py:840} INFO - DAG(s) 'inegi_playwright' retrieved from /opt/airflow/dags/inegi_playwright_dag.py
[2026-05-14T13:45:20.081+0000] {logging_mixin.py:188} INFO - [2026-05-14T13:45:20.080+0000] {dag.py:3047} INFO - Sync 1 DAGs
[2026-05-14T13:45:20.157+0000] {logging_mixin.py:188} INFO - [2026-05-14T13:45:20.157+0000] {dag.py:3834} INFO - Setting next_dagrun for inegi_playwright to 2026-05-13 00:00:00+00:00, run_after=2026-05-14 00:00:00+00:00
[2026-05-14T13:45:20.229+0000] {processor.py:183} INFO - Processing /opt/airflow/dags/inegi_playwright_dag.py took 0.400 seconds
[2026-05-14T13:45:51.400+0000] {processor.py:161} INFO - Started process (PID=223) to work on /opt/airflow/dags/inegi_playwright_dag.py
[2026-05-14T13:45:51.408+0000] {processor.py:830} INFO - Processing file /opt/airflow/dags/inegi_playwright_dag.py for tasks to queue
[2026-05-14T13:45:51.427+0000] {logging_mixin.py:188} INFO - [2026-05-14T13:45:51.426+0000] {dagbag.py:540} INFO - Filling up the DagBag from /opt/airflow/dags/inegi_playwright_dag.py
[2026-05-14T13:45:51.566+0000] {processor.py:840} INFO - DAG(s) 'inegi_playwright' retrieved from /opt/airflow/dags/inegi_playwright_dag.py
[2026-05-14T13:45:51.657+0000] {logging_mixin.py:188} INFO - [2026-05-14T13:45:51.657+0000] {dag.py:3047} INFO - Sync 1 DAGs
[2026-05-14T13:45:51.733+0000] {logging_mixin.py:188} INFO - [2026-05-14T13:45:51.732+0000] {dag.py:3834} INFO - Setting next_dagrun for inegi_playwright to 2026-05-13 00:00:00+00:00, run_after=2026-05-14 00:00:00+00:00
[2026-05-14T13:45:51.799+0000] {processor.py:183} INFO - Processing /opt/airflow/dags/inegi_playwright_dag.py took 0.424 seconds
[2026-05-14T13:46:22.904+0000] {processor.py:161} INFO - Started process (PID=253) to work on /opt/airflow/dags/inegi_playwright_dag.py
[2026-05-14T13:46:22.920+0000] {processor.py:830} INFO - Processing file /opt/airflow/dags/inegi_playwright_dag.py for tasks to queue
[2026-05-14T13:46:22.931+0000] {logging_mixin.py:188} INFO - [2026-05-14T13:46:22.930+0000] {dagbag.py:540} INFO - Filling up the DagBag from /opt/airflow/dags/inegi_playwright_dag.py
[2026-05-14T13:46:23.130+0000] {processor.py:840} INFO - DAG(s) 'inegi_playwright' retrieved from /opt/airflow/dags/inegi_playwright_dag.py
[2026-05-14T13:46:23.321+0000] {logging_mixin.py:188} INFO - [2026-05-14T13:46:23.320+0000] {dag.py:3047} INFO - Sync 1 DAGs
[2026-05-14T13:46:23.675+0000] {logging_mixin.py:188} INFO - [2026-05-14T13:46:23.674+0000] {dag.py:3834} INFO - Setting next_dagrun for inegi_playwright to 2026-05-13 00:00:00+00:00, run_after=2026-05-14 00:00:00+00:00
[2026-05-14T13:46:24.070+0000] {processor.py:183} INFO - Processing /opt/airflow/dags/inegi_playwright_dag.py took 1.160 seconds
[2026-05-14T13:46:59.819+0000] {processor.py:161} INFO - Started process (PID=287) to work on /opt/airflow/dags/inegi_playwright_dag.py
[2026-05-14T13:46:59.840+0000] {processor.py:830} INFO - Processing file /opt/airflow/dags/inegi_playwright_dag.py for tasks to queue
[2026-05-14T13:46:59.844+0000] {logging_mixin.py:188} INFO - [2026-05-14T13:46:59.842+0000] {dagbag.py:540} INFO - Filling up the DagBag from /opt/airflow/dags/inegi_playwright_dag.py
[2026-05-14T13:47:00.165+0000] {processor.py:840} INFO - DAG(s) 'inegi_playwright' retrieved from /opt/airflow/dags/inegi_playwright_dag.py
[2026-05-14T13:47:00.373+0000] {logging_mixin.py:188} INFO - [2026-05-14T13:47:00.368+0000] {dag.py:3047} INFO - Sync 1 DAGs
[2026-05-14T13:47:00.916+0000] {logging_mixin.py:188} INFO - [2026-05-14T13:47:00.910+0000] {dag.py:3834} INFO - Setting next_dagrun for inegi_playwright to 2026-05-14 00:00:00+00:00, run_after=2026-05-15 00:00:00+00:00
[2026-05-14T13:47:01.606+0000] {processor.py:183} INFO - Processing /opt/airflow/dags/inegi_playwright_dag.py took 1.836 seconds
[2026-05-14T13:47:45.940+0000] {processor.py:161} INFO - Started process (PID=321) to work on /opt/airflow/dags/inegi_playwright_dag.py
[2026-05-14T13:47:45.946+0000] {processor.py:830} INFO - Processing file /opt/airflow/dags/inegi_playwright_dag.py for tasks to queue
[2026-05-14T13:47:45.954+0000] {logging_mixin.py:188} INFO - [2026-05-14T13:47:45.953+0000] {dagbag.py:540} INFO - Filling up the DagBag from /opt/airflow/dags/inegi_playwright_dag.py
[2026-05-14T13:47:46.213+0000] {processor.py:840} INFO - DAG(s) 'inegi_playwright' retrieved from /opt/airflow/dags/inegi_playwright_dag.py
[2026-05-14T13:47:46.862+0000] {logging_mixin.py:188} INFO - [2026-05-14T13:47:46.862+0000] {dag.py:3047} INFO - Sync 1 DAGs
[2026-05-14T13:47:47.434+0000] {logging_mixin.py:188} INFO - [2026-05-14T13:47:47.432+0000] {dag.py:3834} INFO - Setting next_dagrun for inegi_playwright to 2026-05-14 00:00:00+00:00, run_after=2026-05-15 00:00:00+00:00
[2026-05-14T13:47:47.580+0000] {processor.py:183} INFO - Processing /opt/airflow/dags/inegi_playwright_dag.py took 1.661 seconds
[2026-05-14T13:48:28.087+0000] {processor.py:161} INFO - Started process (PID=352) to work on /opt/airflow/dags/inegi_playwright_dag.py
[2026-05-14T13:48:28.102+0000] {processor.py:830} INFO - Processing file /opt/airflow/dags/inegi_playwright_dag.py for tasks to queue
[2026-05-14T13:48:28.107+0000] {logging_mixin.py:188} INFO - [2026-05-14T13:48:28.106+0000] {dagbag.py:540} INFO - Filling up the DagBag from /opt/airflow/dags/inegi_playwright_dag.py
[2026-05-14T13:48:28.448+0000] {processor.py:840} INFO - DAG(s) 'inegi_playwright' retrieved from /opt/airflow/dags/inegi_playwright_dag.py
[2026-05-14T13:48:28.907+0000] {logging_mixin.py:188} INFO - [2026-05-14T13:48:28.906+0000] {dag.py:3047} INFO - Sync 1 DAGs
[2026-05-14T13:48:29.308+0000] {logging_mixin.py:188} INFO - [2026-05-14T13:48:29.308+0000] {dag.py:3834} INFO - Setting next_dagrun for inegi_playwright to 2026-05-14 00:00:00+00:00, run_after=2026-05-15 00:00:00+00:00
[2026-05-14T13:48:30.147+0000] {processor.py:183} INFO - Processing /opt/airflow/dags/inegi_playwright_dag.py took 2.112 seconds
[2026-05-14T13:49:03.188+0000] {processor.py:161} INFO - Started process (PID=381) to work on /opt/airflow/dags/inegi_playwright_dag.py
[2026-05-14T13:49:03.201+0000] {processor.py:830} INFO - Processing file /opt/airflow/dags/inegi_playwright_dag.py for tasks to queue
[2026-05-14T13:49:03.204+0000] {logging_mixin.py:188} INFO - [2026-05-14T13:49:03.203+0000] {dagbag.py:540} INFO - Filling up the DagBag from /opt/airflow/dags/inegi_playwright_dag.py
[2026-05-14T13:49:04.177+0000] {processor.py:840} INFO - DAG(s) 'inegi_playwright' retrieved from /opt/airflow/dags/inegi_playwright_dag.py
[2026-05-14T13:49:04.919+0000] {logging_mixin.py:188} INFO - [2026-05-14T13:49:04.919+0000] {dag.py:3047} INFO - Sync 1 DAGs
[2026-05-14T13:49:05.226+0000] {logging_mixin.py:188} INFO - [2026-05-14T13:49:05.225+0000] {dag.py:3834} INFO - Setting next_dagrun for inegi_playwright to 2026-05-14 00:00:00+00:00, run_after=2026-05-15 00:00:00+00:00
[2026-05-14T13:49:05.352+0000] {processor.py:183} INFO - Processing /opt/airflow/dags/inegi_playwright_dag.py took 2.192 seconds
[2026-05-14T13:49:38.621+0000] {processor.py:161} INFO - Started process (PID=411) to work on /opt/airflow/dags/inegi_playwright_dag.py
[2026-05-14T13:49:38.646+0000] {processor.py:830} INFO - Processing file /opt/airflow/dags/inegi_playwright_dag.py for tasks to queue
[2026-05-14T13:49:38.655+0000] {logging_mixin.py:188} INFO - [2026-05-14T13:49:38.651+0000] {dagbag.py:540} INFO - Filling up the DagBag from /opt/airflow/dags/inegi_playwright_dag.py
[2026-05-14T13:49:38.998+0000] {processor.py:840} INFO - DAG(s) 'inegi_playwright' retrieved from /opt/airflow/dags/inegi_playwright_dag.py
[2026-05-14T13:49:39.543+0000] {logging_mixin.py:188} INFO - [2026-05-14T13:49:39.541+0000] {dag.py:3047} INFO - Sync 1 DAGs
[2026-05-14T13:49:40.239+0000] {logging_mixin.py:188} INFO - [2026-05-14T13:49:40.239+0000] {dag.py:3834} INFO - Setting next_dagrun for inegi_playwright to 2026-05-14 00:00:00+00:00, run_after=2026-05-15 00:00:00+00:00
[2026-05-14T13:49:40.539+0000] {processor.py:183} INFO - Processing /opt/airflow/dags/inegi_playwright_dag.py took 1.966 seconds
[2026-05-14T13:50:11.900+0000] {processor.py:161} INFO - Started process (PID=441) to work on /opt/airflow/dags/inegi_playwright_dag.py
[2026-05-14T13:50:11.925+0000] {processor.py:830} INFO - Processing file /opt/airflow/dags/inegi_playwright_dag.py for tasks to queue
[2026-05-14T13:50:11.935+0000] {logging_mixin.py:188} INFO - [2026-05-14T13:50:11.934+0000] {dagbag.py:540} INFO - Filling up the DagBag from /opt/airflow/dags/inegi_playwright_dag.py
[2026-05-14T13:50:13.189+0000] {processor.py:840} INFO - DAG(s) 'inegi_playwright' retrieved from /opt/airflow/dags/inegi_playwright_dag.py
[2026-05-14T13:50:13.574+0000] {logging_mixin.py:188} INFO - [2026-05-14T13:50:13.573+0000] {dag.py:3047} INFO - Sync 1 DAGs
[2026-05-14T13:50:13.994+0000] {logging_mixin.py:188} INFO - [2026-05-14T13:50:13.972+0000] {dag.py:3834} INFO - Setting next_dagrun for inegi_playwright to 2026-05-14 00:00:00+00:00, run_after=2026-05-15 00:00:00+00:00
[2026-05-14T13:50:15.622+0000] {processor.py:183} INFO - Processing /opt/airflow/dags/inegi_playwright_dag.py took 3.801 seconds
[2026-05-14T13:50:56.718+0000] {processor.py:161} INFO - Started process (PID=471) to work on /opt/airflow/dags/inegi_playwright_dag.py
[2026-05-14T13:50:56.805+0000] {processor.py:830} INFO - Processing file /opt/airflow/dags/inegi_playwright_dag.py for tasks to queue
[2026-05-14T13:50:56.846+0000] {logging_mixin.py:188} INFO - [2026-05-14T13:50:56.845+0000] {dagbag.py:540} INFO - Filling up the DagBag from /opt/airflow/dags/inegi_playwright_dag.py
[2026-05-14T13:50:58.385+0000] {processor.py:840} INFO - DAG(s) 'inegi_playwright' retrieved from /opt/airflow/dags/inegi_playwright_dag.py
[2026-05-14T13:50:59.542+0000] {logging_mixin.py:188} INFO - [2026-05-14T13:50:59.541+0000] {dag.py:3047} INFO - Sync 1 DAGs
[2026-05-14T13:51:00.214+0000] {logging_mixin.py:188} INFO - [2026-05-14T13:51:00.213+0000] {dag.py:3834} INFO - Setting next_dagrun for inegi_playwright to 2026-05-14 00:00:00+00:00, run_after=2026-05-15 00:00:00+00:00
[2026-05-14T13:51:02.404+0000] {processor.py:183} INFO - Processing /opt/airflow/dags/inegi_playwright_dag.py took 6.018 seconds
[2026-05-14T13:51:57.361+0000] {processor.py:161} INFO - Started process (PID=503) to work on /opt/airflow/dags/inegi_playwright_dag.py
[2026-05-14T13:51:57.445+0000] {processor.py:830} INFO - Processing file /opt/airflow/dags/inegi_playwright_dag.py for tasks to queue
[2026-05-14T13:51:57.553+0000] {logging_mixin.py:188} INFO - [2026-05-14T13:51:57.463+0000] {dagbag.py:540} INFO - Filling up the DagBag from /opt/airflow/dags/inegi_playwright_dag.py
[2026-05-14T13:51:57.984+0000] {processor.py:840} INFO - DAG(s) 'inegi_playwright' retrieved from /opt/airflow/dags/inegi_playwright_dag.py
[2026-05-14T13:51:58.359+0000] {logging_mixin.py:188} INFO - [2026-05-14T13:51:58.359+0000] {dag.py:3047} INFO - Sync 1 DAGs
[2026-05-14T13:51:58.855+0000] {logging_mixin.py:188} INFO - [2026-05-14T13:51:58.854+0000] {dag.py:3834} INFO - Setting next_dagrun for inegi_playwright to 2026-05-14 00:00:00+00:00, run_after=2026-05-15 00:00:00+00:00
[2026-05-14T13:52:01.064+0000] {processor.py:183} INFO - Processing /opt/airflow/dags/inegi_playwright_dag.py took 3.753 seconds
[2026-05-14T13:52:46.229+0000] {processor.py:161} INFO - Started process (PID=533) to work on /opt/airflow/dags/inegi_playwright_dag.py
[2026-05-14T13:52:46.562+0000] {processor.py:830} INFO - Processing file /opt/airflow/dags/inegi_playwright_dag.py for tasks to queue
[2026-05-14T13:52:46.579+0000] {logging_mixin.py:188} INFO - [2026-05-14T13:52:46.565+0000] {dagbag.py:540} INFO - Filling up the DagBag from /opt/airflow/dags/inegi_playwright_dag.py
[2026-05-14T13:52:49.490+0000] {processor.py:840} INFO - DAG(s) 'inegi_playwright' retrieved from /opt/airflow/dags/inegi_playwright_dag.py
[2026-05-14T13:52:51.605+0000] {logging_mixin.py:188} INFO - [2026-05-14T13:52:51.604+0000] {dag.py:3047} INFO - Sync 1 DAGs
[2026-05-14T13:52:52.510+0000] {logging_mixin.py:188} INFO - [2026-05-14T13:52:52.510+0000] {dag.py:3834} INFO - Setting next_dagrun for inegi_playwright to 2026-05-14 00:00:00+00:00, run_after=2026-05-15 00:00:00+00:00
[2026-05-14T13:52:53.575+0000] {processor.py:183} INFO - Processing /opt/airflow/dags/inegi_playwright_dag.py took 7.634 seconds
[2026-05-14T13:53:55.085+0000] {processor.py:161} INFO - Started process (PID=565) to work on /opt/airflow/dags/inegi_playwright_dag.py
[2026-05-14T13:53:55.151+0000] {processor.py:830} INFO - Processing file /opt/airflow/dags/inegi_playwright_dag.py for tasks to queue
[2026-05-14T13:53:55.248+0000] {logging_mixin.py:188} INFO - [2026-05-14T13:53:55.247+0000] {dagbag.py:540} INFO - Filling up the DagBag from /opt/airflow/dags/inegi_playwright_dag.py
[2026-05-14T13:54:00.534+0000] {processor.py:840} INFO - DAG(s) 'inegi_playwright' retrieved from /opt/airflow/dags/inegi_playwright_dag.py
[2026-05-14T13:54:01.585+0000] {logging_mixin.py:188} INFO - [2026-05-14T13:54:01.585+0000] {dag.py:3047} INFO - Sync 1 DAGs
[2026-05-14T13:54:02.110+0000] {logging_mixin.py:188} INFO - [2026-05-14T13:54:02.110+0000] {dag.py:3834} INFO - Setting next_dagrun for inegi_playwright to 2026-05-14 00:00:00+00:00, run_after=2026-05-15 00:00:00+00:00
[2026-05-14T13:54:04.617+0000] {processor.py:183} INFO - Processing /opt/airflow/dags/inegi_playwright_dag.py took 9.946 seconds
[2026-05-14T13:54:42.775+0000] {processor.py:161} INFO - Started process (PID=597) to work on /opt/airflow/dags/inegi_playwright_dag.py
[2026-05-14T13:54:42.868+0000] {processor.py:830} INFO - Processing file /opt/airflow/dags/inegi_playwright_dag.py for tasks to queue
[2026-05-14T13:54:43.034+0000] {logging_mixin.py:188} INFO - [2026-05-14T13:54:42.972+0000] {dagbag.py:540} INFO - Filling up the DagBag from /opt/airflow/dags/inegi_playwright_dag.py
[2026-05-14T13:54:46.823+0000] {processor.py:840} INFO - DAG(s) 'inegi_playwright' retrieved from /opt/airflow/dags/inegi_playwright_dag.py
[2026-05-14T13:54:47.901+0000] {logging_mixin.py:188} INFO - [2026-05-14T13:54:47.900+0000] {dag.py:3047} INFO - Sync 1 DAGs
[2026-05-14T13:54:48.494+0000] {logging_mixin.py:188} INFO - [2026-05-14T13:54:48.493+0000] {dag.py:3834} INFO - Setting next_dagrun for inegi_playwright to 2026-05-14 00:00:00+00:00, run_after=2026-05-15 00:00:00+00:00
[2026-05-14T13:54:49.142+0000] {processor.py:183} INFO - Processing /opt/airflow/dags/inegi_playwright_dag.py took 6.412 seconds
[2026-05-14T13:55:35.065+0000] {processor.py:161} INFO - Started process (PID=629) to work on /opt/airflow/dags/inegi_playwright_dag.py
[2026-05-14T13:55:35.091+0000] {processor.py:830} INFO - Processing file /opt/airflow/dags/inegi_playwright_dag.py for tasks to queue
[2026-05-14T13:55:35.098+0000] {logging_mixin.py:188} INFO - [2026-05-14T13:55:35.096+0000] {dagbag.py:540} INFO - Filling up the DagBag from /opt/airflow/dags/inegi_playwright_dag.py
[2026-05-14T13:55:37.367+0000] {processor.py:840} INFO - DAG(s) 'inegi_playwright' retrieved from /opt/airflow/dags/inegi_playwright_dag.py
[2026-05-14T13:55:37.948+0000] {logging_mixin.py:188} INFO - [2026-05-14T13:55:37.947+0000] {dag.py:3047} INFO - Sync 1 DAGs
[2026-05-14T13:55:38.613+0000] {logging_mixin.py:188} INFO - [2026-05-14T13:55:38.612+0000] {dag.py:3834} INFO - Setting next_dagrun for inegi_playwright to 2026-05-14 00:00:00+00:00, run_after=2026-05-15 00:00:00+00:00
[2026-05-14T13:55:43.406+0000] {processor.py:183} INFO - Processing /opt/airflow/dags/inegi_playwright_dag.py took 8.418 seconds
[2026-05-14T13:56:35.602+0000] {processor.py:161} INFO - Started process (PID=659) to work on /opt/airflow/dags/inegi_playwright_dag.py
[2026-05-14T13:56:35.632+0000] {processor.py:830} INFO - Processing file /opt/airflow/dags/inegi_playwright_dag.py for tasks to queue
[2026-05-14T13:56:35.664+0000] {logging_mixin.py:188} INFO - [2026-05-14T13:56:35.650+0000] {dagbag.py:540} INFO - Filling up the DagBag from /opt/airflow/dags/inegi_playwright_dag.py
[2026-05-14T13:56:37.134+0000] {processor.py:840} INFO - DAG(s) 'inegi_playwright' retrieved from /opt/airflow/dags/inegi_playwright_dag.py
[2026-05-14T13:56:38.030+0000] {logging_mixin.py:188} INFO - [2026-05-14T13:56:38.029+0000] {dag.py:3047} INFO - Sync 1 DAGs
[2026-05-14T13:56:42.050+0000] {logging_mixin.py:188} INFO - [2026-05-14T13:56:42.037+0000] {dag.py:3834} INFO - Setting next_dagrun for inegi_playwright to 2026-05-14 00:00:00+00:00, run_after=2026-05-15 00:00:00+00:00
[2026-05-14T13:56:43.780+0000] {processor.py:183} INFO - Processing /opt/airflow/dags/inegi_playwright_dag.py took 8.406 seconds
[2026-05-14T13:57:16.866+0000] {processor.py:161} INFO - Started process (PID=689) to work on /opt/airflow/dags/inegi_playwright_dag.py
[2026-05-14T13:57:17.092+0000] {processor.py:830} INFO - Processing file /opt/airflow/dags/inegi_playwright_dag.py for tasks to queue
[2026-05-14T13:57:17.211+0000] {logging_mixin.py:188} INFO - [2026-05-14T13:57:17.210+0000] {dagbag.py:540} INFO - Filling up the DagBag from /opt/airflow/dags/inegi_playwright_dag.py
[2026-05-14T13:57:18.520+0000] {processor.py:840} INFO - DAG(s) 'inegi_playwright' retrieved from /opt/airflow/dags/inegi_playwright_dag.py
[2026-05-14T13:57:18.874+0000] {logging_mixin.py:188} INFO - [2026-05-14T13:57:18.874+0000] {dag.py:3047} INFO - Sync 1 DAGs
[2026-05-14T13:57:19.941+0000] {logging_mixin.py:188} INFO - [2026-05-14T13:57:19.940+0000] {dag.py:3834} INFO - Setting next_dagrun for inegi_playwright to 2026-05-14 00:00:00+00:00, run_after=2026-05-15 00:00:00+00:00
[2026-05-14T13:57:21.533+0000] {processor.py:183} INFO - Processing /opt/airflow/dags/inegi_playwright_dag.py took 4.850 seconds
[2026-05-14T13:57:55.978+0000] {processor.py:161} INFO - Started process (PID=718) to work on /opt/airflow/dags/inegi_playwright_dag.py
[2026-05-14T13:57:56.087+0000] {processor.py:830} INFO - Processing file /opt/airflow/dags/inegi_playwright_dag.py for tasks to queue
[2026-05-14T13:57:56.306+0000] {logging_mixin.py:188} INFO - [2026-05-14T13:57:56.305+0000] {dagbag.py:540} INFO - Filling up the DagBag from /opt/airflow/dags/inegi_playwright_dag.py
[2026-05-14T13:57:58.748+0000] {processor.py:840} INFO - DAG(s) 'inegi_playwright' retrieved from /opt/airflow/dags/inegi_playwright_dag.py
[2026-05-14T13:57:59.962+0000] {logging_mixin.py:188} INFO - [2026-05-14T13:57:59.956+0000] {dag.py:3047} INFO - Sync 1 DAGs
[2026-05-14T13:58:00.910+0000] {logging_mixin.py:188} INFO - [2026-05-14T13:58:00.910+0000] {dag.py:3834} INFO - Setting next_dagrun for inegi_playwright to 2026-05-14 00:00:00+00:00, run_after=2026-05-15 00:00:00+00:00
[2026-05-14T13:58:02.477+0000] {processor.py:183} INFO - Processing /opt/airflow/dags/inegi_playwright_dag.py took 7.043 seconds
[2026-05-14T13:58:34.791+0000] {processor.py:161} INFO - Started process (PID=751) to work on /opt/airflow/dags/inegi_playwright_dag.py
[2026-05-14T13:58:34.819+0000] {processor.py:830} INFO - Processing file /opt/airflow/dags/inegi_playwright_dag.py for tasks to queue
[2026-05-14T13:58:34.853+0000] {logging_mixin.py:188} INFO - [2026-05-14T13:58:34.852+0000] {dagbag.py:540} INFO - Filling up the DagBag from /opt/airflow/dags/inegi_playwright_dag.py
[2026-05-14T13:58:35.602+0000] {processor.py:840} INFO - DAG(s) 'inegi_playwright' retrieved from /opt/airflow/dags/inegi_playwright_dag.py
[2026-05-14T13:58:35.864+0000] {logging_mixin.py:188} INFO - [2026-05-14T13:58:35.864+0000] {dag.py:3047} INFO - Sync 1 DAGs
[2026-05-14T13:58:36.113+0000] {logging_mixin.py:188} INFO - [2026-05-14T13:58:36.113+0000] {dag.py:3834} INFO - Setting next_dagrun for inegi_playwright to 2026-05-14 00:00:00+00:00, run_after=2026-05-15 00:00:00+00:00
[2026-05-14T13:58:36.307+0000] {processor.py:183} INFO - Processing /opt/airflow/dags/inegi_playwright_dag.py took 1.574 seconds
[2026-05-14T13:59:09.254+0000] {processor.py:161} INFO - Started process (PID=781) to work on /opt/airflow/dags/inegi_playwright_dag.py
[2026-05-14T13:59:09.528+0000] {processor.py:830} INFO - Processing file /opt/airflow/dags/inegi_playwright_dag.py for tasks to queue
[2026-05-14T13:59:09.589+0000] {logging_mixin.py:188} INFO - [2026-05-14T13:59:09.574+0000] {dagbag.py:540} INFO - Filling up the DagBag from /opt/airflow/dags/inegi_playwright_dag.py
[2026-05-14T13:59:10.688+0000] {processor.py:840} INFO - DAG(s) 'inegi_playwright' retrieved from /opt/airflow/dags/inegi_playwright_dag.py
[2026-05-14T13:59:10.948+0000] {logging_mixin.py:188} INFO - [2026-05-14T13:59:10.947+0000] {dag.py:3047} INFO - Sync 1 DAGs
[2026-05-14T13:59:11.307+0000] {logging_mixin.py:188} INFO - [2026-05-14T13:59:11.307+0000] {dag.py:3834} INFO - Setting next_dagrun for inegi_playwright to 2026-05-14 00:00:00+00:00, run_after=2026-05-15 00:00:00+00:00
[2026-05-14T13:59:11.535+0000] {processor.py:183} INFO - Processing /opt/airflow/dags/inegi_playwright_dag.py took 2.752 seconds
[2026-05-14T13:59:43.215+0000] {processor.py:161} INFO - Started process (PID=811) to work on /opt/airflow/dags/inegi_playwright_dag.py
[2026-05-14T13:59:43.218+0000] {processor.py:830} INFO - Processing file /opt/airflow/dags/inegi_playwright_dag.py for tasks to queue
[2026-05-14T13:59:43.222+0000] {logging_mixin.py:188} INFO - [2026-05-14T13:59:43.221+0000] {dagbag.py:540} INFO - Filling up the DagBag from /opt/airflow/dags/inegi_playwright_dag.py
[2026-05-14T13:59:43.346+0000] {processor.py:840} INFO - DAG(s) 'inegi_playwright' retrieved from /opt/airflow/dags/inegi_playwright_dag.py
[2026-05-14T13:59:43.676+0000] {logging_mixin.py:188} INFO - [2026-05-14T13:59:43.676+0000] {dag.py:3047} INFO - Sync 1 DAGs
[2026-05-14T13:59:44.571+0000] {logging_mixin.py:188} INFO - [2026-05-14T13:59:44.571+0000] {dag.py:3834} INFO - Setting next_dagrun for inegi_playwright to 2026-05-14 00:00:00+00:00, run_after=2026-05-15 00:00:00+00:00
[2026-05-14T13:59:45.534+0000] {processor.py:183} INFO - Processing /opt/airflow/dags/inegi_playwright_dag.py took 2.356 seconds
[2026-05-14T14:00:17.238+0000] {processor.py:161} INFO - Started process (PID=841) to work on /opt/airflow/dags/inegi_playwright_dag.py
[2026-05-14T14:00:17.252+0000] {processor.py:830} INFO - Processing file /opt/airflow/dags/inegi_playwright_dag.py for tasks to queue
[2026-05-14T14:00:17.259+0000] {logging_mixin.py:188} INFO - [2026-05-14T14:00:17.258+0000] {dagbag.py:540} INFO - Filling up the DagBag from /opt/airflow/dags/inegi_playwright_dag.py
[2026-05-14T14:00:17.431+0000] {processor.py:840} INFO - DAG(s) 'inegi_playwright' retrieved from /opt/airflow/dags/inegi_playwright_dag.py
[2026-05-14T14:00:17.673+0000] {logging_mixin.py:188} INFO - [2026-05-14T14:00:17.673+0000] {dag.py:3047} INFO - Sync 1 DAGs
[2026-05-14T14:00:18.864+0000] {logging_mixin.py:188} INFO - [2026-05-14T14:00:18.863+0000] {dag.py:3834} INFO - Setting next_dagrun for inegi_playwright to 2026-05-14 00:00:00+00:00, run_after=2026-05-15 00:00:00+00:00
[2026-05-14T14:00:20.085+0000] {processor.py:183} INFO - Processing /opt/airflow/dags/inegi_playwright_dag.py took 2.950 seconds
[2026-05-14T14:00:52.201+0000] {processor.py:161} INFO - Started process (PID=874) to work on /opt/airflow/dags/inegi_playwright_dag.py
[2026-05-14T14:00:52.242+0000] {processor.py:830} INFO - Processing file /opt/airflow/dags/inegi_playwright_dag.py for tasks to queue
[2026-05-14T14:00:52.245+0000] {logging_mixin.py:188} INFO - [2026-05-14T14:00:52.244+0000] {dagbag.py:540} INFO - Filling up the DagBag from /opt/airflow/dags/inegi_playwright_dag.py
[2026-05-14T14:00:52.458+0000] {processor.py:840} INFO - DAG(s) 'inegi_playwright' retrieved from /opt/airflow/dags/inegi_playwright_dag.py
[2026-05-14T14:00:52.640+0000] {logging_mixin.py:188} INFO - [2026-05-14T14:00:52.639+0000] {dag.py:3047} INFO - Sync 1 DAGs
[2026-05-14T14:00:52.777+0000] {logging_mixin.py:188} INFO - [2026-05-14T14:00:52.776+0000] {dag.py:3834} INFO - Setting next_dagrun for inegi_playwright to 2026-05-14 00:00:00+00:00, run_after=2026-05-15 00:00:00+00:00
[2026-05-14T14:00:52.845+0000] {processor.py:183} INFO - Processing /opt/airflow/dags/inegi_playwright_dag.py took 0.716 seconds
[2026-05-14T14:01:25.600+0000] {processor.py:161} INFO - Started process (PID=899) to work on /opt/airflow/dags/inegi_playwright_dag.py
[2026-05-14T14:01:25.937+0000] {processor.py:830} INFO - Processing file /opt/airflow/dags/inegi_playwright_dag.py for tasks to queue
[2026-05-14T14:01:25.969+0000] {logging_mixin.py:188} INFO - [2026-05-14T14:01:25.968+0000] {dagbag.py:540} INFO - Filling up the DagBag from /opt/airflow/dags/inegi_playwright_dag.py
[2026-05-14T14:01:27.393+0000] {processor.py:840} INFO - DAG(s) 'inegi_playwright' retrieved from /opt/airflow/dags/inegi_playwright_dag.py
[2026-05-14T14:01:30.136+0000] {logging_mixin.py:188} INFO - [2026-05-14T14:01:30.135+0000] {dag.py:3047} INFO - Sync 1 DAGs
[2026-05-14T14:01:31.461+0000] {logging_mixin.py:188} INFO - [2026-05-14T14:01:31.460+0000] {dag.py:3834} INFO - Setting next_dagrun for inegi_playwright to 2026-05-14 00:00:00+00:00, run_after=2026-05-15 00:00:00+00:00
[2026-05-14T14:01:32.000+0000] {processor.py:183} INFO - Processing /opt/airflow/dags/inegi_playwright_dag.py took 6.719 seconds
[2026-05-14T14:02:03.492+0000] {processor.py:161} INFO - Started process (PID=935) to work on /opt/airflow/dags/inegi_playwright_dag.py
[2026-05-14T14:02:03.522+0000] {processor.py:830} INFO - Processing file /opt/airflow/dags/inegi_playwright_dag.py for tasks to queue
[2026-05-14T14:02:03.546+0000] {logging_mixin.py:188} INFO - [2026-05-14T14:02:03.535+0000] {dagbag.py:540} INFO - Filling up the DagBag from /opt/airflow/dags/inegi_playwright_dag.py
[2026-05-14T14:02:03.842+0000] {processor.py:840} INFO - DAG(s) 'inegi_playwright' retrieved from /opt/airflow/dags/inegi_playwright_dag.py
[2026-05-14T14:02:04.012+0000] {logging_mixin.py:188} INFO - [2026-05-14T14:02:04.009+0000] {dag.py:3047} INFO - Sync 1 DAGs
[2026-05-14T14:02:04.641+0000] {logging_mixin.py:188} INFO - [2026-05-14T14:02:04.611+0000] {dag.py:3834} INFO - Setting next_dagrun for inegi_playwright to 2026-05-14 00:00:00+00:00, run_after=2026-05-15 00:00:00+00:00
[2026-05-14T14:02:05.429+0000] {processor.py:183} INFO - Processing /opt/airflow/dags/inegi_playwright_dag.py took 1.997 seconds
[2026-05-14T14:02:36.948+0000] {processor.py:161} INFO - Started process (PID=965) to work on /opt/airflow/dags/inegi_playwright_dag.py
[2026-05-14T14:02:36.960+0000] {processor.py:830} INFO - Processing file /opt/airflow/dags/inegi_playwright_dag.py for tasks to queue
[2026-05-14T14:02:36.971+0000] {logging_mixin.py:188} INFO - [2026-05-14T14:02:36.970+0000] {dagbag.py:540} INFO - Filling up the DagBag from /opt/airflow/dags/inegi_playwright_dag.py
[2026-05-14T14:02:37.110+0000] {processor.py:840} INFO - DAG(s) 'inegi_playwright' retrieved from /opt/airflow/dags/inegi_playwright_dag.py
[2026-05-14T14:02:37.361+0000] {logging_mixin.py:188} INFO - [2026-05-14T14:02:37.361+0000] {dag.py:3047} INFO - Sync 1 DAGs
[2026-05-14T14:02:37.694+0000] {logging_mixin.py:188} INFO - [2026-05-14T14:02:37.693+0000] {dag.py:3834} INFO - Setting next_dagrun for inegi_playwright to 2026-05-14 00:00:00+00:00, run_after=2026-05-15 00:00:00+00:00
[2026-05-14T14:02:38.522+0000] {processor.py:183} INFO - Processing /opt/airflow/dags/inegi_playwright_dag.py took 1.631 seconds
[2026-05-14T14:03:10.625+0000] {processor.py:161} INFO - Started process (PID=995) to work on /opt/airflow/dags/inegi_playwright_dag.py
[2026-05-14T14:03:10.644+0000] {processor.py:830} INFO - Processing file /opt/airflow/dags/inegi_playwright_dag.py for tasks to queue
[2026-05-14T14:03:10.656+0000] {logging_mixin.py:188} INFO - [2026-05-14T14:03:10.655+0000] {dagbag.py:540} INFO - Filling up the DagBag from /opt/airflow/dags/inegi_playwright_dag.py
[2026-05-14T14:03:10.974+0000] {processor.py:840} INFO - DAG(s) 'inegi_playwright' retrieved from /opt/airflow/dags/inegi_playwright_dag.py
[2026-05-14T14:03:11.528+0000] {logging_mixin.py:188} INFO - [2026-05-14T14:03:11.528+0000] {dag.py:3047} INFO - Sync 1 DAGs
[2026-05-14T14:03:12.193+0000] {logging_mixin.py:188} INFO - [2026-05-14T14:03:12.188+0000] {dag.py:3834} INFO - Setting next_dagrun for inegi_playwright to 2026-05-14 00:00:00+00:00, run_after=2026-05-15 00:00:00+00:00
[2026-05-14T14:03:12.380+0000] {processor.py:183} INFO - Processing /opt/airflow/dags/inegi_playwright_dag.py took 1.812 seconds
[2026-05-14T14:03:43.738+0000] {processor.py:161} INFO - Started process (PID=1028) to work on /opt/airflow/dags/inegi_playwright_dag.py
[2026-05-14T14:03:43.745+0000] {processor.py:830} INFO - Processing file /opt/airflow/dags/inegi_playwright_dag.py for tasks to queue
[2026-05-14T14:03:43.753+0000] {logging_mixin.py:188} INFO - [2026-05-14T14:03:43.748+0000] {dagbag.py:540} INFO - Filling up the DagBag from /opt/airflow/dags/inegi_playwright_dag.py
[2026-05-14T14:03:44.075+0000] {processor.py:840} INFO - DAG(s) 'inegi_playwright' retrieved from /opt/airflow/dags/inegi_playwright_dag.py
[2026-05-14T14:03:44.378+0000] {logging_mixin.py:188} INFO - [2026-05-14T14:03:44.378+0000] {dag.py:3047} INFO - Sync 1 DAGs
[2026-05-14T14:03:44.673+0000] {logging_mixin.py:188} INFO - [2026-05-14T14:03:44.672+0000] {dag.py:3834} INFO - Setting next_dagrun for inegi_playwright to 2026-05-14 00:00:00+00:00, run_after=2026-05-15 00:00:00+00:00
[2026-05-14T14:03:45.332+0000] {processor.py:183} INFO - Processing /opt/airflow/dags/inegi_playwright_dag.py took 1.638 seconds
[2026-05-14T14:04:17.002+0000] {processor.py:161} INFO - Started process (PID=1058) to work on /opt/airflow/dags/inegi_playwright_dag.py
[2026-05-14T14:04:17.018+0000] {processor.py:830} INFO - Processing file /opt/airflow/dags/inegi_playwright_dag.py for tasks to queue
[2026-05-14T14:04:17.060+0000] {logging_mixin.py:188} INFO - [2026-05-14T14:04:17.051+0000] {dagbag.py:540} INFO - Filling up the DagBag from /opt/airflow/dags/inegi_playwright_dag.py
[2026-05-14T14:04:17.192+0000] {processor.py:840} INFO - DAG(s) 'inegi_playwright' retrieved from /opt/airflow/dags/inegi_playwright_dag.py
[2026-05-14T14:04:17.315+0000] {logging_mixin.py:188} INFO - [2026-05-14T14:04:17.314+0000] {dag.py:3047} INFO - Sync 1 DAGs
[2026-05-14T14:04:17.559+0000] {logging_mixin.py:188} INFO - [2026-05-14T14:04:17.558+0000] {dag.py:3834} INFO - Setting next_dagrun for inegi_playwright to 2026-05-14 00:00:00+00:00, run_after=2026-05-15 00:00:00+00:00
[2026-05-14T14:04:17.670+0000] {processor.py:183} INFO - Processing /opt/airflow/dags/inegi_playwright_dag.py took 0.704 seconds
[2026-05-14T14:04:49.900+0000] {processor.py:161} INFO - Started process (PID=1088) to work on /opt/airflow/dags/inegi_playwright_dag.py
[2026-05-14T14:04:49.906+0000] {processor.py:830} INFO - Processing file /opt/airflow/dags/inegi_playwright_dag.py for tasks to queue
[2026-05-14T14:04:49.911+0000] {logging_mixin.py:188} INFO - [2026-05-14T14:04:49.910+0000] {dagbag.py:540} INFO - Filling up the DagBag from /opt/airflow/dags/inegi_playwright_dag.py
[2026-05-14T14:04:50.054+0000] {processor.py:840} INFO - DAG(s) 'inegi_playwright' retrieved from /opt/airflow/dags/inegi_playwright_dag.py
[2026-05-14T14:04:50.196+0000] {logging_mixin.py:188} INFO - [2026-05-14T14:04:50.196+0000] {dag.py:3047} INFO - Sync 1 DAGs
[2026-05-14T14:04:50.296+0000] {logging_mixin.py:188} INFO - [2026-05-14T14:04:50.295+0000] {dag.py:3834} INFO - Setting next_dagrun for inegi_playwright to 2026-05-14 00:00:00+00:00, run_after=2026-05-15 00:00:00+00:00
[2026-05-14T14:04:50.360+0000] {processor.py:183} INFO - Processing /opt/airflow/dags/inegi_playwright_dag.py took 0.488 seconds
[2026-05-14T14:05:21.417+0000] {processor.py:161} INFO - Started process (PID=1115) to work on /opt/airflow/dags/inegi_playwright_dag.py
[2026-05-14T14:05:21.444+0000] {processor.py:830} INFO - Processing file /opt/airflow/dags/inegi_playwright_dag.py for tasks to queue
[2026-05-14T14:05:21.477+0000] {logging_mixin.py:188} INFO - [2026-05-14T14:05:21.476+0000] {dagbag.py:540} INFO - Filling up the DagBag from /opt/airflow/dags/inegi_playwright_dag.py
[2026-05-14T14:05:21.760+0000] {processor.py:840} INFO - DAG(s) 'inegi_playwright' retrieved from /opt/airflow/dags/inegi_playwright_dag.py
[2026-05-14T14:05:23.905+0000] {logging_mixin.py:188} INFO - [2026-05-14T14:05:23.877+0000] {dag.py:3047} INFO - Sync 1 DAGs
[2026-05-14T14:05:24.872+0000] {logging_mixin.py:188} INFO - [2026-05-14T14:05:24.860+0000] {dag.py:3834} INFO - Setting next_dagrun for inegi_playwright to 2026-05-14 00:00:00+00:00, run_after=2026-05-15 00:00:00+00:00
[2026-05-14T14:05:25.003+0000] {processor.py:183} INFO - Processing /opt/airflow/dags/inegi_playwright_dag.py took 3.719 seconds
[2026-05-14T14:05:56.051+0000] {processor.py:161} INFO - Started process (PID=1148) to work on /opt/airflow/dags/inegi_playwright_dag.py
[2026-05-14T14:05:56.058+0000] {processor.py:830} INFO - Processing file /opt/airflow/dags/inegi_playwright_dag.py for tasks to queue
[2026-05-14T14:05:56.061+0000] {logging_mixin.py:188} INFO - [2026-05-14T14:05:56.060+0000] {dagbag.py:540} INFO - Filling up the DagBag from /opt/airflow/dags/inegi_playwright_dag.py
[2026-05-14T14:05:56.276+0000] {processor.py:840} INFO - DAG(s) 'inegi_playwright' retrieved from /opt/airflow/dags/inegi_playwright_dag.py
[2026-05-14T14:05:56.859+0000] {logging_mixin.py:188} INFO - [2026-05-14T14:05:56.859+0000] {dag.py:3047} INFO - Sync 1 DAGs
[2026-05-14T14:05:58.184+0000] {logging_mixin.py:188} INFO - [2026-05-14T14:05:58.153+0000] {dag.py:3834} INFO - Setting next_dagrun for inegi_playwright to 2026-05-14 00:00:00+00:00, run_after=2026-05-15 00:00:00+00:00
[2026-05-14T14:05:59.685+0000] {processor.py:183} INFO - Processing /opt/airflow/dags/inegi_playwright_dag.py took 3.665 seconds
[2026-05-14T14:06:31.137+0000] {processor.py:161} INFO - Started process (PID=1178) to work on /opt/airflow/dags/inegi_playwright_dag.py
[2026-05-14T14:06:31.141+0000] {processor.py:830} INFO - Processing file /opt/airflow/dags/inegi_playwright_dag.py for tasks to queue
[2026-05-14T14:06:31.144+0000] {logging_mixin.py:188} INFO - [2026-05-14T14:06:31.143+0000] {dagbag.py:540} INFO - Filling up the DagBag from /opt/airflow/dags/inegi_playwright_dag.py
[2026-05-14T14:06:31.282+0000] {processor.py:840} INFO - DAG(s) 'inegi_playwright' retrieved from /opt/airflow/dags/inegi_playwright_dag.py
[2026-05-14T14:06:31.722+0000] {logging_mixin.py:188} INFO - [2026-05-14T14:06:31.721+0000] {dag.py:3047} INFO - Sync 1 DAGs
[2026-05-14T14:06:32.122+0000] {logging_mixin.py:188} INFO - [2026-05-14T14:06:32.107+0000] {dag.py:3834} INFO - Setting next_dagrun for inegi_playwright to 2026-05-14 00:00:00+00:00, run_after=2026-05-15 00:00:00+00:00
[2026-05-14T14:06:32.747+0000] {processor.py:183} INFO - Processing /opt/airflow/dags/inegi_playwright_dag.py took 1.631 seconds
[2026-05-14T14:07:05.422+0000] {processor.py:161} INFO - Started process (PID=1212) to work on /opt/airflow/dags/inegi_playwright_dag.py
[2026-05-14T14:07:05.451+0000] {processor.py:830} INFO - Processing file /opt/airflow/dags/inegi_playwright_dag.py for tasks to queue
[2026-05-14T14:07:05.459+0000] {logging_mixin.py:188} INFO - [2026-05-14T14:07:05.457+0000] {dagbag.py:540} INFO - Filling up the DagBag from /opt/airflow/dags/inegi_playwright_dag.py
[2026-05-14T14:07:05.670+0000] {processor.py:840} INFO - DAG(s) 'inegi_playwright' retrieved from /opt/airflow/dags/inegi_playwright_dag.py
[2026-05-14T14:07:05.967+0000] {logging_mixin.py:188} INFO - [2026-05-14T14:07:05.967+0000] {dag.py:3047} INFO - Sync 1 DAGs
[2026-05-14T14:07:06.430+0000] {logging_mixin.py:188} INFO - [2026-05-14T14:07:06.429+0000] {dag.py:3834} INFO - Setting next_dagrun for inegi_playwright to 2026-05-14 00:00:00+00:00, run_after=2026-05-15 00:00:00+00:00
[2026-05-14T14:07:07.395+0000] {processor.py:183} INFO - Processing /opt/airflow/dags/inegi_playwright_dag.py took 2.155 seconds
[2026-05-14T14:07:38.292+0000] {processor.py:161} INFO - Started process (PID=1248) to work on /opt/airflow/dags/inegi_playwright_dag.py
[2026-05-14T14:07:38.295+0000] {processor.py:830} INFO - Processing file /opt/airflow/dags/inegi_playwright_dag.py for tasks to queue
[2026-05-14T14:07:38.298+0000] {logging_mixin.py:188} INFO - [2026-05-14T14:07:38.297+0000] {dagbag.py:540} INFO - Filling up the DagBag from /opt/airflow/dags/inegi_playwright_dag.py
[2026-05-14T14:07:38.357+0000] {processor.py:840} INFO - DAG(s) 'inegi_playwright' retrieved from /opt/airflow/dags/inegi_playwright_dag.py
[2026-05-14T14:07:38.531+0000] {logging_mixin.py:188} INFO - [2026-05-14T14:07:38.530+0000] {dag.py:3047} INFO - Sync 1 DAGs
[2026-05-14T14:07:39.052+0000] {logging_mixin.py:188} INFO - [2026-05-14T14:07:39.038+0000] {dag.py:3834} INFO - Setting next_dagrun for inegi_playwright to 2026-05-14 00:00:00+00:00, run_after=2026-05-15 00:00:00+00:00
[2026-05-14T14:07:39.406+0000] {processor.py:183} INFO - Processing /opt/airflow/dags/inegi_playwright_dag.py took 1.125 seconds
[2026-05-14T14:08:10.147+0000] {processor.py:161} INFO - Started process (PID=1278) to work on /opt/airflow/dags/inegi_playwright_dag.py
[2026-05-14T14:08:10.150+0000] {processor.py:830} INFO - Processing file /opt/airflow/dags/inegi_playwright_dag.py for tasks to queue
[2026-05-14T14:08:10.153+0000] {logging_mixin.py:188} INFO - [2026-05-14T14:08:10.152+0000] {dagbag.py:540} INFO - Filling up the DagBag from /opt/airflow/dags/inegi_playwright_dag.py
[2026-05-14T14:08:10.205+0000] {processor.py:840} INFO - DAG(s) 'inegi_playwright' retrieved from /opt/airflow/dags/inegi_playwright_dag.py
[2026-05-14T14:08:10.274+0000] {logging_mixin.py:188} INFO - [2026-05-14T14:08:10.274+0000] {dag.py:3047} INFO - Sync 1 DAGs
[2026-05-14T14:08:10.343+0000] {logging_mixin.py:188} INFO - [2026-05-14T14:08:10.342+0000] {dag.py:3834} INFO - Setting next_dagrun for inegi_playwright to 2026-05-14 00:00:00+00:00, run_after=2026-05-15 00:00:00+00:00
[2026-05-14T14:08:10.402+0000] {processor.py:183} INFO - Processing /opt/airflow/dags/inegi_playwright_dag.py took 0.266 seconds
[2026-05-14T14:08:41.140+0000] {processor.py:161} INFO - Started process (PID=1308) to work on /opt/airflow/dags/inegi_playwright_dag.py
[2026-05-14T14:08:41.144+0000] {processor.py:830} INFO - Processing file /opt/airflow/dags/inegi_playwright_dag.py for tasks to queue
[2026-05-14T14:08:41.147+0000] {logging_mixin.py:188} INFO - [2026-05-14T14:08:41.146+0000] {dagbag.py:540} INFO - Filling up the DagBag from /opt/airflow/dags/inegi_playwright_dag.py
[2026-05-14T14:08:41.203+0000] {processor.py:840} INFO - DAG(s) 'inegi_playwright' retrieved from /opt/airflow/dags/inegi_playwright_dag.py
[2026-05-14T14:08:41.271+0000] {logging_mixin.py:188} INFO - [2026-05-14T14:08:41.270+0000] {dag.py:3047} INFO - Sync 1 DAGs
[2026-05-14T14:08:41.345+0000] {logging_mixin.py:188} INFO - [2026-05-14T14:08:41.345+0000] {dag.py:3834} INFO - Setting next_dagrun for inegi_playwright to 2026-05-14 00:00:00+00:00, run_after=2026-05-15 00:00:00+00:00
[2026-05-14T14:08:41.396+0000] {processor.py:183} INFO - Processing /opt/airflow/dags/inegi_playwright_dag.py took 0.265 seconds
[2026-05-14T14:09:11.965+0000] {processor.py:161} INFO - Started process (PID=1338) to work on /opt/airflow/dags/inegi_playwright_dag.py
[2026-05-14T14:09:11.969+0000] {processor.py:830} INFO - Processing file /opt/airflow/dags/inegi_playwright_dag.py for tasks to queue
[2026-05-14T14:09:11.972+0000] {logging_mixin.py:188} INFO - [2026-05-14T14:09:11.971+0000] {dagbag.py:540} INFO - Filling up the DagBag from /opt/airflow/dags/inegi_playwright_dag.py
[2026-05-14T14:09:12.028+0000] {processor.py:840} INFO - DAG(s) 'inegi_playwright' retrieved from /opt/airflow/dags/inegi_playwright_dag.py
[2026-05-14T14:09:12.097+0000] {logging_mixin.py:188} INFO - [2026-05-14T14:09:12.096+0000] {dag.py:3047} INFO - Sync 1 DAGs
[2026-05-14T14:09:12.160+0000] {logging_mixin.py:188} INFO - [2026-05-14T14:09:12.159+0000] {dag.py:3834} INFO - Setting next_dagrun for inegi_playwright to 2026-05-14 00:00:00+00:00, run_after=2026-05-15 00:00:00+00:00
[2026-05-14T14:09:12.214+0000] {processor.py:183} INFO - Processing /opt/airflow/dags/inegi_playwright_dag.py took 0.259 seconds
[2026-05-14T14:09:42.944+0000] {processor.py:161} INFO - Started process (PID=1368) to work on /opt/airflow/dags/inegi_playwright_dag.py
[2026-05-14T14:09:42.947+0000] {processor.py:830} INFO - Processing file /opt/airflow/dags/inegi_playwright_dag.py for tasks to queue
[2026-05-14T14:09:42.950+0000] {logging_mixin.py:188} INFO - [2026-05-14T14:09:42.949+0000] {dagbag.py:540} INFO - Filling up the DagBag from /opt/airflow/dags/inegi_playwright_dag.py
[2026-05-14T14:09:43.006+0000] {processor.py:840} INFO - DAG(s) 'inegi_playwright' retrieved from /opt/airflow/dags/inegi_playwright_dag.py
[2026-05-14T14:09:43.091+0000] {logging_mixin.py:188} INFO - [2026-05-14T14:09:43.090+0000] {dag.py:3047} INFO - Sync 1 DAGs
[2026-05-14T14:09:43.153+0000] {logging_mixin.py:188} INFO - [2026-05-14T14:09:43.153+0000] {dag.py:3834} INFO - Setting next_dagrun for inegi_playwright to 2026-05-14 00:00:00+00:00, run_after=2026-05-15 00:00:00+00:00
[2026-05-14T14:09:43.201+0000] {processor.py:183} INFO - Processing /opt/airflow/dags/inegi_playwright_dag.py took 0.268 seconds
[2026-05-14T14:10:14.042+0000] {processor.py:161} INFO - Started process (PID=1398) to work on /opt/airflow/dags/inegi_playwright_dag.py
[2026-05-14T14:10:14.057+0000] {processor.py:830} INFO - Processing file /opt/airflow/dags/inegi_playwright_dag.py for tasks to queue
[2026-05-14T14:10:14.068+0000] {logging_mixin.py:188} INFO - [2026-05-14T14:10:14.067+0000] {dagbag.py:540} INFO - Filling up the DagBag from /opt/airflow/dags/inegi_playwright_dag.py
[2026-05-14T14:10:14.168+0000] {processor.py:840} INFO - DAG(s) 'inegi_playwright' retrieved from /opt/airflow/dags/inegi_playwright_dag.py
[2026-05-14T14:10:14.235+0000] {logging_mixin.py:188} INFO - [2026-05-14T14:10:14.235+0000] {dag.py:3047} INFO - Sync 1 DAGs
[2026-05-14T14:10:14.317+0000] {logging_mixin.py:188} INFO - [2026-05-14T14:10:14.316+0000] {dag.py:3834} INFO - Setting next_dagrun for inegi_playwright to 2026-05-14 00:00:00+00:00, run_after=2026-05-15 00:00:00+00:00
[2026-05-14T14:10:14.369+0000] {processor.py:183} INFO - Processing /opt/airflow/dags/inegi_playwright_dag.py took 0.341 seconds
[2026-05-14T14:10:44.967+0000] {processor.py:161} INFO - Started process (PID=1428) to work on /opt/airflow/dags/inegi_playwright_dag.py
[2026-05-14T14:10:44.970+0000] {processor.py:830} INFO - Processing file /opt/airflow/dags/inegi_playwright_dag.py for tasks to queue
[2026-05-14T14:10:44.973+0000] {logging_mixin.py:188} INFO - [2026-05-14T14:10:44.972+0000] {dagbag.py:540} INFO - Filling up the DagBag from /opt/airflow/dags/inegi_playwright_dag.py
[2026-05-14T14:10:45.054+0000] {processor.py:840} INFO - DAG(s) 'inegi_playwright' retrieved from /opt/airflow/dags/inegi_playwright_dag.py
[2026-05-14T14:10:45.122+0000] {logging_mixin.py:188} INFO - [2026-05-14T14:10:45.121+0000] {dag.py:3047} INFO - Sync 1 DAGs
[2026-05-14T14:10:45.183+0000] {logging_mixin.py:188} INFO - [2026-05-14T14:10:45.182+0000] {dag.py:3834} INFO - Setting next_dagrun for inegi_playwright to 2026-05-14 00:00:00+00:00, run_after=2026-05-15 00:00:00+00:00
[2026-05-14T14:10:45.239+0000] {processor.py:183} INFO - Processing /opt/airflow/dags/inegi_playwright_dag.py took 0.281 seconds
[2026-05-14T14:11:15.639+0000] {processor.py:161} INFO - Started process (PID=1458) to work on /opt/airflow/dags/inegi_playwright_dag.py
[2026-05-14T14:11:15.651+0000] {processor.py:830} INFO - Processing file /opt/airflow/dags/inegi_playwright_dag.py for tasks to queue
[2026-05-14T14:11:15.665+0000] {logging_mixin.py:188} INFO - [2026-05-14T14:11:15.664+0000] {dagbag.py:540} INFO - Filling up the DagBag from /opt/airflow/dags/inegi_playwright_dag.py
[2026-05-14T14:11:15.916+0000] {processor.py:840} INFO - DAG(s) 'inegi_playwright' retrieved from /opt/airflow/dags/inegi_playwright_dag.py
[2026-05-14T14:11:16.107+0000] {logging_mixin.py:188} INFO - [2026-05-14T14:11:16.106+0000] {dag.py:3047} INFO - Sync 1 DAGs
[2026-05-14T14:11:16.287+0000] {logging_mixin.py:188} INFO - [2026-05-14T14:11:16.286+0000] {dag.py:3834} INFO - Setting next_dagrun for inegi_playwright to 2026-05-14 00:00:00+00:00, run_after=2026-05-15 00:00:00+00:00
[2026-05-14T14:11:16.357+0000] {processor.py:183} INFO - Processing /opt/airflow/dags/inegi_playwright_dag.py took 0.729 seconds
[2026-05-14T14:11:46.619+0000] {processor.py:161} INFO - Started process (PID=1488) to work on /opt/airflow/dags/inegi_playwright_dag.py
[2026-05-14T14:11:46.623+0000] {processor.py:830} INFO - Processing file /opt/airflow/dags/inegi_playwright_dag.py for tasks to queue
[2026-05-14T14:11:46.626+0000] {logging_mixin.py:188} INFO - [2026-05-14T14:11:46.625+0000] {dagbag.py:540} INFO - Filling up the DagBag from /opt/airflow/dags/inegi_playwright_dag.py
[2026-05-14T14:11:46.683+0000] {processor.py:840} INFO - DAG(s) 'inegi_playwright' retrieved from /opt/airflow/dags/inegi_playwright_dag.py
[2026-05-14T14:11:46.753+0000] {logging_mixin.py:188} INFO - [2026-05-14T14:11:46.753+0000] {dag.py:3047} INFO - Sync 1 DAGs
[2026-05-14T14:11:46.816+0000] {logging_mixin.py:188} INFO - [2026-05-14T14:11:46.815+0000] {dag.py:3834} INFO - Setting next_dagrun for inegi_playwright to 2026-05-14 00:00:00+00:00, run_after=2026-05-15 00:00:00+00:00
[2026-05-14T14:11:46.868+0000] {processor.py:183} INFO - Processing /opt/airflow/dags/inegi_playwright_dag.py took 0.258 seconds
[2026-05-14T14:12:17.582+0000] {processor.py:161} INFO - Started process (PID=1518) to work on /opt/airflow/dags/inegi_playwright_dag.py
[2026-05-14T14:12:17.586+0000] {processor.py:830} INFO - Processing file /opt/airflow/dags/inegi_playwright_dag.py for tasks to queue
[2026-05-14T14:12:17.591+0000] {logging_mixin.py:188} INFO - [2026-05-14T14:12:17.590+0000] {dagbag.py:540} INFO - Filling up the DagBag from /opt/airflow/dags/inegi_playwright_dag.py
[2026-05-14T14:12:17.675+0000] {processor.py:840} INFO - DAG(s) 'inegi_playwright' retrieved from /opt/airflow/dags/inegi_playwright_dag.py
[2026-05-14T14:12:17.903+0000] {logging_mixin.py:188} INFO - [2026-05-14T14:12:17.903+0000] {dag.py:3047} INFO - Sync 1 DAGs
[2026-05-14T14:12:18.100+0000] {logging_mixin.py:188} INFO - [2026-05-14T14:12:18.100+0000] {dag.py:3834} INFO - Setting next_dagrun for inegi_playwright to 2026-05-14 00:00:00+00:00, run_after=2026-05-15 00:00:00+00:00
[2026-05-14T14:12:18.300+0000] {processor.py:183} INFO - Processing /opt/airflow/dags/inegi_playwright_dag.py took 0.736 seconds
[2026-05-14T14:12:49.443+0000] {processor.py:161} INFO - Started process (PID=1548) to work on /opt/airflow/dags/inegi_playwright_dag.py
[2026-05-14T14:12:49.459+0000] {processor.py:830} INFO - Processing file /opt/airflow/dags/inegi_playwright_dag.py for tasks to queue
[2026-05-14T14:12:49.484+0000] {logging_mixin.py:188} INFO - [2026-05-14T14:12:49.482+0000] {dagbag.py:540} INFO - Filling up the DagBag from /opt/airflow/dags/inegi_playwright_dag.py
[2026-05-14T14:12:50.729+0000] {processor.py:840} INFO - DAG(s) 'inegi_playwright' retrieved from /opt/airflow/dags/inegi_playwright_dag.py
[2026-05-14T14:12:50.974+0000] {logging_mixin.py:188} INFO - [2026-05-14T14:12:50.974+0000] {dag.py:3047} INFO - Sync 1 DAGs
[2026-05-14T14:12:51.203+0000] {logging_mixin.py:188} INFO - [2026-05-14T14:12:51.203+0000] {dag.py:3834} INFO - Setting next_dagrun for inegi_playwright to 2026-05-14 00:00:00+00:00, run_after=2026-05-15 00:00:00+00:00
[2026-05-14T14:12:52.182+0000] {processor.py:183} INFO - Processing /opt/airflow/dags/inegi_playwright_dag.py took 2.815 seconds
[2026-05-14T14:13:23.630+0000] {processor.py:161} INFO - Started process (PID=1578) to work on /opt/airflow/dags/inegi_playwright_dag.py
[2026-05-14T14:13:23.634+0000] {processor.py:830} INFO - Processing file /opt/airflow/dags/inegi_playwright_dag.py for tasks to queue
[2026-05-14T14:13:23.637+0000] {logging_mixin.py:188} INFO - [2026-05-14T14:13:23.636+0000] {dagbag.py:540} INFO - Filling up the DagBag from /opt/airflow/dags/inegi_playwright_dag.py
[2026-05-14T14:13:23.838+0000] {processor.py:840} INFO - DAG(s) 'inegi_playwright' retrieved from /opt/airflow/dags/inegi_playwright_dag.py
[2026-05-14T14:13:23.942+0000] {logging_mixin.py:188} INFO - [2026-05-14T14:13:23.942+0000] {dag.py:3047} INFO - Sync 1 DAGs
[2026-05-14T14:13:24.130+0000] {logging_mixin.py:188} INFO - [2026-05-14T14:13:24.129+0000] {dag.py:3834} INFO - Setting next_dagrun for inegi_playwright to 2026-05-14 00:00:00+00:00, run_after=2026-05-15 00:00:00+00:00
[2026-05-14T14:13:24.413+0000] {processor.py:183} INFO - Processing /opt/airflow/dags/inegi_playwright_dag.py took 0.796 seconds
[2026-05-14T14:13:55.837+0000] {processor.py:161} INFO - Started process (PID=1608) to work on /opt/airflow/dags/inegi_playwright_dag.py
[2026-05-14T14:13:55.867+0000] {processor.py:830} INFO - Processing file /opt/airflow/dags/inegi_playwright_dag.py for tasks to queue
[2026-05-14T14:13:55.878+0000] {logging_mixin.py:188} INFO - [2026-05-14T14:13:55.877+0000] {dagbag.py:540} INFO - Filling up the DagBag from /opt/airflow/dags/inegi_playwright_dag.py
[2026-05-14T14:13:56.049+0000] {processor.py:840} INFO - DAG(s) 'inegi_playwright' retrieved from /opt/airflow/dags/inegi_playwright_dag.py
[2026-05-14T14:13:56.128+0000] {logging_mixin.py:188} INFO - [2026-05-14T14:13:56.127+0000] {dag.py:3047} INFO - Sync 1 DAGs
[2026-05-14T14:13:56.192+0000] {logging_mixin.py:188} INFO - [2026-05-14T14:13:56.192+0000] {dag.py:3834} INFO - Setting next_dagrun for inegi_playwright to 2026-05-14 00:00:00+00:00, run_after=2026-05-15 00:00:00+00:00
[2026-05-14T14:13:56.245+0000] {processor.py:183} INFO - Processing /opt/airflow/dags/inegi_playwright_dag.py took 0.440 seconds
[2026-05-14T14:14:27.133+0000] {processor.py:161} INFO - Started process (PID=1638) to work on /opt/airflow/dags/inegi_playwright_dag.py
[2026-05-14T14:14:27.148+0000] {processor.py:830} INFO - Processing file /opt/airflow/dags/inegi_playwright_dag.py for tasks to queue
[2026-05-14T14:14:27.153+0000] {logging_mixin.py:188} INFO - [2026-05-14T14:14:27.152+0000] {dagbag.py:540} INFO - Filling up the DagBag from /opt/airflow/dags/inegi_playwright_dag.py
[2026-05-14T14:14:27.486+0000] {processor.py:840} INFO - DAG(s) 'inegi_playwright' retrieved from /opt/airflow/dags/inegi_playwright_dag.py
[2026-05-14T14:14:27.658+0000] {logging_mixin.py:188} INFO - [2026-05-14T14:14:27.657+0000] {dag.py:3047} INFO - Sync 1 DAGs
[2026-05-14T14:14:27.741+0000] {logging_mixin.py:188} INFO - [2026-05-14T14:14:27.740+0000] {dag.py:3834} INFO - Setting next_dagrun for inegi_playwright to 2026-05-14 00:00:00+00:00, run_after=2026-05-15 00:00:00+00:00
[2026-05-14T14:14:27.828+0000] {processor.py:183} INFO - Processing /opt/airflow/dags/inegi_playwright_dag.py took 0.716 seconds
[2026-05-14T14:14:58.715+0000] {processor.py:161} INFO - Started process (PID=1668) to work on /opt/airflow/dags/inegi_playwright_dag.py
[2026-05-14T14:14:58.747+0000] {processor.py:830} INFO - Processing file /opt/airflow/dags/inegi_playwright_dag.py for tasks to queue
[2026-05-14T14:14:58.750+0000] {logging_mixin.py:188} INFO - [2026-05-14T14:14:58.749+0000] {dagbag.py:540} INFO - Filling up the DagBag from /opt/airflow/dags/inegi_playwright_dag.py
[2026-05-14T14:14:58.818+0000] {processor.py:840} INFO - DAG(s) 'inegi_playwright' retrieved from /opt/airflow/dags/inegi_playwright_dag.py
[2026-05-14T14:14:58.895+0000] {logging_mixin.py:188} INFO - [2026-05-14T14:14:58.895+0000] {dag.py:3047} INFO - Sync 1 DAGs
[2026-05-14T14:14:58.971+0000] {logging_mixin.py:188} INFO - [2026-05-14T14:14:58.970+0000] {dag.py:3834} INFO - Setting next_dagrun for inegi_playwright to 2026-05-14 00:00:00+00:00, run_after=2026-05-15 00:00:00+00:00
[2026-05-14T14:14:59.027+0000] {processor.py:183} INFO - Processing /opt/airflow/dags/inegi_playwright_dag.py took 0.334 seconds
[2026-05-14T14:15:29.828+0000] {processor.py:161} INFO - Started process (PID=1698) to work on /opt/airflow/dags/inegi_playwright_dag.py
[2026-05-14T14:15:29.831+0000] {processor.py:830} INFO - Processing file /opt/airflow/dags/inegi_playwright_dag.py for tasks to queue
[2026-05-14T14:15:29.838+0000] {logging_mixin.py:188} INFO - [2026-05-14T14:15:29.836+0000] {dagbag.py:540} INFO - Filling up the DagBag from /opt/airflow/dags/inegi_playwright_dag.py
[2026-05-14T14:15:29.905+0000] {processor.py:840} INFO - DAG(s) 'inegi_playwright' retrieved from /opt/airflow/dags/inegi_playwright_dag.py
[2026-05-14T14:15:30.003+0000] {logging_mixin.py:188} INFO - [2026-05-14T14:15:30.003+0000] {dag.py:3047} INFO - Sync 1 DAGs
[2026-05-14T14:15:30.094+0000] {logging_mixin.py:188} INFO - [2026-05-14T14:15:30.093+0000] {dag.py:3834} INFO - Setting next_dagrun for inegi_playwright to 2026-05-14 00:00:00+00:00, run_after=2026-05-15 00:00:00+00:00
[2026-05-14T14:15:30.216+0000] {processor.py:183} INFO - Processing /opt/airflow/dags/inegi_playwright_dag.py took 0.405 seconds
[2026-05-14T14:16:53.951+0000] {processor.py:161} INFO - Started process (PID=1743) to work on /opt/airflow/dags/inegi_playwright_dag.py
[2026-05-14T14:16:53.989+0000] {processor.py:830} INFO - Processing file /opt/airflow/dags/inegi_playwright_dag.py for tasks to queue
[2026-05-14T14:16:54.022+0000] {logging_mixin.py:188} INFO - [2026-05-14T14:16:54.021+0000] {dagbag.py:540} INFO - Filling up the DagBag from /opt/airflow/dags/inegi_playwright_dag.py
[2026-05-14T14:16:55.429+0000] {processor.py:840} INFO - DAG(s) 'inegi_playwright' retrieved from /opt/airflow/dags/inegi_playwright_dag.py
[2026-05-14T14:16:55.925+0000] {logging_mixin.py:188} INFO - [2026-05-14T14:16:55.925+0000] {dag.py:3047} INFO - Sync 1 DAGs
[2026-05-14T14:16:56.188+0000] {logging_mixin.py:188} INFO - [2026-05-14T14:16:56.188+0000] {dag.py:3834} INFO - Setting next_dagrun for inegi_playwright to 2026-05-14 00:00:00+00:00, run_after=2026-05-15 00:00:00+00:00
[2026-05-14T14:16:56.789+0000] {processor.py:183} INFO - Processing /opt/airflow/dags/inegi_playwright_dag.py took 2.867 seconds
[2026-05-14T14:17:30.672+0000] {processor.py:161} INFO - Started process (PID=1771) to work on /opt/airflow/dags/inegi_playwright_dag.py
[2026-05-14T14:17:30.685+0000] {processor.py:830} INFO - Processing file /opt/airflow/dags/inegi_playwright_dag.py for tasks to queue
[2026-05-14T14:17:30.710+0000] {logging_mixin.py:188} INFO - [2026-05-14T14:17:30.708+0000] {dagbag.py:540} INFO - Filling up the DagBag from /opt/airflow/dags/inegi_playwright_dag.py
[2026-05-14T14:17:31.109+0000] {processor.py:840} INFO - DAG(s) 'inegi_playwright' retrieved from /opt/airflow/dags/inegi_playwright_dag.py
[2026-05-14T14:17:31.291+0000] {logging_mixin.py:188} INFO - [2026-05-14T14:17:31.291+0000] {dag.py:3047} INFO - Sync 1 DAGs
[2026-05-14T14:17:31.552+0000] {logging_mixin.py:188} INFO - [2026-05-14T14:17:31.551+0000] {dag.py:3834} INFO - Setting next_dagrun for inegi_playwright to 2026-05-14 00:00:00+00:00, run_after=2026-05-15 00:00:00+00:00
[2026-05-14T14:17:31.896+0000] {processor.py:183} INFO - Processing /opt/airflow/dags/inegi_playwright_dag.py took 1.257 seconds
[2026-05-14T14:18:25.843+0000] {processor.py:161} INFO - Started process (PID=1803) to work on /opt/airflow/dags/inegi_playwright_dag.py
[2026-05-14T14:18:25.872+0000] {processor.py:830} INFO - Processing file /opt/airflow/dags/inegi_playwright_dag.py for tasks to queue
[2026-05-14T14:18:25.886+0000] {logging_mixin.py:188} INFO - [2026-05-14T14:18:25.885+0000] {dagbag.py:540} INFO - Filling up the DagBag from /opt/airflow/dags/inegi_playwright_dag.py
[2026-05-14T14:18:26.770+0000] {processor.py:840} INFO - DAG(s) 'inegi_playwright' retrieved from /opt/airflow/dags/inegi_playwright_dag.py
[2026-05-14T14:18:27.102+0000] {logging_mixin.py:188} INFO - [2026-05-14T14:18:27.101+0000] {dag.py:3047} INFO - Sync 1 DAGs
[2026-05-14T14:18:27.387+0000] {logging_mixin.py:188} INFO - [2026-05-14T14:18:27.386+0000] {dag.py:3834} INFO - Setting next_dagrun for inegi_playwright to 2026-05-14 00:00:00+00:00, run_after=2026-05-15 00:00:00+00:00
[2026-05-14T14:18:27.714+0000] {processor.py:183} INFO - Processing /opt/airflow/dags/inegi_playwright_dag.py took 1.894 seconds
[2026-05-14T14:19:08.380+0000] {processor.py:161} INFO - Started process (PID=1831) to work on /opt/airflow/dags/inegi_playwright_dag.py
[2026-05-14T14:19:08.451+0000] {processor.py:830} INFO - Processing file /opt/airflow/dags/inegi_playwright_dag.py for tasks to queue
[2026-05-14T14:19:08.604+0000] {logging_mixin.py:188} INFO - [2026-05-14T14:19:08.603+0000] {dagbag.py:540} INFO - Filling up the DagBag from /opt/airflow/dags/inegi_playwright_dag.py
[2026-05-14T14:19:12.163+0000] {processor.py:840} INFO - DAG(s) 'inegi_playwright' retrieved from /opt/airflow/dags/inegi_playwright_dag.py
[2026-05-14T14:19:12.445+0000] {logging_mixin.py:188} INFO - [2026-05-14T14:19:12.445+0000] {dag.py:3047} INFO - Sync 1 DAGs
[2026-05-14T14:19:12.821+0000] {logging_mixin.py:188} INFO - [2026-05-14T14:19:12.810+0000] {dag.py:3834} INFO - Setting next_dagrun for inegi_playwright to 2026-05-14 00:00:00+00:00, run_after=2026-05-15 00:00:00+00:00
[2026-05-14T14:19:13.372+0000] {processor.py:183} INFO - Processing /opt/airflow/dags/inegi_playwright_dag.py took 5.005 seconds
[2026-05-14T14:19:44.517+0000] {processor.py:161} INFO - Started process (PID=1863) to work on /opt/airflow/dags/inegi_playwright_dag.py
[2026-05-14T14:19:44.528+0000] {processor.py:830} INFO - Processing file /opt/airflow/dags/inegi_playwright_dag.py for tasks to queue
[2026-05-14T14:19:44.551+0000] {logging_mixin.py:188} INFO - [2026-05-14T14:19:44.549+0000] {dagbag.py:540} INFO - Filling up the DagBag from /opt/airflow/dags/inegi_playwright_dag.py
[2026-05-14T14:19:44.811+0000] {processor.py:840} INFO - DAG(s) 'inegi_playwright' retrieved from /opt/airflow/dags/inegi_playwright_dag.py
[2026-05-14T14:19:45.034+0000] {logging_mixin.py:188} INFO - [2026-05-14T14:19:45.034+0000] {dag.py:3047} INFO - Sync 1 DAGs
[2026-05-14T14:19:45.250+0000] {logging_mixin.py:188} INFO - [2026-05-14T14:19:45.249+0000] {dag.py:3834} INFO - Setting next_dagrun for inegi_playwright to 2026-05-14 00:00:00+00:00, run_after=2026-05-15 00:00:00+00:00
[2026-05-14T14:19:45.382+0000] {processor.py:183} INFO - Processing /opt/airflow/dags/inegi_playwright_dag.py took 0.893 seconds
[2026-05-14T14:20:17.142+0000] {processor.py:161} INFO - Started process (PID=1893) to work on /opt/airflow/dags/inegi_playwright_dag.py
[2026-05-14T14:20:17.189+0000] {processor.py:830} INFO - Processing file /opt/airflow/dags/inegi_playwright_dag.py for tasks to queue
[2026-05-14T14:20:17.193+0000] {logging_mixin.py:188} INFO - [2026-05-14T14:20:17.192+0000] {dagbag.py:540} INFO - Filling up the DagBag from /opt/airflow/dags/inegi_playwright_dag.py
[2026-05-14T14:20:17.583+0000] {processor.py:840} INFO - DAG(s) 'inegi_playwright' retrieved from /opt/airflow/dags/inegi_playwright_dag.py
[2026-05-14T14:20:17.949+0000] {logging_mixin.py:188} INFO - [2026-05-14T14:20:17.949+0000] {dag.py:3047} INFO - Sync 1 DAGs
[2026-05-14T14:20:18.277+0000] {logging_mixin.py:188} INFO - [2026-05-14T14:20:18.277+0000] {dag.py:3834} INFO - Setting next_dagrun for inegi_playwright to 2026-05-14 00:00:00+00:00, run_after=2026-05-15 00:00:00+00:00
[2026-05-14T14:20:18.645+0000] {processor.py:183} INFO - Processing /opt/airflow/dags/inegi_playwright_dag.py took 1.512 seconds
[2026-05-14T14:20:51.071+0000] {processor.py:161} INFO - Started process (PID=1923) to work on /opt/airflow/dags/inegi_playwright_dag.py
[2026-05-14T14:20:51.095+0000] {processor.py:830} INFO - Processing file /opt/airflow/dags/inegi_playwright_dag.py for tasks to queue
[2026-05-14T14:20:51.103+0000] {logging_mixin.py:188} INFO - [2026-05-14T14:20:51.102+0000] {dagbag.py:540} INFO - Filling up the DagBag from /opt/airflow/dags/inegi_playwright_dag.py
[2026-05-14T14:20:53.302+0000] {processor.py:840} INFO - DAG(s) 'inegi_playwright' retrieved from /opt/airflow/dags/inegi_playwright_dag.py
[2026-05-14T14:20:53.552+0000] {logging_mixin.py:188} INFO - [2026-05-14T14:20:53.551+0000] {dag.py:3047} INFO - Sync 1 DAGs
[2026-05-14T14:20:53.786+0000] {logging_mixin.py:188} INFO - [2026-05-14T14:20:53.785+0000] {dag.py:3834} INFO - Setting next_dagrun for inegi_playwright to 2026-05-14 00:00:00+00:00, run_after=2026-05-15 00:00:00+00:00
[2026-05-14T14:20:54.138+0000] {processor.py:183} INFO - Processing /opt/airflow/dags/inegi_playwright_dag.py took 3.121 seconds
[2026-05-14T14:21:29.264+0000] {processor.py:161} INFO - Started process (PID=1953) to work on /opt/airflow/dags/inegi_playwright_dag.py
[2026-05-14T14:21:29.276+0000] {processor.py:830} INFO - Processing file /opt/airflow/dags/inegi_playwright_dag.py for tasks to queue
[2026-05-14T14:21:29.280+0000] {logging_mixin.py:188} INFO - [2026-05-14T14:21:29.279+0000] {dagbag.py:540} INFO - Filling up the DagBag from /opt/airflow/dags/inegi_playwright_dag.py
[2026-05-14T14:21:30.027+0000] {processor.py:840} INFO - DAG(s) 'inegi_playwright' retrieved from /opt/airflow/dags/inegi_playwright_dag.py
[2026-05-14T14:21:30.450+0000] {logging_mixin.py:188} INFO - [2026-05-14T14:21:30.450+0000] {dag.py:3047} INFO - Sync 1 DAGs
[2026-05-14T14:21:31.234+0000] {logging_mixin.py:188} INFO - [2026-05-14T14:21:31.233+0000] {dag.py:3834} INFO - Setting next_dagrun for inegi_playwright to 2026-05-14 00:00:00+00:00, run_after=2026-05-15 00:00:00+00:00
[2026-05-14T14:21:31.598+0000] {processor.py:183} INFO - Processing /opt/airflow/dags/inegi_playwright_dag.py took 2.344 seconds
[2026-05-14T14:22:03.713+0000] {processor.py:161} INFO - Started process (PID=1983) to work on /opt/airflow/dags/inegi_playwright_dag.py
[2026-05-14T14:22:03.722+0000] {processor.py:830} INFO - Processing file /opt/airflow/dags/inegi_playwright_dag.py for tasks to queue
[2026-05-14T14:22:03.740+0000] {logging_mixin.py:188} INFO - [2026-05-14T14:22:03.739+0000] {dagbag.py:540} INFO - Filling up the DagBag from /opt/airflow/dags/inegi_playwright_dag.py
[2026-05-14T14:22:04.243+0000] {processor.py:840} INFO - DAG(s) 'inegi_playwright' retrieved from /opt/airflow/dags/inegi_playwright_dag.py
[2026-05-14T14:22:04.411+0000] {logging_mixin.py:188} INFO - [2026-05-14T14:22:04.405+0000] {dag.py:3047} INFO - Sync 1 DAGs
[2026-05-14T14:22:04.536+0000] {logging_mixin.py:188} INFO - [2026-05-14T14:22:04.535+0000] {dag.py:3834} INFO - Setting next_dagrun for inegi_playwright to 2026-05-14 00:00:00+00:00, run_after=2026-05-15 00:00:00+00:00
[2026-05-14T14:22:04.625+0000] {processor.py:183} INFO - Processing /opt/airflow/dags/inegi_playwright_dag.py took 0.950 seconds
[2026-05-14T14:22:36.644+0000] {processor.py:161} INFO - Started process (PID=2016) to work on /opt/airflow/dags/inegi_playwright_dag.py
[2026-05-14T14:22:36.656+0000] {processor.py:830} INFO - Processing file /opt/airflow/dags/inegi_playwright_dag.py for tasks to queue
[2026-05-14T14:22:36.675+0000] {logging_mixin.py:188} INFO - [2026-05-14T14:22:36.673+0000] {dagbag.py:540} INFO - Filling up the DagBag from /opt/airflow/dags/inegi_playwright_dag.py
[2026-05-14T14:22:37.701+0000] {processor.py:840} INFO - DAG(s) 'inegi_playwright' retrieved from /opt/airflow/dags/inegi_playwright_dag.py
[2026-05-14T14:22:38.033+0000] {logging_mixin.py:188} INFO - [2026-05-14T14:22:38.033+0000] {dag.py:3047} INFO - Sync 1 DAGs
[2026-05-14T14:22:38.279+0000] {logging_mixin.py:188} INFO - [2026-05-14T14:22:38.278+0000] {dag.py:3834} INFO - Setting next_dagrun for inegi_playwright to 2026-05-14 00:00:00+00:00, run_after=2026-05-15 00:00:00+00:00
[2026-05-14T14:22:38.440+0000] {processor.py:183} INFO - Processing /opt/airflow/dags/inegi_playwright_dag.py took 1.817 seconds
[2026-05-14T14:23:10.563+0000] {processor.py:161} INFO - Started process (PID=2046) to work on /opt/airflow/dags/inegi_playwright_dag.py
[2026-05-14T14:23:10.593+0000] {processor.py:830} INFO - Processing file /opt/airflow/dags/inegi_playwright_dag.py for tasks to queue
[2026-05-14T14:23:10.631+0000] {logging_mixin.py:188} INFO - [2026-05-14T14:23:10.630+0000] {dagbag.py:540} INFO - Filling up the DagBag from /opt/airflow/dags/inegi_playwright_dag.py
[2026-05-14T14:23:10.904+0000] {processor.py:840} INFO - DAG(s) 'inegi_playwright' retrieved from /opt/airflow/dags/inegi_playwright_dag.py
[2026-05-14T14:23:11.005+0000] {logging_mixin.py:188} INFO - [2026-05-14T14:23:11.004+0000] {dag.py:3047} INFO - Sync 1 DAGs
[2026-05-14T14:23:11.158+0000] {logging_mixin.py:188} INFO - [2026-05-14T14:23:11.158+0000] {dag.py:3834} INFO - Setting next_dagrun for inegi_playwright to 2026-05-14 00:00:00+00:00, run_after=2026-05-15 00:00:00+00:00
[2026-05-14T14:23:11.515+0000] {processor.py:183} INFO - Processing /opt/airflow/dags/inegi_playwright_dag.py took 0.971 seconds
[2026-05-14T14:23:41.923+0000] {processor.py:161} INFO - Started process (PID=2078) to work on /opt/airflow/dags/inegi_playwright_dag.py
[2026-05-14T14:23:41.926+0000] {processor.py:830} INFO - Processing file /opt/airflow/dags/inegi_playwright_dag.py for tasks to queue
[2026-05-14T14:23:41.930+0000] {logging_mixin.py:188} INFO - [2026-05-14T14:23:41.929+0000] {dagbag.py:540} INFO - Filling up the DagBag from /opt/airflow/dags/inegi_playwright_dag.py
[2026-05-14T14:23:42.010+0000] {processor.py:840} INFO - DAG(s) 'inegi_playwright' retrieved from /opt/airflow/dags/inegi_playwright_dag.py
[2026-05-14T14:23:42.140+0000] {logging_mixin.py:188} INFO - [2026-05-14T14:23:42.129+0000] {dag.py:3047} INFO - Sync 1 DAGs
[2026-05-14T14:23:42.260+0000] {logging_mixin.py:188} INFO - [2026-05-14T14:23:42.259+0000] {dag.py:3834} INFO - Setting next_dagrun for inegi_playwright to 2026-05-14 00:00:00+00:00, run_after=2026-05-15 00:00:00+00:00
[2026-05-14T14:23:42.468+0000] {processor.py:183} INFO - Processing /opt/airflow/dags/inegi_playwright_dag.py took 0.557 seconds
[2026-05-14T14:24:16.594+0000] {processor.py:161} INFO - Started process (PID=2113) to work on /opt/airflow/dags/inegi_playwright_dag.py
[2026-05-14T14:24:16.634+0000] {processor.py:830} INFO - Processing file /opt/airflow/dags/inegi_playwright_dag.py for tasks to queue
[2026-05-14T14:24:16.654+0000] {logging_mixin.py:188} INFO - [2026-05-14T14:24:16.653+0000] {dagbag.py:540} INFO - Filling up the DagBag from /opt/airflow/dags/inegi_playwright_dag.py
[2026-05-14T14:24:18.186+0000] {processor.py:840} INFO - DAG(s) 'inegi_playwright' retrieved from /opt/airflow/dags/inegi_playwright_dag.py
[2026-05-14T14:24:18.444+0000] {logging_mixin.py:188} INFO - [2026-05-14T14:24:18.443+0000] {dag.py:3047} INFO - Sync 1 DAGs
[2026-05-14T14:24:18.692+0000] {logging_mixin.py:188} INFO - [2026-05-14T14:24:18.691+0000] {dag.py:3834} INFO - Setting next_dagrun for inegi_playwright to 2026-05-14 00:00:00+00:00, run_after=2026-05-15 00:00:00+00:00
[2026-05-14T14:24:19.291+0000] {processor.py:183} INFO - Processing /opt/airflow/dags/inegi_playwright_dag.py took 2.715 seconds
[2026-05-14T14:24:49.822+0000] {processor.py:161} INFO - Started process (PID=2143) to work on /opt/airflow/dags/inegi_playwright_dag.py
[2026-05-14T14:24:49.825+0000] {processor.py:830} INFO - Processing file /opt/airflow/dags/inegi_playwright_dag.py for tasks to queue
[2026-05-14T14:24:49.829+0000] {logging_mixin.py:188} INFO - [2026-05-14T14:24:49.828+0000] {dagbag.py:540} INFO - Filling up the DagBag from /opt/airflow/dags/inegi_playwright_dag.py
[2026-05-14T14:24:49.885+0000] {processor.py:840} INFO - DAG(s) 'inegi_playwright' retrieved from /opt/airflow/dags/inegi_playwright_dag.py
[2026-05-14T14:24:50.041+0000] {logging_mixin.py:188} INFO - [2026-05-14T14:24:50.041+0000] {dag.py:3047} INFO - Sync 1 DAGs
[2026-05-14T14:24:50.135+0000] {logging_mixin.py:188} INFO - [2026-05-14T14:24:50.134+0000] {dag.py:3834} INFO - Setting next_dagrun for inegi_playwright to 2026-05-14 00:00:00+00:00, run_after=2026-05-15 00:00:00+00:00
[2026-05-14T14:24:50.250+0000] {processor.py:183} INFO - Processing /opt/airflow/dags/inegi_playwright_dag.py took 0.438 seconds
[2026-05-14T14:25:20.732+0000] {processor.py:161} INFO - Started process (PID=2173) to work on /opt/airflow/dags/inegi_playwright_dag.py
[2026-05-14T14:25:20.735+0000] {processor.py:830} INFO - Processing file /opt/airflow/dags/inegi_playwright_dag.py for tasks to queue
[2026-05-14T14:25:20.738+0000] {logging_mixin.py:188} INFO - [2026-05-14T14:25:20.737+0000] {dagbag.py:540} INFO - Filling up the DagBag from /opt/airflow/dags/inegi_playwright_dag.py
[2026-05-14T14:25:20.833+0000] {processor.py:840} INFO - DAG(s) 'inegi_playwright' retrieved from /opt/airflow/dags/inegi_playwright_dag.py
[2026-05-14T14:25:21.004+0000] {logging_mixin.py:188} INFO - [2026-05-14T14:25:21.003+0000] {dag.py:3047} INFO - Sync 1 DAGs
[2026-05-14T14:25:21.305+0000] {logging_mixin.py:188} INFO - [2026-05-14T14:25:21.304+0000] {dag.py:3834} INFO - Setting next_dagrun for inegi_playwright to 2026-05-14 00:00:00+00:00, run_after=2026-05-15 00:00:00+00:00
[2026-05-14T14:25:21.924+0000] {processor.py:183} INFO - Processing /opt/airflow/dags/inegi_playwright_dag.py took 1.204 seconds
[2026-05-14T14:25:53.367+0000] {processor.py:161} INFO - Started process (PID=2203) to work on /opt/airflow/dags/inegi_playwright_dag.py
[2026-05-14T14:25:53.371+0000] {processor.py:830} INFO - Processing file /opt/airflow/dags/inegi_playwright_dag.py for tasks to queue
[2026-05-14T14:25:53.375+0000] {logging_mixin.py:188} INFO - [2026-05-14T14:25:53.374+0000] {dagbag.py:540} INFO - Filling up the DagBag from /opt/airflow/dags/inegi_playwright_dag.py
[2026-05-14T14:25:53.443+0000] {processor.py:840} INFO - DAG(s) 'inegi_playwright' retrieved from /opt/airflow/dags/inegi_playwright_dag.py
[2026-05-14T14:25:53.510+0000] {logging_mixin.py:188} INFO - [2026-05-14T14:25:53.510+0000] {dag.py:3047} INFO - Sync 1 DAGs
[2026-05-14T14:25:53.588+0000] {logging_mixin.py:188} INFO - [2026-05-14T14:25:53.587+0000] {dag.py:3834} INFO - Setting next_dagrun for inegi_playwright to 2026-05-14 00:00:00+00:00, run_after=2026-05-15 00:00:00+00:00
[2026-05-14T14:25:53.638+0000] {processor.py:183} INFO - Processing /opt/airflow/dags/inegi_playwright_dag.py took 0.281 seconds
[2026-05-14T14:26:27.513+0000] {processor.py:161} INFO - Started process (PID=2233) to work on /opt/airflow/dags/inegi_playwright_dag.py
[2026-05-14T14:26:27.533+0000] {processor.py:830} INFO - Processing file /opt/airflow/dags/inegi_playwright_dag.py for tasks to queue
[2026-05-14T14:26:27.552+0000] {logging_mixin.py:188} INFO - [2026-05-14T14:26:27.551+0000] {dagbag.py:540} INFO - Filling up the DagBag from /opt/airflow/dags/inegi_playwright_dag.py
[2026-05-14T14:26:27.690+0000] {processor.py:840} INFO - DAG(s) 'inegi_playwright' retrieved from /opt/airflow/dags/inegi_playwright_dag.py
[2026-05-14T14:26:27.809+0000] {logging_mixin.py:188} INFO - [2026-05-14T14:26:27.809+0000] {dag.py:3047} INFO - Sync 1 DAGs
[2026-05-14T14:26:27.974+0000] {logging_mixin.py:188} INFO - [2026-05-14T14:26:27.963+0000] {dag.py:3834} INFO - Setting next_dagrun for inegi_playwright to 2026-05-14 00:00:00+00:00, run_after=2026-05-15 00:00:00+00:00
[2026-05-14T14:26:28.118+0000] {processor.py:183} INFO - Processing /opt/airflow/dags/inegi_playwright_dag.py took 0.624 seconds
[2026-05-14T14:26:58.524+0000] {processor.py:161} INFO - Started process (PID=2263) to work on /opt/airflow/dags/inegi_playwright_dag.py
[2026-05-14T14:26:58.528+0000] {processor.py:830} INFO - Processing file /opt/airflow/dags/inegi_playwright_dag.py for tasks to queue
[2026-05-14T14:26:58.540+0000] {logging_mixin.py:188} INFO - [2026-05-14T14:26:58.532+0000] {dagbag.py:540} INFO - Filling up the DagBag from /opt/airflow/dags/inegi_playwright_dag.py
[2026-05-14T14:26:58.679+0000] {processor.py:840} INFO - DAG(s) 'inegi_playwright' retrieved from /opt/airflow/dags/inegi_playwright_dag.py
[2026-05-14T14:26:58.845+0000] {logging_mixin.py:188} INFO - [2026-05-14T14:26:58.845+0000] {dag.py:3047} INFO - Sync 1 DAGs
[2026-05-14T14:26:59.012+0000] {logging_mixin.py:188} INFO - [2026-05-14T14:26:59.007+0000] {dag.py:3834} INFO - Setting next_dagrun for inegi_playwright to 2026-05-14 00:00:00+00:00, run_after=2026-05-15 00:00:00+00:00
[2026-05-14T14:26:59.132+0000] {processor.py:183} INFO - Processing /opt/airflow/dags/inegi_playwright_dag.py took 0.639 seconds
[2026-05-14T14:27:31.167+0000] {processor.py:161} INFO - Started process (PID=2293) to work on /opt/airflow/dags/inegi_playwright_dag.py
[2026-05-14T14:27:31.178+0000] {processor.py:830} INFO - Processing file /opt/airflow/dags/inegi_playwright_dag.py for tasks to queue
[2026-05-14T14:27:31.182+0000] {logging_mixin.py:188} INFO - [2026-05-14T14:27:31.181+0000] {dagbag.py:540} INFO - Filling up the DagBag from /opt/airflow/dags/inegi_playwright_dag.py
[2026-05-14T14:27:31.268+0000] {processor.py:840} INFO - DAG(s) 'inegi_playwright' retrieved from /opt/airflow/dags/inegi_playwright_dag.py
[2026-05-14T14:27:31.389+0000] {logging_mixin.py:188} INFO - [2026-05-14T14:27:31.389+0000] {dag.py:3047} INFO - Sync 1 DAGs
[2026-05-14T14:27:31.584+0000] {logging_mixin.py:188} INFO - [2026-05-14T14:27:31.584+0000] {dag.py:3834} INFO - Setting next_dagrun for inegi_playwright to 2026-05-14 00:00:00+00:00, run_after=2026-05-15 00:00:00+00:00
[2026-05-14T14:27:31.731+0000] {processor.py:183} INFO - Processing /opt/airflow/dags/inegi_playwright_dag.py took 0.576 seconds
[2026-05-14T14:28:02.975+0000] {processor.py:161} INFO - Started process (PID=2323) to work on /opt/airflow/dags/inegi_playwright_dag.py
[2026-05-14T14:28:03.008+0000] {processor.py:830} INFO - Processing file /opt/airflow/dags/inegi_playwright_dag.py for tasks to queue
[2026-05-14T14:28:03.049+0000] {logging_mixin.py:188} INFO - [2026-05-14T14:28:03.047+0000] {dagbag.py:540} INFO - Filling up the DagBag from /opt/airflow/dags/inegi_playwright_dag.py
[2026-05-14T14:28:03.217+0000] {processor.py:840} INFO - DAG(s) 'inegi_playwright' retrieved from /opt/airflow/dags/inegi_playwright_dag.py
[2026-05-14T14:28:03.386+0000] {logging_mixin.py:188} INFO - [2026-05-14T14:28:03.385+0000] {dag.py:3047} INFO - Sync 1 DAGs
[2026-05-14T14:28:03.517+0000] {logging_mixin.py:188} INFO - [2026-05-14T14:28:03.516+0000] {dag.py:3834} INFO - Setting next_dagrun for inegi_playwright to 2026-05-14 00:00:00+00:00, run_after=2026-05-15 00:00:00+00:00
[2026-05-14T14:28:03.636+0000] {processor.py:183} INFO - Processing /opt/airflow/dags/inegi_playwright_dag.py took 0.983 seconds
[2026-05-14T14:28:35.427+0000] {processor.py:161} INFO - Started process (PID=2353) to work on /opt/airflow/dags/inegi_playwright_dag.py
[2026-05-14T14:28:35.430+0000] {processor.py:830} INFO - Processing file /opt/airflow/dags/inegi_playwright_dag.py for tasks to queue
[2026-05-14T14:28:35.432+0000] {logging_mixin.py:188} INFO - [2026-05-14T14:28:35.432+0000] {dagbag.py:540} INFO - Filling up the DagBag from /opt/airflow/dags/inegi_playwright_dag.py
[2026-05-14T14:28:35.491+0000] {processor.py:840} INFO - DAG(s) 'inegi_playwright' retrieved from /opt/airflow/dags/inegi_playwright_dag.py
[2026-05-14T14:28:35.565+0000] {logging_mixin.py:188} INFO - [2026-05-14T14:28:35.564+0000] {dag.py:3047} INFO - Sync 1 DAGs
[2026-05-14T14:28:35.631+0000] {logging_mixin.py:188} INFO - [2026-05-14T14:28:35.631+0000] {dag.py:3834} INFO - Setting next_dagrun for inegi_playwright to 2026-05-14 00:00:00+00:00, run_after=2026-05-15 00:00:00+00:00
[2026-05-14T14:28:35.695+0000] {processor.py:183} INFO - Processing /opt/airflow/dags/inegi_playwright_dag.py took 0.278 seconds
[2026-05-14T14:29:11.418+0000] {processor.py:161} INFO - Started process (PID=2383) to work on /opt/airflow/dags/inegi_playwright_dag.py
[2026-05-14T14:29:11.476+0000] {processor.py:830} INFO - Processing file /opt/airflow/dags/inegi_playwright_dag.py for tasks to queue
[2026-05-14T14:29:11.559+0000] {logging_mixin.py:188} INFO - [2026-05-14T14:29:11.558+0000] {dagbag.py:540} INFO - Filling up the DagBag from /opt/airflow/dags/inegi_playwright_dag.py
[2026-05-14T14:29:13.612+0000] {processor.py:840} INFO - DAG(s) 'inegi_playwright' retrieved from /opt/airflow/dags/inegi_playwright_dag.py
[2026-05-14T14:29:13.883+0000] {logging_mixin.py:188} INFO - [2026-05-14T14:29:13.883+0000] {dag.py:3047} INFO - Sync 1 DAGs
[2026-05-14T14:29:14.200+0000] {logging_mixin.py:188} INFO - [2026-05-14T14:29:14.199+0000] {dag.py:3834} INFO - Setting next_dagrun for inegi_playwright to 2026-05-14 00:00:00+00:00, run_after=2026-05-15 00:00:00+00:00
[2026-05-14T14:29:14.504+0000] {processor.py:183} INFO - Processing /opt/airflow/dags/inegi_playwright_dag.py took 3.107 seconds
[2026-05-14T14:29:48.976+0000] {processor.py:161} INFO - Started process (PID=2418) to work on /opt/airflow/dags/inegi_playwright_dag.py
[2026-05-14T14:29:48.978+0000] {processor.py:830} INFO - Processing file /opt/airflow/dags/inegi_playwright_dag.py for tasks to queue
[2026-05-14T14:29:48.982+0000] {logging_mixin.py:188} INFO - [2026-05-14T14:29:48.981+0000] {dagbag.py:540} INFO - Filling up the DagBag from /opt/airflow/dags/inegi_playwright_dag.py
[2026-05-14T14:29:49.554+0000] {processor.py:840} INFO - DAG(s) 'inegi_playwright' retrieved from /opt/airflow/dags/inegi_playwright_dag.py
[2026-05-14T14:29:49.774+0000] {logging_mixin.py:188} INFO - [2026-05-14T14:29:49.773+0000] {dag.py:3047} INFO - Sync 1 DAGs
[2026-05-14T14:29:50.033+0000] {logging_mixin.py:188} INFO - [2026-05-14T14:29:50.032+0000] {dag.py:3834} INFO - Setting next_dagrun for inegi_playwright to 2026-05-14 00:00:00+00:00, run_after=2026-05-15 00:00:00+00:00
[2026-05-14T14:29:50.574+0000] {processor.py:183} INFO - Processing /opt/airflow/dags/inegi_playwright_dag.py took 1.617 seconds
[2026-05-14T14:30:23.151+0000] {processor.py:161} INFO - Started process (PID=2448) to work on /opt/airflow/dags/inegi_playwright_dag.py
[2026-05-14T14:30:23.184+0000] {processor.py:830} INFO - Processing file /opt/airflow/dags/inegi_playwright_dag.py for tasks to queue
[2026-05-14T14:30:23.205+0000] {logging_mixin.py:188} INFO - [2026-05-14T14:30:23.204+0000] {dagbag.py:540} INFO - Filling up the DagBag from /opt/airflow/dags/inegi_playwright_dag.py
[2026-05-14T14:30:23.365+0000] {processor.py:840} INFO - DAG(s) 'inegi_playwright' retrieved from /opt/airflow/dags/inegi_playwright_dag.py
[2026-05-14T14:30:23.709+0000] {logging_mixin.py:188} INFO - [2026-05-14T14:30:23.708+0000] {dag.py:3047} INFO - Sync 1 DAGs
[2026-05-14T14:30:24.464+0000] {logging_mixin.py:188} INFO - [2026-05-14T14:30:24.463+0000] {dag.py:3834} INFO - Setting next_dagrun for inegi_playwright to 2026-05-14 00:00:00+00:00, run_after=2026-05-15 00:00:00+00:00
[2026-05-14T14:30:24.995+0000] {processor.py:183} INFO - Processing /opt/airflow/dags/inegi_playwright_dag.py took 1.908 seconds
[2026-05-14T14:30:55.923+0000] {processor.py:161} INFO - Started process (PID=2478) to work on /opt/airflow/dags/inegi_playwright_dag.py
[2026-05-14T14:30:55.963+0000] {processor.py:830} INFO - Processing file /opt/airflow/dags/inegi_playwright_dag.py for tasks to queue
[2026-05-14T14:30:55.970+0000] {logging_mixin.py:188} INFO - [2026-05-14T14:30:55.969+0000] {dagbag.py:540} INFO - Filling up the DagBag from /opt/airflow/dags/inegi_playwright_dag.py
[2026-05-14T14:30:56.151+0000] {processor.py:840} INFO - DAG(s) 'inegi_playwright' retrieved from /opt/airflow/dags/inegi_playwright_dag.py
[2026-05-14T14:30:56.247+0000] {logging_mixin.py:188} INFO - [2026-05-14T14:30:56.246+0000] {dag.py:3047} INFO - Sync 1 DAGs
[2026-05-14T14:30:56.317+0000] {logging_mixin.py:188} INFO - [2026-05-14T14:30:56.316+0000] {dag.py:3834} INFO - Setting next_dagrun for inegi_playwright to 2026-05-14 00:00:00+00:00, run_after=2026-05-15 00:00:00+00:00
[2026-05-14T14:30:56.387+0000] {processor.py:183} INFO - Processing /opt/airflow/dags/inegi_playwright_dag.py took 0.480 seconds
[2026-05-14T14:31:27.268+0000] {processor.py:161} INFO - Started process (PID=2508) to work on /opt/airflow/dags/inegi_playwright_dag.py
[2026-05-14T14:31:27.271+0000] {processor.py:830} INFO - Processing file /opt/airflow/dags/inegi_playwright_dag.py for tasks to queue
[2026-05-14T14:31:27.274+0000] {logging_mixin.py:188} INFO - [2026-05-14T14:31:27.273+0000] {dagbag.py:540} INFO - Filling up the DagBag from /opt/airflow/dags/inegi_playwright_dag.py
[2026-05-14T14:31:27.349+0000] {processor.py:840} INFO - DAG(s) 'inegi_playwright' retrieved from /opt/airflow/dags/inegi_playwright_dag.py
[2026-05-14T14:31:27.431+0000] {logging_mixin.py:188} INFO - [2026-05-14T14:31:27.430+0000] {dag.py:3047} INFO - Sync 1 DAGs
[2026-05-14T14:31:27.510+0000] {logging_mixin.py:188} INFO - [2026-05-14T14:31:27.510+0000] {dag.py:3834} INFO - Setting next_dagrun for inegi_playwright to 2026-05-14 00:00:00+00:00, run_after=2026-05-15 00:00:00+00:00
[2026-05-14T14:31:27.564+0000] {processor.py:183} INFO - Processing /opt/airflow/dags/inegi_playwright_dag.py took 0.307 seconds
[2026-05-14T14:31:58.230+0000] {processor.py:161} INFO - Started process (PID=2538) to work on /opt/airflow/dags/inegi_playwright_dag.py
[2026-05-14T14:31:58.258+0000] {processor.py:830} INFO - Processing file /opt/airflow/dags/inegi_playwright_dag.py for tasks to queue
[2026-05-14T14:31:58.421+0000] {logging_mixin.py:188} INFO - [2026-05-14T14:31:58.419+0000] {dagbag.py:540} INFO - Filling up the DagBag from /opt/airflow/dags/inegi_playwright_dag.py
[2026-05-14T14:31:59.675+0000] {processor.py:840} INFO - DAG(s) 'inegi_playwright' retrieved from /opt/airflow/dags/inegi_playwright_dag.py
[2026-05-14T14:32:00.187+0000] {logging_mixin.py:188} INFO - [2026-05-14T14:32:00.187+0000] {dag.py:3047} INFO - Sync 1 DAGs
[2026-05-14T14:32:00.752+0000] {logging_mixin.py:188} INFO - [2026-05-14T14:32:00.740+0000] {dag.py:3834} INFO - Setting next_dagrun for inegi_playwright to 2026-05-14 00:00:00+00:00, run_after=2026-05-15 00:00:00+00:00
[2026-05-14T14:32:01.120+0000] {processor.py:183} INFO - Processing /opt/airflow/dags/inegi_playwright_dag.py took 2.931 seconds
[2026-05-14T14:32:33.421+0000] {processor.py:161} INFO - Started process (PID=2566) to work on /opt/airflow/dags/inegi_playwright_dag.py
[2026-05-14T14:32:33.507+0000] {processor.py:830} INFO - Processing file /opt/airflow/dags/inegi_playwright_dag.py for tasks to queue
[2026-05-14T14:32:33.511+0000] {logging_mixin.py:188} INFO - [2026-05-14T14:32:33.510+0000] {dagbag.py:540} INFO - Filling up the DagBag from /opt/airflow/dags/inegi_playwright_dag.py
[2026-05-14T14:32:35.222+0000] {processor.py:840} INFO - DAG(s) 'inegi_playwright' retrieved from /opt/airflow/dags/inegi_playwright_dag.py
[2026-05-14T14:32:35.430+0000] {logging_mixin.py:188} INFO - [2026-05-14T14:32:35.429+0000] {dag.py:3047} INFO - Sync 1 DAGs
[2026-05-14T14:32:35.753+0000] {logging_mixin.py:188} INFO - [2026-05-14T14:32:35.753+0000] {dag.py:3834} INFO - Setting next_dagrun for inegi_playwright to 2026-05-14 00:00:00+00:00, run_after=2026-05-15 00:00:00+00:00
[2026-05-14T14:32:35.836+0000] {processor.py:183} INFO - Processing /opt/airflow/dags/inegi_playwright_dag.py took 2.444 seconds
[2026-05-14T14:33:07.483+0000] {processor.py:161} INFO - Started process (PID=2596) to work on /opt/airflow/dags/inegi_playwright_dag.py
[2026-05-14T14:33:07.497+0000] {processor.py:830} INFO - Processing file /opt/airflow/dags/inegi_playwright_dag.py for tasks to queue
[2026-05-14T14:33:07.514+0000] {logging_mixin.py:188} INFO - [2026-05-14T14:33:07.501+0000] {dagbag.py:540} INFO - Filling up the DagBag from /opt/airflow/dags/inegi_playwright_dag.py
[2026-05-14T14:33:08.201+0000] {processor.py:840} INFO - DAG(s) 'inegi_playwright' retrieved from /opt/airflow/dags/inegi_playwright_dag.py
[2026-05-14T14:33:08.396+0000] {logging_mixin.py:188} INFO - [2026-05-14T14:33:08.395+0000] {dag.py:3047} INFO - Sync 1 DAGs
[2026-05-14T14:33:08.599+0000] {logging_mixin.py:188} INFO - [2026-05-14T14:33:08.587+0000] {dag.py:3834} INFO - Setting next_dagrun for inegi_playwright to 2026-05-14 00:00:00+00:00, run_after=2026-05-15 00:00:00+00:00
[2026-05-14T14:33:08.780+0000] {processor.py:183} INFO - Processing /opt/airflow/dags/inegi_playwright_dag.py took 1.329 seconds
[2026-05-14T14:33:42.196+0000] {processor.py:161} INFO - Started process (PID=2626) to work on /opt/airflow/dags/inegi_playwright_dag.py
[2026-05-14T14:33:42.209+0000] {processor.py:830} INFO - Processing file /opt/airflow/dags/inegi_playwright_dag.py for tasks to queue
[2026-05-14T14:33:42.237+0000] {logging_mixin.py:188} INFO - [2026-05-14T14:33:42.236+0000] {dagbag.py:540} INFO - Filling up the DagBag from /opt/airflow/dags/inegi_playwright_dag.py
[2026-05-14T14:33:42.834+0000] {processor.py:840} INFO - DAG(s) 'inegi_playwright' retrieved from /opt/airflow/dags/inegi_playwright_dag.py
[2026-05-14T14:33:42.982+0000] {logging_mixin.py:188} INFO - [2026-05-14T14:33:42.981+0000] {dag.py:3047} INFO - Sync 1 DAGs
[2026-05-14T14:33:43.080+0000] {logging_mixin.py:188} INFO - [2026-05-14T14:33:43.079+0000] {dag.py:3834} INFO - Setting next_dagrun for inegi_playwright to 2026-05-14 00:00:00+00:00, run_after=2026-05-15 00:00:00+00:00
[2026-05-14T14:33:43.308+0000] {processor.py:183} INFO - Processing /opt/airflow/dags/inegi_playwright_dag.py took 1.131 seconds
[2026-05-14T14:34:15.353+0000] {processor.py:161} INFO - Started process (PID=2656) to work on /opt/airflow/dags/inegi_playwright_dag.py
[2026-05-14T14:34:15.358+0000] {processor.py:830} INFO - Processing file /opt/airflow/dags/inegi_playwright_dag.py for tasks to queue
[2026-05-14T14:34:15.366+0000] {logging_mixin.py:188} INFO - [2026-05-14T14:34:15.365+0000] {dagbag.py:540} INFO - Filling up the DagBag from /opt/airflow/dags/inegi_playwright_dag.py
[2026-05-14T14:34:15.544+0000] {processor.py:840} INFO - DAG(s) 'inegi_playwright' retrieved from /opt/airflow/dags/inegi_playwright_dag.py
[2026-05-14T14:34:15.754+0000] {logging_mixin.py:188} INFO - [2026-05-14T14:34:15.754+0000] {dag.py:3047} INFO - Sync 1 DAGs
[2026-05-14T14:34:15.905+0000] {logging_mixin.py:188} INFO - [2026-05-14T14:34:15.904+0000] {dag.py:3834} INFO - Setting next_dagrun for inegi_playwright to 2026-05-14 00:00:00+00:00, run_after=2026-05-15 00:00:00+00:00
[2026-05-14T14:34:16.186+0000] {processor.py:183} INFO - Processing /opt/airflow/dags/inegi_playwright_dag.py took 0.858 seconds
[2026-05-14T14:34:52.031+0000] {processor.py:161} INFO - Started process (PID=2686) to work on /opt/airflow/dags/inegi_playwright_dag.py
[2026-05-14T14:34:52.095+0000] {processor.py:830} INFO - Processing file /opt/airflow/dags/inegi_playwright_dag.py for tasks to queue
[2026-05-14T14:34:52.099+0000] {logging_mixin.py:188} INFO - [2026-05-14T14:34:52.098+0000] {dagbag.py:540} INFO - Filling up the DagBag from /opt/airflow/dags/inegi_playwright_dag.py
[2026-05-14T14:34:54.126+0000] {processor.py:840} INFO - DAG(s) 'inegi_playwright' retrieved from /opt/airflow/dags/inegi_playwright_dag.py
[2026-05-14T14:34:54.678+0000] {logging_mixin.py:188} INFO - [2026-05-14T14:34:54.678+0000] {dag.py:3047} INFO - Sync 1 DAGs
[2026-05-14T14:34:54.884+0000] {logging_mixin.py:188} INFO - [2026-05-14T14:34:54.884+0000] {dag.py:3834} INFO - Setting next_dagrun for inegi_playwright to 2026-05-14 00:00:00+00:00, run_after=2026-05-15 00:00:00+00:00
[2026-05-14T14:34:55.268+0000] {processor.py:183} INFO - Processing /opt/airflow/dags/inegi_playwright_dag.py took 3.248 seconds
[2026-05-14T14:35:27.169+0000] {processor.py:161} INFO - Started process (PID=2718) to work on /opt/airflow/dags/inegi_playwright_dag.py
[2026-05-14T14:35:27.172+0000] {processor.py:830} INFO - Processing file /opt/airflow/dags/inegi_playwright_dag.py for tasks to queue
[2026-05-14T14:35:27.174+0000] {logging_mixin.py:188} INFO - [2026-05-14T14:35:27.173+0000] {dagbag.py:540} INFO - Filling up the DagBag from /opt/airflow/dags/inegi_playwright_dag.py
[2026-05-14T14:35:27.229+0000] {processor.py:840} INFO - DAG(s) 'inegi_playwright' retrieved from /opt/airflow/dags/inegi_playwright_dag.py
[2026-05-14T14:35:27.359+0000] {logging_mixin.py:188} INFO - [2026-05-14T14:35:27.358+0000] {dag.py:3047} INFO - Sync 1 DAGs
[2026-05-14T14:35:27.515+0000] {logging_mixin.py:188} INFO - [2026-05-14T14:35:27.513+0000] {dag.py:3834} INFO - Setting next_dagrun for inegi_playwright to 2026-05-14 00:00:00+00:00, run_after=2026-05-15 00:00:00+00:00
[2026-05-14T14:35:27.621+0000] {processor.py:183} INFO - Processing /opt/airflow/dags/inegi_playwright_dag.py took 0.462 seconds
[2026-05-14T14:35:59.549+0000] {processor.py:161} INFO - Started process (PID=2748) to work on /opt/airflow/dags/inegi_playwright_dag.py
[2026-05-14T14:35:59.555+0000] {processor.py:830} INFO - Processing file /opt/airflow/dags/inegi_playwright_dag.py for tasks to queue
[2026-05-14T14:35:59.567+0000] {logging_mixin.py:188} INFO - [2026-05-14T14:35:59.566+0000] {dagbag.py:540} INFO - Filling up the DagBag from /opt/airflow/dags/inegi_playwright_dag.py
[2026-05-14T14:36:00.227+0000] {processor.py:840} INFO - DAG(s) 'inegi_playwright' retrieved from /opt/airflow/dags/inegi_playwright_dag.py
[2026-05-14T14:36:00.420+0000] {logging_mixin.py:188} INFO - [2026-05-14T14:36:00.419+0000] {dag.py:3047} INFO - Sync 1 DAGs
[2026-05-14T14:36:00.631+0000] {logging_mixin.py:188} INFO - [2026-05-14T14:36:00.630+0000] {dag.py:3834} INFO - Setting next_dagrun for inegi_playwright to 2026-05-14 00:00:00+00:00, run_after=2026-05-15 00:00:00+00:00
[2026-05-14T14:36:00.901+0000] {processor.py:183} INFO - Processing /opt/airflow/dags/inegi_playwright_dag.py took 1.385 seconds
[2026-05-14T14:36:31.348+0000] {processor.py:161} INFO - Started process (PID=2778) to work on /opt/airflow/dags/inegi_playwright_dag.py
[2026-05-14T14:36:31.353+0000] {processor.py:830} INFO - Processing file /opt/airflow/dags/inegi_playwright_dag.py for tasks to queue
[2026-05-14T14:36:31.357+0000] {logging_mixin.py:188} INFO - [2026-05-14T14:36:31.356+0000] {dagbag.py:540} INFO - Filling up the DagBag from /opt/airflow/dags/inegi_playwright_dag.py
[2026-05-14T14:36:31.425+0000] {processor.py:840} INFO - DAG(s) 'inegi_playwright' retrieved from /opt/airflow/dags/inegi_playwright_dag.py
[2026-05-14T14:36:31.519+0000] {logging_mixin.py:188} INFO - [2026-05-14T14:36:31.518+0000] {dag.py:3047} INFO - Sync 1 DAGs
[2026-05-14T14:36:31.646+0000] {logging_mixin.py:188} INFO - [2026-05-14T14:36:31.645+0000] {dag.py:3834} INFO - Setting next_dagrun for inegi_playwright to 2026-05-14 00:00:00+00:00, run_after=2026-05-15 00:00:00+00:00
[2026-05-14T14:36:31.699+0000] {processor.py:183} INFO - Processing /opt/airflow/dags/inegi_playwright_dag.py took 0.363 seconds
[2026-05-14T14:37:02.096+0000] {processor.py:161} INFO - Started process (PID=2808) to work on /opt/airflow/dags/inegi_playwright_dag.py
[2026-05-14T14:37:02.099+0000] {processor.py:830} INFO - Processing file /opt/airflow/dags/inegi_playwright_dag.py for tasks to queue
[2026-05-14T14:37:02.102+0000] {logging_mixin.py:188} INFO - [2026-05-14T14:37:02.101+0000] {dagbag.py:540} INFO - Filling up the DagBag from /opt/airflow/dags/inegi_playwright_dag.py
[2026-05-14T14:37:02.157+0000] {processor.py:840} INFO - DAG(s) 'inegi_playwright' retrieved from /opt/airflow/dags/inegi_playwright_dag.py
[2026-05-14T14:37:02.233+0000] {logging_mixin.py:188} INFO - [2026-05-14T14:37:02.232+0000] {dag.py:3047} INFO - Sync 1 DAGs
[2026-05-14T14:37:02.303+0000] {logging_mixin.py:188} INFO - [2026-05-14T14:37:02.302+0000] {dag.py:3834} INFO - Setting next_dagrun for inegi_playwright to 2026-05-14 00:00:00+00:00, run_after=2026-05-15 00:00:00+00:00
[2026-05-14T14:37:02.355+0000] {processor.py:183} INFO - Processing /opt/airflow/dags/inegi_playwright_dag.py took 0.270 seconds
[2026-05-14T14:37:33.495+0000] {processor.py:161} INFO - Started process (PID=2838) to work on /opt/airflow/dags/inegi_playwright_dag.py
[2026-05-14T14:37:33.518+0000] {processor.py:830} INFO - Processing file /opt/airflow/dags/inegi_playwright_dag.py for tasks to queue
[2026-05-14T14:37:33.557+0000] {logging_mixin.py:188} INFO - [2026-05-14T14:37:33.556+0000] {dagbag.py:540} INFO - Filling up the DagBag from /opt/airflow/dags/inegi_playwright_dag.py
[2026-05-14T14:37:33.672+0000] {processor.py:840} INFO - DAG(s) 'inegi_playwright' retrieved from /opt/airflow/dags/inegi_playwright_dag.py
[2026-05-14T14:37:33.804+0000] {logging_mixin.py:188} INFO - [2026-05-14T14:37:33.803+0000] {dag.py:3047} INFO - Sync 1 DAGs
[2026-05-14T14:37:33.889+0000] {logging_mixin.py:188} INFO - [2026-05-14T14:37:33.888+0000] {dag.py:3834} INFO - Setting next_dagrun for inegi_playwright to 2026-05-14 00:00:00+00:00, run_after=2026-05-15 00:00:00+00:00
[2026-05-14T14:37:34.016+0000] {processor.py:183} INFO - Processing /opt/airflow/dags/inegi_playwright_dag.py took 0.542 seconds
[2026-05-14T14:38:10.054+0000] {processor.py:161} INFO - Started process (PID=2873) to work on /opt/airflow/dags/inegi_playwright_dag.py
[2026-05-14T14:38:10.102+0000] {processor.py:830} INFO - Processing file /opt/airflow/dags/inegi_playwright_dag.py for tasks to queue
[2026-05-14T14:38:10.120+0000] {logging_mixin.py:188} INFO - [2026-05-14T14:38:10.119+0000] {dagbag.py:540} INFO - Filling up the DagBag from /opt/airflow/dags/inegi_playwright_dag.py
[2026-05-14T14:38:10.643+0000] {processor.py:840} INFO - DAG(s) 'inegi_playwright' retrieved from /opt/airflow/dags/inegi_playwright_dag.py
[2026-05-14T14:38:10.889+0000] {logging_mixin.py:188} INFO - [2026-05-14T14:38:10.887+0000] {dag.py:3047} INFO - Sync 1 DAGs
[2026-05-14T14:38:11.027+0000] {logging_mixin.py:188} INFO - [2026-05-14T14:38:11.027+0000] {dag.py:3834} INFO - Setting next_dagrun for inegi_playwright to 2026-05-14 00:00:00+00:00, run_after=2026-05-15 00:00:00+00:00
[2026-05-14T14:38:11.260+0000] {processor.py:183} INFO - Processing /opt/airflow/dags/inegi_playwright_dag.py took 1.229 seconds
[2026-05-14T14:38:42.748+0000] {processor.py:161} INFO - Started process (PID=2905) to work on /opt/airflow/dags/inegi_playwright_dag.py
[2026-05-14T14:38:42.752+0000] {processor.py:830} INFO - Processing file /opt/airflow/dags/inegi_playwright_dag.py for tasks to queue
[2026-05-14T14:38:42.755+0000] {logging_mixin.py:188} INFO - [2026-05-14T14:38:42.754+0000] {dagbag.py:540} INFO - Filling up the DagBag from /opt/airflow/dags/inegi_playwright_dag.py
[2026-05-14T14:38:42.813+0000] {processor.py:840} INFO - DAG(s) 'inegi_playwright' retrieved from /opt/airflow/dags/inegi_playwright_dag.py
[2026-05-14T14:38:42.883+0000] {logging_mixin.py:188} INFO - [2026-05-14T14:38:42.882+0000] {dag.py:3047} INFO - Sync 1 DAGs
[2026-05-14T14:38:42.949+0000] {logging_mixin.py:188} INFO - [2026-05-14T14:38:42.948+0000] {dag.py:3834} INFO - Setting next_dagrun for inegi_playwright to 2026-05-14 00:00:00+00:00, run_after=2026-05-15 00:00:00+00:00
[2026-05-14T14:38:43.000+0000] {processor.py:183} INFO - Processing /opt/airflow/dags/inegi_playwright_dag.py took 0.262 seconds
[2026-05-14T14:39:13.298+0000] {processor.py:161} INFO - Started process (PID=2935) to work on /opt/airflow/dags/inegi_playwright_dag.py
[2026-05-14T14:39:13.301+0000] {processor.py:830} INFO - Processing file /opt/airflow/dags/inegi_playwright_dag.py for tasks to queue
[2026-05-14T14:39:13.304+0000] {logging_mixin.py:188} INFO - [2026-05-14T14:39:13.303+0000] {dagbag.py:540} INFO - Filling up the DagBag from /opt/airflow/dags/inegi_playwright_dag.py
[2026-05-14T14:39:13.356+0000] {processor.py:840} INFO - DAG(s) 'inegi_playwright' retrieved from /opt/airflow/dags/inegi_playwright_dag.py
[2026-05-14T14:39:13.425+0000] {logging_mixin.py:188} INFO - [2026-05-14T14:39:13.424+0000] {dag.py:3047} INFO - Sync 1 DAGs
[2026-05-14T14:39:13.492+0000] {logging_mixin.py:188} INFO - [2026-05-14T14:39:13.492+0000] {dag.py:3834} INFO - Setting next_dagrun for inegi_playwright to 2026-05-14 00:00:00+00:00, run_after=2026-05-15 00:00:00+00:00
[2026-05-14T14:39:13.548+0000] {processor.py:183} INFO - Processing /opt/airflow/dags/inegi_playwright_dag.py took 0.261 seconds
[2026-05-14T14:39:44.583+0000] {processor.py:161} INFO - Started process (PID=2965) to work on /opt/airflow/dags/inegi_playwright_dag.py
[2026-05-14T14:39:44.595+0000] {processor.py:830} INFO - Processing file /opt/airflow/dags/inegi_playwright_dag.py for tasks to queue
[2026-05-14T14:39:44.602+0000] {logging_mixin.py:188} INFO - [2026-05-14T14:39:44.600+0000] {dagbag.py:540} INFO - Filling up the DagBag from /opt/airflow/dags/inegi_playwright_dag.py
[2026-05-14T14:39:44.656+0000] {processor.py:840} INFO - DAG(s) 'inegi_playwright' retrieved from /opt/airflow/dags/inegi_playwright_dag.py
[2026-05-14T14:39:44.724+0000] {logging_mixin.py:188} INFO - [2026-05-14T14:39:44.723+0000] {dag.py:3047} INFO - Sync 1 DAGs
[2026-05-14T14:39:44.790+0000] {logging_mixin.py:188} INFO - [2026-05-14T14:39:44.790+0000] {dag.py:3834} INFO - Setting next_dagrun for inegi_playwright to 2026-05-14 00:00:00+00:00, run_after=2026-05-15 00:00:00+00:00
[2026-05-14T14:39:44.846+0000] {processor.py:183} INFO - Processing /opt/airflow/dags/inegi_playwright_dag.py took 0.281 seconds
[2026-05-14T14:40:15.798+0000] {processor.py:161} INFO - Started process (PID=2995) to work on /opt/airflow/dags/inegi_playwright_dag.py
[2026-05-14T14:40:15.801+0000] {processor.py:830} INFO - Processing file /opt/airflow/dags/inegi_playwright_dag.py for tasks to queue
[2026-05-14T14:40:15.804+0000] {logging_mixin.py:188} INFO - [2026-05-14T14:40:15.803+0000] {dagbag.py:540} INFO - Filling up the DagBag from /opt/airflow/dags/inegi_playwright_dag.py
[2026-05-14T14:40:15.899+0000] {processor.py:840} INFO - DAG(s) 'inegi_playwright' retrieved from /opt/airflow/dags/inegi_playwright_dag.py
[2026-05-14T14:40:15.964+0000] {logging_mixin.py:188} INFO - [2026-05-14T14:40:15.964+0000] {dag.py:3047} INFO - Sync 1 DAGs
[2026-05-14T14:40:16.039+0000] {logging_mixin.py:188} INFO - [2026-05-14T14:40:16.038+0000] {dag.py:3834} INFO - Setting next_dagrun for inegi_playwright to 2026-05-14 00:00:00+00:00, run_after=2026-05-15 00:00:00+00:00
[2026-05-14T14:40:16.106+0000] {processor.py:183} INFO - Processing /opt/airflow/dags/inegi_playwright_dag.py took 0.319 seconds
[2026-05-14T14:40:46.720+0000] {processor.py:161} INFO - Started process (PID=3025) to work on /opt/airflow/dags/inegi_playwright_dag.py
[2026-05-14T14:40:46.734+0000] {processor.py:830} INFO - Processing file /opt/airflow/dags/inegi_playwright_dag.py for tasks to queue
[2026-05-14T14:40:46.753+0000] {logging_mixin.py:188} INFO - [2026-05-14T14:40:46.752+0000] {dagbag.py:540} INFO - Filling up the DagBag from /opt/airflow/dags/inegi_playwright_dag.py
[2026-05-14T14:40:47.151+0000] {processor.py:840} INFO - DAG(s) 'inegi_playwright' retrieved from /opt/airflow/dags/inegi_playwright_dag.py
[2026-05-14T14:40:47.218+0000] {logging_mixin.py:188} INFO - [2026-05-14T14:40:47.218+0000] {dag.py:3047} INFO - Sync 1 DAGs
[2026-05-14T14:40:47.283+0000] {logging_mixin.py:188} INFO - [2026-05-14T14:40:47.282+0000] {dag.py:3834} INFO - Setting next_dagrun for inegi_playwright to 2026-05-14 00:00:00+00:00, run_after=2026-05-15 00:00:00+00:00
[2026-05-14T14:40:47.334+0000] {processor.py:183} INFO - Processing /opt/airflow/dags/inegi_playwright_dag.py took 0.646 seconds
[2026-05-14T14:41:17.954+0000] {processor.py:161} INFO - Started process (PID=3055) to work on /opt/airflow/dags/inegi_playwright_dag.py
[2026-05-14T14:41:17.957+0000] {processor.py:830} INFO - Processing file /opt/airflow/dags/inegi_playwright_dag.py for tasks to queue
[2026-05-14T14:41:17.961+0000] {logging_mixin.py:188} INFO - [2026-05-14T14:41:17.960+0000] {dagbag.py:540} INFO - Filling up the DagBag from /opt/airflow/dags/inegi_playwright_dag.py
[2026-05-14T14:41:18.016+0000] {processor.py:840} INFO - DAG(s) 'inegi_playwright' retrieved from /opt/airflow/dags/inegi_playwright_dag.py
[2026-05-14T14:41:18.086+0000] {logging_mixin.py:188} INFO - [2026-05-14T14:41:18.085+0000] {dag.py:3047} INFO - Sync 1 DAGs
[2026-05-14T14:41:18.148+0000] {logging_mixin.py:188} INFO - [2026-05-14T14:41:18.147+0000] {dag.py:3834} INFO - Setting next_dagrun for inegi_playwright to 2026-05-14 00:00:00+00:00, run_after=2026-05-15 00:00:00+00:00
[2026-05-14T14:41:18.199+0000] {processor.py:183} INFO - Processing /opt/airflow/dags/inegi_playwright_dag.py took 0.256 seconds
[2026-05-14T14:41:48.393+0000] {processor.py:161} INFO - Started process (PID=3085) to work on /opt/airflow/dags/inegi_playwright_dag.py
[2026-05-14T14:41:48.408+0000] {processor.py:830} INFO - Processing file /opt/airflow/dags/inegi_playwright_dag.py for tasks to queue
[2026-05-14T14:41:48.414+0000] {logging_mixin.py:188} INFO - [2026-05-14T14:41:48.413+0000] {dagbag.py:540} INFO - Filling up the DagBag from /opt/airflow/dags/inegi_playwright_dag.py
[2026-05-14T14:41:48.603+0000] {processor.py:840} INFO - DAG(s) 'inegi_playwright' retrieved from /opt/airflow/dags/inegi_playwright_dag.py
[2026-05-14T14:41:49.031+0000] {logging_mixin.py:188} INFO - [2026-05-14T14:41:49.016+0000] {dag.py:3047} INFO - Sync 1 DAGs
[2026-05-14T14:41:49.562+0000] {logging_mixin.py:188} INFO - [2026-05-14T14:41:49.561+0000] {dag.py:3834} INFO - Setting next_dagrun for inegi_playwright to 2026-05-14 00:00:00+00:00, run_after=2026-05-15 00:00:00+00:00
[2026-05-14T14:41:49.695+0000] {processor.py:183} INFO - Processing /opt/airflow/dags/inegi_playwright_dag.py took 1.317 seconds
[2026-05-14T14:42:20.899+0000] {processor.py:161} INFO - Started process (PID=3115) to work on /opt/airflow/dags/inegi_playwright_dag.py
[2026-05-14T14:42:20.914+0000] {processor.py:830} INFO - Processing file /opt/airflow/dags/inegi_playwright_dag.py for tasks to queue
[2026-05-14T14:42:20.920+0000] {logging_mixin.py:188} INFO - [2026-05-14T14:42:20.919+0000] {dagbag.py:540} INFO - Filling up the DagBag from /opt/airflow/dags/inegi_playwright_dag.py
[2026-05-14T14:42:20.984+0000] {processor.py:840} INFO - DAG(s) 'inegi_playwright' retrieved from /opt/airflow/dags/inegi_playwright_dag.py
[2026-05-14T14:42:21.099+0000] {logging_mixin.py:188} INFO - [2026-05-14T14:42:21.098+0000] {dag.py:3047} INFO - Sync 1 DAGs
[2026-05-14T14:42:21.169+0000] {logging_mixin.py:188} INFO - [2026-05-14T14:42:21.169+0000] {dag.py:3834} INFO - Setting next_dagrun for inegi_playwright to 2026-05-14 00:00:00+00:00, run_after=2026-05-15 00:00:00+00:00
[2026-05-14T14:42:21.221+0000] {processor.py:183} INFO - Processing /opt/airflow/dags/inegi_playwright_dag.py took 0.353 seconds
[2026-05-14T14:42:51.522+0000] {processor.py:161} INFO - Started process (PID=3145) to work on /opt/airflow/dags/inegi_playwright_dag.py
[2026-05-14T14:42:51.525+0000] {processor.py:830} INFO - Processing file /opt/airflow/dags/inegi_playwright_dag.py for tasks to queue
[2026-05-14T14:42:51.531+0000] {logging_mixin.py:188} INFO - [2026-05-14T14:42:51.529+0000] {dagbag.py:540} INFO - Filling up the DagBag from /opt/airflow/dags/inegi_playwright_dag.py
[2026-05-14T14:42:51.589+0000] {processor.py:840} INFO - DAG(s) 'inegi_playwright' retrieved from /opt/airflow/dags/inegi_playwright_dag.py
[2026-05-14T14:42:51.661+0000] {logging_mixin.py:188} INFO - [2026-05-14T14:42:51.661+0000] {dag.py:3047} INFO - Sync 1 DAGs
[2026-05-14T14:42:51.722+0000] {logging_mixin.py:188} INFO - [2026-05-14T14:42:51.721+0000] {dag.py:3834} INFO - Setting next_dagrun for inegi_playwright to 2026-05-14 00:00:00+00:00, run_after=2026-05-15 00:00:00+00:00
[2026-05-14T14:42:51.776+0000] {processor.py:183} INFO - Processing /opt/airflow/dags/inegi_playwright_dag.py took 0.265 seconds
[2026-05-14T14:43:22.574+0000] {processor.py:161} INFO - Started process (PID=3175) to work on /opt/airflow/dags/inegi_playwright_dag.py
[2026-05-14T14:43:22.577+0000] {processor.py:830} INFO - Processing file /opt/airflow/dags/inegi_playwright_dag.py for tasks to queue
[2026-05-14T14:43:22.580+0000] {logging_mixin.py:188} INFO - [2026-05-14T14:43:22.579+0000] {dagbag.py:540} INFO - Filling up the DagBag from /opt/airflow/dags/inegi_playwright_dag.py
[2026-05-14T14:43:22.640+0000] {processor.py:840} INFO - DAG(s) 'inegi_playwright' retrieved from /opt/airflow/dags/inegi_playwright_dag.py
[2026-05-14T14:43:22.712+0000] {logging_mixin.py:188} INFO - [2026-05-14T14:43:22.711+0000] {dag.py:3047} INFO - Sync 1 DAGs
[2026-05-14T14:43:22.838+0000] {logging_mixin.py:188} INFO - [2026-05-14T14:43:22.837+0000] {dag.py:3834} INFO - Setting next_dagrun for inegi_playwright to 2026-05-14 00:00:00+00:00, run_after=2026-05-15 00:00:00+00:00
[2026-05-14T14:43:22.928+0000] {processor.py:183} INFO - Processing /opt/airflow/dags/inegi_playwright_dag.py took 0.366 seconds
[2026-05-14T14:43:54.138+0000] {processor.py:161} INFO - Started process (PID=3205) to work on /opt/airflow/dags/inegi_playwright_dag.py
[2026-05-14T14:43:54.154+0000] {processor.py:830} INFO - Processing file /opt/airflow/dags/inegi_playwright_dag.py for tasks to queue
[2026-05-14T14:43:54.193+0000] {logging_mixin.py:188} INFO - [2026-05-14T14:43:54.184+0000] {dagbag.py:540} INFO - Filling up the DagBag from /opt/airflow/dags/inegi_playwright_dag.py
[2026-05-14T14:43:54.768+0000] {processor.py:840} INFO - DAG(s) 'inegi_playwright' retrieved from /opt/airflow/dags/inegi_playwright_dag.py
[2026-05-14T14:43:55.162+0000] {logging_mixin.py:188} INFO - [2026-05-14T14:43:55.150+0000] {dag.py:3047} INFO - Sync 1 DAGs
[2026-05-14T14:43:55.400+0000] {logging_mixin.py:188} INFO - [2026-05-14T14:43:55.400+0000] {dag.py:3834} INFO - Setting next_dagrun for inegi_playwright to 2026-05-14 00:00:00+00:00, run_after=2026-05-15 00:00:00+00:00
[2026-05-14T14:43:55.762+0000] {processor.py:183} INFO - Processing /opt/airflow/dags/inegi_playwright_dag.py took 1.657 seconds
