[2026-05-27T07:48:14.555+0000] {processor.py:161} INFO - Started process (PID=66) to work on /opt/airflow/dags/kaldata_dag.py
[2026-05-27T07:48:14.657+0000] {processor.py:830} INFO - Processing file /opt/airflow/dags/kaldata_dag.py for tasks to queue
[2026-05-27T07:48:14.669+0000] {logging_mixin.py:188} INFO - [2026-05-27T07:48:14.668+0000] {dagbag.py:540} INFO - Filling up the DagBag from /opt/airflow/dags/kaldata_dag.py
[2026-05-27T07:48:15.942+0000] {processor.py:840} INFO - DAG(s) 'kaldata_scraper' retrieved from /opt/airflow/dags/kaldata_dag.py
[2026-05-27T07:48:16.734+0000] {logging_mixin.py:188} INFO - [2026-05-27T07:48:16.733+0000] {dag.py:3047} INFO - Sync 1 DAGs
[2026-05-27T07:48:17.310+0000] {processor.py:183} INFO - Processing /opt/airflow/dags/kaldata_dag.py took 2.929 seconds
[2026-05-27T07:48:56.418+0000] {processor.py:161} INFO - Started process (PID=100) to work on /opt/airflow/dags/kaldata_dag.py
[2026-05-27T07:48:56.483+0000] {processor.py:830} INFO - Processing file /opt/airflow/dags/kaldata_dag.py for tasks to queue
[2026-05-27T07:48:56.624+0000] {logging_mixin.py:188} INFO - [2026-05-27T07:48:56.564+0000] {dagbag.py:540} INFO - Filling up the DagBag from /opt/airflow/dags/kaldata_dag.py
[2026-05-27T07:48:58.310+0000] {processor.py:840} INFO - DAG(s) 'kaldata_scraper' retrieved from /opt/airflow/dags/kaldata_dag.py
[2026-05-27T07:48:59.177+0000] {logging_mixin.py:188} INFO - [2026-05-27T07:48:59.177+0000] {dag.py:3047} INFO - Sync 1 DAGs
[2026-05-27T07:49:01.577+0000] {processor.py:183} INFO - Processing /opt/airflow/dags/kaldata_dag.py took 6.397 seconds
[2026-05-27T07:49:34.467+0000] {processor.py:161} INFO - Started process (PID=130) to work on /opt/airflow/dags/kaldata_dag.py
[2026-05-27T07:49:34.530+0000] {processor.py:830} INFO - Processing file /opt/airflow/dags/kaldata_dag.py for tasks to queue
[2026-05-27T07:49:34.580+0000] {logging_mixin.py:188} INFO - [2026-05-27T07:49:34.579+0000] {dagbag.py:540} INFO - Filling up the DagBag from /opt/airflow/dags/kaldata_dag.py
[2026-05-27T07:49:35.095+0000] {processor.py:840} INFO - DAG(s) 'kaldata_scraper' retrieved from /opt/airflow/dags/kaldata_dag.py
[2026-05-27T07:49:35.537+0000] {logging_mixin.py:188} INFO - [2026-05-27T07:49:35.535+0000] {dag.py:3047} INFO - Sync 1 DAGs
[2026-05-27T07:49:36.597+0000] {processor.py:183} INFO - Processing /opt/airflow/dags/kaldata_dag.py took 2.248 seconds
[2026-05-27T07:50:14.575+0000] {processor.py:161} INFO - Started process (PID=164) to work on /opt/airflow/dags/kaldata_dag.py
[2026-05-27T07:50:14.733+0000] {processor.py:830} INFO - Processing file /opt/airflow/dags/kaldata_dag.py for tasks to queue
[2026-05-27T07:50:15.100+0000] {logging_mixin.py:188} INFO - [2026-05-27T07:50:14.912+0000] {dagbag.py:540} INFO - Filling up the DagBag from /opt/airflow/dags/kaldata_dag.py
[2026-05-27T07:50:17.612+0000] {processor.py:840} INFO - DAG(s) 'kaldata_scraper' retrieved from /opt/airflow/dags/kaldata_dag.py
[2026-05-27T07:50:18.988+0000] {logging_mixin.py:188} INFO - [2026-05-27T07:50:18.988+0000] {dag.py:3047} INFO - Sync 1 DAGs
[2026-05-27T07:50:21.319+0000] {processor.py:183} INFO - Processing /opt/airflow/dags/kaldata_dag.py took 7.202 seconds
[2026-05-27T07:50:54.348+0000] {processor.py:161} INFO - Started process (PID=197) to work on /opt/airflow/dags/kaldata_dag.py
[2026-05-27T07:50:54.402+0000] {processor.py:830} INFO - Processing file /opt/airflow/dags/kaldata_dag.py for tasks to queue
[2026-05-27T07:50:54.493+0000] {logging_mixin.py:188} INFO - [2026-05-27T07:50:54.492+0000] {dagbag.py:540} INFO - Filling up the DagBag from /opt/airflow/dags/kaldata_dag.py
[2026-05-27T07:50:56.667+0000] {processor.py:840} INFO - DAG(s) 'kaldata_scraper' retrieved from /opt/airflow/dags/kaldata_dag.py
[2026-05-27T07:50:57.904+0000] {logging_mixin.py:188} INFO - [2026-05-27T07:50:57.904+0000] {dag.py:3047} INFO - Sync 1 DAGs
[2026-05-27T07:51:00.343+0000] {processor.py:183} INFO - Processing /opt/airflow/dags/kaldata_dag.py took 6.210 seconds
[2026-05-27T07:51:35.343+0000] {processor.py:161} INFO - Started process (PID=231) to work on /opt/airflow/dags/kaldata_dag.py
[2026-05-27T07:51:35.743+0000] {processor.py:830} INFO - Processing file /opt/airflow/dags/kaldata_dag.py for tasks to queue
[2026-05-27T07:51:36.095+0000] {logging_mixin.py:188} INFO - [2026-05-27T07:51:35.872+0000] {dagbag.py:540} INFO - Filling up the DagBag from /opt/airflow/dags/kaldata_dag.py
[2026-05-27T07:51:38.572+0000] {processor.py:840} INFO - DAG(s) 'kaldata_scraper' retrieved from /opt/airflow/dags/kaldata_dag.py
[2026-05-27T07:51:39.712+0000] {logging_mixin.py:188} INFO - [2026-05-27T07:51:39.701+0000] {dag.py:3047} INFO - Sync 1 DAGs
[2026-05-27T07:51:41.571+0000] {processor.py:183} INFO - Processing /opt/airflow/dags/kaldata_dag.py took 6.719 seconds
[2026-05-27T07:52:30.918+0000] {processor.py:161} INFO - Started process (PID=264) to work on /opt/airflow/dags/kaldata_dag.py
[2026-05-27T07:52:30.960+0000] {processor.py:830} INFO - Processing file /opt/airflow/dags/kaldata_dag.py for tasks to queue
[2026-05-27T07:52:30.994+0000] {logging_mixin.py:188} INFO - [2026-05-27T07:52:30.980+0000] {dagbag.py:540} INFO - Filling up the DagBag from /opt/airflow/dags/kaldata_dag.py
[2026-05-27T07:52:34.091+0000] {processor.py:840} INFO - DAG(s) 'kaldata_scraper' retrieved from /opt/airflow/dags/kaldata_dag.py
[2026-05-27T07:52:36.585+0000] {logging_mixin.py:188} INFO - [2026-05-27T07:52:36.584+0000] {dag.py:3047} INFO - Sync 1 DAGs
[2026-05-27T07:52:40.291+0000] {processor.py:183} INFO - Processing /opt/airflow/dags/kaldata_dag.py took 9.559 seconds
[2026-05-27T07:53:18.202+0000] {processor.py:161} INFO - Started process (PID=304) to work on /opt/airflow/dags/kaldata_dag.py
[2026-05-27T07:53:18.213+0000] {processor.py:830} INFO - Processing file /opt/airflow/dags/kaldata_dag.py for tasks to queue
[2026-05-27T07:53:18.261+0000] {logging_mixin.py:188} INFO - [2026-05-27T07:53:18.260+0000] {dagbag.py:540} INFO - Filling up the DagBag from /opt/airflow/dags/kaldata_dag.py
[2026-05-27T07:53:20.806+0000] {processor.py:840} INFO - DAG(s) 'kaldata_scraper' retrieved from /opt/airflow/dags/kaldata_dag.py
[2026-05-27T07:53:21.030+0000] {logging_mixin.py:188} INFO - [2026-05-27T07:53:21.029+0000] {dag.py:3047} INFO - Sync 1 DAGs
[2026-05-27T07:53:21.364+0000] {logging_mixin.py:188} INFO - [2026-05-27T07:53:21.364+0000] {dag.py:3834} INFO - Setting next_dagrun for kaldata_scraper to 2026-05-27 00:00:00+00:00, run_after=2026-05-28 00:00:00+00:00
[2026-05-27T07:53:22.039+0000] {processor.py:183} INFO - Processing /opt/airflow/dags/kaldata_dag.py took 3.846 seconds
[2026-05-27T07:53:53.735+0000] {processor.py:161} INFO - Started process (PID=344) to work on /opt/airflow/dags/kaldata_dag.py
[2026-05-27T07:53:53.797+0000] {processor.py:830} INFO - Processing file /opt/airflow/dags/kaldata_dag.py for tasks to queue
[2026-05-27T07:53:53.814+0000] {logging_mixin.py:188} INFO - [2026-05-27T07:53:53.813+0000] {dagbag.py:540} INFO - Filling up the DagBag from /opt/airflow/dags/kaldata_dag.py
[2026-05-27T07:53:55.223+0000] {processor.py:840} INFO - DAG(s) 'kaldata_scraper' retrieved from /opt/airflow/dags/kaldata_dag.py
[2026-05-27T07:53:55.635+0000] {logging_mixin.py:188} INFO - [2026-05-27T07:53:55.634+0000] {dag.py:3047} INFO - Sync 1 DAGs
[2026-05-27T07:53:55.874+0000] {logging_mixin.py:188} INFO - [2026-05-27T07:53:55.874+0000] {dag.py:3834} INFO - Setting next_dagrun for kaldata_scraper to 2026-05-27 00:00:00+00:00, run_after=2026-05-28 00:00:00+00:00
[2026-05-27T07:53:56.199+0000] {processor.py:183} INFO - Processing /opt/airflow/dags/kaldata_dag.py took 2.521 seconds
[2026-05-27T07:54:26.866+0000] {processor.py:161} INFO - Started process (PID=386) to work on /opt/airflow/dags/kaldata_dag.py
[2026-05-27T07:54:26.870+0000] {processor.py:830} INFO - Processing file /opt/airflow/dags/kaldata_dag.py for tasks to queue
[2026-05-27T07:54:26.883+0000] {logging_mixin.py:188} INFO - [2026-05-27T07:54:26.882+0000] {dagbag.py:540} INFO - Filling up the DagBag from /opt/airflow/dags/kaldata_dag.py
[2026-05-27T07:54:27.092+0000] {processor.py:840} INFO - DAG(s) 'kaldata_scraper' retrieved from /opt/airflow/dags/kaldata_dag.py
[2026-05-27T07:54:27.281+0000] {logging_mixin.py:188} INFO - [2026-05-27T07:54:27.280+0000] {dag.py:3047} INFO - Sync 1 DAGs
[2026-05-27T07:54:27.476+0000] {logging_mixin.py:188} INFO - [2026-05-27T07:54:27.476+0000] {dag.py:3834} INFO - Setting next_dagrun for kaldata_scraper to 2026-05-27 00:00:00+00:00, run_after=2026-05-28 00:00:00+00:00
[2026-05-27T07:54:27.678+0000] {processor.py:183} INFO - Processing /opt/airflow/dags/kaldata_dag.py took 0.842 seconds
[2026-05-27T07:54:58.114+0000] {processor.py:161} INFO - Started process (PID=416) to work on /opt/airflow/dags/kaldata_dag.py
[2026-05-27T07:54:58.132+0000] {processor.py:830} INFO - Processing file /opt/airflow/dags/kaldata_dag.py for tasks to queue
[2026-05-27T07:54:58.140+0000] {logging_mixin.py:188} INFO - [2026-05-27T07:54:58.139+0000] {dagbag.py:540} INFO - Filling up the DagBag from /opt/airflow/dags/kaldata_dag.py
[2026-05-27T07:54:58.355+0000] {processor.py:840} INFO - DAG(s) 'kaldata_scraper' retrieved from /opt/airflow/dags/kaldata_dag.py
[2026-05-27T07:54:58.504+0000] {logging_mixin.py:188} INFO - [2026-05-27T07:54:58.503+0000] {dag.py:3047} INFO - Sync 1 DAGs
[2026-05-27T07:54:58.693+0000] {logging_mixin.py:188} INFO - [2026-05-27T07:54:58.693+0000] {dag.py:3834} INFO - Setting next_dagrun for kaldata_scraper to 2026-05-27 00:00:00+00:00, run_after=2026-05-28 00:00:00+00:00
[2026-05-27T07:54:58.922+0000] {processor.py:183} INFO - Processing /opt/airflow/dags/kaldata_dag.py took 0.826 seconds
[2026-05-27T07:55:29.466+0000] {processor.py:161} INFO - Started process (PID=446) to work on /opt/airflow/dags/kaldata_dag.py
[2026-05-27T07:55:29.470+0000] {processor.py:830} INFO - Processing file /opt/airflow/dags/kaldata_dag.py for tasks to queue
[2026-05-27T07:55:29.473+0000] {logging_mixin.py:188} INFO - [2026-05-27T07:55:29.472+0000] {dagbag.py:540} INFO - Filling up the DagBag from /opt/airflow/dags/kaldata_dag.py
[2026-05-27T07:55:29.538+0000] {processor.py:840} INFO - DAG(s) 'kaldata_scraper' retrieved from /opt/airflow/dags/kaldata_dag.py
[2026-05-27T07:55:29.609+0000] {logging_mixin.py:188} INFO - [2026-05-27T07:55:29.609+0000] {dag.py:3047} INFO - Sync 1 DAGs
[2026-05-27T07:55:29.700+0000] {logging_mixin.py:188} INFO - [2026-05-27T07:55:29.700+0000] {dag.py:3834} INFO - Setting next_dagrun for kaldata_scraper to 2026-05-27 00:00:00+00:00, run_after=2026-05-28 00:00:00+00:00
[2026-05-27T07:55:29.837+0000] {processor.py:183} INFO - Processing /opt/airflow/dags/kaldata_dag.py took 0.382 seconds
[2026-05-27T07:56:00.299+0000] {processor.py:161} INFO - Started process (PID=476) to work on /opt/airflow/dags/kaldata_dag.py
[2026-05-27T07:56:00.302+0000] {processor.py:830} INFO - Processing file /opt/airflow/dags/kaldata_dag.py for tasks to queue
[2026-05-27T07:56:00.305+0000] {logging_mixin.py:188} INFO - [2026-05-27T07:56:00.304+0000] {dagbag.py:540} INFO - Filling up the DagBag from /opt/airflow/dags/kaldata_dag.py
[2026-05-27T07:56:00.360+0000] {processor.py:840} INFO - DAG(s) 'kaldata_scraper' retrieved from /opt/airflow/dags/kaldata_dag.py
[2026-05-27T07:56:00.429+0000] {logging_mixin.py:188} INFO - [2026-05-27T07:56:00.429+0000] {dag.py:3047} INFO - Sync 1 DAGs
[2026-05-27T07:56:00.489+0000] {logging_mixin.py:188} INFO - [2026-05-27T07:56:00.488+0000] {dag.py:3834} INFO - Setting next_dagrun for kaldata_scraper to 2026-05-27 00:00:00+00:00, run_after=2026-05-28 00:00:00+00:00
[2026-05-27T07:56:00.540+0000] {processor.py:183} INFO - Processing /opt/airflow/dags/kaldata_dag.py took 0.260 seconds
[2026-05-27T07:56:30.912+0000] {processor.py:161} INFO - Started process (PID=506) to work on /opt/airflow/dags/kaldata_dag.py
[2026-05-27T07:56:30.917+0000] {processor.py:830} INFO - Processing file /opt/airflow/dags/kaldata_dag.py for tasks to queue
[2026-05-27T07:56:30.921+0000] {logging_mixin.py:188} INFO - [2026-05-27T07:56:30.920+0000] {dagbag.py:540} INFO - Filling up the DagBag from /opt/airflow/dags/kaldata_dag.py
[2026-05-27T07:56:31.023+0000] {processor.py:840} INFO - DAG(s) 'kaldata_scraper' retrieved from /opt/airflow/dags/kaldata_dag.py
[2026-05-27T07:56:31.180+0000] {logging_mixin.py:188} INFO - [2026-05-27T07:56:31.179+0000] {dag.py:3047} INFO - Sync 1 DAGs
[2026-05-27T07:56:31.672+0000] {logging_mixin.py:188} INFO - [2026-05-27T07:56:31.671+0000] {dag.py:3834} INFO - Setting next_dagrun for kaldata_scraper to 2026-05-27 00:00:00+00:00, run_after=2026-05-28 00:00:00+00:00
[2026-05-27T07:56:31.882+0000] {processor.py:183} INFO - Processing /opt/airflow/dags/kaldata_dag.py took 0.990 seconds
[2026-05-27T07:57:03.150+0000] {processor.py:161} INFO - Started process (PID=536) to work on /opt/airflow/dags/kaldata_dag.py
[2026-05-27T07:57:03.154+0000] {processor.py:830} INFO - Processing file /opt/airflow/dags/kaldata_dag.py for tasks to queue
[2026-05-27T07:57:03.157+0000] {logging_mixin.py:188} INFO - [2026-05-27T07:57:03.156+0000] {dagbag.py:540} INFO - Filling up the DagBag from /opt/airflow/dags/kaldata_dag.py
[2026-05-27T07:57:03.227+0000] {processor.py:840} INFO - DAG(s) 'kaldata_scraper' retrieved from /opt/airflow/dags/kaldata_dag.py
[2026-05-27T07:57:03.290+0000] {logging_mixin.py:188} INFO - [2026-05-27T07:57:03.289+0000] {dag.py:3047} INFO - Sync 1 DAGs
[2026-05-27T07:57:03.348+0000] {logging_mixin.py:188} INFO - [2026-05-27T07:57:03.347+0000] {dag.py:3834} INFO - Setting next_dagrun for kaldata_scraper to 2026-05-27 00:00:00+00:00, run_after=2026-05-28 00:00:00+00:00
[2026-05-27T07:57:03.399+0000] {processor.py:183} INFO - Processing /opt/airflow/dags/kaldata_dag.py took 0.258 seconds
[2026-05-27T07:57:33.899+0000] {processor.py:161} INFO - Started process (PID=566) to work on /opt/airflow/dags/kaldata_dag.py
[2026-05-27T07:57:33.903+0000] {processor.py:830} INFO - Processing file /opt/airflow/dags/kaldata_dag.py for tasks to queue
[2026-05-27T07:57:33.907+0000] {logging_mixin.py:188} INFO - [2026-05-27T07:57:33.906+0000] {dagbag.py:540} INFO - Filling up the DagBag from /opt/airflow/dags/kaldata_dag.py
[2026-05-27T07:57:33.959+0000] {processor.py:840} INFO - DAG(s) 'kaldata_scraper' retrieved from /opt/airflow/dags/kaldata_dag.py
[2026-05-27T07:57:34.029+0000] {logging_mixin.py:188} INFO - [2026-05-27T07:57:34.028+0000] {dag.py:3047} INFO - Sync 1 DAGs
[2026-05-27T07:57:34.088+0000] {logging_mixin.py:188} INFO - [2026-05-27T07:57:34.087+0000] {dag.py:3834} INFO - Setting next_dagrun for kaldata_scraper to 2026-05-27 00:00:00+00:00, run_after=2026-05-28 00:00:00+00:00
[2026-05-27T07:57:34.138+0000] {processor.py:183} INFO - Processing /opt/airflow/dags/kaldata_dag.py took 0.264 seconds
[2026-05-27T07:58:04.542+0000] {processor.py:161} INFO - Started process (PID=596) to work on /opt/airflow/dags/kaldata_dag.py
[2026-05-27T07:58:04.545+0000] {processor.py:830} INFO - Processing file /opt/airflow/dags/kaldata_dag.py for tasks to queue
[2026-05-27T07:58:04.548+0000] {logging_mixin.py:188} INFO - [2026-05-27T07:58:04.547+0000] {dagbag.py:540} INFO - Filling up the DagBag from /opt/airflow/dags/kaldata_dag.py
[2026-05-27T07:58:04.602+0000] {processor.py:840} INFO - DAG(s) 'kaldata_scraper' retrieved from /opt/airflow/dags/kaldata_dag.py
[2026-05-27T07:58:04.669+0000] {logging_mixin.py:188} INFO - [2026-05-27T07:58:04.668+0000] {dag.py:3047} INFO - Sync 1 DAGs
[2026-05-27T07:58:04.731+0000] {logging_mixin.py:188} INFO - [2026-05-27T07:58:04.731+0000] {dag.py:3834} INFO - Setting next_dagrun for kaldata_scraper to 2026-05-27 00:00:00+00:00, run_after=2026-05-28 00:00:00+00:00
[2026-05-27T07:58:04.786+0000] {processor.py:183} INFO - Processing /opt/airflow/dags/kaldata_dag.py took 0.260 seconds
[2026-05-27T07:58:40.928+0000] {processor.py:161} INFO - Started process (PID=624) to work on /opt/airflow/dags/kaldata_dag.py
[2026-05-27T07:58:40.943+0000] {processor.py:830} INFO - Processing file /opt/airflow/dags/kaldata_dag.py for tasks to queue
[2026-05-27T07:58:40.955+0000] {logging_mixin.py:188} INFO - [2026-05-27T07:58:40.945+0000] {dagbag.py:540} INFO - Filling up the DagBag from /opt/airflow/dags/kaldata_dag.py
[2026-05-27T07:58:41.088+0000] {processor.py:840} INFO - DAG(s) 'kaldata_scraper' retrieved from /opt/airflow/dags/kaldata_dag.py
[2026-05-27T07:58:41.330+0000] {logging_mixin.py:188} INFO - [2026-05-27T07:58:41.329+0000] {dag.py:3047} INFO - Sync 1 DAGs
[2026-05-27T07:58:41.583+0000] {logging_mixin.py:188} INFO - [2026-05-27T07:58:41.582+0000] {dag.py:3834} INFO - Setting next_dagrun for kaldata_scraper to 2026-05-27 00:00:00+00:00, run_after=2026-05-28 00:00:00+00:00
[2026-05-27T07:58:41.764+0000] {processor.py:183} INFO - Processing /opt/airflow/dags/kaldata_dag.py took 0.861 seconds
[2026-05-27T07:59:17.314+0000] {processor.py:161} INFO - Started process (PID=654) to work on /opt/airflow/dags/kaldata_dag.py
[2026-05-27T07:59:17.331+0000] {processor.py:830} INFO - Processing file /opt/airflow/dags/kaldata_dag.py for tasks to queue
[2026-05-27T07:59:17.349+0000] {logging_mixin.py:188} INFO - [2026-05-27T07:59:17.348+0000] {dagbag.py:540} INFO - Filling up the DagBag from /opt/airflow/dags/kaldata_dag.py
[2026-05-27T07:59:17.726+0000] {processor.py:840} INFO - DAG(s) 'kaldata_scraper' retrieved from /opt/airflow/dags/kaldata_dag.py
[2026-05-27T07:59:18.357+0000] {logging_mixin.py:188} INFO - [2026-05-27T07:59:18.356+0000] {dag.py:3047} INFO - Sync 1 DAGs
[2026-05-27T07:59:18.621+0000] {logging_mixin.py:188} INFO - [2026-05-27T07:59:18.620+0000] {dag.py:3834} INFO - Setting next_dagrun for kaldata_scraper to 2026-05-27 00:00:00+00:00, run_after=2026-05-28 00:00:00+00:00
[2026-05-27T07:59:19.053+0000] {processor.py:183} INFO - Processing /opt/airflow/dags/kaldata_dag.py took 1.827 seconds
[2026-05-27T07:59:51.647+0000] {processor.py:161} INFO - Started process (PID=684) to work on /opt/airflow/dags/kaldata_dag.py
[2026-05-27T07:59:51.655+0000] {processor.py:830} INFO - Processing file /opt/airflow/dags/kaldata_dag.py for tasks to queue
[2026-05-27T07:59:51.666+0000] {logging_mixin.py:188} INFO - [2026-05-27T07:59:51.664+0000] {dagbag.py:540} INFO - Filling up the DagBag from /opt/airflow/dags/kaldata_dag.py
[2026-05-27T07:59:51.900+0000] {processor.py:840} INFO - DAG(s) 'kaldata_scraper' retrieved from /opt/airflow/dags/kaldata_dag.py
[2026-05-27T07:59:52.354+0000] {logging_mixin.py:188} INFO - [2026-05-27T07:59:52.353+0000] {dag.py:3047} INFO - Sync 1 DAGs
[2026-05-27T07:59:52.630+0000] {logging_mixin.py:188} INFO - [2026-05-27T07:59:52.630+0000] {dag.py:3834} INFO - Setting next_dagrun for kaldata_scraper to 2026-05-27 00:00:00+00:00, run_after=2026-05-28 00:00:00+00:00
[2026-05-27T07:59:52.855+0000] {processor.py:183} INFO - Processing /opt/airflow/dags/kaldata_dag.py took 1.249 seconds
[2026-05-27T08:00:25.302+0000] {processor.py:161} INFO - Started process (PID=714) to work on /opt/airflow/dags/kaldata_dag.py
[2026-05-27T08:00:25.309+0000] {processor.py:830} INFO - Processing file /opt/airflow/dags/kaldata_dag.py for tasks to queue
[2026-05-27T08:00:25.312+0000] {logging_mixin.py:188} INFO - [2026-05-27T08:00:25.311+0000] {dagbag.py:540} INFO - Filling up the DagBag from /opt/airflow/dags/kaldata_dag.py
[2026-05-27T08:00:25.502+0000] {processor.py:840} INFO - DAG(s) 'kaldata_scraper' retrieved from /opt/airflow/dags/kaldata_dag.py
[2026-05-27T08:00:25.771+0000] {logging_mixin.py:188} INFO - [2026-05-27T08:00:25.771+0000] {dag.py:3047} INFO - Sync 1 DAGs
[2026-05-27T08:00:26.113+0000] {logging_mixin.py:188} INFO - [2026-05-27T08:00:26.112+0000] {dag.py:3834} INFO - Setting next_dagrun for kaldata_scraper to 2026-05-27 00:00:00+00:00, run_after=2026-05-28 00:00:00+00:00
[2026-05-27T08:00:26.396+0000] {processor.py:183} INFO - Processing /opt/airflow/dags/kaldata_dag.py took 1.140 seconds
[2026-05-27T08:00:57.128+0000] {processor.py:161} INFO - Started process (PID=746) to work on /opt/airflow/dags/kaldata_dag.py
[2026-05-27T08:00:57.138+0000] {processor.py:830} INFO - Processing file /opt/airflow/dags/kaldata_dag.py for tasks to queue
[2026-05-27T08:00:57.143+0000] {logging_mixin.py:188} INFO - [2026-05-27T08:00:57.142+0000] {dagbag.py:540} INFO - Filling up the DagBag from /opt/airflow/dags/kaldata_dag.py
[2026-05-27T08:00:57.255+0000] {processor.py:840} INFO - DAG(s) 'kaldata_scraper' retrieved from /opt/airflow/dags/kaldata_dag.py
[2026-05-27T08:00:57.362+0000] {logging_mixin.py:188} INFO - [2026-05-27T08:00:57.361+0000] {dag.py:3047} INFO - Sync 1 DAGs
[2026-05-27T08:00:57.447+0000] {logging_mixin.py:188} INFO - [2026-05-27T08:00:57.446+0000] {dag.py:3834} INFO - Setting next_dagrun for kaldata_scraper to 2026-05-27 00:00:00+00:00, run_after=2026-05-28 00:00:00+00:00
[2026-05-27T08:00:57.627+0000] {processor.py:183} INFO - Processing /opt/airflow/dags/kaldata_dag.py took 0.520 seconds
[2026-05-27T08:01:28.553+0000] {processor.py:161} INFO - Started process (PID=776) to work on /opt/airflow/dags/kaldata_dag.py
[2026-05-27T08:01:28.559+0000] {processor.py:830} INFO - Processing file /opt/airflow/dags/kaldata_dag.py for tasks to queue
[2026-05-27T08:01:28.568+0000] {logging_mixin.py:188} INFO - [2026-05-27T08:01:28.567+0000] {dagbag.py:540} INFO - Filling up the DagBag from /opt/airflow/dags/kaldata_dag.py
[2026-05-27T08:01:28.682+0000] {processor.py:840} INFO - DAG(s) 'kaldata_scraper' retrieved from /opt/airflow/dags/kaldata_dag.py
[2026-05-27T08:01:28.789+0000] {logging_mixin.py:188} INFO - [2026-05-27T08:01:28.788+0000] {dag.py:3047} INFO - Sync 1 DAGs
[2026-05-27T08:01:28.894+0000] {logging_mixin.py:188} INFO - [2026-05-27T08:01:28.888+0000] {dag.py:3834} INFO - Setting next_dagrun for kaldata_scraper to 2026-05-27 00:00:00+00:00, run_after=2026-05-28 00:00:00+00:00
[2026-05-27T08:01:28.972+0000] {processor.py:183} INFO - Processing /opt/airflow/dags/kaldata_dag.py took 0.453 seconds
[2026-05-27T08:02:00.909+0000] {processor.py:161} INFO - Started process (PID=806) to work on /opt/airflow/dags/kaldata_dag.py
[2026-05-27T08:02:00.926+0000] {processor.py:830} INFO - Processing file /opt/airflow/dags/kaldata_dag.py for tasks to queue
[2026-05-27T08:02:00.931+0000] {logging_mixin.py:188} INFO - [2026-05-27T08:02:00.930+0000] {dagbag.py:540} INFO - Filling up the DagBag from /opt/airflow/dags/kaldata_dag.py
[2026-05-27T08:02:01.028+0000] {processor.py:840} INFO - DAG(s) 'kaldata_scraper' retrieved from /opt/airflow/dags/kaldata_dag.py
[2026-05-27T08:02:01.129+0000] {logging_mixin.py:188} INFO - [2026-05-27T08:02:01.128+0000] {dag.py:3047} INFO - Sync 1 DAGs
[2026-05-27T08:02:01.218+0000] {logging_mixin.py:188} INFO - [2026-05-27T08:02:01.218+0000] {dag.py:3834} INFO - Setting next_dagrun for kaldata_scraper to 2026-05-27 00:00:00+00:00, run_after=2026-05-28 00:00:00+00:00
[2026-05-27T08:02:01.348+0000] {processor.py:183} INFO - Processing /opt/airflow/dags/kaldata_dag.py took 0.509 seconds
[2026-05-27T08:02:32.150+0000] {processor.py:161} INFO - Started process (PID=836) to work on /opt/airflow/dags/kaldata_dag.py
[2026-05-27T08:02:32.154+0000] {processor.py:830} INFO - Processing file /opt/airflow/dags/kaldata_dag.py for tasks to queue
[2026-05-27T08:02:32.161+0000] {logging_mixin.py:188} INFO - [2026-05-27T08:02:32.160+0000] {dagbag.py:540} INFO - Filling up the DagBag from /opt/airflow/dags/kaldata_dag.py
[2026-05-27T08:02:32.245+0000] {processor.py:840} INFO - DAG(s) 'kaldata_scraper' retrieved from /opt/airflow/dags/kaldata_dag.py
[2026-05-27T08:02:32.411+0000] {logging_mixin.py:188} INFO - [2026-05-27T08:02:32.410+0000] {dag.py:3047} INFO - Sync 1 DAGs
[2026-05-27T08:02:32.519+0000] {logging_mixin.py:188} INFO - [2026-05-27T08:02:32.518+0000] {dag.py:3834} INFO - Setting next_dagrun for kaldata_scraper to 2026-05-27 00:00:00+00:00, run_after=2026-05-28 00:00:00+00:00
[2026-05-27T08:02:32.718+0000] {processor.py:183} INFO - Processing /opt/airflow/dags/kaldata_dag.py took 0.598 seconds
[2026-05-27T08:03:02.942+0000] {processor.py:161} INFO - Started process (PID=866) to work on /opt/airflow/dags/kaldata_dag.py
[2026-05-27T08:03:02.949+0000] {processor.py:830} INFO - Processing file /opt/airflow/dags/kaldata_dag.py for tasks to queue
[2026-05-27T08:03:02.958+0000] {logging_mixin.py:188} INFO - [2026-05-27T08:03:02.957+0000] {dagbag.py:540} INFO - Filling up the DagBag from /opt/airflow/dags/kaldata_dag.py
[2026-05-27T08:03:03.056+0000] {processor.py:840} INFO - DAG(s) 'kaldata_scraper' retrieved from /opt/airflow/dags/kaldata_dag.py
[2026-05-27T08:03:03.198+0000] {logging_mixin.py:188} INFO - [2026-05-27T08:03:03.197+0000] {dag.py:3047} INFO - Sync 1 DAGs
[2026-05-27T08:03:03.412+0000] {logging_mixin.py:188} INFO - [2026-05-27T08:03:03.411+0000] {dag.py:3834} INFO - Setting next_dagrun for kaldata_scraper to 2026-05-27 00:00:00+00:00, run_after=2026-05-28 00:00:00+00:00
[2026-05-27T08:03:03.700+0000] {processor.py:183} INFO - Processing /opt/airflow/dags/kaldata_dag.py took 0.774 seconds
[2026-05-27T08:03:37.659+0000] {processor.py:161} INFO - Started process (PID=896) to work on /opt/airflow/dags/kaldata_dag.py
[2026-05-27T08:03:37.663+0000] {processor.py:830} INFO - Processing file /opt/airflow/dags/kaldata_dag.py for tasks to queue
[2026-05-27T08:03:37.668+0000] {logging_mixin.py:188} INFO - [2026-05-27T08:03:37.665+0000] {dagbag.py:540} INFO - Filling up the DagBag from /opt/airflow/dags/kaldata_dag.py
[2026-05-27T08:03:37.826+0000] {processor.py:840} INFO - DAG(s) 'kaldata_scraper' retrieved from /opt/airflow/dags/kaldata_dag.py
[2026-05-27T08:03:37.955+0000] {logging_mixin.py:188} INFO - [2026-05-27T08:03:37.954+0000] {dag.py:3047} INFO - Sync 1 DAGs
[2026-05-27T08:03:38.085+0000] {logging_mixin.py:188} INFO - [2026-05-27T08:03:38.084+0000] {dag.py:3834} INFO - Setting next_dagrun for kaldata_scraper to 2026-05-27 00:00:00+00:00, run_after=2026-05-28 00:00:00+00:00
[2026-05-27T08:03:40.682+0000] {processor.py:183} INFO - Processing /opt/airflow/dags/kaldata_dag.py took 3.032 seconds
[2026-05-27T08:04:17.472+0000] {processor.py:161} INFO - Started process (PID=924) to work on /opt/airflow/dags/kaldata_dag.py
[2026-05-27T08:04:17.508+0000] {processor.py:830} INFO - Processing file /opt/airflow/dags/kaldata_dag.py for tasks to queue
[2026-05-27T08:04:17.558+0000] {logging_mixin.py:188} INFO - [2026-05-27T08:04:17.556+0000] {dagbag.py:540} INFO - Filling up the DagBag from /opt/airflow/dags/kaldata_dag.py
[2026-05-27T08:04:18.840+0000] {processor.py:840} INFO - DAG(s) 'kaldata_scraper' retrieved from /opt/airflow/dags/kaldata_dag.py
[2026-05-27T08:04:19.079+0000] {logging_mixin.py:188} INFO - [2026-05-27T08:04:19.079+0000] {dag.py:3047} INFO - Sync 1 DAGs
[2026-05-27T08:04:19.270+0000] {logging_mixin.py:188} INFO - [2026-05-27T08:04:19.269+0000] {dag.py:3834} INFO - Setting next_dagrun for kaldata_scraper to 2026-05-27 00:00:00+00:00, run_after=2026-05-28 00:00:00+00:00
[2026-05-27T08:04:19.463+0000] {processor.py:183} INFO - Processing /opt/airflow/dags/kaldata_dag.py took 2.010 seconds
[2026-05-27T08:04:52.212+0000] {processor.py:161} INFO - Started process (PID=956) to work on /opt/airflow/dags/kaldata_dag.py
[2026-05-27T08:04:52.240+0000] {processor.py:830} INFO - Processing file /opt/airflow/dags/kaldata_dag.py for tasks to queue
[2026-05-27T08:04:52.288+0000] {logging_mixin.py:188} INFO - [2026-05-27T08:04:52.287+0000] {dagbag.py:540} INFO - Filling up the DagBag from /opt/airflow/dags/kaldata_dag.py
[2026-05-27T08:04:52.588+0000] {processor.py:840} INFO - DAG(s) 'kaldata_scraper' retrieved from /opt/airflow/dags/kaldata_dag.py
[2026-05-27T08:04:52.843+0000] {logging_mixin.py:188} INFO - [2026-05-27T08:04:52.843+0000] {dag.py:3047} INFO - Sync 1 DAGs
[2026-05-27T08:04:53.169+0000] {logging_mixin.py:188} INFO - [2026-05-27T08:04:53.168+0000] {dag.py:3834} INFO - Setting next_dagrun for kaldata_scraper to 2026-05-27 00:00:00+00:00, run_after=2026-05-28 00:00:00+00:00
[2026-05-27T08:04:53.831+0000] {processor.py:183} INFO - Processing /opt/airflow/dags/kaldata_dag.py took 1.639 seconds
[2026-05-27T08:05:31.374+0000] {processor.py:161} INFO - Started process (PID=979) to work on /opt/airflow/dags/kaldata_dag.py
[2026-05-27T08:05:31.417+0000] {processor.py:830} INFO - Processing file /opt/airflow/dags/kaldata_dag.py for tasks to queue
[2026-05-27T08:05:31.447+0000] {logging_mixin.py:188} INFO - [2026-05-27T08:05:31.446+0000] {dagbag.py:540} INFO - Filling up the DagBag from /opt/airflow/dags/kaldata_dag.py
[2026-05-27T08:05:33.280+0000] {processor.py:840} INFO - DAG(s) 'kaldata_scraper' retrieved from /opt/airflow/dags/kaldata_dag.py
[2026-05-27T08:05:33.810+0000] {logging_mixin.py:188} INFO - [2026-05-27T08:05:33.809+0000] {dag.py:3047} INFO - Sync 1 DAGs
[2026-05-27T08:05:34.234+0000] {logging_mixin.py:188} INFO - [2026-05-27T08:05:34.233+0000] {dag.py:3834} INFO - Setting next_dagrun for kaldata_scraper to 2026-05-27 00:00:00+00:00, run_after=2026-05-28 00:00:00+00:00
[2026-05-27T08:05:34.998+0000] {processor.py:183} INFO - Processing /opt/airflow/dags/kaldata_dag.py took 3.643 seconds
[2026-05-27T08:06:05.819+0000] {processor.py:161} INFO - Started process (PID=1011) to work on /opt/airflow/dags/kaldata_dag.py
[2026-05-27T08:06:05.823+0000] {processor.py:830} INFO - Processing file /opt/airflow/dags/kaldata_dag.py for tasks to queue
[2026-05-27T08:06:05.826+0000] {logging_mixin.py:188} INFO - [2026-05-27T08:06:05.825+0000] {dagbag.py:540} INFO - Filling up the DagBag from /opt/airflow/dags/kaldata_dag.py
[2026-05-27T08:06:05.907+0000] {processor.py:840} INFO - DAG(s) 'kaldata_scraper' retrieved from /opt/airflow/dags/kaldata_dag.py
[2026-05-27T08:06:05.984+0000] {logging_mixin.py:188} INFO - [2026-05-27T08:06:05.983+0000] {dag.py:3047} INFO - Sync 1 DAGs
[2026-05-27T08:06:06.053+0000] {logging_mixin.py:188} INFO - [2026-05-27T08:06:06.052+0000] {dag.py:3834} INFO - Setting next_dagrun for kaldata_scraper to 2026-05-27 00:00:00+00:00, run_after=2026-05-28 00:00:00+00:00
[2026-05-27T08:06:06.192+0000] {processor.py:183} INFO - Processing /opt/airflow/dags/kaldata_dag.py took 0.385 seconds
[2026-05-27T08:06:37.587+0000] {processor.py:161} INFO - Started process (PID=1041) to work on /opt/airflow/dags/kaldata_dag.py
[2026-05-27T08:06:37.598+0000] {processor.py:830} INFO - Processing file /opt/airflow/dags/kaldata_dag.py for tasks to queue
[2026-05-27T08:06:37.602+0000] {logging_mixin.py:188} INFO - [2026-05-27T08:06:37.601+0000] {dagbag.py:540} INFO - Filling up the DagBag from /opt/airflow/dags/kaldata_dag.py
[2026-05-27T08:06:37.700+0000] {processor.py:840} INFO - DAG(s) 'kaldata_scraper' retrieved from /opt/airflow/dags/kaldata_dag.py
[2026-05-27T08:06:37.841+0000] {logging_mixin.py:188} INFO - [2026-05-27T08:06:37.841+0000] {dag.py:3047} INFO - Sync 1 DAGs
[2026-05-27T08:06:38.118+0000] {logging_mixin.py:188} INFO - [2026-05-27T08:06:38.117+0000] {dag.py:3834} INFO - Setting next_dagrun for kaldata_scraper to 2026-05-27 00:00:00+00:00, run_after=2026-05-28 00:00:00+00:00
[2026-05-27T08:06:38.218+0000] {processor.py:183} INFO - Processing /opt/airflow/dags/kaldata_dag.py took 0.667 seconds
[2026-05-27T08:07:09.068+0000] {processor.py:161} INFO - Started process (PID=1071) to work on /opt/airflow/dags/kaldata_dag.py
[2026-05-27T08:07:09.072+0000] {processor.py:830} INFO - Processing file /opt/airflow/dags/kaldata_dag.py for tasks to queue
[2026-05-27T08:07:09.075+0000] {logging_mixin.py:188} INFO - [2026-05-27T08:07:09.074+0000] {dagbag.py:540} INFO - Filling up the DagBag from /opt/airflow/dags/kaldata_dag.py
[2026-05-27T08:07:09.146+0000] {processor.py:840} INFO - DAG(s) 'kaldata_scraper' retrieved from /opt/airflow/dags/kaldata_dag.py
[2026-05-27T08:07:09.220+0000] {logging_mixin.py:188} INFO - [2026-05-27T08:07:09.219+0000] {dag.py:3047} INFO - Sync 1 DAGs
[2026-05-27T08:07:09.302+0000] {logging_mixin.py:188} INFO - [2026-05-27T08:07:09.301+0000] {dag.py:3834} INFO - Setting next_dagrun for kaldata_scraper to 2026-05-27 00:00:00+00:00, run_after=2026-05-28 00:00:00+00:00
[2026-05-27T08:07:09.368+0000] {processor.py:183} INFO - Processing /opt/airflow/dags/kaldata_dag.py took 0.311 seconds
[2026-05-27T08:07:40.524+0000] {processor.py:161} INFO - Started process (PID=1096) to work on /opt/airflow/dags/kaldata_dag.py
[2026-05-27T08:07:40.538+0000] {processor.py:830} INFO - Processing file /opt/airflow/dags/kaldata_dag.py for tasks to queue
[2026-05-27T08:07:40.543+0000] {logging_mixin.py:188} INFO - [2026-05-27T08:07:40.542+0000] {dagbag.py:540} INFO - Filling up the DagBag from /opt/airflow/dags/kaldata_dag.py
[2026-05-27T08:07:40.652+0000] {processor.py:840} INFO - DAG(s) 'kaldata_scraper' retrieved from /opt/airflow/dags/kaldata_dag.py
[2026-05-27T08:07:40.811+0000] {logging_mixin.py:188} INFO - [2026-05-27T08:07:40.810+0000] {dag.py:3047} INFO - Sync 1 DAGs
[2026-05-27T08:07:41.047+0000] {logging_mixin.py:188} INFO - [2026-05-27T08:07:41.037+0000] {dag.py:3834} INFO - Setting next_dagrun for kaldata_scraper to 2026-05-27 00:00:00+00:00, run_after=2026-05-28 00:00:00+00:00
[2026-05-27T08:07:41.125+0000] {processor.py:183} INFO - Processing /opt/airflow/dags/kaldata_dag.py took 0.635 seconds
[2026-05-27T08:08:17.609+0000] {processor.py:161} INFO - Started process (PID=1131) to work on /opt/airflow/dags/kaldata_dag.py
[2026-05-27T08:08:17.626+0000] {processor.py:830} INFO - Processing file /opt/airflow/dags/kaldata_dag.py for tasks to queue
[2026-05-27T08:08:17.631+0000] {logging_mixin.py:188} INFO - [2026-05-27T08:08:17.630+0000] {dagbag.py:540} INFO - Filling up the DagBag from /opt/airflow/dags/kaldata_dag.py
[2026-05-27T08:08:17.968+0000] {processor.py:840} INFO - DAG(s) 'kaldata_scraper' retrieved from /opt/airflow/dags/kaldata_dag.py
[2026-05-27T08:08:18.211+0000] {logging_mixin.py:188} INFO - [2026-05-27T08:08:18.211+0000] {dag.py:3047} INFO - Sync 1 DAGs
[2026-05-27T08:08:18.474+0000] {logging_mixin.py:188} INFO - [2026-05-27T08:08:18.473+0000] {dag.py:3834} INFO - Setting next_dagrun for kaldata_scraper to 2026-05-27 00:00:00+00:00, run_after=2026-05-28 00:00:00+00:00
[2026-05-27T08:08:18.819+0000] {processor.py:183} INFO - Processing /opt/airflow/dags/kaldata_dag.py took 1.223 seconds
[2026-05-27T08:08:49.301+0000] {processor.py:161} INFO - Started process (PID=1161) to work on /opt/airflow/dags/kaldata_dag.py
[2026-05-27T08:08:49.304+0000] {processor.py:830} INFO - Processing file /opt/airflow/dags/kaldata_dag.py for tasks to queue
[2026-05-27T08:08:49.308+0000] {logging_mixin.py:188} INFO - [2026-05-27T08:08:49.307+0000] {dagbag.py:540} INFO - Filling up the DagBag from /opt/airflow/dags/kaldata_dag.py
[2026-05-27T08:08:49.363+0000] {processor.py:840} INFO - DAG(s) 'kaldata_scraper' retrieved from /opt/airflow/dags/kaldata_dag.py
[2026-05-27T08:08:49.448+0000] {logging_mixin.py:188} INFO - [2026-05-27T08:08:49.448+0000] {dag.py:3047} INFO - Sync 1 DAGs
[2026-05-27T08:08:49.533+0000] {logging_mixin.py:188} INFO - [2026-05-27T08:08:49.532+0000] {dag.py:3834} INFO - Setting next_dagrun for kaldata_scraper to 2026-05-27 00:00:00+00:00, run_after=2026-05-28 00:00:00+00:00
[2026-05-27T08:08:49.639+0000] {processor.py:183} INFO - Processing /opt/airflow/dags/kaldata_dag.py took 0.349 seconds
[2026-05-27T08:09:20.186+0000] {processor.py:161} INFO - Started process (PID=1191) to work on /opt/airflow/dags/kaldata_dag.py
[2026-05-27T08:09:20.191+0000] {processor.py:830} INFO - Processing file /opt/airflow/dags/kaldata_dag.py for tasks to queue
[2026-05-27T08:09:20.194+0000] {logging_mixin.py:188} INFO - [2026-05-27T08:09:20.193+0000] {dagbag.py:540} INFO - Filling up the DagBag from /opt/airflow/dags/kaldata_dag.py
[2026-05-27T08:09:20.256+0000] {processor.py:840} INFO - DAG(s) 'kaldata_scraper' retrieved from /opt/airflow/dags/kaldata_dag.py
[2026-05-27T08:09:20.327+0000] {logging_mixin.py:188} INFO - [2026-05-27T08:09:20.326+0000] {dag.py:3047} INFO - Sync 1 DAGs
[2026-05-27T08:09:20.396+0000] {logging_mixin.py:188} INFO - [2026-05-27T08:09:20.395+0000] {dag.py:3834} INFO - Setting next_dagrun for kaldata_scraper to 2026-05-27 00:00:00+00:00, run_after=2026-05-28 00:00:00+00:00
[2026-05-27T08:09:20.524+0000] {processor.py:183} INFO - Processing /opt/airflow/dags/kaldata_dag.py took 0.349 seconds
[2026-05-27T08:09:51.123+0000] {processor.py:161} INFO - Started process (PID=1221) to work on /opt/airflow/dags/kaldata_dag.py
[2026-05-27T08:09:51.127+0000] {processor.py:830} INFO - Processing file /opt/airflow/dags/kaldata_dag.py for tasks to queue
[2026-05-27T08:09:51.140+0000] {logging_mixin.py:188} INFO - [2026-05-27T08:09:51.139+0000] {dagbag.py:540} INFO - Filling up the DagBag from /opt/airflow/dags/kaldata_dag.py
[2026-05-27T08:09:51.234+0000] {processor.py:840} INFO - DAG(s) 'kaldata_scraper' retrieved from /opt/airflow/dags/kaldata_dag.py
[2026-05-27T08:09:51.323+0000] {logging_mixin.py:188} INFO - [2026-05-27T08:09:51.322+0000] {dag.py:3047} INFO - Sync 1 DAGs
[2026-05-27T08:09:51.396+0000] {logging_mixin.py:188} INFO - [2026-05-27T08:09:51.395+0000] {dag.py:3834} INFO - Setting next_dagrun for kaldata_scraper to 2026-05-27 00:00:00+00:00, run_after=2026-05-28 00:00:00+00:00
[2026-05-27T08:09:51.605+0000] {processor.py:183} INFO - Processing /opt/airflow/dags/kaldata_dag.py took 0.500 seconds
[2026-05-27T08:10:22.120+0000] {processor.py:161} INFO - Started process (PID=1251) to work on /opt/airflow/dags/kaldata_dag.py
[2026-05-27T08:10:22.123+0000] {processor.py:830} INFO - Processing file /opt/airflow/dags/kaldata_dag.py for tasks to queue
[2026-05-27T08:10:22.127+0000] {logging_mixin.py:188} INFO - [2026-05-27T08:10:22.126+0000] {dagbag.py:540} INFO - Filling up the DagBag from /opt/airflow/dags/kaldata_dag.py
[2026-05-27T08:10:22.200+0000] {processor.py:840} INFO - DAG(s) 'kaldata_scraper' retrieved from /opt/airflow/dags/kaldata_dag.py
[2026-05-27T08:10:22.300+0000] {logging_mixin.py:188} INFO - [2026-05-27T08:10:22.299+0000] {dag.py:3047} INFO - Sync 1 DAGs
[2026-05-27T08:10:22.374+0000] {logging_mixin.py:188} INFO - [2026-05-27T08:10:22.374+0000] {dag.py:3834} INFO - Setting next_dagrun for kaldata_scraper to 2026-05-27 00:00:00+00:00, run_after=2026-05-28 00:00:00+00:00
[2026-05-27T08:10:22.447+0000] {processor.py:183} INFO - Processing /opt/airflow/dags/kaldata_dag.py took 0.343 seconds
[2026-05-27T08:10:53.499+0000] {processor.py:161} INFO - Started process (PID=1281) to work on /opt/airflow/dags/kaldata_dag.py
[2026-05-27T08:10:53.503+0000] {processor.py:830} INFO - Processing file /opt/airflow/dags/kaldata_dag.py for tasks to queue
[2026-05-27T08:10:53.506+0000] {logging_mixin.py:188} INFO - [2026-05-27T08:10:53.505+0000] {dagbag.py:540} INFO - Filling up the DagBag from /opt/airflow/dags/kaldata_dag.py
[2026-05-27T08:10:54.036+0000] {processor.py:840} INFO - DAG(s) 'kaldata_scraper' retrieved from /opt/airflow/dags/kaldata_dag.py
[2026-05-27T08:10:54.156+0000] {logging_mixin.py:188} INFO - [2026-05-27T08:10:54.156+0000] {dag.py:3047} INFO - Sync 1 DAGs
[2026-05-27T08:10:54.234+0000] {logging_mixin.py:188} INFO - [2026-05-27T08:10:54.234+0000] {dag.py:3834} INFO - Setting next_dagrun for kaldata_scraper to 2026-05-27 00:00:00+00:00, run_after=2026-05-28 00:00:00+00:00
[2026-05-27T08:10:54.304+0000] {processor.py:183} INFO - Processing /opt/airflow/dags/kaldata_dag.py took 0.825 seconds
[2026-05-27T08:11:25.253+0000] {processor.py:161} INFO - Started process (PID=1311) to work on /opt/airflow/dags/kaldata_dag.py
[2026-05-27T08:11:25.280+0000] {processor.py:830} INFO - Processing file /opt/airflow/dags/kaldata_dag.py for tasks to queue
[2026-05-27T08:11:25.293+0000] {logging_mixin.py:188} INFO - [2026-05-27T08:11:25.292+0000] {dagbag.py:540} INFO - Filling up the DagBag from /opt/airflow/dags/kaldata_dag.py
[2026-05-27T08:11:25.376+0000] {processor.py:840} INFO - DAG(s) 'kaldata_scraper' retrieved from /opt/airflow/dags/kaldata_dag.py
[2026-05-27T08:11:25.455+0000] {logging_mixin.py:188} INFO - [2026-05-27T08:11:25.455+0000] {dag.py:3047} INFO - Sync 1 DAGs
[2026-05-27T08:11:25.531+0000] {logging_mixin.py:188} INFO - [2026-05-27T08:11:25.530+0000] {dag.py:3834} INFO - Setting next_dagrun for kaldata_scraper to 2026-05-27 00:00:00+00:00, run_after=2026-05-28 00:00:00+00:00
[2026-05-27T08:11:25.620+0000] {processor.py:183} INFO - Processing /opt/airflow/dags/kaldata_dag.py took 0.389 seconds
[2026-05-27T08:11:56.370+0000] {processor.py:161} INFO - Started process (PID=1341) to work on /opt/airflow/dags/kaldata_dag.py
[2026-05-27T08:11:56.374+0000] {processor.py:830} INFO - Processing file /opt/airflow/dags/kaldata_dag.py for tasks to queue
[2026-05-27T08:11:56.378+0000] {logging_mixin.py:188} INFO - [2026-05-27T08:11:56.377+0000] {dagbag.py:540} INFO - Filling up the DagBag from /opt/airflow/dags/kaldata_dag.py
[2026-05-27T08:11:56.452+0000] {processor.py:840} INFO - DAG(s) 'kaldata_scraper' retrieved from /opt/airflow/dags/kaldata_dag.py
[2026-05-27T08:11:56.563+0000] {logging_mixin.py:188} INFO - [2026-05-27T08:11:56.563+0000] {dag.py:3047} INFO - Sync 1 DAGs
[2026-05-27T08:11:56.654+0000] {logging_mixin.py:188} INFO - [2026-05-27T08:11:56.654+0000] {dag.py:3834} INFO - Setting next_dagrun for kaldata_scraper to 2026-05-27 00:00:00+00:00, run_after=2026-05-28 00:00:00+00:00
[2026-05-27T08:11:56.707+0000] {processor.py:183} INFO - Processing /opt/airflow/dags/kaldata_dag.py took 0.355 seconds
[2026-05-27T08:12:27.895+0000] {processor.py:161} INFO - Started process (PID=1371) to work on /opt/airflow/dags/kaldata_dag.py
[2026-05-27T08:12:27.902+0000] {processor.py:830} INFO - Processing file /opt/airflow/dags/kaldata_dag.py for tasks to queue
[2026-05-27T08:12:27.916+0000] {logging_mixin.py:188} INFO - [2026-05-27T08:12:27.913+0000] {dagbag.py:540} INFO - Filling up the DagBag from /opt/airflow/dags/kaldata_dag.py
[2026-05-27T08:12:28.210+0000] {processor.py:840} INFO - DAG(s) 'kaldata_scraper' retrieved from /opt/airflow/dags/kaldata_dag.py
[2026-05-27T08:12:28.490+0000] {logging_mixin.py:188} INFO - [2026-05-27T08:12:28.490+0000] {dag.py:3047} INFO - Sync 1 DAGs
[2026-05-27T08:12:28.762+0000] {logging_mixin.py:188} INFO - [2026-05-27T08:12:28.760+0000] {dag.py:3834} INFO - Setting next_dagrun for kaldata_scraper to 2026-05-27 00:00:00+00:00, run_after=2026-05-28 00:00:00+00:00
[2026-05-27T08:12:28.873+0000] {processor.py:183} INFO - Processing /opt/airflow/dags/kaldata_dag.py took 1.048 seconds
[2026-05-27T08:12:59.814+0000] {processor.py:161} INFO - Started process (PID=1401) to work on /opt/airflow/dags/kaldata_dag.py
[2026-05-27T08:12:59.818+0000] {processor.py:830} INFO - Processing file /opt/airflow/dags/kaldata_dag.py for tasks to queue
[2026-05-27T08:12:59.822+0000] {logging_mixin.py:188} INFO - [2026-05-27T08:12:59.821+0000] {dagbag.py:540} INFO - Filling up the DagBag from /opt/airflow/dags/kaldata_dag.py
[2026-05-27T08:12:59.898+0000] {processor.py:840} INFO - DAG(s) 'kaldata_scraper' retrieved from /opt/airflow/dags/kaldata_dag.py
[2026-05-27T08:13:00.003+0000] {logging_mixin.py:188} INFO - [2026-05-27T08:13:00.002+0000] {dag.py:3047} INFO - Sync 1 DAGs
[2026-05-27T08:13:00.113+0000] {logging_mixin.py:188} INFO - [2026-05-27T08:13:00.112+0000] {dag.py:3834} INFO - Setting next_dagrun for kaldata_scraper to 2026-05-27 00:00:00+00:00, run_after=2026-05-28 00:00:00+00:00
[2026-05-27T08:13:00.176+0000] {processor.py:183} INFO - Processing /opt/airflow/dags/kaldata_dag.py took 0.376 seconds
[2026-05-27T08:13:31.455+0000] {processor.py:161} INFO - Started process (PID=1429) to work on /opt/airflow/dags/kaldata_dag.py
[2026-05-27T08:13:31.472+0000] {processor.py:830} INFO - Processing file /opt/airflow/dags/kaldata_dag.py for tasks to queue
[2026-05-27T08:13:31.493+0000] {logging_mixin.py:188} INFO - [2026-05-27T08:13:31.492+0000] {dagbag.py:540} INFO - Filling up the DagBag from /opt/airflow/dags/kaldata_dag.py
[2026-05-27T08:13:31.837+0000] {processor.py:840} INFO - DAG(s) 'kaldata_scraper' retrieved from /opt/airflow/dags/kaldata_dag.py
[2026-05-27T08:13:32.120+0000] {logging_mixin.py:188} INFO - [2026-05-27T08:13:32.119+0000] {dag.py:3047} INFO - Sync 1 DAGs
[2026-05-27T08:13:32.317+0000] {logging_mixin.py:188} INFO - [2026-05-27T08:13:32.316+0000] {dag.py:3834} INFO - Setting next_dagrun for kaldata_scraper to 2026-05-27 00:00:00+00:00, run_after=2026-05-28 00:00:00+00:00
[2026-05-27T08:13:32.475+0000] {processor.py:183} INFO - Processing /opt/airflow/dags/kaldata_dag.py took 1.053 seconds
[2026-05-27T08:14:03.299+0000] {processor.py:161} INFO - Started process (PID=1459) to work on /opt/airflow/dags/kaldata_dag.py
[2026-05-27T08:14:03.323+0000] {processor.py:830} INFO - Processing file /opt/airflow/dags/kaldata_dag.py for tasks to queue
[2026-05-27T08:14:03.339+0000] {logging_mixin.py:188} INFO - [2026-05-27T08:14:03.338+0000] {dagbag.py:540} INFO - Filling up the DagBag from /opt/airflow/dags/kaldata_dag.py
[2026-05-27T08:14:03.963+0000] {processor.py:840} INFO - DAG(s) 'kaldata_scraper' retrieved from /opt/airflow/dags/kaldata_dag.py
[2026-05-27T08:14:04.394+0000] {logging_mixin.py:188} INFO - [2026-05-27T08:14:04.393+0000] {dag.py:3047} INFO - Sync 1 DAGs
[2026-05-27T08:14:04.627+0000] {logging_mixin.py:188} INFO - [2026-05-27T08:14:04.626+0000] {dag.py:3834} INFO - Setting next_dagrun for kaldata_scraper to 2026-05-27 00:00:00+00:00, run_after=2026-05-28 00:00:00+00:00
[2026-05-27T08:14:04.798+0000] {processor.py:183} INFO - Processing /opt/airflow/dags/kaldata_dag.py took 1.551 seconds
[2026-05-27T08:14:35.231+0000] {processor.py:161} INFO - Started process (PID=1491) to work on /opt/airflow/dags/kaldata_dag.py
[2026-05-27T08:14:35.234+0000] {processor.py:830} INFO - Processing file /opt/airflow/dags/kaldata_dag.py for tasks to queue
[2026-05-27T08:14:35.238+0000] {logging_mixin.py:188} INFO - [2026-05-27T08:14:35.237+0000] {dagbag.py:540} INFO - Filling up the DagBag from /opt/airflow/dags/kaldata_dag.py
[2026-05-27T08:14:35.304+0000] {processor.py:840} INFO - DAG(s) 'kaldata_scraper' retrieved from /opt/airflow/dags/kaldata_dag.py
[2026-05-27T08:14:35.379+0000] {logging_mixin.py:188} INFO - [2026-05-27T08:14:35.378+0000] {dag.py:3047} INFO - Sync 1 DAGs
[2026-05-27T08:14:35.457+0000] {logging_mixin.py:188} INFO - [2026-05-27T08:14:35.456+0000] {dag.py:3834} INFO - Setting next_dagrun for kaldata_scraper to 2026-05-27 00:00:00+00:00, run_after=2026-05-28 00:00:00+00:00
[2026-05-27T08:14:35.515+0000] {processor.py:183} INFO - Processing /opt/airflow/dags/kaldata_dag.py took 0.295 seconds
[2026-05-27T08:15:05.911+0000] {processor.py:161} INFO - Started process (PID=1516) to work on /opt/airflow/dags/kaldata_dag.py
[2026-05-27T08:15:05.915+0000] {processor.py:830} INFO - Processing file /opt/airflow/dags/kaldata_dag.py for tasks to queue
[2026-05-27T08:15:05.923+0000] {logging_mixin.py:188} INFO - [2026-05-27T08:15:05.921+0000] {dagbag.py:540} INFO - Filling up the DagBag from /opt/airflow/dags/kaldata_dag.py
[2026-05-27T08:15:06.015+0000] {processor.py:840} INFO - DAG(s) 'kaldata_scraper' retrieved from /opt/airflow/dags/kaldata_dag.py
[2026-05-27T08:15:06.241+0000] {logging_mixin.py:188} INFO - [2026-05-27T08:15:06.240+0000] {dag.py:3047} INFO - Sync 1 DAGs
[2026-05-27T08:15:06.338+0000] {logging_mixin.py:188} INFO - [2026-05-27T08:15:06.337+0000] {dag.py:3834} INFO - Setting next_dagrun for kaldata_scraper to 2026-05-27 00:00:00+00:00, run_after=2026-05-28 00:00:00+00:00
[2026-05-27T08:15:06.410+0000] {processor.py:183} INFO - Processing /opt/airflow/dags/kaldata_dag.py took 0.521 seconds
[2026-05-27T08:15:36.772+0000] {processor.py:161} INFO - Started process (PID=1546) to work on /opt/airflow/dags/kaldata_dag.py
[2026-05-27T08:15:36.779+0000] {processor.py:830} INFO - Processing file /opt/airflow/dags/kaldata_dag.py for tasks to queue
[2026-05-27T08:15:36.784+0000] {logging_mixin.py:188} INFO - [2026-05-27T08:15:36.783+0000] {dagbag.py:540} INFO - Filling up the DagBag from /opt/airflow/dags/kaldata_dag.py
[2026-05-27T08:15:36.863+0000] {processor.py:840} INFO - DAG(s) 'kaldata_scraper' retrieved from /opt/airflow/dags/kaldata_dag.py
[2026-05-27T08:15:36.964+0000] {logging_mixin.py:188} INFO - [2026-05-27T08:15:36.964+0000] {dag.py:3047} INFO - Sync 1 DAGs
[2026-05-27T08:15:37.051+0000] {logging_mixin.py:188} INFO - [2026-05-27T08:15:37.050+0000] {dag.py:3834} INFO - Setting next_dagrun for kaldata_scraper to 2026-05-27 00:00:00+00:00, run_after=2026-05-28 00:00:00+00:00
[2026-05-27T08:15:37.136+0000] {processor.py:183} INFO - Processing /opt/airflow/dags/kaldata_dag.py took 0.381 seconds
[2026-05-27T08:16:07.786+0000] {processor.py:161} INFO - Started process (PID=1576) to work on /opt/airflow/dags/kaldata_dag.py
[2026-05-27T08:16:07.789+0000] {processor.py:830} INFO - Processing file /opt/airflow/dags/kaldata_dag.py for tasks to queue
[2026-05-27T08:16:07.792+0000] {logging_mixin.py:188} INFO - [2026-05-27T08:16:07.791+0000] {dagbag.py:540} INFO - Filling up the DagBag from /opt/airflow/dags/kaldata_dag.py
[2026-05-27T08:16:07.918+0000] {processor.py:840} INFO - DAG(s) 'kaldata_scraper' retrieved from /opt/airflow/dags/kaldata_dag.py
[2026-05-27T08:16:08.045+0000] {logging_mixin.py:188} INFO - [2026-05-27T08:16:08.044+0000] {dag.py:3047} INFO - Sync 1 DAGs
[2026-05-27T08:16:08.203+0000] {logging_mixin.py:188} INFO - [2026-05-27T08:16:08.202+0000] {dag.py:3834} INFO - Setting next_dagrun for kaldata_scraper to 2026-05-27 00:00:00+00:00, run_after=2026-05-28 00:00:00+00:00
[2026-05-27T08:16:08.343+0000] {processor.py:183} INFO - Processing /opt/airflow/dags/kaldata_dag.py took 0.568 seconds
[2026-05-27T08:16:39.390+0000] {processor.py:161} INFO - Started process (PID=1606) to work on /opt/airflow/dags/kaldata_dag.py
[2026-05-27T08:16:39.399+0000] {processor.py:830} INFO - Processing file /opt/airflow/dags/kaldata_dag.py for tasks to queue
[2026-05-27T08:16:39.411+0000] {logging_mixin.py:188} INFO - [2026-05-27T08:16:39.410+0000] {dagbag.py:540} INFO - Filling up the DagBag from /opt/airflow/dags/kaldata_dag.py
[2026-05-27T08:16:39.589+0000] {processor.py:840} INFO - DAG(s) 'kaldata_scraper' retrieved from /opt/airflow/dags/kaldata_dag.py
[2026-05-27T08:16:39.681+0000] {logging_mixin.py:188} INFO - [2026-05-27T08:16:39.680+0000] {dag.py:3047} INFO - Sync 1 DAGs
[2026-05-27T08:16:39.772+0000] {logging_mixin.py:188} INFO - [2026-05-27T08:16:39.772+0000] {dag.py:3834} INFO - Setting next_dagrun for kaldata_scraper to 2026-05-27 00:00:00+00:00, run_after=2026-05-28 00:00:00+00:00
[2026-05-27T08:16:39.881+0000] {processor.py:183} INFO - Processing /opt/airflow/dags/kaldata_dag.py took 0.511 seconds
[2026-05-27T08:17:10.471+0000] {processor.py:161} INFO - Started process (PID=1636) to work on /opt/airflow/dags/kaldata_dag.py
[2026-05-27T08:17:10.479+0000] {processor.py:830} INFO - Processing file /opt/airflow/dags/kaldata_dag.py for tasks to queue
[2026-05-27T08:17:10.485+0000] {logging_mixin.py:188} INFO - [2026-05-27T08:17:10.484+0000] {dagbag.py:540} INFO - Filling up the DagBag from /opt/airflow/dags/kaldata_dag.py
[2026-05-27T08:17:10.555+0000] {processor.py:840} INFO - DAG(s) 'kaldata_scraper' retrieved from /opt/airflow/dags/kaldata_dag.py
[2026-05-27T08:17:10.668+0000] {logging_mixin.py:188} INFO - [2026-05-27T08:17:10.668+0000] {dag.py:3047} INFO - Sync 1 DAGs
[2026-05-27T08:17:10.769+0000] {logging_mixin.py:188} INFO - [2026-05-27T08:17:10.769+0000] {dag.py:3834} INFO - Setting next_dagrun for kaldata_scraper to 2026-05-27 00:00:00+00:00, run_after=2026-05-28 00:00:00+00:00
[2026-05-27T08:17:10.835+0000] {processor.py:183} INFO - Processing /opt/airflow/dags/kaldata_dag.py took 0.377 seconds
[2026-05-27T08:17:41.811+0000] {processor.py:161} INFO - Started process (PID=1666) to work on /opt/airflow/dags/kaldata_dag.py
[2026-05-27T08:17:41.828+0000] {processor.py:830} INFO - Processing file /opt/airflow/dags/kaldata_dag.py for tasks to queue
[2026-05-27T08:17:41.852+0000] {logging_mixin.py:188} INFO - [2026-05-27T08:17:41.850+0000] {dagbag.py:540} INFO - Filling up the DagBag from /opt/airflow/dags/kaldata_dag.py
[2026-05-27T08:17:42.250+0000] {processor.py:840} INFO - DAG(s) 'kaldata_scraper' retrieved from /opt/airflow/dags/kaldata_dag.py
[2026-05-27T08:17:42.350+0000] {logging_mixin.py:188} INFO - [2026-05-27T08:17:42.350+0000] {dag.py:3047} INFO - Sync 1 DAGs
[2026-05-27T08:17:42.522+0000] {logging_mixin.py:188} INFO - [2026-05-27T08:17:42.521+0000] {dag.py:3834} INFO - Setting next_dagrun for kaldata_scraper to 2026-05-27 00:00:00+00:00, run_after=2026-05-28 00:00:00+00:00
[2026-05-27T08:17:42.685+0000] {processor.py:183} INFO - Processing /opt/airflow/dags/kaldata_dag.py took 0.895 seconds
[2026-05-27T08:18:13.436+0000] {processor.py:161} INFO - Started process (PID=1696) to work on /opt/airflow/dags/kaldata_dag.py
[2026-05-27T08:18:13.442+0000] {processor.py:830} INFO - Processing file /opt/airflow/dags/kaldata_dag.py for tasks to queue
[2026-05-27T08:18:13.447+0000] {logging_mixin.py:188} INFO - [2026-05-27T08:18:13.445+0000] {dagbag.py:540} INFO - Filling up the DagBag from /opt/airflow/dags/kaldata_dag.py
[2026-05-27T08:18:14.583+0000] {processor.py:840} INFO - DAG(s) 'kaldata_scraper' retrieved from /opt/airflow/dags/kaldata_dag.py
[2026-05-27T08:18:14.774+0000] {logging_mixin.py:188} INFO - [2026-05-27T08:18:14.773+0000] {dag.py:3047} INFO - Sync 1 DAGs
[2026-05-27T08:18:14.969+0000] {logging_mixin.py:188} INFO - [2026-05-27T08:18:14.969+0000] {dag.py:3834} INFO - Setting next_dagrun for kaldata_scraper to 2026-05-27 00:00:00+00:00, run_after=2026-05-28 00:00:00+00:00
[2026-05-27T08:18:15.403+0000] {processor.py:183} INFO - Processing /opt/airflow/dags/kaldata_dag.py took 2.008 seconds
[2026-05-27T08:18:46.411+0000] {processor.py:161} INFO - Started process (PID=1726) to work on /opt/airflow/dags/kaldata_dag.py
[2026-05-27T08:18:46.423+0000] {processor.py:830} INFO - Processing file /opt/airflow/dags/kaldata_dag.py for tasks to queue
[2026-05-27T08:18:46.435+0000] {logging_mixin.py:188} INFO - [2026-05-27T08:18:46.434+0000] {dagbag.py:540} INFO - Filling up the DagBag from /opt/airflow/dags/kaldata_dag.py
[2026-05-27T08:18:46.527+0000] {processor.py:840} INFO - DAG(s) 'kaldata_scraper' retrieved from /opt/airflow/dags/kaldata_dag.py
[2026-05-27T08:18:46.608+0000] {logging_mixin.py:188} INFO - [2026-05-27T08:18:46.608+0000] {dag.py:3047} INFO - Sync 1 DAGs
[2026-05-27T08:18:46.687+0000] {logging_mixin.py:188} INFO - [2026-05-27T08:18:46.687+0000] {dag.py:3834} INFO - Setting next_dagrun for kaldata_scraper to 2026-05-27 00:00:00+00:00, run_after=2026-05-28 00:00:00+00:00
[2026-05-27T08:18:46.751+0000] {processor.py:183} INFO - Processing /opt/airflow/dags/kaldata_dag.py took 0.350 seconds
[2026-05-27T08:19:17.303+0000] {processor.py:161} INFO - Started process (PID=1756) to work on /opt/airflow/dags/kaldata_dag.py
[2026-05-27T08:19:17.310+0000] {processor.py:830} INFO - Processing file /opt/airflow/dags/kaldata_dag.py for tasks to queue
[2026-05-27T08:19:17.317+0000] {logging_mixin.py:188} INFO - [2026-05-27T08:19:17.314+0000] {dagbag.py:540} INFO - Filling up the DagBag from /opt/airflow/dags/kaldata_dag.py
[2026-05-27T08:19:17.412+0000] {processor.py:840} INFO - DAG(s) 'kaldata_scraper' retrieved from /opt/airflow/dags/kaldata_dag.py
[2026-05-27T08:19:17.613+0000] {logging_mixin.py:188} INFO - [2026-05-27T08:19:17.613+0000] {dag.py:3047} INFO - Sync 1 DAGs
[2026-05-27T08:19:17.925+0000] {logging_mixin.py:188} INFO - [2026-05-27T08:19:17.924+0000] {dag.py:3834} INFO - Setting next_dagrun for kaldata_scraper to 2026-05-27 00:00:00+00:00, run_after=2026-05-28 00:00:00+00:00
[2026-05-27T08:19:18.184+0000] {processor.py:183} INFO - Processing /opt/airflow/dags/kaldata_dag.py took 0.897 seconds
[2026-05-27T08:19:49.959+0000] {processor.py:161} INFO - Started process (PID=1786) to work on /opt/airflow/dags/kaldata_dag.py
[2026-05-27T08:19:49.986+0000] {processor.py:830} INFO - Processing file /opt/airflow/dags/kaldata_dag.py for tasks to queue
[2026-05-27T08:19:49.993+0000] {logging_mixin.py:188} INFO - [2026-05-27T08:19:49.992+0000] {dagbag.py:540} INFO - Filling up the DagBag from /opt/airflow/dags/kaldata_dag.py
[2026-05-27T08:19:50.123+0000] {processor.py:840} INFO - DAG(s) 'kaldata_scraper' retrieved from /opt/airflow/dags/kaldata_dag.py
[2026-05-27T08:19:50.299+0000] {logging_mixin.py:188} INFO - [2026-05-27T08:19:50.299+0000] {dag.py:3047} INFO - Sync 1 DAGs
[2026-05-27T08:19:50.384+0000] {logging_mixin.py:188} INFO - [2026-05-27T08:19:50.383+0000] {dag.py:3834} INFO - Setting next_dagrun for kaldata_scraper to 2026-05-27 00:00:00+00:00, run_after=2026-05-28 00:00:00+00:00
[2026-05-27T08:19:50.446+0000] {processor.py:183} INFO - Processing /opt/airflow/dags/kaldata_dag.py took 0.527 seconds
[2026-05-27T08:20:20.838+0000] {processor.py:161} INFO - Started process (PID=1816) to work on /opt/airflow/dags/kaldata_dag.py
[2026-05-27T08:20:20.842+0000] {processor.py:830} INFO - Processing file /opt/airflow/dags/kaldata_dag.py for tasks to queue
[2026-05-27T08:20:20.846+0000] {logging_mixin.py:188} INFO - [2026-05-27T08:20:20.845+0000] {dagbag.py:540} INFO - Filling up the DagBag from /opt/airflow/dags/kaldata_dag.py
[2026-05-27T08:20:20.933+0000] {processor.py:840} INFO - DAG(s) 'kaldata_scraper' retrieved from /opt/airflow/dags/kaldata_dag.py
[2026-05-27T08:20:21.025+0000] {logging_mixin.py:188} INFO - [2026-05-27T08:20:21.025+0000] {dag.py:3047} INFO - Sync 1 DAGs
[2026-05-27T08:20:21.108+0000] {logging_mixin.py:188} INFO - [2026-05-27T08:20:21.107+0000] {dag.py:3834} INFO - Setting next_dagrun for kaldata_scraper to 2026-05-27 00:00:00+00:00, run_after=2026-05-28 00:00:00+00:00
[2026-05-27T08:20:21.169+0000] {processor.py:183} INFO - Processing /opt/airflow/dags/kaldata_dag.py took 0.344 seconds
[2026-05-27T08:20:52.994+0000] {processor.py:161} INFO - Started process (PID=1846) to work on /opt/airflow/dags/kaldata_dag.py
[2026-05-27T08:20:53.007+0000] {processor.py:830} INFO - Processing file /opt/airflow/dags/kaldata_dag.py for tasks to queue
[2026-05-27T08:20:53.023+0000] {logging_mixin.py:188} INFO - [2026-05-27T08:20:53.015+0000] {dagbag.py:540} INFO - Filling up the DagBag from /opt/airflow/dags/kaldata_dag.py
[2026-05-27T08:20:53.128+0000] {processor.py:840} INFO - DAG(s) 'kaldata_scraper' retrieved from /opt/airflow/dags/kaldata_dag.py
[2026-05-27T08:20:53.270+0000] {logging_mixin.py:188} INFO - [2026-05-27T08:20:53.270+0000] {dag.py:3047} INFO - Sync 1 DAGs
[2026-05-27T08:20:53.357+0000] {logging_mixin.py:188} INFO - [2026-05-27T08:20:53.353+0000] {dag.py:3834} INFO - Setting next_dagrun for kaldata_scraper to 2026-05-27 00:00:00+00:00, run_after=2026-05-28 00:00:00+00:00
[2026-05-27T08:20:53.436+0000] {processor.py:183} INFO - Processing /opt/airflow/dags/kaldata_dag.py took 0.471 seconds
[2026-05-27T08:21:23.980+0000] {processor.py:161} INFO - Started process (PID=1876) to work on /opt/airflow/dags/kaldata_dag.py
[2026-05-27T08:21:23.985+0000] {processor.py:830} INFO - Processing file /opt/airflow/dags/kaldata_dag.py for tasks to queue
[2026-05-27T08:21:23.998+0000] {logging_mixin.py:188} INFO - [2026-05-27T08:21:23.996+0000] {dagbag.py:540} INFO - Filling up the DagBag from /opt/airflow/dags/kaldata_dag.py
[2026-05-27T08:21:24.081+0000] {processor.py:840} INFO - DAG(s) 'kaldata_scraper' retrieved from /opt/airflow/dags/kaldata_dag.py
[2026-05-27T08:21:24.283+0000] {logging_mixin.py:188} INFO - [2026-05-27T08:21:24.282+0000] {dag.py:3047} INFO - Sync 1 DAGs
[2026-05-27T08:21:24.538+0000] {logging_mixin.py:188} INFO - [2026-05-27T08:21:24.537+0000] {dag.py:3834} INFO - Setting next_dagrun for kaldata_scraper to 2026-05-27 00:00:00+00:00, run_after=2026-05-28 00:00:00+00:00
[2026-05-27T08:21:24.828+0000] {processor.py:183} INFO - Processing /opt/airflow/dags/kaldata_dag.py took 0.858 seconds
[2026-05-27T08:21:55.377+0000] {processor.py:161} INFO - Started process (PID=1906) to work on /opt/airflow/dags/kaldata_dag.py
[2026-05-27T08:21:55.390+0000] {processor.py:830} INFO - Processing file /opt/airflow/dags/kaldata_dag.py for tasks to queue
[2026-05-27T08:21:55.399+0000] {logging_mixin.py:188} INFO - [2026-05-27T08:21:55.397+0000] {dagbag.py:540} INFO - Filling up the DagBag from /opt/airflow/dags/kaldata_dag.py
[2026-05-27T08:21:55.484+0000] {processor.py:840} INFO - DAG(s) 'kaldata_scraper' retrieved from /opt/airflow/dags/kaldata_dag.py
[2026-05-27T08:21:55.582+0000] {logging_mixin.py:188} INFO - [2026-05-27T08:21:55.581+0000] {dag.py:3047} INFO - Sync 1 DAGs
[2026-05-27T08:21:55.666+0000] {logging_mixin.py:188} INFO - [2026-05-27T08:21:55.665+0000] {dag.py:3834} INFO - Setting next_dagrun for kaldata_scraper to 2026-05-27 00:00:00+00:00, run_after=2026-05-28 00:00:00+00:00
[2026-05-27T08:21:55.732+0000] {processor.py:183} INFO - Processing /opt/airflow/dags/kaldata_dag.py took 0.366 seconds
[2026-05-27T08:22:26.091+0000] {processor.py:161} INFO - Started process (PID=1936) to work on /opt/airflow/dags/kaldata_dag.py
[2026-05-27T08:22:26.095+0000] {processor.py:830} INFO - Processing file /opt/airflow/dags/kaldata_dag.py for tasks to queue
[2026-05-27T08:22:26.098+0000] {logging_mixin.py:188} INFO - [2026-05-27T08:22:26.097+0000] {dagbag.py:540} INFO - Filling up the DagBag from /opt/airflow/dags/kaldata_dag.py
[2026-05-27T08:22:26.188+0000] {processor.py:840} INFO - DAG(s) 'kaldata_scraper' retrieved from /opt/airflow/dags/kaldata_dag.py
[2026-05-27T08:22:26.423+0000] {logging_mixin.py:188} INFO - [2026-05-27T08:22:26.422+0000] {dag.py:3047} INFO - Sync 1 DAGs
[2026-05-27T08:22:26.649+0000] {logging_mixin.py:188} INFO - [2026-05-27T08:22:26.648+0000] {dag.py:3834} INFO - Setting next_dagrun for kaldata_scraper to 2026-05-27 00:00:00+00:00, run_after=2026-05-28 00:00:00+00:00
[2026-05-27T08:22:26.876+0000] {processor.py:183} INFO - Processing /opt/airflow/dags/kaldata_dag.py took 0.797 seconds
[2026-05-27T08:22:57.635+0000] {processor.py:161} INFO - Started process (PID=1966) to work on /opt/airflow/dags/kaldata_dag.py
[2026-05-27T08:22:57.639+0000] {processor.py:830} INFO - Processing file /opt/airflow/dags/kaldata_dag.py for tasks to queue
[2026-05-27T08:22:57.641+0000] {logging_mixin.py:188} INFO - [2026-05-27T08:22:57.641+0000] {dagbag.py:540} INFO - Filling up the DagBag from /opt/airflow/dags/kaldata_dag.py
[2026-05-27T08:22:57.701+0000] {processor.py:840} INFO - DAG(s) 'kaldata_scraper' retrieved from /opt/airflow/dags/kaldata_dag.py
[2026-05-27T08:22:57.780+0000] {logging_mixin.py:188} INFO - [2026-05-27T08:22:57.780+0000] {dag.py:3047} INFO - Sync 1 DAGs
[2026-05-27T08:22:57.853+0000] {logging_mixin.py:188} INFO - [2026-05-27T08:22:57.853+0000] {dag.py:3834} INFO - Setting next_dagrun for kaldata_scraper to 2026-05-27 00:00:00+00:00, run_after=2026-05-28 00:00:00+00:00
[2026-05-27T08:22:57.912+0000] {processor.py:183} INFO - Processing /opt/airflow/dags/kaldata_dag.py took 0.289 seconds
[2026-05-27T08:23:28.746+0000] {processor.py:161} INFO - Started process (PID=1996) to work on /opt/airflow/dags/kaldata_dag.py
[2026-05-27T08:23:28.755+0000] {processor.py:830} INFO - Processing file /opt/airflow/dags/kaldata_dag.py for tasks to queue
[2026-05-27T08:23:28.766+0000] {logging_mixin.py:188} INFO - [2026-05-27T08:23:28.764+0000] {dagbag.py:540} INFO - Filling up the DagBag from /opt/airflow/dags/kaldata_dag.py
[2026-05-27T08:23:28.879+0000] {processor.py:840} INFO - DAG(s) 'kaldata_scraper' retrieved from /opt/airflow/dags/kaldata_dag.py
[2026-05-27T08:23:29.095+0000] {logging_mixin.py:188} INFO - [2026-05-27T08:23:29.095+0000] {dag.py:3047} INFO - Sync 1 DAGs
[2026-05-27T08:23:29.409+0000] {logging_mixin.py:188} INFO - [2026-05-27T08:23:29.408+0000] {dag.py:3834} INFO - Setting next_dagrun for kaldata_scraper to 2026-05-27 00:00:00+00:00, run_after=2026-05-28 00:00:00+00:00
[2026-05-27T08:23:29.695+0000] {processor.py:183} INFO - Processing /opt/airflow/dags/kaldata_dag.py took 0.995 seconds
[2026-05-27T08:24:00.540+0000] {processor.py:161} INFO - Started process (PID=2026) to work on /opt/airflow/dags/kaldata_dag.py
[2026-05-27T08:24:00.543+0000] {processor.py:830} INFO - Processing file /opt/airflow/dags/kaldata_dag.py for tasks to queue
[2026-05-27T08:24:00.546+0000] {logging_mixin.py:188} INFO - [2026-05-27T08:24:00.545+0000] {dagbag.py:540} INFO - Filling up the DagBag from /opt/airflow/dags/kaldata_dag.py
[2026-05-27T08:24:00.608+0000] {processor.py:840} INFO - DAG(s) 'kaldata_scraper' retrieved from /opt/airflow/dags/kaldata_dag.py
[2026-05-27T08:24:00.692+0000] {logging_mixin.py:188} INFO - [2026-05-27T08:24:00.691+0000] {dag.py:3047} INFO - Sync 1 DAGs
[2026-05-27T08:24:00.760+0000] {logging_mixin.py:188} INFO - [2026-05-27T08:24:00.759+0000] {dag.py:3834} INFO - Setting next_dagrun for kaldata_scraper to 2026-05-27 00:00:00+00:00, run_after=2026-05-28 00:00:00+00:00
[2026-05-27T08:24:00.819+0000] {processor.py:183} INFO - Processing /opt/airflow/dags/kaldata_dag.py took 0.291 seconds
[2026-05-27T08:24:31.168+0000] {processor.py:161} INFO - Started process (PID=2056) to work on /opt/airflow/dags/kaldata_dag.py
[2026-05-27T08:24:31.171+0000] {processor.py:830} INFO - Processing file /opt/airflow/dags/kaldata_dag.py for tasks to queue
[2026-05-27T08:24:31.174+0000] {logging_mixin.py:188} INFO - [2026-05-27T08:24:31.173+0000] {dagbag.py:540} INFO - Filling up the DagBag from /opt/airflow/dags/kaldata_dag.py
[2026-05-27T08:24:31.237+0000] {processor.py:840} INFO - DAG(s) 'kaldata_scraper' retrieved from /opt/airflow/dags/kaldata_dag.py
[2026-05-27T08:24:31.338+0000] {logging_mixin.py:188} INFO - [2026-05-27T08:24:31.337+0000] {dag.py:3047} INFO - Sync 1 DAGs
[2026-05-27T08:24:31.405+0000] {logging_mixin.py:188} INFO - [2026-05-27T08:24:31.405+0000] {dag.py:3834} INFO - Setting next_dagrun for kaldata_scraper to 2026-05-27 00:00:00+00:00, run_after=2026-05-28 00:00:00+00:00
[2026-05-27T08:24:31.462+0000] {processor.py:183} INFO - Processing /opt/airflow/dags/kaldata_dag.py took 0.306 seconds
[2026-05-27T08:25:02.251+0000] {processor.py:161} INFO - Started process (PID=2086) to work on /opt/airflow/dags/kaldata_dag.py
[2026-05-27T08:25:02.266+0000] {processor.py:830} INFO - Processing file /opt/airflow/dags/kaldata_dag.py for tasks to queue
[2026-05-27T08:25:02.277+0000] {logging_mixin.py:188} INFO - [2026-05-27T08:25:02.276+0000] {dagbag.py:540} INFO - Filling up the DagBag from /opt/airflow/dags/kaldata_dag.py
[2026-05-27T08:25:02.608+0000] {processor.py:840} INFO - DAG(s) 'kaldata_scraper' retrieved from /opt/airflow/dags/kaldata_dag.py
[2026-05-27T08:25:02.755+0000] {logging_mixin.py:188} INFO - [2026-05-27T08:25:02.754+0000] {dag.py:3047} INFO - Sync 1 DAGs
[2026-05-27T08:25:02.855+0000] {logging_mixin.py:188} INFO - [2026-05-27T08:25:02.855+0000] {dag.py:3834} INFO - Setting next_dagrun for kaldata_scraper to 2026-05-27 00:00:00+00:00, run_after=2026-05-28 00:00:00+00:00
[2026-05-27T08:25:02.926+0000] {processor.py:183} INFO - Processing /opt/airflow/dags/kaldata_dag.py took 0.707 seconds
[2026-05-27T08:25:33.884+0000] {processor.py:161} INFO - Started process (PID=2116) to work on /opt/airflow/dags/kaldata_dag.py
[2026-05-27T08:25:33.891+0000] {processor.py:830} INFO - Processing file /opt/airflow/dags/kaldata_dag.py for tasks to queue
[2026-05-27T08:25:33.902+0000] {logging_mixin.py:188} INFO - [2026-05-27T08:25:33.901+0000] {dagbag.py:540} INFO - Filling up the DagBag from /opt/airflow/dags/kaldata_dag.py
[2026-05-27T08:25:34.051+0000] {processor.py:840} INFO - DAG(s) 'kaldata_scraper' retrieved from /opt/airflow/dags/kaldata_dag.py
[2026-05-27T08:25:34.215+0000] {logging_mixin.py:188} INFO - [2026-05-27T08:25:34.210+0000] {dag.py:3047} INFO - Sync 1 DAGs
[2026-05-27T08:25:34.387+0000] {logging_mixin.py:188} INFO - [2026-05-27T08:25:34.385+0000] {dag.py:3834} INFO - Setting next_dagrun for kaldata_scraper to 2026-05-27 00:00:00+00:00, run_after=2026-05-28 00:00:00+00:00
[2026-05-27T08:25:34.515+0000] {processor.py:183} INFO - Processing /opt/airflow/dags/kaldata_dag.py took 0.686 seconds
[2026-05-27T08:26:05.459+0000] {processor.py:161} INFO - Started process (PID=2146) to work on /opt/airflow/dags/kaldata_dag.py
[2026-05-27T08:26:05.466+0000] {processor.py:830} INFO - Processing file /opt/airflow/dags/kaldata_dag.py for tasks to queue
[2026-05-27T08:26:05.469+0000] {logging_mixin.py:188} INFO - [2026-05-27T08:26:05.468+0000] {dagbag.py:540} INFO - Filling up the DagBag from /opt/airflow/dags/kaldata_dag.py
[2026-05-27T08:26:05.571+0000] {processor.py:840} INFO - DAG(s) 'kaldata_scraper' retrieved from /opt/airflow/dags/kaldata_dag.py
[2026-05-27T08:26:05.695+0000] {logging_mixin.py:188} INFO - [2026-05-27T08:26:05.693+0000] {dag.py:3047} INFO - Sync 1 DAGs
[2026-05-27T08:26:05.832+0000] {logging_mixin.py:188} INFO - [2026-05-27T08:26:05.831+0000] {dag.py:3834} INFO - Setting next_dagrun for kaldata_scraper to 2026-05-27 00:00:00+00:00, run_after=2026-05-28 00:00:00+00:00
[2026-05-27T08:26:05.959+0000] {processor.py:183} INFO - Processing /opt/airflow/dags/kaldata_dag.py took 0.511 seconds
[2026-05-27T08:26:37.543+0000] {processor.py:161} INFO - Started process (PID=2176) to work on /opt/airflow/dags/kaldata_dag.py
[2026-05-27T08:26:37.573+0000] {processor.py:830} INFO - Processing file /opt/airflow/dags/kaldata_dag.py for tasks to queue
[2026-05-27T08:26:37.582+0000] {logging_mixin.py:188} INFO - [2026-05-27T08:26:37.580+0000] {dagbag.py:540} INFO - Filling up the DagBag from /opt/airflow/dags/kaldata_dag.py
[2026-05-27T08:26:38.899+0000] {processor.py:840} INFO - DAG(s) 'kaldata_scraper' retrieved from /opt/airflow/dags/kaldata_dag.py
[2026-05-27T08:26:39.153+0000] {logging_mixin.py:188} INFO - [2026-05-27T08:26:39.152+0000] {dag.py:3047} INFO - Sync 1 DAGs
[2026-05-27T08:26:39.350+0000] {logging_mixin.py:188} INFO - [2026-05-27T08:26:39.340+0000] {dag.py:3834} INFO - Setting next_dagrun for kaldata_scraper to 2026-05-27 00:00:00+00:00, run_after=2026-05-28 00:00:00+00:00
[2026-05-27T08:26:39.789+0000] {processor.py:183} INFO - Processing /opt/airflow/dags/kaldata_dag.py took 2.271 seconds
[2026-05-27T08:27:24.482+0000] {processor.py:161} INFO - Started process (PID=2206) to work on /opt/airflow/dags/kaldata_dag.py
[2026-05-27T08:27:24.541+0000] {processor.py:830} INFO - Processing file /opt/airflow/dags/kaldata_dag.py for tasks to queue
[2026-05-27T08:27:24.659+0000] {logging_mixin.py:188} INFO - [2026-05-27T08:27:24.658+0000] {dagbag.py:540} INFO - Filling up the DagBag from /opt/airflow/dags/kaldata_dag.py
[2026-05-27T08:27:27.480+0000] {processor.py:840} INFO - DAG(s) 'kaldata_scraper' retrieved from /opt/airflow/dags/kaldata_dag.py
[2026-05-27T08:27:27.650+0000] {logging_mixin.py:188} INFO - [2026-05-27T08:27:27.650+0000] {dag.py:3047} INFO - Sync 1 DAGs
[2026-05-27T08:27:27.943+0000] {logging_mixin.py:188} INFO - [2026-05-27T08:27:27.932+0000] {dag.py:3834} INFO - Setting next_dagrun for kaldata_scraper to 2026-05-27 00:00:00+00:00, run_after=2026-05-28 00:00:00+00:00
[2026-05-27T08:27:28.291+0000] {processor.py:183} INFO - Processing /opt/airflow/dags/kaldata_dag.py took 3.829 seconds
[2026-05-27T08:28:01.184+0000] {processor.py:161} INFO - Started process (PID=2236) to work on /opt/airflow/dags/kaldata_dag.py
[2026-05-27T08:28:01.231+0000] {processor.py:830} INFO - Processing file /opt/airflow/dags/kaldata_dag.py for tasks to queue
[2026-05-27T08:28:01.273+0000] {logging_mixin.py:188} INFO - [2026-05-27T08:28:01.272+0000] {dagbag.py:540} INFO - Filling up the DagBag from /opt/airflow/dags/kaldata_dag.py
[2026-05-27T08:28:02.444+0000] {processor.py:840} INFO - DAG(s) 'kaldata_scraper' retrieved from /opt/airflow/dags/kaldata_dag.py
[2026-05-27T08:28:02.886+0000] {logging_mixin.py:188} INFO - [2026-05-27T08:28:02.885+0000] {dag.py:3047} INFO - Sync 1 DAGs
[2026-05-27T08:28:03.591+0000] {logging_mixin.py:188} INFO - [2026-05-27T08:28:03.590+0000] {dag.py:3834} INFO - Setting next_dagrun for kaldata_scraper to 2026-05-27 00:00:00+00:00, run_after=2026-05-28 00:00:00+00:00
[2026-05-27T08:28:04.268+0000] {processor.py:183} INFO - Processing /opt/airflow/dags/kaldata_dag.py took 3.104 seconds
[2026-05-27T08:28:39.273+0000] {processor.py:161} INFO - Started process (PID=2266) to work on /opt/airflow/dags/kaldata_dag.py
[2026-05-27T08:28:39.305+0000] {processor.py:830} INFO - Processing file /opt/airflow/dags/kaldata_dag.py for tasks to queue
[2026-05-27T08:28:39.330+0000] {logging_mixin.py:188} INFO - [2026-05-27T08:28:39.329+0000] {dagbag.py:540} INFO - Filling up the DagBag from /opt/airflow/dags/kaldata_dag.py
[2026-05-27T08:28:40.026+0000] {processor.py:840} INFO - DAG(s) 'kaldata_scraper' retrieved from /opt/airflow/dags/kaldata_dag.py
[2026-05-27T08:28:40.222+0000] {logging_mixin.py:188} INFO - [2026-05-27T08:28:40.221+0000] {dag.py:3047} INFO - Sync 1 DAGs
[2026-05-27T08:28:40.450+0000] {logging_mixin.py:188} INFO - [2026-05-27T08:28:40.449+0000] {dag.py:3834} INFO - Setting next_dagrun for kaldata_scraper to 2026-05-27 00:00:00+00:00, run_after=2026-05-28 00:00:00+00:00
[2026-05-27T08:28:40.734+0000] {processor.py:183} INFO - Processing /opt/airflow/dags/kaldata_dag.py took 1.471 seconds
[2026-05-27T08:29:12.064+0000] {processor.py:161} INFO - Started process (PID=2296) to work on /opt/airflow/dags/kaldata_dag.py
[2026-05-27T08:29:12.091+0000] {processor.py:830} INFO - Processing file /opt/airflow/dags/kaldata_dag.py for tasks to queue
[2026-05-27T08:29:12.100+0000] {logging_mixin.py:188} INFO - [2026-05-27T08:29:12.094+0000] {dagbag.py:540} INFO - Filling up the DagBag from /opt/airflow/dags/kaldata_dag.py
[2026-05-27T08:29:12.308+0000] {processor.py:840} INFO - DAG(s) 'kaldata_scraper' retrieved from /opt/airflow/dags/kaldata_dag.py
[2026-05-27T08:29:12.509+0000] {logging_mixin.py:188} INFO - [2026-05-27T08:29:12.508+0000] {dag.py:3047} INFO - Sync 1 DAGs
[2026-05-27T08:29:13.041+0000] {logging_mixin.py:188} INFO - [2026-05-27T08:29:12.995+0000] {dag.py:3834} INFO - Setting next_dagrun for kaldata_scraper to 2026-05-27 00:00:00+00:00, run_after=2026-05-28 00:00:00+00:00
[2026-05-27T08:29:13.588+0000] {processor.py:183} INFO - Processing /opt/airflow/dags/kaldata_dag.py took 1.609 seconds
[2026-05-27T08:29:45.037+0000] {processor.py:161} INFO - Started process (PID=2326) to work on /opt/airflow/dags/kaldata_dag.py
[2026-05-27T08:29:45.048+0000] {processor.py:830} INFO - Processing file /opt/airflow/dags/kaldata_dag.py for tasks to queue
[2026-05-27T08:29:45.060+0000] {logging_mixin.py:188} INFO - [2026-05-27T08:29:45.058+0000] {dagbag.py:540} INFO - Filling up the DagBag from /opt/airflow/dags/kaldata_dag.py
[2026-05-27T08:29:45.320+0000] {processor.py:840} INFO - DAG(s) 'kaldata_scraper' retrieved from /opt/airflow/dags/kaldata_dag.py
[2026-05-27T08:29:45.974+0000] {logging_mixin.py:188} INFO - [2026-05-27T08:29:45.932+0000] {dag.py:3047} INFO - Sync 1 DAGs
[2026-05-27T08:29:46.530+0000] {logging_mixin.py:188} INFO - [2026-05-27T08:29:46.527+0000] {dag.py:3834} INFO - Setting next_dagrun for kaldata_scraper to 2026-05-27 00:00:00+00:00, run_after=2026-05-28 00:00:00+00:00
[2026-05-27T08:29:46.797+0000] {processor.py:183} INFO - Processing /opt/airflow/dags/kaldata_dag.py took 1.824 seconds
[2026-05-27T08:30:18.649+0000] {processor.py:161} INFO - Started process (PID=2356) to work on /opt/airflow/dags/kaldata_dag.py
[2026-05-27T08:30:18.655+0000] {processor.py:830} INFO - Processing file /opt/airflow/dags/kaldata_dag.py for tasks to queue
[2026-05-27T08:30:18.674+0000] {logging_mixin.py:188} INFO - [2026-05-27T08:30:18.673+0000] {dagbag.py:540} INFO - Filling up the DagBag from /opt/airflow/dags/kaldata_dag.py
[2026-05-27T08:30:18.785+0000] {processor.py:840} INFO - DAG(s) 'kaldata_scraper' retrieved from /opt/airflow/dags/kaldata_dag.py
[2026-05-27T08:30:19.023+0000] {logging_mixin.py:188} INFO - [2026-05-27T08:30:19.022+0000] {dag.py:3047} INFO - Sync 1 DAGs
[2026-05-27T08:30:19.345+0000] {logging_mixin.py:188} INFO - [2026-05-27T08:30:19.344+0000] {dag.py:3834} INFO - Setting next_dagrun for kaldata_scraper to 2026-05-27 00:00:00+00:00, run_after=2026-05-28 00:00:00+00:00
[2026-05-27T08:30:19.599+0000] {processor.py:183} INFO - Processing /opt/airflow/dags/kaldata_dag.py took 0.984 seconds
[2026-05-27T08:30:50.468+0000] {processor.py:161} INFO - Started process (PID=2386) to work on /opt/airflow/dags/kaldata_dag.py
[2026-05-27T08:30:50.472+0000] {processor.py:830} INFO - Processing file /opt/airflow/dags/kaldata_dag.py for tasks to queue
[2026-05-27T08:30:50.478+0000] {logging_mixin.py:188} INFO - [2026-05-27T08:30:50.477+0000] {dagbag.py:540} INFO - Filling up the DagBag from /opt/airflow/dags/kaldata_dag.py
[2026-05-27T08:30:50.561+0000] {processor.py:840} INFO - DAG(s) 'kaldata_scraper' retrieved from /opt/airflow/dags/kaldata_dag.py
[2026-05-27T08:30:50.654+0000] {logging_mixin.py:188} INFO - [2026-05-27T08:30:50.654+0000] {dag.py:3047} INFO - Sync 1 DAGs
[2026-05-27T08:30:50.740+0000] {logging_mixin.py:188} INFO - [2026-05-27T08:30:50.739+0000] {dag.py:3834} INFO - Setting next_dagrun for kaldata_scraper to 2026-05-27 00:00:00+00:00, run_after=2026-05-28 00:00:00+00:00
[2026-05-27T08:30:50.844+0000] {processor.py:183} INFO - Processing /opt/airflow/dags/kaldata_dag.py took 0.391 seconds
[2026-05-27T08:31:21.875+0000] {processor.py:161} INFO - Started process (PID=2416) to work on /opt/airflow/dags/kaldata_dag.py
[2026-05-27T08:31:21.880+0000] {processor.py:830} INFO - Processing file /opt/airflow/dags/kaldata_dag.py for tasks to queue
[2026-05-27T08:31:21.892+0000] {logging_mixin.py:188} INFO - [2026-05-27T08:31:21.883+0000] {dagbag.py:540} INFO - Filling up the DagBag from /opt/airflow/dags/kaldata_dag.py
[2026-05-27T08:31:21.965+0000] {processor.py:840} INFO - DAG(s) 'kaldata_scraper' retrieved from /opt/airflow/dags/kaldata_dag.py
[2026-05-27T08:31:22.996+0000] {logging_mixin.py:188} INFO - [2026-05-27T08:31:22.995+0000] {dag.py:3047} INFO - Sync 1 DAGs
[2026-05-27T08:31:23.255+0000] {logging_mixin.py:188} INFO - [2026-05-27T08:31:23.254+0000] {dag.py:3834} INFO - Setting next_dagrun for kaldata_scraper to 2026-05-27 00:00:00+00:00, run_after=2026-05-28 00:00:00+00:00
[2026-05-27T08:31:23.471+0000] {processor.py:183} INFO - Processing /opt/airflow/dags/kaldata_dag.py took 1.616 seconds
[2026-05-27T08:31:53.811+0000] {processor.py:161} INFO - Started process (PID=2446) to work on /opt/airflow/dags/kaldata_dag.py
[2026-05-27T08:31:53.816+0000] {processor.py:830} INFO - Processing file /opt/airflow/dags/kaldata_dag.py for tasks to queue
[2026-05-27T08:31:53.824+0000] {logging_mixin.py:188} INFO - [2026-05-27T08:31:53.823+0000] {dagbag.py:540} INFO - Filling up the DagBag from /opt/airflow/dags/kaldata_dag.py
[2026-05-27T08:31:53.988+0000] {processor.py:840} INFO - DAG(s) 'kaldata_scraper' retrieved from /opt/airflow/dags/kaldata_dag.py
[2026-05-27T08:31:54.110+0000] {logging_mixin.py:188} INFO - [2026-05-27T08:31:54.110+0000] {dag.py:3047} INFO - Sync 1 DAGs
[2026-05-27T08:31:54.183+0000] {logging_mixin.py:188} INFO - [2026-05-27T08:31:54.182+0000] {dag.py:3834} INFO - Setting next_dagrun for kaldata_scraper to 2026-05-27 00:00:00+00:00, run_after=2026-05-28 00:00:00+00:00
[2026-05-27T08:31:54.239+0000] {processor.py:183} INFO - Processing /opt/airflow/dags/kaldata_dag.py took 0.442 seconds
[2026-05-27T08:32:25.007+0000] {processor.py:161} INFO - Started process (PID=2476) to work on /opt/airflow/dags/kaldata_dag.py
[2026-05-27T08:32:25.010+0000] {processor.py:830} INFO - Processing file /opt/airflow/dags/kaldata_dag.py for tasks to queue
[2026-05-27T08:32:25.019+0000] {logging_mixin.py:188} INFO - [2026-05-27T08:32:25.018+0000] {dagbag.py:540} INFO - Filling up the DagBag from /opt/airflow/dags/kaldata_dag.py
[2026-05-27T08:32:25.096+0000] {processor.py:840} INFO - DAG(s) 'kaldata_scraper' retrieved from /opt/airflow/dags/kaldata_dag.py
[2026-05-27T08:32:25.184+0000] {logging_mixin.py:188} INFO - [2026-05-27T08:32:25.183+0000] {dag.py:3047} INFO - Sync 1 DAGs
[2026-05-27T08:32:25.258+0000] {logging_mixin.py:188} INFO - [2026-05-27T08:32:25.257+0000] {dag.py:3834} INFO - Setting next_dagrun for kaldata_scraper to 2026-05-27 00:00:00+00:00, run_after=2026-05-28 00:00:00+00:00
[2026-05-27T08:32:25.326+0000] {processor.py:183} INFO - Processing /opt/airflow/dags/kaldata_dag.py took 0.331 seconds
[2026-05-27T08:32:55.929+0000] {processor.py:161} INFO - Started process (PID=2506) to work on /opt/airflow/dags/kaldata_dag.py
[2026-05-27T08:32:55.932+0000] {processor.py:830} INFO - Processing file /opt/airflow/dags/kaldata_dag.py for tasks to queue
[2026-05-27T08:32:55.935+0000] {logging_mixin.py:188} INFO - [2026-05-27T08:32:55.935+0000] {dagbag.py:540} INFO - Filling up the DagBag from /opt/airflow/dags/kaldata_dag.py
[2026-05-27T08:32:55.992+0000] {processor.py:840} INFO - DAG(s) 'kaldata_scraper' retrieved from /opt/airflow/dags/kaldata_dag.py
[2026-05-27T08:32:56.066+0000] {logging_mixin.py:188} INFO - [2026-05-27T08:32:56.065+0000] {dag.py:3047} INFO - Sync 1 DAGs
[2026-05-27T08:32:56.134+0000] {logging_mixin.py:188} INFO - [2026-05-27T08:32:56.134+0000] {dag.py:3834} INFO - Setting next_dagrun for kaldata_scraper to 2026-05-27 00:00:00+00:00, run_after=2026-05-28 00:00:00+00:00
[2026-05-27T08:32:56.186+0000] {processor.py:183} INFO - Processing /opt/airflow/dags/kaldata_dag.py took 0.268 seconds
[2026-05-27T08:33:26.694+0000] {processor.py:161} INFO - Started process (PID=2536) to work on /opt/airflow/dags/kaldata_dag.py
[2026-05-27T08:33:26.697+0000] {processor.py:830} INFO - Processing file /opt/airflow/dags/kaldata_dag.py for tasks to queue
[2026-05-27T08:33:26.700+0000] {logging_mixin.py:188} INFO - [2026-05-27T08:33:26.699+0000] {dagbag.py:540} INFO - Filling up the DagBag from /opt/airflow/dags/kaldata_dag.py
[2026-05-27T08:33:26.761+0000] {processor.py:840} INFO - DAG(s) 'kaldata_scraper' retrieved from /opt/airflow/dags/kaldata_dag.py
[2026-05-27T08:33:26.851+0000] {logging_mixin.py:188} INFO - [2026-05-27T08:33:26.850+0000] {dag.py:3047} INFO - Sync 1 DAGs
[2026-05-27T08:33:26.947+0000] {logging_mixin.py:188} INFO - [2026-05-27T08:33:26.947+0000] {dag.py:3834} INFO - Setting next_dagrun for kaldata_scraper to 2026-05-27 00:00:00+00:00, run_after=2026-05-28 00:00:00+00:00
[2026-05-27T08:33:27.036+0000] {processor.py:183} INFO - Processing /opt/airflow/dags/kaldata_dag.py took 0.353 seconds
[2026-05-27T08:33:58.739+0000] {processor.py:161} INFO - Started process (PID=2566) to work on /opt/airflow/dags/kaldata_dag.py
[2026-05-27T08:33:58.753+0000] {processor.py:830} INFO - Processing file /opt/airflow/dags/kaldata_dag.py for tasks to queue
[2026-05-27T08:33:58.759+0000] {logging_mixin.py:188} INFO - [2026-05-27T08:33:58.757+0000] {dagbag.py:540} INFO - Filling up the DagBag from /opt/airflow/dags/kaldata_dag.py
[2026-05-27T08:33:58.880+0000] {processor.py:840} INFO - DAG(s) 'kaldata_scraper' retrieved from /opt/airflow/dags/kaldata_dag.py
[2026-05-27T08:33:59.013+0000] {logging_mixin.py:188} INFO - [2026-05-27T08:33:59.012+0000] {dag.py:3047} INFO - Sync 1 DAGs
[2026-05-27T08:33:59.093+0000] {logging_mixin.py:188} INFO - [2026-05-27T08:33:59.092+0000] {dag.py:3834} INFO - Setting next_dagrun for kaldata_scraper to 2026-05-27 00:00:00+00:00, run_after=2026-05-28 00:00:00+00:00
[2026-05-27T08:33:59.175+0000] {processor.py:183} INFO - Processing /opt/airflow/dags/kaldata_dag.py took 0.477 seconds
[2026-05-27T08:34:29.995+0000] {processor.py:161} INFO - Started process (PID=2601) to work on /opt/airflow/dags/kaldata_dag.py
[2026-05-27T08:34:30.014+0000] {processor.py:830} INFO - Processing file /opt/airflow/dags/kaldata_dag.py for tasks to queue
[2026-05-27T08:34:30.022+0000] {logging_mixin.py:188} INFO - [2026-05-27T08:34:30.021+0000] {dagbag.py:540} INFO - Filling up the DagBag from /opt/airflow/dags/kaldata_dag.py
[2026-05-27T08:34:31.339+0000] {processor.py:840} INFO - DAG(s) 'kaldata_scraper' retrieved from /opt/airflow/dags/kaldata_dag.py
[2026-05-27T08:34:31.433+0000] {logging_mixin.py:188} INFO - [2026-05-27T08:34:31.432+0000] {dag.py:3047} INFO - Sync 1 DAGs
[2026-05-27T08:34:31.548+0000] {logging_mixin.py:188} INFO - [2026-05-27T08:34:31.546+0000] {dag.py:3834} INFO - Setting next_dagrun for kaldata_scraper to 2026-05-27 00:00:00+00:00, run_after=2026-05-28 00:00:00+00:00
[2026-05-27T08:34:31.631+0000] {processor.py:183} INFO - Processing /opt/airflow/dags/kaldata_dag.py took 1.656 seconds
[2026-05-27T08:35:02.200+0000] {processor.py:161} INFO - Started process (PID=2631) to work on /opt/airflow/dags/kaldata_dag.py
[2026-05-27T08:35:02.204+0000] {processor.py:830} INFO - Processing file /opt/airflow/dags/kaldata_dag.py for tasks to queue
[2026-05-27T08:35:02.208+0000] {logging_mixin.py:188} INFO - [2026-05-27T08:35:02.206+0000] {dagbag.py:540} INFO - Filling up the DagBag from /opt/airflow/dags/kaldata_dag.py
[2026-05-27T08:35:02.275+0000] {processor.py:840} INFO - DAG(s) 'kaldata_scraper' retrieved from /opt/airflow/dags/kaldata_dag.py
[2026-05-27T08:35:02.361+0000] {logging_mixin.py:188} INFO - [2026-05-27T08:35:02.359+0000] {dag.py:3047} INFO - Sync 1 DAGs
[2026-05-27T08:35:02.430+0000] {logging_mixin.py:188} INFO - [2026-05-27T08:35:02.429+0000] {dag.py:3834} INFO - Setting next_dagrun for kaldata_scraper to 2026-05-27 00:00:00+00:00, run_after=2026-05-28 00:00:00+00:00
[2026-05-27T08:35:02.487+0000] {processor.py:183} INFO - Processing /opt/airflow/dags/kaldata_dag.py took 0.303 seconds
[2026-05-27T08:35:32.785+0000] {processor.py:161} INFO - Started process (PID=2661) to work on /opt/airflow/dags/kaldata_dag.py
[2026-05-27T08:35:32.799+0000] {processor.py:830} INFO - Processing file /opt/airflow/dags/kaldata_dag.py for tasks to queue
[2026-05-27T08:35:32.807+0000] {logging_mixin.py:188} INFO - [2026-05-27T08:35:32.805+0000] {dagbag.py:540} INFO - Filling up the DagBag from /opt/airflow/dags/kaldata_dag.py
[2026-05-27T08:35:33.126+0000] {processor.py:840} INFO - DAG(s) 'kaldata_scraper' retrieved from /opt/airflow/dags/kaldata_dag.py
[2026-05-27T08:35:33.323+0000] {logging_mixin.py:188} INFO - [2026-05-27T08:35:33.322+0000] {dag.py:3047} INFO - Sync 1 DAGs
[2026-05-27T08:35:33.626+0000] {logging_mixin.py:188} INFO - [2026-05-27T08:35:33.626+0000] {dag.py:3834} INFO - Setting next_dagrun for kaldata_scraper to 2026-05-27 00:00:00+00:00, run_after=2026-05-28 00:00:00+00:00
[2026-05-27T08:35:34.058+0000] {processor.py:183} INFO - Processing /opt/airflow/dags/kaldata_dag.py took 1.290 seconds
[2026-05-27T08:36:04.735+0000] {processor.py:161} INFO - Started process (PID=2691) to work on /opt/airflow/dags/kaldata_dag.py
[2026-05-27T08:36:04.756+0000] {processor.py:830} INFO - Processing file /opt/airflow/dags/kaldata_dag.py for tasks to queue
[2026-05-27T08:36:04.773+0000] {logging_mixin.py:188} INFO - [2026-05-27T08:36:04.772+0000] {dagbag.py:540} INFO - Filling up the DagBag from /opt/airflow/dags/kaldata_dag.py
[2026-05-27T08:36:05.203+0000] {processor.py:840} INFO - DAG(s) 'kaldata_scraper' retrieved from /opt/airflow/dags/kaldata_dag.py
[2026-05-27T08:36:05.464+0000] {logging_mixin.py:188} INFO - [2026-05-27T08:36:05.464+0000] {dag.py:3047} INFO - Sync 1 DAGs
[2026-05-27T08:36:05.668+0000] {logging_mixin.py:188} INFO - [2026-05-27T08:36:05.667+0000] {dag.py:3834} INFO - Setting next_dagrun for kaldata_scraper to 2026-05-27 00:00:00+00:00, run_after=2026-05-28 00:00:00+00:00
[2026-05-27T08:36:05.763+0000] {processor.py:183} INFO - Processing /opt/airflow/dags/kaldata_dag.py took 1.049 seconds
[2026-05-27T08:36:36.039+0000] {processor.py:161} INFO - Started process (PID=2721) to work on /opt/airflow/dags/kaldata_dag.py
[2026-05-27T08:36:36.043+0000] {processor.py:830} INFO - Processing file /opt/airflow/dags/kaldata_dag.py for tasks to queue
[2026-05-27T08:36:36.046+0000] {logging_mixin.py:188} INFO - [2026-05-27T08:36:36.045+0000] {dagbag.py:540} INFO - Filling up the DagBag from /opt/airflow/dags/kaldata_dag.py
[2026-05-27T08:36:36.132+0000] {processor.py:840} INFO - DAG(s) 'kaldata_scraper' retrieved from /opt/airflow/dags/kaldata_dag.py
[2026-05-27T08:36:36.221+0000] {logging_mixin.py:188} INFO - [2026-05-27T08:36:36.220+0000] {dag.py:3047} INFO - Sync 1 DAGs
[2026-05-27T08:36:36.306+0000] {logging_mixin.py:188} INFO - [2026-05-27T08:36:36.306+0000] {dag.py:3834} INFO - Setting next_dagrun for kaldata_scraper to 2026-05-27 00:00:00+00:00, run_after=2026-05-28 00:00:00+00:00
[2026-05-27T08:36:36.378+0000] {processor.py:183} INFO - Processing /opt/airflow/dags/kaldata_dag.py took 0.355 seconds
[2026-05-27T08:37:07.460+0000] {processor.py:161} INFO - Started process (PID=2751) to work on /opt/airflow/dags/kaldata_dag.py
[2026-05-27T08:37:07.465+0000] {processor.py:830} INFO - Processing file /opt/airflow/dags/kaldata_dag.py for tasks to queue
[2026-05-27T08:37:07.470+0000] {logging_mixin.py:188} INFO - [2026-05-27T08:37:07.469+0000] {dagbag.py:540} INFO - Filling up the DagBag from /opt/airflow/dags/kaldata_dag.py
[2026-05-27T08:37:07.555+0000] {processor.py:840} INFO - DAG(s) 'kaldata_scraper' retrieved from /opt/airflow/dags/kaldata_dag.py
[2026-05-27T08:37:07.662+0000] {logging_mixin.py:188} INFO - [2026-05-27T08:37:07.662+0000] {dag.py:3047} INFO - Sync 1 DAGs
[2026-05-27T08:37:07.742+0000] {logging_mixin.py:188} INFO - [2026-05-27T08:37:07.742+0000] {dag.py:3834} INFO - Setting next_dagrun for kaldata_scraper to 2026-05-27 00:00:00+00:00, run_after=2026-05-28 00:00:00+00:00
[2026-05-27T08:37:07.815+0000] {processor.py:183} INFO - Processing /opt/airflow/dags/kaldata_dag.py took 0.369 seconds
[2026-05-27T08:37:38.925+0000] {processor.py:161} INFO - Started process (PID=2781) to work on /opt/airflow/dags/kaldata_dag.py
[2026-05-27T08:37:38.929+0000] {processor.py:830} INFO - Processing file /opt/airflow/dags/kaldata_dag.py for tasks to queue
[2026-05-27T08:37:38.937+0000] {logging_mixin.py:188} INFO - [2026-05-27T08:37:38.933+0000] {dagbag.py:540} INFO - Filling up the DagBag from /opt/airflow/dags/kaldata_dag.py
[2026-05-27T08:37:39.016+0000] {processor.py:840} INFO - DAG(s) 'kaldata_scraper' retrieved from /opt/airflow/dags/kaldata_dag.py
[2026-05-27T08:37:39.091+0000] {logging_mixin.py:188} INFO - [2026-05-27T08:37:39.091+0000] {dag.py:3047} INFO - Sync 1 DAGs
[2026-05-27T08:37:39.176+0000] {logging_mixin.py:188} INFO - [2026-05-27T08:37:39.175+0000] {dag.py:3834} INFO - Setting next_dagrun for kaldata_scraper to 2026-05-27 00:00:00+00:00, run_after=2026-05-28 00:00:00+00:00
[2026-05-27T08:37:39.256+0000] {processor.py:183} INFO - Processing /opt/airflow/dags/kaldata_dag.py took 0.347 seconds
[2026-05-27T08:38:09.928+0000] {processor.py:161} INFO - Started process (PID=2811) to work on /opt/airflow/dags/kaldata_dag.py
[2026-05-27T08:38:09.932+0000] {processor.py:830} INFO - Processing file /opt/airflow/dags/kaldata_dag.py for tasks to queue
[2026-05-27T08:38:09.939+0000] {logging_mixin.py:188} INFO - [2026-05-27T08:38:09.938+0000] {dagbag.py:540} INFO - Filling up the DagBag from /opt/airflow/dags/kaldata_dag.py
[2026-05-27T08:38:10.028+0000] {processor.py:840} INFO - DAG(s) 'kaldata_scraper' retrieved from /opt/airflow/dags/kaldata_dag.py
[2026-05-27T08:38:10.139+0000] {logging_mixin.py:188} INFO - [2026-05-27T08:38:10.138+0000] {dag.py:3047} INFO - Sync 1 DAGs
[2026-05-27T08:38:10.232+0000] {logging_mixin.py:188} INFO - [2026-05-27T08:38:10.231+0000] {dag.py:3834} INFO - Setting next_dagrun for kaldata_scraper to 2026-05-27 00:00:00+00:00, run_after=2026-05-28 00:00:00+00:00
[2026-05-27T08:38:10.308+0000] {processor.py:183} INFO - Processing /opt/airflow/dags/kaldata_dag.py took 0.396 seconds
[2026-05-27T08:38:41.118+0000] {processor.py:161} INFO - Started process (PID=2841) to work on /opt/airflow/dags/kaldata_dag.py
[2026-05-27T08:38:41.122+0000] {processor.py:830} INFO - Processing file /opt/airflow/dags/kaldata_dag.py for tasks to queue
[2026-05-27T08:38:41.126+0000] {logging_mixin.py:188} INFO - [2026-05-27T08:38:41.125+0000] {dagbag.py:540} INFO - Filling up the DagBag from /opt/airflow/dags/kaldata_dag.py
[2026-05-27T08:38:41.211+0000] {processor.py:840} INFO - DAG(s) 'kaldata_scraper' retrieved from /opt/airflow/dags/kaldata_dag.py
[2026-05-27T08:38:41.318+0000] {logging_mixin.py:188} INFO - [2026-05-27T08:38:41.318+0000] {dag.py:3047} INFO - Sync 1 DAGs
[2026-05-27T08:38:41.406+0000] {logging_mixin.py:188} INFO - [2026-05-27T08:38:41.405+0000] {dag.py:3834} INFO - Setting next_dagrun for kaldata_scraper to 2026-05-27 00:00:00+00:00, run_after=2026-05-28 00:00:00+00:00
[2026-05-27T08:38:41.502+0000] {processor.py:183} INFO - Processing /opt/airflow/dags/kaldata_dag.py took 0.400 seconds
[2026-05-27T08:39:12.032+0000] {processor.py:161} INFO - Started process (PID=2871) to work on /opt/airflow/dags/kaldata_dag.py
[2026-05-27T08:39:12.037+0000] {processor.py:830} INFO - Processing file /opt/airflow/dags/kaldata_dag.py for tasks to queue
[2026-05-27T08:39:12.042+0000] {logging_mixin.py:188} INFO - [2026-05-27T08:39:12.041+0000] {dagbag.py:540} INFO - Filling up the DagBag from /opt/airflow/dags/kaldata_dag.py
[2026-05-27T08:39:12.128+0000] {processor.py:840} INFO - DAG(s) 'kaldata_scraper' retrieved from /opt/airflow/dags/kaldata_dag.py
[2026-05-27T08:39:12.215+0000] {logging_mixin.py:188} INFO - [2026-05-27T08:39:12.214+0000] {dag.py:3047} INFO - Sync 1 DAGs
[2026-05-27T08:39:12.353+0000] {logging_mixin.py:188} INFO - [2026-05-27T08:39:12.352+0000] {dag.py:3834} INFO - Setting next_dagrun for kaldata_scraper to 2026-05-27 00:00:00+00:00, run_after=2026-05-28 00:00:00+00:00
[2026-05-27T08:39:12.438+0000] {processor.py:183} INFO - Processing /opt/airflow/dags/kaldata_dag.py took 0.419 seconds
[2026-05-27T08:39:44.023+0000] {processor.py:161} INFO - Started process (PID=2901) to work on /opt/airflow/dags/kaldata_dag.py
[2026-05-27T08:39:44.045+0000] {processor.py:830} INFO - Processing file /opt/airflow/dags/kaldata_dag.py for tasks to queue
[2026-05-27T08:39:44.062+0000] {logging_mixin.py:188} INFO - [2026-05-27T08:39:44.059+0000] {dagbag.py:540} INFO - Filling up the DagBag from /opt/airflow/dags/kaldata_dag.py
[2026-05-27T08:39:44.259+0000] {processor.py:840} INFO - DAG(s) 'kaldata_scraper' retrieved from /opt/airflow/dags/kaldata_dag.py
[2026-05-27T08:39:44.559+0000] {logging_mixin.py:188} INFO - [2026-05-27T08:39:44.558+0000] {dag.py:3047} INFO - Sync 1 DAGs
[2026-05-27T08:39:45.039+0000] {logging_mixin.py:188} INFO - [2026-05-27T08:39:45.038+0000] {dag.py:3834} INFO - Setting next_dagrun for kaldata_scraper to 2026-05-27 00:00:00+00:00, run_after=2026-05-28 00:00:00+00:00
[2026-05-27T08:39:45.647+0000] {processor.py:183} INFO - Processing /opt/airflow/dags/kaldata_dag.py took 1.700 seconds
[2026-05-27T08:40:16.793+0000] {processor.py:161} INFO - Started process (PID=2931) to work on /opt/airflow/dags/kaldata_dag.py
[2026-05-27T08:40:16.833+0000] {processor.py:830} INFO - Processing file /opt/airflow/dags/kaldata_dag.py for tasks to queue
[2026-05-27T08:40:16.844+0000] {logging_mixin.py:188} INFO - [2026-05-27T08:40:16.843+0000] {dagbag.py:540} INFO - Filling up the DagBag from /opt/airflow/dags/kaldata_dag.py
[2026-05-27T08:40:17.393+0000] {processor.py:840} INFO - DAG(s) 'kaldata_scraper' retrieved from /opt/airflow/dags/kaldata_dag.py
[2026-05-27T08:40:17.609+0000] {logging_mixin.py:188} INFO - [2026-05-27T08:40:17.608+0000] {dag.py:3047} INFO - Sync 1 DAGs
[2026-05-27T08:40:17.832+0000] {logging_mixin.py:188} INFO - [2026-05-27T08:40:17.831+0000] {dag.py:3834} INFO - Setting next_dagrun for kaldata_scraper to 2026-05-27 00:00:00+00:00, run_after=2026-05-28 00:00:00+00:00
[2026-05-27T08:40:18.015+0000] {processor.py:183} INFO - Processing /opt/airflow/dags/kaldata_dag.py took 1.282 seconds
[2026-05-27T08:40:48.387+0000] {processor.py:161} INFO - Started process (PID=2961) to work on /opt/airflow/dags/kaldata_dag.py
[2026-05-27T08:40:48.391+0000] {processor.py:830} INFO - Processing file /opt/airflow/dags/kaldata_dag.py for tasks to queue
[2026-05-27T08:40:48.394+0000] {logging_mixin.py:188} INFO - [2026-05-27T08:40:48.393+0000] {dagbag.py:540} INFO - Filling up the DagBag from /opt/airflow/dags/kaldata_dag.py
[2026-05-27T08:40:48.616+0000] {processor.py:840} INFO - DAG(s) 'kaldata_scraper' retrieved from /opt/airflow/dags/kaldata_dag.py
[2026-05-27T08:40:48.703+0000] {logging_mixin.py:188} INFO - [2026-05-27T08:40:48.702+0000] {dag.py:3047} INFO - Sync 1 DAGs
[2026-05-27T08:40:48.803+0000] {logging_mixin.py:188} INFO - [2026-05-27T08:40:48.802+0000] {dag.py:3834} INFO - Setting next_dagrun for kaldata_scraper to 2026-05-27 00:00:00+00:00, run_after=2026-05-28 00:00:00+00:00
[2026-05-27T08:40:48.959+0000] {processor.py:183} INFO - Processing /opt/airflow/dags/kaldata_dag.py took 0.585 seconds
[2026-05-27T08:41:20.068+0000] {processor.py:161} INFO - Started process (PID=2991) to work on /opt/airflow/dags/kaldata_dag.py
[2026-05-27T08:41:20.071+0000] {processor.py:830} INFO - Processing file /opt/airflow/dags/kaldata_dag.py for tasks to queue
[2026-05-27T08:41:20.076+0000] {logging_mixin.py:188} INFO - [2026-05-27T08:41:20.075+0000] {dagbag.py:540} INFO - Filling up the DagBag from /opt/airflow/dags/kaldata_dag.py
[2026-05-27T08:41:20.138+0000] {processor.py:840} INFO - DAG(s) 'kaldata_scraper' retrieved from /opt/airflow/dags/kaldata_dag.py
[2026-05-27T08:41:20.219+0000] {logging_mixin.py:188} INFO - [2026-05-27T08:41:20.219+0000] {dag.py:3047} INFO - Sync 1 DAGs
[2026-05-27T08:41:20.293+0000] {logging_mixin.py:188} INFO - [2026-05-27T08:41:20.292+0000] {dag.py:3834} INFO - Setting next_dagrun for kaldata_scraper to 2026-05-27 00:00:00+00:00, run_after=2026-05-28 00:00:00+00:00
[2026-05-27T08:41:20.401+0000] {processor.py:183} INFO - Processing /opt/airflow/dags/kaldata_dag.py took 0.345 seconds
[2026-05-27T08:41:51.564+0000] {processor.py:161} INFO - Started process (PID=3019) to work on /opt/airflow/dags/kaldata_dag.py
[2026-05-27T08:41:51.593+0000] {processor.py:830} INFO - Processing file /opt/airflow/dags/kaldata_dag.py for tasks to queue
[2026-05-27T08:41:51.604+0000] {logging_mixin.py:188} INFO - [2026-05-27T08:41:51.603+0000] {dagbag.py:540} INFO - Filling up the DagBag from /opt/airflow/dags/kaldata_dag.py
[2026-05-27T08:41:51.677+0000] {processor.py:840} INFO - DAG(s) 'kaldata_scraper' retrieved from /opt/airflow/dags/kaldata_dag.py
[2026-05-27T08:41:51.747+0000] {logging_mixin.py:188} INFO - [2026-05-27T08:41:51.747+0000] {dag.py:3047} INFO - Sync 1 DAGs
[2026-05-27T08:41:51.822+0000] {logging_mixin.py:188} INFO - [2026-05-27T08:41:51.822+0000] {dag.py:3834} INFO - Setting next_dagrun for kaldata_scraper to 2026-05-27 00:00:00+00:00, run_after=2026-05-28 00:00:00+00:00
[2026-05-27T08:41:51.906+0000] {processor.py:183} INFO - Processing /opt/airflow/dags/kaldata_dag.py took 0.352 seconds
[2026-05-27T08:42:22.311+0000] {processor.py:161} INFO - Started process (PID=3051) to work on /opt/airflow/dags/kaldata_dag.py
[2026-05-27T08:42:22.314+0000] {processor.py:830} INFO - Processing file /opt/airflow/dags/kaldata_dag.py for tasks to queue
[2026-05-27T08:42:22.318+0000] {logging_mixin.py:188} INFO - [2026-05-27T08:42:22.317+0000] {dagbag.py:540} INFO - Filling up the DagBag from /opt/airflow/dags/kaldata_dag.py
[2026-05-27T08:42:22.372+0000] {processor.py:840} INFO - DAG(s) 'kaldata_scraper' retrieved from /opt/airflow/dags/kaldata_dag.py
[2026-05-27T08:42:22.442+0000] {logging_mixin.py:188} INFO - [2026-05-27T08:42:22.441+0000] {dag.py:3047} INFO - Sync 1 DAGs
[2026-05-27T08:42:22.507+0000] {logging_mixin.py:188} INFO - [2026-05-27T08:42:22.506+0000] {dag.py:3834} INFO - Setting next_dagrun for kaldata_scraper to 2026-05-27 00:00:00+00:00, run_after=2026-05-28 00:00:00+00:00
[2026-05-27T08:42:22.564+0000] {processor.py:183} INFO - Processing /opt/airflow/dags/kaldata_dag.py took 0.264 seconds
[2026-05-27T08:42:53.689+0000] {processor.py:161} INFO - Started process (PID=3076) to work on /opt/airflow/dags/kaldata_dag.py
[2026-05-27T08:42:53.704+0000] {processor.py:830} INFO - Processing file /opt/airflow/dags/kaldata_dag.py for tasks to queue
[2026-05-27T08:42:53.719+0000] {logging_mixin.py:188} INFO - [2026-05-27T08:42:53.718+0000] {dagbag.py:540} INFO - Filling up the DagBag from /opt/airflow/dags/kaldata_dag.py
[2026-05-27T08:42:53.968+0000] {processor.py:840} INFO - DAG(s) 'kaldata_scraper' retrieved from /opt/airflow/dags/kaldata_dag.py
[2026-05-27T08:42:54.182+0000] {logging_mixin.py:188} INFO - [2026-05-27T08:42:54.181+0000] {dag.py:3047} INFO - Sync 1 DAGs
[2026-05-27T08:42:54.464+0000] {logging_mixin.py:188} INFO - [2026-05-27T08:42:54.463+0000] {dag.py:3834} INFO - Setting next_dagrun for kaldata_scraper to 2026-05-27 00:00:00+00:00, run_after=2026-05-28 00:00:00+00:00
[2026-05-27T08:42:54.699+0000] {processor.py:183} INFO - Processing /opt/airflow/dags/kaldata_dag.py took 1.051 seconds
[2026-05-27T08:43:25.333+0000] {processor.py:161} INFO - Started process (PID=3106) to work on /opt/airflow/dags/kaldata_dag.py
[2026-05-27T08:43:25.336+0000] {processor.py:830} INFO - Processing file /opt/airflow/dags/kaldata_dag.py for tasks to queue
[2026-05-27T08:43:25.339+0000] {logging_mixin.py:188} INFO - [2026-05-27T08:43:25.338+0000] {dagbag.py:540} INFO - Filling up the DagBag from /opt/airflow/dags/kaldata_dag.py
[2026-05-27T08:43:25.400+0000] {processor.py:840} INFO - DAG(s) 'kaldata_scraper' retrieved from /opt/airflow/dags/kaldata_dag.py
[2026-05-27T08:43:25.519+0000] {logging_mixin.py:188} INFO - [2026-05-27T08:43:25.518+0000] {dag.py:3047} INFO - Sync 1 DAGs
[2026-05-27T08:43:25.620+0000] {logging_mixin.py:188} INFO - [2026-05-27T08:43:25.619+0000] {dag.py:3834} INFO - Setting next_dagrun for kaldata_scraper to 2026-05-27 00:00:00+00:00, run_after=2026-05-28 00:00:00+00:00
[2026-05-27T08:43:25.782+0000] {processor.py:183} INFO - Processing /opt/airflow/dags/kaldata_dag.py took 0.460 seconds
[2026-05-27T08:43:55.963+0000] {processor.py:161} INFO - Started process (PID=3136) to work on /opt/airflow/dags/kaldata_dag.py
[2026-05-27T08:43:55.966+0000] {processor.py:830} INFO - Processing file /opt/airflow/dags/kaldata_dag.py for tasks to queue
[2026-05-27T08:43:55.969+0000] {logging_mixin.py:188} INFO - [2026-05-27T08:43:55.969+0000] {dagbag.py:540} INFO - Filling up the DagBag from /opt/airflow/dags/kaldata_dag.py
[2026-05-27T08:43:56.022+0000] {processor.py:840} INFO - DAG(s) 'kaldata_scraper' retrieved from /opt/airflow/dags/kaldata_dag.py
[2026-05-27T08:43:56.092+0000] {logging_mixin.py:188} INFO - [2026-05-27T08:43:56.091+0000] {dag.py:3047} INFO - Sync 1 DAGs
[2026-05-27T08:43:56.155+0000] {logging_mixin.py:188} INFO - [2026-05-27T08:43:56.154+0000] {dag.py:3834} INFO - Setting next_dagrun for kaldata_scraper to 2026-05-27 00:00:00+00:00, run_after=2026-05-28 00:00:00+00:00
[2026-05-27T08:43:56.208+0000] {processor.py:183} INFO - Processing /opt/airflow/dags/kaldata_dag.py took 0.256 seconds
[2026-05-27T08:44:27.013+0000] {processor.py:161} INFO - Started process (PID=3166) to work on /opt/airflow/dags/kaldata_dag.py
[2026-05-27T08:44:27.019+0000] {processor.py:830} INFO - Processing file /opt/airflow/dags/kaldata_dag.py for tasks to queue
[2026-05-27T08:44:27.023+0000] {logging_mixin.py:188} INFO - [2026-05-27T08:44:27.022+0000] {dagbag.py:540} INFO - Filling up the DagBag from /opt/airflow/dags/kaldata_dag.py
[2026-05-27T08:44:27.083+0000] {processor.py:840} INFO - DAG(s) 'kaldata_scraper' retrieved from /opt/airflow/dags/kaldata_dag.py
[2026-05-27T08:44:27.162+0000] {logging_mixin.py:188} INFO - [2026-05-27T08:44:27.162+0000] {dag.py:3047} INFO - Sync 1 DAGs
[2026-05-27T08:44:27.288+0000] {logging_mixin.py:188} INFO - [2026-05-27T08:44:27.288+0000] {dag.py:3834} INFO - Setting next_dagrun for kaldata_scraper to 2026-05-27 00:00:00+00:00, run_after=2026-05-28 00:00:00+00:00
[2026-05-27T08:44:27.345+0000] {processor.py:183} INFO - Processing /opt/airflow/dags/kaldata_dag.py took 0.343 seconds
[2026-05-27T08:44:58.426+0000] {processor.py:161} INFO - Started process (PID=3196) to work on /opt/airflow/dags/kaldata_dag.py
[2026-05-27T08:44:58.431+0000] {processor.py:830} INFO - Processing file /opt/airflow/dags/kaldata_dag.py for tasks to queue
[2026-05-27T08:44:58.436+0000] {logging_mixin.py:188} INFO - [2026-05-27T08:44:58.434+0000] {dagbag.py:540} INFO - Filling up the DagBag from /opt/airflow/dags/kaldata_dag.py
[2026-05-27T08:44:58.505+0000] {processor.py:840} INFO - DAG(s) 'kaldata_scraper' retrieved from /opt/airflow/dags/kaldata_dag.py
[2026-05-27T08:44:58.615+0000] {logging_mixin.py:188} INFO - [2026-05-27T08:44:58.614+0000] {dag.py:3047} INFO - Sync 1 DAGs
[2026-05-27T08:44:58.717+0000] {logging_mixin.py:188} INFO - [2026-05-27T08:44:58.716+0000] {dag.py:3834} INFO - Setting next_dagrun for kaldata_scraper to 2026-05-27 00:00:00+00:00, run_after=2026-05-28 00:00:00+00:00
[2026-05-27T08:44:58.783+0000] {processor.py:183} INFO - Processing /opt/airflow/dags/kaldata_dag.py took 0.368 seconds
[2026-05-27T08:45:42.937+0000] {processor.py:161} INFO - Started process (PID=3226) to work on /opt/airflow/dags/kaldata_dag.py
[2026-05-27T08:45:43.023+0000] {processor.py:830} INFO - Processing file /opt/airflow/dags/kaldata_dag.py for tasks to queue
[2026-05-27T08:45:43.080+0000] {logging_mixin.py:188} INFO - [2026-05-27T08:45:43.078+0000] {dagbag.py:540} INFO - Filling up the DagBag from /opt/airflow/dags/kaldata_dag.py
[2026-05-27T08:45:49.004+0000] {processor.py:840} INFO - DAG(s) 'kaldata_scraper' retrieved from /opt/airflow/dags/kaldata_dag.py
[2026-05-27T08:45:49.623+0000] {logging_mixin.py:188} INFO - [2026-05-27T08:45:49.622+0000] {dag.py:3047} INFO - Sync 1 DAGs
[2026-05-27T08:45:50.543+0000] {logging_mixin.py:188} INFO - [2026-05-27T08:45:50.543+0000] {dag.py:3834} INFO - Setting next_dagrun for kaldata_scraper to 2026-05-27 00:00:00+00:00, run_after=2026-05-28 00:00:00+00:00
[2026-05-27T08:45:51.007+0000] {processor.py:183} INFO - Processing /opt/airflow/dags/kaldata_dag.py took 8.095 seconds
[2026-05-27T08:46:21.898+0000] {processor.py:161} INFO - Started process (PID=3256) to work on /opt/airflow/dags/kaldata_dag.py
[2026-05-27T08:46:21.901+0000] {processor.py:830} INFO - Processing file /opt/airflow/dags/kaldata_dag.py for tasks to queue
[2026-05-27T08:46:21.904+0000] {logging_mixin.py:188} INFO - [2026-05-27T08:46:21.903+0000] {dagbag.py:540} INFO - Filling up the DagBag from /opt/airflow/dags/kaldata_dag.py
[2026-05-27T08:46:21.962+0000] {processor.py:840} INFO - DAG(s) 'kaldata_scraper' retrieved from /opt/airflow/dags/kaldata_dag.py
[2026-05-27T08:46:22.043+0000] {logging_mixin.py:188} INFO - [2026-05-27T08:46:22.042+0000] {dag.py:3047} INFO - Sync 1 DAGs
[2026-05-27T08:46:22.105+0000] {logging_mixin.py:188} INFO - [2026-05-27T08:46:22.104+0000] {dag.py:3834} INFO - Setting next_dagrun for kaldata_scraper to 2026-05-27 00:00:00+00:00, run_after=2026-05-28 00:00:00+00:00
[2026-05-27T08:46:22.156+0000] {processor.py:183} INFO - Processing /opt/airflow/dags/kaldata_dag.py took 0.268 seconds
[2026-05-27T08:47:03.216+0000] {processor.py:161} INFO - Started process (PID=3289) to work on /opt/airflow/dags/kaldata_dag.py
[2026-05-27T08:47:03.422+0000] {processor.py:830} INFO - Processing file /opt/airflow/dags/kaldata_dag.py for tasks to queue
[2026-05-27T08:47:03.586+0000] {logging_mixin.py:188} INFO - [2026-05-27T08:47:03.523+0000] {dagbag.py:540} INFO - Filling up the DagBag from /opt/airflow/dags/kaldata_dag.py
[2026-05-27T08:47:08.708+0000] {processor.py:840} INFO - DAG(s) 'kaldata_scraper' retrieved from /opt/airflow/dags/kaldata_dag.py
[2026-05-27T08:47:10.760+0000] {logging_mixin.py:188} INFO - [2026-05-27T08:47:10.759+0000] {dag.py:3047} INFO - Sync 1 DAGs
[2026-05-27T08:47:12.480+0000] {logging_mixin.py:188} INFO - [2026-05-27T08:47:12.480+0000] {dag.py:3834} INFO - Setting next_dagrun for kaldata_scraper to 2026-05-27 00:00:00+00:00, run_after=2026-05-28 00:00:00+00:00
[2026-05-27T08:47:14.938+0000] {processor.py:183} INFO - Processing /opt/airflow/dags/kaldata_dag.py took 12.004 seconds
[2026-05-27T08:47:52.409+0000] {processor.py:161} INFO - Started process (PID=3323) to work on /opt/airflow/dags/kaldata_dag.py
[2026-05-27T08:47:52.584+0000] {processor.py:830} INFO - Processing file /opt/airflow/dags/kaldata_dag.py for tasks to queue
[2026-05-27T08:47:52.926+0000] {logging_mixin.py:188} INFO - [2026-05-27T08:47:52.923+0000] {dagbag.py:540} INFO - Filling up the DagBag from /opt/airflow/dags/kaldata_dag.py
[2026-05-27T08:47:59.568+0000] {processor.py:840} INFO - DAG(s) 'kaldata_scraper' retrieved from /opt/airflow/dags/kaldata_dag.py
[2026-05-27T08:48:05.862+0000] {logging_mixin.py:188} INFO - [2026-05-27T08:48:05.861+0000] {dag.py:3047} INFO - Sync 1 DAGs
[2026-05-27T08:48:10.986+0000] {logging_mixin.py:188} INFO - [2026-05-27T08:48:10.939+0000] {dag.py:3834} INFO - Setting next_dagrun for kaldata_scraper to 2026-05-27 00:00:00+00:00, run_after=2026-05-28 00:00:00+00:00
[2026-05-27T08:48:11.647+0000] {processor.py:183} INFO - Processing /opt/airflow/dags/kaldata_dag.py took 19.961 seconds
[2026-05-27T08:48:59.758+0000] {processor.py:161} INFO - Started process (PID=3351) to work on /opt/airflow/dags/kaldata_dag.py
[2026-05-27T08:48:59.955+0000] {processor.py:830} INFO - Processing file /opt/airflow/dags/kaldata_dag.py for tasks to queue
[2026-05-27T08:49:00.490+0000] {logging_mixin.py:188} INFO - [2026-05-27T08:49:00.486+0000] {dagbag.py:540} INFO - Filling up the DagBag from /opt/airflow/dags/kaldata_dag.py
[2026-05-27T08:49:11.221+0000] {processor.py:840} INFO - DAG(s) 'kaldata_scraper' retrieved from /opt/airflow/dags/kaldata_dag.py
[2026-05-27T08:49:14.032+0000] {logging_mixin.py:188} INFO - [2026-05-27T08:49:14.032+0000] {dag.py:3047} INFO - Sync 1 DAGs
[2026-05-27T08:49:21.274+0000] {logging_mixin.py:188} INFO - [2026-05-27T08:49:21.273+0000] {dag.py:3834} INFO - Setting next_dagrun for kaldata_scraper to 2026-05-27 00:00:00+00:00, run_after=2026-05-28 00:00:00+00:00
[2026-05-27T08:49:29.222+0000] {processor.py:183} INFO - Processing /opt/airflow/dags/kaldata_dag.py took 30.295 seconds
[2026-05-27T08:50:50.474+0000] {processor.py:161} INFO - Started process (PID=3381) to work on /opt/airflow/dags/kaldata_dag.py
[2026-05-27T08:50:50.722+0000] {processor.py:830} INFO - Processing file /opt/airflow/dags/kaldata_dag.py for tasks to queue
[2026-05-27T08:50:50.778+0000] {logging_mixin.py:188} INFO - [2026-05-27T08:50:50.777+0000] {dagbag.py:540} INFO - Filling up the DagBag from /opt/airflow/dags/kaldata_dag.py
[2026-05-27T08:50:54.582+0000] {processor.py:840} INFO - DAG(s) 'kaldata_scraper' retrieved from /opt/airflow/dags/kaldata_dag.py
[2026-05-27T08:50:56.185+0000] {logging_mixin.py:188} INFO - [2026-05-27T08:50:56.184+0000] {dag.py:3047} INFO - Sync 1 DAGs
[2026-05-27T08:50:57.300+0000] {logging_mixin.py:188} INFO - [2026-05-27T08:50:57.300+0000] {dag.py:3834} INFO - Setting next_dagrun for kaldata_scraper to 2026-05-27 00:00:00+00:00, run_after=2026-05-28 00:00:00+00:00
[2026-05-27T08:50:58.548+0000] {processor.py:183} INFO - Processing /opt/airflow/dags/kaldata_dag.py took 8.976 seconds
[2026-05-27T08:51:30.977+0000] {processor.py:161} INFO - Started process (PID=3411) to work on /opt/airflow/dags/kaldata_dag.py
[2026-05-27T08:51:30.991+0000] {processor.py:830} INFO - Processing file /opt/airflow/dags/kaldata_dag.py for tasks to queue
[2026-05-27T08:51:30.995+0000] {logging_mixin.py:188} INFO - [2026-05-27T08:51:30.994+0000] {dagbag.py:540} INFO - Filling up the DagBag from /opt/airflow/dags/kaldata_dag.py
[2026-05-27T08:51:31.241+0000] {processor.py:840} INFO - DAG(s) 'kaldata_scraper' retrieved from /opt/airflow/dags/kaldata_dag.py
[2026-05-27T08:51:32.061+0000] {logging_mixin.py:188} INFO - [2026-05-27T08:51:32.060+0000] {dag.py:3047} INFO - Sync 1 DAGs
[2026-05-27T08:51:34.940+0000] {logging_mixin.py:188} INFO - [2026-05-27T08:51:34.939+0000] {dag.py:3834} INFO - Setting next_dagrun for kaldata_scraper to 2026-05-27 00:00:00+00:00, run_after=2026-05-28 00:00:00+00:00
[2026-05-27T08:51:36.491+0000] {processor.py:183} INFO - Processing /opt/airflow/dags/kaldata_dag.py took 5.578 seconds
[2026-05-27T08:52:07.820+0000] {processor.py:161} INFO - Started process (PID=3441) to work on /opt/airflow/dags/kaldata_dag.py
[2026-05-27T08:52:07.853+0000] {processor.py:830} INFO - Processing file /opt/airflow/dags/kaldata_dag.py for tasks to queue
[2026-05-27T08:52:07.868+0000] {logging_mixin.py:188} INFO - [2026-05-27T08:52:07.867+0000] {dagbag.py:540} INFO - Filling up the DagBag from /opt/airflow/dags/kaldata_dag.py
[2026-05-27T08:52:08.065+0000] {processor.py:840} INFO - DAG(s) 'kaldata_scraper' retrieved from /opt/airflow/dags/kaldata_dag.py
[2026-05-27T08:52:08.323+0000] {logging_mixin.py:188} INFO - [2026-05-27T08:52:08.323+0000] {dag.py:3047} INFO - Sync 1 DAGs
[2026-05-27T08:52:08.599+0000] {logging_mixin.py:188} INFO - [2026-05-27T08:52:08.598+0000] {dag.py:3834} INFO - Setting next_dagrun for kaldata_scraper to 2026-05-27 00:00:00+00:00, run_after=2026-05-28 00:00:00+00:00
[2026-05-27T08:52:10.709+0000] {processor.py:183} INFO - Processing /opt/airflow/dags/kaldata_dag.py took 2.950 seconds
[2026-05-27T08:53:40.146+0000] {processor.py:161} INFO - Started process (PID=3471) to work on /opt/airflow/dags/kaldata_dag.py
[2026-05-27T08:53:40.477+0000] {processor.py:830} INFO - Processing file /opt/airflow/dags/kaldata_dag.py for tasks to queue
[2026-05-27T08:53:40.736+0000] {logging_mixin.py:188} INFO - [2026-05-27T08:53:40.735+0000] {dagbag.py:540} INFO - Filling up the DagBag from /opt/airflow/dags/kaldata_dag.py
[2026-05-27T08:53:43.957+0000] {processor.py:840} INFO - DAG(s) 'kaldata_scraper' retrieved from /opt/airflow/dags/kaldata_dag.py
[2026-05-27T08:53:44.601+0000] {logging_mixin.py:188} INFO - [2026-05-27T08:53:44.601+0000] {dag.py:3047} INFO - Sync 1 DAGs
[2026-05-27T08:53:45.496+0000] {logging_mixin.py:188} INFO - [2026-05-27T08:53:45.467+0000] {dag.py:3834} INFO - Setting next_dagrun for kaldata_scraper to 2026-05-27 00:00:00+00:00, run_after=2026-05-28 00:00:00+00:00
[2026-05-27T08:53:51.300+0000] {processor.py:183} INFO - Processing /opt/airflow/dags/kaldata_dag.py took 11.478 seconds
[2026-05-27T08:54:28.464+0000] {processor.py:161} INFO - Started process (PID=3501) to work on /opt/airflow/dags/kaldata_dag.py
[2026-05-27T08:54:28.530+0000] {processor.py:830} INFO - Processing file /opt/airflow/dags/kaldata_dag.py for tasks to queue
[2026-05-27T08:54:28.579+0000] {logging_mixin.py:188} INFO - [2026-05-27T08:54:28.578+0000] {dagbag.py:540} INFO - Filling up the DagBag from /opt/airflow/dags/kaldata_dag.py
[2026-05-27T08:54:33.809+0000] {processor.py:840} INFO - DAG(s) 'kaldata_scraper' retrieved from /opt/airflow/dags/kaldata_dag.py
[2026-05-27T08:54:35.827+0000] {logging_mixin.py:188} INFO - [2026-05-27T08:54:35.814+0000] {dag.py:3047} INFO - Sync 1 DAGs
[2026-05-27T08:54:40.438+0000] {logging_mixin.py:188} INFO - [2026-05-27T08:54:40.438+0000] {dag.py:3834} INFO - Setting next_dagrun for kaldata_scraper to 2026-05-27 00:00:00+00:00, run_after=2026-05-28 00:00:00+00:00
[2026-05-27T08:54:41.505+0000] {processor.py:183} INFO - Processing /opt/airflow/dags/kaldata_dag.py took 13.088 seconds
[2026-05-27T08:55:18.369+0000] {processor.py:161} INFO - Started process (PID=3531) to work on /opt/airflow/dags/kaldata_dag.py
[2026-05-27T08:55:18.557+0000] {processor.py:830} INFO - Processing file /opt/airflow/dags/kaldata_dag.py for tasks to queue
[2026-05-27T08:55:18.816+0000] {logging_mixin.py:188} INFO - [2026-05-27T08:55:18.654+0000] {dagbag.py:540} INFO - Filling up the DagBag from /opt/airflow/dags/kaldata_dag.py
[2026-05-27T08:55:23.223+0000] {processor.py:840} INFO - DAG(s) 'kaldata_scraper' retrieved from /opt/airflow/dags/kaldata_dag.py
[2026-05-27T08:55:24.031+0000] {logging_mixin.py:188} INFO - [2026-05-27T08:55:24.016+0000] {dag.py:3047} INFO - Sync 1 DAGs
[2026-05-27T08:55:24.887+0000] {logging_mixin.py:188} INFO - [2026-05-27T08:55:24.887+0000] {dag.py:3834} INFO - Setting next_dagrun for kaldata_scraper to 2026-05-27 00:00:00+00:00, run_after=2026-05-28 00:00:00+00:00
[2026-05-27T08:55:27.088+0000] {processor.py:183} INFO - Processing /opt/airflow/dags/kaldata_dag.py took 8.913 seconds
[2026-05-27T08:55:58.081+0000] {processor.py:161} INFO - Started process (PID=3561) to work on /opt/airflow/dags/kaldata_dag.py
[2026-05-27T08:55:58.088+0000] {processor.py:830} INFO - Processing file /opt/airflow/dags/kaldata_dag.py for tasks to queue
[2026-05-27T08:55:58.097+0000] {logging_mixin.py:188} INFO - [2026-05-27T08:55:58.092+0000] {dagbag.py:540} INFO - Filling up the DagBag from /opt/airflow/dags/kaldata_dag.py
[2026-05-27T08:55:58.220+0000] {processor.py:840} INFO - DAG(s) 'kaldata_scraper' retrieved from /opt/airflow/dags/kaldata_dag.py
[2026-05-27T08:55:58.622+0000] {logging_mixin.py:188} INFO - [2026-05-27T08:55:58.622+0000] {dag.py:3047} INFO - Sync 1 DAGs
[2026-05-27T08:55:59.264+0000] {logging_mixin.py:188} INFO - [2026-05-27T08:55:59.264+0000] {dag.py:3834} INFO - Setting next_dagrun for kaldata_scraper to 2026-05-27 00:00:00+00:00, run_after=2026-05-28 00:00:00+00:00
[2026-05-27T08:55:59.987+0000] {processor.py:183} INFO - Processing /opt/airflow/dags/kaldata_dag.py took 1.945 seconds
[2026-05-27T08:56:33.965+0000] {processor.py:161} INFO - Started process (PID=3592) to work on /opt/airflow/dags/kaldata_dag.py
[2026-05-27T08:56:33.970+0000] {processor.py:830} INFO - Processing file /opt/airflow/dags/kaldata_dag.py for tasks to queue
[2026-05-27T08:56:33.974+0000] {logging_mixin.py:188} INFO - [2026-05-27T08:56:33.973+0000] {dagbag.py:540} INFO - Filling up the DagBag from /opt/airflow/dags/kaldata_dag.py
[2026-05-27T08:56:35.166+0000] {processor.py:840} INFO - DAG(s) 'kaldata_scraper' retrieved from /opt/airflow/dags/kaldata_dag.py
[2026-05-27T08:56:35.527+0000] {logging_mixin.py:188} INFO - [2026-05-27T08:56:35.526+0000] {dag.py:3047} INFO - Sync 1 DAGs
[2026-05-27T08:56:37.093+0000] {logging_mixin.py:188} INFO - [2026-05-27T08:56:37.092+0000] {dag.py:3834} INFO - Setting next_dagrun for kaldata_scraper to 2026-05-27 00:00:00+00:00, run_after=2026-05-28 00:00:00+00:00
[2026-05-27T08:56:37.348+0000] {processor.py:183} INFO - Processing /opt/airflow/dags/kaldata_dag.py took 3.414 seconds
[2026-05-27T08:57:09.583+0000] {processor.py:161} INFO - Started process (PID=3625) to work on /opt/airflow/dags/kaldata_dag.py
[2026-05-27T08:57:09.615+0000] {processor.py:830} INFO - Processing file /opt/airflow/dags/kaldata_dag.py for tasks to queue
[2026-05-27T08:57:09.687+0000] {logging_mixin.py:188} INFO - [2026-05-27T08:57:09.667+0000] {dagbag.py:540} INFO - Filling up the DagBag from /opt/airflow/dags/kaldata_dag.py
[2026-05-27T08:57:10.925+0000] {processor.py:840} INFO - DAG(s) 'kaldata_scraper' retrieved from /opt/airflow/dags/kaldata_dag.py
[2026-05-27T08:57:11.761+0000] {logging_mixin.py:188} INFO - [2026-05-27T08:57:11.760+0000] {dag.py:3047} INFO - Sync 1 DAGs
[2026-05-27T08:57:13.025+0000] {logging_mixin.py:188} INFO - [2026-05-27T08:57:13.018+0000] {dag.py:3834} INFO - Setting next_dagrun for kaldata_scraper to 2026-05-27 00:00:00+00:00, run_after=2026-05-28 00:00:00+00:00
[2026-05-27T08:57:14.028+0000] {processor.py:183} INFO - Processing /opt/airflow/dags/kaldata_dag.py took 4.624 seconds
[2026-05-27T08:57:47.841+0000] {processor.py:161} INFO - Started process (PID=3657) to work on /opt/airflow/dags/kaldata_dag.py
[2026-05-27T08:57:47.984+0000] {processor.py:830} INFO - Processing file /opt/airflow/dags/kaldata_dag.py for tasks to queue
[2026-05-27T08:57:48.276+0000] {logging_mixin.py:188} INFO - [2026-05-27T08:57:48.080+0000] {dagbag.py:540} INFO - Filling up the DagBag from /opt/airflow/dags/kaldata_dag.py
[2026-05-27T08:57:51.638+0000] {processor.py:840} INFO - DAG(s) 'kaldata_scraper' retrieved from /opt/airflow/dags/kaldata_dag.py
[2026-05-27T08:57:52.407+0000] {logging_mixin.py:188} INFO - [2026-05-27T08:57:52.406+0000] {dag.py:3047} INFO - Sync 1 DAGs
[2026-05-27T08:57:53.582+0000] {logging_mixin.py:188} INFO - [2026-05-27T08:57:53.582+0000] {dag.py:3834} INFO - Setting next_dagrun for kaldata_scraper to 2026-05-27 00:00:00+00:00, run_after=2026-05-28 00:00:00+00:00
[2026-05-27T08:57:54.156+0000] {processor.py:183} INFO - Processing /opt/airflow/dags/kaldata_dag.py took 6.727 seconds
[2026-05-27T08:58:27.656+0000] {processor.py:161} INFO - Started process (PID=3687) to work on /opt/airflow/dags/kaldata_dag.py
[2026-05-27T08:58:27.697+0000] {processor.py:830} INFO - Processing file /opt/airflow/dags/kaldata_dag.py for tasks to queue
[2026-05-27T08:58:27.727+0000] {logging_mixin.py:188} INFO - [2026-05-27T08:58:27.719+0000] {dagbag.py:540} INFO - Filling up the DagBag from /opt/airflow/dags/kaldata_dag.py
[2026-05-27T08:58:29.701+0000] {processor.py:840} INFO - DAG(s) 'kaldata_scraper' retrieved from /opt/airflow/dags/kaldata_dag.py
[2026-05-27T08:58:31.629+0000] {logging_mixin.py:188} INFO - [2026-05-27T08:58:31.628+0000] {dag.py:3047} INFO - Sync 1 DAGs
[2026-05-27T08:58:32.466+0000] {logging_mixin.py:188} INFO - [2026-05-27T08:58:32.465+0000] {dag.py:3834} INFO - Setting next_dagrun for kaldata_scraper to 2026-05-27 00:00:00+00:00, run_after=2026-05-28 00:00:00+00:00
[2026-05-27T08:58:34.712+0000] {processor.py:183} INFO - Processing /opt/airflow/dags/kaldata_dag.py took 7.150 seconds
[2026-05-27T08:59:14.632+0000] {processor.py:161} INFO - Started process (PID=3710) to work on /opt/airflow/dags/kaldata_dag.py
[2026-05-27T08:59:14.728+0000] {processor.py:830} INFO - Processing file /opt/airflow/dags/kaldata_dag.py for tasks to queue
[2026-05-27T08:59:14.793+0000] {logging_mixin.py:188} INFO - [2026-05-27T08:59:14.792+0000] {dagbag.py:540} INFO - Filling up the DagBag from /opt/airflow/dags/kaldata_dag.py
[2026-05-27T08:59:17.972+0000] {processor.py:840} INFO - DAG(s) 'kaldata_scraper' retrieved from /opt/airflow/dags/kaldata_dag.py
[2026-05-27T08:59:18.544+0000] {logging_mixin.py:188} INFO - [2026-05-27T08:59:18.543+0000] {dag.py:3047} INFO - Sync 1 DAGs
[2026-05-27T08:59:19.378+0000] {logging_mixin.py:188} INFO - [2026-05-27T08:59:19.377+0000] {dag.py:3834} INFO - Setting next_dagrun for kaldata_scraper to 2026-05-27 00:00:00+00:00, run_after=2026-05-28 00:00:00+00:00
[2026-05-27T08:59:20.112+0000] {processor.py:183} INFO - Processing /opt/airflow/dags/kaldata_dag.py took 5.520 seconds
[2026-05-27T08:59:55.892+0000] {processor.py:161} INFO - Started process (PID=3740) to work on /opt/airflow/dags/kaldata_dag.py
[2026-05-27T08:59:55.976+0000] {processor.py:830} INFO - Processing file /opt/airflow/dags/kaldata_dag.py for tasks to queue
[2026-05-27T08:59:56.233+0000] {logging_mixin.py:188} INFO - [2026-05-27T08:59:56.221+0000] {dagbag.py:540} INFO - Filling up the DagBag from /opt/airflow/dags/kaldata_dag.py
[2026-05-27T08:59:56.688+0000] {processor.py:840} INFO - DAG(s) 'kaldata_scraper' retrieved from /opt/airflow/dags/kaldata_dag.py
[2026-05-27T08:59:57.553+0000] {logging_mixin.py:188} INFO - [2026-05-27T08:59:57.552+0000] {dag.py:3047} INFO - Sync 1 DAGs
[2026-05-27T08:59:58.002+0000] {logging_mixin.py:188} INFO - [2026-05-27T08:59:58.001+0000] {dag.py:3834} INFO - Setting next_dagrun for kaldata_scraper to 2026-05-27 00:00:00+00:00, run_after=2026-05-28 00:00:00+00:00
[2026-05-27T08:59:58.382+0000] {processor.py:183} INFO - Processing /opt/airflow/dags/kaldata_dag.py took 3.433 seconds
                                                                                                                                                                                                                                                                                                                                                                                                                                                                                                                                                                                                                                                                                                                                                                                                                                                                                                                                                                                                                                                                                                                                                                                                                                                                                                                                                                                                                                                                                                                                                                                                                                                                                                                                                                                                                                                                                                                                                                                                                                                                                                                             [2026-05-27T09:20:52.641+0000] {processor.py:161} INFO - Started process (PID=66) to work on /opt/airflow/dags/kaldata_dag.py
[2026-05-27T09:20:52.674+0000] {processor.py:830} INFO - Processing file /opt/airflow/dags/kaldata_dag.py for tasks to queue
[2026-05-27T09:20:52.691+0000] {logging_mixin.py:188} INFO - [2026-05-27T09:20:52.689+0000] {dagbag.py:540} INFO - Filling up the DagBag from /opt/airflow/dags/kaldata_dag.py
[2026-05-27T09:20:53.530+0000] {processor.py:840} INFO - DAG(s) 'kaldata_scraper' retrieved from /opt/airflow/dags/kaldata_dag.py
[2026-05-27T09:20:56.104+0000] {logging_mixin.py:188} INFO - [2026-05-27T09:20:56.103+0000] {dag.py:3047} INFO - Sync 1 DAGs
[2026-05-27T09:20:56.613+0000] {logging_mixin.py:188} INFO - [2026-05-27T09:20:56.612+0000] {dag.py:3834} INFO - Setting next_dagrun for kaldata_scraper to 2026-05-27 00:00:00+00:00, run_after=2026-05-28 00:00:00+00:00
[2026-05-27T09:20:57.419+0000] {processor.py:183} INFO - Processing /opt/airflow/dags/kaldata_dag.py took 5.075 seconds
[2026-05-27T09:21:28.276+0000] {processor.py:161} INFO - Started process (PID=101) to work on /opt/airflow/dags/kaldata_dag.py
[2026-05-27T09:21:28.279+0000] {processor.py:830} INFO - Processing file /opt/airflow/dags/kaldata_dag.py for tasks to queue
[2026-05-27T09:21:28.296+0000] {logging_mixin.py:188} INFO - [2026-05-27T09:21:28.295+0000] {dagbag.py:540} INFO - Filling up the DagBag from /opt/airflow/dags/kaldata_dag.py
[2026-05-27T09:21:28.670+0000] {processor.py:840} INFO - DAG(s) 'kaldata_scraper' retrieved from /opt/airflow/dags/kaldata_dag.py
[2026-05-27T09:21:30.299+0000] {logging_mixin.py:188} INFO - [2026-05-27T09:21:30.298+0000] {dag.py:3047} INFO - Sync 1 DAGs
[2026-05-27T09:21:31.449+0000] {logging_mixin.py:188} INFO - [2026-05-27T09:21:31.448+0000] {dag.py:3834} INFO - Setting next_dagrun for kaldata_scraper to 2026-05-27 00:00:00+00:00, run_after=2026-05-28 00:00:00+00:00
[2026-05-27T09:21:31.641+0000] {processor.py:183} INFO - Processing /opt/airflow/dags/kaldata_dag.py took 3.404 seconds
[2026-05-27T09:22:05.831+0000] {processor.py:161} INFO - Started process (PID=129) to work on /opt/airflow/dags/kaldata_dag.py
[2026-05-27T09:22:05.910+0000] {processor.py:830} INFO - Processing file /opt/airflow/dags/kaldata_dag.py for tasks to queue
[2026-05-27T09:22:05.956+0000] {logging_mixin.py:188} INFO - [2026-05-27T09:22:05.929+0000] {dagbag.py:540} INFO - Filling up the DagBag from /opt/airflow/dags/kaldata_dag.py
[2026-05-27T09:22:07.266+0000] {processor.py:840} INFO - DAG(s) 'kaldata_scraper' retrieved from /opt/airflow/dags/kaldata_dag.py
[2026-05-27T09:22:07.522+0000] {logging_mixin.py:188} INFO - [2026-05-27T09:22:07.517+0000] {dag.py:3047} INFO - Sync 1 DAGs
[2026-05-27T09:22:08.496+0000] {logging_mixin.py:188} INFO - [2026-05-27T09:22:08.414+0000] {dag.py:3834} INFO - Setting next_dagrun for kaldata_scraper to 2026-05-27 00:00:00+00:00, run_after=2026-05-28 00:00:00+00:00
[2026-05-27T09:22:09.873+0000] {processor.py:183} INFO - Processing /opt/airflow/dags/kaldata_dag.py took 4.475 seconds
[2026-05-27T09:22:51.548+0000] {processor.py:161} INFO - Started process (PID=161) to work on /opt/airflow/dags/kaldata_dag.py
[2026-05-27T09:22:51.805+0000] {processor.py:830} INFO - Processing file /opt/airflow/dags/kaldata_dag.py for tasks to queue
[2026-05-27T09:22:51.819+0000] {logging_mixin.py:188} INFO - [2026-05-27T09:22:51.818+0000] {dagbag.py:540} INFO - Filling up the DagBag from /opt/airflow/dags/kaldata_dag.py
[2026-05-27T09:22:52.779+0000] {processor.py:840} INFO - DAG(s) 'kaldata_scraper' retrieved from /opt/airflow/dags/kaldata_dag.py
[2026-05-27T09:22:52.866+0000] {logging_mixin.py:188} INFO - [2026-05-27T09:22:52.866+0000] {dag.py:3047} INFO - Sync 1 DAGs
[2026-05-27T09:22:52.970+0000] {logging_mixin.py:188} INFO - [2026-05-27T09:22:52.970+0000] {dag.py:3834} INFO - Setting next_dagrun for kaldata_scraper to 2026-05-27 00:00:00+00:00, run_after=2026-05-28 00:00:00+00:00
[2026-05-27T09:22:54.846+0000] {processor.py:183} INFO - Processing /opt/airflow/dags/kaldata_dag.py took 3.565 seconds
[2026-05-27T09:23:31.046+0000] {processor.py:161} INFO - Started process (PID=191) to work on /opt/airflow/dags/kaldata_dag.py
[2026-05-27T09:23:31.049+0000] {processor.py:830} INFO - Processing file /opt/airflow/dags/kaldata_dag.py for tasks to queue
[2026-05-27T09:23:31.055+0000] {logging_mixin.py:188} INFO - [2026-05-27T09:23:31.053+0000] {dagbag.py:540} INFO - Filling up the DagBag from /opt/airflow/dags/kaldata_dag.py
[2026-05-27T09:23:31.395+0000] {processor.py:840} INFO - DAG(s) 'kaldata_scraper' retrieved from /opt/airflow/dags/kaldata_dag.py
[2026-05-27T09:23:31.652+0000] {logging_mixin.py:188} INFO - [2026-05-27T09:23:31.651+0000] {dag.py:3047} INFO - Sync 1 DAGs
[2026-05-27T09:23:32.072+0000] {logging_mixin.py:188} INFO - [2026-05-27T09:23:32.071+0000] {dag.py:3834} INFO - Setting next_dagrun for kaldata_scraper to 2026-05-27 00:00:00+00:00, run_after=2026-05-28 00:00:00+00:00
[2026-05-27T09:23:33.210+0000] {processor.py:183} INFO - Processing /opt/airflow/dags/kaldata_dag.py took 2.187 seconds
[2026-05-27T09:24:15.586+0000] {processor.py:161} INFO - Started process (PID=219) to work on /opt/airflow/dags/kaldata_dag.py
[2026-05-27T09:24:15.653+0000] {processor.py:830} INFO - Processing file /opt/airflow/dags/kaldata_dag.py for tasks to queue
[2026-05-27T09:24:15.735+0000] {logging_mixin.py:188} INFO - [2026-05-27T09:24:15.734+0000] {dagbag.py:540} INFO - Filling up the DagBag from /opt/airflow/dags/kaldata_dag.py
[2026-05-27T09:24:16.800+0000] {processor.py:840} INFO - DAG(s) 'kaldata_scraper' retrieved from /opt/airflow/dags/kaldata_dag.py
[2026-05-27T09:24:18.495+0000] {logging_mixin.py:188} INFO - [2026-05-27T09:24:18.495+0000] {dag.py:3047} INFO - Sync 1 DAGs
[2026-05-27T09:24:20.041+0000] {logging_mixin.py:188} INFO - [2026-05-27T09:24:20.040+0000] {dag.py:3834} INFO - Setting next_dagrun for kaldata_scraper to 2026-05-27 00:00:00+00:00, run_after=2026-05-28 00:00:00+00:00
[2026-05-27T09:24:20.738+0000] {processor.py:183} INFO - Processing /opt/airflow/dags/kaldata_dag.py took 5.440 seconds
[2026-05-27T09:24:58.550+0000] {processor.py:161} INFO - Started process (PID=249) to work on /opt/airflow/dags/kaldata_dag.py
[2026-05-27T09:24:58.630+0000] {processor.py:830} INFO - Processing file /opt/airflow/dags/kaldata_dag.py for tasks to queue
[2026-05-27T09:24:58.848+0000] {logging_mixin.py:188} INFO - [2026-05-27T09:24:58.821+0000] {dagbag.py:540} INFO - Filling up the DagBag from /opt/airflow/dags/kaldata_dag.py
[2026-05-27T09:25:04.208+0000] {processor.py:840} INFO - DAG(s) 'kaldata_scraper' retrieved from /opt/airflow/dags/kaldata_dag.py
[2026-05-27T09:25:05.086+0000] {logging_mixin.py:188} INFO - [2026-05-27T09:25:05.085+0000] {dag.py:3047} INFO - Sync 1 DAGs
[2026-05-27T09:25:07.188+0000] {logging_mixin.py:188} INFO - [2026-05-27T09:25:07.175+0000] {dag.py:3834} INFO - Setting next_dagrun for kaldata_scraper to 2026-05-27 00:00:00+00:00, run_after=2026-05-28 00:00:00+00:00
[2026-05-27T09:25:08.151+0000] {processor.py:183} INFO - Processing /opt/airflow/dags/kaldata_dag.py took 9.781 seconds
[2026-05-27T09:25:52.363+0000] {processor.py:161} INFO - Started process (PID=281) to work on /opt/airflow/dags/kaldata_dag.py
[2026-05-27T09:25:52.430+0000] {processor.py:830} INFO - Processing file /opt/airflow/dags/kaldata_dag.py for tasks to queue
[2026-05-27T09:25:52.656+0000] {logging_mixin.py:188} INFO - [2026-05-27T09:25:52.655+0000] {dagbag.py:540} INFO - Filling up the DagBag from /opt/airflow/dags/kaldata_dag.py
[2026-05-27T09:25:56.615+0000] {processor.py:840} INFO - DAG(s) 'kaldata_scraper' retrieved from /opt/airflow/dags/kaldata_dag.py
[2026-05-27T09:25:57.860+0000] {logging_mixin.py:188} INFO - [2026-05-27T09:25:57.859+0000] {dag.py:3047} INFO - Sync 1 DAGs
[2026-05-27T09:26:01.211+0000] {logging_mixin.py:188} INFO - [2026-05-27T09:26:01.211+0000] {dag.py:3834} INFO - Setting next_dagrun for kaldata_scraper to 2026-05-27 00:00:00+00:00, run_after=2026-05-28 00:00:00+00:00
[2026-05-27T09:26:02.981+0000] {processor.py:183} INFO - Processing /opt/airflow/dags/kaldata_dag.py took 11.046 seconds
[2026-05-27T09:26:40.445+0000] {processor.py:161} INFO - Started process (PID=311) to work on /opt/airflow/dags/kaldata_dag.py
[2026-05-27T09:26:40.554+0000] {processor.py:830} INFO - Processing file /opt/airflow/dags/kaldata_dag.py for tasks to queue
[2026-05-27T09:26:40.588+0000] {logging_mixin.py:188} INFO - [2026-05-27T09:26:40.587+0000] {dagbag.py:540} INFO - Filling up the DagBag from /opt/airflow/dags/kaldata_dag.py
[2026-05-27T09:26:43.108+0000] {processor.py:840} INFO - DAG(s) 'kaldata_scraper' retrieved from /opt/airflow/dags/kaldata_dag.py
[2026-05-27T09:26:44.247+0000] {logging_mixin.py:188} INFO - [2026-05-27T09:26:44.247+0000] {dag.py:3047} INFO - Sync 1 DAGs
[2026-05-27T09:26:44.828+0000] {logging_mixin.py:188} INFO - [2026-05-27T09:26:44.799+0000] {dag.py:3834} INFO - Setting next_dagrun for kaldata_scraper to 2026-05-27 00:00:00+00:00, run_after=2026-05-28 00:00:00+00:00
[2026-05-27T09:26:45.929+0000] {processor.py:183} INFO - Processing /opt/airflow/dags/kaldata_dag.py took 5.581 seconds
[2026-05-27T09:27:23.634+0000] {processor.py:161} INFO - Started process (PID=341) to work on /opt/airflow/dags/kaldata_dag.py
[2026-05-27T09:27:23.707+0000] {processor.py:830} INFO - Processing file /opt/airflow/dags/kaldata_dag.py for tasks to queue
[2026-05-27T09:27:23.746+0000] {logging_mixin.py:188} INFO - [2026-05-27T09:27:23.744+0000] {dagbag.py:540} INFO - Filling up the DagBag from /opt/airflow/dags/kaldata_dag.py
[2026-05-27T09:27:24.043+0000] {processor.py:840} INFO - DAG(s) 'kaldata_scraper' retrieved from /opt/airflow/dags/kaldata_dag.py
[2026-05-27T09:27:24.485+0000] {logging_mixin.py:188} INFO - [2026-05-27T09:27:24.484+0000] {dag.py:3047} INFO - Sync 1 DAGs
[2026-05-27T09:27:25.273+0000] {logging_mixin.py:188} INFO - [2026-05-27T09:27:25.257+0000] {dag.py:3834} INFO - Setting next_dagrun for kaldata_scraper to 2026-05-27 00:00:00+00:00, run_after=2026-05-28 00:00:00+00:00
[2026-05-27T09:27:25.670+0000] {processor.py:183} INFO - Processing /opt/airflow/dags/kaldata_dag.py took 2.190 seconds
[2026-05-27T09:27:56.992+0000] {processor.py:161} INFO - Started process (PID=371) to work on /opt/airflow/dags/kaldata_dag.py
[2026-05-27T09:27:56.997+0000] {processor.py:830} INFO - Processing file /opt/airflow/dags/kaldata_dag.py for tasks to queue
[2026-05-27T09:27:57.001+0000] {logging_mixin.py:188} INFO - [2026-05-27T09:27:57.000+0000] {dagbag.py:540} INFO - Filling up the DagBag from /opt/airflow/dags/kaldata_dag.py
[2026-05-27T09:27:57.102+0000] {processor.py:840} INFO - DAG(s) 'kaldata_scraper' retrieved from /opt/airflow/dags/kaldata_dag.py
[2026-05-27T09:27:57.207+0000] {logging_mixin.py:188} INFO - [2026-05-27T09:27:57.207+0000] {dag.py:3047} INFO - Sync 1 DAGs
[2026-05-27T09:27:57.766+0000] {logging_mixin.py:188} INFO - [2026-05-27T09:27:57.694+0000] {dag.py:3834} INFO - Setting next_dagrun for kaldata_scraper to 2026-05-27 00:00:00+00:00, run_after=2026-05-28 00:00:00+00:00
[2026-05-27T09:27:58.345+0000] {processor.py:183} INFO - Processing /opt/airflow/dags/kaldata_dag.py took 1.372 seconds
[2026-05-27T09:28:30.690+0000] {processor.py:161} INFO - Started process (PID=401) to work on /opt/airflow/dags/kaldata_dag.py
[2026-05-27T09:28:30.701+0000] {processor.py:830} INFO - Processing file /opt/airflow/dags/kaldata_dag.py for tasks to queue
[2026-05-27T09:28:30.705+0000] {logging_mixin.py:188} INFO - [2026-05-27T09:28:30.704+0000] {dagbag.py:540} INFO - Filling up the DagBag from /opt/airflow/dags/kaldata_dag.py
[2026-05-27T09:28:30.871+0000] {processor.py:840} INFO - DAG(s) 'kaldata_scraper' retrieved from /opt/airflow/dags/kaldata_dag.py
[2026-05-27T09:28:31.076+0000] {logging_mixin.py:188} INFO - [2026-05-27T09:28:31.076+0000] {dag.py:3047} INFO - Sync 1 DAGs
[2026-05-27T09:28:31.643+0000] {logging_mixin.py:188} INFO - [2026-05-27T09:28:31.596+0000] {dag.py:3834} INFO - Setting next_dagrun for kaldata_scraper to 2026-05-27 00:00:00+00:00, run_after=2026-05-28 00:00:00+00:00
[2026-05-27T09:28:32.242+0000] {processor.py:183} INFO - Processing /opt/airflow/dags/kaldata_dag.py took 1.605 seconds
[2026-05-27T09:29:09.603+0000] {processor.py:161} INFO - Started process (PID=431) to work on /opt/airflow/dags/kaldata_dag.py
[2026-05-27T09:29:09.664+0000] {processor.py:830} INFO - Processing file /opt/airflow/dags/kaldata_dag.py for tasks to queue
[2026-05-27T09:29:09.681+0000] {logging_mixin.py:188} INFO - [2026-05-27T09:29:09.680+0000] {dagbag.py:540} INFO - Filling up the DagBag from /opt/airflow/dags/kaldata_dag.py
[2026-05-27T09:29:10.246+0000] {processor.py:840} INFO - DAG(s) 'kaldata_scraper' retrieved from /opt/airflow/dags/kaldata_dag.py
[2026-05-27T09:29:10.740+0000] {logging_mixin.py:188} INFO - [2026-05-27T09:29:10.739+0000] {dag.py:3047} INFO - Sync 1 DAGs
[2026-05-27T09:29:11.693+0000] {logging_mixin.py:188} INFO - [2026-05-27T09:29:11.692+0000] {dag.py:3834} INFO - Setting next_dagrun for kaldata_scraper to 2026-05-27 00:00:00+00:00, run_after=2026-05-28 00:00:00+00:00
[2026-05-27T09:29:11.960+0000] {processor.py:183} INFO - Processing /opt/airflow/dags/kaldata_dag.py took 2.424 seconds
[2026-05-27T09:29:42.944+0000] {processor.py:161} INFO - Started process (PID=461) to work on /opt/airflow/dags/kaldata_dag.py
[2026-05-27T09:29:42.966+0000] {processor.py:830} INFO - Processing file /opt/airflow/dags/kaldata_dag.py for tasks to queue
[2026-05-27T09:29:42.980+0000] {logging_mixin.py:188} INFO - [2026-05-27T09:29:42.979+0000] {dagbag.py:540} INFO - Filling up the DagBag from /opt/airflow/dags/kaldata_dag.py
[2026-05-27T09:29:43.175+0000] {processor.py:840} INFO - DAG(s) 'kaldata_scraper' retrieved from /opt/airflow/dags/kaldata_dag.py
[2026-05-27T09:29:43.326+0000] {logging_mixin.py:188} INFO - [2026-05-27T09:29:43.325+0000] {dag.py:3047} INFO - Sync 1 DAGs
[2026-05-27T09:29:44.075+0000] {logging_mixin.py:188} INFO - [2026-05-27T09:29:44.074+0000] {dag.py:3834} INFO - Setting next_dagrun for kaldata_scraper to 2026-05-27 00:00:00+00:00, run_after=2026-05-28 00:00:00+00:00
[2026-05-27T09:29:44.898+0000] {processor.py:183} INFO - Processing /opt/airflow/dags/kaldata_dag.py took 2.010 seconds
[2026-05-27T09:30:19.508+0000] {processor.py:161} INFO - Started process (PID=489) to work on /opt/airflow/dags/kaldata_dag.py
[2026-05-27T09:30:19.618+0000] {processor.py:830} INFO - Processing file /opt/airflow/dags/kaldata_dag.py for tasks to queue
[2026-05-27T09:30:19.763+0000] {logging_mixin.py:188} INFO - [2026-05-27T09:30:19.762+0000] {dagbag.py:540} INFO - Filling up the DagBag from /opt/airflow/dags/kaldata_dag.py
[2026-05-27T09:30:21.968+0000] {processor.py:840} INFO - DAG(s) 'kaldata_scraper' retrieved from /opt/airflow/dags/kaldata_dag.py
[2026-05-27T09:30:22.480+0000] {logging_mixin.py:188} INFO - [2026-05-27T09:30:22.479+0000] {dag.py:3047} INFO - Sync 1 DAGs
[2026-05-27T09:30:23.113+0000] {logging_mixin.py:188} INFO - [2026-05-27T09:30:23.097+0000] {dag.py:3834} INFO - Setting next_dagrun for kaldata_scraper to 2026-05-27 00:00:00+00:00, run_after=2026-05-28 00:00:00+00:00
[2026-05-27T09:30:23.929+0000] {processor.py:183} INFO - Processing /opt/airflow/dags/kaldata_dag.py took 4.685 seconds
[2026-05-27T09:30:56.330+0000] {processor.py:161} INFO - Started process (PID=521) to work on /opt/airflow/dags/kaldata_dag.py
[2026-05-27T09:30:56.388+0000] {processor.py:830} INFO - Processing file /opt/airflow/dags/kaldata_dag.py for tasks to queue
[2026-05-27T09:30:56.408+0000] {logging_mixin.py:188} INFO - [2026-05-27T09:30:56.406+0000] {dagbag.py:540} INFO - Filling up the DagBag from /opt/airflow/dags/kaldata_dag.py
[2026-05-27T09:30:57.530+0000] {processor.py:840} INFO - DAG(s) 'kaldata_scraper' retrieved from /opt/airflow/dags/kaldata_dag.py
[2026-05-27T09:30:58.074+0000] {logging_mixin.py:188} INFO - [2026-05-27T09:30:58.073+0000] {dag.py:3047} INFO - Sync 1 DAGs
[2026-05-27T09:30:58.386+0000] {logging_mixin.py:188} INFO - [2026-05-27T09:30:58.386+0000] {dag.py:3834} INFO - Setting next_dagrun for kaldata_scraper to 2026-05-27 00:00:00+00:00, run_after=2026-05-28 00:00:00+00:00
[2026-05-27T09:30:58.612+0000] {processor.py:183} INFO - Processing /opt/airflow/dags/kaldata_dag.py took 2.593 seconds
[2026-05-27T09:31:30.135+0000] {processor.py:161} INFO - Started process (PID=554) to work on /opt/airflow/dags/kaldata_dag.py
[2026-05-27T09:31:30.141+0000] {processor.py:830} INFO - Processing file /opt/airflow/dags/kaldata_dag.py for tasks to queue
[2026-05-27T09:31:30.146+0000] {logging_mixin.py:188} INFO - [2026-05-27T09:31:30.145+0000] {dagbag.py:540} INFO - Filling up the DagBag from /opt/airflow/dags/kaldata_dag.py
[2026-05-27T09:31:30.257+0000] {processor.py:840} INFO - DAG(s) 'kaldata_scraper' retrieved from /opt/airflow/dags/kaldata_dag.py
[2026-05-27T09:31:30.527+0000] {logging_mixin.py:188} INFO - [2026-05-27T09:31:30.497+0000] {dag.py:3047} INFO - Sync 1 DAGs
[2026-05-27T09:31:31.260+0000] {logging_mixin.py:188} INFO - [2026-05-27T09:31:31.259+0000] {dag.py:3834} INFO - Setting next_dagrun for kaldata_scraper to 2026-05-27 00:00:00+00:00, run_after=2026-05-28 00:00:00+00:00
[2026-05-27T09:31:31.876+0000] {processor.py:183} INFO - Processing /opt/airflow/dags/kaldata_dag.py took 1.798 seconds
[2026-05-27T09:32:03.135+0000] {processor.py:161} INFO - Started process (PID=581) to work on /opt/airflow/dags/kaldata_dag.py
[2026-05-27T09:32:03.157+0000] {processor.py:830} INFO - Processing file /opt/airflow/dags/kaldata_dag.py for tasks to queue
[2026-05-27T09:32:03.186+0000] {logging_mixin.py:188} INFO - [2026-05-27T09:32:03.162+0000] {dagbag.py:540} INFO - Filling up the DagBag from /opt/airflow/dags/kaldata_dag.py
[2026-05-27T09:32:03.384+0000] {processor.py:840} INFO - DAG(s) 'kaldata_scraper' retrieved from /opt/airflow/dags/kaldata_dag.py
[2026-05-27T09:32:03.741+0000] {logging_mixin.py:188} INFO - [2026-05-27T09:32:03.740+0000] {dag.py:3047} INFO - Sync 1 DAGs
[2026-05-27T09:32:04.914+0000] {logging_mixin.py:188} INFO - [2026-05-27T09:32:04.914+0000] {dag.py:3834} INFO - Setting next_dagrun for kaldata_scraper to 2026-05-27 00:00:00+00:00, run_after=2026-05-28 00:00:00+00:00
[2026-05-27T09:32:05.922+0000] {processor.py:183} INFO - Processing /opt/airflow/dags/kaldata_dag.py took 2.836 seconds
[2026-05-27T09:32:39.955+0000] {processor.py:161} INFO - Started process (PID=609) to work on /opt/airflow/dags/kaldata_dag.py
[2026-05-27T09:32:40.004+0000] {processor.py:830} INFO - Processing file /opt/airflow/dags/kaldata_dag.py for tasks to queue
[2026-05-27T09:32:40.027+0000] {logging_mixin.py:188} INFO - [2026-05-27T09:32:40.026+0000] {dagbag.py:540} INFO - Filling up the DagBag from /opt/airflow/dags/kaldata_dag.py
[2026-05-27T09:32:40.698+0000] {processor.py:840} INFO - DAG(s) 'kaldata_scraper' retrieved from /opt/airflow/dags/kaldata_dag.py
[2026-05-27T09:32:45.160+0000] {logging_mixin.py:188} INFO - [2026-05-27T09:32:45.143+0000] {dag.py:3047} INFO - Sync 1 DAGs
[2026-05-27T09:32:47.373+0000] {logging_mixin.py:188} INFO - [2026-05-27T09:32:47.372+0000] {dag.py:3834} INFO - Setting next_dagrun for kaldata_scraper to 2026-05-27 00:00:00+00:00, run_after=2026-05-28 00:00:00+00:00
[2026-05-27T09:32:48.290+0000] {processor.py:183} INFO - Processing /opt/airflow/dags/kaldata_dag.py took 8.558 seconds
[2026-05-27T09:33:32.825+0000] {processor.py:161} INFO - Started process (PID=640) to work on /opt/airflow/dags/kaldata_dag.py
[2026-05-27T09:33:32.969+0000] {processor.py:830} INFO - Processing file /opt/airflow/dags/kaldata_dag.py for tasks to queue
[2026-05-27T09:33:33.145+0000] {logging_mixin.py:188} INFO - [2026-05-27T09:33:33.135+0000] {dagbag.py:540} INFO - Filling up the DagBag from /opt/airflow/dags/kaldata_dag.py
[2026-05-27T09:33:36.205+0000] {processor.py:840} INFO - DAG(s) 'kaldata_scraper' retrieved from /opt/airflow/dags/kaldata_dag.py
[2026-05-27T09:33:38.291+0000] {logging_mixin.py:188} INFO - [2026-05-27T09:33:38.290+0000] {dag.py:3047} INFO - Sync 1 DAGs
[2026-05-27T09:33:38.945+0000] {logging_mixin.py:188} INFO - [2026-05-27T09:33:38.944+0000] {dag.py:3834} INFO - Setting next_dagrun for kaldata_scraper to 2026-05-27 00:00:00+00:00, run_after=2026-05-28 00:00:00+00:00
[2026-05-27T09:33:39.335+0000] {processor.py:183} INFO - Processing /opt/airflow/dags/kaldata_dag.py took 6.628 seconds
[2026-05-27T09:34:10.121+0000] {processor.py:161} INFO - Started process (PID=670) to work on /opt/airflow/dags/kaldata_dag.py
[2026-05-27T09:34:10.139+0000] {processor.py:830} INFO - Processing file /opt/airflow/dags/kaldata_dag.py for tasks to queue
[2026-05-27T09:34:10.152+0000] {logging_mixin.py:188} INFO - [2026-05-27T09:34:10.146+0000] {dagbag.py:540} INFO - Filling up the DagBag from /opt/airflow/dags/kaldata_dag.py
[2026-05-27T09:34:10.612+0000] {processor.py:840} INFO - DAG(s) 'kaldata_scraper' retrieved from /opt/airflow/dags/kaldata_dag.py
[2026-05-27T09:34:11.417+0000] {logging_mixin.py:188} INFO - [2026-05-27T09:34:11.416+0000] {dag.py:3047} INFO - Sync 1 DAGs
[2026-05-27T09:34:11.771+0000] {logging_mixin.py:188} INFO - [2026-05-27T09:34:11.770+0000] {dag.py:3834} INFO - Setting next_dagrun for kaldata_scraper to 2026-05-27 00:00:00+00:00, run_after=2026-05-28 00:00:00+00:00
[2026-05-27T09:34:12.394+0000] {processor.py:183} INFO - Processing /opt/airflow/dags/kaldata_dag.py took 2.331 seconds
[2026-05-27T09:34:49.948+0000] {processor.py:161} INFO - Started process (PID=700) to work on /opt/airflow/dags/kaldata_dag.py
[2026-05-27T09:34:49.963+0000] {processor.py:830} INFO - Processing file /opt/airflow/dags/kaldata_dag.py for tasks to queue
[2026-05-27T09:34:50.044+0000] {logging_mixin.py:188} INFO - [2026-05-27T09:34:50.043+0000] {dagbag.py:540} INFO - Filling up the DagBag from /opt/airflow/dags/kaldata_dag.py
[2026-05-27T09:34:53.300+0000] {processor.py:840} INFO - DAG(s) 'kaldata_scraper' retrieved from /opt/airflow/dags/kaldata_dag.py
[2026-05-27T09:34:53.995+0000] {logging_mixin.py:188} INFO - [2026-05-27T09:34:53.991+0000] {dag.py:3047} INFO - Sync 1 DAGs
[2026-05-27T09:34:54.171+0000] {logging_mixin.py:188} INFO - [2026-05-27T09:34:54.171+0000] {dag.py:3834} INFO - Setting next_dagrun for kaldata_scraper to 2026-05-27 00:00:00+00:00, run_after=2026-05-28 00:00:00+00:00
[2026-05-27T09:34:54.689+0000] {processor.py:183} INFO - Processing /opt/airflow/dags/kaldata_dag.py took 4.967 seconds
[2026-05-27T09:35:25.453+0000] {processor.py:161} INFO - Started process (PID=733) to work on /opt/airflow/dags/kaldata_dag.py
[2026-05-27T09:35:25.472+0000] {processor.py:830} INFO - Processing file /opt/airflow/dags/kaldata_dag.py for tasks to queue
[2026-05-27T09:35:25.490+0000] {logging_mixin.py:188} INFO - [2026-05-27T09:35:25.479+0000] {dagbag.py:540} INFO - Filling up the DagBag from /opt/airflow/dags/kaldata_dag.py
[2026-05-27T09:35:26.591+0000] {processor.py:840} INFO - DAG(s) 'kaldata_scraper' retrieved from /opt/airflow/dags/kaldata_dag.py
[2026-05-27T09:35:26.689+0000] {logging_mixin.py:188} INFO - [2026-05-27T09:35:26.688+0000] {dag.py:3047} INFO - Sync 1 DAGs
[2026-05-27T09:35:26.780+0000] {logging_mixin.py:188} INFO - [2026-05-27T09:35:26.779+0000] {dag.py:3834} INFO - Setting next_dagrun for kaldata_scraper to 2026-05-27 00:00:00+00:00, run_after=2026-05-28 00:00:00+00:00
[2026-05-27T09:35:26.979+0000] {processor.py:183} INFO - Processing /opt/airflow/dags/kaldata_dag.py took 1.578 seconds
[2026-05-27T09:35:58.584+0000] {processor.py:161} INFO - Started process (PID=763) to work on /opt/airflow/dags/kaldata_dag.py
[2026-05-27T09:35:58.594+0000] {processor.py:830} INFO - Processing file /opt/airflow/dags/kaldata_dag.py for tasks to queue
[2026-05-27T09:35:58.607+0000] {logging_mixin.py:188} INFO - [2026-05-27T09:35:58.606+0000] {dagbag.py:540} INFO - Filling up the DagBag from /opt/airflow/dags/kaldata_dag.py
[2026-05-27T09:35:58.944+0000] {processor.py:840} INFO - DAG(s) 'kaldata_scraper' retrieved from /opt/airflow/dags/kaldata_dag.py
[2026-05-27T09:35:59.764+0000] {logging_mixin.py:188} INFO - [2026-05-27T09:35:59.764+0000] {dag.py:3047} INFO - Sync 1 DAGs
[2026-05-27T09:36:00.429+0000] {logging_mixin.py:188} INFO - [2026-05-27T09:36:00.428+0000] {dag.py:3834} INFO - Setting next_dagrun for kaldata_scraper to 2026-05-27 00:00:00+00:00, run_after=2026-05-28 00:00:00+00:00
[2026-05-27T09:36:00.627+0000] {processor.py:183} INFO - Processing /opt/airflow/dags/kaldata_dag.py took 2.193 seconds
[2026-05-27T09:36:31.696+0000] {processor.py:161} INFO - Started process (PID=794) to work on /opt/airflow/dags/kaldata_dag.py
[2026-05-27T09:36:31.708+0000] {processor.py:830} INFO - Processing file /opt/airflow/dags/kaldata_dag.py for tasks to queue
[2026-05-27T09:36:31.718+0000] {logging_mixin.py:188} INFO - [2026-05-27T09:36:31.715+0000] {dagbag.py:540} INFO - Filling up the DagBag from /opt/airflow/dags/kaldata_dag.py
[2026-05-27T09:36:33.075+0000] {processor.py:840} INFO - DAG(s) 'kaldata_scraper' retrieved from /opt/airflow/dags/kaldata_dag.py
[2026-05-27T09:36:33.779+0000] {logging_mixin.py:188} INFO - [2026-05-27T09:36:33.778+0000] {dag.py:3047} INFO - Sync 1 DAGs
[2026-05-27T09:36:34.416+0000] {logging_mixin.py:188} INFO - [2026-05-27T09:36:34.416+0000] {dag.py:3834} INFO - Setting next_dagrun for kaldata_scraper to 2026-05-27 00:00:00+00:00, run_after=2026-05-28 00:00:00+00:00
[2026-05-27T09:36:34.956+0000] {processor.py:183} INFO - Processing /opt/airflow/dags/kaldata_dag.py took 3.318 seconds
[2026-05-27T09:37:06.252+0000] {processor.py:161} INFO - Started process (PID=829) to work on /opt/airflow/dags/kaldata_dag.py
[2026-05-27T09:37:06.267+0000] {processor.py:830} INFO - Processing file /opt/airflow/dags/kaldata_dag.py for tasks to queue
[2026-05-27T09:37:06.273+0000] {logging_mixin.py:188} INFO - [2026-05-27T09:37:06.272+0000] {dagbag.py:540} INFO - Filling up the DagBag from /opt/airflow/dags/kaldata_dag.py
[2026-05-27T09:37:06.439+0000] {processor.py:840} INFO - DAG(s) 'kaldata_scraper' retrieved from /opt/airflow/dags/kaldata_dag.py
[2026-05-27T09:37:06.646+0000] {logging_mixin.py:188} INFO - [2026-05-27T09:37:06.644+0000] {dag.py:3047} INFO - Sync 1 DAGs
[2026-05-27T09:37:06.874+0000] {logging_mixin.py:188} INFO - [2026-05-27T09:37:06.873+0000] {dag.py:3834} INFO - Setting next_dagrun for kaldata_scraper to 2026-05-27 00:00:00+00:00, run_after=2026-05-28 00:00:00+00:00
[2026-05-27T09:37:07.053+0000] {processor.py:183} INFO - Processing /opt/airflow/dags/kaldata_dag.py took 0.831 seconds
[2026-05-27T09:37:37.982+0000] {processor.py:161} INFO - Started process (PID=863) to work on /opt/airflow/dags/kaldata_dag.py
[2026-05-27T09:37:37.988+0000] {processor.py:830} INFO - Processing file /opt/airflow/dags/kaldata_dag.py for tasks to queue
[2026-05-27T09:37:37.992+0000] {logging_mixin.py:188} INFO - [2026-05-27T09:37:37.991+0000] {dagbag.py:540} INFO - Filling up the DagBag from /opt/airflow/dags/kaldata_dag.py
[2026-05-27T09:37:38.060+0000] {processor.py:840} INFO - DAG(s) 'kaldata_scraper' retrieved from /opt/airflow/dags/kaldata_dag.py
[2026-05-27T09:37:38.142+0000] {logging_mixin.py:188} INFO - [2026-05-27T09:37:38.141+0000] {dag.py:3047} INFO - Sync 1 DAGs
[2026-05-27T09:37:38.218+0000] {logging_mixin.py:188} INFO - [2026-05-27T09:37:38.217+0000] {dag.py:3834} INFO - Setting next_dagrun for kaldata_scraper to 2026-05-27 00:00:00+00:00, run_after=2026-05-28 00:00:00+00:00
[2026-05-27T09:37:38.289+0000] {processor.py:183} INFO - Processing /opt/airflow/dags/kaldata_dag.py took 0.321 seconds
[2026-05-27T09:38:08.634+0000] {processor.py:161} INFO - Started process (PID=893) to work on /opt/airflow/dags/kaldata_dag.py
[2026-05-27T09:38:08.637+0000] {processor.py:830} INFO - Processing file /opt/airflow/dags/kaldata_dag.py for tasks to queue
[2026-05-27T09:38:08.640+0000] {logging_mixin.py:188} INFO - [2026-05-27T09:38:08.639+0000] {dagbag.py:540} INFO - Filling up the DagBag from /opt/airflow/dags/kaldata_dag.py
[2026-05-27T09:38:08.698+0000] {processor.py:840} INFO - DAG(s) 'kaldata_scraper' retrieved from /opt/airflow/dags/kaldata_dag.py
[2026-05-27T09:38:08.789+0000] {logging_mixin.py:188} INFO - [2026-05-27T09:38:08.778+0000] {dag.py:3047} INFO - Sync 1 DAGs
[2026-05-27T09:38:08.981+0000] {logging_mixin.py:188} INFO - [2026-05-27T09:38:08.970+0000] {dag.py:3834} INFO - Setting next_dagrun for kaldata_scraper to 2026-05-27 00:00:00+00:00, run_after=2026-05-28 00:00:00+00:00
[2026-05-27T09:38:09.169+0000] {processor.py:183} INFO - Processing /opt/airflow/dags/kaldata_dag.py took 0.545 seconds
[2026-05-27T09:38:39.468+0000] {processor.py:161} INFO - Started process (PID=923) to work on /opt/airflow/dags/kaldata_dag.py
[2026-05-27T09:38:39.471+0000] {processor.py:830} INFO - Processing file /opt/airflow/dags/kaldata_dag.py for tasks to queue
[2026-05-27T09:38:39.474+0000] {logging_mixin.py:188} INFO - [2026-05-27T09:38:39.474+0000] {dagbag.py:540} INFO - Filling up the DagBag from /opt/airflow/dags/kaldata_dag.py
[2026-05-27T09:38:39.529+0000] {processor.py:840} INFO - DAG(s) 'kaldata_scraper' retrieved from /opt/airflow/dags/kaldata_dag.py
[2026-05-27T09:38:39.597+0000] {logging_mixin.py:188} INFO - [2026-05-27T09:38:39.596+0000] {dag.py:3047} INFO - Sync 1 DAGs
[2026-05-27T09:38:39.669+0000] {logging_mixin.py:188} INFO - [2026-05-27T09:38:39.668+0000] {dag.py:3834} INFO - Setting next_dagrun for kaldata_scraper to 2026-05-27 00:00:00+00:00, run_after=2026-05-28 00:00:00+00:00
[2026-05-27T09:38:39.726+0000] {processor.py:183} INFO - Processing /opt/airflow/dags/kaldata_dag.py took 0.268 seconds
[2026-05-27T09:39:10.412+0000] {processor.py:161} INFO - Started process (PID=953) to work on /opt/airflow/dags/kaldata_dag.py
[2026-05-27T09:39:10.415+0000] {processor.py:830} INFO - Processing file /opt/airflow/dags/kaldata_dag.py for tasks to queue
[2026-05-27T09:39:10.418+0000] {logging_mixin.py:188} INFO - [2026-05-27T09:39:10.418+0000] {dagbag.py:540} INFO - Filling up the DagBag from /opt/airflow/dags/kaldata_dag.py
[2026-05-27T09:39:10.479+0000] {processor.py:840} INFO - DAG(s) 'kaldata_scraper' retrieved from /opt/airflow/dags/kaldata_dag.py
[2026-05-27T09:39:10.624+0000] {logging_mixin.py:188} INFO - [2026-05-27T09:39:10.624+0000] {dag.py:3047} INFO - Sync 1 DAGs
[2026-05-27T09:39:10.802+0000] {logging_mixin.py:188} INFO - [2026-05-27T09:39:10.802+0000] {dag.py:3834} INFO - Setting next_dagrun for kaldata_scraper to 2026-05-27 00:00:00+00:00, run_after=2026-05-28 00:00:00+00:00
[2026-05-27T09:39:11.047+0000] {processor.py:183} INFO - Processing /opt/airflow/dags/kaldata_dag.py took 0.645 seconds
[2026-05-27T09:39:41.283+0000] {processor.py:161} INFO - Started process (PID=983) to work on /opt/airflow/dags/kaldata_dag.py
[2026-05-27T09:39:41.287+0000] {processor.py:830} INFO - Processing file /opt/airflow/dags/kaldata_dag.py for tasks to queue
[2026-05-27T09:39:41.290+0000] {logging_mixin.py:188} INFO - [2026-05-27T09:39:41.289+0000] {dagbag.py:540} INFO - Filling up the DagBag from /opt/airflow/dags/kaldata_dag.py
[2026-05-27T09:39:41.345+0000] {processor.py:840} INFO - DAG(s) 'kaldata_scraper' retrieved from /opt/airflow/dags/kaldata_dag.py
[2026-05-27T09:39:41.507+0000] {logging_mixin.py:188} INFO - [2026-05-27T09:39:41.506+0000] {dag.py:3047} INFO - Sync 1 DAGs
[2026-05-27T09:39:41.693+0000] {logging_mixin.py:188} INFO - [2026-05-27T09:39:41.681+0000] {dag.py:3834} INFO - Setting next_dagrun for kaldata_scraper to 2026-05-27 00:00:00+00:00, run_after=2026-05-28 00:00:00+00:00
[2026-05-27T09:39:41.837+0000] {processor.py:183} INFO - Processing /opt/airflow/dags/kaldata_dag.py took 0.564 seconds
[2026-05-27T09:40:12.404+0000] {processor.py:161} INFO - Started process (PID=1013) to work on /opt/airflow/dags/kaldata_dag.py
[2026-05-27T09:40:12.407+0000] {processor.py:830} INFO - Processing file /opt/airflow/dags/kaldata_dag.py for tasks to queue
[2026-05-27T09:40:12.409+0000] {logging_mixin.py:188} INFO - [2026-05-27T09:40:12.408+0000] {dagbag.py:540} INFO - Filling up the DagBag from /opt/airflow/dags/kaldata_dag.py
[2026-05-27T09:40:12.462+0000] {processor.py:840} INFO - DAG(s) 'kaldata_scraper' retrieved from /opt/airflow/dags/kaldata_dag.py
[2026-05-27T09:40:12.556+0000] {logging_mixin.py:188} INFO - [2026-05-27T09:40:12.555+0000] {dag.py:3047} INFO - Sync 1 DAGs
[2026-05-27T09:40:12.805+0000] {logging_mixin.py:188} INFO - [2026-05-27T09:40:12.804+0000] {dag.py:3834} INFO - Setting next_dagrun for kaldata_scraper to 2026-05-27 00:00:00+00:00, run_after=2026-05-28 00:00:00+00:00
[2026-05-27T09:40:12.964+0000] {processor.py:183} INFO - Processing /opt/airflow/dags/kaldata_dag.py took 0.572 seconds
[2026-05-27T09:40:43.390+0000] {processor.py:161} INFO - Started process (PID=1043) to work on /opt/airflow/dags/kaldata_dag.py
[2026-05-27T09:40:43.396+0000] {processor.py:830} INFO - Processing file /opt/airflow/dags/kaldata_dag.py for tasks to queue
[2026-05-27T09:40:43.402+0000] {logging_mixin.py:188} INFO - [2026-05-27T09:40:43.401+0000] {dagbag.py:540} INFO - Filling up the DagBag from /opt/airflow/dags/kaldata_dag.py
[2026-05-27T09:40:44.547+0000] {processor.py:840} INFO - DAG(s) 'kaldata_scraper' retrieved from /opt/airflow/dags/kaldata_dag.py
[2026-05-27T09:40:44.729+0000] {logging_mixin.py:188} INFO - [2026-05-27T09:40:44.728+0000] {dag.py:3047} INFO - Sync 1 DAGs
[2026-05-27T09:40:44.997+0000] {logging_mixin.py:188} INFO - [2026-05-27T09:40:44.995+0000] {dag.py:3834} INFO - Setting next_dagrun for kaldata_scraper to 2026-05-27 00:00:00+00:00, run_after=2026-05-28 00:00:00+00:00
[2026-05-27T09:40:45.107+0000] {processor.py:183} INFO - Processing /opt/airflow/dags/kaldata_dag.py took 1.736 seconds
[2026-05-27T09:41:15.919+0000] {processor.py:161} INFO - Started process (PID=1073) to work on /opt/airflow/dags/kaldata_dag.py
[2026-05-27T09:41:15.927+0000] {processor.py:830} INFO - Processing file /opt/airflow/dags/kaldata_dag.py for tasks to queue
[2026-05-27T09:41:15.930+0000] {logging_mixin.py:188} INFO - [2026-05-27T09:41:15.929+0000] {dagbag.py:540} INFO - Filling up the DagBag from /opt/airflow/dags/kaldata_dag.py
[2026-05-27T09:41:15.993+0000] {processor.py:840} INFO - DAG(s) 'kaldata_scraper' retrieved from /opt/airflow/dags/kaldata_dag.py
[2026-05-27T09:41:16.106+0000] {logging_mixin.py:188} INFO - [2026-05-27T09:41:16.105+0000] {dag.py:3047} INFO - Sync 1 DAGs
[2026-05-27T09:41:16.232+0000] {logging_mixin.py:188} INFO - [2026-05-27T09:41:16.231+0000] {dag.py:3834} INFO - Setting next_dagrun for kaldata_scraper to 2026-05-27 00:00:00+00:00, run_after=2026-05-28 00:00:00+00:00
[2026-05-27T09:41:18.038+0000] {processor.py:183} INFO - Processing /opt/airflow/dags/kaldata_dag.py took 2.130 seconds
[2026-05-27T09:41:50.320+0000] {processor.py:161} INFO - Started process (PID=1103) to work on /opt/airflow/dags/kaldata_dag.py
[2026-05-27T09:41:50.440+0000] {processor.py:830} INFO - Processing file /opt/airflow/dags/kaldata_dag.py for tasks to queue
[2026-05-27T09:41:50.499+0000] {logging_mixin.py:188} INFO - [2026-05-27T09:41:50.498+0000] {dagbag.py:540} INFO - Filling up the DagBag from /opt/airflow/dags/kaldata_dag.py
[2026-05-27T09:41:51.735+0000] {processor.py:840} INFO - DAG(s) 'kaldata_scraper' retrieved from /opt/airflow/dags/kaldata_dag.py
[2026-05-27T09:41:52.201+0000] {logging_mixin.py:188} INFO - [2026-05-27T09:41:52.199+0000] {dag.py:3047} INFO - Sync 1 DAGs
[2026-05-27T09:41:52.683+0000] {logging_mixin.py:188} INFO - [2026-05-27T09:41:52.681+0000] {dag.py:3834} INFO - Setting next_dagrun for kaldata_scraper to 2026-05-27 00:00:00+00:00, run_after=2026-05-28 00:00:00+00:00
[2026-05-27T09:41:53.387+0000] {processor.py:183} INFO - Processing /opt/airflow/dags/kaldata_dag.py took 3.077 seconds
[2026-05-27T09:42:25.882+0000] {processor.py:161} INFO - Started process (PID=1133) to work on /opt/airflow/dags/kaldata_dag.py
[2026-05-27T09:42:25.914+0000] {processor.py:830} INFO - Processing file /opt/airflow/dags/kaldata_dag.py for tasks to queue
[2026-05-27T09:42:25.945+0000] {logging_mixin.py:188} INFO - [2026-05-27T09:42:25.944+0000] {dagbag.py:540} INFO - Filling up the DagBag from /opt/airflow/dags/kaldata_dag.py
[2026-05-27T09:42:26.989+0000] {processor.py:840} INFO - DAG(s) 'kaldata_scraper' retrieved from /opt/airflow/dags/kaldata_dag.py
[2026-05-27T09:42:27.201+0000] {logging_mixin.py:188} INFO - [2026-05-27T09:42:27.200+0000] {dag.py:3047} INFO - Sync 1 DAGs
[2026-05-27T09:42:27.394+0000] {logging_mixin.py:188} INFO - [2026-05-27T09:42:27.382+0000] {dag.py:3834} INFO - Setting next_dagrun for kaldata_scraper to 2026-05-27 00:00:00+00:00, run_after=2026-05-28 00:00:00+00:00
[2026-05-27T09:42:27.709+0000] {processor.py:183} INFO - Processing /opt/airflow/dags/kaldata_dag.py took 1.845 seconds
[2026-05-27T09:43:00.409+0000] {processor.py:161} INFO - Started process (PID=1163) to work on /opt/airflow/dags/kaldata_dag.py
[2026-05-27T09:43:00.438+0000] {processor.py:830} INFO - Processing file /opt/airflow/dags/kaldata_dag.py for tasks to queue
[2026-05-27T09:43:00.442+0000] {logging_mixin.py:188} INFO - [2026-05-27T09:43:00.441+0000] {dagbag.py:540} INFO - Filling up the DagBag from /opt/airflow/dags/kaldata_dag.py
[2026-05-27T09:43:01.010+0000] {processor.py:840} INFO - DAG(s) 'kaldata_scraper' retrieved from /opt/airflow/dags/kaldata_dag.py
[2026-05-27T09:43:01.186+0000] {logging_mixin.py:188} INFO - [2026-05-27T09:43:01.185+0000] {dag.py:3047} INFO - Sync 1 DAGs
[2026-05-27T09:43:01.381+0000] {logging_mixin.py:188} INFO - [2026-05-27T09:43:01.380+0000] {dag.py:3834} INFO - Setting next_dagrun for kaldata_scraper to 2026-05-27 00:00:00+00:00, run_after=2026-05-28 00:00:00+00:00
[2026-05-27T09:43:01.597+0000] {processor.py:183} INFO - Processing /opt/airflow/dags/kaldata_dag.py took 1.207 seconds
[2026-05-27T09:43:33.469+0000] {processor.py:161} INFO - Started process (PID=1193) to work on /opt/airflow/dags/kaldata_dag.py
[2026-05-27T09:43:33.479+0000] {processor.py:830} INFO - Processing file /opt/airflow/dags/kaldata_dag.py for tasks to queue
[2026-05-27T09:43:33.484+0000] {logging_mixin.py:188} INFO - [2026-05-27T09:43:33.483+0000] {dagbag.py:540} INFO - Filling up the DagBag from /opt/airflow/dags/kaldata_dag.py
[2026-05-27T09:43:33.898+0000] {processor.py:840} INFO - DAG(s) 'kaldata_scraper' retrieved from /opt/airflow/dags/kaldata_dag.py
[2026-05-27T09:43:33.977+0000] {logging_mixin.py:188} INFO - [2026-05-27T09:43:33.976+0000] {dag.py:3047} INFO - Sync 1 DAGs
[2026-05-27T09:43:34.040+0000] {logging_mixin.py:188} INFO - [2026-05-27T09:43:34.039+0000] {dag.py:3834} INFO - Setting next_dagrun for kaldata_scraper to 2026-05-27 00:00:00+00:00, run_after=2026-05-28 00:00:00+00:00
[2026-05-27T09:43:34.129+0000] {processor.py:183} INFO - Processing /opt/airflow/dags/kaldata_dag.py took 0.674 seconds
[2026-05-27T09:44:06.953+0000] {processor.py:161} INFO - Started process (PID=1223) to work on /opt/airflow/dags/kaldata_dag.py
[2026-05-27T09:44:07.002+0000] {processor.py:830} INFO - Processing file /opt/airflow/dags/kaldata_dag.py for tasks to queue
[2026-05-27T09:44:07.009+0000] {logging_mixin.py:188} INFO - [2026-05-27T09:44:07.008+0000] {dagbag.py:540} INFO - Filling up the DagBag from /opt/airflow/dags/kaldata_dag.py
[2026-05-27T09:44:08.232+0000] {processor.py:840} INFO - DAG(s) 'kaldata_scraper' retrieved from /opt/airflow/dags/kaldata_dag.py
[2026-05-27T09:44:08.384+0000] {logging_mixin.py:188} INFO - [2026-05-27T09:44:08.383+0000] {dag.py:3047} INFO - Sync 1 DAGs
[2026-05-27T09:44:08.575+0000] {logging_mixin.py:188} INFO - [2026-05-27T09:44:08.575+0000] {dag.py:3834} INFO - Setting next_dagrun for kaldata_scraper to 2026-05-27 00:00:00+00:00, run_after=2026-05-28 00:00:00+00:00
[2026-05-27T09:44:08.865+0000] {processor.py:183} INFO - Processing /opt/airflow/dags/kaldata_dag.py took 1.922 seconds
[2026-05-27T09:44:40.253+0000] {processor.py:161} INFO - Started process (PID=1253) to work on /opt/airflow/dags/kaldata_dag.py
[2026-05-27T09:44:40.256+0000] {processor.py:830} INFO - Processing file /opt/airflow/dags/kaldata_dag.py for tasks to queue
[2026-05-27T09:44:40.259+0000] {logging_mixin.py:188} INFO - [2026-05-27T09:44:40.258+0000] {dagbag.py:540} INFO - Filling up the DagBag from /opt/airflow/dags/kaldata_dag.py
[2026-05-27T09:44:40.314+0000] {processor.py:840} INFO - DAG(s) 'kaldata_scraper' retrieved from /opt/airflow/dags/kaldata_dag.py
[2026-05-27T09:44:40.387+0000] {logging_mixin.py:188} INFO - [2026-05-27T09:44:40.386+0000] {dag.py:3047} INFO - Sync 1 DAGs
[2026-05-27T09:44:40.459+0000] {logging_mixin.py:188} INFO - [2026-05-27T09:44:40.459+0000] {dag.py:3834} INFO - Setting next_dagrun for kaldata_scraper to 2026-05-27 00:00:00+00:00, run_after=2026-05-28 00:00:00+00:00
[2026-05-27T09:44:40.537+0000] {processor.py:183} INFO - Processing /opt/airflow/dags/kaldata_dag.py took 0.295 seconds
[2026-05-27T09:45:11.285+0000] {processor.py:161} INFO - Started process (PID=1283) to work on /opt/airflow/dags/kaldata_dag.py
[2026-05-27T09:45:11.288+0000] {processor.py:830} INFO - Processing file /opt/airflow/dags/kaldata_dag.py for tasks to queue
[2026-05-27T09:45:11.291+0000] {logging_mixin.py:188} INFO - [2026-05-27T09:45:11.290+0000] {dagbag.py:540} INFO - Filling up the DagBag from /opt/airflow/dags/kaldata_dag.py
[2026-05-27T09:45:11.344+0000] {processor.py:840} INFO - DAG(s) 'kaldata_scraper' retrieved from /opt/airflow/dags/kaldata_dag.py
[2026-05-27T09:45:11.411+0000] {logging_mixin.py:188} INFO - [2026-05-27T09:45:11.410+0000] {dag.py:3047} INFO - Sync 1 DAGs
[2026-05-27T09:45:11.479+0000] {logging_mixin.py:188} INFO - [2026-05-27T09:45:11.478+0000] {dag.py:3834} INFO - Setting next_dagrun for kaldata_scraper to 2026-05-27 00:00:00+00:00, run_after=2026-05-28 00:00:00+00:00
[2026-05-27T09:45:11.532+0000] {processor.py:183} INFO - Processing /opt/airflow/dags/kaldata_dag.py took 0.258 seconds
[2026-05-27T09:45:42.642+0000] {processor.py:161} INFO - Started process (PID=1313) to work on /opt/airflow/dags/kaldata_dag.py
[2026-05-27T09:45:42.646+0000] {processor.py:830} INFO - Processing file /opt/airflow/dags/kaldata_dag.py for tasks to queue
[2026-05-27T09:45:42.649+0000] {logging_mixin.py:188} INFO - [2026-05-27T09:45:42.648+0000] {dagbag.py:540} INFO - Filling up the DagBag from /opt/airflow/dags/kaldata_dag.py
[2026-05-27T09:45:42.700+0000] {processor.py:840} INFO - DAG(s) 'kaldata_scraper' retrieved from /opt/airflow/dags/kaldata_dag.py
[2026-05-27T09:45:42.765+0000] {logging_mixin.py:188} INFO - [2026-05-27T09:45:42.765+0000] {dag.py:3047} INFO - Sync 1 DAGs
[2026-05-27T09:45:42.827+0000] {logging_mixin.py:188} INFO - [2026-05-27T09:45:42.826+0000] {dag.py:3834} INFO - Setting next_dagrun for kaldata_scraper to 2026-05-27 00:00:00+00:00, run_after=2026-05-28 00:00:00+00:00
[2026-05-27T09:45:42.880+0000] {processor.py:183} INFO - Processing /opt/airflow/dags/kaldata_dag.py took 0.249 seconds
[2026-05-27T09:46:13.398+0000] {processor.py:161} INFO - Started process (PID=1343) to work on /opt/airflow/dags/kaldata_dag.py
[2026-05-27T09:46:13.403+0000] {processor.py:830} INFO - Processing file /opt/airflow/dags/kaldata_dag.py for tasks to queue
[2026-05-27T09:46:13.406+0000] {logging_mixin.py:188} INFO - [2026-05-27T09:46:13.405+0000] {dagbag.py:540} INFO - Filling up the DagBag from /opt/airflow/dags/kaldata_dag.py
[2026-05-27T09:46:13.469+0000] {processor.py:840} INFO - DAG(s) 'kaldata_scraper' retrieved from /opt/airflow/dags/kaldata_dag.py
[2026-05-27T09:46:13.573+0000] {logging_mixin.py:188} INFO - [2026-05-27T09:46:13.572+0000] {dag.py:3047} INFO - Sync 1 DAGs
[2026-05-27T09:46:13.658+0000] {logging_mixin.py:188} INFO - [2026-05-27T09:46:13.658+0000] {dag.py:3834} INFO - Setting next_dagrun for kaldata_scraper to 2026-05-27 00:00:00+00:00, run_after=2026-05-28 00:00:00+00:00
[2026-05-27T09:46:13.727+0000] {processor.py:183} INFO - Processing /opt/airflow/dags/kaldata_dag.py took 0.339 seconds
[2026-05-27T11:14:31.240+0000] {processor.py:161} INFO - Started process (PID=60) to work on /opt/airflow/dags/kaldata_dag.py
[2026-05-27T11:14:31.244+0000] {processor.py:830} INFO - Processing file /opt/airflow/dags/kaldata_dag.py for tasks to queue
[2026-05-27T11:14:31.247+0000] {logging_mixin.py:188} INFO - [2026-05-27T11:14:31.246+0000] {dagbag.py:540} INFO - Filling up the DagBag from /opt/airflow/dags/kaldata_dag.py
[2026-05-27T11:14:31.335+0000] {processor.py:840} INFO - DAG(s) 'kaldata_scraper' retrieved from /opt/airflow/dags/kaldata_dag.py
[2026-05-27T11:14:31.981+0000] {logging_mixin.py:188} INFO - [2026-05-27T11:14:31.968+0000] {dag.py:3047} INFO - Sync 1 DAGs
[2026-05-27T11:14:32.365+0000] {logging_mixin.py:188} INFO - [2026-05-27T11:14:32.364+0000] {dag.py:3834} INFO - Setting next_dagrun for kaldata_scraper to 2026-05-27 00:00:00+00:00, run_after=2026-05-28 00:00:00+00:00
[2026-05-27T11:14:32.483+0000] {processor.py:183} INFO - Processing /opt/airflow/dags/kaldata_dag.py took 1.255 seconds
[2026-05-27T11:15:05.118+0000] {processor.py:161} INFO - Started process (PID=92) to work on /opt/airflow/dags/kaldata_dag.py
[2026-05-27T11:15:05.131+0000] {processor.py:830} INFO - Processing file /opt/airflow/dags/kaldata_dag.py for tasks to queue
[2026-05-27T11:15:05.140+0000] {logging_mixin.py:188} INFO - [2026-05-27T11:15:05.140+0000] {dagbag.py:540} INFO - Filling up the DagBag from /opt/airflow/dags/kaldata_dag.py
[2026-05-27T11:15:05.505+0000] {processor.py:840} INFO - DAG(s) 'kaldata_scraper' retrieved from /opt/airflow/dags/kaldata_dag.py
[2026-05-27T11:15:06.006+0000] {logging_mixin.py:188} INFO - [2026-05-27T11:15:06.005+0000] {dag.py:3047} INFO - Sync 1 DAGs
[2026-05-27T11:15:06.305+0000] {logging_mixin.py:188} INFO - [2026-05-27T11:15:06.305+0000] {dag.py:3834} INFO - Setting next_dagrun for kaldata_scraper to 2026-05-27 00:00:00+00:00, run_after=2026-05-28 00:00:00+00:00
[2026-05-27T11:15:06.765+0000] {processor.py:183} INFO - Processing /opt/airflow/dags/kaldata_dag.py took 1.662 seconds
[2026-05-27T11:15:38.477+0000] {processor.py:161} INFO - Started process (PID=122) to work on /opt/airflow/dags/kaldata_dag.py
[2026-05-27T11:15:38.487+0000] {processor.py:830} INFO - Processing file /opt/airflow/dags/kaldata_dag.py for tasks to queue
[2026-05-27T11:15:38.501+0000] {logging_mixin.py:188} INFO - [2026-05-27T11:15:38.500+0000] {dagbag.py:540} INFO - Filling up the DagBag from /opt/airflow/dags/kaldata_dag.py
[2026-05-27T11:15:38.978+0000] {processor.py:840} INFO - DAG(s) 'kaldata_scraper' retrieved from /opt/airflow/dags/kaldata_dag.py
[2026-05-27T11:15:39.174+0000] {logging_mixin.py:188} INFO - [2026-05-27T11:15:39.173+0000] {dag.py:3047} INFO - Sync 1 DAGs
[2026-05-27T11:15:39.362+0000] {logging_mixin.py:188} INFO - [2026-05-27T11:15:39.361+0000] {dag.py:3834} INFO - Setting next_dagrun for kaldata_scraper to 2026-05-27 00:00:00+00:00, run_after=2026-05-28 00:00:00+00:00
[2026-05-27T11:15:39.548+0000] {processor.py:183} INFO - Processing /opt/airflow/dags/kaldata_dag.py took 1.090 seconds
[2026-05-27T11:16:10.369+0000] {processor.py:161} INFO - Started process (PID=152) to work on /opt/airflow/dags/kaldata_dag.py
[2026-05-27T11:16:10.374+0000] {processor.py:830} INFO - Processing file /opt/airflow/dags/kaldata_dag.py for tasks to queue
[2026-05-27T11:16:10.377+0000] {logging_mixin.py:188} INFO - [2026-05-27T11:16:10.376+0000] {dagbag.py:540} INFO - Filling up the DagBag from /opt/airflow/dags/kaldata_dag.py
[2026-05-27T11:16:10.442+0000] {processor.py:840} INFO - DAG(s) 'kaldata_scraper' retrieved from /opt/airflow/dags/kaldata_dag.py
[2026-05-27T11:16:10.508+0000] {logging_mixin.py:188} INFO - [2026-05-27T11:16:10.507+0000] {dag.py:3047} INFO - Sync 1 DAGs
[2026-05-27T11:16:10.571+0000] {logging_mixin.py:188} INFO - [2026-05-27T11:16:10.570+0000] {dag.py:3834} INFO - Setting next_dagrun for kaldata_scraper to 2026-05-27 00:00:00+00:00, run_after=2026-05-28 00:00:00+00:00
[2026-05-27T11:16:10.626+0000] {processor.py:183} INFO - Processing /opt/airflow/dags/kaldata_dag.py took 0.270 seconds
[2026-05-27T11:16:41.262+0000] {processor.py:161} INFO - Started process (PID=182) to work on /opt/airflow/dags/kaldata_dag.py
[2026-05-27T11:16:41.265+0000] {processor.py:830} INFO - Processing file /opt/airflow/dags/kaldata_dag.py for tasks to queue
[2026-05-27T11:16:41.270+0000] {logging_mixin.py:188} INFO - [2026-05-27T11:16:41.269+0000] {dagbag.py:540} INFO - Filling up the DagBag from /opt/airflow/dags/kaldata_dag.py
[2026-05-27T11:16:41.392+0000] {processor.py:840} INFO - DAG(s) 'kaldata_scraper' retrieved from /opt/airflow/dags/kaldata_dag.py
[2026-05-27T11:16:41.512+0000] {logging_mixin.py:188} INFO - [2026-05-27T11:16:41.511+0000] {dag.py:3047} INFO - Sync 1 DAGs
[2026-05-27T11:16:41.634+0000] {logging_mixin.py:188} INFO - [2026-05-27T11:16:41.633+0000] {dag.py:3834} INFO - Setting next_dagrun for kaldata_scraper to 2026-05-27 00:00:00+00:00, run_after=2026-05-28 00:00:00+00:00
[2026-05-27T11:16:41.721+0000] {processor.py:183} INFO - Processing /opt/airflow/dags/kaldata_dag.py took 0.475 seconds
[2026-05-27T11:17:13.022+0000] {processor.py:161} INFO - Started process (PID=212) to work on /opt/airflow/dags/kaldata_dag.py
[2026-05-27T11:17:13.036+0000] {processor.py:830} INFO - Processing file /opt/airflow/dags/kaldata_dag.py for tasks to queue
[2026-05-27T11:17:13.044+0000] {logging_mixin.py:188} INFO - [2026-05-27T11:17:13.043+0000] {dagbag.py:540} INFO - Filling up the DagBag from /opt/airflow/dags/kaldata_dag.py
[2026-05-27T11:17:13.115+0000] {processor.py:840} INFO - DAG(s) 'kaldata_scraper' retrieved from /opt/airflow/dags/kaldata_dag.py
[2026-05-27T11:17:13.244+0000] {logging_mixin.py:188} INFO - [2026-05-27T11:17:13.244+0000] {dag.py:3047} INFO - Sync 1 DAGs
[2026-05-27T11:17:13.509+0000] {logging_mixin.py:188} INFO - [2026-05-27T11:17:13.505+0000] {dag.py:3834} INFO - Setting next_dagrun for kaldata_scraper to 2026-05-27 00:00:00+00:00, run_after=2026-05-28 00:00:00+00:00
[2026-05-27T11:17:13.585+0000] {processor.py:183} INFO - Processing /opt/airflow/dags/kaldata_dag.py took 0.572 seconds
[2026-05-27T11:17:44.211+0000] {processor.py:161} INFO - Started process (PID=242) to work on /opt/airflow/dags/kaldata_dag.py
[2026-05-27T11:17:44.217+0000] {processor.py:830} INFO - Processing file /opt/airflow/dags/kaldata_dag.py for tasks to queue
[2026-05-27T11:17:44.220+0000] {logging_mixin.py:188} INFO - [2026-05-27T11:17:44.219+0000] {dagbag.py:540} INFO - Filling up the DagBag from /opt/airflow/dags/kaldata_dag.py
[2026-05-27T11:17:44.281+0000] {processor.py:840} INFO - DAG(s) 'kaldata_scraper' retrieved from /opt/airflow/dags/kaldata_dag.py
[2026-05-27T11:17:44.352+0000] {logging_mixin.py:188} INFO - [2026-05-27T11:17:44.352+0000] {dag.py:3047} INFO - Sync 1 DAGs
[2026-05-27T11:17:44.424+0000] {logging_mixin.py:188} INFO - [2026-05-27T11:17:44.424+0000] {dag.py:3834} INFO - Setting next_dagrun for kaldata_scraper to 2026-05-27 00:00:00+00:00, run_after=2026-05-28 00:00:00+00:00
[2026-05-27T11:17:44.480+0000] {processor.py:183} INFO - Processing /opt/airflow/dags/kaldata_dag.py took 0.280 seconds
[2026-05-27T11:18:15.970+0000] {processor.py:161} INFO - Started process (PID=272) to work on /opt/airflow/dags/kaldata_dag.py
[2026-05-27T11:18:15.973+0000] {processor.py:830} INFO - Processing file /opt/airflow/dags/kaldata_dag.py for tasks to queue
[2026-05-27T11:18:15.976+0000] {logging_mixin.py:188} INFO - [2026-05-27T11:18:15.975+0000] {dagbag.py:540} INFO - Filling up the DagBag from /opt/airflow/dags/kaldata_dag.py
[2026-05-27T11:18:16.060+0000] {processor.py:840} INFO - DAG(s) 'kaldata_scraper' retrieved from /opt/airflow/dags/kaldata_dag.py
[2026-05-27T11:18:16.132+0000] {logging_mixin.py:188} INFO - [2026-05-27T11:18:16.131+0000] {dag.py:3047} INFO - Sync 1 DAGs
[2026-05-27T11:18:16.193+0000] {logging_mixin.py:188} INFO - [2026-05-27T11:18:16.192+0000] {dag.py:3834} INFO - Setting next_dagrun for kaldata_scraper to 2026-05-27 00:00:00+00:00, run_after=2026-05-28 00:00:00+00:00
[2026-05-27T11:18:16.243+0000] {processor.py:183} INFO - Processing /opt/airflow/dags/kaldata_dag.py took 0.282 seconds
[2026-05-27T11:18:47.413+0000] {processor.py:161} INFO - Started process (PID=300) to work on /opt/airflow/dags/kaldata_dag.py
[2026-05-27T11:18:47.431+0000] {processor.py:830} INFO - Processing file /opt/airflow/dags/kaldata_dag.py for tasks to queue
[2026-05-27T11:18:47.461+0000] {logging_mixin.py:188} INFO - [2026-05-27T11:18:47.454+0000] {dagbag.py:540} INFO - Filling up the DagBag from /opt/airflow/dags/kaldata_dag.py
[2026-05-27T11:18:47.832+0000] {processor.py:840} INFO - DAG(s) 'kaldata_scraper' retrieved from /opt/airflow/dags/kaldata_dag.py
[2026-05-27T11:18:47.914+0000] {logging_mixin.py:188} INFO - [2026-05-27T11:18:47.914+0000] {dag.py:3047} INFO - Sync 1 DAGs
[2026-05-27T11:18:48.023+0000] {logging_mixin.py:188} INFO - [2026-05-27T11:18:48.023+0000] {dag.py:3834} INFO - Setting next_dagrun for kaldata_scraper to 2026-05-27 00:00:00+00:00, run_after=2026-05-28 00:00:00+00:00
[2026-05-27T11:18:48.079+0000] {processor.py:183} INFO - Processing /opt/airflow/dags/kaldata_dag.py took 0.698 seconds
[2026-05-27T11:19:26.937+0000] {processor.py:161} INFO - Started process (PID=332) to work on /opt/airflow/dags/kaldata_dag.py
[2026-05-27T11:19:26.950+0000] {processor.py:830} INFO - Processing file /opt/airflow/dags/kaldata_dag.py for tasks to queue
[2026-05-27T11:19:26.974+0000] {logging_mixin.py:188} INFO - [2026-05-27T11:19:26.973+0000] {dagbag.py:540} INFO - Filling up the DagBag from /opt/airflow/dags/kaldata_dag.py
[2026-05-27T11:19:27.403+0000] {processor.py:840} INFO - DAG(s) 'kaldata_scraper' retrieved from /opt/airflow/dags/kaldata_dag.py
[2026-05-27T11:19:27.587+0000] {logging_mixin.py:188} INFO - [2026-05-27T11:19:27.587+0000] {dag.py:3047} INFO - Sync 1 DAGs
[2026-05-27T11:19:27.822+0000] {logging_mixin.py:188} INFO - [2026-05-27T11:19:27.821+0000] {dag.py:3834} INFO - Setting next_dagrun for kaldata_scraper to 2026-05-27 00:00:00+00:00, run_after=2026-05-28 00:00:00+00:00
[2026-05-27T11:19:27.993+0000] {processor.py:183} INFO - Processing /opt/airflow/dags/kaldata_dag.py took 1.084 seconds
[2026-05-27T11:20:03.265+0000] {processor.py:161} INFO - Started process (PID=362) to work on /opt/airflow/dags/kaldata_dag.py
[2026-05-27T11:20:03.278+0000] {processor.py:830} INFO - Processing file /opt/airflow/dags/kaldata_dag.py for tasks to queue
[2026-05-27T11:20:03.299+0000] {logging_mixin.py:188} INFO - [2026-05-27T11:20:03.298+0000] {dagbag.py:540} INFO - Filling up the DagBag from /opt/airflow/dags/kaldata_dag.py
[2026-05-27T11:20:04.022+0000] {processor.py:840} INFO - DAG(s) 'kaldata_scraper' retrieved from /opt/airflow/dags/kaldata_dag.py
[2026-05-27T11:20:04.283+0000] {logging_mixin.py:188} INFO - [2026-05-27T11:20:04.283+0000] {dag.py:3047} INFO - Sync 1 DAGs
[2026-05-27T11:20:04.459+0000] {logging_mixin.py:188} INFO - [2026-05-27T11:20:04.458+0000] {dag.py:3834} INFO - Setting next_dagrun for kaldata_scraper to 2026-05-27 00:00:00+00:00, run_after=2026-05-28 00:00:00+00:00
[2026-05-27T11:20:04.717+0000] {processor.py:183} INFO - Processing /opt/airflow/dags/kaldata_dag.py took 1.472 seconds
[2026-05-27T11:20:39.207+0000] {processor.py:161} INFO - Started process (PID=392) to work on /opt/airflow/dags/kaldata_dag.py
[2026-05-27T11:20:39.266+0000] {processor.py:830} INFO - Processing file /opt/airflow/dags/kaldata_dag.py for tasks to queue
[2026-05-27T11:20:39.333+0000] {logging_mixin.py:188} INFO - [2026-05-27T11:20:39.331+0000] {dagbag.py:540} INFO - Filling up the DagBag from /opt/airflow/dags/kaldata_dag.py
[2026-05-27T11:20:41.710+0000] {processor.py:840} INFO - DAG(s) 'kaldata_scraper' retrieved from /opt/airflow/dags/kaldata_dag.py
[2026-05-27T11:20:41.957+0000] {logging_mixin.py:188} INFO - [2026-05-27T11:20:41.944+0000] {dag.py:3047} INFO - Sync 1 DAGs
[2026-05-27T11:20:42.167+0000] {logging_mixin.py:188} INFO - [2026-05-27T11:20:42.166+0000] {dag.py:3834} INFO - Setting next_dagrun for kaldata_scraper to 2026-05-27 00:00:00+00:00, run_after=2026-05-28 00:00:00+00:00
[2026-05-27T11:20:42.427+0000] {processor.py:183} INFO - Processing /opt/airflow/dags/kaldata_dag.py took 3.264 seconds
[2026-05-27T11:21:21.053+0000] {processor.py:161} INFO - Started process (PID=422) to work on /opt/airflow/dags/kaldata_dag.py
[2026-05-27T11:21:21.071+0000] {processor.py:830} INFO - Processing file /opt/airflow/dags/kaldata_dag.py for tasks to queue
[2026-05-27T11:21:21.074+0000] {logging_mixin.py:188} INFO - [2026-05-27T11:21:21.073+0000] {dagbag.py:540} INFO - Filling up the DagBag from /opt/airflow/dags/kaldata_dag.py
[2026-05-27T11:21:21.182+0000] {processor.py:840} INFO - DAG(s) 'kaldata_scraper' retrieved from /opt/airflow/dags/kaldata_dag.py
[2026-05-27T11:21:21.343+0000] {logging_mixin.py:188} INFO - [2026-05-27T11:21:21.342+0000] {dag.py:3047} INFO - Sync 1 DAGs
[2026-05-27T11:21:21.529+0000] {logging_mixin.py:188} INFO - [2026-05-27T11:21:21.517+0000] {dag.py:3834} INFO - Setting next_dagrun for kaldata_scraper to 2026-05-27 00:00:00+00:00, run_after=2026-05-28 00:00:00+00:00
[2026-05-27T11:21:21.661+0000] {processor.py:183} INFO - Processing /opt/airflow/dags/kaldata_dag.py took 0.634 seconds
[2026-05-27T11:21:52.309+0000] {processor.py:161} INFO - Started process (PID=452) to work on /opt/airflow/dags/kaldata_dag.py
[2026-05-27T11:21:52.323+0000] {processor.py:830} INFO - Processing file /opt/airflow/dags/kaldata_dag.py for tasks to queue
[2026-05-27T11:21:52.326+0000] {logging_mixin.py:188} INFO - [2026-05-27T11:21:52.325+0000] {dagbag.py:540} INFO - Filling up the DagBag from /opt/airflow/dags/kaldata_dag.py
[2026-05-27T11:21:52.424+0000] {processor.py:840} INFO - DAG(s) 'kaldata_scraper' retrieved from /opt/airflow/dags/kaldata_dag.py
[2026-05-27T11:21:52.552+0000] {logging_mixin.py:188} INFO - [2026-05-27T11:21:52.551+0000] {dag.py:3047} INFO - Sync 1 DAGs
[2026-05-27T11:21:52.685+0000] {logging_mixin.py:188} INFO - [2026-05-27T11:21:52.684+0000] {dag.py:3834} INFO - Setting next_dagrun for kaldata_scraper to 2026-05-27 00:00:00+00:00, run_after=2026-05-28 00:00:00+00:00
[2026-05-27T11:21:52.795+0000] {processor.py:183} INFO - Processing /opt/airflow/dags/kaldata_dag.py took 0.512 seconds
[2026-05-27T11:22:26.388+0000] {processor.py:161} INFO - Started process (PID=482) to work on /opt/airflow/dags/kaldata_dag.py
[2026-05-27T11:22:26.576+0000] {processor.py:830} INFO - Processing file /opt/airflow/dags/kaldata_dag.py for tasks to queue
[2026-05-27T11:22:26.672+0000] {logging_mixin.py:188} INFO - [2026-05-27T11:22:26.671+0000] {dagbag.py:540} INFO - Filling up the DagBag from /opt/airflow/dags/kaldata_dag.py
[2026-05-27T11:22:27.752+0000] {processor.py:840} INFO - DAG(s) 'kaldata_scraper' retrieved from /opt/airflow/dags/kaldata_dag.py
[2026-05-27T11:22:28.030+0000] {logging_mixin.py:188} INFO - [2026-05-27T11:22:28.029+0000] {dag.py:3047} INFO - Sync 1 DAGs
[2026-05-27T11:22:28.306+0000] {logging_mixin.py:188} INFO - [2026-05-27T11:22:28.306+0000] {dag.py:3834} INFO - Setting next_dagrun for kaldata_scraper to 2026-05-27 00:00:00+00:00, run_after=2026-05-28 00:00:00+00:00
[2026-05-27T11:22:28.608+0000] {processor.py:183} INFO - Processing /opt/airflow/dags/kaldata_dag.py took 2.251 seconds
[2026-05-27T11:23:00.532+0000] {processor.py:161} INFO - Started process (PID=512) to work on /opt/airflow/dags/kaldata_dag.py
[2026-05-27T11:23:00.536+0000] {processor.py:830} INFO - Processing file /opt/airflow/dags/kaldata_dag.py for tasks to queue
[2026-05-27T11:23:00.543+0000] {logging_mixin.py:188} INFO - [2026-05-27T11:23:00.538+0000] {dagbag.py:540} INFO - Filling up the DagBag from /opt/airflow/dags/kaldata_dag.py
[2026-05-27T11:23:00.765+0000] {processor.py:840} INFO - DAG(s) 'kaldata_scraper' retrieved from /opt/airflow/dags/kaldata_dag.py
[2026-05-27T11:23:01.088+0000] {logging_mixin.py:188} INFO - [2026-05-27T11:23:01.088+0000] {dag.py:3047} INFO - Sync 1 DAGs
[2026-05-27T11:23:01.524+0000] {logging_mixin.py:188} INFO - [2026-05-27T11:23:01.523+0000] {dag.py:3834} INFO - Setting next_dagrun for kaldata_scraper to 2026-05-27 00:00:00+00:00, run_after=2026-05-28 00:00:00+00:00
[2026-05-27T11:23:02.315+0000] {processor.py:183} INFO - Processing /opt/airflow/dags/kaldata_dag.py took 1.813 seconds
[2026-05-27T11:23:34.094+0000] {processor.py:161} INFO - Started process (PID=542) to work on /opt/airflow/dags/kaldata_dag.py
[2026-05-27T11:23:34.108+0000] {processor.py:830} INFO - Processing file /opt/airflow/dags/kaldata_dag.py for tasks to queue
[2026-05-27T11:23:34.120+0000] {logging_mixin.py:188} INFO - [2026-05-27T11:23:34.111+0000] {dagbag.py:540} INFO - Filling up the DagBag from /opt/airflow/dags/kaldata_dag.py
[2026-05-27T11:23:34.330+0000] {processor.py:840} INFO - DAG(s) 'kaldata_scraper' retrieved from /opt/airflow/dags/kaldata_dag.py
[2026-05-27T11:23:34.507+0000] {logging_mixin.py:188} INFO - [2026-05-27T11:23:34.506+0000] {dag.py:3047} INFO - Sync 1 DAGs
[2026-05-27T11:23:34.627+0000] {logging_mixin.py:188} INFO - [2026-05-27T11:23:34.627+0000] {dag.py:3834} INFO - Setting next_dagrun for kaldata_scraper to 2026-05-27 00:00:00+00:00, run_after=2026-05-28 00:00:00+00:00
[2026-05-27T11:23:34.818+0000] {processor.py:183} INFO - Processing /opt/airflow/dags/kaldata_dag.py took 0.771 seconds
[2026-05-27T11:24:05.298+0000] {processor.py:161} INFO - Started process (PID=572) to work on /opt/airflow/dags/kaldata_dag.py
[2026-05-27T11:24:05.306+0000] {processor.py:830} INFO - Processing file /opt/airflow/dags/kaldata_dag.py for tasks to queue
[2026-05-27T11:24:05.309+0000] {logging_mixin.py:188} INFO - [2026-05-27T11:24:05.309+0000] {dagbag.py:540} INFO - Filling up the DagBag from /opt/airflow/dags/kaldata_dag.py
[2026-05-27T11:24:05.482+0000] {processor.py:840} INFO - DAG(s) 'kaldata_scraper' retrieved from /opt/airflow/dags/kaldata_dag.py
[2026-05-27T11:24:05.687+0000] {logging_mixin.py:188} INFO - [2026-05-27T11:24:05.687+0000] {dag.py:3047} INFO - Sync 1 DAGs
[2026-05-27T11:24:05.940+0000] {logging_mixin.py:188} INFO - [2026-05-27T11:24:05.939+0000] {dag.py:3834} INFO - Setting next_dagrun for kaldata_scraper to 2026-05-27 00:00:00+00:00, run_after=2026-05-28 00:00:00+00:00
[2026-05-27T11:24:06.256+0000] {processor.py:183} INFO - Processing /opt/airflow/dags/kaldata_dag.py took 0.972 seconds
[2026-05-27T11:24:37.568+0000] {processor.py:161} INFO - Started process (PID=602) to work on /opt/airflow/dags/kaldata_dag.py
[2026-05-27T11:24:37.573+0000] {processor.py:830} INFO - Processing file /opt/airflow/dags/kaldata_dag.py for tasks to queue
[2026-05-27T11:24:37.585+0000] {logging_mixin.py:188} INFO - [2026-05-27T11:24:37.584+0000] {dagbag.py:540} INFO - Filling up the DagBag from /opt/airflow/dags/kaldata_dag.py
[2026-05-27T11:24:38.163+0000] {processor.py:840} INFO - DAG(s) 'kaldata_scraper' retrieved from /opt/airflow/dags/kaldata_dag.py
[2026-05-27T11:24:38.520+0000] {logging_mixin.py:188} INFO - [2026-05-27T11:24:38.520+0000] {dag.py:3047} INFO - Sync 1 DAGs
[2026-05-27T11:24:38.687+0000] {logging_mixin.py:188} INFO - [2026-05-27T11:24:38.687+0000] {dag.py:3834} INFO - Setting next_dagrun for kaldata_scraper to 2026-05-27 00:00:00+00:00, run_after=2026-05-28 00:00:00+00:00
[2026-05-27T11:24:39.569+0000] {processor.py:183} INFO - Processing /opt/airflow/dags/kaldata_dag.py took 2.034 seconds
[2026-05-27T11:25:11.442+0000] {processor.py:161} INFO - Started process (PID=632) to work on /opt/airflow/dags/kaldata_dag.py
[2026-05-27T11:25:11.784+0000] {processor.py:830} INFO - Processing file /opt/airflow/dags/kaldata_dag.py for tasks to queue
[2026-05-27T11:25:11.791+0000] {logging_mixin.py:188} INFO - [2026-05-27T11:25:11.788+0000] {dagbag.py:540} INFO - Filling up the DagBag from /opt/airflow/dags/kaldata_dag.py
[2026-05-27T11:25:12.131+0000] {processor.py:840} INFO - DAG(s) 'kaldata_scraper' retrieved from /opt/airflow/dags/kaldata_dag.py
[2026-05-27T11:25:12.224+0000] {logging_mixin.py:188} INFO - [2026-05-27T11:25:12.223+0000] {dag.py:3047} INFO - Sync 1 DAGs
[2026-05-27T11:25:12.292+0000] {logging_mixin.py:188} INFO - [2026-05-27T11:25:12.291+0000] {dag.py:3834} INFO - Setting next_dagrun for kaldata_scraper to 2026-05-27 00:00:00+00:00, run_after=2026-05-28 00:00:00+00:00
[2026-05-27T11:25:13.654+0000] {processor.py:183} INFO - Processing /opt/airflow/dags/kaldata_dag.py took 2.232 seconds
[2026-05-27T11:25:44.333+0000] {processor.py:161} INFO - Started process (PID=662) to work on /opt/airflow/dags/kaldata_dag.py
[2026-05-27T11:25:44.359+0000] {processor.py:830} INFO - Processing file /opt/airflow/dags/kaldata_dag.py for tasks to queue
[2026-05-27T11:25:44.377+0000] {logging_mixin.py:188} INFO - [2026-05-27T11:25:44.376+0000] {dagbag.py:540} INFO - Filling up the DagBag from /opt/airflow/dags/kaldata_dag.py
[2026-05-27T11:25:45.064+0000] {processor.py:840} INFO - DAG(s) 'kaldata_scraper' retrieved from /opt/airflow/dags/kaldata_dag.py
[2026-05-27T11:25:45.291+0000] {logging_mixin.py:188} INFO - [2026-05-27T11:25:45.291+0000] {dag.py:3047} INFO - Sync 1 DAGs
[2026-05-27T11:25:45.509+0000] {logging_mixin.py:188} INFO - [2026-05-27T11:25:45.508+0000] {dag.py:3834} INFO - Setting next_dagrun for kaldata_scraper to 2026-05-27 00:00:00+00:00, run_after=2026-05-28 00:00:00+00:00
[2026-05-27T11:25:46.468+0000] {processor.py:183} INFO - Processing /opt/airflow/dags/kaldata_dag.py took 2.159 seconds
[2026-05-27T11:26:16.734+0000] {processor.py:161} INFO - Started process (PID=692) to work on /opt/airflow/dags/kaldata_dag.py
[2026-05-27T11:26:16.741+0000] {processor.py:830} INFO - Processing file /opt/airflow/dags/kaldata_dag.py for tasks to queue
[2026-05-27T11:26:16.752+0000] {logging_mixin.py:188} INFO - [2026-05-27T11:26:16.751+0000] {dagbag.py:540} INFO - Filling up the DagBag from /opt/airflow/dags/kaldata_dag.py
[2026-05-27T11:26:17.089+0000] {processor.py:840} INFO - DAG(s) 'kaldata_scraper' retrieved from /opt/airflow/dags/kaldata_dag.py
[2026-05-27T11:26:17.284+0000] {logging_mixin.py:188} INFO - [2026-05-27T11:26:17.283+0000] {dag.py:3047} INFO - Sync 1 DAGs
[2026-05-27T11:26:17.459+0000] {logging_mixin.py:188} INFO - [2026-05-27T11:26:17.459+0000] {dag.py:3834} INFO - Setting next_dagrun for kaldata_scraper to 2026-05-27 00:00:00+00:00, run_after=2026-05-28 00:00:00+00:00
[2026-05-27T11:26:17.615+0000] {processor.py:183} INFO - Processing /opt/airflow/dags/kaldata_dag.py took 0.900 seconds
[2026-05-27T11:26:48.054+0000] {processor.py:161} INFO - Started process (PID=722) to work on /opt/airflow/dags/kaldata_dag.py
[2026-05-27T11:26:48.057+0000] {processor.py:830} INFO - Processing file /opt/airflow/dags/kaldata_dag.py for tasks to queue
[2026-05-27T11:26:48.060+0000] {logging_mixin.py:188} INFO - [2026-05-27T11:26:48.060+0000] {dagbag.py:540} INFO - Filling up the DagBag from /opt/airflow/dags/kaldata_dag.py
[2026-05-27T11:26:48.161+0000] {processor.py:840} INFO - DAG(s) 'kaldata_scraper' retrieved from /opt/airflow/dags/kaldata_dag.py
[2026-05-27T11:26:48.376+0000] {logging_mixin.py:188} INFO - [2026-05-27T11:26:48.376+0000] {dag.py:3047} INFO - Sync 1 DAGs
[2026-05-27T11:26:48.619+0000] {logging_mixin.py:188} INFO - [2026-05-27T11:26:48.618+0000] {dag.py:3834} INFO - Setting next_dagrun for kaldata_scraper to 2026-05-27 00:00:00+00:00, run_after=2026-05-28 00:00:00+00:00
[2026-05-27T11:26:48.969+0000] {processor.py:183} INFO - Processing /opt/airflow/dags/kaldata_dag.py took 0.931 seconds
[2026-05-27T11:27:20.661+0000] {processor.py:161} INFO - Started process (PID=752) to work on /opt/airflow/dags/kaldata_dag.py
[2026-05-27T11:27:20.676+0000] {processor.py:830} INFO - Processing file /opt/airflow/dags/kaldata_dag.py for tasks to queue
[2026-05-27T11:27:20.683+0000] {logging_mixin.py:188} INFO - [2026-05-27T11:27:20.682+0000] {dagbag.py:540} INFO - Filling up the DagBag from /opt/airflow/dags/kaldata_dag.py
[2026-05-27T11:27:20.851+0000] {processor.py:840} INFO - DAG(s) 'kaldata_scraper' retrieved from /opt/airflow/dags/kaldata_dag.py
[2026-05-27T11:27:20.936+0000] {logging_mixin.py:188} INFO - [2026-05-27T11:27:20.935+0000] {dag.py:3047} INFO - Sync 1 DAGs
[2026-05-27T11:27:21.001+0000] {logging_mixin.py:188} INFO - [2026-05-27T11:27:21.000+0000] {dag.py:3834} INFO - Setting next_dagrun for kaldata_scraper to 2026-05-27 00:00:00+00:00, run_after=2026-05-28 00:00:00+00:00
[2026-05-27T11:27:21.115+0000] {processor.py:183} INFO - Processing /opt/airflow/dags/kaldata_dag.py took 0.477 seconds
[2026-05-27T11:27:51.399+0000] {processor.py:161} INFO - Started process (PID=782) to work on /opt/airflow/dags/kaldata_dag.py
[2026-05-27T11:27:51.403+0000] {processor.py:830} INFO - Processing file /opt/airflow/dags/kaldata_dag.py for tasks to queue
[2026-05-27T11:27:51.406+0000] {logging_mixin.py:188} INFO - [2026-05-27T11:27:51.405+0000] {dagbag.py:540} INFO - Filling up the DagBag from /opt/airflow/dags/kaldata_dag.py
[2026-05-27T11:27:51.461+0000] {processor.py:840} INFO - DAG(s) 'kaldata_scraper' retrieved from /opt/airflow/dags/kaldata_dag.py
[2026-05-27T11:27:51.535+0000] {logging_mixin.py:188} INFO - [2026-05-27T11:27:51.534+0000] {dag.py:3047} INFO - Sync 1 DAGs
[2026-05-27T11:27:51.606+0000] {logging_mixin.py:188} INFO - [2026-05-27T11:27:51.606+0000] {dag.py:3834} INFO - Setting next_dagrun for kaldata_scraper to 2026-05-27 00:00:00+00:00, run_after=2026-05-28 00:00:00+00:00
[2026-05-27T11:27:51.672+0000] {processor.py:183} INFO - Processing /opt/airflow/dags/kaldata_dag.py took 0.284 seconds
[2026-05-27T11:28:21.941+0000] {processor.py:161} INFO - Started process (PID=812) to work on /opt/airflow/dags/kaldata_dag.py
[2026-05-27T11:28:21.944+0000] {processor.py:830} INFO - Processing file /opt/airflow/dags/kaldata_dag.py for tasks to queue
[2026-05-27T11:28:21.947+0000] {logging_mixin.py:188} INFO - [2026-05-27T11:28:21.946+0000] {dagbag.py:540} INFO - Filling up the DagBag from /opt/airflow/dags/kaldata_dag.py
[2026-05-27T11:28:22.004+0000] {processor.py:840} INFO - DAG(s) 'kaldata_scraper' retrieved from /opt/airflow/dags/kaldata_dag.py
[2026-05-27T11:28:22.070+0000] {logging_mixin.py:188} INFO - [2026-05-27T11:28:22.070+0000] {dag.py:3047} INFO - Sync 1 DAGs
[2026-05-27T11:28:22.237+0000] {logging_mixin.py:188} INFO - [2026-05-27T11:28:22.237+0000] {dag.py:3834} INFO - Setting next_dagrun for kaldata_scraper to 2026-05-27 00:00:00+00:00, run_after=2026-05-28 00:00:00+00:00
[2026-05-27T11:28:22.450+0000] {processor.py:183} INFO - Processing /opt/airflow/dags/kaldata_dag.py took 0.519 seconds
[2026-05-27T11:28:53.543+0000] {processor.py:161} INFO - Started process (PID=842) to work on /opt/airflow/dags/kaldata_dag.py
[2026-05-27T11:28:53.566+0000] {processor.py:830} INFO - Processing file /opt/airflow/dags/kaldata_dag.py for tasks to queue
[2026-05-27T11:28:53.570+0000] {logging_mixin.py:188} INFO - [2026-05-27T11:28:53.569+0000] {dagbag.py:540} INFO - Filling up the DagBag from /opt/airflow/dags/kaldata_dag.py
[2026-05-27T11:28:53.757+0000] {processor.py:840} INFO - DAG(s) 'kaldata_scraper' retrieved from /opt/airflow/dags/kaldata_dag.py
[2026-05-27T11:28:54.398+0000] {logging_mixin.py:188} INFO - [2026-05-27T11:28:54.397+0000] {dag.py:3047} INFO - Sync 1 DAGs
[2026-05-27T11:28:54.931+0000] {logging_mixin.py:188} INFO - [2026-05-27T11:28:54.930+0000] {dag.py:3834} INFO - Setting next_dagrun for kaldata_scraper to 2026-05-27 00:00:00+00:00, run_after=2026-05-28 00:00:00+00:00
[2026-05-27T11:28:55.304+0000] {processor.py:183} INFO - Processing /opt/airflow/dags/kaldata_dag.py took 1.778 seconds
[2026-05-27T11:29:26.094+0000] {processor.py:161} INFO - Started process (PID=872) to work on /opt/airflow/dags/kaldata_dag.py
[2026-05-27T11:29:26.098+0000] {processor.py:830} INFO - Processing file /opt/airflow/dags/kaldata_dag.py for tasks to queue
[2026-05-27T11:29:26.101+0000] {logging_mixin.py:188} INFO - [2026-05-27T11:29:26.100+0000] {dagbag.py:540} INFO - Filling up the DagBag from /opt/airflow/dags/kaldata_dag.py
[2026-05-27T11:29:26.173+0000] {processor.py:840} INFO - DAG(s) 'kaldata_scraper' retrieved from /opt/airflow/dags/kaldata_dag.py
[2026-05-27T11:29:26.258+0000] {logging_mixin.py:188} INFO - [2026-05-27T11:29:26.257+0000] {dag.py:3047} INFO - Sync 1 DAGs
[2026-05-27T11:29:26.324+0000] {logging_mixin.py:188} INFO - [2026-05-27T11:29:26.323+0000] {dag.py:3834} INFO - Setting next_dagrun for kaldata_scraper to 2026-05-27 00:00:00+00:00, run_after=2026-05-28 00:00:00+00:00
[2026-05-27T11:29:26.439+0000] {processor.py:183} INFO - Processing /opt/airflow/dags/kaldata_dag.py took 0.357 seconds
[2026-05-27T11:29:58.151+0000] {processor.py:161} INFO - Started process (PID=902) to work on /opt/airflow/dags/kaldata_dag.py
[2026-05-27T11:29:58.174+0000] {processor.py:830} INFO - Processing file /opt/airflow/dags/kaldata_dag.py for tasks to queue
[2026-05-27T11:29:58.190+0000] {logging_mixin.py:188} INFO - [2026-05-27T11:29:58.184+0000] {dagbag.py:540} INFO - Filling up the DagBag from /opt/airflow/dags/kaldata_dag.py
[2026-05-27T11:29:58.394+0000] {processor.py:840} INFO - DAG(s) 'kaldata_scraper' retrieved from /opt/airflow/dags/kaldata_dag.py
[2026-05-27T11:29:59.095+0000] {logging_mixin.py:188} INFO - [2026-05-27T11:29:59.094+0000] {dag.py:3047} INFO - Sync 1 DAGs
[2026-05-27T11:29:59.542+0000] {logging_mixin.py:188} INFO - [2026-05-27T11:29:59.541+0000] {dag.py:3834} INFO - Setting next_dagrun for kaldata_scraper to 2026-05-27 00:00:00+00:00, run_after=2026-05-28 00:00:00+00:00
[2026-05-27T11:29:59.685+0000] {processor.py:183} INFO - Processing /opt/airflow/dags/kaldata_dag.py took 1.597 seconds
[2026-05-27T11:30:30.344+0000] {processor.py:161} INFO - Started process (PID=932) to work on /opt/airflow/dags/kaldata_dag.py
[2026-05-27T11:30:30.382+0000] {processor.py:830} INFO - Processing file /opt/airflow/dags/kaldata_dag.py for tasks to queue
[2026-05-27T11:30:30.401+0000] {logging_mixin.py:188} INFO - [2026-05-27T11:30:30.385+0000] {dagbag.py:540} INFO - Filling up the DagBag from /opt/airflow/dags/kaldata_dag.py
[2026-05-27T11:30:30.580+0000] {processor.py:840} INFO - DAG(s) 'kaldata_scraper' retrieved from /opt/airflow/dags/kaldata_dag.py
[2026-05-27T11:30:30.857+0000] {logging_mixin.py:188} INFO - [2026-05-27T11:30:30.856+0000] {dag.py:3047} INFO - Sync 1 DAGs
[2026-05-27T11:30:31.201+0000] {logging_mixin.py:188} INFO - [2026-05-27T11:30:31.200+0000] {dag.py:3834} INFO - Setting next_dagrun for kaldata_scraper to 2026-05-27 00:00:00+00:00, run_after=2026-05-28 00:00:00+00:00
[2026-05-27T11:30:31.506+0000] {processor.py:183} INFO - Processing /opt/airflow/dags/kaldata_dag.py took 1.225 seconds
[2026-05-27T11:31:02.514+0000] {processor.py:161} INFO - Started process (PID=962) to work on /opt/airflow/dags/kaldata_dag.py
[2026-05-27T11:31:02.517+0000] {processor.py:830} INFO - Processing file /opt/airflow/dags/kaldata_dag.py for tasks to queue
[2026-05-27T11:31:02.523+0000] {logging_mixin.py:188} INFO - [2026-05-27T11:31:02.523+0000] {dagbag.py:540} INFO - Filling up the DagBag from /opt/airflow/dags/kaldata_dag.py
[2026-05-27T11:31:02.584+0000] {processor.py:840} INFO - DAG(s) 'kaldata_scraper' retrieved from /opt/airflow/dags/kaldata_dag.py
[2026-05-27T11:31:02.670+0000] {logging_mixin.py:188} INFO - [2026-05-27T11:31:02.669+0000] {dag.py:3047} INFO - Sync 1 DAGs
[2026-05-27T11:31:02.745+0000] {logging_mixin.py:188} INFO - [2026-05-27T11:31:02.744+0000] {dag.py:3834} INFO - Setting next_dagrun for kaldata_scraper to 2026-05-27 00:00:00+00:00, run_after=2026-05-28 00:00:00+00:00
[2026-05-27T11:31:02.795+0000] {processor.py:183} INFO - Processing /opt/airflow/dags/kaldata_dag.py took 0.296 seconds
[2026-05-27T11:31:33.394+0000] {processor.py:161} INFO - Started process (PID=992) to work on /opt/airflow/dags/kaldata_dag.py
[2026-05-27T11:31:33.398+0000] {processor.py:830} INFO - Processing file /opt/airflow/dags/kaldata_dag.py for tasks to queue
[2026-05-27T11:31:33.402+0000] {logging_mixin.py:188} INFO - [2026-05-27T11:31:33.400+0000] {dagbag.py:540} INFO - Filling up the DagBag from /opt/airflow/dags/kaldata_dag.py
[2026-05-27T11:31:33.468+0000] {processor.py:840} INFO - DAG(s) 'kaldata_scraper' retrieved from /opt/airflow/dags/kaldata_dag.py
[2026-05-27T11:31:33.571+0000] {logging_mixin.py:188} INFO - [2026-05-27T11:31:33.571+0000] {dag.py:3047} INFO - Sync 1 DAGs
[2026-05-27T11:31:33.644+0000] {logging_mixin.py:188} INFO - [2026-05-27T11:31:33.643+0000] {dag.py:3834} INFO - Setting next_dagrun for kaldata_scraper to 2026-05-27 00:00:00+00:00, run_after=2026-05-28 00:00:00+00:00
[2026-05-27T11:31:33.713+0000] {processor.py:183} INFO - Processing /opt/airflow/dags/kaldata_dag.py took 0.330 seconds
[2026-05-27T11:32:04.824+0000] {processor.py:161} INFO - Started process (PID=1022) to work on /opt/airflow/dags/kaldata_dag.py
[2026-05-27T11:32:04.833+0000] {processor.py:830} INFO - Processing file /opt/airflow/dags/kaldata_dag.py for tasks to queue
[2026-05-27T11:32:04.840+0000] {logging_mixin.py:188} INFO - [2026-05-27T11:32:04.839+0000] {dagbag.py:540} INFO - Filling up the DagBag from /opt/airflow/dags/kaldata_dag.py
[2026-05-27T11:32:05.061+0000] {processor.py:840} INFO - DAG(s) 'kaldata_scraper' retrieved from /opt/airflow/dags/kaldata_dag.py
[2026-05-27T11:32:05.819+0000] {logging_mixin.py:188} INFO - [2026-05-27T11:32:05.816+0000] {dag.py:3047} INFO - Sync 1 DAGs
[2026-05-27T11:32:06.084+0000] {logging_mixin.py:188} INFO - [2026-05-27T11:32:06.083+0000] {dag.py:3834} INFO - Setting next_dagrun for kaldata_scraper to 2026-05-27 00:00:00+00:00, run_after=2026-05-28 00:00:00+00:00
[2026-05-27T11:32:06.216+0000] {processor.py:183} INFO - Processing /opt/airflow/dags/kaldata_dag.py took 1.409 seconds
[2026-05-27T11:32:36.857+0000] {processor.py:161} INFO - Started process (PID=1052) to work on /opt/airflow/dags/kaldata_dag.py
[2026-05-27T11:32:36.861+0000] {processor.py:830} INFO - Processing file /opt/airflow/dags/kaldata_dag.py for tasks to queue
[2026-05-27T11:32:36.869+0000] {logging_mixin.py:188} INFO - [2026-05-27T11:32:36.868+0000] {dagbag.py:540} INFO - Filling up the DagBag from /opt/airflow/dags/kaldata_dag.py
[2026-05-27T11:32:37.024+0000] {processor.py:840} INFO - DAG(s) 'kaldata_scraper' retrieved from /opt/airflow/dags/kaldata_dag.py
[2026-05-27T11:32:37.116+0000] {logging_mixin.py:188} INFO - [2026-05-27T11:32:37.115+0000] {dag.py:3047} INFO - Sync 1 DAGs
[2026-05-27T11:32:37.197+0000] {logging_mixin.py:188} INFO - [2026-05-27T11:32:37.196+0000] {dag.py:3834} INFO - Setting next_dagrun for kaldata_scraper to 2026-05-27 00:00:00+00:00, run_after=2026-05-28 00:00:00+00:00
[2026-05-27T11:32:37.263+0000] {processor.py:183} INFO - Processing /opt/airflow/dags/kaldata_dag.py took 0.418 seconds
[2026-05-27T11:33:09.167+0000] {processor.py:161} INFO - Started process (PID=1082) to work on /opt/airflow/dags/kaldata_dag.py
[2026-05-27T11:33:09.173+0000] {processor.py:830} INFO - Processing file /opt/airflow/dags/kaldata_dag.py for tasks to queue
[2026-05-27T11:33:09.179+0000] {logging_mixin.py:188} INFO - [2026-05-27T11:33:09.177+0000] {dagbag.py:540} INFO - Filling up the DagBag from /opt/airflow/dags/kaldata_dag.py
[2026-05-27T11:33:09.308+0000] {processor.py:840} INFO - DAG(s) 'kaldata_scraper' retrieved from /opt/airflow/dags/kaldata_dag.py
[2026-05-27T11:33:09.488+0000] {logging_mixin.py:188} INFO - [2026-05-27T11:33:09.476+0000] {dag.py:3047} INFO - Sync 1 DAGs
[2026-05-27T11:33:09.596+0000] {logging_mixin.py:188} INFO - [2026-05-27T11:33:09.594+0000] {dag.py:3834} INFO - Setting next_dagrun for kaldata_scraper to 2026-05-27 00:00:00+00:00, run_after=2026-05-28 00:00:00+00:00
[2026-05-27T11:33:09.707+0000] {processor.py:183} INFO - Processing /opt/airflow/dags/kaldata_dag.py took 0.562 seconds
[2026-05-27T11:33:40.477+0000] {processor.py:161} INFO - Started process (PID=1112) to work on /opt/airflow/dags/kaldata_dag.py
[2026-05-27T11:33:40.492+0000] {processor.py:830} INFO - Processing file /opt/airflow/dags/kaldata_dag.py for tasks to queue
[2026-05-27T11:33:40.510+0000] {logging_mixin.py:188} INFO - [2026-05-27T11:33:40.508+0000] {dagbag.py:540} INFO - Filling up the DagBag from /opt/airflow/dags/kaldata_dag.py
[2026-05-27T11:33:41.221+0000] {processor.py:840} INFO - DAG(s) 'kaldata_scraper' retrieved from /opt/airflow/dags/kaldata_dag.py
[2026-05-27T11:33:41.534+0000] {logging_mixin.py:188} INFO - [2026-05-27T11:33:41.534+0000] {dag.py:3047} INFO - Sync 1 DAGs
[2026-05-27T11:33:41.648+0000] {logging_mixin.py:188} INFO - [2026-05-27T11:33:41.647+0000] {dag.py:3834} INFO - Setting next_dagrun for kaldata_scraper to 2026-05-27 00:00:00+00:00, run_after=2026-05-28 00:00:00+00:00
[2026-05-27T11:33:41.703+0000] {processor.py:183} INFO - Processing /opt/airflow/dags/kaldata_dag.py took 1.289 seconds
[2026-05-27T11:34:12.621+0000] {processor.py:161} INFO - Started process (PID=1142) to work on /opt/airflow/dags/kaldata_dag.py
[2026-05-27T11:34:12.624+0000] {processor.py:830} INFO - Processing file /opt/airflow/dags/kaldata_dag.py for tasks to queue
[2026-05-27T11:34:12.636+0000] {logging_mixin.py:188} INFO - [2026-05-27T11:34:12.630+0000] {dagbag.py:540} INFO - Filling up the DagBag from /opt/airflow/dags/kaldata_dag.py
[2026-05-27T11:34:12.748+0000] {processor.py:840} INFO - DAG(s) 'kaldata_scraper' retrieved from /opt/airflow/dags/kaldata_dag.py
[2026-05-27T11:34:12.958+0000] {logging_mixin.py:188} INFO - [2026-05-27T11:34:12.957+0000] {dag.py:3047} INFO - Sync 1 DAGs
[2026-05-27T11:34:13.231+0000] {logging_mixin.py:188} INFO - [2026-05-27T11:34:13.231+0000] {dag.py:3834} INFO - Setting next_dagrun for kaldata_scraper to 2026-05-27 00:00:00+00:00, run_after=2026-05-28 00:00:00+00:00
[2026-05-27T11:34:13.435+0000] {processor.py:183} INFO - Processing /opt/airflow/dags/kaldata_dag.py took 0.838 seconds
[2026-05-27T11:34:44.855+0000] {processor.py:161} INFO - Started process (PID=1172) to work on /opt/airflow/dags/kaldata_dag.py
[2026-05-27T11:34:44.888+0000] {processor.py:830} INFO - Processing file /opt/airflow/dags/kaldata_dag.py for tasks to queue
[2026-05-27T11:34:44.909+0000] {logging_mixin.py:188} INFO - [2026-05-27T11:34:44.908+0000] {dagbag.py:540} INFO - Filling up the DagBag from /opt/airflow/dags/kaldata_dag.py
[2026-05-27T11:34:45.405+0000] {processor.py:840} INFO - DAG(s) 'kaldata_scraper' retrieved from /opt/airflow/dags/kaldata_dag.py
[2026-05-27T11:34:45.582+0000] {logging_mixin.py:188} INFO - [2026-05-27T11:34:45.573+0000] {dag.py:3047} INFO - Sync 1 DAGs
[2026-05-27T11:34:45.766+0000] {logging_mixin.py:188} INFO - [2026-05-27T11:34:45.765+0000] {dag.py:3834} INFO - Setting next_dagrun for kaldata_scraper to 2026-05-27 00:00:00+00:00, run_after=2026-05-28 00:00:00+00:00
[2026-05-27T11:34:46.010+0000] {processor.py:183} INFO - Processing /opt/airflow/dags/kaldata_dag.py took 1.166 seconds
[2026-05-27T11:35:17.686+0000] {processor.py:161} INFO - Started process (PID=1202) to work on /opt/airflow/dags/kaldata_dag.py
[2026-05-27T11:35:17.690+0000] {processor.py:830} INFO - Processing file /opt/airflow/dags/kaldata_dag.py for tasks to queue
[2026-05-27T11:35:17.695+0000] {logging_mixin.py:188} INFO - [2026-05-27T11:35:17.694+0000] {dagbag.py:540} INFO - Filling up the DagBag from /opt/airflow/dags/kaldata_dag.py
[2026-05-27T11:35:17.768+0000] {processor.py:840} INFO - DAG(s) 'kaldata_scraper' retrieved from /opt/airflow/dags/kaldata_dag.py
[2026-05-27T11:35:17.864+0000] {logging_mixin.py:188} INFO - [2026-05-27T11:35:17.864+0000] {dag.py:3047} INFO - Sync 1 DAGs
[2026-05-27T11:35:17.943+0000] {logging_mixin.py:188} INFO - [2026-05-27T11:35:17.942+0000] {dag.py:3834} INFO - Setting next_dagrun for kaldata_scraper to 2026-05-27 00:00:00+00:00, run_after=2026-05-28 00:00:00+00:00
[2026-05-27T11:35:18.093+0000] {processor.py:183} INFO - Processing /opt/airflow/dags/kaldata_dag.py took 0.419 seconds
[2026-05-27T11:35:48.990+0000] {processor.py:161} INFO - Started process (PID=1232) to work on /opt/airflow/dags/kaldata_dag.py
[2026-05-27T11:35:49.002+0000] {processor.py:830} INFO - Processing file /opt/airflow/dags/kaldata_dag.py for tasks to queue
[2026-05-27T11:35:49.004+0000] {logging_mixin.py:188} INFO - [2026-05-27T11:35:49.004+0000] {dagbag.py:540} INFO - Filling up the DagBag from /opt/airflow/dags/kaldata_dag.py
[2026-05-27T11:35:49.075+0000] {processor.py:840} INFO - DAG(s) 'kaldata_scraper' retrieved from /opt/airflow/dags/kaldata_dag.py
[2026-05-27T11:35:49.275+0000] {logging_mixin.py:188} INFO - [2026-05-27T11:35:49.274+0000] {dag.py:3047} INFO - Sync 1 DAGs
[2026-05-27T11:35:49.339+0000] {logging_mixin.py:188} INFO - [2026-05-27T11:35:49.339+0000] {dag.py:3834} INFO - Setting next_dagrun for kaldata_scraper to 2026-05-27 00:00:00+00:00, run_after=2026-05-28 00:00:00+00:00
[2026-05-27T11:35:49.400+0000] {processor.py:183} INFO - Processing /opt/airflow/dags/kaldata_dag.py took 0.431 seconds
[2026-05-27T11:36:20.500+0000] {processor.py:161} INFO - Started process (PID=1262) to work on /opt/airflow/dags/kaldata_dag.py
[2026-05-27T11:36:20.520+0000] {processor.py:830} INFO - Processing file /opt/airflow/dags/kaldata_dag.py for tasks to queue
[2026-05-27T11:36:20.528+0000] {logging_mixin.py:188} INFO - [2026-05-27T11:36:20.527+0000] {dagbag.py:540} INFO - Filling up the DagBag from /opt/airflow/dags/kaldata_dag.py
[2026-05-27T11:36:20.983+0000] {processor.py:840} INFO - DAG(s) 'kaldata_scraper' retrieved from /opt/airflow/dags/kaldata_dag.py
[2026-05-27T11:36:21.075+0000] {logging_mixin.py:188} INFO - [2026-05-27T11:36:21.064+0000] {dag.py:3047} INFO - Sync 1 DAGs
[2026-05-27T11:36:21.162+0000] {logging_mixin.py:188} INFO - [2026-05-27T11:36:21.162+0000] {dag.py:3834} INFO - Setting next_dagrun for kaldata_scraper to 2026-05-27 00:00:00+00:00, run_after=2026-05-28 00:00:00+00:00
[2026-05-27T11:36:21.263+0000] {processor.py:183} INFO - Processing /opt/airflow/dags/kaldata_dag.py took 0.783 seconds
[2026-05-27T11:36:51.675+0000] {processor.py:161} INFO - Started process (PID=1292) to work on /opt/airflow/dags/kaldata_dag.py
[2026-05-27T11:36:51.678+0000] {processor.py:830} INFO - Processing file /opt/airflow/dags/kaldata_dag.py for tasks to queue
[2026-05-27T11:36:51.685+0000] {logging_mixin.py:188} INFO - [2026-05-27T11:36:51.682+0000] {dagbag.py:540} INFO - Filling up the DagBag from /opt/airflow/dags/kaldata_dag.py
[2026-05-27T11:36:51.796+0000] {processor.py:840} INFO - DAG(s) 'kaldata_scraper' retrieved from /opt/airflow/dags/kaldata_dag.py
[2026-05-27T11:36:51.925+0000] {logging_mixin.py:188} INFO - [2026-05-27T11:36:51.923+0000] {dag.py:3047} INFO - Sync 1 DAGs
[2026-05-27T11:36:52.151+0000] {logging_mixin.py:188} INFO - [2026-05-27T11:36:52.150+0000] {dag.py:3834} INFO - Setting next_dagrun for kaldata_scraper to 2026-05-27 00:00:00+00:00, run_after=2026-05-28 00:00:00+00:00
[2026-05-27T11:36:52.401+0000] {processor.py:183} INFO - Processing /opt/airflow/dags/kaldata_dag.py took 0.741 seconds
[2026-05-27T11:37:22.872+0000] {processor.py:161} INFO - Started process (PID=1322) to work on /opt/airflow/dags/kaldata_dag.py
[2026-05-27T11:37:22.885+0000] {processor.py:830} INFO - Processing file /opt/airflow/dags/kaldata_dag.py for tasks to queue
[2026-05-27T11:37:22.889+0000] {logging_mixin.py:188} INFO - [2026-05-27T11:37:22.888+0000] {dagbag.py:540} INFO - Filling up the DagBag from /opt/airflow/dags/kaldata_dag.py
[2026-05-27T11:37:22.951+0000] {processor.py:840} INFO - DAG(s) 'kaldata_scraper' retrieved from /opt/airflow/dags/kaldata_dag.py
[2026-05-27T11:37:23.016+0000] {logging_mixin.py:188} INFO - [2026-05-27T11:37:23.015+0000] {dag.py:3047} INFO - Sync 1 DAGs
[2026-05-27T11:37:23.078+0000] {logging_mixin.py:188} INFO - [2026-05-27T11:37:23.077+0000] {dag.py:3834} INFO - Setting next_dagrun for kaldata_scraper to 2026-05-27 00:00:00+00:00, run_after=2026-05-28 00:00:00+00:00
[2026-05-27T11:37:23.133+0000] {processor.py:183} INFO - Processing /opt/airflow/dags/kaldata_dag.py took 0.271 seconds
[2026-05-27T11:37:55.258+0000] {processor.py:161} INFO - Started process (PID=1352) to work on /opt/airflow/dags/kaldata_dag.py
[2026-05-27T11:37:55.268+0000] {processor.py:830} INFO - Processing file /opt/airflow/dags/kaldata_dag.py for tasks to queue
[2026-05-27T11:37:55.290+0000] {logging_mixin.py:188} INFO - [2026-05-27T11:37:55.287+0000] {dagbag.py:540} INFO - Filling up the DagBag from /opt/airflow/dags/kaldata_dag.py
[2026-05-27T11:37:55.431+0000] {processor.py:840} INFO - DAG(s) 'kaldata_scraper' retrieved from /opt/airflow/dags/kaldata_dag.py
[2026-05-27T11:37:55.588+0000] {logging_mixin.py:188} INFO - [2026-05-27T11:37:55.587+0000] {dag.py:3047} INFO - Sync 1 DAGs
[2026-05-27T11:37:55.784+0000] {logging_mixin.py:188} INFO - [2026-05-27T11:37:55.772+0000] {dag.py:3834} INFO - Setting next_dagrun for kaldata_scraper to 2026-05-27 00:00:00+00:00, run_after=2026-05-28 00:00:00+00:00
[2026-05-27T11:37:56.047+0000] {processor.py:183} INFO - Processing /opt/airflow/dags/kaldata_dag.py took 0.815 seconds
[2026-05-27T11:38:26.524+0000] {processor.py:161} INFO - Started process (PID=1382) to work on /opt/airflow/dags/kaldata_dag.py
[2026-05-27T11:38:26.528+0000] {processor.py:830} INFO - Processing file /opt/airflow/dags/kaldata_dag.py for tasks to queue
[2026-05-27T11:38:26.531+0000] {logging_mixin.py:188} INFO - [2026-05-27T11:38:26.530+0000] {dagbag.py:540} INFO - Filling up the DagBag from /opt/airflow/dags/kaldata_dag.py
[2026-05-27T11:38:26.622+0000] {processor.py:840} INFO - DAG(s) 'kaldata_scraper' retrieved from /opt/airflow/dags/kaldata_dag.py
[2026-05-27T11:38:26.725+0000] {logging_mixin.py:188} INFO - [2026-05-27T11:38:26.724+0000] {dag.py:3047} INFO - Sync 1 DAGs
[2026-05-27T11:38:26.790+0000] {logging_mixin.py:188} INFO - [2026-05-27T11:38:26.790+0000] {dag.py:3834} INFO - Setting next_dagrun for kaldata_scraper to 2026-05-27 00:00:00+00:00, run_after=2026-05-28 00:00:00+00:00
[2026-05-27T11:38:26.842+0000] {processor.py:183} INFO - Processing /opt/airflow/dags/kaldata_dag.py took 0.337 seconds
[2026-05-27T11:38:57.460+0000] {processor.py:161} INFO - Started process (PID=1412) to work on /opt/airflow/dags/kaldata_dag.py
[2026-05-27T11:38:57.464+0000] {processor.py:830} INFO - Processing file /opt/airflow/dags/kaldata_dag.py for tasks to queue
[2026-05-27T11:38:57.467+0000] {logging_mixin.py:188} INFO - [2026-05-27T11:38:57.466+0000] {dagbag.py:540} INFO - Filling up the DagBag from /opt/airflow/dags/kaldata_dag.py
[2026-05-27T11:38:57.572+0000] {processor.py:840} INFO - DAG(s) 'kaldata_scraper' retrieved from /opt/airflow/dags/kaldata_dag.py
[2026-05-27T11:38:57.784+0000] {logging_mixin.py:188} INFO - [2026-05-27T11:38:57.783+0000] {dag.py:3047} INFO - Sync 1 DAGs
[2026-05-27T11:38:58.360+0000] {logging_mixin.py:188} INFO - [2026-05-27T11:38:58.359+0000] {dag.py:3834} INFO - Setting next_dagrun for kaldata_scraper to 2026-05-27 00:00:00+00:00, run_after=2026-05-28 00:00:00+00:00
[2026-05-27T11:38:58.981+0000] {processor.py:183} INFO - Processing /opt/airflow/dags/kaldata_dag.py took 1.531 seconds
[2026-05-27T11:39:30.212+0000] {processor.py:161} INFO - Started process (PID=1442) to work on /opt/airflow/dags/kaldata_dag.py
[2026-05-27T11:39:30.216+0000] {processor.py:830} INFO - Processing file /opt/airflow/dags/kaldata_dag.py for tasks to queue
[2026-05-27T11:39:30.220+0000] {logging_mixin.py:188} INFO - [2026-05-27T11:39:30.219+0000] {dagbag.py:540} INFO - Filling up the DagBag from /opt/airflow/dags/kaldata_dag.py
[2026-05-27T11:39:30.293+0000] {processor.py:840} INFO - DAG(s) 'kaldata_scraper' retrieved from /opt/airflow/dags/kaldata_dag.py
[2026-05-27T11:39:30.362+0000] {logging_mixin.py:188} INFO - [2026-05-27T11:39:30.361+0000] {dag.py:3047} INFO - Sync 1 DAGs
[2026-05-27T11:39:30.435+0000] {logging_mixin.py:188} INFO - [2026-05-27T11:39:30.435+0000] {dag.py:3834} INFO - Setting next_dagrun for kaldata_scraper to 2026-05-27 00:00:00+00:00, run_after=2026-05-28 00:00:00+00:00
[2026-05-27T11:39:30.499+0000] {processor.py:183} INFO - Processing /opt/airflow/dags/kaldata_dag.py took 0.300 seconds
[2026-05-27T11:40:01.029+0000] {processor.py:161} INFO - Started process (PID=1472) to work on /opt/airflow/dags/kaldata_dag.py
[2026-05-27T11:40:01.047+0000] {processor.py:830} INFO - Processing file /opt/airflow/dags/kaldata_dag.py for tasks to queue
[2026-05-27T11:40:01.051+0000] {logging_mixin.py:188} INFO - [2026-05-27T11:40:01.050+0000] {dagbag.py:540} INFO - Filling up the DagBag from /opt/airflow/dags/kaldata_dag.py
[2026-05-27T11:40:01.374+0000] {processor.py:840} INFO - DAG(s) 'kaldata_scraper' retrieved from /opt/airflow/dags/kaldata_dag.py
[2026-05-27T11:40:01.938+0000] {logging_mixin.py:188} INFO - [2026-05-27T11:40:01.938+0000] {dag.py:3047} INFO - Sync 1 DAGs
[2026-05-27T11:40:02.271+0000] {logging_mixin.py:188} INFO - [2026-05-27T11:40:02.265+0000] {dag.py:3834} INFO - Setting next_dagrun for kaldata_scraper to 2026-05-27 00:00:00+00:00, run_after=2026-05-28 00:00:00+00:00
[2026-05-27T11:40:02.462+0000] {processor.py:183} INFO - Processing /opt/airflow/dags/kaldata_dag.py took 1.463 seconds
[2026-05-27T11:40:34.465+0000] {processor.py:161} INFO - Started process (PID=1502) to work on /opt/airflow/dags/kaldata_dag.py
[2026-05-27T11:40:34.468+0000] {processor.py:830} INFO - Processing file /opt/airflow/dags/kaldata_dag.py for tasks to queue
[2026-05-27T11:40:34.471+0000] {logging_mixin.py:188} INFO - [2026-05-27T11:40:34.470+0000] {dagbag.py:540} INFO - Filling up the DagBag from /opt/airflow/dags/kaldata_dag.py
[2026-05-27T11:40:34.535+0000] {processor.py:840} INFO - DAG(s) 'kaldata_scraper' retrieved from /opt/airflow/dags/kaldata_dag.py
[2026-05-27T11:40:34.658+0000] {logging_mixin.py:188} INFO - [2026-05-27T11:40:34.657+0000] {dag.py:3047} INFO - Sync 1 DAGs
[2026-05-27T11:40:34.736+0000] {logging_mixin.py:188} INFO - [2026-05-27T11:40:34.735+0000] {dag.py:3834} INFO - Setting next_dagrun for kaldata_scraper to 2026-05-27 00:00:00+00:00, run_after=2026-05-28 00:00:00+00:00
[2026-05-27T11:40:34.844+0000] {processor.py:183} INFO - Processing /opt/airflow/dags/kaldata_dag.py took 0.392 seconds
[2026-05-27T11:41:05.750+0000] {processor.py:161} INFO - Started process (PID=1532) to work on /opt/airflow/dags/kaldata_dag.py
[2026-05-27T11:41:05.753+0000] {processor.py:830} INFO - Processing file /opt/airflow/dags/kaldata_dag.py for tasks to queue
[2026-05-27T11:41:05.757+0000] {logging_mixin.py:188} INFO - [2026-05-27T11:41:05.755+0000] {dagbag.py:540} INFO - Filling up the DagBag from /opt/airflow/dags/kaldata_dag.py
[2026-05-27T11:41:06.037+0000] {processor.py:840} INFO - DAG(s) 'kaldata_scraper' retrieved from /opt/airflow/dags/kaldata_dag.py
[2026-05-27T11:41:06.337+0000] {logging_mixin.py:188} INFO - [2026-05-27T11:41:06.337+0000] {dag.py:3047} INFO - Sync 1 DAGs
[2026-05-27T11:41:06.530+0000] {logging_mixin.py:188} INFO - [2026-05-27T11:41:06.529+0000] {dag.py:3834} INFO - Setting next_dagrun for kaldata_scraper to 2026-05-27 00:00:00+00:00, run_after=2026-05-28 00:00:00+00:00
[2026-05-27T11:41:06.816+0000] {processor.py:183} INFO - Processing /opt/airflow/dags/kaldata_dag.py took 1.088 seconds
[2026-05-27T11:41:37.819+0000] {processor.py:161} INFO - Started process (PID=1562) to work on /opt/airflow/dags/kaldata_dag.py
[2026-05-27T11:41:37.822+0000] {processor.py:830} INFO - Processing file /opt/airflow/dags/kaldata_dag.py for tasks to queue
[2026-05-27T11:41:37.826+0000] {logging_mixin.py:188} INFO - [2026-05-27T11:41:37.825+0000] {dagbag.py:540} INFO - Filling up the DagBag from /opt/airflow/dags/kaldata_dag.py
[2026-05-27T11:41:37.924+0000] {processor.py:840} INFO - DAG(s) 'kaldata_scraper' retrieved from /opt/airflow/dags/kaldata_dag.py
[2026-05-27T11:41:38.086+0000] {logging_mixin.py:188} INFO - [2026-05-27T11:41:38.086+0000] {dag.py:3047} INFO - Sync 1 DAGs
[2026-05-27T11:41:38.161+0000] {logging_mixin.py:188} INFO - [2026-05-27T11:41:38.160+0000] {dag.py:3834} INFO - Setting next_dagrun for kaldata_scraper to 2026-05-27 00:00:00+00:00, run_after=2026-05-28 00:00:00+00:00
[2026-05-27T11:41:38.385+0000] {processor.py:183} INFO - Processing /opt/airflow/dags/kaldata_dag.py took 0.576 seconds
[2026-05-27T11:42:08.810+0000] {processor.py:161} INFO - Started process (PID=1592) to work on /opt/airflow/dags/kaldata_dag.py
[2026-05-27T11:42:08.814+0000] {processor.py:830} INFO - Processing file /opt/airflow/dags/kaldata_dag.py for tasks to queue
[2026-05-27T11:42:08.817+0000] {logging_mixin.py:188} INFO - [2026-05-27T11:42:08.816+0000] {dagbag.py:540} INFO - Filling up the DagBag from /opt/airflow/dags/kaldata_dag.py
[2026-05-27T11:42:08.926+0000] {processor.py:840} INFO - DAG(s) 'kaldata_scraper' retrieved from /opt/airflow/dags/kaldata_dag.py
[2026-05-27T11:42:09.095+0000] {logging_mixin.py:188} INFO - [2026-05-27T11:42:09.094+0000] {dag.py:3047} INFO - Sync 1 DAGs
[2026-05-27T11:42:09.530+0000] {logging_mixin.py:188} INFO - [2026-05-27T11:42:09.530+0000] {dag.py:3834} INFO - Setting next_dagrun for kaldata_scraper to 2026-05-27 00:00:00+00:00, run_after=2026-05-28 00:00:00+00:00
[2026-05-27T11:42:09.860+0000] {processor.py:183} INFO - Processing /opt/airflow/dags/kaldata_dag.py took 1.063 seconds
[2026-05-27T11:42:42.912+0000] {processor.py:161} INFO - Started process (PID=1622) to work on /opt/airflow/dags/kaldata_dag.py
[2026-05-27T11:42:42.936+0000] {processor.py:830} INFO - Processing file /opt/airflow/dags/kaldata_dag.py for tasks to queue
[2026-05-27T11:42:42.967+0000] {logging_mixin.py:188} INFO - [2026-05-27T11:42:42.967+0000] {dagbag.py:540} INFO - Filling up the DagBag from /opt/airflow/dags/kaldata_dag.py
[2026-05-27T11:42:46.443+0000] {processor.py:840} INFO - DAG(s) 'kaldata_scraper' retrieved from /opt/airflow/dags/kaldata_dag.py
[2026-05-27T11:42:46.680+0000] {logging_mixin.py:188} INFO - [2026-05-27T11:42:46.670+0000] {dag.py:3047} INFO - Sync 1 DAGs
[2026-05-27T11:42:46.897+0000] {logging_mixin.py:188} INFO - [2026-05-27T11:42:46.885+0000] {dag.py:3834} INFO - Setting next_dagrun for kaldata_scraper to 2026-05-27 00:00:00+00:00, run_after=2026-05-28 00:00:00+00:00
[2026-05-27T11:42:47.028+0000] {processor.py:183} INFO - Processing /opt/airflow/dags/kaldata_dag.py took 4.174 seconds
[2026-05-27T11:43:17.374+0000] {processor.py:161} INFO - Started process (PID=1655) to work on /opt/airflow/dags/kaldata_dag.py
[2026-05-27T11:43:17.377+0000] {processor.py:830} INFO - Processing file /opt/airflow/dags/kaldata_dag.py for tasks to queue
[2026-05-27T11:43:17.385+0000] {logging_mixin.py:188} INFO - [2026-05-27T11:43:17.384+0000] {dagbag.py:540} INFO - Filling up the DagBag from /opt/airflow/dags/kaldata_dag.py
[2026-05-27T11:43:17.519+0000] {processor.py:840} INFO - DAG(s) 'kaldata_scraper' retrieved from /opt/airflow/dags/kaldata_dag.py
[2026-05-27T11:43:17.923+0000] {logging_mixin.py:188} INFO - [2026-05-27T11:43:17.923+0000] {dag.py:3047} INFO - Sync 1 DAGs
[2026-05-27T11:43:18.323+0000] {logging_mixin.py:188} INFO - [2026-05-27T11:43:18.322+0000] {dag.py:3834} INFO - Setting next_dagrun for kaldata_scraper to 2026-05-27 00:00:00+00:00, run_after=2026-05-28 00:00:00+00:00
[2026-05-27T11:43:18.506+0000] {processor.py:183} INFO - Processing /opt/airflow/dags/kaldata_dag.py took 1.155 seconds
[2026-05-27T11:43:49.029+0000] {processor.py:161} INFO - Started process (PID=1682) to work on /opt/airflow/dags/kaldata_dag.py
[2026-05-27T11:43:49.035+0000] {processor.py:830} INFO - Processing file /opt/airflow/dags/kaldata_dag.py for tasks to queue
[2026-05-27T11:43:49.038+0000] {logging_mixin.py:188} INFO - [2026-05-27T11:43:49.037+0000] {dagbag.py:540} INFO - Filling up the DagBag from /opt/airflow/dags/kaldata_dag.py
[2026-05-27T11:43:49.114+0000] {processor.py:840} INFO - DAG(s) 'kaldata_scraper' retrieved from /opt/airflow/dags/kaldata_dag.py
[2026-05-27T11:43:49.194+0000] {logging_mixin.py:188} INFO - [2026-05-27T11:43:49.193+0000] {dag.py:3047} INFO - Sync 1 DAGs
[2026-05-27T11:43:49.258+0000] {logging_mixin.py:188} INFO - [2026-05-27T11:43:49.257+0000] {dag.py:3834} INFO - Setting next_dagrun for kaldata_scraper to 2026-05-27 00:00:00+00:00, run_after=2026-05-28 00:00:00+00:00
[2026-05-27T11:43:49.313+0000] {processor.py:183} INFO - Processing /opt/airflow/dags/kaldata_dag.py took 0.295 seconds
[2026-05-27T11:44:19.770+0000] {processor.py:161} INFO - Started process (PID=1712) to work on /opt/airflow/dags/kaldata_dag.py
[2026-05-27T11:44:19.774+0000] {processor.py:830} INFO - Processing file /opt/airflow/dags/kaldata_dag.py for tasks to queue
[2026-05-27T11:44:19.781+0000] {logging_mixin.py:188} INFO - [2026-05-27T11:44:19.779+0000] {dagbag.py:540} INFO - Filling up the DagBag from /opt/airflow/dags/kaldata_dag.py
[2026-05-27T11:44:19.844+0000] {processor.py:840} INFO - DAG(s) 'kaldata_scraper' retrieved from /opt/airflow/dags/kaldata_dag.py
[2026-05-27T11:44:19.951+0000] {logging_mixin.py:188} INFO - [2026-05-27T11:44:19.950+0000] {dag.py:3047} INFO - Sync 1 DAGs
[2026-05-27T11:44:20.018+0000] {logging_mixin.py:188} INFO - [2026-05-27T11:44:20.018+0000] {dag.py:3834} INFO - Setting next_dagrun for kaldata_scraper to 2026-05-27 00:00:00+00:00, run_after=2026-05-28 00:00:00+00:00
[2026-05-27T11:44:20.079+0000] {processor.py:183} INFO - Processing /opt/airflow/dags/kaldata_dag.py took 0.319 seconds
[2026-05-27T11:44:51.321+0000] {processor.py:161} INFO - Started process (PID=1742) to work on /opt/airflow/dags/kaldata_dag.py
[2026-05-27T11:44:51.341+0000] {processor.py:830} INFO - Processing file /opt/airflow/dags/kaldata_dag.py for tasks to queue
[2026-05-27T11:44:51.360+0000] {logging_mixin.py:188} INFO - [2026-05-27T11:44:51.359+0000] {dagbag.py:540} INFO - Filling up the DagBag from /opt/airflow/dags/kaldata_dag.py
[2026-05-27T11:44:51.424+0000] {processor.py:840} INFO - DAG(s) 'kaldata_scraper' retrieved from /opt/airflow/dags/kaldata_dag.py
[2026-05-27T11:44:51.493+0000] {logging_mixin.py:188} INFO - [2026-05-27T11:44:51.492+0000] {dag.py:3047} INFO - Sync 1 DAGs
[2026-05-27T11:44:51.555+0000] {logging_mixin.py:188} INFO - [2026-05-27T11:44:51.554+0000] {dag.py:3834} INFO - Setting next_dagrun for kaldata_scraper to 2026-05-27 00:00:00+00:00, run_after=2026-05-28 00:00:00+00:00
[2026-05-27T11:44:51.607+0000] {processor.py:183} INFO - Processing /opt/airflow/dags/kaldata_dag.py took 0.305 seconds
[2026-05-27T11:45:23.069+0000] {processor.py:161} INFO - Started process (PID=1772) to work on /opt/airflow/dags/kaldata_dag.py
[2026-05-27T11:45:23.081+0000] {processor.py:830} INFO - Processing file /opt/airflow/dags/kaldata_dag.py for tasks to queue
[2026-05-27T11:45:23.094+0000] {logging_mixin.py:188} INFO - [2026-05-27T11:45:23.092+0000] {dagbag.py:540} INFO - Filling up the DagBag from /opt/airflow/dags/kaldata_dag.py
[2026-05-27T11:45:23.212+0000] {processor.py:840} INFO - DAG(s) 'kaldata_scraper' retrieved from /opt/airflow/dags/kaldata_dag.py
[2026-05-27T11:45:23.310+0000] {logging_mixin.py:188} INFO - [2026-05-27T11:45:23.309+0000] {dag.py:3047} INFO - Sync 1 DAGs
[2026-05-27T11:45:23.373+0000] {logging_mixin.py:188} INFO - [2026-05-27T11:45:23.373+0000] {dag.py:3834} INFO - Setting next_dagrun for kaldata_scraper to 2026-05-27 00:00:00+00:00, run_after=2026-05-28 00:00:00+00:00
[2026-05-27T11:45:23.421+0000] {processor.py:183} INFO - Processing /opt/airflow/dags/kaldata_dag.py took 0.375 seconds
[2026-05-27T11:45:54.059+0000] {processor.py:161} INFO - Started process (PID=1802) to work on /opt/airflow/dags/kaldata_dag.py
[2026-05-27T11:45:54.069+0000] {processor.py:830} INFO - Processing file /opt/airflow/dags/kaldata_dag.py for tasks to queue
[2026-05-27T11:45:54.074+0000] {logging_mixin.py:188} INFO - [2026-05-27T11:45:54.073+0000] {dagbag.py:540} INFO - Filling up the DagBag from /opt/airflow/dags/kaldata_dag.py
[2026-05-27T11:45:54.656+0000] {processor.py:840} INFO - DAG(s) 'kaldata_scraper' retrieved from /opt/airflow/dags/kaldata_dag.py
[2026-05-27T11:45:55.268+0000] {logging_mixin.py:188} INFO - [2026-05-27T11:45:55.267+0000] {dag.py:3047} INFO - Sync 1 DAGs
[2026-05-27T11:45:55.486+0000] {logging_mixin.py:188} INFO - [2026-05-27T11:45:55.486+0000] {dag.py:3834} INFO - Setting next_dagrun for kaldata_scraper to 2026-05-27 00:00:00+00:00, run_after=2026-05-28 00:00:00+00:00
[2026-05-27T11:45:55.564+0000] {processor.py:183} INFO - Processing /opt/airflow/dags/kaldata_dag.py took 1.538 seconds
[2026-05-27T11:46:25.855+0000] {processor.py:161} INFO - Started process (PID=1832) to work on /opt/airflow/dags/kaldata_dag.py
[2026-05-27T11:46:25.858+0000] {processor.py:830} INFO - Processing file /opt/airflow/dags/kaldata_dag.py for tasks to queue
[2026-05-27T11:46:25.861+0000] {logging_mixin.py:188} INFO - [2026-05-27T11:46:25.860+0000] {dagbag.py:540} INFO - Filling up the DagBag from /opt/airflow/dags/kaldata_dag.py
[2026-05-27T11:46:25.928+0000] {processor.py:840} INFO - DAG(s) 'kaldata_scraper' retrieved from /opt/airflow/dags/kaldata_dag.py
[2026-05-27T11:46:26.004+0000] {logging_mixin.py:188} INFO - [2026-05-27T11:46:26.003+0000] {dag.py:3047} INFO - Sync 1 DAGs
[2026-05-27T11:46:26.077+0000] {logging_mixin.py:188} INFO - [2026-05-27T11:46:26.076+0000] {dag.py:3834} INFO - Setting next_dagrun for kaldata_scraper to 2026-05-27 00:00:00+00:00, run_after=2026-05-28 00:00:00+00:00
[2026-05-27T11:46:26.135+0000] {processor.py:183} INFO - Processing /opt/airflow/dags/kaldata_dag.py took 0.292 seconds
[2026-05-27T11:47:03.885+0000] {processor.py:161} INFO - Started process (PID=1862) to work on /opt/airflow/dags/kaldata_dag.py
[2026-05-27T11:47:03.978+0000] {processor.py:830} INFO - Processing file /opt/airflow/dags/kaldata_dag.py for tasks to queue
[2026-05-27T11:47:04.084+0000] {logging_mixin.py:188} INFO - [2026-05-27T11:47:04.082+0000] {dagbag.py:540} INFO - Filling up the DagBag from /opt/airflow/dags/kaldata_dag.py
[2026-05-27T11:47:06.216+0000] {processor.py:840} INFO - DAG(s) 'kaldata_scraper' retrieved from /opt/airflow/dags/kaldata_dag.py
[2026-05-27T11:47:06.485+0000] {logging_mixin.py:188} INFO - [2026-05-27T11:47:06.484+0000] {dag.py:3047} INFO - Sync 1 DAGs
[2026-05-27T11:47:06.740+0000] {logging_mixin.py:188} INFO - [2026-05-27T11:47:06.727+0000] {dag.py:3834} INFO - Setting next_dagrun for kaldata_scraper to 2026-05-27 00:00:00+00:00, run_after=2026-05-28 00:00:00+00:00
[2026-05-27T11:47:06.945+0000] {processor.py:183} INFO - Processing /opt/airflow/dags/kaldata_dag.py took 3.081 seconds
[2026-05-27T11:47:37.580+0000] {processor.py:161} INFO - Started process (PID=1892) to work on /opt/airflow/dags/kaldata_dag.py
[2026-05-27T11:47:37.585+0000] {processor.py:830} INFO - Processing file /opt/airflow/dags/kaldata_dag.py for tasks to queue
[2026-05-27T11:47:37.589+0000] {logging_mixin.py:188} INFO - [2026-05-27T11:47:37.588+0000] {dagbag.py:540} INFO - Filling up the DagBag from /opt/airflow/dags/kaldata_dag.py
[2026-05-27T11:47:37.677+0000] {processor.py:840} INFO - DAG(s) 'kaldata_scraper' retrieved from /opt/airflow/dags/kaldata_dag.py
[2026-05-27T11:47:37.755+0000] {logging_mixin.py:188} INFO - [2026-05-27T11:47:37.754+0000] {dag.py:3047} INFO - Sync 1 DAGs
[2026-05-27T11:47:37.821+0000] {logging_mixin.py:188} INFO - [2026-05-27T11:47:37.821+0000] {dag.py:3834} INFO - Setting next_dagrun for kaldata_scraper to 2026-05-27 00:00:00+00:00, run_after=2026-05-28 00:00:00+00:00
[2026-05-27T11:47:37.882+0000] {processor.py:183} INFO - Processing /opt/airflow/dags/kaldata_dag.py took 0.315 seconds
[2026-05-27T11:48:09.910+0000] {processor.py:161} INFO - Started process (PID=1922) to work on /opt/airflow/dags/kaldata_dag.py
[2026-05-27T11:48:09.914+0000] {processor.py:830} INFO - Processing file /opt/airflow/dags/kaldata_dag.py for tasks to queue
[2026-05-27T11:48:09.931+0000] {logging_mixin.py:188} INFO - [2026-05-27T11:48:09.930+0000] {dagbag.py:540} INFO - Filling up the DagBag from /opt/airflow/dags/kaldata_dag.py
[2026-05-27T11:48:10.222+0000] {processor.py:840} INFO - DAG(s) 'kaldata_scraper' retrieved from /opt/airflow/dags/kaldata_dag.py
[2026-05-27T11:48:10.474+0000] {logging_mixin.py:188} INFO - [2026-05-27T11:48:10.473+0000] {dag.py:3047} INFO - Sync 1 DAGs
[2026-05-27T11:48:10.861+0000] {logging_mixin.py:188} INFO - [2026-05-27T11:48:10.860+0000] {dag.py:3834} INFO - Setting next_dagrun for kaldata_scraper to 2026-05-27 00:00:00+00:00, run_after=2026-05-28 00:00:00+00:00
[2026-05-27T11:48:11.284+0000] {processor.py:183} INFO - Processing /opt/airflow/dags/kaldata_dag.py took 1.408 seconds
[2026-05-27T11:48:42.204+0000] {processor.py:161} INFO - Started process (PID=1952) to work on /opt/airflow/dags/kaldata_dag.py
[2026-05-27T11:48:42.214+0000] {processor.py:830} INFO - Processing file /opt/airflow/dags/kaldata_dag.py for tasks to queue
[2026-05-27T11:48:42.218+0000] {logging_mixin.py:188} INFO - [2026-05-27T11:48:42.217+0000] {dagbag.py:540} INFO - Filling up the DagBag from /opt/airflow/dags/kaldata_dag.py
[2026-05-27T11:48:42.290+0000] {processor.py:840} INFO - DAG(s) 'kaldata_scraper' retrieved from /opt/airflow/dags/kaldata_dag.py
[2026-05-27T11:48:42.368+0000] {logging_mixin.py:188} INFO - [2026-05-27T11:48:42.367+0000] {dag.py:3047} INFO - Sync 1 DAGs
[2026-05-27T11:48:42.437+0000] {logging_mixin.py:188} INFO - [2026-05-27T11:48:42.436+0000] {dag.py:3834} INFO - Setting next_dagrun for kaldata_scraper to 2026-05-27 00:00:00+00:00, run_after=2026-05-28 00:00:00+00:00
[2026-05-27T11:48:42.496+0000] {processor.py:183} INFO - Processing /opt/airflow/dags/kaldata_dag.py took 0.306 seconds
[2026-05-27T11:49:13.834+0000] {processor.py:161} INFO - Started process (PID=1982) to work on /opt/airflow/dags/kaldata_dag.py
[2026-05-27T11:49:13.838+0000] {processor.py:830} INFO - Processing file /opt/airflow/dags/kaldata_dag.py for tasks to queue
[2026-05-27T11:49:13.851+0000] {logging_mixin.py:188} INFO - [2026-05-27T11:49:13.850+0000] {dagbag.py:540} INFO - Filling up the DagBag from /opt/airflow/dags/kaldata_dag.py
[2026-05-27T11:49:13.966+0000] {processor.py:840} INFO - DAG(s) 'kaldata_scraper' retrieved from /opt/airflow/dags/kaldata_dag.py
[2026-05-27T11:49:14.138+0000] {logging_mixin.py:188} INFO - [2026-05-27T11:49:14.137+0000] {dag.py:3047} INFO - Sync 1 DAGs
[2026-05-27T11:49:14.301+0000] {logging_mixin.py:188} INFO - [2026-05-27T11:49:14.301+0000] {dag.py:3834} INFO - Setting next_dagrun for kaldata_scraper to 2026-05-27 00:00:00+00:00, run_after=2026-05-28 00:00:00+00:00
[2026-05-27T11:49:14.435+0000] {processor.py:183} INFO - Processing /opt/airflow/dags/kaldata_dag.py took 0.627 seconds
[2026-05-27T11:49:44.778+0000] {processor.py:161} INFO - Started process (PID=2012) to work on /opt/airflow/dags/kaldata_dag.py
[2026-05-27T11:49:44.783+0000] {processor.py:830} INFO - Processing file /opt/airflow/dags/kaldata_dag.py for tasks to queue
[2026-05-27T11:49:44.787+0000] {logging_mixin.py:188} INFO - [2026-05-27T11:49:44.785+0000] {dagbag.py:540} INFO - Filling up the DagBag from /opt/airflow/dags/kaldata_dag.py
[2026-05-27T11:49:44.859+0000] {processor.py:840} INFO - DAG(s) 'kaldata_scraper' retrieved from /opt/airflow/dags/kaldata_dag.py
[2026-05-27T11:49:44.934+0000] {logging_mixin.py:188} INFO - [2026-05-27T11:49:44.934+0000] {dag.py:3047} INFO - Sync 1 DAGs
[2026-05-27T11:49:45.012+0000] {logging_mixin.py:188} INFO - [2026-05-27T11:49:45.011+0000] {dag.py:3834} INFO - Setting next_dagrun for kaldata_scraper to 2026-05-27 00:00:00+00:00, run_after=2026-05-28 00:00:00+00:00
[2026-05-27T11:49:45.080+0000] {processor.py:183} INFO - Processing /opt/airflow/dags/kaldata_dag.py took 0.314 seconds
[2026-05-27T11:50:15.434+0000] {processor.py:161} INFO - Started process (PID=2042) to work on /opt/airflow/dags/kaldata_dag.py
[2026-05-27T11:50:15.448+0000] {processor.py:830} INFO - Processing file /opt/airflow/dags/kaldata_dag.py for tasks to queue
[2026-05-27T11:50:15.465+0000] {logging_mixin.py:188} INFO - [2026-05-27T11:50:15.464+0000] {dagbag.py:540} INFO - Filling up the DagBag from /opt/airflow/dags/kaldata_dag.py
[2026-05-27T11:50:15.655+0000] {processor.py:840} INFO - DAG(s) 'kaldata_scraper' retrieved from /opt/airflow/dags/kaldata_dag.py
[2026-05-27T11:50:15.820+0000] {logging_mixin.py:188} INFO - [2026-05-27T11:50:15.819+0000] {dag.py:3047} INFO - Sync 1 DAGs
[2026-05-27T11:50:15.999+0000] {logging_mixin.py:188} INFO - [2026-05-27T11:50:15.998+0000] {dag.py:3834} INFO - Setting next_dagrun for kaldata_scraper to 2026-05-27 00:00:00+00:00, run_after=2026-05-28 00:00:00+00:00
[2026-05-27T11:50:16.120+0000] {processor.py:183} INFO - Processing /opt/airflow/dags/kaldata_dag.py took 0.706 seconds
[2026-05-27T11:50:46.803+0000] {processor.py:161} INFO - Started process (PID=2072) to work on /opt/airflow/dags/kaldata_dag.py
[2026-05-27T11:50:46.807+0000] {processor.py:830} INFO - Processing file /opt/airflow/dags/kaldata_dag.py for tasks to queue
[2026-05-27T11:50:46.810+0000] {logging_mixin.py:188} INFO - [2026-05-27T11:50:46.809+0000] {dagbag.py:540} INFO - Filling up the DagBag from /opt/airflow/dags/kaldata_dag.py
[2026-05-27T11:50:46.924+0000] {processor.py:840} INFO - DAG(s) 'kaldata_scraper' retrieved from /opt/airflow/dags/kaldata_dag.py
[2026-05-27T11:50:47.022+0000] {logging_mixin.py:188} INFO - [2026-05-27T11:50:47.021+0000] {dag.py:3047} INFO - Sync 1 DAGs
[2026-05-27T11:50:47.091+0000] {logging_mixin.py:188} INFO - [2026-05-27T11:50:47.091+0000] {dag.py:3834} INFO - Setting next_dagrun for kaldata_scraper to 2026-05-27 00:00:00+00:00, run_after=2026-05-28 00:00:00+00:00
[2026-05-27T11:50:47.220+0000] {processor.py:183} INFO - Processing /opt/airflow/dags/kaldata_dag.py took 0.430 seconds
[2026-05-27T11:51:20.015+0000] {processor.py:161} INFO - Started process (PID=2102) to work on /opt/airflow/dags/kaldata_dag.py
[2026-05-27T11:51:20.030+0000] {processor.py:830} INFO - Processing file /opt/airflow/dags/kaldata_dag.py for tasks to queue
[2026-05-27T11:51:20.048+0000] {logging_mixin.py:188} INFO - [2026-05-27T11:51:20.047+0000] {dagbag.py:540} INFO - Filling up the DagBag from /opt/airflow/dags/kaldata_dag.py
[2026-05-27T11:51:21.341+0000] {processor.py:840} INFO - DAG(s) 'kaldata_scraper' retrieved from /opt/airflow/dags/kaldata_dag.py
[2026-05-27T11:51:21.919+0000] {logging_mixin.py:188} INFO - [2026-05-27T11:51:21.918+0000] {dag.py:3047} INFO - Sync 1 DAGs
[2026-05-27T11:51:22.397+0000] {logging_mixin.py:188} INFO - [2026-05-27T11:51:22.396+0000] {dag.py:3834} INFO - Setting next_dagrun for kaldata_scraper to 2026-05-27 00:00:00+00:00, run_after=2026-05-28 00:00:00+00:00
[2026-05-27T11:51:22.657+0000] {processor.py:183} INFO - Processing /opt/airflow/dags/kaldata_dag.py took 2.664 seconds
[2026-05-27T11:51:57.621+0000] {processor.py:161} INFO - Started process (PID=2132) to work on /opt/airflow/dags/kaldata_dag.py
[2026-05-27T11:51:57.684+0000] {processor.py:830} INFO - Processing file /opt/airflow/dags/kaldata_dag.py for tasks to queue
[2026-05-27T11:51:57.711+0000] {logging_mixin.py:188} INFO - [2026-05-27T11:51:57.710+0000] {dagbag.py:540} INFO - Filling up the DagBag from /opt/airflow/dags/kaldata_dag.py
[2026-05-27T11:52:00.575+0000] {processor.py:840} INFO - DAG(s) 'kaldata_scraper' retrieved from /opt/airflow/dags/kaldata_dag.py
[2026-05-27T11:52:01.020+0000] {logging_mixin.py:188} INFO - [2026-05-27T11:52:01.019+0000] {dag.py:3047} INFO - Sync 1 DAGs
[2026-05-27T11:52:01.273+0000] {logging_mixin.py:188} INFO - [2026-05-27T11:52:01.273+0000] {dag.py:3834} INFO - Setting next_dagrun for kaldata_scraper to 2026-05-27 00:00:00+00:00, run_after=2026-05-28 00:00:00+00:00
[2026-05-27T11:52:01.610+0000] {processor.py:183} INFO - Processing /opt/airflow/dags/kaldata_dag.py took 4.006 seconds
[2026-05-27T11:52:34.878+0000] {processor.py:161} INFO - Started process (PID=2162) to work on /opt/airflow/dags/kaldata_dag.py
[2026-05-27T11:52:34.940+0000] {processor.py:830} INFO - Processing file /opt/airflow/dags/kaldata_dag.py for tasks to queue
[2026-05-27T11:52:35.019+0000] {logging_mixin.py:188} INFO - [2026-05-27T11:52:35.018+0000] {dagbag.py:540} INFO - Filling up the DagBag from /opt/airflow/dags/kaldata_dag.py
[2026-05-27T11:52:37.094+0000] {processor.py:840} INFO - DAG(s) 'kaldata_scraper' retrieved from /opt/airflow/dags/kaldata_dag.py
[2026-05-27T11:52:37.682+0000] {logging_mixin.py:188} INFO - [2026-05-27T11:52:37.681+0000] {dag.py:3047} INFO - Sync 1 DAGs
[2026-05-27T11:52:38.281+0000] {logging_mixin.py:188} INFO - [2026-05-27T11:52:38.280+0000] {dag.py:3834} INFO - Setting next_dagrun for kaldata_scraper to 2026-05-27 00:00:00+00:00, run_after=2026-05-28 00:00:00+00:00
[2026-05-27T11:52:38.684+0000] {processor.py:183} INFO - Processing /opt/airflow/dags/kaldata_dag.py took 3.815 seconds
[2026-05-27T11:53:10.279+0000] {processor.py:161} INFO - Started process (PID=2197) to work on /opt/airflow/dags/kaldata_dag.py
[2026-05-27T11:53:10.283+0000] {processor.py:830} INFO - Processing file /opt/airflow/dags/kaldata_dag.py for tasks to queue
[2026-05-27T11:53:10.285+0000] {logging_mixin.py:188} INFO - [2026-05-27T11:53:10.284+0000] {dagbag.py:540} INFO - Filling up the DagBag from /opt/airflow/dags/kaldata_dag.py
[2026-05-27T11:53:10.343+0000] {processor.py:840} INFO - DAG(s) 'kaldata_scraper' retrieved from /opt/airflow/dags/kaldata_dag.py
[2026-05-27T11:53:10.436+0000] {logging_mixin.py:188} INFO - [2026-05-27T11:53:10.435+0000] {dag.py:3047} INFO - Sync 1 DAGs
[2026-05-27T11:53:10.499+0000] {logging_mixin.py:188} INFO - [2026-05-27T11:53:10.499+0000] {dag.py:3834} INFO - Setting next_dagrun for kaldata_scraper to 2026-05-27 00:00:00+00:00, run_after=2026-05-28 00:00:00+00:00
[2026-05-27T11:53:10.554+0000] {processor.py:183} INFO - Processing /opt/airflow/dags/kaldata_dag.py took 0.285 seconds
[2026-05-27T11:53:40.735+0000] {processor.py:161} INFO - Started process (PID=2222) to work on /opt/airflow/dags/kaldata_dag.py
[2026-05-27T11:53:40.738+0000] {processor.py:830} INFO - Processing file /opt/airflow/dags/kaldata_dag.py for tasks to queue
[2026-05-27T11:53:40.741+0000] {logging_mixin.py:188} INFO - [2026-05-27T11:53:40.740+0000] {dagbag.py:540} INFO - Filling up the DagBag from /opt/airflow/dags/kaldata_dag.py
[2026-05-27T11:53:40.828+0000] {processor.py:840} INFO - DAG(s) 'kaldata_scraper' retrieved from /opt/airflow/dags/kaldata_dag.py
[2026-05-27T11:53:41.036+0000] {logging_mixin.py:188} INFO - [2026-05-27T11:53:41.035+0000] {dag.py:3047} INFO - Sync 1 DAGs
[2026-05-27T11:53:41.112+0000] {logging_mixin.py:188} INFO - [2026-05-27T11:53:41.111+0000] {dag.py:3834} INFO - Setting next_dagrun for kaldata_scraper to 2026-05-27 00:00:00+00:00, run_after=2026-05-28 00:00:00+00:00
[2026-05-27T11:53:41.188+0000] {processor.py:183} INFO - Processing /opt/airflow/dags/kaldata_dag.py took 0.468 seconds
[2026-05-27T11:54:11.636+0000] {processor.py:161} INFO - Started process (PID=2252) to work on /opt/airflow/dags/kaldata_dag.py
[2026-05-27T11:54:11.640+0000] {processor.py:830} INFO - Processing file /opt/airflow/dags/kaldata_dag.py for tasks to queue
[2026-05-27T11:54:11.643+0000] {logging_mixin.py:188} INFO - [2026-05-27T11:54:11.642+0000] {dagbag.py:540} INFO - Filling up the DagBag from /opt/airflow/dags/kaldata_dag.py
[2026-05-27T11:54:11.721+0000] {processor.py:840} INFO - DAG(s) 'kaldata_scraper' retrieved from /opt/airflow/dags/kaldata_dag.py
[2026-05-27T11:54:11.820+0000] {logging_mixin.py:188} INFO - [2026-05-27T11:54:11.819+0000] {dag.py:3047} INFO - Sync 1 DAGs
[2026-05-27T11:54:11.906+0000] {logging_mixin.py:188} INFO - [2026-05-27T11:54:11.906+0000] {dag.py:3834} INFO - Setting next_dagrun for kaldata_scraper to 2026-05-27 00:00:00+00:00, run_after=2026-05-28 00:00:00+00:00
[2026-05-27T11:54:11.965+0000] {processor.py:183} INFO - Processing /opt/airflow/dags/kaldata_dag.py took 0.343 seconds
[2026-05-27T11:54:42.236+0000] {processor.py:161} INFO - Started process (PID=2282) to work on /opt/airflow/dags/kaldata_dag.py
[2026-05-27T11:54:42.239+0000] {processor.py:830} INFO - Processing file /opt/airflow/dags/kaldata_dag.py for tasks to queue
[2026-05-27T11:54:42.242+0000] {logging_mixin.py:188} INFO - [2026-05-27T11:54:42.241+0000] {dagbag.py:540} INFO - Filling up the DagBag from /opt/airflow/dags/kaldata_dag.py
[2026-05-27T11:54:42.324+0000] {processor.py:840} INFO - DAG(s) 'kaldata_scraper' retrieved from /opt/airflow/dags/kaldata_dag.py
[2026-05-27T11:54:42.406+0000] {logging_mixin.py:188} INFO - [2026-05-27T11:54:42.405+0000] {dag.py:3047} INFO - Sync 1 DAGs
[2026-05-27T11:54:42.480+0000] {logging_mixin.py:188} INFO - [2026-05-27T11:54:42.479+0000] {dag.py:3834} INFO - Setting next_dagrun for kaldata_scraper to 2026-05-27 00:00:00+00:00, run_after=2026-05-28 00:00:00+00:00
[2026-05-27T11:54:42.537+0000] {processor.py:183} INFO - Processing /opt/airflow/dags/kaldata_dag.py took 0.314 seconds
[2026-05-27T11:55:13.437+0000] {processor.py:161} INFO - Started process (PID=2312) to work on /opt/airflow/dags/kaldata_dag.py
[2026-05-27T11:55:13.451+0000] {processor.py:830} INFO - Processing file /opt/airflow/dags/kaldata_dag.py for tasks to queue
[2026-05-27T11:55:13.460+0000] {logging_mixin.py:188} INFO - [2026-05-27T11:55:13.459+0000] {dagbag.py:540} INFO - Filling up the DagBag from /opt/airflow/dags/kaldata_dag.py
[2026-05-27T11:55:13.558+0000] {processor.py:840} INFO - DAG(s) 'kaldata_scraper' retrieved from /opt/airflow/dags/kaldata_dag.py
[2026-05-27T11:55:13.644+0000] {logging_mixin.py:188} INFO - [2026-05-27T11:55:13.644+0000] {dag.py:3047} INFO - Sync 1 DAGs
[2026-05-27T11:55:13.722+0000] {logging_mixin.py:188} INFO - [2026-05-27T11:55:13.721+0000] {dag.py:3834} INFO - Setting next_dagrun for kaldata_scraper to 2026-05-27 00:00:00+00:00, run_after=2026-05-28 00:00:00+00:00
[2026-05-27T11:55:13.783+0000] {processor.py:183} INFO - Processing /opt/airflow/dags/kaldata_dag.py took 0.366 seconds
[2026-05-27T11:55:44.226+0000] {processor.py:161} INFO - Started process (PID=2342) to work on /opt/airflow/dags/kaldata_dag.py
[2026-05-27T11:55:44.229+0000] {processor.py:830} INFO - Processing file /opt/airflow/dags/kaldata_dag.py for tasks to queue
[2026-05-27T11:55:44.233+0000] {logging_mixin.py:188} INFO - [2026-05-27T11:55:44.232+0000] {dagbag.py:540} INFO - Filling up the DagBag from /opt/airflow/dags/kaldata_dag.py
[2026-05-27T11:55:44.307+0000] {processor.py:840} INFO - DAG(s) 'kaldata_scraper' retrieved from /opt/airflow/dags/kaldata_dag.py
[2026-05-27T11:55:44.394+0000] {logging_mixin.py:188} INFO - [2026-05-27T11:55:44.393+0000] {dag.py:3047} INFO - Sync 1 DAGs
[2026-05-27T11:55:44.525+0000] {logging_mixin.py:188} INFO - [2026-05-27T11:55:44.524+0000] {dag.py:3834} INFO - Setting next_dagrun for kaldata_scraper to 2026-05-27 00:00:00+00:00, run_after=2026-05-28 00:00:00+00:00
[2026-05-27T11:55:44.713+0000] {processor.py:183} INFO - Processing /opt/airflow/dags/kaldata_dag.py took 0.501 seconds
[2026-05-27T11:56:15.106+0000] {processor.py:161} INFO - Started process (PID=2372) to work on /opt/airflow/dags/kaldata_dag.py
[2026-05-27T11:56:15.112+0000] {processor.py:830} INFO - Processing file /opt/airflow/dags/kaldata_dag.py for tasks to queue
[2026-05-27T11:56:15.116+0000] {logging_mixin.py:188} INFO - [2026-05-27T11:56:15.115+0000] {dagbag.py:540} INFO - Filling up the DagBag from /opt/airflow/dags/kaldata_dag.py
[2026-05-27T11:56:15.185+0000] {processor.py:840} INFO - DAG(s) 'kaldata_scraper' retrieved from /opt/airflow/dags/kaldata_dag.py
[2026-05-27T11:56:15.490+0000] {logging_mixin.py:188} INFO - [2026-05-27T11:56:15.489+0000] {dag.py:3047} INFO - Sync 1 DAGs
[2026-05-27T11:56:15.656+0000] {logging_mixin.py:188} INFO - [2026-05-27T11:56:15.655+0000] {dag.py:3834} INFO - Setting next_dagrun for kaldata_scraper to 2026-05-27 00:00:00+00:00, run_after=2026-05-28 00:00:00+00:00
[2026-05-27T11:56:15.824+0000] {processor.py:183} INFO - Processing /opt/airflow/dags/kaldata_dag.py took 0.735 seconds
[2026-05-27T11:56:46.875+0000] {processor.py:161} INFO - Started process (PID=2402) to work on /opt/airflow/dags/kaldata_dag.py
[2026-05-27T11:56:46.880+0000] {processor.py:830} INFO - Processing file /opt/airflow/dags/kaldata_dag.py for tasks to queue
[2026-05-27T11:56:46.883+0000] {logging_mixin.py:188} INFO - [2026-05-27T11:56:46.882+0000] {dagbag.py:540} INFO - Filling up the DagBag from /opt/airflow/dags/kaldata_dag.py
[2026-05-27T11:56:46.947+0000] {processor.py:840} INFO - DAG(s) 'kaldata_scraper' retrieved from /opt/airflow/dags/kaldata_dag.py
[2026-05-27T11:56:47.028+0000] {logging_mixin.py:188} INFO - [2026-05-27T11:56:47.028+0000] {dag.py:3047} INFO - Sync 1 DAGs
[2026-05-27T11:56:47.108+0000] {logging_mixin.py:188} INFO - [2026-05-27T11:56:47.107+0000] {dag.py:3834} INFO - Setting next_dagrun for kaldata_scraper to 2026-05-27 00:00:00+00:00, run_after=2026-05-28 00:00:00+00:00
[2026-05-27T11:56:47.173+0000] {processor.py:183} INFO - Processing /opt/airflow/dags/kaldata_dag.py took 0.313 seconds
[2026-05-27T11:57:17.884+0000] {processor.py:161} INFO - Started process (PID=2432) to work on /opt/airflow/dags/kaldata_dag.py
[2026-05-27T11:57:17.891+0000] {processor.py:830} INFO - Processing file /opt/airflow/dags/kaldata_dag.py for tasks to queue
[2026-05-27T11:57:17.914+0000] {logging_mixin.py:188} INFO - [2026-05-27T11:57:17.913+0000] {dagbag.py:540} INFO - Filling up the DagBag from /opt/airflow/dags/kaldata_dag.py
[2026-05-27T11:57:17.993+0000] {processor.py:840} INFO - DAG(s) 'kaldata_scraper' retrieved from /opt/airflow/dags/kaldata_dag.py
[2026-05-27T11:57:18.190+0000] {logging_mixin.py:188} INFO - [2026-05-27T11:57:18.189+0000] {dag.py:3047} INFO - Sync 1 DAGs
[2026-05-27T11:57:18.302+0000] {logging_mixin.py:188} INFO - [2026-05-27T11:57:18.301+0000] {dag.py:3834} INFO - Setting next_dagrun for kaldata_scraper to 2026-05-27 00:00:00+00:00, run_after=2026-05-28 00:00:00+00:00
[2026-05-27T11:57:18.376+0000] {processor.py:183} INFO - Processing /opt/airflow/dags/kaldata_dag.py took 0.513 seconds
[2026-05-27T11:57:48.814+0000] {processor.py:161} INFO - Started process (PID=2462) to work on /opt/airflow/dags/kaldata_dag.py
[2026-05-27T11:57:48.817+0000] {processor.py:830} INFO - Processing file /opt/airflow/dags/kaldata_dag.py for tasks to queue
[2026-05-27T11:57:48.820+0000] {logging_mixin.py:188} INFO - [2026-05-27T11:57:48.820+0000] {dagbag.py:540} INFO - Filling up the DagBag from /opt/airflow/dags/kaldata_dag.py
[2026-05-27T11:57:48.887+0000] {processor.py:840} INFO - DAG(s) 'kaldata_scraper' retrieved from /opt/airflow/dags/kaldata_dag.py
[2026-05-27T11:57:48.976+0000] {logging_mixin.py:188} INFO - [2026-05-27T11:57:48.975+0000] {dag.py:3047} INFO - Sync 1 DAGs
[2026-05-27T11:57:49.045+0000] {logging_mixin.py:188} INFO - [2026-05-27T11:57:49.044+0000] {dag.py:3834} INFO - Setting next_dagrun for kaldata_scraper to 2026-05-27 00:00:00+00:00, run_after=2026-05-28 00:00:00+00:00
[2026-05-27T11:57:49.112+0000] {processor.py:183} INFO - Processing /opt/airflow/dags/kaldata_dag.py took 0.308 seconds
[2026-05-27T11:58:19.878+0000] {processor.py:161} INFO - Started process (PID=2492) to work on /opt/airflow/dags/kaldata_dag.py
[2026-05-27T11:58:19.881+0000] {processor.py:830} INFO - Processing file /opt/airflow/dags/kaldata_dag.py for tasks to queue
[2026-05-27T11:58:19.885+0000] {logging_mixin.py:188} INFO - [2026-05-27T11:58:19.884+0000] {dagbag.py:540} INFO - Filling up the DagBag from /opt/airflow/dags/kaldata_dag.py
[2026-05-27T11:58:19.952+0000] {processor.py:840} INFO - DAG(s) 'kaldata_scraper' retrieved from /opt/airflow/dags/kaldata_dag.py
[2026-05-27T11:58:20.072+0000] {logging_mixin.py:188} INFO - [2026-05-27T11:58:20.071+0000] {dag.py:3047} INFO - Sync 1 DAGs
[2026-05-27T11:58:20.315+0000] {logging_mixin.py:188} INFO - [2026-05-27T11:58:20.315+0000] {dag.py:3834} INFO - Setting next_dagrun for kaldata_scraper to 2026-05-27 00:00:00+00:00, run_after=2026-05-28 00:00:00+00:00
[2026-05-27T11:58:20.519+0000] {processor.py:183} INFO - Processing /opt/airflow/dags/kaldata_dag.py took 0.653 seconds
[2026-05-27T11:58:50.779+0000] {processor.py:161} INFO - Started process (PID=2522) to work on /opt/airflow/dags/kaldata_dag.py
[2026-05-27T11:58:50.783+0000] {processor.py:830} INFO - Processing file /opt/airflow/dags/kaldata_dag.py for tasks to queue
[2026-05-27T11:58:50.785+0000] {logging_mixin.py:188} INFO - [2026-05-27T11:58:50.785+0000] {dagbag.py:540} INFO - Filling up the DagBag from /opt/airflow/dags/kaldata_dag.py
[2026-05-27T11:58:50.840+0000] {processor.py:840} INFO - DAG(s) 'kaldata_scraper' retrieved from /opt/airflow/dags/kaldata_dag.py
[2026-05-27T11:58:51.052+0000] {logging_mixin.py:188} INFO - [2026-05-27T11:58:51.052+0000] {dag.py:3047} INFO - Sync 1 DAGs
[2026-05-27T11:58:51.293+0000] {logging_mixin.py:188} INFO - [2026-05-27T11:58:51.292+0000] {dag.py:3834} INFO - Setting next_dagrun for kaldata_scraper to 2026-05-27 00:00:00+00:00, run_after=2026-05-28 00:00:00+00:00
[2026-05-27T11:58:51.523+0000] {processor.py:183} INFO - Processing /opt/airflow/dags/kaldata_dag.py took 0.754 seconds
[2026-05-27T11:59:22.339+0000] {processor.py:161} INFO - Started process (PID=2552) to work on /opt/airflow/dags/kaldata_dag.py
[2026-05-27T11:59:22.343+0000] {processor.py:830} INFO - Processing file /opt/airflow/dags/kaldata_dag.py for tasks to queue
[2026-05-27T11:59:22.346+0000] {logging_mixin.py:188} INFO - [2026-05-27T11:59:22.345+0000] {dagbag.py:540} INFO - Filling up the DagBag from /opt/airflow/dags/kaldata_dag.py
[2026-05-27T11:59:22.431+0000] {processor.py:840} INFO - DAG(s) 'kaldata_scraper' retrieved from /opt/airflow/dags/kaldata_dag.py
[2026-05-27T11:59:22.526+0000] {logging_mixin.py:188} INFO - [2026-05-27T11:59:22.525+0000] {dag.py:3047} INFO - Sync 1 DAGs
[2026-05-27T11:59:22.589+0000] {logging_mixin.py:188} INFO - [2026-05-27T11:59:22.588+0000] {dag.py:3834} INFO - Setting next_dagrun for kaldata_scraper to 2026-05-27 00:00:00+00:00, run_after=2026-05-28 00:00:00+00:00
[2026-05-27T11:59:22.652+0000] {processor.py:183} INFO - Processing /opt/airflow/dags/kaldata_dag.py took 0.329 seconds
[2026-05-27T11:59:52.869+0000] {processor.py:161} INFO - Started process (PID=2582) to work on /opt/airflow/dags/kaldata_dag.py
[2026-05-27T11:59:52.872+0000] {processor.py:830} INFO - Processing file /opt/airflow/dags/kaldata_dag.py for tasks to queue
[2026-05-27T11:59:52.883+0000] {logging_mixin.py:188} INFO - [2026-05-27T11:59:52.882+0000] {dagbag.py:540} INFO - Filling up the DagBag from /opt/airflow/dags/kaldata_dag.py
[2026-05-27T11:59:52.979+0000] {processor.py:840} INFO - DAG(s) 'kaldata_scraper' retrieved from /opt/airflow/dags/kaldata_dag.py
[2026-05-27T11:59:53.063+0000] {logging_mixin.py:188} INFO - [2026-05-27T11:59:53.062+0000] {dag.py:3047} INFO - Sync 1 DAGs
[2026-05-27T11:59:53.132+0000] {logging_mixin.py:188} INFO - [2026-05-27T11:59:53.132+0000] {dag.py:3834} INFO - Setting next_dagrun for kaldata_scraper to 2026-05-27 00:00:00+00:00, run_after=2026-05-28 00:00:00+00:00
[2026-05-27T11:59:53.197+0000] {processor.py:183} INFO - Processing /opt/airflow/dags/kaldata_dag.py took 0.341 seconds
[2026-05-27T12:00:23.524+0000] {processor.py:161} INFO - Started process (PID=2612) to work on /opt/airflow/dags/kaldata_dag.py
[2026-05-27T12:00:23.527+0000] {processor.py:830} INFO - Processing file /opt/airflow/dags/kaldata_dag.py for tasks to queue
[2026-05-27T12:00:23.530+0000] {logging_mixin.py:188} INFO - [2026-05-27T12:00:23.529+0000] {dagbag.py:540} INFO - Filling up the DagBag from /opt/airflow/dags/kaldata_dag.py
[2026-05-27T12:00:23.601+0000] {processor.py:840} INFO - DAG(s) 'kaldata_scraper' retrieved from /opt/airflow/dags/kaldata_dag.py
[2026-05-27T12:00:23.685+0000] {logging_mixin.py:188} INFO - [2026-05-27T12:00:23.685+0000] {dag.py:3047} INFO - Sync 1 DAGs
[2026-05-27T12:00:23.758+0000] {logging_mixin.py:188} INFO - [2026-05-27T12:00:23.758+0000] {dag.py:3834} INFO - Setting next_dagrun for kaldata_scraper to 2026-05-27 00:00:00+00:00, run_after=2026-05-28 00:00:00+00:00
[2026-05-27T12:00:23.816+0000] {processor.py:183} INFO - Processing /opt/airflow/dags/kaldata_dag.py took 0.306 seconds
[2026-05-27T12:00:54.412+0000] {processor.py:161} INFO - Started process (PID=2642) to work on /opt/airflow/dags/kaldata_dag.py
[2026-05-27T12:00:54.416+0000] {processor.py:830} INFO - Processing file /opt/airflow/dags/kaldata_dag.py for tasks to queue
[2026-05-27T12:00:54.422+0000] {logging_mixin.py:188} INFO - [2026-05-27T12:00:54.421+0000] {dagbag.py:540} INFO - Filling up the DagBag from /opt/airflow/dags/kaldata_dag.py
[2026-05-27T12:00:54.533+0000] {processor.py:840} INFO - DAG(s) 'kaldata_scraper' retrieved from /opt/airflow/dags/kaldata_dag.py
[2026-05-27T12:00:54.973+0000] {logging_mixin.py:188} INFO - [2026-05-27T12:00:54.972+0000] {dag.py:3047} INFO - Sync 1 DAGs
[2026-05-27T12:00:55.245+0000] {logging_mixin.py:188} INFO - [2026-05-27T12:00:55.244+0000] {dag.py:3834} INFO - Setting next_dagrun for kaldata_scraper to 2026-05-27 00:00:00+00:00, run_after=2026-05-28 00:00:00+00:00
[2026-05-27T12:00:55.454+0000] {processor.py:183} INFO - Processing /opt/airflow/dags/kaldata_dag.py took 1.058 seconds
[2026-05-27T12:01:27.119+0000] {processor.py:161} INFO - Started process (PID=2672) to work on /opt/airflow/dags/kaldata_dag.py
[2026-05-27T12:01:27.132+0000] {processor.py:830} INFO - Processing file /opt/airflow/dags/kaldata_dag.py for tasks to queue
[2026-05-27T12:01:27.135+0000] {logging_mixin.py:188} INFO - [2026-05-27T12:01:27.134+0000] {dagbag.py:540} INFO - Filling up the DagBag from /opt/airflow/dags/kaldata_dag.py
[2026-05-27T12:01:27.199+0000] {processor.py:840} INFO - DAG(s) 'kaldata_scraper' retrieved from /opt/airflow/dags/kaldata_dag.py
[2026-05-27T12:01:27.285+0000] {logging_mixin.py:188} INFO - [2026-05-27T12:01:27.284+0000] {dag.py:3047} INFO - Sync 1 DAGs
[2026-05-27T12:01:27.354+0000] {logging_mixin.py:188} INFO - [2026-05-27T12:01:27.353+0000] {dag.py:3834} INFO - Setting next_dagrun for kaldata_scraper to 2026-05-27 00:00:00+00:00, run_after=2026-05-28 00:00:00+00:00
[2026-05-27T12:01:27.408+0000] {processor.py:183} INFO - Processing /opt/airflow/dags/kaldata_dag.py took 0.333 seconds
[2026-05-27T12:01:57.817+0000] {processor.py:161} INFO - Started process (PID=2702) to work on /opt/airflow/dags/kaldata_dag.py
[2026-05-27T12:01:57.822+0000] {processor.py:830} INFO - Processing file /opt/airflow/dags/kaldata_dag.py for tasks to queue
[2026-05-27T12:01:57.825+0000] {logging_mixin.py:188} INFO - [2026-05-27T12:01:57.824+0000] {dagbag.py:540} INFO - Filling up the DagBag from /opt/airflow/dags/kaldata_dag.py
[2026-05-27T12:01:57.892+0000] {processor.py:840} INFO - DAG(s) 'kaldata_scraper' retrieved from /opt/airflow/dags/kaldata_dag.py
[2026-05-27T12:01:58.005+0000] {logging_mixin.py:188} INFO - [2026-05-27T12:01:58.004+0000] {dag.py:3047} INFO - Sync 1 DAGs
[2026-05-27T12:01:58.118+0000] {logging_mixin.py:188} INFO - [2026-05-27T12:01:58.117+0000] {dag.py:3834} INFO - Setting next_dagrun for kaldata_scraper to 2026-05-27 00:00:00+00:00, run_after=2026-05-28 00:00:00+00:00
[2026-05-27T12:01:58.212+0000] {processor.py:183} INFO - Processing /opt/airflow/dags/kaldata_dag.py took 0.408 seconds
[2026-05-27T12:02:28.689+0000] {processor.py:161} INFO - Started process (PID=2732) to work on /opt/airflow/dags/kaldata_dag.py
[2026-05-27T12:02:28.693+0000] {processor.py:830} INFO - Processing file /opt/airflow/dags/kaldata_dag.py for tasks to queue
[2026-05-27T12:02:28.697+0000] {logging_mixin.py:188} INFO - [2026-05-27T12:02:28.696+0000] {dagbag.py:540} INFO - Filling up the DagBag from /opt/airflow/dags/kaldata_dag.py
[2026-05-27T12:02:28.763+0000] {processor.py:840} INFO - DAG(s) 'kaldata_scraper' retrieved from /opt/airflow/dags/kaldata_dag.py
[2026-05-27T12:02:28.836+0000] {logging_mixin.py:188} INFO - [2026-05-27T12:02:28.835+0000] {dag.py:3047} INFO - Sync 1 DAGs
[2026-05-27T12:02:28.902+0000] {logging_mixin.py:188} INFO - [2026-05-27T12:02:28.901+0000] {dag.py:3834} INFO - Setting next_dagrun for kaldata_scraper to 2026-05-27 00:00:00+00:00, run_after=2026-05-28 00:00:00+00:00
[2026-05-27T12:02:29.118+0000] {processor.py:183} INFO - Processing /opt/airflow/dags/kaldata_dag.py took 0.442 seconds
[2026-05-27T12:03:00.249+0000] {processor.py:161} INFO - Started process (PID=2762) to work on /opt/airflow/dags/kaldata_dag.py
[2026-05-27T12:03:00.253+0000] {processor.py:830} INFO - Processing file /opt/airflow/dags/kaldata_dag.py for tasks to queue
[2026-05-27T12:03:00.258+0000] {logging_mixin.py:188} INFO - [2026-05-27T12:03:00.256+0000] {dagbag.py:540} INFO - Filling up the DagBag from /opt/airflow/dags/kaldata_dag.py
[2026-05-27T12:03:00.380+0000] {processor.py:840} INFO - DAG(s) 'kaldata_scraper' retrieved from /opt/airflow/dags/kaldata_dag.py
[2026-05-27T12:03:00.632+0000] {logging_mixin.py:188} INFO - [2026-05-27T12:03:00.632+0000] {dag.py:3047} INFO - Sync 1 DAGs
[2026-05-27T12:03:00.876+0000] {logging_mixin.py:188} INFO - [2026-05-27T12:03:00.861+0000] {dag.py:3834} INFO - Setting next_dagrun for kaldata_scraper to 2026-05-27 00:00:00+00:00, run_after=2026-05-28 00:00:00+00:00
[2026-05-27T12:03:01.007+0000] {processor.py:183} INFO - Processing /opt/airflow/dags/kaldata_dag.py took 0.768 seconds
[2026-05-27T12:03:31.204+0000] {processor.py:161} INFO - Started process (PID=2792) to work on /opt/airflow/dags/kaldata_dag.py
[2026-05-27T12:03:31.209+0000] {processor.py:830} INFO - Processing file /opt/airflow/dags/kaldata_dag.py for tasks to queue
[2026-05-27T12:03:31.213+0000] {logging_mixin.py:188} INFO - [2026-05-27T12:03:31.212+0000] {dagbag.py:540} INFO - Filling up the DagBag from /opt/airflow/dags/kaldata_dag.py
[2026-05-27T12:03:31.268+0000] {processor.py:840} INFO - DAG(s) 'kaldata_scraper' retrieved from /opt/airflow/dags/kaldata_dag.py
[2026-05-27T12:03:31.340+0000] {logging_mixin.py:188} INFO - [2026-05-27T12:03:31.339+0000] {dag.py:3047} INFO - Sync 1 DAGs
[2026-05-27T12:03:31.420+0000] {logging_mixin.py:188} INFO - [2026-05-27T12:03:31.419+0000] {dag.py:3834} INFO - Setting next_dagrun for kaldata_scraper to 2026-05-27 00:00:00+00:00, run_after=2026-05-28 00:00:00+00:00
[2026-05-27T12:03:31.478+0000] {processor.py:183} INFO - Processing /opt/airflow/dags/kaldata_dag.py took 0.285 seconds
[2026-05-27T12:04:01.750+0000] {processor.py:161} INFO - Started process (PID=2822) to work on /opt/airflow/dags/kaldata_dag.py
[2026-05-27T12:04:01.756+0000] {processor.py:830} INFO - Processing file /opt/airflow/dags/kaldata_dag.py for tasks to queue
[2026-05-27T12:04:01.762+0000] {logging_mixin.py:188} INFO - [2026-05-27T12:04:01.761+0000] {dagbag.py:540} INFO - Filling up the DagBag from /opt/airflow/dags/kaldata_dag.py
[2026-05-27T12:04:01.822+0000] {processor.py:840} INFO - DAG(s) 'kaldata_scraper' retrieved from /opt/airflow/dags/kaldata_dag.py
[2026-05-27T12:04:01.945+0000] {logging_mixin.py:188} INFO - [2026-05-27T12:04:01.945+0000] {dag.py:3047} INFO - Sync 1 DAGs
[2026-05-27T12:04:02.008+0000] {logging_mixin.py:188} INFO - [2026-05-27T12:04:02.008+0000] {dag.py:3834} INFO - Setting next_dagrun for kaldata_scraper to 2026-05-27 00:00:00+00:00, run_after=2026-05-28 00:00:00+00:00
[2026-05-27T12:04:02.062+0000] {processor.py:183} INFO - Processing /opt/airflow/dags/kaldata_dag.py took 0.324 seconds
[2026-05-27T12:04:33.065+0000] {processor.py:161} INFO - Started process (PID=2852) to work on /opt/airflow/dags/kaldata_dag.py
[2026-05-27T12:04:33.068+0000] {processor.py:830} INFO - Processing file /opt/airflow/dags/kaldata_dag.py for tasks to queue
[2026-05-27T12:04:33.075+0000] {logging_mixin.py:188} INFO - [2026-05-27T12:04:33.074+0000] {dagbag.py:540} INFO - Filling up the DagBag from /opt/airflow/dags/kaldata_dag.py
[2026-05-27T12:04:33.159+0000] {processor.py:840} INFO - DAG(s) 'kaldata_scraper' retrieved from /opt/airflow/dags/kaldata_dag.py
[2026-05-27T12:04:33.281+0000] {logging_mixin.py:188} INFO - [2026-05-27T12:04:33.280+0000] {dag.py:3047} INFO - Sync 1 DAGs
[2026-05-27T12:04:33.387+0000] {logging_mixin.py:188} INFO - [2026-05-27T12:04:33.387+0000] {dag.py:3834} INFO - Setting next_dagrun for kaldata_scraper to 2026-05-27 00:00:00+00:00, run_after=2026-05-28 00:00:00+00:00
[2026-05-27T12:04:33.532+0000] {processor.py:183} INFO - Processing /opt/airflow/dags/kaldata_dag.py took 0.480 seconds
[2026-05-27T12:05:04.384+0000] {processor.py:161} INFO - Started process (PID=2882) to work on /opt/airflow/dags/kaldata_dag.py
[2026-05-27T12:05:04.387+0000] {processor.py:830} INFO - Processing file /opt/airflow/dags/kaldata_dag.py for tasks to queue
[2026-05-27T12:05:04.390+0000] {logging_mixin.py:188} INFO - [2026-05-27T12:05:04.389+0000] {dagbag.py:540} INFO - Filling up the DagBag from /opt/airflow/dags/kaldata_dag.py
[2026-05-27T12:05:04.465+0000] {processor.py:840} INFO - DAG(s) 'kaldata_scraper' retrieved from /opt/airflow/dags/kaldata_dag.py
[2026-05-27T12:05:04.560+0000] {logging_mixin.py:188} INFO - [2026-05-27T12:05:04.559+0000] {dag.py:3047} INFO - Sync 1 DAGs
[2026-05-27T12:05:04.635+0000] {logging_mixin.py:188} INFO - [2026-05-27T12:05:04.634+0000] {dag.py:3834} INFO - Setting next_dagrun for kaldata_scraper to 2026-05-27 00:00:00+00:00, run_after=2026-05-28 00:00:00+00:00
[2026-05-27T12:05:04.692+0000] {processor.py:183} INFO - Processing /opt/airflow/dags/kaldata_dag.py took 0.319 seconds
[2026-05-27T12:05:35.433+0000] {processor.py:161} INFO - Started process (PID=2912) to work on /opt/airflow/dags/kaldata_dag.py
[2026-05-27T12:05:35.438+0000] {processor.py:830} INFO - Processing file /opt/airflow/dags/kaldata_dag.py for tasks to queue
[2026-05-27T12:05:35.442+0000] {logging_mixin.py:188} INFO - [2026-05-27T12:05:35.441+0000] {dagbag.py:540} INFO - Filling up the DagBag from /opt/airflow/dags/kaldata_dag.py
[2026-05-27T12:05:35.876+0000] {processor.py:840} INFO - DAG(s) 'kaldata_scraper' retrieved from /opt/airflow/dags/kaldata_dag.py
[2026-05-27T12:05:36.091+0000] {logging_mixin.py:188} INFO - [2026-05-27T12:05:36.090+0000] {dag.py:3047} INFO - Sync 1 DAGs
[2026-05-27T12:05:36.516+0000] {logging_mixin.py:188} INFO - [2026-05-27T12:05:36.516+0000] {dag.py:3834} INFO - Setting next_dagrun for kaldata_scraper to 2026-05-27 00:00:00+00:00, run_after=2026-05-28 00:00:00+00:00
[2026-05-27T12:05:36.883+0000] {processor.py:183} INFO - Processing /opt/airflow/dags/kaldata_dag.py took 1.461 seconds
[2026-05-27T12:06:08.340+0000] {processor.py:161} INFO - Started process (PID=2942) to work on /opt/airflow/dags/kaldata_dag.py
[2026-05-27T12:06:08.353+0000] {processor.py:830} INFO - Processing file /opt/airflow/dags/kaldata_dag.py for tasks to queue
[2026-05-27T12:06:08.368+0000] {logging_mixin.py:188} INFO - [2026-05-27T12:06:08.362+0000] {dagbag.py:540} INFO - Filling up the DagBag from /opt/airflow/dags/kaldata_dag.py
[2026-05-27T12:06:08.472+0000] {processor.py:840} INFO - DAG(s) 'kaldata_scraper' retrieved from /opt/airflow/dags/kaldata_dag.py
[2026-05-27T12:06:08.610+0000] {logging_mixin.py:188} INFO - [2026-05-27T12:06:08.599+0000] {dag.py:3047} INFO - Sync 1 DAGs
[2026-05-27T12:06:08.837+0000] {logging_mixin.py:188} INFO - [2026-05-27T12:06:08.836+0000] {dag.py:3834} INFO - Setting next_dagrun for kaldata_scraper to 2026-05-27 00:00:00+00:00, run_after=2026-05-28 00:00:00+00:00
[2026-05-27T12:06:09.019+0000] {processor.py:183} INFO - Processing /opt/airflow/dags/kaldata_dag.py took 0.716 seconds
[2026-05-27T12:06:39.506+0000] {processor.py:161} INFO - Started process (PID=2972) to work on /opt/airflow/dags/kaldata_dag.py
[2026-05-27T12:06:39.510+0000] {processor.py:830} INFO - Processing file /opt/airflow/dags/kaldata_dag.py for tasks to queue
[2026-05-27T12:06:39.513+0000] {logging_mixin.py:188} INFO - [2026-05-27T12:06:39.512+0000] {dagbag.py:540} INFO - Filling up the DagBag from /opt/airflow/dags/kaldata_dag.py
[2026-05-27T12:06:39.587+0000] {processor.py:840} INFO - DAG(s) 'kaldata_scraper' retrieved from /opt/airflow/dags/kaldata_dag.py
[2026-05-27T12:06:39.681+0000] {logging_mixin.py:188} INFO - [2026-05-27T12:06:39.680+0000] {dag.py:3047} INFO - Sync 1 DAGs
[2026-05-27T12:06:39.741+0000] {logging_mixin.py:188} INFO - [2026-05-27T12:06:39.741+0000] {dag.py:3834} INFO - Setting next_dagrun for kaldata_scraper to 2026-05-27 00:00:00+00:00, run_after=2026-05-28 00:00:00+00:00
[2026-05-27T12:06:39.794+0000] {processor.py:183} INFO - Processing /opt/airflow/dags/kaldata_dag.py took 0.296 seconds
[2026-05-27T12:07:12.144+0000] {processor.py:161} INFO - Started process (PID=3002) to work on /opt/airflow/dags/kaldata_dag.py
[2026-05-27T12:07:12.216+0000] {processor.py:830} INFO - Processing file /opt/airflow/dags/kaldata_dag.py for tasks to queue
[2026-05-27T12:07:12.255+0000] {logging_mixin.py:188} INFO - [2026-05-27T12:07:12.254+0000] {dagbag.py:540} INFO - Filling up the DagBag from /opt/airflow/dags/kaldata_dag.py
[2026-05-27T12:07:12.906+0000] {processor.py:840} INFO - DAG(s) 'kaldata_scraper' retrieved from /opt/airflow/dags/kaldata_dag.py
[2026-05-27T12:07:13.515+0000] {logging_mixin.py:188} INFO - [2026-05-27T12:07:13.514+0000] {dag.py:3047} INFO - Sync 1 DAGs
[2026-05-27T12:07:13.937+0000] {logging_mixin.py:188} INFO - [2026-05-27T12:07:13.936+0000] {dag.py:3834} INFO - Setting next_dagrun for kaldata_scraper to 2026-05-27 00:00:00+00:00, run_after=2026-05-28 00:00:00+00:00
[2026-05-27T12:07:14.699+0000] {processor.py:183} INFO - Processing /opt/airflow/dags/kaldata_dag.py took 2.574 seconds
[2026-05-27T12:07:46.997+0000] {processor.py:161} INFO - Started process (PID=3032) to work on /opt/airflow/dags/kaldata_dag.py
[2026-05-27T12:07:47.014+0000] {processor.py:830} INFO - Processing file /opt/airflow/dags/kaldata_dag.py for tasks to queue
[2026-05-27T12:07:47.030+0000] {logging_mixin.py:188} INFO - [2026-05-27T12:07:47.030+0000] {dagbag.py:540} INFO - Filling up the DagBag from /opt/airflow/dags/kaldata_dag.py
[2026-05-27T12:07:48.254+0000] {processor.py:840} INFO - DAG(s) 'kaldata_scraper' retrieved from /opt/airflow/dags/kaldata_dag.py
[2026-05-27T12:07:49.030+0000] {logging_mixin.py:188} INFO - [2026-05-27T12:07:49.012+0000] {dag.py:3047} INFO - Sync 1 DAGs
[2026-05-27T12:07:49.539+0000] {logging_mixin.py:188} INFO - [2026-05-27T12:07:49.538+0000] {dag.py:3834} INFO - Setting next_dagrun for kaldata_scraper to 2026-05-27 00:00:00+00:00, run_after=2026-05-28 00:00:00+00:00
[2026-05-27T12:07:51.925+0000] {processor.py:183} INFO - Processing /opt/airflow/dags/kaldata_dag.py took 4.938 seconds
[2026-05-27T12:08:23.981+0000] {processor.py:161} INFO - Started process (PID=3065) to work on /opt/airflow/dags/kaldata_dag.py
[2026-05-27T12:08:23.989+0000] {processor.py:830} INFO - Processing file /opt/airflow/dags/kaldata_dag.py for tasks to queue
[2026-05-27T12:08:23.992+0000] {logging_mixin.py:188} INFO - [2026-05-27T12:08:23.992+0000] {dagbag.py:540} INFO - Filling up the DagBag from /opt/airflow/dags/kaldata_dag.py
[2026-05-27T12:08:24.750+0000] {processor.py:840} INFO - DAG(s) 'kaldata_scraper' retrieved from /opt/airflow/dags/kaldata_dag.py
[2026-05-27T12:08:24.978+0000] {logging_mixin.py:188} INFO - [2026-05-27T12:08:24.977+0000] {dag.py:3047} INFO - Sync 1 DAGs
[2026-05-27T12:08:25.230+0000] {logging_mixin.py:188} INFO - [2026-05-27T12:08:25.230+0000] {dag.py:3834} INFO - Setting next_dagrun for kaldata_scraper to 2026-05-27 00:00:00+00:00, run_after=2026-05-28 00:00:00+00:00
[2026-05-27T12:08:25.502+0000] {processor.py:183} INFO - Processing /opt/airflow/dags/kaldata_dag.py took 1.579 seconds
[2026-05-27T12:08:56.679+0000] {processor.py:161} INFO - Started process (PID=3092) to work on /opt/airflow/dags/kaldata_dag.py
[2026-05-27T12:08:56.805+0000] {processor.py:830} INFO - Processing file /opt/airflow/dags/kaldata_dag.py for tasks to queue
[2026-05-27T12:08:56.826+0000] {logging_mixin.py:188} INFO - [2026-05-27T12:08:56.825+0000] {dagbag.py:540} INFO - Filling up the DagBag from /opt/airflow/dags/kaldata_dag.py
[2026-05-27T12:08:57.905+0000] {processor.py:840} INFO - DAG(s) 'kaldata_scraper' retrieved from /opt/airflow/dags/kaldata_dag.py
[2026-05-27T12:08:58.095+0000] {logging_mixin.py:188} INFO - [2026-05-27T12:08:58.095+0000] {dag.py:3047} INFO - Sync 1 DAGs
[2026-05-27T12:08:58.309+0000] {logging_mixin.py:188} INFO - [2026-05-27T12:08:58.308+0000] {dag.py:3834} INFO - Setting next_dagrun for kaldata_scraper to 2026-05-27 00:00:00+00:00, run_after=2026-05-28 00:00:00+00:00
[2026-05-27T12:08:59.032+0000] {processor.py:183} INFO - Processing /opt/airflow/dags/kaldata_dag.py took 2.462 seconds
[2026-05-27T12:09:29.516+0000] {processor.py:161} INFO - Started process (PID=3122) to work on /opt/airflow/dags/kaldata_dag.py
[2026-05-27T12:09:29.519+0000] {processor.py:830} INFO - Processing file /opt/airflow/dags/kaldata_dag.py for tasks to queue
[2026-05-27T12:09:29.522+0000] {logging_mixin.py:188} INFO - [2026-05-27T12:09:29.521+0000] {dagbag.py:540} INFO - Filling up the DagBag from /opt/airflow/dags/kaldata_dag.py
[2026-05-27T12:09:29.585+0000] {processor.py:840} INFO - DAG(s) 'kaldata_scraper' retrieved from /opt/airflow/dags/kaldata_dag.py
[2026-05-27T12:09:29.651+0000] {logging_mixin.py:188} INFO - [2026-05-27T12:09:29.650+0000] {dag.py:3047} INFO - Sync 1 DAGs
[2026-05-27T12:09:29.718+0000] {logging_mixin.py:188} INFO - [2026-05-27T12:09:29.717+0000] {dag.py:3834} INFO - Setting next_dagrun for kaldata_scraper to 2026-05-27 00:00:00+00:00, run_after=2026-05-28 00:00:00+00:00
[2026-05-27T12:09:29.786+0000] {processor.py:183} INFO - Processing /opt/airflow/dags/kaldata_dag.py took 0.281 seconds
[2026-05-27T12:10:00.755+0000] {processor.py:161} INFO - Started process (PID=3152) to work on /opt/airflow/dags/kaldata_dag.py
[2026-05-27T12:10:00.759+0000] {processor.py:830} INFO - Processing file /opt/airflow/dags/kaldata_dag.py for tasks to queue
[2026-05-27T12:10:00.774+0000] {logging_mixin.py:188} INFO - [2026-05-27T12:10:00.765+0000] {dagbag.py:540} INFO - Filling up the DagBag from /opt/airflow/dags/kaldata_dag.py
[2026-05-27T12:10:01.061+0000] {processor.py:840} INFO - DAG(s) 'kaldata_scraper' retrieved from /opt/airflow/dags/kaldata_dag.py
[2026-05-27T12:10:01.176+0000] {logging_mixin.py:188} INFO - [2026-05-27T12:10:01.175+0000] {dag.py:3047} INFO - Sync 1 DAGs
[2026-05-27T12:10:01.360+0000] {logging_mixin.py:188} INFO - [2026-05-27T12:10:01.360+0000] {dag.py:3834} INFO - Setting next_dagrun for kaldata_scraper to 2026-05-27 00:00:00+00:00, run_after=2026-05-28 00:00:00+00:00
[2026-05-27T12:10:01.494+0000] {processor.py:183} INFO - Processing /opt/airflow/dags/kaldata_dag.py took 0.757 seconds
[2026-05-27T12:10:32.449+0000] {processor.py:161} INFO - Started process (PID=3187) to work on /opt/airflow/dags/kaldata_dag.py
[2026-05-27T12:10:32.452+0000] {processor.py:830} INFO - Processing file /opt/airflow/dags/kaldata_dag.py for tasks to queue
[2026-05-27T12:10:32.455+0000] {logging_mixin.py:188} INFO - [2026-05-27T12:10:32.454+0000] {dagbag.py:540} INFO - Filling up the DagBag from /opt/airflow/dags/kaldata_dag.py
[2026-05-27T12:10:32.507+0000] {processor.py:840} INFO - DAG(s) 'kaldata_scraper' retrieved from /opt/airflow/dags/kaldata_dag.py
[2026-05-27T12:10:32.674+0000] {logging_mixin.py:188} INFO - [2026-05-27T12:10:32.674+0000] {dag.py:3047} INFO - Sync 1 DAGs
[2026-05-27T12:10:32.768+0000] {logging_mixin.py:188} INFO - [2026-05-27T12:10:32.767+0000] {dag.py:3834} INFO - Setting next_dagrun for kaldata_scraper to 2026-05-27 00:00:00+00:00, run_after=2026-05-28 00:00:00+00:00
[2026-05-27T12:10:32.858+0000] {processor.py:183} INFO - Processing /opt/airflow/dags/kaldata_dag.py took 0.425 seconds
[2026-05-27T12:11:03.758+0000] {processor.py:161} INFO - Started process (PID=3212) to work on /opt/airflow/dags/kaldata_dag.py
[2026-05-27T12:11:03.774+0000] {processor.py:830} INFO - Processing file /opt/airflow/dags/kaldata_dag.py for tasks to queue
[2026-05-27T12:11:03.784+0000] {logging_mixin.py:188} INFO - [2026-05-27T12:11:03.783+0000] {dagbag.py:540} INFO - Filling up the DagBag from /opt/airflow/dags/kaldata_dag.py
[2026-05-27T12:11:03.874+0000] {processor.py:840} INFO - DAG(s) 'kaldata_scraper' retrieved from /opt/airflow/dags/kaldata_dag.py
[2026-05-27T12:11:03.975+0000] {logging_mixin.py:188} INFO - [2026-05-27T12:11:03.975+0000] {dag.py:3047} INFO - Sync 1 DAGs
[2026-05-27T12:11:04.105+0000] {logging_mixin.py:188} INFO - [2026-05-27T12:11:04.105+0000] {dag.py:3834} INFO - Setting next_dagrun for kaldata_scraper to 2026-05-27 00:00:00+00:00, run_after=2026-05-28 00:00:00+00:00
[2026-05-27T12:11:04.206+0000] {processor.py:183} INFO - Processing /opt/airflow/dags/kaldata_dag.py took 0.458 seconds
[2026-05-27T12:11:35.395+0000] {processor.py:161} INFO - Started process (PID=3242) to work on /opt/airflow/dags/kaldata_dag.py
[2026-05-27T12:11:35.399+0000] {processor.py:830} INFO - Processing file /opt/airflow/dags/kaldata_dag.py for tasks to queue
[2026-05-27T12:11:35.403+0000] {logging_mixin.py:188} INFO - [2026-05-27T12:11:35.402+0000] {dagbag.py:540} INFO - Filling up the DagBag from /opt/airflow/dags/kaldata_dag.py
[2026-05-27T12:11:35.482+0000] {processor.py:840} INFO - DAG(s) 'kaldata_scraper' retrieved from /opt/airflow/dags/kaldata_dag.py
[2026-05-27T12:11:35.570+0000] {logging_mixin.py:188} INFO - [2026-05-27T12:11:35.569+0000] {dag.py:3047} INFO - Sync 1 DAGs
[2026-05-27T12:11:35.643+0000] {logging_mixin.py:188} INFO - [2026-05-27T12:11:35.642+0000] {dag.py:3834} INFO - Setting next_dagrun for kaldata_scraper to 2026-05-27 00:00:00+00:00, run_after=2026-05-28 00:00:00+00:00
[2026-05-27T12:11:35.757+0000] {processor.py:183} INFO - Processing /opt/airflow/dags/kaldata_dag.py took 0.376 seconds
[2026-05-27T12:12:06.038+0000] {processor.py:161} INFO - Started process (PID=3272) to work on /opt/airflow/dags/kaldata_dag.py
[2026-05-27T12:12:06.041+0000] {processor.py:830} INFO - Processing file /opt/airflow/dags/kaldata_dag.py for tasks to queue
[2026-05-27T12:12:06.044+0000] {logging_mixin.py:188} INFO - [2026-05-27T12:12:06.043+0000] {dagbag.py:540} INFO - Filling up the DagBag from /opt/airflow/dags/kaldata_dag.py
[2026-05-27T12:12:06.114+0000] {processor.py:840} INFO - DAG(s) 'kaldata_scraper' retrieved from /opt/airflow/dags/kaldata_dag.py
[2026-05-27T12:12:06.192+0000] {logging_mixin.py:188} INFO - [2026-05-27T12:12:06.192+0000] {dag.py:3047} INFO - Sync 1 DAGs
[2026-05-27T12:12:06.275+0000] {logging_mixin.py:188} INFO - [2026-05-27T12:12:06.274+0000] {dag.py:3834} INFO - Setting next_dagrun for kaldata_scraper to 2026-05-27 00:00:00+00:00, run_after=2026-05-28 00:00:00+00:00
[2026-05-27T12:12:06.489+0000] {processor.py:183} INFO - Processing /opt/airflow/dags/kaldata_dag.py took 0.461 seconds
[2026-05-27T12:12:38.880+0000] {processor.py:161} INFO - Started process (PID=3302) to work on /opt/airflow/dags/kaldata_dag.py
[2026-05-27T12:12:38.894+0000] {processor.py:830} INFO - Processing file /opt/airflow/dags/kaldata_dag.py for tasks to queue
[2026-05-27T12:12:38.904+0000] {logging_mixin.py:188} INFO - [2026-05-27T12:12:38.903+0000] {dagbag.py:540} INFO - Filling up the DagBag from /opt/airflow/dags/kaldata_dag.py
[2026-05-27T12:12:39.069+0000] {processor.py:840} INFO - DAG(s) 'kaldata_scraper' retrieved from /opt/airflow/dags/kaldata_dag.py
[2026-05-27T12:12:39.275+0000] {logging_mixin.py:188} INFO - [2026-05-27T12:12:39.263+0000] {dag.py:3047} INFO - Sync 1 DAGs
[2026-05-27T12:12:39.502+0000] {logging_mixin.py:188} INFO - [2026-05-27T12:12:39.501+0000] {dag.py:3834} INFO - Setting next_dagrun for kaldata_scraper to 2026-05-27 00:00:00+00:00, run_after=2026-05-28 00:00:00+00:00
[2026-05-27T12:12:39.782+0000] {processor.py:183} INFO - Processing /opt/airflow/dags/kaldata_dag.py took 0.923 seconds
[2026-05-27T12:13:16.247+0000] {processor.py:161} INFO - Started process (PID=3332) to work on /opt/airflow/dags/kaldata_dag.py
[2026-05-27T12:13:16.255+0000] {processor.py:830} INFO - Processing file /opt/airflow/dags/kaldata_dag.py for tasks to queue
[2026-05-27T12:13:16.295+0000] {logging_mixin.py:188} INFO - [2026-05-27T12:13:16.294+0000] {dagbag.py:540} INFO - Filling up the DagBag from /opt/airflow/dags/kaldata_dag.py
[2026-05-27T12:13:17.308+0000] {processor.py:840} INFO - DAG(s) 'kaldata_scraper' retrieved from /opt/airflow/dags/kaldata_dag.py
[2026-05-27T12:13:17.472+0000] {logging_mixin.py:188} INFO - [2026-05-27T12:13:17.471+0000] {dag.py:3047} INFO - Sync 1 DAGs
[2026-05-27T12:13:17.666+0000] {logging_mixin.py:188} INFO - [2026-05-27T12:13:17.666+0000] {dag.py:3834} INFO - Setting next_dagrun for kaldata_scraper to 2026-05-27 00:00:00+00:00, run_after=2026-05-28 00:00:00+00:00
[2026-05-27T12:13:17.938+0000] {processor.py:183} INFO - Processing /opt/airflow/dags/kaldata_dag.py took 1.700 seconds
[2026-05-27T12:13:49.244+0000] {processor.py:161} INFO - Started process (PID=3362) to work on /opt/airflow/dags/kaldata_dag.py
[2026-05-27T12:13:49.249+0000] {processor.py:830} INFO - Processing file /opt/airflow/dags/kaldata_dag.py for tasks to queue
[2026-05-27T12:13:49.252+0000] {logging_mixin.py:188} INFO - [2026-05-27T12:13:49.251+0000] {dagbag.py:540} INFO - Filling up the DagBag from /opt/airflow/dags/kaldata_dag.py
[2026-05-27T12:13:49.334+0000] {processor.py:840} INFO - DAG(s) 'kaldata_scraper' retrieved from /opt/airflow/dags/kaldata_dag.py
[2026-05-27T12:13:49.444+0000] {logging_mixin.py:188} INFO - [2026-05-27T12:13:49.443+0000] {dag.py:3047} INFO - Sync 1 DAGs
[2026-05-27T12:13:49.523+0000] {logging_mixin.py:188} INFO - [2026-05-27T12:13:49.522+0000] {dag.py:3834} INFO - Setting next_dagrun for kaldata_scraper to 2026-05-27 00:00:00+00:00, run_after=2026-05-28 00:00:00+00:00
[2026-05-27T12:13:49.578+0000] {processor.py:183} INFO - Processing /opt/airflow/dags/kaldata_dag.py took 0.349 seconds
[2026-05-27T12:14:19.941+0000] {processor.py:161} INFO - Started process (PID=3392) to work on /opt/airflow/dags/kaldata_dag.py
[2026-05-27T12:14:19.945+0000] {processor.py:830} INFO - Processing file /opt/airflow/dags/kaldata_dag.py for tasks to queue
[2026-05-27T12:14:19.948+0000] {logging_mixin.py:188} INFO - [2026-05-27T12:14:19.948+0000] {dagbag.py:540} INFO - Filling up the DagBag from /opt/airflow/dags/kaldata_dag.py
[2026-05-27T12:14:20.058+0000] {processor.py:840} INFO - DAG(s) 'kaldata_scraper' retrieved from /opt/airflow/dags/kaldata_dag.py
[2026-05-27T12:14:20.351+0000] {logging_mixin.py:188} INFO - [2026-05-27T12:14:20.351+0000] {dag.py:3047} INFO - Sync 1 DAGs
[2026-05-27T12:14:20.658+0000] {logging_mixin.py:188} INFO - [2026-05-27T12:14:20.657+0000] {dag.py:3834} INFO - Setting next_dagrun for kaldata_scraper to 2026-05-27 00:00:00+00:00, run_after=2026-05-28 00:00:00+00:00
[2026-05-27T12:14:21.051+0000] {processor.py:183} INFO - Processing /opt/airflow/dags/kaldata_dag.py took 1.121 seconds
[2026-05-27T12:14:52.679+0000] {processor.py:161} INFO - Started process (PID=3422) to work on /opt/airflow/dags/kaldata_dag.py
[2026-05-27T12:14:52.686+0000] {processor.py:830} INFO - Processing file /opt/airflow/dags/kaldata_dag.py for tasks to queue
[2026-05-27T12:14:52.690+0000] {logging_mixin.py:188} INFO - [2026-05-27T12:14:52.688+0000] {dagbag.py:540} INFO - Filling up the DagBag from /opt/airflow/dags/kaldata_dag.py
[2026-05-27T12:14:52.761+0000] {processor.py:840} INFO - DAG(s) 'kaldata_scraper' retrieved from /opt/airflow/dags/kaldata_dag.py
[2026-05-27T12:14:52.880+0000] {logging_mixin.py:188} INFO - [2026-05-27T12:14:52.879+0000] {dag.py:3047} INFO - Sync 1 DAGs
[2026-05-27T12:14:53.006+0000] {logging_mixin.py:188} INFO - [2026-05-27T12:14:53.005+0000] {dag.py:3834} INFO - Setting next_dagrun for kaldata_scraper to 2026-05-27 00:00:00+00:00, run_after=2026-05-28 00:00:00+00:00
[2026-05-27T12:14:53.336+0000] {processor.py:183} INFO - Processing /opt/airflow/dags/kaldata_dag.py took 0.680 seconds
[2026-05-27T12:15:23.879+0000] {processor.py:161} INFO - Started process (PID=3455) to work on /opt/airflow/dags/kaldata_dag.py
[2026-05-27T12:15:23.882+0000] {processor.py:830} INFO - Processing file /opt/airflow/dags/kaldata_dag.py for tasks to queue
[2026-05-27T12:15:23.886+0000] {logging_mixin.py:188} INFO - [2026-05-27T12:15:23.885+0000] {dagbag.py:540} INFO - Filling up the DagBag from /opt/airflow/dags/kaldata_dag.py
[2026-05-27T12:15:23.957+0000] {processor.py:840} INFO - DAG(s) 'kaldata_scraper' retrieved from /opt/airflow/dags/kaldata_dag.py
[2026-05-27T12:15:24.167+0000] {logging_mixin.py:188} INFO - [2026-05-27T12:15:24.167+0000] {dag.py:3047} INFO - Sync 1 DAGs
[2026-05-27T12:15:24.388+0000] {logging_mixin.py:188} INFO - [2026-05-27T12:15:24.387+0000] {dag.py:3834} INFO - Setting next_dagrun for kaldata_scraper to 2026-05-27 00:00:00+00:00, run_after=2026-05-28 00:00:00+00:00
[2026-05-27T12:15:24.488+0000] {processor.py:183} INFO - Processing /opt/airflow/dags/kaldata_dag.py took 0.623 seconds
[2026-05-27T12:15:55.463+0000] {processor.py:161} INFO - Started process (PID=3482) to work on /opt/airflow/dags/kaldata_dag.py
[2026-05-27T12:15:55.470+0000] {processor.py:830} INFO - Processing file /opt/airflow/dags/kaldata_dag.py for tasks to queue
[2026-05-27T12:15:55.484+0000] {logging_mixin.py:188} INFO - [2026-05-27T12:15:55.483+0000] {dagbag.py:540} INFO - Filling up the DagBag from /opt/airflow/dags/kaldata_dag.py
[2026-05-27T12:15:55.686+0000] {processor.py:840} INFO - DAG(s) 'kaldata_scraper' retrieved from /opt/airflow/dags/kaldata_dag.py
[2026-05-27T12:15:56.183+0000] {logging_mixin.py:188} INFO - [2026-05-27T12:15:56.181+0000] {dag.py:3047} INFO - Sync 1 DAGs
[2026-05-27T12:15:57.132+0000] {logging_mixin.py:188} INFO - [2026-05-27T12:15:57.103+0000] {dag.py:3834} INFO - Setting next_dagrun for kaldata_scraper to 2026-05-27 00:00:00+00:00, run_after=2026-05-28 00:00:00+00:00
[2026-05-27T12:15:57.490+0000] {processor.py:183} INFO - Processing /opt/airflow/dags/kaldata_dag.py took 2.135 seconds
[2026-05-27T12:16:28.761+0000] {processor.py:161} INFO - Started process (PID=3512) to work on /opt/airflow/dags/kaldata_dag.py
[2026-05-27T12:16:28.766+0000] {processor.py:830} INFO - Processing file /opt/airflow/dags/kaldata_dag.py for tasks to queue
[2026-05-27T12:16:28.797+0000] {logging_mixin.py:188} INFO - [2026-05-27T12:16:28.796+0000] {dagbag.py:540} INFO - Filling up the DagBag from /opt/airflow/dags/kaldata_dag.py
[2026-05-27T12:16:29.557+0000] {processor.py:840} INFO - DAG(s) 'kaldata_scraper' retrieved from /opt/airflow/dags/kaldata_dag.py
[2026-05-27T12:16:29.869+0000] {logging_mixin.py:188} INFO - [2026-05-27T12:16:29.858+0000] {dag.py:3047} INFO - Sync 1 DAGs
[2026-05-27T12:16:30.110+0000] {logging_mixin.py:188} INFO - [2026-05-27T12:16:30.110+0000] {dag.py:3834} INFO - Setting next_dagrun for kaldata_scraper to 2026-05-27 00:00:00+00:00, run_after=2026-05-28 00:00:00+00:00
[2026-05-27T12:16:30.280+0000] {processor.py:183} INFO - Processing /opt/airflow/dags/kaldata_dag.py took 1.539 seconds
[2026-05-27T12:17:03.088+0000] {processor.py:161} INFO - Started process (PID=3540) to work on /opt/airflow/dags/kaldata_dag.py
[2026-05-27T12:17:03.097+0000] {processor.py:830} INFO - Processing file /opt/airflow/dags/kaldata_dag.py for tasks to queue
[2026-05-27T12:17:03.160+0000] {logging_mixin.py:188} INFO - [2026-05-27T12:17:03.159+0000] {dagbag.py:540} INFO - Filling up the DagBag from /opt/airflow/dags/kaldata_dag.py
[2026-05-27T12:17:04.414+0000] {processor.py:840} INFO - DAG(s) 'kaldata_scraper' retrieved from /opt/airflow/dags/kaldata_dag.py
[2026-05-27T12:17:04.616+0000] {logging_mixin.py:188} INFO - [2026-05-27T12:17:04.615+0000] {dag.py:3047} INFO - Sync 1 DAGs
[2026-05-27T12:17:04.869+0000] {logging_mixin.py:188} INFO - [2026-05-27T12:17:04.868+0000] {dag.py:3834} INFO - Setting next_dagrun for kaldata_scraper to 2026-05-27 00:00:00+00:00, run_after=2026-05-28 00:00:00+00:00
[2026-05-27T12:17:05.034+0000] {processor.py:183} INFO - Processing /opt/airflow/dags/kaldata_dag.py took 1.970 seconds
[2026-05-27T12:17:39.966+0000] {processor.py:161} INFO - Started process (PID=3572) to work on /opt/airflow/dags/kaldata_dag.py
[2026-05-27T12:17:40.110+0000] {processor.py:830} INFO - Processing file /opt/airflow/dags/kaldata_dag.py for tasks to queue
[2026-05-27T12:17:40.242+0000] {logging_mixin.py:188} INFO - [2026-05-27T12:17:40.241+0000] {dagbag.py:540} INFO - Filling up the DagBag from /opt/airflow/dags/kaldata_dag.py
[2026-05-27T12:17:43.519+0000] {processor.py:840} INFO - DAG(s) 'kaldata_scraper' retrieved from /opt/airflow/dags/kaldata_dag.py
[2026-05-27T12:17:43.733+0000] {logging_mixin.py:188} INFO - [2026-05-27T12:17:43.732+0000] {dag.py:3047} INFO - Sync 1 DAGs
[2026-05-27T12:17:44.009+0000] {logging_mixin.py:188} INFO - [2026-05-27T12:17:44.008+0000] {dag.py:3834} INFO - Setting next_dagrun for kaldata_scraper to 2026-05-27 00:00:00+00:00, run_after=2026-05-28 00:00:00+00:00
[2026-05-27T12:17:44.252+0000] {processor.py:183} INFO - Processing /opt/airflow/dags/kaldata_dag.py took 4.304 seconds
[2026-05-27T12:18:16.398+0000] {processor.py:161} INFO - Started process (PID=3602) to work on /opt/airflow/dags/kaldata_dag.py
[2026-05-27T12:18:16.404+0000] {processor.py:830} INFO - Processing file /opt/airflow/dags/kaldata_dag.py for tasks to queue
[2026-05-27T12:18:16.414+0000] {logging_mixin.py:188} INFO - [2026-05-27T12:18:16.413+0000] {dagbag.py:540} INFO - Filling up the DagBag from /opt/airflow/dags/kaldata_dag.py
[2026-05-27T12:18:16.673+0000] {processor.py:840} INFO - DAG(s) 'kaldata_scraper' retrieved from /opt/airflow/dags/kaldata_dag.py
[2026-05-27T12:18:16.768+0000] {logging_mixin.py:188} INFO - [2026-05-27T12:18:16.768+0000] {dag.py:3047} INFO - Sync 1 DAGs
[2026-05-27T12:18:16.874+0000] {logging_mixin.py:188} INFO - [2026-05-27T12:18:16.866+0000] {dag.py:3834} INFO - Setting next_dagrun for kaldata_scraper to 2026-05-27 00:00:00+00:00, run_after=2026-05-28 00:00:00+00:00
[2026-05-27T12:18:16.958+0000] {processor.py:183} INFO - Processing /opt/airflow/dags/kaldata_dag.py took 0.578 seconds
[2026-05-27T12:18:48.533+0000] {processor.py:161} INFO - Started process (PID=3632) to work on /opt/airflow/dags/kaldata_dag.py
[2026-05-27T12:18:48.536+0000] {processor.py:830} INFO - Processing file /opt/airflow/dags/kaldata_dag.py for tasks to queue
[2026-05-27T12:18:48.548+0000] {logging_mixin.py:188} INFO - [2026-05-27T12:18:48.539+0000] {dagbag.py:540} INFO - Filling up the DagBag from /opt/airflow/dags/kaldata_dag.py
[2026-05-27T12:18:48.663+0000] {processor.py:840} INFO - DAG(s) 'kaldata_scraper' retrieved from /opt/airflow/dags/kaldata_dag.py
[2026-05-27T12:18:48.826+0000] {logging_mixin.py:188} INFO - [2026-05-27T12:18:48.825+0000] {dag.py:3047} INFO - Sync 1 DAGs
[2026-05-27T12:18:48.921+0000] {logging_mixin.py:188} INFO - [2026-05-27T12:18:48.920+0000] {dag.py:3834} INFO - Setting next_dagrun for kaldata_scraper to 2026-05-27 00:00:00+00:00, run_after=2026-05-28 00:00:00+00:00
[2026-05-27T12:18:49.018+0000] {processor.py:183} INFO - Processing /opt/airflow/dags/kaldata_dag.py took 0.502 seconds
[2026-05-27T12:19:21.462+0000] {processor.py:161} INFO - Started process (PID=3662) to work on /opt/airflow/dags/kaldata_dag.py
[2026-05-27T12:19:21.493+0000] {processor.py:830} INFO - Processing file /opt/airflow/dags/kaldata_dag.py for tasks to queue
[2026-05-27T12:19:21.552+0000] {logging_mixin.py:188} INFO - [2026-05-27T12:19:21.551+0000] {dagbag.py:540} INFO - Filling up the DagBag from /opt/airflow/dags/kaldata_dag.py
[2026-05-27T12:19:22.986+0000] {processor.py:840} INFO - DAG(s) 'kaldata_scraper' retrieved from /opt/airflow/dags/kaldata_dag.py
[2026-05-27T12:19:23.264+0000] {logging_mixin.py:188} INFO - [2026-05-27T12:19:23.252+0000] {dag.py:3047} INFO - Sync 1 DAGs
[2026-05-27T12:19:23.574+0000] {logging_mixin.py:188} INFO - [2026-05-27T12:19:23.573+0000] {dag.py:3834} INFO - Setting next_dagrun for kaldata_scraper to 2026-05-27 00:00:00+00:00, run_after=2026-05-28 00:00:00+00:00
[2026-05-27T12:19:23.771+0000] {processor.py:183} INFO - Processing /opt/airflow/dags/kaldata_dag.py took 2.328 seconds
[2026-05-27T12:20:00.435+0000] {processor.py:161} INFO - Started process (PID=3695) to work on /opt/airflow/dags/kaldata_dag.py
[2026-05-27T12:20:00.469+0000] {processor.py:830} INFO - Processing file /opt/airflow/dags/kaldata_dag.py for tasks to queue
[2026-05-27T12:20:00.475+0000] {logging_mixin.py:188} INFO - [2026-05-27T12:20:00.474+0000] {dagbag.py:540} INFO - Filling up the DagBag from /opt/airflow/dags/kaldata_dag.py
[2026-05-27T12:20:02.492+0000] {processor.py:840} INFO - DAG(s) 'kaldata_scraper' retrieved from /opt/airflow/dags/kaldata_dag.py
[2026-05-27T12:20:02.714+0000] {logging_mixin.py:188} INFO - [2026-05-27T12:20:02.713+0000] {dag.py:3047} INFO - Sync 1 DAGs
[2026-05-27T12:20:02.957+0000] {logging_mixin.py:188} INFO - [2026-05-27T12:20:02.957+0000] {dag.py:3834} INFO - Setting next_dagrun for kaldata_scraper to 2026-05-27 00:00:00+00:00, run_after=2026-05-28 00:00:00+00:00
[2026-05-27T12:20:03.224+0000] {processor.py:183} INFO - Processing /opt/airflow/dags/kaldata_dag.py took 2.834 seconds
[2026-05-27T12:20:37.131+0000] {processor.py:161} INFO - Started process (PID=3725) to work on /opt/airflow/dags/kaldata_dag.py
[2026-05-27T12:20:37.243+0000] {processor.py:830} INFO - Processing file /opt/airflow/dags/kaldata_dag.py for tasks to queue
[2026-05-27T12:20:37.275+0000] {logging_mixin.py:188} INFO - [2026-05-27T12:20:37.274+0000] {dagbag.py:540} INFO - Filling up the DagBag from /opt/airflow/dags/kaldata_dag.py
[2026-05-27T12:20:39.697+0000] {processor.py:840} INFO - DAG(s) 'kaldata_scraper' retrieved from /opt/airflow/dags/kaldata_dag.py
[2026-05-27T12:20:39.910+0000] {logging_mixin.py:188} INFO - [2026-05-27T12:20:39.910+0000] {dag.py:3047} INFO - Sync 1 DAGs
[2026-05-27T12:20:40.105+0000] {logging_mixin.py:188} INFO - [2026-05-27T12:20:40.104+0000] {dag.py:3834} INFO - Setting next_dagrun for kaldata_scraper to 2026-05-27 00:00:00+00:00, run_after=2026-05-28 00:00:00+00:00
[2026-05-27T12:20:40.237+0000] {processor.py:183} INFO - Processing /opt/airflow/dags/kaldata_dag.py took 3.250 seconds
[2026-05-27T12:21:13.768+0000] {processor.py:161} INFO - Started process (PID=3755) to work on /opt/airflow/dags/kaldata_dag.py
[2026-05-27T12:21:13.815+0000] {processor.py:830} INFO - Processing file /opt/airflow/dags/kaldata_dag.py for tasks to queue
[2026-05-27T12:21:13.849+0000] {logging_mixin.py:188} INFO - [2026-05-27T12:21:13.848+0000] {dagbag.py:540} INFO - Filling up the DagBag from /opt/airflow/dags/kaldata_dag.py
[2026-05-27T12:21:14.561+0000] {processor.py:840} INFO - DAG(s) 'kaldata_scraper' retrieved from /opt/airflow/dags/kaldata_dag.py
[2026-05-27T12:21:15.058+0000] {logging_mixin.py:188} INFO - [2026-05-27T12:21:15.057+0000] {dag.py:3047} INFO - Sync 1 DAGs
[2026-05-27T12:21:15.274+0000] {logging_mixin.py:188} INFO - [2026-05-27T12:21:15.273+0000] {dag.py:3834} INFO - Setting next_dagrun for kaldata_scraper to 2026-05-27 00:00:00+00:00, run_after=2026-05-28 00:00:00+00:00
[2026-05-27T12:21:16.865+0000] {processor.py:183} INFO - Processing /opt/airflow/dags/kaldata_dag.py took 3.125 seconds
[2026-05-27T12:21:51.330+0000] {processor.py:161} INFO - Started process (PID=3785) to work on /opt/airflow/dags/kaldata_dag.py
[2026-05-27T12:21:51.387+0000] {processor.py:830} INFO - Processing file /opt/airflow/dags/kaldata_dag.py for tasks to queue
[2026-05-27T12:21:51.390+0000] {logging_mixin.py:188} INFO - [2026-05-27T12:21:51.390+0000] {dagbag.py:540} INFO - Filling up the DagBag from /opt/airflow/dags/kaldata_dag.py
[2026-05-27T12:21:53.125+0000] {processor.py:840} INFO - DAG(s) 'kaldata_scraper' retrieved from /opt/airflow/dags/kaldata_dag.py
[2026-05-27T12:21:53.335+0000] {logging_mixin.py:188} INFO - [2026-05-27T12:21:53.334+0000] {dag.py:3047} INFO - Sync 1 DAGs
[2026-05-27T12:21:53.594+0000] {logging_mixin.py:188} INFO - [2026-05-27T12:21:53.593+0000] {dag.py:3834} INFO - Setting next_dagrun for kaldata_scraper to 2026-05-27 00:00:00+00:00, run_after=2026-05-28 00:00:00+00:00
[2026-05-27T12:21:53.847+0000] {processor.py:183} INFO - Processing /opt/airflow/dags/kaldata_dag.py took 2.539 seconds
[2026-05-27T12:22:39.200+0000] {processor.py:161} INFO - Started process (PID=3815) to work on /opt/airflow/dags/kaldata_dag.py
[2026-05-27T12:22:39.265+0000] {processor.py:830} INFO - Processing file /opt/airflow/dags/kaldata_dag.py for tasks to queue
[2026-05-27T12:22:39.274+0000] {logging_mixin.py:188} INFO - [2026-05-27T12:22:39.273+0000] {dagbag.py:540} INFO - Filling up the DagBag from /opt/airflow/dags/kaldata_dag.py
[2026-05-27T12:22:43.311+0000] {processor.py:840} INFO - DAG(s) 'kaldata_scraper' retrieved from /opt/airflow/dags/kaldata_dag.py
[2026-05-27T12:22:43.497+0000] {logging_mixin.py:188} INFO - [2026-05-27T12:22:43.488+0000] {dag.py:3047} INFO - Sync 1 DAGs
[2026-05-27T12:22:43.723+0000] {logging_mixin.py:188} INFO - [2026-05-27T12:22:43.723+0000] {dag.py:3834} INFO - Setting next_dagrun for kaldata_scraper to 2026-05-27 00:00:00+00:00, run_after=2026-05-28 00:00:00+00:00
[2026-05-27T12:22:44.112+0000] {processor.py:183} INFO - Processing /opt/airflow/dags/kaldata_dag.py took 4.922 seconds
[2026-05-27T12:23:15.179+0000] {processor.py:161} INFO - Started process (PID=3847) to work on /opt/airflow/dags/kaldata_dag.py
[2026-05-27T12:23:15.182+0000] {processor.py:830} INFO - Processing file /opt/airflow/dags/kaldata_dag.py for tasks to queue
[2026-05-27T12:23:15.186+0000] {logging_mixin.py:188} INFO - [2026-05-27T12:23:15.185+0000] {dagbag.py:540} INFO - Filling up the DagBag from /opt/airflow/dags/kaldata_dag.py
[2026-05-27T12:23:15.268+0000] {processor.py:840} INFO - DAG(s) 'kaldata_scraper' retrieved from /opt/airflow/dags/kaldata_dag.py
[2026-05-27T12:23:15.365+0000] {logging_mixin.py:188} INFO - [2026-05-27T12:23:15.365+0000] {dag.py:3047} INFO - Sync 1 DAGs
[2026-05-27T12:23:15.456+0000] {logging_mixin.py:188} INFO - [2026-05-27T12:23:15.455+0000] {dag.py:3834} INFO - Setting next_dagrun for kaldata_scraper to 2026-05-27 00:00:00+00:00, run_after=2026-05-28 00:00:00+00:00
[2026-05-27T12:23:15.572+0000] {processor.py:183} INFO - Processing /opt/airflow/dags/kaldata_dag.py took 0.424 seconds
[2026-05-27T12:23:45.755+0000] {processor.py:161} INFO - Started process (PID=3877) to work on /opt/airflow/dags/kaldata_dag.py
[2026-05-27T12:23:45.758+0000] {processor.py:830} INFO - Processing file /opt/airflow/dags/kaldata_dag.py for tasks to queue
[2026-05-27T12:23:45.762+0000] {logging_mixin.py:188} INFO - [2026-05-27T12:23:45.761+0000] {dagbag.py:540} INFO - Filling up the DagBag from /opt/airflow/dags/kaldata_dag.py
[2026-05-27T12:23:45.820+0000] {processor.py:840} INFO - DAG(s) 'kaldata_scraper' retrieved from /opt/airflow/dags/kaldata_dag.py
[2026-05-27T12:23:45.892+0000] {logging_mixin.py:188} INFO - [2026-05-27T12:23:45.892+0000] {dag.py:3047} INFO - Sync 1 DAGs
[2026-05-27T12:23:45.959+0000] {logging_mixin.py:188} INFO - [2026-05-27T12:23:45.958+0000] {dag.py:3834} INFO - Setting next_dagrun for kaldata_scraper to 2026-05-27 00:00:00+00:00, run_after=2026-05-28 00:00:00+00:00
[2026-05-27T12:23:46.018+0000] {processor.py:183} INFO - Processing /opt/airflow/dags/kaldata_dag.py took 0.275 seconds
[2026-05-27T12:24:16.880+0000] {processor.py:161} INFO - Started process (PID=3907) to work on /opt/airflow/dags/kaldata_dag.py
[2026-05-27T12:24:16.897+0000] {processor.py:830} INFO - Processing file /opt/airflow/dags/kaldata_dag.py for tasks to queue
[2026-05-27T12:24:16.912+0000] {logging_mixin.py:188} INFO - [2026-05-27T12:24:16.911+0000] {dagbag.py:540} INFO - Filling up the DagBag from /opt/airflow/dags/kaldata_dag.py
[2026-05-27T12:24:17.138+0000] {processor.py:840} INFO - DAG(s) 'kaldata_scraper' retrieved from /opt/airflow/dags/kaldata_dag.py
[2026-05-27T12:24:17.205+0000] {logging_mixin.py:188} INFO - [2026-05-27T12:24:17.204+0000] {dag.py:3047} INFO - Sync 1 DAGs
[2026-05-27T12:24:17.272+0000] {logging_mixin.py:188} INFO - [2026-05-27T12:24:17.271+0000] {dag.py:3834} INFO - Setting next_dagrun for kaldata_scraper to 2026-05-27 00:00:00+00:00, run_after=2026-05-28 00:00:00+00:00
[2026-05-27T12:24:17.324+0000] {processor.py:183} INFO - Processing /opt/airflow/dags/kaldata_dag.py took 0.464 seconds
[2026-05-27T12:24:47.959+0000] {processor.py:161} INFO - Started process (PID=3937) to work on /opt/airflow/dags/kaldata_dag.py
[2026-05-27T12:24:47.963+0000] {processor.py:830} INFO - Processing file /opt/airflow/dags/kaldata_dag.py for tasks to queue
[2026-05-27T12:24:47.966+0000] {logging_mixin.py:188} INFO - [2026-05-27T12:24:47.965+0000] {dagbag.py:540} INFO - Filling up the DagBag from /opt/airflow/dags/kaldata_dag.py
[2026-05-27T12:24:48.037+0000] {processor.py:840} INFO - DAG(s) 'kaldata_scraper' retrieved from /opt/airflow/dags/kaldata_dag.py
[2026-05-27T12:24:48.104+0000] {logging_mixin.py:188} INFO - [2026-05-27T12:24:48.103+0000] {dag.py:3047} INFO - Sync 1 DAGs
[2026-05-27T12:24:48.171+0000] {logging_mixin.py:188} INFO - [2026-05-27T12:24:48.171+0000] {dag.py:3834} INFO - Setting next_dagrun for kaldata_scraper to 2026-05-27 00:00:00+00:00, run_after=2026-05-28 00:00:00+00:00
[2026-05-27T12:24:48.223+0000] {processor.py:183} INFO - Processing /opt/airflow/dags/kaldata_dag.py took 0.280 seconds
[2026-05-27T12:25:18.787+0000] {processor.py:161} INFO - Started process (PID=3967) to work on /opt/airflow/dags/kaldata_dag.py
[2026-05-27T12:25:18.790+0000] {processor.py:830} INFO - Processing file /opt/airflow/dags/kaldata_dag.py for tasks to queue
[2026-05-27T12:25:18.793+0000] {logging_mixin.py:188} INFO - [2026-05-27T12:25:18.792+0000] {dagbag.py:540} INFO - Filling up the DagBag from /opt/airflow/dags/kaldata_dag.py
[2026-05-27T12:25:18.848+0000] {processor.py:840} INFO - DAG(s) 'kaldata_scraper' retrieved from /opt/airflow/dags/kaldata_dag.py
[2026-05-27T12:25:18.918+0000] {logging_mixin.py:188} INFO - [2026-05-27T12:25:18.917+0000] {dag.py:3047} INFO - Sync 1 DAGs
[2026-05-27T12:25:18.982+0000] {logging_mixin.py:188} INFO - [2026-05-27T12:25:18.981+0000] {dag.py:3834} INFO - Setting next_dagrun for kaldata_scraper to 2026-05-27 00:00:00+00:00, run_after=2026-05-28 00:00:00+00:00
[2026-05-27T12:25:19.045+0000] {processor.py:183} INFO - Processing /opt/airflow/dags/kaldata_dag.py took 0.269 seconds
[2026-05-27T12:25:49.284+0000] {processor.py:161} INFO - Started process (PID=3997) to work on /opt/airflow/dags/kaldata_dag.py
[2026-05-27T12:25:49.290+0000] {processor.py:830} INFO - Processing file /opt/airflow/dags/kaldata_dag.py for tasks to queue
[2026-05-27T12:25:49.294+0000] {logging_mixin.py:188} INFO - [2026-05-27T12:25:49.293+0000] {dagbag.py:540} INFO - Filling up the DagBag from /opt/airflow/dags/kaldata_dag.py
[2026-05-27T12:25:49.358+0000] {processor.py:840} INFO - DAG(s) 'kaldata_scraper' retrieved from /opt/airflow/dags/kaldata_dag.py
[2026-05-27T12:25:49.484+0000] {logging_mixin.py:188} INFO - [2026-05-27T12:25:49.484+0000] {dag.py:3047} INFO - Sync 1 DAGs
[2026-05-27T12:25:49.688+0000] {logging_mixin.py:188} INFO - [2026-05-27T12:25:49.687+0000] {dag.py:3834} INFO - Setting next_dagrun for kaldata_scraper to 2026-05-27 00:00:00+00:00, run_after=2026-05-28 00:00:00+00:00
[2026-05-27T12:25:49.917+0000] {processor.py:183} INFO - Processing /opt/airflow/dags/kaldata_dag.py took 0.649 seconds
[2026-05-27T12:26:20.877+0000] {processor.py:161} INFO - Started process (PID=4027) to work on /opt/airflow/dags/kaldata_dag.py
[2026-05-27T12:26:20.890+0000] {processor.py:830} INFO - Processing file /opt/airflow/dags/kaldata_dag.py for tasks to queue
[2026-05-27T12:26:20.900+0000] {logging_mixin.py:188} INFO - [2026-05-27T12:26:20.899+0000] {dagbag.py:540} INFO - Filling up the DagBag from /opt/airflow/dags/kaldata_dag.py
[2026-05-27T12:26:21.177+0000] {processor.py:840} INFO - DAG(s) 'kaldata_scraper' retrieved from /opt/airflow/dags/kaldata_dag.py
[2026-05-27T12:26:21.289+0000] {logging_mixin.py:188} INFO - [2026-05-27T12:26:21.288+0000] {dag.py:3047} INFO - Sync 1 DAGs
[2026-05-27T12:26:21.377+0000] {logging_mixin.py:188} INFO - [2026-05-27T12:26:21.376+0000] {dag.py:3834} INFO - Setting next_dagrun for kaldata_scraper to 2026-05-27 00:00:00+00:00, run_after=2026-05-28 00:00:00+00:00
[2026-05-27T12:26:21.468+0000] {processor.py:183} INFO - Processing /opt/airflow/dags/kaldata_dag.py took 0.609 seconds
[2026-05-27T12:26:52.243+0000] {processor.py:161} INFO - Started process (PID=4057) to work on /opt/airflow/dags/kaldata_dag.py
[2026-05-27T12:26:52.251+0000] {processor.py:830} INFO - Processing file /opt/airflow/dags/kaldata_dag.py for tasks to queue
[2026-05-27T12:26:52.257+0000] {logging_mixin.py:188} INFO - [2026-05-27T12:26:52.256+0000] {dagbag.py:540} INFO - Filling up the DagBag from /opt/airflow/dags/kaldata_dag.py
[2026-05-27T12:26:52.331+0000] {processor.py:840} INFO - DAG(s) 'kaldata_scraper' retrieved from /opt/airflow/dags/kaldata_dag.py
[2026-05-27T12:26:52.446+0000] {logging_mixin.py:188} INFO - [2026-05-27T12:26:52.445+0000] {dag.py:3047} INFO - Sync 1 DAGs
[2026-05-27T12:26:52.550+0000] {logging_mixin.py:188} INFO - [2026-05-27T12:26:52.543+0000] {dag.py:3834} INFO - Setting next_dagrun for kaldata_scraper to 2026-05-27 00:00:00+00:00, run_after=2026-05-28 00:00:00+00:00
[2026-05-27T12:26:52.616+0000] {processor.py:183} INFO - Processing /opt/airflow/dags/kaldata_dag.py took 0.392 seconds
[2026-05-27T12:27:22.767+0000] {processor.py:161} INFO - Started process (PID=4087) to work on /opt/airflow/dags/kaldata_dag.py
[2026-05-27T12:27:22.770+0000] {processor.py:830} INFO - Processing file /opt/airflow/dags/kaldata_dag.py for tasks to queue
[2026-05-27T12:27:22.773+0000] {logging_mixin.py:188} INFO - [2026-05-27T12:27:22.772+0000] {dagbag.py:540} INFO - Filling up the DagBag from /opt/airflow/dags/kaldata_dag.py
[2026-05-27T12:27:22.826+0000] {processor.py:840} INFO - DAG(s) 'kaldata_scraper' retrieved from /opt/airflow/dags/kaldata_dag.py
[2026-05-27T12:27:22.902+0000] {logging_mixin.py:188} INFO - [2026-05-27T12:27:22.902+0000] {dag.py:3047} INFO - Sync 1 DAGs
[2026-05-27T12:27:22.986+0000] {logging_mixin.py:188} INFO - [2026-05-27T12:27:22.985+0000] {dag.py:3834} INFO - Setting next_dagrun for kaldata_scraper to 2026-05-27 00:00:00+00:00, run_after=2026-05-28 00:00:00+00:00
[2026-05-27T12:27:23.070+0000] {processor.py:183} INFO - Processing /opt/airflow/dags/kaldata_dag.py took 0.314 seconds
[2026-05-27T12:27:53.767+0000] {processor.py:161} INFO - Started process (PID=4117) to work on /opt/airflow/dags/kaldata_dag.py
[2026-05-27T12:27:53.771+0000] {processor.py:830} INFO - Processing file /opt/airflow/dags/kaldata_dag.py for tasks to queue
[2026-05-27T12:27:53.778+0000] {logging_mixin.py:188} INFO - [2026-05-27T12:27:53.775+0000] {dagbag.py:540} INFO - Filling up the DagBag from /opt/airflow/dags/kaldata_dag.py
[2026-05-27T12:27:53.991+0000] {processor.py:840} INFO - DAG(s) 'kaldata_scraper' retrieved from /opt/airflow/dags/kaldata_dag.py
[2026-05-27T12:27:54.119+0000] {logging_mixin.py:188} INFO - [2026-05-27T12:27:54.118+0000] {dag.py:3047} INFO - Sync 1 DAGs
[2026-05-27T12:27:54.276+0000] {logging_mixin.py:188} INFO - [2026-05-27T12:27:54.275+0000] {dag.py:3834} INFO - Setting next_dagrun for kaldata_scraper to 2026-05-27 00:00:00+00:00, run_after=2026-05-28 00:00:00+00:00
[2026-05-27T12:27:54.411+0000] {processor.py:183} INFO - Processing /opt/airflow/dags/kaldata_dag.py took 0.658 seconds
[2026-05-27T12:28:25.740+0000] {processor.py:161} INFO - Started process (PID=4147) to work on /opt/airflow/dags/kaldata_dag.py
[2026-05-27T12:28:25.744+0000] {processor.py:830} INFO - Processing file /opt/airflow/dags/kaldata_dag.py for tasks to queue
[2026-05-27T12:28:25.747+0000] {logging_mixin.py:188} INFO - [2026-05-27T12:28:25.746+0000] {dagbag.py:540} INFO - Filling up the DagBag from /opt/airflow/dags/kaldata_dag.py
[2026-05-27T12:28:25.810+0000] {processor.py:840} INFO - DAG(s) 'kaldata_scraper' retrieved from /opt/airflow/dags/kaldata_dag.py
[2026-05-27T12:28:25.877+0000] {logging_mixin.py:188} INFO - [2026-05-27T12:28:25.877+0000] {dag.py:3047} INFO - Sync 1 DAGs
[2026-05-27T12:28:25.941+0000] {logging_mixin.py:188} INFO - [2026-05-27T12:28:25.941+0000] {dag.py:3834} INFO - Setting next_dagrun for kaldata_scraper to 2026-05-27 00:00:00+00:00, run_after=2026-05-28 00:00:00+00:00
[2026-05-27T12:28:25.991+0000] {processor.py:183} INFO - Processing /opt/airflow/dags/kaldata_dag.py took 0.259 seconds
[2026-05-27T12:28:59.849+0000] {processor.py:161} INFO - Started process (PID=4175) to work on /opt/airflow/dags/kaldata_dag.py
[2026-05-27T12:28:59.866+0000] {processor.py:830} INFO - Processing file /opt/airflow/dags/kaldata_dag.py for tasks to queue
[2026-05-27T12:28:59.874+0000] {logging_mixin.py:188} INFO - [2026-05-27T12:28:59.873+0000] {dagbag.py:540} INFO - Filling up the DagBag from /opt/airflow/dags/kaldata_dag.py
[2026-05-27T12:29:00.122+0000] {processor.py:840} INFO - DAG(s) 'kaldata_scraper' retrieved from /opt/airflow/dags/kaldata_dag.py
[2026-05-27T12:29:00.296+0000] {logging_mixin.py:188} INFO - [2026-05-27T12:29:00.295+0000] {dag.py:3047} INFO - Sync 1 DAGs
[2026-05-27T12:29:00.376+0000] {logging_mixin.py:188} INFO - [2026-05-27T12:29:00.375+0000] {dag.py:3834} INFO - Setting next_dagrun for kaldata_scraper to 2026-05-27 00:00:00+00:00, run_after=2026-05-28 00:00:00+00:00
[2026-05-27T12:29:00.474+0000] {processor.py:183} INFO - Processing /opt/airflow/dags/kaldata_dag.py took 0.723 seconds
[2026-05-27T12:29:40.732+0000] {processor.py:161} INFO - Started process (PID=4200) to work on /opt/airflow/dags/kaldata_dag.py
[2026-05-27T12:29:40.806+0000] {processor.py:830} INFO - Processing file /opt/airflow/dags/kaldata_dag.py for tasks to queue
[2026-05-27T12:29:40.877+0000] {logging_mixin.py:188} INFO - [2026-05-27T12:29:40.876+0000] {dagbag.py:540} INFO - Filling up the DagBag from /opt/airflow/dags/kaldata_dag.py
[2026-05-27T12:29:43.413+0000] {processor.py:840} INFO - DAG(s) 'kaldata_scraper' retrieved from /opt/airflow/dags/kaldata_dag.py
[2026-05-27T12:29:43.662+0000] {logging_mixin.py:188} INFO - [2026-05-27T12:29:43.661+0000] {dag.py:3047} INFO - Sync 1 DAGs
[2026-05-27T12:29:43.999+0000] {logging_mixin.py:188} INFO - [2026-05-27T12:29:43.999+0000] {dag.py:3834} INFO - Setting next_dagrun for kaldata_scraper to 2026-05-27 00:00:00+00:00, run_after=2026-05-28 00:00:00+00:00
[2026-05-27T12:29:44.336+0000] {processor.py:183} INFO - Processing /opt/airflow/dags/kaldata_dag.py took 3.623 seconds
[2026-05-27T12:30:22.205+0000] {processor.py:161} INFO - Started process (PID=4230) to work on /opt/airflow/dags/kaldata_dag.py
[2026-05-27T12:30:22.218+0000] {processor.py:830} INFO - Processing file /opt/airflow/dags/kaldata_dag.py for tasks to queue
[2026-05-27T12:30:22.222+0000] {logging_mixin.py:188} INFO - [2026-05-27T12:30:22.221+0000] {dagbag.py:540} INFO - Filling up the DagBag from /opt/airflow/dags/kaldata_dag.py
[2026-05-27T12:30:22.555+0000] {processor.py:840} INFO - DAG(s) 'kaldata_scraper' retrieved from /opt/airflow/dags/kaldata_dag.py
[2026-05-27T12:30:22.756+0000] {logging_mixin.py:188} INFO - [2026-05-27T12:30:22.756+0000] {dag.py:3047} INFO - Sync 1 DAGs
[2026-05-27T12:30:23.195+0000] {logging_mixin.py:188} INFO - [2026-05-27T12:30:23.194+0000] {dag.py:3834} INFO - Setting next_dagrun for kaldata_scraper to 2026-05-27 00:00:00+00:00, run_after=2026-05-28 00:00:00+00:00
[2026-05-27T12:30:24.180+0000] {processor.py:183} INFO - Processing /opt/airflow/dags/kaldata_dag.py took 1.995 seconds
[2026-05-27T12:31:01.530+0000] {processor.py:161} INFO - Started process (PID=4262) to work on /opt/airflow/dags/kaldata_dag.py
[2026-05-27T12:31:01.563+0000] {processor.py:830} INFO - Processing file /opt/airflow/dags/kaldata_dag.py for tasks to queue
[2026-05-27T12:31:01.578+0000] {logging_mixin.py:188} INFO - [2026-05-27T12:31:01.577+0000] {dagbag.py:540} INFO - Filling up the DagBag from /opt/airflow/dags/kaldata_dag.py
[2026-05-27T12:31:04.242+0000] {processor.py:840} INFO - DAG(s) 'kaldata_scraper' retrieved from /opt/airflow/dags/kaldata_dag.py
[2026-05-27T12:31:04.483+0000] {logging_mixin.py:188} INFO - [2026-05-27T12:31:04.483+0000] {dag.py:3047} INFO - Sync 1 DAGs
[2026-05-27T12:31:04.857+0000] {logging_mixin.py:188} INFO - [2026-05-27T12:31:04.856+0000] {dag.py:3834} INFO - Setting next_dagrun for kaldata_scraper to 2026-05-27 00:00:00+00:00, run_after=2026-05-28 00:00:00+00:00
[2026-05-27T12:31:05.076+0000] {processor.py:183} INFO - Processing /opt/airflow/dags/kaldata_dag.py took 3.582 seconds
[2026-05-27T12:31:46.325+0000] {processor.py:161} INFO - Started process (PID=4290) to work on /opt/airflow/dags/kaldata_dag.py
[2026-05-27T12:31:46.545+0000] {processor.py:830} INFO - Processing file /opt/airflow/dags/kaldata_dag.py for tasks to queue
[2026-05-27T12:31:46.706+0000] {logging_mixin.py:188} INFO - [2026-05-27T12:31:46.705+0000] {dagbag.py:540} INFO - Filling up the DagBag from /opt/airflow/dags/kaldata_dag.py
[2026-05-27T12:31:59.049+0000] {processor.py:840} INFO - DAG(s) 'kaldata_scraper' retrieved from /opt/airflow/dags/kaldata_dag.py
[2026-05-27T12:31:59.614+0000] {logging_mixin.py:188} INFO - [2026-05-27T12:31:59.613+0000] {dag.py:3047} INFO - Sync 1 DAGs
[2026-05-27T12:32:00.466+0000] {logging_mixin.py:188} INFO - [2026-05-27T12:32:00.465+0000] {dag.py:3834} INFO - Setting next_dagrun for kaldata_scraper to 2026-05-27 00:00:00+00:00, run_after=2026-05-28 00:00:00+00:00
[2026-05-27T12:32:01.554+0000] {processor.py:183} INFO - Processing /opt/airflow/dags/kaldata_dag.py took 15.240 seconds
[2026-05-27T12:32:37.900+0000] {processor.py:161} INFO - Started process (PID=4322) to work on /opt/airflow/dags/kaldata_dag.py
[2026-05-27T12:32:37.917+0000] {processor.py:830} INFO - Processing file /opt/airflow/dags/kaldata_dag.py for tasks to queue
[2026-05-27T12:32:37.927+0000] {logging_mixin.py:188} INFO - [2026-05-27T12:32:37.926+0000] {dagbag.py:540} INFO - Filling up the DagBag from /opt/airflow/dags/kaldata_dag.py
[2026-05-27T12:32:38.230+0000] {processor.py:840} INFO - DAG(s) 'kaldata_scraper' retrieved from /opt/airflow/dags/kaldata_dag.py
[2026-05-27T12:32:38.404+0000] {logging_mixin.py:188} INFO - [2026-05-27T12:32:38.403+0000] {dag.py:3047} INFO - Sync 1 DAGs
[2026-05-27T12:32:38.595+0000] {logging_mixin.py:188} INFO - [2026-05-27T12:32:38.594+0000] {dag.py:3834} INFO - Setting next_dagrun for kaldata_scraper to 2026-05-27 00:00:00+00:00, run_after=2026-05-28 00:00:00+00:00
[2026-05-27T12:32:38.784+0000] {processor.py:183} INFO - Processing /opt/airflow/dags/kaldata_dag.py took 0.916 seconds
[2026-05-27T12:33:13.542+0000] {processor.py:161} INFO - Started process (PID=4352) to work on /opt/airflow/dags/kaldata_dag.py
[2026-05-27T12:33:13.594+0000] {processor.py:830} INFO - Processing file /opt/airflow/dags/kaldata_dag.py for tasks to queue
[2026-05-27T12:33:13.643+0000] {logging_mixin.py:188} INFO - [2026-05-27T12:33:13.642+0000] {dagbag.py:540} INFO - Filling up the DagBag from /opt/airflow/dags/kaldata_dag.py
[2026-05-27T12:33:15.765+0000] {processor.py:840} INFO - DAG(s) 'kaldata_scraper' retrieved from /opt/airflow/dags/kaldata_dag.py
[2026-05-27T12:33:16.426+0000] {logging_mixin.py:188} INFO - [2026-05-27T12:33:16.410+0000] {dag.py:3047} INFO - Sync 1 DAGs
[2026-05-27T12:33:16.830+0000] {logging_mixin.py:188} INFO - [2026-05-27T12:33:16.830+0000] {dag.py:3834} INFO - Setting next_dagrun for kaldata_scraper to 2026-05-27 00:00:00+00:00, run_after=2026-05-28 00:00:00+00:00
[2026-05-27T12:33:17.228+0000] {processor.py:183} INFO - Processing /opt/airflow/dags/kaldata_dag.py took 3.687 seconds
[2026-05-27T12:33:49.966+0000] {processor.py:161} INFO - Started process (PID=4385) to work on /opt/airflow/dags/kaldata_dag.py
[2026-05-27T12:33:50.157+0000] {processor.py:830} INFO - Processing file /opt/airflow/dags/kaldata_dag.py for tasks to queue
[2026-05-27T12:33:50.192+0000] {logging_mixin.py:188} INFO - [2026-05-27T12:33:50.191+0000] {dagbag.py:540} INFO - Filling up the DagBag from /opt/airflow/dags/kaldata_dag.py
[2026-05-27T12:33:52.505+0000] {processor.py:840} INFO - DAG(s) 'kaldata_scraper' retrieved from /opt/airflow/dags/kaldata_dag.py
[2026-05-27T12:33:52.775+0000] {logging_mixin.py:188} INFO - [2026-05-27T12:33:52.774+0000] {dag.py:3047} INFO - Sync 1 DAGs
[2026-05-27T12:33:52.947+0000] {logging_mixin.py:188} INFO - [2026-05-27T12:33:52.946+0000] {dag.py:3834} INFO - Setting next_dagrun for kaldata_scraper to 2026-05-27 00:00:00+00:00, run_after=2026-05-28 00:00:00+00:00
[2026-05-27T12:33:53.247+0000] {processor.py:183} INFO - Processing /opt/airflow/dags/kaldata_dag.py took 3.343 seconds
[2026-05-27T12:34:25.479+0000] {processor.py:161} INFO - Started process (PID=4417) to work on /opt/airflow/dags/kaldata_dag.py
[2026-05-27T12:34:25.492+0000] {processor.py:830} INFO - Processing file /opt/airflow/dags/kaldata_dag.py for tasks to queue
[2026-05-27T12:34:25.558+0000] {logging_mixin.py:188} INFO - [2026-05-27T12:34:25.557+0000] {dagbag.py:540} INFO - Filling up the DagBag from /opt/airflow/dags/kaldata_dag.py
[2026-05-27T12:34:26.297+0000] {processor.py:840} INFO - DAG(s) 'kaldata_scraper' retrieved from /opt/airflow/dags/kaldata_dag.py
[2026-05-27T12:34:26.524+0000] {logging_mixin.py:188} INFO - [2026-05-27T12:34:26.523+0000] {dag.py:3047} INFO - Sync 1 DAGs
[2026-05-27T12:34:26.822+0000] {logging_mixin.py:188} INFO - [2026-05-27T12:34:26.821+0000] {dag.py:3834} INFO - Setting next_dagrun for kaldata_scraper to 2026-05-27 00:00:00+00:00, run_after=2026-05-28 00:00:00+00:00
[2026-05-27T12:34:27.315+0000] {processor.py:183} INFO - Processing /opt/airflow/dags/kaldata_dag.py took 1.865 seconds
[2026-05-27T12:34:58.750+0000] {processor.py:161} INFO - Started process (PID=4447) to work on /opt/airflow/dags/kaldata_dag.py
[2026-05-27T12:34:58.781+0000] {processor.py:830} INFO - Processing file /opt/airflow/dags/kaldata_dag.py for tasks to queue
[2026-05-27T12:34:58.786+0000] {logging_mixin.py:188} INFO - [2026-05-27T12:34:58.785+0000] {dagbag.py:540} INFO - Filling up the DagBag from /opt/airflow/dags/kaldata_dag.py
[2026-05-27T12:34:59.499+0000] {processor.py:840} INFO - DAG(s) 'kaldata_scraper' retrieved from /opt/airflow/dags/kaldata_dag.py
[2026-05-27T12:34:59.783+0000] {logging_mixin.py:188} INFO - [2026-05-27T12:34:59.769+0000] {dag.py:3047} INFO - Sync 1 DAGs
[2026-05-27T12:35:00.321+0000] {logging_mixin.py:188} INFO - [2026-05-27T12:35:00.320+0000] {dag.py:3834} INFO - Setting next_dagrun for kaldata_scraper to 2026-05-27 00:00:00+00:00, run_after=2026-05-28 00:00:00+00:00
[2026-05-27T12:35:01.148+0000] {processor.py:183} INFO - Processing /opt/airflow/dags/kaldata_dag.py took 2.407 seconds
[2026-05-27T12:35:34.856+0000] {processor.py:161} INFO - Started process (PID=4477) to work on /opt/airflow/dags/kaldata_dag.py
[2026-05-27T12:35:34.879+0000] {processor.py:830} INFO - Processing file /opt/airflow/dags/kaldata_dag.py for tasks to queue
[2026-05-27T12:35:34.883+0000] {logging_mixin.py:188} INFO - [2026-05-27T12:35:34.882+0000] {dagbag.py:540} INFO - Filling up the DagBag from /opt/airflow/dags/kaldata_dag.py
[2026-05-27T12:35:34.982+0000] {processor.py:840} INFO - DAG(s) 'kaldata_scraper' retrieved from /opt/airflow/dags/kaldata_dag.py
[2026-05-27T12:35:35.166+0000] {logging_mixin.py:188} INFO - [2026-05-27T12:35:35.155+0000] {dag.py:3047} INFO - Sync 1 DAGs
[2026-05-27T12:35:35.332+0000] {logging_mixin.py:188} INFO - [2026-05-27T12:35:35.321+0000] {dag.py:3834} INFO - Setting next_dagrun for kaldata_scraper to 2026-05-27 00:00:00+00:00, run_after=2026-05-28 00:00:00+00:00
[2026-05-27T12:35:35.464+0000] {processor.py:183} INFO - Processing /opt/airflow/dags/kaldata_dag.py took 0.628 seconds
[2026-05-27T12:36:06.610+0000] {processor.py:161} INFO - Started process (PID=4507) to work on /opt/airflow/dags/kaldata_dag.py
[2026-05-27T12:36:06.624+0000] {processor.py:830} INFO - Processing file /opt/airflow/dags/kaldata_dag.py for tasks to queue
[2026-05-27T12:36:06.628+0000] {logging_mixin.py:188} INFO - [2026-05-27T12:36:06.627+0000] {dagbag.py:540} INFO - Filling up the DagBag from /opt/airflow/dags/kaldata_dag.py
[2026-05-27T12:36:06.758+0000] {processor.py:840} INFO - DAG(s) 'kaldata_scraper' retrieved from /opt/airflow/dags/kaldata_dag.py
[2026-05-27T12:36:06.858+0000] {logging_mixin.py:188} INFO - [2026-05-27T12:36:06.857+0000] {dag.py:3047} INFO - Sync 1 DAGs
[2026-05-27T12:36:06.945+0000] {logging_mixin.py:188} INFO - [2026-05-27T12:36:06.945+0000] {dag.py:3834} INFO - Setting next_dagrun for kaldata_scraper to 2026-05-27 00:00:00+00:00, run_after=2026-05-28 00:00:00+00:00
[2026-05-27T12:36:07.545+0000] {processor.py:183} INFO - Processing /opt/airflow/dags/kaldata_dag.py took 0.968 seconds
[2026-05-27T12:36:39.953+0000] {processor.py:161} INFO - Started process (PID=4535) to work on /opt/airflow/dags/kaldata_dag.py
[2026-05-27T12:36:40.009+0000] {processor.py:830} INFO - Processing file /opt/airflow/dags/kaldata_dag.py for tasks to queue
[2026-05-27T12:36:40.072+0000] {logging_mixin.py:188} INFO - [2026-05-27T12:36:40.065+0000] {dagbag.py:540} INFO - Filling up the DagBag from /opt/airflow/dags/kaldata_dag.py
[2026-05-27T12:36:42.101+0000] {processor.py:840} INFO - DAG(s) 'kaldata_scraper' retrieved from /opt/airflow/dags/kaldata_dag.py
[2026-05-27T12:36:42.233+0000] {logging_mixin.py:188} INFO - [2026-05-27T12:36:42.232+0000] {dag.py:3047} INFO - Sync 1 DAGs
[2026-05-27T12:36:42.351+0000] {logging_mixin.py:188} INFO - [2026-05-27T12:36:42.349+0000] {dag.py:3834} INFO - Setting next_dagrun for kaldata_scraper to 2026-05-27 00:00:00+00:00, run_after=2026-05-28 00:00:00+00:00
[2026-05-27T12:36:42.482+0000] {processor.py:183} INFO - Processing /opt/airflow/dags/kaldata_dag.py took 2.563 seconds
[2026-05-27T12:37:13.708+0000] {processor.py:161} INFO - Started process (PID=4567) to work on /opt/airflow/dags/kaldata_dag.py
[2026-05-27T12:37:13.712+0000] {processor.py:830} INFO - Processing file /opt/airflow/dags/kaldata_dag.py for tasks to queue
[2026-05-27T12:37:13.723+0000] {logging_mixin.py:188} INFO - [2026-05-27T12:37:13.715+0000] {dagbag.py:540} INFO - Filling up the DagBag from /opt/airflow/dags/kaldata_dag.py
[2026-05-27T12:37:13.842+0000] {processor.py:840} INFO - DAG(s) 'kaldata_scraper' retrieved from /opt/airflow/dags/kaldata_dag.py
[2026-05-27T12:37:13.968+0000] {logging_mixin.py:188} INFO - [2026-05-27T12:37:13.968+0000] {dag.py:3047} INFO - Sync 1 DAGs
[2026-05-27T12:37:14.080+0000] {logging_mixin.py:188} INFO - [2026-05-27T12:37:14.080+0000] {dag.py:3834} INFO - Setting next_dagrun for kaldata_scraper to 2026-05-27 00:00:00+00:00, run_after=2026-05-28 00:00:00+00:00
[2026-05-27T12:37:14.202+0000] {processor.py:183} INFO - Processing /opt/airflow/dags/kaldata_dag.py took 0.514 seconds
[2026-05-27T12:37:48.770+0000] {processor.py:161} INFO - Started process (PID=4595) to work on /opt/airflow/dags/kaldata_dag.py
[2026-05-27T12:37:48.854+0000] {processor.py:830} INFO - Processing file /opt/airflow/dags/kaldata_dag.py for tasks to queue
[2026-05-27T12:37:48.951+0000] {logging_mixin.py:188} INFO - [2026-05-27T12:37:48.950+0000] {dagbag.py:540} INFO - Filling up the DagBag from /opt/airflow/dags/kaldata_dag.py
[2026-05-27T12:37:50.219+0000] {processor.py:840} INFO - DAG(s) 'kaldata_scraper' retrieved from /opt/airflow/dags/kaldata_dag.py
[2026-05-27T12:37:50.607+0000] {logging_mixin.py:188} INFO - [2026-05-27T12:37:50.606+0000] {dag.py:3047} INFO - Sync 1 DAGs
[2026-05-27T12:37:50.943+0000] {logging_mixin.py:188} INFO - [2026-05-27T12:37:50.942+0000] {dag.py:3834} INFO - Setting next_dagrun for kaldata_scraper to 2026-05-27 00:00:00+00:00, run_after=2026-05-28 00:00:00+00:00
[2026-05-27T12:37:51.371+0000] {processor.py:183} INFO - Processing /opt/airflow/dags/kaldata_dag.py took 2.639 seconds
[2026-05-27T12:38:23.065+0000] {processor.py:161} INFO - Started process (PID=4625) to work on /opt/airflow/dags/kaldata_dag.py
[2026-05-27T12:38:23.097+0000] {processor.py:830} INFO - Processing file /opt/airflow/dags/kaldata_dag.py for tasks to queue
[2026-05-27T12:38:23.117+0000] {logging_mixin.py:188} INFO - [2026-05-27T12:38:23.109+0000] {dagbag.py:540} INFO - Filling up the DagBag from /opt/airflow/dags/kaldata_dag.py
[2026-05-27T12:38:24.198+0000] {processor.py:840} INFO - DAG(s) 'kaldata_scraper' retrieved from /opt/airflow/dags/kaldata_dag.py
[2026-05-27T12:38:24.410+0000] {logging_mixin.py:188} INFO - [2026-05-27T12:38:24.410+0000] {dag.py:3047} INFO - Sync 1 DAGs
[2026-05-27T12:38:24.735+0000] {logging_mixin.py:188} INFO - [2026-05-27T12:38:24.735+0000] {dag.py:3834} INFO - Setting next_dagrun for kaldata_scraper to 2026-05-27 00:00:00+00:00, run_after=2026-05-28 00:00:00+00:00
[2026-05-27T12:38:25.113+0000] {processor.py:183} INFO - Processing /opt/airflow/dags/kaldata_dag.py took 2.082 seconds
[2026-05-27T12:38:59.122+0000] {processor.py:161} INFO - Started process (PID=4655) to work on /opt/airflow/dags/kaldata_dag.py
[2026-05-27T12:38:59.176+0000] {processor.py:830} INFO - Processing file /opt/airflow/dags/kaldata_dag.py for tasks to queue
[2026-05-27T12:38:59.207+0000] {logging_mixin.py:188} INFO - [2026-05-27T12:38:59.206+0000] {dagbag.py:540} INFO - Filling up the DagBag from /opt/airflow/dags/kaldata_dag.py
[2026-05-27T12:39:02.823+0000] {processor.py:840} INFO - DAG(s) 'kaldata_scraper' retrieved from /opt/airflow/dags/kaldata_dag.py
[2026-05-27T12:39:03.627+0000] {logging_mixin.py:188} INFO - [2026-05-27T12:39:03.626+0000] {dag.py:3047} INFO - Sync 1 DAGs
[2026-05-27T12:39:04.287+0000] {logging_mixin.py:188} INFO - [2026-05-27T12:39:04.271+0000] {dag.py:3834} INFO - Setting next_dagrun for kaldata_scraper to 2026-05-27 00:00:00+00:00, run_after=2026-05-28 00:00:00+00:00
[2026-05-27T12:39:04.770+0000] {processor.py:183} INFO - Processing /opt/airflow/dags/kaldata_dag.py took 5.675 seconds
[2026-05-27T12:39:35.981+0000] {processor.py:161} INFO - Started process (PID=4685) to work on /opt/airflow/dags/kaldata_dag.py
[2026-05-27T12:39:35.985+0000] {processor.py:830} INFO - Processing file /opt/airflow/dags/kaldata_dag.py for tasks to queue
[2026-05-27T12:39:36.020+0000] {logging_mixin.py:188} INFO - [2026-05-27T12:39:35.988+0000] {dagbag.py:540} INFO - Filling up the DagBag from /opt/airflow/dags/kaldata_dag.py
[2026-05-27T12:39:36.216+0000] {processor.py:840} INFO - DAG(s) 'kaldata_scraper' retrieved from /opt/airflow/dags/kaldata_dag.py
[2026-05-27T12:39:36.491+0000] {logging_mixin.py:188} INFO - [2026-05-27T12:39:36.490+0000] {dag.py:3047} INFO - Sync 1 DAGs
[2026-05-27T12:39:36.784+0000] {logging_mixin.py:188} INFO - [2026-05-27T12:39:36.783+0000] {dag.py:3834} INFO - Setting next_dagrun for kaldata_scraper to 2026-05-27 00:00:00+00:00, run_after=2026-05-28 00:00:00+00:00
[2026-05-27T12:39:37.210+0000] {processor.py:183} INFO - Processing /opt/airflow/dags/kaldata_dag.py took 1.264 seconds
[2026-05-27T12:40:13.228+0000] {processor.py:161} INFO - Started process (PID=4715) to work on /opt/airflow/dags/kaldata_dag.py
[2026-05-27T12:40:13.247+0000] {processor.py:830} INFO - Processing file /opt/airflow/dags/kaldata_dag.py for tasks to queue
[2026-05-27T12:40:13.308+0000] {logging_mixin.py:188} INFO - [2026-05-27T12:40:13.307+0000] {dagbag.py:540} INFO - Filling up the DagBag from /opt/airflow/dags/kaldata_dag.py
[2026-05-27T12:40:14.338+0000] {processor.py:840} INFO - DAG(s) 'kaldata_scraper' retrieved from /opt/airflow/dags/kaldata_dag.py
[2026-05-27T12:40:14.533+0000] {logging_mixin.py:188} INFO - [2026-05-27T12:40:14.532+0000] {dag.py:3047} INFO - Sync 1 DAGs
[2026-05-27T12:40:14.923+0000] {logging_mixin.py:188} INFO - [2026-05-27T12:40:14.922+0000] {dag.py:3834} INFO - Setting next_dagrun for kaldata_scraper to 2026-05-27 00:00:00+00:00, run_after=2026-05-28 00:00:00+00:00
[2026-05-27T12:40:15.390+0000] {processor.py:183} INFO - Processing /opt/airflow/dags/kaldata_dag.py took 2.171 seconds
[2026-05-27T12:40:47.991+0000] {processor.py:161} INFO - Started process (PID=4742) to work on /opt/airflow/dags/kaldata_dag.py
[2026-05-27T12:40:48.012+0000] {processor.py:830} INFO - Processing file /opt/airflow/dags/kaldata_dag.py for tasks to queue
[2026-05-27T12:40:48.061+0000] {logging_mixin.py:188} INFO - [2026-05-27T12:40:48.060+0000] {dagbag.py:540} INFO - Filling up the DagBag from /opt/airflow/dags/kaldata_dag.py
[2026-05-27T12:40:48.568+0000] {processor.py:840} INFO - DAG(s) 'kaldata_scraper' retrieved from /opt/airflow/dags/kaldata_dag.py
[2026-05-27T12:40:48.814+0000] {logging_mixin.py:188} INFO - [2026-05-27T12:40:48.804+0000] {dag.py:3047} INFO - Sync 1 DAGs
[2026-05-27T12:40:49.136+0000] {logging_mixin.py:188} INFO - [2026-05-27T12:40:49.124+0000] {dag.py:3834} INFO - Setting next_dagrun for kaldata_scraper to 2026-05-27 00:00:00+00:00, run_after=2026-05-28 00:00:00+00:00
[2026-05-27T12:40:49.595+0000] {processor.py:183} INFO - Processing /opt/airflow/dags/kaldata_dag.py took 1.637 seconds
[2026-05-27T12:41:27.050+0000] {processor.py:161} INFO - Started process (PID=4775) to work on /opt/airflow/dags/kaldata_dag.py
[2026-05-27T12:41:27.088+0000] {processor.py:830} INFO - Processing file /opt/airflow/dags/kaldata_dag.py for tasks to queue
[2026-05-27T12:41:27.106+0000] {logging_mixin.py:188} INFO - [2026-05-27T12:41:27.105+0000] {dagbag.py:540} INFO - Filling up the DagBag from /opt/airflow/dags/kaldata_dag.py
[2026-05-27T12:41:27.408+0000] {processor.py:840} INFO - DAG(s) 'kaldata_scraper' retrieved from /opt/airflow/dags/kaldata_dag.py
[2026-05-27T12:41:27.640+0000] {logging_mixin.py:188} INFO - [2026-05-27T12:41:27.640+0000] {dag.py:3047} INFO - Sync 1 DAGs
[2026-05-27T12:41:27.913+0000] {logging_mixin.py:188} INFO - [2026-05-27T12:41:27.912+0000] {dag.py:3834} INFO - Setting next_dagrun for kaldata_scraper to 2026-05-27 00:00:00+00:00, run_after=2026-05-28 00:00:00+00:00
[2026-05-27T12:41:28.141+0000] {processor.py:183} INFO - Processing /opt/airflow/dags/kaldata_dag.py took 1.112 seconds
[2026-05-27T12:42:02.319+0000] {processor.py:161} INFO - Started process (PID=4805) to work on /opt/airflow/dags/kaldata_dag.py
[2026-05-27T12:42:02.332+0000] {processor.py:830} INFO - Processing file /opt/airflow/dags/kaldata_dag.py for tasks to queue
[2026-05-27T12:42:02.337+0000] {logging_mixin.py:188} INFO - [2026-05-27T12:42:02.336+0000] {dagbag.py:540} INFO - Filling up the DagBag from /opt/airflow/dags/kaldata_dag.py
[2026-05-27T12:42:02.431+0000] {processor.py:840} INFO - DAG(s) 'kaldata_scraper' retrieved from /opt/airflow/dags/kaldata_dag.py
[2026-05-27T12:42:02.539+0000] {logging_mixin.py:188} INFO - [2026-05-27T12:42:02.539+0000] {dag.py:3047} INFO - Sync 1 DAGs
[2026-05-27T12:42:02.662+0000] {logging_mixin.py:188} INFO - [2026-05-27T12:42:02.660+0000] {dag.py:3834} INFO - Setting next_dagrun for kaldata_scraper to 2026-05-27 00:00:00+00:00, run_after=2026-05-28 00:00:00+00:00
[2026-05-27T12:42:02.811+0000] {processor.py:183} INFO - Processing /opt/airflow/dags/kaldata_dag.py took 0.517 seconds
[2026-05-27T12:42:35.266+0000] {processor.py:161} INFO - Started process (PID=4835) to work on /opt/airflow/dags/kaldata_dag.py
[2026-05-27T12:42:35.270+0000] {processor.py:830} INFO - Processing file /opt/airflow/dags/kaldata_dag.py for tasks to queue
[2026-05-27T12:42:35.275+0000] {logging_mixin.py:188} INFO - [2026-05-27T12:42:35.273+0000] {dagbag.py:540} INFO - Filling up the DagBag from /opt/airflow/dags/kaldata_dag.py
[2026-05-27T12:42:35.376+0000] {processor.py:840} INFO - DAG(s) 'kaldata_scraper' retrieved from /opt/airflow/dags/kaldata_dag.py
[2026-05-27T12:42:35.505+0000] {logging_mixin.py:188} INFO - [2026-05-27T12:42:35.504+0000] {dag.py:3047} INFO - Sync 1 DAGs
[2026-05-27T12:42:35.690+0000] {logging_mixin.py:188} INFO - [2026-05-27T12:42:35.689+0000] {dag.py:3834} INFO - Setting next_dagrun for kaldata_scraper to 2026-05-27 00:00:00+00:00, run_after=2026-05-28 00:00:00+00:00
[2026-05-27T12:42:35.831+0000] {processor.py:183} INFO - Processing /opt/airflow/dags/kaldata_dag.py took 0.578 seconds
[2026-05-27T12:43:06.208+0000] {processor.py:161} INFO - Started process (PID=4867) to work on /opt/airflow/dags/kaldata_dag.py
[2026-05-27T12:43:06.211+0000] {processor.py:830} INFO - Processing file /opt/airflow/dags/kaldata_dag.py for tasks to queue
[2026-05-27T12:43:06.214+0000] {logging_mixin.py:188} INFO - [2026-05-27T12:43:06.213+0000] {dagbag.py:540} INFO - Filling up the DagBag from /opt/airflow/dags/kaldata_dag.py
[2026-05-27T12:43:06.310+0000] {processor.py:840} INFO - DAG(s) 'kaldata_scraper' retrieved from /opt/airflow/dags/kaldata_dag.py
[2026-05-27T12:43:06.502+0000] {logging_mixin.py:188} INFO - [2026-05-27T12:43:06.501+0000] {dag.py:3047} INFO - Sync 1 DAGs
[2026-05-27T12:43:06.757+0000] {logging_mixin.py:188} INFO - [2026-05-27T12:43:06.757+0000] {dag.py:3834} INFO - Setting next_dagrun for kaldata_scraper to 2026-05-27 00:00:00+00:00, run_after=2026-05-28 00:00:00+00:00
[2026-05-27T12:43:07.039+0000] {processor.py:183} INFO - Processing /opt/airflow/dags/kaldata_dag.py took 0.842 seconds
[2026-05-27T12:43:38.138+0000] {processor.py:161} INFO - Started process (PID=4897) to work on /opt/airflow/dags/kaldata_dag.py
[2026-05-27T12:43:38.143+0000] {processor.py:830} INFO - Processing file /opt/airflow/dags/kaldata_dag.py for tasks to queue
[2026-05-27T12:43:38.148+0000] {logging_mixin.py:188} INFO - [2026-05-27T12:43:38.147+0000] {dagbag.py:540} INFO - Filling up the DagBag from /opt/airflow/dags/kaldata_dag.py
[2026-05-27T12:43:38.214+0000] {processor.py:840} INFO - DAG(s) 'kaldata_scraper' retrieved from /opt/airflow/dags/kaldata_dag.py
[2026-05-27T12:43:38.330+0000] {logging_mixin.py:188} INFO - [2026-05-27T12:43:38.329+0000] {dag.py:3047} INFO - Sync 1 DAGs
[2026-05-27T12:43:38.404+0000] {logging_mixin.py:188} INFO - [2026-05-27T12:43:38.403+0000] {dag.py:3834} INFO - Setting next_dagrun for kaldata_scraper to 2026-05-27 00:00:00+00:00, run_after=2026-05-28 00:00:00+00:00
[2026-05-27T12:43:38.474+0000] {processor.py:183} INFO - Processing /opt/airflow/dags/kaldata_dag.py took 0.356 seconds
[2026-05-27T12:44:09.427+0000] {processor.py:161} INFO - Started process (PID=4927) to work on /opt/airflow/dags/kaldata_dag.py
[2026-05-27T12:44:09.440+0000] {processor.py:830} INFO - Processing file /opt/airflow/dags/kaldata_dag.py for tasks to queue
[2026-05-27T12:44:09.444+0000] {logging_mixin.py:188} INFO - [2026-05-27T12:44:09.443+0000] {dagbag.py:540} INFO - Filling up the DagBag from /opt/airflow/dags/kaldata_dag.py
[2026-05-27T12:44:09.520+0000] {processor.py:840} INFO - DAG(s) 'kaldata_scraper' retrieved from /opt/airflow/dags/kaldata_dag.py
[2026-05-27T12:44:09.609+0000] {logging_mixin.py:188} INFO - [2026-05-27T12:44:09.608+0000] {dag.py:3047} INFO - Sync 1 DAGs
[2026-05-27T12:44:09.678+0000] {logging_mixin.py:188} INFO - [2026-05-27T12:44:09.677+0000] {dag.py:3834} INFO - Setting next_dagrun for kaldata_scraper to 2026-05-27 00:00:00+00:00, run_after=2026-05-28 00:00:00+00:00
[2026-05-27T12:44:09.730+0000] {processor.py:183} INFO - Processing /opt/airflow/dags/kaldata_dag.py took 0.316 seconds
[2026-05-27T12:44:41.173+0000] {processor.py:161} INFO - Started process (PID=4957) to work on /opt/airflow/dags/kaldata_dag.py
[2026-05-27T12:44:41.195+0000] {processor.py:830} INFO - Processing file /opt/airflow/dags/kaldata_dag.py for tasks to queue
[2026-05-27T12:44:41.208+0000] {logging_mixin.py:188} INFO - [2026-05-27T12:44:41.207+0000] {dagbag.py:540} INFO - Filling up the DagBag from /opt/airflow/dags/kaldata_dag.py
[2026-05-27T12:44:41.277+0000] {processor.py:840} INFO - DAG(s) 'kaldata_scraper' retrieved from /opt/airflow/dags/kaldata_dag.py
[2026-05-27T12:44:41.400+0000] {logging_mixin.py:188} INFO - [2026-05-27T12:44:41.397+0000] {dag.py:3047} INFO - Sync 1 DAGs
[2026-05-27T12:44:41.530+0000] {logging_mixin.py:188} INFO - [2026-05-27T12:44:41.529+0000] {dag.py:3834} INFO - Setting next_dagrun for kaldata_scraper to 2026-05-27 00:00:00+00:00, run_after=2026-05-28 00:00:00+00:00
[2026-05-27T12:44:41.641+0000] {processor.py:183} INFO - Processing /opt/airflow/dags/kaldata_dag.py took 0.486 seconds
[2026-05-27T12:45:12.395+0000] {processor.py:161} INFO - Started process (PID=4987) to work on /opt/airflow/dags/kaldata_dag.py
[2026-05-27T12:45:12.418+0000] {processor.py:830} INFO - Processing file /opt/airflow/dags/kaldata_dag.py for tasks to queue
[2026-05-27T12:45:12.427+0000] {logging_mixin.py:188} INFO - [2026-05-27T12:45:12.426+0000] {dagbag.py:540} INFO - Filling up the DagBag from /opt/airflow/dags/kaldata_dag.py
[2026-05-27T12:45:12.605+0000] {processor.py:840} INFO - DAG(s) 'kaldata_scraper' retrieved from /opt/airflow/dags/kaldata_dag.py
[2026-05-27T12:45:12.706+0000] {logging_mixin.py:188} INFO - [2026-05-27T12:45:12.704+0000] {dag.py:3047} INFO - Sync 1 DAGs
[2026-05-27T12:45:12.773+0000] {logging_mixin.py:188} INFO - [2026-05-27T12:45:12.773+0000] {dag.py:3834} INFO - Setting next_dagrun for kaldata_scraper to 2026-05-27 00:00:00+00:00, run_after=2026-05-28 00:00:00+00:00
[2026-05-27T12:45:12.827+0000] {processor.py:183} INFO - Processing /opt/airflow/dags/kaldata_dag.py took 0.448 seconds
[2026-05-27T12:45:43.890+0000] {processor.py:161} INFO - Started process (PID=5017) to work on /opt/airflow/dags/kaldata_dag.py
[2026-05-27T12:45:43.894+0000] {processor.py:830} INFO - Processing file /opt/airflow/dags/kaldata_dag.py for tasks to queue
[2026-05-27T12:45:43.896+0000] {logging_mixin.py:188} INFO - [2026-05-27T12:45:43.896+0000] {dagbag.py:540} INFO - Filling up the DagBag from /opt/airflow/dags/kaldata_dag.py
[2026-05-27T12:45:43.989+0000] {processor.py:840} INFO - DAG(s) 'kaldata_scraper' retrieved from /opt/airflow/dags/kaldata_dag.py
[2026-05-27T12:45:44.079+0000] {logging_mixin.py:188} INFO - [2026-05-27T12:45:44.079+0000] {dag.py:3047} INFO - Sync 1 DAGs
[2026-05-27T12:45:44.159+0000] {logging_mixin.py:188} INFO - [2026-05-27T12:45:44.159+0000] {dag.py:3834} INFO - Setting next_dagrun for kaldata_scraper to 2026-05-27 00:00:00+00:00, run_after=2026-05-28 00:00:00+00:00
[2026-05-27T12:45:44.283+0000] {processor.py:183} INFO - Processing /opt/airflow/dags/kaldata_dag.py took 0.412 seconds
[2026-05-27T12:46:15.000+0000] {processor.py:161} INFO - Started process (PID=5047) to work on /opt/airflow/dags/kaldata_dag.py
[2026-05-27T12:46:15.004+0000] {processor.py:830} INFO - Processing file /opt/airflow/dags/kaldata_dag.py for tasks to queue
[2026-05-27T12:46:15.007+0000] {logging_mixin.py:188} INFO - [2026-05-27T12:46:15.006+0000] {dagbag.py:540} INFO - Filling up the DagBag from /opt/airflow/dags/kaldata_dag.py
[2026-05-27T12:46:15.066+0000] {processor.py:840} INFO - DAG(s) 'kaldata_scraper' retrieved from /opt/airflow/dags/kaldata_dag.py
[2026-05-27T12:46:15.145+0000] {logging_mixin.py:188} INFO - [2026-05-27T12:46:15.145+0000] {dag.py:3047} INFO - Sync 1 DAGs
[2026-05-27T12:46:15.233+0000] {logging_mixin.py:188} INFO - [2026-05-27T12:46:15.231+0000] {dag.py:3834} INFO - Setting next_dagrun for kaldata_scraper to 2026-05-27 00:00:00+00:00, run_after=2026-05-28 00:00:00+00:00
[2026-05-27T12:46:15.311+0000] {processor.py:183} INFO - Processing /opt/airflow/dags/kaldata_dag.py took 0.322 seconds
[2026-05-27T12:46:55.237+0000] {processor.py:161} INFO - Started process (PID=5077) to work on /opt/airflow/dags/kaldata_dag.py
[2026-05-27T12:46:55.248+0000] {processor.py:830} INFO - Processing file /opt/airflow/dags/kaldata_dag.py for tasks to queue
[2026-05-27T12:46:55.279+0000] {logging_mixin.py:188} INFO - [2026-05-27T12:46:55.277+0000] {dagbag.py:540} INFO - Filling up the DagBag from /opt/airflow/dags/kaldata_dag.py
[2026-05-27T12:46:56.417+0000] {processor.py:840} INFO - DAG(s) 'kaldata_scraper' retrieved from /opt/airflow/dags/kaldata_dag.py
[2026-05-27T12:46:56.772+0000] {logging_mixin.py:188} INFO - [2026-05-27T12:46:56.772+0000] {dag.py:3047} INFO - Sync 1 DAGs
[2026-05-27T12:46:57.431+0000] {logging_mixin.py:188} INFO - [2026-05-27T12:46:57.418+0000] {dag.py:3834} INFO - Setting next_dagrun for kaldata_scraper to 2026-05-27 00:00:00+00:00, run_after=2026-05-28 00:00:00+00:00
[2026-05-27T12:46:58.537+0000] {processor.py:183} INFO - Processing /opt/airflow/dags/kaldata_dag.py took 3.319 seconds
[2026-05-27T12:47:29.841+0000] {processor.py:161} INFO - Started process (PID=5107) to work on /opt/airflow/dags/kaldata_dag.py
[2026-05-27T12:47:29.850+0000] {processor.py:830} INFO - Processing file /opt/airflow/dags/kaldata_dag.py for tasks to queue
[2026-05-27T12:47:29.863+0000] {logging_mixin.py:188} INFO - [2026-05-27T12:47:29.854+0000] {dagbag.py:540} INFO - Filling up the DagBag from /opt/airflow/dags/kaldata_dag.py
[2026-05-27T12:47:30.118+0000] {processor.py:840} INFO - DAG(s) 'kaldata_scraper' retrieved from /opt/airflow/dags/kaldata_dag.py
[2026-05-27T12:47:30.398+0000] {logging_mixin.py:188} INFO - [2026-05-27T12:47:30.386+0000] {dag.py:3047} INFO - Sync 1 DAGs
[2026-05-27T12:47:30.628+0000] {logging_mixin.py:188} INFO - [2026-05-27T12:47:30.627+0000] {dag.py:3834} INFO - Setting next_dagrun for kaldata_scraper to 2026-05-27 00:00:00+00:00, run_after=2026-05-28 00:00:00+00:00
[2026-05-27T12:47:31.009+0000] {processor.py:183} INFO - Processing /opt/airflow/dags/kaldata_dag.py took 1.204 seconds
[2026-05-27T12:48:04.275+0000] {processor.py:161} INFO - Started process (PID=5137) to work on /opt/airflow/dags/kaldata_dag.py
[2026-05-27T12:48:04.291+0000] {processor.py:830} INFO - Processing file /opt/airflow/dags/kaldata_dag.py for tasks to queue
[2026-05-27T12:48:04.310+0000] {logging_mixin.py:188} INFO - [2026-05-27T12:48:04.309+0000] {dagbag.py:540} INFO - Filling up the DagBag from /opt/airflow/dags/kaldata_dag.py
[2026-05-27T12:48:05.750+0000] {processor.py:840} INFO - DAG(s) 'kaldata_scraper' retrieved from /opt/airflow/dags/kaldata_dag.py
[2026-05-27T12:48:06.191+0000] {logging_mixin.py:188} INFO - [2026-05-27T12:48:06.190+0000] {dag.py:3047} INFO - Sync 1 DAGs
[2026-05-27T12:48:06.578+0000] {logging_mixin.py:188} INFO - [2026-05-27T12:48:06.578+0000] {dag.py:3834} INFO - Setting next_dagrun for kaldata_scraper to 2026-05-27 00:00:00+00:00, run_after=2026-05-28 00:00:00+00:00
[2026-05-27T12:48:07.040+0000] {processor.py:183} INFO - Processing /opt/airflow/dags/kaldata_dag.py took 2.785 seconds
[2026-05-27T12:48:38.598+0000] {processor.py:161} INFO - Started process (PID=5167) to work on /opt/airflow/dags/kaldata_dag.py
[2026-05-27T12:48:38.623+0000] {processor.py:830} INFO - Processing file /opt/airflow/dags/kaldata_dag.py for tasks to queue
[2026-05-27T12:48:38.631+0000] {logging_mixin.py:188} INFO - [2026-05-27T12:48:38.630+0000] {dagbag.py:540} INFO - Filling up the DagBag from /opt/airflow/dags/kaldata_dag.py
[2026-05-27T12:48:39.133+0000] {processor.py:840} INFO - DAG(s) 'kaldata_scraper' retrieved from /opt/airflow/dags/kaldata_dag.py
[2026-05-27T12:48:39.581+0000] {logging_mixin.py:188} INFO - [2026-05-27T12:48:39.568+0000] {dag.py:3047} INFO - Sync 1 DAGs
[2026-05-27T12:48:40.013+0000] {logging_mixin.py:188} INFO - [2026-05-27T12:48:40.012+0000] {dag.py:3834} INFO - Setting next_dagrun for kaldata_scraper to 2026-05-27 00:00:00+00:00, run_after=2026-05-28 00:00:00+00:00
[2026-05-27T12:48:40.537+0000] {processor.py:183} INFO - Processing /opt/airflow/dags/kaldata_dag.py took 1.954 seconds
[2026-05-27T12:49:12.899+0000] {processor.py:161} INFO - Started process (PID=5197) to work on /opt/airflow/dags/kaldata_dag.py
[2026-05-27T12:49:12.902+0000] {processor.py:830} INFO - Processing file /opt/airflow/dags/kaldata_dag.py for tasks to queue
[2026-05-27T12:49:12.905+0000] {logging_mixin.py:188} INFO - [2026-05-27T12:49:12.904+0000] {dagbag.py:540} INFO - Filling up the DagBag from /opt/airflow/dags/kaldata_dag.py
[2026-05-27T12:49:12.990+0000] {processor.py:840} INFO - DAG(s) 'kaldata_scraper' retrieved from /opt/airflow/dags/kaldata_dag.py
[2026-05-27T12:49:13.076+0000] {logging_mixin.py:188} INFO - [2026-05-27T12:49:13.076+0000] {dag.py:3047} INFO - Sync 1 DAGs
[2026-05-27T12:49:13.157+0000] {logging_mixin.py:188} INFO - [2026-05-27T12:49:13.157+0000] {dag.py:3834} INFO - Setting next_dagrun for kaldata_scraper to 2026-05-27 00:00:00+00:00, run_after=2026-05-28 00:00:00+00:00
[2026-05-27T12:49:13.274+0000] {processor.py:183} INFO - Processing /opt/airflow/dags/kaldata_dag.py took 0.388 seconds
[2026-05-27T12:49:44.085+0000] {processor.py:161} INFO - Started process (PID=5227) to work on /opt/airflow/dags/kaldata_dag.py
[2026-05-27T12:49:44.090+0000] {processor.py:830} INFO - Processing file /opt/airflow/dags/kaldata_dag.py for tasks to queue
[2026-05-27T12:49:44.102+0000] {logging_mixin.py:188} INFO - [2026-05-27T12:49:44.101+0000] {dagbag.py:540} INFO - Filling up the DagBag from /opt/airflow/dags/kaldata_dag.py
[2026-05-27T12:49:44.221+0000] {processor.py:840} INFO - DAG(s) 'kaldata_scraper' retrieved from /opt/airflow/dags/kaldata_dag.py
[2026-05-27T12:49:44.309+0000] {logging_mixin.py:188} INFO - [2026-05-27T12:49:44.307+0000] {dag.py:3047} INFO - Sync 1 DAGs
[2026-05-27T12:49:44.413+0000] {logging_mixin.py:188} INFO - [2026-05-27T12:49:44.412+0000] {dag.py:3834} INFO - Setting next_dagrun for kaldata_scraper to 2026-05-27 00:00:00+00:00, run_after=2026-05-28 00:00:00+00:00
[2026-05-27T12:49:44.522+0000] {processor.py:183} INFO - Processing /opt/airflow/dags/kaldata_dag.py took 0.464 seconds
[2026-05-27T12:50:17.146+0000] {processor.py:161} INFO - Started process (PID=5257) to work on /opt/airflow/dags/kaldata_dag.py
[2026-05-27T12:50:17.153+0000] {processor.py:830} INFO - Processing file /opt/airflow/dags/kaldata_dag.py for tasks to queue
[2026-05-27T12:50:17.176+0000] {logging_mixin.py:188} INFO - [2026-05-27T12:50:17.164+0000] {dagbag.py:540} INFO - Filling up the DagBag from /opt/airflow/dags/kaldata_dag.py
[2026-05-27T12:50:17.410+0000] {processor.py:840} INFO - DAG(s) 'kaldata_scraper' retrieved from /opt/airflow/dags/kaldata_dag.py
[2026-05-27T12:50:17.663+0000] {logging_mixin.py:188} INFO - [2026-05-27T12:50:17.661+0000] {dag.py:3047} INFO - Sync 1 DAGs
[2026-05-27T12:50:17.915+0000] {logging_mixin.py:188} INFO - [2026-05-27T12:50:17.914+0000] {dag.py:3834} INFO - Setting next_dagrun for kaldata_scraper to 2026-05-27 00:00:00+00:00, run_after=2026-05-28 00:00:00+00:00
[2026-05-27T12:50:18.162+0000] {processor.py:183} INFO - Processing /opt/airflow/dags/kaldata_dag.py took 1.051 seconds
[2026-05-27T12:50:49.557+0000] {processor.py:161} INFO - Started process (PID=5287) to work on /opt/airflow/dags/kaldata_dag.py
[2026-05-27T12:50:49.570+0000] {processor.py:830} INFO - Processing file /opt/airflow/dags/kaldata_dag.py for tasks to queue
[2026-05-27T12:50:49.586+0000] {logging_mixin.py:188} INFO - [2026-05-27T12:50:49.585+0000] {dagbag.py:540} INFO - Filling up the DagBag from /opt/airflow/dags/kaldata_dag.py
[2026-05-27T12:50:51.316+0000] {processor.py:840} INFO - DAG(s) 'kaldata_scraper' retrieved from /opt/airflow/dags/kaldata_dag.py
[2026-05-27T12:50:51.511+0000] {logging_mixin.py:188} INFO - [2026-05-27T12:50:51.511+0000] {dag.py:3047} INFO - Sync 1 DAGs
[2026-05-27T12:50:51.738+0000] {logging_mixin.py:188} INFO - [2026-05-27T12:50:51.737+0000] {dag.py:3834} INFO - Setting next_dagrun for kaldata_scraper to 2026-05-27 00:00:00+00:00, run_after=2026-05-28 00:00:00+00:00
[2026-05-27T12:50:52.077+0000] {processor.py:183} INFO - Processing /opt/airflow/dags/kaldata_dag.py took 2.528 seconds
[2026-05-27T12:51:23.083+0000] {processor.py:161} INFO - Started process (PID=5317) to work on /opt/airflow/dags/kaldata_dag.py
[2026-05-27T12:51:23.095+0000] {processor.py:830} INFO - Processing file /opt/airflow/dags/kaldata_dag.py for tasks to queue
[2026-05-27T12:51:23.098+0000] {logging_mixin.py:188} INFO - [2026-05-27T12:51:23.097+0000] {dagbag.py:540} INFO - Filling up the DagBag from /opt/airflow/dags/kaldata_dag.py
[2026-05-27T12:51:23.183+0000] {processor.py:840} INFO - DAG(s) 'kaldata_scraper' retrieved from /opt/airflow/dags/kaldata_dag.py
[2026-05-27T12:51:23.273+0000] {logging_mixin.py:188} INFO - [2026-05-27T12:51:23.273+0000] {dag.py:3047} INFO - Sync 1 DAGs
[2026-05-27T12:51:23.365+0000] {logging_mixin.py:188} INFO - [2026-05-27T12:51:23.364+0000] {dag.py:3834} INFO - Setting next_dagrun for kaldata_scraper to 2026-05-27 00:00:00+00:00, run_after=2026-05-28 00:00:00+00:00
[2026-05-27T12:51:23.467+0000] {processor.py:183} INFO - Processing /opt/airflow/dags/kaldata_dag.py took 0.417 seconds
[2026-05-27T12:51:54.854+0000] {processor.py:161} INFO - Started process (PID=5347) to work on /opt/airflow/dags/kaldata_dag.py
[2026-05-27T12:51:54.858+0000] {processor.py:830} INFO - Processing file /opt/airflow/dags/kaldata_dag.py for tasks to queue
[2026-05-27T12:51:54.870+0000] {logging_mixin.py:188} INFO - [2026-05-27T12:51:54.869+0000] {dagbag.py:540} INFO - Filling up the DagBag from /opt/airflow/dags/kaldata_dag.py
[2026-05-27T12:51:55.078+0000] {processor.py:840} INFO - DAG(s) 'kaldata_scraper' retrieved from /opt/airflow/dags/kaldata_dag.py
[2026-05-27T12:51:55.273+0000] {logging_mixin.py:188} INFO - [2026-05-27T12:51:55.272+0000] {dag.py:3047} INFO - Sync 1 DAGs
[2026-05-27T12:51:55.481+0000] {logging_mixin.py:188} INFO - [2026-05-27T12:51:55.481+0000] {dag.py:3834} INFO - Setting next_dagrun for kaldata_scraper to 2026-05-27 00:00:00+00:00, run_after=2026-05-28 00:00:00+00:00
[2026-05-27T12:51:55.714+0000] {processor.py:183} INFO - Processing /opt/airflow/dags/kaldata_dag.py took 0.880 seconds
[2026-05-27T12:52:28.217+0000] {processor.py:161} INFO - Started process (PID=5377) to work on /opt/airflow/dags/kaldata_dag.py
[2026-05-27T12:52:28.225+0000] {processor.py:830} INFO - Processing file /opt/airflow/dags/kaldata_dag.py for tasks to queue
[2026-05-27T12:52:28.231+0000] {logging_mixin.py:188} INFO - [2026-05-27T12:52:28.230+0000] {dagbag.py:540} INFO - Filling up the DagBag from /opt/airflow/dags/kaldata_dag.py
[2026-05-27T12:52:28.293+0000] {processor.py:840} INFO - DAG(s) 'kaldata_scraper' retrieved from /opt/airflow/dags/kaldata_dag.py
[2026-05-27T12:52:28.374+0000] {logging_mixin.py:188} INFO - [2026-05-27T12:52:28.373+0000] {dag.py:3047} INFO - Sync 1 DAGs
[2026-05-27T12:52:28.443+0000] {logging_mixin.py:188} INFO - [2026-05-27T12:52:28.442+0000] {dag.py:3834} INFO - Setting next_dagrun for kaldata_scraper to 2026-05-27 00:00:00+00:00, run_after=2026-05-28 00:00:00+00:00
[2026-05-27T12:52:28.497+0000] {processor.py:183} INFO - Processing /opt/airflow/dags/kaldata_dag.py took 0.305 seconds
[2026-05-27T12:52:58.713+0000] {processor.py:161} INFO - Started process (PID=5407) to work on /opt/airflow/dags/kaldata_dag.py
[2026-05-27T12:52:58.717+0000] {processor.py:830} INFO - Processing file /opt/airflow/dags/kaldata_dag.py for tasks to queue
[2026-05-27T12:52:58.730+0000] {logging_mixin.py:188} INFO - [2026-05-27T12:52:58.721+0000] {dagbag.py:540} INFO - Filling up the DagBag from /opt/airflow/dags/kaldata_dag.py
[2026-05-27T12:52:58.864+0000] {processor.py:840} INFO - DAG(s) 'kaldata_scraper' retrieved from /opt/airflow/dags/kaldata_dag.py
[2026-05-27T12:52:59.041+0000] {logging_mixin.py:188} INFO - [2026-05-27T12:52:59.040+0000] {dag.py:3047} INFO - Sync 1 DAGs
[2026-05-27T12:52:59.396+0000] {logging_mixin.py:188} INFO - [2026-05-27T12:52:59.395+0000] {dag.py:3834} INFO - Setting next_dagrun for kaldata_scraper to 2026-05-27 00:00:00+00:00, run_after=2026-05-28 00:00:00+00:00
[2026-05-27T12:53:00.219+0000] {processor.py:183} INFO - Processing /opt/airflow/dags/kaldata_dag.py took 1.537 seconds
[2026-05-27T12:53:32.195+0000] {processor.py:161} INFO - Started process (PID=5437) to work on /opt/airflow/dags/kaldata_dag.py
[2026-05-27T12:53:32.213+0000] {processor.py:830} INFO - Processing file /opt/airflow/dags/kaldata_dag.py for tasks to queue
[2026-05-27T12:53:32.220+0000] {logging_mixin.py:188} INFO - [2026-05-27T12:53:32.219+0000] {dagbag.py:540} INFO - Filling up the DagBag from /opt/airflow/dags/kaldata_dag.py
[2026-05-27T12:53:32.578+0000] {processor.py:840} INFO - DAG(s) 'kaldata_scraper' retrieved from /opt/airflow/dags/kaldata_dag.py
[2026-05-27T12:53:33.299+0000] {logging_mixin.py:188} INFO - [2026-05-27T12:53:33.299+0000] {dag.py:3047} INFO - Sync 1 DAGs
[2026-05-27T12:53:33.832+0000] {logging_mixin.py:188} INFO - [2026-05-27T12:53:33.831+0000] {dag.py:3834} INFO - Setting next_dagrun for kaldata_scraper to 2026-05-27 00:00:00+00:00, run_after=2026-05-28 00:00:00+00:00
[2026-05-27T12:53:34.439+0000] {processor.py:183} INFO - Processing /opt/airflow/dags/kaldata_dag.py took 2.266 seconds
[2026-05-27T12:54:08.942+0000] {processor.py:161} INFO - Started process (PID=5467) to work on /opt/airflow/dags/kaldata_dag.py
[2026-05-27T12:54:09.080+0000] {processor.py:830} INFO - Processing file /opt/airflow/dags/kaldata_dag.py for tasks to queue
[2026-05-27T12:54:09.087+0000] {logging_mixin.py:188} INFO - [2026-05-27T12:54:09.086+0000] {dagbag.py:540} INFO - Filling up the DagBag from /opt/airflow/dags/kaldata_dag.py
[2026-05-27T12:54:09.315+0000] {processor.py:840} INFO - DAG(s) 'kaldata_scraper' retrieved from /opt/airflow/dags/kaldata_dag.py
[2026-05-27T12:54:09.605+0000] {logging_mixin.py:188} INFO - [2026-05-27T12:54:09.604+0000] {dag.py:3047} INFO - Sync 1 DAGs
[2026-05-27T12:54:09.835+0000] {logging_mixin.py:188} INFO - [2026-05-27T12:54:09.834+0000] {dag.py:3834} INFO - Setting next_dagrun for kaldata_scraper to 2026-05-27 00:00:00+00:00, run_after=2026-05-28 00:00:00+00:00
[2026-05-27T12:54:10.197+0000] {processor.py:183} INFO - Processing /opt/airflow/dags/kaldata_dag.py took 1.266 seconds
[2026-05-27T12:54:40.912+0000] {processor.py:161} INFO - Started process (PID=5497) to work on /opt/airflow/dags/kaldata_dag.py
[2026-05-27T12:54:41.021+0000] {processor.py:830} INFO - Processing file /opt/airflow/dags/kaldata_dag.py for tasks to queue
[2026-05-27T12:54:41.025+0000] {logging_mixin.py:188} INFO - [2026-05-27T12:54:41.024+0000] {dagbag.py:540} INFO - Filling up the DagBag from /opt/airflow/dags/kaldata_dag.py
[2026-05-27T12:54:41.150+0000] {processor.py:840} INFO - DAG(s) 'kaldata_scraper' retrieved from /opt/airflow/dags/kaldata_dag.py
[2026-05-27T12:54:41.298+0000] {logging_mixin.py:188} INFO - [2026-05-27T12:54:41.297+0000] {dag.py:3047} INFO - Sync 1 DAGs
[2026-05-27T12:54:41.439+0000] {logging_mixin.py:188} INFO - [2026-05-27T12:54:41.438+0000] {dag.py:3834} INFO - Setting next_dagrun for kaldata_scraper to 2026-05-27 00:00:00+00:00, run_after=2026-05-28 00:00:00+00:00
[2026-05-27T12:54:41.759+0000] {processor.py:183} INFO - Processing /opt/airflow/dags/kaldata_dag.py took 0.870 seconds
[2026-05-27T12:55:12.429+0000] {processor.py:161} INFO - Started process (PID=5527) to work on /opt/airflow/dags/kaldata_dag.py
[2026-05-27T12:55:12.432+0000] {processor.py:830} INFO - Processing file /opt/airflow/dags/kaldata_dag.py for tasks to queue
[2026-05-27T12:55:12.435+0000] {logging_mixin.py:188} INFO - [2026-05-27T12:55:12.434+0000] {dagbag.py:540} INFO - Filling up the DagBag from /opt/airflow/dags/kaldata_dag.py
[2026-05-27T12:55:12.493+0000] {processor.py:840} INFO - DAG(s) 'kaldata_scraper' retrieved from /opt/airflow/dags/kaldata_dag.py
[2026-05-27T12:55:12.608+0000] {logging_mixin.py:188} INFO - [2026-05-27T12:55:12.607+0000] {dag.py:3047} INFO - Sync 1 DAGs
[2026-05-27T12:55:12.774+0000] {logging_mixin.py:188} INFO - [2026-05-27T12:55:12.761+0000] {dag.py:3834} INFO - Setting next_dagrun for kaldata_scraper to 2026-05-27 00:00:00+00:00, run_after=2026-05-28 00:00:00+00:00
[2026-05-27T12:55:13.005+0000] {processor.py:183} INFO - Processing /opt/airflow/dags/kaldata_dag.py took 0.588 seconds
[2026-05-27T12:55:51.241+0000] {processor.py:161} INFO - Started process (PID=5555) to work on /opt/airflow/dags/kaldata_dag.py
[2026-05-27T12:55:51.254+0000] {processor.py:830} INFO - Processing file /opt/airflow/dags/kaldata_dag.py for tasks to queue
[2026-05-27T12:55:51.271+0000] {logging_mixin.py:188} INFO - [2026-05-27T12:55:51.270+0000] {dagbag.py:540} INFO - Filling up the DagBag from /opt/airflow/dags/kaldata_dag.py
[2026-05-27T12:55:51.845+0000] {processor.py:840} INFO - DAG(s) 'kaldata_scraper' retrieved from /opt/airflow/dags/kaldata_dag.py
[2026-05-27T12:55:52.139+0000] {logging_mixin.py:188} INFO - [2026-05-27T12:55:52.138+0000] {dag.py:3047} INFO - Sync 1 DAGs
[2026-05-27T12:55:52.341+0000] {logging_mixin.py:188} INFO - [2026-05-27T12:55:52.329+0000] {dag.py:3834} INFO - Setting next_dagrun for kaldata_scraper to 2026-05-27 00:00:00+00:00, run_after=2026-05-28 00:00:00+00:00
[2026-05-27T12:55:52.445+0000] {processor.py:183} INFO - Processing /opt/airflow/dags/kaldata_dag.py took 1.225 seconds
[2026-05-27T12:56:24.861+0000] {processor.py:161} INFO - Started process (PID=5585) to work on /opt/airflow/dags/kaldata_dag.py
[2026-05-27T12:56:24.874+0000] {processor.py:830} INFO - Processing file /opt/airflow/dags/kaldata_dag.py for tasks to queue
[2026-05-27T12:56:24.878+0000] {logging_mixin.py:188} INFO - [2026-05-27T12:56:24.877+0000] {dagbag.py:540} INFO - Filling up the DagBag from /opt/airflow/dags/kaldata_dag.py
[2026-05-27T12:56:25.097+0000] {processor.py:840} INFO - DAG(s) 'kaldata_scraper' retrieved from /opt/airflow/dags/kaldata_dag.py
[2026-05-27T12:56:25.222+0000] {logging_mixin.py:188} INFO - [2026-05-27T12:56:25.222+0000] {dag.py:3047} INFO - Sync 1 DAGs
[2026-05-27T12:56:25.338+0000] {logging_mixin.py:188} INFO - [2026-05-27T12:56:25.338+0000] {dag.py:3834} INFO - Setting next_dagrun for kaldata_scraper to 2026-05-27 00:00:00+00:00, run_after=2026-05-28 00:00:00+00:00
[2026-05-27T12:56:25.551+0000] {processor.py:183} INFO - Processing /opt/airflow/dags/kaldata_dag.py took 0.703 seconds
[2026-05-27T12:56:58.515+0000] {processor.py:161} INFO - Started process (PID=5615) to work on /opt/airflow/dags/kaldata_dag.py
[2026-05-27T12:56:58.540+0000] {processor.py:830} INFO - Processing file /opt/airflow/dags/kaldata_dag.py for tasks to queue
[2026-05-27T12:56:58.557+0000] {logging_mixin.py:188} INFO - [2026-05-27T12:56:58.556+0000] {dagbag.py:540} INFO - Filling up the DagBag from /opt/airflow/dags/kaldata_dag.py
[2026-05-27T12:56:58.768+0000] {processor.py:840} INFO - DAG(s) 'kaldata_scraper' retrieved from /opt/airflow/dags/kaldata_dag.py
[2026-05-27T12:56:59.399+0000] {logging_mixin.py:188} INFO - [2026-05-27T12:56:59.398+0000] {dag.py:3047} INFO - Sync 1 DAGs
[2026-05-27T12:57:00.098+0000] {logging_mixin.py:188} INFO - [2026-05-27T12:57:00.068+0000] {dag.py:3834} INFO - Setting next_dagrun for kaldata_scraper to 2026-05-27 00:00:00+00:00, run_after=2026-05-28 00:00:00+00:00
[2026-05-27T12:57:01.786+0000] {processor.py:183} INFO - Processing /opt/airflow/dags/kaldata_dag.py took 3.314 seconds
[2026-05-27T12:57:33.183+0000] {processor.py:161} INFO - Started process (PID=5645) to work on /opt/airflow/dags/kaldata_dag.py
[2026-05-27T12:57:33.186+0000] {processor.py:830} INFO - Processing file /opt/airflow/dags/kaldata_dag.py for tasks to queue
[2026-05-27T12:57:33.190+0000] {logging_mixin.py:188} INFO - [2026-05-27T12:57:33.189+0000] {dagbag.py:540} INFO - Filling up the DagBag from /opt/airflow/dags/kaldata_dag.py
[2026-05-27T12:57:33.270+0000] {processor.py:840} INFO - DAG(s) 'kaldata_scraper' retrieved from /opt/airflow/dags/kaldata_dag.py
[2026-05-27T12:57:33.361+0000] {logging_mixin.py:188} INFO - [2026-05-27T12:57:33.360+0000] {dag.py:3047} INFO - Sync 1 DAGs
[2026-05-27T12:57:33.454+0000] {logging_mixin.py:188} INFO - [2026-05-27T12:57:33.453+0000] {dag.py:3834} INFO - Setting next_dagrun for kaldata_scraper to 2026-05-27 00:00:00+00:00, run_after=2026-05-28 00:00:00+00:00
[2026-05-27T12:57:33.571+0000] {processor.py:183} INFO - Processing /opt/airflow/dags/kaldata_dag.py took 0.399 seconds
[2026-05-27T12:58:03.840+0000] {processor.py:161} INFO - Started process (PID=5675) to work on /opt/airflow/dags/kaldata_dag.py
[2026-05-27T12:58:03.845+0000] {processor.py:830} INFO - Processing file /opt/airflow/dags/kaldata_dag.py for tasks to queue
[2026-05-27T12:58:03.849+0000] {logging_mixin.py:188} INFO - [2026-05-27T12:58:03.848+0000] {dagbag.py:540} INFO - Filling up the DagBag from /opt/airflow/dags/kaldata_dag.py
[2026-05-27T12:58:03.946+0000] {processor.py:840} INFO - DAG(s) 'kaldata_scraper' retrieved from /opt/airflow/dags/kaldata_dag.py
[2026-05-27T12:58:04.037+0000] {logging_mixin.py:188} INFO - [2026-05-27T12:58:04.037+0000] {dag.py:3047} INFO - Sync 1 DAGs
[2026-05-27T12:58:04.119+0000] {logging_mixin.py:188} INFO - [2026-05-27T12:58:04.119+0000] {dag.py:3834} INFO - Setting next_dagrun for kaldata_scraper to 2026-05-27 00:00:00+00:00, run_after=2026-05-28 00:00:00+00:00
[2026-05-27T12:58:04.202+0000] {processor.py:183} INFO - Processing /opt/airflow/dags/kaldata_dag.py took 0.375 seconds
[2026-05-27T12:58:34.990+0000] {processor.py:161} INFO - Started process (PID=5705) to work on /opt/airflow/dags/kaldata_dag.py
[2026-05-27T12:58:34.997+0000] {processor.py:830} INFO - Processing file /opt/airflow/dags/kaldata_dag.py for tasks to queue
[2026-05-27T12:58:35.007+0000] {logging_mixin.py:188} INFO - [2026-05-27T12:58:35.003+0000] {dagbag.py:540} INFO - Filling up the DagBag from /opt/airflow/dags/kaldata_dag.py
[2026-05-27T12:58:35.166+0000] {processor.py:840} INFO - DAG(s) 'kaldata_scraper' retrieved from /opt/airflow/dags/kaldata_dag.py
[2026-05-27T12:58:35.238+0000] {logging_mixin.py:188} INFO - [2026-05-27T12:58:35.237+0000] {dag.py:3047} INFO - Sync 1 DAGs
[2026-05-27T12:58:35.347+0000] {logging_mixin.py:188} INFO - [2026-05-27T12:58:35.346+0000] {dag.py:3834} INFO - Setting next_dagrun for kaldata_scraper to 2026-05-27 00:00:00+00:00, run_after=2026-05-28 00:00:00+00:00
[2026-05-27T12:58:35.406+0000] {processor.py:183} INFO - Processing /opt/airflow/dags/kaldata_dag.py took 0.438 seconds
[2026-05-27T12:59:05.994+0000] {processor.py:161} INFO - Started process (PID=5735) to work on /opt/airflow/dags/kaldata_dag.py
[2026-05-27T12:59:05.999+0000] {processor.py:830} INFO - Processing file /opt/airflow/dags/kaldata_dag.py for tasks to queue
[2026-05-27T12:59:06.002+0000] {logging_mixin.py:188} INFO - [2026-05-27T12:59:06.001+0000] {dagbag.py:540} INFO - Filling up the DagBag from /opt/airflow/dags/kaldata_dag.py
[2026-05-27T12:59:06.066+0000] {processor.py:840} INFO - DAG(s) 'kaldata_scraper' retrieved from /opt/airflow/dags/kaldata_dag.py
[2026-05-27T12:59:06.140+0000] {logging_mixin.py:188} INFO - [2026-05-27T12:59:06.140+0000] {dag.py:3047} INFO - Sync 1 DAGs
[2026-05-27T12:59:06.209+0000] {logging_mixin.py:188} INFO - [2026-05-27T12:59:06.209+0000] {dag.py:3834} INFO - Setting next_dagrun for kaldata_scraper to 2026-05-27 00:00:00+00:00, run_after=2026-05-28 00:00:00+00:00
[2026-05-27T12:59:06.392+0000] {processor.py:183} INFO - Processing /opt/airflow/dags/kaldata_dag.py took 0.411 seconds
[2026-05-27T12:59:36.955+0000] {processor.py:161} INFO - Started process (PID=5765) to work on /opt/airflow/dags/kaldata_dag.py
[2026-05-27T12:59:36.959+0000] {processor.py:830} INFO - Processing file /opt/airflow/dags/kaldata_dag.py for tasks to queue
[2026-05-27T12:59:36.962+0000] {logging_mixin.py:188} INFO - [2026-05-27T12:59:36.961+0000] {dagbag.py:540} INFO - Filling up the DagBag from /opt/airflow/dags/kaldata_dag.py
[2026-05-27T12:59:37.035+0000] {processor.py:840} INFO - DAG(s) 'kaldata_scraper' retrieved from /opt/airflow/dags/kaldata_dag.py
[2026-05-27T12:59:37.121+0000] {logging_mixin.py:188} INFO - [2026-05-27T12:59:37.120+0000] {dag.py:3047} INFO - Sync 1 DAGs
[2026-05-27T12:59:37.203+0000] {logging_mixin.py:188} INFO - [2026-05-27T12:59:37.202+0000] {dag.py:3834} INFO - Setting next_dagrun for kaldata_scraper to 2026-05-27 00:00:00+00:00, run_after=2026-05-28 00:00:00+00:00
[2026-05-27T12:59:37.289+0000] {processor.py:183} INFO - Processing /opt/airflow/dags/kaldata_dag.py took 0.349 seconds
[2026-05-27T13:00:07.849+0000] {processor.py:161} INFO - Started process (PID=5795) to work on /opt/airflow/dags/kaldata_dag.py
[2026-05-27T13:00:07.853+0000] {processor.py:830} INFO - Processing file /opt/airflow/dags/kaldata_dag.py for tasks to queue
[2026-05-27T13:00:07.856+0000] {logging_mixin.py:188} INFO - [2026-05-27T13:00:07.855+0000] {dagbag.py:540} INFO - Filling up the DagBag from /opt/airflow/dags/kaldata_dag.py
[2026-05-27T13:00:07.954+0000] {processor.py:840} INFO - DAG(s) 'kaldata_scraper' retrieved from /opt/airflow/dags/kaldata_dag.py
[2026-05-27T13:00:08.054+0000] {logging_mixin.py:188} INFO - [2026-05-27T13:00:08.053+0000] {dag.py:3047} INFO - Sync 1 DAGs
[2026-05-27T13:00:08.327+0000] {logging_mixin.py:188} INFO - [2026-05-27T13:00:08.315+0000] {dag.py:3834} INFO - Setting next_dagrun for kaldata_scraper to 2026-05-27 00:00:00+00:00, run_after=2026-05-28 00:00:00+00:00
[2026-05-27T13:00:08.539+0000] {processor.py:183} INFO - Processing /opt/airflow/dags/kaldata_dag.py took 0.707 seconds
[2026-05-27T13:00:39.480+0000] {processor.py:161} INFO - Started process (PID=5825) to work on /opt/airflow/dags/kaldata_dag.py
[2026-05-27T13:00:39.486+0000] {processor.py:830} INFO - Processing file /opt/airflow/dags/kaldata_dag.py for tasks to queue
[2026-05-27T13:00:39.497+0000] {logging_mixin.py:188} INFO - [2026-05-27T13:00:39.495+0000] {dagbag.py:540} INFO - Filling up the DagBag from /opt/airflow/dags/kaldata_dag.py
[2026-05-27T13:00:39.612+0000] {processor.py:840} INFO - DAG(s) 'kaldata_scraper' retrieved from /opt/airflow/dags/kaldata_dag.py
[2026-05-27T13:00:39.695+0000] {logging_mixin.py:188} INFO - [2026-05-27T13:00:39.694+0000] {dag.py:3047} INFO - Sync 1 DAGs
[2026-05-27T13:00:39.774+0000] {logging_mixin.py:188} INFO - [2026-05-27T13:00:39.773+0000] {dag.py:3834} INFO - Setting next_dagrun for kaldata_scraper to 2026-05-27 00:00:00+00:00, run_after=2026-05-28 00:00:00+00:00
[2026-05-27T13:00:39.845+0000] {processor.py:183} INFO - Processing /opt/airflow/dags/kaldata_dag.py took 0.378 seconds
[2026-05-27T13:01:10.805+0000] {processor.py:161} INFO - Started process (PID=5855) to work on /opt/airflow/dags/kaldata_dag.py
[2026-05-27T13:01:10.849+0000] {processor.py:830} INFO - Processing file /opt/airflow/dags/kaldata_dag.py for tasks to queue
[2026-05-27T13:01:10.896+0000] {logging_mixin.py:188} INFO - [2026-05-27T13:01:10.895+0000] {dagbag.py:540} INFO - Filling up the DagBag from /opt/airflow/dags/kaldata_dag.py
[2026-05-27T13:01:13.124+0000] {processor.py:840} INFO - DAG(s) 'kaldata_scraper' retrieved from /opt/airflow/dags/kaldata_dag.py
[2026-05-27T13:01:13.323+0000] {logging_mixin.py:188} INFO - [2026-05-27T13:01:13.323+0000] {dag.py:3047} INFO - Sync 1 DAGs
[2026-05-27T13:01:13.616+0000] {logging_mixin.py:188} INFO - [2026-05-27T13:01:13.604+0000] {dag.py:3834} INFO - Setting next_dagrun for kaldata_scraper to 2026-05-27 00:00:00+00:00, run_after=2026-05-28 00:00:00+00:00
[2026-05-27T13:01:14.244+0000] {processor.py:183} INFO - Processing /opt/airflow/dags/kaldata_dag.py took 3.465 seconds
[2026-05-27T13:01:44.783+0000] {processor.py:161} INFO - Started process (PID=5887) to work on /opt/airflow/dags/kaldata_dag.py
[2026-05-27T13:01:44.787+0000] {processor.py:830} INFO - Processing file /opt/airflow/dags/kaldata_dag.py for tasks to queue
[2026-05-27T13:01:44.790+0000] {logging_mixin.py:188} INFO - [2026-05-27T13:01:44.789+0000] {dagbag.py:540} INFO - Filling up the DagBag from /opt/airflow/dags/kaldata_dag.py
[2026-05-27T13:01:44.855+0000] {processor.py:840} INFO - DAG(s) 'kaldata_scraper' retrieved from /opt/airflow/dags/kaldata_dag.py
[2026-05-27T13:01:44.934+0000] {logging_mixin.py:188} INFO - [2026-05-27T13:01:44.933+0000] {dag.py:3047} INFO - Sync 1 DAGs
[2026-05-27T13:01:45.015+0000] {logging_mixin.py:188} INFO - [2026-05-27T13:01:45.014+0000] {dag.py:3834} INFO - Setting next_dagrun for kaldata_scraper to 2026-05-27 00:00:00+00:00, run_after=2026-05-28 00:00:00+00:00
[2026-05-27T13:01:45.080+0000] {processor.py:183} INFO - Processing /opt/airflow/dags/kaldata_dag.py took 0.308 seconds
[2026-05-27T13:02:15.789+0000] {processor.py:161} INFO - Started process (PID=5917) to work on /opt/airflow/dags/kaldata_dag.py
[2026-05-27T13:02:15.792+0000] {processor.py:830} INFO - Processing file /opt/airflow/dags/kaldata_dag.py for tasks to queue
[2026-05-27T13:02:15.796+0000] {logging_mixin.py:188} INFO - [2026-05-27T13:02:15.795+0000] {dagbag.py:540} INFO - Filling up the DagBag from /opt/airflow/dags/kaldata_dag.py
[2026-05-27T13:02:15.917+0000] {processor.py:840} INFO - DAG(s) 'kaldata_scraper' retrieved from /opt/airflow/dags/kaldata_dag.py
[2026-05-27T13:02:15.996+0000] {logging_mixin.py:188} INFO - [2026-05-27T13:02:15.995+0000] {dag.py:3047} INFO - Sync 1 DAGs
[2026-05-27T13:02:16.072+0000] {logging_mixin.py:188} INFO - [2026-05-27T13:02:16.071+0000] {dag.py:3834} INFO - Setting next_dagrun for kaldata_scraper to 2026-05-27 00:00:00+00:00, run_after=2026-05-28 00:00:00+00:00
[2026-05-27T13:02:16.146+0000] {processor.py:183} INFO - Processing /opt/airflow/dags/kaldata_dag.py took 0.369 seconds
[2026-05-27T13:02:47.185+0000] {processor.py:161} INFO - Started process (PID=5947) to work on /opt/airflow/dags/kaldata_dag.py
[2026-05-27T13:02:47.197+0000] {processor.py:830} INFO - Processing file /opt/airflow/dags/kaldata_dag.py for tasks to queue
[2026-05-27T13:02:47.201+0000] {logging_mixin.py:188} INFO - [2026-05-27T13:02:47.200+0000] {dagbag.py:540} INFO - Filling up the DagBag from /opt/airflow/dags/kaldata_dag.py
[2026-05-27T13:02:47.363+0000] {processor.py:840} INFO - DAG(s) 'kaldata_scraper' retrieved from /opt/airflow/dags/kaldata_dag.py
[2026-05-27T13:02:47.481+0000] {logging_mixin.py:188} INFO - [2026-05-27T13:02:47.480+0000] {dag.py:3047} INFO - Sync 1 DAGs
[2026-05-27T13:02:47.575+0000] {logging_mixin.py:188} INFO - [2026-05-27T13:02:47.574+0000] {dag.py:3834} INFO - Setting next_dagrun for kaldata_scraper to 2026-05-27 00:00:00+00:00, run_after=2026-05-28 00:00:00+00:00
[2026-05-27T13:02:47.646+0000] {processor.py:183} INFO - Processing /opt/airflow/dags/kaldata_dag.py took 0.471 seconds
[2026-05-27T13:03:19.091+0000] {processor.py:161} INFO - Started process (PID=5977) to work on /opt/airflow/dags/kaldata_dag.py
[2026-05-27T13:03:19.094+0000] {processor.py:830} INFO - Processing file /opt/airflow/dags/kaldata_dag.py for tasks to queue
[2026-05-27T13:03:19.099+0000] {logging_mixin.py:188} INFO - [2026-05-27T13:03:19.097+0000] {dagbag.py:540} INFO - Filling up the DagBag from /opt/airflow/dags/kaldata_dag.py
[2026-05-27T13:03:19.302+0000] {processor.py:840} INFO - DAG(s) 'kaldata_scraper' retrieved from /opt/airflow/dags/kaldata_dag.py
[2026-05-27T13:03:19.620+0000] {logging_mixin.py:188} INFO - [2026-05-27T13:03:19.619+0000] {dag.py:3047} INFO - Sync 1 DAGs
[2026-05-27T13:03:19.907+0000] {logging_mixin.py:188} INFO - [2026-05-27T13:03:19.906+0000] {dag.py:3834} INFO - Setting next_dagrun for kaldata_scraper to 2026-05-27 00:00:00+00:00, run_after=2026-05-28 00:00:00+00:00
[2026-05-27T13:03:20.137+0000] {processor.py:183} INFO - Processing /opt/airflow/dags/kaldata_dag.py took 1.058 seconds
[2026-05-27T13:03:51.625+0000] {processor.py:161} INFO - Started process (PID=6007) to work on /opt/airflow/dags/kaldata_dag.py
[2026-05-27T13:03:51.629+0000] {processor.py:830} INFO - Processing file /opt/airflow/dags/kaldata_dag.py for tasks to queue
[2026-05-27T13:03:51.642+0000] {logging_mixin.py:188} INFO - [2026-05-27T13:03:51.641+0000] {dagbag.py:540} INFO - Filling up the DagBag from /opt/airflow/dags/kaldata_dag.py
[2026-05-27T13:03:51.806+0000] {processor.py:840} INFO - DAG(s) 'kaldata_scraper' retrieved from /opt/airflow/dags/kaldata_dag.py
[2026-05-27T13:03:51.939+0000] {logging_mixin.py:188} INFO - [2026-05-27T13:03:51.939+0000] {dag.py:3047} INFO - Sync 1 DAGs
[2026-05-27T13:03:52.046+0000] {logging_mixin.py:188} INFO - [2026-05-27T13:03:52.046+0000] {dag.py:3834} INFO - Setting next_dagrun for kaldata_scraper to 2026-05-27 00:00:00+00:00, run_after=2026-05-28 00:00:00+00:00
[2026-05-27T13:03:52.140+0000] {processor.py:183} INFO - Processing /opt/airflow/dags/kaldata_dag.py took 0.545 seconds
[2026-05-27T13:04:23.042+0000] {processor.py:161} INFO - Started process (PID=6037) to work on /opt/airflow/dags/kaldata_dag.py
[2026-05-27T13:04:23.048+0000] {processor.py:830} INFO - Processing file /opt/airflow/dags/kaldata_dag.py for tasks to queue
[2026-05-27T13:04:23.059+0000] {logging_mixin.py:188} INFO - [2026-05-27T13:04:23.058+0000] {dagbag.py:540} INFO - Filling up the DagBag from /opt/airflow/dags/kaldata_dag.py
[2026-05-27T13:04:23.198+0000] {processor.py:840} INFO - DAG(s) 'kaldata_scraper' retrieved from /opt/airflow/dags/kaldata_dag.py
[2026-05-27T13:04:23.384+0000] {logging_mixin.py:188} INFO - [2026-05-27T13:04:23.383+0000] {dag.py:3047} INFO - Sync 1 DAGs
[2026-05-27T13:04:23.584+0000] {logging_mixin.py:188} INFO - [2026-05-27T13:04:23.583+0000] {dag.py:3834} INFO - Setting next_dagrun for kaldata_scraper to 2026-05-27 00:00:00+00:00, run_after=2026-05-28 00:00:00+00:00
[2026-05-27T13:04:23.812+0000] {processor.py:183} INFO - Processing /opt/airflow/dags/kaldata_dag.py took 0.786 seconds
[2026-05-27T13:04:54.884+0000] {processor.py:161} INFO - Started process (PID=6067) to work on /opt/airflow/dags/kaldata_dag.py
[2026-05-27T13:04:54.887+0000] {processor.py:830} INFO - Processing file /opt/airflow/dags/kaldata_dag.py for tasks to queue
[2026-05-27T13:04:54.891+0000] {logging_mixin.py:188} INFO - [2026-05-27T13:04:54.890+0000] {dagbag.py:540} INFO - Filling up the DagBag from /opt/airflow/dags/kaldata_dag.py
[2026-05-27T13:04:54.966+0000] {processor.py:840} INFO - DAG(s) 'kaldata_scraper' retrieved from /opt/airflow/dags/kaldata_dag.py
[2026-05-27T13:04:55.051+0000] {logging_mixin.py:188} INFO - [2026-05-27T13:04:55.050+0000] {dag.py:3047} INFO - Sync 1 DAGs
[2026-05-27T13:04:55.152+0000] {logging_mixin.py:188} INFO - [2026-05-27T13:04:55.151+0000] {dag.py:3834} INFO - Setting next_dagrun for kaldata_scraper to 2026-05-27 00:00:00+00:00, run_after=2026-05-28 00:00:00+00:00
[2026-05-27T13:04:55.215+0000] {processor.py:183} INFO - Processing /opt/airflow/dags/kaldata_dag.py took 0.352 seconds
[2026-05-27T13:05:29.301+0000] {processor.py:161} INFO - Started process (PID=6097) to work on /opt/airflow/dags/kaldata_dag.py
[2026-05-27T13:05:29.305+0000] {processor.py:830} INFO - Processing file /opt/airflow/dags/kaldata_dag.py for tasks to queue
[2026-05-27T13:05:29.318+0000] {logging_mixin.py:188} INFO - [2026-05-27T13:05:29.317+0000] {dagbag.py:540} INFO - Filling up the DagBag from /opt/airflow/dags/kaldata_dag.py
[2026-05-27T13:05:29.623+0000] {processor.py:840} INFO - DAG(s) 'kaldata_scraper' retrieved from /opt/airflow/dags/kaldata_dag.py
[2026-05-27T13:05:29.840+0000] {logging_mixin.py:188} INFO - [2026-05-27T13:05:29.839+0000] {dag.py:3047} INFO - Sync 1 DAGs
[2026-05-27T13:05:30.050+0000] {logging_mixin.py:188} INFO - [2026-05-27T13:05:30.049+0000] {dag.py:3834} INFO - Setting next_dagrun for kaldata_scraper to 2026-05-27 00:00:00+00:00, run_after=2026-05-28 00:00:00+00:00
[2026-05-27T13:05:30.212+0000] {processor.py:183} INFO - Processing /opt/airflow/dags/kaldata_dag.py took 0.931 seconds
[2026-05-27T13:06:02.805+0000] {processor.py:161} INFO - Started process (PID=6127) to work on /opt/airflow/dags/kaldata_dag.py
[2026-05-27T13:06:02.819+0000] {processor.py:830} INFO - Processing file /opt/airflow/dags/kaldata_dag.py for tasks to queue
[2026-05-27T13:06:02.839+0000] {logging_mixin.py:188} INFO - [2026-05-27T13:06:02.838+0000] {dagbag.py:540} INFO - Filling up the DagBag from /opt/airflow/dags/kaldata_dag.py
[2026-05-27T13:06:02.980+0000] {processor.py:840} INFO - DAG(s) 'kaldata_scraper' retrieved from /opt/airflow/dags/kaldata_dag.py
[2026-05-27T13:06:03.121+0000] {logging_mixin.py:188} INFO - [2026-05-27T13:06:03.121+0000] {dag.py:3047} INFO - Sync 1 DAGs
[2026-05-27T13:06:03.295+0000] {logging_mixin.py:188} INFO - [2026-05-27T13:06:03.294+0000] {dag.py:3834} INFO - Setting next_dagrun for kaldata_scraper to 2026-05-27 00:00:00+00:00, run_after=2026-05-28 00:00:00+00:00
[2026-05-27T13:06:03.746+0000] {processor.py:183} INFO - Processing /opt/airflow/dags/kaldata_dag.py took 0.960 seconds
[2026-05-27T13:06:40.038+0000] {processor.py:161} INFO - Started process (PID=6157) to work on /opt/airflow/dags/kaldata_dag.py
[2026-05-27T13:06:40.043+0000] {processor.py:830} INFO - Processing file /opt/airflow/dags/kaldata_dag.py for tasks to queue
[2026-05-27T13:06:40.056+0000] {logging_mixin.py:188} INFO - [2026-05-27T13:06:40.055+0000] {dagbag.py:540} INFO - Filling up the DagBag from /opt/airflow/dags/kaldata_dag.py
[2026-05-27T13:06:40.247+0000] {processor.py:840} INFO - DAG(s) 'kaldata_scraper' retrieved from /opt/airflow/dags/kaldata_dag.py
[2026-05-27T13:06:40.420+0000] {logging_mixin.py:188} INFO - [2026-05-27T13:06:40.419+0000] {dag.py:3047} INFO - Sync 1 DAGs
[2026-05-27T13:06:40.602+0000] {logging_mixin.py:188} INFO - [2026-05-27T13:06:40.599+0000] {dag.py:3834} INFO - Setting next_dagrun for kaldata_scraper to 2026-05-27 00:00:00+00:00, run_after=2026-05-28 00:00:00+00:00
[2026-05-27T13:06:40.942+0000] {processor.py:183} INFO - Processing /opt/airflow/dags/kaldata_dag.py took 0.926 seconds
[2026-05-27T13:07:16.400+0000] {processor.py:161} INFO - Started process (PID=6185) to work on /opt/airflow/dags/kaldata_dag.py
[2026-05-27T13:07:16.416+0000] {processor.py:830} INFO - Processing file /opt/airflow/dags/kaldata_dag.py for tasks to queue
[2026-05-27T13:07:16.485+0000] {logging_mixin.py:188} INFO - [2026-05-27T13:07:16.484+0000] {dagbag.py:540} INFO - Filling up the DagBag from /opt/airflow/dags/kaldata_dag.py
[2026-05-27T13:07:17.771+0000] {processor.py:840} INFO - DAG(s) 'kaldata_scraper' retrieved from /opt/airflow/dags/kaldata_dag.py
[2026-05-27T13:07:17.968+0000] {logging_mixin.py:188} INFO - [2026-05-27T13:07:17.967+0000] {dag.py:3047} INFO - Sync 1 DAGs
[2026-05-27T13:07:18.367+0000] {logging_mixin.py:188} INFO - [2026-05-27T13:07:18.366+0000] {dag.py:3834} INFO - Setting next_dagrun for kaldata_scraper to 2026-05-27 00:00:00+00:00, run_after=2026-05-28 00:00:00+00:00
[2026-05-27T13:07:19.030+0000] {processor.py:183} INFO - Processing /opt/airflow/dags/kaldata_dag.py took 2.654 seconds
[2026-05-27T13:08:05.687+0000] {processor.py:161} INFO - Started process (PID=6212) to work on /opt/airflow/dags/kaldata_dag.py
[2026-05-27T13:08:05.732+0000] {processor.py:830} INFO - Processing file /opt/airflow/dags/kaldata_dag.py for tasks to queue
[2026-05-27T13:08:05.737+0000] {logging_mixin.py:188} INFO - [2026-05-27T13:08:05.736+0000] {dagbag.py:540} INFO - Filling up the DagBag from /opt/airflow/dags/kaldata_dag.py
[2026-05-27T13:08:06.175+0000] {processor.py:840} INFO - DAG(s) 'kaldata_scraper' retrieved from /opt/airflow/dags/kaldata_dag.py
[2026-05-27T13:08:06.909+0000] {logging_mixin.py:188} INFO - [2026-05-27T13:08:06.900+0000] {dag.py:3047} INFO - Sync 1 DAGs
[2026-05-27T13:08:07.739+0000] {logging_mixin.py:188} INFO - [2026-05-27T13:08:07.739+0000] {dag.py:3834} INFO - Setting next_dagrun for kaldata_scraper to 2026-05-27 00:00:00+00:00, run_after=2026-05-28 00:00:00+00:00
[2026-05-27T13:08:08.726+0000] {processor.py:183} INFO - Processing /opt/airflow/dags/kaldata_dag.py took 3.056 seconds
[2026-05-27T13:08:42.470+0000] {processor.py:161} INFO - Started process (PID=6242) to work on /opt/airflow/dags/kaldata_dag.py
[2026-05-27T13:08:42.490+0000] {processor.py:830} INFO - Processing file /opt/airflow/dags/kaldata_dag.py for tasks to queue
[2026-05-27T13:08:42.506+0000] {logging_mixin.py:188} INFO - [2026-05-27T13:08:42.505+0000] {dagbag.py:540} INFO - Filling up the DagBag from /opt/airflow/dags/kaldata_dag.py
[2026-05-27T13:08:43.595+0000] {processor.py:840} INFO - DAG(s) 'kaldata_scraper' retrieved from /opt/airflow/dags/kaldata_dag.py
[2026-05-27T13:08:43.792+0000] {logging_mixin.py:188} INFO - [2026-05-27T13:08:43.781+0000] {dag.py:3047} INFO - Sync 1 DAGs
[2026-05-27T13:08:44.059+0000] {logging_mixin.py:188} INFO - [2026-05-27T13:08:44.049+0000] {dag.py:3834} INFO - Setting next_dagrun for kaldata_scraper to 2026-05-27 00:00:00+00:00, run_after=2026-05-28 00:00:00+00:00
[2026-05-27T13:08:44.281+0000] {processor.py:183} INFO - Processing /opt/airflow/dags/kaldata_dag.py took 1.832 seconds
[2026-05-27T13:09:15.158+0000] {processor.py:161} INFO - Started process (PID=6272) to work on /opt/airflow/dags/kaldata_dag.py
[2026-05-27T13:09:15.172+0000] {processor.py:830} INFO - Processing file /opt/airflow/dags/kaldata_dag.py for tasks to queue
[2026-05-27T13:09:15.177+0000] {logging_mixin.py:188} INFO - [2026-05-27T13:09:15.176+0000] {dagbag.py:540} INFO - Filling up the DagBag from /opt/airflow/dags/kaldata_dag.py
[2026-05-27T13:09:15.281+0000] {processor.py:840} INFO - DAG(s) 'kaldata_scraper' retrieved from /opt/airflow/dags/kaldata_dag.py
[2026-05-27T13:09:15.380+0000] {logging_mixin.py:188} INFO - [2026-05-27T13:09:15.380+0000] {dag.py:3047} INFO - Sync 1 DAGs
[2026-05-27T13:09:15.497+0000] {logging_mixin.py:188} INFO - [2026-05-27T13:09:15.496+0000] {dag.py:3834} INFO - Setting next_dagrun for kaldata_scraper to 2026-05-27 00:00:00+00:00, run_after=2026-05-28 00:00:00+00:00
[2026-05-27T13:09:15.892+0000] {processor.py:183} INFO - Processing /opt/airflow/dags/kaldata_dag.py took 0.756 seconds
[2026-05-27T13:09:47.716+0000] {processor.py:161} INFO - Started process (PID=6307) to work on /opt/airflow/dags/kaldata_dag.py
[2026-05-27T13:09:47.743+0000] {processor.py:830} INFO - Processing file /opt/airflow/dags/kaldata_dag.py for tasks to queue
[2026-05-27T13:09:47.756+0000] {logging_mixin.py:188} INFO - [2026-05-27T13:09:47.755+0000] {dagbag.py:540} INFO - Filling up the DagBag from /opt/airflow/dags/kaldata_dag.py
[2026-05-27T13:09:48.182+0000] {processor.py:840} INFO - DAG(s) 'kaldata_scraper' retrieved from /opt/airflow/dags/kaldata_dag.py
[2026-05-27T13:09:48.356+0000] {logging_mixin.py:188} INFO - [2026-05-27T13:09:48.354+0000] {dag.py:3047} INFO - Sync 1 DAGs
[2026-05-27T13:09:48.493+0000] {logging_mixin.py:188} INFO - [2026-05-27T13:09:48.492+0000] {dag.py:3834} INFO - Setting next_dagrun for kaldata_scraper to 2026-05-27 00:00:00+00:00, run_after=2026-05-28 00:00:00+00:00
[2026-05-27T13:09:48.589+0000] {processor.py:183} INFO - Processing /opt/airflow/dags/kaldata_dag.py took 0.898 seconds
[2026-05-27T13:10:19.778+0000] {processor.py:161} INFO - Started process (PID=6337) to work on /opt/airflow/dags/kaldata_dag.py
[2026-05-27T13:10:19.809+0000] {processor.py:830} INFO - Processing file /opt/airflow/dags/kaldata_dag.py for tasks to queue
[2026-05-27T13:10:19.846+0000] {logging_mixin.py:188} INFO - [2026-05-27T13:10:19.845+0000] {dagbag.py:540} INFO - Filling up the DagBag from /opt/airflow/dags/kaldata_dag.py
[2026-05-27T13:10:19.996+0000] {processor.py:840} INFO - DAG(s) 'kaldata_scraper' retrieved from /opt/airflow/dags/kaldata_dag.py
[2026-05-27T13:10:20.060+0000] {logging_mixin.py:188} INFO - [2026-05-27T13:10:20.060+0000] {dag.py:3047} INFO - Sync 1 DAGs
[2026-05-27T13:10:20.125+0000] {logging_mixin.py:188} INFO - [2026-05-27T13:10:20.124+0000] {dag.py:3834} INFO - Setting next_dagrun for kaldata_scraper to 2026-05-27 00:00:00+00:00, run_after=2026-05-28 00:00:00+00:00
[2026-05-27T13:10:20.177+0000] {processor.py:183} INFO - Processing /opt/airflow/dags/kaldata_dag.py took 0.418 seconds
[2026-05-27T13:10:50.712+0000] {processor.py:161} INFO - Started process (PID=6367) to work on /opt/airflow/dags/kaldata_dag.py
[2026-05-27T13:10:50.715+0000] {processor.py:830} INFO - Processing file /opt/airflow/dags/kaldata_dag.py for tasks to queue
[2026-05-27T13:10:50.718+0000] {logging_mixin.py:188} INFO - [2026-05-27T13:10:50.717+0000] {dagbag.py:540} INFO - Filling up the DagBag from /opt/airflow/dags/kaldata_dag.py
[2026-05-27T13:10:50.775+0000] {processor.py:840} INFO - DAG(s) 'kaldata_scraper' retrieved from /opt/airflow/dags/kaldata_dag.py
[2026-05-27T13:10:50.845+0000] {logging_mixin.py:188} INFO - [2026-05-27T13:10:50.845+0000] {dag.py:3047} INFO - Sync 1 DAGs
[2026-05-27T13:10:50.911+0000] {logging_mixin.py:188} INFO - [2026-05-27T13:10:50.910+0000] {dag.py:3834} INFO - Setting next_dagrun for kaldata_scraper to 2026-05-27 00:00:00+00:00, run_after=2026-05-28 00:00:00+00:00
[2026-05-27T13:10:51.207+0000] {processor.py:183} INFO - Processing /opt/airflow/dags/kaldata_dag.py took 0.506 seconds
[2026-05-27T13:11:22.093+0000] {processor.py:161} INFO - Started process (PID=6397) to work on /opt/airflow/dags/kaldata_dag.py
[2026-05-27T13:11:22.099+0000] {processor.py:830} INFO - Processing file /opt/airflow/dags/kaldata_dag.py for tasks to queue
[2026-05-27T13:11:22.119+0000] {logging_mixin.py:188} INFO - [2026-05-27T13:11:22.118+0000] {dagbag.py:540} INFO - Filling up the DagBag from /opt/airflow/dags/kaldata_dag.py
[2026-05-27T13:11:22.223+0000] {processor.py:840} INFO - DAG(s) 'kaldata_scraper' retrieved from /opt/airflow/dags/kaldata_dag.py
[2026-05-27T13:11:22.376+0000] {logging_mixin.py:188} INFO - [2026-05-27T13:11:22.374+0000] {dag.py:3047} INFO - Sync 1 DAGs
[2026-05-27T13:11:22.522+0000] {logging_mixin.py:188} INFO - [2026-05-27T13:11:22.521+0000] {dag.py:3834} INFO - Setting next_dagrun for kaldata_scraper to 2026-05-27 00:00:00+00:00, run_after=2026-05-28 00:00:00+00:00
[2026-05-27T13:11:22.664+0000] {processor.py:183} INFO - Processing /opt/airflow/dags/kaldata_dag.py took 0.591 seconds
[2026-05-27T13:11:53.803+0000] {processor.py:161} INFO - Started process (PID=6427) to work on /opt/airflow/dags/kaldata_dag.py
[2026-05-27T13:11:53.807+0000] {processor.py:830} INFO - Processing file /opt/airflow/dags/kaldata_dag.py for tasks to queue
[2026-05-27T13:11:53.810+0000] {logging_mixin.py:188} INFO - [2026-05-27T13:11:53.809+0000] {dagbag.py:540} INFO - Filling up the DagBag from /opt/airflow/dags/kaldata_dag.py
[2026-05-27T13:11:53.884+0000] {processor.py:840} INFO - DAG(s) 'kaldata_scraper' retrieved from /opt/airflow/dags/kaldata_dag.py
[2026-05-27T13:11:53.952+0000] {logging_mixin.py:188} INFO - [2026-05-27T13:11:53.952+0000] {dag.py:3047} INFO - Sync 1 DAGs
[2026-05-27T13:11:54.015+0000] {logging_mixin.py:188} INFO - [2026-05-27T13:11:54.015+0000] {dag.py:3834} INFO - Setting next_dagrun for kaldata_scraper to 2026-05-27 00:00:00+00:00, run_after=2026-05-28 00:00:00+00:00
[2026-05-27T13:11:54.078+0000] {processor.py:183} INFO - Processing /opt/airflow/dags/kaldata_dag.py took 0.287 seconds
[2026-05-27T13:12:25.130+0000] {processor.py:161} INFO - Started process (PID=6457) to work on /opt/airflow/dags/kaldata_dag.py
[2026-05-27T13:12:25.133+0000] {processor.py:830} INFO - Processing file /opt/airflow/dags/kaldata_dag.py for tasks to queue
[2026-05-27T13:12:25.137+0000] {logging_mixin.py:188} INFO - [2026-05-27T13:12:25.136+0000] {dagbag.py:540} INFO - Filling up the DagBag from /opt/airflow/dags/kaldata_dag.py
[2026-05-27T13:12:25.199+0000] {processor.py:840} INFO - DAG(s) 'kaldata_scraper' retrieved from /opt/airflow/dags/kaldata_dag.py
[2026-05-27T13:12:25.268+0000] {logging_mixin.py:188} INFO - [2026-05-27T13:12:25.267+0000] {dag.py:3047} INFO - Sync 1 DAGs
[2026-05-27T13:12:25.344+0000] {logging_mixin.py:188} INFO - [2026-05-27T13:12:25.344+0000] {dag.py:3834} INFO - Setting next_dagrun for kaldata_scraper to 2026-05-27 00:00:00+00:00, run_after=2026-05-28 00:00:00+00:00
[2026-05-27T13:12:26.177+0000] {processor.py:183} INFO - Processing /opt/airflow/dags/kaldata_dag.py took 1.060 seconds
[2026-05-27T13:12:56.551+0000] {processor.py:161} INFO - Started process (PID=6487) to work on /opt/airflow/dags/kaldata_dag.py
[2026-05-27T13:12:56.565+0000] {processor.py:830} INFO - Processing file /opt/airflow/dags/kaldata_dag.py for tasks to queue
[2026-05-27T13:12:56.573+0000] {logging_mixin.py:188} INFO - [2026-05-27T13:12:56.570+0000] {dagbag.py:540} INFO - Filling up the DagBag from /opt/airflow/dags/kaldata_dag.py
[2026-05-27T13:12:56.729+0000] {processor.py:840} INFO - DAG(s) 'kaldata_scraper' retrieved from /opt/airflow/dags/kaldata_dag.py
[2026-05-27T13:12:56.929+0000] {logging_mixin.py:188} INFO - [2026-05-27T13:12:56.928+0000] {dag.py:3047} INFO - Sync 1 DAGs
[2026-05-27T13:12:57.541+0000] {logging_mixin.py:188} INFO - [2026-05-27T13:12:57.540+0000] {dag.py:3834} INFO - Setting next_dagrun for kaldata_scraper to 2026-05-27 00:00:00+00:00, run_after=2026-05-28 00:00:00+00:00
[2026-05-27T13:12:57.691+0000] {processor.py:183} INFO - Processing /opt/airflow/dags/kaldata_dag.py took 1.172 seconds
[2026-05-27T13:13:28.722+0000] {processor.py:161} INFO - Started process (PID=6517) to work on /opt/airflow/dags/kaldata_dag.py
[2026-05-27T13:13:28.725+0000] {processor.py:830} INFO - Processing file /opt/airflow/dags/kaldata_dag.py for tasks to queue
[2026-05-27T13:13:28.728+0000] {logging_mixin.py:188} INFO - [2026-05-27T13:13:28.727+0000] {dagbag.py:540} INFO - Filling up the DagBag from /opt/airflow/dags/kaldata_dag.py
[2026-05-27T13:13:28.783+0000] {processor.py:840} INFO - DAG(s) 'kaldata_scraper' retrieved from /opt/airflow/dags/kaldata_dag.py
[2026-05-27T13:13:28.852+0000] {logging_mixin.py:188} INFO - [2026-05-27T13:13:28.852+0000] {dag.py:3047} INFO - Sync 1 DAGs
[2026-05-27T13:13:28.931+0000] {logging_mixin.py:188} INFO - [2026-05-27T13:13:28.930+0000] {dag.py:3834} INFO - Setting next_dagrun for kaldata_scraper to 2026-05-27 00:00:00+00:00, run_after=2026-05-28 00:00:00+00:00
[2026-05-27T13:13:28.997+0000] {processor.py:183} INFO - Processing /opt/airflow/dags/kaldata_dag.py took 0.285 seconds
[2026-05-27T13:13:59.197+0000] {processor.py:161} INFO - Started process (PID=6545) to work on /opt/airflow/dags/kaldata_dag.py
[2026-05-27T13:13:59.201+0000] {processor.py:830} INFO - Processing file /opt/airflow/dags/kaldata_dag.py for tasks to queue
[2026-05-27T13:13:59.204+0000] {logging_mixin.py:188} INFO - [2026-05-27T13:13:59.204+0000] {dagbag.py:540} INFO - Filling up the DagBag from /opt/airflow/dags/kaldata_dag.py
[2026-05-27T13:13:59.270+0000] {processor.py:840} INFO - DAG(s) 'kaldata_scraper' retrieved from /opt/airflow/dags/kaldata_dag.py
[2026-05-27T13:13:59.348+0000] {logging_mixin.py:188} INFO - [2026-05-27T13:13:59.348+0000] {dag.py:3047} INFO - Sync 1 DAGs
[2026-05-27T13:13:59.452+0000] {logging_mixin.py:188} INFO - [2026-05-27T13:13:59.451+0000] {dag.py:3834} INFO - Setting next_dagrun for kaldata_scraper to 2026-05-27 00:00:00+00:00, run_after=2026-05-28 00:00:00+00:00
[2026-05-27T13:13:59.810+0000] {processor.py:183} INFO - Processing /opt/airflow/dags/kaldata_dag.py took 0.627 seconds
[2026-05-27T13:14:30.742+0000] {processor.py:161} INFO - Started process (PID=6572) to work on /opt/airflow/dags/kaldata_dag.py
[2026-05-27T13:14:30.745+0000] {processor.py:830} INFO - Processing file /opt/airflow/dags/kaldata_dag.py for tasks to queue
[2026-05-27T13:14:30.749+0000] {logging_mixin.py:188} INFO - [2026-05-27T13:14:30.748+0000] {dagbag.py:540} INFO - Filling up the DagBag from /opt/airflow/dags/kaldata_dag.py
[2026-05-27T13:14:30.821+0000] {processor.py:840} INFO - DAG(s) 'kaldata_scraper' retrieved from /opt/airflow/dags/kaldata_dag.py
[2026-05-27T13:14:30.904+0000] {logging_mixin.py:188} INFO - [2026-05-27T13:14:30.903+0000] {dag.py:3047} INFO - Sync 1 DAGs
[2026-05-27T13:14:31.277+0000] {logging_mixin.py:188} INFO - [2026-05-27T13:14:31.276+0000] {dag.py:3834} INFO - Setting next_dagrun for kaldata_scraper to 2026-05-27 00:00:00+00:00, run_after=2026-05-28 00:00:00+00:00
[2026-05-27T13:14:31.334+0000] {processor.py:183} INFO - Processing /opt/airflow/dags/kaldata_dag.py took 0.611 seconds
[2026-05-27T13:15:03.946+0000] {processor.py:161} INFO - Started process (PID=6600) to work on /opt/airflow/dags/kaldata_dag.py
[2026-05-27T13:15:03.973+0000] {processor.py:830} INFO - Processing file /opt/airflow/dags/kaldata_dag.py for tasks to queue
[2026-05-27T13:15:04.029+0000] {logging_mixin.py:188} INFO - [2026-05-27T13:15:04.028+0000] {dagbag.py:540} INFO - Filling up the DagBag from /opt/airflow/dags/kaldata_dag.py
[2026-05-27T13:15:05.112+0000] {processor.py:840} INFO - DAG(s) 'kaldata_scraper' retrieved from /opt/airflow/dags/kaldata_dag.py
[2026-05-27T13:15:05.180+0000] {logging_mixin.py:188} INFO - [2026-05-27T13:15:05.179+0000] {dag.py:3047} INFO - Sync 1 DAGs
[2026-05-27T13:15:05.239+0000] {logging_mixin.py:188} INFO - [2026-05-27T13:15:05.239+0000] {dag.py:3834} INFO - Setting next_dagrun for kaldata_scraper to 2026-05-27 00:00:00+00:00, run_after=2026-05-28 00:00:00+00:00
[2026-05-27T13:15:05.295+0000] {processor.py:183} INFO - Processing /opt/airflow/dags/kaldata_dag.py took 1.414 seconds
[2026-05-27T13:15:35.838+0000] {processor.py:161} INFO - Started process (PID=6632) to work on /opt/airflow/dags/kaldata_dag.py
[2026-05-27T13:15:35.844+0000] {processor.py:830} INFO - Processing file /opt/airflow/dags/kaldata_dag.py for tasks to queue
[2026-05-27T13:15:35.848+0000] {logging_mixin.py:188} INFO - [2026-05-27T13:15:35.847+0000] {dagbag.py:540} INFO - Filling up the DagBag from /opt/airflow/dags/kaldata_dag.py
[2026-05-27T13:15:35.929+0000] {processor.py:840} INFO - DAG(s) 'kaldata_scraper' retrieved from /opt/airflow/dags/kaldata_dag.py
[2026-05-27T13:15:36.029+0000] {logging_mixin.py:188} INFO - [2026-05-27T13:15:36.028+0000] {dag.py:3047} INFO - Sync 1 DAGs
[2026-05-27T13:15:36.107+0000] {logging_mixin.py:188} INFO - [2026-05-27T13:15:36.107+0000] {dag.py:3834} INFO - Setting next_dagrun for kaldata_scraper to 2026-05-27 00:00:00+00:00, run_after=2026-05-28 00:00:00+00:00
[2026-05-27T13:15:36.179+0000] {processor.py:183} INFO - Processing /opt/airflow/dags/kaldata_dag.py took 0.361 seconds
[2026-05-27T13:16:06.488+0000] {processor.py:161} INFO - Started process (PID=6662) to work on /opt/airflow/dags/kaldata_dag.py
[2026-05-27T13:16:06.491+0000] {processor.py:830} INFO - Processing file /opt/airflow/dags/kaldata_dag.py for tasks to queue
[2026-05-27T13:16:06.495+0000] {logging_mixin.py:188} INFO - [2026-05-27T13:16:06.493+0000] {dagbag.py:540} INFO - Filling up the DagBag from /opt/airflow/dags/kaldata_dag.py
[2026-05-27T13:16:06.561+0000] {processor.py:840} INFO - DAG(s) 'kaldata_scraper' retrieved from /opt/airflow/dags/kaldata_dag.py
[2026-05-27T13:16:06.636+0000] {logging_mixin.py:188} INFO - [2026-05-27T13:16:06.635+0000] {dag.py:3047} INFO - Sync 1 DAGs
[2026-05-27T13:16:06.701+0000] {logging_mixin.py:188} INFO - [2026-05-27T13:16:06.700+0000] {dag.py:3834} INFO - Setting next_dagrun for kaldata_scraper to 2026-05-27 00:00:00+00:00, run_after=2026-05-28 00:00:00+00:00
[2026-05-27T13:16:06.942+0000] {processor.py:183} INFO - Processing /opt/airflow/dags/kaldata_dag.py took 0.466 seconds
[2026-05-27T13:16:37.977+0000] {processor.py:161} INFO - Started process (PID=6692) to work on /opt/airflow/dags/kaldata_dag.py
[2026-05-27T13:16:37.984+0000] {processor.py:830} INFO - Processing file /opt/airflow/dags/kaldata_dag.py for tasks to queue
[2026-05-27T13:16:37.990+0000] {logging_mixin.py:188} INFO - [2026-05-27T13:16:37.989+0000] {dagbag.py:540} INFO - Filling up the DagBag from /opt/airflow/dags/kaldata_dag.py
[2026-05-27T13:16:38.051+0000] {processor.py:840} INFO - DAG(s) 'kaldata_scraper' retrieved from /opt/airflow/dags/kaldata_dag.py
[2026-05-27T13:16:38.136+0000] {logging_mixin.py:188} INFO - [2026-05-27T13:16:38.135+0000] {dag.py:3047} INFO - Sync 1 DAGs
[2026-05-27T13:16:38.206+0000] {logging_mixin.py:188} INFO - [2026-05-27T13:16:38.206+0000] {dag.py:3834} INFO - Setting next_dagrun for kaldata_scraper to 2026-05-27 00:00:00+00:00, run_after=2026-05-28 00:00:00+00:00
[2026-05-27T13:16:38.339+0000] {processor.py:183} INFO - Processing /opt/airflow/dags/kaldata_dag.py took 0.393 seconds
[2026-05-27T13:17:08.487+0000] {processor.py:161} INFO - Started process (PID=6722) to work on /opt/airflow/dags/kaldata_dag.py
[2026-05-27T13:17:08.492+0000] {processor.py:830} INFO - Processing file /opt/airflow/dags/kaldata_dag.py for tasks to queue
[2026-05-27T13:17:08.498+0000] {logging_mixin.py:188} INFO - [2026-05-27T13:17:08.497+0000] {dagbag.py:540} INFO - Filling up the DagBag from /opt/airflow/dags/kaldata_dag.py
[2026-05-27T13:17:08.563+0000] {processor.py:840} INFO - DAG(s) 'kaldata_scraper' retrieved from /opt/airflow/dags/kaldata_dag.py
[2026-05-27T13:17:08.640+0000] {logging_mixin.py:188} INFO - [2026-05-27T13:17:08.640+0000] {dag.py:3047} INFO - Sync 1 DAGs
[2026-05-27T13:17:08.702+0000] {logging_mixin.py:188} INFO - [2026-05-27T13:17:08.701+0000] {dag.py:3834} INFO - Setting next_dagrun for kaldata_scraper to 2026-05-27 00:00:00+00:00, run_after=2026-05-28 00:00:00+00:00
[2026-05-27T13:17:08.763+0000] {processor.py:183} INFO - Processing /opt/airflow/dags/kaldata_dag.py took 0.296 seconds
[2026-05-27T13:17:39.329+0000] {processor.py:161} INFO - Started process (PID=6752) to work on /opt/airflow/dags/kaldata_dag.py
[2026-05-27T13:17:39.332+0000] {processor.py:830} INFO - Processing file /opt/airflow/dags/kaldata_dag.py for tasks to queue
[2026-05-27T13:17:39.335+0000] {logging_mixin.py:188} INFO - [2026-05-27T13:17:39.334+0000] {dagbag.py:540} INFO - Filling up the DagBag from /opt/airflow/dags/kaldata_dag.py
[2026-05-27T13:17:39.393+0000] {processor.py:840} INFO - DAG(s) 'kaldata_scraper' retrieved from /opt/airflow/dags/kaldata_dag.py
[2026-05-27T13:17:39.591+0000] {logging_mixin.py:188} INFO - [2026-05-27T13:17:39.591+0000] {dag.py:3047} INFO - Sync 1 DAGs
[2026-05-27T13:17:39.892+0000] {logging_mixin.py:188} INFO - [2026-05-27T13:17:39.865+0000] {dag.py:3834} INFO - Setting next_dagrun for kaldata_scraper to 2026-05-27 00:00:00+00:00, run_after=2026-05-28 00:00:00+00:00
[2026-05-27T13:17:40.091+0000] {processor.py:183} INFO - Processing /opt/airflow/dags/kaldata_dag.py took 0.774 seconds
[2026-05-27T13:18:10.487+0000] {processor.py:161} INFO - Started process (PID=6782) to work on /opt/airflow/dags/kaldata_dag.py
[2026-05-27T13:18:10.495+0000] {processor.py:830} INFO - Processing file /opt/airflow/dags/kaldata_dag.py for tasks to queue
[2026-05-27T13:18:10.500+0000] {logging_mixin.py:188} INFO - [2026-05-27T13:18:10.499+0000] {dagbag.py:540} INFO - Filling up the DagBag from /opt/airflow/dags/kaldata_dag.py
[2026-05-27T13:18:10.585+0000] {processor.py:840} INFO - DAG(s) 'kaldata_scraper' retrieved from /opt/airflow/dags/kaldata_dag.py
[2026-05-27T13:18:10.660+0000] {logging_mixin.py:188} INFO - [2026-05-27T13:18:10.659+0000] {dag.py:3047} INFO - Sync 1 DAGs
[2026-05-27T13:18:10.777+0000] {logging_mixin.py:188} INFO - [2026-05-27T13:18:10.777+0000] {dag.py:3834} INFO - Setting next_dagrun for kaldata_scraper to 2026-05-27 00:00:00+00:00, run_after=2026-05-28 00:00:00+00:00
[2026-05-27T13:18:10.926+0000] {processor.py:183} INFO - Processing /opt/airflow/dags/kaldata_dag.py took 0.459 seconds
[2026-05-27T13:18:42.096+0000] {processor.py:161} INFO - Started process (PID=6812) to work on /opt/airflow/dags/kaldata_dag.py
[2026-05-27T13:18:42.112+0000] {processor.py:830} INFO - Processing file /opt/airflow/dags/kaldata_dag.py for tasks to queue
[2026-05-27T13:18:42.116+0000] {logging_mixin.py:188} INFO - [2026-05-27T13:18:42.115+0000] {dagbag.py:540} INFO - Filling up the DagBag from /opt/airflow/dags/kaldata_dag.py
[2026-05-27T13:18:42.229+0000] {processor.py:840} INFO - DAG(s) 'kaldata_scraper' retrieved from /opt/airflow/dags/kaldata_dag.py
[2026-05-27T13:18:42.312+0000] {logging_mixin.py:188} INFO - [2026-05-27T13:18:42.311+0000] {dag.py:3047} INFO - Sync 1 DAGs
[2026-05-27T13:18:42.398+0000] {logging_mixin.py:188} INFO - [2026-05-27T13:18:42.398+0000] {dag.py:3834} INFO - Setting next_dagrun for kaldata_scraper to 2026-05-27 00:00:00+00:00, run_after=2026-05-28 00:00:00+00:00
[2026-05-27T13:18:42.462+0000] {processor.py:183} INFO - Processing /opt/airflow/dags/kaldata_dag.py took 0.389 seconds
[2026-05-27T13:19:12.986+0000] {processor.py:161} INFO - Started process (PID=6842) to work on /opt/airflow/dags/kaldata_dag.py
[2026-05-27T13:19:12.999+0000] {processor.py:830} INFO - Processing file /opt/airflow/dags/kaldata_dag.py for tasks to queue
[2026-05-27T13:19:13.002+0000] {logging_mixin.py:188} INFO - [2026-05-27T13:19:13.001+0000] {dagbag.py:540} INFO - Filling up the DagBag from /opt/airflow/dags/kaldata_dag.py
[2026-05-27T13:19:13.121+0000] {processor.py:840} INFO - DAG(s) 'kaldata_scraper' retrieved from /opt/airflow/dags/kaldata_dag.py
[2026-05-27T13:19:13.245+0000] {logging_mixin.py:188} INFO - [2026-05-27T13:19:13.244+0000] {dag.py:3047} INFO - Sync 1 DAGs
[2026-05-27T13:19:13.488+0000] {logging_mixin.py:188} INFO - [2026-05-27T13:19:13.487+0000] {dag.py:3834} INFO - Setting next_dagrun for kaldata_scraper to 2026-05-27 00:00:00+00:00, run_after=2026-05-28 00:00:00+00:00
[2026-05-27T13:19:13.752+0000] {processor.py:183} INFO - Processing /opt/airflow/dags/kaldata_dag.py took 0.802 seconds
[2026-05-27T13:19:45.046+0000] {processor.py:161} INFO - Started process (PID=6872) to work on /opt/airflow/dags/kaldata_dag.py
[2026-05-27T13:19:45.064+0000] {processor.py:830} INFO - Processing file /opt/airflow/dags/kaldata_dag.py for tasks to queue
[2026-05-27T13:19:45.074+0000] {logging_mixin.py:188} INFO - [2026-05-27T13:19:45.073+0000] {dagbag.py:540} INFO - Filling up the DagBag from /opt/airflow/dags/kaldata_dag.py
[2026-05-27T13:19:45.264+0000] {processor.py:840} INFO - DAG(s) 'kaldata_scraper' retrieved from /opt/airflow/dags/kaldata_dag.py
[2026-05-27T13:19:45.394+0000] {logging_mixin.py:188} INFO - [2026-05-27T13:19:45.393+0000] {dag.py:3047} INFO - Sync 1 DAGs
[2026-05-27T13:19:45.514+0000] {logging_mixin.py:188} INFO - [2026-05-27T13:19:45.514+0000] {dag.py:3834} INFO - Setting next_dagrun for kaldata_scraper to 2026-05-27 00:00:00+00:00, run_after=2026-05-28 00:00:00+00:00
[2026-05-27T13:19:45.754+0000] {processor.py:183} INFO - Processing /opt/airflow/dags/kaldata_dag.py took 0.736 seconds
[2026-05-27T13:20:16.078+0000] {processor.py:161} INFO - Started process (PID=6902) to work on /opt/airflow/dags/kaldata_dag.py
[2026-05-27T13:20:16.081+0000] {processor.py:830} INFO - Processing file /opt/airflow/dags/kaldata_dag.py for tasks to queue
[2026-05-27T13:20:16.084+0000] {logging_mixin.py:188} INFO - [2026-05-27T13:20:16.083+0000] {dagbag.py:540} INFO - Filling up the DagBag from /opt/airflow/dags/kaldata_dag.py
[2026-05-27T13:20:16.133+0000] {processor.py:840} INFO - DAG(s) 'kaldata_scraper' retrieved from /opt/airflow/dags/kaldata_dag.py
[2026-05-27T13:20:16.198+0000] {logging_mixin.py:188} INFO - [2026-05-27T13:20:16.197+0000] {dag.py:3047} INFO - Sync 1 DAGs
[2026-05-27T13:20:16.259+0000] {logging_mixin.py:188} INFO - [2026-05-27T13:20:16.259+0000] {dag.py:3834} INFO - Setting next_dagrun for kaldata_scraper to 2026-05-27 00:00:00+00:00, run_after=2026-05-28 00:00:00+00:00
[2026-05-27T13:20:16.315+0000] {processor.py:183} INFO - Processing /opt/airflow/dags/kaldata_dag.py took 0.247 seconds
[2026-05-27T13:20:47.638+0000] {processor.py:161} INFO - Started process (PID=6932) to work on /opt/airflow/dags/kaldata_dag.py
[2026-05-27T13:20:47.653+0000] {processor.py:830} INFO - Processing file /opt/airflow/dags/kaldata_dag.py for tasks to queue
[2026-05-27T13:20:47.658+0000] {logging_mixin.py:188} INFO - [2026-05-27T13:20:47.657+0000] {dagbag.py:540} INFO - Filling up the DagBag from /opt/airflow/dags/kaldata_dag.py
[2026-05-27T13:20:47.830+0000] {processor.py:840} INFO - DAG(s) 'kaldata_scraper' retrieved from /opt/airflow/dags/kaldata_dag.py
[2026-05-27T13:20:47.929+0000] {logging_mixin.py:188} INFO - [2026-05-27T13:20:47.928+0000] {dag.py:3047} INFO - Sync 1 DAGs
[2026-05-27T13:20:47.992+0000] {logging_mixin.py:188} INFO - [2026-05-27T13:20:47.992+0000] {dag.py:3834} INFO - Setting next_dagrun for kaldata_scraper to 2026-05-27 00:00:00+00:00, run_after=2026-05-28 00:00:00+00:00
[2026-05-27T13:20:48.261+0000] {processor.py:183} INFO - Processing /opt/airflow/dags/kaldata_dag.py took 0.645 seconds
[2026-05-27T13:21:18.926+0000] {processor.py:161} INFO - Started process (PID=6962) to work on /opt/airflow/dags/kaldata_dag.py
[2026-05-27T13:21:18.930+0000] {processor.py:830} INFO - Processing file /opt/airflow/dags/kaldata_dag.py for tasks to queue
[2026-05-27T13:21:18.934+0000] {logging_mixin.py:188} INFO - [2026-05-27T13:21:18.933+0000] {dagbag.py:540} INFO - Filling up the DagBag from /opt/airflow/dags/kaldata_dag.py
[2026-05-27T13:21:19.006+0000] {processor.py:840} INFO - DAG(s) 'kaldata_scraper' retrieved from /opt/airflow/dags/kaldata_dag.py
[2026-05-27T13:21:19.087+0000] {logging_mixin.py:188} INFO - [2026-05-27T13:21:19.086+0000] {dag.py:3047} INFO - Sync 1 DAGs
[2026-05-27T13:21:19.157+0000] {logging_mixin.py:188} INFO - [2026-05-27T13:21:19.156+0000] {dag.py:3834} INFO - Setting next_dagrun for kaldata_scraper to 2026-05-27 00:00:00+00:00, run_after=2026-05-28 00:00:00+00:00
[2026-05-27T13:21:19.455+0000] {processor.py:183} INFO - Processing /opt/airflow/dags/kaldata_dag.py took 0.540 seconds
[2026-05-27T13:21:50.126+0000] {processor.py:161} INFO - Started process (PID=6992) to work on /opt/airflow/dags/kaldata_dag.py
[2026-05-27T13:21:50.129+0000] {processor.py:830} INFO - Processing file /opt/airflow/dags/kaldata_dag.py for tasks to queue
[2026-05-27T13:21:50.132+0000] {logging_mixin.py:188} INFO - [2026-05-27T13:21:50.131+0000] {dagbag.py:540} INFO - Filling up the DagBag from /opt/airflow/dags/kaldata_dag.py
[2026-05-27T13:21:50.193+0000] {processor.py:840} INFO - DAG(s) 'kaldata_scraper' retrieved from /opt/airflow/dags/kaldata_dag.py
[2026-05-27T13:21:50.274+0000] {logging_mixin.py:188} INFO - [2026-05-27T13:21:50.274+0000] {dag.py:3047} INFO - Sync 1 DAGs
[2026-05-27T13:21:50.349+0000] {logging_mixin.py:188} INFO - [2026-05-27T13:21:50.349+0000] {dag.py:3834} INFO - Setting next_dagrun for kaldata_scraper to 2026-05-27 00:00:00+00:00, run_after=2026-05-28 00:00:00+00:00
[2026-05-27T13:21:50.516+0000] {processor.py:183} INFO - Processing /opt/airflow/dags/kaldata_dag.py took 0.406 seconds
[2026-05-27T13:22:27.166+0000] {processor.py:161} INFO - Started process (PID=7022) to work on /opt/airflow/dags/kaldata_dag.py
[2026-05-27T13:22:27.212+0000] {processor.py:830} INFO - Processing file /opt/airflow/dags/kaldata_dag.py for tasks to queue
[2026-05-27T13:22:27.259+0000] {logging_mixin.py:188} INFO - [2026-05-27T13:22:27.258+0000] {dagbag.py:540} INFO - Filling up the DagBag from /opt/airflow/dags/kaldata_dag.py
[2026-05-27T13:22:28.151+0000] {processor.py:840} INFO - DAG(s) 'kaldata_scraper' retrieved from /opt/airflow/dags/kaldata_dag.py
[2026-05-27T13:22:28.346+0000] {logging_mixin.py:188} INFO - [2026-05-27T13:22:28.336+0000] {dag.py:3047} INFO - Sync 1 DAGs
[2026-05-27T13:22:28.559+0000] {logging_mixin.py:188} INFO - [2026-05-27T13:22:28.559+0000] {dag.py:3834} INFO - Setting next_dagrun for kaldata_scraper to 2026-05-27 00:00:00+00:00, run_after=2026-05-28 00:00:00+00:00
[2026-05-27T13:22:32.853+0000] {processor.py:183} INFO - Processing /opt/airflow/dags/kaldata_dag.py took 5.695 seconds
[2026-05-27T13:23:09.711+0000] {processor.py:161} INFO - Started process (PID=7052) to work on /opt/airflow/dags/kaldata_dag.py
[2026-05-27T13:23:09.737+0000] {processor.py:830} INFO - Processing file /opt/airflow/dags/kaldata_dag.py for tasks to queue
[2026-05-27T13:23:09.743+0000] {logging_mixin.py:188} INFO - [2026-05-27T13:23:09.743+0000] {dagbag.py:540} INFO - Filling up the DagBag from /opt/airflow/dags/kaldata_dag.py
[2026-05-27T13:23:10.026+0000] {processor.py:840} INFO - DAG(s) 'kaldata_scraper' retrieved from /opt/airflow/dags/kaldata_dag.py
[2026-05-27T13:23:10.242+0000] {logging_mixin.py:188} INFO - [2026-05-27T13:23:10.242+0000] {dag.py:3047} INFO - Sync 1 DAGs
[2026-05-27T13:23:10.660+0000] {logging_mixin.py:188} INFO - [2026-05-27T13:23:10.659+0000] {dag.py:3834} INFO - Setting next_dagrun for kaldata_scraper to 2026-05-27 00:00:00+00:00, run_after=2026-05-28 00:00:00+00:00
[2026-05-27T13:23:10.942+0000] {processor.py:183} INFO - Processing /opt/airflow/dags/kaldata_dag.py took 1.241 seconds
[2026-05-27T13:23:44.381+0000] {processor.py:161} INFO - Started process (PID=7082) to work on /opt/airflow/dags/kaldata_dag.py
[2026-05-27T13:23:44.385+0000] {processor.py:830} INFO - Processing file /opt/airflow/dags/kaldata_dag.py for tasks to queue
[2026-05-27T13:23:44.396+0000] {logging_mixin.py:188} INFO - [2026-05-27T13:23:44.389+0000] {dagbag.py:540} INFO - Filling up the DagBag from /opt/airflow/dags/kaldata_dag.py
[2026-05-27T13:23:45.139+0000] {processor.py:840} INFO - DAG(s) 'kaldata_scraper' retrieved from /opt/airflow/dags/kaldata_dag.py
[2026-05-27T13:23:45.312+0000] {logging_mixin.py:188} INFO - [2026-05-27T13:23:45.311+0000] {dag.py:3047} INFO - Sync 1 DAGs
[2026-05-27T13:23:45.552+0000] {logging_mixin.py:188} INFO - [2026-05-27T13:23:45.541+0000] {dag.py:3834} INFO - Setting next_dagrun for kaldata_scraper to 2026-05-27 00:00:00+00:00, run_after=2026-05-28 00:00:00+00:00
[2026-05-27T13:23:46.085+0000] {processor.py:183} INFO - Processing /opt/airflow/dags/kaldata_dag.py took 1.723 seconds
[2026-05-27T13:24:17.457+0000] {processor.py:161} INFO - Started process (PID=7112) to work on /opt/airflow/dags/kaldata_dag.py
[2026-05-27T13:24:17.461+0000] {processor.py:830} INFO - Processing file /opt/airflow/dags/kaldata_dag.py for tasks to queue
[2026-05-27T13:24:17.464+0000] {logging_mixin.py:188} INFO - [2026-05-27T13:24:17.463+0000] {dagbag.py:540} INFO - Filling up the DagBag from /opt/airflow/dags/kaldata_dag.py
[2026-05-27T13:24:17.531+0000] {processor.py:840} INFO - DAG(s) 'kaldata_scraper' retrieved from /opt/airflow/dags/kaldata_dag.py
[2026-05-27T13:24:17.618+0000] {logging_mixin.py:188} INFO - [2026-05-27T13:24:17.618+0000] {dag.py:3047} INFO - Sync 1 DAGs
[2026-05-27T13:24:17.691+0000] {logging_mixin.py:188} INFO - [2026-05-27T13:24:17.690+0000] {dag.py:3834} INFO - Setting next_dagrun for kaldata_scraper to 2026-05-27 00:00:00+00:00, run_after=2026-05-28 00:00:00+00:00
[2026-05-27T13:24:17.760+0000] {processor.py:183} INFO - Processing /opt/airflow/dags/kaldata_dag.py took 0.313 seconds
[2026-05-27T13:24:47.998+0000] {processor.py:161} INFO - Started process (PID=7142) to work on /opt/airflow/dags/kaldata_dag.py
[2026-05-27T13:24:48.001+0000] {processor.py:830} INFO - Processing file /opt/airflow/dags/kaldata_dag.py for tasks to queue
[2026-05-27T13:24:48.004+0000] {logging_mixin.py:188} INFO - [2026-05-27T13:24:48.003+0000] {dagbag.py:540} INFO - Filling up the DagBag from /opt/airflow/dags/kaldata_dag.py
[2026-05-27T13:24:48.058+0000] {processor.py:840} INFO - DAG(s) 'kaldata_scraper' retrieved from /opt/airflow/dags/kaldata_dag.py
[2026-05-27T13:24:48.124+0000] {logging_mixin.py:188} INFO - [2026-05-27T13:24:48.124+0000] {dag.py:3047} INFO - Sync 1 DAGs
[2026-05-27T13:24:48.191+0000] {logging_mixin.py:188} INFO - [2026-05-27T13:24:48.190+0000] {dag.py:3834} INFO - Setting next_dagrun for kaldata_scraper to 2026-05-27 00:00:00+00:00, run_after=2026-05-28 00:00:00+00:00
[2026-05-27T13:24:48.323+0000] {processor.py:183} INFO - Processing /opt/airflow/dags/kaldata_dag.py took 0.344 seconds
[2026-05-27T13:25:18.523+0000] {processor.py:161} INFO - Started process (PID=7172) to work on /opt/airflow/dags/kaldata_dag.py
[2026-05-27T13:25:18.526+0000] {processor.py:830} INFO - Processing file /opt/airflow/dags/kaldata_dag.py for tasks to queue
[2026-05-27T13:25:18.529+0000] {logging_mixin.py:188} INFO - [2026-05-27T13:25:18.528+0000] {dagbag.py:540} INFO - Filling up the DagBag from /opt/airflow/dags/kaldata_dag.py
[2026-05-27T13:25:18.585+0000] {processor.py:840} INFO - DAG(s) 'kaldata_scraper' retrieved from /opt/airflow/dags/kaldata_dag.py
[2026-05-27T13:25:18.648+0000] {logging_mixin.py:188} INFO - [2026-05-27T13:25:18.647+0000] {dag.py:3047} INFO - Sync 1 DAGs
[2026-05-27T13:25:18.710+0000] {logging_mixin.py:188} INFO - [2026-05-27T13:25:18.710+0000] {dag.py:3834} INFO - Setting next_dagrun for kaldata_scraper to 2026-05-27 00:00:00+00:00, run_after=2026-05-28 00:00:00+00:00
[2026-05-27T13:25:18.768+0000] {processor.py:183} INFO - Processing /opt/airflow/dags/kaldata_dag.py took 0.262 seconds
[2026-05-27T13:25:49.075+0000] {processor.py:161} INFO - Started process (PID=7202) to work on /opt/airflow/dags/kaldata_dag.py
[2026-05-27T13:25:49.079+0000] {processor.py:830} INFO - Processing file /opt/airflow/dags/kaldata_dag.py for tasks to queue
[2026-05-27T13:25:49.082+0000] {logging_mixin.py:188} INFO - [2026-05-27T13:25:49.081+0000] {dagbag.py:540} INFO - Filling up the DagBag from /opt/airflow/dags/kaldata_dag.py
[2026-05-27T13:25:49.148+0000] {processor.py:840} INFO - DAG(s) 'kaldata_scraper' retrieved from /opt/airflow/dags/kaldata_dag.py
[2026-05-27T13:25:49.240+0000] {logging_mixin.py:188} INFO - [2026-05-27T13:25:49.240+0000] {dag.py:3047} INFO - Sync 1 DAGs
[2026-05-27T13:25:49.302+0000] {logging_mixin.py:188} INFO - [2026-05-27T13:25:49.301+0000] {dag.py:3834} INFO - Setting next_dagrun for kaldata_scraper to 2026-05-27 00:00:00+00:00, run_after=2026-05-28 00:00:00+00:00
[2026-05-27T13:25:49.357+0000] {processor.py:183} INFO - Processing /opt/airflow/dags/kaldata_dag.py took 0.294 seconds
[2026-05-27T13:26:21.847+0000] {processor.py:161} INFO - Started process (PID=7232) to work on /opt/airflow/dags/kaldata_dag.py
[2026-05-27T13:26:21.878+0000] {processor.py:830} INFO - Processing file /opt/airflow/dags/kaldata_dag.py for tasks to queue
[2026-05-27T13:26:21.931+0000] {logging_mixin.py:188} INFO - [2026-05-27T13:26:21.930+0000] {dagbag.py:540} INFO - Filling up the DagBag from /opt/airflow/dags/kaldata_dag.py
[2026-05-27T13:26:23.231+0000] {processor.py:840} INFO - DAG(s) 'kaldata_scraper' retrieved from /opt/airflow/dags/kaldata_dag.py
[2026-05-27T13:26:23.457+0000] {logging_mixin.py:188} INFO - [2026-05-27T13:26:23.456+0000] {dag.py:3047} INFO - Sync 1 DAGs
[2026-05-27T13:26:23.633+0000] {logging_mixin.py:188} INFO - [2026-05-27T13:26:23.632+0000] {dag.py:3834} INFO - Setting next_dagrun for kaldata_scraper to 2026-05-27 00:00:00+00:00, run_after=2026-05-28 00:00:00+00:00
[2026-05-27T13:26:23.833+0000] {processor.py:183} INFO - Processing /opt/airflow/dags/kaldata_dag.py took 2.006 seconds
[2026-05-27T13:27:05.682+0000] {processor.py:161} INFO - Started process (PID=7262) to work on /opt/airflow/dags/kaldata_dag.py
[2026-05-27T13:27:05.696+0000] {processor.py:830} INFO - Processing file /opt/airflow/dags/kaldata_dag.py for tasks to queue
[2026-05-27T13:27:05.726+0000] {logging_mixin.py:188} INFO - [2026-05-27T13:27:05.725+0000] {dagbag.py:540} INFO - Filling up the DagBag from /opt/airflow/dags/kaldata_dag.py
[2026-05-27T13:27:06.718+0000] {processor.py:840} INFO - DAG(s) 'kaldata_scraper' retrieved from /opt/airflow/dags/kaldata_dag.py
[2026-05-27T13:27:06.932+0000] {logging_mixin.py:188} INFO - [2026-05-27T13:27:06.931+0000] {dag.py:3047} INFO - Sync 1 DAGs
[2026-05-27T13:27:07.154+0000] {logging_mixin.py:188} INFO - [2026-05-27T13:27:07.143+0000] {dag.py:3834} INFO - Setting next_dagrun for kaldata_scraper to 2026-05-27 00:00:00+00:00, run_after=2026-05-28 00:00:00+00:00
[2026-05-27T13:27:07.450+0000] {processor.py:183} INFO - Processing /opt/airflow/dags/kaldata_dag.py took 1.776 seconds
[2026-05-27T13:27:38.039+0000] {processor.py:161} INFO - Started process (PID=7292) to work on /opt/airflow/dags/kaldata_dag.py
[2026-05-27T13:27:38.043+0000] {processor.py:830} INFO - Processing file /opt/airflow/dags/kaldata_dag.py for tasks to queue
[2026-05-27T13:27:38.047+0000] {logging_mixin.py:188} INFO - [2026-05-27T13:27:38.045+0000] {dagbag.py:540} INFO - Filling up the DagBag from /opt/airflow/dags/kaldata_dag.py
[2026-05-27T13:27:38.113+0000] {processor.py:840} INFO - DAG(s) 'kaldata_scraper' retrieved from /opt/airflow/dags/kaldata_dag.py
[2026-05-27T13:27:38.273+0000] {logging_mixin.py:188} INFO - [2026-05-27T13:27:38.273+0000] {dag.py:3047} INFO - Sync 1 DAGs
[2026-05-27T13:27:38.640+0000] {logging_mixin.py:188} INFO - [2026-05-27T13:27:38.628+0000] {dag.py:3834} INFO - Setting next_dagrun for kaldata_scraper to 2026-05-27 00:00:00+00:00, run_after=2026-05-28 00:00:00+00:00
[2026-05-27T13:27:38.929+0000] {processor.py:183} INFO - Processing /opt/airflow/dags/kaldata_dag.py took 0.903 seconds
[2026-05-27T13:28:09.858+0000] {processor.py:161} INFO - Started process (PID=7322) to work on /opt/airflow/dags/kaldata_dag.py
[2026-05-27T13:28:09.873+0000] {processor.py:830} INFO - Processing file /opt/airflow/dags/kaldata_dag.py for tasks to queue
[2026-05-27T13:28:09.881+0000] {logging_mixin.py:188} INFO - [2026-05-27T13:28:09.880+0000] {dagbag.py:540} INFO - Filling up the DagBag from /opt/airflow/dags/kaldata_dag.py
[2026-05-27T13:28:09.965+0000] {processor.py:840} INFO - DAG(s) 'kaldata_scraper' retrieved from /opt/airflow/dags/kaldata_dag.py
[2026-05-27T13:28:10.037+0000] {logging_mixin.py:188} INFO - [2026-05-27T13:28:10.036+0000] {dag.py:3047} INFO - Sync 1 DAGs
[2026-05-27T13:28:10.101+0000] {logging_mixin.py:188} INFO - [2026-05-27T13:28:10.100+0000] {dag.py:3834} INFO - Setting next_dagrun for kaldata_scraper to 2026-05-27 00:00:00+00:00, run_after=2026-05-28 00:00:00+00:00
[2026-05-27T13:28:10.153+0000] {processor.py:183} INFO - Processing /opt/airflow/dags/kaldata_dag.py took 0.315 seconds
[2026-05-27T13:28:40.568+0000] {processor.py:161} INFO - Started process (PID=7352) to work on /opt/airflow/dags/kaldata_dag.py
[2026-05-27T13:28:40.572+0000] {processor.py:830} INFO - Processing file /opt/airflow/dags/kaldata_dag.py for tasks to queue
[2026-05-27T13:28:40.575+0000] {logging_mixin.py:188} INFO - [2026-05-27T13:28:40.574+0000] {dagbag.py:540} INFO - Filling up the DagBag from /opt/airflow/dags/kaldata_dag.py
[2026-05-27T13:28:40.651+0000] {processor.py:840} INFO - DAG(s) 'kaldata_scraper' retrieved from /opt/airflow/dags/kaldata_dag.py
[2026-05-27T13:28:40.739+0000] {logging_mixin.py:188} INFO - [2026-05-27T13:28:40.738+0000] {dag.py:3047} INFO - Sync 1 DAGs
[2026-05-27T13:28:40.956+0000] {logging_mixin.py:188} INFO - [2026-05-27T13:28:40.956+0000] {dag.py:3834} INFO - Setting next_dagrun for kaldata_scraper to 2026-05-27 00:00:00+00:00, run_after=2026-05-28 00:00:00+00:00
[2026-05-27T13:28:41.208+0000] {processor.py:183} INFO - Processing /opt/airflow/dags/kaldata_dag.py took 0.654 seconds
[2026-05-27T13:29:11.494+0000] {processor.py:161} INFO - Started process (PID=7382) to work on /opt/airflow/dags/kaldata_dag.py
[2026-05-27T13:29:11.497+0000] {processor.py:830} INFO - Processing file /opt/airflow/dags/kaldata_dag.py for tasks to queue
[2026-05-27T13:29:11.499+0000] {logging_mixin.py:188} INFO - [2026-05-27T13:29:11.499+0000] {dagbag.py:540} INFO - Filling up the DagBag from /opt/airflow/dags/kaldata_dag.py
[2026-05-27T13:29:11.549+0000] {processor.py:840} INFO - DAG(s) 'kaldata_scraper' retrieved from /opt/airflow/dags/kaldata_dag.py
[2026-05-27T13:29:11.617+0000] {logging_mixin.py:188} INFO - [2026-05-27T13:29:11.617+0000] {dag.py:3047} INFO - Sync 1 DAGs
[2026-05-27T13:29:11.682+0000] {logging_mixin.py:188} INFO - [2026-05-27T13:29:11.681+0000] {dag.py:3834} INFO - Setting next_dagrun for kaldata_scraper to 2026-05-27 00:00:00+00:00, run_after=2026-05-28 00:00:00+00:00
[2026-05-27T13:29:11.765+0000] {processor.py:183} INFO - Processing /opt/airflow/dags/kaldata_dag.py took 0.281 seconds
[2026-05-27T13:29:41.916+0000] {processor.py:161} INFO - Started process (PID=7412) to work on /opt/airflow/dags/kaldata_dag.py
[2026-05-27T13:29:41.920+0000] {processor.py:830} INFO - Processing file /opt/airflow/dags/kaldata_dag.py for tasks to queue
[2026-05-27T13:29:41.922+0000] {logging_mixin.py:188} INFO - [2026-05-27T13:29:41.922+0000] {dagbag.py:540} INFO - Filling up the DagBag from /opt/airflow/dags/kaldata_dag.py
[2026-05-27T13:29:41.973+0000] {processor.py:840} INFO - DAG(s) 'kaldata_scraper' retrieved from /opt/airflow/dags/kaldata_dag.py
[2026-05-27T13:29:42.058+0000] {logging_mixin.py:188} INFO - [2026-05-27T13:29:42.058+0000] {dag.py:3047} INFO - Sync 1 DAGs
[2026-05-27T13:29:42.123+0000] {logging_mixin.py:188} INFO - [2026-05-27T13:29:42.122+0000] {dag.py:3834} INFO - Setting next_dagrun for kaldata_scraper to 2026-05-27 00:00:00+00:00, run_after=2026-05-28 00:00:00+00:00
[2026-05-27T13:29:42.171+0000] {processor.py:183} INFO - Processing /opt/airflow/dags/kaldata_dag.py took 0.266 seconds
[2026-05-27T13:30:13.004+0000] {processor.py:161} INFO - Started process (PID=7442) to work on /opt/airflow/dags/kaldata_dag.py
[2026-05-27T13:30:13.012+0000] {processor.py:830} INFO - Processing file /opt/airflow/dags/kaldata_dag.py for tasks to queue
[2026-05-27T13:30:13.025+0000] {logging_mixin.py:188} INFO - [2026-05-27T13:30:13.024+0000] {dagbag.py:540} INFO - Filling up the DagBag from /opt/airflow/dags/kaldata_dag.py
[2026-05-27T13:30:13.332+0000] {processor.py:840} INFO - DAG(s) 'kaldata_scraper' retrieved from /opt/airflow/dags/kaldata_dag.py
[2026-05-27T13:30:13.511+0000] {logging_mixin.py:188} INFO - [2026-05-27T13:30:13.510+0000] {dag.py:3047} INFO - Sync 1 DAGs
[2026-05-27T13:30:13.586+0000] {logging_mixin.py:188} INFO - [2026-05-27T13:30:13.585+0000] {dag.py:3834} INFO - Setting next_dagrun for kaldata_scraper to 2026-05-27 00:00:00+00:00, run_after=2026-05-28 00:00:00+00:00
[2026-05-27T13:30:13.652+0000] {processor.py:183} INFO - Processing /opt/airflow/dags/kaldata_dag.py took 0.668 seconds
[2026-05-27T13:30:44.835+0000] {processor.py:161} INFO - Started process (PID=7472) to work on /opt/airflow/dags/kaldata_dag.py
[2026-05-27T13:30:44.839+0000] {processor.py:830} INFO - Processing file /opt/airflow/dags/kaldata_dag.py for tasks to queue
[2026-05-27T13:30:44.848+0000] {logging_mixin.py:188} INFO - [2026-05-27T13:30:44.847+0000] {dagbag.py:540} INFO - Filling up the DagBag from /opt/airflow/dags/kaldata_dag.py
[2026-05-27T13:30:44.958+0000] {processor.py:840} INFO - DAG(s) 'kaldata_scraper' retrieved from /opt/airflow/dags/kaldata_dag.py
[2026-05-27T13:30:45.097+0000] {logging_mixin.py:188} INFO - [2026-05-27T13:30:45.097+0000] {dag.py:3047} INFO - Sync 1 DAGs
[2026-05-27T13:30:45.232+0000] {logging_mixin.py:188} INFO - [2026-05-27T13:30:45.231+0000] {dag.py:3834} INFO - Setting next_dagrun for kaldata_scraper to 2026-05-27 00:00:00+00:00, run_after=2026-05-28 00:00:00+00:00
[2026-05-27T13:30:45.349+0000] {processor.py:183} INFO - Processing /opt/airflow/dags/kaldata_dag.py took 0.531 seconds
[2026-05-27T13:31:15.861+0000] {processor.py:161} INFO - Started process (PID=7502) to work on /opt/airflow/dags/kaldata_dag.py
[2026-05-27T13:31:15.866+0000] {processor.py:830} INFO - Processing file /opt/airflow/dags/kaldata_dag.py for tasks to queue
[2026-05-27T13:31:15.869+0000] {logging_mixin.py:188} INFO - [2026-05-27T13:31:15.868+0000] {dagbag.py:540} INFO - Filling up the DagBag from /opt/airflow/dags/kaldata_dag.py
[2026-05-27T13:31:15.932+0000] {processor.py:840} INFO - DAG(s) 'kaldata_scraper' retrieved from /opt/airflow/dags/kaldata_dag.py
[2026-05-27T13:31:16.003+0000] {logging_mixin.py:188} INFO - [2026-05-27T13:31:16.002+0000] {dag.py:3047} INFO - Sync 1 DAGs
[2026-05-27T13:31:16.065+0000] {logging_mixin.py:188} INFO - [2026-05-27T13:31:16.064+0000] {dag.py:3834} INFO - Setting next_dagrun for kaldata_scraper to 2026-05-27 00:00:00+00:00, run_after=2026-05-28 00:00:00+00:00
[2026-05-27T13:31:16.118+0000] {processor.py:183} INFO - Processing /opt/airflow/dags/kaldata_dag.py took 0.267 seconds
[2026-05-27T13:31:46.326+0000] {processor.py:161} INFO - Started process (PID=7532) to work on /opt/airflow/dags/kaldata_dag.py
[2026-05-27T13:31:46.331+0000] {processor.py:830} INFO - Processing file /opt/airflow/dags/kaldata_dag.py for tasks to queue
[2026-05-27T13:31:46.336+0000] {logging_mixin.py:188} INFO - [2026-05-27T13:31:46.334+0000] {dagbag.py:540} INFO - Filling up the DagBag from /opt/airflow/dags/kaldata_dag.py
[2026-05-27T13:31:46.449+0000] {processor.py:840} INFO - DAG(s) 'kaldata_scraper' retrieved from /opt/airflow/dags/kaldata_dag.py
[2026-05-27T13:31:46.667+0000] {logging_mixin.py:188} INFO - [2026-05-27T13:31:46.666+0000] {dag.py:3047} INFO - Sync 1 DAGs
[2026-05-27T13:31:46.903+0000] {logging_mixin.py:188} INFO - [2026-05-27T13:31:46.903+0000] {dag.py:3834} INFO - Setting next_dagrun for kaldata_scraper to 2026-05-27 00:00:00+00:00, run_after=2026-05-28 00:00:00+00:00
[2026-05-27T13:31:47.068+0000] {processor.py:183} INFO - Processing /opt/airflow/dags/kaldata_dag.py took 0.754 seconds
[2026-05-27T13:32:17.313+0000] {processor.py:161} INFO - Started process (PID=7562) to work on /opt/airflow/dags/kaldata_dag.py
[2026-05-27T13:32:17.316+0000] {processor.py:830} INFO - Processing file /opt/airflow/dags/kaldata_dag.py for tasks to queue
[2026-05-27T13:32:17.319+0000] {logging_mixin.py:188} INFO - [2026-05-27T13:32:17.318+0000] {dagbag.py:540} INFO - Filling up the DagBag from /opt/airflow/dags/kaldata_dag.py
[2026-05-27T13:32:17.367+0000] {processor.py:840} INFO - DAG(s) 'kaldata_scraper' retrieved from /opt/airflow/dags/kaldata_dag.py
[2026-05-27T13:32:17.435+0000] {logging_mixin.py:188} INFO - [2026-05-27T13:32:17.435+0000] {dag.py:3047} INFO - Sync 1 DAGs
[2026-05-27T13:32:17.496+0000] {logging_mixin.py:188} INFO - [2026-05-27T13:32:17.495+0000] {dag.py:3834} INFO - Setting next_dagrun for kaldata_scraper to 2026-05-27 00:00:00+00:00, run_after=2026-05-28 00:00:00+00:00
[2026-05-27T13:32:17.547+0000] {processor.py:183} INFO - Processing /opt/airflow/dags/kaldata_dag.py took 0.244 seconds
[2026-05-27T13:32:48.488+0000] {processor.py:161} INFO - Started process (PID=7592) to work on /opt/airflow/dags/kaldata_dag.py
[2026-05-27T13:32:48.492+0000] {processor.py:830} INFO - Processing file /opt/airflow/dags/kaldata_dag.py for tasks to queue
[2026-05-27T13:32:48.495+0000] {logging_mixin.py:188} INFO - [2026-05-27T13:32:48.494+0000] {dagbag.py:540} INFO - Filling up the DagBag from /opt/airflow/dags/kaldata_dag.py
[2026-05-27T13:32:48.546+0000] {processor.py:840} INFO - DAG(s) 'kaldata_scraper' retrieved from /opt/airflow/dags/kaldata_dag.py
[2026-05-27T13:32:48.616+0000] {logging_mixin.py:188} INFO - [2026-05-27T13:32:48.616+0000] {dag.py:3047} INFO - Sync 1 DAGs
[2026-05-27T13:32:48.676+0000] {logging_mixin.py:188} INFO - [2026-05-27T13:32:48.675+0000] {dag.py:3834} INFO - Setting next_dagrun for kaldata_scraper to 2026-05-27 00:00:00+00:00, run_after=2026-05-28 00:00:00+00:00
[2026-05-27T13:32:48.748+0000] {processor.py:183} INFO - Processing /opt/airflow/dags/kaldata_dag.py took 0.270 seconds
[2026-05-27T13:33:19.450+0000] {processor.py:161} INFO - Started process (PID=7622) to work on /opt/airflow/dags/kaldata_dag.py
[2026-05-27T13:33:19.453+0000] {processor.py:830} INFO - Processing file /opt/airflow/dags/kaldata_dag.py for tasks to queue
[2026-05-27T13:33:19.456+0000] {logging_mixin.py:188} INFO - [2026-05-27T13:33:19.455+0000] {dagbag.py:540} INFO - Filling up the DagBag from /opt/airflow/dags/kaldata_dag.py
[2026-05-27T13:33:19.512+0000] {processor.py:840} INFO - DAG(s) 'kaldata_scraper' retrieved from /opt/airflow/dags/kaldata_dag.py
[2026-05-27T13:33:19.579+0000] {logging_mixin.py:188} INFO - [2026-05-27T13:33:19.579+0000] {dag.py:3047} INFO - Sync 1 DAGs
[2026-05-27T13:33:19.644+0000] {logging_mixin.py:188} INFO - [2026-05-27T13:33:19.644+0000] {dag.py:3834} INFO - Setting next_dagrun for kaldata_scraper to 2026-05-27 00:00:00+00:00, run_after=2026-05-28 00:00:00+00:00
[2026-05-27T13:33:19.693+0000] {processor.py:183} INFO - Processing /opt/airflow/dags/kaldata_dag.py took 0.254 seconds
[2026-05-27T13:33:50.200+0000] {processor.py:161} INFO - Started process (PID=7652) to work on /opt/airflow/dags/kaldata_dag.py
[2026-05-27T13:33:50.203+0000] {processor.py:830} INFO - Processing file /opt/airflow/dags/kaldata_dag.py for tasks to queue
[2026-05-27T13:33:50.206+0000] {logging_mixin.py:188} INFO - [2026-05-27T13:33:50.205+0000] {dagbag.py:540} INFO - Filling up the DagBag from /opt/airflow/dags/kaldata_dag.py
[2026-05-27T13:33:50.258+0000] {processor.py:840} INFO - DAG(s) 'kaldata_scraper' retrieved from /opt/airflow/dags/kaldata_dag.py
[2026-05-27T13:33:50.325+0000] {logging_mixin.py:188} INFO - [2026-05-27T13:33:50.325+0000] {dag.py:3047} INFO - Sync 1 DAGs
[2026-05-27T13:33:50.388+0000] {logging_mixin.py:188} INFO - [2026-05-27T13:33:50.387+0000] {dag.py:3834} INFO - Setting next_dagrun for kaldata_scraper to 2026-05-27 00:00:00+00:00, run_after=2026-05-28 00:00:00+00:00
[2026-05-27T13:33:50.440+0000] {processor.py:183} INFO - Processing /opt/airflow/dags/kaldata_dag.py took 0.250 seconds
[2026-05-27T13:34:21.103+0000] {processor.py:161} INFO - Started process (PID=7682) to work on /opt/airflow/dags/kaldata_dag.py
[2026-05-27T13:34:21.106+0000] {processor.py:830} INFO - Processing file /opt/airflow/dags/kaldata_dag.py for tasks to queue
[2026-05-27T13:34:21.109+0000] {logging_mixin.py:188} INFO - [2026-05-27T13:34:21.108+0000] {dagbag.py:540} INFO - Filling up the DagBag from /opt/airflow/dags/kaldata_dag.py
[2026-05-27T13:34:21.165+0000] {processor.py:840} INFO - DAG(s) 'kaldata_scraper' retrieved from /opt/airflow/dags/kaldata_dag.py
[2026-05-27T13:34:21.230+0000] {logging_mixin.py:188} INFO - [2026-05-27T13:34:21.229+0000] {dag.py:3047} INFO - Sync 1 DAGs
[2026-05-27T13:34:21.288+0000] {logging_mixin.py:188} INFO - [2026-05-27T13:34:21.287+0000] {dag.py:3834} INFO - Setting next_dagrun for kaldata_scraper to 2026-05-27 00:00:00+00:00, run_after=2026-05-28 00:00:00+00:00
[2026-05-27T13:34:21.342+0000] {processor.py:183} INFO - Processing /opt/airflow/dags/kaldata_dag.py took 0.252 seconds
[2026-05-27T13:34:51.700+0000] {processor.py:161} INFO - Started process (PID=7712) to work on /opt/airflow/dags/kaldata_dag.py
[2026-05-27T13:34:51.703+0000] {processor.py:830} INFO - Processing file /opt/airflow/dags/kaldata_dag.py for tasks to queue
[2026-05-27T13:34:51.706+0000] {logging_mixin.py:188} INFO - [2026-05-27T13:34:51.705+0000] {dagbag.py:540} INFO - Filling up the DagBag from /opt/airflow/dags/kaldata_dag.py
[2026-05-27T13:34:51.758+0000] {processor.py:840} INFO - DAG(s) 'kaldata_scraper' retrieved from /opt/airflow/dags/kaldata_dag.py
[2026-05-27T13:34:51.889+0000] {logging_mixin.py:188} INFO - [2026-05-27T13:34:51.889+0000] {dag.py:3047} INFO - Sync 1 DAGs
[2026-05-27T13:34:52.081+0000] {logging_mixin.py:188} INFO - [2026-05-27T13:34:52.080+0000] {dag.py:3834} INFO - Setting next_dagrun for kaldata_scraper to 2026-05-27 00:00:00+00:00, run_after=2026-05-28 00:00:00+00:00
[2026-05-27T13:34:52.248+0000] {processor.py:183} INFO - Processing /opt/airflow/dags/kaldata_dag.py took 0.558 seconds
[2026-05-27T13:35:22.610+0000] {processor.py:161} INFO - Started process (PID=7742) to work on /opt/airflow/dags/kaldata_dag.py
[2026-05-27T13:35:22.613+0000] {processor.py:830} INFO - Processing file /opt/airflow/dags/kaldata_dag.py for tasks to queue
[2026-05-27T13:35:22.617+0000] {logging_mixin.py:188} INFO - [2026-05-27T13:35:22.616+0000] {dagbag.py:540} INFO - Filling up the DagBag from /opt/airflow/dags/kaldata_dag.py
[2026-05-27T13:35:22.668+0000] {processor.py:840} INFO - DAG(s) 'kaldata_scraper' retrieved from /opt/airflow/dags/kaldata_dag.py
[2026-05-27T13:35:22.734+0000] {logging_mixin.py:188} INFO - [2026-05-27T13:35:22.734+0000] {dag.py:3047} INFO - Sync 1 DAGs
[2026-05-27T13:35:22.795+0000] {logging_mixin.py:188} INFO - [2026-05-27T13:35:22.794+0000] {dag.py:3834} INFO - Setting next_dagrun for kaldata_scraper to 2026-05-27 00:00:00+00:00, run_after=2026-05-28 00:00:00+00:00
[2026-05-27T13:35:22.861+0000] {processor.py:183} INFO - Processing /opt/airflow/dags/kaldata_dag.py took 0.260 seconds
[2026-05-27T13:35:53.250+0000] {processor.py:161} INFO - Started process (PID=7772) to work on /opt/airflow/dags/kaldata_dag.py
[2026-05-27T13:35:53.253+0000] {processor.py:830} INFO - Processing file /opt/airflow/dags/kaldata_dag.py for tasks to queue
[2026-05-27T13:35:53.256+0000] {logging_mixin.py:188} INFO - [2026-05-27T13:35:53.255+0000] {dagbag.py:540} INFO - Filling up the DagBag from /opt/airflow/dags/kaldata_dag.py
[2026-05-27T13:35:53.309+0000] {processor.py:840} INFO - DAG(s) 'kaldata_scraper' retrieved from /opt/airflow/dags/kaldata_dag.py
[2026-05-27T13:35:53.373+0000] {logging_mixin.py:188} INFO - [2026-05-27T13:35:53.372+0000] {dag.py:3047} INFO - Sync 1 DAGs
[2026-05-27T13:35:53.433+0000] {logging_mixin.py:188} INFO - [2026-05-27T13:35:53.432+0000] {dag.py:3834} INFO - Setting next_dagrun for kaldata_scraper to 2026-05-27 00:00:00+00:00, run_after=2026-05-28 00:00:00+00:00
[2026-05-27T13:35:53.485+0000] {processor.py:183} INFO - Processing /opt/airflow/dags/kaldata_dag.py took 0.245 seconds
[2026-05-27T13:36:24.333+0000] {processor.py:161} INFO - Started process (PID=7802) to work on /opt/airflow/dags/kaldata_dag.py
[2026-05-27T13:36:24.337+0000] {processor.py:830} INFO - Processing file /opt/airflow/dags/kaldata_dag.py for tasks to queue
[2026-05-27T13:36:24.340+0000] {logging_mixin.py:188} INFO - [2026-05-27T13:36:24.339+0000] {dagbag.py:540} INFO - Filling up the DagBag from /opt/airflow/dags/kaldata_dag.py
[2026-05-27T13:36:24.418+0000] {processor.py:840} INFO - DAG(s) 'kaldata_scraper' retrieved from /opt/airflow/dags/kaldata_dag.py
[2026-05-27T13:36:24.490+0000] {logging_mixin.py:188} INFO - [2026-05-27T13:36:24.489+0000] {dag.py:3047} INFO - Sync 1 DAGs
[2026-05-27T13:36:24.561+0000] {logging_mixin.py:188} INFO - [2026-05-27T13:36:24.560+0000] {dag.py:3834} INFO - Setting next_dagrun for kaldata_scraper to 2026-05-27 00:00:00+00:00, run_after=2026-05-28 00:00:00+00:00
[2026-05-27T13:36:24.654+0000] {processor.py:183} INFO - Processing /opt/airflow/dags/kaldata_dag.py took 0.332 seconds
[2026-05-27T13:36:55.463+0000] {processor.py:161} INFO - Started process (PID=7832) to work on /opt/airflow/dags/kaldata_dag.py
[2026-05-27T13:36:55.467+0000] {processor.py:830} INFO - Processing file /opt/airflow/dags/kaldata_dag.py for tasks to queue
[2026-05-27T13:36:55.472+0000] {logging_mixin.py:188} INFO - [2026-05-27T13:36:55.470+0000] {dagbag.py:540} INFO - Filling up the DagBag from /opt/airflow/dags/kaldata_dag.py
[2026-05-27T13:36:55.551+0000] {processor.py:840} INFO - DAG(s) 'kaldata_scraper' retrieved from /opt/airflow/dags/kaldata_dag.py
[2026-05-27T13:36:55.645+0000] {logging_mixin.py:188} INFO - [2026-05-27T13:36:55.644+0000] {dag.py:3047} INFO - Sync 1 DAGs
[2026-05-27T13:36:55.721+0000] {logging_mixin.py:188} INFO - [2026-05-27T13:36:55.720+0000] {dag.py:3834} INFO - Setting next_dagrun for kaldata_scraper to 2026-05-27 00:00:00+00:00, run_after=2026-05-28 00:00:00+00:00
[2026-05-27T13:36:55.773+0000] {processor.py:183} INFO - Processing /opt/airflow/dags/kaldata_dag.py took 0.323 seconds
[2026-05-27T13:37:26.204+0000] {processor.py:161} INFO - Started process (PID=7862) to work on /opt/airflow/dags/kaldata_dag.py
[2026-05-27T13:37:26.209+0000] {processor.py:830} INFO - Processing file /opt/airflow/dags/kaldata_dag.py for tasks to queue
[2026-05-27T13:37:26.213+0000] {logging_mixin.py:188} INFO - [2026-05-27T13:37:26.212+0000] {dagbag.py:540} INFO - Filling up the DagBag from /opt/airflow/dags/kaldata_dag.py
[2026-05-27T13:37:26.279+0000] {processor.py:840} INFO - DAG(s) 'kaldata_scraper' retrieved from /opt/airflow/dags/kaldata_dag.py
[2026-05-27T13:37:26.351+0000] {logging_mixin.py:188} INFO - [2026-05-27T13:37:26.351+0000] {dag.py:3047} INFO - Sync 1 DAGs
[2026-05-27T13:37:26.420+0000] {logging_mixin.py:188} INFO - [2026-05-27T13:37:26.420+0000] {dag.py:3834} INFO - Setting next_dagrun for kaldata_scraper to 2026-05-27 00:00:00+00:00, run_after=2026-05-28 00:00:00+00:00
[2026-05-27T13:37:26.474+0000] {processor.py:183} INFO - Processing /opt/airflow/dags/kaldata_dag.py took 0.282 seconds
[2026-05-27T13:37:56.928+0000] {processor.py:161} INFO - Started process (PID=7892) to work on /opt/airflow/dags/kaldata_dag.py
[2026-05-27T13:37:56.932+0000] {processor.py:830} INFO - Processing file /opt/airflow/dags/kaldata_dag.py for tasks to queue
[2026-05-27T13:37:56.942+0000] {logging_mixin.py:188} INFO - [2026-05-27T13:37:56.940+0000] {dagbag.py:540} INFO - Filling up the DagBag from /opt/airflow/dags/kaldata_dag.py
[2026-05-27T13:37:57.156+0000] {processor.py:840} INFO - DAG(s) 'kaldata_scraper' retrieved from /opt/airflow/dags/kaldata_dag.py
[2026-05-27T13:37:57.324+0000] {logging_mixin.py:188} INFO - [2026-05-27T13:37:57.323+0000] {dag.py:3047} INFO - Sync 1 DAGs
[2026-05-27T13:37:57.486+0000] {logging_mixin.py:188} INFO - [2026-05-27T13:37:57.466+0000] {dag.py:3834} INFO - Setting next_dagrun for kaldata_scraper to 2026-05-27 00:00:00+00:00, run_after=2026-05-28 00:00:00+00:00
[2026-05-27T13:37:57.623+0000] {processor.py:183} INFO - Processing /opt/airflow/dags/kaldata_dag.py took 0.725 seconds
[2026-05-27T13:38:27.909+0000] {processor.py:161} INFO - Started process (PID=7922) to work on /opt/airflow/dags/kaldata_dag.py
[2026-05-27T13:38:27.912+0000] {processor.py:830} INFO - Processing file /opt/airflow/dags/kaldata_dag.py for tasks to queue
[2026-05-27T13:38:27.915+0000] {logging_mixin.py:188} INFO - [2026-05-27T13:38:27.914+0000] {dagbag.py:540} INFO - Filling up the DagBag from /opt/airflow/dags/kaldata_dag.py
[2026-05-27T13:38:27.964+0000] {processor.py:840} INFO - DAG(s) 'kaldata_scraper' retrieved from /opt/airflow/dags/kaldata_dag.py
[2026-05-27T13:38:28.037+0000] {logging_mixin.py:188} INFO - [2026-05-27T13:38:28.037+0000] {dag.py:3047} INFO - Sync 1 DAGs
[2026-05-27T13:38:28.103+0000] {logging_mixin.py:188} INFO - [2026-05-27T13:38:28.102+0000] {dag.py:3834} INFO - Setting next_dagrun for kaldata_scraper to 2026-05-27 00:00:00+00:00, run_after=2026-05-28 00:00:00+00:00
[2026-05-27T13:38:28.151+0000] {processor.py:183} INFO - Processing /opt/airflow/dags/kaldata_dag.py took 0.252 seconds
[2026-05-27T13:38:58.670+0000] {processor.py:161} INFO - Started process (PID=7952) to work on /opt/airflow/dags/kaldata_dag.py
[2026-05-27T13:38:58.673+0000] {processor.py:830} INFO - Processing file /opt/airflow/dags/kaldata_dag.py for tasks to queue
[2026-05-27T13:38:58.676+0000] {logging_mixin.py:188} INFO - [2026-05-27T13:38:58.675+0000] {dagbag.py:540} INFO - Filling up the DagBag from /opt/airflow/dags/kaldata_dag.py
[2026-05-27T13:38:58.732+0000] {processor.py:840} INFO - DAG(s) 'kaldata_scraper' retrieved from /opt/airflow/dags/kaldata_dag.py
[2026-05-27T13:38:58.823+0000] {logging_mixin.py:188} INFO - [2026-05-27T13:38:58.822+0000] {dag.py:3047} INFO - Sync 1 DAGs
[2026-05-27T13:38:58.892+0000] {logging_mixin.py:188} INFO - [2026-05-27T13:38:58.891+0000] {dag.py:3834} INFO - Setting next_dagrun for kaldata_scraper to 2026-05-27 00:00:00+00:00, run_after=2026-05-28 00:00:00+00:00
[2026-05-27T13:38:58.955+0000] {processor.py:183} INFO - Processing /opt/airflow/dags/kaldata_dag.py took 0.294 seconds
[2026-05-27T13:39:29.559+0000] {processor.py:161} INFO - Started process (PID=7982) to work on /opt/airflow/dags/kaldata_dag.py
[2026-05-27T13:39:29.562+0000] {processor.py:830} INFO - Processing file /opt/airflow/dags/kaldata_dag.py for tasks to queue
[2026-05-27T13:39:29.566+0000] {logging_mixin.py:188} INFO - [2026-05-27T13:39:29.565+0000] {dagbag.py:540} INFO - Filling up the DagBag from /opt/airflow/dags/kaldata_dag.py
[2026-05-27T13:39:29.687+0000] {processor.py:840} INFO - DAG(s) 'kaldata_scraper' retrieved from /opt/airflow/dags/kaldata_dag.py
[2026-05-27T13:39:29.756+0000] {logging_mixin.py:188} INFO - [2026-05-27T13:39:29.755+0000] {dag.py:3047} INFO - Sync 1 DAGs
[2026-05-27T13:39:29.819+0000] {logging_mixin.py:188} INFO - [2026-05-27T13:39:29.818+0000] {dag.py:3834} INFO - Setting next_dagrun for kaldata_scraper to 2026-05-27 00:00:00+00:00, run_after=2026-05-28 00:00:00+00:00
[2026-05-27T13:39:29.871+0000] {processor.py:183} INFO - Processing /opt/airflow/dags/kaldata_dag.py took 0.325 seconds
[2026-05-27T13:40:00.736+0000] {processor.py:161} INFO - Started process (PID=8012) to work on /opt/airflow/dags/kaldata_dag.py
[2026-05-27T13:40:00.740+0000] {processor.py:830} INFO - Processing file /opt/airflow/dags/kaldata_dag.py for tasks to queue
[2026-05-27T13:40:00.747+0000] {logging_mixin.py:188} INFO - [2026-05-27T13:40:00.746+0000] {dagbag.py:540} INFO - Filling up the DagBag from /opt/airflow/dags/kaldata_dag.py
[2026-05-27T13:40:00.829+0000] {processor.py:840} INFO - DAG(s) 'kaldata_scraper' retrieved from /opt/airflow/dags/kaldata_dag.py
[2026-05-27T13:40:00.904+0000] {logging_mixin.py:188} INFO - [2026-05-27T13:40:00.903+0000] {dag.py:3047} INFO - Sync 1 DAGs
[2026-05-27T13:40:00.997+0000] {logging_mixin.py:188} INFO - [2026-05-27T13:40:00.996+0000] {dag.py:3834} INFO - Setting next_dagrun for kaldata_scraper to 2026-05-27 00:00:00+00:00, run_after=2026-05-28 00:00:00+00:00
[2026-05-27T13:40:01.064+0000] {processor.py:183} INFO - Processing /opt/airflow/dags/kaldata_dag.py took 0.339 seconds
[2026-05-27T13:40:32.034+0000] {processor.py:161} INFO - Started process (PID=8042) to work on /opt/airflow/dags/kaldata_dag.py
[2026-05-27T13:40:32.038+0000] {processor.py:830} INFO - Processing file /opt/airflow/dags/kaldata_dag.py for tasks to queue
[2026-05-27T13:40:32.042+0000] {logging_mixin.py:188} INFO - [2026-05-27T13:40:32.041+0000] {dagbag.py:540} INFO - Filling up the DagBag from /opt/airflow/dags/kaldata_dag.py
[2026-05-27T13:40:32.114+0000] {processor.py:840} INFO - DAG(s) 'kaldata_scraper' retrieved from /opt/airflow/dags/kaldata_dag.py
[2026-05-27T13:40:32.185+0000] {logging_mixin.py:188} INFO - [2026-05-27T13:40:32.184+0000] {dag.py:3047} INFO - Sync 1 DAGs
[2026-05-27T13:40:32.253+0000] {logging_mixin.py:188} INFO - [2026-05-27T13:40:32.252+0000] {dag.py:3834} INFO - Setting next_dagrun for kaldata_scraper to 2026-05-27 00:00:00+00:00, run_after=2026-05-28 00:00:00+00:00
[2026-05-27T13:40:32.304+0000] {processor.py:183} INFO - Processing /opt/airflow/dags/kaldata_dag.py took 0.288 seconds
[2026-05-27T13:41:02.826+0000] {processor.py:161} INFO - Started process (PID=8072) to work on /opt/airflow/dags/kaldata_dag.py
[2026-05-27T13:41:02.829+0000] {processor.py:830} INFO - Processing file /opt/airflow/dags/kaldata_dag.py for tasks to queue
[2026-05-27T13:41:02.832+0000] {logging_mixin.py:188} INFO - [2026-05-27T13:41:02.831+0000] {dagbag.py:540} INFO - Filling up the DagBag from /opt/airflow/dags/kaldata_dag.py
[2026-05-27T13:41:02.896+0000] {processor.py:840} INFO - DAG(s) 'kaldata_scraper' retrieved from /opt/airflow/dags/kaldata_dag.py
[2026-05-27T13:41:02.983+0000] {logging_mixin.py:188} INFO - [2026-05-27T13:41:02.982+0000] {dag.py:3047} INFO - Sync 1 DAGs
[2026-05-27T13:41:03.067+0000] {logging_mixin.py:188} INFO - [2026-05-27T13:41:03.067+0000] {dag.py:3834} INFO - Setting next_dagrun for kaldata_scraper to 2026-05-27 00:00:00+00:00, run_after=2026-05-28 00:00:00+00:00
[2026-05-27T13:41:03.123+0000] {processor.py:183} INFO - Processing /opt/airflow/dags/kaldata_dag.py took 0.307 seconds
[2026-05-27T13:41:33.700+0000] {processor.py:161} INFO - Started process (PID=8102) to work on /opt/airflow/dags/kaldata_dag.py
[2026-05-27T13:41:33.702+0000] {processor.py:830} INFO - Processing file /opt/airflow/dags/kaldata_dag.py for tasks to queue
[2026-05-27T13:41:33.705+0000] {logging_mixin.py:188} INFO - [2026-05-27T13:41:33.704+0000] {dagbag.py:540} INFO - Filling up the DagBag from /opt/airflow/dags/kaldata_dag.py
[2026-05-27T13:41:33.765+0000] {processor.py:840} INFO - DAG(s) 'kaldata_scraper' retrieved from /opt/airflow/dags/kaldata_dag.py
[2026-05-27T13:41:33.837+0000] {logging_mixin.py:188} INFO - [2026-05-27T13:41:33.837+0000] {dag.py:3047} INFO - Sync 1 DAGs
[2026-05-27T13:41:33.905+0000] {logging_mixin.py:188} INFO - [2026-05-27T13:41:33.905+0000] {dag.py:3834} INFO - Setting next_dagrun for kaldata_scraper to 2026-05-27 00:00:00+00:00, run_after=2026-05-28 00:00:00+00:00
[2026-05-27T13:41:33.964+0000] {processor.py:183} INFO - Processing /opt/airflow/dags/kaldata_dag.py took 0.277 seconds
[2026-05-27T13:42:04.352+0000] {processor.py:161} INFO - Started process (PID=8132) to work on /opt/airflow/dags/kaldata_dag.py
[2026-05-27T13:42:04.355+0000] {processor.py:830} INFO - Processing file /opt/airflow/dags/kaldata_dag.py for tasks to queue
[2026-05-27T13:42:04.359+0000] {logging_mixin.py:188} INFO - [2026-05-27T13:42:04.358+0000] {dagbag.py:540} INFO - Filling up the DagBag from /opt/airflow/dags/kaldata_dag.py
[2026-05-27T13:42:04.427+0000] {processor.py:840} INFO - DAG(s) 'kaldata_scraper' retrieved from /opt/airflow/dags/kaldata_dag.py
[2026-05-27T13:42:04.502+0000] {logging_mixin.py:188} INFO - [2026-05-27T13:42:04.501+0000] {dag.py:3047} INFO - Sync 1 DAGs
[2026-05-27T13:42:04.571+0000] {logging_mixin.py:188} INFO - [2026-05-27T13:42:04.570+0000] {dag.py:3834} INFO - Setting next_dagrun for kaldata_scraper to 2026-05-27 00:00:00+00:00, run_after=2026-05-28 00:00:00+00:00
[2026-05-27T13:42:04.630+0000] {processor.py:183} INFO - Processing /opt/airflow/dags/kaldata_dag.py took 0.288 seconds
[2026-05-27T13:42:35.021+0000] {processor.py:161} INFO - Started process (PID=8165) to work on /opt/airflow/dags/kaldata_dag.py
[2026-05-27T13:42:35.024+0000] {processor.py:830} INFO - Processing file /opt/airflow/dags/kaldata_dag.py for tasks to queue
[2026-05-27T13:42:35.028+0000] {logging_mixin.py:188} INFO - [2026-05-27T13:42:35.027+0000] {dagbag.py:540} INFO - Filling up the DagBag from /opt/airflow/dags/kaldata_dag.py
[2026-05-27T13:42:35.137+0000] {processor.py:840} INFO - DAG(s) 'kaldata_scraper' retrieved from /opt/airflow/dags/kaldata_dag.py
[2026-05-27T13:42:35.207+0000] {logging_mixin.py:188} INFO - [2026-05-27T13:42:35.206+0000] {dag.py:3047} INFO - Sync 1 DAGs
[2026-05-27T13:42:35.266+0000] {logging_mixin.py:188} INFO - [2026-05-27T13:42:35.266+0000] {dag.py:3834} INFO - Setting next_dagrun for kaldata_scraper to 2026-05-27 00:00:00+00:00, run_after=2026-05-28 00:00:00+00:00
[2026-05-27T13:42:35.317+0000] {processor.py:183} INFO - Processing /opt/airflow/dags/kaldata_dag.py took 0.307 seconds
[2026-05-27T13:43:05.903+0000] {processor.py:161} INFO - Started process (PID=8187) to work on /opt/airflow/dags/kaldata_dag.py
[2026-05-27T13:43:05.906+0000] {processor.py:830} INFO - Processing file /opt/airflow/dags/kaldata_dag.py for tasks to queue
[2026-05-27T13:43:05.910+0000] {logging_mixin.py:188} INFO - [2026-05-27T13:43:05.909+0000] {dagbag.py:540} INFO - Filling up the DagBag from /opt/airflow/dags/kaldata_dag.py
[2026-05-27T13:43:05.975+0000] {processor.py:840} INFO - DAG(s) 'kaldata_scraper' retrieved from /opt/airflow/dags/kaldata_dag.py
[2026-05-27T13:43:06.050+0000] {logging_mixin.py:188} INFO - [2026-05-27T13:43:06.049+0000] {dag.py:3047} INFO - Sync 1 DAGs
[2026-05-27T13:43:06.126+0000] {logging_mixin.py:188} INFO - [2026-05-27T13:43:06.125+0000] {dag.py:3834} INFO - Setting next_dagrun for kaldata_scraper to 2026-05-27 00:00:00+00:00, run_after=2026-05-28 00:00:00+00:00
[2026-05-27T13:43:06.250+0000] {processor.py:183} INFO - Processing /opt/airflow/dags/kaldata_dag.py took 0.364 seconds
[2026-05-27T13:43:37.996+0000] {processor.py:161} INFO - Started process (PID=8215) to work on /opt/airflow/dags/kaldata_dag.py
[2026-05-27T13:43:38.086+0000] {processor.py:830} INFO - Processing file /opt/airflow/dags/kaldata_dag.py for tasks to queue
[2026-05-27T13:43:38.204+0000] {logging_mixin.py:188} INFO - [2026-05-27T13:43:38.203+0000] {dagbag.py:540} INFO - Filling up the DagBag from /opt/airflow/dags/kaldata_dag.py
[2026-05-27T13:43:41.629+0000] {processor.py:840} INFO - DAG(s) 'kaldata_scraper' retrieved from /opt/airflow/dags/kaldata_dag.py
[2026-05-27T13:43:41.913+0000] {logging_mixin.py:188} INFO - [2026-05-27T13:43:41.913+0000] {dag.py:3047} INFO - Sync 1 DAGs
[2026-05-27T13:43:42.115+0000] {logging_mixin.py:188} INFO - [2026-05-27T13:43:42.115+0000] {dag.py:3834} INFO - Setting next_dagrun for kaldata_scraper to 2026-05-27 00:00:00+00:00, run_after=2026-05-28 00:00:00+00:00
[2026-05-27T13:43:42.420+0000] {processor.py:183} INFO - Processing /opt/airflow/dags/kaldata_dag.py took 4.436 seconds
[2026-05-27T13:44:13.711+0000] {processor.py:161} INFO - Started process (PID=8247) to work on /opt/airflow/dags/kaldata_dag.py
[2026-05-27T13:44:13.739+0000] {processor.py:830} INFO - Processing file /opt/airflow/dags/kaldata_dag.py for tasks to queue
[2026-05-27T13:44:13.744+0000] {logging_mixin.py:188} INFO - [2026-05-27T13:44:13.743+0000] {dagbag.py:540} INFO - Filling up the DagBag from /opt/airflow/dags/kaldata_dag.py
[2026-05-27T13:44:19.524+0000] {processor.py:840} INFO - DAG(s) 'kaldata_scraper' retrieved from /opt/airflow/dags/kaldata_dag.py
[2026-05-27T13:44:19.693+0000] {logging_mixin.py:188} INFO - [2026-05-27T13:44:19.693+0000] {dag.py:3047} INFO - Sync 1 DAGs
[2026-05-27T13:44:19.997+0000] {logging_mixin.py:188} INFO - [2026-05-27T13:44:19.997+0000] {dag.py:3834} INFO - Setting next_dagrun for kaldata_scraper to 2026-05-27 00:00:00+00:00, run_after=2026-05-28 00:00:00+00:00
[2026-05-27T13:44:20.455+0000] {processor.py:183} INFO - Processing /opt/airflow/dags/kaldata_dag.py took 6.782 seconds
[2026-05-27T13:44:52.738+0000] {processor.py:161} INFO - Started process (PID=8277) to work on /opt/airflow/dags/kaldata_dag.py
[2026-05-27T13:44:52.751+0000] {processor.py:830} INFO - Processing file /opt/airflow/dags/kaldata_dag.py for tasks to queue
[2026-05-27T13:44:52.759+0000] {logging_mixin.py:188} INFO - [2026-05-27T13:44:52.757+0000] {dagbag.py:540} INFO - Filling up the DagBag from /opt/airflow/dags/kaldata_dag.py
[2026-05-27T13:44:53.091+0000] {processor.py:840} INFO - DAG(s) 'kaldata_scraper' retrieved from /opt/airflow/dags/kaldata_dag.py
[2026-05-27T13:44:53.182+0000] {logging_mixin.py:188} INFO - [2026-05-27T13:44:53.181+0000] {dag.py:3047} INFO - Sync 1 DAGs
[2026-05-27T13:44:53.256+0000] {logging_mixin.py:188} INFO - [2026-05-27T13:44:53.255+0000] {dag.py:3834} INFO - Setting next_dagrun for kaldata_scraper to 2026-05-27 00:00:00+00:00, run_after=2026-05-28 00:00:00+00:00
[2026-05-27T13:44:53.312+0000] {processor.py:183} INFO - Processing /opt/airflow/dags/kaldata_dag.py took 0.583 seconds
[2026-05-27T13:45:23.867+0000] {processor.py:161} INFO - Started process (PID=8307) to work on /opt/airflow/dags/kaldata_dag.py
[2026-05-27T13:45:23.872+0000] {processor.py:830} INFO - Processing file /opt/airflow/dags/kaldata_dag.py for tasks to queue
[2026-05-27T13:45:23.876+0000] {logging_mixin.py:188} INFO - [2026-05-27T13:45:23.875+0000] {dagbag.py:540} INFO - Filling up the DagBag from /opt/airflow/dags/kaldata_dag.py
[2026-05-27T13:45:23.966+0000] {processor.py:840} INFO - DAG(s) 'kaldata_scraper' retrieved from /opt/airflow/dags/kaldata_dag.py
[2026-05-27T13:45:24.139+0000] {logging_mixin.py:188} INFO - [2026-05-27T13:45:24.139+0000] {dag.py:3047} INFO - Sync 1 DAGs
[2026-05-27T13:45:24.229+0000] {logging_mixin.py:188} INFO - [2026-05-27T13:45:24.229+0000] {dag.py:3834} INFO - Setting next_dagrun for kaldata_scraper to 2026-05-27 00:00:00+00:00, run_after=2026-05-28 00:00:00+00:00
[2026-05-27T13:45:24.384+0000] {processor.py:183} INFO - Processing /opt/airflow/dags/kaldata_dag.py took 0.537 seconds
[2026-05-27T13:45:55.215+0000] {processor.py:161} INFO - Started process (PID=8337) to work on /opt/airflow/dags/kaldata_dag.py
[2026-05-27T13:45:55.218+0000] {processor.py:830} INFO - Processing file /opt/airflow/dags/kaldata_dag.py for tasks to queue
[2026-05-27T13:45:55.223+0000] {logging_mixin.py:188} INFO - [2026-05-27T13:45:55.222+0000] {dagbag.py:540} INFO - Filling up the DagBag from /opt/airflow/dags/kaldata_dag.py
[2026-05-27T13:45:55.290+0000] {processor.py:840} INFO - DAG(s) 'kaldata_scraper' retrieved from /opt/airflow/dags/kaldata_dag.py
[2026-05-27T13:45:55.371+0000] {logging_mixin.py:188} INFO - [2026-05-27T13:45:55.370+0000] {dag.py:3047} INFO - Sync 1 DAGs
[2026-05-27T13:45:55.466+0000] {logging_mixin.py:188} INFO - [2026-05-27T13:45:55.465+0000] {dag.py:3834} INFO - Setting next_dagrun for kaldata_scraper to 2026-05-27 00:00:00+00:00, run_after=2026-05-28 00:00:00+00:00
[2026-05-27T13:45:55.550+0000] {processor.py:183} INFO - Processing /opt/airflow/dags/kaldata_dag.py took 0.348 seconds
[2026-05-27T13:46:26.442+0000] {processor.py:161} INFO - Started process (PID=8367) to work on /opt/airflow/dags/kaldata_dag.py
[2026-05-27T13:46:26.445+0000] {processor.py:830} INFO - Processing file /opt/airflow/dags/kaldata_dag.py for tasks to queue
[2026-05-27T13:46:26.448+0000] {logging_mixin.py:188} INFO - [2026-05-27T13:46:26.447+0000] {dagbag.py:540} INFO - Filling up the DagBag from /opt/airflow/dags/kaldata_dag.py
[2026-05-27T13:46:26.546+0000] {processor.py:840} INFO - DAG(s) 'kaldata_scraper' retrieved from /opt/airflow/dags/kaldata_dag.py
[2026-05-27T13:46:26.665+0000] {logging_mixin.py:188} INFO - [2026-05-27T13:46:26.664+0000] {dag.py:3047} INFO - Sync 1 DAGs
[2026-05-27T13:46:26.759+0000] {logging_mixin.py:188} INFO - [2026-05-27T13:46:26.759+0000] {dag.py:3834} INFO - Setting next_dagrun for kaldata_scraper to 2026-05-27 00:00:00+00:00, run_after=2026-05-28 00:00:00+00:00
[2026-05-27T13:46:26.833+0000] {processor.py:183} INFO - Processing /opt/airflow/dags/kaldata_dag.py took 0.405 seconds
[2026-05-27T13:46:57.160+0000] {processor.py:161} INFO - Started process (PID=8397) to work on /opt/airflow/dags/kaldata_dag.py
[2026-05-27T13:46:57.165+0000] {processor.py:830} INFO - Processing file /opt/airflow/dags/kaldata_dag.py for tasks to queue
[2026-05-27T13:46:57.171+0000] {logging_mixin.py:188} INFO - [2026-05-27T13:46:57.169+0000] {dagbag.py:540} INFO - Filling up the DagBag from /opt/airflow/dags/kaldata_dag.py
[2026-05-27T13:46:57.277+0000] {processor.py:840} INFO - DAG(s) 'kaldata_scraper' retrieved from /opt/airflow/dags/kaldata_dag.py
[2026-05-27T13:46:57.625+0000] {logging_mixin.py:188} INFO - [2026-05-27T13:46:57.625+0000] {dag.py:3047} INFO - Sync 1 DAGs
[2026-05-27T13:46:58.158+0000] {logging_mixin.py:188} INFO - [2026-05-27T13:46:58.155+0000] {dag.py:3834} INFO - Setting next_dagrun for kaldata_scraper to 2026-05-27 00:00:00+00:00, run_after=2026-05-28 00:00:00+00:00
[2026-05-27T13:46:58.281+0000] {processor.py:183} INFO - Processing /opt/airflow/dags/kaldata_dag.py took 1.140 seconds
[2026-05-27T13:47:30.421+0000] {processor.py:161} INFO - Started process (PID=8427) to work on /opt/airflow/dags/kaldata_dag.py
[2026-05-27T13:47:30.425+0000] {processor.py:830} INFO - Processing file /opt/airflow/dags/kaldata_dag.py for tasks to queue
[2026-05-27T13:47:30.428+0000] {logging_mixin.py:188} INFO - [2026-05-27T13:47:30.427+0000] {dagbag.py:540} INFO - Filling up the DagBag from /opt/airflow/dags/kaldata_dag.py
[2026-05-27T13:47:30.554+0000] {processor.py:840} INFO - DAG(s) 'kaldata_scraper' retrieved from /opt/airflow/dags/kaldata_dag.py
[2026-05-27T13:47:30.664+0000] {logging_mixin.py:188} INFO - [2026-05-27T13:47:30.664+0000] {dag.py:3047} INFO - Sync 1 DAGs
[2026-05-27T13:47:30.764+0000] {logging_mixin.py:188} INFO - [2026-05-27T13:47:30.763+0000] {dag.py:3834} INFO - Setting next_dagrun for kaldata_scraper to 2026-05-27 00:00:00+00:00, run_after=2026-05-28 00:00:00+00:00
[2026-05-27T13:47:30.850+0000] {processor.py:183} INFO - Processing /opt/airflow/dags/kaldata_dag.py took 0.449 seconds
[2026-05-27T13:48:04.645+0000] {processor.py:161} INFO - Started process (PID=8457) to work on /opt/airflow/dags/kaldata_dag.py
[2026-05-27T13:48:04.658+0000] {processor.py:830} INFO - Processing file /opt/airflow/dags/kaldata_dag.py for tasks to queue
[2026-05-27T13:48:04.670+0000] {logging_mixin.py:188} INFO - [2026-05-27T13:48:04.670+0000] {dagbag.py:540} INFO - Filling up the DagBag from /opt/airflow/dags/kaldata_dag.py
[2026-05-27T13:48:04.739+0000] {processor.py:840} INFO - DAG(s) 'kaldata_scraper' retrieved from /opt/airflow/dags/kaldata_dag.py
[2026-05-27T13:48:04.806+0000] {logging_mixin.py:188} INFO - [2026-05-27T13:48:04.805+0000] {dag.py:3047} INFO - Sync 1 DAGs
[2026-05-27T13:48:04.874+0000] {logging_mixin.py:188} INFO - [2026-05-27T13:48:04.873+0000] {dag.py:3834} INFO - Setting next_dagrun for kaldata_scraper to 2026-05-27 00:00:00+00:00, run_after=2026-05-28 00:00:00+00:00
[2026-05-27T13:48:04.925+0000] {processor.py:183} INFO - Processing /opt/airflow/dags/kaldata_dag.py took 0.292 seconds
[2026-05-27T13:48:39.971+0000] {processor.py:161} INFO - Started process (PID=8487) to work on /opt/airflow/dags/kaldata_dag.py
[2026-05-27T13:48:39.994+0000] {processor.py:830} INFO - Processing file /opt/airflow/dags/kaldata_dag.py for tasks to queue
[2026-05-27T13:48:40.000+0000] {logging_mixin.py:188} INFO - [2026-05-27T13:48:39.999+0000] {dagbag.py:540} INFO - Filling up the DagBag from /opt/airflow/dags/kaldata_dag.py
[2026-05-27T13:48:40.297+0000] {processor.py:840} INFO - DAG(s) 'kaldata_scraper' retrieved from /opt/airflow/dags/kaldata_dag.py
[2026-05-27T13:48:40.587+0000] {logging_mixin.py:188} INFO - [2026-05-27T13:48:40.586+0000] {dag.py:3047} INFO - Sync 1 DAGs
[2026-05-27T13:48:40.780+0000] {logging_mixin.py:188} INFO - [2026-05-27T13:48:40.769+0000] {dag.py:3834} INFO - Setting next_dagrun for kaldata_scraper to 2026-05-27 00:00:00+00:00, run_after=2026-05-28 00:00:00+00:00
[2026-05-27T13:48:41.100+0000] {processor.py:183} INFO - Processing /opt/airflow/dags/kaldata_dag.py took 1.149 seconds
[2026-05-27T13:49:12.125+0000] {processor.py:161} INFO - Started process (PID=8517) to work on /opt/airflow/dags/kaldata_dag.py
[2026-05-27T13:49:12.137+0000] {processor.py:830} INFO - Processing file /opt/airflow/dags/kaldata_dag.py for tasks to queue
[2026-05-27T13:49:12.142+0000] {logging_mixin.py:188} INFO - [2026-05-27T13:49:12.141+0000] {dagbag.py:540} INFO - Filling up the DagBag from /opt/airflow/dags/kaldata_dag.py
[2026-05-27T13:49:12.232+0000] {processor.py:840} INFO - DAG(s) 'kaldata_scraper' retrieved from /opt/airflow/dags/kaldata_dag.py
[2026-05-27T13:49:12.313+0000] {logging_mixin.py:188} INFO - [2026-05-27T13:49:12.313+0000] {dag.py:3047} INFO - Sync 1 DAGs
[2026-05-27T13:49:12.408+0000] {logging_mixin.py:188} INFO - [2026-05-27T13:49:12.407+0000] {dag.py:3834} INFO - Setting next_dagrun for kaldata_scraper to 2026-05-27 00:00:00+00:00, run_after=2026-05-28 00:00:00+00:00
[2026-05-27T13:49:12.762+0000] {processor.py:183} INFO - Processing /opt/airflow/dags/kaldata_dag.py took 0.650 seconds
[2026-05-27T13:49:43.403+0000] {processor.py:161} INFO - Started process (PID=8547) to work on /opt/airflow/dags/kaldata_dag.py
[2026-05-27T13:49:43.408+0000] {processor.py:830} INFO - Processing file /opt/airflow/dags/kaldata_dag.py for tasks to queue
[2026-05-27T13:49:43.411+0000] {logging_mixin.py:188} INFO - [2026-05-27T13:49:43.410+0000] {dagbag.py:540} INFO - Filling up the DagBag from /opt/airflow/dags/kaldata_dag.py
[2026-05-27T13:49:43.515+0000] {processor.py:840} INFO - DAG(s) 'kaldata_scraper' retrieved from /opt/airflow/dags/kaldata_dag.py
[2026-05-27T13:49:43.603+0000] {logging_mixin.py:188} INFO - [2026-05-27T13:49:43.603+0000] {dag.py:3047} INFO - Sync 1 DAGs
[2026-05-27T13:49:43.710+0000] {logging_mixin.py:188} INFO - [2026-05-27T13:49:43.707+0000] {dag.py:3834} INFO - Setting next_dagrun for kaldata_scraper to 2026-05-27 00:00:00+00:00, run_after=2026-05-28 00:00:00+00:00
[2026-05-27T13:49:43.768+0000] {processor.py:183} INFO - Processing /opt/airflow/dags/kaldata_dag.py took 0.381 seconds
[2026-05-27T13:50:14.352+0000] {processor.py:161} INFO - Started process (PID=8577) to work on /opt/airflow/dags/kaldata_dag.py
[2026-05-27T13:50:14.355+0000] {processor.py:830} INFO - Processing file /opt/airflow/dags/kaldata_dag.py for tasks to queue
[2026-05-27T13:50:14.358+0000] {logging_mixin.py:188} INFO - [2026-05-27T13:50:14.357+0000] {dagbag.py:540} INFO - Filling up the DagBag from /opt/airflow/dags/kaldata_dag.py
[2026-05-27T13:50:14.429+0000] {processor.py:840} INFO - DAG(s) 'kaldata_scraper' retrieved from /opt/airflow/dags/kaldata_dag.py
[2026-05-27T13:50:14.520+0000] {logging_mixin.py:188} INFO - [2026-05-27T13:50:14.520+0000] {dag.py:3047} INFO - Sync 1 DAGs
[2026-05-27T13:50:14.582+0000] {logging_mixin.py:188} INFO - [2026-05-27T13:50:14.582+0000] {dag.py:3834} INFO - Setting next_dagrun for kaldata_scraper to 2026-05-27 00:00:00+00:00, run_after=2026-05-28 00:00:00+00:00
[2026-05-27T13:50:14.650+0000] {processor.py:183} INFO - Processing /opt/airflow/dags/kaldata_dag.py took 0.308 seconds
[2026-05-27T13:50:45.961+0000] {processor.py:161} INFO - Started process (PID=8607) to work on /opt/airflow/dags/kaldata_dag.py
[2026-05-27T13:50:45.976+0000] {processor.py:830} INFO - Processing file /opt/airflow/dags/kaldata_dag.py for tasks to queue
[2026-05-27T13:50:46.000+0000] {logging_mixin.py:188} INFO - [2026-05-27T13:50:45.999+0000] {dagbag.py:540} INFO - Filling up the DagBag from /opt/airflow/dags/kaldata_dag.py
[2026-05-27T13:50:46.166+0000] {processor.py:840} INFO - DAG(s) 'kaldata_scraper' retrieved from /opt/airflow/dags/kaldata_dag.py
[2026-05-27T13:50:46.252+0000] {logging_mixin.py:188} INFO - [2026-05-27T13:50:46.252+0000] {dag.py:3047} INFO - Sync 1 DAGs
[2026-05-27T13:50:46.322+0000] {logging_mixin.py:188} INFO - [2026-05-27T13:50:46.322+0000] {dag.py:3834} INFO - Setting next_dagrun for kaldata_scraper to 2026-05-27 00:00:00+00:00, run_after=2026-05-28 00:00:00+00:00
[2026-05-27T13:50:46.380+0000] {processor.py:183} INFO - Processing /opt/airflow/dags/kaldata_dag.py took 0.437 seconds
[2026-05-27T13:51:16.880+0000] {processor.py:161} INFO - Started process (PID=8637) to work on /opt/airflow/dags/kaldata_dag.py
[2026-05-27T13:51:16.885+0000] {processor.py:830} INFO - Processing file /opt/airflow/dags/kaldata_dag.py for tasks to queue
[2026-05-27T13:51:16.893+0000] {logging_mixin.py:188} INFO - [2026-05-27T13:51:16.893+0000] {dagbag.py:540} INFO - Filling up the DagBag from /opt/airflow/dags/kaldata_dag.py
[2026-05-27T13:51:17.009+0000] {processor.py:840} INFO - DAG(s) 'kaldata_scraper' retrieved from /opt/airflow/dags/kaldata_dag.py
[2026-05-27T13:51:17.122+0000] {logging_mixin.py:188} INFO - [2026-05-27T13:51:17.121+0000] {dag.py:3047} INFO - Sync 1 DAGs
[2026-05-27T13:51:17.199+0000] {logging_mixin.py:188} INFO - [2026-05-27T13:51:17.199+0000] {dag.py:3834} INFO - Setting next_dagrun for kaldata_scraper to 2026-05-27 00:00:00+00:00, run_after=2026-05-28 00:00:00+00:00
[2026-05-27T13:51:17.286+0000] {processor.py:183} INFO - Processing /opt/airflow/dags/kaldata_dag.py took 0.420 seconds
[2026-05-27T13:51:48.444+0000] {processor.py:161} INFO - Started process (PID=8667) to work on /opt/airflow/dags/kaldata_dag.py
[2026-05-27T13:51:48.447+0000] {processor.py:830} INFO - Processing file /opt/airflow/dags/kaldata_dag.py for tasks to queue
[2026-05-27T13:51:48.450+0000] {logging_mixin.py:188} INFO - [2026-05-27T13:51:48.449+0000] {dagbag.py:540} INFO - Filling up the DagBag from /opt/airflow/dags/kaldata_dag.py
[2026-05-27T13:51:48.529+0000] {processor.py:840} INFO - DAG(s) 'kaldata_scraper' retrieved from /opt/airflow/dags/kaldata_dag.py
[2026-05-27T13:51:48.642+0000] {logging_mixin.py:188} INFO - [2026-05-27T13:51:48.641+0000] {dag.py:3047} INFO - Sync 1 DAGs
[2026-05-27T13:51:48.744+0000] {logging_mixin.py:188} INFO - [2026-05-27T13:51:48.743+0000] {dag.py:3834} INFO - Setting next_dagrun for kaldata_scraper to 2026-05-27 00:00:00+00:00, run_after=2026-05-28 00:00:00+00:00
[2026-05-27T13:51:48.892+0000] {processor.py:183} INFO - Processing /opt/airflow/dags/kaldata_dag.py took 0.458 seconds
[2026-05-27T13:52:19.752+0000] {processor.py:161} INFO - Started process (PID=8697) to work on /opt/airflow/dags/kaldata_dag.py
[2026-05-27T13:52:19.755+0000] {processor.py:830} INFO - Processing file /opt/airflow/dags/kaldata_dag.py for tasks to queue
[2026-05-27T13:52:19.759+0000] {logging_mixin.py:188} INFO - [2026-05-27T13:52:19.758+0000] {dagbag.py:540} INFO - Filling up the DagBag from /opt/airflow/dags/kaldata_dag.py
[2026-05-27T13:52:19.824+0000] {processor.py:840} INFO - DAG(s) 'kaldata_scraper' retrieved from /opt/airflow/dags/kaldata_dag.py
[2026-05-27T13:52:19.909+0000] {logging_mixin.py:188} INFO - [2026-05-27T13:52:19.908+0000] {dag.py:3047} INFO - Sync 1 DAGs
[2026-05-27T13:52:19.989+0000] {logging_mixin.py:188} INFO - [2026-05-27T13:52:19.988+0000] {dag.py:3834} INFO - Setting next_dagrun for kaldata_scraper to 2026-05-27 00:00:00+00:00, run_after=2026-05-28 00:00:00+00:00
[2026-05-27T13:52:20.059+0000] {processor.py:183} INFO - Processing /opt/airflow/dags/kaldata_dag.py took 0.316 seconds
[2026-05-27T13:52:50.991+0000] {processor.py:161} INFO - Started process (PID=8727) to work on /opt/airflow/dags/kaldata_dag.py
[2026-05-27T13:52:50.994+0000] {processor.py:830} INFO - Processing file /opt/airflow/dags/kaldata_dag.py for tasks to queue
[2026-05-27T13:52:50.999+0000] {logging_mixin.py:188} INFO - [2026-05-27T13:52:50.998+0000] {dagbag.py:540} INFO - Filling up the DagBag from /opt/airflow/dags/kaldata_dag.py
[2026-05-27T13:52:51.062+0000] {processor.py:840} INFO - DAG(s) 'kaldata_scraper' retrieved from /opt/airflow/dags/kaldata_dag.py
[2026-05-27T13:52:51.160+0000] {logging_mixin.py:188} INFO - [2026-05-27T13:52:51.159+0000] {dag.py:3047} INFO - Sync 1 DAGs
[2026-05-27T13:52:51.348+0000] {logging_mixin.py:188} INFO - [2026-05-27T13:52:51.347+0000] {dag.py:3834} INFO - Setting next_dagrun for kaldata_scraper to 2026-05-27 00:00:00+00:00, run_after=2026-05-28 00:00:00+00:00
[2026-05-27T13:52:51.506+0000] {processor.py:183} INFO - Processing /opt/airflow/dags/kaldata_dag.py took 0.526 seconds
[2026-05-27T13:53:21.797+0000] {processor.py:161} INFO - Started process (PID=8757) to work on /opt/airflow/dags/kaldata_dag.py
[2026-05-27T13:53:21.801+0000] {processor.py:830} INFO - Processing file /opt/airflow/dags/kaldata_dag.py for tasks to queue
[2026-05-27T13:53:21.803+0000] {logging_mixin.py:188} INFO - [2026-05-27T13:53:21.803+0000] {dagbag.py:540} INFO - Filling up the DagBag from /opt/airflow/dags/kaldata_dag.py
[2026-05-27T13:53:21.899+0000] {processor.py:840} INFO - DAG(s) 'kaldata_scraper' retrieved from /opt/airflow/dags/kaldata_dag.py
[2026-05-27T13:53:22.100+0000] {logging_mixin.py:188} INFO - [2026-05-27T13:53:22.100+0000] {dag.py:3047} INFO - Sync 1 DAGs
[2026-05-27T13:53:22.274+0000] {logging_mixin.py:188} INFO - [2026-05-27T13:53:22.274+0000] {dag.py:3834} INFO - Setting next_dagrun for kaldata_scraper to 2026-05-27 00:00:00+00:00, run_after=2026-05-28 00:00:00+00:00
[2026-05-27T13:53:22.439+0000] {processor.py:183} INFO - Processing /opt/airflow/dags/kaldata_dag.py took 0.654 seconds
[2026-05-27T13:53:53.384+0000] {processor.py:161} INFO - Started process (PID=8787) to work on /opt/airflow/dags/kaldata_dag.py
[2026-05-27T13:53:53.399+0000] {processor.py:830} INFO - Processing file /opt/airflow/dags/kaldata_dag.py for tasks to queue
[2026-05-27T13:53:53.404+0000] {logging_mixin.py:188} INFO - [2026-05-27T13:53:53.403+0000] {dagbag.py:540} INFO - Filling up the DagBag from /opt/airflow/dags/kaldata_dag.py
[2026-05-27T13:53:53.629+0000] {processor.py:840} INFO - DAG(s) 'kaldata_scraper' retrieved from /opt/airflow/dags/kaldata_dag.py
[2026-05-27T13:53:53.805+0000] {logging_mixin.py:188} INFO - [2026-05-27T13:53:53.804+0000] {dag.py:3047} INFO - Sync 1 DAGs
[2026-05-27T13:53:54.009+0000] {logging_mixin.py:188} INFO - [2026-05-27T13:53:54.009+0000] {dag.py:3834} INFO - Setting next_dagrun for kaldata_scraper to 2026-05-27 00:00:00+00:00, run_after=2026-05-28 00:00:00+00:00
[2026-05-27T13:53:54.113+0000] {processor.py:183} INFO - Processing /opt/airflow/dags/kaldata_dag.py took 0.762 seconds
[2026-05-27T13:54:24.444+0000] {processor.py:161} INFO - Started process (PID=8817) to work on /opt/airflow/dags/kaldata_dag.py
[2026-05-27T13:54:24.450+0000] {processor.py:830} INFO - Processing file /opt/airflow/dags/kaldata_dag.py for tasks to queue
[2026-05-27T13:54:24.454+0000] {logging_mixin.py:188} INFO - [2026-05-27T13:54:24.453+0000] {dagbag.py:540} INFO - Filling up the DagBag from /opt/airflow/dags/kaldata_dag.py
[2026-05-27T13:54:24.562+0000] {processor.py:840} INFO - DAG(s) 'kaldata_scraper' retrieved from /opt/airflow/dags/kaldata_dag.py
[2026-05-27T13:54:24.723+0000] {logging_mixin.py:188} INFO - [2026-05-27T13:54:24.722+0000] {dag.py:3047} INFO - Sync 1 DAGs
[2026-05-27T13:54:24.811+0000] {logging_mixin.py:188} INFO - [2026-05-27T13:54:24.808+0000] {dag.py:3834} INFO - Setting next_dagrun for kaldata_scraper to 2026-05-27 00:00:00+00:00, run_after=2026-05-28 00:00:00+00:00
[2026-05-27T13:54:24.874+0000] {processor.py:183} INFO - Processing /opt/airflow/dags/kaldata_dag.py took 0.446 seconds
[2026-05-27T13:54:58.691+0000] {processor.py:161} INFO - Started process (PID=8847) to work on /opt/airflow/dags/kaldata_dag.py
[2026-05-27T13:54:58.696+0000] {processor.py:830} INFO - Processing file /opt/airflow/dags/kaldata_dag.py for tasks to queue
[2026-05-27T13:54:58.711+0000] {logging_mixin.py:188} INFO - [2026-05-27T13:54:58.710+0000] {dagbag.py:540} INFO - Filling up the DagBag from /opt/airflow/dags/kaldata_dag.py
[2026-05-27T13:54:58.916+0000] {processor.py:840} INFO - DAG(s) 'kaldata_scraper' retrieved from /opt/airflow/dags/kaldata_dag.py
[2026-05-27T13:54:59.070+0000] {logging_mixin.py:188} INFO - [2026-05-27T13:54:59.069+0000] {dag.py:3047} INFO - Sync 1 DAGs
[2026-05-27T13:54:59.233+0000] {logging_mixin.py:188} INFO - [2026-05-27T13:54:59.232+0000] {dag.py:3834} INFO - Setting next_dagrun for kaldata_scraper to 2026-05-27 00:00:00+00:00, run_after=2026-05-28 00:00:00+00:00
[2026-05-27T13:54:59.314+0000] {processor.py:183} INFO - Processing /opt/airflow/dags/kaldata_dag.py took 0.646 seconds
[2026-05-27T13:55:31.807+0000] {processor.py:161} INFO - Started process (PID=8877) to work on /opt/airflow/dags/kaldata_dag.py
[2026-05-27T13:55:31.895+0000] {processor.py:830} INFO - Processing file /opt/airflow/dags/kaldata_dag.py for tasks to queue
[2026-05-27T13:55:32.022+0000] {logging_mixin.py:188} INFO - [2026-05-27T13:55:32.021+0000] {dagbag.py:540} INFO - Filling up the DagBag from /opt/airflow/dags/kaldata_dag.py
[2026-05-27T13:55:33.207+0000] {processor.py:840} INFO - DAG(s) 'kaldata_scraper' retrieved from /opt/airflow/dags/kaldata_dag.py
[2026-05-27T13:55:33.387+0000] {logging_mixin.py:188} INFO - [2026-05-27T13:55:33.386+0000] {dag.py:3047} INFO - Sync 1 DAGs
[2026-05-27T13:55:33.592+0000] {logging_mixin.py:188} INFO - [2026-05-27T13:55:33.591+0000] {dag.py:3834} INFO - Setting next_dagrun for kaldata_scraper to 2026-05-27 00:00:00+00:00, run_after=2026-05-28 00:00:00+00:00
[2026-05-27T13:55:33.832+0000] {processor.py:183} INFO - Processing /opt/airflow/dags/kaldata_dag.py took 2.033 seconds
[2026-05-27T13:56:06.399+0000] {processor.py:161} INFO - Started process (PID=8907) to work on /opt/airflow/dags/kaldata_dag.py
[2026-05-27T13:56:06.411+0000] {processor.py:830} INFO - Processing file /opt/airflow/dags/kaldata_dag.py for tasks to queue
[2026-05-27T13:56:06.417+0000] {logging_mixin.py:188} INFO - [2026-05-27T13:56:06.416+0000] {dagbag.py:540} INFO - Filling up the DagBag from /opt/airflow/dags/kaldata_dag.py
[2026-05-27T13:56:06.502+0000] {processor.py:840} INFO - DAG(s) 'kaldata_scraper' retrieved from /opt/airflow/dags/kaldata_dag.py
[2026-05-27T13:56:06.715+0000] {logging_mixin.py:188} INFO - [2026-05-27T13:56:06.715+0000] {dag.py:3047} INFO - Sync 1 DAGs
[2026-05-27T13:56:06.832+0000] {logging_mixin.py:188} INFO - [2026-05-27T13:56:06.831+0000] {dag.py:3834} INFO - Setting next_dagrun for kaldata_scraper to 2026-05-27 00:00:00+00:00, run_after=2026-05-28 00:00:00+00:00
[2026-05-27T13:56:06.898+0000] {processor.py:183} INFO - Processing /opt/airflow/dags/kaldata_dag.py took 0.519 seconds
[2026-05-27T13:56:37.534+0000] {processor.py:161} INFO - Started process (PID=8937) to work on /opt/airflow/dags/kaldata_dag.py
[2026-05-27T13:56:37.537+0000] {processor.py:830} INFO - Processing file /opt/airflow/dags/kaldata_dag.py for tasks to queue
[2026-05-27T13:56:37.541+0000] {logging_mixin.py:188} INFO - [2026-05-27T13:56:37.540+0000] {dagbag.py:540} INFO - Filling up the DagBag from /opt/airflow/dags/kaldata_dag.py
[2026-05-27T13:56:37.612+0000] {processor.py:840} INFO - DAG(s) 'kaldata_scraper' retrieved from /opt/airflow/dags/kaldata_dag.py
[2026-05-27T13:56:37.687+0000] {logging_mixin.py:188} INFO - [2026-05-27T13:56:37.687+0000] {dag.py:3047} INFO - Sync 1 DAGs
[2026-05-27T13:56:37.961+0000] {logging_mixin.py:188} INFO - [2026-05-27T13:56:37.960+0000] {dag.py:3834} INFO - Setting next_dagrun for kaldata_scraper to 2026-05-27 00:00:00+00:00, run_after=2026-05-28 00:00:00+00:00
[2026-05-27T13:56:38.265+0000] {processor.py:183} INFO - Processing /opt/airflow/dags/kaldata_dag.py took 0.746 seconds
[2026-05-27T13:57:09.014+0000] {processor.py:161} INFO - Started process (PID=8967) to work on /opt/airflow/dags/kaldata_dag.py
[2026-05-27T13:57:09.019+0000] {processor.py:830} INFO - Processing file /opt/airflow/dags/kaldata_dag.py for tasks to queue
[2026-05-27T13:57:09.023+0000] {logging_mixin.py:188} INFO - [2026-05-27T13:57:09.022+0000] {dagbag.py:540} INFO - Filling up the DagBag from /opt/airflow/dags/kaldata_dag.py
[2026-05-27T13:57:09.088+0000] {processor.py:840} INFO - DAG(s) 'kaldata_scraper' retrieved from /opt/airflow/dags/kaldata_dag.py
[2026-05-27T13:57:09.168+0000] {logging_mixin.py:188} INFO - [2026-05-27T13:57:09.168+0000] {dag.py:3047} INFO - Sync 1 DAGs
[2026-05-27T13:57:09.232+0000] {logging_mixin.py:188} INFO - [2026-05-27T13:57:09.232+0000] {dag.py:3834} INFO - Setting next_dagrun for kaldata_scraper to 2026-05-27 00:00:00+00:00, run_after=2026-05-28 00:00:00+00:00
[2026-05-27T13:57:09.283+0000] {processor.py:183} INFO - Processing /opt/airflow/dags/kaldata_dag.py took 0.281 seconds
[2026-05-27T13:57:39.427+0000] {processor.py:161} INFO - Started process (PID=8997) to work on /opt/airflow/dags/kaldata_dag.py
[2026-05-27T13:57:39.431+0000] {processor.py:830} INFO - Processing file /opt/airflow/dags/kaldata_dag.py for tasks to queue
[2026-05-27T13:57:39.434+0000] {logging_mixin.py:188} INFO - [2026-05-27T13:57:39.433+0000] {dagbag.py:540} INFO - Filling up the DagBag from /opt/airflow/dags/kaldata_dag.py
[2026-05-27T13:57:39.528+0000] {processor.py:840} INFO - DAG(s) 'kaldata_scraper' retrieved from /opt/airflow/dags/kaldata_dag.py
[2026-05-27T13:57:39.618+0000] {logging_mixin.py:188} INFO - [2026-05-27T13:57:39.618+0000] {dag.py:3047} INFO - Sync 1 DAGs
[2026-05-27T13:57:39.764+0000] {logging_mixin.py:188} INFO - [2026-05-27T13:57:39.752+0000] {dag.py:3834} INFO - Setting next_dagrun for kaldata_scraper to 2026-05-27 00:00:00+00:00, run_after=2026-05-28 00:00:00+00:00
[2026-05-27T13:57:39.965+0000] {processor.py:183} INFO - Processing /opt/airflow/dags/kaldata_dag.py took 0.553 seconds
[2026-05-27T13:58:11.621+0000] {processor.py:161} INFO - Started process (PID=9027) to work on /opt/airflow/dags/kaldata_dag.py
[2026-05-27T13:58:11.634+0000] {processor.py:830} INFO - Processing file /opt/airflow/dags/kaldata_dag.py for tasks to queue
[2026-05-27T13:58:11.639+0000] {logging_mixin.py:188} INFO - [2026-05-27T13:58:11.638+0000] {dagbag.py:540} INFO - Filling up the DagBag from /opt/airflow/dags/kaldata_dag.py
[2026-05-27T13:58:13.019+0000] {processor.py:840} INFO - DAG(s) 'kaldata_scraper' retrieved from /opt/airflow/dags/kaldata_dag.py
[2026-05-27T13:58:13.304+0000] {logging_mixin.py:188} INFO - [2026-05-27T13:58:13.303+0000] {dag.py:3047} INFO - Sync 1 DAGs
[2026-05-27T13:58:13.583+0000] {logging_mixin.py:188} INFO - [2026-05-27T13:58:13.583+0000] {dag.py:3834} INFO - Setting next_dagrun for kaldata_scraper to 2026-05-27 00:00:00+00:00, run_after=2026-05-28 00:00:00+00:00
[2026-05-27T13:58:13.954+0000] {processor.py:183} INFO - Processing /opt/airflow/dags/kaldata_dag.py took 2.353 seconds
[2026-05-27T13:58:45.156+0000] {processor.py:161} INFO - Started process (PID=9057) to work on /opt/airflow/dags/kaldata_dag.py
[2026-05-27T13:58:45.170+0000] {processor.py:830} INFO - Processing file /opt/airflow/dags/kaldata_dag.py for tasks to queue
[2026-05-27T13:58:45.178+0000] {logging_mixin.py:188} INFO - [2026-05-27T13:58:45.177+0000] {dagbag.py:540} INFO - Filling up the DagBag from /opt/airflow/dags/kaldata_dag.py
[2026-05-27T13:58:45.341+0000] {processor.py:840} INFO - DAG(s) 'kaldata_scraper' retrieved from /opt/airflow/dags/kaldata_dag.py
[2026-05-27T13:58:45.533+0000] {logging_mixin.py:188} INFO - [2026-05-27T13:58:45.532+0000] {dag.py:3047} INFO - Sync 1 DAGs
[2026-05-27T13:58:45.754+0000] {logging_mixin.py:188} INFO - [2026-05-27T13:58:45.754+0000] {dag.py:3834} INFO - Setting next_dagrun for kaldata_scraper to 2026-05-27 00:00:00+00:00, run_after=2026-05-28 00:00:00+00:00
[2026-05-27T13:58:46.040+0000] {processor.py:183} INFO - Processing /opt/airflow/dags/kaldata_dag.py took 0.896 seconds
[2026-05-27T13:59:17.003+0000] {processor.py:161} INFO - Started process (PID=9087) to work on /opt/airflow/dags/kaldata_dag.py
[2026-05-27T13:59:17.012+0000] {processor.py:830} INFO - Processing file /opt/airflow/dags/kaldata_dag.py for tasks to queue
[2026-05-27T13:59:17.015+0000] {logging_mixin.py:188} INFO - [2026-05-27T13:59:17.014+0000] {dagbag.py:540} INFO - Filling up the DagBag from /opt/airflow/dags/kaldata_dag.py
[2026-05-27T13:59:17.089+0000] {processor.py:840} INFO - DAG(s) 'kaldata_scraper' retrieved from /opt/airflow/dags/kaldata_dag.py
[2026-05-27T13:59:17.163+0000] {logging_mixin.py:188} INFO - [2026-05-27T13:59:17.162+0000] {dag.py:3047} INFO - Sync 1 DAGs
[2026-05-27T13:59:17.238+0000] {logging_mixin.py:188} INFO - [2026-05-27T13:59:17.237+0000] {dag.py:3834} INFO - Setting next_dagrun for kaldata_scraper to 2026-05-27 00:00:00+00:00, run_after=2026-05-28 00:00:00+00:00
[2026-05-27T13:59:17.295+0000] {processor.py:183} INFO - Processing /opt/airflow/dags/kaldata_dag.py took 0.306 seconds
[2026-05-27T13:59:47.518+0000] {processor.py:161} INFO - Started process (PID=9117) to work on /opt/airflow/dags/kaldata_dag.py
[2026-05-27T13:59:47.621+0000] {processor.py:830} INFO - Processing file /opt/airflow/dags/kaldata_dag.py for tasks to queue
[2026-05-27T13:59:47.643+0000] {logging_mixin.py:188} INFO - [2026-05-27T13:59:47.642+0000] {dagbag.py:540} INFO - Filling up the DagBag from /opt/airflow/dags/kaldata_dag.py
[2026-05-27T13:59:47.777+0000] {processor.py:840} INFO - DAG(s) 'kaldata_scraper' retrieved from /opt/airflow/dags/kaldata_dag.py
[2026-05-27T13:59:47.904+0000] {logging_mixin.py:188} INFO - [2026-05-27T13:59:47.904+0000] {dag.py:3047} INFO - Sync 1 DAGs
[2026-05-27T13:59:47.980+0000] {logging_mixin.py:188} INFO - [2026-05-27T13:59:47.980+0000] {dag.py:3834} INFO - Setting next_dagrun for kaldata_scraper to 2026-05-27 00:00:00+00:00, run_after=2026-05-28 00:00:00+00:00
[2026-05-27T13:59:48.032+0000] {processor.py:183} INFO - Processing /opt/airflow/dags/kaldata_dag.py took 0.542 seconds
[2026-05-27T14:00:20.041+0000] {processor.py:161} INFO - Started process (PID=9147) to work on /opt/airflow/dags/kaldata_dag.py
[2026-05-27T14:00:20.101+0000] {processor.py:830} INFO - Processing file /opt/airflow/dags/kaldata_dag.py for tasks to queue
[2026-05-27T14:00:20.136+0000] {logging_mixin.py:188} INFO - [2026-05-27T14:00:20.134+0000] {dagbag.py:540} INFO - Filling up the DagBag from /opt/airflow/dags/kaldata_dag.py
[2026-05-27T14:00:21.100+0000] {processor.py:840} INFO - DAG(s) 'kaldata_scraper' retrieved from /opt/airflow/dags/kaldata_dag.py
[2026-05-27T14:00:21.334+0000] {logging_mixin.py:188} INFO - [2026-05-27T14:00:21.333+0000] {dag.py:3047} INFO - Sync 1 DAGs
[2026-05-27T14:00:21.511+0000] {logging_mixin.py:188} INFO - [2026-05-27T14:00:21.510+0000] {dag.py:3834} INFO - Setting next_dagrun for kaldata_scraper to 2026-05-27 00:00:00+00:00, run_after=2026-05-28 00:00:00+00:00
[2026-05-27T14:00:21.801+0000] {processor.py:183} INFO - Processing /opt/airflow/dags/kaldata_dag.py took 1.780 seconds
[2026-05-27T14:00:53.639+0000] {processor.py:161} INFO - Started process (PID=9177) to work on /opt/airflow/dags/kaldata_dag.py
[2026-05-27T14:00:53.684+0000] {processor.py:830} INFO - Processing file /opt/airflow/dags/kaldata_dag.py for tasks to queue
[2026-05-27T14:00:53.713+0000] {logging_mixin.py:188} INFO - [2026-05-27T14:00:53.712+0000] {dagbag.py:540} INFO - Filling up the DagBag from /opt/airflow/dags/kaldata_dag.py
[2026-05-27T14:00:54.547+0000] {processor.py:840} INFO - DAG(s) 'kaldata_scraper' retrieved from /opt/airflow/dags/kaldata_dag.py
[2026-05-27T14:00:54.840+0000] {logging_mixin.py:188} INFO - [2026-05-27T14:00:54.839+0000] {dag.py:3047} INFO - Sync 1 DAGs
[2026-05-27T14:00:55.068+0000] {logging_mixin.py:188} INFO - [2026-05-27T14:00:55.067+0000] {dag.py:3834} INFO - Setting next_dagrun for kaldata_scraper to 2026-05-27 00:00:00+00:00, run_after=2026-05-28 00:00:00+00:00
[2026-05-27T14:00:55.356+0000] {processor.py:183} INFO - Processing /opt/airflow/dags/kaldata_dag.py took 1.745 seconds
[2026-05-27T14:01:25.913+0000] {processor.py:161} INFO - Started process (PID=9207) to work on /opt/airflow/dags/kaldata_dag.py
[2026-05-27T14:01:25.946+0000] {processor.py:830} INFO - Processing file /opt/airflow/dags/kaldata_dag.py for tasks to queue
[2026-05-27T14:01:26.007+0000] {logging_mixin.py:188} INFO - [2026-05-27T14:01:26.006+0000] {dagbag.py:540} INFO - Filling up the DagBag from /opt/airflow/dags/kaldata_dag.py
[2026-05-27T14:01:26.136+0000] {processor.py:840} INFO - DAG(s) 'kaldata_scraper' retrieved from /opt/airflow/dags/kaldata_dag.py
[2026-05-27T14:01:26.313+0000] {logging_mixin.py:188} INFO - [2026-05-27T14:01:26.312+0000] {dag.py:3047} INFO - Sync 1 DAGs
[2026-05-27T14:01:26.434+0000] {logging_mixin.py:188} INFO - [2026-05-27T14:01:26.434+0000] {dag.py:3834} INFO - Setting next_dagrun for kaldata_scraper to 2026-05-27 00:00:00+00:00, run_after=2026-05-28 00:00:00+00:00
[2026-05-27T14:01:26.534+0000] {processor.py:183} INFO - Processing /opt/airflow/dags/kaldata_dag.py took 0.642 seconds
[2026-05-27T14:01:57.723+0000] {processor.py:161} INFO - Started process (PID=9240) to work on /opt/airflow/dags/kaldata_dag.py
[2026-05-27T14:01:57.730+0000] {processor.py:830} INFO - Processing file /opt/airflow/dags/kaldata_dag.py for tasks to queue
[2026-05-27T14:01:57.744+0000] {logging_mixin.py:188} INFO - [2026-05-27T14:01:57.739+0000] {dagbag.py:540} INFO - Filling up the DagBag from /opt/airflow/dags/kaldata_dag.py
[2026-05-27T14:01:57.944+0000] {processor.py:840} INFO - DAG(s) 'kaldata_scraper' retrieved from /opt/airflow/dags/kaldata_dag.py
[2026-05-27T14:01:58.330+0000] {logging_mixin.py:188} INFO - [2026-05-27T14:01:58.319+0000] {dag.py:3047} INFO - Sync 1 DAGs
[2026-05-27T14:01:58.677+0000] {logging_mixin.py:188} INFO - [2026-05-27T14:01:58.676+0000] {dag.py:3834} INFO - Setting next_dagrun for kaldata_scraper to 2026-05-27 00:00:00+00:00, run_after=2026-05-28 00:00:00+00:00
[2026-05-27T14:01:58.724+0000] {processor.py:183} INFO - Processing /opt/airflow/dags/kaldata_dag.py took 1.037 seconds
[2026-05-27T14:02:29.751+0000] {processor.py:161} INFO - Started process (PID=9272) to work on /opt/airflow/dags/kaldata_dag.py
[2026-05-27T14:02:29.757+0000] {processor.py:830} INFO - Processing file /opt/airflow/dags/kaldata_dag.py for tasks to queue
[2026-05-27T14:02:29.781+0000] {logging_mixin.py:188} INFO - [2026-05-27T14:02:29.780+0000] {dagbag.py:540} INFO - Filling up the DagBag from /opt/airflow/dags/kaldata_dag.py
[2026-05-27T14:02:29.905+0000] {processor.py:840} INFO - DAG(s) 'kaldata_scraper' retrieved from /opt/airflow/dags/kaldata_dag.py
[2026-05-27T14:02:29.970+0000] {logging_mixin.py:188} INFO - [2026-05-27T14:02:29.969+0000] {dag.py:3047} INFO - Sync 1 DAGs
[2026-05-27T14:02:30.036+0000] {logging_mixin.py:188} INFO - [2026-05-27T14:02:30.036+0000] {dag.py:3834} INFO - Setting next_dagrun for kaldata_scraper to 2026-05-27 00:00:00+00:00, run_after=2026-05-28 00:00:00+00:00
[2026-05-27T14:02:30.088+0000] {processor.py:183} INFO - Processing /opt/airflow/dags/kaldata_dag.py took 0.345 seconds
[2026-05-27T14:03:00.216+0000] {processor.py:161} INFO - Started process (PID=9302) to work on /opt/airflow/dags/kaldata_dag.py
[2026-05-27T14:03:00.219+0000] {processor.py:830} INFO - Processing file /opt/airflow/dags/kaldata_dag.py for tasks to queue
[2026-05-27T14:03:00.222+0000] {logging_mixin.py:188} INFO - [2026-05-27T14:03:00.221+0000] {dagbag.py:540} INFO - Filling up the DagBag from /opt/airflow/dags/kaldata_dag.py
[2026-05-27T14:03:00.287+0000] {processor.py:840} INFO - DAG(s) 'kaldata_scraper' retrieved from /opt/airflow/dags/kaldata_dag.py
[2026-05-27T14:03:00.421+0000] {logging_mixin.py:188} INFO - [2026-05-27T14:03:00.421+0000] {dag.py:3047} INFO - Sync 1 DAGs
[2026-05-27T14:03:00.508+0000] {logging_mixin.py:188} INFO - [2026-05-27T14:03:00.508+0000] {dag.py:3834} INFO - Setting next_dagrun for kaldata_scraper to 2026-05-27 00:00:00+00:00, run_after=2026-05-28 00:00:00+00:00
[2026-05-27T14:03:00.585+0000] {processor.py:183} INFO - Processing /opt/airflow/dags/kaldata_dag.py took 0.381 seconds
[2026-05-27T14:03:31.468+0000] {processor.py:161} INFO - Started process (PID=9332) to work on /opt/airflow/dags/kaldata_dag.py
[2026-05-27T14:03:31.470+0000] {processor.py:830} INFO - Processing file /opt/airflow/dags/kaldata_dag.py for tasks to queue
[2026-05-27T14:03:31.473+0000] {logging_mixin.py:188} INFO - [2026-05-27T14:03:31.472+0000] {dagbag.py:540} INFO - Filling up the DagBag from /opt/airflow/dags/kaldata_dag.py
[2026-05-27T14:03:31.529+0000] {processor.py:840} INFO - DAG(s) 'kaldata_scraper' retrieved from /opt/airflow/dags/kaldata_dag.py
[2026-05-27T14:03:31.598+0000] {logging_mixin.py:188} INFO - [2026-05-27T14:03:31.598+0000] {dag.py:3047} INFO - Sync 1 DAGs
[2026-05-27T14:03:31.659+0000] {logging_mixin.py:188} INFO - [2026-05-27T14:03:31.658+0000] {dag.py:3834} INFO - Setting next_dagrun for kaldata_scraper to 2026-05-27 00:00:00+00:00, run_after=2026-05-28 00:00:00+00:00
[2026-05-27T14:03:31.712+0000] {processor.py:183} INFO - Processing /opt/airflow/dags/kaldata_dag.py took 0.253 seconds
[2026-05-27T14:04:02.908+0000] {processor.py:161} INFO - Started process (PID=9362) to work on /opt/airflow/dags/kaldata_dag.py
[2026-05-27T14:04:02.911+0000] {processor.py:830} INFO - Processing file /opt/airflow/dags/kaldata_dag.py for tasks to queue
[2026-05-27T14:04:02.914+0000] {logging_mixin.py:188} INFO - [2026-05-27T14:04:02.913+0000] {dagbag.py:540} INFO - Filling up the DagBag from /opt/airflow/dags/kaldata_dag.py
[2026-05-27T14:04:02.965+0000] {processor.py:840} INFO - DAG(s) 'kaldata_scraper' retrieved from /opt/airflow/dags/kaldata_dag.py
[2026-05-27T14:04:03.028+0000] {logging_mixin.py:188} INFO - [2026-05-27T14:04:03.027+0000] {dag.py:3047} INFO - Sync 1 DAGs
[2026-05-27T14:04:03.090+0000] {logging_mixin.py:188} INFO - [2026-05-27T14:04:03.089+0000] {dag.py:3834} INFO - Setting next_dagrun for kaldata_scraper to 2026-05-27 00:00:00+00:00, run_after=2026-05-28 00:00:00+00:00
[2026-05-27T14:04:03.138+0000] {processor.py:183} INFO - Processing /opt/airflow/dags/kaldata_dag.py took 0.238 seconds
[2026-05-27T14:04:33.601+0000] {processor.py:161} INFO - Started process (PID=9392) to work on /opt/airflow/dags/kaldata_dag.py
[2026-05-27T14:04:33.614+0000] {processor.py:830} INFO - Processing file /opt/airflow/dags/kaldata_dag.py for tasks to queue
[2026-05-27T14:04:33.637+0000] {logging_mixin.py:188} INFO - [2026-05-27T14:04:33.636+0000] {dagbag.py:540} INFO - Filling up the DagBag from /opt/airflow/dags/kaldata_dag.py
[2026-05-27T14:04:33.791+0000] {processor.py:840} INFO - DAG(s) 'kaldata_scraper' retrieved from /opt/airflow/dags/kaldata_dag.py
[2026-05-27T14:04:33.854+0000] {logging_mixin.py:188} INFO - [2026-05-27T14:04:33.853+0000] {dag.py:3047} INFO - Sync 1 DAGs
[2026-05-27T14:04:33.915+0000] {logging_mixin.py:188} INFO - [2026-05-27T14:04:33.915+0000] {dag.py:3834} INFO - Setting next_dagrun for kaldata_scraper to 2026-05-27 00:00:00+00:00, run_after=2026-05-28 00:00:00+00:00
[2026-05-27T14:04:33.968+0000] {processor.py:183} INFO - Processing /opt/airflow/dags/kaldata_dag.py took 0.375 seconds
[2026-05-27T14:05:04.327+0000] {processor.py:161} INFO - Started process (PID=9422) to work on /opt/airflow/dags/kaldata_dag.py
[2026-05-27T14:05:04.344+0000] {processor.py:830} INFO - Processing file /opt/airflow/dags/kaldata_dag.py for tasks to queue
[2026-05-27T14:05:04.365+0000] {logging_mixin.py:188} INFO - [2026-05-27T14:05:04.364+0000] {dagbag.py:540} INFO - Filling up the DagBag from /opt/airflow/dags/kaldata_dag.py
[2026-05-27T14:05:04.832+0000] {processor.py:840} INFO - DAG(s) 'kaldata_scraper' retrieved from /opt/airflow/dags/kaldata_dag.py
[2026-05-27T14:05:04.896+0000] {logging_mixin.py:188} INFO - [2026-05-27T14:05:04.896+0000] {dag.py:3047} INFO - Sync 1 DAGs
[2026-05-27T14:05:04.957+0000] {logging_mixin.py:188} INFO - [2026-05-27T14:05:04.956+0000] {dag.py:3834} INFO - Setting next_dagrun for kaldata_scraper to 2026-05-27 00:00:00+00:00, run_after=2026-05-28 00:00:00+00:00
[2026-05-27T14:05:05.010+0000] {processor.py:183} INFO - Processing /opt/airflow/dags/kaldata_dag.py took 0.694 seconds
[2026-05-27T14:05:35.149+0000] {processor.py:161} INFO - Started process (PID=9452) to work on /opt/airflow/dags/kaldata_dag.py
[2026-05-27T14:05:35.153+0000] {processor.py:830} INFO - Processing file /opt/airflow/dags/kaldata_dag.py for tasks to queue
[2026-05-27T14:05:35.156+0000] {logging_mixin.py:188} INFO - [2026-05-27T14:05:35.155+0000] {dagbag.py:540} INFO - Filling up the DagBag from /opt/airflow/dags/kaldata_dag.py
[2026-05-27T14:05:35.229+0000] {processor.py:840} INFO - DAG(s) 'kaldata_scraper' retrieved from /opt/airflow/dags/kaldata_dag.py
[2026-05-27T14:05:35.368+0000] {logging_mixin.py:188} INFO - [2026-05-27T14:05:35.367+0000] {dag.py:3047} INFO - Sync 1 DAGs
[2026-05-27T14:05:35.560+0000] {logging_mixin.py:188} INFO - [2026-05-27T14:05:35.560+0000] {dag.py:3834} INFO - Setting next_dagrun for kaldata_scraper to 2026-05-27 00:00:00+00:00, run_after=2026-05-28 00:00:00+00:00
[2026-05-27T14:05:35.699+0000] {processor.py:183} INFO - Processing /opt/airflow/dags/kaldata_dag.py took 0.565 seconds
[2026-05-27T14:06:06.221+0000] {processor.py:161} INFO - Started process (PID=9482) to work on /opt/airflow/dags/kaldata_dag.py
[2026-05-27T14:06:06.224+0000] {processor.py:830} INFO - Processing file /opt/airflow/dags/kaldata_dag.py for tasks to queue
[2026-05-27T14:06:06.227+0000] {logging_mixin.py:188} INFO - [2026-05-27T14:06:06.226+0000] {dagbag.py:540} INFO - Filling up the DagBag from /opt/airflow/dags/kaldata_dag.py
[2026-05-27T14:06:06.283+0000] {processor.py:840} INFO - DAG(s) 'kaldata_scraper' retrieved from /opt/airflow/dags/kaldata_dag.py
[2026-05-27T14:06:06.352+0000] {logging_mixin.py:188} INFO - [2026-05-27T14:06:06.352+0000] {dag.py:3047} INFO - Sync 1 DAGs
[2026-05-27T14:06:06.428+0000] {logging_mixin.py:188} INFO - [2026-05-27T14:06:06.427+0000] {dag.py:3834} INFO - Setting next_dagrun for kaldata_scraper to 2026-05-27 00:00:00+00:00, run_after=2026-05-28 00:00:00+00:00
[2026-05-27T14:06:06.477+0000] {processor.py:183} INFO - Processing /opt/airflow/dags/kaldata_dag.py took 0.267 seconds
[2026-05-27T14:06:36.986+0000] {processor.py:161} INFO - Started process (PID=9512) to work on /opt/airflow/dags/kaldata_dag.py
[2026-05-27T14:06:36.989+0000] {processor.py:830} INFO - Processing file /opt/airflow/dags/kaldata_dag.py for tasks to queue
[2026-05-27T14:06:36.992+0000] {logging_mixin.py:188} INFO - [2026-05-27T14:06:36.991+0000] {dagbag.py:540} INFO - Filling up the DagBag from /opt/airflow/dags/kaldata_dag.py
[2026-05-27T14:06:37.053+0000] {processor.py:840} INFO - DAG(s) 'kaldata_scraper' retrieved from /opt/airflow/dags/kaldata_dag.py
[2026-05-27T14:06:37.118+0000] {logging_mixin.py:188} INFO - [2026-05-27T14:06:37.118+0000] {dag.py:3047} INFO - Sync 1 DAGs
[2026-05-27T14:06:37.179+0000] {logging_mixin.py:188} INFO - [2026-05-27T14:06:37.178+0000] {dag.py:3834} INFO - Setting next_dagrun for kaldata_scraper to 2026-05-27 00:00:00+00:00, run_after=2026-05-28 00:00:00+00:00
[2026-05-27T14:06:37.233+0000] {processor.py:183} INFO - Processing /opt/airflow/dags/kaldata_dag.py took 0.258 seconds
[2026-05-27T14:07:08.096+0000] {processor.py:161} INFO - Started process (PID=9542) to work on /opt/airflow/dags/kaldata_dag.py
[2026-05-27T14:07:08.109+0000] {processor.py:830} INFO - Processing file /opt/airflow/dags/kaldata_dag.py for tasks to queue
[2026-05-27T14:07:08.129+0000] {logging_mixin.py:188} INFO - [2026-05-27T14:07:08.128+0000] {dagbag.py:540} INFO - Filling up the DagBag from /opt/airflow/dags/kaldata_dag.py
[2026-05-27T14:07:08.188+0000] {processor.py:840} INFO - DAG(s) 'kaldata_scraper' retrieved from /opt/airflow/dags/kaldata_dag.py
[2026-05-27T14:07:08.253+0000] {logging_mixin.py:188} INFO - [2026-05-27T14:07:08.252+0000] {dag.py:3047} INFO - Sync 1 DAGs
[2026-05-27T14:07:08.316+0000] {logging_mixin.py:188} INFO - [2026-05-27T14:07:08.315+0000] {dag.py:3834} INFO - Setting next_dagrun for kaldata_scraper to 2026-05-27 00:00:00+00:00, run_after=2026-05-28 00:00:00+00:00
[2026-05-27T14:07:08.370+0000] {processor.py:183} INFO - Processing /opt/airflow/dags/kaldata_dag.py took 0.284 seconds
[2026-05-27T14:07:38.822+0000] {processor.py:161} INFO - Started process (PID=9572) to work on /opt/airflow/dags/kaldata_dag.py
[2026-05-27T14:07:38.825+0000] {processor.py:830} INFO - Processing file /opt/airflow/dags/kaldata_dag.py for tasks to queue
[2026-05-27T14:07:38.827+0000] {logging_mixin.py:188} INFO - [2026-05-27T14:07:38.827+0000] {dagbag.py:540} INFO - Filling up the DagBag from /opt/airflow/dags/kaldata_dag.py
[2026-05-27T14:07:38.877+0000] {processor.py:840} INFO - DAG(s) 'kaldata_scraper' retrieved from /opt/airflow/dags/kaldata_dag.py
[2026-05-27T14:07:38.944+0000] {logging_mixin.py:188} INFO - [2026-05-27T14:07:38.944+0000] {dag.py:3047} INFO - Sync 1 DAGs
[2026-05-27T14:07:39.006+0000] {logging_mixin.py:188} INFO - [2026-05-27T14:07:39.005+0000] {dag.py:3834} INFO - Setting next_dagrun for kaldata_scraper to 2026-05-27 00:00:00+00:00, run_after=2026-05-28 00:00:00+00:00
[2026-05-27T14:07:39.059+0000] {processor.py:183} INFO - Processing /opt/airflow/dags/kaldata_dag.py took 0.247 seconds
[2026-05-27T14:08:10.842+0000] {processor.py:161} INFO - Started process (PID=9602) to work on /opt/airflow/dags/kaldata_dag.py
[2026-05-27T14:08:10.854+0000] {processor.py:830} INFO - Processing file /opt/airflow/dags/kaldata_dag.py for tasks to queue
[2026-05-27T14:08:10.864+0000] {logging_mixin.py:188} INFO - [2026-05-27T14:08:10.863+0000] {dagbag.py:540} INFO - Filling up the DagBag from /opt/airflow/dags/kaldata_dag.py
[2026-05-27T14:08:12.101+0000] {processor.py:840} INFO - DAG(s) 'kaldata_scraper' retrieved from /opt/airflow/dags/kaldata_dag.py
[2026-05-27T14:08:12.320+0000] {logging_mixin.py:188} INFO - [2026-05-27T14:08:12.319+0000] {dag.py:3047} INFO - Sync 1 DAGs
[2026-05-27T14:08:12.513+0000] {logging_mixin.py:188} INFO - [2026-05-27T14:08:12.502+0000] {dag.py:3834} INFO - Setting next_dagrun for kaldata_scraper to 2026-05-27 00:00:00+00:00, run_after=2026-05-28 00:00:00+00:00
[2026-05-27T14:08:12.716+0000] {processor.py:183} INFO - Processing /opt/airflow/dags/kaldata_dag.py took 1.883 seconds
[2026-05-27T14:08:43.051+0000] {processor.py:161} INFO - Started process (PID=9632) to work on /opt/airflow/dags/kaldata_dag.py
[2026-05-27T14:08:43.054+0000] {processor.py:830} INFO - Processing file /opt/airflow/dags/kaldata_dag.py for tasks to queue
[2026-05-27T14:08:43.057+0000] {logging_mixin.py:188} INFO - [2026-05-27T14:08:43.057+0000] {dagbag.py:540} INFO - Filling up the DagBag from /opt/airflow/dags/kaldata_dag.py
[2026-05-27T14:08:43.110+0000] {processor.py:840} INFO - DAG(s) 'kaldata_scraper' retrieved from /opt/airflow/dags/kaldata_dag.py
[2026-05-27T14:08:43.179+0000] {logging_mixin.py:188} INFO - [2026-05-27T14:08:43.179+0000] {dag.py:3047} INFO - Sync 1 DAGs
[2026-05-27T14:08:43.242+0000] {logging_mixin.py:188} INFO - [2026-05-27T14:08:43.241+0000] {dag.py:3834} INFO - Setting next_dagrun for kaldata_scraper to 2026-05-27 00:00:00+00:00, run_after=2026-05-28 00:00:00+00:00
[2026-05-27T14:08:43.294+0000] {processor.py:183} INFO - Processing /opt/airflow/dags/kaldata_dag.py took 0.253 seconds
[2026-05-27T14:09:13.808+0000] {processor.py:161} INFO - Started process (PID=9662) to work on /opt/airflow/dags/kaldata_dag.py
[2026-05-27T14:09:13.811+0000] {processor.py:830} INFO - Processing file /opt/airflow/dags/kaldata_dag.py for tasks to queue
[2026-05-27T14:09:13.813+0000] {logging_mixin.py:188} INFO - [2026-05-27T14:09:13.813+0000] {dagbag.py:540} INFO - Filling up the DagBag from /opt/airflow/dags/kaldata_dag.py
[2026-05-27T14:09:13.863+0000] {processor.py:840} INFO - DAG(s) 'kaldata_scraper' retrieved from /opt/airflow/dags/kaldata_dag.py
[2026-05-27T14:09:13.927+0000] {logging_mixin.py:188} INFO - [2026-05-27T14:09:13.927+0000] {dag.py:3047} INFO - Sync 1 DAGs
[2026-05-27T14:09:13.991+0000] {logging_mixin.py:188} INFO - [2026-05-27T14:09:13.991+0000] {dag.py:3834} INFO - Setting next_dagrun for kaldata_scraper to 2026-05-27 00:00:00+00:00, run_after=2026-05-28 00:00:00+00:00
[2026-05-27T14:09:14.044+0000] {processor.py:183} INFO - Processing /opt/airflow/dags/kaldata_dag.py took 0.244 seconds
[2026-05-27T14:09:44.521+0000] {processor.py:161} INFO - Started process (PID=9692) to work on /opt/airflow/dags/kaldata_dag.py
[2026-05-27T14:09:44.523+0000] {processor.py:830} INFO - Processing file /opt/airflow/dags/kaldata_dag.py for tasks to queue
[2026-05-27T14:09:44.526+0000] {logging_mixin.py:188} INFO - [2026-05-27T14:09:44.525+0000] {dagbag.py:540} INFO - Filling up the DagBag from /opt/airflow/dags/kaldata_dag.py
[2026-05-27T14:09:44.576+0000] {processor.py:840} INFO - DAG(s) 'kaldata_scraper' retrieved from /opt/airflow/dags/kaldata_dag.py
[2026-05-27T14:09:44.643+0000] {logging_mixin.py:188} INFO - [2026-05-27T14:09:44.642+0000] {dag.py:3047} INFO - Sync 1 DAGs
[2026-05-27T14:09:44.703+0000] {logging_mixin.py:188} INFO - [2026-05-27T14:09:44.703+0000] {dag.py:3834} INFO - Setting next_dagrun for kaldata_scraper to 2026-05-27 00:00:00+00:00, run_after=2026-05-28 00:00:00+00:00
[2026-05-27T14:09:44.756+0000] {processor.py:183} INFO - Processing /opt/airflow/dags/kaldata_dag.py took 0.245 seconds
[2026-05-27T14:10:15.389+0000] {processor.py:161} INFO - Started process (PID=9722) to work on /opt/airflow/dags/kaldata_dag.py
[2026-05-27T14:10:15.392+0000] {processor.py:830} INFO - Processing file /opt/airflow/dags/kaldata_dag.py for tasks to queue
[2026-05-27T14:10:15.395+0000] {logging_mixin.py:188} INFO - [2026-05-27T14:10:15.394+0000] {dagbag.py:540} INFO - Filling up the DagBag from /opt/airflow/dags/kaldata_dag.py
[2026-05-27T14:10:15.445+0000] {processor.py:840} INFO - DAG(s) 'kaldata_scraper' retrieved from /opt/airflow/dags/kaldata_dag.py
[2026-05-27T14:10:15.510+0000] {logging_mixin.py:188} INFO - [2026-05-27T14:10:15.509+0000] {dag.py:3047} INFO - Sync 1 DAGs
[2026-05-27T14:10:15.571+0000] {logging_mixin.py:188} INFO - [2026-05-27T14:10:15.571+0000] {dag.py:3834} INFO - Setting next_dagrun for kaldata_scraper to 2026-05-27 00:00:00+00:00, run_after=2026-05-28 00:00:00+00:00
[2026-05-27T14:10:15.667+0000] {processor.py:183} INFO - Processing /opt/airflow/dags/kaldata_dag.py took 0.290 seconds
[2026-05-27T14:10:46.243+0000] {processor.py:161} INFO - Started process (PID=9752) to work on /opt/airflow/dags/kaldata_dag.py
[2026-05-27T14:10:46.246+0000] {processor.py:830} INFO - Processing file /opt/airflow/dags/kaldata_dag.py for tasks to queue
[2026-05-27T14:10:46.249+0000] {logging_mixin.py:188} INFO - [2026-05-27T14:10:46.248+0000] {dagbag.py:540} INFO - Filling up the DagBag from /opt/airflow/dags/kaldata_dag.py
[2026-05-27T14:10:46.301+0000] {processor.py:840} INFO - DAG(s) 'kaldata_scraper' retrieved from /opt/airflow/dags/kaldata_dag.py
[2026-05-27T14:10:46.367+0000] {logging_mixin.py:188} INFO - [2026-05-27T14:10:46.366+0000] {dag.py:3047} INFO - Sync 1 DAGs
[2026-05-27T14:10:46.426+0000] {logging_mixin.py:188} INFO - [2026-05-27T14:10:46.426+0000] {dag.py:3834} INFO - Setting next_dagrun for kaldata_scraper to 2026-05-27 00:00:00+00:00, run_after=2026-05-28 00:00:00+00:00
[2026-05-27T14:10:46.478+0000] {processor.py:183} INFO - Processing /opt/airflow/dags/kaldata_dag.py took 0.245 seconds
[2026-05-27T14:11:18.164+0000] {processor.py:161} INFO - Started process (PID=9782) to work on /opt/airflow/dags/kaldata_dag.py
[2026-05-27T14:11:18.186+0000] {processor.py:830} INFO - Processing file /opt/airflow/dags/kaldata_dag.py for tasks to queue
[2026-05-27T14:11:18.191+0000] {logging_mixin.py:188} INFO - [2026-05-27T14:11:18.190+0000] {dagbag.py:540} INFO - Filling up the DagBag from /opt/airflow/dags/kaldata_dag.py
[2026-05-27T14:11:18.781+0000] {processor.py:840} INFO - DAG(s) 'kaldata_scraper' retrieved from /opt/airflow/dags/kaldata_dag.py
[2026-05-27T14:11:18.939+0000] {logging_mixin.py:188} INFO - [2026-05-27T14:11:18.938+0000] {dag.py:3047} INFO - Sync 1 DAGs
[2026-05-27T14:11:19.122+0000] {logging_mixin.py:188} INFO - [2026-05-27T14:11:19.121+0000] {dag.py:3834} INFO - Setting next_dagrun for kaldata_scraper to 2026-05-27 00:00:00+00:00, run_after=2026-05-28 00:00:00+00:00
[2026-05-27T14:11:19.263+0000] {processor.py:183} INFO - Processing /opt/airflow/dags/kaldata_dag.py took 1.108 seconds
[2026-05-27T14:11:50.993+0000] {processor.py:161} INFO - Started process (PID=9812) to work on /opt/airflow/dags/kaldata_dag.py
[2026-05-27T14:11:50.996+0000] {processor.py:830} INFO - Processing file /opt/airflow/dags/kaldata_dag.py for tasks to queue
[2026-05-27T14:11:51.006+0000] {logging_mixin.py:188} INFO - [2026-05-27T14:11:51.006+0000] {dagbag.py:540} INFO - Filling up the DagBag from /opt/airflow/dags/kaldata_dag.py
[2026-05-27T14:11:52.015+0000] {processor.py:840} INFO - DAG(s) 'kaldata_scraper' retrieved from /opt/airflow/dags/kaldata_dag.py
[2026-05-27T14:11:52.214+0000] {logging_mixin.py:188} INFO - [2026-05-27T14:11:52.213+0000] {dag.py:3047} INFO - Sync 1 DAGs
[2026-05-27T14:11:52.398+0000] {logging_mixin.py:188} INFO - [2026-05-27T14:11:52.398+0000] {dag.py:3834} INFO - Setting next_dagrun for kaldata_scraper to 2026-05-27 00:00:00+00:00, run_after=2026-05-28 00:00:00+00:00
[2026-05-27T14:11:52.613+0000] {processor.py:183} INFO - Processing /opt/airflow/dags/kaldata_dag.py took 1.630 seconds
[2026-05-27T14:12:23.502+0000] {processor.py:161} INFO - Started process (PID=9842) to work on /opt/airflow/dags/kaldata_dag.py
[2026-05-27T14:12:23.505+0000] {processor.py:830} INFO - Processing file /opt/airflow/dags/kaldata_dag.py for tasks to queue
[2026-05-27T14:12:23.508+0000] {logging_mixin.py:188} INFO - [2026-05-27T14:12:23.507+0000] {dagbag.py:540} INFO - Filling up the DagBag from /opt/airflow/dags/kaldata_dag.py
[2026-05-27T14:12:23.559+0000] {processor.py:840} INFO - DAG(s) 'kaldata_scraper' retrieved from /opt/airflow/dags/kaldata_dag.py
[2026-05-27T14:12:23.629+0000] {logging_mixin.py:188} INFO - [2026-05-27T14:12:23.628+0000] {dag.py:3047} INFO - Sync 1 DAGs
[2026-05-27T14:12:23.692+0000] {logging_mixin.py:188} INFO - [2026-05-27T14:12:23.691+0000] {dag.py:3834} INFO - Setting next_dagrun for kaldata_scraper to 2026-05-27 00:00:00+00:00, run_after=2026-05-28 00:00:00+00:00
[2026-05-27T14:12:23.743+0000] {processor.py:183} INFO - Processing /opt/airflow/dags/kaldata_dag.py took 0.251 seconds
[2026-05-27T14:12:54.431+0000] {processor.py:161} INFO - Started process (PID=9872) to work on /opt/airflow/dags/kaldata_dag.py
[2026-05-27T14:12:54.434+0000] {processor.py:830} INFO - Processing file /opt/airflow/dags/kaldata_dag.py for tasks to queue
[2026-05-27T14:12:54.437+0000] {logging_mixin.py:188} INFO - [2026-05-27T14:12:54.436+0000] {dagbag.py:540} INFO - Filling up the DagBag from /opt/airflow/dags/kaldata_dag.py
[2026-05-27T14:12:54.488+0000] {processor.py:840} INFO - DAG(s) 'kaldata_scraper' retrieved from /opt/airflow/dags/kaldata_dag.py
[2026-05-27T14:12:54.554+0000] {logging_mixin.py:188} INFO - [2026-05-27T14:12:54.554+0000] {dag.py:3047} INFO - Sync 1 DAGs
[2026-05-27T14:12:54.624+0000] {logging_mixin.py:188} INFO - [2026-05-27T14:12:54.623+0000] {dag.py:3834} INFO - Setting next_dagrun for kaldata_scraper to 2026-05-27 00:00:00+00:00, run_after=2026-05-28 00:00:00+00:00
[2026-05-27T14:12:54.672+0000] {processor.py:183} INFO - Processing /opt/airflow/dags/kaldata_dag.py took 0.251 seconds
[2026-05-27T14:13:25.130+0000] {processor.py:161} INFO - Started process (PID=9902) to work on /opt/airflow/dags/kaldata_dag.py
[2026-05-27T14:13:25.143+0000] {processor.py:830} INFO - Processing file /opt/airflow/dags/kaldata_dag.py for tasks to queue
[2026-05-27T14:13:25.152+0000] {logging_mixin.py:188} INFO - [2026-05-27T14:13:25.151+0000] {dagbag.py:540} INFO - Filling up the DagBag from /opt/airflow/dags/kaldata_dag.py
[2026-05-27T14:13:25.505+0000] {processor.py:840} INFO - DAG(s) 'kaldata_scraper' retrieved from /opt/airflow/dags/kaldata_dag.py
[2026-05-27T14:13:25.568+0000] {logging_mixin.py:188} INFO - [2026-05-27T14:13:25.568+0000] {dag.py:3047} INFO - Sync 1 DAGs
[2026-05-27T14:13:25.639+0000] {logging_mixin.py:188} INFO - [2026-05-27T14:13:25.638+0000] {dag.py:3834} INFO - Setting next_dagrun for kaldata_scraper to 2026-05-27 00:00:00+00:00, run_after=2026-05-28 00:00:00+00:00
[2026-05-27T14:13:25.692+0000] {processor.py:183} INFO - Processing /opt/airflow/dags/kaldata_dag.py took 0.581 seconds
[2026-05-27T14:13:55.859+0000] {processor.py:161} INFO - Started process (PID=9932) to work on /opt/airflow/dags/kaldata_dag.py
[2026-05-27T14:13:55.862+0000] {processor.py:830} INFO - Processing file /opt/airflow/dags/kaldata_dag.py for tasks to queue
[2026-05-27T14:13:55.865+0000] {logging_mixin.py:188} INFO - [2026-05-27T14:13:55.864+0000] {dagbag.py:540} INFO - Filling up the DagBag from /opt/airflow/dags/kaldata_dag.py
[2026-05-27T14:13:55.924+0000] {processor.py:840} INFO - DAG(s) 'kaldata_scraper' retrieved from /opt/airflow/dags/kaldata_dag.py
[2026-05-27T14:13:56.032+0000] {logging_mixin.py:188} INFO - [2026-05-27T14:13:56.031+0000] {dag.py:3047} INFO - Sync 1 DAGs
[2026-05-27T14:13:56.222+0000] {logging_mixin.py:188} INFO - [2026-05-27T14:13:56.211+0000] {dag.py:3834} INFO - Setting next_dagrun for kaldata_scraper to 2026-05-27 00:00:00+00:00, run_after=2026-05-28 00:00:00+00:00
[2026-05-27T14:13:56.371+0000] {processor.py:183} INFO - Processing /opt/airflow/dags/kaldata_dag.py took 0.524 seconds
[2026-05-27T14:14:27.449+0000] {processor.py:161} INFO - Started process (PID=9962) to work on /opt/airflow/dags/kaldata_dag.py
[2026-05-27T14:14:27.494+0000] {processor.py:830} INFO - Processing file /opt/airflow/dags/kaldata_dag.py for tasks to queue
[2026-05-27T14:14:27.497+0000] {logging_mixin.py:188} INFO - [2026-05-27T14:14:27.496+0000] {dagbag.py:540} INFO - Filling up the DagBag from /opt/airflow/dags/kaldata_dag.py
[2026-05-27T14:14:28.496+0000] {processor.py:840} INFO - DAG(s) 'kaldata_scraper' retrieved from /opt/airflow/dags/kaldata_dag.py
[2026-05-27T14:14:28.753+0000] {logging_mixin.py:188} INFO - [2026-05-27T14:14:28.753+0000] {dag.py:3047} INFO - Sync 1 DAGs
[2026-05-27T14:14:29.049+0000] {logging_mixin.py:188} INFO - [2026-05-27T14:14:29.048+0000] {dag.py:3834} INFO - Setting next_dagrun for kaldata_scraper to 2026-05-27 00:00:00+00:00, run_after=2026-05-28 00:00:00+00:00
[2026-05-27T14:14:29.223+0000] {processor.py:183} INFO - Processing /opt/airflow/dags/kaldata_dag.py took 1.799 seconds
[2026-05-27T14:15:03.930+0000] {processor.py:161} INFO - Started process (PID=9985) to work on /opt/airflow/dags/kaldata_dag.py
[2026-05-27T14:15:03.937+0000] {processor.py:830} INFO - Processing file /opt/airflow/dags/kaldata_dag.py for tasks to queue
[2026-05-27T14:15:03.948+0000] {logging_mixin.py:188} INFO - [2026-05-27T14:15:03.947+0000] {dagbag.py:540} INFO - Filling up the DagBag from /opt/airflow/dags/kaldata_dag.py
[2026-05-27T14:15:04.370+0000] {processor.py:840} INFO - DAG(s) 'kaldata_scraper' retrieved from /opt/airflow/dags/kaldata_dag.py
[2026-05-27T14:15:04.696+0000] {logging_mixin.py:188} INFO - [2026-05-27T14:15:04.684+0000] {dag.py:3047} INFO - Sync 1 DAGs
[2026-05-27T14:15:05.065+0000] {logging_mixin.py:188} INFO - [2026-05-27T14:15:05.064+0000] {dag.py:3834} INFO - Setting next_dagrun for kaldata_scraper to 2026-05-27 00:00:00+00:00, run_after=2026-05-28 00:00:00+00:00
[2026-05-27T14:15:05.346+0000] {processor.py:183} INFO - Processing /opt/airflow/dags/kaldata_dag.py took 1.448 seconds
[2026-05-27T14:15:36.598+0000] {processor.py:161} INFO - Started process (PID=10012) to work on /opt/airflow/dags/kaldata_dag.py
[2026-05-27T14:15:36.629+0000] {processor.py:830} INFO - Processing file /opt/airflow/dags/kaldata_dag.py for tasks to queue
[2026-05-27T14:15:36.645+0000] {logging_mixin.py:188} INFO - [2026-05-27T14:15:36.644+0000] {dagbag.py:540} INFO - Filling up the DagBag from /opt/airflow/dags/kaldata_dag.py
[2026-05-27T14:15:36.818+0000] {processor.py:840} INFO - DAG(s) 'kaldata_scraper' retrieved from /opt/airflow/dags/kaldata_dag.py
[2026-05-27T14:15:36.896+0000] {logging_mixin.py:188} INFO - [2026-05-27T14:15:36.896+0000] {dag.py:3047} INFO - Sync 1 DAGs
[2026-05-27T14:15:36.984+0000] {logging_mixin.py:188} INFO - [2026-05-27T14:15:36.983+0000] {dag.py:3834} INFO - Setting next_dagrun for kaldata_scraper to 2026-05-27 00:00:00+00:00, run_after=2026-05-28 00:00:00+00:00
[2026-05-27T14:15:37.051+0000] {processor.py:183} INFO - Processing /opt/airflow/dags/kaldata_dag.py took 0.486 seconds
[2026-05-27T14:16:07.615+0000] {processor.py:161} INFO - Started process (PID=10042) to work on /opt/airflow/dags/kaldata_dag.py
[2026-05-27T14:16:07.618+0000] {processor.py:830} INFO - Processing file /opt/airflow/dags/kaldata_dag.py for tasks to queue
[2026-05-27T14:16:07.621+0000] {logging_mixin.py:188} INFO - [2026-05-27T14:16:07.621+0000] {dagbag.py:540} INFO - Filling up the DagBag from /opt/airflow/dags/kaldata_dag.py
[2026-05-27T14:16:07.692+0000] {processor.py:840} INFO - DAG(s) 'kaldata_scraper' retrieved from /opt/airflow/dags/kaldata_dag.py
[2026-05-27T14:16:07.785+0000] {logging_mixin.py:188} INFO - [2026-05-27T14:16:07.784+0000] {dag.py:3047} INFO - Sync 1 DAGs
[2026-05-27T14:16:07.858+0000] {logging_mixin.py:188} INFO - [2026-05-27T14:16:07.857+0000] {dag.py:3834} INFO - Setting next_dagrun for kaldata_scraper to 2026-05-27 00:00:00+00:00, run_after=2026-05-28 00:00:00+00:00
[2026-05-27T14:16:07.932+0000] {processor.py:183} INFO - Processing /opt/airflow/dags/kaldata_dag.py took 0.333 seconds
[2026-05-27T14:16:38.539+0000] {processor.py:161} INFO - Started process (PID=10072) to work on /opt/airflow/dags/kaldata_dag.py
[2026-05-27T14:16:38.542+0000] {processor.py:830} INFO - Processing file /opt/airflow/dags/kaldata_dag.py for tasks to queue
[2026-05-27T14:16:38.545+0000] {logging_mixin.py:188} INFO - [2026-05-27T14:16:38.544+0000] {dagbag.py:540} INFO - Filling up the DagBag from /opt/airflow/dags/kaldata_dag.py
[2026-05-27T14:16:38.608+0000] {processor.py:840} INFO - DAG(s) 'kaldata_scraper' retrieved from /opt/airflow/dags/kaldata_dag.py
[2026-05-27T14:16:38.691+0000] {logging_mixin.py:188} INFO - [2026-05-27T14:16:38.690+0000] {dag.py:3047} INFO - Sync 1 DAGs
[2026-05-27T14:16:38.792+0000] {logging_mixin.py:188} INFO - [2026-05-27T14:16:38.791+0000] {dag.py:3834} INFO - Setting next_dagrun for kaldata_scraper to 2026-05-27 00:00:00+00:00, run_after=2026-05-28 00:00:00+00:00
[2026-05-27T14:16:38.865+0000] {processor.py:183} INFO - Processing /opt/airflow/dags/kaldata_dag.py took 0.339 seconds
[2026-05-27T14:17:09.592+0000] {processor.py:161} INFO - Started process (PID=10102) to work on /opt/airflow/dags/kaldata_dag.py
[2026-05-27T14:17:09.597+0000] {processor.py:830} INFO - Processing file /opt/airflow/dags/kaldata_dag.py for tasks to queue
[2026-05-27T14:17:09.603+0000] {logging_mixin.py:188} INFO - [2026-05-27T14:17:09.602+0000] {dagbag.py:540} INFO - Filling up the DagBag from /opt/airflow/dags/kaldata_dag.py
[2026-05-27T14:17:09.687+0000] {processor.py:840} INFO - DAG(s) 'kaldata_scraper' retrieved from /opt/airflow/dags/kaldata_dag.py
[2026-05-27T14:17:09.773+0000] {logging_mixin.py:188} INFO - [2026-05-27T14:17:09.772+0000] {dag.py:3047} INFO - Sync 1 DAGs
[2026-05-27T14:17:09.849+0000] {logging_mixin.py:188} INFO - [2026-05-27T14:17:09.849+0000] {dag.py:3834} INFO - Setting next_dagrun for kaldata_scraper to 2026-05-27 00:00:00+00:00, run_after=2026-05-28 00:00:00+00:00
[2026-05-27T14:17:09.922+0000] {processor.py:183} INFO - Processing /opt/airflow/dags/kaldata_dag.py took 0.347 seconds
[2026-05-27T14:17:40.671+0000] {processor.py:161} INFO - Started process (PID=10132) to work on /opt/airflow/dags/kaldata_dag.py
[2026-05-27T14:17:40.685+0000] {processor.py:830} INFO - Processing file /opt/airflow/dags/kaldata_dag.py for tasks to queue
[2026-05-27T14:17:40.695+0000] {logging_mixin.py:188} INFO - [2026-05-27T14:17:40.694+0000] {dagbag.py:540} INFO - Filling up the DagBag from /opt/airflow/dags/kaldata_dag.py
[2026-05-27T14:17:40.925+0000] {processor.py:840} INFO - DAG(s) 'kaldata_scraper' retrieved from /opt/airflow/dags/kaldata_dag.py
[2026-05-27T14:17:41.057+0000] {logging_mixin.py:188} INFO - [2026-05-27T14:17:41.057+0000] {dag.py:3047} INFO - Sync 1 DAGs
[2026-05-27T14:17:41.200+0000] {logging_mixin.py:188} INFO - [2026-05-27T14:17:41.199+0000] {dag.py:3834} INFO - Setting next_dagrun for kaldata_scraper to 2026-05-27 00:00:00+00:00, run_after=2026-05-28 00:00:00+00:00
[2026-05-27T14:17:41.388+0000] {processor.py:183} INFO - Processing /opt/airflow/dags/kaldata_dag.py took 0.734 seconds
[2026-05-27T14:18:11.999+0000] {processor.py:161} INFO - Started process (PID=10162) to work on /opt/airflow/dags/kaldata_dag.py
[2026-05-27T14:18:12.004+0000] {processor.py:830} INFO - Processing file /opt/airflow/dags/kaldata_dag.py for tasks to queue
[2026-05-27T14:18:12.007+0000] {logging_mixin.py:188} INFO - [2026-05-27T14:18:12.006+0000] {dagbag.py:540} INFO - Filling up the DagBag from /opt/airflow/dags/kaldata_dag.py
[2026-05-27T14:18:12.105+0000] {processor.py:840} INFO - DAG(s) 'kaldata_scraper' retrieved from /opt/airflow/dags/kaldata_dag.py
[2026-05-27T14:18:12.183+0000] {logging_mixin.py:188} INFO - [2026-05-27T14:18:12.183+0000] {dag.py:3047} INFO - Sync 1 DAGs
[2026-05-27T14:18:12.267+0000] {logging_mixin.py:188} INFO - [2026-05-27T14:18:12.266+0000] {dag.py:3834} INFO - Setting next_dagrun for kaldata_scraper to 2026-05-27 00:00:00+00:00, run_after=2026-05-28 00:00:00+00:00
[2026-05-27T14:18:12.410+0000] {processor.py:183} INFO - Processing /opt/airflow/dags/kaldata_dag.py took 0.425 seconds
[2026-05-27T14:18:43.575+0000] {processor.py:161} INFO - Started process (PID=10192) to work on /opt/airflow/dags/kaldata_dag.py
[2026-05-27T14:18:43.608+0000] {processor.py:830} INFO - Processing file /opt/airflow/dags/kaldata_dag.py for tasks to queue
[2026-05-27T14:18:43.617+0000] {logging_mixin.py:188} INFO - [2026-05-27T14:18:43.616+0000] {dagbag.py:540} INFO - Filling up the DagBag from /opt/airflow/dags/kaldata_dag.py
[2026-05-27T14:18:43.789+0000] {processor.py:840} INFO - DAG(s) 'kaldata_scraper' retrieved from /opt/airflow/dags/kaldata_dag.py
[2026-05-27T14:18:43.871+0000] {logging_mixin.py:188} INFO - [2026-05-27T14:18:43.870+0000] {dag.py:3047} INFO - Sync 1 DAGs
[2026-05-27T14:18:43.969+0000] {logging_mixin.py:188} INFO - [2026-05-27T14:18:43.969+0000] {dag.py:3834} INFO - Setting next_dagrun for kaldata_scraper to 2026-05-27 00:00:00+00:00, run_after=2026-05-28 00:00:00+00:00
[2026-05-27T14:18:44.119+0000] {processor.py:183} INFO - Processing /opt/airflow/dags/kaldata_dag.py took 0.565 seconds
[2026-05-27T14:19:14.286+0000] {processor.py:161} INFO - Started process (PID=10222) to work on /opt/airflow/dags/kaldata_dag.py
[2026-05-27T14:19:14.290+0000] {processor.py:830} INFO - Processing file /opt/airflow/dags/kaldata_dag.py for tasks to queue
[2026-05-27T14:19:14.299+0000] {logging_mixin.py:188} INFO - [2026-05-27T14:19:14.297+0000] {dagbag.py:540} INFO - Filling up the DagBag from /opt/airflow/dags/kaldata_dag.py
[2026-05-27T14:19:14.364+0000] {processor.py:840} INFO - DAG(s) 'kaldata_scraper' retrieved from /opt/airflow/dags/kaldata_dag.py
[2026-05-27T14:19:14.439+0000] {logging_mixin.py:188} INFO - [2026-05-27T14:19:14.438+0000] {dag.py:3047} INFO - Sync 1 DAGs
[2026-05-27T14:19:14.504+0000] {logging_mixin.py:188} INFO - [2026-05-27T14:19:14.503+0000] {dag.py:3834} INFO - Setting next_dagrun for kaldata_scraper to 2026-05-27 00:00:00+00:00, run_after=2026-05-28 00:00:00+00:00
[2026-05-27T14:19:14.560+0000] {processor.py:183} INFO - Processing /opt/airflow/dags/kaldata_dag.py took 0.286 seconds
[2026-05-27T14:19:47.989+0000] {processor.py:161} INFO - Started process (PID=10250) to work on /opt/airflow/dags/kaldata_dag.py
[2026-05-27T14:19:48.011+0000] {processor.py:830} INFO - Processing file /opt/airflow/dags/kaldata_dag.py for tasks to queue
[2026-05-27T14:19:48.015+0000] {logging_mixin.py:188} INFO - [2026-05-27T14:19:48.015+0000] {dagbag.py:540} INFO - Filling up the DagBag from /opt/airflow/dags/kaldata_dag.py
[2026-05-27T14:19:48.361+0000] {processor.py:840} INFO - DAG(s) 'kaldata_scraper' retrieved from /opt/airflow/dags/kaldata_dag.py
[2026-05-27T14:19:48.541+0000] {logging_mixin.py:188} INFO - [2026-05-27T14:19:48.540+0000] {dag.py:3047} INFO - Sync 1 DAGs
[2026-05-27T14:19:48.725+0000] {logging_mixin.py:188} INFO - [2026-05-27T14:19:48.724+0000] {dag.py:3834} INFO - Setting next_dagrun for kaldata_scraper to 2026-05-27 00:00:00+00:00, run_after=2026-05-28 00:00:00+00:00
[2026-05-27T14:19:48.930+0000] {processor.py:183} INFO - Processing /opt/airflow/dags/kaldata_dag.py took 0.960 seconds
[2026-05-27T14:20:23.481+0000] {processor.py:161} INFO - Started process (PID=10280) to work on /opt/airflow/dags/kaldata_dag.py
[2026-05-27T14:20:23.495+0000] {processor.py:830} INFO - Processing file /opt/airflow/dags/kaldata_dag.py for tasks to queue
[2026-05-27T14:20:23.499+0000] {logging_mixin.py:188} INFO - [2026-05-27T14:20:23.498+0000] {dagbag.py:540} INFO - Filling up the DagBag from /opt/airflow/dags/kaldata_dag.py
[2026-05-27T14:20:24.105+0000] {processor.py:840} INFO - DAG(s) 'kaldata_scraper' retrieved from /opt/airflow/dags/kaldata_dag.py
[2026-05-27T14:20:24.478+0000] {logging_mixin.py:188} INFO - [2026-05-27T14:20:24.477+0000] {dag.py:3047} INFO - Sync 1 DAGs
[2026-05-27T14:20:24.887+0000] {logging_mixin.py:188} INFO - [2026-05-27T14:20:24.887+0000] {dag.py:3834} INFO - Setting next_dagrun for kaldata_scraper to 2026-05-27 00:00:00+00:00, run_after=2026-05-28 00:00:00+00:00
[2026-05-27T14:20:25.287+0000] {processor.py:183} INFO - Processing /opt/airflow/dags/kaldata_dag.py took 1.814 seconds
[2026-05-27T14:21:08.905+0000] {processor.py:161} INFO - Started process (PID=10310) to work on /opt/airflow/dags/kaldata_dag.py
[2026-05-27T14:21:08.983+0000] {processor.py:830} INFO - Processing file /opt/airflow/dags/kaldata_dag.py for tasks to queue
[2026-05-27T14:21:09.027+0000] {logging_mixin.py:188} INFO - [2026-05-27T14:21:09.026+0000] {dagbag.py:540} INFO - Filling up the DagBag from /opt/airflow/dags/kaldata_dag.py
[2026-05-27T14:21:10.530+0000] {processor.py:840} INFO - DAG(s) 'kaldata_scraper' retrieved from /opt/airflow/dags/kaldata_dag.py
[2026-05-27T14:21:10.724+0000] {logging_mixin.py:188} INFO - [2026-05-27T14:21:10.723+0000] {dag.py:3047} INFO - Sync 1 DAGs
[2026-05-27T14:21:10.985+0000] {logging_mixin.py:188} INFO - [2026-05-27T14:21:10.984+0000] {dag.py:3834} INFO - Setting next_dagrun for kaldata_scraper to 2026-05-27 00:00:00+00:00, run_after=2026-05-28 00:00:00+00:00
[2026-05-27T14:21:11.319+0000] {processor.py:183} INFO - Processing /opt/airflow/dags/kaldata_dag.py took 2.424 seconds
[2026-05-27T14:21:44.884+0000] {processor.py:161} INFO - Started process (PID=10342) to work on /opt/airflow/dags/kaldata_dag.py
[2026-05-27T14:21:44.914+0000] {processor.py:830} INFO - Processing file /opt/airflow/dags/kaldata_dag.py for tasks to queue
[2026-05-27T14:21:44.940+0000] {logging_mixin.py:188} INFO - [2026-05-27T14:21:44.939+0000] {dagbag.py:540} INFO - Filling up the DagBag from /opt/airflow/dags/kaldata_dag.py
[2026-05-27T14:21:48.012+0000] {processor.py:840} INFO - DAG(s) 'kaldata_scraper' retrieved from /opt/airflow/dags/kaldata_dag.py
[2026-05-27T14:21:48.251+0000] {logging_mixin.py:188} INFO - [2026-05-27T14:21:48.250+0000] {dag.py:3047} INFO - Sync 1 DAGs
[2026-05-27T14:21:48.454+0000] {logging_mixin.py:188} INFO - [2026-05-27T14:21:48.453+0000] {dag.py:3834} INFO - Setting next_dagrun for kaldata_scraper to 2026-05-27 00:00:00+00:00, run_after=2026-05-28 00:00:00+00:00
[2026-05-27T14:21:48.659+0000] {processor.py:183} INFO - Processing /opt/airflow/dags/kaldata_dag.py took 3.793 seconds
[2026-05-27T14:22:19.009+0000] {processor.py:161} INFO - Started process (PID=10372) to work on /opt/airflow/dags/kaldata_dag.py
[2026-05-27T14:22:19.013+0000] {processor.py:830} INFO - Processing file /opt/airflow/dags/kaldata_dag.py for tasks to queue
[2026-05-27T14:22:19.020+0000] {logging_mixin.py:188} INFO - [2026-05-27T14:22:19.016+0000] {dagbag.py:540} INFO - Filling up the DagBag from /opt/airflow/dags/kaldata_dag.py
[2026-05-27T14:22:19.645+0000] {processor.py:840} INFO - DAG(s) 'kaldata_scraper' retrieved from /opt/airflow/dags/kaldata_dag.py
[2026-05-27T14:22:19.847+0000] {logging_mixin.py:188} INFO - [2026-05-27T14:22:19.838+0000] {dag.py:3047} INFO - Sync 1 DAGs
[2026-05-27T14:22:20.129+0000] {logging_mixin.py:188} INFO - [2026-05-27T14:22:20.128+0000] {dag.py:3834} INFO - Setting next_dagrun for kaldata_scraper to 2026-05-27 00:00:00+00:00, run_after=2026-05-28 00:00:00+00:00
[2026-05-27T14:22:20.589+0000] {processor.py:183} INFO - Processing /opt/airflow/dags/kaldata_dag.py took 1.598 seconds
[2026-05-27T14:22:52.193+0000] {processor.py:161} INFO - Started process (PID=10402) to work on /opt/airflow/dags/kaldata_dag.py
[2026-05-27T14:22:52.208+0000] {processor.py:830} INFO - Processing file /opt/airflow/dags/kaldata_dag.py for tasks to queue
[2026-05-27T14:22:52.217+0000] {logging_mixin.py:188} INFO - [2026-05-27T14:22:52.216+0000] {dagbag.py:540} INFO - Filling up the DagBag from /opt/airflow/dags/kaldata_dag.py
[2026-05-27T14:22:52.314+0000] {processor.py:840} INFO - DAG(s) 'kaldata_scraper' retrieved from /opt/airflow/dags/kaldata_dag.py
[2026-05-27T14:22:52.390+0000] {logging_mixin.py:188} INFO - [2026-05-27T14:22:52.389+0000] {dag.py:3047} INFO - Sync 1 DAGs
[2026-05-27T14:22:52.461+0000] {logging_mixin.py:188} INFO - [2026-05-27T14:22:52.460+0000] {dag.py:3834} INFO - Setting next_dagrun for kaldata_scraper to 2026-05-27 00:00:00+00:00, run_after=2026-05-28 00:00:00+00:00
[2026-05-27T14:22:52.661+0000] {processor.py:183} INFO - Processing /opt/airflow/dags/kaldata_dag.py took 0.488 seconds
[2026-05-27T14:23:23.762+0000] {processor.py:161} INFO - Started process (PID=10432) to work on /opt/airflow/dags/kaldata_dag.py
[2026-05-27T14:23:23.776+0000] {processor.py:830} INFO - Processing file /opt/airflow/dags/kaldata_dag.py for tasks to queue
[2026-05-27T14:23:23.803+0000] {logging_mixin.py:188} INFO - [2026-05-27T14:23:23.802+0000] {dagbag.py:540} INFO - Filling up the DagBag from /opt/airflow/dags/kaldata_dag.py
[2026-05-27T14:23:24.013+0000] {processor.py:840} INFO - DAG(s) 'kaldata_scraper' retrieved from /opt/airflow/dags/kaldata_dag.py
[2026-05-27T14:23:24.113+0000] {logging_mixin.py:188} INFO - [2026-05-27T14:23:24.112+0000] {dag.py:3047} INFO - Sync 1 DAGs
[2026-05-27T14:23:24.225+0000] {logging_mixin.py:188} INFO - [2026-05-27T14:23:24.224+0000] {dag.py:3834} INFO - Setting next_dagrun for kaldata_scraper to 2026-05-27 00:00:00+00:00, run_after=2026-05-28 00:00:00+00:00
[2026-05-27T14:23:24.350+0000] {processor.py:183} INFO - Processing /opt/airflow/dags/kaldata_dag.py took 0.604 seconds
[2026-05-27T14:23:55.168+0000] {processor.py:161} INFO - Started process (PID=10462) to work on /opt/airflow/dags/kaldata_dag.py
[2026-05-27T14:23:55.194+0000] {processor.py:830} INFO - Processing file /opt/airflow/dags/kaldata_dag.py for tasks to queue
[2026-05-27T14:23:55.255+0000] {logging_mixin.py:188} INFO - [2026-05-27T14:23:55.253+0000] {dagbag.py:540} INFO - Filling up the DagBag from /opt/airflow/dags/kaldata_dag.py
[2026-05-27T14:23:55.956+0000] {processor.py:840} INFO - DAG(s) 'kaldata_scraper' retrieved from /opt/airflow/dags/kaldata_dag.py
[2026-05-27T14:23:56.140+0000] {logging_mixin.py:188} INFO - [2026-05-27T14:23:56.139+0000] {dag.py:3047} INFO - Sync 1 DAGs
[2026-05-27T14:23:56.387+0000] {logging_mixin.py:188} INFO - [2026-05-27T14:23:56.386+0000] {dag.py:3834} INFO - Setting next_dagrun for kaldata_scraper to 2026-05-27 00:00:00+00:00, run_after=2026-05-28 00:00:00+00:00
[2026-05-27T14:23:56.635+0000] {processor.py:183} INFO - Processing /opt/airflow/dags/kaldata_dag.py took 1.488 seconds
[2026-05-27T14:24:27.699+0000] {processor.py:161} INFO - Started process (PID=10492) to work on /opt/airflow/dags/kaldata_dag.py
[2026-05-27T14:24:27.714+0000] {processor.py:830} INFO - Processing file /opt/airflow/dags/kaldata_dag.py for tasks to queue
[2026-05-27T14:24:27.732+0000] {logging_mixin.py:188} INFO - [2026-05-27T14:24:27.731+0000] {dagbag.py:540} INFO - Filling up the DagBag from /opt/airflow/dags/kaldata_dag.py
[2026-05-27T14:24:27.857+0000] {processor.py:840} INFO - DAG(s) 'kaldata_scraper' retrieved from /opt/airflow/dags/kaldata_dag.py
[2026-05-27T14:24:27.936+0000] {logging_mixin.py:188} INFO - [2026-05-27T14:24:27.936+0000] {dag.py:3047} INFO - Sync 1 DAGs
[2026-05-27T14:24:28.012+0000] {logging_mixin.py:188} INFO - [2026-05-27T14:24:28.011+0000] {dag.py:3834} INFO - Setting next_dagrun for kaldata_scraper to 2026-05-27 00:00:00+00:00, run_after=2026-05-28 00:00:00+00:00
[2026-05-27T14:24:28.073+0000] {processor.py:183} INFO - Processing /opt/airflow/dags/kaldata_dag.py took 0.395 seconds
[2026-05-27T14:24:59.551+0000] {processor.py:161} INFO - Started process (PID=10522) to work on /opt/airflow/dags/kaldata_dag.py
[2026-05-27T14:24:59.559+0000] {processor.py:830} INFO - Processing file /opt/airflow/dags/kaldata_dag.py for tasks to queue
[2026-05-27T14:24:59.567+0000] {logging_mixin.py:188} INFO - [2026-05-27T14:24:59.566+0000] {dagbag.py:540} INFO - Filling up the DagBag from /opt/airflow/dags/kaldata_dag.py
[2026-05-27T14:24:59.751+0000] {processor.py:840} INFO - DAG(s) 'kaldata_scraper' retrieved from /opt/airflow/dags/kaldata_dag.py
[2026-05-27T14:24:59.846+0000] {logging_mixin.py:188} INFO - [2026-05-27T14:24:59.845+0000] {dag.py:3047} INFO - Sync 1 DAGs
[2026-05-27T14:24:59.960+0000] {logging_mixin.py:188} INFO - [2026-05-27T14:24:59.959+0000] {dag.py:3834} INFO - Setting next_dagrun for kaldata_scraper to 2026-05-27 00:00:00+00:00, run_after=2026-05-28 00:00:00+00:00
[2026-05-27T14:25:00.020+0000] {processor.py:183} INFO - Processing /opt/airflow/dags/kaldata_dag.py took 0.491 seconds
[2026-05-27T14:25:30.976+0000] {processor.py:161} INFO - Started process (PID=10552) to work on /opt/airflow/dags/kaldata_dag.py
[2026-05-27T14:25:30.980+0000] {processor.py:830} INFO - Processing file /opt/airflow/dags/kaldata_dag.py for tasks to queue
[2026-05-27T14:25:30.984+0000] {logging_mixin.py:188} INFO - [2026-05-27T14:25:30.982+0000] {dagbag.py:540} INFO - Filling up the DagBag from /opt/airflow/dags/kaldata_dag.py
[2026-05-27T14:25:31.070+0000] {processor.py:840} INFO - DAG(s) 'kaldata_scraper' retrieved from /opt/airflow/dags/kaldata_dag.py
[2026-05-27T14:25:31.167+0000] {logging_mixin.py:188} INFO - [2026-05-27T14:25:31.166+0000] {dag.py:3047} INFO - Sync 1 DAGs
[2026-05-27T14:25:31.244+0000] {logging_mixin.py:188} INFO - [2026-05-27T14:25:31.244+0000] {dag.py:3834} INFO - Setting next_dagrun for kaldata_scraper to 2026-05-27 00:00:00+00:00, run_after=2026-05-28 00:00:00+00:00
[2026-05-27T14:25:31.312+0000] {processor.py:183} INFO - Processing /opt/airflow/dags/kaldata_dag.py took 0.351 seconds
[2026-05-27T14:26:05.274+0000] {processor.py:161} INFO - Started process (PID=10582) to work on /opt/airflow/dags/kaldata_dag.py
[2026-05-27T14:26:05.282+0000] {processor.py:830} INFO - Processing file /opt/airflow/dags/kaldata_dag.py for tasks to queue
[2026-05-27T14:26:05.310+0000] {logging_mixin.py:188} INFO - [2026-05-27T14:26:05.309+0000] {dagbag.py:540} INFO - Filling up the DagBag from /opt/airflow/dags/kaldata_dag.py
[2026-05-27T14:26:05.801+0000] {processor.py:840} INFO - DAG(s) 'kaldata_scraper' retrieved from /opt/airflow/dags/kaldata_dag.py
[2026-05-27T14:26:06.254+0000] {logging_mixin.py:188} INFO - [2026-05-27T14:26:06.253+0000] {dag.py:3047} INFO - Sync 1 DAGs
[2026-05-27T14:26:06.478+0000] {logging_mixin.py:188} INFO - [2026-05-27T14:26:06.466+0000] {dag.py:3834} INFO - Setting next_dagrun for kaldata_scraper to 2026-05-27 00:00:00+00:00, run_after=2026-05-28 00:00:00+00:00
[2026-05-27T14:26:06.839+0000] {processor.py:183} INFO - Processing /opt/airflow/dags/kaldata_dag.py took 1.587 seconds
[2026-05-27T14:26:39.153+0000] {processor.py:161} INFO - Started process (PID=10612) to work on /opt/airflow/dags/kaldata_dag.py
[2026-05-27T14:26:39.169+0000] {processor.py:830} INFO - Processing file /opt/airflow/dags/kaldata_dag.py for tasks to queue
[2026-05-27T14:26:39.181+0000] {logging_mixin.py:188} INFO - [2026-05-27T14:26:39.180+0000] {dagbag.py:540} INFO - Filling up the DagBag from /opt/airflow/dags/kaldata_dag.py
[2026-05-27T14:26:39.331+0000] {processor.py:840} INFO - DAG(s) 'kaldata_scraper' retrieved from /opt/airflow/dags/kaldata_dag.py
[2026-05-27T14:26:39.422+0000] {logging_mixin.py:188} INFO - [2026-05-27T14:26:39.422+0000] {dag.py:3047} INFO - Sync 1 DAGs
[2026-05-27T14:26:39.502+0000] {logging_mixin.py:188} INFO - [2026-05-27T14:26:39.502+0000] {dag.py:3834} INFO - Setting next_dagrun for kaldata_scraper to 2026-05-27 00:00:00+00:00, run_after=2026-05-28 00:00:00+00:00
[2026-05-27T14:26:39.575+0000] {processor.py:183} INFO - Processing /opt/airflow/dags/kaldata_dag.py took 0.442 seconds
[2026-05-27T14:27:09.995+0000] {processor.py:161} INFO - Started process (PID=10642) to work on /opt/airflow/dags/kaldata_dag.py
[2026-05-27T14:27:10.008+0000] {processor.py:830} INFO - Processing file /opt/airflow/dags/kaldata_dag.py for tasks to queue
[2026-05-27T14:27:10.011+0000] {logging_mixin.py:188} INFO - [2026-05-27T14:27:10.010+0000] {dagbag.py:540} INFO - Filling up the DagBag from /opt/airflow/dags/kaldata_dag.py
[2026-05-27T14:27:10.069+0000] {processor.py:840} INFO - DAG(s) 'kaldata_scraper' retrieved from /opt/airflow/dags/kaldata_dag.py
[2026-05-27T14:27:10.147+0000] {logging_mixin.py:188} INFO - [2026-05-27T14:27:10.146+0000] {dag.py:3047} INFO - Sync 1 DAGs
[2026-05-27T14:27:10.221+0000] {logging_mixin.py:188} INFO - [2026-05-27T14:27:10.220+0000] {dag.py:3834} INFO - Setting next_dagrun for kaldata_scraper to 2026-05-27 00:00:00+00:00, run_after=2026-05-28 00:00:00+00:00
[2026-05-27T14:27:10.289+0000] {processor.py:183} INFO - Processing /opt/airflow/dags/kaldata_dag.py took 0.311 seconds
[2026-05-27T14:27:40.878+0000] {processor.py:161} INFO - Started process (PID=10672) to work on /opt/airflow/dags/kaldata_dag.py
[2026-05-27T14:27:40.882+0000] {processor.py:830} INFO - Processing file /opt/airflow/dags/kaldata_dag.py for tasks to queue
[2026-05-27T14:27:40.885+0000] {logging_mixin.py:188} INFO - [2026-05-27T14:27:40.884+0000] {dagbag.py:540} INFO - Filling up the DagBag from /opt/airflow/dags/kaldata_dag.py
[2026-05-27T14:27:40.987+0000] {processor.py:840} INFO - DAG(s) 'kaldata_scraper' retrieved from /opt/airflow/dags/kaldata_dag.py
[2026-05-27T14:27:41.139+0000] {logging_mixin.py:188} INFO - [2026-05-27T14:27:41.138+0000] {dag.py:3047} INFO - Sync 1 DAGs
[2026-05-27T14:27:41.501+0000] {logging_mixin.py:188} INFO - [2026-05-27T14:27:41.501+0000] {dag.py:3834} INFO - Setting next_dagrun for kaldata_scraper to 2026-05-27 00:00:00+00:00, run_after=2026-05-28 00:00:00+00:00
[2026-05-27T14:27:41.868+0000] {processor.py:183} INFO - Processing /opt/airflow/dags/kaldata_dag.py took 1.011 seconds
[2026-05-27T14:28:12.537+0000] {processor.py:161} INFO - Started process (PID=10702) to work on /opt/airflow/dags/kaldata_dag.py
[2026-05-27T14:28:12.540+0000] {processor.py:830} INFO - Processing file /opt/airflow/dags/kaldata_dag.py for tasks to queue
[2026-05-27T14:28:12.543+0000] {logging_mixin.py:188} INFO - [2026-05-27T14:28:12.542+0000] {dagbag.py:540} INFO - Filling up the DagBag from /opt/airflow/dags/kaldata_dag.py
[2026-05-27T14:28:12.616+0000] {processor.py:840} INFO - DAG(s) 'kaldata_scraper' retrieved from /opt/airflow/dags/kaldata_dag.py
[2026-05-27T14:28:12.697+0000] {logging_mixin.py:188} INFO - [2026-05-27T14:28:12.696+0000] {dag.py:3047} INFO - Sync 1 DAGs
[2026-05-27T14:28:12.767+0000] {logging_mixin.py:188} INFO - [2026-05-27T14:28:12.766+0000] {dag.py:3834} INFO - Setting next_dagrun for kaldata_scraper to 2026-05-27 00:00:00+00:00, run_after=2026-05-28 00:00:00+00:00
[2026-05-27T14:28:12.830+0000] {processor.py:183} INFO - Processing /opt/airflow/dags/kaldata_dag.py took 0.305 seconds
[2026-05-27T14:28:43.579+0000] {processor.py:161} INFO - Started process (PID=10732) to work on /opt/airflow/dags/kaldata_dag.py
[2026-05-27T14:28:43.582+0000] {processor.py:830} INFO - Processing file /opt/airflow/dags/kaldata_dag.py for tasks to queue
[2026-05-27T14:28:43.585+0000] {logging_mixin.py:188} INFO - [2026-05-27T14:28:43.584+0000] {dagbag.py:540} INFO - Filling up the DagBag from /opt/airflow/dags/kaldata_dag.py
[2026-05-27T14:28:43.644+0000] {processor.py:840} INFO - DAG(s) 'kaldata_scraper' retrieved from /opt/airflow/dags/kaldata_dag.py
[2026-05-27T14:28:43.729+0000] {logging_mixin.py:188} INFO - [2026-05-27T14:28:43.729+0000] {dag.py:3047} INFO - Sync 1 DAGs
[2026-05-27T14:28:43.824+0000] {logging_mixin.py:188} INFO - [2026-05-27T14:28:43.823+0000] {dag.py:3834} INFO - Setting next_dagrun for kaldata_scraper to 2026-05-27 00:00:00+00:00, run_after=2026-05-28 00:00:00+00:00
[2026-05-27T14:28:43.882+0000] {processor.py:183} INFO - Processing /opt/airflow/dags/kaldata_dag.py took 0.315 seconds
[2026-05-27T14:29:14.650+0000] {processor.py:161} INFO - Started process (PID=10762) to work on /opt/airflow/dags/kaldata_dag.py
[2026-05-27T14:29:14.670+0000] {processor.py:830} INFO - Processing file /opt/airflow/dags/kaldata_dag.py for tasks to queue
[2026-05-27T14:29:14.677+0000] {logging_mixin.py:188} INFO - [2026-05-27T14:29:14.676+0000] {dagbag.py:540} INFO - Filling up the DagBag from /opt/airflow/dags/kaldata_dag.py
[2026-05-27T14:29:14.884+0000] {processor.py:840} INFO - DAG(s) 'kaldata_scraper' retrieved from /opt/airflow/dags/kaldata_dag.py
[2026-05-27T14:29:15.000+0000] {logging_mixin.py:188} INFO - [2026-05-27T14:29:14.999+0000] {dag.py:3047} INFO - Sync 1 DAGs
[2026-05-27T14:29:15.086+0000] {logging_mixin.py:188} INFO - [2026-05-27T14:29:15.086+0000] {dag.py:3834} INFO - Setting next_dagrun for kaldata_scraper to 2026-05-27 00:00:00+00:00, run_after=2026-05-28 00:00:00+00:00
[2026-05-27T14:29:15.196+0000] {processor.py:183} INFO - Processing /opt/airflow/dags/kaldata_dag.py took 0.557 seconds
[2026-05-27T14:29:45.345+0000] {processor.py:161} INFO - Started process (PID=10792) to work on /opt/airflow/dags/kaldata_dag.py
[2026-05-27T14:29:45.348+0000] {processor.py:830} INFO - Processing file /opt/airflow/dags/kaldata_dag.py for tasks to queue
[2026-05-27T14:29:45.351+0000] {logging_mixin.py:188} INFO - [2026-05-27T14:29:45.350+0000] {dagbag.py:540} INFO - Filling up the DagBag from /opt/airflow/dags/kaldata_dag.py
[2026-05-27T14:29:45.413+0000] {processor.py:840} INFO - DAG(s) 'kaldata_scraper' retrieved from /opt/airflow/dags/kaldata_dag.py
[2026-05-27T14:29:45.498+0000] {logging_mixin.py:188} INFO - [2026-05-27T14:29:45.498+0000] {dag.py:3047} INFO - Sync 1 DAGs
[2026-05-27T14:29:45.572+0000] {logging_mixin.py:188} INFO - [2026-05-27T14:29:45.571+0000] {dag.py:3834} INFO - Setting next_dagrun for kaldata_scraper to 2026-05-27 00:00:00+00:00, run_after=2026-05-28 00:00:00+00:00
[2026-05-27T14:29:45.639+0000] {processor.py:183} INFO - Processing /opt/airflow/dags/kaldata_dag.py took 0.310 seconds
[2026-05-27T14:30:16.066+0000] {processor.py:161} INFO - Started process (PID=10822) to work on /opt/airflow/dags/kaldata_dag.py
[2026-05-27T14:30:16.069+0000] {processor.py:830} INFO - Processing file /opt/airflow/dags/kaldata_dag.py for tasks to queue
[2026-05-27T14:30:16.073+0000] {logging_mixin.py:188} INFO - [2026-05-27T14:30:16.072+0000] {dagbag.py:540} INFO - Filling up the DagBag from /opt/airflow/dags/kaldata_dag.py
[2026-05-27T14:30:16.136+0000] {processor.py:840} INFO - DAG(s) 'kaldata_scraper' retrieved from /opt/airflow/dags/kaldata_dag.py
[2026-05-27T14:30:16.221+0000] {logging_mixin.py:188} INFO - [2026-05-27T14:30:16.220+0000] {dag.py:3047} INFO - Sync 1 DAGs
[2026-05-27T14:30:16.310+0000] {logging_mixin.py:188} INFO - [2026-05-27T14:30:16.309+0000] {dag.py:3834} INFO - Setting next_dagrun for kaldata_scraper to 2026-05-27 00:00:00+00:00, run_after=2026-05-28 00:00:00+00:00
[2026-05-27T14:30:16.371+0000] {processor.py:183} INFO - Processing /opt/airflow/dags/kaldata_dag.py took 0.319 seconds
[2026-05-27T14:30:46.690+0000] {processor.py:161} INFO - Started process (PID=10852) to work on /opt/airflow/dags/kaldata_dag.py
[2026-05-27T14:30:46.693+0000] {processor.py:830} INFO - Processing file /opt/airflow/dags/kaldata_dag.py for tasks to queue
[2026-05-27T14:30:46.696+0000] {logging_mixin.py:188} INFO - [2026-05-27T14:30:46.695+0000] {dagbag.py:540} INFO - Filling up the DagBag from /opt/airflow/dags/kaldata_dag.py
[2026-05-27T14:30:46.760+0000] {processor.py:840} INFO - DAG(s) 'kaldata_scraper' retrieved from /opt/airflow/dags/kaldata_dag.py
[2026-05-27T14:30:46.835+0000] {logging_mixin.py:188} INFO - [2026-05-27T14:30:46.834+0000] {dag.py:3047} INFO - Sync 1 DAGs
[2026-05-27T14:30:46.904+0000] {logging_mixin.py:188} INFO - [2026-05-27T14:30:46.903+0000] {dag.py:3834} INFO - Setting next_dagrun for kaldata_scraper to 2026-05-27 00:00:00+00:00, run_after=2026-05-28 00:00:00+00:00
[2026-05-27T14:30:46.960+0000] {processor.py:183} INFO - Processing /opt/airflow/dags/kaldata_dag.py took 0.283 seconds
[2026-05-27T14:31:17.714+0000] {processor.py:161} INFO - Started process (PID=10882) to work on /opt/airflow/dags/kaldata_dag.py
[2026-05-27T14:31:17.717+0000] {processor.py:830} INFO - Processing file /opt/airflow/dags/kaldata_dag.py for tasks to queue
[2026-05-27T14:31:17.720+0000] {logging_mixin.py:188} INFO - [2026-05-27T14:31:17.719+0000] {dagbag.py:540} INFO - Filling up the DagBag from /opt/airflow/dags/kaldata_dag.py
[2026-05-27T14:31:17.782+0000] {processor.py:840} INFO - DAG(s) 'kaldata_scraper' retrieved from /opt/airflow/dags/kaldata_dag.py
[2026-05-27T14:31:17.879+0000] {logging_mixin.py:188} INFO - [2026-05-27T14:31:17.878+0000] {dag.py:3047} INFO - Sync 1 DAGs
[2026-05-27T14:31:17.950+0000] {logging_mixin.py:188} INFO - [2026-05-27T14:31:17.949+0000] {dag.py:3834} INFO - Setting next_dagrun for kaldata_scraper to 2026-05-27 00:00:00+00:00, run_after=2026-05-28 00:00:00+00:00
[2026-05-27T14:31:18.017+0000] {processor.py:183} INFO - Processing /opt/airflow/dags/kaldata_dag.py took 0.319 seconds
[2026-05-27T14:31:48.221+0000] {processor.py:161} INFO - Started process (PID=10912) to work on /opt/airflow/dags/kaldata_dag.py
[2026-05-27T14:31:48.224+0000] {processor.py:830} INFO - Processing file /opt/airflow/dags/kaldata_dag.py for tasks to queue
[2026-05-27T14:31:48.227+0000] {logging_mixin.py:188} INFO - [2026-05-27T14:31:48.226+0000] {dagbag.py:540} INFO - Filling up the DagBag from /opt/airflow/dags/kaldata_dag.py
[2026-05-27T14:31:48.521+0000] {processor.py:840} INFO - DAG(s) 'kaldata_scraper' retrieved from /opt/airflow/dags/kaldata_dag.py
[2026-05-27T14:31:48.701+0000] {logging_mixin.py:188} INFO - [2026-05-27T14:31:48.700+0000] {dag.py:3047} INFO - Sync 1 DAGs
[2026-05-27T14:31:48.937+0000] {logging_mixin.py:188} INFO - [2026-05-27T14:31:48.925+0000] {dag.py:3834} INFO - Setting next_dagrun for kaldata_scraper to 2026-05-27 00:00:00+00:00, run_after=2026-05-28 00:00:00+00:00
[2026-05-27T14:31:49.134+0000] {processor.py:183} INFO - Processing /opt/airflow/dags/kaldata_dag.py took 0.927 seconds
[2026-05-27T14:32:19.942+0000] {processor.py:161} INFO - Started process (PID=10942) to work on /opt/airflow/dags/kaldata_dag.py
[2026-05-27T14:32:19.948+0000] {processor.py:830} INFO - Processing file /opt/airflow/dags/kaldata_dag.py for tasks to queue
[2026-05-27T14:32:19.956+0000] {logging_mixin.py:188} INFO - [2026-05-27T14:32:19.951+0000] {dagbag.py:540} INFO - Filling up the DagBag from /opt/airflow/dags/kaldata_dag.py
[2026-05-27T14:32:20.043+0000] {processor.py:840} INFO - DAG(s) 'kaldata_scraper' retrieved from /opt/airflow/dags/kaldata_dag.py
[2026-05-27T14:32:20.143+0000] {logging_mixin.py:188} INFO - [2026-05-27T14:32:20.142+0000] {dag.py:3047} INFO - Sync 1 DAGs
[2026-05-27T14:32:20.244+0000] {logging_mixin.py:188} INFO - [2026-05-27T14:32:20.243+0000] {dag.py:3834} INFO - Setting next_dagrun for kaldata_scraper to 2026-05-27 00:00:00+00:00, run_after=2026-05-28 00:00:00+00:00
[2026-05-27T14:32:20.398+0000] {processor.py:183} INFO - Processing /opt/airflow/dags/kaldata_dag.py took 0.473 seconds
[2026-05-27T14:32:51.006+0000] {processor.py:161} INFO - Started process (PID=10972) to work on /opt/airflow/dags/kaldata_dag.py
[2026-05-27T14:32:51.009+0000] {processor.py:830} INFO - Processing file /opt/airflow/dags/kaldata_dag.py for tasks to queue
[2026-05-27T14:32:51.012+0000] {logging_mixin.py:188} INFO - [2026-05-27T14:32:51.011+0000] {dagbag.py:540} INFO - Filling up the DagBag from /opt/airflow/dags/kaldata_dag.py
[2026-05-27T14:32:51.075+0000] {processor.py:840} INFO - DAG(s) 'kaldata_scraper' retrieved from /opt/airflow/dags/kaldata_dag.py
[2026-05-27T14:32:51.151+0000] {logging_mixin.py:188} INFO - [2026-05-27T14:32:51.150+0000] {dag.py:3047} INFO - Sync 1 DAGs
[2026-05-27T14:32:51.224+0000] {logging_mixin.py:188} INFO - [2026-05-27T14:32:51.223+0000] {dag.py:3834} INFO - Setting next_dagrun for kaldata_scraper to 2026-05-27 00:00:00+00:00, run_after=2026-05-28 00:00:00+00:00
[2026-05-27T14:32:51.286+0000] {processor.py:183} INFO - Processing /opt/airflow/dags/kaldata_dag.py took 0.292 seconds
[2026-05-27T14:33:22.757+0000] {processor.py:161} INFO - Started process (PID=11002) to work on /opt/airflow/dags/kaldata_dag.py
[2026-05-27T14:33:22.784+0000] {processor.py:830} INFO - Processing file /opt/airflow/dags/kaldata_dag.py for tasks to queue
[2026-05-27T14:33:22.820+0000] {logging_mixin.py:188} INFO - [2026-05-27T14:33:22.818+0000] {dagbag.py:540} INFO - Filling up the DagBag from /opt/airflow/dags/kaldata_dag.py
[2026-05-27T14:33:23.012+0000] {processor.py:840} INFO - DAG(s) 'kaldata_scraper' retrieved from /opt/airflow/dags/kaldata_dag.py
[2026-05-27T14:33:23.089+0000] {logging_mixin.py:188} INFO - [2026-05-27T14:33:23.089+0000] {dag.py:3047} INFO - Sync 1 DAGs
[2026-05-27T14:33:23.169+0000] {logging_mixin.py:188} INFO - [2026-05-27T14:33:23.168+0000] {dag.py:3834} INFO - Setting next_dagrun for kaldata_scraper to 2026-05-27 00:00:00+00:00, run_after=2026-05-28 00:00:00+00:00
[2026-05-27T14:33:23.259+0000] {processor.py:183} INFO - Processing /opt/airflow/dags/kaldata_dag.py took 0.522 seconds
[2026-05-27T14:33:53.492+0000] {processor.py:161} INFO - Started process (PID=11032) to work on /opt/airflow/dags/kaldata_dag.py
[2026-05-27T14:33:53.500+0000] {processor.py:830} INFO - Processing file /opt/airflow/dags/kaldata_dag.py for tasks to queue
[2026-05-27T14:33:53.503+0000] {logging_mixin.py:188} INFO - [2026-05-27T14:33:53.502+0000] {dagbag.py:540} INFO - Filling up the DagBag from /opt/airflow/dags/kaldata_dag.py
[2026-05-27T14:33:53.571+0000] {processor.py:840} INFO - DAG(s) 'kaldata_scraper' retrieved from /opt/airflow/dags/kaldata_dag.py
[2026-05-27T14:33:53.662+0000] {logging_mixin.py:188} INFO - [2026-05-27T14:33:53.661+0000] {dag.py:3047} INFO - Sync 1 DAGs
[2026-05-27T14:33:53.747+0000] {logging_mixin.py:188} INFO - [2026-05-27T14:33:53.746+0000] {dag.py:3834} INFO - Setting next_dagrun for kaldata_scraper to 2026-05-27 00:00:00+00:00, run_after=2026-05-28 00:00:00+00:00
[2026-05-27T14:33:53.809+0000] {processor.py:183} INFO - Processing /opt/airflow/dags/kaldata_dag.py took 0.327 seconds
[2026-05-27T14:34:25.463+0000] {processor.py:161} INFO - Started process (PID=11062) to work on /opt/airflow/dags/kaldata_dag.py
[2026-05-27T14:34:25.479+0000] {processor.py:830} INFO - Processing file /opt/airflow/dags/kaldata_dag.py for tasks to queue
[2026-05-27T14:34:25.483+0000] {logging_mixin.py:188} INFO - [2026-05-27T14:34:25.482+0000] {dagbag.py:540} INFO - Filling up the DagBag from /opt/airflow/dags/kaldata_dag.py
[2026-05-27T14:34:25.667+0000] {processor.py:840} INFO - DAG(s) 'kaldata_scraper' retrieved from /opt/airflow/dags/kaldata_dag.py
[2026-05-27T14:34:25.768+0000] {logging_mixin.py:188} INFO - [2026-05-27T14:34:25.768+0000] {dag.py:3047} INFO - Sync 1 DAGs
[2026-05-27T14:34:25.851+0000] {logging_mixin.py:188} INFO - [2026-05-27T14:34:25.850+0000] {dag.py:3834} INFO - Setting next_dagrun for kaldata_scraper to 2026-05-27 00:00:00+00:00, run_after=2026-05-28 00:00:00+00:00
[2026-05-27T14:34:25.963+0000] {processor.py:183} INFO - Processing /opt/airflow/dags/kaldata_dag.py took 0.541 seconds
[2026-05-27T14:34:56.645+0000] {processor.py:161} INFO - Started process (PID=11092) to work on /opt/airflow/dags/kaldata_dag.py
[2026-05-27T14:34:56.667+0000] {processor.py:830} INFO - Processing file /opt/airflow/dags/kaldata_dag.py for tasks to queue
[2026-05-27T14:34:56.674+0000] {logging_mixin.py:188} INFO - [2026-05-27T14:34:56.673+0000] {dagbag.py:540} INFO - Filling up the DagBag from /opt/airflow/dags/kaldata_dag.py
[2026-05-27T14:34:57.037+0000] {processor.py:840} INFO - DAG(s) 'kaldata_scraper' retrieved from /opt/airflow/dags/kaldata_dag.py
[2026-05-27T14:34:57.235+0000] {logging_mixin.py:188} INFO - [2026-05-27T14:34:57.235+0000] {dag.py:3047} INFO - Sync 1 DAGs
[2026-05-27T14:34:57.349+0000] {logging_mixin.py:188} INFO - [2026-05-27T14:34:57.348+0000] {dag.py:3834} INFO - Setting next_dagrun for kaldata_scraper to 2026-05-27 00:00:00+00:00, run_after=2026-05-28 00:00:00+00:00
[2026-05-27T14:34:57.433+0000] {processor.py:183} INFO - Processing /opt/airflow/dags/kaldata_dag.py took 0.809 seconds
[2026-05-27T14:35:27.769+0000] {processor.py:161} INFO - Started process (PID=11122) to work on /opt/airflow/dags/kaldata_dag.py
[2026-05-27T14:35:27.772+0000] {processor.py:830} INFO - Processing file /opt/airflow/dags/kaldata_dag.py for tasks to queue
[2026-05-27T14:35:27.775+0000] {logging_mixin.py:188} INFO - [2026-05-27T14:35:27.774+0000] {dagbag.py:540} INFO - Filling up the DagBag from /opt/airflow/dags/kaldata_dag.py
[2026-05-27T14:35:27.852+0000] {processor.py:840} INFO - DAG(s) 'kaldata_scraper' retrieved from /opt/airflow/dags/kaldata_dag.py
[2026-05-27T14:35:27.953+0000] {logging_mixin.py:188} INFO - [2026-05-27T14:35:27.952+0000] {dag.py:3047} INFO - Sync 1 DAGs
[2026-05-27T14:35:28.086+0000] {logging_mixin.py:188} INFO - [2026-05-27T14:35:28.086+0000] {dag.py:3834} INFO - Setting next_dagrun for kaldata_scraper to 2026-05-27 00:00:00+00:00, run_after=2026-05-28 00:00:00+00:00
[2026-05-27T14:35:28.206+0000] {processor.py:183} INFO - Processing /opt/airflow/dags/kaldata_dag.py took 0.449 seconds
[2026-05-27T14:36:00.018+0000] {processor.py:161} INFO - Started process (PID=11152) to work on /opt/airflow/dags/kaldata_dag.py
[2026-05-27T14:36:00.035+0000] {processor.py:830} INFO - Processing file /opt/airflow/dags/kaldata_dag.py for tasks to queue
[2026-05-27T14:36:00.039+0000] {logging_mixin.py:188} INFO - [2026-05-27T14:36:00.038+0000] {dagbag.py:540} INFO - Filling up the DagBag from /opt/airflow/dags/kaldata_dag.py
[2026-05-27T14:36:00.146+0000] {processor.py:840} INFO - DAG(s) 'kaldata_scraper' retrieved from /opt/airflow/dags/kaldata_dag.py
[2026-05-27T14:36:00.297+0000] {logging_mixin.py:188} INFO - [2026-05-27T14:36:00.296+0000] {dag.py:3047} INFO - Sync 1 DAGs
[2026-05-27T14:36:00.412+0000] {logging_mixin.py:188} INFO - [2026-05-27T14:36:00.412+0000] {dag.py:3834} INFO - Setting next_dagrun for kaldata_scraper to 2026-05-27 00:00:00+00:00, run_after=2026-05-28 00:00:00+00:00
[2026-05-27T14:36:00.502+0000] {processor.py:183} INFO - Processing /opt/airflow/dags/kaldata_dag.py took 0.508 seconds
[2026-05-27T14:36:31.067+0000] {processor.py:161} INFO - Started process (PID=11182) to work on /opt/airflow/dags/kaldata_dag.py
[2026-05-27T14:36:31.071+0000] {processor.py:830} INFO - Processing file /opt/airflow/dags/kaldata_dag.py for tasks to queue
[2026-05-27T14:36:31.075+0000] {logging_mixin.py:188} INFO - [2026-05-27T14:36:31.074+0000] {dagbag.py:540} INFO - Filling up the DagBag from /opt/airflow/dags/kaldata_dag.py
[2026-05-27T14:36:31.140+0000] {processor.py:840} INFO - DAG(s) 'kaldata_scraper' retrieved from /opt/airflow/dags/kaldata_dag.py
[2026-05-27T14:36:31.225+0000] {logging_mixin.py:188} INFO - [2026-05-27T14:36:31.224+0000] {dag.py:3047} INFO - Sync 1 DAGs
[2026-05-27T14:36:31.298+0000] {logging_mixin.py:188} INFO - [2026-05-27T14:36:31.297+0000] {dag.py:3834} INFO - Setting next_dagrun for kaldata_scraper to 2026-05-27 00:00:00+00:00, run_after=2026-05-28 00:00:00+00:00
[2026-05-27T14:36:31.360+0000] {processor.py:183} INFO - Processing /opt/airflow/dags/kaldata_dag.py took 0.304 seconds
[2026-05-27T14:37:02.166+0000] {processor.py:161} INFO - Started process (PID=11212) to work on /opt/airflow/dags/kaldata_dag.py
[2026-05-27T14:37:02.170+0000] {processor.py:830} INFO - Processing file /opt/airflow/dags/kaldata_dag.py for tasks to queue
[2026-05-27T14:37:02.174+0000] {logging_mixin.py:188} INFO - [2026-05-27T14:37:02.173+0000] {dagbag.py:540} INFO - Filling up the DagBag from /opt/airflow/dags/kaldata_dag.py
[2026-05-27T14:37:02.254+0000] {processor.py:840} INFO - DAG(s) 'kaldata_scraper' retrieved from /opt/airflow/dags/kaldata_dag.py
[2026-05-27T14:37:02.330+0000] {logging_mixin.py:188} INFO - [2026-05-27T14:37:02.329+0000] {dag.py:3047} INFO - Sync 1 DAGs
[2026-05-27T14:37:02.399+0000] {logging_mixin.py:188} INFO - [2026-05-27T14:37:02.398+0000] {dag.py:3834} INFO - Setting next_dagrun for kaldata_scraper to 2026-05-27 00:00:00+00:00, run_after=2026-05-28 00:00:00+00:00
[2026-05-27T14:37:02.464+0000] {processor.py:183} INFO - Processing /opt/airflow/dags/kaldata_dag.py took 0.309 seconds
[2026-05-27T14:37:33.057+0000] {processor.py:161} INFO - Started process (PID=11242) to work on /opt/airflow/dags/kaldata_dag.py
[2026-05-27T14:37:33.060+0000] {processor.py:830} INFO - Processing file /opt/airflow/dags/kaldata_dag.py for tasks to queue
[2026-05-27T14:37:33.063+0000] {logging_mixin.py:188} INFO - [2026-05-27T14:37:33.062+0000] {dagbag.py:540} INFO - Filling up the DagBag from /opt/airflow/dags/kaldata_dag.py
[2026-05-27T14:37:33.126+0000] {processor.py:840} INFO - DAG(s) 'kaldata_scraper' retrieved from /opt/airflow/dags/kaldata_dag.py
[2026-05-27T14:37:33.254+0000] {logging_mixin.py:188} INFO - [2026-05-27T14:37:33.254+0000] {dag.py:3047} INFO - Sync 1 DAGs
[2026-05-27T14:37:33.491+0000] {logging_mixin.py:188} INFO - [2026-05-27T14:37:33.491+0000] {dag.py:3834} INFO - Setting next_dagrun for kaldata_scraper to 2026-05-27 00:00:00+00:00, run_after=2026-05-28 00:00:00+00:00
[2026-05-27T14:37:33.701+0000] {processor.py:183} INFO - Processing /opt/airflow/dags/kaldata_dag.py took 0.656 seconds
[2026-05-27T14:38:04.500+0000] {processor.py:161} INFO - Started process (PID=11272) to work on /opt/airflow/dags/kaldata_dag.py
[2026-05-27T14:38:04.523+0000] {processor.py:830} INFO - Processing file /opt/airflow/dags/kaldata_dag.py for tasks to queue
[2026-05-27T14:38:04.547+0000] {logging_mixin.py:188} INFO - [2026-05-27T14:38:04.546+0000] {dagbag.py:540} INFO - Filling up the DagBag from /opt/airflow/dags/kaldata_dag.py
[2026-05-27T14:38:04.635+0000] {processor.py:840} INFO - DAG(s) 'kaldata_scraper' retrieved from /opt/airflow/dags/kaldata_dag.py
[2026-05-27T14:38:04.715+0000] {logging_mixin.py:188} INFO - [2026-05-27T14:38:04.714+0000] {dag.py:3047} INFO - Sync 1 DAGs
[2026-05-27T14:38:04.785+0000] {logging_mixin.py:188} INFO - [2026-05-27T14:38:04.784+0000] {dag.py:3834} INFO - Setting next_dagrun for kaldata_scraper to 2026-05-27 00:00:00+00:00, run_after=2026-05-28 00:00:00+00:00
[2026-05-27T14:38:05.228+0000] {processor.py:183} INFO - Processing /opt/airflow/dags/kaldata_dag.py took 0.738 seconds
[2026-05-27T14:38:35.850+0000] {processor.py:161} INFO - Started process (PID=11302) to work on /opt/airflow/dags/kaldata_dag.py
[2026-05-27T14:38:35.853+0000] {processor.py:830} INFO - Processing file /opt/airflow/dags/kaldata_dag.py for tasks to queue
[2026-05-27T14:38:35.856+0000] {logging_mixin.py:188} INFO - [2026-05-27T14:38:35.855+0000] {dagbag.py:540} INFO - Filling up the DagBag from /opt/airflow/dags/kaldata_dag.py
[2026-05-27T14:38:35.912+0000] {processor.py:840} INFO - DAG(s) 'kaldata_scraper' retrieved from /opt/airflow/dags/kaldata_dag.py
[2026-05-27T14:38:35.983+0000] {logging_mixin.py:188} INFO - [2026-05-27T14:38:35.982+0000] {dag.py:3047} INFO - Sync 1 DAGs
[2026-05-27T14:38:36.061+0000] {logging_mixin.py:188} INFO - [2026-05-27T14:38:36.060+0000] {dag.py:3834} INFO - Setting next_dagrun for kaldata_scraper to 2026-05-27 00:00:00+00:00, run_after=2026-05-28 00:00:00+00:00
[2026-05-27T14:38:36.113+0000] {processor.py:183} INFO - Processing /opt/airflow/dags/kaldata_dag.py took 0.274 seconds
[2026-05-27T14:39:06.879+0000] {processor.py:161} INFO - Started process (PID=11332) to work on /opt/airflow/dags/kaldata_dag.py
[2026-05-27T14:39:06.883+0000] {processor.py:830} INFO - Processing file /opt/airflow/dags/kaldata_dag.py for tasks to queue
[2026-05-27T14:39:06.887+0000] {logging_mixin.py:188} INFO - [2026-05-27T14:39:06.886+0000] {dagbag.py:540} INFO - Filling up the DagBag from /opt/airflow/dags/kaldata_dag.py
[2026-05-27T14:39:06.996+0000] {processor.py:840} INFO - DAG(s) 'kaldata_scraper' retrieved from /opt/airflow/dags/kaldata_dag.py
[2026-05-27T14:39:07.114+0000] {logging_mixin.py:188} INFO - [2026-05-27T14:39:07.113+0000] {dag.py:3047} INFO - Sync 1 DAGs
[2026-05-27T14:39:07.234+0000] {logging_mixin.py:188} INFO - [2026-05-27T14:39:07.233+0000] {dag.py:3834} INFO - Setting next_dagrun for kaldata_scraper to 2026-05-27 00:00:00+00:00, run_after=2026-05-28 00:00:00+00:00
[2026-05-27T14:39:07.292+0000] {processor.py:183} INFO - Processing /opt/airflow/dags/kaldata_dag.py took 0.431 seconds
[2026-05-27T14:39:38.233+0000] {processor.py:161} INFO - Started process (PID=11362) to work on /opt/airflow/dags/kaldata_dag.py
[2026-05-27T14:39:38.239+0000] {processor.py:830} INFO - Processing file /opt/airflow/dags/kaldata_dag.py for tasks to queue
[2026-05-27T14:39:38.242+0000] {logging_mixin.py:188} INFO - [2026-05-27T14:39:38.241+0000] {dagbag.py:540} INFO - Filling up the DagBag from /opt/airflow/dags/kaldata_dag.py
[2026-05-27T14:39:38.314+0000] {processor.py:840} INFO - DAG(s) 'kaldata_scraper' retrieved from /opt/airflow/dags/kaldata_dag.py
[2026-05-27T14:39:38.388+0000] {logging_mixin.py:188} INFO - [2026-05-27T14:39:38.387+0000] {dag.py:3047} INFO - Sync 1 DAGs
[2026-05-27T14:39:38.469+0000] {logging_mixin.py:188} INFO - [2026-05-27T14:39:38.468+0000] {dag.py:3834} INFO - Setting next_dagrun for kaldata_scraper to 2026-05-27 00:00:00+00:00, run_after=2026-05-28 00:00:00+00:00
[2026-05-27T14:39:38.789+0000] {processor.py:183} INFO - Processing /opt/airflow/dags/kaldata_dag.py took 0.566 seconds
[2026-05-27T14:40:09.098+0000] {processor.py:161} INFO - Started process (PID=11392) to work on /opt/airflow/dags/kaldata_dag.py
[2026-05-27T14:40:09.102+0000] {processor.py:830} INFO - Processing file /opt/airflow/dags/kaldata_dag.py for tasks to queue
[2026-05-27T14:40:09.104+0000] {logging_mixin.py:188} INFO - [2026-05-27T14:40:09.104+0000] {dagbag.py:540} INFO - Filling up the DagBag from /opt/airflow/dags/kaldata_dag.py
[2026-05-27T14:40:09.168+0000] {processor.py:840} INFO - DAG(s) 'kaldata_scraper' retrieved from /opt/airflow/dags/kaldata_dag.py
[2026-05-27T14:40:09.260+0000] {logging_mixin.py:188} INFO - [2026-05-27T14:40:09.260+0000] {dag.py:3047} INFO - Sync 1 DAGs
[2026-05-27T14:40:09.335+0000] {logging_mixin.py:188} INFO - [2026-05-27T14:40:09.334+0000] {dag.py:3834} INFO - Setting next_dagrun for kaldata_scraper to 2026-05-27 00:00:00+00:00, run_after=2026-05-28 00:00:00+00:00
[2026-05-27T14:40:09.393+0000] {processor.py:183} INFO - Processing /opt/airflow/dags/kaldata_dag.py took 0.308 seconds
[2026-05-27T14:40:39.566+0000] {processor.py:161} INFO - Started process (PID=11422) to work on /opt/airflow/dags/kaldata_dag.py
[2026-05-27T14:40:39.569+0000] {processor.py:830} INFO - Processing file /opt/airflow/dags/kaldata_dag.py for tasks to queue
[2026-05-27T14:40:39.572+0000] {logging_mixin.py:188} INFO - [2026-05-27T14:40:39.571+0000] {dagbag.py:540} INFO - Filling up the DagBag from /opt/airflow/dags/kaldata_dag.py
[2026-05-27T14:40:39.636+0000] {processor.py:840} INFO - DAG(s) 'kaldata_scraper' retrieved from /opt/airflow/dags/kaldata_dag.py
[2026-05-27T14:40:39.711+0000] {logging_mixin.py:188} INFO - [2026-05-27T14:40:39.711+0000] {dag.py:3047} INFO - Sync 1 DAGs
[2026-05-27T14:40:39.788+0000] {logging_mixin.py:188} INFO - [2026-05-27T14:40:39.787+0000] {dag.py:3834} INFO - Setting next_dagrun for kaldata_scraper to 2026-05-27 00:00:00+00:00, run_after=2026-05-28 00:00:00+00:00
[2026-05-27T14:40:39.848+0000] {processor.py:183} INFO - Processing /opt/airflow/dags/kaldata_dag.py took 0.295 seconds
[2026-05-27T14:41:10.353+0000] {processor.py:161} INFO - Started process (PID=11452) to work on /opt/airflow/dags/kaldata_dag.py
[2026-05-27T14:41:10.357+0000] {processor.py:830} INFO - Processing file /opt/airflow/dags/kaldata_dag.py for tasks to queue
[2026-05-27T14:41:10.360+0000] {logging_mixin.py:188} INFO - [2026-05-27T14:41:10.359+0000] {dagbag.py:540} INFO - Filling up the DagBag from /opt/airflow/dags/kaldata_dag.py
[2026-05-27T14:41:10.421+0000] {processor.py:840} INFO - DAG(s) 'kaldata_scraper' retrieved from /opt/airflow/dags/kaldata_dag.py
[2026-05-27T14:41:10.584+0000] {logging_mixin.py:188} INFO - [2026-05-27T14:41:10.583+0000] {dag.py:3047} INFO - Sync 1 DAGs
[2026-05-27T14:41:11.375+0000] {logging_mixin.py:188} INFO - [2026-05-27T14:41:11.375+0000] {dag.py:3834} INFO - Setting next_dagrun for kaldata_scraper to 2026-05-27 00:00:00+00:00, run_after=2026-05-28 00:00:00+00:00
[2026-05-27T14:41:11.427+0000] {processor.py:183} INFO - Processing /opt/airflow/dags/kaldata_dag.py took 1.085 seconds
[2026-05-27T14:41:42.227+0000] {processor.py:161} INFO - Started process (PID=11482) to work on /opt/airflow/dags/kaldata_dag.py
[2026-05-27T14:41:42.230+0000] {processor.py:830} INFO - Processing file /opt/airflow/dags/kaldata_dag.py for tasks to queue
[2026-05-27T14:41:42.233+0000] {logging_mixin.py:188} INFO - [2026-05-27T14:41:42.232+0000] {dagbag.py:540} INFO - Filling up the DagBag from /opt/airflow/dags/kaldata_dag.py
[2026-05-27T14:41:42.306+0000] {processor.py:840} INFO - DAG(s) 'kaldata_scraper' retrieved from /opt/airflow/dags/kaldata_dag.py
[2026-05-27T14:41:42.741+0000] {logging_mixin.py:188} INFO - [2026-05-27T14:41:42.740+0000] {dag.py:3047} INFO - Sync 1 DAGs
[2026-05-27T14:41:42.893+0000] {logging_mixin.py:188} INFO - [2026-05-27T14:41:42.892+0000] {dag.py:3834} INFO - Setting next_dagrun for kaldata_scraper to 2026-05-27 00:00:00+00:00, run_after=2026-05-28 00:00:00+00:00
[2026-05-27T14:41:43.058+0000] {processor.py:183} INFO - Processing /opt/airflow/dags/kaldata_dag.py took 0.842 seconds
[2026-05-27T14:42:14.775+0000] {processor.py:161} INFO - Started process (PID=11512) to work on /opt/airflow/dags/kaldata_dag.py
[2026-05-27T14:42:14.786+0000] {processor.py:830} INFO - Processing file /opt/airflow/dags/kaldata_dag.py for tasks to queue
[2026-05-27T14:42:14.812+0000] {logging_mixin.py:188} INFO - [2026-05-27T14:42:14.811+0000] {dagbag.py:540} INFO - Filling up the DagBag from /opt/airflow/dags/kaldata_dag.py
[2026-05-27T14:42:15.706+0000] {processor.py:840} INFO - DAG(s) 'kaldata_scraper' retrieved from /opt/airflow/dags/kaldata_dag.py
[2026-05-27T14:42:15.900+0000] {logging_mixin.py:188} INFO - [2026-05-27T14:42:15.899+0000] {dag.py:3047} INFO - Sync 1 DAGs
[2026-05-27T14:42:16.095+0000] {logging_mixin.py:188} INFO - [2026-05-27T14:42:16.094+0000] {dag.py:3834} INFO - Setting next_dagrun for kaldata_scraper to 2026-05-27 00:00:00+00:00, run_after=2026-05-28 00:00:00+00:00
[2026-05-27T14:42:16.271+0000] {processor.py:183} INFO - Processing /opt/airflow/dags/kaldata_dag.py took 1.506 seconds
[2026-05-27T14:42:47.553+0000] {processor.py:161} INFO - Started process (PID=11542) to work on /opt/airflow/dags/kaldata_dag.py
[2026-05-27T14:42:47.616+0000] {processor.py:830} INFO - Processing file /opt/airflow/dags/kaldata_dag.py for tasks to queue
[2026-05-27T14:42:47.623+0000] {logging_mixin.py:188} INFO - [2026-05-27T14:42:47.622+0000] {dagbag.py:540} INFO - Filling up the DagBag from /opt/airflow/dags/kaldata_dag.py
[2026-05-27T14:42:47.981+0000] {processor.py:840} INFO - DAG(s) 'kaldata_scraper' retrieved from /opt/airflow/dags/kaldata_dag.py
[2026-05-27T14:42:48.172+0000] {logging_mixin.py:188} INFO - [2026-05-27T14:42:48.162+0000] {dag.py:3047} INFO - Sync 1 DAGs
[2026-05-27T14:42:48.340+0000] {logging_mixin.py:188} INFO - [2026-05-27T14:42:48.339+0000] {dag.py:3834} INFO - Setting next_dagrun for kaldata_scraper to 2026-05-27 00:00:00+00:00, run_after=2026-05-28 00:00:00+00:00
[2026-05-27T14:42:49.285+0000] {processor.py:183} INFO - Processing /opt/airflow/dags/kaldata_dag.py took 1.753 seconds
[2026-05-27T14:43:22.509+0000] {processor.py:161} INFO - Started process (PID=11572) to work on /opt/airflow/dags/kaldata_dag.py
[2026-05-27T14:43:22.513+0000] {processor.py:830} INFO - Processing file /opt/airflow/dags/kaldata_dag.py for tasks to queue
[2026-05-27T14:43:22.524+0000] {logging_mixin.py:188} INFO - [2026-05-27T14:43:22.523+0000] {dagbag.py:540} INFO - Filling up the DagBag from /opt/airflow/dags/kaldata_dag.py
[2026-05-27T14:43:22.778+0000] {processor.py:840} INFO - DAG(s) 'kaldata_scraper' retrieved from /opt/airflow/dags/kaldata_dag.py
[2026-05-27T14:43:22.921+0000] {logging_mixin.py:188} INFO - [2026-05-27T14:43:22.920+0000] {dag.py:3047} INFO - Sync 1 DAGs
[2026-05-27T14:43:23.289+0000] {logging_mixin.py:188} INFO - [2026-05-27T14:43:23.288+0000] {dag.py:3834} INFO - Setting next_dagrun for kaldata_scraper to 2026-05-27 00:00:00+00:00, run_after=2026-05-28 00:00:00+00:00
[2026-05-27T14:43:23.355+0000] {processor.py:183} INFO - Processing /opt/airflow/dags/kaldata_dag.py took 0.864 seconds
[2026-05-27T14:43:54.049+0000] {processor.py:161} INFO - Started process (PID=11602) to work on /opt/airflow/dags/kaldata_dag.py
[2026-05-27T14:43:54.127+0000] {processor.py:830} INFO - Processing file /opt/airflow/dags/kaldata_dag.py for tasks to queue
[2026-05-27T14:43:54.156+0000] {logging_mixin.py:188} INFO - [2026-05-27T14:43:54.154+0000] {dagbag.py:540} INFO - Filling up the DagBag from /opt/airflow/dags/kaldata_dag.py
[2026-05-27T14:43:56.006+0000] {processor.py:840} INFO - DAG(s) 'kaldata_scraper' retrieved from /opt/airflow/dags/kaldata_dag.py
[2026-05-27T14:43:56.155+0000] {logging_mixin.py:188} INFO - [2026-05-27T14:43:56.155+0000] {dag.py:3047} INFO - Sync 1 DAGs
[2026-05-27T14:43:56.333+0000] {logging_mixin.py:188} INFO - [2026-05-27T14:43:56.332+0000] {dag.py:3834} INFO - Setting next_dagrun for kaldata_scraper to 2026-05-27 00:00:00+00:00, run_after=2026-05-28 00:00:00+00:00
[2026-05-27T14:43:56.571+0000] {processor.py:183} INFO - Processing /opt/airflow/dags/kaldata_dag.py took 2.544 seconds
