[2026-05-29T11:19:24.486+0000] {processor.py:161} INFO - Started process (PID=79) to work on /opt/airflow/dags/inegi_playwright_dag.py
[2026-05-29T11:19:24.521+0000] {processor.py:830} INFO - Processing file /opt/airflow/dags/inegi_playwright_dag.py for tasks to queue
[2026-05-29T11:19:24.558+0000] {logging_mixin.py:188} INFO - [2026-05-29T11:19:24.539+0000] {dagbag.py:540} INFO - Filling up the DagBag from /opt/airflow/dags/inegi_playwright_dag.py
[2026-05-29T11:19:25.397+0000] {processor.py:840} INFO - DAG(s) 'inegi_playwright' retrieved from /opt/airflow/dags/inegi_playwright_dag.py
[2026-05-29T11:19:31.314+0000] {logging_mixin.py:188} INFO - [2026-05-29T11:19:31.313+0000] {dag.py:3047} INFO - Sync 1 DAGs
[2026-05-29T11:19:32.974+0000] {logging_mixin.py:188} INFO - [2026-05-29T11:19:32.973+0000] {dag.py:3834} INFO - Setting next_dagrun for inegi_playwright to 2026-05-29 00:00:00+00:00, run_after=2026-05-30 00:00:00+00:00
[2026-05-29T11:19:34.836+0000] {processor.py:183} INFO - Processing /opt/airflow/dags/inegi_playwright_dag.py took 10.501 seconds
[2026-05-29T11:20:12.872+0000] {processor.py:161} INFO - Started process (PID=109) to work on /opt/airflow/dags/inegi_playwright_dag.py
[2026-05-29T11:20:12.971+0000] {processor.py:830} INFO - Processing file /opt/airflow/dags/inegi_playwright_dag.py for tasks to queue
[2026-05-29T11:20:13.037+0000] {logging_mixin.py:188} INFO - [2026-05-29T11:20:13.035+0000] {dagbag.py:540} INFO - Filling up the DagBag from /opt/airflow/dags/inegi_playwright_dag.py
[2026-05-29T11:20:16.877+0000] {processor.py:840} INFO - DAG(s) 'inegi_playwright' retrieved from /opt/airflow/dags/inegi_playwright_dag.py
[2026-05-29T11:20:18.076+0000] {logging_mixin.py:188} INFO - [2026-05-29T11:20:18.075+0000] {dag.py:3047} INFO - Sync 1 DAGs
[2026-05-29T11:20:18.281+0000] {logging_mixin.py:188} INFO - [2026-05-29T11:20:18.280+0000] {dag.py:3834} INFO - Setting next_dagrun for inegi_playwright to 2026-05-29 00:00:00+00:00, run_after=2026-05-30 00:00:00+00:00
[2026-05-29T11:20:18.416+0000] {processor.py:183} INFO - Processing /opt/airflow/dags/inegi_playwright_dag.py took 6.224 seconds
[2026-05-29T11:21:00.001+0000] {processor.py:161} INFO - Started process (PID=139) to work on /opt/airflow/dags/inegi_playwright_dag.py
[2026-05-29T11:21:00.237+0000] {processor.py:830} INFO - Processing file /opt/airflow/dags/inegi_playwright_dag.py for tasks to queue
[2026-05-29T11:21:00.363+0000] {logging_mixin.py:188} INFO - [2026-05-29T11:21:00.362+0000] {dagbag.py:540} INFO - Filling up the DagBag from /opt/airflow/dags/inegi_playwright_dag.py
[2026-05-29T11:21:04.587+0000] {processor.py:840} INFO - DAG(s) 'inegi_playwright' retrieved from /opt/airflow/dags/inegi_playwright_dag.py
[2026-05-29T11:21:07.231+0000] {logging_mixin.py:188} INFO - [2026-05-29T11:21:07.090+0000] {dag.py:3047} INFO - Sync 1 DAGs
[2026-05-29T11:21:10.873+0000] {logging_mixin.py:188} INFO - [2026-05-29T11:21:10.856+0000] {dag.py:3834} INFO - Setting next_dagrun for inegi_playwright to 2026-05-29 00:00:00+00:00, run_after=2026-05-30 00:00:00+00:00
[2026-05-29T11:21:14.055+0000] {processor.py:183} INFO - Processing /opt/airflow/dags/inegi_playwright_dag.py took 13.698 seconds
[2026-05-29T11:21:45.961+0000] {processor.py:161} INFO - Started process (PID=173) to work on /opt/airflow/dags/inegi_playwright_dag.py
[2026-05-29T11:21:45.986+0000] {processor.py:830} INFO - Processing file /opt/airflow/dags/inegi_playwright_dag.py for tasks to queue
[2026-05-29T11:21:46.014+0000] {logging_mixin.py:188} INFO - [2026-05-29T11:21:45.993+0000] {dagbag.py:540} INFO - Filling up the DagBag from /opt/airflow/dags/inegi_playwright_dag.py
[2026-05-29T11:21:46.575+0000] {processor.py:840} INFO - DAG(s) 'inegi_playwright' retrieved from /opt/airflow/dags/inegi_playwright_dag.py
[2026-05-29T11:21:48.058+0000] {logging_mixin.py:188} INFO - [2026-05-29T11:21:48.056+0000] {dag.py:3047} INFO - Sync 1 DAGs
[2026-05-29T11:21:52.821+0000] {logging_mixin.py:188} INFO - [2026-05-29T11:21:52.261+0000] {dag.py:3834} INFO - Setting next_dagrun for inegi_playwright to 2026-05-29 00:00:00+00:00, run_after=2026-05-30 00:00:00+00:00
[2026-05-29T11:21:55.199+0000] {processor.py:183} INFO - Processing /opt/airflow/dags/inegi_playwright_dag.py took 9.343 seconds
[2026-05-29T11:22:32.592+0000] {processor.py:161} INFO - Started process (PID=203) to work on /opt/airflow/dags/inegi_playwright_dag.py
[2026-05-29T11:22:32.626+0000] {processor.py:830} INFO - Processing file /opt/airflow/dags/inegi_playwright_dag.py for tasks to queue
[2026-05-29T11:22:32.755+0000] {logging_mixin.py:188} INFO - [2026-05-29T11:22:32.754+0000] {dagbag.py:540} INFO - Filling up the DagBag from /opt/airflow/dags/inegi_playwright_dag.py
[2026-05-29T11:22:36.098+0000] {processor.py:840} INFO - DAG(s) 'inegi_playwright' retrieved from /opt/airflow/dags/inegi_playwright_dag.py
[2026-05-29T11:22:39.385+0000] {logging_mixin.py:188} INFO - [2026-05-29T11:22:39.307+0000] {dag.py:3047} INFO - Sync 1 DAGs
[2026-05-29T11:22:40.340+0000] {logging_mixin.py:188} INFO - [2026-05-29T11:22:40.340+0000] {dag.py:3834} INFO - Setting next_dagrun for inegi_playwright to 2026-05-29 00:00:00+00:00, run_after=2026-05-30 00:00:00+00:00
[2026-05-29T11:22:41.642+0000] {processor.py:183} INFO - Processing /opt/airflow/dags/inegi_playwright_dag.py took 9.279 seconds
[2026-05-29T11:23:13.245+0000] {processor.py:161} INFO - Started process (PID=233) to work on /opt/airflow/dags/inegi_playwright_dag.py
[2026-05-29T11:23:13.292+0000] {processor.py:830} INFO - Processing file /opt/airflow/dags/inegi_playwright_dag.py for tasks to queue
[2026-05-29T11:23:13.299+0000] {logging_mixin.py:188} INFO - [2026-05-29T11:23:13.298+0000] {dagbag.py:540} INFO - Filling up the DagBag from /opt/airflow/dags/inegi_playwright_dag.py
[2026-05-29T11:23:13.725+0000] {processor.py:840} INFO - DAG(s) 'inegi_playwright' retrieved from /opt/airflow/dags/inegi_playwright_dag.py
[2026-05-29T11:23:14.869+0000] {logging_mixin.py:188} INFO - [2026-05-29T11:23:14.868+0000] {dag.py:3047} INFO - Sync 1 DAGs
[2026-05-29T11:23:15.299+0000] {logging_mixin.py:188} INFO - [2026-05-29T11:23:15.298+0000] {dag.py:3834} INFO - Setting next_dagrun for inegi_playwright to 2026-05-29 00:00:00+00:00, run_after=2026-05-30 00:00:00+00:00
[2026-05-29T11:23:15.676+0000] {processor.py:183} INFO - Processing /opt/airflow/dags/inegi_playwright_dag.py took 2.457 seconds
[2026-05-29T11:23:48.660+0000] {processor.py:161} INFO - Started process (PID=261) to work on /opt/airflow/dags/inegi_playwright_dag.py
[2026-05-29T11:23:48.691+0000] {processor.py:830} INFO - Processing file /opt/airflow/dags/inegi_playwright_dag.py for tasks to queue
[2026-05-29T11:23:48.802+0000] {logging_mixin.py:188} INFO - [2026-05-29T11:23:48.800+0000] {dagbag.py:540} INFO - Filling up the DagBag from /opt/airflow/dags/inegi_playwright_dag.py
[2026-05-29T11:23:51.811+0000] {processor.py:840} INFO - DAG(s) 'inegi_playwright' retrieved from /opt/airflow/dags/inegi_playwright_dag.py
[2026-05-29T11:23:52.811+0000] {logging_mixin.py:188} INFO - [2026-05-29T11:23:52.810+0000] {dag.py:3047} INFO - Sync 1 DAGs
[2026-05-29T11:23:54.164+0000] {logging_mixin.py:188} INFO - [2026-05-29T11:23:54.149+0000] {dag.py:3834} INFO - Setting next_dagrun for inegi_playwright to 2026-05-29 00:00:00+00:00, run_after=2026-05-30 00:00:00+00:00
[2026-05-29T11:23:54.690+0000] {processor.py:183} INFO - Processing /opt/airflow/dags/inegi_playwright_dag.py took 6.137 seconds
[2026-05-29T11:24:27.029+0000] {processor.py:161} INFO - Started process (PID=293) to work on /opt/airflow/dags/inegi_playwright_dag.py
[2026-05-29T11:24:27.175+0000] {processor.py:830} INFO - Processing file /opt/airflow/dags/inegi_playwright_dag.py for tasks to queue
[2026-05-29T11:24:27.361+0000] {logging_mixin.py:188} INFO - [2026-05-29T11:24:27.273+0000] {dagbag.py:540} INFO - Filling up the DagBag from /opt/airflow/dags/inegi_playwright_dag.py
[2026-05-29T11:24:28.784+0000] {processor.py:840} INFO - DAG(s) 'inegi_playwright' retrieved from /opt/airflow/dags/inegi_playwright_dag.py
[2026-05-29T11:24:29.637+0000] {logging_mixin.py:188} INFO - [2026-05-29T11:24:29.625+0000] {dag.py:3047} INFO - Sync 1 DAGs
[2026-05-29T11:24:30.271+0000] {logging_mixin.py:188} INFO - [2026-05-29T11:24:30.270+0000] {dag.py:3834} INFO - Setting next_dagrun for inegi_playwright to 2026-05-29 00:00:00+00:00, run_after=2026-05-30 00:00:00+00:00
[2026-05-29T11:24:30.670+0000] {processor.py:183} INFO - Processing /opt/airflow/dags/inegi_playwright_dag.py took 4.071 seconds
[2026-05-29T11:25:04.631+0000] {processor.py:161} INFO - Started process (PID=323) to work on /opt/airflow/dags/inegi_playwright_dag.py
[2026-05-29T11:25:04.654+0000] {processor.py:830} INFO - Processing file /opt/airflow/dags/inegi_playwright_dag.py for tasks to queue
[2026-05-29T11:25:04.683+0000] {logging_mixin.py:188} INFO - [2026-05-29T11:25:04.664+0000] {dagbag.py:540} INFO - Filling up the DagBag from /opt/airflow/dags/inegi_playwright_dag.py
[2026-05-29T11:25:05.498+0000] {processor.py:840} INFO - DAG(s) 'inegi_playwright' retrieved from /opt/airflow/dags/inegi_playwright_dag.py
[2026-05-29T11:25:05.927+0000] {logging_mixin.py:188} INFO - [2026-05-29T11:25:05.927+0000] {dag.py:3047} INFO - Sync 1 DAGs
[2026-05-29T11:25:06.068+0000] {logging_mixin.py:188} INFO - [2026-05-29T11:25:06.067+0000] {dag.py:3834} INFO - Setting next_dagrun for inegi_playwright to 2026-05-29 00:00:00+00:00, run_after=2026-05-30 00:00:00+00:00
[2026-05-29T11:25:06.286+0000] {processor.py:183} INFO - Processing /opt/airflow/dags/inegi_playwright_dag.py took 1.938 seconds
[2026-05-29T11:25:40.047+0000] {processor.py:161} INFO - Started process (PID=353) to work on /opt/airflow/dags/inegi_playwright_dag.py
[2026-05-29T11:25:40.064+0000] {processor.py:830} INFO - Processing file /opt/airflow/dags/inegi_playwright_dag.py for tasks to queue
[2026-05-29T11:25:40.236+0000] {logging_mixin.py:188} INFO - [2026-05-29T11:25:40.235+0000] {dagbag.py:540} INFO - Filling up the DagBag from /opt/airflow/dags/inegi_playwright_dag.py
[2026-05-29T11:25:43.534+0000] {processor.py:840} INFO - DAG(s) 'inegi_playwright' retrieved from /opt/airflow/dags/inegi_playwright_dag.py
[2026-05-29T11:25:46.186+0000] {logging_mixin.py:188} INFO - [2026-05-29T11:25:46.185+0000] {dag.py:3047} INFO - Sync 1 DAGs
[2026-05-29T11:25:48.030+0000] {logging_mixin.py:188} INFO - [2026-05-29T11:25:48.029+0000] {dag.py:3834} INFO - Setting next_dagrun for inegi_playwright to 2026-05-29 00:00:00+00:00, run_after=2026-05-30 00:00:00+00:00
[2026-05-29T11:25:48.354+0000] {processor.py:183} INFO - Processing /opt/airflow/dags/inegi_playwright_dag.py took 9.038 seconds
[2026-05-29T11:26:19.932+0000] {processor.py:161} INFO - Started process (PID=386) to work on /opt/airflow/dags/inegi_playwright_dag.py
[2026-05-29T11:26:20.056+0000] {processor.py:830} INFO - Processing file /opt/airflow/dags/inegi_playwright_dag.py for tasks to queue
[2026-05-29T11:26:20.074+0000] {logging_mixin.py:188} INFO - [2026-05-29T11:26:20.073+0000] {dagbag.py:540} INFO - Filling up the DagBag from /opt/airflow/dags/inegi_playwright_dag.py
[2026-05-29T11:26:23.139+0000] {processor.py:840} INFO - DAG(s) 'inegi_playwright' retrieved from /opt/airflow/dags/inegi_playwright_dag.py
[2026-05-29T11:26:24.611+0000] {logging_mixin.py:188} INFO - [2026-05-29T11:26:24.606+0000] {dag.py:3047} INFO - Sync 1 DAGs
[2026-05-29T11:26:25.544+0000] {logging_mixin.py:188} INFO - [2026-05-29T11:26:25.544+0000] {dag.py:3834} INFO - Setting next_dagrun for inegi_playwright to 2026-05-29 00:00:00+00:00, run_after=2026-05-30 00:00:00+00:00
[2026-05-29T11:26:26.704+0000] {processor.py:183} INFO - Processing /opt/airflow/dags/inegi_playwright_dag.py took 6.804 seconds
[2026-05-29T11:27:04.081+0000] {processor.py:161} INFO - Started process (PID=418) to work on /opt/airflow/dags/inegi_playwright_dag.py
[2026-05-29T11:27:04.164+0000] {processor.py:830} INFO - Processing file /opt/airflow/dags/inegi_playwright_dag.py for tasks to queue
[2026-05-29T11:27:04.245+0000] {logging_mixin.py:188} INFO - [2026-05-29T11:27:04.244+0000] {dagbag.py:540} INFO - Filling up the DagBag from /opt/airflow/dags/inegi_playwright_dag.py
[2026-05-29T11:27:08.881+0000] {processor.py:840} INFO - DAG(s) 'inegi_playwright' retrieved from /opt/airflow/dags/inegi_playwright_dag.py
[2026-05-29T11:27:10.268+0000] {logging_mixin.py:188} INFO - [2026-05-29T11:27:10.267+0000] {dag.py:3047} INFO - Sync 1 DAGs
[2026-05-29T11:27:13.011+0000] {logging_mixin.py:188} INFO - [2026-05-29T11:27:13.010+0000] {dag.py:3834} INFO - Setting next_dagrun for inegi_playwright to 2026-05-29 00:00:00+00:00, run_after=2026-05-30 00:00:00+00:00
[2026-05-29T11:27:14.353+0000] {processor.py:183} INFO - Processing /opt/airflow/dags/inegi_playwright_dag.py took 10.574 seconds
[2026-05-29T11:27:48.577+0000] {processor.py:161} INFO - Started process (PID=452) to work on /opt/airflow/dags/inegi_playwright_dag.py
[2026-05-29T11:27:48.604+0000] {processor.py:830} INFO - Processing file /opt/airflow/dags/inegi_playwright_dag.py for tasks to queue
[2026-05-29T11:27:48.644+0000] {logging_mixin.py:188} INFO - [2026-05-29T11:27:48.643+0000] {dagbag.py:540} INFO - Filling up the DagBag from /opt/airflow/dags/inegi_playwright_dag.py
[2026-05-29T11:27:53.418+0000] {processor.py:840} INFO - DAG(s) 'inegi_playwright' retrieved from /opt/airflow/dags/inegi_playwright_dag.py
[2026-05-29T11:27:54.302+0000] {logging_mixin.py:188} INFO - [2026-05-29T11:27:54.301+0000] {dag.py:3047} INFO - Sync 1 DAGs
[2026-05-29T11:27:54.812+0000] {logging_mixin.py:188} INFO - [2026-05-29T11:27:54.811+0000] {dag.py:3834} INFO - Setting next_dagrun for inegi_playwright to 2026-05-29 00:00:00+00:00, run_after=2026-05-30 00:00:00+00:00
[2026-05-29T11:27:55.193+0000] {processor.py:183} INFO - Processing /opt/airflow/dags/inegi_playwright_dag.py took 6.638 seconds
[2026-05-29T11:28:27.678+0000] {processor.py:161} INFO - Started process (PID=485) to work on /opt/airflow/dags/inegi_playwright_dag.py
[2026-05-29T11:28:27.728+0000] {processor.py:830} INFO - Processing file /opt/airflow/dags/inegi_playwright_dag.py for tasks to queue
[2026-05-29T11:28:27.761+0000] {logging_mixin.py:188} INFO - [2026-05-29T11:28:27.760+0000] {dagbag.py:540} INFO - Filling up the DagBag from /opt/airflow/dags/inegi_playwright_dag.py
[2026-05-29T11:28:28.093+0000] {processor.py:840} INFO - DAG(s) 'inegi_playwright' retrieved from /opt/airflow/dags/inegi_playwright_dag.py
[2026-05-29T11:28:28.213+0000] {logging_mixin.py:188} INFO - [2026-05-29T11:28:28.208+0000] {dag.py:3047} INFO - Sync 1 DAGs
[2026-05-29T11:28:28.408+0000] {logging_mixin.py:188} INFO - [2026-05-29T11:28:28.407+0000] {dag.py:3834} INFO - Setting next_dagrun for inegi_playwright to 2026-05-29 00:00:00+00:00, run_after=2026-05-30 00:00:00+00:00
[2026-05-29T11:28:28.510+0000] {processor.py:183} INFO - Processing /opt/airflow/dags/inegi_playwright_dag.py took 0.881 seconds
[2026-05-29T11:28:59.612+0000] {processor.py:161} INFO - Started process (PID=515) to work on /opt/airflow/dags/inegi_playwright_dag.py
[2026-05-29T11:28:59.630+0000] {processor.py:830} INFO - Processing file /opt/airflow/dags/inegi_playwright_dag.py for tasks to queue
[2026-05-29T11:28:59.634+0000] {logging_mixin.py:188} INFO - [2026-05-29T11:28:59.632+0000] {dagbag.py:540} INFO - Filling up the DagBag from /opt/airflow/dags/inegi_playwright_dag.py
[2026-05-29T11:28:59.761+0000] {processor.py:840} INFO - DAG(s) 'inegi_playwright' retrieved from /opt/airflow/dags/inegi_playwright_dag.py
[2026-05-29T11:28:59.910+0000] {logging_mixin.py:188} INFO - [2026-05-29T11:28:59.910+0000] {dag.py:3047} INFO - Sync 1 DAGs
[2026-05-29T11:28:59.977+0000] {logging_mixin.py:188} INFO - [2026-05-29T11:28:59.977+0000] {dag.py:3834} INFO - Setting next_dagrun for inegi_playwright to 2026-05-29 00:00:00+00:00, run_after=2026-05-30 00:00:00+00:00
[2026-05-29T11:29:00.193+0000] {processor.py:183} INFO - Processing /opt/airflow/dags/inegi_playwright_dag.py took 0.642 seconds
[2026-05-29T11:29:31.226+0000] {processor.py:161} INFO - Started process (PID=545) to work on /opt/airflow/dags/inegi_playwright_dag.py
[2026-05-29T11:29:31.230+0000] {processor.py:830} INFO - Processing file /opt/airflow/dags/inegi_playwright_dag.py for tasks to queue
[2026-05-29T11:29:31.234+0000] {logging_mixin.py:188} INFO - [2026-05-29T11:29:31.232+0000] {dagbag.py:540} INFO - Filling up the DagBag from /opt/airflow/dags/inegi_playwright_dag.py
[2026-05-29T11:29:31.320+0000] {processor.py:840} INFO - DAG(s) 'inegi_playwright' retrieved from /opt/airflow/dags/inegi_playwright_dag.py
[2026-05-29T11:29:31.404+0000] {logging_mixin.py:188} INFO - [2026-05-29T11:29:31.403+0000] {dag.py:3047} INFO - Sync 1 DAGs
[2026-05-29T11:29:31.517+0000] {logging_mixin.py:188} INFO - [2026-05-29T11:29:31.517+0000] {dag.py:3834} INFO - Setting next_dagrun for inegi_playwright to 2026-05-29 00:00:00+00:00, run_after=2026-05-30 00:00:00+00:00
[2026-05-29T11:29:31.602+0000] {processor.py:183} INFO - Processing /opt/airflow/dags/inegi_playwright_dag.py took 0.410 seconds
[2026-05-29T11:30:02.148+0000] {processor.py:161} INFO - Started process (PID=575) to work on /opt/airflow/dags/inegi_playwright_dag.py
[2026-05-29T11:30:02.160+0000] {processor.py:830} INFO - Processing file /opt/airflow/dags/inegi_playwright_dag.py for tasks to queue
[2026-05-29T11:30:02.168+0000] {logging_mixin.py:188} INFO - [2026-05-29T11:30:02.166+0000] {dagbag.py:540} INFO - Filling up the DagBag from /opt/airflow/dags/inegi_playwright_dag.py
[2026-05-29T11:30:02.253+0000] {processor.py:840} INFO - DAG(s) 'inegi_playwright' retrieved from /opt/airflow/dags/inegi_playwright_dag.py
[2026-05-29T11:30:02.480+0000] {logging_mixin.py:188} INFO - [2026-05-29T11:30:02.480+0000] {dag.py:3047} INFO - Sync 1 DAGs
[2026-05-29T11:30:03.159+0000] {logging_mixin.py:188} INFO - [2026-05-29T11:30:03.158+0000] {dag.py:3834} INFO - Setting next_dagrun for inegi_playwright to 2026-05-29 00:00:00+00:00, run_after=2026-05-30 00:00:00+00:00
[2026-05-29T11:30:03.791+0000] {processor.py:183} INFO - Processing /opt/airflow/dags/inegi_playwright_dag.py took 1.676 seconds
[2026-05-29T11:30:35.512+0000] {processor.py:161} INFO - Started process (PID=605) to work on /opt/airflow/dags/inegi_playwright_dag.py
[2026-05-29T11:30:35.515+0000] {processor.py:830} INFO - Processing file /opt/airflow/dags/inegi_playwright_dag.py for tasks to queue
[2026-05-29T11:30:35.518+0000] {logging_mixin.py:188} INFO - [2026-05-29T11:30:35.517+0000] {dagbag.py:540} INFO - Filling up the DagBag from /opt/airflow/dags/inegi_playwright_dag.py
[2026-05-29T11:30:35.570+0000] {processor.py:840} INFO - DAG(s) 'inegi_playwright' retrieved from /opt/airflow/dags/inegi_playwright_dag.py
[2026-05-29T11:30:35.639+0000] {logging_mixin.py:188} INFO - [2026-05-29T11:30:35.639+0000] {dag.py:3047} INFO - Sync 1 DAGs
[2026-05-29T11:30:35.703+0000] {logging_mixin.py:188} INFO - [2026-05-29T11:30:35.703+0000] {dag.py:3834} INFO - Setting next_dagrun for inegi_playwright to 2026-05-29 00:00:00+00:00, run_after=2026-05-30 00:00:00+00:00
[2026-05-29T11:30:36.173+0000] {processor.py:183} INFO - Processing /opt/airflow/dags/inegi_playwright_dag.py took 0.670 seconds
[2026-05-29T11:31:07.309+0000] {processor.py:161} INFO - Started process (PID=639) to work on /opt/airflow/dags/inegi_playwright_dag.py
[2026-05-29T11:31:07.314+0000] {processor.py:830} INFO - Processing file /opt/airflow/dags/inegi_playwright_dag.py for tasks to queue
[2026-05-29T11:31:07.321+0000] {logging_mixin.py:188} INFO - [2026-05-29T11:31:07.320+0000] {dagbag.py:540} INFO - Filling up the DagBag from /opt/airflow/dags/inegi_playwright_dag.py
[2026-05-29T11:31:07.439+0000] {processor.py:840} INFO - DAG(s) 'inegi_playwright' retrieved from /opt/airflow/dags/inegi_playwright_dag.py
[2026-05-29T11:31:07.576+0000] {logging_mixin.py:188} INFO - [2026-05-29T11:31:07.576+0000] {dag.py:3047} INFO - Sync 1 DAGs
[2026-05-29T11:31:07.674+0000] {logging_mixin.py:188} INFO - [2026-05-29T11:31:07.674+0000] {dag.py:3834} INFO - Setting next_dagrun for inegi_playwright to 2026-05-29 00:00:00+00:00, run_after=2026-05-30 00:00:00+00:00
[2026-05-29T11:31:09.310+0000] {processor.py:183} INFO - Processing /opt/airflow/dags/inegi_playwright_dag.py took 2.040 seconds
[2026-05-29T11:31:40.345+0000] {processor.py:161} INFO - Started process (PID=669) to work on /opt/airflow/dags/inegi_playwright_dag.py
[2026-05-29T11:31:40.367+0000] {processor.py:830} INFO - Processing file /opt/airflow/dags/inegi_playwright_dag.py for tasks to queue
[2026-05-29T11:31:40.418+0000] {logging_mixin.py:188} INFO - [2026-05-29T11:31:40.416+0000] {dagbag.py:540} INFO - Filling up the DagBag from /opt/airflow/dags/inegi_playwright_dag.py
[2026-05-29T11:31:41.067+0000] {processor.py:840} INFO - DAG(s) 'inegi_playwright' retrieved from /opt/airflow/dags/inegi_playwright_dag.py
[2026-05-29T11:31:41.792+0000] {logging_mixin.py:188} INFO - [2026-05-29T11:31:41.791+0000] {dag.py:3047} INFO - Sync 1 DAGs
[2026-05-29T11:31:42.381+0000] {logging_mixin.py:188} INFO - [2026-05-29T11:31:42.380+0000] {dag.py:3834} INFO - Setting next_dagrun for inegi_playwright to 2026-05-29 00:00:00+00:00, run_after=2026-05-30 00:00:00+00:00
[2026-05-29T11:31:42.588+0000] {processor.py:183} INFO - Processing /opt/airflow/dags/inegi_playwright_dag.py took 2.326 seconds
[2026-05-29T11:32:17.688+0000] {processor.py:161} INFO - Started process (PID=697) to work on /opt/airflow/dags/inegi_playwright_dag.py
[2026-05-29T11:32:17.735+0000] {processor.py:830} INFO - Processing file /opt/airflow/dags/inegi_playwright_dag.py for tasks to queue
[2026-05-29T11:32:17.752+0000] {logging_mixin.py:188} INFO - [2026-05-29T11:32:17.751+0000] {dagbag.py:540} INFO - Filling up the DagBag from /opt/airflow/dags/inegi_playwright_dag.py
[2026-05-29T11:32:18.974+0000] {processor.py:840} INFO - DAG(s) 'inegi_playwright' retrieved from /opt/airflow/dags/inegi_playwright_dag.py
[2026-05-29T11:32:20.518+0000] {logging_mixin.py:188} INFO - [2026-05-29T11:32:20.518+0000] {dag.py:3047} INFO - Sync 1 DAGs
[2026-05-29T11:32:22.143+0000] {logging_mixin.py:188} INFO - [2026-05-29T11:32:22.097+0000] {dag.py:3834} INFO - Setting next_dagrun for inegi_playwright to 2026-05-29 00:00:00+00:00, run_after=2026-05-30 00:00:00+00:00
[2026-05-29T11:32:22.980+0000] {processor.py:183} INFO - Processing /opt/airflow/dags/inegi_playwright_dag.py took 5.450 seconds
[2026-05-29T11:32:57.586+0000] {processor.py:161} INFO - Started process (PID=729) to work on /opt/airflow/dags/inegi_playwright_dag.py
[2026-05-29T11:32:57.650+0000] {processor.py:830} INFO - Processing file /opt/airflow/dags/inegi_playwright_dag.py for tasks to queue
[2026-05-29T11:32:57.714+0000] {logging_mixin.py:188} INFO - [2026-05-29T11:32:57.713+0000] {dagbag.py:540} INFO - Filling up the DagBag from /opt/airflow/dags/inegi_playwright_dag.py
[2026-05-29T11:32:59.488+0000] {processor.py:840} INFO - DAG(s) 'inegi_playwright' retrieved from /opt/airflow/dags/inegi_playwright_dag.py
[2026-05-29T11:33:00.564+0000] {logging_mixin.py:188} INFO - [2026-05-29T11:33:00.550+0000] {dag.py:3047} INFO - Sync 1 DAGs
[2026-05-29T11:33:01.768+0000] {logging_mixin.py:188} INFO - [2026-05-29T11:33:01.767+0000] {dag.py:3834} INFO - Setting next_dagrun for inegi_playwright to 2026-05-29 00:00:00+00:00, run_after=2026-05-30 00:00:00+00:00
[2026-05-29T11:33:02.146+0000] {processor.py:183} INFO - Processing /opt/airflow/dags/inegi_playwright_dag.py took 4.658 seconds
[2026-05-29T11:33:33.950+0000] {processor.py:161} INFO - Started process (PID=759) to work on /opt/airflow/dags/inegi_playwright_dag.py
[2026-05-29T11:33:34.037+0000] {processor.py:830} INFO - Processing file /opt/airflow/dags/inegi_playwright_dag.py for tasks to queue
[2026-05-29T11:33:34.053+0000] {logging_mixin.py:188} INFO - [2026-05-29T11:33:34.052+0000] {dagbag.py:540} INFO - Filling up the DagBag from /opt/airflow/dags/inegi_playwright_dag.py
[2026-05-29T11:33:34.806+0000] {processor.py:840} INFO - DAG(s) 'inegi_playwright' retrieved from /opt/airflow/dags/inegi_playwright_dag.py
[2026-05-29T11:33:35.400+0000] {logging_mixin.py:188} INFO - [2026-05-29T11:33:35.385+0000] {dag.py:3047} INFO - Sync 1 DAGs
[2026-05-29T11:33:35.751+0000] {logging_mixin.py:188} INFO - [2026-05-29T11:33:35.750+0000] {dag.py:3834} INFO - Setting next_dagrun for inegi_playwright to 2026-05-29 00:00:00+00:00, run_after=2026-05-30 00:00:00+00:00
[2026-05-29T11:33:38.125+0000] {processor.py:183} INFO - Processing /opt/airflow/dags/inegi_playwright_dag.py took 4.259 seconds
[2026-05-29T11:34:22.403+0000] {processor.py:161} INFO - Started process (PID=788) to work on /opt/airflow/dags/inegi_playwright_dag.py
[2026-05-29T11:34:22.429+0000] {processor.py:830} INFO - Processing file /opt/airflow/dags/inegi_playwright_dag.py for tasks to queue
[2026-05-29T11:34:22.434+0000] {logging_mixin.py:188} INFO - [2026-05-29T11:34:22.433+0000] {dagbag.py:540} INFO - Filling up the DagBag from /opt/airflow/dags/inegi_playwright_dag.py
[2026-05-29T11:34:22.744+0000] {processor.py:840} INFO - DAG(s) 'inegi_playwright' retrieved from /opt/airflow/dags/inegi_playwright_dag.py
[2026-05-29T11:34:23.056+0000] {logging_mixin.py:188} INFO - [2026-05-29T11:34:23.056+0000] {dag.py:3047} INFO - Sync 1 DAGs
[2026-05-29T11:34:23.393+0000] {logging_mixin.py:188} INFO - [2026-05-29T11:34:23.392+0000] {dag.py:3834} INFO - Setting next_dagrun for inegi_playwright to 2026-05-29 00:00:00+00:00, run_after=2026-05-30 00:00:00+00:00
[2026-05-29T11:34:24.839+0000] {processor.py:183} INFO - Processing /opt/airflow/dags/inegi_playwright_dag.py took 2.472 seconds
[2026-05-29T11:35:07.354+0000] {processor.py:161} INFO - Started process (PID=822) to work on /opt/airflow/dags/inegi_playwright_dag.py
[2026-05-29T11:35:07.385+0000] {processor.py:830} INFO - Processing file /opt/airflow/dags/inegi_playwright_dag.py for tasks to queue
[2026-05-29T11:35:07.465+0000] {logging_mixin.py:188} INFO - [2026-05-29T11:35:07.463+0000] {dagbag.py:540} INFO - Filling up the DagBag from /opt/airflow/dags/inegi_playwright_dag.py
[2026-05-29T11:35:10.149+0000] {processor.py:840} INFO - DAG(s) 'inegi_playwright' retrieved from /opt/airflow/dags/inegi_playwright_dag.py
[2026-05-29T11:35:10.430+0000] {logging_mixin.py:188} INFO - [2026-05-29T11:35:10.429+0000] {dag.py:3047} INFO - Sync 1 DAGs
[2026-05-29T11:35:10.634+0000] {logging_mixin.py:188} INFO - [2026-05-29T11:35:10.633+0000] {dag.py:3834} INFO - Setting next_dagrun for inegi_playwright to 2026-05-29 00:00:00+00:00, run_after=2026-05-30 00:00:00+00:00
[2026-05-29T11:35:10.931+0000] {processor.py:183} INFO - Processing /opt/airflow/dags/inegi_playwright_dag.py took 3.621 seconds
[2026-05-29T11:35:44.110+0000] {processor.py:161} INFO - Started process (PID=853) to work on /opt/airflow/dags/inegi_playwright_dag.py
[2026-05-29T11:35:44.362+0000] {processor.py:830} INFO - Processing file /opt/airflow/dags/inegi_playwright_dag.py for tasks to queue
[2026-05-29T11:35:44.577+0000] {logging_mixin.py:188} INFO - [2026-05-29T11:35:44.576+0000] {dagbag.py:540} INFO - Filling up the DagBag from /opt/airflow/dags/inegi_playwright_dag.py
[2026-05-29T11:35:46.422+0000] {processor.py:840} INFO - DAG(s) 'inegi_playwright' retrieved from /opt/airflow/dags/inegi_playwright_dag.py
[2026-05-29T11:35:46.632+0000] {logging_mixin.py:188} INFO - [2026-05-29T11:35:46.631+0000] {dag.py:3047} INFO - Sync 1 DAGs
[2026-05-29T11:35:46.842+0000] {logging_mixin.py:188} INFO - [2026-05-29T11:35:46.841+0000] {dag.py:3834} INFO - Setting next_dagrun for inegi_playwright to 2026-05-29 00:00:00+00:00, run_after=2026-05-30 00:00:00+00:00
[2026-05-29T11:35:48.274+0000] {processor.py:183} INFO - Processing /opt/airflow/dags/inegi_playwright_dag.py took 4.187 seconds
[2026-05-29T11:36:38.294+0000] {processor.py:161} INFO - Started process (PID=881) to work on /opt/airflow/dags/inegi_playwright_dag.py
[2026-05-29T11:36:38.348+0000] {processor.py:830} INFO - Processing file /opt/airflow/dags/inegi_playwright_dag.py for tasks to queue
[2026-05-29T11:36:38.377+0000] {logging_mixin.py:188} INFO - [2026-05-29T11:36:38.376+0000] {dagbag.py:540} INFO - Filling up the DagBag from /opt/airflow/dags/inegi_playwright_dag.py
[2026-05-29T11:36:39.689+0000] {processor.py:840} INFO - DAG(s) 'inegi_playwright' retrieved from /opt/airflow/dags/inegi_playwright_dag.py
[2026-05-29T11:36:39.898+0000] {logging_mixin.py:188} INFO - [2026-05-29T11:36:39.897+0000] {dag.py:3047} INFO - Sync 1 DAGs
[2026-05-29T11:36:40.157+0000] {logging_mixin.py:188} INFO - [2026-05-29T11:36:40.156+0000] {dag.py:3834} INFO - Setting next_dagrun for inegi_playwright to 2026-05-29 00:00:00+00:00, run_after=2026-05-30 00:00:00+00:00
[2026-05-29T11:36:40.367+0000] {processor.py:183} INFO - Processing /opt/airflow/dags/inegi_playwright_dag.py took 2.098 seconds
[2026-05-29T11:37:12.412+0000] {processor.py:161} INFO - Started process (PID=911) to work on /opt/airflow/dags/inegi_playwright_dag.py
[2026-05-29T11:37:12.418+0000] {processor.py:830} INFO - Processing file /opt/airflow/dags/inegi_playwright_dag.py for tasks to queue
[2026-05-29T11:37:12.433+0000] {logging_mixin.py:188} INFO - [2026-05-29T11:37:12.429+0000] {dagbag.py:540} INFO - Filling up the DagBag from /opt/airflow/dags/inegi_playwright_dag.py
[2026-05-29T11:37:12.570+0000] {processor.py:840} INFO - DAG(s) 'inegi_playwright' retrieved from /opt/airflow/dags/inegi_playwright_dag.py
[2026-05-29T11:37:12.822+0000] {logging_mixin.py:188} INFO - [2026-05-29T11:37:12.818+0000] {dag.py:3047} INFO - Sync 1 DAGs
[2026-05-29T11:37:13.031+0000] {logging_mixin.py:188} INFO - [2026-05-29T11:37:13.030+0000] {dag.py:3834} INFO - Setting next_dagrun for inegi_playwright to 2026-05-29 00:00:00+00:00, run_after=2026-05-30 00:00:00+00:00
[2026-05-29T11:37:13.343+0000] {processor.py:183} INFO - Processing /opt/airflow/dags/inegi_playwright_dag.py took 0.958 seconds
[2026-05-29T11:37:45.634+0000] {processor.py:161} INFO - Started process (PID=943) to work on /opt/airflow/dags/inegi_playwright_dag.py
[2026-05-29T11:37:45.637+0000] {processor.py:830} INFO - Processing file /opt/airflow/dags/inegi_playwright_dag.py for tasks to queue
[2026-05-29T11:37:45.646+0000] {logging_mixin.py:188} INFO - [2026-05-29T11:37:45.645+0000] {dagbag.py:540} INFO - Filling up the DagBag from /opt/airflow/dags/inegi_playwright_dag.py
[2026-05-29T11:37:45.756+0000] {processor.py:840} INFO - DAG(s) 'inegi_playwright' retrieved from /opt/airflow/dags/inegi_playwright_dag.py
[2026-05-29T11:37:45.858+0000] {logging_mixin.py:188} INFO - [2026-05-29T11:37:45.857+0000] {dag.py:3047} INFO - Sync 1 DAGs
[2026-05-29T11:37:45.953+0000] {logging_mixin.py:188} INFO - [2026-05-29T11:37:45.952+0000] {dag.py:3834} INFO - Setting next_dagrun for inegi_playwright to 2026-05-29 00:00:00+00:00, run_after=2026-05-30 00:00:00+00:00
[2026-05-29T11:37:46.042+0000] {processor.py:183} INFO - Processing /opt/airflow/dags/inegi_playwright_dag.py took 0.426 seconds
[2026-05-29T11:38:21.627+0000] {processor.py:161} INFO - Started process (PID=976) to work on /opt/airflow/dags/inegi_playwright_dag.py
[2026-05-29T11:38:21.663+0000] {processor.py:830} INFO - Processing file /opt/airflow/dags/inegi_playwright_dag.py for tasks to queue
[2026-05-29T11:38:21.674+0000] {logging_mixin.py:188} INFO - [2026-05-29T11:38:21.673+0000] {dagbag.py:540} INFO - Filling up the DagBag from /opt/airflow/dags/inegi_playwright_dag.py
[2026-05-29T11:38:22.541+0000] {processor.py:840} INFO - DAG(s) 'inegi_playwright' retrieved from /opt/airflow/dags/inegi_playwright_dag.py
[2026-05-29T11:38:22.776+0000] {logging_mixin.py:188} INFO - [2026-05-29T11:38:22.776+0000] {dag.py:3047} INFO - Sync 1 DAGs
[2026-05-29T11:38:23.046+0000] {logging_mixin.py:188} INFO - [2026-05-29T11:38:23.046+0000] {dag.py:3834} INFO - Setting next_dagrun for inegi_playwright to 2026-05-29 00:00:00+00:00, run_after=2026-05-30 00:00:00+00:00
[2026-05-29T11:38:23.323+0000] {processor.py:183} INFO - Processing /opt/airflow/dags/inegi_playwright_dag.py took 1.706 seconds
[2026-05-29T11:39:02.285+0000] {processor.py:161} INFO - Started process (PID=1006) to work on /opt/airflow/dags/inegi_playwright_dag.py
[2026-05-29T11:39:03.486+0000] {processor.py:830} INFO - Processing file /opt/airflow/dags/inegi_playwright_dag.py for tasks to queue
[2026-05-29T11:39:03.597+0000] {logging_mixin.py:188} INFO - [2026-05-29T11:39:03.555+0000] {dagbag.py:540} INFO - Filling up the DagBag from /opt/airflow/dags/inegi_playwright_dag.py
[2026-05-29T11:39:09.164+0000] {processor.py:840} INFO - DAG(s) 'inegi_playwright' retrieved from /opt/airflow/dags/inegi_playwright_dag.py
[2026-05-29T11:39:09.494+0000] {logging_mixin.py:188} INFO - [2026-05-29T11:39:09.493+0000] {dag.py:3047} INFO - Sync 1 DAGs
[2026-05-29T11:39:09.809+0000] {logging_mixin.py:188} INFO - [2026-05-29T11:39:09.808+0000] {dag.py:3834} INFO - Setting next_dagrun for inegi_playwright to 2026-05-29 00:00:00+00:00, run_after=2026-05-30 00:00:00+00:00
[2026-05-29T11:39:10.292+0000] {processor.py:183} INFO - Processing /opt/airflow/dags/inegi_playwright_dag.py took 8.020 seconds
[2026-05-29T11:40:08.739+0000] {processor.py:161} INFO - Started process (PID=1043) to work on /opt/airflow/dags/inegi_playwright_dag.py
[2026-05-29T11:40:08.757+0000] {processor.py:830} INFO - Processing file /opt/airflow/dags/inegi_playwright_dag.py for tasks to queue
[2026-05-29T11:40:08.785+0000] {logging_mixin.py:188} INFO - [2026-05-29T11:40:08.783+0000] {dagbag.py:540} INFO - Filling up the DagBag from /opt/airflow/dags/inegi_playwright_dag.py
[2026-05-29T11:40:10.079+0000] {processor.py:840} INFO - DAG(s) 'inegi_playwright' retrieved from /opt/airflow/dags/inegi_playwright_dag.py
[2026-05-29T11:40:10.380+0000] {logging_mixin.py:188} INFO - [2026-05-29T11:40:10.380+0000] {dag.py:3047} INFO - Sync 1 DAGs
[2026-05-29T11:40:10.739+0000] {logging_mixin.py:188} INFO - [2026-05-29T11:40:10.738+0000] {dag.py:3834} INFO - Setting next_dagrun for inegi_playwright to 2026-05-29 00:00:00+00:00, run_after=2026-05-30 00:00:00+00:00
[2026-05-29T11:40:19.701+0000] {processor.py:183} INFO - Processing /opt/airflow/dags/inegi_playwright_dag.py took 10.973 seconds
[2026-05-29T11:41:03.700+0000] {processor.py:161} INFO - Started process (PID=1073) to work on /opt/airflow/dags/inegi_playwright_dag.py
[2026-05-29T11:41:03.875+0000] {processor.py:830} INFO - Processing file /opt/airflow/dags/inegi_playwright_dag.py for tasks to queue
[2026-05-29T11:41:03.909+0000] {logging_mixin.py:188} INFO - [2026-05-29T11:41:03.908+0000] {dagbag.py:540} INFO - Filling up the DagBag from /opt/airflow/dags/inegi_playwright_dag.py
[2026-05-29T11:41:07.764+0000] {processor.py:840} INFO - DAG(s) 'inegi_playwright' retrieved from /opt/airflow/dags/inegi_playwright_dag.py
[2026-05-29T11:41:07.968+0000] {logging_mixin.py:188} INFO - [2026-05-29T11:41:07.967+0000] {dag.py:3047} INFO - Sync 1 DAGs
[2026-05-29T11:41:08.232+0000] {logging_mixin.py:188} INFO - [2026-05-29T11:41:08.232+0000] {dag.py:3834} INFO - Setting next_dagrun for inegi_playwright to 2026-05-29 00:00:00+00:00, run_after=2026-05-30 00:00:00+00:00
[2026-05-29T11:41:08.669+0000] {processor.py:183} INFO - Processing /opt/airflow/dags/inegi_playwright_dag.py took 5.001 seconds
[2026-05-29T11:41:40.605+0000] {processor.py:161} INFO - Started process (PID=1103) to work on /opt/airflow/dags/inegi_playwright_dag.py
[2026-05-29T11:41:40.609+0000] {processor.py:830} INFO - Processing file /opt/airflow/dags/inegi_playwright_dag.py for tasks to queue
[2026-05-29T11:41:40.613+0000] {logging_mixin.py:188} INFO - [2026-05-29T11:41:40.611+0000] {dagbag.py:540} INFO - Filling up the DagBag from /opt/airflow/dags/inegi_playwright_dag.py
[2026-05-29T11:41:40.734+0000] {processor.py:840} INFO - DAG(s) 'inegi_playwright' retrieved from /opt/airflow/dags/inegi_playwright_dag.py
[2026-05-29T11:41:40.903+0000] {logging_mixin.py:188} INFO - [2026-05-29T11:41:40.902+0000] {dag.py:3047} INFO - Sync 1 DAGs
[2026-05-29T11:41:41.127+0000] {logging_mixin.py:188} INFO - [2026-05-29T11:41:41.127+0000] {dag.py:3834} INFO - Setting next_dagrun for inegi_playwright to 2026-05-29 00:00:00+00:00, run_after=2026-05-30 00:00:00+00:00
[2026-05-29T11:41:41.467+0000] {processor.py:183} INFO - Processing /opt/airflow/dags/inegi_playwright_dag.py took 0.876 seconds
[2026-05-29T11:42:12.225+0000] {processor.py:161} INFO - Started process (PID=1133) to work on /opt/airflow/dags/inegi_playwright_dag.py
[2026-05-29T11:42:12.229+0000] {processor.py:830} INFO - Processing file /opt/airflow/dags/inegi_playwright_dag.py for tasks to queue
[2026-05-29T11:42:12.242+0000] {logging_mixin.py:188} INFO - [2026-05-29T11:42:12.231+0000] {dagbag.py:540} INFO - Filling up the DagBag from /opt/airflow/dags/inegi_playwright_dag.py
[2026-05-29T11:42:12.361+0000] {processor.py:840} INFO - DAG(s) 'inegi_playwright' retrieved from /opt/airflow/dags/inegi_playwright_dag.py
[2026-05-29T11:42:12.541+0000] {logging_mixin.py:188} INFO - [2026-05-29T11:42:12.541+0000] {dag.py:3047} INFO - Sync 1 DAGs
[2026-05-29T11:42:12.776+0000] {logging_mixin.py:188} INFO - [2026-05-29T11:42:12.775+0000] {dag.py:3834} INFO - Setting next_dagrun for inegi_playwright to 2026-05-29 00:00:00+00:00, run_after=2026-05-30 00:00:00+00:00
[2026-05-29T11:42:12.978+0000] {processor.py:183} INFO - Processing /opt/airflow/dags/inegi_playwright_dag.py took 0.780 seconds
[2026-05-29T11:42:44.445+0000] {processor.py:161} INFO - Started process (PID=1163) to work on /opt/airflow/dags/inegi_playwright_dag.py
[2026-05-29T11:42:44.458+0000] {processor.py:830} INFO - Processing file /opt/airflow/dags/inegi_playwright_dag.py for tasks to queue
[2026-05-29T11:42:44.462+0000] {logging_mixin.py:188} INFO - [2026-05-29T11:42:44.461+0000] {dagbag.py:540} INFO - Filling up the DagBag from /opt/airflow/dags/inegi_playwright_dag.py
[2026-05-29T11:42:45.060+0000] {processor.py:840} INFO - DAG(s) 'inegi_playwright' retrieved from /opt/airflow/dags/inegi_playwright_dag.py
[2026-05-29T11:42:45.248+0000] {logging_mixin.py:188} INFO - [2026-05-29T11:42:45.238+0000] {dag.py:3047} INFO - Sync 1 DAGs
[2026-05-29T11:42:45.418+0000] {logging_mixin.py:188} INFO - [2026-05-29T11:42:45.418+0000] {dag.py:3834} INFO - Setting next_dagrun for inegi_playwright to 2026-05-29 00:00:00+00:00, run_after=2026-05-30 00:00:00+00:00
[2026-05-29T11:42:45.592+0000] {processor.py:183} INFO - Processing /opt/airflow/dags/inegi_playwright_dag.py took 1.163 seconds
[2026-05-29T11:43:16.273+0000] {processor.py:161} INFO - Started process (PID=1193) to work on /opt/airflow/dags/inegi_playwright_dag.py
[2026-05-29T11:43:16.277+0000] {processor.py:830} INFO - Processing file /opt/airflow/dags/inegi_playwright_dag.py for tasks to queue
[2026-05-29T11:43:16.281+0000] {logging_mixin.py:188} INFO - [2026-05-29T11:43:16.280+0000] {dagbag.py:540} INFO - Filling up the DagBag from /opt/airflow/dags/inegi_playwright_dag.py
[2026-05-29T11:43:16.421+0000] {processor.py:840} INFO - DAG(s) 'inegi_playwright' retrieved from /opt/airflow/dags/inegi_playwright_dag.py
[2026-05-29T11:43:16.703+0000] {logging_mixin.py:188} INFO - [2026-05-29T11:43:16.702+0000] {dag.py:3047} INFO - Sync 1 DAGs
[2026-05-29T11:43:16.911+0000] {logging_mixin.py:188} INFO - [2026-05-29T11:43:16.910+0000] {dag.py:3834} INFO - Setting next_dagrun for inegi_playwright to 2026-05-29 00:00:00+00:00, run_after=2026-05-30 00:00:00+00:00
[2026-05-29T11:43:17.221+0000] {processor.py:183} INFO - Processing /opt/airflow/dags/inegi_playwright_dag.py took 0.962 seconds
[2026-05-29T11:43:48.295+0000] {processor.py:161} INFO - Started process (PID=1223) to work on /opt/airflow/dags/inegi_playwright_dag.py
[2026-05-29T11:43:48.306+0000] {processor.py:830} INFO - Processing file /opt/airflow/dags/inegi_playwright_dag.py for tasks to queue
[2026-05-29T11:43:48.309+0000] {logging_mixin.py:188} INFO - [2026-05-29T11:43:48.308+0000] {dagbag.py:540} INFO - Filling up the DagBag from /opt/airflow/dags/inegi_playwright_dag.py
[2026-05-29T11:43:48.438+0000] {processor.py:840} INFO - DAG(s) 'inegi_playwright' retrieved from /opt/airflow/dags/inegi_playwright_dag.py
[2026-05-29T11:43:48.557+0000] {logging_mixin.py:188} INFO - [2026-05-29T11:43:48.556+0000] {dag.py:3047} INFO - Sync 1 DAGs
[2026-05-29T11:43:48.672+0000] {logging_mixin.py:188} INFO - [2026-05-29T11:43:48.671+0000] {dag.py:3834} INFO - Setting next_dagrun for inegi_playwright to 2026-05-29 00:00:00+00:00, run_after=2026-05-30 00:00:00+00:00
[2026-05-29T11:43:48.806+0000] {processor.py:183} INFO - Processing /opt/airflow/dags/inegi_playwright_dag.py took 0.524 seconds
[2026-05-29T11:44:19.486+0000] {processor.py:161} INFO - Started process (PID=1253) to work on /opt/airflow/dags/inegi_playwright_dag.py
[2026-05-29T11:44:19.531+0000] {processor.py:830} INFO - Processing file /opt/airflow/dags/inegi_playwright_dag.py for tasks to queue
[2026-05-29T11:44:19.550+0000] {logging_mixin.py:188} INFO - [2026-05-29T11:44:19.548+0000] {dagbag.py:540} INFO - Filling up the DagBag from /opt/airflow/dags/inegi_playwright_dag.py
[2026-05-29T11:44:20.143+0000] {processor.py:840} INFO - DAG(s) 'inegi_playwright' retrieved from /opt/airflow/dags/inegi_playwright_dag.py
[2026-05-29T11:44:20.447+0000] {logging_mixin.py:188} INFO - [2026-05-29T11:44:20.446+0000] {dag.py:3047} INFO - Sync 1 DAGs
[2026-05-29T11:44:20.519+0000] {logging_mixin.py:188} INFO - [2026-05-29T11:44:20.519+0000] {dag.py:3834} INFO - Setting next_dagrun for inegi_playwright to 2026-05-29 00:00:00+00:00, run_after=2026-05-30 00:00:00+00:00
[2026-05-29T11:44:20.573+0000] {processor.py:183} INFO - Processing /opt/airflow/dags/inegi_playwright_dag.py took 1.182 seconds
[2026-05-29T11:44:51.927+0000] {processor.py:161} INFO - Started process (PID=1281) to work on /opt/airflow/dags/inegi_playwright_dag.py
[2026-05-29T11:44:51.942+0000] {processor.py:830} INFO - Processing file /opt/airflow/dags/inegi_playwright_dag.py for tasks to queue
[2026-05-29T11:44:51.953+0000] {logging_mixin.py:188} INFO - [2026-05-29T11:44:51.946+0000] {dagbag.py:540} INFO - Filling up the DagBag from /opt/airflow/dags/inegi_playwright_dag.py
[2026-05-29T11:44:52.023+0000] {processor.py:840} INFO - DAG(s) 'inegi_playwright' retrieved from /opt/airflow/dags/inegi_playwright_dag.py
[2026-05-29T11:44:52.112+0000] {logging_mixin.py:188} INFO - [2026-05-29T11:44:52.112+0000] {dag.py:3047} INFO - Sync 1 DAGs
[2026-05-29T11:44:52.200+0000] {logging_mixin.py:188} INFO - [2026-05-29T11:44:52.199+0000] {dag.py:3834} INFO - Setting next_dagrun for inegi_playwright to 2026-05-29 00:00:00+00:00, run_after=2026-05-30 00:00:00+00:00
[2026-05-29T11:44:52.330+0000] {processor.py:183} INFO - Processing /opt/airflow/dags/inegi_playwright_dag.py took 0.429 seconds
[2026-05-29T11:45:24.124+0000] {processor.py:161} INFO - Started process (PID=1311) to work on /opt/airflow/dags/inegi_playwright_dag.py
[2026-05-29T11:45:24.137+0000] {processor.py:830} INFO - Processing file /opt/airflow/dags/inegi_playwright_dag.py for tasks to queue
[2026-05-29T11:45:24.150+0000] {logging_mixin.py:188} INFO - [2026-05-29T11:45:24.149+0000] {dagbag.py:540} INFO - Filling up the DagBag from /opt/airflow/dags/inegi_playwright_dag.py
[2026-05-29T11:45:24.785+0000] {processor.py:840} INFO - DAG(s) 'inegi_playwright' retrieved from /opt/airflow/dags/inegi_playwright_dag.py
[2026-05-29T11:45:25.533+0000] {logging_mixin.py:188} INFO - [2026-05-29T11:45:25.519+0000] {dag.py:3047} INFO - Sync 1 DAGs
[2026-05-29T11:45:25.938+0000] {logging_mixin.py:188} INFO - [2026-05-29T11:45:25.938+0000] {dag.py:3834} INFO - Setting next_dagrun for inegi_playwright to 2026-05-29 00:00:00+00:00, run_after=2026-05-30 00:00:00+00:00
[2026-05-29T11:45:26.018+0000] {processor.py:183} INFO - Processing /opt/airflow/dags/inegi_playwright_dag.py took 1.980 seconds
[2026-05-29T11:45:56.550+0000] {processor.py:161} INFO - Started process (PID=1343) to work on /opt/airflow/dags/inegi_playwright_dag.py
[2026-05-29T11:45:56.554+0000] {processor.py:830} INFO - Processing file /opt/airflow/dags/inegi_playwright_dag.py for tasks to queue
[2026-05-29T11:45:56.557+0000] {logging_mixin.py:188} INFO - [2026-05-29T11:45:56.556+0000] {dagbag.py:540} INFO - Filling up the DagBag from /opt/airflow/dags/inegi_playwright_dag.py
[2026-05-29T11:45:56.618+0000] {processor.py:840} INFO - DAG(s) 'inegi_playwright' retrieved from /opt/airflow/dags/inegi_playwright_dag.py
[2026-05-29T11:45:56.693+0000] {logging_mixin.py:188} INFO - [2026-05-29T11:45:56.693+0000] {dag.py:3047} INFO - Sync 1 DAGs
[2026-05-29T11:45:56.768+0000] {logging_mixin.py:188} INFO - [2026-05-29T11:45:56.767+0000] {dag.py:3834} INFO - Setting next_dagrun for inegi_playwright to 2026-05-29 00:00:00+00:00, run_after=2026-05-30 00:00:00+00:00
[2026-05-29T11:45:56.827+0000] {processor.py:183} INFO - Processing /opt/airflow/dags/inegi_playwright_dag.py took 0.287 seconds
[2026-05-29T11:46:29.551+0000] {processor.py:161} INFO - Started process (PID=1373) to work on /opt/airflow/dags/inegi_playwright_dag.py
[2026-05-29T11:46:29.554+0000] {processor.py:830} INFO - Processing file /opt/airflow/dags/inegi_playwright_dag.py for tasks to queue
[2026-05-29T11:46:29.559+0000] {logging_mixin.py:188} INFO - [2026-05-29T11:46:29.557+0000] {dagbag.py:540} INFO - Filling up the DagBag from /opt/airflow/dags/inegi_playwright_dag.py
[2026-05-29T11:46:29.661+0000] {processor.py:840} INFO - DAG(s) 'inegi_playwright' retrieved from /opt/airflow/dags/inegi_playwright_dag.py
[2026-05-29T11:46:29.838+0000] {logging_mixin.py:188} INFO - [2026-05-29T11:46:29.837+0000] {dag.py:3047} INFO - Sync 1 DAGs
[2026-05-29T11:46:30.046+0000] {logging_mixin.py:188} INFO - [2026-05-29T11:46:30.045+0000] {dag.py:3834} INFO - Setting next_dagrun for inegi_playwright to 2026-05-29 00:00:00+00:00, run_after=2026-05-30 00:00:00+00:00
[2026-05-29T11:46:30.217+0000] {processor.py:183} INFO - Processing /opt/airflow/dags/inegi_playwright_dag.py took 0.682 seconds
[2026-05-29T11:47:01.034+0000] {processor.py:161} INFO - Started process (PID=1401) to work on /opt/airflow/dags/inegi_playwright_dag.py
[2026-05-29T11:47:01.039+0000] {processor.py:830} INFO - Processing file /opt/airflow/dags/inegi_playwright_dag.py for tasks to queue
[2026-05-29T11:47:01.042+0000] {logging_mixin.py:188} INFO - [2026-05-29T11:47:01.042+0000] {dagbag.py:540} INFO - Filling up the DagBag from /opt/airflow/dags/inegi_playwright_dag.py
[2026-05-29T11:47:01.108+0000] {processor.py:840} INFO - DAG(s) 'inegi_playwright' retrieved from /opt/airflow/dags/inegi_playwright_dag.py
[2026-05-29T11:47:01.185+0000] {logging_mixin.py:188} INFO - [2026-05-29T11:47:01.184+0000] {dag.py:3047} INFO - Sync 1 DAGs
[2026-05-29T11:47:01.265+0000] {logging_mixin.py:188} INFO - [2026-05-29T11:47:01.265+0000] {dag.py:3834} INFO - Setting next_dagrun for inegi_playwright to 2026-05-29 00:00:00+00:00, run_after=2026-05-30 00:00:00+00:00
[2026-05-29T11:47:01.374+0000] {processor.py:183} INFO - Processing /opt/airflow/dags/inegi_playwright_dag.py took 0.356 seconds
[2026-05-29T11:47:44.453+0000] {processor.py:161} INFO - Started process (PID=1433) to work on /opt/airflow/dags/inegi_playwright_dag.py
[2026-05-29T11:47:44.456+0000] {processor.py:830} INFO - Processing file /opt/airflow/dags/inegi_playwright_dag.py for tasks to queue
[2026-05-29T11:47:44.469+0000] {logging_mixin.py:188} INFO - [2026-05-29T11:47:44.468+0000] {dagbag.py:540} INFO - Filling up the DagBag from /opt/airflow/dags/inegi_playwright_dag.py
[2026-05-29T11:47:44.605+0000] {processor.py:840} INFO - DAG(s) 'inegi_playwright' retrieved from /opt/airflow/dags/inegi_playwright_dag.py
[2026-05-29T11:47:44.852+0000] {logging_mixin.py:188} INFO - [2026-05-29T11:47:44.851+0000] {dag.py:3047} INFO - Sync 1 DAGs
[2026-05-29T11:47:45.065+0000] {logging_mixin.py:188} INFO - [2026-05-29T11:47:45.065+0000] {dag.py:3834} INFO - Setting next_dagrun for inegi_playwright to 2026-05-29 00:00:00+00:00, run_after=2026-05-30 00:00:00+00:00
[2026-05-29T11:47:45.258+0000] {processor.py:183} INFO - Processing /opt/airflow/dags/inegi_playwright_dag.py took 0.826 seconds
[2026-05-29T11:48:16.829+0000] {processor.py:161} INFO - Started process (PID=1463) to work on /opt/airflow/dags/inegi_playwright_dag.py
[2026-05-29T11:48:16.835+0000] {processor.py:830} INFO - Processing file /opt/airflow/dags/inegi_playwright_dag.py for tasks to queue
[2026-05-29T11:48:16.841+0000] {logging_mixin.py:188} INFO - [2026-05-29T11:48:16.839+0000] {dagbag.py:540} INFO - Filling up the DagBag from /opt/airflow/dags/inegi_playwright_dag.py
[2026-05-29T11:48:16.949+0000] {processor.py:840} INFO - DAG(s) 'inegi_playwright' retrieved from /opt/airflow/dags/inegi_playwright_dag.py
[2026-05-29T11:48:17.063+0000] {logging_mixin.py:188} INFO - [2026-05-29T11:48:17.062+0000] {dag.py:3047} INFO - Sync 1 DAGs
[2026-05-29T11:48:17.238+0000] {logging_mixin.py:188} INFO - [2026-05-29T11:48:17.237+0000] {dag.py:3834} INFO - Setting next_dagrun for inegi_playwright to 2026-05-29 00:00:00+00:00, run_after=2026-05-30 00:00:00+00:00
[2026-05-29T11:48:17.499+0000] {processor.py:183} INFO - Processing /opt/airflow/dags/inegi_playwright_dag.py took 0.688 seconds
[2026-05-29T11:49:08.369+0000] {processor.py:161} INFO - Started process (PID=1491) to work on /opt/airflow/dags/inegi_playwright_dag.py
[2026-05-29T11:49:08.717+0000] {processor.py:830} INFO - Processing file /opt/airflow/dags/inegi_playwright_dag.py for tasks to queue
[2026-05-29T11:49:09.215+0000] {logging_mixin.py:188} INFO - [2026-05-29T11:49:09.212+0000] {dagbag.py:540} INFO - Filling up the DagBag from /opt/airflow/dags/inegi_playwright_dag.py
[2026-05-29T11:49:16.614+0000] {processor.py:840} INFO - DAG(s) 'inegi_playwright' retrieved from /opt/airflow/dags/inegi_playwright_dag.py
[2026-05-29T11:49:16.856+0000] {logging_mixin.py:188} INFO - [2026-05-29T11:49:16.855+0000] {dag.py:3047} INFO - Sync 1 DAGs
[2026-05-29T11:49:17.122+0000] {logging_mixin.py:188} INFO - [2026-05-29T11:49:17.111+0000] {dag.py:3834} INFO - Setting next_dagrun for inegi_playwright to 2026-05-29 00:00:00+00:00, run_after=2026-05-30 00:00:00+00:00
[2026-05-29T11:49:17.358+0000] {processor.py:183} INFO - Processing /opt/airflow/dags/inegi_playwright_dag.py took 9.150 seconds
[2026-05-29T11:49:48.703+0000] {processor.py:161} INFO - Started process (PID=1521) to work on /opt/airflow/dags/inegi_playwright_dag.py
[2026-05-29T11:49:48.708+0000] {processor.py:830} INFO - Processing file /opt/airflow/dags/inegi_playwright_dag.py for tasks to queue
[2026-05-29T11:49:48.715+0000] {logging_mixin.py:188} INFO - [2026-05-29T11:49:48.714+0000] {dagbag.py:540} INFO - Filling up the DagBag from /opt/airflow/dags/inegi_playwright_dag.py
[2026-05-29T11:49:48.913+0000] {processor.py:840} INFO - DAG(s) 'inegi_playwright' retrieved from /opt/airflow/dags/inegi_playwright_dag.py
[2026-05-29T11:49:48.995+0000] {logging_mixin.py:188} INFO - [2026-05-29T11:49:48.994+0000] {dag.py:3047} INFO - Sync 1 DAGs
[2026-05-29T11:49:49.143+0000] {logging_mixin.py:188} INFO - [2026-05-29T11:49:49.143+0000] {dag.py:3834} INFO - Setting next_dagrun for inegi_playwright to 2026-05-29 00:00:00+00:00, run_after=2026-05-30 00:00:00+00:00
[2026-05-29T11:49:49.412+0000] {processor.py:183} INFO - Processing /opt/airflow/dags/inegi_playwright_dag.py took 0.719 seconds
[2026-05-29T11:50:21.035+0000] {processor.py:161} INFO - Started process (PID=1551) to work on /opt/airflow/dags/inegi_playwright_dag.py
[2026-05-29T11:50:21.045+0000] {processor.py:830} INFO - Processing file /opt/airflow/dags/inegi_playwright_dag.py for tasks to queue
[2026-05-29T11:50:21.072+0000] {logging_mixin.py:188} INFO - [2026-05-29T11:50:21.070+0000] {dagbag.py:540} INFO - Filling up the DagBag from /opt/airflow/dags/inegi_playwright_dag.py
[2026-05-29T11:50:22.132+0000] {processor.py:840} INFO - DAG(s) 'inegi_playwright' retrieved from /opt/airflow/dags/inegi_playwright_dag.py
[2026-05-29T11:50:22.389+0000] {logging_mixin.py:188} INFO - [2026-05-29T11:50:22.389+0000] {dag.py:3047} INFO - Sync 1 DAGs
[2026-05-29T11:50:22.650+0000] {logging_mixin.py:188} INFO - [2026-05-29T11:50:22.649+0000] {dag.py:3834} INFO - Setting next_dagrun for inegi_playwright to 2026-05-29 00:00:00+00:00, run_after=2026-05-30 00:00:00+00:00
[2026-05-29T11:50:22.708+0000] {processor.py:183} INFO - Processing /opt/airflow/dags/inegi_playwright_dag.py took 1.706 seconds
[2026-05-29T11:50:57.123+0000] {processor.py:161} INFO - Started process (PID=1581) to work on /opt/airflow/dags/inegi_playwright_dag.py
[2026-05-29T11:50:57.182+0000] {processor.py:830} INFO - Processing file /opt/airflow/dags/inegi_playwright_dag.py for tasks to queue
[2026-05-29T11:50:57.186+0000] {logging_mixin.py:188} INFO - [2026-05-29T11:50:57.185+0000] {dagbag.py:540} INFO - Filling up the DagBag from /opt/airflow/dags/inegi_playwright_dag.py
[2026-05-29T11:51:00.162+0000] {processor.py:840} INFO - DAG(s) 'inegi_playwright' retrieved from /opt/airflow/dags/inegi_playwright_dag.py
[2026-05-29T11:51:00.997+0000] {logging_mixin.py:188} INFO - [2026-05-29T11:51:00.984+0000] {dag.py:3047} INFO - Sync 1 DAGs
[2026-05-29T11:51:01.922+0000] {logging_mixin.py:188} INFO - [2026-05-29T11:51:01.921+0000] {dag.py:3834} INFO - Setting next_dagrun for inegi_playwright to 2026-05-29 00:00:00+00:00, run_after=2026-05-30 00:00:00+00:00
[2026-05-29T11:51:04.036+0000] {processor.py:183} INFO - Processing /opt/airflow/dags/inegi_playwright_dag.py took 6.932 seconds
[2026-05-29T11:51:46.867+0000] {processor.py:161} INFO - Started process (PID=1611) to work on /opt/airflow/dags/inegi_playwright_dag.py
[2026-05-29T11:51:46.894+0000] {processor.py:830} INFO - Processing file /opt/airflow/dags/inegi_playwright_dag.py for tasks to queue
[2026-05-29T11:51:47.001+0000] {logging_mixin.py:188} INFO - [2026-05-29T11:51:47.000+0000] {dagbag.py:540} INFO - Filling up the DagBag from /opt/airflow/dags/inegi_playwright_dag.py
[2026-05-29T11:51:51.157+0000] {processor.py:840} INFO - DAG(s) 'inegi_playwright' retrieved from /opt/airflow/dags/inegi_playwright_dag.py
[2026-05-29T11:51:51.429+0000] {logging_mixin.py:188} INFO - [2026-05-29T11:51:51.428+0000] {dag.py:3047} INFO - Sync 1 DAGs
[2026-05-29T11:51:51.844+0000] {logging_mixin.py:188} INFO - [2026-05-29T11:51:51.844+0000] {dag.py:3834} INFO - Setting next_dagrun for inegi_playwright to 2026-05-29 00:00:00+00:00, run_after=2026-05-30 00:00:00+00:00
[2026-05-29T11:51:52.746+0000] {processor.py:183} INFO - Processing /opt/airflow/dags/inegi_playwright_dag.py took 5.899 seconds
[2026-05-29T11:52:23.492+0000] {processor.py:161} INFO - Started process (PID=1643) to work on /opt/airflow/dags/inegi_playwright_dag.py
[2026-05-29T11:52:23.495+0000] {processor.py:830} INFO - Processing file /opt/airflow/dags/inegi_playwright_dag.py for tasks to queue
[2026-05-29T11:52:23.498+0000] {logging_mixin.py:188} INFO - [2026-05-29T11:52:23.497+0000] {dagbag.py:540} INFO - Filling up the DagBag from /opt/airflow/dags/inegi_playwright_dag.py
[2026-05-29T11:52:23.555+0000] {processor.py:840} INFO - DAG(s) 'inegi_playwright' retrieved from /opt/airflow/dags/inegi_playwright_dag.py
[2026-05-29T11:52:23.626+0000] {logging_mixin.py:188} INFO - [2026-05-29T11:52:23.625+0000] {dag.py:3047} INFO - Sync 1 DAGs
[2026-05-29T11:52:23.693+0000] {logging_mixin.py:188} INFO - [2026-05-29T11:52:23.693+0000] {dag.py:3834} INFO - Setting next_dagrun for inegi_playwright to 2026-05-29 00:00:00+00:00, run_after=2026-05-30 00:00:00+00:00
[2026-05-29T11:52:23.800+0000] {processor.py:183} INFO - Processing /opt/airflow/dags/inegi_playwright_dag.py took 0.318 seconds
[2026-05-29T11:52:55.080+0000] {processor.py:161} INFO - Started process (PID=1673) to work on /opt/airflow/dags/inegi_playwright_dag.py
[2026-05-29T11:52:55.083+0000] {processor.py:830} INFO - Processing file /opt/airflow/dags/inegi_playwright_dag.py for tasks to queue
[2026-05-29T11:52:55.096+0000] {logging_mixin.py:188} INFO - [2026-05-29T11:52:55.095+0000] {dagbag.py:540} INFO - Filling up the DagBag from /opt/airflow/dags/inegi_playwright_dag.py
[2026-05-29T11:52:55.197+0000] {processor.py:840} INFO - DAG(s) 'inegi_playwright' retrieved from /opt/airflow/dags/inegi_playwright_dag.py
[2026-05-29T11:52:55.268+0000] {logging_mixin.py:188} INFO - [2026-05-29T11:52:55.267+0000] {dag.py:3047} INFO - Sync 1 DAGs
[2026-05-29T11:52:55.342+0000] {logging_mixin.py:188} INFO - [2026-05-29T11:52:55.342+0000] {dag.py:3834} INFO - Setting next_dagrun for inegi_playwright to 2026-05-29 00:00:00+00:00, run_after=2026-05-30 00:00:00+00:00
[2026-05-29T11:52:55.402+0000] {processor.py:183} INFO - Processing /opt/airflow/dags/inegi_playwright_dag.py took 0.343 seconds
[2026-05-29T11:53:25.516+0000] {processor.py:161} INFO - Started process (PID=1703) to work on /opt/airflow/dags/inegi_playwright_dag.py
[2026-05-29T11:53:25.519+0000] {processor.py:830} INFO - Processing file /opt/airflow/dags/inegi_playwright_dag.py for tasks to queue
[2026-05-29T11:53:25.522+0000] {logging_mixin.py:188} INFO - [2026-05-29T11:53:25.521+0000] {dagbag.py:540} INFO - Filling up the DagBag from /opt/airflow/dags/inegi_playwright_dag.py
[2026-05-29T11:53:25.582+0000] {processor.py:840} INFO - DAG(s) 'inegi_playwright' retrieved from /opt/airflow/dags/inegi_playwright_dag.py
[2026-05-29T11:53:25.654+0000] {logging_mixin.py:188} INFO - [2026-05-29T11:53:25.654+0000] {dag.py:3047} INFO - Sync 1 DAGs
[2026-05-29T11:53:25.723+0000] {logging_mixin.py:188} INFO - [2026-05-29T11:53:25.723+0000] {dag.py:3834} INFO - Setting next_dagrun for inegi_playwright to 2026-05-29 00:00:00+00:00, run_after=2026-05-30 00:00:00+00:00
[2026-05-29T11:53:25.792+0000] {processor.py:183} INFO - Processing /opt/airflow/dags/inegi_playwright_dag.py took 0.288 seconds
[2026-05-29T11:53:56.955+0000] {processor.py:161} INFO - Started process (PID=1733) to work on /opt/airflow/dags/inegi_playwright_dag.py
[2026-05-29T11:53:56.958+0000] {processor.py:830} INFO - Processing file /opt/airflow/dags/inegi_playwright_dag.py for tasks to queue
[2026-05-29T11:53:56.972+0000] {logging_mixin.py:188} INFO - [2026-05-29T11:53:56.971+0000] {dagbag.py:540} INFO - Filling up the DagBag from /opt/airflow/dags/inegi_playwright_dag.py
[2026-05-29T11:53:57.208+0000] {processor.py:840} INFO - DAG(s) 'inegi_playwright' retrieved from /opt/airflow/dags/inegi_playwright_dag.py
[2026-05-29T11:53:57.372+0000] {logging_mixin.py:188} INFO - [2026-05-29T11:53:57.371+0000] {dag.py:3047} INFO - Sync 1 DAGs
[2026-05-29T11:53:57.576+0000] {logging_mixin.py:188} INFO - [2026-05-29T11:53:57.564+0000] {dag.py:3834} INFO - Setting next_dagrun for inegi_playwright to 2026-05-29 00:00:00+00:00, run_after=2026-05-30 00:00:00+00:00
[2026-05-29T11:53:58.045+0000] {processor.py:183} INFO - Processing /opt/airflow/dags/inegi_playwright_dag.py took 1.109 seconds
[2026-05-29T11:54:29.461+0000] {processor.py:161} INFO - Started process (PID=1761) to work on /opt/airflow/dags/inegi_playwright_dag.py
[2026-05-29T11:54:29.467+0000] {processor.py:830} INFO - Processing file /opt/airflow/dags/inegi_playwright_dag.py for tasks to queue
[2026-05-29T11:54:29.490+0000] {logging_mixin.py:188} INFO - [2026-05-29T11:54:29.489+0000] {dagbag.py:540} INFO - Filling up the DagBag from /opt/airflow/dags/inegi_playwright_dag.py
[2026-05-29T11:54:31.365+0000] {processor.py:840} INFO - DAG(s) 'inegi_playwright' retrieved from /opt/airflow/dags/inegi_playwright_dag.py
[2026-05-29T11:54:31.450+0000] {logging_mixin.py:188} INFO - [2026-05-29T11:54:31.450+0000] {dag.py:3047} INFO - Sync 1 DAGs
[2026-05-29T11:54:32.989+0000] {logging_mixin.py:188} INFO - [2026-05-29T11:54:32.988+0000] {dag.py:3834} INFO - Setting next_dagrun for inegi_playwright to 2026-05-29 00:00:00+00:00, run_after=2026-05-30 00:00:00+00:00
[2026-05-29T11:54:34.885+0000] {processor.py:183} INFO - Processing /opt/airflow/dags/inegi_playwright_dag.py took 5.448 seconds
[2026-05-29T11:55:05.971+0000] {processor.py:161} INFO - Started process (PID=1793) to work on /opt/airflow/dags/inegi_playwright_dag.py
[2026-05-29T11:55:05.979+0000] {processor.py:830} INFO - Processing file /opt/airflow/dags/inegi_playwright_dag.py for tasks to queue
[2026-05-29T11:55:05.983+0000] {logging_mixin.py:188} INFO - [2026-05-29T11:55:05.982+0000] {dagbag.py:540} INFO - Filling up the DagBag from /opt/airflow/dags/inegi_playwright_dag.py
[2026-05-29T11:55:06.046+0000] {processor.py:840} INFO - DAG(s) 'inegi_playwright' retrieved from /opt/airflow/dags/inegi_playwright_dag.py
[2026-05-29T11:55:06.119+0000] {logging_mixin.py:188} INFO - [2026-05-29T11:55:06.119+0000] {dag.py:3047} INFO - Sync 1 DAGs
[2026-05-29T11:55:06.186+0000] {logging_mixin.py:188} INFO - [2026-05-29T11:55:06.185+0000] {dag.py:3834} INFO - Setting next_dagrun for inegi_playwright to 2026-05-29 00:00:00+00:00, run_after=2026-05-30 00:00:00+00:00
[2026-05-29T11:55:06.243+0000] {processor.py:183} INFO - Processing /opt/airflow/dags/inegi_playwright_dag.py took 0.293 seconds
[2026-05-29T11:55:36.716+0000] {processor.py:161} INFO - Started process (PID=1823) to work on /opt/airflow/dags/inegi_playwright_dag.py
[2026-05-29T11:55:36.719+0000] {processor.py:830} INFO - Processing file /opt/airflow/dags/inegi_playwright_dag.py for tasks to queue
[2026-05-29T11:55:36.725+0000] {logging_mixin.py:188} INFO - [2026-05-29T11:55:36.724+0000] {dagbag.py:540} INFO - Filling up the DagBag from /opt/airflow/dags/inegi_playwright_dag.py
[2026-05-29T11:55:36.899+0000] {processor.py:840} INFO - DAG(s) 'inegi_playwright' retrieved from /opt/airflow/dags/inegi_playwright_dag.py
[2026-05-29T11:55:36.991+0000] {logging_mixin.py:188} INFO - [2026-05-29T11:55:36.990+0000] {dag.py:3047} INFO - Sync 1 DAGs
[2026-05-29T11:55:37.055+0000] {logging_mixin.py:188} INFO - [2026-05-29T11:55:37.055+0000] {dag.py:3834} INFO - Setting next_dagrun for inegi_playwright to 2026-05-29 00:00:00+00:00, run_after=2026-05-30 00:00:00+00:00
[2026-05-29T11:55:37.110+0000] {processor.py:183} INFO - Processing /opt/airflow/dags/inegi_playwright_dag.py took 0.405 seconds
[2026-05-29T11:56:07.473+0000] {processor.py:161} INFO - Started process (PID=1851) to work on /opt/airflow/dags/inegi_playwright_dag.py
[2026-05-29T11:56:07.486+0000] {processor.py:830} INFO - Processing file /opt/airflow/dags/inegi_playwright_dag.py for tasks to queue
[2026-05-29T11:56:07.490+0000] {logging_mixin.py:188} INFO - [2026-05-29T11:56:07.489+0000] {dagbag.py:540} INFO - Filling up the DagBag from /opt/airflow/dags/inegi_playwright_dag.py
[2026-05-29T11:56:07.620+0000] {processor.py:840} INFO - DAG(s) 'inegi_playwright' retrieved from /opt/airflow/dags/inegi_playwright_dag.py
[2026-05-29T11:56:07.737+0000] {logging_mixin.py:188} INFO - [2026-05-29T11:56:07.736+0000] {dag.py:3047} INFO - Sync 1 DAGs
[2026-05-29T11:56:07.944+0000] {logging_mixin.py:188} INFO - [2026-05-29T11:56:07.943+0000] {dag.py:3834} INFO - Setting next_dagrun for inegi_playwright to 2026-05-29 00:00:00+00:00, run_after=2026-05-30 00:00:00+00:00
[2026-05-29T11:56:08.209+0000] {processor.py:183} INFO - Processing /opt/airflow/dags/inegi_playwright_dag.py took 0.760 seconds
[2026-05-29T11:56:39.757+0000] {processor.py:161} INFO - Started process (PID=1881) to work on /opt/airflow/dags/inegi_playwright_dag.py
[2026-05-29T11:56:39.773+0000] {processor.py:830} INFO - Processing file /opt/airflow/dags/inegi_playwright_dag.py for tasks to queue
[2026-05-29T11:56:39.777+0000] {logging_mixin.py:188} INFO - [2026-05-29T11:56:39.776+0000] {dagbag.py:540} INFO - Filling up the DagBag from /opt/airflow/dags/inegi_playwright_dag.py
[2026-05-29T11:56:40.759+0000] {processor.py:840} INFO - DAG(s) 'inegi_playwright' retrieved from /opt/airflow/dags/inegi_playwright_dag.py
[2026-05-29T11:56:41.018+0000] {logging_mixin.py:188} INFO - [2026-05-29T11:56:41.017+0000] {dag.py:3047} INFO - Sync 1 DAGs
[2026-05-29T11:56:41.254+0000] {logging_mixin.py:188} INFO - [2026-05-29T11:56:41.242+0000] {dag.py:3834} INFO - Setting next_dagrun for inegi_playwright to 2026-05-29 00:00:00+00:00, run_after=2026-05-30 00:00:00+00:00
[2026-05-29T11:56:41.572+0000] {processor.py:183} INFO - Processing /opt/airflow/dags/inegi_playwright_dag.py took 1.837 seconds
[2026-05-29T11:57:12.319+0000] {processor.py:161} INFO - Started process (PID=1911) to work on /opt/airflow/dags/inegi_playwright_dag.py
[2026-05-29T11:57:12.325+0000] {processor.py:830} INFO - Processing file /opt/airflow/dags/inegi_playwright_dag.py for tasks to queue
[2026-05-29T11:57:12.329+0000] {logging_mixin.py:188} INFO - [2026-05-29T11:57:12.327+0000] {dagbag.py:540} INFO - Filling up the DagBag from /opt/airflow/dags/inegi_playwright_dag.py
[2026-05-29T11:57:12.399+0000] {processor.py:840} INFO - DAG(s) 'inegi_playwright' retrieved from /opt/airflow/dags/inegi_playwright_dag.py
[2026-05-29T11:57:12.492+0000] {logging_mixin.py:188} INFO - [2026-05-29T11:57:12.491+0000] {dag.py:3047} INFO - Sync 1 DAGs
[2026-05-29T11:57:12.582+0000] {logging_mixin.py:188} INFO - [2026-05-29T11:57:12.581+0000] {dag.py:3834} INFO - Setting next_dagrun for inegi_playwright to 2026-05-29 00:00:00+00:00, run_after=2026-05-30 00:00:00+00:00
[2026-05-29T11:57:12.651+0000] {processor.py:183} INFO - Processing /opt/airflow/dags/inegi_playwright_dag.py took 0.347 seconds
[2026-05-29T11:57:42.916+0000] {processor.py:161} INFO - Started process (PID=1941) to work on /opt/airflow/dags/inegi_playwright_dag.py
[2026-05-29T11:57:42.922+0000] {processor.py:830} INFO - Processing file /opt/airflow/dags/inegi_playwright_dag.py for tasks to queue
[2026-05-29T11:57:42.928+0000] {logging_mixin.py:188} INFO - [2026-05-29T11:57:42.927+0000] {dagbag.py:540} INFO - Filling up the DagBag from /opt/airflow/dags/inegi_playwright_dag.py
[2026-05-29T11:57:42.989+0000] {processor.py:840} INFO - DAG(s) 'inegi_playwright' retrieved from /opt/airflow/dags/inegi_playwright_dag.py
[2026-05-29T11:57:43.063+0000] {logging_mixin.py:188} INFO - [2026-05-29T11:57:43.062+0000] {dag.py:3047} INFO - Sync 1 DAGs
[2026-05-29T11:57:43.376+0000] {logging_mixin.py:188} INFO - [2026-05-29T11:57:43.376+0000] {dag.py:3834} INFO - Setting next_dagrun for inegi_playwright to 2026-05-29 00:00:00+00:00, run_after=2026-05-30 00:00:00+00:00
[2026-05-29T11:57:43.721+0000] {processor.py:183} INFO - Processing /opt/airflow/dags/inegi_playwright_dag.py took 0.818 seconds
[2026-05-29T11:58:14.546+0000] {processor.py:161} INFO - Started process (PID=1973) to work on /opt/airflow/dags/inegi_playwright_dag.py
[2026-05-29T11:58:14.549+0000] {processor.py:830} INFO - Processing file /opt/airflow/dags/inegi_playwright_dag.py for tasks to queue
[2026-05-29T11:58:14.552+0000] {logging_mixin.py:188} INFO - [2026-05-29T11:58:14.551+0000] {dagbag.py:540} INFO - Filling up the DagBag from /opt/airflow/dags/inegi_playwright_dag.py
[2026-05-29T11:58:14.608+0000] {processor.py:840} INFO - DAG(s) 'inegi_playwright' retrieved from /opt/airflow/dags/inegi_playwright_dag.py
[2026-05-29T11:58:14.678+0000] {logging_mixin.py:188} INFO - [2026-05-29T11:58:14.677+0000] {dag.py:3047} INFO - Sync 1 DAGs
[2026-05-29T11:58:14.741+0000] {logging_mixin.py:188} INFO - [2026-05-29T11:58:14.740+0000] {dag.py:3834} INFO - Setting next_dagrun for inegi_playwright to 2026-05-29 00:00:00+00:00, run_after=2026-05-30 00:00:00+00:00
[2026-05-29T11:58:14.796+0000] {processor.py:183} INFO - Processing /opt/airflow/dags/inegi_playwright_dag.py took 0.263 seconds
[2026-05-29T11:58:45.201+0000] {processor.py:161} INFO - Started process (PID=2001) to work on /opt/airflow/dags/inegi_playwright_dag.py
[2026-05-29T11:58:45.205+0000] {processor.py:830} INFO - Processing file /opt/airflow/dags/inegi_playwright_dag.py for tasks to queue
[2026-05-29T11:58:45.208+0000] {logging_mixin.py:188} INFO - [2026-05-29T11:58:45.207+0000] {dagbag.py:540} INFO - Filling up the DagBag from /opt/airflow/dags/inegi_playwright_dag.py
[2026-05-29T11:58:45.301+0000] {processor.py:840} INFO - DAG(s) 'inegi_playwright' retrieved from /opt/airflow/dags/inegi_playwright_dag.py
[2026-05-29T11:58:45.371+0000] {logging_mixin.py:188} INFO - [2026-05-29T11:58:45.371+0000] {dag.py:3047} INFO - Sync 1 DAGs
[2026-05-29T11:58:45.441+0000] {logging_mixin.py:188} INFO - [2026-05-29T11:58:45.441+0000] {dag.py:3834} INFO - Setting next_dagrun for inegi_playwright to 2026-05-29 00:00:00+00:00, run_after=2026-05-30 00:00:00+00:00
[2026-05-29T11:58:45.493+0000] {processor.py:183} INFO - Processing /opt/airflow/dags/inegi_playwright_dag.py took 0.303 seconds
[2026-05-29T11:59:15.752+0000] {processor.py:161} INFO - Started process (PID=2033) to work on /opt/airflow/dags/inegi_playwright_dag.py
[2026-05-29T11:59:15.765+0000] {processor.py:830} INFO - Processing file /opt/airflow/dags/inegi_playwright_dag.py for tasks to queue
[2026-05-29T11:59:15.777+0000] {logging_mixin.py:188} INFO - [2026-05-29T11:59:15.775+0000] {dagbag.py:540} INFO - Filling up the DagBag from /opt/airflow/dags/inegi_playwright_dag.py
[2026-05-29T11:59:16.165+0000] {processor.py:840} INFO - DAG(s) 'inegi_playwright' retrieved from /opt/airflow/dags/inegi_playwright_dag.py
[2026-05-29T11:59:16.375+0000] {logging_mixin.py:188} INFO - [2026-05-29T11:59:16.374+0000] {dag.py:3047} INFO - Sync 1 DAGs
[2026-05-29T11:59:16.540+0000] {logging_mixin.py:188} INFO - [2026-05-29T11:59:16.539+0000] {dag.py:3834} INFO - Setting next_dagrun for inegi_playwright to 2026-05-29 00:00:00+00:00, run_after=2026-05-30 00:00:00+00:00
[2026-05-29T11:59:16.616+0000] {processor.py:183} INFO - Processing /opt/airflow/dags/inegi_playwright_dag.py took 0.883 seconds
[2026-05-29T11:59:48.410+0000] {processor.py:161} INFO - Started process (PID=2061) to work on /opt/airflow/dags/inegi_playwright_dag.py
[2026-05-29T11:59:48.445+0000] {processor.py:830} INFO - Processing file /opt/airflow/dags/inegi_playwright_dag.py for tasks to queue
[2026-05-29T11:59:48.459+0000] {logging_mixin.py:188} INFO - [2026-05-29T11:59:48.458+0000] {dagbag.py:540} INFO - Filling up the DagBag from /opt/airflow/dags/inegi_playwright_dag.py
[2026-05-29T11:59:48.988+0000] {processor.py:840} INFO - DAG(s) 'inegi_playwright' retrieved from /opt/airflow/dags/inegi_playwright_dag.py
[2026-05-29T11:59:49.163+0000] {logging_mixin.py:188} INFO - [2026-05-29T11:59:49.150+0000] {dag.py:3047} INFO - Sync 1 DAGs
[2026-05-29T11:59:49.398+0000] {logging_mixin.py:188} INFO - [2026-05-29T11:59:49.398+0000] {dag.py:3834} INFO - Setting next_dagrun for inegi_playwright to 2026-05-29 00:00:00+00:00, run_after=2026-05-30 00:00:00+00:00
[2026-05-29T11:59:49.598+0000] {processor.py:183} INFO - Processing /opt/airflow/dags/inegi_playwright_dag.py took 1.220 seconds
[2026-05-29T12:00:22.120+0000] {processor.py:161} INFO - Started process (PID=2091) to work on /opt/airflow/dags/inegi_playwright_dag.py
[2026-05-29T12:00:22.169+0000] {processor.py:830} INFO - Processing file /opt/airflow/dags/inegi_playwright_dag.py for tasks to queue
[2026-05-29T12:00:22.202+0000] {logging_mixin.py:188} INFO - [2026-05-29T12:00:22.199+0000] {dagbag.py:540} INFO - Filling up the DagBag from /opt/airflow/dags/inegi_playwright_dag.py
[2026-05-29T12:00:23.224+0000] {processor.py:840} INFO - DAG(s) 'inegi_playwright' retrieved from /opt/airflow/dags/inegi_playwright_dag.py
[2026-05-29T12:00:23.323+0000] {logging_mixin.py:188} INFO - [2026-05-29T12:00:23.322+0000] {dag.py:3047} INFO - Sync 1 DAGs
[2026-05-29T12:00:23.467+0000] {logging_mixin.py:188} INFO - [2026-05-29T12:00:23.466+0000] {dag.py:3834} INFO - Setting next_dagrun for inegi_playwright to 2026-05-29 00:00:00+00:00, run_after=2026-05-30 00:00:00+00:00
[2026-05-29T12:00:23.740+0000] {processor.py:183} INFO - Processing /opt/airflow/dags/inegi_playwright_dag.py took 1.707 seconds
[2026-05-29T12:00:55.089+0000] {processor.py:161} INFO - Started process (PID=2121) to work on /opt/airflow/dags/inegi_playwright_dag.py
[2026-05-29T12:00:55.107+0000] {processor.py:830} INFO - Processing file /opt/airflow/dags/inegi_playwright_dag.py for tasks to queue
[2026-05-29T12:00:55.117+0000] {logging_mixin.py:188} INFO - [2026-05-29T12:00:55.109+0000] {dagbag.py:540} INFO - Filling up the DagBag from /opt/airflow/dags/inegi_playwright_dag.py
[2026-05-29T12:00:55.597+0000] {processor.py:840} INFO - DAG(s) 'inegi_playwright' retrieved from /opt/airflow/dags/inegi_playwright_dag.py
[2026-05-29T12:00:56.372+0000] {logging_mixin.py:188} INFO - [2026-05-29T12:00:56.282+0000] {dag.py:3047} INFO - Sync 1 DAGs
[2026-05-29T12:00:56.795+0000] {logging_mixin.py:188} INFO - [2026-05-29T12:00:56.794+0000] {dag.py:3834} INFO - Setting next_dagrun for inegi_playwright to 2026-05-29 00:00:00+00:00, run_after=2026-05-30 00:00:00+00:00
[2026-05-29T12:00:56.986+0000] {processor.py:183} INFO - Processing /opt/airflow/dags/inegi_playwright_dag.py took 1.918 seconds
[2026-05-29T12:01:28.041+0000] {processor.py:161} INFO - Started process (PID=2151) to work on /opt/airflow/dags/inegi_playwright_dag.py
[2026-05-29T12:01:28.045+0000] {processor.py:830} INFO - Processing file /opt/airflow/dags/inegi_playwright_dag.py for tasks to queue
[2026-05-29T12:01:28.050+0000] {logging_mixin.py:188} INFO - [2026-05-29T12:01:28.049+0000] {dagbag.py:540} INFO - Filling up the DagBag from /opt/airflow/dags/inegi_playwright_dag.py
[2026-05-29T12:01:28.167+0000] {processor.py:840} INFO - DAG(s) 'inegi_playwright' retrieved from /opt/airflow/dags/inegi_playwright_dag.py
[2026-05-29T12:01:28.304+0000] {logging_mixin.py:188} INFO - [2026-05-29T12:01:28.303+0000] {dag.py:3047} INFO - Sync 1 DAGs
[2026-05-29T12:01:28.385+0000] {logging_mixin.py:188} INFO - [2026-05-29T12:01:28.385+0000] {dag.py:3834} INFO - Setting next_dagrun for inegi_playwright to 2026-05-29 00:00:00+00:00, run_after=2026-05-30 00:00:00+00:00
[2026-05-29T12:01:28.739+0000] {processor.py:183} INFO - Processing /opt/airflow/dags/inegi_playwright_dag.py took 0.730 seconds
[2026-05-29T12:01:59.580+0000] {processor.py:161} INFO - Started process (PID=2181) to work on /opt/airflow/dags/inegi_playwright_dag.py
[2026-05-29T12:01:59.595+0000] {processor.py:830} INFO - Processing file /opt/airflow/dags/inegi_playwright_dag.py for tasks to queue
[2026-05-29T12:01:59.607+0000] {logging_mixin.py:188} INFO - [2026-05-29T12:01:59.598+0000] {dagbag.py:540} INFO - Filling up the DagBag from /opt/airflow/dags/inegi_playwright_dag.py
[2026-05-29T12:02:00.611+0000] {processor.py:840} INFO - DAG(s) 'inegi_playwright' retrieved from /opt/airflow/dags/inegi_playwright_dag.py
[2026-05-29T12:02:01.076+0000] {logging_mixin.py:188} INFO - [2026-05-29T12:02:01.075+0000] {dag.py:3047} INFO - Sync 1 DAGs
[2026-05-29T12:02:01.453+0000] {logging_mixin.py:188} INFO - [2026-05-29T12:02:01.452+0000] {dag.py:3834} INFO - Setting next_dagrun for inegi_playwright to 2026-05-29 00:00:00+00:00, run_after=2026-05-30 00:00:00+00:00
[2026-05-29T12:02:01.672+0000] {processor.py:183} INFO - Processing /opt/airflow/dags/inegi_playwright_dag.py took 2.114 seconds
[2026-05-29T12:02:32.249+0000] {processor.py:161} INFO - Started process (PID=2211) to work on /opt/airflow/dags/inegi_playwright_dag.py
[2026-05-29T12:02:32.253+0000] {processor.py:830} INFO - Processing file /opt/airflow/dags/inegi_playwright_dag.py for tasks to queue
[2026-05-29T12:02:32.256+0000] {logging_mixin.py:188} INFO - [2026-05-29T12:02:32.255+0000] {dagbag.py:540} INFO - Filling up the DagBag from /opt/airflow/dags/inegi_playwright_dag.py
[2026-05-29T12:02:32.338+0000] {processor.py:840} INFO - DAG(s) 'inegi_playwright' retrieved from /opt/airflow/dags/inegi_playwright_dag.py
[2026-05-29T12:02:32.443+0000] {logging_mixin.py:188} INFO - [2026-05-29T12:02:32.442+0000] {dag.py:3047} INFO - Sync 1 DAGs
[2026-05-29T12:02:32.659+0000] {logging_mixin.py:188} INFO - [2026-05-29T12:02:32.658+0000] {dag.py:3834} INFO - Setting next_dagrun for inegi_playwright to 2026-05-29 00:00:00+00:00, run_after=2026-05-30 00:00:00+00:00
[2026-05-29T12:02:32.737+0000] {processor.py:183} INFO - Processing /opt/airflow/dags/inegi_playwright_dag.py took 0.500 seconds
[2026-05-29T12:03:03.231+0000] {processor.py:161} INFO - Started process (PID=2241) to work on /opt/airflow/dags/inegi_playwright_dag.py
[2026-05-29T12:03:03.238+0000] {processor.py:830} INFO - Processing file /opt/airflow/dags/inegi_playwright_dag.py for tasks to queue
[2026-05-29T12:03:03.246+0000] {logging_mixin.py:188} INFO - [2026-05-29T12:03:03.244+0000] {dagbag.py:540} INFO - Filling up the DagBag from /opt/airflow/dags/inegi_playwright_dag.py
[2026-05-29T12:03:03.496+0000] {processor.py:840} INFO - DAG(s) 'inegi_playwright' retrieved from /opt/airflow/dags/inegi_playwright_dag.py
[2026-05-29T12:03:03.858+0000] {logging_mixin.py:188} INFO - [2026-05-29T12:03:03.857+0000] {dag.py:3047} INFO - Sync 1 DAGs
[2026-05-29T12:03:04.083+0000] {logging_mixin.py:188} INFO - [2026-05-29T12:03:04.083+0000] {dag.py:3834} INFO - Setting next_dagrun for inegi_playwright to 2026-05-29 00:00:00+00:00, run_after=2026-05-30 00:00:00+00:00
[2026-05-29T12:03:04.412+0000] {processor.py:183} INFO - Processing /opt/airflow/dags/inegi_playwright_dag.py took 1.225 seconds
[2026-05-29T12:03:34.664+0000] {processor.py:161} INFO - Started process (PID=2271) to work on /opt/airflow/dags/inegi_playwright_dag.py
[2026-05-29T12:03:34.667+0000] {processor.py:830} INFO - Processing file /opt/airflow/dags/inegi_playwright_dag.py for tasks to queue
[2026-05-29T12:03:34.672+0000] {logging_mixin.py:188} INFO - [2026-05-29T12:03:34.671+0000] {dagbag.py:540} INFO - Filling up the DagBag from /opt/airflow/dags/inegi_playwright_dag.py
[2026-05-29T12:03:34.748+0000] {processor.py:840} INFO - DAG(s) 'inegi_playwright' retrieved from /opt/airflow/dags/inegi_playwright_dag.py
[2026-05-29T12:03:34.830+0000] {logging_mixin.py:188} INFO - [2026-05-29T12:03:34.829+0000] {dag.py:3047} INFO - Sync 1 DAGs
[2026-05-29T12:03:34.920+0000] {logging_mixin.py:188} INFO - [2026-05-29T12:03:34.915+0000] {dag.py:3834} INFO - Setting next_dagrun for inegi_playwright to 2026-05-29 00:00:00+00:00, run_after=2026-05-30 00:00:00+00:00
[2026-05-29T12:03:34.981+0000] {processor.py:183} INFO - Processing /opt/airflow/dags/inegi_playwright_dag.py took 0.331 seconds
[2026-05-29T12:04:05.400+0000] {processor.py:161} INFO - Started process (PID=2301) to work on /opt/airflow/dags/inegi_playwright_dag.py
[2026-05-29T12:04:05.404+0000] {processor.py:830} INFO - Processing file /opt/airflow/dags/inegi_playwright_dag.py for tasks to queue
[2026-05-29T12:04:05.411+0000] {logging_mixin.py:188} INFO - [2026-05-29T12:04:05.409+0000] {dagbag.py:540} INFO - Filling up the DagBag from /opt/airflow/dags/inegi_playwright_dag.py
[2026-05-29T12:04:05.483+0000] {processor.py:840} INFO - DAG(s) 'inegi_playwright' retrieved from /opt/airflow/dags/inegi_playwright_dag.py
[2026-05-29T12:04:05.564+0000] {logging_mixin.py:188} INFO - [2026-05-29T12:04:05.563+0000] {dag.py:3047} INFO - Sync 1 DAGs
[2026-05-29T12:04:05.634+0000] {logging_mixin.py:188} INFO - [2026-05-29T12:04:05.633+0000] {dag.py:3834} INFO - Setting next_dagrun for inegi_playwright to 2026-05-29 00:00:00+00:00, run_after=2026-05-30 00:00:00+00:00
[2026-05-29T12:04:05.808+0000] {processor.py:183} INFO - Processing /opt/airflow/dags/inegi_playwright_dag.py took 0.426 seconds
[2026-05-29T12:04:36.980+0000] {processor.py:161} INFO - Started process (PID=2331) to work on /opt/airflow/dags/inegi_playwright_dag.py
[2026-05-29T12:04:36.984+0000] {processor.py:830} INFO - Processing file /opt/airflow/dags/inegi_playwright_dag.py for tasks to queue
[2026-05-29T12:04:36.987+0000] {logging_mixin.py:188} INFO - [2026-05-29T12:04:36.987+0000] {dagbag.py:540} INFO - Filling up the DagBag from /opt/airflow/dags/inegi_playwright_dag.py
[2026-05-29T12:04:37.070+0000] {processor.py:840} INFO - DAG(s) 'inegi_playwright' retrieved from /opt/airflow/dags/inegi_playwright_dag.py
[2026-05-29T12:04:37.155+0000] {logging_mixin.py:188} INFO - [2026-05-29T12:04:37.154+0000] {dag.py:3047} INFO - Sync 1 DAGs
[2026-05-29T12:04:37.232+0000] {logging_mixin.py:188} INFO - [2026-05-29T12:04:37.231+0000] {dag.py:3834} INFO - Setting next_dagrun for inegi_playwright to 2026-05-29 00:00:00+00:00, run_after=2026-05-30 00:00:00+00:00
[2026-05-29T12:04:37.471+0000] {processor.py:183} INFO - Processing /opt/airflow/dags/inegi_playwright_dag.py took 0.501 seconds
[2026-05-29T12:05:07.830+0000] {processor.py:161} INFO - Started process (PID=2361) to work on /opt/airflow/dags/inegi_playwright_dag.py
[2026-05-29T12:05:07.835+0000] {processor.py:830} INFO - Processing file /opt/airflow/dags/inegi_playwright_dag.py for tasks to queue
[2026-05-29T12:05:07.838+0000] {logging_mixin.py:188} INFO - [2026-05-29T12:05:07.837+0000] {dagbag.py:540} INFO - Filling up the DagBag from /opt/airflow/dags/inegi_playwright_dag.py
[2026-05-29T12:05:07.925+0000] {processor.py:840} INFO - DAG(s) 'inegi_playwright' retrieved from /opt/airflow/dags/inegi_playwright_dag.py
[2026-05-29T12:05:08.016+0000] {logging_mixin.py:188} INFO - [2026-05-29T12:05:08.016+0000] {dag.py:3047} INFO - Sync 1 DAGs
[2026-05-29T12:05:08.102+0000] {logging_mixin.py:188} INFO - [2026-05-29T12:05:08.101+0000] {dag.py:3834} INFO - Setting next_dagrun for inegi_playwright to 2026-05-29 00:00:00+00:00, run_after=2026-05-30 00:00:00+00:00
[2026-05-29T12:05:08.341+0000] {processor.py:183} INFO - Processing /opt/airflow/dags/inegi_playwright_dag.py took 0.527 seconds
[2026-05-29T12:05:39.369+0000] {processor.py:161} INFO - Started process (PID=2391) to work on /opt/airflow/dags/inegi_playwright_dag.py
[2026-05-29T12:05:39.373+0000] {processor.py:830} INFO - Processing file /opt/airflow/dags/inegi_playwright_dag.py for tasks to queue
[2026-05-29T12:05:39.378+0000] {logging_mixin.py:188} INFO - [2026-05-29T12:05:39.377+0000] {dagbag.py:540} INFO - Filling up the DagBag from /opt/airflow/dags/inegi_playwright_dag.py
[2026-05-29T12:05:39.454+0000] {processor.py:840} INFO - DAG(s) 'inegi_playwright' retrieved from /opt/airflow/dags/inegi_playwright_dag.py
[2026-05-29T12:05:39.527+0000] {logging_mixin.py:188} INFO - [2026-05-29T12:05:39.526+0000] {dag.py:3047} INFO - Sync 1 DAGs
[2026-05-29T12:05:39.599+0000] {logging_mixin.py:188} INFO - [2026-05-29T12:05:39.599+0000] {dag.py:3834} INFO - Setting next_dagrun for inegi_playwright to 2026-05-29 00:00:00+00:00, run_after=2026-05-30 00:00:00+00:00
[2026-05-29T12:05:39.652+0000] {processor.py:183} INFO - Processing /opt/airflow/dags/inegi_playwright_dag.py took 0.293 seconds
[2026-05-29T12:06:09.879+0000] {processor.py:161} INFO - Started process (PID=2421) to work on /opt/airflow/dags/inegi_playwright_dag.py
[2026-05-29T12:06:09.913+0000] {processor.py:830} INFO - Processing file /opt/airflow/dags/inegi_playwright_dag.py for tasks to queue
[2026-05-29T12:06:09.918+0000] {logging_mixin.py:188} INFO - [2026-05-29T12:06:09.917+0000] {dagbag.py:540} INFO - Filling up the DagBag from /opt/airflow/dags/inegi_playwright_dag.py
[2026-05-29T12:06:10.074+0000] {processor.py:840} INFO - DAG(s) 'inegi_playwright' retrieved from /opt/airflow/dags/inegi_playwright_dag.py
[2026-05-29T12:06:10.181+0000] {logging_mixin.py:188} INFO - [2026-05-29T12:06:10.181+0000] {dag.py:3047} INFO - Sync 1 DAGs
[2026-05-29T12:06:10.333+0000] {logging_mixin.py:188} INFO - [2026-05-29T12:06:10.332+0000] {dag.py:3834} INFO - Setting next_dagrun for inegi_playwright to 2026-05-29 00:00:00+00:00, run_after=2026-05-30 00:00:00+00:00
[2026-05-29T12:06:10.552+0000] {processor.py:183} INFO - Processing /opt/airflow/dags/inegi_playwright_dag.py took 0.696 seconds
[2026-05-29T12:06:42.235+0000] {processor.py:161} INFO - Started process (PID=2451) to work on /opt/airflow/dags/inegi_playwright_dag.py
[2026-05-29T12:06:42.248+0000] {processor.py:830} INFO - Processing file /opt/airflow/dags/inegi_playwright_dag.py for tasks to queue
[2026-05-29T12:06:42.254+0000] {logging_mixin.py:188} INFO - [2026-05-29T12:06:42.253+0000] {dagbag.py:540} INFO - Filling up the DagBag from /opt/airflow/dags/inegi_playwright_dag.py
[2026-05-29T12:06:42.616+0000] {processor.py:840} INFO - DAG(s) 'inegi_playwright' retrieved from /opt/airflow/dags/inegi_playwright_dag.py
[2026-05-29T12:06:42.703+0000] {logging_mixin.py:188} INFO - [2026-05-29T12:06:42.702+0000] {dag.py:3047} INFO - Sync 1 DAGs
[2026-05-29T12:06:42.812+0000] {logging_mixin.py:188} INFO - [2026-05-29T12:06:42.811+0000] {dag.py:3834} INFO - Setting next_dagrun for inegi_playwright to 2026-05-29 00:00:00+00:00, run_after=2026-05-30 00:00:00+00:00
[2026-05-29T12:06:42.892+0000] {processor.py:183} INFO - Processing /opt/airflow/dags/inegi_playwright_dag.py took 0.676 seconds
[2026-05-29T12:07:13.812+0000] {processor.py:161} INFO - Started process (PID=2481) to work on /opt/airflow/dags/inegi_playwright_dag.py
[2026-05-29T12:07:13.816+0000] {processor.py:830} INFO - Processing file /opt/airflow/dags/inegi_playwright_dag.py for tasks to queue
[2026-05-29T12:07:13.824+0000] {logging_mixin.py:188} INFO - [2026-05-29T12:07:13.823+0000] {dagbag.py:540} INFO - Filling up the DagBag from /opt/airflow/dags/inegi_playwright_dag.py
[2026-05-29T12:07:13.903+0000] {processor.py:840} INFO - DAG(s) 'inegi_playwright' retrieved from /opt/airflow/dags/inegi_playwright_dag.py
[2026-05-29T12:07:14.029+0000] {logging_mixin.py:188} INFO - [2026-05-29T12:07:14.022+0000] {dag.py:3047} INFO - Sync 1 DAGs
[2026-05-29T12:07:14.184+0000] {logging_mixin.py:188} INFO - [2026-05-29T12:07:14.184+0000] {dag.py:3834} INFO - Setting next_dagrun for inegi_playwright to 2026-05-29 00:00:00+00:00, run_after=2026-05-30 00:00:00+00:00
[2026-05-29T12:07:14.291+0000] {processor.py:183} INFO - Processing /opt/airflow/dags/inegi_playwright_dag.py took 0.501 seconds
[2026-05-29T12:07:44.905+0000] {processor.py:161} INFO - Started process (PID=2511) to work on /opt/airflow/dags/inegi_playwright_dag.py
[2026-05-29T12:07:44.909+0000] {processor.py:830} INFO - Processing file /opt/airflow/dags/inegi_playwright_dag.py for tasks to queue
[2026-05-29T12:07:44.913+0000] {logging_mixin.py:188} INFO - [2026-05-29T12:07:44.912+0000] {dagbag.py:540} INFO - Filling up the DagBag from /opt/airflow/dags/inegi_playwright_dag.py
[2026-05-29T12:07:44.981+0000] {processor.py:840} INFO - DAG(s) 'inegi_playwright' retrieved from /opt/airflow/dags/inegi_playwright_dag.py
[2026-05-29T12:07:45.078+0000] {logging_mixin.py:188} INFO - [2026-05-29T12:07:45.077+0000] {dag.py:3047} INFO - Sync 1 DAGs
[2026-05-29T12:07:45.166+0000] {logging_mixin.py:188} INFO - [2026-05-29T12:07:45.165+0000] {dag.py:3834} INFO - Setting next_dagrun for inegi_playwright to 2026-05-29 00:00:00+00:00, run_after=2026-05-30 00:00:00+00:00
[2026-05-29T12:07:45.235+0000] {processor.py:183} INFO - Processing /opt/airflow/dags/inegi_playwright_dag.py took 0.344 seconds
[2026-05-29T12:08:16.094+0000] {processor.py:161} INFO - Started process (PID=2541) to work on /opt/airflow/dags/inegi_playwright_dag.py
[2026-05-29T12:08:16.102+0000] {processor.py:830} INFO - Processing file /opt/airflow/dags/inegi_playwright_dag.py for tasks to queue
[2026-05-29T12:08:16.109+0000] {logging_mixin.py:188} INFO - [2026-05-29T12:08:16.107+0000] {dagbag.py:540} INFO - Filling up the DagBag from /opt/airflow/dags/inegi_playwright_dag.py
[2026-05-29T12:08:16.437+0000] {processor.py:840} INFO - DAG(s) 'inegi_playwright' retrieved from /opt/airflow/dags/inegi_playwright_dag.py
[2026-05-29T12:08:17.050+0000] {logging_mixin.py:188} INFO - [2026-05-29T12:08:17.049+0000] {dag.py:3047} INFO - Sync 1 DAGs
[2026-05-29T12:08:17.371+0000] {logging_mixin.py:188} INFO - [2026-05-29T12:08:17.370+0000] {dag.py:3834} INFO - Setting next_dagrun for inegi_playwright to 2026-05-29 00:00:00+00:00, run_after=2026-05-30 00:00:00+00:00
[2026-05-29T12:08:17.540+0000] {processor.py:183} INFO - Processing /opt/airflow/dags/inegi_playwright_dag.py took 1.496 seconds
[2026-05-29T12:08:48.545+0000] {processor.py:161} INFO - Started process (PID=2571) to work on /opt/airflow/dags/inegi_playwright_dag.py
[2026-05-29T12:08:48.549+0000] {processor.py:830} INFO - Processing file /opt/airflow/dags/inegi_playwright_dag.py for tasks to queue
[2026-05-29T12:08:48.554+0000] {logging_mixin.py:188} INFO - [2026-05-29T12:08:48.553+0000] {dagbag.py:540} INFO - Filling up the DagBag from /opt/airflow/dags/inegi_playwright_dag.py
[2026-05-29T12:08:48.618+0000] {processor.py:840} INFO - DAG(s) 'inegi_playwright' retrieved from /opt/airflow/dags/inegi_playwright_dag.py
[2026-05-29T12:08:48.749+0000] {logging_mixin.py:188} INFO - [2026-05-29T12:08:48.749+0000] {dag.py:3047} INFO - Sync 1 DAGs
[2026-05-29T12:08:48.885+0000] {logging_mixin.py:188} INFO - [2026-05-29T12:08:48.884+0000] {dag.py:3834} INFO - Setting next_dagrun for inegi_playwright to 2026-05-29 00:00:00+00:00, run_after=2026-05-30 00:00:00+00:00
[2026-05-29T12:08:49.169+0000] {processor.py:183} INFO - Processing /opt/airflow/dags/inegi_playwright_dag.py took 0.637 seconds
[2026-05-29T12:09:20.488+0000] {processor.py:161} INFO - Started process (PID=2601) to work on /opt/airflow/dags/inegi_playwright_dag.py
[2026-05-29T12:09:20.501+0000] {processor.py:830} INFO - Processing file /opt/airflow/dags/inegi_playwright_dag.py for tasks to queue
[2026-05-29T12:09:20.506+0000] {logging_mixin.py:188} INFO - [2026-05-29T12:09:20.505+0000] {dagbag.py:540} INFO - Filling up the DagBag from /opt/airflow/dags/inegi_playwright_dag.py
[2026-05-29T12:09:20.626+0000] {processor.py:840} INFO - DAG(s) 'inegi_playwright' retrieved from /opt/airflow/dags/inegi_playwright_dag.py
[2026-05-29T12:09:20.700+0000] {logging_mixin.py:188} INFO - [2026-05-29T12:09:20.699+0000] {dag.py:3047} INFO - Sync 1 DAGs
[2026-05-29T12:09:20.787+0000] {logging_mixin.py:188} INFO - [2026-05-29T12:09:20.786+0000] {dag.py:3834} INFO - Setting next_dagrun for inegi_playwright to 2026-05-29 00:00:00+00:00, run_after=2026-05-30 00:00:00+00:00
[2026-05-29T12:09:20.864+0000] {processor.py:183} INFO - Processing /opt/airflow/dags/inegi_playwright_dag.py took 0.397 seconds
[2026-05-29T12:09:54.727+0000] {processor.py:161} INFO - Started process (PID=2631) to work on /opt/airflow/dags/inegi_playwright_dag.py
[2026-05-29T12:09:54.759+0000] {processor.py:830} INFO - Processing file /opt/airflow/dags/inegi_playwright_dag.py for tasks to queue
[2026-05-29T12:09:54.818+0000] {logging_mixin.py:188} INFO - [2026-05-29T12:09:54.817+0000] {dagbag.py:540} INFO - Filling up the DagBag from /opt/airflow/dags/inegi_playwright_dag.py
[2026-05-29T12:09:56.624+0000] {processor.py:840} INFO - DAG(s) 'inegi_playwright' retrieved from /opt/airflow/dags/inegi_playwright_dag.py
[2026-05-29T12:09:56.852+0000] {logging_mixin.py:188} INFO - [2026-05-29T12:09:56.851+0000] {dag.py:3047} INFO - Sync 1 DAGs
[2026-05-29T12:09:57.071+0000] {logging_mixin.py:188} INFO - [2026-05-29T12:09:57.060+0000] {dag.py:3834} INFO - Setting next_dagrun for inegi_playwright to 2026-05-29 00:00:00+00:00, run_after=2026-05-30 00:00:00+00:00
[2026-05-29T12:09:57.201+0000] {processor.py:183} INFO - Processing /opt/airflow/dags/inegi_playwright_dag.py took 2.493 seconds
[2026-05-29T12:10:27.575+0000] {processor.py:161} INFO - Started process (PID=2661) to work on /opt/airflow/dags/inegi_playwright_dag.py
[2026-05-29T12:10:27.587+0000] {processor.py:830} INFO - Processing file /opt/airflow/dags/inegi_playwright_dag.py for tasks to queue
[2026-05-29T12:10:27.590+0000] {logging_mixin.py:188} INFO - [2026-05-29T12:10:27.590+0000] {dagbag.py:540} INFO - Filling up the DagBag from /opt/airflow/dags/inegi_playwright_dag.py
[2026-05-29T12:10:27.663+0000] {processor.py:840} INFO - DAG(s) 'inegi_playwright' retrieved from /opt/airflow/dags/inegi_playwright_dag.py
[2026-05-29T12:10:27.740+0000] {logging_mixin.py:188} INFO - [2026-05-29T12:10:27.739+0000] {dag.py:3047} INFO - Sync 1 DAGs
[2026-05-29T12:10:27.840+0000] {logging_mixin.py:188} INFO - [2026-05-29T12:10:27.839+0000] {dag.py:3834} INFO - Setting next_dagrun for inegi_playwright to 2026-05-29 00:00:00+00:00, run_after=2026-05-30 00:00:00+00:00
[2026-05-29T12:10:27.917+0000] {processor.py:183} INFO - Processing /opt/airflow/dags/inegi_playwright_dag.py took 0.356 seconds
[2026-05-29T12:11:01.724+0000] {processor.py:161} INFO - Started process (PID=2691) to work on /opt/airflow/dags/inegi_playwright_dag.py
[2026-05-29T12:11:01.747+0000] {processor.py:830} INFO - Processing file /opt/airflow/dags/inegi_playwright_dag.py for tasks to queue
[2026-05-29T12:11:01.754+0000] {logging_mixin.py:188} INFO - [2026-05-29T12:11:01.753+0000] {dagbag.py:540} INFO - Filling up the DagBag from /opt/airflow/dags/inegi_playwright_dag.py
[2026-05-29T12:11:03.175+0000] {processor.py:840} INFO - DAG(s) 'inegi_playwright' retrieved from /opt/airflow/dags/inegi_playwright_dag.py
[2026-05-29T12:11:03.694+0000] {logging_mixin.py:188} INFO - [2026-05-29T12:11:03.693+0000] {dag.py:3047} INFO - Sync 1 DAGs
[2026-05-29T12:11:04.164+0000] {logging_mixin.py:188} INFO - [2026-05-29T12:11:04.163+0000] {dag.py:3834} INFO - Setting next_dagrun for inegi_playwright to 2026-05-29 00:00:00+00:00, run_after=2026-05-30 00:00:00+00:00
[2026-05-29T12:11:06.393+0000] {processor.py:183} INFO - Processing /opt/airflow/dags/inegi_playwright_dag.py took 4.688 seconds
[2026-05-29T12:11:39.818+0000] {processor.py:161} INFO - Started process (PID=2721) to work on /opt/airflow/dags/inegi_playwright_dag.py
[2026-05-29T12:11:39.841+0000] {processor.py:830} INFO - Processing file /opt/airflow/dags/inegi_playwright_dag.py for tasks to queue
[2026-05-29T12:11:39.854+0000] {logging_mixin.py:188} INFO - [2026-05-29T12:11:39.853+0000] {dagbag.py:540} INFO - Filling up the DagBag from /opt/airflow/dags/inegi_playwright_dag.py
[2026-05-29T12:11:40.529+0000] {processor.py:840} INFO - DAG(s) 'inegi_playwright' retrieved from /opt/airflow/dags/inegi_playwright_dag.py
[2026-05-29T12:11:40.735+0000] {logging_mixin.py:188} INFO - [2026-05-29T12:11:40.734+0000] {dag.py:3047} INFO - Sync 1 DAGs
[2026-05-29T12:11:40.950+0000] {logging_mixin.py:188} INFO - [2026-05-29T12:11:40.949+0000] {dag.py:3834} INFO - Setting next_dagrun for inegi_playwright to 2026-05-29 00:00:00+00:00, run_after=2026-05-30 00:00:00+00:00
[2026-05-29T12:11:41.442+0000] {processor.py:183} INFO - Processing /opt/airflow/dags/inegi_playwright_dag.py took 1.640 seconds
[2026-05-29T12:12:12.099+0000] {processor.py:161} INFO - Started process (PID=2748) to work on /opt/airflow/dags/inegi_playwright_dag.py
[2026-05-29T12:12:12.102+0000] {processor.py:830} INFO - Processing file /opt/airflow/dags/inegi_playwright_dag.py for tasks to queue
[2026-05-29T12:12:12.106+0000] {logging_mixin.py:188} INFO - [2026-05-29T12:12:12.105+0000] {dagbag.py:540} INFO - Filling up the DagBag from /opt/airflow/dags/inegi_playwright_dag.py
[2026-05-29T12:12:12.357+0000] {processor.py:840} INFO - DAG(s) 'inegi_playwright' retrieved from /opt/airflow/dags/inegi_playwright_dag.py
[2026-05-29T12:12:12.534+0000] {logging_mixin.py:188} INFO - [2026-05-29T12:12:12.533+0000] {dag.py:3047} INFO - Sync 1 DAGs
[2026-05-29T12:12:12.736+0000] {logging_mixin.py:188} INFO - [2026-05-29T12:12:12.736+0000] {dag.py:3834} INFO - Setting next_dagrun for inegi_playwright to 2026-05-29 00:00:00+00:00, run_after=2026-05-30 00:00:00+00:00
[2026-05-29T12:12:12.895+0000] {processor.py:183} INFO - Processing /opt/airflow/dags/inegi_playwright_dag.py took 0.807 seconds
[2026-05-29T12:12:43.996+0000] {processor.py:161} INFO - Started process (PID=2781) to work on /opt/airflow/dags/inegi_playwright_dag.py
[2026-05-29T12:12:44.001+0000] {processor.py:830} INFO - Processing file /opt/airflow/dags/inegi_playwright_dag.py for tasks to queue
[2026-05-29T12:12:44.005+0000] {logging_mixin.py:188} INFO - [2026-05-29T12:12:44.003+0000] {dagbag.py:540} INFO - Filling up the DagBag from /opt/airflow/dags/inegi_playwright_dag.py
[2026-05-29T12:12:44.090+0000] {processor.py:840} INFO - DAG(s) 'inegi_playwright' retrieved from /opt/airflow/dags/inegi_playwright_dag.py
[2026-05-29T12:12:44.169+0000] {logging_mixin.py:188} INFO - [2026-05-29T12:12:44.169+0000] {dag.py:3047} INFO - Sync 1 DAGs
[2026-05-29T12:12:44.242+0000] {logging_mixin.py:188} INFO - [2026-05-29T12:12:44.241+0000] {dag.py:3834} INFO - Setting next_dagrun for inegi_playwright to 2026-05-29 00:00:00+00:00, run_after=2026-05-30 00:00:00+00:00
[2026-05-29T12:12:44.293+0000] {processor.py:183} INFO - Processing /opt/airflow/dags/inegi_playwright_dag.py took 0.312 seconds
[2026-05-29T12:13:14.782+0000] {processor.py:161} INFO - Started process (PID=2811) to work on /opt/airflow/dags/inegi_playwright_dag.py
[2026-05-29T12:13:14.802+0000] {processor.py:830} INFO - Processing file /opt/airflow/dags/inegi_playwright_dag.py for tasks to queue
[2026-05-29T12:13:14.826+0000] {logging_mixin.py:188} INFO - [2026-05-29T12:13:14.819+0000] {dagbag.py:540} INFO - Filling up the DagBag from /opt/airflow/dags/inegi_playwright_dag.py
[2026-05-29T12:13:15.045+0000] {processor.py:840} INFO - DAG(s) 'inegi_playwright' retrieved from /opt/airflow/dags/inegi_playwright_dag.py
[2026-05-29T12:13:15.341+0000] {logging_mixin.py:188} INFO - [2026-05-29T12:13:15.339+0000] {dag.py:3047} INFO - Sync 1 DAGs
[2026-05-29T12:13:15.663+0000] {logging_mixin.py:188} INFO - [2026-05-29T12:13:15.662+0000] {dag.py:3834} INFO - Setting next_dagrun for inegi_playwright to 2026-05-29 00:00:00+00:00, run_after=2026-05-30 00:00:00+00:00
[2026-05-29T12:13:15.978+0000] {processor.py:183} INFO - Processing /opt/airflow/dags/inegi_playwright_dag.py took 1.218 seconds
[2026-05-29T12:13:46.244+0000] {processor.py:161} INFO - Started process (PID=2841) to work on /opt/airflow/dags/inegi_playwright_dag.py
[2026-05-29T12:13:46.247+0000] {processor.py:830} INFO - Processing file /opt/airflow/dags/inegi_playwright_dag.py for tasks to queue
[2026-05-29T12:13:46.252+0000] {logging_mixin.py:188} INFO - [2026-05-29T12:13:46.251+0000] {dagbag.py:540} INFO - Filling up the DagBag from /opt/airflow/dags/inegi_playwright_dag.py
[2026-05-29T12:13:46.335+0000] {processor.py:840} INFO - DAG(s) 'inegi_playwright' retrieved from /opt/airflow/dags/inegi_playwright_dag.py
[2026-05-29T12:13:46.417+0000] {logging_mixin.py:188} INFO - [2026-05-29T12:13:46.416+0000] {dag.py:3047} INFO - Sync 1 DAGs
[2026-05-29T12:13:46.495+0000] {logging_mixin.py:188} INFO - [2026-05-29T12:13:46.493+0000] {dag.py:3834} INFO - Setting next_dagrun for inegi_playwright to 2026-05-29 00:00:00+00:00, run_after=2026-05-30 00:00:00+00:00
[2026-05-29T12:13:46.562+0000] {processor.py:183} INFO - Processing /opt/airflow/dags/inegi_playwright_dag.py took 0.329 seconds
[2026-05-29T12:14:18.372+0000] {processor.py:161} INFO - Started process (PID=2871) to work on /opt/airflow/dags/inegi_playwright_dag.py
[2026-05-29T12:14:18.452+0000] {processor.py:830} INFO - Processing file /opt/airflow/dags/inegi_playwright_dag.py for tasks to queue
[2026-05-29T12:14:18.475+0000] {logging_mixin.py:188} INFO - [2026-05-29T12:14:18.474+0000] {dagbag.py:540} INFO - Filling up the DagBag from /opt/airflow/dags/inegi_playwright_dag.py
[2026-05-29T12:14:19.417+0000] {processor.py:840} INFO - DAG(s) 'inegi_playwright' retrieved from /opt/airflow/dags/inegi_playwright_dag.py
[2026-05-29T12:14:19.604+0000] {logging_mixin.py:188} INFO - [2026-05-29T12:14:19.604+0000] {dag.py:3047} INFO - Sync 1 DAGs
[2026-05-29T12:14:19.781+0000] {logging_mixin.py:188} INFO - [2026-05-29T12:14:19.780+0000] {dag.py:3834} INFO - Setting next_dagrun for inegi_playwright to 2026-05-29 00:00:00+00:00, run_after=2026-05-30 00:00:00+00:00
[2026-05-29T12:14:19.896+0000] {processor.py:183} INFO - Processing /opt/airflow/dags/inegi_playwright_dag.py took 1.550 seconds
[2026-05-29T12:14:50.960+0000] {processor.py:161} INFO - Started process (PID=2901) to work on /opt/airflow/dags/inegi_playwright_dag.py
[2026-05-29T12:14:50.964+0000] {processor.py:830} INFO - Processing file /opt/airflow/dags/inegi_playwright_dag.py for tasks to queue
[2026-05-29T12:14:50.967+0000] {logging_mixin.py:188} INFO - [2026-05-29T12:14:50.966+0000] {dagbag.py:540} INFO - Filling up the DagBag from /opt/airflow/dags/inegi_playwright_dag.py
[2026-05-29T12:14:51.037+0000] {processor.py:840} INFO - DAG(s) 'inegi_playwright' retrieved from /opt/airflow/dags/inegi_playwright_dag.py
[2026-05-29T12:14:51.107+0000] {logging_mixin.py:188} INFO - [2026-05-29T12:14:51.106+0000] {dag.py:3047} INFO - Sync 1 DAGs
[2026-05-29T12:14:51.173+0000] {logging_mixin.py:188} INFO - [2026-05-29T12:14:51.172+0000] {dag.py:3834} INFO - Setting next_dagrun for inegi_playwright to 2026-05-29 00:00:00+00:00, run_after=2026-05-30 00:00:00+00:00
[2026-05-29T12:14:51.237+0000] {processor.py:183} INFO - Processing /opt/airflow/dags/inegi_playwright_dag.py took 0.291 seconds
[2026-05-29T12:15:23.001+0000] {processor.py:161} INFO - Started process (PID=2931) to work on /opt/airflow/dags/inegi_playwright_dag.py
[2026-05-29T12:15:23.013+0000] {processor.py:830} INFO - Processing file /opt/airflow/dags/inegi_playwright_dag.py for tasks to queue
[2026-05-29T12:15:23.020+0000] {logging_mixin.py:188} INFO - [2026-05-29T12:15:23.019+0000] {dagbag.py:540} INFO - Filling up the DagBag from /opt/airflow/dags/inegi_playwright_dag.py
[2026-05-29T12:15:23.213+0000] {processor.py:840} INFO - DAG(s) 'inegi_playwright' retrieved from /opt/airflow/dags/inegi_playwright_dag.py
[2026-05-29T12:15:23.364+0000] {logging_mixin.py:188} INFO - [2026-05-29T12:15:23.363+0000] {dag.py:3047} INFO - Sync 1 DAGs
[2026-05-29T12:15:23.606+0000] {logging_mixin.py:188} INFO - [2026-05-29T12:15:23.606+0000] {dag.py:3834} INFO - Setting next_dagrun for inegi_playwright to 2026-05-29 00:00:00+00:00, run_after=2026-05-30 00:00:00+00:00
[2026-05-29T12:15:24.022+0000] {processor.py:183} INFO - Processing /opt/airflow/dags/inegi_playwright_dag.py took 1.041 seconds
[2026-05-29T12:15:56.341+0000] {processor.py:161} INFO - Started process (PID=2961) to work on /opt/airflow/dags/inegi_playwright_dag.py
[2026-05-29T12:15:56.346+0000] {processor.py:830} INFO - Processing file /opt/airflow/dags/inegi_playwright_dag.py for tasks to queue
[2026-05-29T12:15:56.362+0000] {logging_mixin.py:188} INFO - [2026-05-29T12:15:56.361+0000] {dagbag.py:540} INFO - Filling up the DagBag from /opt/airflow/dags/inegi_playwright_dag.py
[2026-05-29T12:15:56.611+0000] {processor.py:840} INFO - DAG(s) 'inegi_playwright' retrieved from /opt/airflow/dags/inegi_playwright_dag.py
[2026-05-29T12:15:56.917+0000] {logging_mixin.py:188} INFO - [2026-05-29T12:15:56.916+0000] {dag.py:3047} INFO - Sync 1 DAGs
[2026-05-29T12:15:57.437+0000] {logging_mixin.py:188} INFO - [2026-05-29T12:15:57.435+0000] {dag.py:3834} INFO - Setting next_dagrun for inegi_playwright to 2026-05-29 00:00:00+00:00, run_after=2026-05-30 00:00:00+00:00
[2026-05-29T12:15:58.048+0000] {processor.py:183} INFO - Processing /opt/airflow/dags/inegi_playwright_dag.py took 1.772 seconds
[2026-05-29T12:16:29.471+0000] {processor.py:161} INFO - Started process (PID=2991) to work on /opt/airflow/dags/inegi_playwright_dag.py
[2026-05-29T12:16:29.475+0000] {processor.py:830} INFO - Processing file /opt/airflow/dags/inegi_playwright_dag.py for tasks to queue
[2026-05-29T12:16:29.478+0000] {logging_mixin.py:188} INFO - [2026-05-29T12:16:29.477+0000] {dagbag.py:540} INFO - Filling up the DagBag from /opt/airflow/dags/inegi_playwright_dag.py
[2026-05-29T12:16:29.601+0000] {processor.py:840} INFO - DAG(s) 'inegi_playwright' retrieved from /opt/airflow/dags/inegi_playwright_dag.py
[2026-05-29T12:16:29.758+0000] {logging_mixin.py:188} INFO - [2026-05-29T12:16:29.757+0000] {dag.py:3047} INFO - Sync 1 DAGs
[2026-05-29T12:16:29.912+0000] {logging_mixin.py:188} INFO - [2026-05-29T12:16:29.912+0000] {dag.py:3834} INFO - Setting next_dagrun for inegi_playwright to 2026-05-29 00:00:00+00:00, run_after=2026-05-30 00:00:00+00:00
[2026-05-29T12:16:30.043+0000] {processor.py:183} INFO - Processing /opt/airflow/dags/inegi_playwright_dag.py took 0.591 seconds
[2026-05-29T12:17:05.186+0000] {processor.py:161} INFO - Started process (PID=3021) to work on /opt/airflow/dags/inegi_playwright_dag.py
[2026-05-29T12:17:05.221+0000] {processor.py:830} INFO - Processing file /opt/airflow/dags/inegi_playwright_dag.py for tasks to queue
[2026-05-29T12:17:05.268+0000] {logging_mixin.py:188} INFO - [2026-05-29T12:17:05.267+0000] {dagbag.py:540} INFO - Filling up the DagBag from /opt/airflow/dags/inegi_playwright_dag.py
[2026-05-29T12:17:06.379+0000] {processor.py:840} INFO - DAG(s) 'inegi_playwright' retrieved from /opt/airflow/dags/inegi_playwright_dag.py
[2026-05-29T12:17:06.779+0000] {logging_mixin.py:188} INFO - [2026-05-29T12:17:06.778+0000] {dag.py:3047} INFO - Sync 1 DAGs
[2026-05-29T12:17:07.132+0000] {logging_mixin.py:188} INFO - [2026-05-29T12:17:07.131+0000] {dag.py:3834} INFO - Setting next_dagrun for inegi_playwright to 2026-05-29 00:00:00+00:00, run_after=2026-05-30 00:00:00+00:00
[2026-05-29T12:17:07.434+0000] {processor.py:183} INFO - Processing /opt/airflow/dags/inegi_playwright_dag.py took 2.311 seconds
[2026-05-29T12:17:38.022+0000] {processor.py:161} INFO - Started process (PID=3051) to work on /opt/airflow/dags/inegi_playwright_dag.py
[2026-05-29T12:17:38.052+0000] {processor.py:830} INFO - Processing file /opt/airflow/dags/inegi_playwright_dag.py for tasks to queue
[2026-05-29T12:17:38.071+0000] {logging_mixin.py:188} INFO - [2026-05-29T12:17:38.070+0000] {dagbag.py:540} INFO - Filling up the DagBag from /opt/airflow/dags/inegi_playwright_dag.py
[2026-05-29T12:17:38.467+0000] {processor.py:840} INFO - DAG(s) 'inegi_playwright' retrieved from /opt/airflow/dags/inegi_playwright_dag.py
[2026-05-29T12:17:38.690+0000] {logging_mixin.py:188} INFO - [2026-05-29T12:17:38.689+0000] {dag.py:3047} INFO - Sync 1 DAGs
[2026-05-29T12:17:38.846+0000] {logging_mixin.py:188} INFO - [2026-05-29T12:17:38.845+0000] {dag.py:3834} INFO - Setting next_dagrun for inegi_playwright to 2026-05-29 00:00:00+00:00, run_after=2026-05-30 00:00:00+00:00
[2026-05-29T12:17:38.905+0000] {processor.py:183} INFO - Processing /opt/airflow/dags/inegi_playwright_dag.py took 0.917 seconds
[2026-05-29T12:18:11.752+0000] {processor.py:161} INFO - Started process (PID=3081) to work on /opt/airflow/dags/inegi_playwright_dag.py
[2026-05-29T12:18:11.768+0000] {processor.py:830} INFO - Processing file /opt/airflow/dags/inegi_playwright_dag.py for tasks to queue
[2026-05-29T12:18:11.772+0000] {logging_mixin.py:188} INFO - [2026-05-29T12:18:11.771+0000] {dagbag.py:540} INFO - Filling up the DagBag from /opt/airflow/dags/inegi_playwright_dag.py
[2026-05-29T12:18:12.578+0000] {processor.py:840} INFO - DAG(s) 'inegi_playwright' retrieved from /opt/airflow/dags/inegi_playwright_dag.py
[2026-05-29T12:18:12.823+0000] {logging_mixin.py:188} INFO - [2026-05-29T12:18:12.823+0000] {dag.py:3047} INFO - Sync 1 DAGs
[2026-05-29T12:18:13.026+0000] {logging_mixin.py:188} INFO - [2026-05-29T12:18:13.025+0000] {dag.py:3834} INFO - Setting next_dagrun for inegi_playwright to 2026-05-29 00:00:00+00:00, run_after=2026-05-30 00:00:00+00:00
[2026-05-29T12:18:13.273+0000] {processor.py:183} INFO - Processing /opt/airflow/dags/inegi_playwright_dag.py took 1.539 seconds
[2026-05-29T12:18:46.447+0000] {processor.py:161} INFO - Started process (PID=3113) to work on /opt/airflow/dags/inegi_playwright_dag.py
[2026-05-29T12:18:46.451+0000] {processor.py:830} INFO - Processing file /opt/airflow/dags/inegi_playwright_dag.py for tasks to queue
[2026-05-29T12:18:46.465+0000] {logging_mixin.py:188} INFO - [2026-05-29T12:18:46.463+0000] {dagbag.py:540} INFO - Filling up the DagBag from /opt/airflow/dags/inegi_playwright_dag.py
[2026-05-29T12:18:46.609+0000] {processor.py:840} INFO - DAG(s) 'inegi_playwright' retrieved from /opt/airflow/dags/inegi_playwright_dag.py
[2026-05-29T12:18:46.745+0000] {logging_mixin.py:188} INFO - [2026-05-29T12:18:46.744+0000] {dag.py:3047} INFO - Sync 1 DAGs
[2026-05-29T12:18:46.869+0000] {logging_mixin.py:188} INFO - [2026-05-29T12:18:46.868+0000] {dag.py:3834} INFO - Setting next_dagrun for inegi_playwright to 2026-05-29 00:00:00+00:00, run_after=2026-05-30 00:00:00+00:00
[2026-05-29T12:18:46.959+0000] {processor.py:183} INFO - Processing /opt/airflow/dags/inegi_playwright_dag.py took 0.544 seconds
[2026-05-29T12:19:18.640+0000] {processor.py:161} INFO - Started process (PID=3143) to work on /opt/airflow/dags/inegi_playwright_dag.py
[2026-05-29T12:19:18.665+0000] {processor.py:830} INFO - Processing file /opt/airflow/dags/inegi_playwright_dag.py for tasks to queue
[2026-05-29T12:19:18.716+0000] {logging_mixin.py:188} INFO - [2026-05-29T12:19:18.714+0000] {dagbag.py:540} INFO - Filling up the DagBag from /opt/airflow/dags/inegi_playwright_dag.py
[2026-05-29T12:19:19.073+0000] {processor.py:840} INFO - DAG(s) 'inegi_playwright' retrieved from /opt/airflow/dags/inegi_playwright_dag.py
[2026-05-29T12:19:19.541+0000] {logging_mixin.py:188} INFO - [2026-05-29T12:19:19.539+0000] {dag.py:3047} INFO - Sync 1 DAGs
[2026-05-29T12:19:19.702+0000] {logging_mixin.py:188} INFO - [2026-05-29T12:19:19.700+0000] {dag.py:3834} INFO - Setting next_dagrun for inegi_playwright to 2026-05-29 00:00:00+00:00, run_after=2026-05-30 00:00:00+00:00
[2026-05-29T12:19:19.826+0000] {processor.py:183} INFO - Processing /opt/airflow/dags/inegi_playwright_dag.py took 1.211 seconds
[2026-05-29T12:19:53.015+0000] {processor.py:161} INFO - Started process (PID=3173) to work on /opt/airflow/dags/inegi_playwright_dag.py
[2026-05-29T12:19:53.028+0000] {processor.py:830} INFO - Processing file /opt/airflow/dags/inegi_playwright_dag.py for tasks to queue
[2026-05-29T12:19:53.043+0000] {logging_mixin.py:188} INFO - [2026-05-29T12:19:53.042+0000] {dagbag.py:540} INFO - Filling up the DagBag from /opt/airflow/dags/inegi_playwright_dag.py
[2026-05-29T12:19:53.374+0000] {processor.py:840} INFO - DAG(s) 'inegi_playwright' retrieved from /opt/airflow/dags/inegi_playwright_dag.py
[2026-05-29T12:19:53.607+0000] {logging_mixin.py:188} INFO - [2026-05-29T12:19:53.606+0000] {dag.py:3047} INFO - Sync 1 DAGs
[2026-05-29T12:19:53.788+0000] {logging_mixin.py:188} INFO - [2026-05-29T12:19:53.787+0000] {dag.py:3834} INFO - Setting next_dagrun for inegi_playwright to 2026-05-29 00:00:00+00:00, run_after=2026-05-30 00:00:00+00:00
[2026-05-29T12:19:53.955+0000] {processor.py:183} INFO - Processing /opt/airflow/dags/inegi_playwright_dag.py took 0.954 seconds
[2026-05-29T12:20:24.770+0000] {processor.py:161} INFO - Started process (PID=3203) to work on /opt/airflow/dags/inegi_playwright_dag.py
[2026-05-29T12:20:24.774+0000] {processor.py:830} INFO - Processing file /opt/airflow/dags/inegi_playwright_dag.py for tasks to queue
[2026-05-29T12:20:24.777+0000] {logging_mixin.py:188} INFO - [2026-05-29T12:20:24.776+0000] {dagbag.py:540} INFO - Filling up the DagBag from /opt/airflow/dags/inegi_playwright_dag.py
[2026-05-29T12:20:24.839+0000] {processor.py:840} INFO - DAG(s) 'inegi_playwright' retrieved from /opt/airflow/dags/inegi_playwright_dag.py
[2026-05-29T12:20:24.911+0000] {logging_mixin.py:188} INFO - [2026-05-29T12:20:24.911+0000] {dag.py:3047} INFO - Sync 1 DAGs
[2026-05-29T12:20:24.976+0000] {logging_mixin.py:188} INFO - [2026-05-29T12:20:24.975+0000] {dag.py:3834} INFO - Setting next_dagrun for inegi_playwright to 2026-05-29 00:00:00+00:00, run_after=2026-05-30 00:00:00+00:00
[2026-05-29T12:20:25.027+0000] {processor.py:183} INFO - Processing /opt/airflow/dags/inegi_playwright_dag.py took 0.269 seconds
[2026-05-29T12:20:55.267+0000] {processor.py:161} INFO - Started process (PID=3233) to work on /opt/airflow/dags/inegi_playwright_dag.py
[2026-05-29T12:20:55.271+0000] {processor.py:830} INFO - Processing file /opt/airflow/dags/inegi_playwright_dag.py for tasks to queue
[2026-05-29T12:20:55.274+0000] {logging_mixin.py:188} INFO - [2026-05-29T12:20:55.273+0000] {dagbag.py:540} INFO - Filling up the DagBag from /opt/airflow/dags/inegi_playwright_dag.py
[2026-05-29T12:20:55.328+0000] {processor.py:840} INFO - DAG(s) 'inegi_playwright' retrieved from /opt/airflow/dags/inegi_playwright_dag.py
[2026-05-29T12:20:55.399+0000] {logging_mixin.py:188} INFO - [2026-05-29T12:20:55.398+0000] {dag.py:3047} INFO - Sync 1 DAGs
[2026-05-29T12:20:55.487+0000] {logging_mixin.py:188} INFO - [2026-05-29T12:20:55.487+0000] {dag.py:3834} INFO - Setting next_dagrun for inegi_playwright to 2026-05-29 00:00:00+00:00, run_after=2026-05-30 00:00:00+00:00
[2026-05-29T12:20:55.910+0000] {processor.py:183} INFO - Processing /opt/airflow/dags/inegi_playwright_dag.py took 0.654 seconds
[2026-05-29T12:21:27.019+0000] {processor.py:161} INFO - Started process (PID=3263) to work on /opt/airflow/dags/inegi_playwright_dag.py
[2026-05-29T12:21:27.023+0000] {processor.py:830} INFO - Processing file /opt/airflow/dags/inegi_playwright_dag.py for tasks to queue
[2026-05-29T12:21:27.026+0000] {logging_mixin.py:188} INFO - [2026-05-29T12:21:27.025+0000] {dagbag.py:540} INFO - Filling up the DagBag from /opt/airflow/dags/inegi_playwright_dag.py
[2026-05-29T12:21:27.108+0000] {processor.py:840} INFO - DAG(s) 'inegi_playwright' retrieved from /opt/airflow/dags/inegi_playwright_dag.py
[2026-05-29T12:21:27.182+0000] {logging_mixin.py:188} INFO - [2026-05-29T12:21:27.181+0000] {dag.py:3047} INFO - Sync 1 DAGs
[2026-05-29T12:21:27.252+0000] {logging_mixin.py:188} INFO - [2026-05-29T12:21:27.251+0000] {dag.py:3834} INFO - Setting next_dagrun for inegi_playwright to 2026-05-29 00:00:00+00:00, run_after=2026-05-30 00:00:00+00:00
[2026-05-29T12:21:27.305+0000] {processor.py:183} INFO - Processing /opt/airflow/dags/inegi_playwright_dag.py took 0.301 seconds
[2026-05-29T12:21:57.660+0000] {processor.py:161} INFO - Started process (PID=3293) to work on /opt/airflow/dags/inegi_playwright_dag.py
[2026-05-29T12:21:57.663+0000] {processor.py:830} INFO - Processing file /opt/airflow/dags/inegi_playwright_dag.py for tasks to queue
[2026-05-29T12:21:57.667+0000] {logging_mixin.py:188} INFO - [2026-05-29T12:21:57.666+0000] {dagbag.py:540} INFO - Filling up the DagBag from /opt/airflow/dags/inegi_playwright_dag.py
[2026-05-29T12:21:57.742+0000] {processor.py:840} INFO - DAG(s) 'inegi_playwright' retrieved from /opt/airflow/dags/inegi_playwright_dag.py
[2026-05-29T12:21:57.822+0000] {logging_mixin.py:188} INFO - [2026-05-29T12:21:57.822+0000] {dag.py:3047} INFO - Sync 1 DAGs
[2026-05-29T12:21:57.906+0000] {logging_mixin.py:188} INFO - [2026-05-29T12:21:57.906+0000] {dag.py:3834} INFO - Setting next_dagrun for inegi_playwright to 2026-05-29 00:00:00+00:00, run_after=2026-05-30 00:00:00+00:00
[2026-05-29T12:21:57.973+0000] {processor.py:183} INFO - Processing /opt/airflow/dags/inegi_playwright_dag.py took 0.324 seconds
[2026-05-29T12:22:29.995+0000] {processor.py:161} INFO - Started process (PID=3321) to work on /opt/airflow/dags/inegi_playwright_dag.py
[2026-05-29T12:22:30.209+0000] {processor.py:830} INFO - Processing file /opt/airflow/dags/inegi_playwright_dag.py for tasks to queue
[2026-05-29T12:22:30.215+0000] {logging_mixin.py:188} INFO - [2026-05-29T12:22:30.214+0000] {dagbag.py:540} INFO - Filling up the DagBag from /opt/airflow/dags/inegi_playwright_dag.py
[2026-05-29T12:22:32.408+0000] {processor.py:840} INFO - DAG(s) 'inegi_playwright' retrieved from /opt/airflow/dags/inegi_playwright_dag.py
[2026-05-29T12:22:32.925+0000] {logging_mixin.py:188} INFO - [2026-05-29T12:22:32.924+0000] {dag.py:3047} INFO - Sync 1 DAGs
[2026-05-29T12:22:33.331+0000] {logging_mixin.py:188} INFO - [2026-05-29T12:22:33.330+0000] {dag.py:3834} INFO - Setting next_dagrun for inegi_playwright to 2026-05-29 00:00:00+00:00, run_after=2026-05-30 00:00:00+00:00
[2026-05-29T12:22:33.590+0000] {processor.py:183} INFO - Processing /opt/airflow/dags/inegi_playwright_dag.py took 3.617 seconds
[2026-05-29T12:23:06.532+0000] {processor.py:161} INFO - Started process (PID=3353) to work on /opt/airflow/dags/inegi_playwright_dag.py
[2026-05-29T12:23:06.543+0000] {processor.py:830} INFO - Processing file /opt/airflow/dags/inegi_playwright_dag.py for tasks to queue
[2026-05-29T12:23:06.551+0000] {logging_mixin.py:188} INFO - [2026-05-29T12:23:06.546+0000] {dagbag.py:540} INFO - Filling up the DagBag from /opt/airflow/dags/inegi_playwright_dag.py
[2026-05-29T12:23:06.688+0000] {processor.py:840} INFO - DAG(s) 'inegi_playwright' retrieved from /opt/airflow/dags/inegi_playwright_dag.py
[2026-05-29T12:23:06.792+0000] {logging_mixin.py:188} INFO - [2026-05-29T12:23:06.791+0000] {dag.py:3047} INFO - Sync 1 DAGs
[2026-05-29T12:23:06.872+0000] {logging_mixin.py:188} INFO - [2026-05-29T12:23:06.872+0000] {dag.py:3834} INFO - Setting next_dagrun for inegi_playwright to 2026-05-29 00:00:00+00:00, run_after=2026-05-30 00:00:00+00:00
[2026-05-29T12:23:06.976+0000] {processor.py:183} INFO - Processing /opt/airflow/dags/inegi_playwright_dag.py took 0.465 seconds
[2026-05-29T12:23:37.447+0000] {processor.py:161} INFO - Started process (PID=3383) to work on /opt/airflow/dags/inegi_playwright_dag.py
[2026-05-29T12:23:37.454+0000] {processor.py:830} INFO - Processing file /opt/airflow/dags/inegi_playwright_dag.py for tasks to queue
[2026-05-29T12:23:37.462+0000] {logging_mixin.py:188} INFO - [2026-05-29T12:23:37.458+0000] {dagbag.py:540} INFO - Filling up the DagBag from /opt/airflow/dags/inegi_playwright_dag.py
[2026-05-29T12:23:37.743+0000] {processor.py:840} INFO - DAG(s) 'inegi_playwright' retrieved from /opt/airflow/dags/inegi_playwright_dag.py
[2026-05-29T12:23:38.004+0000] {logging_mixin.py:188} INFO - [2026-05-29T12:23:37.991+0000] {dag.py:3047} INFO - Sync 1 DAGs
[2026-05-29T12:23:38.248+0000] {logging_mixin.py:188} INFO - [2026-05-29T12:23:38.247+0000] {dag.py:3834} INFO - Setting next_dagrun for inegi_playwright to 2026-05-29 00:00:00+00:00, run_after=2026-05-30 00:00:00+00:00
[2026-05-29T12:23:38.387+0000] {processor.py:183} INFO - Processing /opt/airflow/dags/inegi_playwright_dag.py took 0.960 seconds
[2026-05-29T12:24:11.149+0000] {processor.py:161} INFO - Started process (PID=3413) to work on /opt/airflow/dags/inegi_playwright_dag.py
[2026-05-29T12:24:11.153+0000] {processor.py:830} INFO - Processing file /opt/airflow/dags/inegi_playwright_dag.py for tasks to queue
[2026-05-29T12:24:11.188+0000] {logging_mixin.py:188} INFO - [2026-05-29T12:24:11.187+0000] {dagbag.py:540} INFO - Filling up the DagBag from /opt/airflow/dags/inegi_playwright_dag.py
[2026-05-29T12:24:11.351+0000] {processor.py:840} INFO - DAG(s) 'inegi_playwright' retrieved from /opt/airflow/dags/inegi_playwright_dag.py
[2026-05-29T12:24:11.741+0000] {logging_mixin.py:188} INFO - [2026-05-29T12:24:11.728+0000] {dag.py:3047} INFO - Sync 1 DAGs
[2026-05-29T12:24:12.128+0000] {logging_mixin.py:188} INFO - [2026-05-29T12:24:12.127+0000] {dag.py:3834} INFO - Setting next_dagrun for inegi_playwright to 2026-05-29 00:00:00+00:00, run_after=2026-05-30 00:00:00+00:00
[2026-05-29T12:24:12.642+0000] {processor.py:183} INFO - Processing /opt/airflow/dags/inegi_playwright_dag.py took 1.514 seconds
[2026-05-29T12:24:49.075+0000] {processor.py:161} INFO - Started process (PID=3443) to work on /opt/airflow/dags/inegi_playwright_dag.py
[2026-05-29T12:24:49.090+0000] {processor.py:830} INFO - Processing file /opt/airflow/dags/inegi_playwright_dag.py for tasks to queue
[2026-05-29T12:24:49.095+0000] {logging_mixin.py:188} INFO - [2026-05-29T12:24:49.092+0000] {dagbag.py:540} INFO - Filling up the DagBag from /opt/airflow/dags/inegi_playwright_dag.py
[2026-05-29T12:24:49.260+0000] {processor.py:840} INFO - DAG(s) 'inegi_playwright' retrieved from /opt/airflow/dags/inegi_playwright_dag.py
[2026-05-29T12:24:49.668+0000] {logging_mixin.py:188} INFO - [2026-05-29T12:24:49.667+0000] {dag.py:3047} INFO - Sync 1 DAGs
[2026-05-29T12:24:50.039+0000] {logging_mixin.py:188} INFO - [2026-05-29T12:24:50.038+0000] {dag.py:3834} INFO - Setting next_dagrun for inegi_playwright to 2026-05-29 00:00:00+00:00, run_after=2026-05-30 00:00:00+00:00
[2026-05-29T12:24:50.478+0000] {processor.py:183} INFO - Processing /opt/airflow/dags/inegi_playwright_dag.py took 1.502 seconds
[2026-05-29T12:25:23.400+0000] {processor.py:161} INFO - Started process (PID=3476) to work on /opt/airflow/dags/inegi_playwright_dag.py
[2026-05-29T12:25:23.432+0000] {processor.py:830} INFO - Processing file /opt/airflow/dags/inegi_playwright_dag.py for tasks to queue
[2026-05-29T12:25:23.451+0000] {logging_mixin.py:188} INFO - [2026-05-29T12:25:23.450+0000] {dagbag.py:540} INFO - Filling up the DagBag from /opt/airflow/dags/inegi_playwright_dag.py
[2026-05-29T12:25:23.622+0000] {processor.py:840} INFO - DAG(s) 'inegi_playwright' retrieved from /opt/airflow/dags/inegi_playwright_dag.py
[2026-05-29T12:25:23.824+0000] {logging_mixin.py:188} INFO - [2026-05-29T12:25:23.815+0000] {dag.py:3047} INFO - Sync 1 DAGs
[2026-05-29T12:25:24.029+0000] {logging_mixin.py:188} INFO - [2026-05-29T12:25:24.028+0000] {dag.py:3834} INFO - Setting next_dagrun for inegi_playwright to 2026-05-29 00:00:00+00:00, run_after=2026-05-30 00:00:00+00:00
[2026-05-29T12:25:24.247+0000] {processor.py:183} INFO - Processing /opt/airflow/dags/inegi_playwright_dag.py took 0.870 seconds
[2026-05-29T12:25:56.895+0000] {processor.py:161} INFO - Started process (PID=3508) to work on /opt/airflow/dags/inegi_playwright_dag.py
[2026-05-29T12:25:56.898+0000] {processor.py:830} INFO - Processing file /opt/airflow/dags/inegi_playwright_dag.py for tasks to queue
[2026-05-29T12:25:56.915+0000] {logging_mixin.py:188} INFO - [2026-05-29T12:25:56.914+0000] {dagbag.py:540} INFO - Filling up the DagBag from /opt/airflow/dags/inegi_playwright_dag.py
[2026-05-29T12:25:57.001+0000] {processor.py:840} INFO - DAG(s) 'inegi_playwright' retrieved from /opt/airflow/dags/inegi_playwright_dag.py
[2026-05-29T12:25:57.104+0000] {logging_mixin.py:188} INFO - [2026-05-29T12:25:57.103+0000] {dag.py:3047} INFO - Sync 1 DAGs
[2026-05-29T12:25:57.202+0000] {logging_mixin.py:188} INFO - [2026-05-29T12:25:57.201+0000] {dag.py:3834} INFO - Setting next_dagrun for inegi_playwright to 2026-05-29 00:00:00+00:00, run_after=2026-05-30 00:00:00+00:00
[2026-05-29T12:25:57.297+0000] {processor.py:183} INFO - Processing /opt/airflow/dags/inegi_playwright_dag.py took 0.414 seconds
[2026-05-29T12:26:27.904+0000] {processor.py:161} INFO - Started process (PID=3536) to work on /opt/airflow/dags/inegi_playwright_dag.py
[2026-05-29T12:26:27.983+0000] {processor.py:830} INFO - Processing file /opt/airflow/dags/inegi_playwright_dag.py for tasks to queue
[2026-05-29T12:26:28.022+0000] {logging_mixin.py:188} INFO - [2026-05-29T12:26:28.020+0000] {dagbag.py:540} INFO - Filling up the DagBag from /opt/airflow/dags/inegi_playwright_dag.py
[2026-05-29T12:26:28.730+0000] {processor.py:840} INFO - DAG(s) 'inegi_playwright' retrieved from /opt/airflow/dags/inegi_playwright_dag.py
[2026-05-29T12:26:28.988+0000] {logging_mixin.py:188} INFO - [2026-05-29T12:26:28.987+0000] {dag.py:3047} INFO - Sync 1 DAGs
[2026-05-29T12:26:29.128+0000] {logging_mixin.py:188} INFO - [2026-05-29T12:26:29.128+0000] {dag.py:3834} INFO - Setting next_dagrun for inegi_playwright to 2026-05-29 00:00:00+00:00, run_after=2026-05-30 00:00:00+00:00
[2026-05-29T12:26:29.217+0000] {processor.py:183} INFO - Processing /opt/airflow/dags/inegi_playwright_dag.py took 1.403 seconds
[2026-05-29T12:27:05.980+0000] {processor.py:161} INFO - Started process (PID=3566) to work on /opt/airflow/dags/inegi_playwright_dag.py
[2026-05-29T12:27:05.992+0000] {processor.py:830} INFO - Processing file /opt/airflow/dags/inegi_playwright_dag.py for tasks to queue
[2026-05-29T12:27:06.005+0000] {logging_mixin.py:188} INFO - [2026-05-29T12:27:06.004+0000] {dagbag.py:540} INFO - Filling up the DagBag from /opt/airflow/dags/inegi_playwright_dag.py
[2026-05-29T12:27:08.241+0000] {processor.py:840} INFO - DAG(s) 'inegi_playwright' retrieved from /opt/airflow/dags/inegi_playwright_dag.py
[2026-05-29T12:27:08.457+0000] {logging_mixin.py:188} INFO - [2026-05-29T12:27:08.456+0000] {dag.py:3047} INFO - Sync 1 DAGs
[2026-05-29T12:27:08.664+0000] {logging_mixin.py:188} INFO - [2026-05-29T12:27:08.664+0000] {dag.py:3834} INFO - Setting next_dagrun for inegi_playwright to 2026-05-29 00:00:00+00:00, run_after=2026-05-30 00:00:00+00:00
[2026-05-29T12:27:08.812+0000] {processor.py:183} INFO - Processing /opt/airflow/dags/inegi_playwright_dag.py took 2.864 seconds
[2026-05-29T12:27:39.479+0000] {processor.py:161} INFO - Started process (PID=3598) to work on /opt/airflow/dags/inegi_playwright_dag.py
[2026-05-29T12:27:39.482+0000] {processor.py:830} INFO - Processing file /opt/airflow/dags/inegi_playwright_dag.py for tasks to queue
[2026-05-29T12:27:39.485+0000] {logging_mixin.py:188} INFO - [2026-05-29T12:27:39.484+0000] {dagbag.py:540} INFO - Filling up the DagBag from /opt/airflow/dags/inegi_playwright_dag.py
[2026-05-29T12:27:39.567+0000] {processor.py:840} INFO - DAG(s) 'inegi_playwright' retrieved from /opt/airflow/dags/inegi_playwright_dag.py
[2026-05-29T12:27:39.788+0000] {logging_mixin.py:188} INFO - [2026-05-29T12:27:39.787+0000] {dag.py:3047} INFO - Sync 1 DAGs
[2026-05-29T12:27:39.940+0000] {logging_mixin.py:188} INFO - [2026-05-29T12:27:39.940+0000] {dag.py:3834} INFO - Setting next_dagrun for inegi_playwright to 2026-05-29 00:00:00+00:00, run_after=2026-05-30 00:00:00+00:00
[2026-05-29T12:27:40.065+0000] {processor.py:183} INFO - Processing /opt/airflow/dags/inegi_playwright_dag.py took 0.611 seconds
[2026-05-29T12:28:10.872+0000] {processor.py:161} INFO - Started process (PID=3628) to work on /opt/airflow/dags/inegi_playwright_dag.py
[2026-05-29T12:28:10.875+0000] {processor.py:830} INFO - Processing file /opt/airflow/dags/inegi_playwright_dag.py for tasks to queue
[2026-05-29T12:28:10.878+0000] {logging_mixin.py:188} INFO - [2026-05-29T12:28:10.877+0000] {dagbag.py:540} INFO - Filling up the DagBag from /opt/airflow/dags/inegi_playwright_dag.py
[2026-05-29T12:28:10.943+0000] {processor.py:840} INFO - DAG(s) 'inegi_playwright' retrieved from /opt/airflow/dags/inegi_playwright_dag.py
[2026-05-29T12:28:11.016+0000] {logging_mixin.py:188} INFO - [2026-05-29T12:28:11.015+0000] {dag.py:3047} INFO - Sync 1 DAGs
[2026-05-29T12:28:11.132+0000] {logging_mixin.py:188} INFO - [2026-05-29T12:28:11.131+0000] {dag.py:3834} INFO - Setting next_dagrun for inegi_playwright to 2026-05-29 00:00:00+00:00, run_after=2026-05-30 00:00:00+00:00
[2026-05-29T12:28:11.244+0000] {processor.py:183} INFO - Processing /opt/airflow/dags/inegi_playwright_dag.py took 0.387 seconds
[2026-05-29T12:28:42.158+0000] {processor.py:161} INFO - Started process (PID=3656) to work on /opt/airflow/dags/inegi_playwright_dag.py
[2026-05-29T12:28:42.162+0000] {processor.py:830} INFO - Processing file /opt/airflow/dags/inegi_playwright_dag.py for tasks to queue
[2026-05-29T12:28:42.179+0000] {logging_mixin.py:188} INFO - [2026-05-29T12:28:42.178+0000] {dagbag.py:540} INFO - Filling up the DagBag from /opt/airflow/dags/inegi_playwright_dag.py
[2026-05-29T12:28:42.384+0000] {processor.py:840} INFO - DAG(s) 'inegi_playwright' retrieved from /opt/airflow/dags/inegi_playwright_dag.py
[2026-05-29T12:28:42.675+0000] {logging_mixin.py:188} INFO - [2026-05-29T12:28:42.674+0000] {dag.py:3047} INFO - Sync 1 DAGs
[2026-05-29T12:28:42.765+0000] {logging_mixin.py:188} INFO - [2026-05-29T12:28:42.764+0000] {dag.py:3834} INFO - Setting next_dagrun for inegi_playwright to 2026-05-29 00:00:00+00:00, run_after=2026-05-30 00:00:00+00:00
[2026-05-29T12:28:42.910+0000] {processor.py:183} INFO - Processing /opt/airflow/dags/inegi_playwright_dag.py took 0.785 seconds
[2026-05-29T12:29:13.466+0000] {processor.py:161} INFO - Started process (PID=3686) to work on /opt/airflow/dags/inegi_playwright_dag.py
[2026-05-29T12:29:13.481+0000] {processor.py:830} INFO - Processing file /opt/airflow/dags/inegi_playwright_dag.py for tasks to queue
[2026-05-29T12:29:13.490+0000] {logging_mixin.py:188} INFO - [2026-05-29T12:29:13.489+0000] {dagbag.py:540} INFO - Filling up the DagBag from /opt/airflow/dags/inegi_playwright_dag.py
[2026-05-29T12:29:13.604+0000] {processor.py:840} INFO - DAG(s) 'inegi_playwright' retrieved from /opt/airflow/dags/inegi_playwright_dag.py
[2026-05-29T12:29:13.716+0000] {logging_mixin.py:188} INFO - [2026-05-29T12:29:13.715+0000] {dag.py:3047} INFO - Sync 1 DAGs
[2026-05-29T12:29:13.851+0000] {logging_mixin.py:188} INFO - [2026-05-29T12:29:13.850+0000] {dag.py:3834} INFO - Setting next_dagrun for inegi_playwright to 2026-05-29 00:00:00+00:00, run_after=2026-05-30 00:00:00+00:00
[2026-05-29T12:29:14.069+0000] {processor.py:183} INFO - Processing /opt/airflow/dags/inegi_playwright_dag.py took 0.624 seconds
[2026-05-29T12:29:45.864+0000] {processor.py:161} INFO - Started process (PID=3716) to work on /opt/airflow/dags/inegi_playwright_dag.py
[2026-05-29T12:29:45.880+0000] {processor.py:830} INFO - Processing file /opt/airflow/dags/inegi_playwright_dag.py for tasks to queue
[2026-05-29T12:29:45.884+0000] {logging_mixin.py:188} INFO - [2026-05-29T12:29:45.883+0000] {dagbag.py:540} INFO - Filling up the DagBag from /opt/airflow/dags/inegi_playwright_dag.py
[2026-05-29T12:29:46.066+0000] {processor.py:840} INFO - DAG(s) 'inegi_playwright' retrieved from /opt/airflow/dags/inegi_playwright_dag.py
[2026-05-29T12:29:46.232+0000] {logging_mixin.py:188} INFO - [2026-05-29T12:29:46.231+0000] {dag.py:3047} INFO - Sync 1 DAGs
[2026-05-29T12:29:46.396+0000] {logging_mixin.py:188} INFO - [2026-05-29T12:29:46.385+0000] {dag.py:3834} INFO - Setting next_dagrun for inegi_playwright to 2026-05-29 00:00:00+00:00, run_after=2026-05-30 00:00:00+00:00
[2026-05-29T12:29:46.561+0000] {processor.py:183} INFO - Processing /opt/airflow/dags/inegi_playwright_dag.py took 0.731 seconds
[2026-05-29T12:30:17.836+0000] {processor.py:161} INFO - Started process (PID=3746) to work on /opt/airflow/dags/inegi_playwright_dag.py
[2026-05-29T12:30:17.840+0000] {processor.py:830} INFO - Processing file /opt/airflow/dags/inegi_playwright_dag.py for tasks to queue
[2026-05-29T12:30:17.843+0000] {logging_mixin.py:188} INFO - [2026-05-29T12:30:17.842+0000] {dagbag.py:540} INFO - Filling up the DagBag from /opt/airflow/dags/inegi_playwright_dag.py
[2026-05-29T12:30:17.906+0000] {processor.py:840} INFO - DAG(s) 'inegi_playwright' retrieved from /opt/airflow/dags/inegi_playwright_dag.py
[2026-05-29T12:30:18.001+0000] {logging_mixin.py:188} INFO - [2026-05-29T12:30:18.000+0000] {dag.py:3047} INFO - Sync 1 DAGs
[2026-05-29T12:30:18.092+0000] {logging_mixin.py:188} INFO - [2026-05-29T12:30:18.087+0000] {dag.py:3834} INFO - Setting next_dagrun for inegi_playwright to 2026-05-29 00:00:00+00:00, run_after=2026-05-30 00:00:00+00:00
[2026-05-29T12:30:18.202+0000] {processor.py:183} INFO - Processing /opt/airflow/dags/inegi_playwright_dag.py took 0.377 seconds
[2026-05-29T12:30:49.231+0000] {processor.py:161} INFO - Started process (PID=3776) to work on /opt/airflow/dags/inegi_playwright_dag.py
[2026-05-29T12:30:49.239+0000] {processor.py:830} INFO - Processing file /opt/airflow/dags/inegi_playwright_dag.py for tasks to queue
[2026-05-29T12:30:49.243+0000] {logging_mixin.py:188} INFO - [2026-05-29T12:30:49.242+0000] {dagbag.py:540} INFO - Filling up the DagBag from /opt/airflow/dags/inegi_playwright_dag.py
[2026-05-29T12:30:49.373+0000] {processor.py:840} INFO - DAG(s) 'inegi_playwright' retrieved from /opt/airflow/dags/inegi_playwright_dag.py
[2026-05-29T12:30:49.599+0000] {logging_mixin.py:188} INFO - [2026-05-29T12:30:49.599+0000] {dag.py:3047} INFO - Sync 1 DAGs
[2026-05-29T12:30:49.844+0000] {logging_mixin.py:188} INFO - [2026-05-29T12:30:49.832+0000] {dag.py:3834} INFO - Setting next_dagrun for inegi_playwright to 2026-05-29 00:00:00+00:00, run_after=2026-05-30 00:00:00+00:00
[2026-05-29T12:30:50.053+0000] {processor.py:183} INFO - Processing /opt/airflow/dags/inegi_playwright_dag.py took 0.834 seconds
[2026-05-29T12:31:21.757+0000] {processor.py:161} INFO - Started process (PID=3808) to work on /opt/airflow/dags/inegi_playwright_dag.py
[2026-05-29T12:31:21.760+0000] {processor.py:830} INFO - Processing file /opt/airflow/dags/inegi_playwright_dag.py for tasks to queue
[2026-05-29T12:31:21.764+0000] {logging_mixin.py:188} INFO - [2026-05-29T12:31:21.763+0000] {dagbag.py:540} INFO - Filling up the DagBag from /opt/airflow/dags/inegi_playwright_dag.py
[2026-05-29T12:31:21.843+0000] {processor.py:840} INFO - DAG(s) 'inegi_playwright' retrieved from /opt/airflow/dags/inegi_playwright_dag.py
[2026-05-29T12:31:21.931+0000] {logging_mixin.py:188} INFO - [2026-05-29T12:31:21.930+0000] {dag.py:3047} INFO - Sync 1 DAGs
[2026-05-29T12:31:22.037+0000] {logging_mixin.py:188} INFO - [2026-05-29T12:31:22.036+0000] {dag.py:3834} INFO - Setting next_dagrun for inegi_playwright to 2026-05-29 00:00:00+00:00, run_after=2026-05-30 00:00:00+00:00
[2026-05-29T12:31:22.193+0000] {processor.py:183} INFO - Processing /opt/airflow/dags/inegi_playwright_dag.py took 0.449 seconds
[2026-05-29T12:31:53.660+0000] {processor.py:161} INFO - Started process (PID=3838) to work on /opt/airflow/dags/inegi_playwright_dag.py
[2026-05-29T12:31:53.663+0000] {processor.py:830} INFO - Processing file /opt/airflow/dags/inegi_playwright_dag.py for tasks to queue
[2026-05-29T12:31:53.666+0000] {logging_mixin.py:188} INFO - [2026-05-29T12:31:53.665+0000] {dagbag.py:540} INFO - Filling up the DagBag from /opt/airflow/dags/inegi_playwright_dag.py
[2026-05-29T12:31:53.742+0000] {processor.py:840} INFO - DAG(s) 'inegi_playwright' retrieved from /opt/airflow/dags/inegi_playwright_dag.py
[2026-05-29T12:31:53.814+0000] {logging_mixin.py:188} INFO - [2026-05-29T12:31:53.813+0000] {dag.py:3047} INFO - Sync 1 DAGs
[2026-05-29T12:31:53.877+0000] {logging_mixin.py:188} INFO - [2026-05-29T12:31:53.876+0000] {dag.py:3834} INFO - Setting next_dagrun for inegi_playwright to 2026-05-29 00:00:00+00:00, run_after=2026-05-30 00:00:00+00:00
[2026-05-29T12:31:53.929+0000] {processor.py:183} INFO - Processing /opt/airflow/dags/inegi_playwright_dag.py took 0.278 seconds
[2026-05-29T12:32:24.250+0000] {processor.py:161} INFO - Started process (PID=3868) to work on /opt/airflow/dags/inegi_playwright_dag.py
[2026-05-29T12:32:24.258+0000] {processor.py:830} INFO - Processing file /opt/airflow/dags/inegi_playwright_dag.py for tasks to queue
[2026-05-29T12:32:24.263+0000] {logging_mixin.py:188} INFO - [2026-05-29T12:32:24.262+0000] {dagbag.py:540} INFO - Filling up the DagBag from /opt/airflow/dags/inegi_playwright_dag.py
[2026-05-29T12:32:24.391+0000] {processor.py:840} INFO - DAG(s) 'inegi_playwright' retrieved from /opt/airflow/dags/inegi_playwright_dag.py
[2026-05-29T12:32:24.589+0000] {logging_mixin.py:188} INFO - [2026-05-29T12:32:24.589+0000] {dag.py:3047} INFO - Sync 1 DAGs
[2026-05-29T12:32:24.781+0000] {logging_mixin.py:188} INFO - [2026-05-29T12:32:24.780+0000] {dag.py:3834} INFO - Setting next_dagrun for inegi_playwright to 2026-05-29 00:00:00+00:00, run_after=2026-05-30 00:00:00+00:00
[2026-05-29T12:32:25.056+0000] {processor.py:183} INFO - Processing /opt/airflow/dags/inegi_playwright_dag.py took 0.828 seconds
[2026-05-29T12:32:55.712+0000] {processor.py:161} INFO - Started process (PID=3898) to work on /opt/airflow/dags/inegi_playwright_dag.py
[2026-05-29T12:32:55.716+0000] {processor.py:830} INFO - Processing file /opt/airflow/dags/inegi_playwright_dag.py for tasks to queue
[2026-05-29T12:32:55.719+0000] {logging_mixin.py:188} INFO - [2026-05-29T12:32:55.718+0000] {dagbag.py:540} INFO - Filling up the DagBag from /opt/airflow/dags/inegi_playwright_dag.py
[2026-05-29T12:32:55.783+0000] {processor.py:840} INFO - DAG(s) 'inegi_playwright' retrieved from /opt/airflow/dags/inegi_playwright_dag.py
[2026-05-29T12:32:55.859+0000] {logging_mixin.py:188} INFO - [2026-05-29T12:32:55.858+0000] {dag.py:3047} INFO - Sync 1 DAGs
[2026-05-29T12:32:55.941+0000] {logging_mixin.py:188} INFO - [2026-05-29T12:32:55.940+0000] {dag.py:3834} INFO - Setting next_dagrun for inegi_playwright to 2026-05-29 00:00:00+00:00, run_after=2026-05-30 00:00:00+00:00
[2026-05-29T12:32:56.040+0000] {processor.py:183} INFO - Processing /opt/airflow/dags/inegi_playwright_dag.py took 0.342 seconds
[2026-05-29T12:33:26.656+0000] {processor.py:161} INFO - Started process (PID=3928) to work on /opt/airflow/dags/inegi_playwright_dag.py
[2026-05-29T12:33:26.659+0000] {processor.py:830} INFO - Processing file /opt/airflow/dags/inegi_playwright_dag.py for tasks to queue
[2026-05-29T12:33:26.662+0000] {logging_mixin.py:188} INFO - [2026-05-29T12:33:26.661+0000] {dagbag.py:540} INFO - Filling up the DagBag from /opt/airflow/dags/inegi_playwright_dag.py
[2026-05-29T12:33:26.721+0000] {processor.py:840} INFO - DAG(s) 'inegi_playwright' retrieved from /opt/airflow/dags/inegi_playwright_dag.py
[2026-05-29T12:33:26.797+0000] {logging_mixin.py:188} INFO - [2026-05-29T12:33:26.796+0000] {dag.py:3047} INFO - Sync 1 DAGs
[2026-05-29T12:33:26.865+0000] {logging_mixin.py:188} INFO - [2026-05-29T12:33:26.864+0000] {dag.py:3834} INFO - Setting next_dagrun for inegi_playwright to 2026-05-29 00:00:00+00:00, run_after=2026-05-30 00:00:00+00:00
[2026-05-29T12:33:26.964+0000] {processor.py:183} INFO - Processing /opt/airflow/dags/inegi_playwright_dag.py took 0.319 seconds
[2026-05-29T12:33:59.438+0000] {processor.py:161} INFO - Started process (PID=3956) to work on /opt/airflow/dags/inegi_playwright_dag.py
[2026-05-29T12:33:59.455+0000] {processor.py:830} INFO - Processing file /opt/airflow/dags/inegi_playwright_dag.py for tasks to queue
[2026-05-29T12:33:59.470+0000] {logging_mixin.py:188} INFO - [2026-05-29T12:33:59.469+0000] {dagbag.py:540} INFO - Filling up the DagBag from /opt/airflow/dags/inegi_playwright_dag.py
[2026-05-29T12:33:59.728+0000] {processor.py:840} INFO - DAG(s) 'inegi_playwright' retrieved from /opt/airflow/dags/inegi_playwright_dag.py
[2026-05-29T12:34:00.287+0000] {logging_mixin.py:188} INFO - [2026-05-29T12:34:00.287+0000] {dag.py:3047} INFO - Sync 1 DAGs
[2026-05-29T12:34:01.104+0000] {logging_mixin.py:188} INFO - [2026-05-29T12:34:01.090+0000] {dag.py:3834} INFO - Setting next_dagrun for inegi_playwright to 2026-05-29 00:00:00+00:00, run_after=2026-05-30 00:00:00+00:00
[2026-05-29T12:34:02.215+0000] {processor.py:183} INFO - Processing /opt/airflow/dags/inegi_playwright_dag.py took 2.810 seconds
[2026-05-29T12:34:32.845+0000] {processor.py:161} INFO - Started process (PID=3986) to work on /opt/airflow/dags/inegi_playwright_dag.py
[2026-05-29T12:34:32.851+0000] {processor.py:830} INFO - Processing file /opt/airflow/dags/inegi_playwright_dag.py for tasks to queue
[2026-05-29T12:34:32.854+0000] {logging_mixin.py:188} INFO - [2026-05-29T12:34:32.853+0000] {dagbag.py:540} INFO - Filling up the DagBag from /opt/airflow/dags/inegi_playwright_dag.py
[2026-05-29T12:34:32.933+0000] {processor.py:840} INFO - DAG(s) 'inegi_playwright' retrieved from /opt/airflow/dags/inegi_playwright_dag.py
[2026-05-29T12:34:33.015+0000] {logging_mixin.py:188} INFO - [2026-05-29T12:34:33.014+0000] {dag.py:3047} INFO - Sync 1 DAGs
[2026-05-29T12:34:33.163+0000] {logging_mixin.py:188} INFO - [2026-05-29T12:34:33.162+0000] {dag.py:3834} INFO - Setting next_dagrun for inegi_playwright to 2026-05-29 00:00:00+00:00, run_after=2026-05-30 00:00:00+00:00
[2026-05-29T12:34:33.399+0000] {processor.py:183} INFO - Processing /opt/airflow/dags/inegi_playwright_dag.py took 0.569 seconds
[2026-05-29T12:35:04.634+0000] {processor.py:161} INFO - Started process (PID=4016) to work on /opt/airflow/dags/inegi_playwright_dag.py
[2026-05-29T12:35:04.648+0000] {processor.py:830} INFO - Processing file /opt/airflow/dags/inegi_playwright_dag.py for tasks to queue
[2026-05-29T12:35:04.654+0000] {logging_mixin.py:188} INFO - [2026-05-29T12:35:04.653+0000] {dagbag.py:540} INFO - Filling up the DagBag from /opt/airflow/dags/inegi_playwright_dag.py
[2026-05-29T12:35:04.811+0000] {processor.py:840} INFO - DAG(s) 'inegi_playwright' retrieved from /opt/airflow/dags/inegi_playwright_dag.py
[2026-05-29T12:35:04.905+0000] {logging_mixin.py:188} INFO - [2026-05-29T12:35:04.905+0000] {dag.py:3047} INFO - Sync 1 DAGs
[2026-05-29T12:35:04.986+0000] {logging_mixin.py:188} INFO - [2026-05-29T12:35:04.985+0000] {dag.py:3834} INFO - Setting next_dagrun for inegi_playwright to 2026-05-29 00:00:00+00:00, run_after=2026-05-30 00:00:00+00:00
[2026-05-29T12:35:06.055+0000] {processor.py:183} INFO - Processing /opt/airflow/dags/inegi_playwright_dag.py took 1.453 seconds
[2026-05-29T12:35:36.963+0000] {processor.py:161} INFO - Started process (PID=4046) to work on /opt/airflow/dags/inegi_playwright_dag.py
[2026-05-29T12:35:36.967+0000] {processor.py:830} INFO - Processing file /opt/airflow/dags/inegi_playwright_dag.py for tasks to queue
[2026-05-29T12:35:36.971+0000] {logging_mixin.py:188} INFO - [2026-05-29T12:35:36.970+0000] {dagbag.py:540} INFO - Filling up the DagBag from /opt/airflow/dags/inegi_playwright_dag.py
[2026-05-29T12:35:37.061+0000] {processor.py:840} INFO - DAG(s) 'inegi_playwright' retrieved from /opt/airflow/dags/inegi_playwright_dag.py
[2026-05-29T12:35:37.143+0000] {logging_mixin.py:188} INFO - [2026-05-29T12:35:37.143+0000] {dag.py:3047} INFO - Sync 1 DAGs
[2026-05-29T12:35:37.218+0000] {logging_mixin.py:188} INFO - [2026-05-29T12:35:37.218+0000] {dag.py:3834} INFO - Setting next_dagrun for inegi_playwright to 2026-05-29 00:00:00+00:00, run_after=2026-05-30 00:00:00+00:00
[2026-05-29T12:35:37.319+0000] {processor.py:183} INFO - Processing /opt/airflow/dags/inegi_playwright_dag.py took 0.371 seconds
[2026-05-29T12:36:09.058+0000] {processor.py:161} INFO - Started process (PID=4076) to work on /opt/airflow/dags/inegi_playwright_dag.py
[2026-05-29T12:36:09.080+0000] {processor.py:830} INFO - Processing file /opt/airflow/dags/inegi_playwright_dag.py for tasks to queue
[2026-05-29T12:36:09.089+0000] {logging_mixin.py:188} INFO - [2026-05-29T12:36:09.088+0000] {dagbag.py:540} INFO - Filling up the DagBag from /opt/airflow/dags/inegi_playwright_dag.py
[2026-05-29T12:36:09.236+0000] {processor.py:840} INFO - DAG(s) 'inegi_playwright' retrieved from /opt/airflow/dags/inegi_playwright_dag.py
[2026-05-29T12:36:09.507+0000] {logging_mixin.py:188} INFO - [2026-05-29T12:36:09.507+0000] {dag.py:3047} INFO - Sync 1 DAGs
[2026-05-29T12:36:09.735+0000] {logging_mixin.py:188} INFO - [2026-05-29T12:36:09.734+0000] {dag.py:3834} INFO - Setting next_dagrun for inegi_playwright to 2026-05-29 00:00:00+00:00, run_after=2026-05-30 00:00:00+00:00
[2026-05-29T12:36:09.943+0000] {processor.py:183} INFO - Processing /opt/airflow/dags/inegi_playwright_dag.py took 0.914 seconds
[2026-05-29T12:36:41.264+0000] {processor.py:161} INFO - Started process (PID=4108) to work on /opt/airflow/dags/inegi_playwright_dag.py
[2026-05-29T12:36:41.267+0000] {processor.py:830} INFO - Processing file /opt/airflow/dags/inegi_playwright_dag.py for tasks to queue
[2026-05-29T12:36:41.270+0000] {logging_mixin.py:188} INFO - [2026-05-29T12:36:41.269+0000] {dagbag.py:540} INFO - Filling up the DagBag from /opt/airflow/dags/inegi_playwright_dag.py
[2026-05-29T12:36:41.326+0000] {processor.py:840} INFO - DAG(s) 'inegi_playwright' retrieved from /opt/airflow/dags/inegi_playwright_dag.py
[2026-05-29T12:36:41.402+0000] {logging_mixin.py:188} INFO - [2026-05-29T12:36:41.402+0000] {dag.py:3047} INFO - Sync 1 DAGs
[2026-05-29T12:36:41.478+0000] {logging_mixin.py:188} INFO - [2026-05-29T12:36:41.477+0000] {dag.py:3834} INFO - Setting next_dagrun for inegi_playwright to 2026-05-29 00:00:00+00:00, run_after=2026-05-30 00:00:00+00:00
[2026-05-29T12:36:41.531+0000] {processor.py:183} INFO - Processing /opt/airflow/dags/inegi_playwright_dag.py took 0.276 seconds
[2026-05-29T12:37:12.571+0000] {processor.py:161} INFO - Started process (PID=4138) to work on /opt/airflow/dags/inegi_playwright_dag.py
[2026-05-29T12:37:12.575+0000] {processor.py:830} INFO - Processing file /opt/airflow/dags/inegi_playwright_dag.py for tasks to queue
[2026-05-29T12:37:12.579+0000] {logging_mixin.py:188} INFO - [2026-05-29T12:37:12.578+0000] {dagbag.py:540} INFO - Filling up the DagBag from /opt/airflow/dags/inegi_playwright_dag.py
[2026-05-29T12:37:12.664+0000] {processor.py:840} INFO - DAG(s) 'inegi_playwright' retrieved from /opt/airflow/dags/inegi_playwright_dag.py
[2026-05-29T12:37:12.910+0000] {logging_mixin.py:188} INFO - [2026-05-29T12:37:12.909+0000] {dag.py:3047} INFO - Sync 1 DAGs
[2026-05-29T12:37:13.138+0000] {logging_mixin.py:188} INFO - [2026-05-29T12:37:13.126+0000] {dag.py:3834} INFO - Setting next_dagrun for inegi_playwright to 2026-05-29 00:00:00+00:00, run_after=2026-05-30 00:00:00+00:00
[2026-05-29T12:37:13.301+0000] {processor.py:183} INFO - Processing /opt/airflow/dags/inegi_playwright_dag.py took 0.753 seconds
[2026-05-29T12:37:49.269+0000] {processor.py:161} INFO - Started process (PID=4166) to work on /opt/airflow/dags/inegi_playwright_dag.py
[2026-05-29T12:37:49.360+0000] {processor.py:830} INFO - Processing file /opt/airflow/dags/inegi_playwright_dag.py for tasks to queue
[2026-05-29T12:37:49.364+0000] {logging_mixin.py:188} INFO - [2026-05-29T12:37:49.363+0000] {dagbag.py:540} INFO - Filling up the DagBag from /opt/airflow/dags/inegi_playwright_dag.py
[2026-05-29T12:37:50.572+0000] {processor.py:840} INFO - DAG(s) 'inegi_playwright' retrieved from /opt/airflow/dags/inegi_playwright_dag.py
[2026-05-29T12:37:50.856+0000] {logging_mixin.py:188} INFO - [2026-05-29T12:37:50.856+0000] {dag.py:3047} INFO - Sync 1 DAGs
[2026-05-29T12:37:51.063+0000] {logging_mixin.py:188} INFO - [2026-05-29T12:37:51.062+0000] {dag.py:3834} INFO - Setting next_dagrun for inegi_playwright to 2026-05-29 00:00:00+00:00, run_after=2026-05-30 00:00:00+00:00
[2026-05-29T12:37:51.165+0000] {processor.py:183} INFO - Processing /opt/airflow/dags/inegi_playwright_dag.py took 1.905 seconds
[2026-05-29T12:38:22.748+0000] {processor.py:161} INFO - Started process (PID=4196) to work on /opt/airflow/dags/inegi_playwright_dag.py
[2026-05-29T12:38:22.752+0000] {processor.py:830} INFO - Processing file /opt/airflow/dags/inegi_playwright_dag.py for tasks to queue
[2026-05-29T12:38:22.765+0000] {logging_mixin.py:188} INFO - [2026-05-29T12:38:22.763+0000] {dagbag.py:540} INFO - Filling up the DagBag from /opt/airflow/dags/inegi_playwright_dag.py
[2026-05-29T12:38:23.005+0000] {processor.py:840} INFO - DAG(s) 'inegi_playwright' retrieved from /opt/airflow/dags/inegi_playwright_dag.py
[2026-05-29T12:38:23.198+0000] {logging_mixin.py:188} INFO - [2026-05-29T12:38:23.197+0000] {dag.py:3047} INFO - Sync 1 DAGs
[2026-05-29T12:38:23.391+0000] {logging_mixin.py:188} INFO - [2026-05-29T12:38:23.391+0000] {dag.py:3834} INFO - Setting next_dagrun for inegi_playwright to 2026-05-29 00:00:00+00:00, run_after=2026-05-30 00:00:00+00:00
[2026-05-29T12:38:23.594+0000] {processor.py:183} INFO - Processing /opt/airflow/dags/inegi_playwright_dag.py took 0.883 seconds
[2026-05-29T12:38:55.006+0000] {processor.py:161} INFO - Started process (PID=4228) to work on /opt/airflow/dags/inegi_playwright_dag.py
[2026-05-29T12:38:55.058+0000] {processor.py:830} INFO - Processing file /opt/airflow/dags/inegi_playwright_dag.py for tasks to queue
[2026-05-29T12:38:55.063+0000] {logging_mixin.py:188} INFO - [2026-05-29T12:38:55.062+0000] {dagbag.py:540} INFO - Filling up the DagBag from /opt/airflow/dags/inegi_playwright_dag.py
[2026-05-29T12:38:55.189+0000] {processor.py:840} INFO - DAG(s) 'inegi_playwright' retrieved from /opt/airflow/dags/inegi_playwright_dag.py
[2026-05-29T12:38:55.306+0000] {logging_mixin.py:188} INFO - [2026-05-29T12:38:55.305+0000] {dag.py:3047} INFO - Sync 1 DAGs
[2026-05-29T12:38:55.491+0000] {logging_mixin.py:188} INFO - [2026-05-29T12:38:55.490+0000] {dag.py:3834} INFO - Setting next_dagrun for inegi_playwright to 2026-05-29 00:00:00+00:00, run_after=2026-05-30 00:00:00+00:00
[2026-05-29T12:38:55.653+0000] {processor.py:183} INFO - Processing /opt/airflow/dags/inegi_playwright_dag.py took 0.680 seconds
[2026-05-29T12:39:28.764+0000] {processor.py:161} INFO - Started process (PID=4256) to work on /opt/airflow/dags/inegi_playwright_dag.py
[2026-05-29T12:39:28.786+0000] {processor.py:830} INFO - Processing file /opt/airflow/dags/inegi_playwright_dag.py for tasks to queue
[2026-05-29T12:39:28.828+0000] {logging_mixin.py:188} INFO - [2026-05-29T12:39:28.827+0000] {dagbag.py:540} INFO - Filling up the DagBag from /opt/airflow/dags/inegi_playwright_dag.py
[2026-05-29T12:39:29.882+0000] {processor.py:840} INFO - DAG(s) 'inegi_playwright' retrieved from /opt/airflow/dags/inegi_playwright_dag.py
[2026-05-29T12:39:30.044+0000] {logging_mixin.py:188} INFO - [2026-05-29T12:39:30.043+0000] {dag.py:3047} INFO - Sync 1 DAGs
[2026-05-29T12:39:30.244+0000] {logging_mixin.py:188} INFO - [2026-05-29T12:39:30.243+0000] {dag.py:3834} INFO - Setting next_dagrun for inegi_playwright to 2026-05-29 00:00:00+00:00, run_after=2026-05-30 00:00:00+00:00
[2026-05-29T12:39:30.372+0000] {processor.py:183} INFO - Processing /opt/airflow/dags/inegi_playwright_dag.py took 1.631 seconds
[2026-05-29T12:40:01.220+0000] {processor.py:161} INFO - Started process (PID=4288) to work on /opt/airflow/dags/inegi_playwright_dag.py
[2026-05-29T12:40:01.226+0000] {processor.py:830} INFO - Processing file /opt/airflow/dags/inegi_playwright_dag.py for tasks to queue
[2026-05-29T12:40:01.235+0000] {logging_mixin.py:188} INFO - [2026-05-29T12:40:01.230+0000] {dagbag.py:540} INFO - Filling up the DagBag from /opt/airflow/dags/inegi_playwright_dag.py
[2026-05-29T12:40:01.324+0000] {processor.py:840} INFO - DAG(s) 'inegi_playwright' retrieved from /opt/airflow/dags/inegi_playwright_dag.py
[2026-05-29T12:40:01.463+0000] {logging_mixin.py:188} INFO - [2026-05-29T12:40:01.462+0000] {dag.py:3047} INFO - Sync 1 DAGs
[2026-05-29T12:40:01.586+0000] {logging_mixin.py:188} INFO - [2026-05-29T12:40:01.584+0000] {dag.py:3834} INFO - Setting next_dagrun for inegi_playwright to 2026-05-29 00:00:00+00:00, run_after=2026-05-30 00:00:00+00:00
[2026-05-29T12:40:01.689+0000] {processor.py:183} INFO - Processing /opt/airflow/dags/inegi_playwright_dag.py took 0.494 seconds
[2026-05-29T12:40:32.128+0000] {processor.py:161} INFO - Started process (PID=4318) to work on /opt/airflow/dags/inegi_playwright_dag.py
[2026-05-29T12:40:32.131+0000] {processor.py:830} INFO - Processing file /opt/airflow/dags/inegi_playwright_dag.py for tasks to queue
[2026-05-29T12:40:32.134+0000] {logging_mixin.py:188} INFO - [2026-05-29T12:40:32.133+0000] {dagbag.py:540} INFO - Filling up the DagBag from /opt/airflow/dags/inegi_playwright_dag.py
[2026-05-29T12:40:32.191+0000] {processor.py:840} INFO - DAG(s) 'inegi_playwright' retrieved from /opt/airflow/dags/inegi_playwright_dag.py
[2026-05-29T12:40:32.265+0000] {logging_mixin.py:188} INFO - [2026-05-29T12:40:32.264+0000] {dag.py:3047} INFO - Sync 1 DAGs
[2026-05-29T12:40:32.331+0000] {logging_mixin.py:188} INFO - [2026-05-29T12:40:32.330+0000] {dag.py:3834} INFO - Setting next_dagrun for inegi_playwright to 2026-05-29 00:00:00+00:00, run_after=2026-05-30 00:00:00+00:00
[2026-05-29T12:40:32.464+0000] {processor.py:183} INFO - Processing /opt/airflow/dags/inegi_playwright_dag.py took 0.347 seconds
[2026-05-29T12:41:02.882+0000] {processor.py:161} INFO - Started process (PID=4348) to work on /opt/airflow/dags/inegi_playwright_dag.py
[2026-05-29T12:41:02.886+0000] {processor.py:830} INFO - Processing file /opt/airflow/dags/inegi_playwright_dag.py for tasks to queue
[2026-05-29T12:41:02.891+0000] {logging_mixin.py:188} INFO - [2026-05-29T12:41:02.890+0000] {dagbag.py:540} INFO - Filling up the DagBag from /opt/airflow/dags/inegi_playwright_dag.py
[2026-05-29T12:41:02.978+0000] {processor.py:840} INFO - DAG(s) 'inegi_playwright' retrieved from /opt/airflow/dags/inegi_playwright_dag.py
[2026-05-29T12:41:03.408+0000] {logging_mixin.py:188} INFO - [2026-05-29T12:41:03.394+0000] {dag.py:3047} INFO - Sync 1 DAGs
[2026-05-29T12:41:03.916+0000] {logging_mixin.py:188} INFO - [2026-05-29T12:41:03.916+0000] {dag.py:3834} INFO - Setting next_dagrun for inegi_playwright to 2026-05-29 00:00:00+00:00, run_after=2026-05-30 00:00:00+00:00
[2026-05-29T12:41:04.109+0000] {processor.py:183} INFO - Processing /opt/airflow/dags/inegi_playwright_dag.py took 1.241 seconds
[2026-05-29T12:41:35.369+0000] {processor.py:161} INFO - Started process (PID=4378) to work on /opt/airflow/dags/inegi_playwright_dag.py
[2026-05-29T12:41:35.373+0000] {processor.py:830} INFO - Processing file /opt/airflow/dags/inegi_playwright_dag.py for tasks to queue
[2026-05-29T12:41:35.375+0000] {logging_mixin.py:188} INFO - [2026-05-29T12:41:35.374+0000] {dagbag.py:540} INFO - Filling up the DagBag from /opt/airflow/dags/inegi_playwright_dag.py
[2026-05-29T12:41:35.430+0000] {processor.py:840} INFO - DAG(s) 'inegi_playwright' retrieved from /opt/airflow/dags/inegi_playwright_dag.py
[2026-05-29T12:41:35.515+0000] {logging_mixin.py:188} INFO - [2026-05-29T12:41:35.514+0000] {dag.py:3047} INFO - Sync 1 DAGs
[2026-05-29T12:41:35.580+0000] {logging_mixin.py:188} INFO - [2026-05-29T12:41:35.580+0000] {dag.py:3834} INFO - Setting next_dagrun for inegi_playwright to 2026-05-29 00:00:00+00:00, run_after=2026-05-30 00:00:00+00:00
[2026-05-29T12:41:35.650+0000] {processor.py:183} INFO - Processing /opt/airflow/dags/inegi_playwright_dag.py took 0.291 seconds
[2026-05-29T12:42:07.420+0000] {processor.py:161} INFO - Started process (PID=4406) to work on /opt/airflow/dags/inegi_playwright_dag.py
[2026-05-29T12:42:07.424+0000] {processor.py:830} INFO - Processing file /opt/airflow/dags/inegi_playwright_dag.py for tasks to queue
[2026-05-29T12:42:07.452+0000] {logging_mixin.py:188} INFO - [2026-05-29T12:42:07.450+0000] {dagbag.py:540} INFO - Filling up the DagBag from /opt/airflow/dags/inegi_playwright_dag.py
[2026-05-29T12:42:07.667+0000] {processor.py:840} INFO - DAG(s) 'inegi_playwright' retrieved from /opt/airflow/dags/inegi_playwright_dag.py
[2026-05-29T12:42:07.815+0000] {logging_mixin.py:188} INFO - [2026-05-29T12:42:07.815+0000] {dag.py:3047} INFO - Sync 1 DAGs
[2026-05-29T12:42:07.902+0000] {logging_mixin.py:188} INFO - [2026-05-29T12:42:07.902+0000] {dag.py:3834} INFO - Setting next_dagrun for inegi_playwright to 2026-05-29 00:00:00+00:00, run_after=2026-05-30 00:00:00+00:00
[2026-05-29T12:42:09.737+0000] {processor.py:183} INFO - Processing /opt/airflow/dags/inegi_playwright_dag.py took 2.338 seconds
[2026-05-29T12:42:44.384+0000] {processor.py:161} INFO - Started process (PID=4436) to work on /opt/airflow/dags/inegi_playwright_dag.py
[2026-05-29T12:42:44.429+0000] {processor.py:830} INFO - Processing file /opt/airflow/dags/inegi_playwright_dag.py for tasks to queue
[2026-05-29T12:42:44.461+0000] {logging_mixin.py:188} INFO - [2026-05-29T12:42:44.460+0000] {dagbag.py:540} INFO - Filling up the DagBag from /opt/airflow/dags/inegi_playwright_dag.py
[2026-05-29T12:42:45.885+0000] {processor.py:840} INFO - DAG(s) 'inegi_playwright' retrieved from /opt/airflow/dags/inegi_playwright_dag.py
[2026-05-29T12:42:46.088+0000] {logging_mixin.py:188} INFO - [2026-05-29T12:42:46.087+0000] {dag.py:3047} INFO - Sync 1 DAGs
[2026-05-29T12:42:46.318+0000] {logging_mixin.py:188} INFO - [2026-05-29T12:42:46.318+0000] {dag.py:3834} INFO - Setting next_dagrun for inegi_playwright to 2026-05-29 00:00:00+00:00, run_after=2026-05-30 00:00:00+00:00
[2026-05-29T12:42:46.546+0000] {processor.py:183} INFO - Processing /opt/airflow/dags/inegi_playwright_dag.py took 2.190 seconds
[2026-05-29T12:43:18.269+0000] {processor.py:161} INFO - Started process (PID=4466) to work on /opt/airflow/dags/inegi_playwright_dag.py
[2026-05-29T12:43:18.306+0000] {processor.py:830} INFO - Processing file /opt/airflow/dags/inegi_playwright_dag.py for tasks to queue
[2026-05-29T12:43:18.316+0000] {logging_mixin.py:188} INFO - [2026-05-29T12:43:18.315+0000] {dagbag.py:540} INFO - Filling up the DagBag from /opt/airflow/dags/inegi_playwright_dag.py
[2026-05-29T12:43:19.304+0000] {processor.py:840} INFO - DAG(s) 'inegi_playwright' retrieved from /opt/airflow/dags/inegi_playwright_dag.py
[2026-05-29T12:43:19.985+0000] {logging_mixin.py:188} INFO - [2026-05-29T12:43:19.984+0000] {dag.py:3047} INFO - Sync 1 DAGs
[2026-05-29T12:43:20.513+0000] {logging_mixin.py:188} INFO - [2026-05-29T12:43:20.499+0000] {dag.py:3834} INFO - Setting next_dagrun for inegi_playwright to 2026-05-29 00:00:00+00:00, run_after=2026-05-30 00:00:00+00:00
[2026-05-29T12:43:21.088+0000] {processor.py:183} INFO - Processing /opt/airflow/dags/inegi_playwright_dag.py took 2.839 seconds
[2026-05-29T12:43:55.973+0000] {processor.py:161} INFO - Started process (PID=4496) to work on /opt/airflow/dags/inegi_playwright_dag.py
[2026-05-29T12:43:55.997+0000] {processor.py:830} INFO - Processing file /opt/airflow/dags/inegi_playwright_dag.py for tasks to queue
[2026-05-29T12:43:56.008+0000] {logging_mixin.py:188} INFO - [2026-05-29T12:43:56.007+0000] {dagbag.py:540} INFO - Filling up the DagBag from /opt/airflow/dags/inegi_playwright_dag.py
[2026-05-29T12:43:56.330+0000] {processor.py:840} INFO - DAG(s) 'inegi_playwright' retrieved from /opt/airflow/dags/inegi_playwright_dag.py
[2026-05-29T12:43:56.574+0000] {logging_mixin.py:188} INFO - [2026-05-29T12:43:56.573+0000] {dag.py:3047} INFO - Sync 1 DAGs
[2026-05-29T12:43:56.800+0000] {logging_mixin.py:188} INFO - [2026-05-29T12:43:56.799+0000] {dag.py:3834} INFO - Setting next_dagrun for inegi_playwright to 2026-05-29 00:00:00+00:00, run_after=2026-05-30 00:00:00+00:00
[2026-05-29T12:43:57.086+0000] {processor.py:183} INFO - Processing /opt/airflow/dags/inegi_playwright_dag.py took 1.140 seconds
[2026-05-29T12:44:28.705+0000] {processor.py:161} INFO - Started process (PID=4526) to work on /opt/airflow/dags/inegi_playwright_dag.py
[2026-05-29T12:44:28.719+0000] {processor.py:830} INFO - Processing file /opt/airflow/dags/inegi_playwright_dag.py for tasks to queue
[2026-05-29T12:44:28.734+0000] {logging_mixin.py:188} INFO - [2026-05-29T12:44:28.733+0000] {dagbag.py:540} INFO - Filling up the DagBag from /opt/airflow/dags/inegi_playwright_dag.py
[2026-05-29T12:44:28.987+0000] {processor.py:840} INFO - DAG(s) 'inegi_playwright' retrieved from /opt/airflow/dags/inegi_playwright_dag.py
[2026-05-29T12:44:29.204+0000] {logging_mixin.py:188} INFO - [2026-05-29T12:44:29.192+0000] {dag.py:3047} INFO - Sync 1 DAGs
[2026-05-29T12:44:29.399+0000] {logging_mixin.py:188} INFO - [2026-05-29T12:44:29.398+0000] {dag.py:3834} INFO - Setting next_dagrun for inegi_playwright to 2026-05-29 00:00:00+00:00, run_after=2026-05-30 00:00:00+00:00
[2026-05-29T12:44:29.595+0000] {processor.py:183} INFO - Processing /opt/airflow/dags/inegi_playwright_dag.py took 0.923 seconds
[2026-05-29T12:45:01.177+0000] {processor.py:161} INFO - Started process (PID=4556) to work on /opt/airflow/dags/inegi_playwright_dag.py
[2026-05-29T12:45:01.190+0000] {processor.py:830} INFO - Processing file /opt/airflow/dags/inegi_playwright_dag.py for tasks to queue
[2026-05-29T12:45:01.193+0000] {logging_mixin.py:188} INFO - [2026-05-29T12:45:01.192+0000] {dagbag.py:540} INFO - Filling up the DagBag from /opt/airflow/dags/inegi_playwright_dag.py
[2026-05-29T12:45:01.606+0000] {processor.py:840} INFO - DAG(s) 'inegi_playwright' retrieved from /opt/airflow/dags/inegi_playwright_dag.py
[2026-05-29T12:45:02.537+0000] {logging_mixin.py:188} INFO - [2026-05-29T12:45:02.501+0000] {dag.py:3047} INFO - Sync 1 DAGs
[2026-05-29T12:45:02.944+0000] {logging_mixin.py:188} INFO - [2026-05-29T12:45:02.943+0000] {dag.py:3834} INFO - Setting next_dagrun for inegi_playwright to 2026-05-29 00:00:00+00:00, run_after=2026-05-30 00:00:00+00:00
[2026-05-29T12:45:03.029+0000] {processor.py:183} INFO - Processing /opt/airflow/dags/inegi_playwright_dag.py took 1.903 seconds
[2026-05-29T12:45:33.839+0000] {processor.py:161} INFO - Started process (PID=4586) to work on /opt/airflow/dags/inegi_playwright_dag.py
[2026-05-29T12:45:33.843+0000] {processor.py:830} INFO - Processing file /opt/airflow/dags/inegi_playwright_dag.py for tasks to queue
[2026-05-29T12:45:33.846+0000] {logging_mixin.py:188} INFO - [2026-05-29T12:45:33.845+0000] {dagbag.py:540} INFO - Filling up the DagBag from /opt/airflow/dags/inegi_playwright_dag.py
[2026-05-29T12:45:33.908+0000] {processor.py:840} INFO - DAG(s) 'inegi_playwright' retrieved from /opt/airflow/dags/inegi_playwright_dag.py
[2026-05-29T12:45:34.046+0000] {logging_mixin.py:188} INFO - [2026-05-29T12:45:34.045+0000] {dag.py:3047} INFO - Sync 1 DAGs
[2026-05-29T12:45:34.191+0000] {logging_mixin.py:188} INFO - [2026-05-29T12:45:34.190+0000] {dag.py:3834} INFO - Setting next_dagrun for inegi_playwright to 2026-05-29 00:00:00+00:00, run_after=2026-05-30 00:00:00+00:00
[2026-05-29T12:45:34.260+0000] {processor.py:183} INFO - Processing /opt/airflow/dags/inegi_playwright_dag.py took 0.431 seconds
[2026-05-29T12:46:05.226+0000] {processor.py:161} INFO - Started process (PID=4616) to work on /opt/airflow/dags/inegi_playwright_dag.py
[2026-05-29T12:46:05.241+0000] {processor.py:830} INFO - Processing file /opt/airflow/dags/inegi_playwright_dag.py for tasks to queue
[2026-05-29T12:46:05.252+0000] {logging_mixin.py:188} INFO - [2026-05-29T12:46:05.251+0000] {dagbag.py:540} INFO - Filling up the DagBag from /opt/airflow/dags/inegi_playwright_dag.py
[2026-05-29T12:46:05.505+0000] {processor.py:840} INFO - DAG(s) 'inegi_playwright' retrieved from /opt/airflow/dags/inegi_playwright_dag.py
[2026-05-29T12:46:05.654+0000] {logging_mixin.py:188} INFO - [2026-05-29T12:46:05.654+0000] {dag.py:3047} INFO - Sync 1 DAGs
[2026-05-29T12:46:05.893+0000] {logging_mixin.py:188} INFO - [2026-05-29T12:46:05.892+0000] {dag.py:3834} INFO - Setting next_dagrun for inegi_playwright to 2026-05-29 00:00:00+00:00, run_after=2026-05-30 00:00:00+00:00
[2026-05-29T12:46:05.976+0000] {processor.py:183} INFO - Processing /opt/airflow/dags/inegi_playwright_dag.py took 0.784 seconds
[2026-05-29T12:46:36.113+0000] {processor.py:161} INFO - Started process (PID=4646) to work on /opt/airflow/dags/inegi_playwright_dag.py
[2026-05-29T12:46:36.117+0000] {processor.py:830} INFO - Processing file /opt/airflow/dags/inegi_playwright_dag.py for tasks to queue
[2026-05-29T12:46:36.120+0000] {logging_mixin.py:188} INFO - [2026-05-29T12:46:36.119+0000] {dagbag.py:540} INFO - Filling up the DagBag from /opt/airflow/dags/inegi_playwright_dag.py
[2026-05-29T12:46:36.186+0000] {processor.py:840} INFO - DAG(s) 'inegi_playwright' retrieved from /opt/airflow/dags/inegi_playwright_dag.py
[2026-05-29T12:46:36.259+0000] {logging_mixin.py:188} INFO - [2026-05-29T12:46:36.259+0000] {dag.py:3047} INFO - Sync 1 DAGs
[2026-05-29T12:46:36.332+0000] {logging_mixin.py:188} INFO - [2026-05-29T12:46:36.332+0000] {dag.py:3834} INFO - Setting next_dagrun for inegi_playwright to 2026-05-29 00:00:00+00:00, run_after=2026-05-30 00:00:00+00:00
[2026-05-29T12:46:36.405+0000] {processor.py:183} INFO - Processing /opt/airflow/dags/inegi_playwright_dag.py took 0.306 seconds
[2026-05-29T12:47:07.355+0000] {processor.py:161} INFO - Started process (PID=4676) to work on /opt/airflow/dags/inegi_playwright_dag.py
[2026-05-29T12:47:07.359+0000] {processor.py:830} INFO - Processing file /opt/airflow/dags/inegi_playwright_dag.py for tasks to queue
[2026-05-29T12:47:07.362+0000] {logging_mixin.py:188} INFO - [2026-05-29T12:47:07.361+0000] {dagbag.py:540} INFO - Filling up the DagBag from /opt/airflow/dags/inegi_playwright_dag.py
[2026-05-29T12:47:07.439+0000] {processor.py:840} INFO - DAG(s) 'inegi_playwright' retrieved from /opt/airflow/dags/inegi_playwright_dag.py
[2026-05-29T12:47:07.513+0000] {logging_mixin.py:188} INFO - [2026-05-29T12:47:07.512+0000] {dag.py:3047} INFO - Sync 1 DAGs
[2026-05-29T12:47:07.659+0000] {logging_mixin.py:188} INFO - [2026-05-29T12:47:07.658+0000] {dag.py:3834} INFO - Setting next_dagrun for inegi_playwright to 2026-05-29 00:00:00+00:00, run_after=2026-05-30 00:00:00+00:00
[2026-05-29T12:47:07.898+0000] {processor.py:183} INFO - Processing /opt/airflow/dags/inegi_playwright_dag.py took 0.559 seconds
[2026-05-29T12:47:38.855+0000] {processor.py:161} INFO - Started process (PID=4706) to work on /opt/airflow/dags/inegi_playwright_dag.py
[2026-05-29T12:47:38.863+0000] {processor.py:830} INFO - Processing file /opt/airflow/dags/inegi_playwright_dag.py for tasks to queue
[2026-05-29T12:47:38.871+0000] {logging_mixin.py:188} INFO - [2026-05-29T12:47:38.869+0000] {dagbag.py:540} INFO - Filling up the DagBag from /opt/airflow/dags/inegi_playwright_dag.py
[2026-05-29T12:47:38.951+0000] {processor.py:840} INFO - DAG(s) 'inegi_playwright' retrieved from /opt/airflow/dags/inegi_playwright_dag.py
[2026-05-29T12:47:39.039+0000] {logging_mixin.py:188} INFO - [2026-05-29T12:47:39.038+0000] {dag.py:3047} INFO - Sync 1 DAGs
[2026-05-29T12:47:39.111+0000] {logging_mixin.py:188} INFO - [2026-05-29T12:47:39.110+0000] {dag.py:3834} INFO - Setting next_dagrun for inegi_playwright to 2026-05-29 00:00:00+00:00, run_after=2026-05-30 00:00:00+00:00
[2026-05-29T12:47:39.167+0000] {processor.py:183} INFO - Processing /opt/airflow/dags/inegi_playwright_dag.py took 0.336 seconds
[2026-05-29T12:48:09.846+0000] {processor.py:161} INFO - Started process (PID=4736) to work on /opt/airflow/dags/inegi_playwright_dag.py
[2026-05-29T12:48:09.860+0000] {processor.py:830} INFO - Processing file /opt/airflow/dags/inegi_playwright_dag.py for tasks to queue
[2026-05-29T12:48:09.864+0000] {logging_mixin.py:188} INFO - [2026-05-29T12:48:09.863+0000] {dagbag.py:540} INFO - Filling up the DagBag from /opt/airflow/dags/inegi_playwright_dag.py
[2026-05-29T12:48:10.032+0000] {processor.py:840} INFO - DAG(s) 'inegi_playwright' retrieved from /opt/airflow/dags/inegi_playwright_dag.py
[2026-05-29T12:48:10.125+0000] {logging_mixin.py:188} INFO - [2026-05-29T12:48:10.124+0000] {dag.py:3047} INFO - Sync 1 DAGs
[2026-05-29T12:48:10.189+0000] {logging_mixin.py:188} INFO - [2026-05-29T12:48:10.189+0000] {dag.py:3834} INFO - Setting next_dagrun for inegi_playwright to 2026-05-29 00:00:00+00:00, run_after=2026-05-30 00:00:00+00:00
[2026-05-29T12:48:10.247+0000] {processor.py:183} INFO - Processing /opt/airflow/dags/inegi_playwright_dag.py took 0.416 seconds
[2026-05-29T12:48:40.485+0000] {processor.py:161} INFO - Started process (PID=4766) to work on /opt/airflow/dags/inegi_playwright_dag.py
[2026-05-29T12:48:40.488+0000] {processor.py:830} INFO - Processing file /opt/airflow/dags/inegi_playwright_dag.py for tasks to queue
[2026-05-29T12:48:40.492+0000] {logging_mixin.py:188} INFO - [2026-05-29T12:48:40.491+0000] {dagbag.py:540} INFO - Filling up the DagBag from /opt/airflow/dags/inegi_playwright_dag.py
[2026-05-29T12:48:40.553+0000] {processor.py:840} INFO - DAG(s) 'inegi_playwright' retrieved from /opt/airflow/dags/inegi_playwright_dag.py
[2026-05-29T12:48:40.626+0000] {logging_mixin.py:188} INFO - [2026-05-29T12:48:40.626+0000] {dag.py:3047} INFO - Sync 1 DAGs
[2026-05-29T12:48:40.696+0000] {logging_mixin.py:188} INFO - [2026-05-29T12:48:40.695+0000] {dag.py:3834} INFO - Setting next_dagrun for inegi_playwright to 2026-05-29 00:00:00+00:00, run_after=2026-05-30 00:00:00+00:00
[2026-05-29T12:48:40.750+0000] {processor.py:183} INFO - Processing /opt/airflow/dags/inegi_playwright_dag.py took 0.281 seconds
[2026-05-29T12:49:11.278+0000] {processor.py:161} INFO - Started process (PID=4798) to work on /opt/airflow/dags/inegi_playwright_dag.py
[2026-05-29T12:49:11.282+0000] {processor.py:830} INFO - Processing file /opt/airflow/dags/inegi_playwright_dag.py for tasks to queue
[2026-05-29T12:49:11.285+0000] {logging_mixin.py:188} INFO - [2026-05-29T12:49:11.284+0000] {dagbag.py:540} INFO - Filling up the DagBag from /opt/airflow/dags/inegi_playwright_dag.py
[2026-05-29T12:49:11.338+0000] {processor.py:840} INFO - DAG(s) 'inegi_playwright' retrieved from /opt/airflow/dags/inegi_playwright_dag.py
[2026-05-29T12:49:11.413+0000] {logging_mixin.py:188} INFO - [2026-05-29T12:49:11.413+0000] {dag.py:3047} INFO - Sync 1 DAGs
[2026-05-29T12:49:11.476+0000] {logging_mixin.py:188} INFO - [2026-05-29T12:49:11.475+0000] {dag.py:3834} INFO - Setting next_dagrun for inegi_playwright to 2026-05-29 00:00:00+00:00, run_after=2026-05-30 00:00:00+00:00
[2026-05-29T12:49:11.532+0000] {processor.py:183} INFO - Processing /opt/airflow/dags/inegi_playwright_dag.py took 0.265 seconds
[2026-05-29T12:49:42.173+0000] {processor.py:161} INFO - Started process (PID=4826) to work on /opt/airflow/dags/inegi_playwright_dag.py
[2026-05-29T12:49:42.177+0000] {processor.py:830} INFO - Processing file /opt/airflow/dags/inegi_playwright_dag.py for tasks to queue
[2026-05-29T12:49:42.181+0000] {logging_mixin.py:188} INFO - [2026-05-29T12:49:42.180+0000] {dagbag.py:540} INFO - Filling up the DagBag from /opt/airflow/dags/inegi_playwright_dag.py
[2026-05-29T12:49:42.243+0000] {processor.py:840} INFO - DAG(s) 'inegi_playwright' retrieved from /opt/airflow/dags/inegi_playwright_dag.py
[2026-05-29T12:49:42.318+0000] {logging_mixin.py:188} INFO - [2026-05-29T12:49:42.317+0000] {dag.py:3047} INFO - Sync 1 DAGs
[2026-05-29T12:49:42.412+0000] {logging_mixin.py:188} INFO - [2026-05-29T12:49:42.411+0000] {dag.py:3834} INFO - Setting next_dagrun for inegi_playwright to 2026-05-29 00:00:00+00:00, run_after=2026-05-30 00:00:00+00:00
[2026-05-29T12:49:42.479+0000] {processor.py:183} INFO - Processing /opt/airflow/dags/inegi_playwright_dag.py took 0.320 seconds
[2026-05-29T12:50:12.959+0000] {processor.py:161} INFO - Started process (PID=4856) to work on /opt/airflow/dags/inegi_playwright_dag.py
[2026-05-29T12:50:12.962+0000] {processor.py:830} INFO - Processing file /opt/airflow/dags/inegi_playwright_dag.py for tasks to queue
[2026-05-29T12:50:12.967+0000] {logging_mixin.py:188} INFO - [2026-05-29T12:50:12.965+0000] {dagbag.py:540} INFO - Filling up the DagBag from /opt/airflow/dags/inegi_playwright_dag.py
[2026-05-29T12:50:13.034+0000] {processor.py:840} INFO - DAG(s) 'inegi_playwright' retrieved from /opt/airflow/dags/inegi_playwright_dag.py
[2026-05-29T12:50:13.113+0000] {logging_mixin.py:188} INFO - [2026-05-29T12:50:13.112+0000] {dag.py:3047} INFO - Sync 1 DAGs
[2026-05-29T12:50:13.197+0000] {logging_mixin.py:188} INFO - [2026-05-29T12:50:13.196+0000] {dag.py:3834} INFO - Setting next_dagrun for inegi_playwright to 2026-05-29 00:00:00+00:00, run_after=2026-05-30 00:00:00+00:00
[2026-05-29T12:50:13.310+0000] {processor.py:183} INFO - Processing /opt/airflow/dags/inegi_playwright_dag.py took 0.364 seconds
[2026-05-29T12:50:43.878+0000] {processor.py:161} INFO - Started process (PID=4886) to work on /opt/airflow/dags/inegi_playwright_dag.py
[2026-05-29T12:50:43.881+0000] {processor.py:830} INFO - Processing file /opt/airflow/dags/inegi_playwright_dag.py for tasks to queue
[2026-05-29T12:50:43.884+0000] {logging_mixin.py:188} INFO - [2026-05-29T12:50:43.883+0000] {dagbag.py:540} INFO - Filling up the DagBag from /opt/airflow/dags/inegi_playwright_dag.py
[2026-05-29T12:50:43.940+0000] {processor.py:840} INFO - DAG(s) 'inegi_playwright' retrieved from /opt/airflow/dags/inegi_playwright_dag.py
[2026-05-29T12:50:44.045+0000] {logging_mixin.py:188} INFO - [2026-05-29T12:50:44.045+0000] {dag.py:3047} INFO - Sync 1 DAGs
[2026-05-29T12:50:44.218+0000] {logging_mixin.py:188} INFO - [2026-05-29T12:50:44.206+0000] {dag.py:3834} INFO - Setting next_dagrun for inegi_playwright to 2026-05-29 00:00:00+00:00, run_after=2026-05-30 00:00:00+00:00
[2026-05-29T12:50:44.451+0000] {processor.py:183} INFO - Processing /opt/airflow/dags/inegi_playwright_dag.py took 0.583 seconds
[2026-05-29T12:51:15.228+0000] {processor.py:161} INFO - Started process (PID=4916) to work on /opt/airflow/dags/inegi_playwright_dag.py
[2026-05-29T12:51:15.243+0000] {processor.py:830} INFO - Processing file /opt/airflow/dags/inegi_playwright_dag.py for tasks to queue
[2026-05-29T12:51:15.255+0000] {logging_mixin.py:188} INFO - [2026-05-29T12:51:15.252+0000] {dagbag.py:540} INFO - Filling up the DagBag from /opt/airflow/dags/inegi_playwright_dag.py
[2026-05-29T12:51:15.416+0000] {processor.py:840} INFO - DAG(s) 'inegi_playwright' retrieved from /opt/airflow/dags/inegi_playwright_dag.py
[2026-05-29T12:51:15.742+0000] {logging_mixin.py:188} INFO - [2026-05-29T12:51:15.741+0000] {dag.py:3047} INFO - Sync 1 DAGs
[2026-05-29T12:51:16.153+0000] {logging_mixin.py:188} INFO - [2026-05-29T12:51:16.152+0000] {dag.py:3834} INFO - Setting next_dagrun for inegi_playwright to 2026-05-29 00:00:00+00:00, run_after=2026-05-30 00:00:00+00:00
[2026-05-29T12:51:16.459+0000] {processor.py:183} INFO - Processing /opt/airflow/dags/inegi_playwright_dag.py took 1.252 seconds
[2026-05-29T12:51:46.729+0000] {processor.py:161} INFO - Started process (PID=4946) to work on /opt/airflow/dags/inegi_playwright_dag.py
[2026-05-29T12:51:46.733+0000] {processor.py:830} INFO - Processing file /opt/airflow/dags/inegi_playwright_dag.py for tasks to queue
[2026-05-29T12:51:46.739+0000] {logging_mixin.py:188} INFO - [2026-05-29T12:51:46.737+0000] {dagbag.py:540} INFO - Filling up the DagBag from /opt/airflow/dags/inegi_playwright_dag.py
[2026-05-29T12:51:46.809+0000] {processor.py:840} INFO - DAG(s) 'inegi_playwright' retrieved from /opt/airflow/dags/inegi_playwright_dag.py
[2026-05-29T12:51:46.891+0000] {logging_mixin.py:188} INFO - [2026-05-29T12:51:46.890+0000] {dag.py:3047} INFO - Sync 1 DAGs
[2026-05-29T12:51:46.968+0000] {logging_mixin.py:188} INFO - [2026-05-29T12:51:46.968+0000] {dag.py:3834} INFO - Setting next_dagrun for inegi_playwright to 2026-05-29 00:00:00+00:00, run_after=2026-05-30 00:00:00+00:00
[2026-05-29T12:51:47.025+0000] {processor.py:183} INFO - Processing /opt/airflow/dags/inegi_playwright_dag.py took 0.312 seconds
[2026-05-29T12:52:18.088+0000] {processor.py:161} INFO - Started process (PID=4976) to work on /opt/airflow/dags/inegi_playwright_dag.py
[2026-05-29T12:52:18.092+0000] {processor.py:830} INFO - Processing file /opt/airflow/dags/inegi_playwright_dag.py for tasks to queue
[2026-05-29T12:52:18.097+0000] {logging_mixin.py:188} INFO - [2026-05-29T12:52:18.095+0000] {dagbag.py:540} INFO - Filling up the DagBag from /opt/airflow/dags/inegi_playwright_dag.py
[2026-05-29T12:52:18.175+0000] {processor.py:840} INFO - DAG(s) 'inegi_playwright' retrieved from /opt/airflow/dags/inegi_playwright_dag.py
[2026-05-29T12:52:18.323+0000] {logging_mixin.py:188} INFO - [2026-05-29T12:52:18.323+0000] {dag.py:3047} INFO - Sync 1 DAGs
[2026-05-29T12:52:18.454+0000] {logging_mixin.py:188} INFO - [2026-05-29T12:52:18.453+0000] {dag.py:3834} INFO - Setting next_dagrun for inegi_playwright to 2026-05-29 00:00:00+00:00, run_after=2026-05-30 00:00:00+00:00
[2026-05-29T12:52:18.538+0000] {processor.py:183} INFO - Processing /opt/airflow/dags/inegi_playwright_dag.py took 0.461 seconds
[2026-05-29T12:53:00.641+0000] {processor.py:161} INFO - Started process (PID=5006) to work on /opt/airflow/dags/inegi_playwright_dag.py
[2026-05-29T12:53:00.648+0000] {processor.py:830} INFO - Processing file /opt/airflow/dags/inegi_playwright_dag.py for tasks to queue
[2026-05-29T12:53:00.665+0000] {logging_mixin.py:188} INFO - [2026-05-29T12:53:00.664+0000] {dagbag.py:540} INFO - Filling up the DagBag from /opt/airflow/dags/inegi_playwright_dag.py
[2026-05-29T12:53:00.868+0000] {processor.py:840} INFO - DAG(s) 'inegi_playwright' retrieved from /opt/airflow/dags/inegi_playwright_dag.py
[2026-05-29T12:53:01.225+0000] {logging_mixin.py:188} INFO - [2026-05-29T12:53:01.215+0000] {dag.py:3047} INFO - Sync 1 DAGs
[2026-05-29T12:53:02.011+0000] {logging_mixin.py:188} INFO - [2026-05-29T12:53:01.997+0000] {dag.py:3834} INFO - Setting next_dagrun for inegi_playwright to 2026-05-29 00:00:00+00:00, run_after=2026-05-30 00:00:00+00:00
[2026-05-29T12:53:02.203+0000] {processor.py:183} INFO - Processing /opt/airflow/dags/inegi_playwright_dag.py took 1.595 seconds
[2026-05-29T12:53:33.078+0000] {processor.py:161} INFO - Started process (PID=5036) to work on /opt/airflow/dags/inegi_playwright_dag.py
[2026-05-29T12:53:33.084+0000] {processor.py:830} INFO - Processing file /opt/airflow/dags/inegi_playwright_dag.py for tasks to queue
[2026-05-29T12:53:33.114+0000] {logging_mixin.py:188} INFO - [2026-05-29T12:53:33.112+0000] {dagbag.py:540} INFO - Filling up the DagBag from /opt/airflow/dags/inegi_playwright_dag.py
[2026-05-29T12:53:33.301+0000] {processor.py:840} INFO - DAG(s) 'inegi_playwright' retrieved from /opt/airflow/dags/inegi_playwright_dag.py
[2026-05-29T12:53:33.442+0000] {logging_mixin.py:188} INFO - [2026-05-29T12:53:33.439+0000] {dag.py:3047} INFO - Sync 1 DAGs
[2026-05-29T12:53:33.583+0000] {logging_mixin.py:188} INFO - [2026-05-29T12:53:33.582+0000] {dag.py:3834} INFO - Setting next_dagrun for inegi_playwright to 2026-05-29 00:00:00+00:00, run_after=2026-05-30 00:00:00+00:00
[2026-05-29T12:53:33.680+0000] {processor.py:183} INFO - Processing /opt/airflow/dags/inegi_playwright_dag.py took 0.623 seconds
[2026-05-29T12:54:11.092+0000] {processor.py:161} INFO - Started process (PID=5066) to work on /opt/airflow/dags/inegi_playwright_dag.py
[2026-05-29T12:54:11.158+0000] {processor.py:830} INFO - Processing file /opt/airflow/dags/inegi_playwright_dag.py for tasks to queue
[2026-05-29T12:54:11.188+0000] {logging_mixin.py:188} INFO - [2026-05-29T12:54:11.176+0000] {dagbag.py:540} INFO - Filling up the DagBag from /opt/airflow/dags/inegi_playwright_dag.py
[2026-05-29T12:54:16.866+0000] {processor.py:840} INFO - DAG(s) 'inegi_playwright' retrieved from /opt/airflow/dags/inegi_playwright_dag.py
[2026-05-29T12:54:17.433+0000] {logging_mixin.py:188} INFO - [2026-05-29T12:54:17.432+0000] {dag.py:3047} INFO - Sync 1 DAGs
[2026-05-29T12:54:18.000+0000] {logging_mixin.py:188} INFO - [2026-05-29T12:54:17.999+0000] {dag.py:3834} INFO - Setting next_dagrun for inegi_playwright to 2026-05-29 00:00:00+00:00, run_after=2026-05-30 00:00:00+00:00
[2026-05-29T12:54:20.598+0000] {processor.py:183} INFO - Processing /opt/airflow/dags/inegi_playwright_dag.py took 9.533 seconds
[2026-05-29T12:54:51.557+0000] {processor.py:161} INFO - Started process (PID=5098) to work on /opt/airflow/dags/inegi_playwright_dag.py
[2026-05-29T12:54:51.560+0000] {processor.py:830} INFO - Processing file /opt/airflow/dags/inegi_playwright_dag.py for tasks to queue
[2026-05-29T12:54:51.563+0000] {logging_mixin.py:188} INFO - [2026-05-29T12:54:51.562+0000] {dagbag.py:540} INFO - Filling up the DagBag from /opt/airflow/dags/inegi_playwright_dag.py
[2026-05-29T12:54:51.621+0000] {processor.py:840} INFO - DAG(s) 'inegi_playwright' retrieved from /opt/airflow/dags/inegi_playwright_dag.py
[2026-05-29T12:54:51.696+0000] {logging_mixin.py:188} INFO - [2026-05-29T12:54:51.695+0000] {dag.py:3047} INFO - Sync 1 DAGs
[2026-05-29T12:54:51.762+0000] {logging_mixin.py:188} INFO - [2026-05-29T12:54:51.761+0000] {dag.py:3834} INFO - Setting next_dagrun for inegi_playwright to 2026-05-29 00:00:00+00:00, run_after=2026-05-30 00:00:00+00:00
[2026-05-29T12:54:51.814+0000] {processor.py:183} INFO - Processing /opt/airflow/dags/inegi_playwright_dag.py took 0.268 seconds
[2026-05-29T12:55:23.170+0000] {processor.py:161} INFO - Started process (PID=5128) to work on /opt/airflow/dags/inegi_playwright_dag.py
[2026-05-29T12:55:23.174+0000] {processor.py:830} INFO - Processing file /opt/airflow/dags/inegi_playwright_dag.py for tasks to queue
[2026-05-29T12:55:23.177+0000] {logging_mixin.py:188} INFO - [2026-05-29T12:55:23.177+0000] {dagbag.py:540} INFO - Filling up the DagBag from /opt/airflow/dags/inegi_playwright_dag.py
[2026-05-29T12:55:23.232+0000] {processor.py:840} INFO - DAG(s) 'inegi_playwright' retrieved from /opt/airflow/dags/inegi_playwright_dag.py
[2026-05-29T12:55:23.304+0000] {logging_mixin.py:188} INFO - [2026-05-29T12:55:23.303+0000] {dag.py:3047} INFO - Sync 1 DAGs
[2026-05-29T12:55:23.375+0000] {logging_mixin.py:188} INFO - [2026-05-29T12:55:23.375+0000] {dag.py:3834} INFO - Setting next_dagrun for inegi_playwright to 2026-05-29 00:00:00+00:00, run_after=2026-05-30 00:00:00+00:00
[2026-05-29T12:55:23.434+0000] {processor.py:183} INFO - Processing /opt/airflow/dags/inegi_playwright_dag.py took 0.272 seconds
[2026-05-29T12:55:54.214+0000] {processor.py:161} INFO - Started process (PID=5158) to work on /opt/airflow/dags/inegi_playwright_dag.py
[2026-05-29T12:55:54.217+0000] {processor.py:830} INFO - Processing file /opt/airflow/dags/inegi_playwright_dag.py for tasks to queue
[2026-05-29T12:55:54.222+0000] {logging_mixin.py:188} INFO - [2026-05-29T12:55:54.221+0000] {dagbag.py:540} INFO - Filling up the DagBag from /opt/airflow/dags/inegi_playwright_dag.py
[2026-05-29T12:55:54.284+0000] {processor.py:840} INFO - DAG(s) 'inegi_playwright' retrieved from /opt/airflow/dags/inegi_playwright_dag.py
[2026-05-29T12:55:54.358+0000] {logging_mixin.py:188} INFO - [2026-05-29T12:55:54.357+0000] {dag.py:3047} INFO - Sync 1 DAGs
[2026-05-29T12:55:54.423+0000] {logging_mixin.py:188} INFO - [2026-05-29T12:55:54.422+0000] {dag.py:3834} INFO - Setting next_dagrun for inegi_playwright to 2026-05-29 00:00:00+00:00, run_after=2026-05-30 00:00:00+00:00
[2026-05-29T12:55:54.520+0000] {processor.py:183} INFO - Processing /opt/airflow/dags/inegi_playwright_dag.py took 0.319 seconds
[2026-05-29T12:56:25.276+0000] {processor.py:161} INFO - Started process (PID=5188) to work on /opt/airflow/dags/inegi_playwright_dag.py
[2026-05-29T12:56:25.279+0000] {processor.py:830} INFO - Processing file /opt/airflow/dags/inegi_playwright_dag.py for tasks to queue
[2026-05-29T12:56:25.283+0000] {logging_mixin.py:188} INFO - [2026-05-29T12:56:25.282+0000] {dagbag.py:540} INFO - Filling up the DagBag from /opt/airflow/dags/inegi_playwright_dag.py
[2026-05-29T12:56:26.753+0000] {processor.py:840} INFO - DAG(s) 'inegi_playwright' retrieved from /opt/airflow/dags/inegi_playwright_dag.py
[2026-05-29T12:56:27.167+0000] {logging_mixin.py:188} INFO - [2026-05-29T12:56:27.166+0000] {dag.py:3047} INFO - Sync 1 DAGs
[2026-05-29T12:56:27.406+0000] {logging_mixin.py:188} INFO - [2026-05-29T12:56:27.406+0000] {dag.py:3834} INFO - Setting next_dagrun for inegi_playwright to 2026-05-29 00:00:00+00:00, run_after=2026-05-30 00:00:00+00:00
[2026-05-29T12:56:27.733+0000] {processor.py:183} INFO - Processing /opt/airflow/dags/inegi_playwright_dag.py took 2.474 seconds
[2026-05-29T12:56:58.956+0000] {processor.py:161} INFO - Started process (PID=5218) to work on /opt/airflow/dags/inegi_playwright_dag.py
[2026-05-29T12:56:58.960+0000] {processor.py:830} INFO - Processing file /opt/airflow/dags/inegi_playwright_dag.py for tasks to queue
[2026-05-29T12:56:58.964+0000] {logging_mixin.py:188} INFO - [2026-05-29T12:56:58.963+0000] {dagbag.py:540} INFO - Filling up the DagBag from /opt/airflow/dags/inegi_playwright_dag.py
[2026-05-29T12:56:59.036+0000] {processor.py:840} INFO - DAG(s) 'inegi_playwright' retrieved from /opt/airflow/dags/inegi_playwright_dag.py
[2026-05-29T12:56:59.128+0000] {logging_mixin.py:188} INFO - [2026-05-29T12:56:59.127+0000] {dag.py:3047} INFO - Sync 1 DAGs
[2026-05-29T12:56:59.192+0000] {logging_mixin.py:188} INFO - [2026-05-29T12:56:59.191+0000] {dag.py:3834} INFO - Setting next_dagrun for inegi_playwright to 2026-05-29 00:00:00+00:00, run_after=2026-05-30 00:00:00+00:00
[2026-05-29T12:56:59.243+0000] {processor.py:183} INFO - Processing /opt/airflow/dags/inegi_playwright_dag.py took 0.298 seconds
[2026-05-29T12:57:38.538+0000] {processor.py:161} INFO - Started process (PID=5248) to work on /opt/airflow/dags/inegi_playwright_dag.py
[2026-05-29T12:57:38.643+0000] {processor.py:830} INFO - Processing file /opt/airflow/dags/inegi_playwright_dag.py for tasks to queue
[2026-05-29T12:57:38.677+0000] {logging_mixin.py:188} INFO - [2026-05-29T12:57:38.676+0000] {dagbag.py:540} INFO - Filling up the DagBag from /opt/airflow/dags/inegi_playwright_dag.py
[2026-05-29T12:57:42.105+0000] {processor.py:840} INFO - DAG(s) 'inegi_playwright' retrieved from /opt/airflow/dags/inegi_playwright_dag.py
[2026-05-29T12:57:42.348+0000] {logging_mixin.py:188} INFO - [2026-05-29T12:57:42.347+0000] {dag.py:3047} INFO - Sync 1 DAGs
[2026-05-29T12:57:42.585+0000] {logging_mixin.py:188} INFO - [2026-05-29T12:57:42.584+0000] {dag.py:3834} INFO - Setting next_dagrun for inegi_playwright to 2026-05-29 00:00:00+00:00, run_after=2026-05-30 00:00:00+00:00
[2026-05-29T12:57:43.014+0000] {processor.py:183} INFO - Processing /opt/airflow/dags/inegi_playwright_dag.py took 4.486 seconds
[2026-05-29T12:58:13.863+0000] {processor.py:161} INFO - Started process (PID=5278) to work on /opt/airflow/dags/inegi_playwright_dag.py
[2026-05-29T12:58:13.866+0000] {processor.py:830} INFO - Processing file /opt/airflow/dags/inegi_playwright_dag.py for tasks to queue
[2026-05-29T12:58:13.870+0000] {logging_mixin.py:188} INFO - [2026-05-29T12:58:13.869+0000] {dagbag.py:540} INFO - Filling up the DagBag from /opt/airflow/dags/inegi_playwright_dag.py
[2026-05-29T12:58:13.926+0000] {processor.py:840} INFO - DAG(s) 'inegi_playwright' retrieved from /opt/airflow/dags/inegi_playwright_dag.py
[2026-05-29T12:58:13.997+0000] {logging_mixin.py:188} INFO - [2026-05-29T12:58:13.997+0000] {dag.py:3047} INFO - Sync 1 DAGs
[2026-05-29T12:58:14.064+0000] {logging_mixin.py:188} INFO - [2026-05-29T12:58:14.063+0000] {dag.py:3834} INFO - Setting next_dagrun for inegi_playwright to 2026-05-29 00:00:00+00:00, run_after=2026-05-30 00:00:00+00:00
[2026-05-29T12:58:14.179+0000] {processor.py:183} INFO - Processing /opt/airflow/dags/inegi_playwright_dag.py took 0.327 seconds
[2026-05-29T12:58:44.691+0000] {processor.py:161} INFO - Started process (PID=5308) to work on /opt/airflow/dags/inegi_playwright_dag.py
[2026-05-29T12:58:44.696+0000] {processor.py:830} INFO - Processing file /opt/airflow/dags/inegi_playwright_dag.py for tasks to queue
[2026-05-29T12:58:44.699+0000] {logging_mixin.py:188} INFO - [2026-05-29T12:58:44.698+0000] {dagbag.py:540} INFO - Filling up the DagBag from /opt/airflow/dags/inegi_playwright_dag.py
[2026-05-29T12:58:44.789+0000] {processor.py:840} INFO - DAG(s) 'inegi_playwright' retrieved from /opt/airflow/dags/inegi_playwright_dag.py
[2026-05-29T12:58:44.942+0000] {logging_mixin.py:188} INFO - [2026-05-29T12:58:44.941+0000] {dag.py:3047} INFO - Sync 1 DAGs
[2026-05-29T12:58:45.047+0000] {logging_mixin.py:188} INFO - [2026-05-29T12:58:45.046+0000] {dag.py:3834} INFO - Setting next_dagrun for inegi_playwright to 2026-05-29 00:00:00+00:00, run_after=2026-05-30 00:00:00+00:00
[2026-05-29T12:58:45.141+0000] {processor.py:183} INFO - Processing /opt/airflow/dags/inegi_playwright_dag.py took 0.474 seconds
[2026-05-29T12:59:15.397+0000] {processor.py:161} INFO - Started process (PID=5338) to work on /opt/airflow/dags/inegi_playwright_dag.py
[2026-05-29T12:59:15.400+0000] {processor.py:830} INFO - Processing file /opt/airflow/dags/inegi_playwright_dag.py for tasks to queue
[2026-05-29T12:59:15.403+0000] {logging_mixin.py:188} INFO - [2026-05-29T12:59:15.402+0000] {dagbag.py:540} INFO - Filling up the DagBag from /opt/airflow/dags/inegi_playwright_dag.py
[2026-05-29T12:59:15.460+0000] {processor.py:840} INFO - DAG(s) 'inegi_playwright' retrieved from /opt/airflow/dags/inegi_playwright_dag.py
[2026-05-29T12:59:15.530+0000] {logging_mixin.py:188} INFO - [2026-05-29T12:59:15.530+0000] {dag.py:3047} INFO - Sync 1 DAGs
[2026-05-29T12:59:15.593+0000] {logging_mixin.py:188} INFO - [2026-05-29T12:59:15.592+0000] {dag.py:3834} INFO - Setting next_dagrun for inegi_playwright to 2026-05-29 00:00:00+00:00, run_after=2026-05-30 00:00:00+00:00
[2026-05-29T12:59:15.653+0000] {processor.py:183} INFO - Processing /opt/airflow/dags/inegi_playwright_dag.py took 0.267 seconds
[2026-05-29T12:59:47.454+0000] {processor.py:161} INFO - Started process (PID=5368) to work on /opt/airflow/dags/inegi_playwright_dag.py
[2026-05-29T12:59:47.458+0000] {processor.py:830} INFO - Processing file /opt/airflow/dags/inegi_playwright_dag.py for tasks to queue
[2026-05-29T12:59:47.462+0000] {logging_mixin.py:188} INFO - [2026-05-29T12:59:47.460+0000] {dagbag.py:540} INFO - Filling up the DagBag from /opt/airflow/dags/inegi_playwright_dag.py
[2026-05-29T12:59:47.560+0000] {processor.py:840} INFO - DAG(s) 'inegi_playwright' retrieved from /opt/airflow/dags/inegi_playwright_dag.py
[2026-05-29T12:59:47.688+0000] {logging_mixin.py:188} INFO - [2026-05-29T12:59:47.687+0000] {dag.py:3047} INFO - Sync 1 DAGs
[2026-05-29T12:59:47.797+0000] {logging_mixin.py:188} INFO - [2026-05-29T12:59:47.796+0000] {dag.py:3834} INFO - Setting next_dagrun for inegi_playwright to 2026-05-29 00:00:00+00:00, run_after=2026-05-30 00:00:00+00:00
[2026-05-29T12:59:47.875+0000] {processor.py:183} INFO - Processing /opt/airflow/dags/inegi_playwright_dag.py took 0.441 seconds
[2026-05-29T13:00:18.100+0000] {processor.py:161} INFO - Started process (PID=5398) to work on /opt/airflow/dags/inegi_playwright_dag.py
[2026-05-29T13:00:18.103+0000] {processor.py:830} INFO - Processing file /opt/airflow/dags/inegi_playwright_dag.py for tasks to queue
[2026-05-29T13:00:18.106+0000] {logging_mixin.py:188} INFO - [2026-05-29T13:00:18.105+0000] {dagbag.py:540} INFO - Filling up the DagBag from /opt/airflow/dags/inegi_playwright_dag.py
[2026-05-29T13:00:18.170+0000] {processor.py:840} INFO - DAG(s) 'inegi_playwright' retrieved from /opt/airflow/dags/inegi_playwright_dag.py
[2026-05-29T13:00:18.235+0000] {logging_mixin.py:188} INFO - [2026-05-29T13:00:18.235+0000] {dag.py:3047} INFO - Sync 1 DAGs
[2026-05-29T13:00:18.300+0000] {logging_mixin.py:188} INFO - [2026-05-29T13:00:18.300+0000] {dag.py:3834} INFO - Setting next_dagrun for inegi_playwright to 2026-05-29 00:00:00+00:00, run_after=2026-05-30 00:00:00+00:00
[2026-05-29T13:00:18.354+0000] {processor.py:183} INFO - Processing /opt/airflow/dags/inegi_playwright_dag.py took 0.264 seconds
[2026-05-29T13:00:48.646+0000] {processor.py:161} INFO - Started process (PID=5428) to work on /opt/airflow/dags/inegi_playwright_dag.py
[2026-05-29T13:00:48.649+0000] {processor.py:830} INFO - Processing file /opt/airflow/dags/inegi_playwright_dag.py for tasks to queue
[2026-05-29T13:00:48.652+0000] {logging_mixin.py:188} INFO - [2026-05-29T13:00:48.651+0000] {dagbag.py:540} INFO - Filling up the DagBag from /opt/airflow/dags/inegi_playwright_dag.py
[2026-05-29T13:00:48.720+0000] {processor.py:840} INFO - DAG(s) 'inegi_playwright' retrieved from /opt/airflow/dags/inegi_playwright_dag.py
[2026-05-29T13:00:48.810+0000] {logging_mixin.py:188} INFO - [2026-05-29T13:00:48.809+0000] {dag.py:3047} INFO - Sync 1 DAGs
[2026-05-29T13:00:48.879+0000] {logging_mixin.py:188} INFO - [2026-05-29T13:00:48.878+0000] {dag.py:3834} INFO - Setting next_dagrun for inegi_playwright to 2026-05-29 00:00:00+00:00, run_after=2026-05-30 00:00:00+00:00
[2026-05-29T13:00:48.931+0000] {processor.py:183} INFO - Processing /opt/airflow/dags/inegi_playwright_dag.py took 0.296 seconds
[2026-05-29T13:01:19.889+0000] {processor.py:161} INFO - Started process (PID=5458) to work on /opt/airflow/dags/inegi_playwright_dag.py
[2026-05-29T13:01:19.893+0000] {processor.py:830} INFO - Processing file /opt/airflow/dags/inegi_playwright_dag.py for tasks to queue
[2026-05-29T13:01:19.899+0000] {logging_mixin.py:188} INFO - [2026-05-29T13:01:19.898+0000] {dagbag.py:540} INFO - Filling up the DagBag from /opt/airflow/dags/inegi_playwright_dag.py
[2026-05-29T13:01:19.958+0000] {processor.py:840} INFO - DAG(s) 'inegi_playwright' retrieved from /opt/airflow/dags/inegi_playwright_dag.py
[2026-05-29T13:01:20.027+0000] {logging_mixin.py:188} INFO - [2026-05-29T13:01:20.027+0000] {dag.py:3047} INFO - Sync 1 DAGs
[2026-05-29T13:01:20.090+0000] {logging_mixin.py:188} INFO - [2026-05-29T13:01:20.090+0000] {dag.py:3834} INFO - Setting next_dagrun for inegi_playwright to 2026-05-29 00:00:00+00:00, run_after=2026-05-30 00:00:00+00:00
[2026-05-29T13:01:20.141+0000] {processor.py:183} INFO - Processing /opt/airflow/dags/inegi_playwright_dag.py took 0.263 seconds
[2026-05-29T13:01:50.302+0000] {processor.py:161} INFO - Started process (PID=5488) to work on /opt/airflow/dags/inegi_playwright_dag.py
[2026-05-29T13:01:50.305+0000] {processor.py:830} INFO - Processing file /opt/airflow/dags/inegi_playwright_dag.py for tasks to queue
[2026-05-29T13:01:50.308+0000] {logging_mixin.py:188} INFO - [2026-05-29T13:01:50.307+0000] {dagbag.py:540} INFO - Filling up the DagBag from /opt/airflow/dags/inegi_playwright_dag.py
[2026-05-29T13:01:50.393+0000] {processor.py:840} INFO - DAG(s) 'inegi_playwright' retrieved from /opt/airflow/dags/inegi_playwright_dag.py
[2026-05-29T13:01:50.514+0000] {logging_mixin.py:188} INFO - [2026-05-29T13:01:50.514+0000] {dag.py:3047} INFO - Sync 1 DAGs
[2026-05-29T13:01:50.631+0000] {logging_mixin.py:188} INFO - [2026-05-29T13:01:50.631+0000] {dag.py:3834} INFO - Setting next_dagrun for inegi_playwright to 2026-05-29 00:00:00+00:00, run_after=2026-05-30 00:00:00+00:00
[2026-05-29T13:01:50.753+0000] {processor.py:183} INFO - Processing /opt/airflow/dags/inegi_playwright_dag.py took 0.461 seconds
[2026-05-29T13:02:20.977+0000] {processor.py:161} INFO - Started process (PID=5518) to work on /opt/airflow/dags/inegi_playwright_dag.py
[2026-05-29T13:02:20.991+0000] {processor.py:830} INFO - Processing file /opt/airflow/dags/inegi_playwright_dag.py for tasks to queue
[2026-05-29T13:02:20.994+0000] {logging_mixin.py:188} INFO - [2026-05-29T13:02:20.993+0000] {dagbag.py:540} INFO - Filling up the DagBag from /opt/airflow/dags/inegi_playwright_dag.py
[2026-05-29T13:02:21.132+0000] {processor.py:840} INFO - DAG(s) 'inegi_playwright' retrieved from /opt/airflow/dags/inegi_playwright_dag.py
[2026-05-29T13:02:21.260+0000] {logging_mixin.py:188} INFO - [2026-05-29T13:02:21.260+0000] {dag.py:3047} INFO - Sync 1 DAGs
[2026-05-29T13:02:21.513+0000] {logging_mixin.py:188} INFO - [2026-05-29T13:02:21.512+0000] {dag.py:3834} INFO - Setting next_dagrun for inegi_playwright to 2026-05-29 00:00:00+00:00, run_after=2026-05-30 00:00:00+00:00
[2026-05-29T13:02:21.693+0000] {processor.py:183} INFO - Processing /opt/airflow/dags/inegi_playwright_dag.py took 0.736 seconds
[2026-05-29T13:02:52.972+0000] {processor.py:161} INFO - Started process (PID=5548) to work on /opt/airflow/dags/inegi_playwright_dag.py
[2026-05-29T13:02:52.976+0000] {processor.py:830} INFO - Processing file /opt/airflow/dags/inegi_playwright_dag.py for tasks to queue
[2026-05-29T13:02:52.980+0000] {logging_mixin.py:188} INFO - [2026-05-29T13:02:52.979+0000] {dagbag.py:540} INFO - Filling up the DagBag from /opt/airflow/dags/inegi_playwright_dag.py
[2026-05-29T13:02:53.041+0000] {processor.py:840} INFO - DAG(s) 'inegi_playwright' retrieved from /opt/airflow/dags/inegi_playwright_dag.py
[2026-05-29T13:02:53.108+0000] {logging_mixin.py:188} INFO - [2026-05-29T13:02:53.107+0000] {dag.py:3047} INFO - Sync 1 DAGs
[2026-05-29T13:02:53.174+0000] {logging_mixin.py:188} INFO - [2026-05-29T13:02:53.173+0000] {dag.py:3834} INFO - Setting next_dagrun for inegi_playwright to 2026-05-29 00:00:00+00:00, run_after=2026-05-30 00:00:00+00:00
[2026-05-29T13:02:53.228+0000] {processor.py:183} INFO - Processing /opt/airflow/dags/inegi_playwright_dag.py took 0.265 seconds
[2026-05-29T13:03:23.729+0000] {processor.py:161} INFO - Started process (PID=5578) to work on /opt/airflow/dags/inegi_playwright_dag.py
[2026-05-29T13:03:23.733+0000] {processor.py:830} INFO - Processing file /opt/airflow/dags/inegi_playwright_dag.py for tasks to queue
[2026-05-29T13:03:23.736+0000] {logging_mixin.py:188} INFO - [2026-05-29T13:03:23.735+0000] {dagbag.py:540} INFO - Filling up the DagBag from /opt/airflow/dags/inegi_playwright_dag.py
[2026-05-29T13:03:23.816+0000] {processor.py:840} INFO - DAG(s) 'inegi_playwright' retrieved from /opt/airflow/dags/inegi_playwright_dag.py
[2026-05-29T13:03:23.883+0000] {logging_mixin.py:188} INFO - [2026-05-29T13:03:23.883+0000] {dag.py:3047} INFO - Sync 1 DAGs
[2026-05-29T13:03:23.945+0000] {logging_mixin.py:188} INFO - [2026-05-29T13:03:23.944+0000] {dag.py:3834} INFO - Setting next_dagrun for inegi_playwright to 2026-05-29 00:00:00+00:00, run_after=2026-05-30 00:00:00+00:00
[2026-05-29T13:03:24.051+0000] {processor.py:183} INFO - Processing /opt/airflow/dags/inegi_playwright_dag.py took 0.332 seconds
[2026-05-29T13:03:54.620+0000] {processor.py:161} INFO - Started process (PID=5608) to work on /opt/airflow/dags/inegi_playwright_dag.py
[2026-05-29T13:03:54.649+0000] {processor.py:830} INFO - Processing file /opt/airflow/dags/inegi_playwright_dag.py for tasks to queue
[2026-05-29T13:03:54.653+0000] {logging_mixin.py:188} INFO - [2026-05-29T13:03:54.652+0000] {dagbag.py:540} INFO - Filling up the DagBag from /opt/airflow/dags/inegi_playwright_dag.py
[2026-05-29T13:03:54.719+0000] {processor.py:840} INFO - DAG(s) 'inegi_playwright' retrieved from /opt/airflow/dags/inegi_playwright_dag.py
[2026-05-29T13:03:54.818+0000] {logging_mixin.py:188} INFO - [2026-05-29T13:03:54.817+0000] {dag.py:3047} INFO - Sync 1 DAGs
[2026-05-29T13:03:54.882+0000] {logging_mixin.py:188} INFO - [2026-05-29T13:03:54.881+0000] {dag.py:3834} INFO - Setting next_dagrun for inegi_playwright to 2026-05-29 00:00:00+00:00, run_after=2026-05-30 00:00:00+00:00
[2026-05-29T13:03:54.951+0000] {processor.py:183} INFO - Processing /opt/airflow/dags/inegi_playwright_dag.py took 0.344 seconds
[2026-05-29T13:04:25.249+0000] {processor.py:161} INFO - Started process (PID=5638) to work on /opt/airflow/dags/inegi_playwright_dag.py
[2026-05-29T13:04:25.252+0000] {processor.py:830} INFO - Processing file /opt/airflow/dags/inegi_playwright_dag.py for tasks to queue
[2026-05-29T13:04:25.258+0000] {logging_mixin.py:188} INFO - [2026-05-29T13:04:25.257+0000] {dagbag.py:540} INFO - Filling up the DagBag from /opt/airflow/dags/inegi_playwright_dag.py
[2026-05-29T13:04:25.388+0000] {processor.py:840} INFO - DAG(s) 'inegi_playwright' retrieved from /opt/airflow/dags/inegi_playwright_dag.py
[2026-05-29T13:04:25.580+0000] {logging_mixin.py:188} INFO - [2026-05-29T13:04:25.573+0000] {dag.py:3047} INFO - Sync 1 DAGs
[2026-05-29T13:04:25.788+0000] {logging_mixin.py:188} INFO - [2026-05-29T13:04:25.788+0000] {dag.py:3834} INFO - Setting next_dagrun for inegi_playwright to 2026-05-29 00:00:00+00:00, run_after=2026-05-30 00:00:00+00:00
[2026-05-29T13:04:25.926+0000] {processor.py:183} INFO - Processing /opt/airflow/dags/inegi_playwright_dag.py took 0.687 seconds
[2026-05-29T13:04:57.123+0000] {processor.py:161} INFO - Started process (PID=5668) to work on /opt/airflow/dags/inegi_playwright_dag.py
[2026-05-29T13:04:57.136+0000] {processor.py:830} INFO - Processing file /opt/airflow/dags/inegi_playwright_dag.py for tasks to queue
[2026-05-29T13:04:57.140+0000] {logging_mixin.py:188} INFO - [2026-05-29T13:04:57.139+0000] {dagbag.py:540} INFO - Filling up the DagBag from /opt/airflow/dags/inegi_playwright_dag.py
[2026-05-29T13:04:57.269+0000] {processor.py:840} INFO - DAG(s) 'inegi_playwright' retrieved from /opt/airflow/dags/inegi_playwright_dag.py
[2026-05-29T13:04:57.475+0000] {logging_mixin.py:188} INFO - [2026-05-29T13:04:57.464+0000] {dag.py:3047} INFO - Sync 1 DAGs
[2026-05-29T13:04:57.826+0000] {logging_mixin.py:188} INFO - [2026-05-29T13:04:57.825+0000] {dag.py:3834} INFO - Setting next_dagrun for inegi_playwright to 2026-05-29 00:00:00+00:00, run_after=2026-05-30 00:00:00+00:00
[2026-05-29T13:04:57.965+0000] {processor.py:183} INFO - Processing /opt/airflow/dags/inegi_playwright_dag.py took 0.874 seconds
[2026-05-29T13:05:32.071+0000] {processor.py:161} INFO - Started process (PID=5696) to work on /opt/airflow/dags/inegi_playwright_dag.py
[2026-05-29T13:05:32.119+0000] {processor.py:830} INFO - Processing file /opt/airflow/dags/inegi_playwright_dag.py for tasks to queue
[2026-05-29T13:05:32.154+0000] {logging_mixin.py:188} INFO - [2026-05-29T13:05:32.153+0000] {dagbag.py:540} INFO - Filling up the DagBag from /opt/airflow/dags/inegi_playwright_dag.py
[2026-05-29T13:05:33.313+0000] {processor.py:840} INFO - DAG(s) 'inegi_playwright' retrieved from /opt/airflow/dags/inegi_playwright_dag.py
[2026-05-29T13:05:33.904+0000] {logging_mixin.py:188} INFO - [2026-05-29T13:05:33.903+0000] {dag.py:3047} INFO - Sync 1 DAGs
[2026-05-29T13:05:34.530+0000] {logging_mixin.py:188} INFO - [2026-05-29T13:05:34.529+0000] {dag.py:3834} INFO - Setting next_dagrun for inegi_playwright to 2026-05-29 00:00:00+00:00, run_after=2026-05-30 00:00:00+00:00
[2026-05-29T13:05:34.961+0000] {processor.py:183} INFO - Processing /opt/airflow/dags/inegi_playwright_dag.py took 2.908 seconds
[2026-05-29T13:06:27.919+0000] {processor.py:161} INFO - Started process (PID=5728) to work on /opt/airflow/dags/inegi_playwright_dag.py
[2026-05-29T13:06:28.049+0000] {processor.py:830} INFO - Processing file /opt/airflow/dags/inegi_playwright_dag.py for tasks to queue
[2026-05-29T13:06:28.053+0000] {logging_mixin.py:188} INFO - [2026-05-29T13:06:28.052+0000] {dagbag.py:540} INFO - Filling up the DagBag from /opt/airflow/dags/inegi_playwright_dag.py
[2026-05-29T13:06:30.226+0000] {processor.py:840} INFO - DAG(s) 'inegi_playwright' retrieved from /opt/airflow/dags/inegi_playwright_dag.py
[2026-05-29T13:06:30.474+0000] {logging_mixin.py:188} INFO - [2026-05-29T13:06:30.474+0000] {dag.py:3047} INFO - Sync 1 DAGs
[2026-05-29T13:06:30.679+0000] {logging_mixin.py:188} INFO - [2026-05-29T13:06:30.678+0000] {dag.py:3834} INFO - Setting next_dagrun for inegi_playwright to 2026-05-29 00:00:00+00:00, run_after=2026-05-30 00:00:00+00:00
[2026-05-29T13:06:30.921+0000] {processor.py:183} INFO - Processing /opt/airflow/dags/inegi_playwright_dag.py took 3.008 seconds
[2026-05-29T13:07:01.194+0000] {processor.py:161} INFO - Started process (PID=5758) to work on /opt/airflow/dags/inegi_playwright_dag.py
[2026-05-29T13:07:01.199+0000] {processor.py:830} INFO - Processing file /opt/airflow/dags/inegi_playwright_dag.py for tasks to queue
[2026-05-29T13:07:01.204+0000] {logging_mixin.py:188} INFO - [2026-05-29T13:07:01.202+0000] {dagbag.py:540} INFO - Filling up the DagBag from /opt/airflow/dags/inegi_playwright_dag.py
[2026-05-29T13:07:01.299+0000] {processor.py:840} INFO - DAG(s) 'inegi_playwright' retrieved from /opt/airflow/dags/inegi_playwright_dag.py
[2026-05-29T13:07:01.523+0000] {logging_mixin.py:188} INFO - [2026-05-29T13:07:01.523+0000] {dag.py:3047} INFO - Sync 1 DAGs
[2026-05-29T13:07:02.198+0000] {logging_mixin.py:188} INFO - [2026-05-29T13:07:02.197+0000] {dag.py:3834} INFO - Setting next_dagrun for inegi_playwright to 2026-05-29 00:00:00+00:00, run_after=2026-05-30 00:00:00+00:00
[2026-05-29T13:07:02.364+0000] {processor.py:183} INFO - Processing /opt/airflow/dags/inegi_playwright_dag.py took 1.188 seconds
[2026-05-29T13:07:41.472+0000] {processor.py:161} INFO - Started process (PID=5796) to work on /opt/airflow/dags/inegi_playwright_dag.py
[2026-05-29T13:07:41.479+0000] {processor.py:830} INFO - Processing file /opt/airflow/dags/inegi_playwright_dag.py for tasks to queue
[2026-05-29T13:07:41.488+0000] {logging_mixin.py:188} INFO - [2026-05-29T13:07:41.487+0000] {dagbag.py:540} INFO - Filling up the DagBag from /opt/airflow/dags/inegi_playwright_dag.py
[2026-05-29T13:07:41.607+0000] {processor.py:840} INFO - DAG(s) 'inegi_playwright' retrieved from /opt/airflow/dags/inegi_playwright_dag.py
[2026-05-29T13:07:41.824+0000] {logging_mixin.py:188} INFO - [2026-05-29T13:07:41.823+0000] {dag.py:3047} INFO - Sync 1 DAGs
[2026-05-29T13:07:42.023+0000] {logging_mixin.py:188} INFO - [2026-05-29T13:07:42.023+0000] {dag.py:3834} INFO - Setting next_dagrun for inegi_playwright to 2026-05-29 00:00:00+00:00, run_after=2026-05-30 00:00:00+00:00
[2026-05-29T13:07:42.220+0000] {processor.py:183} INFO - Processing /opt/airflow/dags/inegi_playwright_dag.py took 0.789 seconds
[2026-05-29T13:08:12.719+0000] {processor.py:161} INFO - Started process (PID=5828) to work on /opt/airflow/dags/inegi_playwright_dag.py
[2026-05-29T13:08:12.722+0000] {processor.py:830} INFO - Processing file /opt/airflow/dags/inegi_playwright_dag.py for tasks to queue
[2026-05-29T13:08:12.726+0000] {logging_mixin.py:188} INFO - [2026-05-29T13:08:12.725+0000] {dagbag.py:540} INFO - Filling up the DagBag from /opt/airflow/dags/inegi_playwright_dag.py
[2026-05-29T13:08:12.782+0000] {processor.py:840} INFO - DAG(s) 'inegi_playwright' retrieved from /opt/airflow/dags/inegi_playwright_dag.py
[2026-05-29T13:08:12.851+0000] {logging_mixin.py:188} INFO - [2026-05-29T13:08:12.851+0000] {dag.py:3047} INFO - Sync 1 DAGs
[2026-05-29T13:08:12.915+0000] {logging_mixin.py:188} INFO - [2026-05-29T13:08:12.914+0000] {dag.py:3834} INFO - Setting next_dagrun for inegi_playwright to 2026-05-29 00:00:00+00:00, run_after=2026-05-30 00:00:00+00:00
[2026-05-29T13:08:13.001+0000] {processor.py:183} INFO - Processing /opt/airflow/dags/inegi_playwright_dag.py took 0.294 seconds
[2026-05-29T13:08:44.113+0000] {processor.py:161} INFO - Started process (PID=5856) to work on /opt/airflow/dags/inegi_playwright_dag.py
[2026-05-29T13:08:44.117+0000] {processor.py:830} INFO - Processing file /opt/airflow/dags/inegi_playwright_dag.py for tasks to queue
[2026-05-29T13:08:44.121+0000] {logging_mixin.py:188} INFO - [2026-05-29T13:08:44.120+0000] {dagbag.py:540} INFO - Filling up the DagBag from /opt/airflow/dags/inegi_playwright_dag.py
[2026-05-29T13:08:44.203+0000] {processor.py:840} INFO - DAG(s) 'inegi_playwright' retrieved from /opt/airflow/dags/inegi_playwright_dag.py
[2026-05-29T13:08:44.293+0000] {logging_mixin.py:188} INFO - [2026-05-29T13:08:44.291+0000] {dag.py:3047} INFO - Sync 1 DAGs
[2026-05-29T13:08:44.377+0000] {logging_mixin.py:188} INFO - [2026-05-29T13:08:44.376+0000] {dag.py:3834} INFO - Setting next_dagrun for inegi_playwright to 2026-05-29 00:00:00+00:00, run_after=2026-05-30 00:00:00+00:00
[2026-05-29T13:08:44.441+0000] {processor.py:183} INFO - Processing /opt/airflow/dags/inegi_playwright_dag.py took 0.339 seconds
[2026-05-29T13:09:15.227+0000] {processor.py:161} INFO - Started process (PID=5887) to work on /opt/airflow/dags/inegi_playwright_dag.py
[2026-05-29T13:09:15.230+0000] {processor.py:830} INFO - Processing file /opt/airflow/dags/inegi_playwright_dag.py for tasks to queue
[2026-05-29T13:09:15.233+0000] {logging_mixin.py:188} INFO - [2026-05-29T13:09:15.232+0000] {dagbag.py:540} INFO - Filling up the DagBag from /opt/airflow/dags/inegi_playwright_dag.py
[2026-05-29T13:09:15.290+0000] {processor.py:840} INFO - DAG(s) 'inegi_playwright' retrieved from /opt/airflow/dags/inegi_playwright_dag.py
[2026-05-29T13:09:15.356+0000] {logging_mixin.py:188} INFO - [2026-05-29T13:09:15.355+0000] {dag.py:3047} INFO - Sync 1 DAGs
[2026-05-29T13:09:15.424+0000] {logging_mixin.py:188} INFO - [2026-05-29T13:09:15.424+0000] {dag.py:3834} INFO - Setting next_dagrun for inegi_playwright to 2026-05-29 00:00:00+00:00, run_after=2026-05-30 00:00:00+00:00
[2026-05-29T13:09:15.491+0000] {processor.py:183} INFO - Processing /opt/airflow/dags/inegi_playwright_dag.py took 0.274 seconds
[2026-05-29T13:09:45.922+0000] {processor.py:161} INFO - Started process (PID=5918) to work on /opt/airflow/dags/inegi_playwright_dag.py
[2026-05-29T13:09:45.925+0000] {processor.py:830} INFO - Processing file /opt/airflow/dags/inegi_playwright_dag.py for tasks to queue
[2026-05-29T13:09:45.928+0000] {logging_mixin.py:188} INFO - [2026-05-29T13:09:45.927+0000] {dagbag.py:540} INFO - Filling up the DagBag from /opt/airflow/dags/inegi_playwright_dag.py
[2026-05-29T13:09:45.986+0000] {processor.py:840} INFO - DAG(s) 'inegi_playwright' retrieved from /opt/airflow/dags/inegi_playwright_dag.py
[2026-05-29T13:09:46.056+0000] {logging_mixin.py:188} INFO - [2026-05-29T13:09:46.056+0000] {dag.py:3047} INFO - Sync 1 DAGs
[2026-05-29T13:09:46.121+0000] {logging_mixin.py:188} INFO - [2026-05-29T13:09:46.120+0000] {dag.py:3834} INFO - Setting next_dagrun for inegi_playwright to 2026-05-29 00:00:00+00:00, run_after=2026-05-30 00:00:00+00:00
[2026-05-29T13:09:46.179+0000] {processor.py:183} INFO - Processing /opt/airflow/dags/inegi_playwright_dag.py took 0.268 seconds
[2026-05-29T13:10:16.595+0000] {processor.py:161} INFO - Started process (PID=5946) to work on /opt/airflow/dags/inegi_playwright_dag.py
[2026-05-29T13:10:16.607+0000] {processor.py:830} INFO - Processing file /opt/airflow/dags/inegi_playwright_dag.py for tasks to queue
[2026-05-29T13:10:16.616+0000] {logging_mixin.py:188} INFO - [2026-05-29T13:10:16.615+0000] {dagbag.py:540} INFO - Filling up the DagBag from /opt/airflow/dags/inegi_playwright_dag.py
[2026-05-29T13:10:16.922+0000] {processor.py:840} INFO - DAG(s) 'inegi_playwright' retrieved from /opt/airflow/dags/inegi_playwright_dag.py
[2026-05-29T13:10:17.050+0000] {logging_mixin.py:188} INFO - [2026-05-29T13:10:17.049+0000] {dag.py:3047} INFO - Sync 1 DAGs
[2026-05-29T13:10:17.140+0000] {logging_mixin.py:188} INFO - [2026-05-29T13:10:17.140+0000] {dag.py:3834} INFO - Setting next_dagrun for inegi_playwright to 2026-05-29 00:00:00+00:00, run_after=2026-05-30 00:00:00+00:00
[2026-05-29T13:10:17.241+0000] {processor.py:183} INFO - Processing /opt/airflow/dags/inegi_playwright_dag.py took 0.678 seconds
[2026-05-29T13:10:47.775+0000] {processor.py:161} INFO - Started process (PID=5976) to work on /opt/airflow/dags/inegi_playwright_dag.py
[2026-05-29T13:10:47.780+0000] {processor.py:830} INFO - Processing file /opt/airflow/dags/inegi_playwright_dag.py for tasks to queue
[2026-05-29T13:10:47.786+0000] {logging_mixin.py:188} INFO - [2026-05-29T13:10:47.784+0000] {dagbag.py:540} INFO - Filling up the DagBag from /opt/airflow/dags/inegi_playwright_dag.py
[2026-05-29T13:10:47.850+0000] {processor.py:840} INFO - DAG(s) 'inegi_playwright' retrieved from /opt/airflow/dags/inegi_playwright_dag.py
[2026-05-29T13:10:47.932+0000] {logging_mixin.py:188} INFO - [2026-05-29T13:10:47.931+0000] {dag.py:3047} INFO - Sync 1 DAGs
[2026-05-29T13:10:47.996+0000] {logging_mixin.py:188} INFO - [2026-05-29T13:10:47.995+0000] {dag.py:3834} INFO - Setting next_dagrun for inegi_playwright to 2026-05-29 00:00:00+00:00, run_after=2026-05-30 00:00:00+00:00
[2026-05-29T13:10:48.057+0000] {processor.py:183} INFO - Processing /opt/airflow/dags/inegi_playwright_dag.py took 0.294 seconds
[2026-05-29T13:11:18.571+0000] {processor.py:161} INFO - Started process (PID=6003) to work on /opt/airflow/dags/inegi_playwright_dag.py
[2026-05-29T13:11:18.574+0000] {processor.py:830} INFO - Processing file /opt/airflow/dags/inegi_playwright_dag.py for tasks to queue
[2026-05-29T13:11:18.578+0000] {logging_mixin.py:188} INFO - [2026-05-29T13:11:18.576+0000] {dagbag.py:540} INFO - Filling up the DagBag from /opt/airflow/dags/inegi_playwright_dag.py
[2026-05-29T13:11:18.654+0000] {processor.py:840} INFO - DAG(s) 'inegi_playwright' retrieved from /opt/airflow/dags/inegi_playwright_dag.py
[2026-05-29T13:11:18.767+0000] {logging_mixin.py:188} INFO - [2026-05-29T13:11:18.766+0000] {dag.py:3047} INFO - Sync 1 DAGs
[2026-05-29T13:11:18.833+0000] {logging_mixin.py:188} INFO - [2026-05-29T13:11:18.832+0000] {dag.py:3834} INFO - Setting next_dagrun for inegi_playwright to 2026-05-29 00:00:00+00:00, run_after=2026-05-30 00:00:00+00:00
[2026-05-29T13:11:18.884+0000] {processor.py:183} INFO - Processing /opt/airflow/dags/inegi_playwright_dag.py took 0.322 seconds
[2026-05-29T13:11:49.527+0000] {processor.py:161} INFO - Started process (PID=6036) to work on /opt/airflow/dags/inegi_playwright_dag.py
[2026-05-29T13:11:49.538+0000] {processor.py:830} INFO - Processing file /opt/airflow/dags/inegi_playwright_dag.py for tasks to queue
[2026-05-29T13:11:49.543+0000] {logging_mixin.py:188} INFO - [2026-05-29T13:11:49.542+0000] {dagbag.py:540} INFO - Filling up the DagBag from /opt/airflow/dags/inegi_playwright_dag.py
[2026-05-29T13:11:49.708+0000] {processor.py:840} INFO - DAG(s) 'inegi_playwright' retrieved from /opt/airflow/dags/inegi_playwright_dag.py
[2026-05-29T13:11:49.912+0000] {logging_mixin.py:188} INFO - [2026-05-29T13:11:49.911+0000] {dag.py:3047} INFO - Sync 1 DAGs
[2026-05-29T13:11:50.172+0000] {logging_mixin.py:188} INFO - [2026-05-29T13:11:50.171+0000] {dag.py:3834} INFO - Setting next_dagrun for inegi_playwright to 2026-05-29 00:00:00+00:00, run_after=2026-05-30 00:00:00+00:00
[2026-05-29T13:11:51.007+0000] {processor.py:183} INFO - Processing /opt/airflow/dags/inegi_playwright_dag.py took 1.510 seconds
[2026-05-29T13:12:21.401+0000] {processor.py:161} INFO - Started process (PID=6066) to work on /opt/airflow/dags/inegi_playwright_dag.py
[2026-05-29T13:12:21.405+0000] {processor.py:830} INFO - Processing file /opt/airflow/dags/inegi_playwright_dag.py for tasks to queue
[2026-05-29T13:12:21.413+0000] {logging_mixin.py:188} INFO - [2026-05-29T13:12:21.410+0000] {dagbag.py:540} INFO - Filling up the DagBag from /opt/airflow/dags/inegi_playwright_dag.py
[2026-05-29T13:12:21.470+0000] {processor.py:840} INFO - DAG(s) 'inegi_playwright' retrieved from /opt/airflow/dags/inegi_playwright_dag.py
[2026-05-29T13:12:21.545+0000] {logging_mixin.py:188} INFO - [2026-05-29T13:12:21.544+0000] {dag.py:3047} INFO - Sync 1 DAGs
[2026-05-29T13:12:21.722+0000] {logging_mixin.py:188} INFO - [2026-05-29T13:12:21.721+0000] {dag.py:3834} INFO - Setting next_dagrun for inegi_playwright to 2026-05-29 00:00:00+00:00, run_after=2026-05-30 00:00:00+00:00
[2026-05-29T13:12:22.002+0000] {processor.py:183} INFO - Processing /opt/airflow/dags/inegi_playwright_dag.py took 0.614 seconds
[2026-05-29T13:12:53.949+0000] {processor.py:161} INFO - Started process (PID=6093) to work on /opt/airflow/dags/inegi_playwright_dag.py
[2026-05-29T13:12:53.953+0000] {processor.py:830} INFO - Processing file /opt/airflow/dags/inegi_playwright_dag.py for tasks to queue
[2026-05-29T13:12:53.965+0000] {logging_mixin.py:188} INFO - [2026-05-29T13:12:53.964+0000] {dagbag.py:540} INFO - Filling up the DagBag from /opt/airflow/dags/inegi_playwright_dag.py
[2026-05-29T13:12:54.212+0000] {processor.py:840} INFO - DAG(s) 'inegi_playwright' retrieved from /opt/airflow/dags/inegi_playwright_dag.py
[2026-05-29T13:12:54.396+0000] {logging_mixin.py:188} INFO - [2026-05-29T13:12:54.395+0000] {dag.py:3047} INFO - Sync 1 DAGs
[2026-05-29T13:12:54.718+0000] {logging_mixin.py:188} INFO - [2026-05-29T13:12:54.718+0000] {dag.py:3834} INFO - Setting next_dagrun for inegi_playwright to 2026-05-29 00:00:00+00:00, run_after=2026-05-30 00:00:00+00:00
[2026-05-29T13:12:54.938+0000] {processor.py:183} INFO - Processing /opt/airflow/dags/inegi_playwright_dag.py took 1.007 seconds
[2026-05-29T13:13:36.793+0000] {processor.py:161} INFO - Started process (PID=6128) to work on /opt/airflow/dags/inegi_playwright_dag.py
[2026-05-29T13:13:36.917+0000] {processor.py:830} INFO - Processing file /opt/airflow/dags/inegi_playwright_dag.py for tasks to queue
[2026-05-29T13:13:36.998+0000] {logging_mixin.py:188} INFO - [2026-05-29T13:13:36.983+0000] {dagbag.py:540} INFO - Filling up the DagBag from /opt/airflow/dags/inegi_playwright_dag.py
[2026-05-29T13:13:38.330+0000] {processor.py:840} INFO - DAG(s) 'inegi_playwright' retrieved from /opt/airflow/dags/inegi_playwright_dag.py
[2026-05-29T13:13:38.671+0000] {logging_mixin.py:188} INFO - [2026-05-29T13:13:38.670+0000] {dag.py:3047} INFO - Sync 1 DAGs
[2026-05-29T13:13:39.063+0000] {logging_mixin.py:188} INFO - [2026-05-29T13:13:39.062+0000] {dag.py:3834} INFO - Setting next_dagrun for inegi_playwright to 2026-05-29 00:00:00+00:00, run_after=2026-05-30 00:00:00+00:00
[2026-05-29T13:13:39.344+0000] {processor.py:183} INFO - Processing /opt/airflow/dags/inegi_playwright_dag.py took 2.617 seconds
[2026-05-29T13:14:12.584+0000] {processor.py:161} INFO - Started process (PID=6158) to work on /opt/airflow/dags/inegi_playwright_dag.py
[2026-05-29T13:14:12.645+0000] {processor.py:830} INFO - Processing file /opt/airflow/dags/inegi_playwright_dag.py for tasks to queue
[2026-05-29T13:14:12.692+0000] {logging_mixin.py:188} INFO - [2026-05-29T13:14:12.690+0000] {dagbag.py:540} INFO - Filling up the DagBag from /opt/airflow/dags/inegi_playwright_dag.py
[2026-05-29T13:14:13.619+0000] {processor.py:840} INFO - DAG(s) 'inegi_playwright' retrieved from /opt/airflow/dags/inegi_playwright_dag.py
[2026-05-29T13:14:13.860+0000] {logging_mixin.py:188} INFO - [2026-05-29T13:14:13.859+0000] {dag.py:3047} INFO - Sync 1 DAGs
[2026-05-29T13:14:14.067+0000] {logging_mixin.py:188} INFO - [2026-05-29T13:14:14.055+0000] {dag.py:3834} INFO - Setting next_dagrun for inegi_playwright to 2026-05-29 00:00:00+00:00, run_after=2026-05-30 00:00:00+00:00
[2026-05-29T13:14:14.206+0000] {processor.py:183} INFO - Processing /opt/airflow/dags/inegi_playwright_dag.py took 1.632 seconds
[2026-05-29T13:14:44.853+0000] {processor.py:161} INFO - Started process (PID=6188) to work on /opt/airflow/dags/inegi_playwright_dag.py
[2026-05-29T13:14:44.857+0000] {processor.py:830} INFO - Processing file /opt/airflow/dags/inegi_playwright_dag.py for tasks to queue
[2026-05-29T13:14:44.861+0000] {logging_mixin.py:188} INFO - [2026-05-29T13:14:44.860+0000] {dagbag.py:540} INFO - Filling up the DagBag from /opt/airflow/dags/inegi_playwright_dag.py
[2026-05-29T13:14:44.980+0000] {processor.py:840} INFO - DAG(s) 'inegi_playwright' retrieved from /opt/airflow/dags/inegi_playwright_dag.py
[2026-05-29T13:14:45.181+0000] {logging_mixin.py:188} INFO - [2026-05-29T13:14:45.181+0000] {dag.py:3047} INFO - Sync 1 DAGs
[2026-05-29T13:14:45.477+0000] {logging_mixin.py:188} INFO - [2026-05-29T13:14:45.476+0000] {dag.py:3834} INFO - Setting next_dagrun for inegi_playwright to 2026-05-29 00:00:00+00:00, run_after=2026-05-30 00:00:00+00:00
[2026-05-29T13:14:45.830+0000] {processor.py:183} INFO - Processing /opt/airflow/dags/inegi_playwright_dag.py took 0.987 seconds
[2026-05-29T13:15:18.129+0000] {processor.py:161} INFO - Started process (PID=6218) to work on /opt/airflow/dags/inegi_playwright_dag.py
[2026-05-29T13:15:18.173+0000] {processor.py:830} INFO - Processing file /opt/airflow/dags/inegi_playwright_dag.py for tasks to queue
[2026-05-29T13:15:18.199+0000] {logging_mixin.py:188} INFO - [2026-05-29T13:15:18.198+0000] {dagbag.py:540} INFO - Filling up the DagBag from /opt/airflow/dags/inegi_playwright_dag.py
[2026-05-29T13:15:18.553+0000] {processor.py:840} INFO - DAG(s) 'inegi_playwright' retrieved from /opt/airflow/dags/inegi_playwright_dag.py
[2026-05-29T13:15:18.800+0000] {logging_mixin.py:188} INFO - [2026-05-29T13:15:18.799+0000] {dag.py:3047} INFO - Sync 1 DAGs
[2026-05-29T13:15:19.116+0000] {logging_mixin.py:188} INFO - [2026-05-29T13:15:19.116+0000] {dag.py:3834} INFO - Setting next_dagrun for inegi_playwright to 2026-05-29 00:00:00+00:00, run_after=2026-05-30 00:00:00+00:00
[2026-05-29T13:15:22.587+0000] {processor.py:183} INFO - Processing /opt/airflow/dags/inegi_playwright_dag.py took 4.480 seconds
