[2026-05-29T11:19:18.900+0000] {processor.py:161} INFO - Started process (PID=70) to work on /opt/airflow/dags/inegi_scraper_dag.py
[2026-05-29T11:19:18.915+0000] {processor.py:830} INFO - Processing file /opt/airflow/dags/inegi_scraper_dag.py for tasks to queue
[2026-05-29T11:19:18.935+0000] {logging_mixin.py:188} INFO - [2026-05-29T11:19:18.934+0000] {dagbag.py:540} INFO - Filling up the DagBag from /opt/airflow/dags/inegi_scraper_dag.py
[2026-05-29T11:19:21.126+0000] {processor.py:840} INFO - DAG(s) 'inegi_scraper' retrieved from /opt/airflow/dags/inegi_scraper_dag.py
[2026-05-29T11:19:23.905+0000] {logging_mixin.py:188} INFO - [2026-05-29T11:19:23.904+0000] {dag.py:3047} INFO - Sync 1 DAGs
[2026-05-29T11:19:24.803+0000] {logging_mixin.py:188} INFO - [2026-05-29T11:19:24.792+0000] {dag.py:3834} INFO - Setting next_dagrun for inegi_scraper to 2026-05-29 00:00:00+00:00, run_after=2026-05-30 00:00:00+00:00
[2026-05-29T11:19:25.848+0000] {processor.py:183} INFO - Processing /opt/airflow/dags/inegi_scraper_dag.py took 7.076 seconds
[2026-05-29T11:20:05.007+0000] {processor.py:161} INFO - Started process (PID=104) to work on /opt/airflow/dags/inegi_scraper_dag.py
[2026-05-29T11:20:05.245+0000] {processor.py:830} INFO - Processing file /opt/airflow/dags/inegi_scraper_dag.py for tasks to queue
[2026-05-29T11:20:05.349+0000] {logging_mixin.py:188} INFO - [2026-05-29T11:20:05.349+0000] {dagbag.py:540} INFO - Filling up the DagBag from /opt/airflow/dags/inegi_scraper_dag.py
[2026-05-29T11:20:09.246+0000] {processor.py:840} INFO - DAG(s) 'inegi_scraper' retrieved from /opt/airflow/dags/inegi_scraper_dag.py
[2026-05-29T11:20:10.365+0000] {logging_mixin.py:188} INFO - [2026-05-29T11:20:10.364+0000] {dag.py:3047} INFO - Sync 1 DAGs
[2026-05-29T11:20:11.279+0000] {logging_mixin.py:188} INFO - [2026-05-29T11:20:11.278+0000] {dag.py:3834} INFO - Setting next_dagrun for inegi_scraper to 2026-05-29 00:00:00+00:00, run_after=2026-05-30 00:00:00+00:00
[2026-05-29T11:20:12.971+0000] {processor.py:183} INFO - Processing /opt/airflow/dags/inegi_scraper_dag.py took 8.299 seconds
[2026-05-29T11:20:45.815+0000] {processor.py:161} INFO - Started process (PID=134) to work on /opt/airflow/dags/inegi_scraper_dag.py
[2026-05-29T11:20:46.411+0000] {processor.py:830} INFO - Processing file /opt/airflow/dags/inegi_scraper_dag.py for tasks to queue
[2026-05-29T11:20:46.781+0000] {logging_mixin.py:188} INFO - [2026-05-29T11:20:46.780+0000] {dagbag.py:540} INFO - Filling up the DagBag from /opt/airflow/dags/inegi_scraper_dag.py
[2026-05-29T11:20:52.092+0000] {processor.py:840} INFO - DAG(s) 'inegi_scraper' retrieved from /opt/airflow/dags/inegi_scraper_dag.py
[2026-05-29T11:20:53.218+0000] {logging_mixin.py:188} INFO - [2026-05-29T11:20:53.157+0000] {dag.py:3047} INFO - Sync 1 DAGs
[2026-05-29T11:20:55.527+0000] {logging_mixin.py:188} INFO - [2026-05-29T11:20:55.526+0000] {dag.py:3834} INFO - Setting next_dagrun for inegi_scraper to 2026-05-29 00:00:00+00:00, run_after=2026-05-30 00:00:00+00:00
[2026-05-29T11:20:56.492+0000] {processor.py:183} INFO - Processing /opt/airflow/dags/inegi_scraper_dag.py took 11.066 seconds
[2026-05-29T11:21:33.155+0000] {processor.py:161} INFO - Started process (PID=165) to work on /opt/airflow/dags/inegi_scraper_dag.py
[2026-05-29T11:21:33.225+0000] {processor.py:830} INFO - Processing file /opt/airflow/dags/inegi_scraper_dag.py for tasks to queue
[2026-05-29T11:21:33.279+0000] {logging_mixin.py:188} INFO - [2026-05-29T11:21:33.277+0000] {dagbag.py:540} INFO - Filling up the DagBag from /opt/airflow/dags/inegi_scraper_dag.py
[2026-05-29T11:21:34.803+0000] {processor.py:840} INFO - DAG(s) 'inegi_scraper' retrieved from /opt/airflow/dags/inegi_scraper_dag.py
[2026-05-29T11:21:35.308+0000] {logging_mixin.py:188} INFO - [2026-05-29T11:21:35.307+0000] {dag.py:3047} INFO - Sync 1 DAGs
[2026-05-29T11:21:36.914+0000] {logging_mixin.py:188} INFO - [2026-05-29T11:21:36.913+0000] {dag.py:3834} INFO - Setting next_dagrun for inegi_scraper to 2026-05-29 00:00:00+00:00, run_after=2026-05-30 00:00:00+00:00
[2026-05-29T11:21:37.779+0000] {processor.py:183} INFO - Processing /opt/airflow/dags/inegi_scraper_dag.py took 4.814 seconds
[2026-05-29T11:22:24.326+0000] {processor.py:161} INFO - Started process (PID=196) to work on /opt/airflow/dags/inegi_scraper_dag.py
[2026-05-29T11:22:24.355+0000] {processor.py:830} INFO - Processing file /opt/airflow/dags/inegi_scraper_dag.py for tasks to queue
[2026-05-29T11:22:24.403+0000] {logging_mixin.py:188} INFO - [2026-05-29T11:22:24.401+0000] {dagbag.py:540} INFO - Filling up the DagBag from /opt/airflow/dags/inegi_scraper_dag.py
[2026-05-29T11:22:26.166+0000] {processor.py:840} INFO - DAG(s) 'inegi_scraper' retrieved from /opt/airflow/dags/inegi_scraper_dag.py
[2026-05-29T11:22:28.410+0000] {logging_mixin.py:188} INFO - [2026-05-29T11:22:28.336+0000] {dag.py:3047} INFO - Sync 1 DAGs
[2026-05-29T11:22:30.055+0000] {logging_mixin.py:188} INFO - [2026-05-29T11:22:30.054+0000] {dag.py:3834} INFO - Setting next_dagrun for inegi_scraper to 2026-05-29 00:00:00+00:00, run_after=2026-05-30 00:00:00+00:00
[2026-05-29T11:22:31.077+0000] {processor.py:183} INFO - Processing /opt/airflow/dags/inegi_scraper_dag.py took 6.862 seconds
[2026-05-29T11:23:05.017+0000] {processor.py:161} INFO - Started process (PID=226) to work on /opt/airflow/dags/inegi_scraper_dag.py
[2026-05-29T11:23:05.115+0000] {processor.py:830} INFO - Processing file /opt/airflow/dags/inegi_scraper_dag.py for tasks to queue
[2026-05-29T11:23:05.178+0000] {logging_mixin.py:188} INFO - [2026-05-29T11:23:05.176+0000] {dagbag.py:540} INFO - Filling up the DagBag from /opt/airflow/dags/inegi_scraper_dag.py
[2026-05-29T11:23:07.137+0000] {processor.py:840} INFO - DAG(s) 'inegi_scraper' retrieved from /opt/airflow/dags/inegi_scraper_dag.py
[2026-05-29T11:23:08.352+0000] {logging_mixin.py:188} INFO - [2026-05-29T11:23:08.352+0000] {dag.py:3047} INFO - Sync 1 DAGs
[2026-05-29T11:23:10.352+0000] {logging_mixin.py:188} INFO - [2026-05-29T11:23:10.351+0000] {dag.py:3834} INFO - Setting next_dagrun for inegi_scraper to 2026-05-29 00:00:00+00:00, run_after=2026-05-30 00:00:00+00:00
[2026-05-29T11:23:11.908+0000] {processor.py:183} INFO - Processing /opt/airflow/dags/inegi_scraper_dag.py took 7.390 seconds
[2026-05-29T11:23:45.620+0000] {processor.py:161} INFO - Started process (PID=256) to work on /opt/airflow/dags/inegi_scraper_dag.py
[2026-05-29T11:23:45.663+0000] {processor.py:830} INFO - Processing file /opt/airflow/dags/inegi_scraper_dag.py for tasks to queue
[2026-05-29T11:23:45.724+0000] {logging_mixin.py:188} INFO - [2026-05-29T11:23:45.723+0000] {dagbag.py:540} INFO - Filling up the DagBag from /opt/airflow/dags/inegi_scraper_dag.py
[2026-05-29T11:23:46.821+0000] {processor.py:840} INFO - DAG(s) 'inegi_scraper' retrieved from /opt/airflow/dags/inegi_scraper_dag.py
[2026-05-29T11:23:47.171+0000] {logging_mixin.py:188} INFO - [2026-05-29T11:23:47.171+0000] {dag.py:3047} INFO - Sync 1 DAGs
[2026-05-29T11:23:47.767+0000] {logging_mixin.py:188} INFO - [2026-05-29T11:23:47.766+0000] {dag.py:3834} INFO - Setting next_dagrun for inegi_scraper to 2026-05-29 00:00:00+00:00, run_after=2026-05-30 00:00:00+00:00
[2026-05-29T11:23:48.510+0000] {processor.py:183} INFO - Processing /opt/airflow/dags/inegi_scraper_dag.py took 3.304 seconds
[2026-05-29T11:24:20.354+0000] {processor.py:161} INFO - Started process (PID=286) to work on /opt/airflow/dags/inegi_scraper_dag.py
[2026-05-29T11:24:20.408+0000] {processor.py:830} INFO - Processing file /opt/airflow/dags/inegi_scraper_dag.py for tasks to queue
[2026-05-29T11:24:20.456+0000] {logging_mixin.py:188} INFO - [2026-05-29T11:24:20.455+0000] {dagbag.py:540} INFO - Filling up the DagBag from /opt/airflow/dags/inegi_scraper_dag.py
[2026-05-29T11:24:21.815+0000] {processor.py:840} INFO - DAG(s) 'inegi_scraper' retrieved from /opt/airflow/dags/inegi_scraper_dag.py
[2026-05-29T11:24:22.601+0000] {logging_mixin.py:188} INFO - [2026-05-29T11:24:22.555+0000] {dag.py:3047} INFO - Sync 1 DAGs
[2026-05-29T11:24:23.064+0000] {logging_mixin.py:188} INFO - [2026-05-29T11:24:23.062+0000] {dag.py:3834} INFO - Setting next_dagrun for inegi_scraper to 2026-05-29 00:00:00+00:00, run_after=2026-05-30 00:00:00+00:00
[2026-05-29T11:24:23.526+0000] {processor.py:183} INFO - Processing /opt/airflow/dags/inegi_scraper_dag.py took 3.223 seconds
[2026-05-29T11:24:55.458+0000] {processor.py:161} INFO - Started process (PID=316) to work on /opt/airflow/dags/inegi_scraper_dag.py
[2026-05-29T11:24:55.473+0000] {processor.py:830} INFO - Processing file /opt/airflow/dags/inegi_scraper_dag.py for tasks to queue
[2026-05-29T11:24:55.538+0000] {logging_mixin.py:188} INFO - [2026-05-29T11:24:55.515+0000] {dagbag.py:540} INFO - Filling up the DagBag from /opt/airflow/dags/inegi_scraper_dag.py
[2026-05-29T11:24:56.181+0000] {processor.py:840} INFO - DAG(s) 'inegi_scraper' retrieved from /opt/airflow/dags/inegi_scraper_dag.py
[2026-05-29T11:24:56.635+0000] {logging_mixin.py:188} INFO - [2026-05-29T11:24:56.635+0000] {dag.py:3047} INFO - Sync 1 DAGs
[2026-05-29T11:24:57.471+0000] {logging_mixin.py:188} INFO - [2026-05-29T11:24:57.455+0000] {dag.py:3834} INFO - Setting next_dagrun for inegi_scraper to 2026-05-29 00:00:00+00:00, run_after=2026-05-30 00:00:00+00:00
[2026-05-29T11:24:57.715+0000] {processor.py:183} INFO - Processing /opt/airflow/dags/inegi_scraper_dag.py took 2.430 seconds
[2026-05-29T11:25:29.766+0000] {processor.py:161} INFO - Started process (PID=346) to work on /opt/airflow/dags/inegi_scraper_dag.py
[2026-05-29T11:25:29.782+0000] {processor.py:830} INFO - Processing file /opt/airflow/dags/inegi_scraper_dag.py for tasks to queue
[2026-05-29T11:25:29.817+0000] {logging_mixin.py:188} INFO - [2026-05-29T11:25:29.816+0000] {dagbag.py:540} INFO - Filling up the DagBag from /opt/airflow/dags/inegi_scraper_dag.py
[2026-05-29T11:25:30.454+0000] {processor.py:840} INFO - DAG(s) 'inegi_scraper' retrieved from /opt/airflow/dags/inegi_scraper_dag.py
[2026-05-29T11:25:30.936+0000] {logging_mixin.py:188} INFO - [2026-05-29T11:25:30.921+0000] {dag.py:3047} INFO - Sync 1 DAGs
[2026-05-29T11:25:31.189+0000] {logging_mixin.py:188} INFO - [2026-05-29T11:25:31.188+0000] {dag.py:3834} INFO - Setting next_dagrun for inegi_scraper to 2026-05-29 00:00:00+00:00, run_after=2026-05-30 00:00:00+00:00
[2026-05-29T11:25:31.664+0000] {processor.py:183} INFO - Processing /opt/airflow/dags/inegi_scraper_dag.py took 1.982 seconds
[2026-05-29T11:26:05.203+0000] {processor.py:161} INFO - Started process (PID=378) to work on /opt/airflow/dags/inegi_scraper_dag.py
[2026-05-29T11:26:05.221+0000] {processor.py:830} INFO - Processing file /opt/airflow/dags/inegi_scraper_dag.py for tasks to queue
[2026-05-29T11:26:05.256+0000] {logging_mixin.py:188} INFO - [2026-05-29T11:26:05.255+0000] {dagbag.py:540} INFO - Filling up the DagBag from /opt/airflow/dags/inegi_scraper_dag.py
[2026-05-29T11:26:05.914+0000] {processor.py:840} INFO - DAG(s) 'inegi_scraper' retrieved from /opt/airflow/dags/inegi_scraper_dag.py
[2026-05-29T11:26:06.277+0000] {logging_mixin.py:188} INFO - [2026-05-29T11:26:06.276+0000] {dag.py:3047} INFO - Sync 1 DAGs
[2026-05-29T11:26:06.832+0000] {logging_mixin.py:188} INFO - [2026-05-29T11:26:06.831+0000] {dag.py:3834} INFO - Setting next_dagrun for inegi_scraper to 2026-05-29 00:00:00+00:00, run_after=2026-05-30 00:00:00+00:00
[2026-05-29T11:26:07.352+0000] {processor.py:183} INFO - Processing /opt/airflow/dags/inegi_scraper_dag.py took 2.253 seconds
[2026-05-29T11:26:50.556+0000] {processor.py:161} INFO - Started process (PID=411) to work on /opt/airflow/dags/inegi_scraper_dag.py
[2026-05-29T11:26:50.892+0000] {processor.py:830} INFO - Processing file /opt/airflow/dags/inegi_scraper_dag.py for tasks to queue
[2026-05-29T11:26:50.936+0000] {logging_mixin.py:188} INFO - [2026-05-29T11:26:50.908+0000] {dagbag.py:540} INFO - Filling up the DagBag from /opt/airflow/dags/inegi_scraper_dag.py
[2026-05-29T11:26:55.354+0000] {processor.py:840} INFO - DAG(s) 'inegi_scraper' retrieved from /opt/airflow/dags/inegi_scraper_dag.py
[2026-05-29T11:26:57.048+0000] {logging_mixin.py:188} INFO - [2026-05-29T11:26:57.047+0000] {dag.py:3047} INFO - Sync 1 DAGs
[2026-05-29T11:26:58.071+0000] {logging_mixin.py:188} INFO - [2026-05-29T11:26:58.069+0000] {dag.py:3834} INFO - Setting next_dagrun for inegi_scraper to 2026-05-29 00:00:00+00:00, run_after=2026-05-30 00:00:00+00:00
[2026-05-29T11:26:59.111+0000] {processor.py:183} INFO - Processing /opt/airflow/dags/inegi_scraper_dag.py took 8.589 seconds
[2026-05-29T11:27:34.596+0000] {processor.py:161} INFO - Started process (PID=446) to work on /opt/airflow/dags/inegi_scraper_dag.py
[2026-05-29T11:27:34.647+0000] {processor.py:830} INFO - Processing file /opt/airflow/dags/inegi_scraper_dag.py for tasks to queue
[2026-05-29T11:27:34.682+0000] {logging_mixin.py:188} INFO - [2026-05-29T11:27:34.670+0000] {dagbag.py:540} INFO - Filling up the DagBag from /opt/airflow/dags/inegi_scraper_dag.py
[2026-05-29T11:27:35.788+0000] {processor.py:840} INFO - DAG(s) 'inegi_scraper' retrieved from /opt/airflow/dags/inegi_scraper_dag.py
[2026-05-29T11:27:36.188+0000] {logging_mixin.py:188} INFO - [2026-05-29T11:27:36.187+0000] {dag.py:3047} INFO - Sync 1 DAGs
[2026-05-29T11:27:36.603+0000] {logging_mixin.py:188} INFO - [2026-05-29T11:27:36.603+0000] {dag.py:3834} INFO - Setting next_dagrun for inegi_scraper to 2026-05-29 00:00:00+00:00, run_after=2026-05-30 00:00:00+00:00
[2026-05-29T11:27:40.609+0000] {processor.py:183} INFO - Processing /opt/airflow/dags/inegi_scraper_dag.py took 6.047 seconds
[2026-05-29T11:28:14.862+0000] {processor.py:161} INFO - Started process (PID=479) to work on /opt/airflow/dags/inegi_scraper_dag.py
[2026-05-29T11:28:14.908+0000] {processor.py:830} INFO - Processing file /opt/airflow/dags/inegi_scraper_dag.py for tasks to queue
[2026-05-29T11:28:14.974+0000] {logging_mixin.py:188} INFO - [2026-05-29T11:28:14.973+0000] {dagbag.py:540} INFO - Filling up the DagBag from /opt/airflow/dags/inegi_scraper_dag.py
[2026-05-29T11:28:16.886+0000] {processor.py:840} INFO - DAG(s) 'inegi_scraper' retrieved from /opt/airflow/dags/inegi_scraper_dag.py
[2026-05-29T11:28:17.334+0000] {logging_mixin.py:188} INFO - [2026-05-29T11:28:17.333+0000] {dag.py:3047} INFO - Sync 1 DAGs
[2026-05-29T11:28:17.813+0000] {logging_mixin.py:188} INFO - [2026-05-29T11:28:17.799+0000] {dag.py:3834} INFO - Setting next_dagrun for inegi_scraper to 2026-05-29 00:00:00+00:00, run_after=2026-05-30 00:00:00+00:00
[2026-05-29T11:28:18.247+0000] {processor.py:183} INFO - Processing /opt/airflow/dags/inegi_scraper_dag.py took 3.564 seconds
[2026-05-29T11:28:49.325+0000] {processor.py:161} INFO - Started process (PID=510) to work on /opt/airflow/dags/inegi_scraper_dag.py
[2026-05-29T11:28:49.344+0000] {processor.py:830} INFO - Processing file /opt/airflow/dags/inegi_scraper_dag.py for tasks to queue
[2026-05-29T11:28:49.352+0000] {logging_mixin.py:188} INFO - [2026-05-29T11:28:49.351+0000] {dagbag.py:540} INFO - Filling up the DagBag from /opt/airflow/dags/inegi_scraper_dag.py
[2026-05-29T11:28:49.601+0000] {processor.py:840} INFO - DAG(s) 'inegi_scraper' retrieved from /opt/airflow/dags/inegi_scraper_dag.py
[2026-05-29T11:28:50.327+0000] {logging_mixin.py:188} INFO - [2026-05-29T11:28:50.327+0000] {dag.py:3047} INFO - Sync 1 DAGs
[2026-05-29T11:28:50.616+0000] {logging_mixin.py:188} INFO - [2026-05-29T11:28:50.612+0000] {dag.py:3834} INFO - Setting next_dagrun for inegi_scraper to 2026-05-29 00:00:00+00:00, run_after=2026-05-30 00:00:00+00:00
[2026-05-29T11:28:50.780+0000] {processor.py:183} INFO - Processing /opt/airflow/dags/inegi_scraper_dag.py took 1.520 seconds
[2026-05-29T11:29:21.626+0000] {processor.py:161} INFO - Started process (PID=540) to work on /opt/airflow/dags/inegi_scraper_dag.py
[2026-05-29T11:29:21.634+0000] {processor.py:830} INFO - Processing file /opt/airflow/dags/inegi_scraper_dag.py for tasks to queue
[2026-05-29T11:29:21.638+0000] {logging_mixin.py:188} INFO - [2026-05-29T11:29:21.636+0000] {dagbag.py:540} INFO - Filling up the DagBag from /opt/airflow/dags/inegi_scraper_dag.py
[2026-05-29T11:29:21.744+0000] {processor.py:840} INFO - DAG(s) 'inegi_scraper' retrieved from /opt/airflow/dags/inegi_scraper_dag.py
[2026-05-29T11:29:21.841+0000] {logging_mixin.py:188} INFO - [2026-05-29T11:29:21.840+0000] {dag.py:3047} INFO - Sync 1 DAGs
[2026-05-29T11:29:21.914+0000] {logging_mixin.py:188} INFO - [2026-05-29T11:29:21.914+0000] {dag.py:3834} INFO - Setting next_dagrun for inegi_scraper to 2026-05-29 00:00:00+00:00, run_after=2026-05-30 00:00:00+00:00
[2026-05-29T11:29:21.964+0000] {processor.py:183} INFO - Processing /opt/airflow/dags/inegi_scraper_dag.py took 0.376 seconds
[2026-05-29T11:29:52.834+0000] {processor.py:161} INFO - Started process (PID=570) to work on /opt/airflow/dags/inegi_scraper_dag.py
[2026-05-29T11:29:52.838+0000] {processor.py:830} INFO - Processing file /opt/airflow/dags/inegi_scraper_dag.py for tasks to queue
[2026-05-29T11:29:52.842+0000] {logging_mixin.py:188} INFO - [2026-05-29T11:29:52.840+0000] {dagbag.py:540} INFO - Filling up the DagBag from /opt/airflow/dags/inegi_scraper_dag.py
[2026-05-29T11:29:52.995+0000] {processor.py:840} INFO - DAG(s) 'inegi_scraper' retrieved from /opt/airflow/dags/inegi_scraper_dag.py
[2026-05-29T11:29:53.119+0000] {logging_mixin.py:188} INFO - [2026-05-29T11:29:53.118+0000] {dag.py:3047} INFO - Sync 1 DAGs
[2026-05-29T11:29:53.908+0000] {logging_mixin.py:188} INFO - [2026-05-29T11:29:53.908+0000] {dag.py:3834} INFO - Setting next_dagrun for inegi_scraper to 2026-05-29 00:00:00+00:00, run_after=2026-05-30 00:00:00+00:00
[2026-05-29T11:29:54.556+0000] {processor.py:183} INFO - Processing /opt/airflow/dags/inegi_scraper_dag.py took 1.741 seconds
[2026-05-29T11:30:25.771+0000] {processor.py:161} INFO - Started process (PID=600) to work on /opt/airflow/dags/inegi_scraper_dag.py
[2026-05-29T11:30:25.779+0000] {processor.py:830} INFO - Processing file /opt/airflow/dags/inegi_scraper_dag.py for tasks to queue
[2026-05-29T11:30:25.787+0000] {logging_mixin.py:188} INFO - [2026-05-29T11:30:25.781+0000] {dagbag.py:540} INFO - Filling up the DagBag from /opt/airflow/dags/inegi_scraper_dag.py
[2026-05-29T11:30:25.864+0000] {processor.py:840} INFO - DAG(s) 'inegi_scraper' retrieved from /opt/airflow/dags/inegi_scraper_dag.py
[2026-05-29T11:30:26.059+0000] {logging_mixin.py:188} INFO - [2026-05-29T11:30:26.058+0000] {dag.py:3047} INFO - Sync 1 DAGs
[2026-05-29T11:30:26.263+0000] {logging_mixin.py:188} INFO - [2026-05-29T11:30:26.262+0000] {dag.py:3834} INFO - Setting next_dagrun for inegi_scraper to 2026-05-29 00:00:00+00:00, run_after=2026-05-30 00:00:00+00:00
[2026-05-29T11:30:26.470+0000] {processor.py:183} INFO - Processing /opt/airflow/dags/inegi_scraper_dag.py took 0.714 seconds
[2026-05-29T11:30:58.055+0000] {processor.py:161} INFO - Started process (PID=634) to work on /opt/airflow/dags/inegi_scraper_dag.py
[2026-05-29T11:30:58.065+0000] {processor.py:830} INFO - Processing file /opt/airflow/dags/inegi_scraper_dag.py for tasks to queue
[2026-05-29T11:30:58.072+0000] {logging_mixin.py:188} INFO - [2026-05-29T11:30:58.071+0000] {dagbag.py:540} INFO - Filling up the DagBag from /opt/airflow/dags/inegi_scraper_dag.py
[2026-05-29T11:30:58.271+0000] {processor.py:840} INFO - DAG(s) 'inegi_scraper' retrieved from /opt/airflow/dags/inegi_scraper_dag.py
[2026-05-29T11:30:58.534+0000] {logging_mixin.py:188} INFO - [2026-05-29T11:30:58.533+0000] {dag.py:3047} INFO - Sync 1 DAGs
[2026-05-29T11:30:58.781+0000] {logging_mixin.py:188} INFO - [2026-05-29T11:30:58.781+0000] {dag.py:3834} INFO - Setting next_dagrun for inegi_scraper to 2026-05-29 00:00:00+00:00, run_after=2026-05-30 00:00:00+00:00
[2026-05-29T11:30:59.472+0000] {processor.py:183} INFO - Processing /opt/airflow/dags/inegi_scraper_dag.py took 1.440 seconds
[2026-05-29T11:31:32.475+0000] {processor.py:161} INFO - Started process (PID=664) to work on /opt/airflow/dags/inegi_scraper_dag.py
[2026-05-29T11:31:32.491+0000] {processor.py:830} INFO - Processing file /opt/airflow/dags/inegi_scraper_dag.py for tasks to queue
[2026-05-29T11:31:32.526+0000] {logging_mixin.py:188} INFO - [2026-05-29T11:31:32.509+0000] {dagbag.py:540} INFO - Filling up the DagBag from /opt/airflow/dags/inegi_scraper_dag.py
[2026-05-29T11:31:33.929+0000] {processor.py:840} INFO - DAG(s) 'inegi_scraper' retrieved from /opt/airflow/dags/inegi_scraper_dag.py
[2026-05-29T11:31:34.123+0000] {logging_mixin.py:188} INFO - [2026-05-29T11:31:34.122+0000] {dag.py:3047} INFO - Sync 1 DAGs
[2026-05-29T11:31:34.392+0000] {logging_mixin.py:188} INFO - [2026-05-29T11:31:34.391+0000] {dag.py:3834} INFO - Setting next_dagrun for inegi_scraper to 2026-05-29 00:00:00+00:00, run_after=2026-05-30 00:00:00+00:00
[2026-05-29T11:31:34.906+0000] {processor.py:183} INFO - Processing /opt/airflow/dags/inegi_scraper_dag.py took 2.459 seconds
[2026-05-29T11:32:12.474+0000] {processor.py:161} INFO - Started process (PID=694) to work on /opt/airflow/dags/inegi_scraper_dag.py
[2026-05-29T11:32:12.539+0000] {processor.py:830} INFO - Processing file /opt/airflow/dags/inegi_scraper_dag.py for tasks to queue
[2026-05-29T11:32:12.557+0000] {logging_mixin.py:188} INFO - [2026-05-29T11:32:12.555+0000] {dagbag.py:540} INFO - Filling up the DagBag from /opt/airflow/dags/inegi_scraper_dag.py
[2026-05-29T11:32:15.433+0000] {processor.py:840} INFO - DAG(s) 'inegi_scraper' retrieved from /opt/airflow/dags/inegi_scraper_dag.py
[2026-05-29T11:32:16.038+0000] {logging_mixin.py:188} INFO - [2026-05-29T11:32:16.037+0000] {dag.py:3047} INFO - Sync 1 DAGs
[2026-05-29T11:32:16.391+0000] {logging_mixin.py:188} INFO - [2026-05-29T11:32:16.390+0000] {dag.py:3834} INFO - Setting next_dagrun for inegi_scraper to 2026-05-29 00:00:00+00:00, run_after=2026-05-30 00:00:00+00:00
[2026-05-29T11:32:18.139+0000] {processor.py:183} INFO - Processing /opt/airflow/dags/inegi_scraper_dag.py took 5.776 seconds
[2026-05-29T11:32:52.105+0000] {processor.py:161} INFO - Started process (PID=724) to work on /opt/airflow/dags/inegi_scraper_dag.py
[2026-05-29T11:32:52.170+0000] {processor.py:830} INFO - Processing file /opt/airflow/dags/inegi_scraper_dag.py for tasks to queue
[2026-05-29T11:32:52.220+0000] {logging_mixin.py:188} INFO - [2026-05-29T11:32:52.218+0000] {dagbag.py:540} INFO - Filling up the DagBag from /opt/airflow/dags/inegi_scraper_dag.py
[2026-05-29T11:32:52.658+0000] {processor.py:840} INFO - DAG(s) 'inegi_scraper' retrieved from /opt/airflow/dags/inegi_scraper_dag.py
[2026-05-29T11:32:54.518+0000] {logging_mixin.py:188} INFO - [2026-05-29T11:32:54.518+0000] {dag.py:3047} INFO - Sync 1 DAGs
[2026-05-29T11:32:55.160+0000] {logging_mixin.py:188} INFO - [2026-05-29T11:32:55.148+0000] {dag.py:3834} INFO - Setting next_dagrun for inegi_scraper to 2026-05-29 00:00:00+00:00, run_after=2026-05-30 00:00:00+00:00
[2026-05-29T11:32:55.738+0000] {processor.py:183} INFO - Processing /opt/airflow/dags/inegi_scraper_dag.py took 3.808 seconds
[2026-05-29T11:33:28.391+0000] {processor.py:161} INFO - Started process (PID=754) to work on /opt/airflow/dags/inegi_scraper_dag.py
[2026-05-29T11:33:28.397+0000] {processor.py:830} INFO - Processing file /opt/airflow/dags/inegi_scraper_dag.py for tasks to queue
[2026-05-29T11:33:28.414+0000] {logging_mixin.py:188} INFO - [2026-05-29T11:33:28.413+0000] {dagbag.py:540} INFO - Filling up the DagBag from /opt/airflow/dags/inegi_scraper_dag.py
[2026-05-29T11:33:28.519+0000] {processor.py:840} INFO - DAG(s) 'inegi_scraper' retrieved from /opt/airflow/dags/inegi_scraper_dag.py
[2026-05-29T11:33:28.819+0000] {logging_mixin.py:188} INFO - [2026-05-29T11:33:28.814+0000] {dag.py:3047} INFO - Sync 1 DAGs
[2026-05-29T11:33:28.983+0000] {logging_mixin.py:188} INFO - [2026-05-29T11:33:28.978+0000] {dag.py:3834} INFO - Setting next_dagrun for inegi_scraper to 2026-05-29 00:00:00+00:00, run_after=2026-05-30 00:00:00+00:00
[2026-05-29T11:33:30.042+0000] {processor.py:183} INFO - Processing /opt/airflow/dags/inegi_scraper_dag.py took 1.666 seconds
[2026-05-29T11:34:22.136+0000] {processor.py:161} INFO - Started process (PID=785) to work on /opt/airflow/dags/inegi_scraper_dag.py
[2026-05-29T11:34:22.151+0000] {processor.py:830} INFO - Processing file /opt/airflow/dags/inegi_scraper_dag.py for tasks to queue
[2026-05-29T11:34:22.166+0000] {logging_mixin.py:188} INFO - [2026-05-29T11:34:22.164+0000] {dagbag.py:540} INFO - Filling up the DagBag from /opt/airflow/dags/inegi_scraper_dag.py
[2026-05-29T11:34:22.381+0000] {processor.py:840} INFO - DAG(s) 'inegi_scraper' retrieved from /opt/airflow/dags/inegi_scraper_dag.py
[2026-05-29T11:34:22.629+0000] {logging_mixin.py:188} INFO - [2026-05-29T11:34:22.629+0000] {dag.py:3047} INFO - Sync 1 DAGs
[2026-05-29T11:34:22.977+0000] {logging_mixin.py:188} INFO - [2026-05-29T11:34:22.976+0000] {dag.py:3834} INFO - Setting next_dagrun for inegi_scraper to 2026-05-29 00:00:00+00:00, run_after=2026-05-30 00:00:00+00:00
[2026-05-29T11:34:24.797+0000] {processor.py:183} INFO - Processing /opt/airflow/dags/inegi_scraper_dag.py took 2.697 seconds
[2026-05-29T11:34:58.621+0000] {processor.py:161} INFO - Started process (PID=815) to work on /opt/airflow/dags/inegi_scraper_dag.py
[2026-05-29T11:34:58.881+0000] {processor.py:830} INFO - Processing file /opt/airflow/dags/inegi_scraper_dag.py for tasks to queue
[2026-05-29T11:34:58.965+0000] {logging_mixin.py:188} INFO - [2026-05-29T11:34:58.964+0000] {dagbag.py:540} INFO - Filling up the DagBag from /opt/airflow/dags/inegi_scraper_dag.py
[2026-05-29T11:35:03.459+0000] {processor.py:840} INFO - DAG(s) 'inegi_scraper' retrieved from /opt/airflow/dags/inegi_scraper_dag.py
[2026-05-29T11:35:04.379+0000] {logging_mixin.py:188} INFO - [2026-05-29T11:35:04.350+0000] {dag.py:3047} INFO - Sync 1 DAGs
[2026-05-29T11:35:05.485+0000] {logging_mixin.py:188} INFO - [2026-05-29T11:35:05.484+0000] {dag.py:3834} INFO - Setting next_dagrun for inegi_scraper to 2026-05-29 00:00:00+00:00, run_after=2026-05-30 00:00:00+00:00
[2026-05-29T11:35:06.137+0000] {processor.py:183} INFO - Processing /opt/airflow/dags/inegi_scraper_dag.py took 7.592 seconds
[2026-05-29T11:35:38.415+0000] {processor.py:161} INFO - Started process (PID=846) to work on /opt/airflow/dags/inegi_scraper_dag.py
[2026-05-29T11:35:38.429+0000] {processor.py:830} INFO - Processing file /opt/airflow/dags/inegi_scraper_dag.py for tasks to queue
[2026-05-29T11:35:38.470+0000] {logging_mixin.py:188} INFO - [2026-05-29T11:35:38.468+0000] {dagbag.py:540} INFO - Filling up the DagBag from /opt/airflow/dags/inegi_scraper_dag.py
[2026-05-29T11:35:40.460+0000] {processor.py:840} INFO - DAG(s) 'inegi_scraper' retrieved from /opt/airflow/dags/inegi_scraper_dag.py
[2026-05-29T11:35:41.051+0000] {logging_mixin.py:188} INFO - [2026-05-29T11:35:41.035+0000] {dag.py:3047} INFO - Sync 1 DAGs
[2026-05-29T11:35:41.419+0000] {logging_mixin.py:188} INFO - [2026-05-29T11:35:41.407+0000] {dag.py:3834} INFO - Setting next_dagrun for inegi_scraper to 2026-05-29 00:00:00+00:00, run_after=2026-05-30 00:00:00+00:00
[2026-05-29T11:35:41.589+0000] {processor.py:183} INFO - Processing /opt/airflow/dags/inegi_scraper_dag.py took 3.208 seconds
[2026-05-29T11:36:36.181+0000] {processor.py:161} INFO - Started process (PID=876) to work on /opt/airflow/dags/inegi_scraper_dag.py
[2026-05-29T11:36:36.479+0000] {processor.py:830} INFO - Processing file /opt/airflow/dags/inegi_scraper_dag.py for tasks to queue
[2026-05-29T11:36:36.664+0000] {logging_mixin.py:188} INFO - [2026-05-29T11:36:36.662+0000] {dagbag.py:540} INFO - Filling up the DagBag from /opt/airflow/dags/inegi_scraper_dag.py
[2026-05-29T11:36:38.673+0000] {processor.py:840} INFO - DAG(s) 'inegi_scraper' retrieved from /opt/airflow/dags/inegi_scraper_dag.py
[2026-05-29T11:36:38.925+0000] {logging_mixin.py:188} INFO - [2026-05-29T11:36:38.924+0000] {dag.py:3047} INFO - Sync 1 DAGs
[2026-05-29T11:36:39.214+0000] {logging_mixin.py:188} INFO - [2026-05-29T11:36:39.213+0000] {dag.py:3834} INFO - Setting next_dagrun for inegi_scraper to 2026-05-29 00:00:00+00:00, run_after=2026-05-30 00:00:00+00:00
[2026-05-29T11:36:39.425+0000] {processor.py:183} INFO - Processing /opt/airflow/dags/inegi_scraper_dag.py took 3.332 seconds
[2026-05-29T11:37:11.128+0000] {processor.py:161} INFO - Started process (PID=906) to work on /opt/airflow/dags/inegi_scraper_dag.py
[2026-05-29T11:37:11.157+0000] {processor.py:830} INFO - Processing file /opt/airflow/dags/inegi_scraper_dag.py for tasks to queue
[2026-05-29T11:37:11.322+0000] {logging_mixin.py:188} INFO - [2026-05-29T11:37:11.321+0000] {dagbag.py:540} INFO - Filling up the DagBag from /opt/airflow/dags/inegi_scraper_dag.py
[2026-05-29T11:37:12.257+0000] {processor.py:840} INFO - DAG(s) 'inegi_scraper' retrieved from /opt/airflow/dags/inegi_scraper_dag.py
[2026-05-29T11:37:12.416+0000] {logging_mixin.py:188} INFO - [2026-05-29T11:37:12.414+0000] {dag.py:3047} INFO - Sync 1 DAGs
[2026-05-29T11:37:12.544+0000] {logging_mixin.py:188} INFO - [2026-05-29T11:37:12.543+0000] {dag.py:3834} INFO - Setting next_dagrun for inegi_scraper to 2026-05-29 00:00:00+00:00, run_after=2026-05-30 00:00:00+00:00
[2026-05-29T11:37:12.724+0000] {processor.py:183} INFO - Processing /opt/airflow/dags/inegi_scraper_dag.py took 1.628 seconds
[2026-05-29T11:37:44.548+0000] {processor.py:161} INFO - Started process (PID=936) to work on /opt/airflow/dags/inegi_scraper_dag.py
[2026-05-29T11:37:44.561+0000] {processor.py:830} INFO - Processing file /opt/airflow/dags/inegi_scraper_dag.py for tasks to queue
[2026-05-29T11:37:44.577+0000] {logging_mixin.py:188} INFO - [2026-05-29T11:37:44.576+0000] {dagbag.py:540} INFO - Filling up the DagBag from /opt/airflow/dags/inegi_scraper_dag.py
[2026-05-29T11:37:44.663+0000] {processor.py:840} INFO - DAG(s) 'inegi_scraper' retrieved from /opt/airflow/dags/inegi_scraper_dag.py
[2026-05-29T11:37:44.743+0000] {logging_mixin.py:188} INFO - [2026-05-29T11:37:44.742+0000] {dag.py:3047} INFO - Sync 1 DAGs
[2026-05-29T11:37:45.032+0000] {logging_mixin.py:188} INFO - [2026-05-29T11:37:45.032+0000] {dag.py:3834} INFO - Setting next_dagrun for inegi_scraper to 2026-05-29 00:00:00+00:00, run_after=2026-05-30 00:00:00+00:00
[2026-05-29T11:37:45.206+0000] {processor.py:183} INFO - Processing /opt/airflow/dags/inegi_scraper_dag.py took 0.679 seconds
[2026-05-29T11:38:17.833+0000] {processor.py:161} INFO - Started process (PID=966) to work on /opt/airflow/dags/inegi_scraper_dag.py
[2026-05-29T11:38:17.853+0000] {processor.py:830} INFO - Processing file /opt/airflow/dags/inegi_scraper_dag.py for tasks to queue
[2026-05-29T11:38:17.862+0000] {logging_mixin.py:188} INFO - [2026-05-29T11:38:17.857+0000] {dagbag.py:540} INFO - Filling up the DagBag from /opt/airflow/dags/inegi_scraper_dag.py
[2026-05-29T11:38:18.135+0000] {processor.py:840} INFO - DAG(s) 'inegi_scraper' retrieved from /opt/airflow/dags/inegi_scraper_dag.py
[2026-05-29T11:38:18.466+0000] {logging_mixin.py:188} INFO - [2026-05-29T11:38:18.465+0000] {dag.py:3047} INFO - Sync 1 DAGs
[2026-05-29T11:38:18.720+0000] {logging_mixin.py:188} INFO - [2026-05-29T11:38:18.719+0000] {dag.py:3834} INFO - Setting next_dagrun for inegi_scraper to 2026-05-29 00:00:00+00:00, run_after=2026-05-30 00:00:00+00:00
[2026-05-29T11:38:19.074+0000] {processor.py:183} INFO - Processing /opt/airflow/dags/inegi_scraper_dag.py took 1.262 seconds
[2026-05-29T11:38:53.277+0000] {processor.py:161} INFO - Started process (PID=996) to work on /opt/airflow/dags/inegi_scraper_dag.py
[2026-05-29T11:38:53.293+0000] {processor.py:830} INFO - Processing file /opt/airflow/dags/inegi_scraper_dag.py for tasks to queue
[2026-05-29T11:38:53.305+0000] {logging_mixin.py:188} INFO - [2026-05-29T11:38:53.300+0000] {dagbag.py:540} INFO - Filling up the DagBag from /opt/airflow/dags/inegi_scraper_dag.py
[2026-05-29T11:38:53.751+0000] {processor.py:840} INFO - DAG(s) 'inegi_scraper' retrieved from /opt/airflow/dags/inegi_scraper_dag.py
[2026-05-29T11:38:54.109+0000] {logging_mixin.py:188} INFO - [2026-05-29T11:38:54.108+0000] {dag.py:3047} INFO - Sync 1 DAGs
[2026-05-29T11:38:54.426+0000] {logging_mixin.py:188} INFO - [2026-05-29T11:38:54.425+0000] {dag.py:3834} INFO - Setting next_dagrun for inegi_scraper to 2026-05-29 00:00:00+00:00, run_after=2026-05-30 00:00:00+00:00
[2026-05-29T11:38:55.082+0000] {processor.py:183} INFO - Processing /opt/airflow/dags/inegi_scraper_dag.py took 1.827 seconds
[2026-05-29T11:39:34.128+0000] {processor.py:161} INFO - Started process (PID=1026) to work on /opt/airflow/dags/inegi_scraper_dag.py
[2026-05-29T11:39:34.146+0000] {processor.py:830} INFO - Processing file /opt/airflow/dags/inegi_scraper_dag.py for tasks to queue
[2026-05-29T11:39:34.177+0000] {logging_mixin.py:188} INFO - [2026-05-29T11:39:34.176+0000] {dagbag.py:540} INFO - Filling up the DagBag from /opt/airflow/dags/inegi_scraper_dag.py
[2026-05-29T11:39:34.974+0000] {processor.py:840} INFO - DAG(s) 'inegi_scraper' retrieved from /opt/airflow/dags/inegi_scraper_dag.py
[2026-05-29T11:39:35.229+0000] {logging_mixin.py:188} INFO - [2026-05-29T11:39:35.218+0000] {dag.py:3047} INFO - Sync 1 DAGs
[2026-05-29T11:39:35.549+0000] {logging_mixin.py:188} INFO - [2026-05-29T11:39:35.549+0000] {dag.py:3834} INFO - Setting next_dagrun for inegi_scraper to 2026-05-29 00:00:00+00:00, run_after=2026-05-30 00:00:00+00:00
[2026-05-29T11:39:54.328+0000] {processor.py:183} INFO - Processing /opt/airflow/dags/inegi_scraper_dag.py took 20.214 seconds
[2026-05-29T11:40:33.749+0000] {processor.py:161} INFO - Started process (PID=1056) to work on /opt/airflow/dags/inegi_scraper_dag.py
[2026-05-29T11:40:33.833+0000] {processor.py:830} INFO - Processing file /opt/airflow/dags/inegi_scraper_dag.py for tasks to queue
[2026-05-29T11:40:33.967+0000] {logging_mixin.py:188} INFO - [2026-05-29T11:40:33.966+0000] {dagbag.py:540} INFO - Filling up the DagBag from /opt/airflow/dags/inegi_scraper_dag.py
[2026-05-29T11:40:40.806+0000] {processor.py:840} INFO - DAG(s) 'inegi_scraper' retrieved from /opt/airflow/dags/inegi_scraper_dag.py
[2026-05-29T11:40:41.122+0000] {logging_mixin.py:188} INFO - [2026-05-29T11:40:41.122+0000] {dag.py:3047} INFO - Sync 1 DAGs
[2026-05-29T11:40:41.320+0000] {logging_mixin.py:188} INFO - [2026-05-29T11:40:41.319+0000] {dag.py:3834} INFO - Setting next_dagrun for inegi_scraper to 2026-05-29 00:00:00+00:00, run_after=2026-05-30 00:00:00+00:00
[2026-05-29T11:40:41.816+0000] {processor.py:183} INFO - Processing /opt/airflow/dags/inegi_scraper_dag.py took 8.083 seconds
[2026-05-29T11:41:14.283+0000] {processor.py:161} INFO - Started process (PID=1086) to work on /opt/airflow/dags/inegi_scraper_dag.py
[2026-05-29T11:41:14.286+0000] {processor.py:830} INFO - Processing file /opt/airflow/dags/inegi_scraper_dag.py for tasks to queue
[2026-05-29T11:41:14.289+0000] {logging_mixin.py:188} INFO - [2026-05-29T11:41:14.288+0000] {dagbag.py:540} INFO - Filling up the DagBag from /opt/airflow/dags/inegi_scraper_dag.py
[2026-05-29T11:41:14.342+0000] {processor.py:840} INFO - DAG(s) 'inegi_scraper' retrieved from /opt/airflow/dags/inegi_scraper_dag.py
[2026-05-29T11:41:14.421+0000] {logging_mixin.py:188} INFO - [2026-05-29T11:41:14.420+0000] {dag.py:3047} INFO - Sync 1 DAGs
[2026-05-29T11:41:14.489+0000] {logging_mixin.py:188} INFO - [2026-05-29T11:41:14.489+0000] {dag.py:3834} INFO - Setting next_dagrun for inegi_scraper to 2026-05-29 00:00:00+00:00, run_after=2026-05-30 00:00:00+00:00
[2026-05-29T11:41:19.829+0000] {processor.py:183} INFO - Processing /opt/airflow/dags/inegi_scraper_dag.py took 5.556 seconds
[2026-05-29T11:41:53.399+0000] {processor.py:161} INFO - Started process (PID=1121) to work on /opt/airflow/dags/inegi_scraper_dag.py
[2026-05-29T11:41:53.463+0000] {processor.py:830} INFO - Processing file /opt/airflow/dags/inegi_scraper_dag.py for tasks to queue
[2026-05-29T11:41:53.496+0000] {logging_mixin.py:188} INFO - [2026-05-29T11:41:53.495+0000] {dagbag.py:540} INFO - Filling up the DagBag from /opt/airflow/dags/inegi_scraper_dag.py
[2026-05-29T11:41:54.988+0000] {processor.py:840} INFO - DAG(s) 'inegi_scraper' retrieved from /opt/airflow/dags/inegi_scraper_dag.py
[2026-05-29T11:41:55.526+0000] {logging_mixin.py:188} INFO - [2026-05-29T11:41:55.525+0000] {dag.py:3047} INFO - Sync 1 DAGs
[2026-05-29T11:41:56.279+0000] {logging_mixin.py:188} INFO - [2026-05-29T11:41:56.278+0000] {dag.py:3834} INFO - Setting next_dagrun for inegi_scraper to 2026-05-29 00:00:00+00:00, run_after=2026-05-30 00:00:00+00:00
[2026-05-29T11:41:58.669+0000] {processor.py:183} INFO - Processing /opt/airflow/dags/inegi_scraper_dag.py took 5.320 seconds
[2026-05-29T11:42:39.056+0000] {processor.py:161} INFO - Started process (PID=1153) to work on /opt/airflow/dags/inegi_scraper_dag.py
[2026-05-29T11:42:39.075+0000] {processor.py:830} INFO - Processing file /opt/airflow/dags/inegi_scraper_dag.py for tasks to queue
[2026-05-29T11:42:39.082+0000] {logging_mixin.py:188} INFO - [2026-05-29T11:42:39.081+0000] {dagbag.py:540} INFO - Filling up the DagBag from /opt/airflow/dags/inegi_scraper_dag.py
[2026-05-29T11:42:39.155+0000] {processor.py:840} INFO - DAG(s) 'inegi_scraper' retrieved from /opt/airflow/dags/inegi_scraper_dag.py
[2026-05-29T11:42:39.308+0000] {logging_mixin.py:188} INFO - [2026-05-29T11:42:39.307+0000] {dag.py:3047} INFO - Sync 1 DAGs
[2026-05-29T11:42:39.508+0000] {logging_mixin.py:188} INFO - [2026-05-29T11:42:39.508+0000] {dag.py:3834} INFO - Setting next_dagrun for inegi_scraper to 2026-05-29 00:00:00+00:00, run_after=2026-05-30 00:00:00+00:00
[2026-05-29T11:42:39.662+0000] {processor.py:183} INFO - Processing /opt/airflow/dags/inegi_scraper_dag.py took 0.635 seconds
[2026-05-29T11:43:11.308+0000] {processor.py:161} INFO - Started process (PID=1183) to work on /opt/airflow/dags/inegi_scraper_dag.py
[2026-05-29T11:43:11.312+0000] {processor.py:830} INFO - Processing file /opt/airflow/dags/inegi_scraper_dag.py for tasks to queue
[2026-05-29T11:43:11.315+0000] {logging_mixin.py:188} INFO - [2026-05-29T11:43:11.314+0000] {dagbag.py:540} INFO - Filling up the DagBag from /opt/airflow/dags/inegi_scraper_dag.py
[2026-05-29T11:43:11.385+0000] {processor.py:840} INFO - DAG(s) 'inegi_scraper' retrieved from /opt/airflow/dags/inegi_scraper_dag.py
[2026-05-29T11:43:11.470+0000] {logging_mixin.py:188} INFO - [2026-05-29T11:43:11.460+0000] {dag.py:3047} INFO - Sync 1 DAGs
[2026-05-29T11:43:11.667+0000] {logging_mixin.py:188} INFO - [2026-05-29T11:43:11.667+0000] {dag.py:3834} INFO - Setting next_dagrun for inegi_scraper to 2026-05-29 00:00:00+00:00, run_after=2026-05-30 00:00:00+00:00
[2026-05-29T11:43:11.824+0000] {processor.py:183} INFO - Processing /opt/airflow/dags/inegi_scraper_dag.py took 0.528 seconds
[2026-05-29T11:43:44.391+0000] {processor.py:161} INFO - Started process (PID=1211) to work on /opt/airflow/dags/inegi_scraper_dag.py
[2026-05-29T11:43:44.435+0000] {processor.py:830} INFO - Processing file /opt/airflow/dags/inegi_scraper_dag.py for tasks to queue
[2026-05-29T11:43:44.453+0000] {logging_mixin.py:188} INFO - [2026-05-29T11:43:44.452+0000] {dagbag.py:540} INFO - Filling up the DagBag from /opt/airflow/dags/inegi_scraper_dag.py
[2026-05-29T11:43:45.016+0000] {processor.py:840} INFO - DAG(s) 'inegi_scraper' retrieved from /opt/airflow/dags/inegi_scraper_dag.py
[2026-05-29T11:43:45.287+0000] {logging_mixin.py:188} INFO - [2026-05-29T11:43:45.286+0000] {dag.py:3047} INFO - Sync 1 DAGs
[2026-05-29T11:43:45.473+0000] {logging_mixin.py:188} INFO - [2026-05-29T11:43:45.472+0000] {dag.py:3834} INFO - Setting next_dagrun for inegi_scraper to 2026-05-29 00:00:00+00:00, run_after=2026-05-30 00:00:00+00:00
[2026-05-29T11:43:45.717+0000] {processor.py:183} INFO - Processing /opt/airflow/dags/inegi_scraper_dag.py took 1.361 seconds
[2026-05-29T11:44:16.651+0000] {processor.py:161} INFO - Started process (PID=1243) to work on /opt/airflow/dags/inegi_scraper_dag.py
[2026-05-29T11:44:16.654+0000] {processor.py:830} INFO - Processing file /opt/airflow/dags/inegi_scraper_dag.py for tasks to queue
[2026-05-29T11:44:16.657+0000] {logging_mixin.py:188} INFO - [2026-05-29T11:44:16.656+0000] {dagbag.py:540} INFO - Filling up the DagBag from /opt/airflow/dags/inegi_scraper_dag.py
[2026-05-29T11:44:16.712+0000] {processor.py:840} INFO - DAG(s) 'inegi_scraper' retrieved from /opt/airflow/dags/inegi_scraper_dag.py
[2026-05-29T11:44:16.783+0000] {logging_mixin.py:188} INFO - [2026-05-29T11:44:16.782+0000] {dag.py:3047} INFO - Sync 1 DAGs
[2026-05-29T11:44:16.849+0000] {logging_mixin.py:188} INFO - [2026-05-29T11:44:16.849+0000] {dag.py:3834} INFO - Setting next_dagrun for inegi_scraper to 2026-05-29 00:00:00+00:00, run_after=2026-05-30 00:00:00+00:00
[2026-05-29T11:44:16.910+0000] {processor.py:183} INFO - Processing /opt/airflow/dags/inegi_scraper_dag.py took 0.270 seconds
[2026-05-29T11:44:47.726+0000] {processor.py:161} INFO - Started process (PID=1273) to work on /opt/airflow/dags/inegi_scraper_dag.py
[2026-05-29T11:44:47.730+0000] {processor.py:830} INFO - Processing file /opt/airflow/dags/inegi_scraper_dag.py for tasks to queue
[2026-05-29T11:44:47.745+0000] {logging_mixin.py:188} INFO - [2026-05-29T11:44:47.744+0000] {dagbag.py:540} INFO - Filling up the DagBag from /opt/airflow/dags/inegi_scraper_dag.py
[2026-05-29T11:44:47.838+0000] {processor.py:840} INFO - DAG(s) 'inegi_scraper' retrieved from /opt/airflow/dags/inegi_scraper_dag.py
[2026-05-29T11:44:47.957+0000] {logging_mixin.py:188} INFO - [2026-05-29T11:44:47.957+0000] {dag.py:3047} INFO - Sync 1 DAGs
[2026-05-29T11:44:48.161+0000] {logging_mixin.py:188} INFO - [2026-05-29T11:44:48.160+0000] {dag.py:3834} INFO - Setting next_dagrun for inegi_scraper to 2026-05-29 00:00:00+00:00, run_after=2026-05-30 00:00:00+00:00
[2026-05-29T11:44:48.243+0000] {processor.py:183} INFO - Processing /opt/airflow/dags/inegi_scraper_dag.py took 0.541 seconds
[2026-05-29T11:45:19.234+0000] {processor.py:161} INFO - Started process (PID=1301) to work on /opt/airflow/dags/inegi_scraper_dag.py
[2026-05-29T11:45:19.252+0000] {processor.py:830} INFO - Processing file /opt/airflow/dags/inegi_scraper_dag.py for tasks to queue
[2026-05-29T11:45:19.261+0000] {logging_mixin.py:188} INFO - [2026-05-29T11:45:19.260+0000] {dagbag.py:540} INFO - Filling up the DagBag from /opt/airflow/dags/inegi_scraper_dag.py
[2026-05-29T11:45:19.371+0000] {processor.py:840} INFO - DAG(s) 'inegi_scraper' retrieved from /opt/airflow/dags/inegi_scraper_dag.py
[2026-05-29T11:45:19.620+0000] {logging_mixin.py:188} INFO - [2026-05-29T11:45:19.608+0000] {dag.py:3047} INFO - Sync 1 DAGs
[2026-05-29T11:45:20.077+0000] {logging_mixin.py:188} INFO - [2026-05-29T11:45:20.077+0000] {dag.py:3834} INFO - Setting next_dagrun for inegi_scraper to 2026-05-29 00:00:00+00:00, run_after=2026-05-30 00:00:00+00:00
[2026-05-29T11:45:20.201+0000] {processor.py:183} INFO - Processing /opt/airflow/dags/inegi_scraper_dag.py took 0.992 seconds
[2026-05-29T11:45:50.453+0000] {processor.py:161} INFO - Started process (PID=1331) to work on /opt/airflow/dags/inegi_scraper_dag.py
[2026-05-29T11:45:50.456+0000] {processor.py:830} INFO - Processing file /opt/airflow/dags/inegi_scraper_dag.py for tasks to queue
[2026-05-29T11:45:50.462+0000] {logging_mixin.py:188} INFO - [2026-05-29T11:45:50.461+0000] {dagbag.py:540} INFO - Filling up the DagBag from /opt/airflow/dags/inegi_scraper_dag.py
[2026-05-29T11:45:50.519+0000] {processor.py:840} INFO - DAG(s) 'inegi_scraper' retrieved from /opt/airflow/dags/inegi_scraper_dag.py
[2026-05-29T11:45:50.657+0000] {logging_mixin.py:188} INFO - [2026-05-29T11:45:50.657+0000] {dag.py:3047} INFO - Sync 1 DAGs
[2026-05-29T11:45:50.774+0000] {logging_mixin.py:188} INFO - [2026-05-29T11:45:50.773+0000] {dag.py:3834} INFO - Setting next_dagrun for inegi_scraper to 2026-05-29 00:00:00+00:00, run_after=2026-05-30 00:00:00+00:00
[2026-05-29T11:45:50.991+0000] {processor.py:183} INFO - Processing /opt/airflow/dags/inegi_scraper_dag.py took 0.555 seconds
[2026-05-29T11:46:27.899+0000] {processor.py:161} INFO - Started process (PID=1361) to work on /opt/airflow/dags/inegi_scraper_dag.py
[2026-05-29T11:46:27.903+0000] {processor.py:830} INFO - Processing file /opt/airflow/dags/inegi_scraper_dag.py for tasks to queue
[2026-05-29T11:46:27.916+0000] {logging_mixin.py:188} INFO - [2026-05-29T11:46:27.915+0000] {dagbag.py:540} INFO - Filling up the DagBag from /opt/airflow/dags/inegi_scraper_dag.py
[2026-05-29T11:46:28.322+0000] {processor.py:840} INFO - DAG(s) 'inegi_scraper' retrieved from /opt/airflow/dags/inegi_scraper_dag.py
[2026-05-29T11:46:28.519+0000] {logging_mixin.py:188} INFO - [2026-05-29T11:46:28.508+0000] {dag.py:3047} INFO - Sync 1 DAGs
[2026-05-29T11:46:28.703+0000] {logging_mixin.py:188} INFO - [2026-05-29T11:46:28.703+0000] {dag.py:3834} INFO - Setting next_dagrun for inegi_scraper to 2026-05-29 00:00:00+00:00, run_after=2026-05-30 00:00:00+00:00
[2026-05-29T11:46:28.831+0000] {processor.py:183} INFO - Processing /opt/airflow/dags/inegi_scraper_dag.py took 0.958 seconds
[2026-05-29T11:46:59.182+0000] {processor.py:161} INFO - Started process (PID=1393) to work on /opt/airflow/dags/inegi_scraper_dag.py
[2026-05-29T11:46:59.194+0000] {processor.py:830} INFO - Processing file /opt/airflow/dags/inegi_scraper_dag.py for tasks to queue
[2026-05-29T11:46:59.197+0000] {logging_mixin.py:188} INFO - [2026-05-29T11:46:59.196+0000] {dagbag.py:540} INFO - Filling up the DagBag from /opt/airflow/dags/inegi_scraper_dag.py
[2026-05-29T11:46:59.320+0000] {processor.py:840} INFO - DAG(s) 'inegi_scraper' retrieved from /opt/airflow/dags/inegi_scraper_dag.py
[2026-05-29T11:46:59.465+0000] {logging_mixin.py:188} INFO - [2026-05-29T11:46:59.464+0000] {dag.py:3047} INFO - Sync 1 DAGs
[2026-05-29T11:46:59.705+0000] {logging_mixin.py:188} INFO - [2026-05-29T11:46:59.705+0000] {dag.py:3834} INFO - Setting next_dagrun for inegi_scraper to 2026-05-29 00:00:00+00:00, run_after=2026-05-30 00:00:00+00:00
[2026-05-29T11:47:00.068+0000] {processor.py:183} INFO - Processing /opt/airflow/dags/inegi_scraper_dag.py took 0.900 seconds
[2026-05-29T11:47:36.453+0000] {processor.py:161} INFO - Started process (PID=1426) to work on /opt/airflow/dags/inegi_scraper_dag.py
[2026-05-29T11:47:36.506+0000] {processor.py:830} INFO - Processing file /opt/airflow/dags/inegi_scraper_dag.py for tasks to queue
[2026-05-29T11:47:36.597+0000] {logging_mixin.py:188} INFO - [2026-05-29T11:47:36.596+0000] {dagbag.py:540} INFO - Filling up the DagBag from /opt/airflow/dags/inegi_scraper_dag.py
[2026-05-29T11:47:42.123+0000] {processor.py:840} INFO - DAG(s) 'inegi_scraper' retrieved from /opt/airflow/dags/inegi_scraper_dag.py
[2026-05-29T11:47:42.617+0000] {logging_mixin.py:188} INFO - [2026-05-29T11:47:42.617+0000] {dag.py:3047} INFO - Sync 1 DAGs
[2026-05-29T11:47:42.909+0000] {logging_mixin.py:188} INFO - [2026-05-29T11:47:42.908+0000] {dag.py:3834} INFO - Setting next_dagrun for inegi_scraper to 2026-05-29 00:00:00+00:00, run_after=2026-05-30 00:00:00+00:00
[2026-05-29T11:47:43.767+0000] {processor.py:183} INFO - Processing /opt/airflow/dags/inegi_scraper_dag.py took 7.339 seconds
[2026-05-29T11:48:14.766+0000] {processor.py:161} INFO - Started process (PID=1458) to work on /opt/airflow/dags/inegi_scraper_dag.py
[2026-05-29T11:48:14.768+0000] {processor.py:830} INFO - Processing file /opt/airflow/dags/inegi_scraper_dag.py for tasks to queue
[2026-05-29T11:48:14.771+0000] {logging_mixin.py:188} INFO - [2026-05-29T11:48:14.770+0000] {dagbag.py:540} INFO - Filling up the DagBag from /opt/airflow/dags/inegi_scraper_dag.py
[2026-05-29T11:48:14.826+0000] {processor.py:840} INFO - DAG(s) 'inegi_scraper' retrieved from /opt/airflow/dags/inegi_scraper_dag.py
[2026-05-29T11:48:14.896+0000] {logging_mixin.py:188} INFO - [2026-05-29T11:48:14.895+0000] {dag.py:3047} INFO - Sync 1 DAGs
[2026-05-29T11:48:14.968+0000] {logging_mixin.py:188} INFO - [2026-05-29T11:48:14.967+0000] {dag.py:3834} INFO - Setting next_dagrun for inegi_scraper to 2026-05-29 00:00:00+00:00, run_after=2026-05-30 00:00:00+00:00
[2026-05-29T11:48:15.070+0000] {processor.py:183} INFO - Processing /opt/airflow/dags/inegi_scraper_dag.py took 0.314 seconds
[2026-05-29T11:49:00.868+0000] {processor.py:161} INFO - Started process (PID=1486) to work on /opt/airflow/dags/inegi_scraper_dag.py
[2026-05-29T11:49:01.231+0000] {processor.py:830} INFO - Processing file /opt/airflow/dags/inegi_scraper_dag.py for tasks to queue
[2026-05-29T11:49:01.339+0000] {logging_mixin.py:188} INFO - [2026-05-29T11:49:01.338+0000] {dagbag.py:540} INFO - Filling up the DagBag from /opt/airflow/dags/inegi_scraper_dag.py
[2026-05-29T11:49:14.999+0000] {processor.py:840} INFO - DAG(s) 'inegi_scraper' retrieved from /opt/airflow/dags/inegi_scraper_dag.py
[2026-05-29T11:49:15.414+0000] {logging_mixin.py:188} INFO - [2026-05-29T11:49:15.413+0000] {dag.py:3047} INFO - Sync 1 DAGs
[2026-05-29T11:49:15.694+0000] {logging_mixin.py:188} INFO - [2026-05-29T11:49:15.693+0000] {dag.py:3834} INFO - Setting next_dagrun for inegi_scraper to 2026-05-29 00:00:00+00:00, run_after=2026-05-30 00:00:00+00:00
[2026-05-29T11:49:16.125+0000] {processor.py:183} INFO - Processing /opt/airflow/dags/inegi_scraper_dag.py took 15.469 seconds
[2026-05-29T11:49:48.667+0000] {processor.py:161} INFO - Started process (PID=1518) to work on /opt/airflow/dags/inegi_scraper_dag.py
[2026-05-29T11:49:48.671+0000] {processor.py:830} INFO - Processing file /opt/airflow/dags/inegi_scraper_dag.py for tasks to queue
[2026-05-29T11:49:48.678+0000] {logging_mixin.py:188} INFO - [2026-05-29T11:49:48.676+0000] {dagbag.py:540} INFO - Filling up the DagBag from /opt/airflow/dags/inegi_scraper_dag.py
[2026-05-29T11:49:48.818+0000] {processor.py:840} INFO - DAG(s) 'inegi_scraper' retrieved from /opt/airflow/dags/inegi_scraper_dag.py
[2026-05-29T11:49:48.926+0000] {logging_mixin.py:188} INFO - [2026-05-29T11:49:48.925+0000] {dag.py:3047} INFO - Sync 1 DAGs
[2026-05-29T11:49:48.997+0000] {logging_mixin.py:188} INFO - [2026-05-29T11:49:48.995+0000] {dag.py:3834} INFO - Setting next_dagrun for inegi_scraper to 2026-05-29 00:00:00+00:00, run_after=2026-05-30 00:00:00+00:00
[2026-05-29T11:49:49.211+0000] {processor.py:183} INFO - Processing /opt/airflow/dags/inegi_scraper_dag.py took 0.564 seconds
[2026-05-29T11:50:20.630+0000] {processor.py:161} INFO - Started process (PID=1548) to work on /opt/airflow/dags/inegi_scraper_dag.py
[2026-05-29T11:50:20.660+0000] {processor.py:830} INFO - Processing file /opt/airflow/dags/inegi_scraper_dag.py for tasks to queue
[2026-05-29T11:50:20.675+0000] {logging_mixin.py:188} INFO - [2026-05-29T11:50:20.668+0000] {dagbag.py:540} INFO - Filling up the DagBag from /opt/airflow/dags/inegi_scraper_dag.py
[2026-05-29T11:50:20.948+0000] {processor.py:840} INFO - DAG(s) 'inegi_scraper' retrieved from /opt/airflow/dags/inegi_scraper_dag.py
[2026-05-29T11:50:21.396+0000] {logging_mixin.py:188} INFO - [2026-05-29T11:50:21.396+0000] {dag.py:3047} INFO - Sync 1 DAGs
[2026-05-29T11:50:21.751+0000] {logging_mixin.py:188} INFO - [2026-05-29T11:50:21.751+0000] {dag.py:3834} INFO - Setting next_dagrun for inegi_scraper to 2026-05-29 00:00:00+00:00, run_after=2026-05-30 00:00:00+00:00
[2026-05-29T11:50:21.957+0000] {processor.py:183} INFO - Processing /opt/airflow/dags/inegi_scraper_dag.py took 1.390 seconds
[2026-05-29T11:50:56.955+0000] {processor.py:161} INFO - Started process (PID=1578) to work on /opt/airflow/dags/inegi_scraper_dag.py
[2026-05-29T11:50:57.001+0000] {processor.py:830} INFO - Processing file /opt/airflow/dags/inegi_scraper_dag.py for tasks to queue
[2026-05-29T11:50:57.051+0000] {logging_mixin.py:188} INFO - [2026-05-29T11:50:57.050+0000] {dagbag.py:540} INFO - Filling up the DagBag from /opt/airflow/dags/inegi_scraper_dag.py
[2026-05-29T11:50:59.649+0000] {processor.py:840} INFO - DAG(s) 'inegi_scraper' retrieved from /opt/airflow/dags/inegi_scraper_dag.py
[2026-05-29T11:51:00.067+0000] {logging_mixin.py:188} INFO - [2026-05-29T11:51:00.052+0000] {dag.py:3047} INFO - Sync 1 DAGs
[2026-05-29T11:51:00.712+0000] {logging_mixin.py:188} INFO - [2026-05-29T11:51:00.712+0000] {dag.py:3834} INFO - Setting next_dagrun for inegi_scraper to 2026-05-29 00:00:00+00:00, run_after=2026-05-30 00:00:00+00:00
[2026-05-29T11:51:02.252+0000] {processor.py:183} INFO - Processing /opt/airflow/dags/inegi_scraper_dag.py took 5.318 seconds
[2026-05-29T11:51:45.318+0000] {processor.py:161} INFO - Started process (PID=1608) to work on /opt/airflow/dags/inegi_scraper_dag.py
[2026-05-29T11:51:45.393+0000] {processor.py:830} INFO - Processing file /opt/airflow/dags/inegi_scraper_dag.py for tasks to queue
[2026-05-29T11:51:45.481+0000] {logging_mixin.py:188} INFO - [2026-05-29T11:51:45.480+0000] {dagbag.py:540} INFO - Filling up the DagBag from /opt/airflow/dags/inegi_scraper_dag.py
[2026-05-29T11:51:48.744+0000] {processor.py:840} INFO - DAG(s) 'inegi_scraper' retrieved from /opt/airflow/dags/inegi_scraper_dag.py
[2026-05-29T11:51:48.936+0000] {logging_mixin.py:188} INFO - [2026-05-29T11:51:48.936+0000] {dag.py:3047} INFO - Sync 1 DAGs
[2026-05-29T11:51:49.230+0000] {logging_mixin.py:188} INFO - [2026-05-29T11:51:49.229+0000] {dag.py:3834} INFO - Setting next_dagrun for inegi_scraper to 2026-05-29 00:00:00+00:00, run_after=2026-05-30 00:00:00+00:00
[2026-05-29T11:51:49.823+0000] {processor.py:183} INFO - Processing /opt/airflow/dags/inegi_scraper_dag.py took 4.529 seconds
[2026-05-29T11:52:21.673+0000] {processor.py:161} INFO - Started process (PID=1638) to work on /opt/airflow/dags/inegi_scraper_dag.py
[2026-05-29T11:52:21.676+0000] {processor.py:830} INFO - Processing file /opt/airflow/dags/inegi_scraper_dag.py for tasks to queue
[2026-05-29T11:52:21.680+0000] {logging_mixin.py:188} INFO - [2026-05-29T11:52:21.679+0000] {dagbag.py:540} INFO - Filling up the DagBag from /opt/airflow/dags/inegi_scraper_dag.py
[2026-05-29T11:52:21.737+0000] {processor.py:840} INFO - DAG(s) 'inegi_scraper' retrieved from /opt/airflow/dags/inegi_scraper_dag.py
[2026-05-29T11:52:21.808+0000] {logging_mixin.py:188} INFO - [2026-05-29T11:52:21.807+0000] {dag.py:3047} INFO - Sync 1 DAGs
[2026-05-29T11:52:21.883+0000] {logging_mixin.py:188} INFO - [2026-05-29T11:52:21.883+0000] {dag.py:3834} INFO - Setting next_dagrun for inegi_scraper to 2026-05-29 00:00:00+00:00, run_after=2026-05-30 00:00:00+00:00
[2026-05-29T11:52:22.142+0000] {processor.py:183} INFO - Processing /opt/airflow/dags/inegi_scraper_dag.py took 0.481 seconds
[2026-05-29T11:52:53.275+0000] {processor.py:161} INFO - Started process (PID=1668) to work on /opt/airflow/dags/inegi_scraper_dag.py
[2026-05-29T11:52:53.280+0000] {processor.py:830} INFO - Processing file /opt/airflow/dags/inegi_scraper_dag.py for tasks to queue
[2026-05-29T11:52:53.285+0000] {logging_mixin.py:188} INFO - [2026-05-29T11:52:53.283+0000] {dagbag.py:540} INFO - Filling up the DagBag from /opt/airflow/dags/inegi_scraper_dag.py
[2026-05-29T11:52:53.367+0000] {processor.py:840} INFO - DAG(s) 'inegi_scraper' retrieved from /opt/airflow/dags/inegi_scraper_dag.py
[2026-05-29T11:52:53.497+0000] {logging_mixin.py:188} INFO - [2026-05-29T11:52:53.496+0000] {dag.py:3047} INFO - Sync 1 DAGs
[2026-05-29T11:52:53.595+0000] {logging_mixin.py:188} INFO - [2026-05-29T11:52:53.594+0000] {dag.py:3834} INFO - Setting next_dagrun for inegi_scraper to 2026-05-29 00:00:00+00:00, run_after=2026-05-30 00:00:00+00:00
[2026-05-29T11:52:53.718+0000] {processor.py:183} INFO - Processing /opt/airflow/dags/inegi_scraper_dag.py took 0.453 seconds
[2026-05-29T11:53:24.136+0000] {processor.py:161} INFO - Started process (PID=1698) to work on /opt/airflow/dags/inegi_scraper_dag.py
[2026-05-29T11:53:24.139+0000] {processor.py:830} INFO - Processing file /opt/airflow/dags/inegi_scraper_dag.py for tasks to queue
[2026-05-29T11:53:24.142+0000] {logging_mixin.py:188} INFO - [2026-05-29T11:53:24.141+0000] {dagbag.py:540} INFO - Filling up the DagBag from /opt/airflow/dags/inegi_scraper_dag.py
[2026-05-29T11:53:24.198+0000] {processor.py:840} INFO - DAG(s) 'inegi_scraper' retrieved from /opt/airflow/dags/inegi_scraper_dag.py
[2026-05-29T11:53:24.266+0000] {logging_mixin.py:188} INFO - [2026-05-29T11:53:24.266+0000] {dag.py:3047} INFO - Sync 1 DAGs
[2026-05-29T11:53:24.331+0000] {logging_mixin.py:188} INFO - [2026-05-29T11:53:24.330+0000] {dag.py:3834} INFO - Setting next_dagrun for inegi_scraper to 2026-05-29 00:00:00+00:00, run_after=2026-05-30 00:00:00+00:00
[2026-05-29T11:53:24.383+0000] {processor.py:183} INFO - Processing /opt/airflow/dags/inegi_scraper_dag.py took 0.258 seconds
[2026-05-29T11:53:54.922+0000] {processor.py:161} INFO - Started process (PID=1728) to work on /opt/airflow/dags/inegi_scraper_dag.py
[2026-05-29T11:53:54.925+0000] {processor.py:830} INFO - Processing file /opt/airflow/dags/inegi_scraper_dag.py for tasks to queue
[2026-05-29T11:53:54.928+0000] {logging_mixin.py:188} INFO - [2026-05-29T11:53:54.927+0000] {dagbag.py:540} INFO - Filling up the DagBag from /opt/airflow/dags/inegi_scraper_dag.py
[2026-05-29T11:53:55.006+0000] {processor.py:840} INFO - DAG(s) 'inegi_scraper' retrieved from /opt/airflow/dags/inegi_scraper_dag.py
[2026-05-29T11:53:55.084+0000] {logging_mixin.py:188} INFO - [2026-05-29T11:53:55.083+0000] {dag.py:3047} INFO - Sync 1 DAGs
[2026-05-29T11:53:55.156+0000] {logging_mixin.py:188} INFO - [2026-05-29T11:53:55.155+0000] {dag.py:3834} INFO - Setting next_dagrun for inegi_scraper to 2026-05-29 00:00:00+00:00, run_after=2026-05-30 00:00:00+00:00
[2026-05-29T11:53:55.269+0000] {processor.py:183} INFO - Processing /opt/airflow/dags/inegi_scraper_dag.py took 0.359 seconds
[2026-05-29T11:54:29.322+0000] {processor.py:161} INFO - Started process (PID=1758) to work on /opt/airflow/dags/inegi_scraper_dag.py
[2026-05-29T11:54:29.360+0000] {processor.py:830} INFO - Processing file /opt/airflow/dags/inegi_scraper_dag.py for tasks to queue
[2026-05-29T11:54:29.378+0000] {logging_mixin.py:188} INFO - [2026-05-29T11:54:29.377+0000] {dagbag.py:540} INFO - Filling up the DagBag from /opt/airflow/dags/inegi_scraper_dag.py
[2026-05-29T11:54:29.494+0000] {processor.py:840} INFO - DAG(s) 'inegi_scraper' retrieved from /opt/airflow/dags/inegi_scraper_dag.py
[2026-05-29T11:54:31.163+0000] {logging_mixin.py:188} INFO - [2026-05-29T11:54:31.162+0000] {dag.py:3047} INFO - Sync 1 DAGs
[2026-05-29T11:54:31.323+0000] {logging_mixin.py:188} INFO - [2026-05-29T11:54:31.322+0000] {dag.py:3834} INFO - Setting next_dagrun for inegi_scraper to 2026-05-29 00:00:00+00:00, run_after=2026-05-30 00:00:00+00:00
[2026-05-29T11:54:33.345+0000] {processor.py:183} INFO - Processing /opt/airflow/dags/inegi_scraper_dag.py took 4.060 seconds
[2026-05-29T11:55:04.300+0000] {processor.py:161} INFO - Started process (PID=1788) to work on /opt/airflow/dags/inegi_scraper_dag.py
[2026-05-29T11:55:04.303+0000] {processor.py:830} INFO - Processing file /opt/airflow/dags/inegi_scraper_dag.py for tasks to queue
[2026-05-29T11:55:04.306+0000] {logging_mixin.py:188} INFO - [2026-05-29T11:55:04.305+0000] {dagbag.py:540} INFO - Filling up the DagBag from /opt/airflow/dags/inegi_scraper_dag.py
[2026-05-29T11:55:04.363+0000] {processor.py:840} INFO - DAG(s) 'inegi_scraper' retrieved from /opt/airflow/dags/inegi_scraper_dag.py
[2026-05-29T11:55:04.463+0000] {logging_mixin.py:188} INFO - [2026-05-29T11:55:04.463+0000] {dag.py:3047} INFO - Sync 1 DAGs
[2026-05-29T11:55:04.621+0000] {logging_mixin.py:188} INFO - [2026-05-29T11:55:04.620+0000] {dag.py:3834} INFO - Setting next_dagrun for inegi_scraper to 2026-05-29 00:00:00+00:00, run_after=2026-05-30 00:00:00+00:00
[2026-05-29T11:55:04.713+0000] {processor.py:183} INFO - Processing /opt/airflow/dags/inegi_scraper_dag.py took 0.425 seconds
[2026-05-29T11:55:35.172+0000] {processor.py:161} INFO - Started process (PID=1818) to work on /opt/airflow/dags/inegi_scraper_dag.py
[2026-05-29T11:55:35.178+0000] {processor.py:830} INFO - Processing file /opt/airflow/dags/inegi_scraper_dag.py for tasks to queue
[2026-05-29T11:55:35.183+0000] {logging_mixin.py:188} INFO - [2026-05-29T11:55:35.181+0000] {dagbag.py:540} INFO - Filling up the DagBag from /opt/airflow/dags/inegi_scraper_dag.py
[2026-05-29T11:55:35.238+0000] {processor.py:840} INFO - DAG(s) 'inegi_scraper' retrieved from /opt/airflow/dags/inegi_scraper_dag.py
[2026-05-29T11:55:35.315+0000] {logging_mixin.py:188} INFO - [2026-05-29T11:55:35.314+0000] {dag.py:3047} INFO - Sync 1 DAGs
[2026-05-29T11:55:35.387+0000] {logging_mixin.py:188} INFO - [2026-05-29T11:55:35.386+0000] {dag.py:3834} INFO - Setting next_dagrun for inegi_scraper to 2026-05-29 00:00:00+00:00, run_after=2026-05-30 00:00:00+00:00
[2026-05-29T11:55:35.448+0000] {processor.py:183} INFO - Processing /opt/airflow/dags/inegi_scraper_dag.py took 0.296 seconds
[2026-05-29T11:56:07.368+0000] {processor.py:161} INFO - Started process (PID=1848) to work on /opt/airflow/dags/inegi_scraper_dag.py
[2026-05-29T11:56:07.381+0000] {processor.py:830} INFO - Processing file /opt/airflow/dags/inegi_scraper_dag.py for tasks to queue
[2026-05-29T11:56:07.410+0000] {logging_mixin.py:188} INFO - [2026-05-29T11:56:07.409+0000] {dagbag.py:540} INFO - Filling up the DagBag from /opt/airflow/dags/inegi_scraper_dag.py
[2026-05-29T11:56:07.559+0000] {processor.py:840} INFO - DAG(s) 'inegi_scraper' retrieved from /opt/airflow/dags/inegi_scraper_dag.py
[2026-05-29T11:56:07.659+0000] {logging_mixin.py:188} INFO - [2026-05-29T11:56:07.658+0000] {dag.py:3047} INFO - Sync 1 DAGs
[2026-05-29T11:56:07.796+0000] {logging_mixin.py:188} INFO - [2026-05-29T11:56:07.783+0000] {dag.py:3834} INFO - Setting next_dagrun for inegi_scraper to 2026-05-29 00:00:00+00:00, run_after=2026-05-30 00:00:00+00:00
[2026-05-29T11:56:08.075+0000] {processor.py:183} INFO - Processing /opt/airflow/dags/inegi_scraper_dag.py took 0.720 seconds
[2026-05-29T11:56:39.707+0000] {processor.py:161} INFO - Started process (PID=1878) to work on /opt/airflow/dags/inegi_scraper_dag.py
[2026-05-29T11:56:39.723+0000] {processor.py:830} INFO - Processing file /opt/airflow/dags/inegi_scraper_dag.py for tasks to queue
[2026-05-29T11:56:39.736+0000] {logging_mixin.py:188} INFO - [2026-05-29T11:56:39.735+0000] {dagbag.py:540} INFO - Filling up the DagBag from /opt/airflow/dags/inegi_scraper_dag.py
[2026-05-29T11:56:40.504+0000] {processor.py:840} INFO - DAG(s) 'inegi_scraper' retrieved from /opt/airflow/dags/inegi_scraper_dag.py
[2026-05-29T11:56:40.745+0000] {logging_mixin.py:188} INFO - [2026-05-29T11:56:40.745+0000] {dag.py:3047} INFO - Sync 1 DAGs
[2026-05-29T11:56:40.986+0000] {logging_mixin.py:188} INFO - [2026-05-29T11:56:40.986+0000] {dag.py:3834} INFO - Setting next_dagrun for inegi_scraper to 2026-05-29 00:00:00+00:00, run_after=2026-05-30 00:00:00+00:00
[2026-05-29T11:56:41.391+0000] {processor.py:183} INFO - Processing /opt/airflow/dags/inegi_scraper_dag.py took 1.707 seconds
[2026-05-29T11:57:12.297+0000] {processor.py:161} INFO - Started process (PID=1908) to work on /opt/airflow/dags/inegi_scraper_dag.py
[2026-05-29T11:57:12.302+0000] {processor.py:830} INFO - Processing file /opt/airflow/dags/inegi_scraper_dag.py for tasks to queue
[2026-05-29T11:57:12.308+0000] {logging_mixin.py:188} INFO - [2026-05-29T11:57:12.307+0000] {dagbag.py:540} INFO - Filling up the DagBag from /opt/airflow/dags/inegi_scraper_dag.py
[2026-05-29T11:57:12.373+0000] {processor.py:840} INFO - DAG(s) 'inegi_scraper' retrieved from /opt/airflow/dags/inegi_scraper_dag.py
[2026-05-29T11:57:12.475+0000] {logging_mixin.py:188} INFO - [2026-05-29T11:57:12.475+0000] {dag.py:3047} INFO - Sync 1 DAGs
[2026-05-29T11:57:12.563+0000] {logging_mixin.py:188} INFO - [2026-05-29T11:57:12.562+0000] {dag.py:3834} INFO - Setting next_dagrun for inegi_scraper to 2026-05-29 00:00:00+00:00, run_after=2026-05-30 00:00:00+00:00
[2026-05-29T11:57:12.685+0000] {processor.py:183} INFO - Processing /opt/airflow/dags/inegi_scraper_dag.py took 0.402 seconds
[2026-05-29T11:57:42.883+0000] {processor.py:161} INFO - Started process (PID=1938) to work on /opt/airflow/dags/inegi_scraper_dag.py
[2026-05-29T11:57:42.889+0000] {processor.py:830} INFO - Processing file /opt/airflow/dags/inegi_scraper_dag.py for tasks to queue
[2026-05-29T11:57:42.893+0000] {logging_mixin.py:188} INFO - [2026-05-29T11:57:42.892+0000] {dagbag.py:540} INFO - Filling up the DagBag from /opt/airflow/dags/inegi_scraper_dag.py
[2026-05-29T11:57:42.961+0000] {processor.py:840} INFO - DAG(s) 'inegi_scraper' retrieved from /opt/airflow/dags/inegi_scraper_dag.py
[2026-05-29T11:57:43.039+0000] {logging_mixin.py:188} INFO - [2026-05-29T11:57:43.038+0000] {dag.py:3047} INFO - Sync 1 DAGs
[2026-05-29T11:57:43.211+0000] {logging_mixin.py:188} INFO - [2026-05-29T11:57:43.211+0000] {dag.py:3834} INFO - Setting next_dagrun for inegi_scraper to 2026-05-29 00:00:00+00:00, run_after=2026-05-30 00:00:00+00:00
[2026-05-29T11:57:43.576+0000] {processor.py:183} INFO - Processing /opt/airflow/dags/inegi_scraper_dag.py took 0.703 seconds
[2026-05-29T11:58:14.167+0000] {processor.py:161} INFO - Started process (PID=1968) to work on /opt/airflow/dags/inegi_scraper_dag.py
[2026-05-29T11:58:14.170+0000] {processor.py:830} INFO - Processing file /opt/airflow/dags/inegi_scraper_dag.py for tasks to queue
[2026-05-29T11:58:14.173+0000] {logging_mixin.py:188} INFO - [2026-05-29T11:58:14.172+0000] {dagbag.py:540} INFO - Filling up the DagBag from /opt/airflow/dags/inegi_scraper_dag.py
[2026-05-29T11:58:14.230+0000] {processor.py:840} INFO - DAG(s) 'inegi_scraper' retrieved from /opt/airflow/dags/inegi_scraper_dag.py
[2026-05-29T11:58:14.305+0000] {logging_mixin.py:188} INFO - [2026-05-29T11:58:14.305+0000] {dag.py:3047} INFO - Sync 1 DAGs
[2026-05-29T11:58:14.368+0000] {logging_mixin.py:188} INFO - [2026-05-29T11:58:14.368+0000] {dag.py:3834} INFO - Setting next_dagrun for inegi_scraper to 2026-05-29 00:00:00+00:00, run_after=2026-05-30 00:00:00+00:00
[2026-05-29T11:58:14.430+0000] {processor.py:183} INFO - Processing /opt/airflow/dags/inegi_scraper_dag.py took 0.274 seconds
[2026-05-29T11:58:44.927+0000] {processor.py:161} INFO - Started process (PID=1998) to work on /opt/airflow/dags/inegi_scraper_dag.py
[2026-05-29T11:58:44.931+0000] {processor.py:830} INFO - Processing file /opt/airflow/dags/inegi_scraper_dag.py for tasks to queue
[2026-05-29T11:58:44.934+0000] {logging_mixin.py:188} INFO - [2026-05-29T11:58:44.933+0000] {dagbag.py:540} INFO - Filling up the DagBag from /opt/airflow/dags/inegi_scraper_dag.py
[2026-05-29T11:58:44.991+0000] {processor.py:840} INFO - DAG(s) 'inegi_scraper' retrieved from /opt/airflow/dags/inegi_scraper_dag.py
[2026-05-29T11:58:45.061+0000] {logging_mixin.py:188} INFO - [2026-05-29T11:58:45.061+0000] {dag.py:3047} INFO - Sync 1 DAGs
[2026-05-29T11:58:45.134+0000] {logging_mixin.py:188} INFO - [2026-05-29T11:58:45.133+0000] {dag.py:3834} INFO - Setting next_dagrun for inegi_scraper to 2026-05-29 00:00:00+00:00, run_after=2026-05-30 00:00:00+00:00
[2026-05-29T11:58:45.204+0000] {processor.py:183} INFO - Processing /opt/airflow/dags/inegi_scraper_dag.py took 0.288 seconds
[2026-05-29T11:59:15.364+0000] {processor.py:161} INFO - Started process (PID=2028) to work on /opt/airflow/dags/inegi_scraper_dag.py
[2026-05-29T11:59:15.368+0000] {processor.py:830} INFO - Processing file /opt/airflow/dags/inegi_scraper_dag.py for tasks to queue
[2026-05-29T11:59:15.375+0000] {logging_mixin.py:188} INFO - [2026-05-29T11:59:15.373+0000] {dagbag.py:540} INFO - Filling up the DagBag from /opt/airflow/dags/inegi_scraper_dag.py
[2026-05-29T11:59:15.431+0000] {processor.py:840} INFO - DAG(s) 'inegi_scraper' retrieved from /opt/airflow/dags/inegi_scraper_dag.py
[2026-05-29T11:59:15.497+0000] {logging_mixin.py:188} INFO - [2026-05-29T11:59:15.497+0000] {dag.py:3047} INFO - Sync 1 DAGs
[2026-05-29T11:59:15.560+0000] {logging_mixin.py:188} INFO - [2026-05-29T11:59:15.560+0000] {dag.py:3834} INFO - Setting next_dagrun for inegi_scraper to 2026-05-29 00:00:00+00:00, run_after=2026-05-30 00:00:00+00:00
[2026-05-29T11:59:15.615+0000] {processor.py:183} INFO - Processing /opt/airflow/dags/inegi_scraper_dag.py took 0.260 seconds
[2026-05-29T11:59:46.727+0000] {processor.py:161} INFO - Started process (PID=2058) to work on /opt/airflow/dags/inegi_scraper_dag.py
[2026-05-29T11:59:46.747+0000] {processor.py:830} INFO - Processing file /opt/airflow/dags/inegi_scraper_dag.py for tasks to queue
[2026-05-29T11:59:46.831+0000] {logging_mixin.py:188} INFO - [2026-05-29T11:59:46.830+0000] {dagbag.py:540} INFO - Filling up the DagBag from /opt/airflow/dags/inegi_scraper_dag.py
[2026-05-29T11:59:48.282+0000] {processor.py:840} INFO - DAG(s) 'inegi_scraper' retrieved from /opt/airflow/dags/inegi_scraper_dag.py
[2026-05-29T11:59:48.450+0000] {logging_mixin.py:188} INFO - [2026-05-29T11:59:48.449+0000] {dag.py:3047} INFO - Sync 1 DAGs
[2026-05-29T11:59:48.631+0000] {logging_mixin.py:188} INFO - [2026-05-29T11:59:48.631+0000] {dag.py:3834} INFO - Setting next_dagrun for inegi_scraper to 2026-05-29 00:00:00+00:00, run_after=2026-05-30 00:00:00+00:00
[2026-05-29T11:59:48.769+0000] {processor.py:183} INFO - Processing /opt/airflow/dags/inegi_scraper_dag.py took 2.076 seconds
[2026-05-29T12:00:20.209+0000] {processor.py:161} INFO - Started process (PID=2088) to work on /opt/airflow/dags/inegi_scraper_dag.py
[2026-05-29T12:00:20.277+0000] {processor.py:830} INFO - Processing file /opt/airflow/dags/inegi_scraper_dag.py for tasks to queue
[2026-05-29T12:00:20.328+0000] {logging_mixin.py:188} INFO - [2026-05-29T12:00:20.312+0000] {dagbag.py:540} INFO - Filling up the DagBag from /opt/airflow/dags/inegi_scraper_dag.py
[2026-05-29T12:00:21.230+0000] {processor.py:840} INFO - DAG(s) 'inegi_scraper' retrieved from /opt/airflow/dags/inegi_scraper_dag.py
[2026-05-29T12:00:21.986+0000] {logging_mixin.py:188} INFO - [2026-05-29T12:00:21.985+0000] {dag.py:3047} INFO - Sync 1 DAGs
[2026-05-29T12:00:22.591+0000] {logging_mixin.py:188} INFO - [2026-05-29T12:00:22.590+0000] {dag.py:3834} INFO - Setting next_dagrun for inegi_scraper to 2026-05-29 00:00:00+00:00, run_after=2026-05-30 00:00:00+00:00
[2026-05-29T12:00:22.823+0000] {processor.py:183} INFO - Processing /opt/airflow/dags/inegi_scraper_dag.py took 2.636 seconds
[2026-05-29T12:00:54.918+0000] {processor.py:161} INFO - Started process (PID=2118) to work on /opt/airflow/dags/inegi_scraper_dag.py
[2026-05-29T12:00:54.930+0000] {processor.py:830} INFO - Processing file /opt/airflow/dags/inegi_scraper_dag.py for tasks to queue
[2026-05-29T12:00:54.936+0000] {logging_mixin.py:188} INFO - [2026-05-29T12:00:54.934+0000] {dagbag.py:540} INFO - Filling up the DagBag from /opt/airflow/dags/inegi_scraper_dag.py
[2026-05-29T12:00:55.149+0000] {processor.py:840} INFO - DAG(s) 'inegi_scraper' retrieved from /opt/airflow/dags/inegi_scraper_dag.py
[2026-05-29T12:00:55.368+0000] {logging_mixin.py:188} INFO - [2026-05-29T12:00:55.367+0000] {dag.py:3047} INFO - Sync 1 DAGs
[2026-05-29T12:00:56.374+0000] {logging_mixin.py:188} INFO - [2026-05-29T12:00:56.344+0000] {dag.py:3834} INFO - Setting next_dagrun for inegi_scraper to 2026-05-29 00:00:00+00:00, run_after=2026-05-30 00:00:00+00:00
[2026-05-29T12:00:56.701+0000] {processor.py:183} INFO - Processing /opt/airflow/dags/inegi_scraper_dag.py took 1.802 seconds
[2026-05-29T12:01:28.100+0000] {processor.py:161} INFO - Started process (PID=2148) to work on /opt/airflow/dags/inegi_scraper_dag.py
[2026-05-29T12:01:28.104+0000] {processor.py:830} INFO - Processing file /opt/airflow/dags/inegi_scraper_dag.py for tasks to queue
[2026-05-29T12:01:28.110+0000] {logging_mixin.py:188} INFO - [2026-05-29T12:01:28.109+0000] {dagbag.py:540} INFO - Filling up the DagBag from /opt/airflow/dags/inegi_scraper_dag.py
[2026-05-29T12:01:28.271+0000] {processor.py:840} INFO - DAG(s) 'inegi_scraper' retrieved from /opt/airflow/dags/inegi_scraper_dag.py
[2026-05-29T12:01:28.349+0000] {logging_mixin.py:188} INFO - [2026-05-29T12:01:28.348+0000] {dag.py:3047} INFO - Sync 1 DAGs
[2026-05-29T12:01:28.546+0000] {logging_mixin.py:188} INFO - [2026-05-29T12:01:28.535+0000] {dag.py:3834} INFO - Setting next_dagrun for inegi_scraper to 2026-05-29 00:00:00+00:00, run_after=2026-05-30 00:00:00+00:00
[2026-05-29T12:01:28.897+0000] {processor.py:183} INFO - Processing /opt/airflow/dags/inegi_scraper_dag.py took 0.817 seconds
[2026-05-29T12:01:59.538+0000] {processor.py:161} INFO - Started process (PID=2178) to work on /opt/airflow/dags/inegi_scraper_dag.py
[2026-05-29T12:01:59.552+0000] {processor.py:830} INFO - Processing file /opt/airflow/dags/inegi_scraper_dag.py for tasks to queue
[2026-05-29T12:01:59.557+0000] {logging_mixin.py:188} INFO - [2026-05-29T12:01:59.556+0000] {dagbag.py:540} INFO - Filling up the DagBag from /opt/airflow/dags/inegi_scraper_dag.py
[2026-05-29T12:01:59.712+0000] {processor.py:840} INFO - DAG(s) 'inegi_scraper' retrieved from /opt/airflow/dags/inegi_scraper_dag.py
[2026-05-29T12:01:59.969+0000] {logging_mixin.py:188} INFO - [2026-05-29T12:01:59.968+0000] {dag.py:3047} INFO - Sync 1 DAGs
[2026-05-29T12:02:00.457+0000] {logging_mixin.py:188} INFO - [2026-05-29T12:02:00.419+0000] {dag.py:3834} INFO - Setting next_dagrun for inegi_scraper to 2026-05-29 00:00:00+00:00, run_after=2026-05-30 00:00:00+00:00
[2026-05-29T12:02:01.147+0000] {processor.py:183} INFO - Processing /opt/airflow/dags/inegi_scraper_dag.py took 1.633 seconds
[2026-05-29T12:02:32.158+0000] {processor.py:161} INFO - Started process (PID=2208) to work on /opt/airflow/dags/inegi_scraper_dag.py
[2026-05-29T12:02:32.161+0000] {processor.py:830} INFO - Processing file /opt/airflow/dags/inegi_scraper_dag.py for tasks to queue
[2026-05-29T12:02:32.165+0000] {logging_mixin.py:188} INFO - [2026-05-29T12:02:32.164+0000] {dagbag.py:540} INFO - Filling up the DagBag from /opt/airflow/dags/inegi_scraper_dag.py
[2026-05-29T12:02:32.251+0000] {processor.py:840} INFO - DAG(s) 'inegi_scraper' retrieved from /opt/airflow/dags/inegi_scraper_dag.py
[2026-05-29T12:02:32.346+0000] {logging_mixin.py:188} INFO - [2026-05-29T12:02:32.346+0000] {dag.py:3047} INFO - Sync 1 DAGs
[2026-05-29T12:02:32.428+0000] {logging_mixin.py:188} INFO - [2026-05-29T12:02:32.427+0000] {dag.py:3834} INFO - Setting next_dagrun for inegi_scraper to 2026-05-29 00:00:00+00:00, run_after=2026-05-30 00:00:00+00:00
[2026-05-29T12:02:32.534+0000] {processor.py:183} INFO - Processing /opt/airflow/dags/inegi_scraper_dag.py took 0.393 seconds
[2026-05-29T12:03:03.183+0000] {processor.py:161} INFO - Started process (PID=2238) to work on /opt/airflow/dags/inegi_scraper_dag.py
[2026-05-29T12:03:03.188+0000] {processor.py:830} INFO - Processing file /opt/airflow/dags/inegi_scraper_dag.py for tasks to queue
[2026-05-29T12:03:03.196+0000] {logging_mixin.py:188} INFO - [2026-05-29T12:03:03.190+0000] {dagbag.py:540} INFO - Filling up the DagBag from /opt/airflow/dags/inegi_scraper_dag.py
[2026-05-29T12:03:03.387+0000] {processor.py:840} INFO - DAG(s) 'inegi_scraper' retrieved from /opt/airflow/dags/inegi_scraper_dag.py
[2026-05-29T12:03:03.742+0000] {logging_mixin.py:188} INFO - [2026-05-29T12:03:03.741+0000] {dag.py:3047} INFO - Sync 1 DAGs
[2026-05-29T12:03:03.970+0000] {logging_mixin.py:188} INFO - [2026-05-29T12:03:03.969+0000] {dag.py:3834} INFO - Setting next_dagrun for inegi_scraper to 2026-05-29 00:00:00+00:00, run_after=2026-05-30 00:00:00+00:00
[2026-05-29T12:03:04.199+0000] {processor.py:183} INFO - Processing /opt/airflow/dags/inegi_scraper_dag.py took 1.054 seconds
[2026-05-29T12:03:34.626+0000] {processor.py:161} INFO - Started process (PID=2268) to work on /opt/airflow/dags/inegi_scraper_dag.py
[2026-05-29T12:03:34.629+0000] {processor.py:830} INFO - Processing file /opt/airflow/dags/inegi_scraper_dag.py for tasks to queue
[2026-05-29T12:03:34.633+0000] {logging_mixin.py:188} INFO - [2026-05-29T12:03:34.633+0000] {dagbag.py:540} INFO - Filling up the DagBag from /opt/airflow/dags/inegi_scraper_dag.py
[2026-05-29T12:03:34.716+0000] {processor.py:840} INFO - DAG(s) 'inegi_scraper' retrieved from /opt/airflow/dags/inegi_scraper_dag.py
[2026-05-29T12:03:34.813+0000] {logging_mixin.py:188} INFO - [2026-05-29T12:03:34.813+0000] {dag.py:3047} INFO - Sync 1 DAGs
[2026-05-29T12:03:34.892+0000] {logging_mixin.py:188} INFO - [2026-05-29T12:03:34.891+0000] {dag.py:3834} INFO - Setting next_dagrun for inegi_scraper to 2026-05-29 00:00:00+00:00, run_after=2026-05-30 00:00:00+00:00
[2026-05-29T12:03:34.957+0000] {processor.py:183} INFO - Processing /opt/airflow/dags/inegi_scraper_dag.py took 0.346 seconds
[2026-05-29T12:04:05.371+0000] {processor.py:161} INFO - Started process (PID=2298) to work on /opt/airflow/dags/inegi_scraper_dag.py
[2026-05-29T12:04:05.375+0000] {processor.py:830} INFO - Processing file /opt/airflow/dags/inegi_scraper_dag.py for tasks to queue
[2026-05-29T12:04:05.379+0000] {logging_mixin.py:188} INFO - [2026-05-29T12:04:05.377+0000] {dagbag.py:540} INFO - Filling up the DagBag from /opt/airflow/dags/inegi_scraper_dag.py
[2026-05-29T12:04:05.452+0000] {processor.py:840} INFO - DAG(s) 'inegi_scraper' retrieved from /opt/airflow/dags/inegi_scraper_dag.py
[2026-05-29T12:04:05.557+0000] {logging_mixin.py:188} INFO - [2026-05-29T12:04:05.556+0000] {dag.py:3047} INFO - Sync 1 DAGs
[2026-05-29T12:04:05.632+0000] {logging_mixin.py:188} INFO - [2026-05-29T12:04:05.631+0000] {dag.py:3834} INFO - Setting next_dagrun for inegi_scraper to 2026-05-29 00:00:00+00:00, run_after=2026-05-30 00:00:00+00:00
[2026-05-29T12:04:05.826+0000] {processor.py:183} INFO - Processing /opt/airflow/dags/inegi_scraper_dag.py took 0.475 seconds
[2026-05-29T12:04:36.981+0000] {processor.py:161} INFO - Started process (PID=2328) to work on /opt/airflow/dags/inegi_scraper_dag.py
[2026-05-29T12:04:36.993+0000] {processor.py:830} INFO - Processing file /opt/airflow/dags/inegi_scraper_dag.py for tasks to queue
[2026-05-29T12:04:36.996+0000] {logging_mixin.py:188} INFO - [2026-05-29T12:04:36.995+0000] {dagbag.py:540} INFO - Filling up the DagBag from /opt/airflow/dags/inegi_scraper_dag.py
[2026-05-29T12:04:37.075+0000] {processor.py:840} INFO - DAG(s) 'inegi_scraper' retrieved from /opt/airflow/dags/inegi_scraper_dag.py
[2026-05-29T12:04:37.158+0000] {logging_mixin.py:188} INFO - [2026-05-29T12:04:37.157+0000] {dag.py:3047} INFO - Sync 1 DAGs
[2026-05-29T12:04:37.237+0000] {logging_mixin.py:188} INFO - [2026-05-29T12:04:37.236+0000] {dag.py:3834} INFO - Setting next_dagrun for inegi_scraper to 2026-05-29 00:00:00+00:00, run_after=2026-05-30 00:00:00+00:00
[2026-05-29T12:04:37.408+0000] {processor.py:183} INFO - Processing /opt/airflow/dags/inegi_scraper_dag.py took 0.455 seconds
[2026-05-29T12:05:07.815+0000] {processor.py:161} INFO - Started process (PID=2358) to work on /opt/airflow/dags/inegi_scraper_dag.py
[2026-05-29T12:05:07.818+0000] {processor.py:830} INFO - Processing file /opt/airflow/dags/inegi_scraper_dag.py for tasks to queue
[2026-05-29T12:05:07.821+0000] {logging_mixin.py:188} INFO - [2026-05-29T12:05:07.820+0000] {dagbag.py:540} INFO - Filling up the DagBag from /opt/airflow/dags/inegi_scraper_dag.py
[2026-05-29T12:05:07.898+0000] {processor.py:840} INFO - DAG(s) 'inegi_scraper' retrieved from /opt/airflow/dags/inegi_scraper_dag.py
[2026-05-29T12:05:07.997+0000] {logging_mixin.py:188} INFO - [2026-05-29T12:05:07.997+0000] {dag.py:3047} INFO - Sync 1 DAGs
[2026-05-29T12:05:08.070+0000] {logging_mixin.py:188} INFO - [2026-05-29T12:05:08.069+0000] {dag.py:3834} INFO - Setting next_dagrun for inegi_scraper to 2026-05-29 00:00:00+00:00, run_after=2026-05-30 00:00:00+00:00
[2026-05-29T12:05:08.217+0000] {processor.py:183} INFO - Processing /opt/airflow/dags/inegi_scraper_dag.py took 0.419 seconds
[2026-05-29T12:05:39.329+0000] {processor.py:161} INFO - Started process (PID=2388) to work on /opt/airflow/dags/inegi_scraper_dag.py
[2026-05-29T12:05:39.333+0000] {processor.py:830} INFO - Processing file /opt/airflow/dags/inegi_scraper_dag.py for tasks to queue
[2026-05-29T12:05:39.336+0000] {logging_mixin.py:188} INFO - [2026-05-29T12:05:39.336+0000] {dagbag.py:540} INFO - Filling up the DagBag from /opt/airflow/dags/inegi_scraper_dag.py
[2026-05-29T12:05:39.432+0000] {processor.py:840} INFO - DAG(s) 'inegi_scraper' retrieved from /opt/airflow/dags/inegi_scraper_dag.py
[2026-05-29T12:05:39.504+0000] {logging_mixin.py:188} INFO - [2026-05-29T12:05:39.503+0000] {dag.py:3047} INFO - Sync 1 DAGs
[2026-05-29T12:05:39.576+0000] {logging_mixin.py:188} INFO - [2026-05-29T12:05:39.575+0000] {dag.py:3834} INFO - Setting next_dagrun for inegi_scraper to 2026-05-29 00:00:00+00:00, run_after=2026-05-30 00:00:00+00:00
[2026-05-29T12:05:39.635+0000] {processor.py:183} INFO - Processing /opt/airflow/dags/inegi_scraper_dag.py took 0.318 seconds
[2026-05-29T12:06:09.831+0000] {processor.py:161} INFO - Started process (PID=2418) to work on /opt/airflow/dags/inegi_scraper_dag.py
[2026-05-29T12:06:09.835+0000] {processor.py:830} INFO - Processing file /opt/airflow/dags/inegi_scraper_dag.py for tasks to queue
[2026-05-29T12:06:09.840+0000] {logging_mixin.py:188} INFO - [2026-05-29T12:06:09.839+0000] {dagbag.py:540} INFO - Filling up the DagBag from /opt/airflow/dags/inegi_scraper_dag.py
[2026-05-29T12:06:10.090+0000] {processor.py:840} INFO - DAG(s) 'inegi_scraper' retrieved from /opt/airflow/dags/inegi_scraper_dag.py
[2026-05-29T12:06:10.178+0000] {logging_mixin.py:188} INFO - [2026-05-29T12:06:10.177+0000] {dag.py:3047} INFO - Sync 1 DAGs
[2026-05-29T12:06:10.336+0000] {logging_mixin.py:188} INFO - [2026-05-29T12:06:10.335+0000] {dag.py:3834} INFO - Setting next_dagrun for inegi_scraper to 2026-05-29 00:00:00+00:00, run_after=2026-05-30 00:00:00+00:00
[2026-05-29T12:06:10.537+0000] {processor.py:183} INFO - Processing /opt/airflow/dags/inegi_scraper_dag.py took 0.722 seconds
[2026-05-29T12:06:41.847+0000] {processor.py:161} INFO - Started process (PID=2448) to work on /opt/airflow/dags/inegi_scraper_dag.py
[2026-05-29T12:06:41.898+0000] {processor.py:830} INFO - Processing file /opt/airflow/dags/inegi_scraper_dag.py for tasks to queue
[2026-05-29T12:06:41.976+0000] {logging_mixin.py:188} INFO - [2026-05-29T12:06:41.975+0000] {dagbag.py:540} INFO - Filling up the DagBag from /opt/airflow/dags/inegi_scraper_dag.py
[2026-05-29T12:06:42.577+0000] {processor.py:840} INFO - DAG(s) 'inegi_scraper' retrieved from /opt/airflow/dags/inegi_scraper_dag.py
[2026-05-29T12:06:42.669+0000] {logging_mixin.py:188} INFO - [2026-05-29T12:06:42.668+0000] {dag.py:3047} INFO - Sync 1 DAGs
[2026-05-29T12:06:42.793+0000] {logging_mixin.py:188} INFO - [2026-05-29T12:06:42.792+0000] {dag.py:3834} INFO - Setting next_dagrun for inegi_scraper to 2026-05-29 00:00:00+00:00, run_after=2026-05-30 00:00:00+00:00
[2026-05-29T12:06:42.869+0000] {processor.py:183} INFO - Processing /opt/airflow/dags/inegi_scraper_dag.py took 1.047 seconds
[2026-05-29T12:07:13.760+0000] {processor.py:161} INFO - Started process (PID=2478) to work on /opt/airflow/dags/inegi_scraper_dag.py
[2026-05-29T12:07:13.769+0000] {processor.py:830} INFO - Processing file /opt/airflow/dags/inegi_scraper_dag.py for tasks to queue
[2026-05-29T12:07:13.775+0000] {logging_mixin.py:188} INFO - [2026-05-29T12:07:13.774+0000] {dagbag.py:540} INFO - Filling up the DagBag from /opt/airflow/dags/inegi_scraper_dag.py
[2026-05-29T12:07:13.867+0000] {processor.py:840} INFO - DAG(s) 'inegi_scraper' retrieved from /opt/airflow/dags/inegi_scraper_dag.py
[2026-05-29T12:07:14.001+0000] {logging_mixin.py:188} INFO - [2026-05-29T12:07:13.990+0000] {dag.py:3047} INFO - Sync 1 DAGs
[2026-05-29T12:07:14.169+0000] {logging_mixin.py:188} INFO - [2026-05-29T12:07:14.169+0000] {dag.py:3834} INFO - Setting next_dagrun for inegi_scraper to 2026-05-29 00:00:00+00:00, run_after=2026-05-30 00:00:00+00:00
[2026-05-29T12:07:14.286+0000] {processor.py:183} INFO - Processing /opt/airflow/dags/inegi_scraper_dag.py took 0.572 seconds
[2026-05-29T12:07:44.864+0000] {processor.py:161} INFO - Started process (PID=2508) to work on /opt/airflow/dags/inegi_scraper_dag.py
[2026-05-29T12:07:44.868+0000] {processor.py:830} INFO - Processing file /opt/airflow/dags/inegi_scraper_dag.py for tasks to queue
[2026-05-29T12:07:44.871+0000] {logging_mixin.py:188} INFO - [2026-05-29T12:07:44.870+0000] {dagbag.py:540} INFO - Filling up the DagBag from /opt/airflow/dags/inegi_scraper_dag.py
[2026-05-29T12:07:44.941+0000] {processor.py:840} INFO - DAG(s) 'inegi_scraper' retrieved from /opt/airflow/dags/inegi_scraper_dag.py
[2026-05-29T12:07:45.023+0000] {logging_mixin.py:188} INFO - [2026-05-29T12:07:45.021+0000] {dag.py:3047} INFO - Sync 1 DAGs
[2026-05-29T12:07:45.145+0000] {logging_mixin.py:188} INFO - [2026-05-29T12:07:45.143+0000] {dag.py:3834} INFO - Setting next_dagrun for inegi_scraper to 2026-05-29 00:00:00+00:00, run_after=2026-05-30 00:00:00+00:00
[2026-05-29T12:07:45.216+0000] {processor.py:183} INFO - Processing /opt/airflow/dags/inegi_scraper_dag.py took 0.362 seconds
[2026-05-29T12:08:16.013+0000] {processor.py:161} INFO - Started process (PID=2538) to work on /opt/airflow/dags/inegi_scraper_dag.py
[2026-05-29T12:08:16.036+0000] {processor.py:830} INFO - Processing file /opt/airflow/dags/inegi_scraper_dag.py for tasks to queue
[2026-05-29T12:08:16.053+0000] {logging_mixin.py:188} INFO - [2026-05-29T12:08:16.051+0000] {dagbag.py:540} INFO - Filling up the DagBag from /opt/airflow/dags/inegi_scraper_dag.py
[2026-05-29T12:08:16.215+0000] {processor.py:840} INFO - DAG(s) 'inegi_scraper' retrieved from /opt/airflow/dags/inegi_scraper_dag.py
[2026-05-29T12:08:16.651+0000] {logging_mixin.py:188} INFO - [2026-05-29T12:08:16.649+0000] {dag.py:3047} INFO - Sync 1 DAGs
[2026-05-29T12:08:17.099+0000] {logging_mixin.py:188} INFO - [2026-05-29T12:08:17.098+0000] {dag.py:3834} INFO - Setting next_dagrun for inegi_scraper to 2026-05-29 00:00:00+00:00, run_after=2026-05-30 00:00:00+00:00
[2026-05-29T12:08:17.298+0000] {processor.py:183} INFO - Processing /opt/airflow/dags/inegi_scraper_dag.py took 1.319 seconds
[2026-05-29T12:08:48.521+0000] {processor.py:161} INFO - Started process (PID=2568) to work on /opt/airflow/dags/inegi_scraper_dag.py
[2026-05-29T12:08:48.534+0000] {processor.py:830} INFO - Processing file /opt/airflow/dags/inegi_scraper_dag.py for tasks to queue
[2026-05-29T12:08:48.539+0000] {logging_mixin.py:188} INFO - [2026-05-29T12:08:48.538+0000] {dagbag.py:540} INFO - Filling up the DagBag from /opt/airflow/dags/inegi_scraper_dag.py
[2026-05-29T12:08:48.613+0000] {processor.py:840} INFO - DAG(s) 'inegi_scraper' retrieved from /opt/airflow/dags/inegi_scraper_dag.py
[2026-05-29T12:08:48.738+0000] {logging_mixin.py:188} INFO - [2026-05-29T12:08:48.737+0000] {dag.py:3047} INFO - Sync 1 DAGs
[2026-05-29T12:08:48.887+0000] {logging_mixin.py:188} INFO - [2026-05-29T12:08:48.887+0000] {dag.py:3834} INFO - Setting next_dagrun for inegi_scraper to 2026-05-29 00:00:00+00:00, run_after=2026-05-30 00:00:00+00:00
[2026-05-29T12:08:49.079+0000] {processor.py:183} INFO - Processing /opt/airflow/dags/inegi_scraper_dag.py took 0.569 seconds
[2026-05-29T12:09:20.457+0000] {processor.py:161} INFO - Started process (PID=2598) to work on /opt/airflow/dags/inegi_scraper_dag.py
[2026-05-29T12:09:20.471+0000] {processor.py:830} INFO - Processing file /opt/airflow/dags/inegi_scraper_dag.py for tasks to queue
[2026-05-29T12:09:20.497+0000] {logging_mixin.py:188} INFO - [2026-05-29T12:09:20.496+0000] {dagbag.py:540} INFO - Filling up the DagBag from /opt/airflow/dags/inegi_scraper_dag.py
[2026-05-29T12:09:20.602+0000] {processor.py:840} INFO - DAG(s) 'inegi_scraper' retrieved from /opt/airflow/dags/inegi_scraper_dag.py
[2026-05-29T12:09:20.682+0000] {logging_mixin.py:188} INFO - [2026-05-29T12:09:20.682+0000] {dag.py:3047} INFO - Sync 1 DAGs
[2026-05-29T12:09:20.804+0000] {logging_mixin.py:188} INFO - [2026-05-29T12:09:20.799+0000] {dag.py:3834} INFO - Setting next_dagrun for inegi_scraper to 2026-05-29 00:00:00+00:00, run_after=2026-05-30 00:00:00+00:00
[2026-05-29T12:09:20.868+0000] {processor.py:183} INFO - Processing /opt/airflow/dags/inegi_scraper_dag.py took 0.432 seconds
[2026-05-29T12:09:54.512+0000] {processor.py:161} INFO - Started process (PID=2628) to work on /opt/airflow/dags/inegi_scraper_dag.py
[2026-05-29T12:09:54.526+0000] {processor.py:830} INFO - Processing file /opt/airflow/dags/inegi_scraper_dag.py for tasks to queue
[2026-05-29T12:09:54.552+0000] {logging_mixin.py:188} INFO - [2026-05-29T12:09:54.552+0000] {dagbag.py:540} INFO - Filling up the DagBag from /opt/airflow/dags/inegi_scraper_dag.py
[2026-05-29T12:09:55.942+0000] {processor.py:840} INFO - DAG(s) 'inegi_scraper' retrieved from /opt/airflow/dags/inegi_scraper_dag.py
[2026-05-29T12:09:56.203+0000] {logging_mixin.py:188} INFO - [2026-05-29T12:09:56.202+0000] {dag.py:3047} INFO - Sync 1 DAGs
[2026-05-29T12:09:56.434+0000] {logging_mixin.py:188} INFO - [2026-05-29T12:09:56.433+0000] {dag.py:3834} INFO - Setting next_dagrun for inegi_scraper to 2026-05-29 00:00:00+00:00, run_after=2026-05-30 00:00:00+00:00
[2026-05-29T12:09:56.790+0000] {processor.py:183} INFO - Processing /opt/airflow/dags/inegi_scraper_dag.py took 2.298 seconds
[2026-05-29T12:10:27.533+0000] {processor.py:161} INFO - Started process (PID=2658) to work on /opt/airflow/dags/inegi_scraper_dag.py
[2026-05-29T12:10:27.537+0000] {processor.py:830} INFO - Processing file /opt/airflow/dags/inegi_scraper_dag.py for tasks to queue
[2026-05-29T12:10:27.542+0000] {logging_mixin.py:188} INFO - [2026-05-29T12:10:27.540+0000] {dagbag.py:540} INFO - Filling up the DagBag from /opt/airflow/dags/inegi_scraper_dag.py
[2026-05-29T12:10:27.615+0000] {processor.py:840} INFO - DAG(s) 'inegi_scraper' retrieved from /opt/airflow/dags/inegi_scraper_dag.py
[2026-05-29T12:10:27.713+0000] {logging_mixin.py:188} INFO - [2026-05-29T12:10:27.712+0000] {dag.py:3047} INFO - Sync 1 DAGs
[2026-05-29T12:10:27.799+0000] {logging_mixin.py:188} INFO - [2026-05-29T12:10:27.798+0000] {dag.py:3834} INFO - Setting next_dagrun for inegi_scraper to 2026-05-29 00:00:00+00:00, run_after=2026-05-30 00:00:00+00:00
[2026-05-29T12:10:27.912+0000] {processor.py:183} INFO - Processing /opt/airflow/dags/inegi_scraper_dag.py took 0.392 seconds
[2026-05-29T12:11:01.390+0000] {processor.py:161} INFO - Started process (PID=2688) to work on /opt/airflow/dags/inegi_scraper_dag.py
[2026-05-29T12:11:01.404+0000] {processor.py:830} INFO - Processing file /opt/airflow/dags/inegi_scraper_dag.py for tasks to queue
[2026-05-29T12:11:01.424+0000] {logging_mixin.py:188} INFO - [2026-05-29T12:11:01.422+0000] {dagbag.py:540} INFO - Filling up the DagBag from /opt/airflow/dags/inegi_scraper_dag.py
[2026-05-29T12:11:02.250+0000] {processor.py:840} INFO - DAG(s) 'inegi_scraper' retrieved from /opt/airflow/dags/inegi_scraper_dag.py
[2026-05-29T12:11:02.529+0000] {logging_mixin.py:188} INFO - [2026-05-29T12:11:02.529+0000] {dag.py:3047} INFO - Sync 1 DAGs
[2026-05-29T12:11:02.897+0000] {logging_mixin.py:188} INFO - [2026-05-29T12:11:02.884+0000] {dag.py:3834} INFO - Setting next_dagrun for inegi_scraper to 2026-05-29 00:00:00+00:00, run_after=2026-05-30 00:00:00+00:00
[2026-05-29T12:11:06.298+0000] {processor.py:183} INFO - Processing /opt/airflow/dags/inegi_scraper_dag.py took 4.941 seconds
[2026-05-29T12:11:39.636+0000] {processor.py:161} INFO - Started process (PID=2718) to work on /opt/airflow/dags/inegi_scraper_dag.py
[2026-05-29T12:11:39.668+0000] {processor.py:830} INFO - Processing file /opt/airflow/dags/inegi_scraper_dag.py for tasks to queue
[2026-05-29T12:11:39.685+0000] {logging_mixin.py:188} INFO - [2026-05-29T12:11:39.684+0000] {dagbag.py:540} INFO - Filling up the DagBag from /opt/airflow/dags/inegi_scraper_dag.py
[2026-05-29T12:11:40.969+0000] {processor.py:840} INFO - DAG(s) 'inegi_scraper' retrieved from /opt/airflow/dags/inegi_scraper_dag.py
[2026-05-29T12:11:41.223+0000] {logging_mixin.py:188} INFO - [2026-05-29T12:11:41.222+0000] {dag.py:3047} INFO - Sync 1 DAGs
[2026-05-29T12:11:41.557+0000] {logging_mixin.py:188} INFO - [2026-05-29T12:11:41.556+0000] {dag.py:3834} INFO - Setting next_dagrun for inegi_scraper to 2026-05-29 00:00:00+00:00, run_after=2026-05-30 00:00:00+00:00
[2026-05-29T12:11:41.809+0000] {processor.py:183} INFO - Processing /opt/airflow/dags/inegi_scraper_dag.py took 2.192 seconds
[2026-05-29T12:12:13.016+0000] {processor.py:161} INFO - Started process (PID=2753) to work on /opt/airflow/dags/inegi_scraper_dag.py
[2026-05-29T12:12:13.020+0000] {processor.py:830} INFO - Processing file /opt/airflow/dags/inegi_scraper_dag.py for tasks to queue
[2026-05-29T12:12:13.023+0000] {logging_mixin.py:188} INFO - [2026-05-29T12:12:13.022+0000] {dagbag.py:540} INFO - Filling up the DagBag from /opt/airflow/dags/inegi_scraper_dag.py
[2026-05-29T12:12:13.080+0000] {processor.py:840} INFO - DAG(s) 'inegi_scraper' retrieved from /opt/airflow/dags/inegi_scraper_dag.py
[2026-05-29T12:12:13.169+0000] {logging_mixin.py:188} INFO - [2026-05-29T12:12:13.169+0000] {dag.py:3047} INFO - Sync 1 DAGs
[2026-05-29T12:12:13.238+0000] {logging_mixin.py:188} INFO - [2026-05-29T12:12:13.238+0000] {dag.py:3834} INFO - Setting next_dagrun for inegi_scraper to 2026-05-29 00:00:00+00:00, run_after=2026-05-30 00:00:00+00:00
[2026-05-29T12:12:13.323+0000] {processor.py:183} INFO - Processing /opt/airflow/dags/inegi_scraper_dag.py took 0.318 seconds
[2026-05-29T12:12:43.931+0000] {processor.py:161} INFO - Started process (PID=2778) to work on /opt/airflow/dags/inegi_scraper_dag.py
[2026-05-29T12:12:43.934+0000] {processor.py:830} INFO - Processing file /opt/airflow/dags/inegi_scraper_dag.py for tasks to queue
[2026-05-29T12:12:43.940+0000] {logging_mixin.py:188} INFO - [2026-05-29T12:12:43.939+0000] {dagbag.py:540} INFO - Filling up the DagBag from /opt/airflow/dags/inegi_scraper_dag.py
[2026-05-29T12:12:44.071+0000] {processor.py:840} INFO - DAG(s) 'inegi_scraper' retrieved from /opt/airflow/dags/inegi_scraper_dag.py
[2026-05-29T12:12:44.166+0000] {logging_mixin.py:188} INFO - [2026-05-29T12:12:44.165+0000] {dag.py:3047} INFO - Sync 1 DAGs
[2026-05-29T12:12:44.235+0000] {logging_mixin.py:188} INFO - [2026-05-29T12:12:44.234+0000] {dag.py:3834} INFO - Setting next_dagrun for inegi_scraper to 2026-05-29 00:00:00+00:00, run_after=2026-05-30 00:00:00+00:00
[2026-05-29T12:12:44.296+0000] {processor.py:183} INFO - Processing /opt/airflow/dags/inegi_scraper_dag.py took 0.381 seconds
[2026-05-29T12:13:14.715+0000] {processor.py:161} INFO - Started process (PID=2808) to work on /opt/airflow/dags/inegi_scraper_dag.py
[2026-05-29T12:13:14.726+0000] {processor.py:830} INFO - Processing file /opt/airflow/dags/inegi_scraper_dag.py for tasks to queue
[2026-05-29T12:13:14.746+0000] {logging_mixin.py:188} INFO - [2026-05-29T12:13:14.745+0000] {dagbag.py:540} INFO - Filling up the DagBag from /opt/airflow/dags/inegi_scraper_dag.py
[2026-05-29T12:13:14.968+0000] {processor.py:840} INFO - DAG(s) 'inegi_scraper' retrieved from /opt/airflow/dags/inegi_scraper_dag.py
[2026-05-29T12:13:15.217+0000] {logging_mixin.py:188} INFO - [2026-05-29T12:13:15.216+0000] {dag.py:3047} INFO - Sync 1 DAGs
[2026-05-29T12:13:15.362+0000] {logging_mixin.py:188} INFO - [2026-05-29T12:13:15.362+0000] {dag.py:3834} INFO - Setting next_dagrun for inegi_scraper to 2026-05-29 00:00:00+00:00, run_after=2026-05-30 00:00:00+00:00
[2026-05-29T12:13:15.502+0000] {processor.py:183} INFO - Processing /opt/airflow/dags/inegi_scraper_dag.py took 0.823 seconds
[2026-05-29T12:13:46.141+0000] {processor.py:161} INFO - Started process (PID=2838) to work on /opt/airflow/dags/inegi_scraper_dag.py
[2026-05-29T12:13:46.144+0000] {processor.py:830} INFO - Processing file /opt/airflow/dags/inegi_scraper_dag.py for tasks to queue
[2026-05-29T12:13:46.150+0000] {logging_mixin.py:188} INFO - [2026-05-29T12:13:46.149+0000] {dagbag.py:540} INFO - Filling up the DagBag from /opt/airflow/dags/inegi_scraper_dag.py
[2026-05-29T12:13:46.252+0000] {processor.py:840} INFO - DAG(s) 'inegi_scraper' retrieved from /opt/airflow/dags/inegi_scraper_dag.py
[2026-05-29T12:13:46.335+0000] {logging_mixin.py:188} INFO - [2026-05-29T12:13:46.334+0000] {dag.py:3047} INFO - Sync 1 DAGs
[2026-05-29T12:13:46.411+0000] {logging_mixin.py:188} INFO - [2026-05-29T12:13:46.411+0000] {dag.py:3834} INFO - Setting next_dagrun for inegi_scraper to 2026-05-29 00:00:00+00:00, run_after=2026-05-30 00:00:00+00:00
[2026-05-29T12:13:46.466+0000] {processor.py:183} INFO - Processing /opt/airflow/dags/inegi_scraper_dag.py took 0.340 seconds
[2026-05-29T12:14:16.885+0000] {processor.py:161} INFO - Started process (PID=2868) to work on /opt/airflow/dags/inegi_scraper_dag.py
[2026-05-29T12:14:16.957+0000] {processor.py:830} INFO - Processing file /opt/airflow/dags/inegi_scraper_dag.py for tasks to queue
[2026-05-29T12:14:17.011+0000] {logging_mixin.py:188} INFO - [2026-05-29T12:14:17.010+0000] {dagbag.py:540} INFO - Filling up the DagBag from /opt/airflow/dags/inegi_scraper_dag.py
[2026-05-29T12:14:17.248+0000] {processor.py:840} INFO - DAG(s) 'inegi_scraper' retrieved from /opt/airflow/dags/inegi_scraper_dag.py
[2026-05-29T12:14:17.504+0000] {logging_mixin.py:188} INFO - [2026-05-29T12:14:17.491+0000] {dag.py:3047} INFO - Sync 1 DAGs
[2026-05-29T12:14:17.795+0000] {logging_mixin.py:188} INFO - [2026-05-29T12:14:17.794+0000] {dag.py:3834} INFO - Setting next_dagrun for inegi_scraper to 2026-05-29 00:00:00+00:00, run_after=2026-05-30 00:00:00+00:00
[2026-05-29T12:14:18.068+0000] {processor.py:183} INFO - Processing /opt/airflow/dags/inegi_scraper_dag.py took 1.207 seconds
[2026-05-29T12:14:50.935+0000] {processor.py:161} INFO - Started process (PID=2898) to work on /opt/airflow/dags/inegi_scraper_dag.py
[2026-05-29T12:14:50.939+0000] {processor.py:830} INFO - Processing file /opt/airflow/dags/inegi_scraper_dag.py for tasks to queue
[2026-05-29T12:14:50.942+0000] {logging_mixin.py:188} INFO - [2026-05-29T12:14:50.941+0000] {dagbag.py:540} INFO - Filling up the DagBag from /opt/airflow/dags/inegi_scraper_dag.py
[2026-05-29T12:14:51.023+0000] {processor.py:840} INFO - DAG(s) 'inegi_scraper' retrieved from /opt/airflow/dags/inegi_scraper_dag.py
[2026-05-29T12:14:51.102+0000] {logging_mixin.py:188} INFO - [2026-05-29T12:14:51.098+0000] {dag.py:3047} INFO - Sync 1 DAGs
[2026-05-29T12:14:51.174+0000] {logging_mixin.py:188} INFO - [2026-05-29T12:14:51.173+0000] {dag.py:3834} INFO - Setting next_dagrun for inegi_scraper to 2026-05-29 00:00:00+00:00, run_after=2026-05-30 00:00:00+00:00
[2026-05-29T12:14:51.238+0000] {processor.py:183} INFO - Processing /opt/airflow/dags/inegi_scraper_dag.py took 0.323 seconds
[2026-05-29T12:15:22.824+0000] {processor.py:161} INFO - Started process (PID=2928) to work on /opt/airflow/dags/inegi_scraper_dag.py
[2026-05-29T12:15:22.899+0000] {processor.py:830} INFO - Processing file /opt/airflow/dags/inegi_scraper_dag.py for tasks to queue
[2026-05-29T12:15:22.909+0000] {logging_mixin.py:188} INFO - [2026-05-29T12:15:22.907+0000] {dagbag.py:540} INFO - Filling up the DagBag from /opt/airflow/dags/inegi_scraper_dag.py
[2026-05-29T12:15:23.312+0000] {processor.py:840} INFO - DAG(s) 'inegi_scraper' retrieved from /opt/airflow/dags/inegi_scraper_dag.py
[2026-05-29T12:15:23.527+0000] {logging_mixin.py:188} INFO - [2026-05-29T12:15:23.526+0000] {dag.py:3047} INFO - Sync 1 DAGs
[2026-05-29T12:15:23.867+0000] {logging_mixin.py:188} INFO - [2026-05-29T12:15:23.866+0000] {dag.py:3834} INFO - Setting next_dagrun for inegi_scraper to 2026-05-29 00:00:00+00:00, run_after=2026-05-30 00:00:00+00:00
[2026-05-29T12:15:24.349+0000] {processor.py:183} INFO - Processing /opt/airflow/dags/inegi_scraper_dag.py took 1.546 seconds
[2026-05-29T12:15:56.259+0000] {processor.py:161} INFO - Started process (PID=2958) to work on /opt/airflow/dags/inegi_scraper_dag.py
[2026-05-29T12:15:56.278+0000] {processor.py:830} INFO - Processing file /opt/airflow/dags/inegi_scraper_dag.py for tasks to queue
[2026-05-29T12:15:56.304+0000] {logging_mixin.py:188} INFO - [2026-05-29T12:15:56.289+0000] {dagbag.py:540} INFO - Filling up the DagBag from /opt/airflow/dags/inegi_scraper_dag.py
[2026-05-29T12:15:56.606+0000] {processor.py:840} INFO - DAG(s) 'inegi_scraper' retrieved from /opt/airflow/dags/inegi_scraper_dag.py
[2026-05-29T12:15:56.970+0000] {logging_mixin.py:188} INFO - [2026-05-29T12:15:56.963+0000] {dag.py:3047} INFO - Sync 1 DAGs
[2026-05-29T12:15:57.941+0000] {logging_mixin.py:188} INFO - [2026-05-29T12:15:57.940+0000] {dag.py:3834} INFO - Setting next_dagrun for inegi_scraper to 2026-05-29 00:00:00+00:00, run_after=2026-05-30 00:00:00+00:00
[2026-05-29T12:15:58.424+0000] {processor.py:183} INFO - Processing /opt/airflow/dags/inegi_scraper_dag.py took 2.211 seconds
[2026-05-29T12:16:29.491+0000] {processor.py:161} INFO - Started process (PID=2988) to work on /opt/airflow/dags/inegi_scraper_dag.py
[2026-05-29T12:16:29.505+0000] {processor.py:830} INFO - Processing file /opt/airflow/dags/inegi_scraper_dag.py for tasks to queue
[2026-05-29T12:16:29.513+0000] {logging_mixin.py:188} INFO - [2026-05-29T12:16:29.512+0000] {dagbag.py:540} INFO - Filling up the DagBag from /opt/airflow/dags/inegi_scraper_dag.py
[2026-05-29T12:16:29.649+0000] {processor.py:840} INFO - DAG(s) 'inegi_scraper' retrieved from /opt/airflow/dags/inegi_scraper_dag.py
[2026-05-29T12:16:29.809+0000] {logging_mixin.py:188} INFO - [2026-05-29T12:16:29.808+0000] {dag.py:3047} INFO - Sync 1 DAGs
[2026-05-29T12:16:29.953+0000] {logging_mixin.py:188} INFO - [2026-05-29T12:16:29.953+0000] {dag.py:3834} INFO - Setting next_dagrun for inegi_scraper to 2026-05-29 00:00:00+00:00, run_after=2026-05-30 00:00:00+00:00
[2026-05-29T12:16:30.059+0000] {processor.py:183} INFO - Processing /opt/airflow/dags/inegi_scraper_dag.py took 0.612 seconds
[2026-05-29T12:17:04.575+0000] {processor.py:161} INFO - Started process (PID=3018) to work on /opt/airflow/dags/inegi_scraper_dag.py
[2026-05-29T12:17:04.579+0000] {processor.py:830} INFO - Processing file /opt/airflow/dags/inegi_scraper_dag.py for tasks to queue
[2026-05-29T12:17:04.608+0000] {logging_mixin.py:188} INFO - [2026-05-29T12:17:04.607+0000] {dagbag.py:540} INFO - Filling up the DagBag from /opt/airflow/dags/inegi_scraper_dag.py
[2026-05-29T12:17:05.269+0000] {processor.py:840} INFO - DAG(s) 'inegi_scraper' retrieved from /opt/airflow/dags/inegi_scraper_dag.py
[2026-05-29T12:17:05.979+0000] {logging_mixin.py:188} INFO - [2026-05-29T12:17:05.978+0000] {dag.py:3047} INFO - Sync 1 DAGs
[2026-05-29T12:17:06.741+0000] {logging_mixin.py:188} INFO - [2026-05-29T12:17:06.741+0000] {dag.py:3834} INFO - Setting next_dagrun for inegi_scraper to 2026-05-29 00:00:00+00:00, run_after=2026-05-30 00:00:00+00:00
[2026-05-29T12:17:07.000+0000] {processor.py:183} INFO - Processing /opt/airflow/dags/inegi_scraper_dag.py took 2.552 seconds
[2026-05-29T12:17:37.616+0000] {processor.py:161} INFO - Started process (PID=3048) to work on /opt/airflow/dags/inegi_scraper_dag.py
[2026-05-29T12:17:37.620+0000] {processor.py:830} INFO - Processing file /opt/airflow/dags/inegi_scraper_dag.py for tasks to queue
[2026-05-29T12:17:37.623+0000] {logging_mixin.py:188} INFO - [2026-05-29T12:17:37.623+0000] {dagbag.py:540} INFO - Filling up the DagBag from /opt/airflow/dags/inegi_scraper_dag.py
[2026-05-29T12:17:37.684+0000] {processor.py:840} INFO - DAG(s) 'inegi_scraper' retrieved from /opt/airflow/dags/inegi_scraper_dag.py
[2026-05-29T12:17:37.762+0000] {logging_mixin.py:188} INFO - [2026-05-29T12:17:37.761+0000] {dag.py:3047} INFO - Sync 1 DAGs
[2026-05-29T12:17:37.867+0000] {logging_mixin.py:188} INFO - [2026-05-29T12:17:37.867+0000] {dag.py:3834} INFO - Setting next_dagrun for inegi_scraper to 2026-05-29 00:00:00+00:00, run_after=2026-05-30 00:00:00+00:00
[2026-05-29T12:17:38.009+0000] {processor.py:183} INFO - Processing /opt/airflow/dags/inegi_scraper_dag.py took 0.404 seconds
[2026-05-29T12:18:11.698+0000] {processor.py:161} INFO - Started process (PID=3078) to work on /opt/airflow/dags/inegi_scraper_dag.py
[2026-05-29T12:18:11.713+0000] {processor.py:830} INFO - Processing file /opt/airflow/dags/inegi_scraper_dag.py for tasks to queue
[2026-05-29T12:18:11.726+0000] {logging_mixin.py:188} INFO - [2026-05-29T12:18:11.725+0000] {dagbag.py:540} INFO - Filling up the DagBag from /opt/airflow/dags/inegi_scraper_dag.py
[2026-05-29T12:18:11.893+0000] {processor.py:840} INFO - DAG(s) 'inegi_scraper' retrieved from /opt/airflow/dags/inegi_scraper_dag.py
[2026-05-29T12:18:12.084+0000] {logging_mixin.py:188} INFO - [2026-05-29T12:18:12.084+0000] {dag.py:3047} INFO - Sync 1 DAGs
[2026-05-29T12:18:12.262+0000] {logging_mixin.py:188} INFO - [2026-05-29T12:18:12.261+0000] {dag.py:3834} INFO - Setting next_dagrun for inegi_scraper to 2026-05-29 00:00:00+00:00, run_after=2026-05-30 00:00:00+00:00
[2026-05-29T12:18:12.474+0000] {processor.py:183} INFO - Processing /opt/airflow/dags/inegi_scraper_dag.py took 0.805 seconds
[2026-05-29T12:18:43.794+0000] {processor.py:161} INFO - Started process (PID=3108) to work on /opt/airflow/dags/inegi_scraper_dag.py
[2026-05-29T12:18:43.806+0000] {processor.py:830} INFO - Processing file /opt/airflow/dags/inegi_scraper_dag.py for tasks to queue
[2026-05-29T12:18:43.813+0000] {logging_mixin.py:188} INFO - [2026-05-29T12:18:43.811+0000] {dagbag.py:540} INFO - Filling up the DagBag from /opt/airflow/dags/inegi_scraper_dag.py
[2026-05-29T12:18:44.284+0000] {processor.py:840} INFO - DAG(s) 'inegi_scraper' retrieved from /opt/airflow/dags/inegi_scraper_dag.py
[2026-05-29T12:18:44.534+0000] {logging_mixin.py:188} INFO - [2026-05-29T12:18:44.533+0000] {dag.py:3047} INFO - Sync 1 DAGs
[2026-05-29T12:18:44.968+0000] {logging_mixin.py:188} INFO - [2026-05-29T12:18:44.967+0000] {dag.py:3834} INFO - Setting next_dagrun for inegi_scraper to 2026-05-29 00:00:00+00:00, run_after=2026-05-30 00:00:00+00:00
[2026-05-29T12:18:45.728+0000] {processor.py:183} INFO - Processing /opt/airflow/dags/inegi_scraper_dag.py took 1.954 seconds
[2026-05-29T12:19:16.664+0000] {processor.py:161} INFO - Started process (PID=3138) to work on /opt/airflow/dags/inegi_scraper_dag.py
[2026-05-29T12:19:16.667+0000] {processor.py:830} INFO - Processing file /opt/airflow/dags/inegi_scraper_dag.py for tasks to queue
[2026-05-29T12:19:16.670+0000] {logging_mixin.py:188} INFO - [2026-05-29T12:19:16.669+0000] {dagbag.py:540} INFO - Filling up the DagBag from /opt/airflow/dags/inegi_scraper_dag.py
[2026-05-29T12:19:16.730+0000] {processor.py:840} INFO - DAG(s) 'inegi_scraper' retrieved from /opt/airflow/dags/inegi_scraper_dag.py
[2026-05-29T12:19:16.801+0000] {logging_mixin.py:188} INFO - [2026-05-29T12:19:16.800+0000] {dag.py:3047} INFO - Sync 1 DAGs
[2026-05-29T12:19:16.868+0000] {logging_mixin.py:188} INFO - [2026-05-29T12:19:16.868+0000] {dag.py:3834} INFO - Setting next_dagrun for inegi_scraper to 2026-05-29 00:00:00+00:00, run_after=2026-05-30 00:00:00+00:00
[2026-05-29T12:19:16.930+0000] {processor.py:183} INFO - Processing /opt/airflow/dags/inegi_scraper_dag.py took 0.275 seconds
[2026-05-29T12:19:48.396+0000] {processor.py:161} INFO - Started process (PID=3168) to work on /opt/airflow/dags/inegi_scraper_dag.py
[2026-05-29T12:19:48.410+0000] {processor.py:830} INFO - Processing file /opt/airflow/dags/inegi_scraper_dag.py for tasks to queue
[2026-05-29T12:19:48.439+0000] {logging_mixin.py:188} INFO - [2026-05-29T12:19:48.438+0000] {dagbag.py:540} INFO - Filling up the DagBag from /opt/airflow/dags/inegi_scraper_dag.py
[2026-05-29T12:19:48.935+0000] {processor.py:840} INFO - DAG(s) 'inegi_scraper' retrieved from /opt/airflow/dags/inegi_scraper_dag.py
[2026-05-29T12:19:49.131+0000] {logging_mixin.py:188} INFO - [2026-05-29T12:19:49.130+0000] {dag.py:3047} INFO - Sync 1 DAGs
[2026-05-29T12:19:49.380+0000] {logging_mixin.py:188} INFO - [2026-05-29T12:19:49.379+0000] {dag.py:3834} INFO - Setting next_dagrun for inegi_scraper to 2026-05-29 00:00:00+00:00, run_after=2026-05-30 00:00:00+00:00
[2026-05-29T12:19:49.493+0000] {processor.py:183} INFO - Processing /opt/airflow/dags/inegi_scraper_dag.py took 1.120 seconds
[2026-05-29T12:20:21.242+0000] {processor.py:161} INFO - Started process (PID=3198) to work on /opt/airflow/dags/inegi_scraper_dag.py
[2026-05-29T12:20:21.245+0000] {processor.py:830} INFO - Processing file /opt/airflow/dags/inegi_scraper_dag.py for tasks to queue
[2026-05-29T12:20:21.249+0000] {logging_mixin.py:188} INFO - [2026-05-29T12:20:21.248+0000] {dagbag.py:540} INFO - Filling up the DagBag from /opt/airflow/dags/inegi_scraper_dag.py
[2026-05-29T12:20:21.311+0000] {processor.py:840} INFO - DAG(s) 'inegi_scraper' retrieved from /opt/airflow/dags/inegi_scraper_dag.py
[2026-05-29T12:20:21.384+0000] {logging_mixin.py:188} INFO - [2026-05-29T12:20:21.384+0000] {dag.py:3047} INFO - Sync 1 DAGs
[2026-05-29T12:20:21.452+0000] {logging_mixin.py:188} INFO - [2026-05-29T12:20:21.452+0000] {dag.py:3834} INFO - Setting next_dagrun for inegi_scraper to 2026-05-29 00:00:00+00:00, run_after=2026-05-30 00:00:00+00:00
[2026-05-29T12:20:21.504+0000] {processor.py:183} INFO - Processing /opt/airflow/dags/inegi_scraper_dag.py took 0.272 seconds
[2026-05-29T12:20:53.444+0000] {processor.py:161} INFO - Started process (PID=3228) to work on /opt/airflow/dags/inegi_scraper_dag.py
[2026-05-29T12:20:53.447+0000] {processor.py:830} INFO - Processing file /opt/airflow/dags/inegi_scraper_dag.py for tasks to queue
[2026-05-29T12:20:53.451+0000] {logging_mixin.py:188} INFO - [2026-05-29T12:20:53.450+0000] {dagbag.py:540} INFO - Filling up the DagBag from /opt/airflow/dags/inegi_scraper_dag.py
[2026-05-29T12:20:53.512+0000] {processor.py:840} INFO - DAG(s) 'inegi_scraper' retrieved from /opt/airflow/dags/inegi_scraper_dag.py
[2026-05-29T12:20:53.600+0000] {logging_mixin.py:188} INFO - [2026-05-29T12:20:53.598+0000] {dag.py:3047} INFO - Sync 1 DAGs
[2026-05-29T12:20:53.671+0000] {logging_mixin.py:188} INFO - [2026-05-29T12:20:53.670+0000] {dag.py:3834} INFO - Setting next_dagrun for inegi_scraper to 2026-05-29 00:00:00+00:00, run_after=2026-05-30 00:00:00+00:00
[2026-05-29T12:20:53.748+0000] {processor.py:183} INFO - Processing /opt/airflow/dags/inegi_scraper_dag.py took 0.329 seconds
[2026-05-29T12:21:24.048+0000] {processor.py:161} INFO - Started process (PID=3258) to work on /opt/airflow/dags/inegi_scraper_dag.py
[2026-05-29T12:21:24.052+0000] {processor.py:830} INFO - Processing file /opt/airflow/dags/inegi_scraper_dag.py for tasks to queue
[2026-05-29T12:21:24.055+0000] {logging_mixin.py:188} INFO - [2026-05-29T12:21:24.054+0000] {dagbag.py:540} INFO - Filling up the DagBag from /opt/airflow/dags/inegi_scraper_dag.py
[2026-05-29T12:21:24.111+0000] {processor.py:840} INFO - DAG(s) 'inegi_scraper' retrieved from /opt/airflow/dags/inegi_scraper_dag.py
[2026-05-29T12:21:24.187+0000] {logging_mixin.py:188} INFO - [2026-05-29T12:21:24.187+0000] {dag.py:3047} INFO - Sync 1 DAGs
[2026-05-29T12:21:24.298+0000] {logging_mixin.py:188} INFO - [2026-05-29T12:21:24.298+0000] {dag.py:3834} INFO - Setting next_dagrun for inegi_scraper to 2026-05-29 00:00:00+00:00, run_after=2026-05-30 00:00:00+00:00
[2026-05-29T12:21:24.478+0000] {processor.py:183} INFO - Processing /opt/airflow/dags/inegi_scraper_dag.py took 0.440 seconds
[2026-05-29T12:21:56.058+0000] {processor.py:161} INFO - Started process (PID=3288) to work on /opt/airflow/dags/inegi_scraper_dag.py
[2026-05-29T12:21:56.061+0000] {processor.py:830} INFO - Processing file /opt/airflow/dags/inegi_scraper_dag.py for tasks to queue
[2026-05-29T12:21:56.064+0000] {logging_mixin.py:188} INFO - [2026-05-29T12:21:56.063+0000] {dagbag.py:540} INFO - Filling up the DagBag from /opt/airflow/dags/inegi_scraper_dag.py
[2026-05-29T12:21:56.127+0000] {processor.py:840} INFO - DAG(s) 'inegi_scraper' retrieved from /opt/airflow/dags/inegi_scraper_dag.py
[2026-05-29T12:21:56.196+0000] {logging_mixin.py:188} INFO - [2026-05-29T12:21:56.196+0000] {dag.py:3047} INFO - Sync 1 DAGs
[2026-05-29T12:21:56.259+0000] {logging_mixin.py:188} INFO - [2026-05-29T12:21:56.259+0000] {dag.py:3834} INFO - Setting next_dagrun for inegi_scraper to 2026-05-29 00:00:00+00:00, run_after=2026-05-30 00:00:00+00:00
[2026-05-29T12:21:56.338+0000] {processor.py:183} INFO - Processing /opt/airflow/dags/inegi_scraper_dag.py took 0.292 seconds
[2026-05-29T12:22:28.732+0000] {processor.py:161} INFO - Started process (PID=3318) to work on /opt/airflow/dags/inegi_scraper_dag.py
[2026-05-29T12:22:28.740+0000] {processor.py:830} INFO - Processing file /opt/airflow/dags/inegi_scraper_dag.py for tasks to queue
[2026-05-29T12:22:28.764+0000] {logging_mixin.py:188} INFO - [2026-05-29T12:22:28.763+0000] {dagbag.py:540} INFO - Filling up the DagBag from /opt/airflow/dags/inegi_scraper_dag.py
[2026-05-29T12:22:30.076+0000] {processor.py:840} INFO - DAG(s) 'inegi_scraper' retrieved from /opt/airflow/dags/inegi_scraper_dag.py
[2026-05-29T12:22:30.591+0000] {logging_mixin.py:188} INFO - [2026-05-29T12:22:30.590+0000] {dag.py:3047} INFO - Sync 1 DAGs
[2026-05-29T12:22:30.928+0000] {logging_mixin.py:188} INFO - [2026-05-29T12:22:30.927+0000] {dag.py:3834} INFO - Setting next_dagrun for inegi_scraper to 2026-05-29 00:00:00+00:00, run_after=2026-05-30 00:00:00+00:00
[2026-05-29T12:22:31.251+0000] {processor.py:183} INFO - Processing /opt/airflow/dags/inegi_scraper_dag.py took 2.542 seconds
[2026-05-29T12:23:02.259+0000] {processor.py:161} INFO - Started process (PID=3348) to work on /opt/airflow/dags/inegi_scraper_dag.py
[2026-05-29T12:23:02.262+0000] {processor.py:830} INFO - Processing file /opt/airflow/dags/inegi_scraper_dag.py for tasks to queue
[2026-05-29T12:23:02.265+0000] {logging_mixin.py:188} INFO - [2026-05-29T12:23:02.264+0000] {dagbag.py:540} INFO - Filling up the DagBag from /opt/airflow/dags/inegi_scraper_dag.py
[2026-05-29T12:23:02.331+0000] {processor.py:840} INFO - DAG(s) 'inegi_scraper' retrieved from /opt/airflow/dags/inegi_scraper_dag.py
[2026-05-29T12:23:02.424+0000] {logging_mixin.py:188} INFO - [2026-05-29T12:23:02.423+0000] {dag.py:3047} INFO - Sync 1 DAGs
[2026-05-29T12:23:02.502+0000] {logging_mixin.py:188} INFO - [2026-05-29T12:23:02.501+0000] {dag.py:3834} INFO - Setting next_dagrun for inegi_scraper to 2026-05-29 00:00:00+00:00, run_after=2026-05-30 00:00:00+00:00
[2026-05-29T12:23:02.553+0000] {processor.py:183} INFO - Processing /opt/airflow/dags/inegi_scraper_dag.py took 0.305 seconds
[2026-05-29T12:23:33.713+0000] {processor.py:161} INFO - Started process (PID=3378) to work on /opt/airflow/dags/inegi_scraper_dag.py
[2026-05-29T12:23:33.730+0000] {processor.py:830} INFO - Processing file /opt/airflow/dags/inegi_scraper_dag.py for tasks to queue
[2026-05-29T12:23:33.744+0000] {logging_mixin.py:188} INFO - [2026-05-29T12:23:33.743+0000] {dagbag.py:540} INFO - Filling up the DagBag from /opt/airflow/dags/inegi_scraper_dag.py
[2026-05-29T12:23:34.190+0000] {processor.py:840} INFO - DAG(s) 'inegi_scraper' retrieved from /opt/airflow/dags/inegi_scraper_dag.py
[2026-05-29T12:23:34.315+0000] {logging_mixin.py:188} INFO - [2026-05-29T12:23:34.314+0000] {dag.py:3047} INFO - Sync 1 DAGs
[2026-05-29T12:23:34.380+0000] {logging_mixin.py:188} INFO - [2026-05-29T12:23:34.379+0000] {dag.py:3834} INFO - Setting next_dagrun for inegi_scraper to 2026-05-29 00:00:00+00:00, run_after=2026-05-30 00:00:00+00:00
[2026-05-29T12:23:34.439+0000] {processor.py:183} INFO - Processing /opt/airflow/dags/inegi_scraper_dag.py took 0.736 seconds
[2026-05-29T12:24:06.481+0000] {processor.py:161} INFO - Started process (PID=3408) to work on /opt/airflow/dags/inegi_scraper_dag.py
[2026-05-29T12:24:06.484+0000] {processor.py:830} INFO - Processing file /opt/airflow/dags/inegi_scraper_dag.py for tasks to queue
[2026-05-29T12:24:06.488+0000] {logging_mixin.py:188} INFO - [2026-05-29T12:24:06.487+0000] {dagbag.py:540} INFO - Filling up the DagBag from /opt/airflow/dags/inegi_scraper_dag.py
[2026-05-29T12:24:06.575+0000] {processor.py:840} INFO - DAG(s) 'inegi_scraper' retrieved from /opt/airflow/dags/inegi_scraper_dag.py
[2026-05-29T12:24:06.691+0000] {logging_mixin.py:188} INFO - [2026-05-29T12:24:06.690+0000] {dag.py:3047} INFO - Sync 1 DAGs
[2026-05-29T12:24:06.856+0000] {logging_mixin.py:188} INFO - [2026-05-29T12:24:06.855+0000] {dag.py:3834} INFO - Setting next_dagrun for inegi_scraper to 2026-05-29 00:00:00+00:00, run_after=2026-05-30 00:00:00+00:00
[2026-05-29T12:24:07.008+0000] {processor.py:183} INFO - Processing /opt/airflow/dags/inegi_scraper_dag.py took 0.546 seconds
[2026-05-29T12:24:39.013+0000] {processor.py:161} INFO - Started process (PID=3438) to work on /opt/airflow/dags/inegi_scraper_dag.py
[2026-05-29T12:24:39.040+0000] {processor.py:830} INFO - Processing file /opt/airflow/dags/inegi_scraper_dag.py for tasks to queue
[2026-05-29T12:24:39.044+0000] {logging_mixin.py:188} INFO - [2026-05-29T12:24:39.043+0000] {dagbag.py:540} INFO - Filling up the DagBag from /opt/airflow/dags/inegi_scraper_dag.py
[2026-05-29T12:24:39.646+0000] {processor.py:840} INFO - DAG(s) 'inegi_scraper' retrieved from /opt/airflow/dags/inegi_scraper_dag.py
[2026-05-29T12:24:39.868+0000] {logging_mixin.py:188} INFO - [2026-05-29T12:24:39.868+0000] {dag.py:3047} INFO - Sync 1 DAGs
[2026-05-29T12:24:40.048+0000] {logging_mixin.py:188} INFO - [2026-05-29T12:24:40.047+0000] {dag.py:3834} INFO - Setting next_dagrun for inegi_scraper to 2026-05-29 00:00:00+00:00, run_after=2026-05-30 00:00:00+00:00
[2026-05-29T12:24:40.197+0000] {processor.py:183} INFO - Processing /opt/airflow/dags/inegi_scraper_dag.py took 1.195 seconds
[2026-05-29T12:25:11.234+0000] {processor.py:161} INFO - Started process (PID=3468) to work on /opt/airflow/dags/inegi_scraper_dag.py
[2026-05-29T12:25:11.238+0000] {processor.py:830} INFO - Processing file /opt/airflow/dags/inegi_scraper_dag.py for tasks to queue
[2026-05-29T12:25:11.242+0000] {logging_mixin.py:188} INFO - [2026-05-29T12:25:11.241+0000] {dagbag.py:540} INFO - Filling up the DagBag from /opt/airflow/dags/inegi_scraper_dag.py
[2026-05-29T12:25:11.345+0000] {processor.py:840} INFO - DAG(s) 'inegi_scraper' retrieved from /opt/airflow/dags/inegi_scraper_dag.py
[2026-05-29T12:25:11.445+0000] {logging_mixin.py:188} INFO - [2026-05-29T12:25:11.444+0000] {dag.py:3047} INFO - Sync 1 DAGs
[2026-05-29T12:25:11.539+0000] {logging_mixin.py:188} INFO - [2026-05-29T12:25:11.535+0000] {dag.py:3834} INFO - Setting next_dagrun for inegi_scraper to 2026-05-29 00:00:00+00:00, run_after=2026-05-30 00:00:00+00:00
[2026-05-29T12:25:11.638+0000] {processor.py:183} INFO - Processing /opt/airflow/dags/inegi_scraper_dag.py took 0.423 seconds
[2026-05-29T12:25:42.730+0000] {processor.py:161} INFO - Started process (PID=3498) to work on /opt/airflow/dags/inegi_scraper_dag.py
[2026-05-29T12:25:42.739+0000] {processor.py:830} INFO - Processing file /opt/airflow/dags/inegi_scraper_dag.py for tasks to queue
[2026-05-29T12:25:42.750+0000] {logging_mixin.py:188} INFO - [2026-05-29T12:25:42.749+0000] {dagbag.py:540} INFO - Filling up the DagBag from /opt/airflow/dags/inegi_scraper_dag.py
[2026-05-29T12:25:42.915+0000] {processor.py:840} INFO - DAG(s) 'inegi_scraper' retrieved from /opt/airflow/dags/inegi_scraper_dag.py
[2026-05-29T12:25:43.454+0000] {logging_mixin.py:188} INFO - [2026-05-29T12:25:43.453+0000] {dag.py:3047} INFO - Sync 1 DAGs
[2026-05-29T12:25:43.736+0000] {logging_mixin.py:188} INFO - [2026-05-29T12:25:43.735+0000] {dag.py:3834} INFO - Setting next_dagrun for inegi_scraper to 2026-05-29 00:00:00+00:00, run_after=2026-05-30 00:00:00+00:00
[2026-05-29T12:25:43.922+0000] {processor.py:183} INFO - Processing /opt/airflow/dags/inegi_scraper_dag.py took 1.233 seconds
[2026-05-29T12:26:15.648+0000] {processor.py:161} INFO - Started process (PID=3528) to work on /opt/airflow/dags/inegi_scraper_dag.py
[2026-05-29T12:26:15.662+0000] {processor.py:830} INFO - Processing file /opt/airflow/dags/inegi_scraper_dag.py for tasks to queue
[2026-05-29T12:26:15.677+0000] {logging_mixin.py:188} INFO - [2026-05-29T12:26:15.676+0000] {dagbag.py:540} INFO - Filling up the DagBag from /opt/airflow/dags/inegi_scraper_dag.py
[2026-05-29T12:26:16.055+0000] {processor.py:840} INFO - DAG(s) 'inegi_scraper' retrieved from /opt/airflow/dags/inegi_scraper_dag.py
[2026-05-29T12:26:16.159+0000] {logging_mixin.py:188} INFO - [2026-05-29T12:26:16.159+0000] {dag.py:3047} INFO - Sync 1 DAGs
[2026-05-29T12:26:16.245+0000] {logging_mixin.py:188} INFO - [2026-05-29T12:26:16.244+0000] {dag.py:3834} INFO - Setting next_dagrun for inegi_scraper to 2026-05-29 00:00:00+00:00, run_after=2026-05-30 00:00:00+00:00
[2026-05-29T12:26:16.322+0000] {processor.py:183} INFO - Processing /opt/airflow/dags/inegi_scraper_dag.py took 0.692 seconds
[2026-05-29T12:26:47.338+0000] {processor.py:161} INFO - Started process (PID=3558) to work on /opt/airflow/dags/inegi_scraper_dag.py
[2026-05-29T12:26:47.343+0000] {processor.py:830} INFO - Processing file /opt/airflow/dags/inegi_scraper_dag.py for tasks to queue
[2026-05-29T12:26:47.363+0000] {logging_mixin.py:188} INFO - [2026-05-29T12:26:47.362+0000] {dagbag.py:540} INFO - Filling up the DagBag from /opt/airflow/dags/inegi_scraper_dag.py
[2026-05-29T12:26:48.904+0000] {processor.py:840} INFO - DAG(s) 'inegi_scraper' retrieved from /opt/airflow/dags/inegi_scraper_dag.py
[2026-05-29T12:26:49.264+0000] {logging_mixin.py:188} INFO - [2026-05-29T12:26:49.264+0000] {dag.py:3047} INFO - Sync 1 DAGs
[2026-05-29T12:26:49.435+0000] {logging_mixin.py:188} INFO - [2026-05-29T12:26:49.434+0000] {dag.py:3834} INFO - Setting next_dagrun for inegi_scraper to 2026-05-29 00:00:00+00:00, run_after=2026-05-30 00:00:00+00:00
[2026-05-29T12:26:49.650+0000] {processor.py:183} INFO - Processing /opt/airflow/dags/inegi_scraper_dag.py took 2.349 seconds
[2026-05-29T12:27:20.397+0000] {processor.py:161} INFO - Started process (PID=3588) to work on /opt/airflow/dags/inegi_scraper_dag.py
[2026-05-29T12:27:20.411+0000] {processor.py:830} INFO - Processing file /opt/airflow/dags/inegi_scraper_dag.py for tasks to queue
[2026-05-29T12:27:20.419+0000] {logging_mixin.py:188} INFO - [2026-05-29T12:27:20.418+0000] {dagbag.py:540} INFO - Filling up the DagBag from /opt/airflow/dags/inegi_scraper_dag.py
[2026-05-29T12:27:20.544+0000] {processor.py:840} INFO - DAG(s) 'inegi_scraper' retrieved from /opt/airflow/dags/inegi_scraper_dag.py
[2026-05-29T12:27:20.657+0000] {logging_mixin.py:188} INFO - [2026-05-29T12:27:20.656+0000] {dag.py:3047} INFO - Sync 1 DAGs
[2026-05-29T12:27:20.757+0000] {logging_mixin.py:188} INFO - [2026-05-29T12:27:20.756+0000] {dag.py:3834} INFO - Setting next_dagrun for inegi_scraper to 2026-05-29 00:00:00+00:00, run_after=2026-05-30 00:00:00+00:00
[2026-05-29T12:27:20.837+0000] {processor.py:183} INFO - Processing /opt/airflow/dags/inegi_scraper_dag.py took 0.468 seconds
[2026-05-29T12:27:53.459+0000] {processor.py:161} INFO - Started process (PID=3618) to work on /opt/airflow/dags/inegi_scraper_dag.py
[2026-05-29T12:27:53.476+0000] {processor.py:830} INFO - Processing file /opt/airflow/dags/inegi_scraper_dag.py for tasks to queue
[2026-05-29T12:27:53.487+0000] {logging_mixin.py:188} INFO - [2026-05-29T12:27:53.483+0000] {dagbag.py:540} INFO - Filling up the DagBag from /opt/airflow/dags/inegi_scraper_dag.py
[2026-05-29T12:27:53.690+0000] {processor.py:840} INFO - DAG(s) 'inegi_scraper' retrieved from /opt/airflow/dags/inegi_scraper_dag.py
[2026-05-29T12:27:53.872+0000] {logging_mixin.py:188} INFO - [2026-05-29T12:27:53.872+0000] {dag.py:3047} INFO - Sync 1 DAGs
[2026-05-29T12:27:54.011+0000] {logging_mixin.py:188} INFO - [2026-05-29T12:27:54.009+0000] {dag.py:3834} INFO - Setting next_dagrun for inegi_scraper to 2026-05-29 00:00:00+00:00, run_after=2026-05-30 00:00:00+00:00
[2026-05-29T12:27:54.168+0000] {processor.py:183} INFO - Processing /opt/airflow/dags/inegi_scraper_dag.py took 0.734 seconds
[2026-05-29T12:28:25.991+0000] {processor.py:161} INFO - Started process (PID=3648) to work on /opt/airflow/dags/inegi_scraper_dag.py
[2026-05-29T12:28:25.995+0000] {processor.py:830} INFO - Processing file /opt/airflow/dags/inegi_scraper_dag.py for tasks to queue
[2026-05-29T12:28:26.000+0000] {logging_mixin.py:188} INFO - [2026-05-29T12:28:25.999+0000] {dagbag.py:540} INFO - Filling up the DagBag from /opt/airflow/dags/inegi_scraper_dag.py
[2026-05-29T12:28:26.179+0000] {processor.py:840} INFO - DAG(s) 'inegi_scraper' retrieved from /opt/airflow/dags/inegi_scraper_dag.py
[2026-05-29T12:28:26.430+0000] {logging_mixin.py:188} INFO - [2026-05-29T12:28:26.429+0000] {dag.py:3047} INFO - Sync 1 DAGs
[2026-05-29T12:28:26.498+0000] {logging_mixin.py:188} INFO - [2026-05-29T12:28:26.497+0000] {dag.py:3834} INFO - Setting next_dagrun for inegi_scraper to 2026-05-29 00:00:00+00:00, run_after=2026-05-30 00:00:00+00:00
[2026-05-29T12:28:26.555+0000] {processor.py:183} INFO - Processing /opt/airflow/dags/inegi_scraper_dag.py took 0.584 seconds
[2026-05-29T12:29:00.228+0000] {processor.py:161} INFO - Started process (PID=3678) to work on /opt/airflow/dags/inegi_scraper_dag.py
[2026-05-29T12:29:00.435+0000] {processor.py:830} INFO - Processing file /opt/airflow/dags/inegi_scraper_dag.py for tasks to queue
[2026-05-29T12:29:00.463+0000] {logging_mixin.py:188} INFO - [2026-05-29T12:29:00.462+0000] {dagbag.py:540} INFO - Filling up the DagBag from /opt/airflow/dags/inegi_scraper_dag.py
[2026-05-29T12:29:01.919+0000] {processor.py:840} INFO - DAG(s) 'inegi_scraper' retrieved from /opt/airflow/dags/inegi_scraper_dag.py
[2026-05-29T12:29:02.481+0000] {logging_mixin.py:188} INFO - [2026-05-29T12:29:02.469+0000] {dag.py:3047} INFO - Sync 1 DAGs
[2026-05-29T12:29:02.996+0000] {logging_mixin.py:188} INFO - [2026-05-29T12:29:02.996+0000] {dag.py:3834} INFO - Setting next_dagrun for inegi_scraper to 2026-05-29 00:00:00+00:00, run_after=2026-05-30 00:00:00+00:00
[2026-05-29T12:29:03.824+0000] {processor.py:183} INFO - Processing /opt/airflow/dags/inegi_scraper_dag.py took 3.614 seconds
[2026-05-29T12:29:36.181+0000] {processor.py:161} INFO - Started process (PID=3708) to work on /opt/airflow/dags/inegi_scraper_dag.py
[2026-05-29T12:29:36.204+0000] {processor.py:830} INFO - Processing file /opt/airflow/dags/inegi_scraper_dag.py for tasks to queue
[2026-05-29T12:29:36.219+0000] {logging_mixin.py:188} INFO - [2026-05-29T12:29:36.218+0000] {dagbag.py:540} INFO - Filling up the DagBag from /opt/airflow/dags/inegi_scraper_dag.py
[2026-05-29T12:29:36.491+0000] {processor.py:840} INFO - DAG(s) 'inegi_scraper' retrieved from /opt/airflow/dags/inegi_scraper_dag.py
[2026-05-29T12:29:36.866+0000] {logging_mixin.py:188} INFO - [2026-05-29T12:29:36.853+0000] {dag.py:3047} INFO - Sync 1 DAGs
[2026-05-29T12:29:37.141+0000] {logging_mixin.py:188} INFO - [2026-05-29T12:29:37.140+0000] {dag.py:3834} INFO - Setting next_dagrun for inegi_scraper to 2026-05-29 00:00:00+00:00, run_after=2026-05-30 00:00:00+00:00
[2026-05-29T12:29:37.599+0000] {processor.py:183} INFO - Processing /opt/airflow/dags/inegi_scraper_dag.py took 1.435 seconds
[2026-05-29T12:30:08.432+0000] {processor.py:161} INFO - Started process (PID=3738) to work on /opt/airflow/dags/inegi_scraper_dag.py
[2026-05-29T12:30:08.436+0000] {processor.py:830} INFO - Processing file /opt/airflow/dags/inegi_scraper_dag.py for tasks to queue
[2026-05-29T12:30:08.439+0000] {logging_mixin.py:188} INFO - [2026-05-29T12:30:08.438+0000] {dagbag.py:540} INFO - Filling up the DagBag from /opt/airflow/dags/inegi_scraper_dag.py
[2026-05-29T12:30:08.507+0000] {processor.py:840} INFO - DAG(s) 'inegi_scraper' retrieved from /opt/airflow/dags/inegi_scraper_dag.py
[2026-05-29T12:30:08.656+0000] {logging_mixin.py:188} INFO - [2026-05-29T12:30:08.655+0000] {dag.py:3047} INFO - Sync 1 DAGs
[2026-05-29T12:30:08.765+0000] {logging_mixin.py:188} INFO - [2026-05-29T12:30:08.764+0000] {dag.py:3834} INFO - Setting next_dagrun for inegi_scraper to 2026-05-29 00:00:00+00:00, run_after=2026-05-30 00:00:00+00:00
[2026-05-29T12:30:08.858+0000] {processor.py:183} INFO - Processing /opt/airflow/dags/inegi_scraper_dag.py took 0.437 seconds
[2026-05-29T12:30:39.649+0000] {processor.py:161} INFO - Started process (PID=3768) to work on /opt/airflow/dags/inegi_scraper_dag.py
[2026-05-29T12:30:39.652+0000] {processor.py:830} INFO - Processing file /opt/airflow/dags/inegi_scraper_dag.py for tasks to queue
[2026-05-29T12:30:39.655+0000] {logging_mixin.py:188} INFO - [2026-05-29T12:30:39.654+0000] {dagbag.py:540} INFO - Filling up the DagBag from /opt/airflow/dags/inegi_scraper_dag.py
[2026-05-29T12:30:39.723+0000] {processor.py:840} INFO - DAG(s) 'inegi_scraper' retrieved from /opt/airflow/dags/inegi_scraper_dag.py
[2026-05-29T12:30:39.799+0000] {logging_mixin.py:188} INFO - [2026-05-29T12:30:39.798+0000] {dag.py:3047} INFO - Sync 1 DAGs
[2026-05-29T12:30:39.873+0000] {logging_mixin.py:188} INFO - [2026-05-29T12:30:39.872+0000] {dag.py:3834} INFO - Setting next_dagrun for inegi_scraper to 2026-05-29 00:00:00+00:00, run_after=2026-05-30 00:00:00+00:00
[2026-05-29T12:30:39.935+0000] {processor.py:183} INFO - Processing /opt/airflow/dags/inegi_scraper_dag.py took 0.297 seconds
[2026-05-29T12:31:10.316+0000] {processor.py:161} INFO - Started process (PID=3798) to work on /opt/airflow/dags/inegi_scraper_dag.py
[2026-05-29T12:31:10.322+0000] {processor.py:830} INFO - Processing file /opt/airflow/dags/inegi_scraper_dag.py for tasks to queue
[2026-05-29T12:31:10.333+0000] {logging_mixin.py:188} INFO - [2026-05-29T12:31:10.332+0000] {dagbag.py:540} INFO - Filling up the DagBag from /opt/airflow/dags/inegi_scraper_dag.py
[2026-05-29T12:31:10.441+0000] {processor.py:840} INFO - DAG(s) 'inegi_scraper' retrieved from /opt/airflow/dags/inegi_scraper_dag.py
[2026-05-29T12:31:10.532+0000] {logging_mixin.py:188} INFO - [2026-05-29T12:31:10.532+0000] {dag.py:3047} INFO - Sync 1 DAGs
[2026-05-29T12:31:10.618+0000] {logging_mixin.py:188} INFO - [2026-05-29T12:31:10.617+0000] {dag.py:3834} INFO - Setting next_dagrun for inegi_scraper to 2026-05-29 00:00:00+00:00, run_after=2026-05-30 00:00:00+00:00
[2026-05-29T12:31:10.689+0000] {processor.py:183} INFO - Processing /opt/airflow/dags/inegi_scraper_dag.py took 0.401 seconds
[2026-05-29T12:31:41.354+0000] {processor.py:161} INFO - Started process (PID=3828) to work on /opt/airflow/dags/inegi_scraper_dag.py
[2026-05-29T12:31:41.370+0000] {processor.py:830} INFO - Processing file /opt/airflow/dags/inegi_scraper_dag.py for tasks to queue
[2026-05-29T12:31:41.375+0000] {logging_mixin.py:188} INFO - [2026-05-29T12:31:41.374+0000] {dagbag.py:540} INFO - Filling up the DagBag from /opt/airflow/dags/inegi_scraper_dag.py
[2026-05-29T12:31:41.528+0000] {processor.py:840} INFO - DAG(s) 'inegi_scraper' retrieved from /opt/airflow/dags/inegi_scraper_dag.py
[2026-05-29T12:31:41.606+0000] {logging_mixin.py:188} INFO - [2026-05-29T12:31:41.605+0000] {dag.py:3047} INFO - Sync 1 DAGs
[2026-05-29T12:31:41.679+0000] {logging_mixin.py:188} INFO - [2026-05-29T12:31:41.678+0000] {dag.py:3834} INFO - Setting next_dagrun for inegi_scraper to 2026-05-29 00:00:00+00:00, run_after=2026-05-30 00:00:00+00:00
[2026-05-29T12:31:41.758+0000] {processor.py:183} INFO - Processing /opt/airflow/dags/inegi_scraper_dag.py took 0.423 seconds
[2026-05-29T12:32:12.766+0000] {processor.py:161} INFO - Started process (PID=3858) to work on /opt/airflow/dags/inegi_scraper_dag.py
[2026-05-29T12:32:12.770+0000] {processor.py:830} INFO - Processing file /opt/airflow/dags/inegi_scraper_dag.py for tasks to queue
[2026-05-29T12:32:12.777+0000] {logging_mixin.py:188} INFO - [2026-05-29T12:32:12.776+0000] {dagbag.py:540} INFO - Filling up the DagBag from /opt/airflow/dags/inegi_scraper_dag.py
[2026-05-29T12:32:12.881+0000] {processor.py:840} INFO - DAG(s) 'inegi_scraper' retrieved from /opt/airflow/dags/inegi_scraper_dag.py
[2026-05-29T12:32:13.003+0000] {logging_mixin.py:188} INFO - [2026-05-29T12:32:13.002+0000] {dag.py:3047} INFO - Sync 1 DAGs
[2026-05-29T12:32:13.138+0000] {logging_mixin.py:188} INFO - [2026-05-29T12:32:13.137+0000] {dag.py:3834} INFO - Setting next_dagrun for inegi_scraper to 2026-05-29 00:00:00+00:00, run_after=2026-05-30 00:00:00+00:00
[2026-05-29T12:32:13.237+0000] {processor.py:183} INFO - Processing /opt/airflow/dags/inegi_scraper_dag.py took 0.488 seconds
[2026-05-29T12:32:44.120+0000] {processor.py:161} INFO - Started process (PID=3886) to work on /opt/airflow/dags/inegi_scraper_dag.py
[2026-05-29T12:32:44.137+0000] {processor.py:830} INFO - Processing file /opt/airflow/dags/inegi_scraper_dag.py for tasks to queue
[2026-05-29T12:32:44.152+0000] {logging_mixin.py:188} INFO - [2026-05-29T12:32:44.139+0000] {dagbag.py:540} INFO - Filling up the DagBag from /opt/airflow/dags/inegi_scraper_dag.py
[2026-05-29T12:32:44.917+0000] {processor.py:840} INFO - DAG(s) 'inegi_scraper' retrieved from /opt/airflow/dags/inegi_scraper_dag.py
[2026-05-29T12:32:45.112+0000] {logging_mixin.py:188} INFO - [2026-05-29T12:32:45.111+0000] {dag.py:3047} INFO - Sync 1 DAGs
[2026-05-29T12:32:45.366+0000] {logging_mixin.py:188} INFO - [2026-05-29T12:32:45.353+0000] {dag.py:3834} INFO - Setting next_dagrun for inegi_scraper to 2026-05-29 00:00:00+00:00, run_after=2026-05-30 00:00:00+00:00
[2026-05-29T12:32:45.514+0000] {processor.py:183} INFO - Processing /opt/airflow/dags/inegi_scraper_dag.py took 1.475 seconds
[2026-05-29T12:33:17.705+0000] {processor.py:161} INFO - Started process (PID=3918) to work on /opt/airflow/dags/inegi_scraper_dag.py
[2026-05-29T12:33:17.716+0000] {processor.py:830} INFO - Processing file /opt/airflow/dags/inegi_scraper_dag.py for tasks to queue
[2026-05-29T12:33:17.722+0000] {logging_mixin.py:188} INFO - [2026-05-29T12:33:17.720+0000] {dagbag.py:540} INFO - Filling up the DagBag from /opt/airflow/dags/inegi_scraper_dag.py
[2026-05-29T12:33:17.844+0000] {processor.py:840} INFO - DAG(s) 'inegi_scraper' retrieved from /opt/airflow/dags/inegi_scraper_dag.py
[2026-05-29T12:33:18.000+0000] {logging_mixin.py:188} INFO - [2026-05-29T12:33:17.998+0000] {dag.py:3047} INFO - Sync 1 DAGs
[2026-05-29T12:33:18.293+0000] {logging_mixin.py:188} INFO - [2026-05-29T12:33:18.291+0000] {dag.py:3834} INFO - Setting next_dagrun for inegi_scraper to 2026-05-29 00:00:00+00:00, run_after=2026-05-30 00:00:00+00:00
[2026-05-29T12:33:18.472+0000] {processor.py:183} INFO - Processing /opt/airflow/dags/inegi_scraper_dag.py took 0.822 seconds
[2026-05-29T12:33:51.487+0000] {processor.py:161} INFO - Started process (PID=3948) to work on /opt/airflow/dags/inegi_scraper_dag.py
[2026-05-29T12:33:51.492+0000] {processor.py:830} INFO - Processing file /opt/airflow/dags/inegi_scraper_dag.py for tasks to queue
[2026-05-29T12:33:51.500+0000] {logging_mixin.py:188} INFO - [2026-05-29T12:33:51.495+0000] {dagbag.py:540} INFO - Filling up the DagBag from /opt/airflow/dags/inegi_scraper_dag.py
[2026-05-29T12:33:51.601+0000] {processor.py:840} INFO - DAG(s) 'inegi_scraper' retrieved from /opt/airflow/dags/inegi_scraper_dag.py
[2026-05-29T12:33:51.719+0000] {logging_mixin.py:188} INFO - [2026-05-29T12:33:51.719+0000] {dag.py:3047} INFO - Sync 1 DAGs
[2026-05-29T12:33:51.835+0000] {logging_mixin.py:188} INFO - [2026-05-29T12:33:51.831+0000] {dag.py:3834} INFO - Setting next_dagrun for inegi_scraper to 2026-05-29 00:00:00+00:00, run_after=2026-05-30 00:00:00+00:00
[2026-05-29T12:33:51.951+0000] {processor.py:183} INFO - Processing /opt/airflow/dags/inegi_scraper_dag.py took 0.474 seconds
[2026-05-29T12:34:22.089+0000] {processor.py:161} INFO - Started process (PID=3978) to work on /opt/airflow/dags/inegi_scraper_dag.py
[2026-05-29T12:34:22.093+0000] {processor.py:830} INFO - Processing file /opt/airflow/dags/inegi_scraper_dag.py for tasks to queue
[2026-05-29T12:34:22.096+0000] {logging_mixin.py:188} INFO - [2026-05-29T12:34:22.095+0000] {dagbag.py:540} INFO - Filling up the DagBag from /opt/airflow/dags/inegi_scraper_dag.py
[2026-05-29T12:34:22.153+0000] {processor.py:840} INFO - DAG(s) 'inegi_scraper' retrieved from /opt/airflow/dags/inegi_scraper_dag.py
[2026-05-29T12:34:22.235+0000] {logging_mixin.py:188} INFO - [2026-05-29T12:34:22.233+0000] {dag.py:3047} INFO - Sync 1 DAGs
[2026-05-29T12:34:22.414+0000] {logging_mixin.py:188} INFO - [2026-05-29T12:34:22.413+0000] {dag.py:3834} INFO - Setting next_dagrun for inegi_scraper to 2026-05-29 00:00:00+00:00, run_after=2026-05-30 00:00:00+00:00
[2026-05-29T12:34:22.568+0000] {processor.py:183} INFO - Processing /opt/airflow/dags/inegi_scraper_dag.py took 0.489 seconds
[2026-05-29T12:34:54.580+0000] {processor.py:161} INFO - Started process (PID=4006) to work on /opt/airflow/dags/inegi_scraper_dag.py
[2026-05-29T12:34:54.593+0000] {processor.py:830} INFO - Processing file /opt/airflow/dags/inegi_scraper_dag.py for tasks to queue
[2026-05-29T12:34:54.597+0000] {logging_mixin.py:188} INFO - [2026-05-29T12:34:54.596+0000] {dagbag.py:540} INFO - Filling up the DagBag from /opt/airflow/dags/inegi_scraper_dag.py
[2026-05-29T12:34:54.713+0000] {processor.py:840} INFO - DAG(s) 'inegi_scraper' retrieved from /opt/airflow/dags/inegi_scraper_dag.py
[2026-05-29T12:34:54.916+0000] {logging_mixin.py:188} INFO - [2026-05-29T12:34:54.916+0000] {dag.py:3047} INFO - Sync 1 DAGs
[2026-05-29T12:34:55.017+0000] {logging_mixin.py:188} INFO - [2026-05-29T12:34:55.017+0000] {dag.py:3834} INFO - Setting next_dagrun for inegi_scraper to 2026-05-29 00:00:00+00:00, run_after=2026-05-30 00:00:00+00:00
[2026-05-29T12:34:57.898+0000] {processor.py:183} INFO - Processing /opt/airflow/dags/inegi_scraper_dag.py took 3.327 seconds
[2026-05-29T12:35:29.399+0000] {processor.py:161} INFO - Started process (PID=4038) to work on /opt/airflow/dags/inegi_scraper_dag.py
[2026-05-29T12:35:29.402+0000] {processor.py:830} INFO - Processing file /opt/airflow/dags/inegi_scraper_dag.py for tasks to queue
[2026-05-29T12:35:29.408+0000] {logging_mixin.py:188} INFO - [2026-05-29T12:35:29.406+0000] {dagbag.py:540} INFO - Filling up the DagBag from /opt/airflow/dags/inegi_scraper_dag.py
[2026-05-29T12:35:29.489+0000] {processor.py:840} INFO - DAG(s) 'inegi_scraper' retrieved from /opt/airflow/dags/inegi_scraper_dag.py
[2026-05-29T12:35:29.585+0000] {logging_mixin.py:188} INFO - [2026-05-29T12:35:29.585+0000] {dag.py:3047} INFO - Sync 1 DAGs
[2026-05-29T12:35:29.681+0000] {logging_mixin.py:188} INFO - [2026-05-29T12:35:29.681+0000] {dag.py:3834} INFO - Setting next_dagrun for inegi_scraper to 2026-05-29 00:00:00+00:00, run_after=2026-05-30 00:00:00+00:00
[2026-05-29T12:35:29.734+0000] {processor.py:183} INFO - Processing /opt/airflow/dags/inegi_scraper_dag.py took 0.345 seconds
[2026-05-29T12:36:07.857+0000] {processor.py:161} INFO - Started process (PID=4068) to work on /opt/airflow/dags/inegi_scraper_dag.py
[2026-05-29T12:36:07.887+0000] {processor.py:830} INFO - Processing file /opt/airflow/dags/inegi_scraper_dag.py for tasks to queue
[2026-05-29T12:36:07.904+0000] {logging_mixin.py:188} INFO - [2026-05-29T12:36:07.903+0000] {dagbag.py:540} INFO - Filling up the DagBag from /opt/airflow/dags/inegi_scraper_dag.py
[2026-05-29T12:36:08.439+0000] {processor.py:840} INFO - DAG(s) 'inegi_scraper' retrieved from /opt/airflow/dags/inegi_scraper_dag.py
[2026-05-29T12:36:08.563+0000] {logging_mixin.py:188} INFO - [2026-05-29T12:36:08.563+0000] {dag.py:3047} INFO - Sync 1 DAGs
[2026-05-29T12:36:08.708+0000] {logging_mixin.py:188} INFO - [2026-05-29T12:36:08.707+0000] {dag.py:3834} INFO - Setting next_dagrun for inegi_scraper to 2026-05-29 00:00:00+00:00, run_after=2026-05-30 00:00:00+00:00
[2026-05-29T12:36:08.833+0000] {processor.py:183} INFO - Processing /opt/airflow/dags/inegi_scraper_dag.py took 1.070 seconds
[2026-05-29T12:36:39.600+0000] {processor.py:161} INFO - Started process (PID=4098) to work on /opt/airflow/dags/inegi_scraper_dag.py
[2026-05-29T12:36:39.603+0000] {processor.py:830} INFO - Processing file /opt/airflow/dags/inegi_scraper_dag.py for tasks to queue
[2026-05-29T12:36:39.606+0000] {logging_mixin.py:188} INFO - [2026-05-29T12:36:39.605+0000] {dagbag.py:540} INFO - Filling up the DagBag from /opt/airflow/dags/inegi_scraper_dag.py
[2026-05-29T12:36:39.701+0000] {processor.py:840} INFO - DAG(s) 'inegi_scraper' retrieved from /opt/airflow/dags/inegi_scraper_dag.py
[2026-05-29T12:36:39.786+0000] {logging_mixin.py:188} INFO - [2026-05-29T12:36:39.784+0000] {dag.py:3047} INFO - Sync 1 DAGs
[2026-05-29T12:36:39.867+0000] {logging_mixin.py:188} INFO - [2026-05-29T12:36:39.866+0000] {dag.py:3834} INFO - Setting next_dagrun for inegi_scraper to 2026-05-29 00:00:00+00:00, run_after=2026-05-30 00:00:00+00:00
[2026-05-29T12:36:39.976+0000] {processor.py:183} INFO - Processing /opt/airflow/dags/inegi_scraper_dag.py took 0.392 seconds
[2026-05-29T12:37:10.310+0000] {processor.py:161} INFO - Started process (PID=4131) to work on /opt/airflow/dags/inegi_scraper_dag.py
[2026-05-29T12:37:10.314+0000] {processor.py:830} INFO - Processing file /opt/airflow/dags/inegi_scraper_dag.py for tasks to queue
[2026-05-29T12:37:10.318+0000] {logging_mixin.py:188} INFO - [2026-05-29T12:37:10.317+0000] {dagbag.py:540} INFO - Filling up the DagBag from /opt/airflow/dags/inegi_scraper_dag.py
[2026-05-29T12:37:10.441+0000] {processor.py:840} INFO - DAG(s) 'inegi_scraper' retrieved from /opt/airflow/dags/inegi_scraper_dag.py
[2026-05-29T12:37:10.577+0000] {logging_mixin.py:188} INFO - [2026-05-29T12:37:10.577+0000] {dag.py:3047} INFO - Sync 1 DAGs
[2026-05-29T12:37:10.833+0000] {logging_mixin.py:188} INFO - [2026-05-29T12:37:10.833+0000] {dag.py:3834} INFO - Setting next_dagrun for inegi_scraper to 2026-05-29 00:00:00+00:00, run_after=2026-05-30 00:00:00+00:00
[2026-05-29T12:37:11.029+0000] {processor.py:183} INFO - Processing /opt/airflow/dags/inegi_scraper_dag.py took 0.743 seconds
[2026-05-29T12:37:42.628+0000] {processor.py:161} INFO - Started process (PID=4156) to work on /opt/airflow/dags/inegi_scraper_dag.py
[2026-05-29T12:37:42.641+0000] {processor.py:830} INFO - Processing file /opt/airflow/dags/inegi_scraper_dag.py for tasks to queue
[2026-05-29T12:37:42.644+0000] {logging_mixin.py:188} INFO - [2026-05-29T12:37:42.643+0000] {dagbag.py:540} INFO - Filling up the DagBag from /opt/airflow/dags/inegi_scraper_dag.py
[2026-05-29T12:37:45.135+0000] {processor.py:840} INFO - DAG(s) 'inegi_scraper' retrieved from /opt/airflow/dags/inegi_scraper_dag.py
[2026-05-29T12:37:45.359+0000] {logging_mixin.py:188} INFO - [2026-05-29T12:37:45.358+0000] {dag.py:3047} INFO - Sync 1 DAGs
[2026-05-29T12:37:45.615+0000] {logging_mixin.py:188} INFO - [2026-05-29T12:37:45.605+0000] {dag.py:3834} INFO - Setting next_dagrun for inegi_scraper to 2026-05-29 00:00:00+00:00, run_after=2026-05-30 00:00:00+00:00
[2026-05-29T12:37:46.515+0000] {processor.py:183} INFO - Processing /opt/airflow/dags/inegi_scraper_dag.py took 3.904 seconds
[2026-05-29T12:38:20.267+0000] {processor.py:161} INFO - Started process (PID=4186) to work on /opt/airflow/dags/inegi_scraper_dag.py
[2026-05-29T12:38:20.275+0000] {processor.py:830} INFO - Processing file /opt/airflow/dags/inegi_scraper_dag.py for tasks to queue
[2026-05-29T12:38:20.278+0000] {logging_mixin.py:188} INFO - [2026-05-29T12:38:20.277+0000] {dagbag.py:540} INFO - Filling up the DagBag from /opt/airflow/dags/inegi_scraper_dag.py
[2026-05-29T12:38:20.438+0000] {processor.py:840} INFO - DAG(s) 'inegi_scraper' retrieved from /opt/airflow/dags/inegi_scraper_dag.py
[2026-05-29T12:38:20.667+0000] {logging_mixin.py:188} INFO - [2026-05-29T12:38:20.667+0000] {dag.py:3047} INFO - Sync 1 DAGs
[2026-05-29T12:38:20.872+0000] {logging_mixin.py:188} INFO - [2026-05-29T12:38:20.872+0000] {dag.py:3834} INFO - Setting next_dagrun for inegi_scraper to 2026-05-29 00:00:00+00:00, run_after=2026-05-30 00:00:00+00:00
[2026-05-29T12:38:21.171+0000] {processor.py:183} INFO - Processing /opt/airflow/dags/inegi_scraper_dag.py took 0.952 seconds
[2026-05-29T12:38:52.396+0000] {processor.py:161} INFO - Started process (PID=4216) to work on /opt/airflow/dags/inegi_scraper_dag.py
[2026-05-29T12:38:52.413+0000] {processor.py:830} INFO - Processing file /opt/airflow/dags/inegi_scraper_dag.py for tasks to queue
[2026-05-29T12:38:52.428+0000] {logging_mixin.py:188} INFO - [2026-05-29T12:38:52.417+0000] {dagbag.py:540} INFO - Filling up the DagBag from /opt/airflow/dags/inegi_scraper_dag.py
[2026-05-29T12:38:52.515+0000] {processor.py:840} INFO - DAG(s) 'inegi_scraper' retrieved from /opt/airflow/dags/inegi_scraper_dag.py
[2026-05-29T12:38:52.641+0000] {logging_mixin.py:188} INFO - [2026-05-29T12:38:52.640+0000] {dag.py:3047} INFO - Sync 1 DAGs
[2026-05-29T12:38:52.776+0000] {logging_mixin.py:188} INFO - [2026-05-29T12:38:52.775+0000] {dag.py:3834} INFO - Setting next_dagrun for inegi_scraper to 2026-05-29 00:00:00+00:00, run_after=2026-05-30 00:00:00+00:00
[2026-05-29T12:38:52.888+0000] {processor.py:183} INFO - Processing /opt/airflow/dags/inegi_scraper_dag.py took 0.528 seconds
[2026-05-29T12:39:27.361+0000] {processor.py:161} INFO - Started process (PID=4246) to work on /opt/airflow/dags/inegi_scraper_dag.py
[2026-05-29T12:39:27.374+0000] {processor.py:830} INFO - Processing file /opt/airflow/dags/inegi_scraper_dag.py for tasks to queue
[2026-05-29T12:39:27.377+0000] {logging_mixin.py:188} INFO - [2026-05-29T12:39:27.376+0000] {dagbag.py:540} INFO - Filling up the DagBag from /opt/airflow/dags/inegi_scraper_dag.py
[2026-05-29T12:39:27.520+0000] {processor.py:840} INFO - DAG(s) 'inegi_scraper' retrieved from /opt/airflow/dags/inegi_scraper_dag.py
[2026-05-29T12:39:27.707+0000] {logging_mixin.py:188} INFO - [2026-05-29T12:39:27.702+0000] {dag.py:3047} INFO - Sync 1 DAGs
[2026-05-29T12:39:27.898+0000] {logging_mixin.py:188} INFO - [2026-05-29T12:39:27.885+0000] {dag.py:3834} INFO - Setting next_dagrun for inegi_scraper to 2026-05-29 00:00:00+00:00, run_after=2026-05-30 00:00:00+00:00
[2026-05-29T12:39:28.003+0000] {processor.py:183} INFO - Processing /opt/airflow/dags/inegi_scraper_dag.py took 0.668 seconds
[2026-05-29T12:39:58.379+0000] {processor.py:161} INFO - Started process (PID=4276) to work on /opt/airflow/dags/inegi_scraper_dag.py
[2026-05-29T12:39:58.382+0000] {processor.py:830} INFO - Processing file /opt/airflow/dags/inegi_scraper_dag.py for tasks to queue
[2026-05-29T12:39:58.386+0000] {logging_mixin.py:188} INFO - [2026-05-29T12:39:58.385+0000] {dagbag.py:540} INFO - Filling up the DagBag from /opt/airflow/dags/inegi_scraper_dag.py
[2026-05-29T12:39:58.468+0000] {processor.py:840} INFO - DAG(s) 'inegi_scraper' retrieved from /opt/airflow/dags/inegi_scraper_dag.py
[2026-05-29T12:39:58.601+0000] {logging_mixin.py:188} INFO - [2026-05-29T12:39:58.601+0000] {dag.py:3047} INFO - Sync 1 DAGs
[2026-05-29T12:39:58.677+0000] {logging_mixin.py:188} INFO - [2026-05-29T12:39:58.677+0000] {dag.py:3834} INFO - Setting next_dagrun for inegi_scraper to 2026-05-29 00:00:00+00:00, run_after=2026-05-30 00:00:00+00:00
[2026-05-29T12:39:58.812+0000] {processor.py:183} INFO - Processing /opt/airflow/dags/inegi_scraper_dag.py took 0.447 seconds
[2026-05-29T12:40:29.384+0000] {processor.py:161} INFO - Started process (PID=4306) to work on /opt/airflow/dags/inegi_scraper_dag.py
[2026-05-29T12:40:29.388+0000] {processor.py:830} INFO - Processing file /opt/airflow/dags/inegi_scraper_dag.py for tasks to queue
[2026-05-29T12:40:29.392+0000] {logging_mixin.py:188} INFO - [2026-05-29T12:40:29.390+0000] {dagbag.py:540} INFO - Filling up the DagBag from /opt/airflow/dags/inegi_scraper_dag.py
[2026-05-29T12:40:29.489+0000] {processor.py:840} INFO - DAG(s) 'inegi_scraper' retrieved from /opt/airflow/dags/inegi_scraper_dag.py
[2026-05-29T12:40:29.591+0000] {logging_mixin.py:188} INFO - [2026-05-29T12:40:29.591+0000] {dag.py:3047} INFO - Sync 1 DAGs
[2026-05-29T12:40:29.760+0000] {logging_mixin.py:188} INFO - [2026-05-29T12:40:29.759+0000] {dag.py:3834} INFO - Setting next_dagrun for inegi_scraper to 2026-05-29 00:00:00+00:00, run_after=2026-05-30 00:00:00+00:00
[2026-05-29T12:40:30.003+0000] {processor.py:183} INFO - Processing /opt/airflow/dags/inegi_scraper_dag.py took 0.633 seconds
[2026-05-29T12:41:01.105+0000] {processor.py:161} INFO - Started process (PID=4336) to work on /opt/airflow/dags/inegi_scraper_dag.py
[2026-05-29T12:41:01.112+0000] {processor.py:830} INFO - Processing file /opt/airflow/dags/inegi_scraper_dag.py for tasks to queue
[2026-05-29T12:41:01.117+0000] {logging_mixin.py:188} INFO - [2026-05-29T12:41:01.116+0000] {dagbag.py:540} INFO - Filling up the DagBag from /opt/airflow/dags/inegi_scraper_dag.py
[2026-05-29T12:41:01.354+0000] {processor.py:840} INFO - DAG(s) 'inegi_scraper' retrieved from /opt/airflow/dags/inegi_scraper_dag.py
[2026-05-29T12:41:01.695+0000] {logging_mixin.py:188} INFO - [2026-05-29T12:41:01.680+0000] {dag.py:3047} INFO - Sync 1 DAGs
[2026-05-29T12:41:02.077+0000] {logging_mixin.py:188} INFO - [2026-05-29T12:41:02.076+0000] {dag.py:3834} INFO - Setting next_dagrun for inegi_scraper to 2026-05-29 00:00:00+00:00, run_after=2026-05-30 00:00:00+00:00
[2026-05-29T12:41:02.138+0000] {processor.py:183} INFO - Processing /opt/airflow/dags/inegi_scraper_dag.py took 1.069 seconds
[2026-05-29T12:41:33.425+0000] {processor.py:161} INFO - Started process (PID=4366) to work on /opt/airflow/dags/inegi_scraper_dag.py
[2026-05-29T12:41:33.446+0000] {processor.py:830} INFO - Processing file /opt/airflow/dags/inegi_scraper_dag.py for tasks to queue
[2026-05-29T12:41:33.455+0000] {logging_mixin.py:188} INFO - [2026-05-29T12:41:33.453+0000] {dagbag.py:540} INFO - Filling up the DagBag from /opt/airflow/dags/inegi_scraper_dag.py
[2026-05-29T12:41:33.628+0000] {processor.py:840} INFO - DAG(s) 'inegi_scraper' retrieved from /opt/airflow/dags/inegi_scraper_dag.py
[2026-05-29T12:41:33.943+0000] {logging_mixin.py:188} INFO - [2026-05-29T12:41:33.942+0000] {dag.py:3047} INFO - Sync 1 DAGs
[2026-05-29T12:41:34.301+0000] {logging_mixin.py:188} INFO - [2026-05-29T12:41:34.300+0000] {dag.py:3834} INFO - Setting next_dagrun for inegi_scraper to 2026-05-29 00:00:00+00:00, run_after=2026-05-30 00:00:00+00:00
[2026-05-29T12:41:34.512+0000] {processor.py:183} INFO - Processing /opt/airflow/dags/inegi_scraper_dag.py took 1.137 seconds
[2026-05-29T12:42:06.987+0000] {processor.py:161} INFO - Started process (PID=4403) to work on /opt/airflow/dags/inegi_scraper_dag.py
[2026-05-29T12:42:06.997+0000] {processor.py:830} INFO - Processing file /opt/airflow/dags/inegi_scraper_dag.py for tasks to queue
[2026-05-29T12:42:07.008+0000] {logging_mixin.py:188} INFO - [2026-05-29T12:42:07.007+0000] {dagbag.py:540} INFO - Filling up the DagBag from /opt/airflow/dags/inegi_scraper_dag.py
[2026-05-29T12:42:07.515+0000] {processor.py:840} INFO - DAG(s) 'inegi_scraper' retrieved from /opt/airflow/dags/inegi_scraper_dag.py
[2026-05-29T12:42:07.723+0000] {logging_mixin.py:188} INFO - [2026-05-29T12:42:07.722+0000] {dag.py:3047} INFO - Sync 1 DAGs
[2026-05-29T12:42:09.608+0000] {logging_mixin.py:188} INFO - [2026-05-29T12:42:09.607+0000] {dag.py:3834} INFO - Setting next_dagrun for inegi_scraper to 2026-05-29 00:00:00+00:00, run_after=2026-05-30 00:00:00+00:00
[2026-05-29T12:42:09.865+0000] {processor.py:183} INFO - Processing /opt/airflow/dags/inegi_scraper_dag.py took 2.896 seconds
[2026-05-29T12:42:43.848+0000] {processor.py:161} INFO - Started process (PID=4433) to work on /opt/airflow/dags/inegi_scraper_dag.py
[2026-05-29T12:42:43.887+0000] {processor.py:830} INFO - Processing file /opt/airflow/dags/inegi_scraper_dag.py for tasks to queue
[2026-05-29T12:42:43.914+0000] {logging_mixin.py:188} INFO - [2026-05-29T12:42:43.913+0000] {dagbag.py:540} INFO - Filling up the DagBag from /opt/airflow/dags/inegi_scraper_dag.py
[2026-05-29T12:42:45.434+0000] {processor.py:840} INFO - DAG(s) 'inegi_scraper' retrieved from /opt/airflow/dags/inegi_scraper_dag.py
[2026-05-29T12:42:45.637+0000] {logging_mixin.py:188} INFO - [2026-05-29T12:42:45.636+0000] {dag.py:3047} INFO - Sync 1 DAGs
[2026-05-29T12:42:45.897+0000] {logging_mixin.py:188} INFO - [2026-05-29T12:42:45.896+0000] {dag.py:3834} INFO - Setting next_dagrun for inegi_scraper to 2026-05-29 00:00:00+00:00, run_after=2026-05-30 00:00:00+00:00
[2026-05-29T12:42:46.150+0000] {processor.py:183} INFO - Processing /opt/airflow/dags/inegi_scraper_dag.py took 2.320 seconds
[2026-05-29T12:43:18.043+0000] {processor.py:161} INFO - Started process (PID=4463) to work on /opt/airflow/dags/inegi_scraper_dag.py
[2026-05-29T12:43:18.064+0000] {processor.py:830} INFO - Processing file /opt/airflow/dags/inegi_scraper_dag.py for tasks to queue
[2026-05-29T12:43:18.078+0000] {logging_mixin.py:188} INFO - [2026-05-29T12:43:18.077+0000] {dagbag.py:540} INFO - Filling up the DagBag from /opt/airflow/dags/inegi_scraper_dag.py
[2026-05-29T12:43:18.966+0000] {processor.py:840} INFO - DAG(s) 'inegi_scraper' retrieved from /opt/airflow/dags/inegi_scraper_dag.py
[2026-05-29T12:43:19.509+0000] {logging_mixin.py:188} INFO - [2026-05-29T12:43:19.464+0000] {dag.py:3047} INFO - Sync 1 DAGs
[2026-05-29T12:43:20.096+0000] {logging_mixin.py:188} INFO - [2026-05-29T12:43:20.095+0000] {dag.py:3834} INFO - Setting next_dagrun for inegi_scraper to 2026-05-29 00:00:00+00:00, run_after=2026-05-30 00:00:00+00:00
[2026-05-29T12:43:20.827+0000] {processor.py:183} INFO - Processing /opt/airflow/dags/inegi_scraper_dag.py took 2.817 seconds
[2026-05-29T12:43:55.904+0000] {processor.py:161} INFO - Started process (PID=4493) to work on /opt/airflow/dags/inegi_scraper_dag.py
[2026-05-29T12:43:55.917+0000] {processor.py:830} INFO - Processing file /opt/airflow/dags/inegi_scraper_dag.py for tasks to queue
[2026-05-29T12:43:55.929+0000] {logging_mixin.py:188} INFO - [2026-05-29T12:43:55.928+0000] {dagbag.py:540} INFO - Filling up the DagBag from /opt/airflow/dags/inegi_scraper_dag.py
[2026-05-29T12:43:56.300+0000] {processor.py:840} INFO - DAG(s) 'inegi_scraper' retrieved from /opt/airflow/dags/inegi_scraper_dag.py
[2026-05-29T12:43:56.541+0000] {logging_mixin.py:188} INFO - [2026-05-29T12:43:56.540+0000] {dag.py:3047} INFO - Sync 1 DAGs
[2026-05-29T12:43:56.798+0000] {logging_mixin.py:188} INFO - [2026-05-29T12:43:56.797+0000] {dag.py:3834} INFO - Setting next_dagrun for inegi_scraper to 2026-05-29 00:00:00+00:00, run_after=2026-05-30 00:00:00+00:00
[2026-05-29T12:43:57.099+0000] {processor.py:183} INFO - Processing /opt/airflow/dags/inegi_scraper_dag.py took 1.216 seconds
[2026-05-29T12:44:28.443+0000] {processor.py:161} INFO - Started process (PID=4523) to work on /opt/airflow/dags/inegi_scraper_dag.py
[2026-05-29T12:44:28.456+0000] {processor.py:830} INFO - Processing file /opt/airflow/dags/inegi_scraper_dag.py for tasks to queue
[2026-05-29T12:44:28.460+0000] {logging_mixin.py:188} INFO - [2026-05-29T12:44:28.459+0000] {dagbag.py:540} INFO - Filling up the DagBag from /opt/airflow/dags/inegi_scraper_dag.py
[2026-05-29T12:44:28.794+0000] {processor.py:840} INFO - DAG(s) 'inegi_scraper' retrieved from /opt/airflow/dags/inegi_scraper_dag.py
[2026-05-29T12:44:29.022+0000] {logging_mixin.py:188} INFO - [2026-05-29T12:44:29.021+0000] {dag.py:3047} INFO - Sync 1 DAGs
[2026-05-29T12:44:29.256+0000] {logging_mixin.py:188} INFO - [2026-05-29T12:44:29.244+0000] {dag.py:3834} INFO - Setting next_dagrun for inegi_scraper to 2026-05-29 00:00:00+00:00, run_after=2026-05-30 00:00:00+00:00
[2026-05-29T12:44:29.490+0000] {processor.py:183} INFO - Processing /opt/airflow/dags/inegi_scraper_dag.py took 1.067 seconds
[2026-05-29T12:45:01.024+0000] {processor.py:161} INFO - Started process (PID=4553) to work on /opt/airflow/dags/inegi_scraper_dag.py
[2026-05-29T12:45:01.043+0000] {processor.py:830} INFO - Processing file /opt/airflow/dags/inegi_scraper_dag.py for tasks to queue
[2026-05-29T12:45:01.086+0000] {logging_mixin.py:188} INFO - [2026-05-29T12:45:01.085+0000] {dagbag.py:540} INFO - Filling up the DagBag from /opt/airflow/dags/inegi_scraper_dag.py
[2026-05-29T12:45:01.371+0000] {processor.py:840} INFO - DAG(s) 'inegi_scraper' retrieved from /opt/airflow/dags/inegi_scraper_dag.py
[2026-05-29T12:45:01.938+0000] {logging_mixin.py:188} INFO - [2026-05-29T12:45:01.937+0000] {dag.py:3047} INFO - Sync 1 DAGs
[2026-05-29T12:45:02.833+0000] {logging_mixin.py:188} INFO - [2026-05-29T12:45:02.831+0000] {dag.py:3834} INFO - Setting next_dagrun for inegi_scraper to 2026-05-29 00:00:00+00:00, run_after=2026-05-30 00:00:00+00:00
[2026-05-29T12:45:02.941+0000] {processor.py:183} INFO - Processing /opt/airflow/dags/inegi_scraper_dag.py took 1.969 seconds
[2026-05-29T12:45:33.588+0000] {processor.py:161} INFO - Started process (PID=4583) to work on /opt/airflow/dags/inegi_scraper_dag.py
[2026-05-29T12:45:33.592+0000] {processor.py:830} INFO - Processing file /opt/airflow/dags/inegi_scraper_dag.py for tasks to queue
[2026-05-29T12:45:33.595+0000] {logging_mixin.py:188} INFO - [2026-05-29T12:45:33.594+0000] {dagbag.py:540} INFO - Filling up the DagBag from /opt/airflow/dags/inegi_scraper_dag.py
[2026-05-29T12:45:33.654+0000] {processor.py:840} INFO - DAG(s) 'inegi_scraper' retrieved from /opt/airflow/dags/inegi_scraper_dag.py
[2026-05-29T12:45:33.754+0000] {logging_mixin.py:188} INFO - [2026-05-29T12:45:33.754+0000] {dag.py:3047} INFO - Sync 1 DAGs
[2026-05-29T12:45:33.839+0000] {logging_mixin.py:188} INFO - [2026-05-29T12:45:33.838+0000] {dag.py:3834} INFO - Setting next_dagrun for inegi_scraper to 2026-05-29 00:00:00+00:00, run_after=2026-05-30 00:00:00+00:00
[2026-05-29T12:45:33.902+0000] {processor.py:183} INFO - Processing /opt/airflow/dags/inegi_scraper_dag.py took 0.326 seconds
[2026-05-29T12:46:04.668+0000] {processor.py:161} INFO - Started process (PID=4613) to work on /opt/airflow/dags/inegi_scraper_dag.py
[2026-05-29T12:46:04.696+0000] {processor.py:830} INFO - Processing file /opt/airflow/dags/inegi_scraper_dag.py for tasks to queue
[2026-05-29T12:46:04.715+0000] {logging_mixin.py:188} INFO - [2026-05-29T12:46:04.714+0000] {dagbag.py:540} INFO - Filling up the DagBag from /opt/airflow/dags/inegi_scraper_dag.py
[2026-05-29T12:46:05.262+0000] {processor.py:840} INFO - DAG(s) 'inegi_scraper' retrieved from /opt/airflow/dags/inegi_scraper_dag.py
[2026-05-29T12:46:05.438+0000] {logging_mixin.py:188} INFO - [2026-05-29T12:46:05.437+0000] {dag.py:3047} INFO - Sync 1 DAGs
[2026-05-29T12:46:05.629+0000] {logging_mixin.py:188} INFO - [2026-05-29T12:46:05.628+0000] {dag.py:3834} INFO - Setting next_dagrun for inegi_scraper to 2026-05-29 00:00:00+00:00, run_after=2026-05-30 00:00:00+00:00
[2026-05-29T12:46:05.911+0000] {processor.py:183} INFO - Processing /opt/airflow/dags/inegi_scraper_dag.py took 1.310 seconds
[2026-05-29T12:46:36.087+0000] {processor.py:161} INFO - Started process (PID=4643) to work on /opt/airflow/dags/inegi_scraper_dag.py
[2026-05-29T12:46:36.092+0000] {processor.py:830} INFO - Processing file /opt/airflow/dags/inegi_scraper_dag.py for tasks to queue
[2026-05-29T12:46:36.096+0000] {logging_mixin.py:188} INFO - [2026-05-29T12:46:36.094+0000] {dagbag.py:540} INFO - Filling up the DagBag from /opt/airflow/dags/inegi_scraper_dag.py
[2026-05-29T12:46:36.166+0000] {processor.py:840} INFO - DAG(s) 'inegi_scraper' retrieved from /opt/airflow/dags/inegi_scraper_dag.py
[2026-05-29T12:46:36.248+0000] {logging_mixin.py:188} INFO - [2026-05-29T12:46:36.247+0000] {dag.py:3047} INFO - Sync 1 DAGs
[2026-05-29T12:46:36.321+0000] {logging_mixin.py:188} INFO - [2026-05-29T12:46:36.321+0000] {dag.py:3834} INFO - Setting next_dagrun for inegi_scraper to 2026-05-29 00:00:00+00:00, run_after=2026-05-30 00:00:00+00:00
[2026-05-29T12:46:36.380+0000] {processor.py:183} INFO - Processing /opt/airflow/dags/inegi_scraper_dag.py took 0.308 seconds
[2026-05-29T12:47:07.324+0000] {processor.py:161} INFO - Started process (PID=4673) to work on /opt/airflow/dags/inegi_scraper_dag.py
[2026-05-29T12:47:07.330+0000] {processor.py:830} INFO - Processing file /opt/airflow/dags/inegi_scraper_dag.py for tasks to queue
[2026-05-29T12:47:07.334+0000] {logging_mixin.py:188} INFO - [2026-05-29T12:47:07.333+0000] {dagbag.py:540} INFO - Filling up the DagBag from /opt/airflow/dags/inegi_scraper_dag.py
[2026-05-29T12:47:07.405+0000] {processor.py:840} INFO - DAG(s) 'inegi_scraper' retrieved from /opt/airflow/dags/inegi_scraper_dag.py
[2026-05-29T12:47:07.490+0000] {logging_mixin.py:188} INFO - [2026-05-29T12:47:07.490+0000] {dag.py:3047} INFO - Sync 1 DAGs
[2026-05-29T12:47:07.560+0000] {logging_mixin.py:188} INFO - [2026-05-29T12:47:07.559+0000] {dag.py:3834} INFO - Setting next_dagrun for inegi_scraper to 2026-05-29 00:00:00+00:00, run_after=2026-05-30 00:00:00+00:00
[2026-05-29T12:47:07.856+0000] {processor.py:183} INFO - Processing /opt/airflow/dags/inegi_scraper_dag.py took 0.547 seconds
[2026-05-29T12:47:38.808+0000] {processor.py:161} INFO - Started process (PID=4703) to work on /opt/airflow/dags/inegi_scraper_dag.py
[2026-05-29T12:47:38.811+0000] {processor.py:830} INFO - Processing file /opt/airflow/dags/inegi_scraper_dag.py for tasks to queue
[2026-05-29T12:47:38.815+0000] {logging_mixin.py:188} INFO - [2026-05-29T12:47:38.814+0000] {dagbag.py:540} INFO - Filling up the DagBag from /opt/airflow/dags/inegi_scraper_dag.py
[2026-05-29T12:47:38.924+0000] {processor.py:840} INFO - DAG(s) 'inegi_scraper' retrieved from /opt/airflow/dags/inegi_scraper_dag.py
[2026-05-29T12:47:39.012+0000] {logging_mixin.py:188} INFO - [2026-05-29T12:47:39.012+0000] {dag.py:3047} INFO - Sync 1 DAGs
[2026-05-29T12:47:39.081+0000] {logging_mixin.py:188} INFO - [2026-05-29T12:47:39.079+0000] {dag.py:3834} INFO - Setting next_dagrun for inegi_scraper to 2026-05-29 00:00:00+00:00, run_after=2026-05-30 00:00:00+00:00
[2026-05-29T12:47:39.134+0000] {processor.py:183} INFO - Processing /opt/airflow/dags/inegi_scraper_dag.py took 0.339 seconds
[2026-05-29T12:48:09.808+0000] {processor.py:161} INFO - Started process (PID=4733) to work on /opt/airflow/dags/inegi_scraper_dag.py
[2026-05-29T12:48:09.812+0000] {processor.py:830} INFO - Processing file /opt/airflow/dags/inegi_scraper_dag.py for tasks to queue
[2026-05-29T12:48:09.824+0000] {logging_mixin.py:188} INFO - [2026-05-29T12:48:09.822+0000] {dagbag.py:540} INFO - Filling up the DagBag from /opt/airflow/dags/inegi_scraper_dag.py
[2026-05-29T12:48:09.966+0000] {processor.py:840} INFO - DAG(s) 'inegi_scraper' retrieved from /opt/airflow/dags/inegi_scraper_dag.py
[2026-05-29T12:48:10.108+0000] {logging_mixin.py:188} INFO - [2026-05-29T12:48:10.108+0000] {dag.py:3047} INFO - Sync 1 DAGs
[2026-05-29T12:48:10.175+0000] {logging_mixin.py:188} INFO - [2026-05-29T12:48:10.174+0000] {dag.py:3834} INFO - Setting next_dagrun for inegi_scraper to 2026-05-29 00:00:00+00:00, run_after=2026-05-30 00:00:00+00:00
[2026-05-29T12:48:10.227+0000] {processor.py:183} INFO - Processing /opt/airflow/dags/inegi_scraper_dag.py took 0.441 seconds
[2026-05-29T12:48:40.450+0000] {processor.py:161} INFO - Started process (PID=4763) to work on /opt/airflow/dags/inegi_scraper_dag.py
[2026-05-29T12:48:40.454+0000] {processor.py:830} INFO - Processing file /opt/airflow/dags/inegi_scraper_dag.py for tasks to queue
[2026-05-29T12:48:40.458+0000] {logging_mixin.py:188} INFO - [2026-05-29T12:48:40.456+0000] {dagbag.py:540} INFO - Filling up the DagBag from /opt/airflow/dags/inegi_scraper_dag.py
[2026-05-29T12:48:40.531+0000] {processor.py:840} INFO - DAG(s) 'inegi_scraper' retrieved from /opt/airflow/dags/inegi_scraper_dag.py
[2026-05-29T12:48:40.613+0000] {logging_mixin.py:188} INFO - [2026-05-29T12:48:40.612+0000] {dag.py:3047} INFO - Sync 1 DAGs
[2026-05-29T12:48:40.679+0000] {logging_mixin.py:188} INFO - [2026-05-29T12:48:40.678+0000] {dag.py:3834} INFO - Setting next_dagrun for inegi_scraper to 2026-05-29 00:00:00+00:00, run_after=2026-05-30 00:00:00+00:00
[2026-05-29T12:48:40.729+0000] {processor.py:183} INFO - Processing /opt/airflow/dags/inegi_scraper_dag.py took 0.293 seconds
[2026-05-29T12:49:10.888+0000] {processor.py:161} INFO - Started process (PID=4793) to work on /opt/airflow/dags/inegi_scraper_dag.py
[2026-05-29T12:49:10.891+0000] {processor.py:830} INFO - Processing file /opt/airflow/dags/inegi_scraper_dag.py for tasks to queue
[2026-05-29T12:49:10.895+0000] {logging_mixin.py:188} INFO - [2026-05-29T12:49:10.894+0000] {dagbag.py:540} INFO - Filling up the DagBag from /opt/airflow/dags/inegi_scraper_dag.py
[2026-05-29T12:49:10.949+0000] {processor.py:840} INFO - DAG(s) 'inegi_scraper' retrieved from /opt/airflow/dags/inegi_scraper_dag.py
[2026-05-29T12:49:11.022+0000] {logging_mixin.py:188} INFO - [2026-05-29T12:49:11.021+0000] {dag.py:3047} INFO - Sync 1 DAGs
[2026-05-29T12:49:11.084+0000] {logging_mixin.py:188} INFO - [2026-05-29T12:49:11.083+0000] {dag.py:3834} INFO - Setting next_dagrun for inegi_scraper to 2026-05-29 00:00:00+00:00, run_after=2026-05-30 00:00:00+00:00
[2026-05-29T12:49:11.145+0000] {processor.py:183} INFO - Processing /opt/airflow/dags/inegi_scraper_dag.py took 0.267 seconds
[2026-05-29T12:49:42.129+0000] {processor.py:161} INFO - Started process (PID=4823) to work on /opt/airflow/dags/inegi_scraper_dag.py
[2026-05-29T12:49:42.136+0000] {processor.py:830} INFO - Processing file /opt/airflow/dags/inegi_scraper_dag.py for tasks to queue
[2026-05-29T12:49:42.141+0000] {logging_mixin.py:188} INFO - [2026-05-29T12:49:42.140+0000] {dagbag.py:540} INFO - Filling up the DagBag from /opt/airflow/dags/inegi_scraper_dag.py
[2026-05-29T12:49:42.220+0000] {processor.py:840} INFO - DAG(s) 'inegi_scraper' retrieved from /opt/airflow/dags/inegi_scraper_dag.py
[2026-05-29T12:49:42.301+0000] {logging_mixin.py:188} INFO - [2026-05-29T12:49:42.300+0000] {dag.py:3047} INFO - Sync 1 DAGs
[2026-05-29T12:49:42.371+0000] {logging_mixin.py:188} INFO - [2026-05-29T12:49:42.370+0000] {dag.py:3834} INFO - Setting next_dagrun for inegi_scraper to 2026-05-29 00:00:00+00:00, run_after=2026-05-30 00:00:00+00:00
[2026-05-29T12:49:42.469+0000] {processor.py:183} INFO - Processing /opt/airflow/dags/inegi_scraper_dag.py took 0.352 seconds
[2026-05-29T12:50:12.930+0000] {processor.py:161} INFO - Started process (PID=4853) to work on /opt/airflow/dags/inegi_scraper_dag.py
[2026-05-29T12:50:12.934+0000] {processor.py:830} INFO - Processing file /opt/airflow/dags/inegi_scraper_dag.py for tasks to queue
[2026-05-29T12:50:12.939+0000] {logging_mixin.py:188} INFO - [2026-05-29T12:50:12.937+0000] {dagbag.py:540} INFO - Filling up the DagBag from /opt/airflow/dags/inegi_scraper_dag.py
[2026-05-29T12:50:13.015+0000] {processor.py:840} INFO - DAG(s) 'inegi_scraper' retrieved from /opt/airflow/dags/inegi_scraper_dag.py
[2026-05-29T12:50:13.099+0000] {logging_mixin.py:188} INFO - [2026-05-29T12:50:13.099+0000] {dag.py:3047} INFO - Sync 1 DAGs
[2026-05-29T12:50:13.167+0000] {logging_mixin.py:188} INFO - [2026-05-29T12:50:13.166+0000] {dag.py:3834} INFO - Setting next_dagrun for inegi_scraper to 2026-05-29 00:00:00+00:00, run_after=2026-05-30 00:00:00+00:00
[2026-05-29T12:50:13.232+0000] {processor.py:183} INFO - Processing /opt/airflow/dags/inegi_scraper_dag.py took 0.313 seconds
[2026-05-29T12:50:43.827+0000] {processor.py:161} INFO - Started process (PID=4883) to work on /opt/airflow/dags/inegi_scraper_dag.py
[2026-05-29T12:50:43.831+0000] {processor.py:830} INFO - Processing file /opt/airflow/dags/inegi_scraper_dag.py for tasks to queue
[2026-05-29T12:50:43.837+0000] {logging_mixin.py:188} INFO - [2026-05-29T12:50:43.835+0000] {dagbag.py:540} INFO - Filling up the DagBag from /opt/airflow/dags/inegi_scraper_dag.py
[2026-05-29T12:50:43.919+0000] {processor.py:840} INFO - DAG(s) 'inegi_scraper' retrieved from /opt/airflow/dags/inegi_scraper_dag.py
[2026-05-29T12:50:44.001+0000] {logging_mixin.py:188} INFO - [2026-05-29T12:50:44.001+0000] {dag.py:3047} INFO - Sync 1 DAGs
[2026-05-29T12:50:44.085+0000] {logging_mixin.py:188} INFO - [2026-05-29T12:50:44.084+0000] {dag.py:3834} INFO - Setting next_dagrun for inegi_scraper to 2026-05-29 00:00:00+00:00, run_after=2026-05-30 00:00:00+00:00
[2026-05-29T12:50:44.250+0000] {processor.py:183} INFO - Processing /opt/airflow/dags/inegi_scraper_dag.py took 0.433 seconds
[2026-05-29T12:51:15.171+0000] {processor.py:161} INFO - Started process (PID=4913) to work on /opt/airflow/dags/inegi_scraper_dag.py
[2026-05-29T12:51:15.186+0000] {processor.py:830} INFO - Processing file /opt/airflow/dags/inegi_scraper_dag.py for tasks to queue
[2026-05-29T12:51:15.191+0000] {logging_mixin.py:188} INFO - [2026-05-29T12:51:15.190+0000] {dagbag.py:540} INFO - Filling up the DagBag from /opt/airflow/dags/inegi_scraper_dag.py
[2026-05-29T12:51:15.354+0000] {processor.py:840} INFO - DAG(s) 'inegi_scraper' retrieved from /opt/airflow/dags/inegi_scraper_dag.py
[2026-05-29T12:51:15.739+0000] {logging_mixin.py:188} INFO - [2026-05-29T12:51:15.739+0000] {dag.py:3047} INFO - Sync 1 DAGs
[2026-05-29T12:51:16.142+0000] {logging_mixin.py:188} INFO - [2026-05-29T12:51:16.129+0000] {dag.py:3834} INFO - Setting next_dagrun for inegi_scraper to 2026-05-29 00:00:00+00:00, run_after=2026-05-30 00:00:00+00:00
[2026-05-29T12:51:16.377+0000] {processor.py:183} INFO - Processing /opt/airflow/dags/inegi_scraper_dag.py took 1.226 seconds
[2026-05-29T12:51:46.698+0000] {processor.py:161} INFO - Started process (PID=4943) to work on /opt/airflow/dags/inegi_scraper_dag.py
[2026-05-29T12:51:46.702+0000] {processor.py:830} INFO - Processing file /opt/airflow/dags/inegi_scraper_dag.py for tasks to queue
[2026-05-29T12:51:46.706+0000] {logging_mixin.py:188} INFO - [2026-05-29T12:51:46.705+0000] {dagbag.py:540} INFO - Filling up the DagBag from /opt/airflow/dags/inegi_scraper_dag.py
[2026-05-29T12:51:46.782+0000] {processor.py:840} INFO - DAG(s) 'inegi_scraper' retrieved from /opt/airflow/dags/inegi_scraper_dag.py
[2026-05-29T12:51:46.871+0000] {logging_mixin.py:188} INFO - [2026-05-29T12:51:46.871+0000] {dag.py:3047} INFO - Sync 1 DAGs
[2026-05-29T12:51:46.938+0000] {logging_mixin.py:188} INFO - [2026-05-29T12:51:46.938+0000] {dag.py:3834} INFO - Setting next_dagrun for inegi_scraper to 2026-05-29 00:00:00+00:00, run_after=2026-05-30 00:00:00+00:00
[2026-05-29T12:51:47.009+0000] {processor.py:183} INFO - Processing /opt/airflow/dags/inegi_scraper_dag.py took 0.327 seconds
[2026-05-29T12:52:18.046+0000] {processor.py:161} INFO - Started process (PID=4973) to work on /opt/airflow/dags/inegi_scraper_dag.py
[2026-05-29T12:52:18.051+0000] {processor.py:830} INFO - Processing file /opt/airflow/dags/inegi_scraper_dag.py for tasks to queue
[2026-05-29T12:52:18.055+0000] {logging_mixin.py:188} INFO - [2026-05-29T12:52:18.054+0000] {dagbag.py:540} INFO - Filling up the DagBag from /opt/airflow/dags/inegi_scraper_dag.py
[2026-05-29T12:52:18.154+0000] {processor.py:840} INFO - DAG(s) 'inegi_scraper' retrieved from /opt/airflow/dags/inegi_scraper_dag.py
[2026-05-29T12:52:18.293+0000] {logging_mixin.py:188} INFO - [2026-05-29T12:52:18.290+0000] {dag.py:3047} INFO - Sync 1 DAGs
[2026-05-29T12:52:18.423+0000] {logging_mixin.py:188} INFO - [2026-05-29T12:52:18.422+0000] {dag.py:3834} INFO - Setting next_dagrun for inegi_scraper to 2026-05-29 00:00:00+00:00, run_after=2026-05-30 00:00:00+00:00
[2026-05-29T12:52:18.496+0000] {processor.py:183} INFO - Processing /opt/airflow/dags/inegi_scraper_dag.py took 0.465 seconds
[2026-05-29T12:53:00.538+0000] {processor.py:161} INFO - Started process (PID=5003) to work on /opt/airflow/dags/inegi_scraper_dag.py
[2026-05-29T12:53:00.552+0000] {processor.py:830} INFO - Processing file /opt/airflow/dags/inegi_scraper_dag.py for tasks to queue
[2026-05-29T12:53:00.556+0000] {logging_mixin.py:188} INFO - [2026-05-29T12:53:00.555+0000] {dagbag.py:540} INFO - Filling up the DagBag from /opt/airflow/dags/inegi_scraper_dag.py
[2026-05-29T12:53:00.730+0000] {processor.py:840} INFO - DAG(s) 'inegi_scraper' retrieved from /opt/airflow/dags/inegi_scraper_dag.py
[2026-05-29T12:53:01.038+0000] {logging_mixin.py:188} INFO - [2026-05-29T12:53:01.037+0000] {dag.py:3047} INFO - Sync 1 DAGs
[2026-05-29T12:53:01.268+0000] {logging_mixin.py:188} INFO - [2026-05-29T12:53:01.262+0000] {dag.py:3834} INFO - Setting next_dagrun for inegi_scraper to 2026-05-29 00:00:00+00:00, run_after=2026-05-30 00:00:00+00:00
[2026-05-29T12:53:01.756+0000] {processor.py:183} INFO - Processing /opt/airflow/dags/inegi_scraper_dag.py took 1.238 seconds
[2026-05-29T12:53:33.068+0000] {processor.py:161} INFO - Started process (PID=5033) to work on /opt/airflow/dags/inegi_scraper_dag.py
[2026-05-29T12:53:33.083+0000] {processor.py:830} INFO - Processing file /opt/airflow/dags/inegi_scraper_dag.py for tasks to queue
[2026-05-29T12:53:33.095+0000] {logging_mixin.py:188} INFO - [2026-05-29T12:53:33.094+0000] {dagbag.py:540} INFO - Filling up the DagBag from /opt/airflow/dags/inegi_scraper_dag.py
[2026-05-29T12:53:33.306+0000] {processor.py:840} INFO - DAG(s) 'inegi_scraper' retrieved from /opt/airflow/dags/inegi_scraper_dag.py
[2026-05-29T12:53:33.440+0000] {logging_mixin.py:188} INFO - [2026-05-29T12:53:33.439+0000] {dag.py:3047} INFO - Sync 1 DAGs
[2026-05-29T12:53:33.572+0000] {logging_mixin.py:188} INFO - [2026-05-29T12:53:33.572+0000] {dag.py:3834} INFO - Setting next_dagrun for inegi_scraper to 2026-05-29 00:00:00+00:00, run_after=2026-05-30 00:00:00+00:00
[2026-05-29T12:53:33.644+0000] {processor.py:183} INFO - Processing /opt/airflow/dags/inegi_scraper_dag.py took 0.595 seconds
[2026-05-29T12:54:10.536+0000] {processor.py:161} INFO - Started process (PID=5063) to work on /opt/airflow/dags/inegi_scraper_dag.py
[2026-05-29T12:54:10.540+0000] {processor.py:830} INFO - Processing file /opt/airflow/dags/inegi_scraper_dag.py for tasks to queue
[2026-05-29T12:54:10.553+0000] {logging_mixin.py:188} INFO - [2026-05-29T12:54:10.552+0000] {dagbag.py:540} INFO - Filling up the DagBag from /opt/airflow/dags/inegi_scraper_dag.py
[2026-05-29T12:54:10.895+0000] {processor.py:840} INFO - DAG(s) 'inegi_scraper' retrieved from /opt/airflow/dags/inegi_scraper_dag.py
[2026-05-29T12:54:11.323+0000] {logging_mixin.py:188} INFO - [2026-05-29T12:54:11.322+0000] {dag.py:3047} INFO - Sync 1 DAGs
[2026-05-29T12:54:11.512+0000] {logging_mixin.py:188} INFO - [2026-05-29T12:54:11.502+0000] {dag.py:3834} INFO - Setting next_dagrun for inegi_scraper to 2026-05-29 00:00:00+00:00, run_after=2026-05-30 00:00:00+00:00
[2026-05-29T12:54:12.261+0000] {processor.py:183} INFO - Processing /opt/airflow/dags/inegi_scraper_dag.py took 1.745 seconds
[2026-05-29T12:54:43.484+0000] {processor.py:161} INFO - Started process (PID=5093) to work on /opt/airflow/dags/inegi_scraper_dag.py
[2026-05-29T12:54:43.497+0000] {processor.py:830} INFO - Processing file /opt/airflow/dags/inegi_scraper_dag.py for tasks to queue
[2026-05-29T12:54:43.500+0000] {logging_mixin.py:188} INFO - [2026-05-29T12:54:43.499+0000] {dagbag.py:540} INFO - Filling up the DagBag from /opt/airflow/dags/inegi_scraper_dag.py
[2026-05-29T12:54:43.600+0000] {processor.py:840} INFO - DAG(s) 'inegi_scraper' retrieved from /opt/airflow/dags/inegi_scraper_dag.py
[2026-05-29T12:54:43.769+0000] {logging_mixin.py:188} INFO - [2026-05-29T12:54:43.768+0000] {dag.py:3047} INFO - Sync 1 DAGs
[2026-05-29T12:54:43.883+0000] {logging_mixin.py:188} INFO - [2026-05-29T12:54:43.871+0000] {dag.py:3834} INFO - Setting next_dagrun for inegi_scraper to 2026-05-29 00:00:00+00:00, run_after=2026-05-30 00:00:00+00:00
[2026-05-29T12:54:44.004+0000] {processor.py:183} INFO - Processing /opt/airflow/dags/inegi_scraper_dag.py took 0.541 seconds
[2026-05-29T12:55:14.801+0000] {processor.py:161} INFO - Started process (PID=5123) to work on /opt/airflow/dags/inegi_scraper_dag.py
[2026-05-29T12:55:14.804+0000] {processor.py:830} INFO - Processing file /opt/airflow/dags/inegi_scraper_dag.py for tasks to queue
[2026-05-29T12:55:14.807+0000] {logging_mixin.py:188} INFO - [2026-05-29T12:55:14.806+0000] {dagbag.py:540} INFO - Filling up the DagBag from /opt/airflow/dags/inegi_scraper_dag.py
[2026-05-29T12:55:14.877+0000] {processor.py:840} INFO - DAG(s) 'inegi_scraper' retrieved from /opt/airflow/dags/inegi_scraper_dag.py
[2026-05-29T12:55:14.945+0000] {logging_mixin.py:188} INFO - [2026-05-29T12:55:14.945+0000] {dag.py:3047} INFO - Sync 1 DAGs
[2026-05-29T12:55:15.009+0000] {logging_mixin.py:188} INFO - [2026-05-29T12:55:15.009+0000] {dag.py:3834} INFO - Setting next_dagrun for inegi_scraper to 2026-05-29 00:00:00+00:00, run_after=2026-05-30 00:00:00+00:00
[2026-05-29T12:55:15.074+0000] {processor.py:183} INFO - Processing /opt/airflow/dags/inegi_scraper_dag.py took 0.284 seconds
[2026-05-29T12:55:46.487+0000] {processor.py:161} INFO - Started process (PID=5153) to work on /opt/airflow/dags/inegi_scraper_dag.py
[2026-05-29T12:55:46.491+0000] {processor.py:830} INFO - Processing file /opt/airflow/dags/inegi_scraper_dag.py for tasks to queue
[2026-05-29T12:55:46.501+0000] {logging_mixin.py:188} INFO - [2026-05-29T12:55:46.499+0000] {dagbag.py:540} INFO - Filling up the DagBag from /opt/airflow/dags/inegi_scraper_dag.py
[2026-05-29T12:55:46.757+0000] {processor.py:840} INFO - DAG(s) 'inegi_scraper' retrieved from /opt/airflow/dags/inegi_scraper_dag.py
[2026-05-29T12:55:46.919+0000] {logging_mixin.py:188} INFO - [2026-05-29T12:55:46.918+0000] {dag.py:3047} INFO - Sync 1 DAGs
[2026-05-29T12:55:46.986+0000] {logging_mixin.py:188} INFO - [2026-05-29T12:55:46.985+0000] {dag.py:3834} INFO - Setting next_dagrun for inegi_scraper to 2026-05-29 00:00:00+00:00, run_after=2026-05-30 00:00:00+00:00
[2026-05-29T12:55:47.038+0000] {processor.py:183} INFO - Processing /opt/airflow/dags/inegi_scraper_dag.py took 0.576 seconds
[2026-05-29T12:56:17.258+0000] {processor.py:161} INFO - Started process (PID=5181) to work on /opt/airflow/dags/inegi_scraper_dag.py
[2026-05-29T12:56:17.261+0000] {processor.py:830} INFO - Processing file /opt/airflow/dags/inegi_scraper_dag.py for tasks to queue
[2026-05-29T12:56:17.264+0000] {logging_mixin.py:188} INFO - [2026-05-29T12:56:17.263+0000] {dagbag.py:540} INFO - Filling up the DagBag from /opt/airflow/dags/inegi_scraper_dag.py
[2026-05-29T12:56:17.325+0000] {processor.py:840} INFO - DAG(s) 'inegi_scraper' retrieved from /opt/airflow/dags/inegi_scraper_dag.py
[2026-05-29T12:56:17.401+0000] {logging_mixin.py:188} INFO - [2026-05-29T12:56:17.401+0000] {dag.py:3047} INFO - Sync 1 DAGs
[2026-05-29T12:56:17.523+0000] {logging_mixin.py:188} INFO - [2026-05-29T12:56:17.522+0000] {dag.py:3834} INFO - Setting next_dagrun for inegi_scraper to 2026-05-29 00:00:00+00:00, run_after=2026-05-30 00:00:00+00:00
[2026-05-29T12:56:17.572+0000] {processor.py:183} INFO - Processing /opt/airflow/dags/inegi_scraper_dag.py took 0.326 seconds
[2026-05-29T12:56:48.632+0000] {processor.py:161} INFO - Started process (PID=5211) to work on /opt/airflow/dags/inegi_scraper_dag.py
[2026-05-29T12:56:48.636+0000] {processor.py:830} INFO - Processing file /opt/airflow/dags/inegi_scraper_dag.py for tasks to queue
[2026-05-29T12:56:48.646+0000] {logging_mixin.py:188} INFO - [2026-05-29T12:56:48.645+0000] {dagbag.py:540} INFO - Filling up the DagBag from /opt/airflow/dags/inegi_scraper_dag.py
[2026-05-29T12:56:48.840+0000] {processor.py:840} INFO - DAG(s) 'inegi_scraper' retrieved from /opt/airflow/dags/inegi_scraper_dag.py
[2026-05-29T12:56:48.921+0000] {logging_mixin.py:188} INFO - [2026-05-29T12:56:48.921+0000] {dag.py:3047} INFO - Sync 1 DAGs
[2026-05-29T12:56:48.990+0000] {logging_mixin.py:188} INFO - [2026-05-29T12:56:48.990+0000] {dag.py:3834} INFO - Setting next_dagrun for inegi_scraper to 2026-05-29 00:00:00+00:00, run_after=2026-05-30 00:00:00+00:00
[2026-05-29T12:56:49.077+0000] {processor.py:183} INFO - Processing /opt/airflow/dags/inegi_scraper_dag.py took 0.456 seconds
[2026-05-29T12:57:19.773+0000] {processor.py:161} INFO - Started process (PID=5241) to work on /opt/airflow/dags/inegi_scraper_dag.py
[2026-05-29T12:57:19.777+0000] {processor.py:830} INFO - Processing file /opt/airflow/dags/inegi_scraper_dag.py for tasks to queue
[2026-05-29T12:57:19.780+0000] {logging_mixin.py:188} INFO - [2026-05-29T12:57:19.779+0000] {dagbag.py:540} INFO - Filling up the DagBag from /opt/airflow/dags/inegi_scraper_dag.py
[2026-05-29T12:57:19.852+0000] {processor.py:840} INFO - DAG(s) 'inegi_scraper' retrieved from /opt/airflow/dags/inegi_scraper_dag.py
[2026-05-29T12:57:19.958+0000] {logging_mixin.py:188} INFO - [2026-05-29T12:57:19.957+0000] {dag.py:3047} INFO - Sync 1 DAGs
[2026-05-29T12:57:20.032+0000] {logging_mixin.py:188} INFO - [2026-05-29T12:57:20.031+0000] {dag.py:3834} INFO - Setting next_dagrun for inegi_scraper to 2026-05-29 00:00:00+00:00, run_after=2026-05-30 00:00:00+00:00
[2026-05-29T12:57:20.092+0000] {processor.py:183} INFO - Processing /opt/airflow/dags/inegi_scraper_dag.py took 0.331 seconds
[2026-05-29T12:57:51.489+0000] {processor.py:161} INFO - Started process (PID=5271) to work on /opt/airflow/dags/inegi_scraper_dag.py
[2026-05-29T12:57:51.505+0000] {processor.py:830} INFO - Processing file /opt/airflow/dags/inegi_scraper_dag.py for tasks to queue
[2026-05-29T12:57:51.522+0000] {logging_mixin.py:188} INFO - [2026-05-29T12:57:51.521+0000] {dagbag.py:540} INFO - Filling up the DagBag from /opt/airflow/dags/inegi_scraper_dag.py
[2026-05-29T12:57:52.333+0000] {processor.py:840} INFO - DAG(s) 'inegi_scraper' retrieved from /opt/airflow/dags/inegi_scraper_dag.py
[2026-05-29T12:57:52.487+0000] {logging_mixin.py:188} INFO - [2026-05-29T12:57:52.476+0000] {dag.py:3047} INFO - Sync 1 DAGs
[2026-05-29T12:57:52.765+0000] {logging_mixin.py:188} INFO - [2026-05-29T12:57:52.764+0000] {dag.py:3834} INFO - Setting next_dagrun for inegi_scraper to 2026-05-29 00:00:00+00:00, run_after=2026-05-30 00:00:00+00:00
[2026-05-29T12:57:53.076+0000] {processor.py:183} INFO - Processing /opt/airflow/dags/inegi_scraper_dag.py took 1.606 seconds
[2026-05-29T12:58:24.055+0000] {processor.py:161} INFO - Started process (PID=5301) to work on /opt/airflow/dags/inegi_scraper_dag.py
[2026-05-29T12:58:24.059+0000] {processor.py:830} INFO - Processing file /opt/airflow/dags/inegi_scraper_dag.py for tasks to queue
[2026-05-29T12:58:24.071+0000] {logging_mixin.py:188} INFO - [2026-05-29T12:58:24.061+0000] {dagbag.py:540} INFO - Filling up the DagBag from /opt/airflow/dags/inegi_scraper_dag.py
[2026-05-29T12:58:24.548+0000] {processor.py:840} INFO - DAG(s) 'inegi_scraper' retrieved from /opt/airflow/dags/inegi_scraper_dag.py
[2026-05-29T12:58:24.787+0000] {logging_mixin.py:188} INFO - [2026-05-29T12:58:24.786+0000] {dag.py:3047} INFO - Sync 1 DAGs
[2026-05-29T12:58:24.883+0000] {logging_mixin.py:188} INFO - [2026-05-29T12:58:24.882+0000] {dag.py:3834} INFO - Setting next_dagrun for inegi_scraper to 2026-05-29 00:00:00+00:00, run_after=2026-05-30 00:00:00+00:00
[2026-05-29T12:58:24.986+0000] {processor.py:183} INFO - Processing /opt/airflow/dags/inegi_scraper_dag.py took 0.945 seconds
[2026-05-29T12:58:55.937+0000] {processor.py:161} INFO - Started process (PID=5331) to work on /opt/airflow/dags/inegi_scraper_dag.py
[2026-05-29T12:58:55.957+0000] {processor.py:830} INFO - Processing file /opt/airflow/dags/inegi_scraper_dag.py for tasks to queue
[2026-05-29T12:58:55.969+0000] {logging_mixin.py:188} INFO - [2026-05-29T12:58:55.963+0000] {dagbag.py:540} INFO - Filling up the DagBag from /opt/airflow/dags/inegi_scraper_dag.py
[2026-05-29T12:58:56.121+0000] {processor.py:840} INFO - DAG(s) 'inegi_scraper' retrieved from /opt/airflow/dags/inegi_scraper_dag.py
[2026-05-29T12:58:56.326+0000] {logging_mixin.py:188} INFO - [2026-05-29T12:58:56.325+0000] {dag.py:3047} INFO - Sync 1 DAGs
[2026-05-29T12:58:56.523+0000] {logging_mixin.py:188} INFO - [2026-05-29T12:58:56.522+0000] {dag.py:3834} INFO - Setting next_dagrun for inegi_scraper to 2026-05-29 00:00:00+00:00, run_after=2026-05-30 00:00:00+00:00
[2026-05-29T12:58:56.845+0000] {processor.py:183} INFO - Processing /opt/airflow/dags/inegi_scraper_dag.py took 0.947 seconds
[2026-05-29T12:59:27.441+0000] {processor.py:161} INFO - Started process (PID=5361) to work on /opt/airflow/dags/inegi_scraper_dag.py
[2026-05-29T12:59:27.444+0000] {processor.py:830} INFO - Processing file /opt/airflow/dags/inegi_scraper_dag.py for tasks to queue
[2026-05-29T12:59:27.448+0000] {logging_mixin.py:188} INFO - [2026-05-29T12:59:27.447+0000] {dagbag.py:540} INFO - Filling up the DagBag from /opt/airflow/dags/inegi_scraper_dag.py
[2026-05-29T12:59:27.512+0000] {processor.py:840} INFO - DAG(s) 'inegi_scraper' retrieved from /opt/airflow/dags/inegi_scraper_dag.py
[2026-05-29T12:59:27.631+0000] {logging_mixin.py:188} INFO - [2026-05-29T12:59:27.630+0000] {dag.py:3047} INFO - Sync 1 DAGs
[2026-05-29T12:59:27.714+0000] {logging_mixin.py:188} INFO - [2026-05-29T12:59:27.714+0000] {dag.py:3834} INFO - Setting next_dagrun for inegi_scraper to 2026-05-29 00:00:00+00:00, run_after=2026-05-30 00:00:00+00:00
[2026-05-29T12:59:27.777+0000] {processor.py:183} INFO - Processing /opt/airflow/dags/inegi_scraper_dag.py took 0.349 seconds
[2026-05-29T12:59:58.899+0000] {processor.py:161} INFO - Started process (PID=5391) to work on /opt/airflow/dags/inegi_scraper_dag.py
[2026-05-29T12:59:58.904+0000] {processor.py:830} INFO - Processing file /opt/airflow/dags/inegi_scraper_dag.py for tasks to queue
[2026-05-29T12:59:58.906+0000] {logging_mixin.py:188} INFO - [2026-05-29T12:59:58.905+0000] {dagbag.py:540} INFO - Filling up the DagBag from /opt/airflow/dags/inegi_scraper_dag.py
[2026-05-29T12:59:58.966+0000] {processor.py:840} INFO - DAG(s) 'inegi_scraper' retrieved from /opt/airflow/dags/inegi_scraper_dag.py
[2026-05-29T12:59:59.057+0000] {logging_mixin.py:188} INFO - [2026-05-29T12:59:59.056+0000] {dag.py:3047} INFO - Sync 1 DAGs
[2026-05-29T12:59:59.165+0000] {logging_mixin.py:188} INFO - [2026-05-29T12:59:59.154+0000] {dag.py:3834} INFO - Setting next_dagrun for inegi_scraper to 2026-05-29 00:00:00+00:00, run_after=2026-05-30 00:00:00+00:00
[2026-05-29T12:59:59.322+0000] {processor.py:183} INFO - Processing /opt/airflow/dags/inegi_scraper_dag.py took 0.434 seconds
[2026-05-29T13:00:30.702+0000] {processor.py:161} INFO - Started process (PID=5421) to work on /opt/airflow/dags/inegi_scraper_dag.py
[2026-05-29T13:00:30.706+0000] {processor.py:830} INFO - Processing file /opt/airflow/dags/inegi_scraper_dag.py for tasks to queue
[2026-05-29T13:00:30.709+0000] {logging_mixin.py:188} INFO - [2026-05-29T13:00:30.708+0000] {dagbag.py:540} INFO - Filling up the DagBag from /opt/airflow/dags/inegi_scraper_dag.py
[2026-05-29T13:00:30.810+0000] {processor.py:840} INFO - DAG(s) 'inegi_scraper' retrieved from /opt/airflow/dags/inegi_scraper_dag.py
[2026-05-29T13:00:30.889+0000] {logging_mixin.py:188} INFO - [2026-05-29T13:00:30.888+0000] {dag.py:3047} INFO - Sync 1 DAGs
[2026-05-29T13:00:30.964+0000] {logging_mixin.py:188} INFO - [2026-05-29T13:00:30.964+0000] {dag.py:3834} INFO - Setting next_dagrun for inegi_scraper to 2026-05-29 00:00:00+00:00, run_after=2026-05-30 00:00:00+00:00
[2026-05-29T13:00:31.030+0000] {processor.py:183} INFO - Processing /opt/airflow/dags/inegi_scraper_dag.py took 0.342 seconds
[2026-05-29T13:01:02.086+0000] {processor.py:161} INFO - Started process (PID=5451) to work on /opt/airflow/dags/inegi_scraper_dag.py
[2026-05-29T13:01:02.092+0000] {processor.py:830} INFO - Processing file /opt/airflow/dags/inegi_scraper_dag.py for tasks to queue
[2026-05-29T13:01:02.099+0000] {logging_mixin.py:188} INFO - [2026-05-29T13:01:02.096+0000] {dagbag.py:540} INFO - Filling up the DagBag from /opt/airflow/dags/inegi_scraper_dag.py
[2026-05-29T13:01:02.213+0000] {processor.py:840} INFO - DAG(s) 'inegi_scraper' retrieved from /opt/airflow/dags/inegi_scraper_dag.py
[2026-05-29T13:01:02.307+0000] {logging_mixin.py:188} INFO - [2026-05-29T13:01:02.307+0000] {dag.py:3047} INFO - Sync 1 DAGs
[2026-05-29T13:01:02.377+0000] {logging_mixin.py:188} INFO - [2026-05-29T13:01:02.377+0000] {dag.py:3834} INFO - Setting next_dagrun for inegi_scraper to 2026-05-29 00:00:00+00:00, run_after=2026-05-30 00:00:00+00:00
[2026-05-29T13:01:02.445+0000] {processor.py:183} INFO - Processing /opt/airflow/dags/inegi_scraper_dag.py took 0.403 seconds
[2026-05-29T13:01:33.325+0000] {processor.py:161} INFO - Started process (PID=5481) to work on /opt/airflow/dags/inegi_scraper_dag.py
[2026-05-29T13:01:33.331+0000] {processor.py:830} INFO - Processing file /opt/airflow/dags/inegi_scraper_dag.py for tasks to queue
[2026-05-29T13:01:33.336+0000] {logging_mixin.py:188} INFO - [2026-05-29T13:01:33.334+0000] {dagbag.py:540} INFO - Filling up the DagBag from /opt/airflow/dags/inegi_scraper_dag.py
[2026-05-29T13:01:33.408+0000] {processor.py:840} INFO - DAG(s) 'inegi_scraper' retrieved from /opt/airflow/dags/inegi_scraper_dag.py
[2026-05-29T13:01:33.486+0000] {logging_mixin.py:188} INFO - [2026-05-29T13:01:33.479+0000] {dag.py:3047} INFO - Sync 1 DAGs
[2026-05-29T13:01:33.707+0000] {logging_mixin.py:188} INFO - [2026-05-29T13:01:33.707+0000] {dag.py:3834} INFO - Setting next_dagrun for inegi_scraper to 2026-05-29 00:00:00+00:00, run_after=2026-05-30 00:00:00+00:00
[2026-05-29T13:01:33.953+0000] {processor.py:183} INFO - Processing /opt/airflow/dags/inegi_scraper_dag.py took 0.639 seconds
[2026-05-29T13:02:13.744+0000] {processor.py:161} INFO - Started process (PID=5511) to work on /opt/airflow/dags/inegi_scraper_dag.py
[2026-05-29T13:02:13.810+0000] {processor.py:830} INFO - Processing file /opt/airflow/dags/inegi_scraper_dag.py for tasks to queue
[2026-05-29T13:02:13.815+0000] {logging_mixin.py:188} INFO - [2026-05-29T13:02:13.813+0000] {dagbag.py:540} INFO - Filling up the DagBag from /opt/airflow/dags/inegi_scraper_dag.py
[2026-05-29T13:02:14.170+0000] {processor.py:840} INFO - DAG(s) 'inegi_scraper' retrieved from /opt/airflow/dags/inegi_scraper_dag.py
[2026-05-29T13:02:14.416+0000] {logging_mixin.py:188} INFO - [2026-05-29T13:02:14.415+0000] {dag.py:3047} INFO - Sync 1 DAGs
[2026-05-29T13:02:14.752+0000] {logging_mixin.py:188} INFO - [2026-05-29T13:02:14.751+0000] {dag.py:3834} INFO - Setting next_dagrun for inegi_scraper to 2026-05-29 00:00:00+00:00, run_after=2026-05-30 00:00:00+00:00
[2026-05-29T13:02:14.999+0000] {processor.py:183} INFO - Processing /opt/airflow/dags/inegi_scraper_dag.py took 1.265 seconds
[2026-05-29T13:02:46.512+0000] {processor.py:161} INFO - Started process (PID=5538) to work on /opt/airflow/dags/inegi_scraper_dag.py
[2026-05-29T13:02:46.515+0000] {processor.py:830} INFO - Processing file /opt/airflow/dags/inegi_scraper_dag.py for tasks to queue
[2026-05-29T13:02:46.519+0000] {logging_mixin.py:188} INFO - [2026-05-29T13:02:46.518+0000] {dagbag.py:540} INFO - Filling up the DagBag from /opt/airflow/dags/inegi_scraper_dag.py
[2026-05-29T13:02:46.576+0000] {processor.py:840} INFO - DAG(s) 'inegi_scraper' retrieved from /opt/airflow/dags/inegi_scraper_dag.py
[2026-05-29T13:02:46.648+0000] {logging_mixin.py:188} INFO - [2026-05-29T13:02:46.647+0000] {dag.py:3047} INFO - Sync 1 DAGs
[2026-05-29T13:02:46.714+0000] {logging_mixin.py:188} INFO - [2026-05-29T13:02:46.714+0000] {dag.py:3834} INFO - Setting next_dagrun for inegi_scraper to 2026-05-29 00:00:00+00:00, run_after=2026-05-30 00:00:00+00:00
[2026-05-29T13:02:46.784+0000] {processor.py:183} INFO - Processing /opt/airflow/dags/inegi_scraper_dag.py took 0.282 seconds
[2026-05-29T13:03:17.076+0000] {processor.py:161} INFO - Started process (PID=5568) to work on /opt/airflow/dags/inegi_scraper_dag.py
[2026-05-29T13:03:17.080+0000] {processor.py:830} INFO - Processing file /opt/airflow/dags/inegi_scraper_dag.py for tasks to queue
[2026-05-29T13:03:17.084+0000] {logging_mixin.py:188} INFO - [2026-05-29T13:03:17.083+0000] {dagbag.py:540} INFO - Filling up the DagBag from /opt/airflow/dags/inegi_scraper_dag.py
[2026-05-29T13:03:17.295+0000] {processor.py:840} INFO - DAG(s) 'inegi_scraper' retrieved from /opt/airflow/dags/inegi_scraper_dag.py
[2026-05-29T13:03:17.539+0000] {logging_mixin.py:188} INFO - [2026-05-29T13:03:17.539+0000] {dag.py:3047} INFO - Sync 1 DAGs
[2026-05-29T13:03:17.749+0000] {logging_mixin.py:188} INFO - [2026-05-29T13:03:17.748+0000] {dag.py:3834} INFO - Setting next_dagrun for inegi_scraper to 2026-05-29 00:00:00+00:00, run_after=2026-05-30 00:00:00+00:00
[2026-05-29T13:03:17.860+0000] {processor.py:183} INFO - Processing /opt/airflow/dags/inegi_scraper_dag.py took 0.796 seconds
[2026-05-29T13:03:48.925+0000] {processor.py:161} INFO - Started process (PID=5598) to work on /opt/airflow/dags/inegi_scraper_dag.py
[2026-05-29T13:03:48.940+0000] {processor.py:830} INFO - Processing file /opt/airflow/dags/inegi_scraper_dag.py for tasks to queue
[2026-05-29T13:03:48.951+0000] {logging_mixin.py:188} INFO - [2026-05-29T13:03:48.947+0000] {dagbag.py:540} INFO - Filling up the DagBag from /opt/airflow/dags/inegi_scraper_dag.py
[2026-05-29T13:03:49.334+0000] {processor.py:840} INFO - DAG(s) 'inegi_scraper' retrieved from /opt/airflow/dags/inegi_scraper_dag.py
[2026-05-29T13:03:49.425+0000] {logging_mixin.py:188} INFO - [2026-05-29T13:03:49.424+0000] {dag.py:3047} INFO - Sync 1 DAGs
[2026-05-29T13:03:49.495+0000] {logging_mixin.py:188} INFO - [2026-05-29T13:03:49.494+0000] {dag.py:3834} INFO - Setting next_dagrun for inegi_scraper to 2026-05-29 00:00:00+00:00, run_after=2026-05-30 00:00:00+00:00
[2026-05-29T13:03:49.555+0000] {processor.py:183} INFO - Processing /opt/airflow/dags/inegi_scraper_dag.py took 0.647 seconds
[2026-05-29T13:04:19.790+0000] {processor.py:161} INFO - Started process (PID=5628) to work on /opt/airflow/dags/inegi_scraper_dag.py
[2026-05-29T13:04:19.793+0000] {processor.py:830} INFO - Processing file /opt/airflow/dags/inegi_scraper_dag.py for tasks to queue
[2026-05-29T13:04:19.796+0000] {logging_mixin.py:188} INFO - [2026-05-29T13:04:19.795+0000] {dagbag.py:540} INFO - Filling up the DagBag from /opt/airflow/dags/inegi_scraper_dag.py
[2026-05-29T13:04:19.857+0000] {processor.py:840} INFO - DAG(s) 'inegi_scraper' retrieved from /opt/airflow/dags/inegi_scraper_dag.py
[2026-05-29T13:04:19.931+0000] {logging_mixin.py:188} INFO - [2026-05-29T13:04:19.930+0000] {dag.py:3047} INFO - Sync 1 DAGs
[2026-05-29T13:04:19.995+0000] {logging_mixin.py:188} INFO - [2026-05-29T13:04:19.994+0000] {dag.py:3834} INFO - Setting next_dagrun for inegi_scraper to 2026-05-29 00:00:00+00:00, run_after=2026-05-30 00:00:00+00:00
[2026-05-29T13:04:20.056+0000] {processor.py:183} INFO - Processing /opt/airflow/dags/inegi_scraper_dag.py took 0.277 seconds
[2026-05-29T13:04:52.156+0000] {processor.py:161} INFO - Started process (PID=5658) to work on /opt/airflow/dags/inegi_scraper_dag.py
[2026-05-29T13:04:52.196+0000] {processor.py:830} INFO - Processing file /opt/airflow/dags/inegi_scraper_dag.py for tasks to queue
[2026-05-29T13:04:52.236+0000] {logging_mixin.py:188} INFO - [2026-05-29T13:04:52.235+0000] {dagbag.py:540} INFO - Filling up the DagBag from /opt/airflow/dags/inegi_scraper_dag.py
[2026-05-29T13:04:52.994+0000] {processor.py:840} INFO - DAG(s) 'inegi_scraper' retrieved from /opt/airflow/dags/inegi_scraper_dag.py
[2026-05-29T13:04:53.179+0000] {logging_mixin.py:188} INFO - [2026-05-29T13:04:53.179+0000] {dag.py:3047} INFO - Sync 1 DAGs
[2026-05-29T13:04:53.369+0000] {logging_mixin.py:188} INFO - [2026-05-29T13:04:53.368+0000] {dag.py:3834} INFO - Setting next_dagrun for inegi_scraper to 2026-05-29 00:00:00+00:00, run_after=2026-05-30 00:00:00+00:00
[2026-05-29T13:04:53.672+0000] {processor.py:183} INFO - Processing /opt/airflow/dags/inegi_scraper_dag.py took 1.591 seconds
[2026-05-29T13:05:27.075+0000] {processor.py:161} INFO - Started process (PID=5688) to work on /opt/airflow/dags/inegi_scraper_dag.py
[2026-05-29T13:05:27.133+0000] {processor.py:830} INFO - Processing file /opt/airflow/dags/inegi_scraper_dag.py for tasks to queue
[2026-05-29T13:05:27.209+0000] {logging_mixin.py:188} INFO - [2026-05-29T13:05:27.208+0000] {dagbag.py:540} INFO - Filling up the DagBag from /opt/airflow/dags/inegi_scraper_dag.py
[2026-05-29T13:05:29.368+0000] {processor.py:840} INFO - DAG(s) 'inegi_scraper' retrieved from /opt/airflow/dags/inegi_scraper_dag.py
[2026-05-29T13:05:29.560+0000] {logging_mixin.py:188} INFO - [2026-05-29T13:05:29.560+0000] {dag.py:3047} INFO - Sync 1 DAGs
[2026-05-29T13:05:29.823+0000] {logging_mixin.py:188} INFO - [2026-05-29T13:05:29.823+0000] {dag.py:3834} INFO - Setting next_dagrun for inegi_scraper to 2026-05-29 00:00:00+00:00, run_after=2026-05-30 00:00:00+00:00
[2026-05-29T13:05:30.025+0000] {processor.py:183} INFO - Processing /opt/airflow/dags/inegi_scraper_dag.py took 2.965 seconds
[2026-05-29T13:06:17.821+0000] {processor.py:161} INFO - Started process (PID=5718) to work on /opt/airflow/dags/inegi_scraper_dag.py
[2026-05-29T13:06:18.054+0000] {processor.py:830} INFO - Processing file /opt/airflow/dags/inegi_scraper_dag.py for tasks to queue
[2026-05-29T13:06:18.379+0000] {logging_mixin.py:188} INFO - [2026-05-29T13:06:18.378+0000] {dagbag.py:540} INFO - Filling up the DagBag from /opt/airflow/dags/inegi_scraper_dag.py
[2026-05-29T13:06:21.466+0000] {processor.py:840} INFO - DAG(s) 'inegi_scraper' retrieved from /opt/airflow/dags/inegi_scraper_dag.py
[2026-05-29T13:06:21.721+0000] {logging_mixin.py:188} INFO - [2026-05-29T13:06:21.720+0000] {dag.py:3047} INFO - Sync 1 DAGs
[2026-05-29T13:06:21.928+0000] {logging_mixin.py:188} INFO - [2026-05-29T13:06:21.927+0000] {dag.py:3834} INFO - Setting next_dagrun for inegi_scraper to 2026-05-29 00:00:00+00:00, run_after=2026-05-30 00:00:00+00:00
[2026-05-29T13:06:22.842+0000] {processor.py:183} INFO - Processing /opt/airflow/dags/inegi_scraper_dag.py took 5.041 seconds
[2026-05-29T13:06:53.863+0000] {processor.py:161} INFO - Started process (PID=5748) to work on /opt/airflow/dags/inegi_scraper_dag.py
[2026-05-29T13:06:53.867+0000] {processor.py:830} INFO - Processing file /opt/airflow/dags/inegi_scraper_dag.py for tasks to queue
[2026-05-29T13:06:53.895+0000] {logging_mixin.py:188} INFO - [2026-05-29T13:06:53.869+0000] {dagbag.py:540} INFO - Filling up the DagBag from /opt/airflow/dags/inegi_scraper_dag.py
[2026-05-29T13:06:54.050+0000] {processor.py:840} INFO - DAG(s) 'inegi_scraper' retrieved from /opt/airflow/dags/inegi_scraper_dag.py
[2026-05-29T13:06:54.149+0000] {logging_mixin.py:188} INFO - [2026-05-29T13:06:54.144+0000] {dag.py:3047} INFO - Sync 1 DAGs
[2026-05-29T13:06:54.239+0000] {logging_mixin.py:188} INFO - [2026-05-29T13:06:54.238+0000] {dag.py:3834} INFO - Setting next_dagrun for inegi_scraper to 2026-05-29 00:00:00+00:00, run_after=2026-05-30 00:00:00+00:00
[2026-05-29T13:06:54.302+0000] {processor.py:183} INFO - Processing /opt/airflow/dags/inegi_scraper_dag.py took 0.470 seconds
[2026-05-29T13:07:25.758+0000] {processor.py:161} INFO - Started process (PID=5778) to work on /opt/airflow/dags/inegi_scraper_dag.py
[2026-05-29T13:07:25.761+0000] {processor.py:830} INFO - Processing file /opt/airflow/dags/inegi_scraper_dag.py for tasks to queue
[2026-05-29T13:07:25.764+0000] {logging_mixin.py:188} INFO - [2026-05-29T13:07:25.763+0000] {dagbag.py:540} INFO - Filling up the DagBag from /opt/airflow/dags/inegi_scraper_dag.py
[2026-05-29T13:07:26.057+0000] {processor.py:840} INFO - DAG(s) 'inegi_scraper' retrieved from /opt/airflow/dags/inegi_scraper_dag.py
[2026-05-29T13:07:26.379+0000] {logging_mixin.py:188} INFO - [2026-05-29T13:07:26.378+0000] {dag.py:3047} INFO - Sync 1 DAGs
[2026-05-29T13:07:26.776+0000] {logging_mixin.py:188} INFO - [2026-05-29T13:07:26.776+0000] {dag.py:3834} INFO - Setting next_dagrun for inegi_scraper to 2026-05-29 00:00:00+00:00, run_after=2026-05-30 00:00:00+00:00
[2026-05-29T13:07:27.118+0000] {processor.py:183} INFO - Processing /opt/airflow/dags/inegi_scraper_dag.py took 1.373 seconds
[2026-05-29T13:07:58.207+0000] {processor.py:161} INFO - Started process (PID=5808) to work on /opt/airflow/dags/inegi_scraper_dag.py
[2026-05-29T13:07:58.210+0000] {processor.py:830} INFO - Processing file /opt/airflow/dags/inegi_scraper_dag.py for tasks to queue
[2026-05-29T13:07:58.213+0000] {logging_mixin.py:188} INFO - [2026-05-29T13:07:58.212+0000] {dagbag.py:540} INFO - Filling up the DagBag from /opt/airflow/dags/inegi_scraper_dag.py
[2026-05-29T13:07:58.269+0000] {processor.py:840} INFO - DAG(s) 'inegi_scraper' retrieved from /opt/airflow/dags/inegi_scraper_dag.py
[2026-05-29T13:07:58.350+0000] {logging_mixin.py:188} INFO - [2026-05-29T13:07:58.349+0000] {dag.py:3047} INFO - Sync 1 DAGs
[2026-05-29T13:07:58.418+0000] {logging_mixin.py:188} INFO - [2026-05-29T13:07:58.417+0000] {dag.py:3834} INFO - Setting next_dagrun for inegi_scraper to 2026-05-29 00:00:00+00:00, run_after=2026-05-30 00:00:00+00:00
[2026-05-29T13:07:58.499+0000] {processor.py:183} INFO - Processing /opt/airflow/dags/inegi_scraper_dag.py took 0.302 seconds
[2026-05-29T13:08:29.089+0000] {processor.py:161} INFO - Started process (PID=5838) to work on /opt/airflow/dags/inegi_scraper_dag.py
[2026-05-29T13:08:29.095+0000] {processor.py:830} INFO - Processing file /opt/airflow/dags/inegi_scraper_dag.py for tasks to queue
[2026-05-29T13:08:29.101+0000] {logging_mixin.py:188} INFO - [2026-05-29T13:08:29.099+0000] {dagbag.py:540} INFO - Filling up the DagBag from /opt/airflow/dags/inegi_scraper_dag.py
[2026-05-29T13:08:29.189+0000] {processor.py:840} INFO - DAG(s) 'inegi_scraper' retrieved from /opt/airflow/dags/inegi_scraper_dag.py
[2026-05-29T13:08:29.311+0000] {logging_mixin.py:188} INFO - [2026-05-29T13:08:29.298+0000] {dag.py:3047} INFO - Sync 1 DAGs
[2026-05-29T13:08:29.939+0000] {logging_mixin.py:188} INFO - [2026-05-29T13:08:29.925+0000] {dag.py:3834} INFO - Setting next_dagrun for inegi_scraper to 2026-05-29 00:00:00+00:00, run_after=2026-05-30 00:00:00+00:00
[2026-05-29T13:08:30.108+0000] {processor.py:183} INFO - Processing /opt/airflow/dags/inegi_scraper_dag.py took 1.035 seconds
[2026-05-29T13:09:00.918+0000] {processor.py:161} INFO - Started process (PID=5868) to work on /opt/airflow/dags/inegi_scraper_dag.py
[2026-05-29T13:09:00.921+0000] {processor.py:830} INFO - Processing file /opt/airflow/dags/inegi_scraper_dag.py for tasks to queue
[2026-05-29T13:09:00.926+0000] {logging_mixin.py:188} INFO - [2026-05-29T13:09:00.925+0000] {dagbag.py:540} INFO - Filling up the DagBag from /opt/airflow/dags/inegi_scraper_dag.py
[2026-05-29T13:09:01.174+0000] {processor.py:840} INFO - DAG(s) 'inegi_scraper' retrieved from /opt/airflow/dags/inegi_scraper_dag.py
[2026-05-29T13:09:01.529+0000] {logging_mixin.py:188} INFO - [2026-05-29T13:09:01.516+0000] {dag.py:3047} INFO - Sync 1 DAGs
[2026-05-29T13:09:01.871+0000] {logging_mixin.py:188} INFO - [2026-05-29T13:09:01.868+0000] {dag.py:3834} INFO - Setting next_dagrun for inegi_scraper to 2026-05-29 00:00:00+00:00, run_after=2026-05-30 00:00:00+00:00
[2026-05-29T13:09:02.007+0000] {processor.py:183} INFO - Processing /opt/airflow/dags/inegi_scraper_dag.py took 1.103 seconds
[2026-05-29T13:09:32.721+0000] {processor.py:161} INFO - Started process (PID=5898) to work on /opt/airflow/dags/inegi_scraper_dag.py
[2026-05-29T13:09:32.724+0000] {processor.py:830} INFO - Processing file /opt/airflow/dags/inegi_scraper_dag.py for tasks to queue
[2026-05-29T13:09:32.733+0000] {logging_mixin.py:188} INFO - [2026-05-29T13:09:32.732+0000] {dagbag.py:540} INFO - Filling up the DagBag from /opt/airflow/dags/inegi_scraper_dag.py
[2026-05-29T13:09:32.855+0000] {processor.py:840} INFO - DAG(s) 'inegi_scraper' retrieved from /opt/airflow/dags/inegi_scraper_dag.py
[2026-05-29T13:09:32.968+0000] {logging_mixin.py:188} INFO - [2026-05-29T13:09:32.967+0000] {dag.py:3047} INFO - Sync 1 DAGs
[2026-05-29T13:09:33.048+0000] {logging_mixin.py:188} INFO - [2026-05-29T13:09:33.047+0000] {dag.py:3834} INFO - Setting next_dagrun for inegi_scraper to 2026-05-29 00:00:00+00:00, run_after=2026-05-30 00:00:00+00:00
[2026-05-29T13:09:33.133+0000] {processor.py:183} INFO - Processing /opt/airflow/dags/inegi_scraper_dag.py took 0.444 seconds
[2026-05-29T13:10:04.055+0000] {processor.py:161} INFO - Started process (PID=5931) to work on /opt/airflow/dags/inegi_scraper_dag.py
[2026-05-29T13:10:04.059+0000] {processor.py:830} INFO - Processing file /opt/airflow/dags/inegi_scraper_dag.py for tasks to queue
[2026-05-29T13:10:04.063+0000] {logging_mixin.py:188} INFO - [2026-05-29T13:10:04.061+0000] {dagbag.py:540} INFO - Filling up the DagBag from /opt/airflow/dags/inegi_scraper_dag.py
[2026-05-29T13:10:04.131+0000] {processor.py:840} INFO - DAG(s) 'inegi_scraper' retrieved from /opt/airflow/dags/inegi_scraper_dag.py
[2026-05-29T13:10:04.290+0000] {logging_mixin.py:188} INFO - [2026-05-29T13:10:04.289+0000] {dag.py:3047} INFO - Sync 1 DAGs
[2026-05-29T13:10:04.666+0000] {logging_mixin.py:188} INFO - [2026-05-29T13:10:04.639+0000] {dag.py:3834} INFO - Setting next_dagrun for inegi_scraper to 2026-05-29 00:00:00+00:00, run_after=2026-05-30 00:00:00+00:00
[2026-05-29T13:10:04.911+0000] {processor.py:183} INFO - Processing /opt/airflow/dags/inegi_scraper_dag.py took 0.870 seconds
[2026-05-29T13:10:35.482+0000] {processor.py:161} INFO - Started process (PID=5958) to work on /opt/airflow/dags/inegi_scraper_dag.py
[2026-05-29T13:10:35.485+0000] {processor.py:830} INFO - Processing file /opt/airflow/dags/inegi_scraper_dag.py for tasks to queue
[2026-05-29T13:10:35.488+0000] {logging_mixin.py:188} INFO - [2026-05-29T13:10:35.487+0000] {dagbag.py:540} INFO - Filling up the DagBag from /opt/airflow/dags/inegi_scraper_dag.py
[2026-05-29T13:10:35.545+0000] {processor.py:840} INFO - DAG(s) 'inegi_scraper' retrieved from /opt/airflow/dags/inegi_scraper_dag.py
[2026-05-29T13:10:35.613+0000] {logging_mixin.py:188} INFO - [2026-05-29T13:10:35.612+0000] {dag.py:3047} INFO - Sync 1 DAGs
[2026-05-29T13:10:35.676+0000] {logging_mixin.py:188} INFO - [2026-05-29T13:10:35.676+0000] {dag.py:3834} INFO - Setting next_dagrun for inegi_scraper to 2026-05-29 00:00:00+00:00, run_after=2026-05-30 00:00:00+00:00
[2026-05-29T13:10:35.728+0000] {processor.py:183} INFO - Processing /opt/airflow/dags/inegi_scraper_dag.py took 0.256 seconds
[2026-05-29T13:11:06.315+0000] {processor.py:161} INFO - Started process (PID=5988) to work on /opt/airflow/dags/inegi_scraper_dag.py
[2026-05-29T13:11:06.318+0000] {processor.py:830} INFO - Processing file /opt/airflow/dags/inegi_scraper_dag.py for tasks to queue
[2026-05-29T13:11:06.321+0000] {logging_mixin.py:188} INFO - [2026-05-29T13:11:06.320+0000] {dagbag.py:540} INFO - Filling up the DagBag from /opt/airflow/dags/inegi_scraper_dag.py
[2026-05-29T13:11:06.379+0000] {processor.py:840} INFO - DAG(s) 'inegi_scraper' retrieved from /opt/airflow/dags/inegi_scraper_dag.py
[2026-05-29T13:11:06.457+0000] {logging_mixin.py:188} INFO - [2026-05-29T13:11:06.456+0000] {dag.py:3047} INFO - Sync 1 DAGs
[2026-05-29T13:11:06.517+0000] {logging_mixin.py:188} INFO - [2026-05-29T13:11:06.516+0000] {dag.py:3834} INFO - Setting next_dagrun for inegi_scraper to 2026-05-29 00:00:00+00:00, run_after=2026-05-30 00:00:00+00:00
[2026-05-29T13:11:06.572+0000] {processor.py:183} INFO - Processing /opt/airflow/dags/inegi_scraper_dag.py took 0.268 seconds
[2026-05-29T13:11:37.219+0000] {processor.py:161} INFO - Started process (PID=6018) to work on /opt/airflow/dags/inegi_scraper_dag.py
[2026-05-29T13:11:37.222+0000] {processor.py:830} INFO - Processing file /opt/airflow/dags/inegi_scraper_dag.py for tasks to queue
[2026-05-29T13:11:37.225+0000] {logging_mixin.py:188} INFO - [2026-05-29T13:11:37.224+0000] {dagbag.py:540} INFO - Filling up the DagBag from /opt/airflow/dags/inegi_scraper_dag.py
[2026-05-29T13:11:37.280+0000] {processor.py:840} INFO - DAG(s) 'inegi_scraper' retrieved from /opt/airflow/dags/inegi_scraper_dag.py
[2026-05-29T13:11:37.355+0000] {logging_mixin.py:188} INFO - [2026-05-29T13:11:37.354+0000] {dag.py:3047} INFO - Sync 1 DAGs
[2026-05-29T13:11:37.415+0000] {logging_mixin.py:188} INFO - [2026-05-29T13:11:37.415+0000] {dag.py:3834} INFO - Setting next_dagrun for inegi_scraper to 2026-05-29 00:00:00+00:00, run_after=2026-05-30 00:00:00+00:00
[2026-05-29T13:11:37.467+0000] {processor.py:183} INFO - Processing /opt/airflow/dags/inegi_scraper_dag.py took 0.259 seconds
[2026-05-29T13:12:07.880+0000] {processor.py:161} INFO - Started process (PID=6048) to work on /opt/airflow/dags/inegi_scraper_dag.py
[2026-05-29T13:12:07.883+0000] {processor.py:830} INFO - Processing file /opt/airflow/dags/inegi_scraper_dag.py for tasks to queue
[2026-05-29T13:12:07.890+0000] {logging_mixin.py:188} INFO - [2026-05-29T13:12:07.886+0000] {dagbag.py:540} INFO - Filling up the DagBag from /opt/airflow/dags/inegi_scraper_dag.py
[2026-05-29T13:12:07.948+0000] {processor.py:840} INFO - DAG(s) 'inegi_scraper' retrieved from /opt/airflow/dags/inegi_scraper_dag.py
[2026-05-29T13:12:08.015+0000] {logging_mixin.py:188} INFO - [2026-05-29T13:12:08.015+0000] {dag.py:3047} INFO - Sync 1 DAGs
[2026-05-29T13:12:08.079+0000] {logging_mixin.py:188} INFO - [2026-05-29T13:12:08.078+0000] {dag.py:3834} INFO - Setting next_dagrun for inegi_scraper to 2026-05-29 00:00:00+00:00, run_after=2026-05-30 00:00:00+00:00
[2026-05-29T13:12:08.185+0000] {processor.py:183} INFO - Processing /opt/airflow/dags/inegi_scraper_dag.py took 0.321 seconds
[2026-05-29T13:12:38.551+0000] {processor.py:161} INFO - Started process (PID=6078) to work on /opt/airflow/dags/inegi_scraper_dag.py
[2026-05-29T13:12:38.555+0000] {processor.py:830} INFO - Processing file /opt/airflow/dags/inegi_scraper_dag.py for tasks to queue
[2026-05-29T13:12:38.558+0000] {logging_mixin.py:188} INFO - [2026-05-29T13:12:38.558+0000] {dagbag.py:540} INFO - Filling up the DagBag from /opt/airflow/dags/inegi_scraper_dag.py
[2026-05-29T13:12:38.616+0000] {processor.py:840} INFO - DAG(s) 'inegi_scraper' retrieved from /opt/airflow/dags/inegi_scraper_dag.py
[2026-05-29T13:12:38.683+0000] {logging_mixin.py:188} INFO - [2026-05-29T13:12:38.682+0000] {dag.py:3047} INFO - Sync 1 DAGs
[2026-05-29T13:12:38.784+0000] {logging_mixin.py:188} INFO - [2026-05-29T13:12:38.783+0000] {dag.py:3834} INFO - Setting next_dagrun for inegi_scraper to 2026-05-29 00:00:00+00:00, run_after=2026-05-30 00:00:00+00:00
[2026-05-29T13:12:38.875+0000] {processor.py:183} INFO - Processing /opt/airflow/dags/inegi_scraper_dag.py took 0.335 seconds
[2026-05-29T13:13:10.451+0000] {processor.py:161} INFO - Started process (PID=6108) to work on /opt/airflow/dags/inegi_scraper_dag.py
[2026-05-29T13:13:10.478+0000] {processor.py:830} INFO - Processing file /opt/airflow/dags/inegi_scraper_dag.py for tasks to queue
[2026-05-29T13:13:10.518+0000] {logging_mixin.py:188} INFO - [2026-05-29T13:13:10.517+0000] {dagbag.py:540} INFO - Filling up the DagBag from /opt/airflow/dags/inegi_scraper_dag.py
[2026-05-29T13:13:11.011+0000] {processor.py:840} INFO - DAG(s) 'inegi_scraper' retrieved from /opt/airflow/dags/inegi_scraper_dag.py
[2026-05-29T13:13:11.194+0000] {logging_mixin.py:188} INFO - [2026-05-29T13:13:11.193+0000] {dag.py:3047} INFO - Sync 1 DAGs
[2026-05-29T13:13:11.388+0000] {logging_mixin.py:188} INFO - [2026-05-29T13:13:11.387+0000] {dag.py:3834} INFO - Setting next_dagrun for inegi_scraper to 2026-05-29 00:00:00+00:00, run_after=2026-05-30 00:00:00+00:00
[2026-05-29T13:13:12.557+0000] {processor.py:183} INFO - Processing /opt/airflow/dags/inegi_scraper_dag.py took 2.117 seconds
[2026-05-29T13:13:45.211+0000] {processor.py:161} INFO - Started process (PID=6138) to work on /opt/airflow/dags/inegi_scraper_dag.py
[2026-05-29T13:13:45.252+0000] {processor.py:830} INFO - Processing file /opt/airflow/dags/inegi_scraper_dag.py for tasks to queue
[2026-05-29T13:13:45.258+0000] {logging_mixin.py:188} INFO - [2026-05-29T13:13:45.257+0000] {dagbag.py:540} INFO - Filling up the DagBag from /opt/airflow/dags/inegi_scraper_dag.py
[2026-05-29T13:13:45.428+0000] {processor.py:840} INFO - DAG(s) 'inegi_scraper' retrieved from /opt/airflow/dags/inegi_scraper_dag.py
[2026-05-29T13:13:45.601+0000] {logging_mixin.py:188} INFO - [2026-05-29T13:13:45.601+0000] {dag.py:3047} INFO - Sync 1 DAGs
[2026-05-29T13:13:45.815+0000] {logging_mixin.py:188} INFO - [2026-05-29T13:13:45.814+0000] {dag.py:3834} INFO - Setting next_dagrun for inegi_scraper to 2026-05-29 00:00:00+00:00, run_after=2026-05-30 00:00:00+00:00
[2026-05-29T13:13:45.973+0000] {processor.py:183} INFO - Processing /opt/airflow/dags/inegi_scraper_dag.py took 0.772 seconds
[2026-05-29T13:14:18.976+0000] {processor.py:161} INFO - Started process (PID=6168) to work on /opt/airflow/dags/inegi_scraper_dag.py
[2026-05-29T13:14:18.990+0000] {processor.py:830} INFO - Processing file /opt/airflow/dags/inegi_scraper_dag.py for tasks to queue
[2026-05-29T13:14:19.000+0000] {logging_mixin.py:188} INFO - [2026-05-29T13:14:18.998+0000] {dagbag.py:540} INFO - Filling up the DagBag from /opt/airflow/dags/inegi_scraper_dag.py
[2026-05-29T13:14:20.210+0000] {processor.py:840} INFO - DAG(s) 'inegi_scraper' retrieved from /opt/airflow/dags/inegi_scraper_dag.py
[2026-05-29T13:14:20.448+0000] {logging_mixin.py:188} INFO - [2026-05-29T13:14:20.448+0000] {dag.py:3047} INFO - Sync 1 DAGs
[2026-05-29T13:14:20.650+0000] {logging_mixin.py:188} INFO - [2026-05-29T13:14:20.649+0000] {dag.py:3834} INFO - Setting next_dagrun for inegi_scraper to 2026-05-29 00:00:00+00:00, run_after=2026-05-30 00:00:00+00:00
[2026-05-29T13:14:20.824+0000] {processor.py:183} INFO - Processing /opt/airflow/dags/inegi_scraper_dag.py took 1.867 seconds
[2026-05-29T13:14:51.119+0000] {processor.py:161} INFO - Started process (PID=6198) to work on /opt/airflow/dags/inegi_scraper_dag.py
[2026-05-29T13:14:51.122+0000] {processor.py:830} INFO - Processing file /opt/airflow/dags/inegi_scraper_dag.py for tasks to queue
[2026-05-29T13:14:51.126+0000] {logging_mixin.py:188} INFO - [2026-05-29T13:14:51.125+0000] {dagbag.py:540} INFO - Filling up the DagBag from /opt/airflow/dags/inegi_scraper_dag.py
[2026-05-29T13:14:51.181+0000] {processor.py:840} INFO - DAG(s) 'inegi_scraper' retrieved from /opt/airflow/dags/inegi_scraper_dag.py
[2026-05-29T13:14:51.251+0000] {logging_mixin.py:188} INFO - [2026-05-29T13:14:51.251+0000] {dag.py:3047} INFO - Sync 1 DAGs
[2026-05-29T13:14:51.320+0000] {logging_mixin.py:188} INFO - [2026-05-29T13:14:51.320+0000] {dag.py:3834} INFO - Setting next_dagrun for inegi_scraper to 2026-05-29 00:00:00+00:00, run_after=2026-05-30 00:00:00+00:00
[2026-05-29T13:14:51.382+0000] {processor.py:183} INFO - Processing /opt/airflow/dags/inegi_scraper_dag.py took 0.275 seconds
[2026-05-29T13:15:22.974+0000] {processor.py:161} INFO - Started process (PID=6226) to work on /opt/airflow/dags/inegi_scraper_dag.py
[2026-05-29T13:15:22.989+0000] {processor.py:830} INFO - Processing file /opt/airflow/dags/inegi_scraper_dag.py for tasks to queue
[2026-05-29T13:15:22.994+0000] {logging_mixin.py:188} INFO - [2026-05-29T13:15:22.992+0000] {dagbag.py:540} INFO - Filling up the DagBag from /opt/airflow/dags/inegi_scraper_dag.py
[2026-05-29T13:15:23.147+0000] {processor.py:840} INFO - DAG(s) 'inegi_scraper' retrieved from /opt/airflow/dags/inegi_scraper_dag.py
[2026-05-29T13:15:23.306+0000] {logging_mixin.py:188} INFO - [2026-05-29T13:15:23.306+0000] {dag.py:3047} INFO - Sync 1 DAGs
[2026-05-29T13:15:23.382+0000] {logging_mixin.py:188} INFO - [2026-05-29T13:15:23.381+0000] {dag.py:3834} INFO - Setting next_dagrun for inegi_scraper to 2026-05-29 00:00:00+00:00, run_after=2026-05-30 00:00:00+00:00
[2026-05-29T13:15:24.228+0000] {processor.py:183} INFO - Processing /opt/airflow/dags/inegi_scraper_dag.py took 1.290 seconds
