[2026-05-29T11:19:13.963+0000] {processor.py:161} INFO - Started process (PID=60) to work on /opt/airflow/dags/telegraph_dag.py
[2026-05-29T11:19:14.051+0000] {processor.py:830} INFO - Processing file /opt/airflow/dags/telegraph_dag.py for tasks to queue
[2026-05-29T11:19:14.191+0000] {logging_mixin.py:188} INFO - [2026-05-29T11:19:14.190+0000] {dagbag.py:540} INFO - Filling up the DagBag from /opt/airflow/dags/telegraph_dag.py
[2026-05-29T11:19:14.648+0000] {processor.py:840} INFO - DAG(s) 'telegraph_scraper' retrieved from /opt/airflow/dags/telegraph_dag.py
[2026-05-29T11:19:17.907+0000] {logging_mixin.py:188} INFO - [2026-05-29T11:19:17.907+0000] {dag.py:3047} INFO - Sync 1 DAGs
[2026-05-29T11:19:18.115+0000] {logging_mixin.py:188} INFO - [2026-05-29T11:19:18.114+0000] {dag.py:3834} INFO - Setting next_dagrun for telegraph_scraper to 2026-05-29 00:00:00+00:00, run_after=2026-05-30 00:00:00+00:00
[2026-05-29T11:19:18.347+0000] {processor.py:183} INFO - Processing /opt/airflow/dags/telegraph_dag.py took 4.511 seconds
[2026-05-29T11:19:52.810+0000] {processor.py:161} INFO - Started process (PID=94) to work on /opt/airflow/dags/telegraph_dag.py
[2026-05-29T11:19:53.000+0000] {processor.py:830} INFO - Processing file /opt/airflow/dags/telegraph_dag.py for tasks to queue
[2026-05-29T11:19:53.034+0000] {logging_mixin.py:188} INFO - [2026-05-29T11:19:53.032+0000] {dagbag.py:540} INFO - Filling up the DagBag from /opt/airflow/dags/telegraph_dag.py
[2026-05-29T11:19:54.831+0000] {processor.py:840} INFO - DAG(s) 'telegraph_scraper' retrieved from /opt/airflow/dags/telegraph_dag.py
[2026-05-29T11:19:57.550+0000] {logging_mixin.py:188} INFO - [2026-05-29T11:19:57.549+0000] {dag.py:3047} INFO - Sync 1 DAGs
[2026-05-29T11:20:00.304+0000] {logging_mixin.py:188} INFO - [2026-05-29T11:20:00.293+0000] {dag.py:3834} INFO - Setting next_dagrun for telegraph_scraper to 2026-05-29 00:00:00+00:00, run_after=2026-05-30 00:00:00+00:00
[2026-05-29T11:20:00.697+0000] {processor.py:183} INFO - Processing /opt/airflow/dags/telegraph_dag.py took 8.307 seconds
[2026-05-29T11:20:34.987+0000] {processor.py:161} INFO - Started process (PID=124) to work on /opt/airflow/dags/telegraph_dag.py
[2026-05-29T11:20:35.611+0000] {processor.py:830} INFO - Processing file /opt/airflow/dags/telegraph_dag.py for tasks to queue
[2026-05-29T11:20:35.973+0000] {logging_mixin.py:188} INFO - [2026-05-29T11:20:35.762+0000] {dagbag.py:540} INFO - Filling up the DagBag from /opt/airflow/dags/telegraph_dag.py
[2026-05-29T11:20:38.418+0000] {processor.py:840} INFO - DAG(s) 'telegraph_scraper' retrieved from /opt/airflow/dags/telegraph_dag.py
[2026-05-29T11:20:40.812+0000] {logging_mixin.py:188} INFO - [2026-05-29T11:20:40.811+0000] {dag.py:3047} INFO - Sync 1 DAGs
[2026-05-29T11:20:41.693+0000] {logging_mixin.py:188} INFO - [2026-05-29T11:20:41.692+0000] {dag.py:3834} INFO - Setting next_dagrun for telegraph_scraper to 2026-05-29 00:00:00+00:00, run_after=2026-05-30 00:00:00+00:00
[2026-05-29T11:20:42.271+0000] {processor.py:183} INFO - Processing /opt/airflow/dags/telegraph_dag.py took 7.921 seconds
[2026-05-29T11:21:20.011+0000] {processor.py:161} INFO - Started process (PID=154) to work on /opt/airflow/dags/telegraph_dag.py
[2026-05-29T11:21:20.024+0000] {processor.py:830} INFO - Processing file /opt/airflow/dags/telegraph_dag.py for tasks to queue
[2026-05-29T11:21:20.491+0000] {logging_mixin.py:188} INFO - [2026-05-29T11:21:20.215+0000] {dagbag.py:540} INFO - Filling up the DagBag from /opt/airflow/dags/telegraph_dag.py
[2026-05-29T11:21:23.587+0000] {processor.py:840} INFO - DAG(s) 'telegraph_scraper' retrieved from /opt/airflow/dags/telegraph_dag.py
[2026-05-29T11:21:25.803+0000] {logging_mixin.py:188} INFO - [2026-05-29T11:21:25.746+0000] {dag.py:3047} INFO - Sync 1 DAGs
[2026-05-29T11:21:29.360+0000] {logging_mixin.py:188} INFO - [2026-05-29T11:21:29.359+0000] {dag.py:3834} INFO - Setting next_dagrun for telegraph_scraper to 2026-05-29 00:00:00+00:00, run_after=2026-05-30 00:00:00+00:00
[2026-05-29T11:21:31.265+0000] {processor.py:183} INFO - Processing /opt/airflow/dags/telegraph_dag.py took 11.329 seconds
[2026-05-29T11:22:12.570+0000] {processor.py:161} INFO - Started process (PID=186) to work on /opt/airflow/dags/telegraph_dag.py
[2026-05-29T11:22:12.703+0000] {processor.py:830} INFO - Processing file /opt/airflow/dags/telegraph_dag.py for tasks to queue
[2026-05-29T11:22:12.907+0000] {logging_mixin.py:188} INFO - [2026-05-29T11:22:12.906+0000] {dagbag.py:540} INFO - Filling up the DagBag from /opt/airflow/dags/telegraph_dag.py
[2026-05-29T11:22:16.778+0000] {processor.py:840} INFO - DAG(s) 'telegraph_scraper' retrieved from /opt/airflow/dags/telegraph_dag.py
[2026-05-29T11:22:17.973+0000] {logging_mixin.py:188} INFO - [2026-05-29T11:22:17.973+0000] {dag.py:3047} INFO - Sync 1 DAGs
[2026-05-29T11:22:19.622+0000] {logging_mixin.py:188} INFO - [2026-05-29T11:22:19.622+0000] {dag.py:3834} INFO - Setting next_dagrun for telegraph_scraper to 2026-05-29 00:00:00+00:00, run_after=2026-05-30 00:00:00+00:00
[2026-05-29T11:22:22.626+0000] {processor.py:183} INFO - Processing /opt/airflow/dags/telegraph_dag.py took 11.309 seconds
[2026-05-29T11:22:55.723+0000] {processor.py:161} INFO - Started process (PID=218) to work on /opt/airflow/dags/telegraph_dag.py
[2026-05-29T11:22:55.742+0000] {processor.py:830} INFO - Processing file /opt/airflow/dags/telegraph_dag.py for tasks to queue
[2026-05-29T11:22:55.776+0000] {logging_mixin.py:188} INFO - [2026-05-29T11:22:55.774+0000] {dagbag.py:540} INFO - Filling up the DagBag from /opt/airflow/dags/telegraph_dag.py
[2026-05-29T11:22:55.944+0000] {processor.py:840} INFO - DAG(s) 'telegraph_scraper' retrieved from /opt/airflow/dags/telegraph_dag.py
[2026-05-29T11:22:56.324+0000] {logging_mixin.py:188} INFO - [2026-05-29T11:22:56.324+0000] {dag.py:3047} INFO - Sync 1 DAGs
[2026-05-29T11:22:56.710+0000] {logging_mixin.py:188} INFO - [2026-05-29T11:22:56.709+0000] {dag.py:3834} INFO - Setting next_dagrun for telegraph_scraper to 2026-05-29 00:00:00+00:00, run_after=2026-05-30 00:00:00+00:00
[2026-05-29T11:22:57.482+0000] {processor.py:183} INFO - Processing /opt/airflow/dags/telegraph_dag.py took 1.838 seconds
[2026-05-29T11:23:29.136+0000] {processor.py:161} INFO - Started process (PID=248) to work on /opt/airflow/dags/telegraph_dag.py
[2026-05-29T11:23:29.142+0000] {processor.py:830} INFO - Processing file /opt/airflow/dags/telegraph_dag.py for tasks to queue
[2026-05-29T11:23:29.146+0000] {logging_mixin.py:188} INFO - [2026-05-29T11:23:29.146+0000] {dagbag.py:540} INFO - Filling up the DagBag from /opt/airflow/dags/telegraph_dag.py
[2026-05-29T11:23:29.952+0000] {processor.py:840} INFO - DAG(s) 'telegraph_scraper' retrieved from /opt/airflow/dags/telegraph_dag.py
[2026-05-29T11:23:31.344+0000] {logging_mixin.py:188} INFO - [2026-05-29T11:23:31.344+0000] {dag.py:3047} INFO - Sync 1 DAGs
[2026-05-29T11:23:32.418+0000] {logging_mixin.py:188} INFO - [2026-05-29T11:23:32.417+0000] {dag.py:3834} INFO - Setting next_dagrun for telegraph_scraper to 2026-05-29 00:00:00+00:00, run_after=2026-05-30 00:00:00+00:00
[2026-05-29T11:23:32.660+0000] {processor.py:183} INFO - Processing /opt/airflow/dags/telegraph_dag.py took 3.558 seconds
[2026-05-29T11:24:05.492+0000] {processor.py:161} INFO - Started process (PID=276) to work on /opt/airflow/dags/telegraph_dag.py
[2026-05-29T11:24:05.509+0000] {processor.py:830} INFO - Processing file /opt/airflow/dags/telegraph_dag.py for tasks to queue
[2026-05-29T11:24:05.568+0000] {logging_mixin.py:188} INFO - [2026-05-29T11:24:05.566+0000] {dagbag.py:540} INFO - Filling up the DagBag from /opt/airflow/dags/telegraph_dag.py
[2026-05-29T11:24:06.258+0000] {processor.py:840} INFO - DAG(s) 'telegraph_scraper' retrieved from /opt/airflow/dags/telegraph_dag.py
[2026-05-29T11:24:07.224+0000] {logging_mixin.py:188} INFO - [2026-05-29T11:24:07.221+0000] {dag.py:3047} INFO - Sync 1 DAGs
[2026-05-29T11:24:07.356+0000] {logging_mixin.py:188} INFO - [2026-05-29T11:24:07.356+0000] {dag.py:3834} INFO - Setting next_dagrun for telegraph_scraper to 2026-05-29 00:00:00+00:00, run_after=2026-05-30 00:00:00+00:00
[2026-05-29T11:24:07.478+0000] {processor.py:183} INFO - Processing /opt/airflow/dags/telegraph_dag.py took 2.082 seconds
[2026-05-29T11:24:40.401+0000] {processor.py:161} INFO - Started process (PID=306) to work on /opt/airflow/dags/telegraph_dag.py
[2026-05-29T11:24:40.550+0000] {processor.py:830} INFO - Processing file /opt/airflow/dags/telegraph_dag.py for tasks to queue
[2026-05-29T11:24:40.557+0000] {logging_mixin.py:188} INFO - [2026-05-29T11:24:40.556+0000] {dagbag.py:540} INFO - Filling up the DagBag from /opt/airflow/dags/telegraph_dag.py
[2026-05-29T11:24:40.836+0000] {processor.py:840} INFO - DAG(s) 'telegraph_scraper' retrieved from /opt/airflow/dags/telegraph_dag.py
[2026-05-29T11:24:41.493+0000] {logging_mixin.py:188} INFO - [2026-05-29T11:24:41.477+0000] {dag.py:3047} INFO - Sync 1 DAGs
[2026-05-29T11:24:42.913+0000] {logging_mixin.py:188} INFO - [2026-05-29T11:24:42.912+0000] {dag.py:3834} INFO - Setting next_dagrun for telegraph_scraper to 2026-05-29 00:00:00+00:00, run_after=2026-05-30 00:00:00+00:00
[2026-05-29T11:24:43.539+0000] {processor.py:183} INFO - Processing /opt/airflow/dags/telegraph_dag.py took 3.499 seconds
[2026-05-29T11:25:15.528+0000] {processor.py:161} INFO - Started process (PID=336) to work on /opt/airflow/dags/telegraph_dag.py
[2026-05-29T11:25:15.544+0000] {processor.py:830} INFO - Processing file /opt/airflow/dags/telegraph_dag.py for tasks to queue
[2026-05-29T11:25:15.577+0000] {logging_mixin.py:188} INFO - [2026-05-29T11:25:15.567+0000] {dagbag.py:540} INFO - Filling up the DagBag from /opt/airflow/dags/telegraph_dag.py
[2026-05-29T11:25:16.714+0000] {processor.py:840} INFO - DAG(s) 'telegraph_scraper' retrieved from /opt/airflow/dags/telegraph_dag.py
[2026-05-29T11:25:17.961+0000] {logging_mixin.py:188} INFO - [2026-05-29T11:25:17.960+0000] {dag.py:3047} INFO - Sync 1 DAGs
[2026-05-29T11:25:18.369+0000] {logging_mixin.py:188} INFO - [2026-05-29T11:25:18.368+0000] {dag.py:3834} INFO - Setting next_dagrun for telegraph_scraper to 2026-05-29 00:00:00+00:00, run_after=2026-05-30 00:00:00+00:00
[2026-05-29T11:25:18.902+0000] {processor.py:183} INFO - Processing /opt/airflow/dags/telegraph_dag.py took 3.431 seconds
[2026-05-29T11:25:51.423+0000] {processor.py:161} INFO - Started process (PID=366) to work on /opt/airflow/dags/telegraph_dag.py
[2026-05-29T11:25:51.609+0000] {processor.py:830} INFO - Processing file /opt/airflow/dags/telegraph_dag.py for tasks to queue
[2026-05-29T11:25:51.715+0000] {logging_mixin.py:188} INFO - [2026-05-29T11:25:51.659+0000] {dagbag.py:540} INFO - Filling up the DagBag from /opt/airflow/dags/telegraph_dag.py
[2026-05-29T11:25:52.516+0000] {processor.py:840} INFO - DAG(s) 'telegraph_scraper' retrieved from /opt/airflow/dags/telegraph_dag.py
[2026-05-29T11:25:53.423+0000] {logging_mixin.py:188} INFO - [2026-05-29T11:25:53.423+0000] {dag.py:3047} INFO - Sync 1 DAGs
[2026-05-29T11:25:54.394+0000] {logging_mixin.py:188} INFO - [2026-05-29T11:25:54.343+0000] {dag.py:3834} INFO - Setting next_dagrun for telegraph_scraper to 2026-05-29 00:00:00+00:00, run_after=2026-05-30 00:00:00+00:00
[2026-05-29T11:25:55.353+0000] {processor.py:183} INFO - Processing /opt/airflow/dags/telegraph_dag.py took 4.112 seconds
[2026-05-29T11:26:34.611+0000] {processor.py:161} INFO - Started process (PID=400) to work on /opt/airflow/dags/telegraph_dag.py
[2026-05-29T11:26:34.738+0000] {processor.py:830} INFO - Processing file /opt/airflow/dags/telegraph_dag.py for tasks to queue
[2026-05-29T11:26:34.836+0000] {logging_mixin.py:188} INFO - [2026-05-29T11:26:34.835+0000] {dagbag.py:540} INFO - Filling up the DagBag from /opt/airflow/dags/telegraph_dag.py
[2026-05-29T11:26:39.160+0000] {processor.py:840} INFO - DAG(s) 'telegraph_scraper' retrieved from /opt/airflow/dags/telegraph_dag.py
[2026-05-29T11:26:41.990+0000] {logging_mixin.py:188} INFO - [2026-05-29T11:26:41.960+0000] {dag.py:3047} INFO - Sync 1 DAGs
[2026-05-29T11:26:43.406+0000] {logging_mixin.py:188} INFO - [2026-05-29T11:26:43.405+0000] {dag.py:3834} INFO - Setting next_dagrun for telegraph_scraper to 2026-05-29 00:00:00+00:00, run_after=2026-05-30 00:00:00+00:00
[2026-05-29T11:26:44.402+0000] {processor.py:183} INFO - Processing /opt/airflow/dags/telegraph_dag.py took 10.008 seconds
[2026-05-29T11:27:20.071+0000] {processor.py:161} INFO - Started process (PID=433) to work on /opt/airflow/dags/telegraph_dag.py
[2026-05-29T11:27:20.086+0000] {processor.py:830} INFO - Processing file /opt/airflow/dags/telegraph_dag.py for tasks to queue
[2026-05-29T11:27:20.103+0000] {logging_mixin.py:188} INFO - [2026-05-29T11:27:20.102+0000] {dagbag.py:540} INFO - Filling up the DagBag from /opt/airflow/dags/telegraph_dag.py
[2026-05-29T11:27:22.113+0000] {processor.py:840} INFO - DAG(s) 'telegraph_scraper' retrieved from /opt/airflow/dags/telegraph_dag.py
[2026-05-29T11:27:23.462+0000] {logging_mixin.py:188} INFO - [2026-05-29T11:27:23.462+0000] {dag.py:3047} INFO - Sync 1 DAGs
[2026-05-29T11:27:25.475+0000] {logging_mixin.py:188} INFO - [2026-05-29T11:27:25.474+0000] {dag.py:3834} INFO - Setting next_dagrun for telegraph_scraper to 2026-05-29 00:00:00+00:00, run_after=2026-05-30 00:00:00+00:00
[2026-05-29T11:27:26.130+0000] {processor.py:183} INFO - Processing /opt/airflow/dags/telegraph_dag.py took 6.091 seconds
[2026-05-29T11:28:03.307+0000] {processor.py:161} INFO - Started process (PID=466) to work on /opt/airflow/dags/telegraph_dag.py
[2026-05-29T11:28:03.352+0000] {processor.py:830} INFO - Processing file /opt/airflow/dags/telegraph_dag.py for tasks to queue
[2026-05-29T11:28:03.563+0000] {logging_mixin.py:188} INFO - [2026-05-29T11:28:03.515+0000] {dagbag.py:540} INFO - Filling up the DagBag from /opt/airflow/dags/telegraph_dag.py
[2026-05-29T11:28:06.173+0000] {processor.py:840} INFO - DAG(s) 'telegraph_scraper' retrieved from /opt/airflow/dags/telegraph_dag.py
[2026-05-29T11:28:06.415+0000] {logging_mixin.py:188} INFO - [2026-05-29T11:28:06.414+0000] {dag.py:3047} INFO - Sync 1 DAGs
[2026-05-29T11:28:06.892+0000] {logging_mixin.py:188} INFO - [2026-05-29T11:28:06.892+0000] {dag.py:3834} INFO - Setting next_dagrun for telegraph_scraper to 2026-05-29 00:00:00+00:00, run_after=2026-05-30 00:00:00+00:00
[2026-05-29T11:28:07.497+0000] {processor.py:183} INFO - Processing /opt/airflow/dags/telegraph_dag.py took 4.246 seconds
[2026-05-29T11:28:40.078+0000] {processor.py:161} INFO - Started process (PID=498) to work on /opt/airflow/dags/telegraph_dag.py
[2026-05-29T11:28:40.141+0000] {processor.py:830} INFO - Processing file /opt/airflow/dags/telegraph_dag.py for tasks to queue
[2026-05-29T11:28:40.246+0000] {logging_mixin.py:188} INFO - [2026-05-29T11:28:40.173+0000] {dagbag.py:540} INFO - Filling up the DagBag from /opt/airflow/dags/telegraph_dag.py
[2026-05-29T11:28:41.330+0000] {processor.py:840} INFO - DAG(s) 'telegraph_scraper' retrieved from /opt/airflow/dags/telegraph_dag.py
[2026-05-29T11:28:41.573+0000] {logging_mixin.py:188} INFO - [2026-05-29T11:28:41.572+0000] {dag.py:3047} INFO - Sync 1 DAGs
[2026-05-29T11:28:41.724+0000] {logging_mixin.py:188} INFO - [2026-05-29T11:28:41.724+0000] {dag.py:3834} INFO - Setting next_dagrun for telegraph_scraper to 2026-05-29 00:00:00+00:00, run_after=2026-05-30 00:00:00+00:00
[2026-05-29T11:28:41.995+0000] {processor.py:183} INFO - Processing /opt/airflow/dags/telegraph_dag.py took 2.132 seconds
[2026-05-29T11:29:14.799+0000] {processor.py:161} INFO - Started process (PID=530) to work on /opt/airflow/dags/telegraph_dag.py
[2026-05-29T11:29:14.808+0000] {processor.py:830} INFO - Processing file /opt/airflow/dags/telegraph_dag.py for tasks to queue
[2026-05-29T11:29:14.816+0000] {logging_mixin.py:188} INFO - [2026-05-29T11:29:14.815+0000] {dagbag.py:540} INFO - Filling up the DagBag from /opt/airflow/dags/telegraph_dag.py
[2026-05-29T11:29:14.956+0000] {processor.py:840} INFO - DAG(s) 'telegraph_scraper' retrieved from /opt/airflow/dags/telegraph_dag.py
[2026-05-29T11:29:15.178+0000] {logging_mixin.py:188} INFO - [2026-05-29T11:29:15.178+0000] {dag.py:3047} INFO - Sync 1 DAGs
[2026-05-29T11:29:15.320+0000] {logging_mixin.py:188} INFO - [2026-05-29T11:29:15.320+0000] {dag.py:3834} INFO - Setting next_dagrun for telegraph_scraper to 2026-05-29 00:00:00+00:00, run_after=2026-05-30 00:00:00+00:00
[2026-05-29T11:29:15.395+0000] {processor.py:183} INFO - Processing /opt/airflow/dags/telegraph_dag.py took 0.626 seconds
[2026-05-29T11:29:46.374+0000] {processor.py:161} INFO - Started process (PID=558) to work on /opt/airflow/dags/telegraph_dag.py
[2026-05-29T11:29:46.390+0000] {processor.py:830} INFO - Processing file /opt/airflow/dags/telegraph_dag.py for tasks to queue
[2026-05-29T11:29:46.406+0000] {logging_mixin.py:188} INFO - [2026-05-29T11:29:46.405+0000] {dagbag.py:540} INFO - Filling up the DagBag from /opt/airflow/dags/telegraph_dag.py
[2026-05-29T11:29:46.930+0000] {processor.py:840} INFO - DAG(s) 'telegraph_scraper' retrieved from /opt/airflow/dags/telegraph_dag.py
[2026-05-29T11:29:47.088+0000] {logging_mixin.py:188} INFO - [2026-05-29T11:29:47.087+0000] {dag.py:3047} INFO - Sync 1 DAGs
[2026-05-29T11:29:47.207+0000] {logging_mixin.py:188} INFO - [2026-05-29T11:29:47.207+0000] {dag.py:3834} INFO - Setting next_dagrun for telegraph_scraper to 2026-05-29 00:00:00+00:00, run_after=2026-05-30 00:00:00+00:00
[2026-05-29T11:29:47.291+0000] {processor.py:183} INFO - Processing /opt/airflow/dags/telegraph_dag.py took 0.960 seconds
[2026-05-29T11:30:18.418+0000] {processor.py:161} INFO - Started process (PID=590) to work on /opt/airflow/dags/telegraph_dag.py
[2026-05-29T11:30:18.427+0000] {processor.py:830} INFO - Processing file /opt/airflow/dags/telegraph_dag.py for tasks to queue
[2026-05-29T11:30:18.433+0000] {logging_mixin.py:188} INFO - [2026-05-29T11:30:18.432+0000] {dagbag.py:540} INFO - Filling up the DagBag from /opt/airflow/dags/telegraph_dag.py
[2026-05-29T11:30:18.530+0000] {processor.py:840} INFO - DAG(s) 'telegraph_scraper' retrieved from /opt/airflow/dags/telegraph_dag.py
[2026-05-29T11:30:18.619+0000] {logging_mixin.py:188} INFO - [2026-05-29T11:30:18.618+0000] {dag.py:3047} INFO - Sync 1 DAGs
[2026-05-29T11:30:18.700+0000] {logging_mixin.py:188} INFO - [2026-05-29T11:30:18.699+0000] {dag.py:3834} INFO - Setting next_dagrun for telegraph_scraper to 2026-05-29 00:00:00+00:00, run_after=2026-05-30 00:00:00+00:00
[2026-05-29T11:30:18.925+0000] {processor.py:183} INFO - Processing /opt/airflow/dags/telegraph_dag.py took 0.533 seconds
[2026-05-29T11:30:50.327+0000] {processor.py:161} INFO - Started process (PID=620) to work on /opt/airflow/dags/telegraph_dag.py
[2026-05-29T11:30:50.387+0000] {processor.py:830} INFO - Processing file /opt/airflow/dags/telegraph_dag.py for tasks to queue
[2026-05-29T11:30:50.420+0000] {logging_mixin.py:188} INFO - [2026-05-29T11:30:50.419+0000] {dagbag.py:540} INFO - Filling up the DagBag from /opt/airflow/dags/telegraph_dag.py
[2026-05-29T11:30:50.678+0000] {processor.py:840} INFO - DAG(s) 'telegraph_scraper' retrieved from /opt/airflow/dags/telegraph_dag.py
[2026-05-29T11:30:50.770+0000] {logging_mixin.py:188} INFO - [2026-05-29T11:30:50.769+0000] {dag.py:3047} INFO - Sync 1 DAGs
[2026-05-29T11:30:50.944+0000] {logging_mixin.py:188} INFO - [2026-05-29T11:30:50.941+0000] {dag.py:3834} INFO - Setting next_dagrun for telegraph_scraper to 2026-05-29 00:00:00+00:00, run_after=2026-05-30 00:00:00+00:00
[2026-05-29T11:30:51.126+0000] {processor.py:183} INFO - Processing /opt/airflow/dags/telegraph_dag.py took 0.881 seconds
[2026-05-29T11:31:21.866+0000] {processor.py:161} INFO - Started process (PID=652) to work on /opt/airflow/dags/telegraph_dag.py
[2026-05-29T11:31:21.872+0000] {processor.py:830} INFO - Processing file /opt/airflow/dags/telegraph_dag.py for tasks to queue
[2026-05-29T11:31:21.877+0000] {logging_mixin.py:188} INFO - [2026-05-29T11:31:21.876+0000] {dagbag.py:540} INFO - Filling up the DagBag from /opt/airflow/dags/telegraph_dag.py
[2026-05-29T11:31:21.965+0000] {processor.py:840} INFO - DAG(s) 'telegraph_scraper' retrieved from /opt/airflow/dags/telegraph_dag.py
[2026-05-29T11:31:22.071+0000] {logging_mixin.py:188} INFO - [2026-05-29T11:31:22.070+0000] {dag.py:3047} INFO - Sync 1 DAGs
[2026-05-29T11:31:22.150+0000] {logging_mixin.py:188} INFO - [2026-05-29T11:31:22.150+0000] {dag.py:3834} INFO - Setting next_dagrun for telegraph_scraper to 2026-05-29 00:00:00+00:00, run_after=2026-05-30 00:00:00+00:00
[2026-05-29T11:31:22.246+0000] {processor.py:183} INFO - Processing /opt/airflow/dags/telegraph_dag.py took 0.415 seconds
[2026-05-29T11:31:53.956+0000] {processor.py:161} INFO - Started process (PID=682) to work on /opt/airflow/dags/telegraph_dag.py
[2026-05-29T11:31:54.007+0000] {processor.py:830} INFO - Processing file /opt/airflow/dags/telegraph_dag.py for tasks to queue
[2026-05-29T11:31:54.025+0000] {logging_mixin.py:188} INFO - [2026-05-29T11:31:54.024+0000] {dagbag.py:540} INFO - Filling up the DagBag from /opt/airflow/dags/telegraph_dag.py
[2026-05-29T11:31:54.253+0000] {processor.py:840} INFO - DAG(s) 'telegraph_scraper' retrieved from /opt/airflow/dags/telegraph_dag.py
[2026-05-29T11:31:55.054+0000] {logging_mixin.py:188} INFO - [2026-05-29T11:31:55.053+0000] {dag.py:3047} INFO - Sync 1 DAGs
[2026-05-29T11:31:55.628+0000] {logging_mixin.py:188} INFO - [2026-05-29T11:31:55.627+0000] {dag.py:3834} INFO - Setting next_dagrun for telegraph_scraper to 2026-05-29 00:00:00+00:00, run_after=2026-05-30 00:00:00+00:00
[2026-05-29T11:31:56.199+0000] {processor.py:183} INFO - Processing /opt/airflow/dags/telegraph_dag.py took 2.410 seconds
[2026-05-29T11:32:36.281+0000] {processor.py:161} INFO - Started process (PID=712) to work on /opt/airflow/dags/telegraph_dag.py
[2026-05-29T11:32:36.562+0000] {processor.py:830} INFO - Processing file /opt/airflow/dags/telegraph_dag.py for tasks to queue
[2026-05-29T11:32:36.812+0000] {logging_mixin.py:188} INFO - [2026-05-29T11:32:36.783+0000] {dagbag.py:540} INFO - Filling up the DagBag from /opt/airflow/dags/telegraph_dag.py
[2026-05-29T11:32:43.158+0000] {processor.py:840} INFO - DAG(s) 'telegraph_scraper' retrieved from /opt/airflow/dags/telegraph_dag.py
[2026-05-29T11:32:44.451+0000] {logging_mixin.py:188} INFO - [2026-05-29T11:32:44.450+0000] {dag.py:3047} INFO - Sync 1 DAGs
[2026-05-29T11:32:45.011+0000] {logging_mixin.py:188} INFO - [2026-05-29T11:32:44.999+0000] {dag.py:3834} INFO - Setting next_dagrun for telegraph_scraper to 2026-05-29 00:00:00+00:00, run_after=2026-05-30 00:00:00+00:00
[2026-05-29T11:32:45.834+0000] {processor.py:183} INFO - Processing /opt/airflow/dags/telegraph_dag.py took 9.657 seconds
[2026-05-29T11:33:20.538+0000] {processor.py:161} INFO - Started process (PID=744) to work on /opt/airflow/dags/telegraph_dag.py
[2026-05-29T11:33:20.546+0000] {processor.py:830} INFO - Processing file /opt/airflow/dags/telegraph_dag.py for tasks to queue
[2026-05-29T11:33:20.552+0000] {logging_mixin.py:188} INFO - [2026-05-29T11:33:20.551+0000] {dagbag.py:540} INFO - Filling up the DagBag from /opt/airflow/dags/telegraph_dag.py
[2026-05-29T11:33:20.719+0000] {processor.py:840} INFO - DAG(s) 'telegraph_scraper' retrieved from /opt/airflow/dags/telegraph_dag.py
[2026-05-29T11:33:20.868+0000] {logging_mixin.py:188} INFO - [2026-05-29T11:33:20.867+0000] {dag.py:3047} INFO - Sync 1 DAGs
[2026-05-29T11:33:21.168+0000] {logging_mixin.py:188} INFO - [2026-05-29T11:33:21.155+0000] {dag.py:3834} INFO - Setting next_dagrun for telegraph_scraper to 2026-05-29 00:00:00+00:00, run_after=2026-05-30 00:00:00+00:00
[2026-05-29T11:33:24.169+0000] {processor.py:183} INFO - Processing /opt/airflow/dags/telegraph_dag.py took 3.668 seconds
[2026-05-29T11:34:05.016+0000] {processor.py:161} INFO - Started process (PID=774) to work on /opt/airflow/dags/telegraph_dag.py
[2026-05-29T11:34:05.078+0000] {processor.py:830} INFO - Processing file /opt/airflow/dags/telegraph_dag.py for tasks to queue
[2026-05-29T11:34:05.143+0000] {logging_mixin.py:188} INFO - [2026-05-29T11:34:05.142+0000] {dagbag.py:540} INFO - Filling up the DagBag from /opt/airflow/dags/telegraph_dag.py
[2026-05-29T11:34:08.141+0000] {processor.py:840} INFO - DAG(s) 'telegraph_scraper' retrieved from /opt/airflow/dags/telegraph_dag.py
[2026-05-29T11:34:09.161+0000] {logging_mixin.py:188} INFO - [2026-05-29T11:34:09.160+0000] {dag.py:3047} INFO - Sync 1 DAGs
[2026-05-29T11:34:09.931+0000] {logging_mixin.py:188} INFO - [2026-05-29T11:34:09.930+0000] {dag.py:3834} INFO - Setting next_dagrun for telegraph_scraper to 2026-05-29 00:00:00+00:00, run_after=2026-05-30 00:00:00+00:00
[2026-05-29T11:34:11.062+0000] {processor.py:183} INFO - Processing /opt/airflow/dags/telegraph_dag.py took 6.099 seconds
[2026-05-29T11:34:50.097+0000] {processor.py:161} INFO - Started process (PID=807) to work on /opt/airflow/dags/telegraph_dag.py
[2026-05-29T11:34:50.143+0000] {processor.py:830} INFO - Processing file /opt/airflow/dags/telegraph_dag.py for tasks to queue
[2026-05-29T11:34:50.204+0000] {logging_mixin.py:188} INFO - [2026-05-29T11:34:50.203+0000] {dagbag.py:540} INFO - Filling up the DagBag from /opt/airflow/dags/telegraph_dag.py
[2026-05-29T11:34:53.823+0000] {processor.py:840} INFO - DAG(s) 'telegraph_scraper' retrieved from /opt/airflow/dags/telegraph_dag.py
[2026-05-29T11:34:54.030+0000] {logging_mixin.py:188} INFO - [2026-05-29T11:34:54.029+0000] {dag.py:3047} INFO - Sync 1 DAGs
[2026-05-29T11:34:54.350+0000] {logging_mixin.py:188} INFO - [2026-05-29T11:34:54.350+0000] {dag.py:3834} INFO - Setting next_dagrun for telegraph_scraper to 2026-05-29 00:00:00+00:00, run_after=2026-05-30 00:00:00+00:00
[2026-05-29T11:34:54.694+0000] {processor.py:183} INFO - Processing /opt/airflow/dags/telegraph_dag.py took 4.628 seconds
[2026-05-29T11:35:33.240+0000] {processor.py:161} INFO - Started process (PID=838) to work on /opt/airflow/dags/telegraph_dag.py
[2026-05-29T11:35:33.246+0000] {processor.py:830} INFO - Processing file /opt/airflow/dags/telegraph_dag.py for tasks to queue
[2026-05-29T11:35:33.258+0000] {logging_mixin.py:188} INFO - [2026-05-29T11:35:33.257+0000] {dagbag.py:540} INFO - Filling up the DagBag from /opt/airflow/dags/telegraph_dag.py
[2026-05-29T11:35:33.849+0000] {processor.py:840} INFO - DAG(s) 'telegraph_scraper' retrieved from /opt/airflow/dags/telegraph_dag.py
[2026-05-29T11:35:34.104+0000] {logging_mixin.py:188} INFO - [2026-05-29T11:35:34.103+0000] {dag.py:3047} INFO - Sync 1 DAGs
[2026-05-29T11:35:34.425+0000] {logging_mixin.py:188} INFO - [2026-05-29T11:35:34.424+0000] {dag.py:3834} INFO - Setting next_dagrun for telegraph_scraper to 2026-05-29 00:00:00+00:00, run_after=2026-05-30 00:00:00+00:00
[2026-05-29T11:35:34.691+0000] {processor.py:183} INFO - Processing /opt/airflow/dags/telegraph_dag.py took 1.484 seconds
[2026-05-29T11:36:25.355+0000] {processor.py:161} INFO - Started process (PID=868) to work on /opt/airflow/dags/telegraph_dag.py
[2026-05-29T11:36:25.902+0000] {processor.py:830} INFO - Processing file /opt/airflow/dags/telegraph_dag.py for tasks to queue
[2026-05-29T11:36:25.909+0000] {logging_mixin.py:188} INFO - [2026-05-29T11:36:25.908+0000] {dagbag.py:540} INFO - Filling up the DagBag from /opt/airflow/dags/telegraph_dag.py
[2026-05-29T11:36:28.277+0000] {processor.py:840} INFO - DAG(s) 'telegraph_scraper' retrieved from /opt/airflow/dags/telegraph_dag.py
[2026-05-29T11:36:28.984+0000] {logging_mixin.py:188} INFO - [2026-05-29T11:36:28.983+0000] {dag.py:3047} INFO - Sync 1 DAGs
[2026-05-29T11:36:29.410+0000] {logging_mixin.py:188} INFO - [2026-05-29T11:36:29.409+0000] {dag.py:3834} INFO - Setting next_dagrun for telegraph_scraper to 2026-05-29 00:00:00+00:00, run_after=2026-05-30 00:00:00+00:00
[2026-05-29T11:36:30.140+0000] {processor.py:183} INFO - Processing /opt/airflow/dags/telegraph_dag.py took 4.809 seconds
[2026-05-29T11:37:00.904+0000] {processor.py:161} INFO - Started process (PID=898) to work on /opt/airflow/dags/telegraph_dag.py
[2026-05-29T11:37:00.908+0000] {processor.py:830} INFO - Processing file /opt/airflow/dags/telegraph_dag.py for tasks to queue
[2026-05-29T11:37:00.914+0000] {logging_mixin.py:188} INFO - [2026-05-29T11:37:00.911+0000] {dagbag.py:540} INFO - Filling up the DagBag from /opt/airflow/dags/telegraph_dag.py
[2026-05-29T11:37:00.992+0000] {processor.py:840} INFO - DAG(s) 'telegraph_scraper' retrieved from /opt/airflow/dags/telegraph_dag.py
[2026-05-29T11:37:01.086+0000] {logging_mixin.py:188} INFO - [2026-05-29T11:37:01.085+0000] {dag.py:3047} INFO - Sync 1 DAGs
[2026-05-29T11:37:01.211+0000] {logging_mixin.py:188} INFO - [2026-05-29T11:37:01.210+0000] {dag.py:3834} INFO - Setting next_dagrun for telegraph_scraper to 2026-05-29 00:00:00+00:00, run_after=2026-05-30 00:00:00+00:00
[2026-05-29T11:37:01.650+0000] {processor.py:183} INFO - Processing /opt/airflow/dags/telegraph_dag.py took 0.760 seconds
[2026-05-29T11:37:33.645+0000] {processor.py:161} INFO - Started process (PID=928) to work on /opt/airflow/dags/telegraph_dag.py
[2026-05-29T11:37:33.655+0000] {processor.py:830} INFO - Processing file /opt/airflow/dags/telegraph_dag.py for tasks to queue
[2026-05-29T11:37:33.663+0000] {logging_mixin.py:188} INFO - [2026-05-29T11:37:33.662+0000] {dagbag.py:540} INFO - Filling up the DagBag from /opt/airflow/dags/telegraph_dag.py
[2026-05-29T11:37:34.055+0000] {processor.py:840} INFO - DAG(s) 'telegraph_scraper' retrieved from /opt/airflow/dags/telegraph_dag.py
[2026-05-29T11:37:34.261+0000] {logging_mixin.py:188} INFO - [2026-05-29T11:37:34.260+0000] {dag.py:3047} INFO - Sync 1 DAGs
[2026-05-29T11:37:34.518+0000] {logging_mixin.py:188} INFO - [2026-05-29T11:37:34.518+0000] {dag.py:3834} INFO - Setting next_dagrun for telegraph_scraper to 2026-05-29 00:00:00+00:00, run_after=2026-05-30 00:00:00+00:00
[2026-05-29T11:37:34.904+0000] {processor.py:183} INFO - Processing /opt/airflow/dags/telegraph_dag.py took 1.277 seconds
[2026-05-29T11:38:05.360+0000] {processor.py:161} INFO - Started process (PID=958) to work on /opt/airflow/dags/telegraph_dag.py
[2026-05-29T11:38:05.364+0000] {processor.py:830} INFO - Processing file /opt/airflow/dags/telegraph_dag.py for tasks to queue
[2026-05-29T11:38:05.367+0000] {logging_mixin.py:188} INFO - [2026-05-29T11:38:05.366+0000] {dagbag.py:540} INFO - Filling up the DagBag from /opt/airflow/dags/telegraph_dag.py
[2026-05-29T11:38:05.425+0000] {processor.py:840} INFO - DAG(s) 'telegraph_scraper' retrieved from /opt/airflow/dags/telegraph_dag.py
[2026-05-29T11:38:05.508+0000] {logging_mixin.py:188} INFO - [2026-05-29T11:38:05.507+0000] {dag.py:3047} INFO - Sync 1 DAGs
[2026-05-29T11:38:05.712+0000] {logging_mixin.py:188} INFO - [2026-05-29T11:38:05.701+0000] {dag.py:3834} INFO - Setting next_dagrun for telegraph_scraper to 2026-05-29 00:00:00+00:00, run_after=2026-05-30 00:00:00+00:00
[2026-05-29T11:38:05.879+0000] {processor.py:183} INFO - Processing /opt/airflow/dags/telegraph_dag.py took 0.529 seconds
[2026-05-29T11:38:36.129+0000] {processor.py:161} INFO - Started process (PID=988) to work on /opt/airflow/dags/telegraph_dag.py
[2026-05-29T11:38:36.132+0000] {processor.py:830} INFO - Processing file /opt/airflow/dags/telegraph_dag.py for tasks to queue
[2026-05-29T11:38:36.135+0000] {logging_mixin.py:188} INFO - [2026-05-29T11:38:36.134+0000] {dagbag.py:540} INFO - Filling up the DagBag from /opt/airflow/dags/telegraph_dag.py
[2026-05-29T11:38:36.196+0000] {processor.py:840} INFO - DAG(s) 'telegraph_scraper' retrieved from /opt/airflow/dags/telegraph_dag.py
[2026-05-29T11:38:36.285+0000] {logging_mixin.py:188} INFO - [2026-05-29T11:38:36.284+0000] {dag.py:3047} INFO - Sync 1 DAGs
[2026-05-29T11:38:36.354+0000] {logging_mixin.py:188} INFO - [2026-05-29T11:38:36.353+0000] {dag.py:3834} INFO - Setting next_dagrun for telegraph_scraper to 2026-05-29 00:00:00+00:00, run_after=2026-05-30 00:00:00+00:00
[2026-05-29T11:38:36.461+0000] {processor.py:183} INFO - Processing /opt/airflow/dags/telegraph_dag.py took 0.342 seconds
[2026-05-29T11:39:23.227+0000] {processor.py:161} INFO - Started process (PID=1018) to work on /opt/airflow/dags/telegraph_dag.py
[2026-05-29T11:39:23.243+0000] {processor.py:830} INFO - Processing file /opt/airflow/dags/telegraph_dag.py for tasks to queue
[2026-05-29T11:39:23.246+0000] {logging_mixin.py:188} INFO - [2026-05-29T11:39:23.245+0000] {dagbag.py:540} INFO - Filling up the DagBag from /opt/airflow/dags/telegraph_dag.py
[2026-05-29T11:39:23.372+0000] {processor.py:840} INFO - DAG(s) 'telegraph_scraper' retrieved from /opt/airflow/dags/telegraph_dag.py
[2026-05-29T11:39:23.575+0000] {logging_mixin.py:188} INFO - [2026-05-29T11:39:23.574+0000] {dag.py:3047} INFO - Sync 1 DAGs
[2026-05-29T11:39:23.808+0000] {logging_mixin.py:188} INFO - [2026-05-29T11:39:23.808+0000] {dag.py:3834} INFO - Setting next_dagrun for telegraph_scraper to 2026-05-29 00:00:00+00:00, run_after=2026-05-30 00:00:00+00:00
[2026-05-29T11:39:24.124+0000] {processor.py:183} INFO - Processing /opt/airflow/dags/telegraph_dag.py took 0.928 seconds
[2026-05-29T11:39:57.084+0000] {processor.py:161} INFO - Started process (PID=1036) to work on /opt/airflow/dags/telegraph_dag.py
[2026-05-29T11:39:57.146+0000] {processor.py:830} INFO - Processing file /opt/airflow/dags/telegraph_dag.py for tasks to queue
[2026-05-29T11:39:57.248+0000] {logging_mixin.py:188} INFO - [2026-05-29T11:39:57.246+0000] {dagbag.py:540} INFO - Filling up the DagBag from /opt/airflow/dags/telegraph_dag.py
[2026-05-29T11:39:58.144+0000] {processor.py:840} INFO - DAG(s) 'telegraph_scraper' retrieved from /opt/airflow/dags/telegraph_dag.py
[2026-05-29T11:39:58.720+0000] {logging_mixin.py:188} INFO - [2026-05-29T11:39:58.720+0000] {dag.py:3047} INFO - Sync 1 DAGs
[2026-05-29T11:39:59.099+0000] {logging_mixin.py:188} INFO - [2026-05-29T11:39:59.099+0000] {dag.py:3834} INFO - Setting next_dagrun for telegraph_scraper to 2026-05-29 00:00:00+00:00, run_after=2026-05-30 00:00:00+00:00
[2026-05-29T11:40:01.596+0000] {processor.py:183} INFO - Processing /opt/airflow/dags/telegraph_dag.py took 4.532 seconds
[2026-05-29T11:40:44.054+0000] {processor.py:161} INFO - Started process (PID=1063) to work on /opt/airflow/dags/telegraph_dag.py
[2026-05-29T11:40:44.134+0000] {processor.py:830} INFO - Processing file /opt/airflow/dags/telegraph_dag.py for tasks to queue
[2026-05-29T11:40:44.194+0000] {logging_mixin.py:188} INFO - [2026-05-29T11:40:44.193+0000] {dagbag.py:540} INFO - Filling up the DagBag from /opt/airflow/dags/telegraph_dag.py
[2026-05-29T11:40:45.500+0000] {processor.py:840} INFO - DAG(s) 'telegraph_scraper' retrieved from /opt/airflow/dags/telegraph_dag.py
[2026-05-29T11:40:45.681+0000] {logging_mixin.py:188} INFO - [2026-05-29T11:40:45.681+0000] {dag.py:3047} INFO - Sync 1 DAGs
[2026-05-29T11:40:46.036+0000] {logging_mixin.py:188} INFO - [2026-05-29T11:40:46.036+0000] {dag.py:3834} INFO - Setting next_dagrun for telegraph_scraper to 2026-05-29 00:00:00+00:00, run_after=2026-05-30 00:00:00+00:00
[2026-05-29T11:40:46.517+0000] {processor.py:183} INFO - Processing /opt/airflow/dags/telegraph_dag.py took 2.483 seconds
[2026-05-29T11:41:19.231+0000] {processor.py:161} INFO - Started process (PID=1091) to work on /opt/airflow/dags/telegraph_dag.py
[2026-05-29T11:41:19.235+0000] {processor.py:830} INFO - Processing file /opt/airflow/dags/telegraph_dag.py for tasks to queue
[2026-05-29T11:41:19.239+0000] {logging_mixin.py:188} INFO - [2026-05-29T11:41:19.238+0000] {dagbag.py:540} INFO - Filling up the DagBag from /opt/airflow/dags/telegraph_dag.py
[2026-05-29T11:41:19.299+0000] {processor.py:840} INFO - DAG(s) 'telegraph_scraper' retrieved from /opt/airflow/dags/telegraph_dag.py
[2026-05-29T11:41:19.449+0000] {logging_mixin.py:188} INFO - [2026-05-29T11:41:19.438+0000] {dag.py:3047} INFO - Sync 1 DAGs
[2026-05-29T11:41:19.646+0000] {logging_mixin.py:188} INFO - [2026-05-29T11:41:19.645+0000] {dag.py:3834} INFO - Setting next_dagrun for telegraph_scraper to 2026-05-29 00:00:00+00:00, run_after=2026-05-30 00:00:00+00:00
[2026-05-29T11:41:20.106+0000] {processor.py:183} INFO - Processing /opt/airflow/dags/telegraph_dag.py took 0.891 seconds
[2026-05-29T11:41:52.497+0000] {processor.py:161} INFO - Started process (PID=1116) to work on /opt/airflow/dags/telegraph_dag.py
[2026-05-29T11:41:52.526+0000] {processor.py:830} INFO - Processing file /opt/airflow/dags/telegraph_dag.py for tasks to queue
[2026-05-29T11:41:52.567+0000] {logging_mixin.py:188} INFO - [2026-05-29T11:41:52.566+0000] {dagbag.py:540} INFO - Filling up the DagBag from /opt/airflow/dags/telegraph_dag.py
[2026-05-29T11:41:54.481+0000] {processor.py:840} INFO - DAG(s) 'telegraph_scraper' retrieved from /opt/airflow/dags/telegraph_dag.py
[2026-05-29T11:41:55.249+0000] {logging_mixin.py:188} INFO - [2026-05-29T11:41:55.218+0000] {dag.py:3047} INFO - Sync 1 DAGs
[2026-05-29T11:41:56.446+0000] {logging_mixin.py:188} INFO - [2026-05-29T11:41:56.431+0000] {dag.py:3834} INFO - Setting next_dagrun for telegraph_scraper to 2026-05-29 00:00:00+00:00, run_after=2026-05-30 00:00:00+00:00
[2026-05-29T11:41:58.666+0000] {processor.py:183} INFO - Processing /opt/airflow/dags/telegraph_dag.py took 6.182 seconds
[2026-05-29T11:42:29.325+0000] {processor.py:161} INFO - Started process (PID=1146) to work on /opt/airflow/dags/telegraph_dag.py
[2026-05-29T11:42:29.328+0000] {processor.py:830} INFO - Processing file /opt/airflow/dags/telegraph_dag.py for tasks to queue
[2026-05-29T11:42:29.331+0000] {logging_mixin.py:188} INFO - [2026-05-29T11:42:29.330+0000] {dagbag.py:540} INFO - Filling up the DagBag from /opt/airflow/dags/telegraph_dag.py
[2026-05-29T11:42:29.392+0000] {processor.py:840} INFO - DAG(s) 'telegraph_scraper' retrieved from /opt/airflow/dags/telegraph_dag.py
[2026-05-29T11:42:29.475+0000] {logging_mixin.py:188} INFO - [2026-05-29T11:42:29.474+0000] {dag.py:3047} INFO - Sync 1 DAGs
[2026-05-29T11:42:29.539+0000] {logging_mixin.py:188} INFO - [2026-05-29T11:42:29.538+0000] {dag.py:3834} INFO - Setting next_dagrun for telegraph_scraper to 2026-05-29 00:00:00+00:00, run_after=2026-05-30 00:00:00+00:00
[2026-05-29T11:42:38.846+0000] {processor.py:183} INFO - Processing /opt/airflow/dags/telegraph_dag.py took 9.533 seconds
[2026-05-29T11:43:09.156+0000] {processor.py:161} INFO - Started process (PID=1173) to work on /opt/airflow/dags/telegraph_dag.py
[2026-05-29T11:43:09.161+0000] {processor.py:830} INFO - Processing file /opt/airflow/dags/telegraph_dag.py for tasks to queue
[2026-05-29T11:43:09.164+0000] {logging_mixin.py:188} INFO - [2026-05-29T11:43:09.163+0000] {dagbag.py:540} INFO - Filling up the DagBag from /opt/airflow/dags/telegraph_dag.py
[2026-05-29T11:43:09.254+0000] {processor.py:840} INFO - DAG(s) 'telegraph_scraper' retrieved from /opt/airflow/dags/telegraph_dag.py
[2026-05-29T11:43:09.472+0000] {logging_mixin.py:188} INFO - [2026-05-29T11:43:09.471+0000] {dag.py:3047} INFO - Sync 1 DAGs
[2026-05-29T11:43:09.725+0000] {logging_mixin.py:188} INFO - [2026-05-29T11:43:09.724+0000] {dag.py:3834} INFO - Setting next_dagrun for telegraph_scraper to 2026-05-29 00:00:00+00:00, run_after=2026-05-30 00:00:00+00:00
[2026-05-29T11:43:09.963+0000] {processor.py:183} INFO - Processing /opt/airflow/dags/telegraph_dag.py took 0.829 seconds
[2026-05-29T11:43:41.245+0000] {processor.py:161} INFO - Started process (PID=1202) to work on /opt/airflow/dags/telegraph_dag.py
[2026-05-29T11:43:41.249+0000] {processor.py:830} INFO - Processing file /opt/airflow/dags/telegraph_dag.py for tasks to queue
[2026-05-29T11:43:41.252+0000] {logging_mixin.py:188} INFO - [2026-05-29T11:43:41.251+0000] {dagbag.py:540} INFO - Filling up the DagBag from /opt/airflow/dags/telegraph_dag.py
[2026-05-29T11:43:41.385+0000] {processor.py:840} INFO - DAG(s) 'telegraph_scraper' retrieved from /opt/airflow/dags/telegraph_dag.py
[2026-05-29T11:43:41.579+0000] {logging_mixin.py:188} INFO - [2026-05-29T11:43:41.579+0000] {dag.py:3047} INFO - Sync 1 DAGs
[2026-05-29T11:43:41.788+0000] {logging_mixin.py:188} INFO - [2026-05-29T11:43:41.788+0000] {dag.py:3834} INFO - Setting next_dagrun for telegraph_scraper to 2026-05-29 00:00:00+00:00, run_after=2026-05-30 00:00:00+00:00
[2026-05-29T11:43:43.247+0000] {processor.py:183} INFO - Processing /opt/airflow/dags/telegraph_dag.py took 2.016 seconds
[2026-05-29T11:44:14.805+0000] {processor.py:161} INFO - Started process (PID=1233) to work on /opt/airflow/dags/telegraph_dag.py
[2026-05-29T11:44:14.808+0000] {processor.py:830} INFO - Processing file /opt/airflow/dags/telegraph_dag.py for tasks to queue
[2026-05-29T11:44:14.811+0000] {logging_mixin.py:188} INFO - [2026-05-29T11:44:14.810+0000] {dagbag.py:540} INFO - Filling up the DagBag from /opt/airflow/dags/telegraph_dag.py
[2026-05-29T11:44:14.865+0000] {processor.py:840} INFO - DAG(s) 'telegraph_scraper' retrieved from /opt/airflow/dags/telegraph_dag.py
[2026-05-29T11:44:14.937+0000] {logging_mixin.py:188} INFO - [2026-05-29T11:44:14.936+0000] {dag.py:3047} INFO - Sync 1 DAGs
[2026-05-29T11:44:15.026+0000] {logging_mixin.py:188} INFO - [2026-05-29T11:44:15.025+0000] {dag.py:3834} INFO - Setting next_dagrun for telegraph_scraper to 2026-05-29 00:00:00+00:00, run_after=2026-05-30 00:00:00+00:00
[2026-05-29T11:44:15.115+0000] {processor.py:183} INFO - Processing /opt/airflow/dags/telegraph_dag.py took 0.319 seconds
[2026-05-29T11:44:45.884+0000] {processor.py:161} INFO - Started process (PID=1263) to work on /opt/airflow/dags/telegraph_dag.py
[2026-05-29T11:44:45.888+0000] {processor.py:830} INFO - Processing file /opt/airflow/dags/telegraph_dag.py for tasks to queue
[2026-05-29T11:44:45.892+0000] {logging_mixin.py:188} INFO - [2026-05-29T11:44:45.891+0000] {dagbag.py:540} INFO - Filling up the DagBag from /opt/airflow/dags/telegraph_dag.py
[2026-05-29T11:44:45.960+0000] {processor.py:840} INFO - DAG(s) 'telegraph_scraper' retrieved from /opt/airflow/dags/telegraph_dag.py
[2026-05-29T11:44:46.043+0000] {logging_mixin.py:188} INFO - [2026-05-29T11:44:46.042+0000] {dag.py:3047} INFO - Sync 1 DAGs
[2026-05-29T11:44:46.121+0000] {logging_mixin.py:188} INFO - [2026-05-29T11:44:46.121+0000] {dag.py:3834} INFO - Setting next_dagrun for telegraph_scraper to 2026-05-29 00:00:00+00:00, run_after=2026-05-30 00:00:00+00:00
[2026-05-29T11:44:46.187+0000] {processor.py:183} INFO - Processing /opt/airflow/dags/telegraph_dag.py took 0.318 seconds
[2026-05-29T11:45:17.101+0000] {processor.py:161} INFO - Started process (PID=1293) to work on /opt/airflow/dags/telegraph_dag.py
[2026-05-29T11:45:17.138+0000] {processor.py:830} INFO - Processing file /opt/airflow/dags/telegraph_dag.py for tasks to queue
[2026-05-29T11:45:17.168+0000] {logging_mixin.py:188} INFO - [2026-05-29T11:45:17.157+0000] {dagbag.py:540} INFO - Filling up the DagBag from /opt/airflow/dags/telegraph_dag.py
[2026-05-29T11:45:18.113+0000] {processor.py:840} INFO - DAG(s) 'telegraph_scraper' retrieved from /opt/airflow/dags/telegraph_dag.py
[2026-05-29T11:45:18.575+0000] {logging_mixin.py:188} INFO - [2026-05-29T11:45:18.574+0000] {dag.py:3047} INFO - Sync 1 DAGs
[2026-05-29T11:45:18.882+0000] {logging_mixin.py:188} INFO - [2026-05-29T11:45:18.881+0000] {dag.py:3834} INFO - Setting next_dagrun for telegraph_scraper to 2026-05-29 00:00:00+00:00, run_after=2026-05-30 00:00:00+00:00
[2026-05-29T11:45:19.020+0000] {processor.py:183} INFO - Processing /opt/airflow/dags/telegraph_dag.py took 1.942 seconds
[2026-05-29T11:45:49.741+0000] {processor.py:161} INFO - Started process (PID=1323) to work on /opt/airflow/dags/telegraph_dag.py
[2026-05-29T11:45:49.757+0000] {processor.py:830} INFO - Processing file /opt/airflow/dags/telegraph_dag.py for tasks to queue
[2026-05-29T11:45:49.767+0000] {logging_mixin.py:188} INFO - [2026-05-29T11:45:49.763+0000] {dagbag.py:540} INFO - Filling up the DagBag from /opt/airflow/dags/telegraph_dag.py
[2026-05-29T11:45:49.897+0000] {processor.py:840} INFO - DAG(s) 'telegraph_scraper' retrieved from /opt/airflow/dags/telegraph_dag.py
[2026-05-29T11:45:49.973+0000] {logging_mixin.py:188} INFO - [2026-05-29T11:45:49.972+0000] {dag.py:3047} INFO - Sync 1 DAGs
[2026-05-29T11:45:50.073+0000] {logging_mixin.py:188} INFO - [2026-05-29T11:45:50.073+0000] {dag.py:3834} INFO - Setting next_dagrun for telegraph_scraper to 2026-05-29 00:00:00+00:00, run_after=2026-05-30 00:00:00+00:00
[2026-05-29T11:45:50.225+0000] {processor.py:183} INFO - Processing /opt/airflow/dags/telegraph_dag.py took 0.493 seconds
[2026-05-29T11:46:25.234+0000] {processor.py:161} INFO - Started process (PID=1351) to work on /opt/airflow/dags/telegraph_dag.py
[2026-05-29T11:46:25.386+0000] {processor.py:830} INFO - Processing file /opt/airflow/dags/telegraph_dag.py for tasks to queue
[2026-05-29T11:46:25.558+0000] {logging_mixin.py:188} INFO - [2026-05-29T11:46:25.553+0000] {dagbag.py:540} INFO - Filling up the DagBag from /opt/airflow/dags/telegraph_dag.py
[2026-05-29T11:46:26.834+0000] {processor.py:840} INFO - DAG(s) 'telegraph_scraper' retrieved from /opt/airflow/dags/telegraph_dag.py
[2026-05-29T11:46:26.999+0000] {logging_mixin.py:188} INFO - [2026-05-29T11:46:26.998+0000] {dag.py:3047} INFO - Sync 1 DAGs
[2026-05-29T11:46:27.248+0000] {logging_mixin.py:188} INFO - [2026-05-29T11:46:27.247+0000] {dag.py:3834} INFO - Setting next_dagrun for telegraph_scraper to 2026-05-29 00:00:00+00:00, run_after=2026-05-30 00:00:00+00:00
[2026-05-29T11:46:27.408+0000] {processor.py:183} INFO - Processing /opt/airflow/dags/telegraph_dag.py took 2.205 seconds
[2026-05-29T11:46:57.715+0000] {processor.py:161} INFO - Started process (PID=1383) to work on /opt/airflow/dags/telegraph_dag.py
[2026-05-29T11:46:57.718+0000] {processor.py:830} INFO - Processing file /opt/airflow/dags/telegraph_dag.py for tasks to queue
[2026-05-29T11:46:57.721+0000] {logging_mixin.py:188} INFO - [2026-05-29T11:46:57.720+0000] {dagbag.py:540} INFO - Filling up the DagBag from /opt/airflow/dags/telegraph_dag.py
[2026-05-29T11:46:57.778+0000] {processor.py:840} INFO - DAG(s) 'telegraph_scraper' retrieved from /opt/airflow/dags/telegraph_dag.py
[2026-05-29T11:46:57.849+0000] {logging_mixin.py:188} INFO - [2026-05-29T11:46:57.848+0000] {dag.py:3047} INFO - Sync 1 DAGs
[2026-05-29T11:46:57.916+0000] {logging_mixin.py:188} INFO - [2026-05-29T11:46:57.916+0000] {dag.py:3834} INFO - Setting next_dagrun for telegraph_scraper to 2026-05-29 00:00:00+00:00, run_after=2026-05-30 00:00:00+00:00
[2026-05-29T11:46:58.010+0000] {processor.py:183} INFO - Processing /opt/airflow/dags/telegraph_dag.py took 0.306 seconds
[2026-05-29T11:47:28.922+0000] {processor.py:161} INFO - Started process (PID=1408) to work on /opt/airflow/dags/telegraph_dag.py
[2026-05-29T11:47:28.936+0000] {processor.py:830} INFO - Processing file /opt/airflow/dags/telegraph_dag.py for tasks to queue
[2026-05-29T11:47:28.953+0000] {logging_mixin.py:188} INFO - [2026-05-29T11:47:28.952+0000] {dagbag.py:540} INFO - Filling up the DagBag from /opt/airflow/dags/telegraph_dag.py
[2026-05-29T11:47:29.154+0000] {processor.py:840} INFO - DAG(s) 'telegraph_scraper' retrieved from /opt/airflow/dags/telegraph_dag.py
[2026-05-29T11:47:29.442+0000] {logging_mixin.py:188} INFO - [2026-05-29T11:47:29.441+0000] {dag.py:3047} INFO - Sync 1 DAGs
[2026-05-29T11:47:29.719+0000] {logging_mixin.py:188} INFO - [2026-05-29T11:47:29.718+0000] {dag.py:3834} INFO - Setting next_dagrun for telegraph_scraper to 2026-05-29 00:00:00+00:00, run_after=2026-05-30 00:00:00+00:00
[2026-05-29T11:47:30.055+0000] {processor.py:183} INFO - Processing /opt/airflow/dags/telegraph_dag.py took 1.173 seconds
[2026-05-29T11:48:01.829+0000] {processor.py:161} INFO - Started process (PID=1438) to work on /opt/airflow/dags/telegraph_dag.py
[2026-05-29T11:48:01.849+0000] {processor.py:830} INFO - Processing file /opt/airflow/dags/telegraph_dag.py for tasks to queue
[2026-05-29T11:48:01.921+0000] {logging_mixin.py:188} INFO - [2026-05-29T11:48:01.892+0000] {dagbag.py:540} INFO - Filling up the DagBag from /opt/airflow/dags/telegraph_dag.py
[2026-05-29T11:48:02.278+0000] {processor.py:840} INFO - DAG(s) 'telegraph_scraper' retrieved from /opt/airflow/dags/telegraph_dag.py
[2026-05-29T11:48:02.715+0000] {logging_mixin.py:188} INFO - [2026-05-29T11:48:02.714+0000] {dag.py:3047} INFO - Sync 1 DAGs
[2026-05-29T11:48:03.594+0000] {logging_mixin.py:188} INFO - [2026-05-29T11:48:03.566+0000] {dag.py:3834} INFO - Setting next_dagrun for telegraph_scraper to 2026-05-29 00:00:00+00:00, run_after=2026-05-30 00:00:00+00:00
[2026-05-29T11:48:04.795+0000] {processor.py:183} INFO - Processing /opt/airflow/dags/telegraph_dag.py took 3.040 seconds
[2026-05-29T11:48:41.752+0000] {processor.py:161} INFO - Started process (PID=1468) to work on /opt/airflow/dags/telegraph_dag.py
[2026-05-29T11:48:42.199+0000] {processor.py:830} INFO - Processing file /opt/airflow/dags/telegraph_dag.py for tasks to queue
[2026-05-29T11:48:42.288+0000] {logging_mixin.py:188} INFO - [2026-05-29T11:48:42.287+0000] {dagbag.py:540} INFO - Filling up the DagBag from /opt/airflow/dags/telegraph_dag.py
[2026-05-29T11:48:47.134+0000] {processor.py:840} INFO - DAG(s) 'telegraph_scraper' retrieved from /opt/airflow/dags/telegraph_dag.py
[2026-05-29T11:48:47.356+0000] {logging_mixin.py:188} INFO - [2026-05-29T11:48:47.356+0000] {dag.py:3047} INFO - Sync 1 DAGs
[2026-05-29T11:48:47.580+0000] {logging_mixin.py:188} INFO - [2026-05-29T11:48:47.569+0000] {dag.py:3834} INFO - Setting next_dagrun for telegraph_scraper to 2026-05-29 00:00:00+00:00, run_after=2026-05-30 00:00:00+00:00
[2026-05-29T11:48:47.944+0000] {processor.py:183} INFO - Processing /opt/airflow/dags/telegraph_dag.py took 6.213 seconds
[2026-05-29T11:49:18.640+0000] {processor.py:161} INFO - Started process (PID=1498) to work on /opt/airflow/dags/telegraph_dag.py
[2026-05-29T11:49:18.645+0000] {processor.py:830} INFO - Processing file /opt/airflow/dags/telegraph_dag.py for tasks to queue
[2026-05-29T11:49:18.657+0000] {logging_mixin.py:188} INFO - [2026-05-29T11:49:18.656+0000] {dagbag.py:540} INFO - Filling up the DagBag from /opt/airflow/dags/telegraph_dag.py
[2026-05-29T11:49:18.805+0000] {processor.py:840} INFO - DAG(s) 'telegraph_scraper' retrieved from /opt/airflow/dags/telegraph_dag.py
[2026-05-29T11:49:18.995+0000] {logging_mixin.py:188} INFO - [2026-05-29T11:49:18.985+0000] {dag.py:3047} INFO - Sync 1 DAGs
[2026-05-29T11:49:19.394+0000] {logging_mixin.py:188} INFO - [2026-05-29T11:49:19.393+0000] {dag.py:3834} INFO - Setting next_dagrun for telegraph_scraper to 2026-05-29 00:00:00+00:00, run_after=2026-05-30 00:00:00+00:00
[2026-05-29T11:49:19.860+0000] {processor.py:183} INFO - Processing /opt/airflow/dags/telegraph_dag.py took 1.253 seconds
[2026-05-29T11:49:51.510+0000] {processor.py:161} INFO - Started process (PID=1528) to work on /opt/airflow/dags/telegraph_dag.py
[2026-05-29T11:49:51.555+0000] {processor.py:830} INFO - Processing file /opt/airflow/dags/telegraph_dag.py for tasks to queue
[2026-05-29T11:49:51.566+0000] {logging_mixin.py:188} INFO - [2026-05-29T11:49:51.565+0000] {dagbag.py:540} INFO - Filling up the DagBag from /opt/airflow/dags/telegraph_dag.py
[2026-05-29T11:49:52.647+0000] {processor.py:840} INFO - DAG(s) 'telegraph_scraper' retrieved from /opt/airflow/dags/telegraph_dag.py
[2026-05-29T11:49:52.861+0000] {logging_mixin.py:188} INFO - [2026-05-29T11:49:52.860+0000] {dag.py:3047} INFO - Sync 1 DAGs
[2026-05-29T11:49:53.068+0000] {logging_mixin.py:188} INFO - [2026-05-29T11:49:53.067+0000] {dag.py:3834} INFO - Setting next_dagrun for telegraph_scraper to 2026-05-29 00:00:00+00:00, run_after=2026-05-30 00:00:00+00:00
[2026-05-29T11:49:53.210+0000] {processor.py:183} INFO - Processing /opt/airflow/dags/telegraph_dag.py took 1.720 seconds
[2026-05-29T11:50:23.608+0000] {processor.py:161} INFO - Started process (PID=1558) to work on /opt/airflow/dags/telegraph_dag.py
[2026-05-29T11:50:23.611+0000] {processor.py:830} INFO - Processing file /opt/airflow/dags/telegraph_dag.py for tasks to queue
[2026-05-29T11:50:23.615+0000] {logging_mixin.py:188} INFO - [2026-05-29T11:50:23.614+0000] {dagbag.py:540} INFO - Filling up the DagBag from /opt/airflow/dags/telegraph_dag.py
[2026-05-29T11:50:23.784+0000] {processor.py:840} INFO - DAG(s) 'telegraph_scraper' retrieved from /opt/airflow/dags/telegraph_dag.py
[2026-05-29T11:50:23.993+0000] {logging_mixin.py:188} INFO - [2026-05-29T11:50:23.982+0000] {dag.py:3047} INFO - Sync 1 DAGs
[2026-05-29T11:50:24.255+0000] {logging_mixin.py:188} INFO - [2026-05-29T11:50:24.254+0000] {dag.py:3834} INFO - Setting next_dagrun for telegraph_scraper to 2026-05-29 00:00:00+00:00, run_after=2026-05-30 00:00:00+00:00
[2026-05-29T11:50:25.485+0000] {processor.py:183} INFO - Processing /opt/airflow/dags/telegraph_dag.py took 1.893 seconds
[2026-05-29T11:51:12.500+0000] {processor.py:161} INFO - Started process (PID=1588) to work on /opt/airflow/dags/telegraph_dag.py
[2026-05-29T11:51:12.553+0000] {processor.py:830} INFO - Processing file /opt/airflow/dags/telegraph_dag.py for tasks to queue
[2026-05-29T11:51:12.628+0000] {logging_mixin.py:188} INFO - [2026-05-29T11:51:12.627+0000] {dagbag.py:540} INFO - Filling up the DagBag from /opt/airflow/dags/telegraph_dag.py
[2026-05-29T11:51:18.841+0000] {processor.py:840} INFO - DAG(s) 'telegraph_scraper' retrieved from /opt/airflow/dags/telegraph_dag.py
[2026-05-29T11:51:19.477+0000] {logging_mixin.py:188} INFO - [2026-05-29T11:51:19.476+0000] {dag.py:3047} INFO - Sync 1 DAGs
[2026-05-29T11:51:19.707+0000] {logging_mixin.py:188} INFO - [2026-05-29T11:51:19.707+0000] {dag.py:3834} INFO - Setting next_dagrun for telegraph_scraper to 2026-05-29 00:00:00+00:00, run_after=2026-05-30 00:00:00+00:00
[2026-05-29T11:51:20.755+0000] {processor.py:183} INFO - Processing /opt/airflow/dags/telegraph_dag.py took 8.279 seconds
[2026-05-29T11:51:54.435+0000] {processor.py:161} INFO - Started process (PID=1621) to work on /opt/airflow/dags/telegraph_dag.py
[2026-05-29T11:51:54.486+0000] {processor.py:830} INFO - Processing file /opt/airflow/dags/telegraph_dag.py for tasks to queue
[2026-05-29T11:51:54.504+0000] {logging_mixin.py:188} INFO - [2026-05-29T11:51:54.502+0000] {dagbag.py:540} INFO - Filling up the DagBag from /opt/airflow/dags/telegraph_dag.py
[2026-05-29T11:51:55.375+0000] {processor.py:840} INFO - DAG(s) 'telegraph_scraper' retrieved from /opt/airflow/dags/telegraph_dag.py
[2026-05-29T11:51:55.633+0000] {logging_mixin.py:188} INFO - [2026-05-29T11:51:55.632+0000] {dag.py:3047} INFO - Sync 1 DAGs
[2026-05-29T11:51:55.830+0000] {logging_mixin.py:188} INFO - [2026-05-29T11:51:55.829+0000] {dag.py:3834} INFO - Setting next_dagrun for telegraph_scraper to 2026-05-29 00:00:00+00:00, run_after=2026-05-30 00:00:00+00:00
[2026-05-29T11:51:56.017+0000] {processor.py:183} INFO - Processing /opt/airflow/dags/telegraph_dag.py took 1.614 seconds
[2026-05-29T11:52:26.733+0000] {processor.py:161} INFO - Started process (PID=1651) to work on /opt/airflow/dags/telegraph_dag.py
[2026-05-29T11:52:26.736+0000] {processor.py:830} INFO - Processing file /opt/airflow/dags/telegraph_dag.py for tasks to queue
[2026-05-29T11:52:26.739+0000] {logging_mixin.py:188} INFO - [2026-05-29T11:52:26.738+0000] {dagbag.py:540} INFO - Filling up the DagBag from /opt/airflow/dags/telegraph_dag.py
[2026-05-29T11:52:26.864+0000] {processor.py:840} INFO - DAG(s) 'telegraph_scraper' retrieved from /opt/airflow/dags/telegraph_dag.py
[2026-05-29T11:52:26.935+0000] {logging_mixin.py:188} INFO - [2026-05-29T11:52:26.934+0000] {dag.py:3047} INFO - Sync 1 DAGs
[2026-05-29T11:52:27.005+0000] {logging_mixin.py:188} INFO - [2026-05-29T11:52:27.005+0000] {dag.py:3834} INFO - Setting next_dagrun for telegraph_scraper to 2026-05-29 00:00:00+00:00, run_after=2026-05-30 00:00:00+00:00
[2026-05-29T11:52:27.138+0000] {processor.py:183} INFO - Processing /opt/airflow/dags/telegraph_dag.py took 0.417 seconds
[2026-05-29T11:52:57.317+0000] {processor.py:161} INFO - Started process (PID=1678) to work on /opt/airflow/dags/telegraph_dag.py
[2026-05-29T11:52:57.322+0000] {processor.py:830} INFO - Processing file /opt/airflow/dags/telegraph_dag.py for tasks to queue
[2026-05-29T11:52:57.325+0000] {logging_mixin.py:188} INFO - [2026-05-29T11:52:57.324+0000] {dagbag.py:540} INFO - Filling up the DagBag from /opt/airflow/dags/telegraph_dag.py
[2026-05-29T11:52:57.518+0000] {processor.py:840} INFO - DAG(s) 'telegraph_scraper' retrieved from /opt/airflow/dags/telegraph_dag.py
[2026-05-29T11:52:57.707+0000] {logging_mixin.py:188} INFO - [2026-05-29T11:52:57.707+0000] {dag.py:3047} INFO - Sync 1 DAGs
[2026-05-29T11:52:58.314+0000] {logging_mixin.py:188} INFO - [2026-05-29T11:52:58.300+0000] {dag.py:3834} INFO - Setting next_dagrun for telegraph_scraper to 2026-05-29 00:00:00+00:00, run_after=2026-05-30 00:00:00+00:00
[2026-05-29T11:52:59.233+0000] {processor.py:183} INFO - Processing /opt/airflow/dags/telegraph_dag.py took 1.930 seconds
[2026-05-29T11:53:33.149+0000] {processor.py:161} INFO - Started process (PID=1708) to work on /opt/airflow/dags/telegraph_dag.py
[2026-05-29T11:53:33.183+0000] {processor.py:830} INFO - Processing file /opt/airflow/dags/telegraph_dag.py for tasks to queue
[2026-05-29T11:53:33.193+0000] {logging_mixin.py:188} INFO - [2026-05-29T11:53:33.192+0000] {dagbag.py:540} INFO - Filling up the DagBag from /opt/airflow/dags/telegraph_dag.py
[2026-05-29T11:53:33.402+0000] {processor.py:840} INFO - DAG(s) 'telegraph_scraper' retrieved from /opt/airflow/dags/telegraph_dag.py
[2026-05-29T11:53:33.595+0000] {logging_mixin.py:188} INFO - [2026-05-29T11:53:33.594+0000] {dag.py:3047} INFO - Sync 1 DAGs
[2026-05-29T11:53:33.797+0000] {logging_mixin.py:188} INFO - [2026-05-29T11:53:33.796+0000] {dag.py:3834} INFO - Setting next_dagrun for telegraph_scraper to 2026-05-29 00:00:00+00:00, run_after=2026-05-30 00:00:00+00:00
[2026-05-29T11:53:34.061+0000] {processor.py:183} INFO - Processing /opt/airflow/dags/telegraph_dag.py took 0.931 seconds
[2026-05-29T11:54:04.430+0000] {processor.py:161} INFO - Started process (PID=1738) to work on /opt/airflow/dags/telegraph_dag.py
[2026-05-29T11:54:04.446+0000] {processor.py:830} INFO - Processing file /opt/airflow/dags/telegraph_dag.py for tasks to queue
[2026-05-29T11:54:04.457+0000] {logging_mixin.py:188} INFO - [2026-05-29T11:54:04.456+0000] {dagbag.py:540} INFO - Filling up the DagBag from /opt/airflow/dags/telegraph_dag.py
[2026-05-29T11:54:04.558+0000] {processor.py:840} INFO - DAG(s) 'telegraph_scraper' retrieved from /opt/airflow/dags/telegraph_dag.py
[2026-05-29T11:54:04.660+0000] {logging_mixin.py:188} INFO - [2026-05-29T11:54:04.659+0000] {dag.py:3047} INFO - Sync 1 DAGs
[2026-05-29T11:54:04.753+0000] {logging_mixin.py:188} INFO - [2026-05-29T11:54:04.752+0000] {dag.py:3834} INFO - Setting next_dagrun for telegraph_scraper to 2026-05-29 00:00:00+00:00, run_after=2026-05-30 00:00:00+00:00
[2026-05-29T11:54:04.858+0000] {processor.py:183} INFO - Processing /opt/airflow/dags/telegraph_dag.py took 0.457 seconds
[2026-05-29T11:54:37.754+0000] {processor.py:161} INFO - Started process (PID=1768) to work on /opt/airflow/dags/telegraph_dag.py
[2026-05-29T11:54:37.801+0000] {processor.py:830} INFO - Processing file /opt/airflow/dags/telegraph_dag.py for tasks to queue
[2026-05-29T11:54:37.817+0000] {logging_mixin.py:188} INFO - [2026-05-29T11:54:37.815+0000] {dagbag.py:540} INFO - Filling up the DagBag from /opt/airflow/dags/telegraph_dag.py
[2026-05-29T11:54:38.568+0000] {processor.py:840} INFO - DAG(s) 'telegraph_scraper' retrieved from /opt/airflow/dags/telegraph_dag.py
[2026-05-29T11:54:38.682+0000] {logging_mixin.py:188} INFO - [2026-05-29T11:54:38.682+0000] {dag.py:3047} INFO - Sync 1 DAGs
[2026-05-29T11:54:38.784+0000] {logging_mixin.py:188} INFO - [2026-05-29T11:54:38.783+0000] {dag.py:3834} INFO - Setting next_dagrun for telegraph_scraper to 2026-05-29 00:00:00+00:00, run_after=2026-05-30 00:00:00+00:00
[2026-05-29T11:54:39.932+0000] {processor.py:183} INFO - Processing /opt/airflow/dags/telegraph_dag.py took 2.200 seconds
[2026-05-29T11:55:12.580+0000] {processor.py:161} INFO - Started process (PID=1801) to work on /opt/airflow/dags/telegraph_dag.py
[2026-05-29T11:55:12.588+0000] {processor.py:830} INFO - Processing file /opt/airflow/dags/telegraph_dag.py for tasks to queue
[2026-05-29T11:55:12.612+0000] {logging_mixin.py:188} INFO - [2026-05-29T11:55:12.611+0000] {dagbag.py:540} INFO - Filling up the DagBag from /opt/airflow/dags/telegraph_dag.py
[2026-05-29T11:55:13.171+0000] {processor.py:840} INFO - DAG(s) 'telegraph_scraper' retrieved from /opt/airflow/dags/telegraph_dag.py
[2026-05-29T11:55:13.274+0000] {logging_mixin.py:188} INFO - [2026-05-29T11:55:13.274+0000] {dag.py:3047} INFO - Sync 1 DAGs
[2026-05-29T11:55:13.473+0000] {logging_mixin.py:188} INFO - [2026-05-29T11:55:13.472+0000] {dag.py:3834} INFO - Setting next_dagrun for telegraph_scraper to 2026-05-29 00:00:00+00:00, run_after=2026-05-30 00:00:00+00:00
[2026-05-29T11:55:13.698+0000] {processor.py:183} INFO - Processing /opt/airflow/dags/telegraph_dag.py took 1.143 seconds
[2026-05-29T11:55:45.016+0000] {processor.py:161} INFO - Started process (PID=1833) to work on /opt/airflow/dags/telegraph_dag.py
[2026-05-29T11:55:45.019+0000] {processor.py:830} INFO - Processing file /opt/airflow/dags/telegraph_dag.py for tasks to queue
[2026-05-29T11:55:45.023+0000] {logging_mixin.py:188} INFO - [2026-05-29T11:55:45.022+0000] {dagbag.py:540} INFO - Filling up the DagBag from /opt/airflow/dags/telegraph_dag.py
[2026-05-29T11:55:45.083+0000] {processor.py:840} INFO - DAG(s) 'telegraph_scraper' retrieved from /opt/airflow/dags/telegraph_dag.py
[2026-05-29T11:55:45.177+0000] {logging_mixin.py:188} INFO - [2026-05-29T11:55:45.177+0000] {dag.py:3047} INFO - Sync 1 DAGs
[2026-05-29T11:55:45.251+0000] {logging_mixin.py:188} INFO - [2026-05-29T11:55:45.251+0000] {dag.py:3834} INFO - Setting next_dagrun for telegraph_scraper to 2026-05-29 00:00:00+00:00, run_after=2026-05-30 00:00:00+00:00
[2026-05-29T11:55:45.314+0000] {processor.py:183} INFO - Processing /opt/airflow/dags/telegraph_dag.py took 0.308 seconds
[2026-05-29T11:56:16.486+0000] {processor.py:161} INFO - Started process (PID=1861) to work on /opt/airflow/dags/telegraph_dag.py
[2026-05-29T11:56:16.491+0000] {processor.py:830} INFO - Processing file /opt/airflow/dags/telegraph_dag.py for tasks to queue
[2026-05-29T11:56:16.495+0000] {logging_mixin.py:188} INFO - [2026-05-29T11:56:16.494+0000] {dagbag.py:540} INFO - Filling up the DagBag from /opt/airflow/dags/telegraph_dag.py
[2026-05-29T11:56:16.692+0000] {processor.py:840} INFO - DAG(s) 'telegraph_scraper' retrieved from /opt/airflow/dags/telegraph_dag.py
[2026-05-29T11:56:16.775+0000] {logging_mixin.py:188} INFO - [2026-05-29T11:56:16.775+0000] {dag.py:3047} INFO - Sync 1 DAGs
[2026-05-29T11:56:16.847+0000] {logging_mixin.py:188} INFO - [2026-05-29T11:56:16.846+0000] {dag.py:3834} INFO - Setting next_dagrun for telegraph_scraper to 2026-05-29 00:00:00+00:00, run_after=2026-05-30 00:00:00+00:00
[2026-05-29T11:56:16.900+0000] {processor.py:183} INFO - Processing /opt/airflow/dags/telegraph_dag.py took 0.431 seconds
[2026-05-29T11:56:47.406+0000] {processor.py:161} INFO - Started process (PID=1893) to work on /opt/airflow/dags/telegraph_dag.py
[2026-05-29T11:56:47.410+0000] {processor.py:830} INFO - Processing file /opt/airflow/dags/telegraph_dag.py for tasks to queue
[2026-05-29T11:56:47.416+0000] {logging_mixin.py:188} INFO - [2026-05-29T11:56:47.415+0000] {dagbag.py:540} INFO - Filling up the DagBag from /opt/airflow/dags/telegraph_dag.py
[2026-05-29T11:56:47.487+0000] {processor.py:840} INFO - DAG(s) 'telegraph_scraper' retrieved from /opt/airflow/dags/telegraph_dag.py
[2026-05-29T11:56:47.565+0000] {logging_mixin.py:188} INFO - [2026-05-29T11:56:47.565+0000] {dag.py:3047} INFO - Sync 1 DAGs
[2026-05-29T11:56:47.637+0000] {logging_mixin.py:188} INFO - [2026-05-29T11:56:47.636+0000] {dag.py:3834} INFO - Setting next_dagrun for telegraph_scraper to 2026-05-29 00:00:00+00:00, run_after=2026-05-30 00:00:00+00:00
[2026-05-29T11:56:47.703+0000] {processor.py:183} INFO - Processing /opt/airflow/dags/telegraph_dag.py took 0.315 seconds
[2026-05-29T11:57:18.689+0000] {processor.py:161} INFO - Started process (PID=1923) to work on /opt/airflow/dags/telegraph_dag.py
[2026-05-29T11:57:18.695+0000] {processor.py:830} INFO - Processing file /opt/airflow/dags/telegraph_dag.py for tasks to queue
[2026-05-29T11:57:18.699+0000] {logging_mixin.py:188} INFO - [2026-05-29T11:57:18.698+0000] {dagbag.py:540} INFO - Filling up the DagBag from /opt/airflow/dags/telegraph_dag.py
[2026-05-29T11:57:18.766+0000] {processor.py:840} INFO - DAG(s) 'telegraph_scraper' retrieved from /opt/airflow/dags/telegraph_dag.py
[2026-05-29T11:57:18.852+0000] {logging_mixin.py:188} INFO - [2026-05-29T11:57:18.851+0000] {dag.py:3047} INFO - Sync 1 DAGs
[2026-05-29T11:57:18.922+0000] {logging_mixin.py:188} INFO - [2026-05-29T11:57:18.921+0000] {dag.py:3834} INFO - Setting next_dagrun for telegraph_scraper to 2026-05-29 00:00:00+00:00, run_after=2026-05-30 00:00:00+00:00
[2026-05-29T11:57:19.042+0000] {processor.py:183} INFO - Processing /opt/airflow/dags/telegraph_dag.py took 0.365 seconds
[2026-05-29T11:57:49.398+0000] {processor.py:161} INFO - Started process (PID=1951) to work on /opt/airflow/dags/telegraph_dag.py
[2026-05-29T11:57:49.410+0000] {processor.py:830} INFO - Processing file /opt/airflow/dags/telegraph_dag.py for tasks to queue
[2026-05-29T11:57:49.424+0000] {logging_mixin.py:188} INFO - [2026-05-29T11:57:49.422+0000] {dagbag.py:540} INFO - Filling up the DagBag from /opt/airflow/dags/telegraph_dag.py
[2026-05-29T11:57:49.714+0000] {processor.py:840} INFO - DAG(s) 'telegraph_scraper' retrieved from /opt/airflow/dags/telegraph_dag.py
[2026-05-29T11:57:50.417+0000] {logging_mixin.py:188} INFO - [2026-05-29T11:57:50.416+0000] {dag.py:3047} INFO - Sync 1 DAGs
[2026-05-29T11:57:50.641+0000] {logging_mixin.py:188} INFO - [2026-05-29T11:57:50.640+0000] {dag.py:3834} INFO - Setting next_dagrun for telegraph_scraper to 2026-05-29 00:00:00+00:00, run_after=2026-05-30 00:00:00+00:00
[2026-05-29T11:57:50.850+0000] {processor.py:183} INFO - Processing /opt/airflow/dags/telegraph_dag.py took 1.475 seconds
[2026-05-29T11:58:21.259+0000] {processor.py:161} INFO - Started process (PID=1978) to work on /opt/airflow/dags/telegraph_dag.py
[2026-05-29T11:58:21.265+0000] {processor.py:830} INFO - Processing file /opt/airflow/dags/telegraph_dag.py for tasks to queue
[2026-05-29T11:58:21.269+0000] {logging_mixin.py:188} INFO - [2026-05-29T11:58:21.268+0000] {dagbag.py:540} INFO - Filling up the DagBag from /opt/airflow/dags/telegraph_dag.py
[2026-05-29T11:58:21.350+0000] {processor.py:840} INFO - DAG(s) 'telegraph_scraper' retrieved from /opt/airflow/dags/telegraph_dag.py
[2026-05-29T11:58:21.431+0000] {logging_mixin.py:188} INFO - [2026-05-29T11:58:21.431+0000] {dag.py:3047} INFO - Sync 1 DAGs
[2026-05-29T11:58:21.536+0000] {logging_mixin.py:188} INFO - [2026-05-29T11:58:21.536+0000] {dag.py:3834} INFO - Setting next_dagrun for telegraph_scraper to 2026-05-29 00:00:00+00:00, run_after=2026-05-30 00:00:00+00:00
[2026-05-29T11:58:21.839+0000] {processor.py:183} INFO - Processing /opt/airflow/dags/telegraph_dag.py took 0.590 seconds
[2026-05-29T11:58:52.089+0000] {processor.py:161} INFO - Started process (PID=2008) to work on /opt/airflow/dags/telegraph_dag.py
[2026-05-29T11:58:52.092+0000] {processor.py:830} INFO - Processing file /opt/airflow/dags/telegraph_dag.py for tasks to queue
[2026-05-29T11:58:52.095+0000] {logging_mixin.py:188} INFO - [2026-05-29T11:58:52.094+0000] {dagbag.py:540} INFO - Filling up the DagBag from /opt/airflow/dags/telegraph_dag.py
[2026-05-29T11:58:52.156+0000] {processor.py:840} INFO - DAG(s) 'telegraph_scraper' retrieved from /opt/airflow/dags/telegraph_dag.py
[2026-05-29T11:58:52.221+0000] {logging_mixin.py:188} INFO - [2026-05-29T11:58:52.220+0000] {dag.py:3047} INFO - Sync 1 DAGs
[2026-05-29T11:58:52.287+0000] {logging_mixin.py:188} INFO - [2026-05-29T11:58:52.286+0000] {dag.py:3834} INFO - Setting next_dagrun for telegraph_scraper to 2026-05-29 00:00:00+00:00, run_after=2026-05-30 00:00:00+00:00
[2026-05-29T11:58:52.373+0000] {processor.py:183} INFO - Processing /opt/airflow/dags/telegraph_dag.py took 0.295 seconds
[2026-05-29T11:59:22.714+0000] {processor.py:161} INFO - Started process (PID=2038) to work on /opt/airflow/dags/telegraph_dag.py
[2026-05-29T11:59:22.718+0000] {processor.py:830} INFO - Processing file /opt/airflow/dags/telegraph_dag.py for tasks to queue
[2026-05-29T11:59:22.721+0000] {logging_mixin.py:188} INFO - [2026-05-29T11:59:22.720+0000] {dagbag.py:540} INFO - Filling up the DagBag from /opt/airflow/dags/telegraph_dag.py
[2026-05-29T11:59:22.781+0000] {processor.py:840} INFO - DAG(s) 'telegraph_scraper' retrieved from /opt/airflow/dags/telegraph_dag.py
[2026-05-29T11:59:22.857+0000] {logging_mixin.py:188} INFO - [2026-05-29T11:59:22.856+0000] {dag.py:3047} INFO - Sync 1 DAGs
[2026-05-29T11:59:22.919+0000] {logging_mixin.py:188} INFO - [2026-05-29T11:59:22.919+0000] {dag.py:3834} INFO - Setting next_dagrun for telegraph_scraper to 2026-05-29 00:00:00+00:00, run_after=2026-05-30 00:00:00+00:00
[2026-05-29T11:59:22.973+0000] {processor.py:183} INFO - Processing /opt/airflow/dags/telegraph_dag.py took 0.269 seconds
[2026-05-29T11:59:57.047+0000] {processor.py:161} INFO - Started process (PID=2068) to work on /opt/airflow/dags/telegraph_dag.py
[2026-05-29T11:59:57.055+0000] {processor.py:830} INFO - Processing file /opt/airflow/dags/telegraph_dag.py for tasks to queue
[2026-05-29T11:59:57.063+0000] {logging_mixin.py:188} INFO - [2026-05-29T11:59:57.062+0000] {dagbag.py:540} INFO - Filling up the DagBag from /opt/airflow/dags/telegraph_dag.py
[2026-05-29T11:59:58.384+0000] {processor.py:840} INFO - DAG(s) 'telegraph_scraper' retrieved from /opt/airflow/dags/telegraph_dag.py
[2026-05-29T11:59:58.535+0000] {logging_mixin.py:188} INFO - [2026-05-29T11:59:58.534+0000] {dag.py:3047} INFO - Sync 1 DAGs
[2026-05-29T11:59:58.678+0000] {logging_mixin.py:188} INFO - [2026-05-29T11:59:58.677+0000] {dag.py:3834} INFO - Setting next_dagrun for telegraph_scraper to 2026-05-29 00:00:00+00:00, run_after=2026-05-30 00:00:00+00:00
[2026-05-29T11:59:58.738+0000] {processor.py:183} INFO - Processing /opt/airflow/dags/telegraph_dag.py took 1.712 seconds
[2026-05-29T12:00:29.166+0000] {processor.py:161} INFO - Started process (PID=2098) to work on /opt/airflow/dags/telegraph_dag.py
[2026-05-29T12:00:29.170+0000] {processor.py:830} INFO - Processing file /opt/airflow/dags/telegraph_dag.py for tasks to queue
[2026-05-29T12:00:29.182+0000] {logging_mixin.py:188} INFO - [2026-05-29T12:00:29.172+0000] {dagbag.py:540} INFO - Filling up the DagBag from /opt/airflow/dags/telegraph_dag.py
[2026-05-29T12:00:29.261+0000] {processor.py:840} INFO - DAG(s) 'telegraph_scraper' retrieved from /opt/airflow/dags/telegraph_dag.py
[2026-05-29T12:00:29.362+0000] {logging_mixin.py:188} INFO - [2026-05-29T12:00:29.361+0000] {dag.py:3047} INFO - Sync 1 DAGs
[2026-05-29T12:00:29.448+0000] {logging_mixin.py:188} INFO - [2026-05-29T12:00:29.447+0000] {dag.py:3834} INFO - Setting next_dagrun for telegraph_scraper to 2026-05-29 00:00:00+00:00, run_after=2026-05-30 00:00:00+00:00
[2026-05-29T12:00:29.560+0000] {processor.py:183} INFO - Processing /opt/airflow/dags/telegraph_dag.py took 0.426 seconds
[2026-05-29T12:01:02.561+0000] {processor.py:161} INFO - Started process (PID=2128) to work on /opt/airflow/dags/telegraph_dag.py
[2026-05-29T12:01:02.596+0000] {processor.py:830} INFO - Processing file /opt/airflow/dags/telegraph_dag.py for tasks to queue
[2026-05-29T12:01:02.644+0000] {logging_mixin.py:188} INFO - [2026-05-29T12:01:02.642+0000] {dagbag.py:540} INFO - Filling up the DagBag from /opt/airflow/dags/telegraph_dag.py
[2026-05-29T12:01:03.036+0000] {processor.py:840} INFO - DAG(s) 'telegraph_scraper' retrieved from /opt/airflow/dags/telegraph_dag.py
[2026-05-29T12:01:03.518+0000] {logging_mixin.py:188} INFO - [2026-05-29T12:01:03.517+0000] {dag.py:3047} INFO - Sync 1 DAGs
[2026-05-29T12:01:04.208+0000] {logging_mixin.py:188} INFO - [2026-05-29T12:01:04.207+0000] {dag.py:3834} INFO - Setting next_dagrun for telegraph_scraper to 2026-05-29 00:00:00+00:00, run_after=2026-05-30 00:00:00+00:00
[2026-05-29T12:01:05.130+0000] {processor.py:183} INFO - Processing /opt/airflow/dags/telegraph_dag.py took 2.707 seconds
[2026-05-29T12:01:35.978+0000] {processor.py:161} INFO - Started process (PID=2158) to work on /opt/airflow/dags/telegraph_dag.py
[2026-05-29T12:01:35.981+0000] {processor.py:830} INFO - Processing file /opt/airflow/dags/telegraph_dag.py for tasks to queue
[2026-05-29T12:01:35.984+0000] {logging_mixin.py:188} INFO - [2026-05-29T12:01:35.983+0000] {dagbag.py:540} INFO - Filling up the DagBag from /opt/airflow/dags/telegraph_dag.py
[2026-05-29T12:01:36.101+0000] {processor.py:840} INFO - DAG(s) 'telegraph_scraper' retrieved from /opt/airflow/dags/telegraph_dag.py
[2026-05-29T12:01:36.196+0000] {logging_mixin.py:188} INFO - [2026-05-29T12:01:36.195+0000] {dag.py:3047} INFO - Sync 1 DAGs
[2026-05-29T12:01:36.269+0000] {logging_mixin.py:188} INFO - [2026-05-29T12:01:36.268+0000] {dag.py:3834} INFO - Setting next_dagrun for telegraph_scraper to 2026-05-29 00:00:00+00:00, run_after=2026-05-30 00:00:00+00:00
[2026-05-29T12:01:36.691+0000] {processor.py:183} INFO - Processing /opt/airflow/dags/telegraph_dag.py took 0.724 seconds
[2026-05-29T12:02:08.348+0000] {processor.py:161} INFO - Started process (PID=2188) to work on /opt/airflow/dags/telegraph_dag.py
[2026-05-29T12:02:08.364+0000] {processor.py:830} INFO - Processing file /opt/airflow/dags/telegraph_dag.py for tasks to queue
[2026-05-29T12:02:08.383+0000] {logging_mixin.py:188} INFO - [2026-05-29T12:02:08.382+0000] {dagbag.py:540} INFO - Filling up the DagBag from /opt/airflow/dags/telegraph_dag.py
[2026-05-29T12:02:08.648+0000] {processor.py:840} INFO - DAG(s) 'telegraph_scraper' retrieved from /opt/airflow/dags/telegraph_dag.py
[2026-05-29T12:02:08.863+0000] {logging_mixin.py:188} INFO - [2026-05-29T12:02:08.863+0000] {dag.py:3047} INFO - Sync 1 DAGs
[2026-05-29T12:02:09.086+0000] {logging_mixin.py:188} INFO - [2026-05-29T12:02:09.085+0000] {dag.py:3834} INFO - Setting next_dagrun for telegraph_scraper to 2026-05-29 00:00:00+00:00, run_after=2026-05-30 00:00:00+00:00
[2026-05-29T12:02:09.226+0000] {processor.py:183} INFO - Processing /opt/airflow/dags/telegraph_dag.py took 0.898 seconds
[2026-05-29T12:02:39.522+0000] {processor.py:161} INFO - Started process (PID=2218) to work on /opt/airflow/dags/telegraph_dag.py
[2026-05-29T12:02:39.526+0000] {processor.py:830} INFO - Processing file /opt/airflow/dags/telegraph_dag.py for tasks to queue
[2026-05-29T12:02:39.529+0000] {logging_mixin.py:188} INFO - [2026-05-29T12:02:39.528+0000] {dagbag.py:540} INFO - Filling up the DagBag from /opt/airflow/dags/telegraph_dag.py
[2026-05-29T12:02:39.592+0000] {processor.py:840} INFO - DAG(s) 'telegraph_scraper' retrieved from /opt/airflow/dags/telegraph_dag.py
[2026-05-29T12:02:39.662+0000] {logging_mixin.py:188} INFO - [2026-05-29T12:02:39.662+0000] {dag.py:3047} INFO - Sync 1 DAGs
[2026-05-29T12:02:39.737+0000] {logging_mixin.py:188} INFO - [2026-05-29T12:02:39.736+0000] {dag.py:3834} INFO - Setting next_dagrun for telegraph_scraper to 2026-05-29 00:00:00+00:00, run_after=2026-05-30 00:00:00+00:00
[2026-05-29T12:02:39.851+0000] {processor.py:183} INFO - Processing /opt/airflow/dags/telegraph_dag.py took 0.339 seconds
[2026-05-29T12:03:11.445+0000] {processor.py:161} INFO - Started process (PID=2248) to work on /opt/airflow/dags/telegraph_dag.py
[2026-05-29T12:03:11.448+0000] {processor.py:830} INFO - Processing file /opt/airflow/dags/telegraph_dag.py for tasks to queue
[2026-05-29T12:03:11.453+0000] {logging_mixin.py:188} INFO - [2026-05-29T12:03:11.452+0000] {dagbag.py:540} INFO - Filling up the DagBag from /opt/airflow/dags/telegraph_dag.py
[2026-05-29T12:03:11.520+0000] {processor.py:840} INFO - DAG(s) 'telegraph_scraper' retrieved from /opt/airflow/dags/telegraph_dag.py
[2026-05-29T12:03:11.592+0000] {logging_mixin.py:188} INFO - [2026-05-29T12:03:11.591+0000] {dag.py:3047} INFO - Sync 1 DAGs
[2026-05-29T12:03:11.657+0000] {logging_mixin.py:188} INFO - [2026-05-29T12:03:11.657+0000] {dag.py:3834} INFO - Setting next_dagrun for telegraph_scraper to 2026-05-29 00:00:00+00:00, run_after=2026-05-30 00:00:00+00:00
[2026-05-29T12:03:11.715+0000] {processor.py:183} INFO - Processing /opt/airflow/dags/telegraph_dag.py took 0.280 seconds
[2026-05-29T12:03:42.736+0000] {processor.py:161} INFO - Started process (PID=2278) to work on /opt/airflow/dags/telegraph_dag.py
[2026-05-29T12:03:42.757+0000] {processor.py:830} INFO - Processing file /opt/airflow/dags/telegraph_dag.py for tasks to queue
[2026-05-29T12:03:42.788+0000] {logging_mixin.py:188} INFO - [2026-05-29T12:03:42.770+0000] {dagbag.py:540} INFO - Filling up the DagBag from /opt/airflow/dags/telegraph_dag.py
[2026-05-29T12:03:43.290+0000] {processor.py:840} INFO - DAG(s) 'telegraph_scraper' retrieved from /opt/airflow/dags/telegraph_dag.py
[2026-05-29T12:03:43.367+0000] {logging_mixin.py:188} INFO - [2026-05-29T12:03:43.366+0000] {dag.py:3047} INFO - Sync 1 DAGs
[2026-05-29T12:03:43.462+0000] {logging_mixin.py:188} INFO - [2026-05-29T12:03:43.461+0000] {dag.py:3834} INFO - Setting next_dagrun for telegraph_scraper to 2026-05-29 00:00:00+00:00, run_after=2026-05-30 00:00:00+00:00
[2026-05-29T12:03:43.523+0000] {processor.py:183} INFO - Processing /opt/airflow/dags/telegraph_dag.py took 0.809 seconds
[2026-05-29T12:04:14.839+0000] {processor.py:161} INFO - Started process (PID=2308) to work on /opt/airflow/dags/telegraph_dag.py
[2026-05-29T12:04:14.855+0000] {processor.py:830} INFO - Processing file /opt/airflow/dags/telegraph_dag.py for tasks to queue
[2026-05-29T12:04:14.865+0000] {logging_mixin.py:188} INFO - [2026-05-29T12:04:14.858+0000] {dagbag.py:540} INFO - Filling up the DagBag from /opt/airflow/dags/telegraph_dag.py
[2026-05-29T12:04:14.944+0000] {processor.py:840} INFO - DAG(s) 'telegraph_scraper' retrieved from /opt/airflow/dags/telegraph_dag.py
[2026-05-29T12:04:15.024+0000] {logging_mixin.py:188} INFO - [2026-05-29T12:04:15.023+0000] {dag.py:3047} INFO - Sync 1 DAGs
[2026-05-29T12:04:15.090+0000] {logging_mixin.py:188} INFO - [2026-05-29T12:04:15.090+0000] {dag.py:3834} INFO - Setting next_dagrun for telegraph_scraper to 2026-05-29 00:00:00+00:00, run_after=2026-05-30 00:00:00+00:00
[2026-05-29T12:04:15.145+0000] {processor.py:183} INFO - Processing /opt/airflow/dags/telegraph_dag.py took 0.325 seconds
[2026-05-29T12:04:45.677+0000] {processor.py:161} INFO - Started process (PID=2341) to work on /opt/airflow/dags/telegraph_dag.py
[2026-05-29T12:04:45.722+0000] {processor.py:830} INFO - Processing file /opt/airflow/dags/telegraph_dag.py for tasks to queue
[2026-05-29T12:04:45.740+0000] {logging_mixin.py:188} INFO - [2026-05-29T12:04:45.739+0000] {dagbag.py:540} INFO - Filling up the DagBag from /opt/airflow/dags/telegraph_dag.py
[2026-05-29T12:04:46.197+0000] {processor.py:840} INFO - DAG(s) 'telegraph_scraper' retrieved from /opt/airflow/dags/telegraph_dag.py
[2026-05-29T12:04:46.350+0000] {logging_mixin.py:188} INFO - [2026-05-29T12:04:46.350+0000] {dag.py:3047} INFO - Sync 1 DAGs
[2026-05-29T12:04:46.414+0000] {logging_mixin.py:188} INFO - [2026-05-29T12:04:46.413+0000] {dag.py:3834} INFO - Setting next_dagrun for telegraph_scraper to 2026-05-29 00:00:00+00:00, run_after=2026-05-30 00:00:00+00:00
[2026-05-29T12:04:46.478+0000] {processor.py:183} INFO - Processing /opt/airflow/dags/telegraph_dag.py took 0.839 seconds
[2026-05-29T12:05:17.265+0000] {processor.py:161} INFO - Started process (PID=2373) to work on /opt/airflow/dags/telegraph_dag.py
[2026-05-29T12:05:17.268+0000] {processor.py:830} INFO - Processing file /opt/airflow/dags/telegraph_dag.py for tasks to queue
[2026-05-29T12:05:17.273+0000] {logging_mixin.py:188} INFO - [2026-05-29T12:05:17.270+0000] {dagbag.py:540} INFO - Filling up the DagBag from /opt/airflow/dags/telegraph_dag.py
[2026-05-29T12:05:17.327+0000] {processor.py:840} INFO - DAG(s) 'telegraph_scraper' retrieved from /opt/airflow/dags/telegraph_dag.py
[2026-05-29T12:05:17.438+0000] {logging_mixin.py:188} INFO - [2026-05-29T12:05:17.437+0000] {dag.py:3047} INFO - Sync 1 DAGs
[2026-05-29T12:05:17.570+0000] {logging_mixin.py:188} INFO - [2026-05-29T12:05:17.570+0000] {dag.py:3834} INFO - Setting next_dagrun for telegraph_scraper to 2026-05-29 00:00:00+00:00, run_after=2026-05-30 00:00:00+00:00
[2026-05-29T12:05:17.631+0000] {processor.py:183} INFO - Processing /opt/airflow/dags/telegraph_dag.py took 0.379 seconds
[2026-05-29T12:05:47.975+0000] {processor.py:161} INFO - Started process (PID=2403) to work on /opt/airflow/dags/telegraph_dag.py
[2026-05-29T12:05:47.981+0000] {processor.py:830} INFO - Processing file /opt/airflow/dags/telegraph_dag.py for tasks to queue
[2026-05-29T12:05:47.985+0000] {logging_mixin.py:188} INFO - [2026-05-29T12:05:47.984+0000] {dagbag.py:540} INFO - Filling up the DagBag from /opt/airflow/dags/telegraph_dag.py
[2026-05-29T12:05:48.040+0000] {processor.py:840} INFO - DAG(s) 'telegraph_scraper' retrieved from /opt/airflow/dags/telegraph_dag.py
[2026-05-29T12:05:48.109+0000] {logging_mixin.py:188} INFO - [2026-05-29T12:05:48.108+0000] {dag.py:3047} INFO - Sync 1 DAGs
[2026-05-29T12:05:48.173+0000] {logging_mixin.py:188} INFO - [2026-05-29T12:05:48.172+0000] {dag.py:3834} INFO - Setting next_dagrun for telegraph_scraper to 2026-05-29 00:00:00+00:00, run_after=2026-05-30 00:00:00+00:00
[2026-05-29T12:05:48.228+0000] {processor.py:183} INFO - Processing /opt/airflow/dags/telegraph_dag.py took 0.266 seconds
[2026-05-29T12:06:19.048+0000] {processor.py:161} INFO - Started process (PID=2428) to work on /opt/airflow/dags/telegraph_dag.py
[2026-05-29T12:06:19.054+0000] {processor.py:830} INFO - Processing file /opt/airflow/dags/telegraph_dag.py for tasks to queue
[2026-05-29T12:06:19.063+0000] {logging_mixin.py:188} INFO - [2026-05-29T12:06:19.057+0000] {dagbag.py:540} INFO - Filling up the DagBag from /opt/airflow/dags/telegraph_dag.py
[2026-05-29T12:06:19.202+0000] {processor.py:840} INFO - DAG(s) 'telegraph_scraper' retrieved from /opt/airflow/dags/telegraph_dag.py
[2026-05-29T12:06:19.311+0000] {logging_mixin.py:188} INFO - [2026-05-29T12:06:19.310+0000] {dag.py:3047} INFO - Sync 1 DAGs
[2026-05-29T12:06:19.551+0000] {logging_mixin.py:188} INFO - [2026-05-29T12:06:19.550+0000] {dag.py:3834} INFO - Setting next_dagrun for telegraph_scraper to 2026-05-29 00:00:00+00:00, run_after=2026-05-30 00:00:00+00:00
[2026-05-29T12:06:19.723+0000] {processor.py:183} INFO - Processing /opt/airflow/dags/telegraph_dag.py took 0.707 seconds
[2026-05-29T12:06:50.409+0000] {processor.py:161} INFO - Started process (PID=2458) to work on /opt/airflow/dags/telegraph_dag.py
[2026-05-29T12:06:50.412+0000] {processor.py:830} INFO - Processing file /opt/airflow/dags/telegraph_dag.py for tasks to queue
[2026-05-29T12:06:50.419+0000] {logging_mixin.py:188} INFO - [2026-05-29T12:06:50.418+0000] {dagbag.py:540} INFO - Filling up the DagBag from /opt/airflow/dags/telegraph_dag.py
[2026-05-29T12:06:50.491+0000] {processor.py:840} INFO - DAG(s) 'telegraph_scraper' retrieved from /opt/airflow/dags/telegraph_dag.py
[2026-05-29T12:06:50.582+0000] {logging_mixin.py:188} INFO - [2026-05-29T12:06:50.581+0000] {dag.py:3047} INFO - Sync 1 DAGs
[2026-05-29T12:06:50.656+0000] {logging_mixin.py:188} INFO - [2026-05-29T12:06:50.653+0000] {dag.py:3834} INFO - Setting next_dagrun for telegraph_scraper to 2026-05-29 00:00:00+00:00, run_after=2026-05-30 00:00:00+00:00
[2026-05-29T12:06:50.752+0000] {processor.py:183} INFO - Processing /opt/airflow/dags/telegraph_dag.py took 0.361 seconds
[2026-05-29T12:07:21.647+0000] {processor.py:161} INFO - Started process (PID=2488) to work on /opt/airflow/dags/telegraph_dag.py
[2026-05-29T12:07:21.652+0000] {processor.py:830} INFO - Processing file /opt/airflow/dags/telegraph_dag.py for tasks to queue
[2026-05-29T12:07:21.658+0000] {logging_mixin.py:188} INFO - [2026-05-29T12:07:21.657+0000] {dagbag.py:540} INFO - Filling up the DagBag from /opt/airflow/dags/telegraph_dag.py
[2026-05-29T12:07:21.761+0000] {processor.py:840} INFO - DAG(s) 'telegraph_scraper' retrieved from /opt/airflow/dags/telegraph_dag.py
[2026-05-29T12:07:21.851+0000] {logging_mixin.py:188} INFO - [2026-05-29T12:07:21.851+0000] {dag.py:3047} INFO - Sync 1 DAGs
[2026-05-29T12:07:21.930+0000] {logging_mixin.py:188} INFO - [2026-05-29T12:07:21.930+0000] {dag.py:3834} INFO - Setting next_dagrun for telegraph_scraper to 2026-05-29 00:00:00+00:00, run_after=2026-05-30 00:00:00+00:00
[2026-05-29T12:07:21.991+0000] {processor.py:183} INFO - Processing /opt/airflow/dags/telegraph_dag.py took 0.358 seconds
[2026-05-29T12:07:52.517+0000] {processor.py:161} INFO - Started process (PID=2518) to work on /opt/airflow/dags/telegraph_dag.py
[2026-05-29T12:07:52.522+0000] {processor.py:830} INFO - Processing file /opt/airflow/dags/telegraph_dag.py for tasks to queue
[2026-05-29T12:07:52.527+0000] {logging_mixin.py:188} INFO - [2026-05-29T12:07:52.525+0000] {dagbag.py:540} INFO - Filling up the DagBag from /opt/airflow/dags/telegraph_dag.py
[2026-05-29T12:07:52.598+0000] {processor.py:840} INFO - DAG(s) 'telegraph_scraper' retrieved from /opt/airflow/dags/telegraph_dag.py
[2026-05-29T12:07:52.676+0000] {logging_mixin.py:188} INFO - [2026-05-29T12:07:52.675+0000] {dag.py:3047} INFO - Sync 1 DAGs
[2026-05-29T12:07:52.759+0000] {logging_mixin.py:188} INFO - [2026-05-29T12:07:52.759+0000] {dag.py:3834} INFO - Setting next_dagrun for telegraph_scraper to 2026-05-29 00:00:00+00:00, run_after=2026-05-30 00:00:00+00:00
[2026-05-29T12:07:52.816+0000] {processor.py:183} INFO - Processing /opt/airflow/dags/telegraph_dag.py took 0.312 seconds
[2026-05-29T12:08:23.610+0000] {processor.py:161} INFO - Started process (PID=2548) to work on /opt/airflow/dags/telegraph_dag.py
[2026-05-29T12:08:23.613+0000] {processor.py:830} INFO - Processing file /opt/airflow/dags/telegraph_dag.py for tasks to queue
[2026-05-29T12:08:23.616+0000] {logging_mixin.py:188} INFO - [2026-05-29T12:08:23.615+0000] {dagbag.py:540} INFO - Filling up the DagBag from /opt/airflow/dags/telegraph_dag.py
[2026-05-29T12:08:23.691+0000] {processor.py:840} INFO - DAG(s) 'telegraph_scraper' retrieved from /opt/airflow/dags/telegraph_dag.py
[2026-05-29T12:08:23.804+0000] {logging_mixin.py:188} INFO - [2026-05-29T12:08:23.803+0000] {dag.py:3047} INFO - Sync 1 DAGs
[2026-05-29T12:08:23.882+0000] {logging_mixin.py:188} INFO - [2026-05-29T12:08:23.882+0000] {dag.py:3834} INFO - Setting next_dagrun for telegraph_scraper to 2026-05-29 00:00:00+00:00, run_after=2026-05-30 00:00:00+00:00
[2026-05-29T12:08:23.966+0000] {processor.py:183} INFO - Processing /opt/airflow/dags/telegraph_dag.py took 0.372 seconds
[2026-05-29T12:08:54.719+0000] {processor.py:161} INFO - Started process (PID=2578) to work on /opt/airflow/dags/telegraph_dag.py
[2026-05-29T12:08:54.723+0000] {processor.py:830} INFO - Processing file /opt/airflow/dags/telegraph_dag.py for tasks to queue
[2026-05-29T12:08:54.725+0000] {logging_mixin.py:188} INFO - [2026-05-29T12:08:54.724+0000] {dagbag.py:540} INFO - Filling up the DagBag from /opt/airflow/dags/telegraph_dag.py
[2026-05-29T12:08:54.838+0000] {processor.py:840} INFO - DAG(s) 'telegraph_scraper' retrieved from /opt/airflow/dags/telegraph_dag.py
[2026-05-29T12:08:55.112+0000] {logging_mixin.py:188} INFO - [2026-05-29T12:08:55.111+0000] {dag.py:3047} INFO - Sync 1 DAGs
[2026-05-29T12:08:55.465+0000] {logging_mixin.py:188} INFO - [2026-05-29T12:08:55.464+0000] {dag.py:3834} INFO - Setting next_dagrun for telegraph_scraper to 2026-05-29 00:00:00+00:00, run_after=2026-05-30 00:00:00+00:00
[2026-05-29T12:08:55.767+0000] {processor.py:183} INFO - Processing /opt/airflow/dags/telegraph_dag.py took 1.065 seconds
[2026-05-29T12:09:26.163+0000] {processor.py:161} INFO - Started process (PID=2608) to work on /opt/airflow/dags/telegraph_dag.py
[2026-05-29T12:09:27.010+0000] {processor.py:830} INFO - Processing file /opt/airflow/dags/telegraph_dag.py for tasks to queue
[2026-05-29T12:09:27.036+0000] {logging_mixin.py:188} INFO - [2026-05-29T12:09:27.035+0000] {dagbag.py:540} INFO - Filling up the DagBag from /opt/airflow/dags/telegraph_dag.py
[2026-05-29T12:09:28.695+0000] {processor.py:840} INFO - DAG(s) 'telegraph_scraper' retrieved from /opt/airflow/dags/telegraph_dag.py
[2026-05-29T12:09:28.955+0000] {logging_mixin.py:188} INFO - [2026-05-29T12:09:28.954+0000] {dag.py:3047} INFO - Sync 1 DAGs
[2026-05-29T12:09:29.205+0000] {logging_mixin.py:188} INFO - [2026-05-29T12:09:29.204+0000] {dag.py:3834} INFO - Setting next_dagrun for telegraph_scraper to 2026-05-29 00:00:00+00:00, run_after=2026-05-30 00:00:00+00:00
[2026-05-29T12:09:29.603+0000] {processor.py:183} INFO - Processing /opt/airflow/dags/telegraph_dag.py took 3.453 seconds
[2026-05-29T12:10:02.358+0000] {processor.py:161} INFO - Started process (PID=2638) to work on /opt/airflow/dags/telegraph_dag.py
[2026-05-29T12:10:02.424+0000] {processor.py:830} INFO - Processing file /opt/airflow/dags/telegraph_dag.py for tasks to queue
[2026-05-29T12:10:02.474+0000] {logging_mixin.py:188} INFO - [2026-05-29T12:10:02.473+0000] {dagbag.py:540} INFO - Filling up the DagBag from /opt/airflow/dags/telegraph_dag.py
[2026-05-29T12:10:04.515+0000] {processor.py:840} INFO - DAG(s) 'telegraph_scraper' retrieved from /opt/airflow/dags/telegraph_dag.py
[2026-05-29T12:10:04.839+0000] {logging_mixin.py:188} INFO - [2026-05-29T12:10:04.839+0000] {dag.py:3047} INFO - Sync 1 DAGs
[2026-05-29T12:10:05.043+0000] {logging_mixin.py:188} INFO - [2026-05-29T12:10:05.042+0000] {dag.py:3834} INFO - Setting next_dagrun for telegraph_scraper to 2026-05-29 00:00:00+00:00, run_after=2026-05-30 00:00:00+00:00
[2026-05-29T12:10:05.329+0000] {processor.py:183} INFO - Processing /opt/airflow/dags/telegraph_dag.py took 3.032 seconds
[2026-05-29T12:10:37.605+0000] {processor.py:161} INFO - Started process (PID=2668) to work on /opt/airflow/dags/telegraph_dag.py
[2026-05-29T12:10:37.616+0000] {processor.py:830} INFO - Processing file /opt/airflow/dags/telegraph_dag.py for tasks to queue
[2026-05-29T12:10:37.622+0000] {logging_mixin.py:188} INFO - [2026-05-29T12:10:37.621+0000] {dagbag.py:540} INFO - Filling up the DagBag from /opt/airflow/dags/telegraph_dag.py
[2026-05-29T12:10:37.742+0000] {processor.py:840} INFO - DAG(s) 'telegraph_scraper' retrieved from /opt/airflow/dags/telegraph_dag.py
[2026-05-29T12:10:37.917+0000] {logging_mixin.py:188} INFO - [2026-05-29T12:10:37.917+0000] {dag.py:3047} INFO - Sync 1 DAGs
[2026-05-29T12:10:38.043+0000] {logging_mixin.py:188} INFO - [2026-05-29T12:10:38.042+0000] {dag.py:3834} INFO - Setting next_dagrun for telegraph_scraper to 2026-05-29 00:00:00+00:00, run_after=2026-05-30 00:00:00+00:00
[2026-05-29T12:10:38.191+0000] {processor.py:183} INFO - Processing /opt/airflow/dags/telegraph_dag.py took 0.606 seconds
[2026-05-29T12:11:10.025+0000] {processor.py:161} INFO - Started process (PID=2698) to work on /opt/airflow/dags/telegraph_dag.py
[2026-05-29T12:11:10.041+0000] {processor.py:830} INFO - Processing file /opt/airflow/dags/telegraph_dag.py for tasks to queue
[2026-05-29T12:11:10.100+0000] {logging_mixin.py:188} INFO - [2026-05-29T12:11:10.099+0000] {dagbag.py:540} INFO - Filling up the DagBag from /opt/airflow/dags/telegraph_dag.py
[2026-05-29T12:11:10.494+0000] {processor.py:840} INFO - DAG(s) 'telegraph_scraper' retrieved from /opt/airflow/dags/telegraph_dag.py
[2026-05-29T12:11:10.716+0000] {logging_mixin.py:188} INFO - [2026-05-29T12:11:10.715+0000] {dag.py:3047} INFO - Sync 1 DAGs
[2026-05-29T12:11:10.897+0000] {logging_mixin.py:188} INFO - [2026-05-29T12:11:10.896+0000] {dag.py:3834} INFO - Setting next_dagrun for telegraph_scraper to 2026-05-29 00:00:00+00:00, run_after=2026-05-30 00:00:00+00:00
[2026-05-29T12:11:11.080+0000] {processor.py:183} INFO - Processing /opt/airflow/dags/telegraph_dag.py took 1.064 seconds
[2026-05-29T12:11:43.263+0000] {processor.py:161} INFO - Started process (PID=2728) to work on /opt/airflow/dags/telegraph_dag.py
[2026-05-29T12:11:43.303+0000] {processor.py:830} INFO - Processing file /opt/airflow/dags/telegraph_dag.py for tasks to queue
[2026-05-29T12:11:43.343+0000] {logging_mixin.py:188} INFO - [2026-05-29T12:11:43.342+0000] {dagbag.py:540} INFO - Filling up the DagBag from /opt/airflow/dags/telegraph_dag.py
[2026-05-29T12:11:44.419+0000] {processor.py:840} INFO - DAG(s) 'telegraph_scraper' retrieved from /opt/airflow/dags/telegraph_dag.py
[2026-05-29T12:11:44.602+0000] {logging_mixin.py:188} INFO - [2026-05-29T12:11:44.591+0000] {dag.py:3047} INFO - Sync 1 DAGs
[2026-05-29T12:11:44.866+0000] {logging_mixin.py:188} INFO - [2026-05-29T12:11:44.866+0000] {dag.py:3834} INFO - Setting next_dagrun for telegraph_scraper to 2026-05-29 00:00:00+00:00, run_after=2026-05-30 00:00:00+00:00
[2026-05-29T12:11:45.154+0000] {processor.py:183} INFO - Processing /opt/airflow/dags/telegraph_dag.py took 1.911 seconds
[2026-05-29T12:12:16.260+0000] {processor.py:161} INFO - Started process (PID=2758) to work on /opt/airflow/dags/telegraph_dag.py
[2026-05-29T12:12:16.264+0000] {processor.py:830} INFO - Processing file /opt/airflow/dags/telegraph_dag.py for tasks to queue
[2026-05-29T12:12:16.267+0000] {logging_mixin.py:188} INFO - [2026-05-29T12:12:16.266+0000] {dagbag.py:540} INFO - Filling up the DagBag from /opt/airflow/dags/telegraph_dag.py
[2026-05-29T12:12:16.320+0000] {processor.py:840} INFO - DAG(s) 'telegraph_scraper' retrieved from /opt/airflow/dags/telegraph_dag.py
[2026-05-29T12:12:16.392+0000] {logging_mixin.py:188} INFO - [2026-05-29T12:12:16.391+0000] {dag.py:3047} INFO - Sync 1 DAGs
[2026-05-29T12:12:16.462+0000] {logging_mixin.py:188} INFO - [2026-05-29T12:12:16.462+0000] {dag.py:3834} INFO - Setting next_dagrun for telegraph_scraper to 2026-05-29 00:00:00+00:00, run_after=2026-05-30 00:00:00+00:00
[2026-05-29T12:12:16.546+0000] {processor.py:183} INFO - Processing /opt/airflow/dags/telegraph_dag.py took 0.298 seconds
[2026-05-29T12:12:46.833+0000] {processor.py:161} INFO - Started process (PID=2788) to work on /opt/airflow/dags/telegraph_dag.py
[2026-05-29T12:12:46.847+0000] {processor.py:830} INFO - Processing file /opt/airflow/dags/telegraph_dag.py for tasks to queue
[2026-05-29T12:12:46.857+0000] {logging_mixin.py:188} INFO - [2026-05-29T12:12:46.856+0000] {dagbag.py:540} INFO - Filling up the DagBag from /opt/airflow/dags/telegraph_dag.py
[2026-05-29T12:12:47.143+0000] {processor.py:840} INFO - DAG(s) 'telegraph_scraper' retrieved from /opt/airflow/dags/telegraph_dag.py
[2026-05-29T12:12:47.371+0000] {logging_mixin.py:188} INFO - [2026-05-29T12:12:47.359+0000] {dag.py:3047} INFO - Sync 1 DAGs
[2026-05-29T12:12:47.506+0000] {logging_mixin.py:188} INFO - [2026-05-29T12:12:47.506+0000] {dag.py:3834} INFO - Setting next_dagrun for telegraph_scraper to 2026-05-29 00:00:00+00:00, run_after=2026-05-30 00:00:00+00:00
[2026-05-29T12:12:47.561+0000] {processor.py:183} INFO - Processing /opt/airflow/dags/telegraph_dag.py took 0.750 seconds
[2026-05-29T12:13:18.209+0000] {processor.py:161} INFO - Started process (PID=2818) to work on /opt/airflow/dags/telegraph_dag.py
[2026-05-29T12:13:18.212+0000] {processor.py:830} INFO - Processing file /opt/airflow/dags/telegraph_dag.py for tasks to queue
[2026-05-29T12:13:18.215+0000] {logging_mixin.py:188} INFO - [2026-05-29T12:13:18.214+0000] {dagbag.py:540} INFO - Filling up the DagBag from /opt/airflow/dags/telegraph_dag.py
[2026-05-29T12:13:18.271+0000] {processor.py:840} INFO - DAG(s) 'telegraph_scraper' retrieved from /opt/airflow/dags/telegraph_dag.py
[2026-05-29T12:13:18.344+0000] {logging_mixin.py:188} INFO - [2026-05-29T12:13:18.343+0000] {dag.py:3047} INFO - Sync 1 DAGs
[2026-05-29T12:13:18.411+0000] {logging_mixin.py:188} INFO - [2026-05-29T12:13:18.411+0000] {dag.py:3834} INFO - Setting next_dagrun for telegraph_scraper to 2026-05-29 00:00:00+00:00, run_after=2026-05-30 00:00:00+00:00
[2026-05-29T12:13:18.466+0000] {processor.py:183} INFO - Processing /opt/airflow/dags/telegraph_dag.py took 0.276 seconds
[2026-05-29T12:13:48.756+0000] {processor.py:161} INFO - Started process (PID=2848) to work on /opt/airflow/dags/telegraph_dag.py
[2026-05-29T12:13:48.761+0000] {processor.py:830} INFO - Processing file /opt/airflow/dags/telegraph_dag.py for tasks to queue
[2026-05-29T12:13:48.765+0000] {logging_mixin.py:188} INFO - [2026-05-29T12:13:48.764+0000] {dagbag.py:540} INFO - Filling up the DagBag from /opt/airflow/dags/telegraph_dag.py
[2026-05-29T12:13:49.653+0000] {processor.py:840} INFO - DAG(s) 'telegraph_scraper' retrieved from /opt/airflow/dags/telegraph_dag.py
[2026-05-29T12:13:49.836+0000] {logging_mixin.py:188} INFO - [2026-05-29T12:13:49.836+0000] {dag.py:3047} INFO - Sync 1 DAGs
[2026-05-29T12:13:50.054+0000] {logging_mixin.py:188} INFO - [2026-05-29T12:13:50.043+0000] {dag.py:3834} INFO - Setting next_dagrun for telegraph_scraper to 2026-05-29 00:00:00+00:00, run_after=2026-05-30 00:00:00+00:00
[2026-05-29T12:13:50.167+0000] {processor.py:183} INFO - Processing /opt/airflow/dags/telegraph_dag.py took 1.428 seconds
[2026-05-29T12:14:21.014+0000] {processor.py:161} INFO - Started process (PID=2878) to work on /opt/airflow/dags/telegraph_dag.py
[2026-05-29T12:14:21.020+0000] {processor.py:830} INFO - Processing file /opt/airflow/dags/telegraph_dag.py for tasks to queue
[2026-05-29T12:14:21.024+0000] {logging_mixin.py:188} INFO - [2026-05-29T12:14:21.023+0000] {dagbag.py:540} INFO - Filling up the DagBag from /opt/airflow/dags/telegraph_dag.py
[2026-05-29T12:14:21.098+0000] {processor.py:840} INFO - DAG(s) 'telegraph_scraper' retrieved from /opt/airflow/dags/telegraph_dag.py
[2026-05-29T12:14:21.184+0000] {logging_mixin.py:188} INFO - [2026-05-29T12:14:21.184+0000] {dag.py:3047} INFO - Sync 1 DAGs
[2026-05-29T12:14:21.294+0000] {logging_mixin.py:188} INFO - [2026-05-29T12:14:21.294+0000] {dag.py:3834} INFO - Setting next_dagrun for telegraph_scraper to 2026-05-29 00:00:00+00:00, run_after=2026-05-30 00:00:00+00:00
[2026-05-29T12:14:21.390+0000] {processor.py:183} INFO - Processing /opt/airflow/dags/telegraph_dag.py took 0.388 seconds
[2026-05-29T12:14:52.951+0000] {processor.py:161} INFO - Started process (PID=2908) to work on /opt/airflow/dags/telegraph_dag.py
[2026-05-29T12:14:52.954+0000] {processor.py:830} INFO - Processing file /opt/airflow/dags/telegraph_dag.py for tasks to queue
[2026-05-29T12:14:52.958+0000] {logging_mixin.py:188} INFO - [2026-05-29T12:14:52.957+0000] {dagbag.py:540} INFO - Filling up the DagBag from /opt/airflow/dags/telegraph_dag.py
[2026-05-29T12:14:53.022+0000] {processor.py:840} INFO - DAG(s) 'telegraph_scraper' retrieved from /opt/airflow/dags/telegraph_dag.py
[2026-05-29T12:14:53.089+0000] {logging_mixin.py:188} INFO - [2026-05-29T12:14:53.089+0000] {dag.py:3047} INFO - Sync 1 DAGs
[2026-05-29T12:14:53.155+0000] {logging_mixin.py:188} INFO - [2026-05-29T12:14:53.154+0000] {dag.py:3834} INFO - Setting next_dagrun for telegraph_scraper to 2026-05-29 00:00:00+00:00, run_after=2026-05-30 00:00:00+00:00
[2026-05-29T12:14:53.210+0000] {processor.py:183} INFO - Processing /opt/airflow/dags/telegraph_dag.py took 0.268 seconds
[2026-05-29T12:15:25.867+0000] {processor.py:161} INFO - Started process (PID=2938) to work on /opt/airflow/dags/telegraph_dag.py
[2026-05-29T12:15:25.896+0000] {processor.py:830} INFO - Processing file /opt/airflow/dags/telegraph_dag.py for tasks to queue
[2026-05-29T12:15:25.900+0000] {logging_mixin.py:188} INFO - [2026-05-29T12:15:25.899+0000] {dagbag.py:540} INFO - Filling up the DagBag from /opt/airflow/dags/telegraph_dag.py
[2026-05-29T12:15:26.042+0000] {processor.py:840} INFO - DAG(s) 'telegraph_scraper' retrieved from /opt/airflow/dags/telegraph_dag.py
[2026-05-29T12:15:26.217+0000] {logging_mixin.py:188} INFO - [2026-05-29T12:15:26.206+0000] {dag.py:3047} INFO - Sync 1 DAGs
[2026-05-29T12:15:26.461+0000] {logging_mixin.py:188} INFO - [2026-05-29T12:15:26.460+0000] {dag.py:3834} INFO - Setting next_dagrun for telegraph_scraper to 2026-05-29 00:00:00+00:00, run_after=2026-05-30 00:00:00+00:00
[2026-05-29T12:15:26.849+0000] {processor.py:183} INFO - Processing /opt/airflow/dags/telegraph_dag.py took 0.992 seconds
[2026-05-29T12:15:59.180+0000] {processor.py:161} INFO - Started process (PID=2966) to work on /opt/airflow/dags/telegraph_dag.py
[2026-05-29T12:15:59.197+0000] {processor.py:830} INFO - Processing file /opt/airflow/dags/telegraph_dag.py for tasks to queue
[2026-05-29T12:15:59.261+0000] {logging_mixin.py:188} INFO - [2026-05-29T12:15:59.260+0000] {dagbag.py:540} INFO - Filling up the DagBag from /opt/airflow/dags/telegraph_dag.py
[2026-05-29T12:16:00.250+0000] {processor.py:840} INFO - DAG(s) 'telegraph_scraper' retrieved from /opt/airflow/dags/telegraph_dag.py
[2026-05-29T12:16:00.650+0000] {logging_mixin.py:188} INFO - [2026-05-29T12:16:00.649+0000] {dag.py:3047} INFO - Sync 1 DAGs
[2026-05-29T12:16:01.274+0000] {logging_mixin.py:188} INFO - [2026-05-29T12:16:01.273+0000] {dag.py:3834} INFO - Setting next_dagrun for telegraph_scraper to 2026-05-29 00:00:00+00:00, run_after=2026-05-30 00:00:00+00:00
[2026-05-29T12:16:01.986+0000] {processor.py:183} INFO - Processing /opt/airflow/dags/telegraph_dag.py took 3.077 seconds
[2026-05-29T12:16:32.823+0000] {processor.py:161} INFO - Started process (PID=2998) to work on /opt/airflow/dags/telegraph_dag.py
[2026-05-29T12:16:32.827+0000] {processor.py:830} INFO - Processing file /opt/airflow/dags/telegraph_dag.py for tasks to queue
[2026-05-29T12:16:32.835+0000] {logging_mixin.py:188} INFO - [2026-05-29T12:16:32.830+0000] {dagbag.py:540} INFO - Filling up the DagBag from /opt/airflow/dags/telegraph_dag.py
[2026-05-29T12:16:32.912+0000] {processor.py:840} INFO - DAG(s) 'telegraph_scraper' retrieved from /opt/airflow/dags/telegraph_dag.py
[2026-05-29T12:16:33.057+0000] {logging_mixin.py:188} INFO - [2026-05-29T12:16:33.056+0000] {dag.py:3047} INFO - Sync 1 DAGs
[2026-05-29T12:16:33.157+0000] {logging_mixin.py:188} INFO - [2026-05-29T12:16:33.157+0000] {dag.py:3834} INFO - Setting next_dagrun for telegraph_scraper to 2026-05-29 00:00:00+00:00, run_after=2026-05-30 00:00:00+00:00
[2026-05-29T12:16:33.213+0000] {processor.py:183} INFO - Processing /opt/airflow/dags/telegraph_dag.py took 0.403 seconds
[2026-05-29T12:17:08.406+0000] {processor.py:161} INFO - Started process (PID=3028) to work on /opt/airflow/dags/telegraph_dag.py
[2026-05-29T12:17:08.587+0000] {processor.py:830} INFO - Processing file /opt/airflow/dags/telegraph_dag.py for tasks to queue
[2026-05-29T12:17:08.637+0000] {logging_mixin.py:188} INFO - [2026-05-29T12:17:08.635+0000] {dagbag.py:540} INFO - Filling up the DagBag from /opt/airflow/dags/telegraph_dag.py
[2026-05-29T12:17:10.254+0000] {processor.py:840} INFO - DAG(s) 'telegraph_scraper' retrieved from /opt/airflow/dags/telegraph_dag.py
[2026-05-29T12:17:10.431+0000] {logging_mixin.py:188} INFO - [2026-05-29T12:17:10.430+0000] {dag.py:3047} INFO - Sync 1 DAGs
[2026-05-29T12:17:10.600+0000] {logging_mixin.py:188} INFO - [2026-05-29T12:17:10.600+0000] {dag.py:3834} INFO - Setting next_dagrun for telegraph_scraper to 2026-05-29 00:00:00+00:00, run_after=2026-05-30 00:00:00+00:00
[2026-05-29T12:17:10.742+0000] {processor.py:183} INFO - Processing /opt/airflow/dags/telegraph_dag.py took 2.346 seconds
[2026-05-29T12:17:42.825+0000] {processor.py:161} INFO - Started process (PID=3058) to work on /opt/airflow/dags/telegraph_dag.py
[2026-05-29T12:17:42.838+0000] {processor.py:830} INFO - Processing file /opt/airflow/dags/telegraph_dag.py for tasks to queue
[2026-05-29T12:17:42.842+0000] {logging_mixin.py:188} INFO - [2026-05-29T12:17:42.840+0000] {dagbag.py:540} INFO - Filling up the DagBag from /opt/airflow/dags/telegraph_dag.py
[2026-05-29T12:17:42.972+0000] {processor.py:840} INFO - DAG(s) 'telegraph_scraper' retrieved from /opt/airflow/dags/telegraph_dag.py
[2026-05-29T12:17:43.104+0000] {logging_mixin.py:188} INFO - [2026-05-29T12:17:43.104+0000] {dag.py:3047} INFO - Sync 1 DAGs
[2026-05-29T12:17:43.231+0000] {logging_mixin.py:188} INFO - [2026-05-29T12:17:43.231+0000] {dag.py:3834} INFO - Setting next_dagrun for telegraph_scraper to 2026-05-29 00:00:00+00:00, run_after=2026-05-30 00:00:00+00:00
[2026-05-29T12:17:43.367+0000] {processor.py:183} INFO - Processing /opt/airflow/dags/telegraph_dag.py took 0.556 seconds
[2026-05-29T12:18:18.328+0000] {processor.py:161} INFO - Started process (PID=3088) to work on /opt/airflow/dags/telegraph_dag.py
[2026-05-29T12:18:18.592+0000] {processor.py:830} INFO - Processing file /opt/airflow/dags/telegraph_dag.py for tasks to queue
[2026-05-29T12:18:18.599+0000] {logging_mixin.py:188} INFO - [2026-05-29T12:18:18.598+0000] {dagbag.py:540} INFO - Filling up the DagBag from /opt/airflow/dags/telegraph_dag.py
[2026-05-29T12:18:19.949+0000] {processor.py:840} INFO - DAG(s) 'telegraph_scraper' retrieved from /opt/airflow/dags/telegraph_dag.py
[2026-05-29T12:18:20.129+0000] {logging_mixin.py:188} INFO - [2026-05-29T12:18:20.118+0000] {dag.py:3047} INFO - Sync 1 DAGs
[2026-05-29T12:18:20.364+0000] {logging_mixin.py:188} INFO - [2026-05-29T12:18:20.363+0000] {dag.py:3834} INFO - Setting next_dagrun for telegraph_scraper to 2026-05-29 00:00:00+00:00, run_after=2026-05-30 00:00:00+00:00
[2026-05-29T12:18:20.525+0000] {processor.py:183} INFO - Processing /opt/airflow/dags/telegraph_dag.py took 2.216 seconds
[2026-05-29T12:18:51.804+0000] {processor.py:161} INFO - Started process (PID=3118) to work on /opt/airflow/dags/telegraph_dag.py
[2026-05-29T12:18:51.815+0000] {processor.py:830} INFO - Processing file /opt/airflow/dags/telegraph_dag.py for tasks to queue
[2026-05-29T12:18:51.819+0000] {logging_mixin.py:188} INFO - [2026-05-29T12:18:51.818+0000] {dagbag.py:540} INFO - Filling up the DagBag from /opt/airflow/dags/telegraph_dag.py
[2026-05-29T12:18:51.934+0000] {processor.py:840} INFO - DAG(s) 'telegraph_scraper' retrieved from /opt/airflow/dags/telegraph_dag.py
[2026-05-29T12:18:52.092+0000] {logging_mixin.py:188} INFO - [2026-05-29T12:18:52.091+0000] {dag.py:3047} INFO - Sync 1 DAGs
[2026-05-29T12:18:52.174+0000] {logging_mixin.py:188} INFO - [2026-05-29T12:18:52.174+0000] {dag.py:3834} INFO - Setting next_dagrun for telegraph_scraper to 2026-05-29 00:00:00+00:00, run_after=2026-05-30 00:00:00+00:00
[2026-05-29T12:18:52.286+0000] {processor.py:183} INFO - Processing /opt/airflow/dags/telegraph_dag.py took 0.502 seconds
[2026-05-29T12:19:23.546+0000] {processor.py:161} INFO - Started process (PID=3148) to work on /opt/airflow/dags/telegraph_dag.py
[2026-05-29T12:19:23.554+0000] {processor.py:830} INFO - Processing file /opt/airflow/dags/telegraph_dag.py for tasks to queue
[2026-05-29T12:19:23.569+0000] {logging_mixin.py:188} INFO - [2026-05-29T12:19:23.568+0000] {dagbag.py:540} INFO - Filling up the DagBag from /opt/airflow/dags/telegraph_dag.py
[2026-05-29T12:19:23.716+0000] {processor.py:840} INFO - DAG(s) 'telegraph_scraper' retrieved from /opt/airflow/dags/telegraph_dag.py
[2026-05-29T12:19:23.819+0000] {logging_mixin.py:188} INFO - [2026-05-29T12:19:23.818+0000] {dag.py:3047} INFO - Sync 1 DAGs
[2026-05-29T12:19:23.891+0000] {logging_mixin.py:188} INFO - [2026-05-29T12:19:23.890+0000] {dag.py:3834} INFO - Setting next_dagrun for telegraph_scraper to 2026-05-29 00:00:00+00:00, run_after=2026-05-30 00:00:00+00:00
[2026-05-29T12:19:23.950+0000] {processor.py:183} INFO - Processing /opt/airflow/dags/telegraph_dag.py took 0.423 seconds
[2026-05-29T12:19:54.500+0000] {processor.py:161} INFO - Started process (PID=3178) to work on /opt/airflow/dags/telegraph_dag.py
[2026-05-29T12:19:54.503+0000] {processor.py:830} INFO - Processing file /opt/airflow/dags/telegraph_dag.py for tasks to queue
[2026-05-29T12:19:54.507+0000] {logging_mixin.py:188} INFO - [2026-05-29T12:19:54.506+0000] {dagbag.py:540} INFO - Filling up the DagBag from /opt/airflow/dags/telegraph_dag.py
[2026-05-29T12:19:54.574+0000] {processor.py:840} INFO - DAG(s) 'telegraph_scraper' retrieved from /opt/airflow/dags/telegraph_dag.py
[2026-05-29T12:19:54.735+0000] {logging_mixin.py:188} INFO - [2026-05-29T12:19:54.734+0000] {dag.py:3047} INFO - Sync 1 DAGs
[2026-05-29T12:19:54.860+0000] {logging_mixin.py:188} INFO - [2026-05-29T12:19:54.859+0000] {dag.py:3834} INFO - Setting next_dagrun for telegraph_scraper to 2026-05-29 00:00:00+00:00, run_after=2026-05-30 00:00:00+00:00
[2026-05-29T12:19:54.923+0000] {processor.py:183} INFO - Processing /opt/airflow/dags/telegraph_dag.py took 0.436 seconds
[2026-05-29T12:20:25.146+0000] {processor.py:161} INFO - Started process (PID=3208) to work on /opt/airflow/dags/telegraph_dag.py
[2026-05-29T12:20:25.150+0000] {processor.py:830} INFO - Processing file /opt/airflow/dags/telegraph_dag.py for tasks to queue
[2026-05-29T12:20:25.154+0000] {logging_mixin.py:188} INFO - [2026-05-29T12:20:25.153+0000] {dagbag.py:540} INFO - Filling up the DagBag from /opt/airflow/dags/telegraph_dag.py
[2026-05-29T12:20:25.207+0000] {processor.py:840} INFO - DAG(s) 'telegraph_scraper' retrieved from /opt/airflow/dags/telegraph_dag.py
[2026-05-29T12:20:25.279+0000] {logging_mixin.py:188} INFO - [2026-05-29T12:20:25.278+0000] {dag.py:3047} INFO - Sync 1 DAGs
[2026-05-29T12:20:25.348+0000] {logging_mixin.py:188} INFO - [2026-05-29T12:20:25.348+0000] {dag.py:3834} INFO - Setting next_dagrun for telegraph_scraper to 2026-05-29 00:00:00+00:00, run_after=2026-05-30 00:00:00+00:00
[2026-05-29T12:20:25.412+0000] {processor.py:183} INFO - Processing /opt/airflow/dags/telegraph_dag.py took 0.276 seconds
[2026-05-29T12:20:57.579+0000] {processor.py:161} INFO - Started process (PID=3238) to work on /opt/airflow/dags/telegraph_dag.py
[2026-05-29T12:20:57.589+0000] {processor.py:830} INFO - Processing file /opt/airflow/dags/telegraph_dag.py for tasks to queue
[2026-05-29T12:20:57.660+0000] {logging_mixin.py:188} INFO - [2026-05-29T12:20:57.659+0000] {dagbag.py:540} INFO - Filling up the DagBag from /opt/airflow/dags/telegraph_dag.py
[2026-05-29T12:20:58.493+0000] {processor.py:840} INFO - DAG(s) 'telegraph_scraper' retrieved from /opt/airflow/dags/telegraph_dag.py
[2026-05-29T12:20:58.652+0000] {logging_mixin.py:188} INFO - [2026-05-29T12:20:58.652+0000] {dag.py:3047} INFO - Sync 1 DAGs
[2026-05-29T12:20:58.828+0000] {logging_mixin.py:188} INFO - [2026-05-29T12:20:58.827+0000] {dag.py:3834} INFO - Setting next_dagrun for telegraph_scraper to 2026-05-29 00:00:00+00:00, run_after=2026-05-30 00:00:00+00:00
[2026-05-29T12:20:59.084+0000] {processor.py:183} INFO - Processing /opt/airflow/dags/telegraph_dag.py took 1.525 seconds
[2026-05-29T12:21:30.506+0000] {processor.py:161} INFO - Started process (PID=3268) to work on /opt/airflow/dags/telegraph_dag.py
[2026-05-29T12:21:30.509+0000] {processor.py:830} INFO - Processing file /opt/airflow/dags/telegraph_dag.py for tasks to queue
[2026-05-29T12:21:30.514+0000] {logging_mixin.py:188} INFO - [2026-05-29T12:21:30.512+0000] {dagbag.py:540} INFO - Filling up the DagBag from /opt/airflow/dags/telegraph_dag.py
[2026-05-29T12:21:30.595+0000] {processor.py:840} INFO - DAG(s) 'telegraph_scraper' retrieved from /opt/airflow/dags/telegraph_dag.py
[2026-05-29T12:21:30.776+0000] {logging_mixin.py:188} INFO - [2026-05-29T12:21:30.776+0000] {dag.py:3047} INFO - Sync 1 DAGs
[2026-05-29T12:21:30.918+0000] {logging_mixin.py:188} INFO - [2026-05-29T12:21:30.918+0000] {dag.py:3834} INFO - Setting next_dagrun for telegraph_scraper to 2026-05-29 00:00:00+00:00, run_after=2026-05-30 00:00:00+00:00
[2026-05-29T12:21:31.063+0000] {processor.py:183} INFO - Processing /opt/airflow/dags/telegraph_dag.py took 0.572 seconds
[2026-05-29T12:22:01.302+0000] {processor.py:161} INFO - Started process (PID=3298) to work on /opt/airflow/dags/telegraph_dag.py
[2026-05-29T12:22:01.306+0000] {processor.py:830} INFO - Processing file /opt/airflow/dags/telegraph_dag.py for tasks to queue
[2026-05-29T12:22:01.309+0000] {logging_mixin.py:188} INFO - [2026-05-29T12:22:01.308+0000] {dagbag.py:540} INFO - Filling up the DagBag from /opt/airflow/dags/telegraph_dag.py
[2026-05-29T12:22:01.363+0000] {processor.py:840} INFO - DAG(s) 'telegraph_scraper' retrieved from /opt/airflow/dags/telegraph_dag.py
[2026-05-29T12:22:01.440+0000] {logging_mixin.py:188} INFO - [2026-05-29T12:22:01.439+0000] {dag.py:3047} INFO - Sync 1 DAGs
[2026-05-29T12:22:01.503+0000] {logging_mixin.py:188} INFO - [2026-05-29T12:22:01.503+0000] {dag.py:3834} INFO - Setting next_dagrun for telegraph_scraper to 2026-05-29 00:00:00+00:00, run_after=2026-05-30 00:00:00+00:00
[2026-05-29T12:22:01.560+0000] {processor.py:183} INFO - Processing /opt/airflow/dags/telegraph_dag.py took 0.269 seconds
[2026-05-29T12:22:35.288+0000] {processor.py:161} INFO - Started process (PID=3328) to work on /opt/airflow/dags/telegraph_dag.py
[2026-05-29T12:22:35.304+0000] {processor.py:830} INFO - Processing file /opt/airflow/dags/telegraph_dag.py for tasks to queue
[2026-05-29T12:22:35.363+0000] {logging_mixin.py:188} INFO - [2026-05-29T12:22:35.351+0000] {dagbag.py:540} INFO - Filling up the DagBag from /opt/airflow/dags/telegraph_dag.py
[2026-05-29T12:22:35.655+0000] {processor.py:840} INFO - DAG(s) 'telegraph_scraper' retrieved from /opt/airflow/dags/telegraph_dag.py
[2026-05-29T12:22:36.021+0000] {logging_mixin.py:188} INFO - [2026-05-29T12:22:36.021+0000] {dag.py:3047} INFO - Sync 1 DAGs
[2026-05-29T12:22:36.262+0000] {logging_mixin.py:188} INFO - [2026-05-29T12:22:36.261+0000] {dag.py:3834} INFO - Setting next_dagrun for telegraph_scraper to 2026-05-29 00:00:00+00:00, run_after=2026-05-30 00:00:00+00:00
[2026-05-29T12:22:37.038+0000] {processor.py:183} INFO - Processing /opt/airflow/dags/telegraph_dag.py took 1.769 seconds
[2026-05-29T12:23:08.512+0000] {processor.py:161} INFO - Started process (PID=3358) to work on /opt/airflow/dags/telegraph_dag.py
[2026-05-29T12:23:08.516+0000] {processor.py:830} INFO - Processing file /opt/airflow/dags/telegraph_dag.py for tasks to queue
[2026-05-29T12:23:08.524+0000] {logging_mixin.py:188} INFO - [2026-05-29T12:23:08.520+0000] {dagbag.py:540} INFO - Filling up the DagBag from /opt/airflow/dags/telegraph_dag.py
[2026-05-29T12:23:08.590+0000] {processor.py:840} INFO - DAG(s) 'telegraph_scraper' retrieved from /opt/airflow/dags/telegraph_dag.py
[2026-05-29T12:23:08.683+0000] {logging_mixin.py:188} INFO - [2026-05-29T12:23:08.683+0000] {dag.py:3047} INFO - Sync 1 DAGs
[2026-05-29T12:23:08.762+0000] {logging_mixin.py:188} INFO - [2026-05-29T12:23:08.762+0000] {dag.py:3834} INFO - Setting next_dagrun for telegraph_scraper to 2026-05-29 00:00:00+00:00, run_after=2026-05-30 00:00:00+00:00
[2026-05-29T12:23:08.864+0000] {processor.py:183} INFO - Processing /opt/airflow/dags/telegraph_dag.py took 0.393 seconds
[2026-05-29T12:23:40.497+0000] {processor.py:161} INFO - Started process (PID=3388) to work on /opt/airflow/dags/telegraph_dag.py
[2026-05-29T12:23:40.517+0000] {processor.py:830} INFO - Processing file /opt/airflow/dags/telegraph_dag.py for tasks to queue
[2026-05-29T12:23:40.523+0000] {logging_mixin.py:188} INFO - [2026-05-29T12:23:40.522+0000] {dagbag.py:540} INFO - Filling up the DagBag from /opt/airflow/dags/telegraph_dag.py
[2026-05-29T12:23:40.681+0000] {processor.py:840} INFO - DAG(s) 'telegraph_scraper' retrieved from /opt/airflow/dags/telegraph_dag.py
[2026-05-29T12:23:40.959+0000] {logging_mixin.py:188} INFO - [2026-05-29T12:23:40.958+0000] {dag.py:3047} INFO - Sync 1 DAGs
[2026-05-29T12:23:41.313+0000] {logging_mixin.py:188} INFO - [2026-05-29T12:23:41.302+0000] {dag.py:3834} INFO - Setting next_dagrun for telegraph_scraper to 2026-05-29 00:00:00+00:00, run_after=2026-05-30 00:00:00+00:00
[2026-05-29T12:23:41.639+0000] {processor.py:183} INFO - Processing /opt/airflow/dags/telegraph_dag.py took 1.167 seconds
[2026-05-29T12:24:15.459+0000] {processor.py:161} INFO - Started process (PID=3418) to work on /opt/airflow/dags/telegraph_dag.py
[2026-05-29T12:24:15.477+0000] {processor.py:830} INFO - Processing file /opt/airflow/dags/telegraph_dag.py for tasks to queue
[2026-05-29T12:24:15.495+0000] {logging_mixin.py:188} INFO - [2026-05-29T12:24:15.494+0000] {dagbag.py:540} INFO - Filling up the DagBag from /opt/airflow/dags/telegraph_dag.py
[2026-05-29T12:24:15.699+0000] {processor.py:840} INFO - DAG(s) 'telegraph_scraper' retrieved from /opt/airflow/dags/telegraph_dag.py
[2026-05-29T12:24:16.055+0000] {logging_mixin.py:188} INFO - [2026-05-29T12:24:16.054+0000] {dag.py:3047} INFO - Sync 1 DAGs
[2026-05-29T12:24:16.409+0000] {logging_mixin.py:188} INFO - [2026-05-29T12:24:16.408+0000] {dag.py:3834} INFO - Setting next_dagrun for telegraph_scraper to 2026-05-29 00:00:00+00:00, run_after=2026-05-30 00:00:00+00:00
[2026-05-29T12:24:16.826+0000] {processor.py:183} INFO - Processing /opt/airflow/dags/telegraph_dag.py took 1.386 seconds
[2026-05-29T12:24:49.179+0000] {processor.py:161} INFO - Started process (PID=3446) to work on /opt/airflow/dags/telegraph_dag.py
[2026-05-29T12:24:49.190+0000] {processor.py:830} INFO - Processing file /opt/airflow/dags/telegraph_dag.py for tasks to queue
[2026-05-29T12:24:49.196+0000] {logging_mixin.py:188} INFO - [2026-05-29T12:24:49.195+0000] {dagbag.py:540} INFO - Filling up the DagBag from /opt/airflow/dags/telegraph_dag.py
[2026-05-29T12:24:49.524+0000] {processor.py:840} INFO - DAG(s) 'telegraph_scraper' retrieved from /opt/airflow/dags/telegraph_dag.py
[2026-05-29T12:24:49.898+0000] {logging_mixin.py:188} INFO - [2026-05-29T12:24:49.898+0000] {dag.py:3047} INFO - Sync 1 DAGs
[2026-05-29T12:24:50.248+0000] {logging_mixin.py:188} INFO - [2026-05-29T12:24:50.248+0000] {dag.py:3834} INFO - Setting next_dagrun for telegraph_scraper to 2026-05-29 00:00:00+00:00, run_after=2026-05-30 00:00:00+00:00
[2026-05-29T12:24:50.479+0000] {processor.py:183} INFO - Processing /opt/airflow/dags/telegraph_dag.py took 1.394 seconds
[2026-05-29T12:25:23.294+0000] {processor.py:161} INFO - Started process (PID=3473) to work on /opt/airflow/dags/telegraph_dag.py
[2026-05-29T12:25:23.319+0000] {processor.py:830} INFO - Processing file /opt/airflow/dags/telegraph_dag.py for tasks to queue
[2026-05-29T12:25:23.349+0000] {logging_mixin.py:188} INFO - [2026-05-29T12:25:23.344+0000] {dagbag.py:540} INFO - Filling up the DagBag from /opt/airflow/dags/telegraph_dag.py
[2026-05-29T12:25:23.608+0000] {processor.py:840} INFO - DAG(s) 'telegraph_scraper' retrieved from /opt/airflow/dags/telegraph_dag.py
[2026-05-29T12:25:23.821+0000] {logging_mixin.py:188} INFO - [2026-05-29T12:25:23.821+0000] {dag.py:3047} INFO - Sync 1 DAGs
[2026-05-29T12:25:24.015+0000] {logging_mixin.py:188} INFO - [2026-05-29T12:25:24.014+0000] {dag.py:3834} INFO - Setting next_dagrun for telegraph_scraper to 2026-05-29 00:00:00+00:00, run_after=2026-05-30 00:00:00+00:00
[2026-05-29T12:25:24.151+0000] {processor.py:183} INFO - Processing /opt/airflow/dags/telegraph_dag.py took 0.880 seconds
[2026-05-29T12:25:55.141+0000] {processor.py:161} INFO - Started process (PID=3503) to work on /opt/airflow/dags/telegraph_dag.py
[2026-05-29T12:25:55.145+0000] {processor.py:830} INFO - Processing file /opt/airflow/dags/telegraph_dag.py for tasks to queue
[2026-05-29T12:25:55.149+0000] {logging_mixin.py:188} INFO - [2026-05-29T12:25:55.148+0000] {dagbag.py:540} INFO - Filling up the DagBag from /opt/airflow/dags/telegraph_dag.py
[2026-05-29T12:25:55.304+0000] {processor.py:840} INFO - DAG(s) 'telegraph_scraper' retrieved from /opt/airflow/dags/telegraph_dag.py
[2026-05-29T12:25:55.541+0000] {logging_mixin.py:188} INFO - [2026-05-29T12:25:55.540+0000] {dag.py:3047} INFO - Sync 1 DAGs
[2026-05-29T12:25:55.731+0000] {logging_mixin.py:188} INFO - [2026-05-29T12:25:55.731+0000] {dag.py:3834} INFO - Setting next_dagrun for telegraph_scraper to 2026-05-29 00:00:00+00:00, run_after=2026-05-30 00:00:00+00:00
[2026-05-29T12:25:56.026+0000] {processor.py:183} INFO - Processing /opt/airflow/dags/telegraph_dag.py took 0.910 seconds
[2026-05-29T12:26:27.368+0000] {processor.py:161} INFO - Started process (PID=3533) to work on /opt/airflow/dags/telegraph_dag.py
[2026-05-29T12:26:27.382+0000] {processor.py:830} INFO - Processing file /opt/airflow/dags/telegraph_dag.py for tasks to queue
[2026-05-29T12:26:27.406+0000] {logging_mixin.py:188} INFO - [2026-05-29T12:26:27.404+0000] {dagbag.py:540} INFO - Filling up the DagBag from /opt/airflow/dags/telegraph_dag.py
[2026-05-29T12:26:27.549+0000] {processor.py:840} INFO - DAG(s) 'telegraph_scraper' retrieved from /opt/airflow/dags/telegraph_dag.py
[2026-05-29T12:26:27.775+0000] {logging_mixin.py:188} INFO - [2026-05-29T12:26:27.774+0000] {dag.py:3047} INFO - Sync 1 DAGs
[2026-05-29T12:26:28.175+0000] {logging_mixin.py:188} INFO - [2026-05-29T12:26:28.170+0000] {dag.py:3834} INFO - Setting next_dagrun for telegraph_scraper to 2026-05-29 00:00:00+00:00, run_after=2026-05-30 00:00:00+00:00
[2026-05-29T12:26:28.557+0000] {processor.py:183} INFO - Processing /opt/airflow/dags/telegraph_dag.py took 1.226 seconds
[2026-05-29T12:27:05.245+0000] {processor.py:161} INFO - Started process (PID=3563) to work on /opt/airflow/dags/telegraph_dag.py
[2026-05-29T12:27:05.273+0000] {processor.py:830} INFO - Processing file /opt/airflow/dags/telegraph_dag.py for tasks to queue
[2026-05-29T12:27:05.360+0000] {logging_mixin.py:188} INFO - [2026-05-29T12:27:05.324+0000] {dagbag.py:540} INFO - Filling up the DagBag from /opt/airflow/dags/telegraph_dag.py
[2026-05-29T12:27:07.244+0000] {processor.py:840} INFO - DAG(s) 'telegraph_scraper' retrieved from /opt/airflow/dags/telegraph_dag.py
[2026-05-29T12:27:07.679+0000] {logging_mixin.py:188} INFO - [2026-05-29T12:27:07.678+0000] {dag.py:3047} INFO - Sync 1 DAGs
[2026-05-29T12:27:07.910+0000] {logging_mixin.py:188} INFO - [2026-05-29T12:27:07.909+0000] {dag.py:3834} INFO - Setting next_dagrun for telegraph_scraper to 2026-05-29 00:00:00+00:00, run_after=2026-05-30 00:00:00+00:00
[2026-05-29T12:27:08.133+0000] {processor.py:183} INFO - Processing /opt/airflow/dags/telegraph_dag.py took 2.957 seconds
[2026-05-29T12:27:38.760+0000] {processor.py:161} INFO - Started process (PID=3593) to work on /opt/airflow/dags/telegraph_dag.py
[2026-05-29T12:27:38.763+0000] {processor.py:830} INFO - Processing file /opt/airflow/dags/telegraph_dag.py for tasks to queue
[2026-05-29T12:27:38.775+0000] {logging_mixin.py:188} INFO - [2026-05-29T12:27:38.773+0000] {dagbag.py:540} INFO - Filling up the DagBag from /opt/airflow/dags/telegraph_dag.py
[2026-05-29T12:27:38.967+0000] {processor.py:840} INFO - DAG(s) 'telegraph_scraper' retrieved from /opt/airflow/dags/telegraph_dag.py
[2026-05-29T12:27:39.097+0000] {logging_mixin.py:188} INFO - [2026-05-29T12:27:39.096+0000] {dag.py:3047} INFO - Sync 1 DAGs
[2026-05-29T12:27:39.188+0000] {logging_mixin.py:188} INFO - [2026-05-29T12:27:39.187+0000] {dag.py:3834} INFO - Setting next_dagrun for telegraph_scraper to 2026-05-29 00:00:00+00:00, run_after=2026-05-30 00:00:00+00:00
[2026-05-29T12:27:39.278+0000] {processor.py:183} INFO - Processing /opt/airflow/dags/telegraph_dag.py took 0.541 seconds
[2026-05-29T12:28:10.274+0000] {processor.py:161} INFO - Started process (PID=3623) to work on /opt/airflow/dags/telegraph_dag.py
[2026-05-29T12:28:10.308+0000] {processor.py:830} INFO - Processing file /opt/airflow/dags/telegraph_dag.py for tasks to queue
[2026-05-29T12:28:10.344+0000] {logging_mixin.py:188} INFO - [2026-05-29T12:28:10.343+0000] {dagbag.py:540} INFO - Filling up the DagBag from /opt/airflow/dags/telegraph_dag.py
[2026-05-29T12:28:10.482+0000] {processor.py:840} INFO - DAG(s) 'telegraph_scraper' retrieved from /opt/airflow/dags/telegraph_dag.py
[2026-05-29T12:28:10.553+0000] {logging_mixin.py:188} INFO - [2026-05-29T12:28:10.552+0000] {dag.py:3047} INFO - Sync 1 DAGs
[2026-05-29T12:28:10.622+0000] {logging_mixin.py:188} INFO - [2026-05-29T12:28:10.621+0000] {dag.py:3834} INFO - Setting next_dagrun for telegraph_scraper to 2026-05-29 00:00:00+00:00, run_after=2026-05-30 00:00:00+00:00
[2026-05-29T12:28:10.703+0000] {processor.py:183} INFO - Processing /opt/airflow/dags/telegraph_dag.py took 0.448 seconds
[2026-05-29T12:28:42.147+0000] {processor.py:161} INFO - Started process (PID=3653) to work on /opt/airflow/dags/telegraph_dag.py
[2026-05-29T12:28:42.158+0000] {processor.py:830} INFO - Processing file /opt/airflow/dags/telegraph_dag.py for tasks to queue
[2026-05-29T12:28:42.165+0000] {logging_mixin.py:188} INFO - [2026-05-29T12:28:42.164+0000] {dagbag.py:540} INFO - Filling up the DagBag from /opt/airflow/dags/telegraph_dag.py
[2026-05-29T12:28:42.290+0000] {processor.py:840} INFO - DAG(s) 'telegraph_scraper' retrieved from /opt/airflow/dags/telegraph_dag.py
[2026-05-29T12:28:42.558+0000] {logging_mixin.py:188} INFO - [2026-05-29T12:28:42.557+0000] {dag.py:3047} INFO - Sync 1 DAGs
[2026-05-29T12:28:42.668+0000] {logging_mixin.py:188} INFO - [2026-05-29T12:28:42.667+0000] {dag.py:3834} INFO - Setting next_dagrun for telegraph_scraper to 2026-05-29 00:00:00+00:00, run_after=2026-05-30 00:00:00+00:00
[2026-05-29T12:28:42.738+0000] {processor.py:183} INFO - Processing /opt/airflow/dags/telegraph_dag.py took 0.637 seconds
[2026-05-29T12:29:13.386+0000] {processor.py:161} INFO - Started process (PID=3683) to work on /opt/airflow/dags/telegraph_dag.py
[2026-05-29T12:29:13.401+0000] {processor.py:830} INFO - Processing file /opt/airflow/dags/telegraph_dag.py for tasks to queue
[2026-05-29T12:29:13.414+0000] {logging_mixin.py:188} INFO - [2026-05-29T12:29:13.413+0000] {dagbag.py:540} INFO - Filling up the DagBag from /opt/airflow/dags/telegraph_dag.py
[2026-05-29T12:29:13.535+0000] {processor.py:840} INFO - DAG(s) 'telegraph_scraper' retrieved from /opt/airflow/dags/telegraph_dag.py
[2026-05-29T12:29:13.660+0000] {logging_mixin.py:188} INFO - [2026-05-29T12:29:13.656+0000] {dag.py:3047} INFO - Sync 1 DAGs
[2026-05-29T12:29:13.776+0000] {logging_mixin.py:188} INFO - [2026-05-29T12:29:13.770+0000] {dag.py:3834} INFO - Setting next_dagrun for telegraph_scraper to 2026-05-29 00:00:00+00:00, run_after=2026-05-30 00:00:00+00:00
[2026-05-29T12:29:13.894+0000] {processor.py:183} INFO - Processing /opt/airflow/dags/telegraph_dag.py took 0.525 seconds
[2026-05-29T12:29:45.824+0000] {processor.py:161} INFO - Started process (PID=3713) to work on /opt/airflow/dags/telegraph_dag.py
[2026-05-29T12:29:45.839+0000] {processor.py:830} INFO - Processing file /opt/airflow/dags/telegraph_dag.py for tasks to queue
[2026-05-29T12:29:45.843+0000] {logging_mixin.py:188} INFO - [2026-05-29T12:29:45.842+0000] {dagbag.py:540} INFO - Filling up the DagBag from /opt/airflow/dags/telegraph_dag.py
[2026-05-29T12:29:45.957+0000] {processor.py:840} INFO - DAG(s) 'telegraph_scraper' retrieved from /opt/airflow/dags/telegraph_dag.py
[2026-05-29T12:29:46.083+0000] {logging_mixin.py:188} INFO - [2026-05-29T12:29:46.082+0000] {dag.py:3047} INFO - Sync 1 DAGs
[2026-05-29T12:29:46.301+0000] {logging_mixin.py:188} INFO - [2026-05-29T12:29:46.297+0000] {dag.py:3834} INFO - Setting next_dagrun for telegraph_scraper to 2026-05-29 00:00:00+00:00, run_after=2026-05-30 00:00:00+00:00
[2026-05-29T12:29:46.490+0000] {processor.py:183} INFO - Processing /opt/airflow/dags/telegraph_dag.py took 0.680 seconds
[2026-05-29T12:30:17.704+0000] {processor.py:161} INFO - Started process (PID=3743) to work on /opt/airflow/dags/telegraph_dag.py
[2026-05-29T12:30:17.709+0000] {processor.py:830} INFO - Processing file /opt/airflow/dags/telegraph_dag.py for tasks to queue
[2026-05-29T12:30:17.718+0000] {logging_mixin.py:188} INFO - [2026-05-29T12:30:17.717+0000] {dagbag.py:540} INFO - Filling up the DagBag from /opt/airflow/dags/telegraph_dag.py
[2026-05-29T12:30:17.801+0000] {processor.py:840} INFO - DAG(s) 'telegraph_scraper' retrieved from /opt/airflow/dags/telegraph_dag.py
[2026-05-29T12:30:17.891+0000] {logging_mixin.py:188} INFO - [2026-05-29T12:30:17.890+0000] {dag.py:3047} INFO - Sync 1 DAGs
[2026-05-29T12:30:17.968+0000] {logging_mixin.py:188} INFO - [2026-05-29T12:30:17.968+0000] {dag.py:3834} INFO - Setting next_dagrun for telegraph_scraper to 2026-05-29 00:00:00+00:00, run_after=2026-05-30 00:00:00+00:00
[2026-05-29T12:30:18.064+0000] {processor.py:183} INFO - Processing /opt/airflow/dags/telegraph_dag.py took 0.391 seconds
[2026-05-29T12:30:49.152+0000] {processor.py:161} INFO - Started process (PID=3773) to work on /opt/airflow/dags/telegraph_dag.py
[2026-05-29T12:30:49.156+0000] {processor.py:830} INFO - Processing file /opt/airflow/dags/telegraph_dag.py for tasks to queue
[2026-05-29T12:30:49.171+0000] {logging_mixin.py:188} INFO - [2026-05-29T12:30:49.170+0000] {dagbag.py:540} INFO - Filling up the DagBag from /opt/airflow/dags/telegraph_dag.py
[2026-05-29T12:30:49.296+0000] {processor.py:840} INFO - DAG(s) 'telegraph_scraper' retrieved from /opt/airflow/dags/telegraph_dag.py
[2026-05-29T12:30:49.497+0000] {logging_mixin.py:188} INFO - [2026-05-29T12:30:49.496+0000] {dag.py:3047} INFO - Sync 1 DAGs
[2026-05-29T12:30:49.730+0000] {logging_mixin.py:188} INFO - [2026-05-29T12:30:49.718+0000] {dag.py:3834} INFO - Setting next_dagrun for telegraph_scraper to 2026-05-29 00:00:00+00:00, run_after=2026-05-30 00:00:00+00:00
[2026-05-29T12:30:49.902+0000] {processor.py:183} INFO - Processing /opt/airflow/dags/telegraph_dag.py took 0.766 seconds
[2026-05-29T12:31:20.098+0000] {processor.py:161} INFO - Started process (PID=3803) to work on /opt/airflow/dags/telegraph_dag.py
[2026-05-29T12:31:20.101+0000] {processor.py:830} INFO - Processing file /opt/airflow/dags/telegraph_dag.py for tasks to queue
[2026-05-29T12:31:20.109+0000] {logging_mixin.py:188} INFO - [2026-05-29T12:31:20.108+0000] {dagbag.py:540} INFO - Filling up the DagBag from /opt/airflow/dags/telegraph_dag.py
[2026-05-29T12:31:20.195+0000] {processor.py:840} INFO - DAG(s) 'telegraph_scraper' retrieved from /opt/airflow/dags/telegraph_dag.py
[2026-05-29T12:31:20.300+0000] {logging_mixin.py:188} INFO - [2026-05-29T12:31:20.299+0000] {dag.py:3047} INFO - Sync 1 DAGs
[2026-05-29T12:31:20.385+0000] {logging_mixin.py:188} INFO - [2026-05-29T12:31:20.384+0000] {dag.py:3834} INFO - Setting next_dagrun for telegraph_scraper to 2026-05-29 00:00:00+00:00, run_after=2026-05-30 00:00:00+00:00
[2026-05-29T12:31:20.457+0000] {processor.py:183} INFO - Processing /opt/airflow/dags/telegraph_dag.py took 0.373 seconds
[2026-05-29T12:31:50.902+0000] {processor.py:161} INFO - Started process (PID=3833) to work on /opt/airflow/dags/telegraph_dag.py
[2026-05-29T12:31:50.906+0000] {processor.py:830} INFO - Processing file /opt/airflow/dags/telegraph_dag.py for tasks to queue
[2026-05-29T12:31:50.910+0000] {logging_mixin.py:188} INFO - [2026-05-29T12:31:50.909+0000] {dagbag.py:540} INFO - Filling up the DagBag from /opt/airflow/dags/telegraph_dag.py
[2026-05-29T12:31:50.974+0000] {processor.py:840} INFO - DAG(s) 'telegraph_scraper' retrieved from /opt/airflow/dags/telegraph_dag.py
[2026-05-29T12:31:51.048+0000] {logging_mixin.py:188} INFO - [2026-05-29T12:31:51.047+0000] {dag.py:3047} INFO - Sync 1 DAGs
[2026-05-29T12:31:51.115+0000] {logging_mixin.py:188} INFO - [2026-05-29T12:31:51.115+0000] {dag.py:3834} INFO - Setting next_dagrun for telegraph_scraper to 2026-05-29 00:00:00+00:00, run_after=2026-05-30 00:00:00+00:00
[2026-05-29T12:31:51.156+0000] {processor.py:183} INFO - Processing /opt/airflow/dags/telegraph_dag.py took 0.281 seconds
[2026-05-29T12:32:21.504+0000] {processor.py:161} INFO - Started process (PID=3863) to work on /opt/airflow/dags/telegraph_dag.py
[2026-05-29T12:32:21.518+0000] {processor.py:830} INFO - Processing file /opt/airflow/dags/telegraph_dag.py for tasks to queue
[2026-05-29T12:32:21.521+0000] {logging_mixin.py:188} INFO - [2026-05-29T12:32:21.520+0000] {dagbag.py:540} INFO - Filling up the DagBag from /opt/airflow/dags/telegraph_dag.py
[2026-05-29T12:32:21.633+0000] {processor.py:840} INFO - DAG(s) 'telegraph_scraper' retrieved from /opt/airflow/dags/telegraph_dag.py
[2026-05-29T12:32:21.721+0000] {logging_mixin.py:188} INFO - [2026-05-29T12:32:21.720+0000] {dag.py:3047} INFO - Sync 1 DAGs
[2026-05-29T12:32:21.814+0000] {logging_mixin.py:188} INFO - [2026-05-29T12:32:21.813+0000] {dag.py:3834} INFO - Setting next_dagrun for telegraph_scraper to 2026-05-29 00:00:00+00:00, run_after=2026-05-30 00:00:00+00:00
[2026-05-29T12:32:21.885+0000] {processor.py:183} INFO - Processing /opt/airflow/dags/telegraph_dag.py took 0.413 seconds
[2026-05-29T12:32:52.262+0000] {processor.py:161} INFO - Started process (PID=3893) to work on /opt/airflow/dags/telegraph_dag.py
[2026-05-29T12:32:52.278+0000] {processor.py:830} INFO - Processing file /opt/airflow/dags/telegraph_dag.py for tasks to queue
[2026-05-29T12:32:52.297+0000] {logging_mixin.py:188} INFO - [2026-05-29T12:32:52.296+0000] {dagbag.py:540} INFO - Filling up the DagBag from /opt/airflow/dags/telegraph_dag.py
[2026-05-29T12:32:52.642+0000] {processor.py:840} INFO - DAG(s) 'telegraph_scraper' retrieved from /opt/airflow/dags/telegraph_dag.py
[2026-05-29T12:32:53.017+0000] {logging_mixin.py:188} INFO - [2026-05-29T12:32:53.015+0000] {dag.py:3047} INFO - Sync 1 DAGs
[2026-05-29T12:32:53.405+0000] {logging_mixin.py:188} INFO - [2026-05-29T12:32:53.404+0000] {dag.py:3834} INFO - Setting next_dagrun for telegraph_scraper to 2026-05-29 00:00:00+00:00, run_after=2026-05-30 00:00:00+00:00
[2026-05-29T12:32:53.712+0000] {processor.py:183} INFO - Processing /opt/airflow/dags/telegraph_dag.py took 1.484 seconds
[2026-05-29T12:33:24.426+0000] {processor.py:161} INFO - Started process (PID=3923) to work on /opt/airflow/dags/telegraph_dag.py
[2026-05-29T12:33:24.429+0000] {processor.py:830} INFO - Processing file /opt/airflow/dags/telegraph_dag.py for tasks to queue
[2026-05-29T12:33:24.432+0000] {logging_mixin.py:188} INFO - [2026-05-29T12:33:24.431+0000] {dagbag.py:540} INFO - Filling up the DagBag from /opt/airflow/dags/telegraph_dag.py
[2026-05-29T12:33:24.487+0000] {processor.py:840} INFO - DAG(s) 'telegraph_scraper' retrieved from /opt/airflow/dags/telegraph_dag.py
[2026-05-29T12:33:24.554+0000] {logging_mixin.py:188} INFO - [2026-05-29T12:33:24.553+0000] {dag.py:3047} INFO - Sync 1 DAGs
[2026-05-29T12:33:24.618+0000] {logging_mixin.py:188} INFO - [2026-05-29T12:33:24.617+0000] {dag.py:3834} INFO - Setting next_dagrun for telegraph_scraper to 2026-05-29 00:00:00+00:00, run_after=2026-05-30 00:00:00+00:00
[2026-05-29T12:33:24.673+0000] {processor.py:183} INFO - Processing /opt/airflow/dags/telegraph_dag.py took 0.256 seconds
[2026-05-29T12:33:58.952+0000] {processor.py:161} INFO - Started process (PID=3953) to work on /opt/airflow/dags/telegraph_dag.py
[2026-05-29T12:33:58.960+0000] {processor.py:830} INFO - Processing file /opt/airflow/dags/telegraph_dag.py for tasks to queue
[2026-05-29T12:33:58.974+0000] {logging_mixin.py:188} INFO - [2026-05-29T12:33:58.972+0000] {dagbag.py:540} INFO - Filling up the DagBag from /opt/airflow/dags/telegraph_dag.py
[2026-05-29T12:33:59.614+0000] {processor.py:840} INFO - DAG(s) 'telegraph_scraper' retrieved from /opt/airflow/dags/telegraph_dag.py
[2026-05-29T12:33:59.979+0000] {logging_mixin.py:188} INFO - [2026-05-29T12:33:59.979+0000] {dag.py:3047} INFO - Sync 1 DAGs
[2026-05-29T12:34:00.943+0000] {logging_mixin.py:188} INFO - [2026-05-29T12:34:00.942+0000] {dag.py:3834} INFO - Setting next_dagrun for telegraph_scraper to 2026-05-29 00:00:00+00:00, run_after=2026-05-30 00:00:00+00:00
[2026-05-29T12:34:02.086+0000] {processor.py:183} INFO - Processing /opt/airflow/dags/telegraph_dag.py took 3.162 seconds
[2026-05-29T12:34:32.776+0000] {processor.py:161} INFO - Started process (PID=3983) to work on /opt/airflow/dags/telegraph_dag.py
[2026-05-29T12:34:32.779+0000] {processor.py:830} INFO - Processing file /opt/airflow/dags/telegraph_dag.py for tasks to queue
[2026-05-29T12:34:32.786+0000] {logging_mixin.py:188} INFO - [2026-05-29T12:34:32.784+0000] {dagbag.py:540} INFO - Filling up the DagBag from /opt/airflow/dags/telegraph_dag.py
[2026-05-29T12:34:32.891+0000] {processor.py:840} INFO - DAG(s) 'telegraph_scraper' retrieved from /opt/airflow/dags/telegraph_dag.py
[2026-05-29T12:34:32.975+0000] {logging_mixin.py:188} INFO - [2026-05-29T12:34:32.974+0000] {dag.py:3047} INFO - Sync 1 DAGs
[2026-05-29T12:34:33.059+0000] {logging_mixin.py:188} INFO - [2026-05-29T12:34:33.059+0000] {dag.py:3834} INFO - Setting next_dagrun for telegraph_scraper to 2026-05-29 00:00:00+00:00, run_after=2026-05-30 00:00:00+00:00
[2026-05-29T12:34:33.298+0000] {processor.py:183} INFO - Processing /opt/airflow/dags/telegraph_dag.py took 0.535 seconds
[2026-05-29T12:35:04.520+0000] {processor.py:161} INFO - Started process (PID=4013) to work on /opt/airflow/dags/telegraph_dag.py
[2026-05-29T12:35:04.523+0000] {processor.py:830} INFO - Processing file /opt/airflow/dags/telegraph_dag.py for tasks to queue
[2026-05-29T12:35:04.539+0000] {logging_mixin.py:188} INFO - [2026-05-29T12:35:04.538+0000] {dagbag.py:540} INFO - Filling up the DagBag from /opt/airflow/dags/telegraph_dag.py
[2026-05-29T12:35:04.762+0000] {processor.py:840} INFO - DAG(s) 'telegraph_scraper' retrieved from /opt/airflow/dags/telegraph_dag.py
[2026-05-29T12:35:04.874+0000] {logging_mixin.py:188} INFO - [2026-05-29T12:35:04.873+0000] {dag.py:3047} INFO - Sync 1 DAGs
[2026-05-29T12:35:04.956+0000] {logging_mixin.py:188} INFO - [2026-05-29T12:35:04.954+0000] {dag.py:3834} INFO - Setting next_dagrun for telegraph_scraper to 2026-05-29 00:00:00+00:00, run_after=2026-05-30 00:00:00+00:00
[2026-05-29T12:35:06.057+0000] {processor.py:183} INFO - Processing /opt/airflow/dags/telegraph_dag.py took 1.556 seconds
[2026-05-29T12:35:36.923+0000] {processor.py:161} INFO - Started process (PID=4043) to work on /opt/airflow/dags/telegraph_dag.py
[2026-05-29T12:35:36.929+0000] {processor.py:830} INFO - Processing file /opt/airflow/dags/telegraph_dag.py for tasks to queue
[2026-05-29T12:35:36.933+0000] {logging_mixin.py:188} INFO - [2026-05-29T12:35:36.932+0000] {dagbag.py:540} INFO - Filling up the DagBag from /opt/airflow/dags/telegraph_dag.py
[2026-05-29T12:35:37.014+0000] {processor.py:840} INFO - DAG(s) 'telegraph_scraper' retrieved from /opt/airflow/dags/telegraph_dag.py
[2026-05-29T12:35:37.095+0000] {logging_mixin.py:188} INFO - [2026-05-29T12:35:37.094+0000] {dag.py:3047} INFO - Sync 1 DAGs
[2026-05-29T12:35:37.178+0000] {logging_mixin.py:188} INFO - [2026-05-29T12:35:37.177+0000] {dag.py:3834} INFO - Setting next_dagrun for telegraph_scraper to 2026-05-29 00:00:00+00:00, run_after=2026-05-30 00:00:00+00:00
[2026-05-29T12:35:37.241+0000] {processor.py:183} INFO - Processing /opt/airflow/dags/telegraph_dag.py took 0.330 seconds
[2026-05-29T12:36:08.529+0000] {processor.py:161} INFO - Started process (PID=4071) to work on /opt/airflow/dags/telegraph_dag.py
[2026-05-29T12:36:08.539+0000] {processor.py:830} INFO - Processing file /opt/airflow/dags/telegraph_dag.py for tasks to queue
[2026-05-29T12:36:08.542+0000] {logging_mixin.py:188} INFO - [2026-05-29T12:36:08.541+0000] {dagbag.py:540} INFO - Filling up the DagBag from /opt/airflow/dags/telegraph_dag.py
[2026-05-29T12:36:08.726+0000] {processor.py:840} INFO - DAG(s) 'telegraph_scraper' retrieved from /opt/airflow/dags/telegraph_dag.py
[2026-05-29T12:36:08.938+0000] {logging_mixin.py:188} INFO - [2026-05-29T12:36:08.937+0000] {dag.py:3047} INFO - Sync 1 DAGs
[2026-05-29T12:36:09.083+0000] {logging_mixin.py:188} INFO - [2026-05-29T12:36:09.083+0000] {dag.py:3834} INFO - Setting next_dagrun for telegraph_scraper to 2026-05-29 00:00:00+00:00, run_after=2026-05-30 00:00:00+00:00
[2026-05-29T12:36:09.236+0000] {processor.py:183} INFO - Processing /opt/airflow/dags/telegraph_dag.py took 0.720 seconds
[2026-05-29T12:36:39.692+0000] {processor.py:161} INFO - Started process (PID=4101) to work on /opt/airflow/dags/telegraph_dag.py
[2026-05-29T12:36:39.695+0000] {processor.py:830} INFO - Processing file /opt/airflow/dags/telegraph_dag.py for tasks to queue
[2026-05-29T12:36:39.699+0000] {logging_mixin.py:188} INFO - [2026-05-29T12:36:39.698+0000] {dagbag.py:540} INFO - Filling up the DagBag from /opt/airflow/dags/telegraph_dag.py
[2026-05-29T12:36:39.763+0000] {processor.py:840} INFO - DAG(s) 'telegraph_scraper' retrieved from /opt/airflow/dags/telegraph_dag.py
[2026-05-29T12:36:39.842+0000] {logging_mixin.py:188} INFO - [2026-05-29T12:36:39.841+0000] {dag.py:3047} INFO - Sync 1 DAGs
[2026-05-29T12:36:39.913+0000] {logging_mixin.py:188} INFO - [2026-05-29T12:36:39.913+0000] {dag.py:3834} INFO - Setting next_dagrun for telegraph_scraper to 2026-05-29 00:00:00+00:00, run_after=2026-05-30 00:00:00+00:00
[2026-05-29T12:36:39.995+0000] {processor.py:183} INFO - Processing /opt/airflow/dags/telegraph_dag.py took 0.315 seconds
[2026-05-29T12:37:10.282+0000] {processor.py:161} INFO - Started process (PID=4128) to work on /opt/airflow/dags/telegraph_dag.py
[2026-05-29T12:37:10.286+0000] {processor.py:830} INFO - Processing file /opt/airflow/dags/telegraph_dag.py for tasks to queue
[2026-05-29T12:37:10.291+0000] {logging_mixin.py:188} INFO - [2026-05-29T12:37:10.290+0000] {dagbag.py:540} INFO - Filling up the DagBag from /opt/airflow/dags/telegraph_dag.py
[2026-05-29T12:37:10.422+0000] {processor.py:840} INFO - DAG(s) 'telegraph_scraper' retrieved from /opt/airflow/dags/telegraph_dag.py
[2026-05-29T12:37:10.583+0000] {logging_mixin.py:188} INFO - [2026-05-29T12:37:10.582+0000] {dag.py:3047} INFO - Sync 1 DAGs
[2026-05-29T12:37:10.829+0000] {logging_mixin.py:188} INFO - [2026-05-29T12:37:10.828+0000] {dag.py:3834} INFO - Setting next_dagrun for telegraph_scraper to 2026-05-29 00:00:00+00:00, run_after=2026-05-30 00:00:00+00:00
[2026-05-29T12:37:11.064+0000] {processor.py:183} INFO - Processing /opt/airflow/dags/telegraph_dag.py took 0.807 seconds
[2026-05-29T12:37:47.118+0000] {processor.py:161} INFO - Started process (PID=4161) to work on /opt/airflow/dags/telegraph_dag.py
[2026-05-29T12:37:47.165+0000] {processor.py:830} INFO - Processing file /opt/airflow/dags/telegraph_dag.py for tasks to queue
[2026-05-29T12:37:47.185+0000] {logging_mixin.py:188} INFO - [2026-05-29T12:37:47.184+0000] {dagbag.py:540} INFO - Filling up the DagBag from /opt/airflow/dags/telegraph_dag.py
[2026-05-29T12:37:49.484+0000] {processor.py:840} INFO - DAG(s) 'telegraph_scraper' retrieved from /opt/airflow/dags/telegraph_dag.py
[2026-05-29T12:37:49.683+0000] {logging_mixin.py:188} INFO - [2026-05-29T12:37:49.681+0000] {dag.py:3047} INFO - Sync 1 DAGs
[2026-05-29T12:37:49.906+0000] {logging_mixin.py:188} INFO - [2026-05-29T12:37:49.906+0000] {dag.py:3834} INFO - Setting next_dagrun for telegraph_scraper to 2026-05-29 00:00:00+00:00, run_after=2026-05-30 00:00:00+00:00
[2026-05-29T12:37:50.119+0000] {processor.py:183} INFO - Processing /opt/airflow/dags/telegraph_dag.py took 3.018 seconds
[2026-05-29T12:38:21.739+0000] {processor.py:161} INFO - Started process (PID=4193) to work on /opt/airflow/dags/telegraph_dag.py
[2026-05-29T12:38:21.746+0000] {processor.py:830} INFO - Processing file /opt/airflow/dags/telegraph_dag.py for tasks to queue
[2026-05-29T12:38:21.754+0000] {logging_mixin.py:188} INFO - [2026-05-29T12:38:21.753+0000] {dagbag.py:540} INFO - Filling up the DagBag from /opt/airflow/dags/telegraph_dag.py
[2026-05-29T12:38:21.931+0000] {processor.py:840} INFO - DAG(s) 'telegraph_scraper' retrieved from /opt/airflow/dags/telegraph_dag.py
[2026-05-29T12:38:22.105+0000] {logging_mixin.py:188} INFO - [2026-05-29T12:38:22.104+0000] {dag.py:3047} INFO - Sync 1 DAGs
[2026-05-29T12:38:22.315+0000] {logging_mixin.py:188} INFO - [2026-05-29T12:38:22.302+0000] {dag.py:3834} INFO - Setting next_dagrun for telegraph_scraper to 2026-05-29 00:00:00+00:00, run_after=2026-05-30 00:00:00+00:00
[2026-05-29T12:38:22.507+0000] {processor.py:183} INFO - Processing /opt/airflow/dags/telegraph_dag.py took 0.788 seconds
[2026-05-29T12:38:53.125+0000] {processor.py:161} INFO - Started process (PID=4223) to work on /opt/airflow/dags/telegraph_dag.py
[2026-05-29T12:38:53.129+0000] {processor.py:830} INFO - Processing file /opt/airflow/dags/telegraph_dag.py for tasks to queue
[2026-05-29T12:38:53.132+0000] {logging_mixin.py:188} INFO - [2026-05-29T12:38:53.131+0000] {dagbag.py:540} INFO - Filling up the DagBag from /opt/airflow/dags/telegraph_dag.py
[2026-05-29T12:38:53.192+0000] {processor.py:840} INFO - DAG(s) 'telegraph_scraper' retrieved from /opt/airflow/dags/telegraph_dag.py
[2026-05-29T12:38:53.339+0000] {logging_mixin.py:188} INFO - [2026-05-29T12:38:53.338+0000] {dag.py:3047} INFO - Sync 1 DAGs
[2026-05-29T12:38:53.579+0000] {logging_mixin.py:188} INFO - [2026-05-29T12:38:53.578+0000] {dag.py:3834} INFO - Setting next_dagrun for telegraph_scraper to 2026-05-29 00:00:00+00:00, run_after=2026-05-30 00:00:00+00:00
[2026-05-29T12:38:53.763+0000] {processor.py:183} INFO - Processing /opt/airflow/dags/telegraph_dag.py took 0.649 seconds
[2026-05-29T12:39:28.292+0000] {processor.py:161} INFO - Started process (PID=4253) to work on /opt/airflow/dags/telegraph_dag.py
[2026-05-29T12:39:28.296+0000] {processor.py:830} INFO - Processing file /opt/airflow/dags/telegraph_dag.py for tasks to queue
[2026-05-29T12:39:28.309+0000] {logging_mixin.py:188} INFO - [2026-05-29T12:39:28.298+0000] {dagbag.py:540} INFO - Filling up the DagBag from /opt/airflow/dags/telegraph_dag.py
[2026-05-29T12:39:28.774+0000] {processor.py:840} INFO - DAG(s) 'telegraph_scraper' retrieved from /opt/airflow/dags/telegraph_dag.py
[2026-05-29T12:39:29.036+0000] {logging_mixin.py:188} INFO - [2026-05-29T12:39:29.035+0000] {dag.py:3047} INFO - Sync 1 DAGs
[2026-05-29T12:39:29.217+0000] {logging_mixin.py:188} INFO - [2026-05-29T12:39:29.216+0000] {dag.py:3834} INFO - Setting next_dagrun for telegraph_scraper to 2026-05-29 00:00:00+00:00, run_after=2026-05-30 00:00:00+00:00
[2026-05-29T12:39:29.446+0000] {processor.py:183} INFO - Processing /opt/airflow/dags/telegraph_dag.py took 1.185 seconds
[2026-05-29T12:39:59.727+0000] {processor.py:161} INFO - Started process (PID=4283) to work on /opt/airflow/dags/telegraph_dag.py
[2026-05-29T12:39:59.730+0000] {processor.py:830} INFO - Processing file /opt/airflow/dags/telegraph_dag.py for tasks to queue
[2026-05-29T12:39:59.735+0000] {logging_mixin.py:188} INFO - [2026-05-29T12:39:59.734+0000] {dagbag.py:540} INFO - Filling up the DagBag from /opt/airflow/dags/telegraph_dag.py
[2026-05-29T12:39:59.801+0000] {processor.py:840} INFO - DAG(s) 'telegraph_scraper' retrieved from /opt/airflow/dags/telegraph_dag.py
[2026-05-29T12:39:59.870+0000] {logging_mixin.py:188} INFO - [2026-05-29T12:39:59.870+0000] {dag.py:3047} INFO - Sync 1 DAGs
[2026-05-29T12:39:59.936+0000] {logging_mixin.py:188} INFO - [2026-05-29T12:39:59.935+0000] {dag.py:3834} INFO - Setting next_dagrun for telegraph_scraper to 2026-05-29 00:00:00+00:00, run_after=2026-05-30 00:00:00+00:00
[2026-05-29T12:40:00.000+0000] {processor.py:183} INFO - Processing /opt/airflow/dags/telegraph_dag.py took 0.284 seconds
[2026-05-29T12:40:31.019+0000] {processor.py:161} INFO - Started process (PID=4313) to work on /opt/airflow/dags/telegraph_dag.py
[2026-05-29T12:40:31.023+0000] {processor.py:830} INFO - Processing file /opt/airflow/dags/telegraph_dag.py for tasks to queue
[2026-05-29T12:40:31.026+0000] {logging_mixin.py:188} INFO - [2026-05-29T12:40:31.025+0000] {dagbag.py:540} INFO - Filling up the DagBag from /opt/airflow/dags/telegraph_dag.py
[2026-05-29T12:40:31.079+0000] {processor.py:840} INFO - DAG(s) 'telegraph_scraper' retrieved from /opt/airflow/dags/telegraph_dag.py
[2026-05-29T12:40:31.146+0000] {logging_mixin.py:188} INFO - [2026-05-29T12:40:31.146+0000] {dag.py:3047} INFO - Sync 1 DAGs
[2026-05-29T12:40:31.210+0000] {logging_mixin.py:188} INFO - [2026-05-29T12:40:31.210+0000] {dag.py:3834} INFO - Setting next_dagrun for telegraph_scraper to 2026-05-29 00:00:00+00:00, run_after=2026-05-30 00:00:00+00:00
[2026-05-29T12:40:31.262+0000] {processor.py:183} INFO - Processing /opt/airflow/dags/telegraph_dag.py took 0.254 seconds
[2026-05-29T12:41:02.292+0000] {processor.py:161} INFO - Started process (PID=4343) to work on /opt/airflow/dags/telegraph_dag.py
[2026-05-29T12:41:02.295+0000] {processor.py:830} INFO - Processing file /opt/airflow/dags/telegraph_dag.py for tasks to queue
[2026-05-29T12:41:02.297+0000] {logging_mixin.py:188} INFO - [2026-05-29T12:41:02.297+0000] {dagbag.py:540} INFO - Filling up the DagBag from /opt/airflow/dags/telegraph_dag.py
[2026-05-29T12:41:02.350+0000] {processor.py:840} INFO - DAG(s) 'telegraph_scraper' retrieved from /opt/airflow/dags/telegraph_dag.py
[2026-05-29T12:41:02.460+0000] {logging_mixin.py:188} INFO - [2026-05-29T12:41:02.459+0000] {dag.py:3047} INFO - Sync 1 DAGs
[2026-05-29T12:41:02.567+0000] {logging_mixin.py:188} INFO - [2026-05-29T12:41:02.566+0000] {dag.py:3834} INFO - Setting next_dagrun for telegraph_scraper to 2026-05-29 00:00:00+00:00, run_after=2026-05-30 00:00:00+00:00
[2026-05-29T12:41:02.699+0000] {processor.py:183} INFO - Processing /opt/airflow/dags/telegraph_dag.py took 0.418 seconds
[2026-05-29T12:41:34.967+0000] {processor.py:161} INFO - Started process (PID=4373) to work on /opt/airflow/dags/telegraph_dag.py
[2026-05-29T12:41:34.971+0000] {processor.py:830} INFO - Processing file /opt/airflow/dags/telegraph_dag.py for tasks to queue
[2026-05-29T12:41:34.974+0000] {logging_mixin.py:188} INFO - [2026-05-29T12:41:34.973+0000] {dagbag.py:540} INFO - Filling up the DagBag from /opt/airflow/dags/telegraph_dag.py
[2026-05-29T12:41:35.047+0000] {processor.py:840} INFO - DAG(s) 'telegraph_scraper' retrieved from /opt/airflow/dags/telegraph_dag.py
[2026-05-29T12:41:35.127+0000] {logging_mixin.py:188} INFO - [2026-05-29T12:41:35.126+0000] {dag.py:3047} INFO - Sync 1 DAGs
[2026-05-29T12:41:35.192+0000] {logging_mixin.py:188} INFO - [2026-05-29T12:41:35.191+0000] {dag.py:3834} INFO - Setting next_dagrun for telegraph_scraper to 2026-05-29 00:00:00+00:00, run_after=2026-05-30 00:00:00+00:00
[2026-05-29T12:41:35.256+0000] {processor.py:183} INFO - Processing /opt/airflow/dags/telegraph_dag.py took 0.300 seconds
[2026-05-29T12:42:05.619+0000] {processor.py:161} INFO - Started process (PID=4396) to work on /opt/airflow/dags/telegraph_dag.py
[2026-05-29T12:42:05.624+0000] {processor.py:830} INFO - Processing file /opt/airflow/dags/telegraph_dag.py for tasks to queue
[2026-05-29T12:42:05.628+0000] {logging_mixin.py:188} INFO - [2026-05-29T12:42:05.627+0000] {dagbag.py:540} INFO - Filling up the DagBag from /opt/airflow/dags/telegraph_dag.py
[2026-05-29T12:42:05.700+0000] {processor.py:840} INFO - DAG(s) 'telegraph_scraper' retrieved from /opt/airflow/dags/telegraph_dag.py
[2026-05-29T12:42:05.861+0000] {logging_mixin.py:188} INFO - [2026-05-29T12:42:05.861+0000] {dag.py:3047} INFO - Sync 1 DAGs
[2026-05-29T12:42:06.006+0000] {logging_mixin.py:188} INFO - [2026-05-29T12:42:06.005+0000] {dag.py:3834} INFO - Setting next_dagrun for telegraph_scraper to 2026-05-29 00:00:00+00:00, run_after=2026-05-30 00:00:00+00:00
[2026-05-29T12:42:06.203+0000] {processor.py:183} INFO - Processing /opt/airflow/dags/telegraph_dag.py took 0.594 seconds
[2026-05-29T12:42:37.937+0000] {processor.py:161} INFO - Started process (PID=4423) to work on /opt/airflow/dags/telegraph_dag.py
[2026-05-29T12:42:37.986+0000] {processor.py:830} INFO - Processing file /opt/airflow/dags/telegraph_dag.py for tasks to queue
[2026-05-29T12:42:37.991+0000] {logging_mixin.py:188} INFO - [2026-05-29T12:42:37.990+0000] {dagbag.py:540} INFO - Filling up the DagBag from /opt/airflow/dags/telegraph_dag.py
[2026-05-29T12:42:39.574+0000] {processor.py:840} INFO - DAG(s) 'telegraph_scraper' retrieved from /opt/airflow/dags/telegraph_dag.py
[2026-05-29T12:42:40.089+0000] {logging_mixin.py:188} INFO - [2026-05-29T12:42:40.088+0000] {dag.py:3047} INFO - Sync 1 DAGs
[2026-05-29T12:42:40.581+0000] {logging_mixin.py:188} INFO - [2026-05-29T12:42:40.581+0000] {dag.py:3834} INFO - Setting next_dagrun for telegraph_scraper to 2026-05-29 00:00:00+00:00, run_after=2026-05-30 00:00:00+00:00
[2026-05-29T12:42:40.893+0000] {processor.py:183} INFO - Processing /opt/airflow/dags/telegraph_dag.py took 2.974 seconds
[2026-05-29T12:43:11.974+0000] {processor.py:161} INFO - Started process (PID=4453) to work on /opt/airflow/dags/telegraph_dag.py
[2026-05-29T12:43:11.988+0000] {processor.py:830} INFO - Processing file /opt/airflow/dags/telegraph_dag.py for tasks to queue
[2026-05-29T12:43:11.991+0000] {logging_mixin.py:188} INFO - [2026-05-29T12:43:11.990+0000] {dagbag.py:540} INFO - Filling up the DagBag from /opt/airflow/dags/telegraph_dag.py
[2026-05-29T12:43:12.124+0000] {processor.py:840} INFO - DAG(s) 'telegraph_scraper' retrieved from /opt/airflow/dags/telegraph_dag.py
[2026-05-29T12:43:12.329+0000] {logging_mixin.py:188} INFO - [2026-05-29T12:43:12.328+0000] {dag.py:3047} INFO - Sync 1 DAGs
[2026-05-29T12:43:12.671+0000] {logging_mixin.py:188} INFO - [2026-05-29T12:43:12.660+0000] {dag.py:3834} INFO - Setting next_dagrun for telegraph_scraper to 2026-05-29 00:00:00+00:00, run_after=2026-05-30 00:00:00+00:00
[2026-05-29T12:43:12.819+0000] {processor.py:183} INFO - Processing /opt/airflow/dags/telegraph_dag.py took 0.879 seconds
[2026-05-29T12:43:46.583+0000] {processor.py:161} INFO - Started process (PID=4483) to work on /opt/airflow/dags/telegraph_dag.py
[2026-05-29T12:43:46.615+0000] {processor.py:830} INFO - Processing file /opt/airflow/dags/telegraph_dag.py for tasks to queue
[2026-05-29T12:43:46.634+0000] {logging_mixin.py:188} INFO - [2026-05-29T12:43:46.633+0000] {dagbag.py:540} INFO - Filling up the DagBag from /opt/airflow/dags/telegraph_dag.py
[2026-05-29T12:43:47.488+0000] {processor.py:840} INFO - DAG(s) 'telegraph_scraper' retrieved from /opt/airflow/dags/telegraph_dag.py
[2026-05-29T12:43:47.674+0000] {logging_mixin.py:188} INFO - [2026-05-29T12:43:47.673+0000] {dag.py:3047} INFO - Sync 1 DAGs
[2026-05-29T12:43:47.910+0000] {logging_mixin.py:188} INFO - [2026-05-29T12:43:47.899+0000] {dag.py:3834} INFO - Setting next_dagrun for telegraph_scraper to 2026-05-29 00:00:00+00:00, run_after=2026-05-30 00:00:00+00:00
[2026-05-29T12:43:48.213+0000] {processor.py:183} INFO - Processing /opt/airflow/dags/telegraph_dag.py took 1.639 seconds
[2026-05-29T12:44:20.909+0000] {processor.py:161} INFO - Started process (PID=4513) to work on /opt/airflow/dags/telegraph_dag.py
[2026-05-29T12:44:20.924+0000] {processor.py:830} INFO - Processing file /opt/airflow/dags/telegraph_dag.py for tasks to queue
[2026-05-29T12:44:21.036+0000] {logging_mixin.py:188} INFO - [2026-05-29T12:44:21.007+0000] {dagbag.py:540} INFO - Filling up the DagBag from /opt/airflow/dags/telegraph_dag.py
[2026-05-29T12:44:21.939+0000] {processor.py:840} INFO - DAG(s) 'telegraph_scraper' retrieved from /opt/airflow/dags/telegraph_dag.py
[2026-05-29T12:44:22.171+0000] {logging_mixin.py:188} INFO - [2026-05-29T12:44:22.170+0000] {dag.py:3047} INFO - Sync 1 DAGs
[2026-05-29T12:44:22.348+0000] {logging_mixin.py:188} INFO - [2026-05-29T12:44:22.348+0000] {dag.py:3834} INFO - Setting next_dagrun for telegraph_scraper to 2026-05-29 00:00:00+00:00, run_after=2026-05-30 00:00:00+00:00
[2026-05-29T12:44:22.564+0000] {processor.py:183} INFO - Processing /opt/airflow/dags/telegraph_dag.py took 1.719 seconds
[2026-05-29T12:44:55.054+0000] {processor.py:161} INFO - Started process (PID=4543) to work on /opt/airflow/dags/telegraph_dag.py
[2026-05-29T12:44:55.069+0000] {processor.py:830} INFO - Processing file /opt/airflow/dags/telegraph_dag.py for tasks to queue
[2026-05-29T12:44:55.090+0000] {logging_mixin.py:188} INFO - [2026-05-29T12:44:55.083+0000] {dagbag.py:540} INFO - Filling up the DagBag from /opt/airflow/dags/telegraph_dag.py
[2026-05-29T12:44:55.300+0000] {processor.py:840} INFO - DAG(s) 'telegraph_scraper' retrieved from /opt/airflow/dags/telegraph_dag.py
[2026-05-29T12:44:55.848+0000] {logging_mixin.py:188} INFO - [2026-05-29T12:44:55.848+0000] {dag.py:3047} INFO - Sync 1 DAGs
[2026-05-29T12:44:56.240+0000] {logging_mixin.py:188} INFO - [2026-05-29T12:44:56.239+0000] {dag.py:3834} INFO - Setting next_dagrun for telegraph_scraper to 2026-05-29 00:00:00+00:00, run_after=2026-05-30 00:00:00+00:00
[2026-05-29T12:44:56.532+0000] {processor.py:183} INFO - Processing /opt/airflow/dags/telegraph_dag.py took 1.531 seconds
[2026-05-29T12:45:27.332+0000] {processor.py:161} INFO - Started process (PID=4573) to work on /opt/airflow/dags/telegraph_dag.py
[2026-05-29T12:45:27.338+0000] {processor.py:830} INFO - Processing file /opt/airflow/dags/telegraph_dag.py for tasks to queue
[2026-05-29T12:45:27.342+0000] {logging_mixin.py:188} INFO - [2026-05-29T12:45:27.341+0000] {dagbag.py:540} INFO - Filling up the DagBag from /opt/airflow/dags/telegraph_dag.py
[2026-05-29T12:45:27.409+0000] {processor.py:840} INFO - DAG(s) 'telegraph_scraper' retrieved from /opt/airflow/dags/telegraph_dag.py
[2026-05-29T12:45:27.516+0000] {logging_mixin.py:188} INFO - [2026-05-29T12:45:27.515+0000] {dag.py:3047} INFO - Sync 1 DAGs
[2026-05-29T12:45:27.587+0000] {logging_mixin.py:188} INFO - [2026-05-29T12:45:27.587+0000] {dag.py:3834} INFO - Setting next_dagrun for telegraph_scraper to 2026-05-29 00:00:00+00:00, run_after=2026-05-30 00:00:00+00:00
[2026-05-29T12:45:27.646+0000] {processor.py:183} INFO - Processing /opt/airflow/dags/telegraph_dag.py took 0.329 seconds
[2026-05-29T12:45:58.146+0000] {processor.py:161} INFO - Started process (PID=4603) to work on /opt/airflow/dags/telegraph_dag.py
[2026-05-29T12:45:58.150+0000] {processor.py:830} INFO - Processing file /opt/airflow/dags/telegraph_dag.py for tasks to queue
[2026-05-29T12:45:58.157+0000] {logging_mixin.py:188} INFO - [2026-05-29T12:45:58.154+0000] {dagbag.py:540} INFO - Filling up the DagBag from /opt/airflow/dags/telegraph_dag.py
[2026-05-29T12:45:58.229+0000] {processor.py:840} INFO - DAG(s) 'telegraph_scraper' retrieved from /opt/airflow/dags/telegraph_dag.py
[2026-05-29T12:45:58.310+0000] {logging_mixin.py:188} INFO - [2026-05-29T12:45:58.310+0000] {dag.py:3047} INFO - Sync 1 DAGs
[2026-05-29T12:45:58.449+0000] {logging_mixin.py:188} INFO - [2026-05-29T12:45:58.449+0000] {dag.py:3834} INFO - Setting next_dagrun for telegraph_scraper to 2026-05-29 00:00:00+00:00, run_after=2026-05-30 00:00:00+00:00
[2026-05-29T12:45:58.525+0000] {processor.py:183} INFO - Processing /opt/airflow/dags/telegraph_dag.py took 0.389 seconds
[2026-05-29T12:46:29.000+0000] {processor.py:161} INFO - Started process (PID=4633) to work on /opt/airflow/dags/telegraph_dag.py
[2026-05-29T12:46:29.004+0000] {processor.py:830} INFO - Processing file /opt/airflow/dags/telegraph_dag.py for tasks to queue
[2026-05-29T12:46:29.013+0000] {logging_mixin.py:188} INFO - [2026-05-29T12:46:29.012+0000] {dagbag.py:540} INFO - Filling up the DagBag from /opt/airflow/dags/telegraph_dag.py
[2026-05-29T12:46:29.103+0000] {processor.py:840} INFO - DAG(s) 'telegraph_scraper' retrieved from /opt/airflow/dags/telegraph_dag.py
[2026-05-29T12:46:29.240+0000] {logging_mixin.py:188} INFO - [2026-05-29T12:46:29.240+0000] {dag.py:3047} INFO - Sync 1 DAGs
[2026-05-29T12:46:29.316+0000] {logging_mixin.py:188} INFO - [2026-05-29T12:46:29.315+0000] {dag.py:3834} INFO - Setting next_dagrun for telegraph_scraper to 2026-05-29 00:00:00+00:00, run_after=2026-05-30 00:00:00+00:00
[2026-05-29T12:46:29.405+0000] {processor.py:183} INFO - Processing /opt/airflow/dags/telegraph_dag.py took 0.424 seconds
[2026-05-29T12:47:00.148+0000] {processor.py:161} INFO - Started process (PID=4663) to work on /opt/airflow/dags/telegraph_dag.py
[2026-05-29T12:47:00.152+0000] {processor.py:830} INFO - Processing file /opt/airflow/dags/telegraph_dag.py for tasks to queue
[2026-05-29T12:47:00.157+0000] {logging_mixin.py:188} INFO - [2026-05-29T12:47:00.156+0000] {dagbag.py:540} INFO - Filling up the DagBag from /opt/airflow/dags/telegraph_dag.py
[2026-05-29T12:47:00.224+0000] {processor.py:840} INFO - DAG(s) 'telegraph_scraper' retrieved from /opt/airflow/dags/telegraph_dag.py
[2026-05-29T12:47:00.313+0000] {logging_mixin.py:188} INFO - [2026-05-29T12:47:00.313+0000] {dag.py:3047} INFO - Sync 1 DAGs
[2026-05-29T12:47:00.397+0000] {logging_mixin.py:188} INFO - [2026-05-29T12:47:00.396+0000] {dag.py:3834} INFO - Setting next_dagrun for telegraph_scraper to 2026-05-29 00:00:00+00:00, run_after=2026-05-30 00:00:00+00:00
[2026-05-29T12:47:00.454+0000] {processor.py:183} INFO - Processing /opt/airflow/dags/telegraph_dag.py took 0.320 seconds
[2026-05-29T12:47:30.851+0000] {processor.py:161} INFO - Started process (PID=4693) to work on /opt/airflow/dags/telegraph_dag.py
[2026-05-29T12:47:30.854+0000] {processor.py:830} INFO - Processing file /opt/airflow/dags/telegraph_dag.py for tasks to queue
[2026-05-29T12:47:30.864+0000] {logging_mixin.py:188} INFO - [2026-05-29T12:47:30.863+0000] {dagbag.py:540} INFO - Filling up the DagBag from /opt/airflow/dags/telegraph_dag.py
[2026-05-29T12:47:30.930+0000] {processor.py:840} INFO - DAG(s) 'telegraph_scraper' retrieved from /opt/airflow/dags/telegraph_dag.py
[2026-05-29T12:47:31.009+0000] {logging_mixin.py:188} INFO - [2026-05-29T12:47:31.008+0000] {dag.py:3047} INFO - Sync 1 DAGs
[2026-05-29T12:47:31.076+0000] {logging_mixin.py:188} INFO - [2026-05-29T12:47:31.076+0000] {dag.py:3834} INFO - Setting next_dagrun for telegraph_scraper to 2026-05-29 00:00:00+00:00, run_after=2026-05-30 00:00:00+00:00
[2026-05-29T12:47:31.146+0000] {processor.py:183} INFO - Processing /opt/airflow/dags/telegraph_dag.py took 0.328 seconds
[2026-05-29T12:48:01.395+0000] {processor.py:161} INFO - Started process (PID=4723) to work on /opt/airflow/dags/telegraph_dag.py
[2026-05-29T12:48:01.399+0000] {processor.py:830} INFO - Processing file /opt/airflow/dags/telegraph_dag.py for tasks to queue
[2026-05-29T12:48:01.404+0000] {logging_mixin.py:188} INFO - [2026-05-29T12:48:01.403+0000] {dagbag.py:540} INFO - Filling up the DagBag from /opt/airflow/dags/telegraph_dag.py
[2026-05-29T12:48:01.481+0000] {processor.py:840} INFO - DAG(s) 'telegraph_scraper' retrieved from /opt/airflow/dags/telegraph_dag.py
[2026-05-29T12:48:01.553+0000] {logging_mixin.py:188} INFO - [2026-05-29T12:48:01.553+0000] {dag.py:3047} INFO - Sync 1 DAGs
[2026-05-29T12:48:01.630+0000] {logging_mixin.py:188} INFO - [2026-05-29T12:48:01.629+0000] {dag.py:3834} INFO - Setting next_dagrun for telegraph_scraper to 2026-05-29 00:00:00+00:00, run_after=2026-05-30 00:00:00+00:00
[2026-05-29T12:48:01.684+0000] {processor.py:183} INFO - Processing /opt/airflow/dags/telegraph_dag.py took 0.303 seconds
[2026-05-29T12:48:32.705+0000] {processor.py:161} INFO - Started process (PID=4753) to work on /opt/airflow/dags/telegraph_dag.py
[2026-05-29T12:48:32.708+0000] {processor.py:830} INFO - Processing file /opt/airflow/dags/telegraph_dag.py for tasks to queue
[2026-05-29T12:48:32.716+0000] {logging_mixin.py:188} INFO - [2026-05-29T12:48:32.716+0000] {dagbag.py:540} INFO - Filling up the DagBag from /opt/airflow/dags/telegraph_dag.py
[2026-05-29T12:48:32.782+0000] {processor.py:840} INFO - DAG(s) 'telegraph_scraper' retrieved from /opt/airflow/dags/telegraph_dag.py
[2026-05-29T12:48:32.856+0000] {logging_mixin.py:188} INFO - [2026-05-29T12:48:32.855+0000] {dag.py:3047} INFO - Sync 1 DAGs
[2026-05-29T12:48:32.926+0000] {logging_mixin.py:188} INFO - [2026-05-29T12:48:32.925+0000] {dag.py:3834} INFO - Setting next_dagrun for telegraph_scraper to 2026-05-29 00:00:00+00:00, run_after=2026-05-30 00:00:00+00:00
[2026-05-29T12:48:33.038+0000] {processor.py:183} INFO - Processing /opt/airflow/dags/telegraph_dag.py took 0.353 seconds
[2026-05-29T12:49:04.043+0000] {processor.py:161} INFO - Started process (PID=4783) to work on /opt/airflow/dags/telegraph_dag.py
[2026-05-29T12:49:04.064+0000] {processor.py:830} INFO - Processing file /opt/airflow/dags/telegraph_dag.py for tasks to queue
[2026-05-29T12:49:04.070+0000] {logging_mixin.py:188} INFO - [2026-05-29T12:49:04.069+0000] {dagbag.py:540} INFO - Filling up the DagBag from /opt/airflow/dags/telegraph_dag.py
[2026-05-29T12:49:04.263+0000] {processor.py:840} INFO - DAG(s) 'telegraph_scraper' retrieved from /opt/airflow/dags/telegraph_dag.py
[2026-05-29T12:49:04.546+0000] {logging_mixin.py:188} INFO - [2026-05-29T12:49:04.545+0000] {dag.py:3047} INFO - Sync 1 DAGs
[2026-05-29T12:49:04.744+0000] {logging_mixin.py:188} INFO - [2026-05-29T12:49:04.743+0000] {dag.py:3834} INFO - Setting next_dagrun for telegraph_scraper to 2026-05-29 00:00:00+00:00, run_after=2026-05-30 00:00:00+00:00
[2026-05-29T12:49:04.904+0000] {processor.py:183} INFO - Processing /opt/airflow/dags/telegraph_dag.py took 0.894 seconds
[2026-05-29T12:49:35.493+0000] {processor.py:161} INFO - Started process (PID=4813) to work on /opt/airflow/dags/telegraph_dag.py
[2026-05-29T12:49:35.504+0000] {processor.py:830} INFO - Processing file /opt/airflow/dags/telegraph_dag.py for tasks to queue
[2026-05-29T12:49:35.526+0000] {logging_mixin.py:188} INFO - [2026-05-29T12:49:35.512+0000] {dagbag.py:540} INFO - Filling up the DagBag from /opt/airflow/dags/telegraph_dag.py
[2026-05-29T12:49:35.845+0000] {processor.py:840} INFO - DAG(s) 'telegraph_scraper' retrieved from /opt/airflow/dags/telegraph_dag.py
[2026-05-29T12:49:35.917+0000] {logging_mixin.py:188} INFO - [2026-05-29T12:49:35.916+0000] {dag.py:3047} INFO - Sync 1 DAGs
[2026-05-29T12:49:35.978+0000] {logging_mixin.py:188} INFO - [2026-05-29T12:49:35.978+0000] {dag.py:3834} INFO - Setting next_dagrun for telegraph_scraper to 2026-05-29 00:00:00+00:00, run_after=2026-05-30 00:00:00+00:00
[2026-05-29T12:49:36.034+0000] {processor.py:183} INFO - Processing /opt/airflow/dags/telegraph_dag.py took 0.566 seconds
[2026-05-29T12:50:06.567+0000] {processor.py:161} INFO - Started process (PID=4843) to work on /opt/airflow/dags/telegraph_dag.py
[2026-05-29T12:50:06.570+0000] {processor.py:830} INFO - Processing file /opt/airflow/dags/telegraph_dag.py for tasks to queue
[2026-05-29T12:50:06.573+0000] {logging_mixin.py:188} INFO - [2026-05-29T12:50:06.572+0000] {dagbag.py:540} INFO - Filling up the DagBag from /opt/airflow/dags/telegraph_dag.py
[2026-05-29T12:50:06.630+0000] {processor.py:840} INFO - DAG(s) 'telegraph_scraper' retrieved from /opt/airflow/dags/telegraph_dag.py
[2026-05-29T12:50:06.698+0000] {logging_mixin.py:188} INFO - [2026-05-29T12:50:06.697+0000] {dag.py:3047} INFO - Sync 1 DAGs
[2026-05-29T12:50:06.775+0000] {logging_mixin.py:188} INFO - [2026-05-29T12:50:06.774+0000] {dag.py:3834} INFO - Setting next_dagrun for telegraph_scraper to 2026-05-29 00:00:00+00:00, run_after=2026-05-30 00:00:00+00:00
[2026-05-29T12:50:06.880+0000] {processor.py:183} INFO - Processing /opt/airflow/dags/telegraph_dag.py took 0.323 seconds
[2026-05-29T12:50:37.414+0000] {processor.py:161} INFO - Started process (PID=4873) to work on /opt/airflow/dags/telegraph_dag.py
[2026-05-29T12:50:37.417+0000] {processor.py:830} INFO - Processing file /opt/airflow/dags/telegraph_dag.py for tasks to queue
[2026-05-29T12:50:37.421+0000] {logging_mixin.py:188} INFO - [2026-05-29T12:50:37.420+0000] {dagbag.py:540} INFO - Filling up the DagBag from /opt/airflow/dags/telegraph_dag.py
[2026-05-29T12:50:37.479+0000] {processor.py:840} INFO - DAG(s) 'telegraph_scraper' retrieved from /opt/airflow/dags/telegraph_dag.py
[2026-05-29T12:50:37.570+0000] {logging_mixin.py:188} INFO - [2026-05-29T12:50:37.569+0000] {dag.py:3047} INFO - Sync 1 DAGs
[2026-05-29T12:50:37.709+0000] {logging_mixin.py:188} INFO - [2026-05-29T12:50:37.708+0000] {dag.py:3834} INFO - Setting next_dagrun for telegraph_scraper to 2026-05-29 00:00:00+00:00, run_after=2026-05-30 00:00:00+00:00
[2026-05-29T12:50:38.000+0000] {processor.py:183} INFO - Processing /opt/airflow/dags/telegraph_dag.py took 0.599 seconds
[2026-05-29T12:51:08.240+0000] {processor.py:161} INFO - Started process (PID=4903) to work on /opt/airflow/dags/telegraph_dag.py
[2026-05-29T12:51:08.245+0000] {processor.py:830} INFO - Processing file /opt/airflow/dags/telegraph_dag.py for tasks to queue
[2026-05-29T12:51:08.249+0000] {logging_mixin.py:188} INFO - [2026-05-29T12:51:08.247+0000] {dagbag.py:540} INFO - Filling up the DagBag from /opt/airflow/dags/telegraph_dag.py
[2026-05-29T12:51:08.303+0000] {processor.py:840} INFO - DAG(s) 'telegraph_scraper' retrieved from /opt/airflow/dags/telegraph_dag.py
[2026-05-29T12:51:08.386+0000] {logging_mixin.py:188} INFO - [2026-05-29T12:51:08.385+0000] {dag.py:3047} INFO - Sync 1 DAGs
[2026-05-29T12:51:08.455+0000] {logging_mixin.py:188} INFO - [2026-05-29T12:51:08.454+0000] {dag.py:3834} INFO - Setting next_dagrun for telegraph_scraper to 2026-05-29 00:00:00+00:00, run_after=2026-05-30 00:00:00+00:00
[2026-05-29T12:51:08.508+0000] {processor.py:183} INFO - Processing /opt/airflow/dags/telegraph_dag.py took 0.279 seconds
[2026-05-29T12:51:38.708+0000] {processor.py:161} INFO - Started process (PID=4933) to work on /opt/airflow/dags/telegraph_dag.py
[2026-05-29T12:51:38.714+0000] {processor.py:830} INFO - Processing file /opt/airflow/dags/telegraph_dag.py for tasks to queue
[2026-05-29T12:51:38.718+0000] {logging_mixin.py:188} INFO - [2026-05-29T12:51:38.717+0000] {dagbag.py:540} INFO - Filling up the DagBag from /opt/airflow/dags/telegraph_dag.py
[2026-05-29T12:51:38.783+0000] {processor.py:840} INFO - DAG(s) 'telegraph_scraper' retrieved from /opt/airflow/dags/telegraph_dag.py
[2026-05-29T12:51:38.854+0000] {logging_mixin.py:188} INFO - [2026-05-29T12:51:38.853+0000] {dag.py:3047} INFO - Sync 1 DAGs
[2026-05-29T12:51:38.919+0000] {logging_mixin.py:188} INFO - [2026-05-29T12:51:38.919+0000] {dag.py:3834} INFO - Setting next_dagrun for telegraph_scraper to 2026-05-29 00:00:00+00:00, run_after=2026-05-30 00:00:00+00:00
[2026-05-29T12:51:38.972+0000] {processor.py:183} INFO - Processing /opt/airflow/dags/telegraph_dag.py took 0.275 seconds
[2026-05-29T12:52:09.869+0000] {processor.py:161} INFO - Started process (PID=4963) to work on /opt/airflow/dags/telegraph_dag.py
[2026-05-29T12:52:09.883+0000] {processor.py:830} INFO - Processing file /opt/airflow/dags/telegraph_dag.py for tasks to queue
[2026-05-29T12:52:09.889+0000] {logging_mixin.py:188} INFO - [2026-05-29T12:52:09.888+0000] {dagbag.py:540} INFO - Filling up the DagBag from /opt/airflow/dags/telegraph_dag.py
[2026-05-29T12:52:09.964+0000] {processor.py:840} INFO - DAG(s) 'telegraph_scraper' retrieved from /opt/airflow/dags/telegraph_dag.py
[2026-05-29T12:52:10.107+0000] {logging_mixin.py:188} INFO - [2026-05-29T12:52:10.107+0000] {dag.py:3047} INFO - Sync 1 DAGs
[2026-05-29T12:52:10.258+0000] {logging_mixin.py:188} INFO - [2026-05-29T12:52:10.257+0000] {dag.py:3834} INFO - Setting next_dagrun for telegraph_scraper to 2026-05-29 00:00:00+00:00, run_after=2026-05-30 00:00:00+00:00
[2026-05-29T12:52:10.333+0000] {processor.py:183} INFO - Processing /opt/airflow/dags/telegraph_dag.py took 0.485 seconds
[2026-05-29T12:52:56.110+0000] {processor.py:161} INFO - Started process (PID=4993) to work on /opt/airflow/dags/telegraph_dag.py
[2026-05-29T12:52:56.127+0000] {processor.py:830} INFO - Processing file /opt/airflow/dags/telegraph_dag.py for tasks to queue
[2026-05-29T12:52:56.146+0000] {logging_mixin.py:188} INFO - [2026-05-29T12:52:56.145+0000] {dagbag.py:540} INFO - Filling up the DagBag from /opt/airflow/dags/telegraph_dag.py
[2026-05-29T12:52:56.770+0000] {processor.py:840} INFO - DAG(s) 'telegraph_scraper' retrieved from /opt/airflow/dags/telegraph_dag.py
[2026-05-29T12:52:57.355+0000] {logging_mixin.py:188} INFO - [2026-05-29T12:52:57.343+0000] {dag.py:3047} INFO - Sync 1 DAGs
[2026-05-29T12:52:58.469+0000] {logging_mixin.py:188} INFO - [2026-05-29T12:52:58.469+0000] {dag.py:3834} INFO - Setting next_dagrun for telegraph_scraper to 2026-05-29 00:00:00+00:00, run_after=2026-05-30 00:00:00+00:00
[2026-05-29T12:52:58.913+0000] {processor.py:183} INFO - Processing /opt/airflow/dags/telegraph_dag.py took 2.852 seconds
[2026-05-29T12:53:30.062+0000] {processor.py:161} INFO - Started process (PID=5023) to work on /opt/airflow/dags/telegraph_dag.py
[2026-05-29T12:53:30.066+0000] {processor.py:830} INFO - Processing file /opt/airflow/dags/telegraph_dag.py for tasks to queue
[2026-05-29T12:53:30.069+0000] {logging_mixin.py:188} INFO - [2026-05-29T12:53:30.068+0000] {dagbag.py:540} INFO - Filling up the DagBag from /opt/airflow/dags/telegraph_dag.py
[2026-05-29T12:53:30.125+0000] {processor.py:840} INFO - DAG(s) 'telegraph_scraper' retrieved from /opt/airflow/dags/telegraph_dag.py
[2026-05-29T12:53:30.192+0000] {logging_mixin.py:188} INFO - [2026-05-29T12:53:30.192+0000] {dag.py:3047} INFO - Sync 1 DAGs
[2026-05-29T12:53:30.268+0000] {logging_mixin.py:188} INFO - [2026-05-29T12:53:30.267+0000] {dag.py:3834} INFO - Setting next_dagrun for telegraph_scraper to 2026-05-29 00:00:00+00:00, run_after=2026-05-30 00:00:00+00:00
[2026-05-29T12:53:30.336+0000] {processor.py:183} INFO - Processing /opt/airflow/dags/telegraph_dag.py took 0.283 seconds
[2026-05-29T12:54:08.381+0000] {processor.py:161} INFO - Started process (PID=5053) to work on /opt/airflow/dags/telegraph_dag.py
[2026-05-29T12:54:08.464+0000] {processor.py:830} INFO - Processing file /opt/airflow/dags/telegraph_dag.py for tasks to queue
[2026-05-29T12:54:08.469+0000] {logging_mixin.py:188} INFO - [2026-05-29T12:54:08.467+0000] {dagbag.py:540} INFO - Filling up the DagBag from /opt/airflow/dags/telegraph_dag.py
[2026-05-29T12:54:08.669+0000] {processor.py:840} INFO - DAG(s) 'telegraph_scraper' retrieved from /opt/airflow/dags/telegraph_dag.py
[2026-05-29T12:54:08.924+0000] {logging_mixin.py:188} INFO - [2026-05-29T12:54:08.923+0000] {dag.py:3047} INFO - Sync 1 DAGs
[2026-05-29T12:54:09.192+0000] {logging_mixin.py:188} INFO - [2026-05-29T12:54:09.181+0000] {dag.py:3834} INFO - Setting next_dagrun for telegraph_scraper to 2026-05-29 00:00:00+00:00, run_after=2026-05-30 00:00:00+00:00
[2026-05-29T12:54:09.476+0000] {processor.py:183} INFO - Processing /opt/airflow/dags/telegraph_dag.py took 1.116 seconds
[2026-05-29T12:54:41.201+0000] {processor.py:161} INFO - Started process (PID=5083) to work on /opt/airflow/dags/telegraph_dag.py
[2026-05-29T12:54:41.214+0000] {processor.py:830} INFO - Processing file /opt/airflow/dags/telegraph_dag.py for tasks to queue
[2026-05-29T12:54:41.229+0000] {logging_mixin.py:188} INFO - [2026-05-29T12:54:41.227+0000] {dagbag.py:540} INFO - Filling up the DagBag from /opt/airflow/dags/telegraph_dag.py
[2026-05-29T12:54:41.676+0000] {processor.py:840} INFO - DAG(s) 'telegraph_scraper' retrieved from /opt/airflow/dags/telegraph_dag.py
[2026-05-29T12:54:41.917+0000] {logging_mixin.py:188} INFO - [2026-05-29T12:54:41.917+0000] {dag.py:3047} INFO - Sync 1 DAGs
[2026-05-29T12:54:42.210+0000] {logging_mixin.py:188} INFO - [2026-05-29T12:54:42.208+0000] {dag.py:3834} INFO - Setting next_dagrun for telegraph_scraper to 2026-05-29 00:00:00+00:00, run_after=2026-05-30 00:00:00+00:00
[2026-05-29T12:54:42.462+0000] {processor.py:183} INFO - Processing /opt/airflow/dags/telegraph_dag.py took 1.294 seconds
[2026-05-29T12:55:13.752+0000] {processor.py:161} INFO - Started process (PID=5113) to work on /opt/airflow/dags/telegraph_dag.py
[2026-05-29T12:55:13.757+0000] {processor.py:830} INFO - Processing file /opt/airflow/dags/telegraph_dag.py for tasks to queue
[2026-05-29T12:55:13.770+0000] {logging_mixin.py:188} INFO - [2026-05-29T12:55:13.769+0000] {dagbag.py:540} INFO - Filling up the DagBag from /opt/airflow/dags/telegraph_dag.py
[2026-05-29T12:55:13.847+0000] {processor.py:840} INFO - DAG(s) 'telegraph_scraper' retrieved from /opt/airflow/dags/telegraph_dag.py
[2026-05-29T12:55:13.939+0000] {logging_mixin.py:188} INFO - [2026-05-29T12:55:13.937+0000] {dag.py:3047} INFO - Sync 1 DAGs
[2026-05-29T12:55:14.009+0000] {logging_mixin.py:188} INFO - [2026-05-29T12:55:14.008+0000] {dag.py:3834} INFO - Setting next_dagrun for telegraph_scraper to 2026-05-29 00:00:00+00:00, run_after=2026-05-30 00:00:00+00:00
[2026-05-29T12:55:14.234+0000] {processor.py:183} INFO - Processing /opt/airflow/dags/telegraph_dag.py took 0.499 seconds
[2026-05-29T12:55:44.707+0000] {processor.py:161} INFO - Started process (PID=5143) to work on /opt/airflow/dags/telegraph_dag.py
[2026-05-29T12:55:44.711+0000] {processor.py:830} INFO - Processing file /opt/airflow/dags/telegraph_dag.py for tasks to queue
[2026-05-29T12:55:44.713+0000] {logging_mixin.py:188} INFO - [2026-05-29T12:55:44.713+0000] {dagbag.py:540} INFO - Filling up the DagBag from /opt/airflow/dags/telegraph_dag.py
[2026-05-29T12:55:44.767+0000] {processor.py:840} INFO - DAG(s) 'telegraph_scraper' retrieved from /opt/airflow/dags/telegraph_dag.py
[2026-05-29T12:55:44.836+0000] {logging_mixin.py:188} INFO - [2026-05-29T12:55:44.836+0000] {dag.py:3047} INFO - Sync 1 DAGs
[2026-05-29T12:55:44.900+0000] {logging_mixin.py:188} INFO - [2026-05-29T12:55:44.899+0000] {dag.py:3834} INFO - Setting next_dagrun for telegraph_scraper to 2026-05-29 00:00:00+00:00, run_after=2026-05-30 00:00:00+00:00
[2026-05-29T12:55:44.953+0000] {processor.py:183} INFO - Processing /opt/airflow/dags/telegraph_dag.py took 0.257 seconds
[2026-05-29T12:56:15.770+0000] {processor.py:161} INFO - Started process (PID=5173) to work on /opt/airflow/dags/telegraph_dag.py
[2026-05-29T12:56:15.774+0000] {processor.py:830} INFO - Processing file /opt/airflow/dags/telegraph_dag.py for tasks to queue
[2026-05-29T12:56:15.777+0000] {logging_mixin.py:188} INFO - [2026-05-29T12:56:15.776+0000] {dagbag.py:540} INFO - Filling up the DagBag from /opt/airflow/dags/telegraph_dag.py
[2026-05-29T12:56:15.873+0000] {processor.py:840} INFO - DAG(s) 'telegraph_scraper' retrieved from /opt/airflow/dags/telegraph_dag.py
[2026-05-29T12:56:15.985+0000] {logging_mixin.py:188} INFO - [2026-05-29T12:56:15.983+0000] {dag.py:3047} INFO - Sync 1 DAGs
[2026-05-29T12:56:16.129+0000] {logging_mixin.py:188} INFO - [2026-05-29T12:56:16.128+0000] {dag.py:3834} INFO - Setting next_dagrun for telegraph_scraper to 2026-05-29 00:00:00+00:00, run_after=2026-05-30 00:00:00+00:00
[2026-05-29T12:56:16.327+0000] {processor.py:183} INFO - Processing /opt/airflow/dags/telegraph_dag.py took 0.575 seconds
[2026-05-29T12:56:46.914+0000] {processor.py:161} INFO - Started process (PID=5203) to work on /opt/airflow/dags/telegraph_dag.py
[2026-05-29T12:56:46.917+0000] {processor.py:830} INFO - Processing file /opt/airflow/dags/telegraph_dag.py for tasks to queue
[2026-05-29T12:56:46.920+0000] {logging_mixin.py:188} INFO - [2026-05-29T12:56:46.919+0000] {dagbag.py:540} INFO - Filling up the DagBag from /opt/airflow/dags/telegraph_dag.py
[2026-05-29T12:56:46.977+0000] {processor.py:840} INFO - DAG(s) 'telegraph_scraper' retrieved from /opt/airflow/dags/telegraph_dag.py
[2026-05-29T12:56:47.070+0000] {logging_mixin.py:188} INFO - [2026-05-29T12:56:47.069+0000] {dag.py:3047} INFO - Sync 1 DAGs
[2026-05-29T12:56:47.133+0000] {logging_mixin.py:188} INFO - [2026-05-29T12:56:47.132+0000] {dag.py:3834} INFO - Setting next_dagrun for telegraph_scraper to 2026-05-29 00:00:00+00:00, run_after=2026-05-30 00:00:00+00:00
[2026-05-29T12:56:47.191+0000] {processor.py:183} INFO - Processing /opt/airflow/dags/telegraph_dag.py took 0.286 seconds
[2026-05-29T12:57:17.314+0000] {processor.py:161} INFO - Started process (PID=5233) to work on /opt/airflow/dags/telegraph_dag.py
[2026-05-29T12:57:17.317+0000] {processor.py:830} INFO - Processing file /opt/airflow/dags/telegraph_dag.py for tasks to queue
[2026-05-29T12:57:17.321+0000] {logging_mixin.py:188} INFO - [2026-05-29T12:57:17.320+0000] {dagbag.py:540} INFO - Filling up the DagBag from /opt/airflow/dags/telegraph_dag.py
[2026-05-29T12:57:17.375+0000] {processor.py:840} INFO - DAG(s) 'telegraph_scraper' retrieved from /opt/airflow/dags/telegraph_dag.py
[2026-05-29T12:57:17.447+0000] {logging_mixin.py:188} INFO - [2026-05-29T12:57:17.446+0000] {dag.py:3047} INFO - Sync 1 DAGs
[2026-05-29T12:57:17.576+0000] {logging_mixin.py:188} INFO - [2026-05-29T12:57:17.575+0000] {dag.py:3834} INFO - Setting next_dagrun for telegraph_scraper to 2026-05-29 00:00:00+00:00, run_after=2026-05-30 00:00:00+00:00
[2026-05-29T12:57:17.835+0000] {processor.py:183} INFO - Processing /opt/airflow/dags/telegraph_dag.py took 0.532 seconds
[2026-05-29T12:57:49.510+0000] {processor.py:161} INFO - Started process (PID=5263) to work on /opt/airflow/dags/telegraph_dag.py
[2026-05-29T12:57:49.530+0000] {processor.py:830} INFO - Processing file /opt/airflow/dags/telegraph_dag.py for tasks to queue
[2026-05-29T12:57:49.540+0000] {logging_mixin.py:188} INFO - [2026-05-29T12:57:49.539+0000] {dagbag.py:540} INFO - Filling up the DagBag from /opt/airflow/dags/telegraph_dag.py
[2026-05-29T12:57:49.686+0000] {processor.py:840} INFO - DAG(s) 'telegraph_scraper' retrieved from /opt/airflow/dags/telegraph_dag.py
[2026-05-29T12:57:49.860+0000] {logging_mixin.py:188} INFO - [2026-05-29T12:57:49.860+0000] {dag.py:3047} INFO - Sync 1 DAGs
[2026-05-29T12:57:50.019+0000] {logging_mixin.py:188} INFO - [2026-05-29T12:57:50.018+0000] {dag.py:3834} INFO - Setting next_dagrun for telegraph_scraper to 2026-05-29 00:00:00+00:00, run_after=2026-05-30 00:00:00+00:00
[2026-05-29T12:57:50.391+0000] {processor.py:183} INFO - Processing /opt/airflow/dags/telegraph_dag.py took 0.900 seconds
[2026-05-29T12:58:21.465+0000] {processor.py:161} INFO - Started process (PID=5293) to work on /opt/airflow/dags/telegraph_dag.py
[2026-05-29T12:58:21.468+0000] {processor.py:830} INFO - Processing file /opt/airflow/dags/telegraph_dag.py for tasks to queue
[2026-05-29T12:58:21.471+0000] {logging_mixin.py:188} INFO - [2026-05-29T12:58:21.470+0000] {dagbag.py:540} INFO - Filling up the DagBag from /opt/airflow/dags/telegraph_dag.py
[2026-05-29T12:58:21.529+0000] {processor.py:840} INFO - DAG(s) 'telegraph_scraper' retrieved from /opt/airflow/dags/telegraph_dag.py
[2026-05-29T12:58:21.601+0000] {logging_mixin.py:188} INFO - [2026-05-29T12:58:21.601+0000] {dag.py:3047} INFO - Sync 1 DAGs
[2026-05-29T12:58:21.674+0000] {logging_mixin.py:188} INFO - [2026-05-29T12:58:21.674+0000] {dag.py:3834} INFO - Setting next_dagrun for telegraph_scraper to 2026-05-29 00:00:00+00:00, run_after=2026-05-30 00:00:00+00:00
[2026-05-29T12:58:21.777+0000] {processor.py:183} INFO - Processing /opt/airflow/dags/telegraph_dag.py took 0.323 seconds
[2026-05-29T12:58:52.397+0000] {processor.py:161} INFO - Started process (PID=5323) to work on /opt/airflow/dags/telegraph_dag.py
[2026-05-29T12:58:52.431+0000] {processor.py:830} INFO - Processing file /opt/airflow/dags/telegraph_dag.py for tasks to queue
[2026-05-29T12:58:52.443+0000] {logging_mixin.py:188} INFO - [2026-05-29T12:58:52.442+0000] {dagbag.py:540} INFO - Filling up the DagBag from /opt/airflow/dags/telegraph_dag.py
[2026-05-29T12:58:52.539+0000] {processor.py:840} INFO - DAG(s) 'telegraph_scraper' retrieved from /opt/airflow/dags/telegraph_dag.py
[2026-05-29T12:58:52.629+0000] {logging_mixin.py:188} INFO - [2026-05-29T12:58:52.628+0000] {dag.py:3047} INFO - Sync 1 DAGs
[2026-05-29T12:58:52.699+0000] {logging_mixin.py:188} INFO - [2026-05-29T12:58:52.698+0000] {dag.py:3834} INFO - Setting next_dagrun for telegraph_scraper to 2026-05-29 00:00:00+00:00, run_after=2026-05-30 00:00:00+00:00
[2026-05-29T12:58:52.749+0000] {processor.py:183} INFO - Processing /opt/airflow/dags/telegraph_dag.py took 0.372 seconds
[2026-05-29T12:59:23.759+0000] {processor.py:161} INFO - Started process (PID=5353) to work on /opt/airflow/dags/telegraph_dag.py
[2026-05-29T12:59:23.763+0000] {processor.py:830} INFO - Processing file /opt/airflow/dags/telegraph_dag.py for tasks to queue
[2026-05-29T12:59:23.767+0000] {logging_mixin.py:188} INFO - [2026-05-29T12:59:23.766+0000] {dagbag.py:540} INFO - Filling up the DagBag from /opt/airflow/dags/telegraph_dag.py
[2026-05-29T12:59:23.838+0000] {processor.py:840} INFO - DAG(s) 'telegraph_scraper' retrieved from /opt/airflow/dags/telegraph_dag.py
[2026-05-29T12:59:23.905+0000] {logging_mixin.py:188} INFO - [2026-05-29T12:59:23.905+0000] {dag.py:3047} INFO - Sync 1 DAGs
[2026-05-29T12:59:23.969+0000] {logging_mixin.py:188} INFO - [2026-05-29T12:59:23.969+0000] {dag.py:3834} INFO - Setting next_dagrun for telegraph_scraper to 2026-05-29 00:00:00+00:00, run_after=2026-05-30 00:00:00+00:00
[2026-05-29T12:59:24.021+0000] {processor.py:183} INFO - Processing /opt/airflow/dags/telegraph_dag.py took 0.282 seconds
[2026-05-29T12:59:54.197+0000] {processor.py:161} INFO - Started process (PID=5383) to work on /opt/airflow/dags/telegraph_dag.py
[2026-05-29T12:59:54.200+0000] {processor.py:830} INFO - Processing file /opt/airflow/dags/telegraph_dag.py for tasks to queue
[2026-05-29T12:59:54.203+0000] {logging_mixin.py:188} INFO - [2026-05-29T12:59:54.202+0000] {dagbag.py:540} INFO - Filling up the DagBag from /opt/airflow/dags/telegraph_dag.py
[2026-05-29T12:59:54.254+0000] {processor.py:840} INFO - DAG(s) 'telegraph_scraper' retrieved from /opt/airflow/dags/telegraph_dag.py
[2026-05-29T12:59:54.321+0000] {logging_mixin.py:188} INFO - [2026-05-29T12:59:54.321+0000] {dag.py:3047} INFO - Sync 1 DAGs
[2026-05-29T12:59:54.391+0000] {logging_mixin.py:188} INFO - [2026-05-29T12:59:54.390+0000] {dag.py:3834} INFO - Setting next_dagrun for telegraph_scraper to 2026-05-29 00:00:00+00:00, run_after=2026-05-30 00:00:00+00:00
[2026-05-29T12:59:54.444+0000] {processor.py:183} INFO - Processing /opt/airflow/dags/telegraph_dag.py took 0.258 seconds
[2026-05-29T13:00:24.617+0000] {processor.py:161} INFO - Started process (PID=5413) to work on /opt/airflow/dags/telegraph_dag.py
[2026-05-29T13:00:24.620+0000] {processor.py:830} INFO - Processing file /opt/airflow/dags/telegraph_dag.py for tasks to queue
[2026-05-29T13:00:24.624+0000] {logging_mixin.py:188} INFO - [2026-05-29T13:00:24.623+0000] {dagbag.py:540} INFO - Filling up the DagBag from /opt/airflow/dags/telegraph_dag.py
[2026-05-29T13:00:24.676+0000] {processor.py:840} INFO - DAG(s) 'telegraph_scraper' retrieved from /opt/airflow/dags/telegraph_dag.py
[2026-05-29T13:00:24.747+0000] {logging_mixin.py:188} INFO - [2026-05-29T13:00:24.746+0000] {dag.py:3047} INFO - Sync 1 DAGs
[2026-05-29T13:00:24.808+0000] {logging_mixin.py:188} INFO - [2026-05-29T13:00:24.808+0000] {dag.py:3834} INFO - Setting next_dagrun for telegraph_scraper to 2026-05-29 00:00:00+00:00, run_after=2026-05-30 00:00:00+00:00
[2026-05-29T13:00:24.860+0000] {processor.py:183} INFO - Processing /opt/airflow/dags/telegraph_dag.py took 0.253 seconds
[2026-05-29T13:00:55.504+0000] {processor.py:161} INFO - Started process (PID=5443) to work on /opt/airflow/dags/telegraph_dag.py
[2026-05-29T13:00:55.507+0000] {processor.py:830} INFO - Processing file /opt/airflow/dags/telegraph_dag.py for tasks to queue
[2026-05-29T13:00:55.510+0000] {logging_mixin.py:188} INFO - [2026-05-29T13:00:55.509+0000] {dagbag.py:540} INFO - Filling up the DagBag from /opt/airflow/dags/telegraph_dag.py
[2026-05-29T13:00:55.564+0000] {processor.py:840} INFO - DAG(s) 'telegraph_scraper' retrieved from /opt/airflow/dags/telegraph_dag.py
[2026-05-29T13:00:55.636+0000] {logging_mixin.py:188} INFO - [2026-05-29T13:00:55.636+0000] {dag.py:3047} INFO - Sync 1 DAGs
[2026-05-29T13:00:55.698+0000] {logging_mixin.py:188} INFO - [2026-05-29T13:00:55.697+0000] {dag.py:3834} INFO - Setting next_dagrun for telegraph_scraper to 2026-05-29 00:00:00+00:00, run_after=2026-05-30 00:00:00+00:00
[2026-05-29T13:00:55.748+0000] {processor.py:183} INFO - Processing /opt/airflow/dags/telegraph_dag.py took 0.255 seconds
[2026-05-29T13:01:26.245+0000] {processor.py:161} INFO - Started process (PID=5473) to work on /opt/airflow/dags/telegraph_dag.py
[2026-05-29T13:01:26.248+0000] {processor.py:830} INFO - Processing file /opt/airflow/dags/telegraph_dag.py for tasks to queue
[2026-05-29T13:01:26.251+0000] {logging_mixin.py:188} INFO - [2026-05-29T13:01:26.250+0000] {dagbag.py:540} INFO - Filling up the DagBag from /opt/airflow/dags/telegraph_dag.py
[2026-05-29T13:01:26.349+0000] {processor.py:840} INFO - DAG(s) 'telegraph_scraper' retrieved from /opt/airflow/dags/telegraph_dag.py
[2026-05-29T13:01:26.475+0000] {logging_mixin.py:188} INFO - [2026-05-29T13:01:26.475+0000] {dag.py:3047} INFO - Sync 1 DAGs
[2026-05-29T13:01:26.590+0000] {logging_mixin.py:188} INFO - [2026-05-29T13:01:26.588+0000] {dag.py:3834} INFO - Setting next_dagrun for telegraph_scraper to 2026-05-29 00:00:00+00:00, run_after=2026-05-30 00:00:00+00:00
[2026-05-29T13:01:26.672+0000] {processor.py:183} INFO - Processing /opt/airflow/dags/telegraph_dag.py took 0.446 seconds
[2026-05-29T13:01:57.501+0000] {processor.py:161} INFO - Started process (PID=5503) to work on /opt/airflow/dags/telegraph_dag.py
[2026-05-29T13:01:57.505+0000] {processor.py:830} INFO - Processing file /opt/airflow/dags/telegraph_dag.py for tasks to queue
[2026-05-29T13:01:57.508+0000] {logging_mixin.py:188} INFO - [2026-05-29T13:01:57.507+0000] {dagbag.py:540} INFO - Filling up the DagBag from /opt/airflow/dags/telegraph_dag.py
[2026-05-29T13:01:57.567+0000] {processor.py:840} INFO - DAG(s) 'telegraph_scraper' retrieved from /opt/airflow/dags/telegraph_dag.py
[2026-05-29T13:01:57.663+0000] {logging_mixin.py:188} INFO - [2026-05-29T13:01:57.663+0000] {dag.py:3047} INFO - Sync 1 DAGs
[2026-05-29T13:01:57.745+0000] {logging_mixin.py:188} INFO - [2026-05-29T13:01:57.745+0000] {dag.py:3834} INFO - Setting next_dagrun for telegraph_scraper to 2026-05-29 00:00:00+00:00, run_after=2026-05-30 00:00:00+00:00
[2026-05-29T13:01:57.815+0000] {processor.py:183} INFO - Processing /opt/airflow/dags/telegraph_dag.py took 0.325 seconds
[2026-05-29T13:02:28.888+0000] {processor.py:161} INFO - Started process (PID=5533) to work on /opt/airflow/dags/telegraph_dag.py
[2026-05-29T13:02:28.891+0000] {processor.py:830} INFO - Processing file /opt/airflow/dags/telegraph_dag.py for tasks to queue
[2026-05-29T13:02:28.903+0000] {logging_mixin.py:188} INFO - [2026-05-29T13:02:28.902+0000] {dagbag.py:540} INFO - Filling up the DagBag from /opt/airflow/dags/telegraph_dag.py
[2026-05-29T13:02:29.127+0000] {processor.py:840} INFO - DAG(s) 'telegraph_scraper' retrieved from /opt/airflow/dags/telegraph_dag.py
[2026-05-29T13:02:29.301+0000] {logging_mixin.py:188} INFO - [2026-05-29T13:02:29.301+0000] {dag.py:3047} INFO - Sync 1 DAGs
[2026-05-29T13:02:29.538+0000] {logging_mixin.py:188} INFO - [2026-05-29T13:02:29.537+0000] {dag.py:3834} INFO - Setting next_dagrun for telegraph_scraper to 2026-05-29 00:00:00+00:00, run_after=2026-05-30 00:00:00+00:00
[2026-05-29T13:02:29.693+0000] {processor.py:183} INFO - Processing /opt/airflow/dags/telegraph_dag.py took 0.825 seconds
[2026-05-29T13:03:00.521+0000] {processor.py:161} INFO - Started process (PID=5563) to work on /opt/airflow/dags/telegraph_dag.py
[2026-05-29T13:03:00.542+0000] {processor.py:830} INFO - Processing file /opt/airflow/dags/telegraph_dag.py for tasks to queue
[2026-05-29T13:03:00.550+0000] {logging_mixin.py:188} INFO - [2026-05-29T13:03:00.549+0000] {dagbag.py:540} INFO - Filling up the DagBag from /opt/airflow/dags/telegraph_dag.py
[2026-05-29T13:03:00.933+0000] {processor.py:840} INFO - DAG(s) 'telegraph_scraper' retrieved from /opt/airflow/dags/telegraph_dag.py
[2026-05-29T13:03:01.232+0000] {logging_mixin.py:188} INFO - [2026-05-29T13:03:01.231+0000] {dag.py:3047} INFO - Sync 1 DAGs
[2026-05-29T13:03:01.421+0000] {logging_mixin.py:188} INFO - [2026-05-29T13:03:01.420+0000] {dag.py:3834} INFO - Setting next_dagrun for telegraph_scraper to 2026-05-29 00:00:00+00:00, run_after=2026-05-30 00:00:00+00:00
[2026-05-29T13:03:01.613+0000] {processor.py:183} INFO - Processing /opt/airflow/dags/telegraph_dag.py took 1.115 seconds
[2026-05-29T13:03:34.446+0000] {processor.py:161} INFO - Started process (PID=5593) to work on /opt/airflow/dags/telegraph_dag.py
[2026-05-29T13:03:34.465+0000] {processor.py:830} INFO - Processing file /opt/airflow/dags/telegraph_dag.py for tasks to queue
[2026-05-29T13:03:34.479+0000] {logging_mixin.py:188} INFO - [2026-05-29T13:03:34.478+0000] {dagbag.py:540} INFO - Filling up the DagBag from /opt/airflow/dags/telegraph_dag.py
[2026-05-29T13:03:34.635+0000] {processor.py:840} INFO - DAG(s) 'telegraph_scraper' retrieved from /opt/airflow/dags/telegraph_dag.py
[2026-05-29T13:03:34.760+0000] {logging_mixin.py:188} INFO - [2026-05-29T13:03:34.760+0000] {dag.py:3047} INFO - Sync 1 DAGs
[2026-05-29T13:03:34.911+0000] {logging_mixin.py:188} INFO - [2026-05-29T13:03:34.910+0000] {dag.py:3834} INFO - Setting next_dagrun for telegraph_scraper to 2026-05-29 00:00:00+00:00, run_after=2026-05-30 00:00:00+00:00
[2026-05-29T13:03:34.981+0000] {processor.py:183} INFO - Processing /opt/airflow/dags/telegraph_dag.py took 0.546 seconds
[2026-05-29T13:04:05.789+0000] {processor.py:161} INFO - Started process (PID=5623) to work on /opt/airflow/dags/telegraph_dag.py
[2026-05-29T13:04:05.792+0000] {processor.py:830} INFO - Processing file /opt/airflow/dags/telegraph_dag.py for tasks to queue
[2026-05-29T13:04:05.796+0000] {logging_mixin.py:188} INFO - [2026-05-29T13:04:05.795+0000] {dagbag.py:540} INFO - Filling up the DagBag from /opt/airflow/dags/telegraph_dag.py
[2026-05-29T13:04:05.867+0000] {processor.py:840} INFO - DAG(s) 'telegraph_scraper' retrieved from /opt/airflow/dags/telegraph_dag.py
[2026-05-29T13:04:05.939+0000] {logging_mixin.py:188} INFO - [2026-05-29T13:04:05.939+0000] {dag.py:3047} INFO - Sync 1 DAGs
[2026-05-29T13:04:06.004+0000] {logging_mixin.py:188} INFO - [2026-05-29T13:04:06.004+0000] {dag.py:3834} INFO - Setting next_dagrun for telegraph_scraper to 2026-05-29 00:00:00+00:00, run_after=2026-05-30 00:00:00+00:00
[2026-05-29T13:04:06.146+0000] {processor.py:183} INFO - Processing /opt/airflow/dags/telegraph_dag.py took 0.370 seconds
[2026-05-29T13:04:36.434+0000] {processor.py:161} INFO - Started process (PID=5653) to work on /opt/airflow/dags/telegraph_dag.py
[2026-05-29T13:04:36.438+0000] {processor.py:830} INFO - Processing file /opt/airflow/dags/telegraph_dag.py for tasks to queue
[2026-05-29T13:04:36.441+0000] {logging_mixin.py:188} INFO - [2026-05-29T13:04:36.440+0000] {dagbag.py:540} INFO - Filling up the DagBag from /opt/airflow/dags/telegraph_dag.py
[2026-05-29T13:04:36.501+0000] {processor.py:840} INFO - DAG(s) 'telegraph_scraper' retrieved from /opt/airflow/dags/telegraph_dag.py
[2026-05-29T13:04:36.574+0000] {logging_mixin.py:188} INFO - [2026-05-29T13:04:36.574+0000] {dag.py:3047} INFO - Sync 1 DAGs
[2026-05-29T13:04:36.770+0000] {logging_mixin.py:188} INFO - [2026-05-29T13:04:36.770+0000] {dag.py:3834} INFO - Setting next_dagrun for telegraph_scraper to 2026-05-29 00:00:00+00:00, run_after=2026-05-30 00:00:00+00:00
[2026-05-29T13:04:36.933+0000] {processor.py:183} INFO - Processing /opt/airflow/dags/telegraph_dag.py took 0.509 seconds
[2026-05-29T13:05:08.876+0000] {processor.py:161} INFO - Started process (PID=5681) to work on /opt/airflow/dags/telegraph_dag.py
[2026-05-29T13:05:08.905+0000] {processor.py:830} INFO - Processing file /opt/airflow/dags/telegraph_dag.py for tasks to queue
[2026-05-29T13:05:08.935+0000] {logging_mixin.py:188} INFO - [2026-05-29T13:05:08.934+0000] {dagbag.py:540} INFO - Filling up the DagBag from /opt/airflow/dags/telegraph_dag.py
[2026-05-29T13:05:09.102+0000] {processor.py:840} INFO - DAG(s) 'telegraph_scraper' retrieved from /opt/airflow/dags/telegraph_dag.py
[2026-05-29T13:05:09.554+0000] {logging_mixin.py:188} INFO - [2026-05-29T13:05:09.553+0000] {dag.py:3047} INFO - Sync 1 DAGs
[2026-05-29T13:05:09.780+0000] {logging_mixin.py:188} INFO - [2026-05-29T13:05:09.779+0000] {dag.py:3834} INFO - Setting next_dagrun for telegraph_scraper to 2026-05-29 00:00:00+00:00, run_after=2026-05-30 00:00:00+00:00
[2026-05-29T13:05:10.104+0000] {processor.py:183} INFO - Processing /opt/airflow/dags/telegraph_dag.py took 1.263 seconds
[2026-05-29T13:05:43.493+0000] {processor.py:161} INFO - Started process (PID=5708) to work on /opt/airflow/dags/telegraph_dag.py
[2026-05-29T13:05:43.522+0000] {processor.py:830} INFO - Processing file /opt/airflow/dags/telegraph_dag.py for tasks to queue
[2026-05-29T13:05:43.585+0000] {logging_mixin.py:188} INFO - [2026-05-29T13:05:43.584+0000] {dagbag.py:540} INFO - Filling up the DagBag from /opt/airflow/dags/telegraph_dag.py
[2026-05-29T13:05:44.652+0000] {processor.py:840} INFO - DAG(s) 'telegraph_scraper' retrieved from /opt/airflow/dags/telegraph_dag.py
[2026-05-29T13:05:44.853+0000] {logging_mixin.py:188} INFO - [2026-05-29T13:05:44.852+0000] {dag.py:3047} INFO - Sync 1 DAGs
[2026-05-29T13:05:45.051+0000] {logging_mixin.py:188} INFO - [2026-05-29T13:05:45.050+0000] {dag.py:3834} INFO - Setting next_dagrun for telegraph_scraper to 2026-05-29 00:00:00+00:00, run_after=2026-05-30 00:00:00+00:00
[2026-05-29T13:05:45.284+0000] {processor.py:183} INFO - Processing /opt/airflow/dags/telegraph_dag.py took 1.803 seconds
[2026-05-29T13:06:31.526+0000] {processor.py:161} INFO - Started process (PID=5736) to work on /opt/airflow/dags/telegraph_dag.py
[2026-05-29T13:06:31.540+0000] {processor.py:830} INFO - Processing file /opt/airflow/dags/telegraph_dag.py for tasks to queue
[2026-05-29T13:06:31.547+0000] {logging_mixin.py:188} INFO - [2026-05-29T13:06:31.546+0000] {dagbag.py:540} INFO - Filling up the DagBag from /opt/airflow/dags/telegraph_dag.py
[2026-05-29T13:06:31.722+0000] {processor.py:840} INFO - DAG(s) 'telegraph_scraper' retrieved from /opt/airflow/dags/telegraph_dag.py
[2026-05-29T13:06:31.960+0000] {logging_mixin.py:188} INFO - [2026-05-29T13:06:31.960+0000] {dag.py:3047} INFO - Sync 1 DAGs
[2026-05-29T13:06:32.204+0000] {logging_mixin.py:188} INFO - [2026-05-29T13:06:32.192+0000] {dag.py:3834} INFO - Setting next_dagrun for telegraph_scraper to 2026-05-29 00:00:00+00:00, run_after=2026-05-30 00:00:00+00:00
[2026-05-29T13:06:32.387+0000] {processor.py:183} INFO - Processing /opt/airflow/dags/telegraph_dag.py took 0.896 seconds
[2026-05-29T13:07:02.873+0000] {processor.py:161} INFO - Started process (PID=5768) to work on /opt/airflow/dags/telegraph_dag.py
[2026-05-29T13:07:02.889+0000] {processor.py:830} INFO - Processing file /opt/airflow/dags/telegraph_dag.py for tasks to queue
[2026-05-29T13:07:02.893+0000] {logging_mixin.py:188} INFO - [2026-05-29T13:07:02.892+0000] {dagbag.py:540} INFO - Filling up the DagBag from /opt/airflow/dags/telegraph_dag.py
[2026-05-29T13:07:02.981+0000] {processor.py:840} INFO - DAG(s) 'telegraph_scraper' retrieved from /opt/airflow/dags/telegraph_dag.py
[2026-05-29T13:07:03.054+0000] {logging_mixin.py:188} INFO - [2026-05-29T13:07:03.053+0000] {dag.py:3047} INFO - Sync 1 DAGs
[2026-05-29T13:07:03.117+0000] {logging_mixin.py:188} INFO - [2026-05-29T13:07:03.117+0000] {dag.py:3834} INFO - Setting next_dagrun for telegraph_scraper to 2026-05-29 00:00:00+00:00, run_after=2026-05-30 00:00:00+00:00
[2026-05-29T13:07:03.172+0000] {processor.py:183} INFO - Processing /opt/airflow/dags/telegraph_dag.py took 0.321 seconds
[2026-05-29T13:07:39.531+0000] {processor.py:161} INFO - Started process (PID=5791) to work on /opt/airflow/dags/telegraph_dag.py
[2026-05-29T13:07:39.593+0000] {processor.py:830} INFO - Processing file /opt/airflow/dags/telegraph_dag.py for tasks to queue
[2026-05-29T13:07:39.629+0000] {logging_mixin.py:188} INFO - [2026-05-29T13:07:39.627+0000] {dagbag.py:540} INFO - Filling up the DagBag from /opt/airflow/dags/telegraph_dag.py
[2026-05-29T13:07:40.540+0000] {processor.py:840} INFO - DAG(s) 'telegraph_scraper' retrieved from /opt/airflow/dags/telegraph_dag.py
[2026-05-29T13:07:40.893+0000] {logging_mixin.py:188} INFO - [2026-05-29T13:07:40.892+0000] {dag.py:3047} INFO - Sync 1 DAGs
[2026-05-29T13:07:41.171+0000] {logging_mixin.py:188} INFO - [2026-05-29T13:07:41.170+0000] {dag.py:3834} INFO - Setting next_dagrun for telegraph_scraper to 2026-05-29 00:00:00+00:00, run_after=2026-05-30 00:00:00+00:00
[2026-05-29T13:07:41.393+0000] {processor.py:183} INFO - Processing /opt/airflow/dags/telegraph_dag.py took 1.925 seconds
[2026-05-29T13:08:12.259+0000] {processor.py:161} INFO - Started process (PID=5821) to work on /opt/airflow/dags/telegraph_dag.py
[2026-05-29T13:08:12.267+0000] {processor.py:830} INFO - Processing file /opt/airflow/dags/telegraph_dag.py for tasks to queue
[2026-05-29T13:08:12.271+0000] {logging_mixin.py:188} INFO - [2026-05-29T13:08:12.269+0000] {dagbag.py:540} INFO - Filling up the DagBag from /opt/airflow/dags/telegraph_dag.py
[2026-05-29T13:08:12.356+0000] {processor.py:840} INFO - DAG(s) 'telegraph_scraper' retrieved from /opt/airflow/dags/telegraph_dag.py
[2026-05-29T13:08:12.449+0000] {logging_mixin.py:188} INFO - [2026-05-29T13:08:12.448+0000] {dag.py:3047} INFO - Sync 1 DAGs
[2026-05-29T13:08:12.520+0000] {logging_mixin.py:188} INFO - [2026-05-29T13:08:12.520+0000] {dag.py:3834} INFO - Setting next_dagrun for telegraph_scraper to 2026-05-29 00:00:00+00:00, run_after=2026-05-30 00:00:00+00:00
[2026-05-29T13:08:12.579+0000] {processor.py:183} INFO - Processing /opt/airflow/dags/telegraph_dag.py took 0.342 seconds
[2026-05-29T13:08:43.672+0000] {processor.py:161} INFO - Started process (PID=5851) to work on /opt/airflow/dags/telegraph_dag.py
[2026-05-29T13:08:43.677+0000] {processor.py:830} INFO - Processing file /opt/airflow/dags/telegraph_dag.py for tasks to queue
[2026-05-29T13:08:43.682+0000] {logging_mixin.py:188} INFO - [2026-05-29T13:08:43.681+0000] {dagbag.py:540} INFO - Filling up the DagBag from /opt/airflow/dags/telegraph_dag.py
[2026-05-29T13:08:43.793+0000] {processor.py:840} INFO - DAG(s) 'telegraph_scraper' retrieved from /opt/airflow/dags/telegraph_dag.py
[2026-05-29T13:08:43.866+0000] {logging_mixin.py:188} INFO - [2026-05-29T13:08:43.865+0000] {dag.py:3047} INFO - Sync 1 DAGs
[2026-05-29T13:08:43.950+0000] {logging_mixin.py:188} INFO - [2026-05-29T13:08:43.949+0000] {dag.py:3834} INFO - Setting next_dagrun for telegraph_scraper to 2026-05-29 00:00:00+00:00, run_after=2026-05-30 00:00:00+00:00
[2026-05-29T13:08:44.026+0000] {processor.py:183} INFO - Processing /opt/airflow/dags/telegraph_dag.py took 0.370 seconds
[2026-05-29T13:09:14.808+0000] {processor.py:161} INFO - Started process (PID=5881) to work on /opt/airflow/dags/telegraph_dag.py
[2026-05-29T13:09:14.814+0000] {processor.py:830} INFO - Processing file /opt/airflow/dags/telegraph_dag.py for tasks to queue
[2026-05-29T13:09:14.819+0000] {logging_mixin.py:188} INFO - [2026-05-29T13:09:14.818+0000] {dagbag.py:540} INFO - Filling up the DagBag from /opt/airflow/dags/telegraph_dag.py
[2026-05-29T13:09:14.886+0000] {processor.py:840} INFO - DAG(s) 'telegraph_scraper' retrieved from /opt/airflow/dags/telegraph_dag.py
[2026-05-29T13:09:14.959+0000] {logging_mixin.py:188} INFO - [2026-05-29T13:09:14.958+0000] {dag.py:3047} INFO - Sync 1 DAGs
[2026-05-29T13:09:15.051+0000] {logging_mixin.py:188} INFO - [2026-05-29T13:09:15.050+0000] {dag.py:3834} INFO - Setting next_dagrun for telegraph_scraper to 2026-05-29 00:00:00+00:00, run_after=2026-05-30 00:00:00+00:00
[2026-05-29T13:09:15.143+0000] {processor.py:183} INFO - Processing /opt/airflow/dags/telegraph_dag.py took 0.347 seconds
[2026-05-29T13:09:45.529+0000] {processor.py:161} INFO - Started process (PID=5911) to work on /opt/airflow/dags/telegraph_dag.py
[2026-05-29T13:09:45.535+0000] {processor.py:830} INFO - Processing file /opt/airflow/dags/telegraph_dag.py for tasks to queue
[2026-05-29T13:09:45.539+0000] {logging_mixin.py:188} INFO - [2026-05-29T13:09:45.537+0000] {dagbag.py:540} INFO - Filling up the DagBag from /opt/airflow/dags/telegraph_dag.py
[2026-05-29T13:09:45.609+0000] {processor.py:840} INFO - DAG(s) 'telegraph_scraper' retrieved from /opt/airflow/dags/telegraph_dag.py
[2026-05-29T13:09:45.684+0000] {logging_mixin.py:188} INFO - [2026-05-29T13:09:45.683+0000] {dag.py:3047} INFO - Sync 1 DAGs
[2026-05-29T13:09:45.755+0000] {logging_mixin.py:188} INFO - [2026-05-29T13:09:45.755+0000] {dag.py:3834} INFO - Setting next_dagrun for telegraph_scraper to 2026-05-29 00:00:00+00:00, run_after=2026-05-30 00:00:00+00:00
[2026-05-29T13:09:45.835+0000] {processor.py:183} INFO - Processing /opt/airflow/dags/telegraph_dag.py took 0.320 seconds
[2026-05-29T13:10:16.521+0000] {processor.py:161} INFO - Started process (PID=5943) to work on /opt/airflow/dags/telegraph_dag.py
[2026-05-29T13:10:16.540+0000] {processor.py:830} INFO - Processing file /opt/airflow/dags/telegraph_dag.py for tasks to queue
[2026-05-29T13:10:16.555+0000] {logging_mixin.py:188} INFO - [2026-05-29T13:10:16.554+0000] {dagbag.py:540} INFO - Filling up the DagBag from /opt/airflow/dags/telegraph_dag.py
[2026-05-29T13:10:16.916+0000] {processor.py:840} INFO - DAG(s) 'telegraph_scraper' retrieved from /opt/airflow/dags/telegraph_dag.py
[2026-05-29T13:10:17.009+0000] {logging_mixin.py:188} INFO - [2026-05-29T13:10:17.008+0000] {dag.py:3047} INFO - Sync 1 DAGs
[2026-05-29T13:10:17.095+0000] {logging_mixin.py:188} INFO - [2026-05-29T13:10:17.095+0000] {dag.py:3834} INFO - Setting next_dagrun for telegraph_scraper to 2026-05-29 00:00:00+00:00, run_after=2026-05-30 00:00:00+00:00
[2026-05-29T13:10:17.165+0000] {processor.py:183} INFO - Processing /opt/airflow/dags/telegraph_dag.py took 0.665 seconds
[2026-05-29T13:10:47.733+0000] {processor.py:161} INFO - Started process (PID=5973) to work on /opt/airflow/dags/telegraph_dag.py
[2026-05-29T13:10:47.740+0000] {processor.py:830} INFO - Processing file /opt/airflow/dags/telegraph_dag.py for tasks to queue
[2026-05-29T13:10:47.744+0000] {logging_mixin.py:188} INFO - [2026-05-29T13:10:47.743+0000] {dagbag.py:540} INFO - Filling up the DagBag from /opt/airflow/dags/telegraph_dag.py
[2026-05-29T13:10:47.833+0000] {processor.py:840} INFO - DAG(s) 'telegraph_scraper' retrieved from /opt/airflow/dags/telegraph_dag.py
[2026-05-29T13:10:47.925+0000] {logging_mixin.py:188} INFO - [2026-05-29T13:10:47.925+0000] {dag.py:3047} INFO - Sync 1 DAGs
[2026-05-29T13:10:47.989+0000] {logging_mixin.py:188} INFO - [2026-05-29T13:10:47.988+0000] {dag.py:3834} INFO - Setting next_dagrun for telegraph_scraper to 2026-05-29 00:00:00+00:00, run_after=2026-05-30 00:00:00+00:00
[2026-05-29T13:10:48.049+0000] {processor.py:183} INFO - Processing /opt/airflow/dags/telegraph_dag.py took 0.331 seconds
[2026-05-29T13:11:18.623+0000] {processor.py:161} INFO - Started process (PID=6006) to work on /opt/airflow/dags/telegraph_dag.py
[2026-05-29T13:11:18.626+0000] {processor.py:830} INFO - Processing file /opt/airflow/dags/telegraph_dag.py for tasks to queue
[2026-05-29T13:11:18.630+0000] {logging_mixin.py:188} INFO - [2026-05-29T13:11:18.629+0000] {dagbag.py:540} INFO - Filling up the DagBag from /opt/airflow/dags/telegraph_dag.py
[2026-05-29T13:11:18.717+0000] {processor.py:840} INFO - DAG(s) 'telegraph_scraper' retrieved from /opt/airflow/dags/telegraph_dag.py
[2026-05-29T13:11:18.807+0000] {logging_mixin.py:188} INFO - [2026-05-29T13:11:18.807+0000] {dag.py:3047} INFO - Sync 1 DAGs
[2026-05-29T13:11:18.878+0000] {logging_mixin.py:188} INFO - [2026-05-29T13:11:18.878+0000] {dag.py:3834} INFO - Setting next_dagrun for telegraph_scraper to 2026-05-29 00:00:00+00:00, run_after=2026-05-30 00:00:00+00:00
[2026-05-29T13:11:18.977+0000] {processor.py:183} INFO - Processing /opt/airflow/dags/telegraph_dag.py took 0.365 seconds
[2026-05-29T13:11:49.380+0000] {processor.py:161} INFO - Started process (PID=6033) to work on /opt/airflow/dags/telegraph_dag.py
[2026-05-29T13:11:49.402+0000] {processor.py:830} INFO - Processing file /opt/airflow/dags/telegraph_dag.py for tasks to queue
[2026-05-29T13:11:49.412+0000] {logging_mixin.py:188} INFO - [2026-05-29T13:11:49.411+0000] {dagbag.py:540} INFO - Filling up the DagBag from /opt/airflow/dags/telegraph_dag.py
[2026-05-29T13:11:49.603+0000] {processor.py:840} INFO - DAG(s) 'telegraph_scraper' retrieved from /opt/airflow/dags/telegraph_dag.py
[2026-05-29T13:11:49.755+0000] {logging_mixin.py:188} INFO - [2026-05-29T13:11:49.755+0000] {dag.py:3047} INFO - Sync 1 DAGs
[2026-05-29T13:11:49.943+0000] {logging_mixin.py:188} INFO - [2026-05-29T13:11:49.942+0000] {dag.py:3834} INFO - Setting next_dagrun for telegraph_scraper to 2026-05-29 00:00:00+00:00, run_after=2026-05-30 00:00:00+00:00
[2026-05-29T13:11:50.798+0000] {processor.py:183} INFO - Processing /opt/airflow/dags/telegraph_dag.py took 1.457 seconds
[2026-05-29T13:12:21.370+0000] {processor.py:161} INFO - Started process (PID=6063) to work on /opt/airflow/dags/telegraph_dag.py
[2026-05-29T13:12:21.374+0000] {processor.py:830} INFO - Processing file /opt/airflow/dags/telegraph_dag.py for tasks to queue
[2026-05-29T13:12:21.377+0000] {logging_mixin.py:188} INFO - [2026-05-29T13:12:21.376+0000] {dagbag.py:540} INFO - Filling up the DagBag from /opt/airflow/dags/telegraph_dag.py
[2026-05-29T13:12:21.459+0000] {processor.py:840} INFO - DAG(s) 'telegraph_scraper' retrieved from /opt/airflow/dags/telegraph_dag.py
[2026-05-29T13:12:21.536+0000] {logging_mixin.py:188} INFO - [2026-05-29T13:12:21.535+0000] {dag.py:3047} INFO - Sync 1 DAGs
[2026-05-29T13:12:21.821+0000] {logging_mixin.py:188} INFO - [2026-05-29T13:12:21.820+0000] {dag.py:3834} INFO - Setting next_dagrun for telegraph_scraper to 2026-05-29 00:00:00+00:00, run_after=2026-05-30 00:00:00+00:00
[2026-05-29T13:12:22.060+0000] {processor.py:183} INFO - Processing /opt/airflow/dags/telegraph_dag.py took 0.703 seconds
[2026-05-29T13:12:54.327+0000] {processor.py:161} INFO - Started process (PID=6096) to work on /opt/airflow/dags/telegraph_dag.py
[2026-05-29T13:12:54.338+0000] {processor.py:830} INFO - Processing file /opt/airflow/dags/telegraph_dag.py for tasks to queue
[2026-05-29T13:12:54.347+0000] {logging_mixin.py:188} INFO - [2026-05-29T13:12:54.346+0000] {dagbag.py:540} INFO - Filling up the DagBag from /opt/airflow/dags/telegraph_dag.py
[2026-05-29T13:12:54.535+0000] {processor.py:840} INFO - DAG(s) 'telegraph_scraper' retrieved from /opt/airflow/dags/telegraph_dag.py
[2026-05-29T13:12:54.857+0000] {logging_mixin.py:188} INFO - [2026-05-29T13:12:54.856+0000] {dag.py:3047} INFO - Sync 1 DAGs
[2026-05-29T13:12:55.139+0000] {logging_mixin.py:188} INFO - [2026-05-29T13:12:55.138+0000] {dag.py:3834} INFO - Setting next_dagrun for telegraph_scraper to 2026-05-29 00:00:00+00:00, run_after=2026-05-30 00:00:00+00:00
[2026-05-29T13:12:55.309+0000] {processor.py:183} INFO - Processing /opt/airflow/dags/telegraph_dag.py took 1.014 seconds
[2026-05-29T13:13:31.560+0000] {processor.py:161} INFO - Started process (PID=6121) to work on /opt/airflow/dags/telegraph_dag.py
[2026-05-29T13:13:31.643+0000] {processor.py:830} INFO - Processing file /opt/airflow/dags/telegraph_dag.py for tasks to queue
[2026-05-29T13:13:31.647+0000] {logging_mixin.py:188} INFO - [2026-05-29T13:13:31.646+0000] {dagbag.py:540} INFO - Filling up the DagBag from /opt/airflow/dags/telegraph_dag.py
[2026-05-29T13:13:34.390+0000] {processor.py:840} INFO - DAG(s) 'telegraph_scraper' retrieved from /opt/airflow/dags/telegraph_dag.py
[2026-05-29T13:13:34.683+0000] {logging_mixin.py:188} INFO - [2026-05-29T13:13:34.682+0000] {dag.py:3047} INFO - Sync 1 DAGs
[2026-05-29T13:13:34.869+0000] {logging_mixin.py:188} INFO - [2026-05-29T13:13:34.868+0000] {dag.py:3834} INFO - Setting next_dagrun for telegraph_scraper to 2026-05-29 00:00:00+00:00, run_after=2026-05-30 00:00:00+00:00
[2026-05-29T13:13:35.073+0000] {processor.py:183} INFO - Processing /opt/airflow/dags/telegraph_dag.py took 3.532 seconds
[2026-05-29T13:14:10.236+0000] {processor.py:161} INFO - Started process (PID=6151) to work on /opt/airflow/dags/telegraph_dag.py
[2026-05-29T13:14:10.286+0000] {processor.py:830} INFO - Processing file /opt/airflow/dags/telegraph_dag.py for tasks to queue
[2026-05-29T13:14:10.292+0000] {logging_mixin.py:188} INFO - [2026-05-29T13:14:10.292+0000] {dagbag.py:540} INFO - Filling up the DagBag from /opt/airflow/dags/telegraph_dag.py
[2026-05-29T13:14:10.914+0000] {processor.py:840} INFO - DAG(s) 'telegraph_scraper' retrieved from /opt/airflow/dags/telegraph_dag.py
[2026-05-29T13:14:11.233+0000] {logging_mixin.py:188} INFO - [2026-05-29T13:14:11.232+0000] {dag.py:3047} INFO - Sync 1 DAGs
[2026-05-29T13:14:11.492+0000] {logging_mixin.py:188} INFO - [2026-05-29T13:14:11.480+0000] {dag.py:3834} INFO - Setting next_dagrun for telegraph_scraper to 2026-05-29 00:00:00+00:00, run_after=2026-05-30 00:00:00+00:00
[2026-05-29T13:14:11.661+0000] {processor.py:183} INFO - Processing /opt/airflow/dags/telegraph_dag.py took 1.444 seconds
[2026-05-29T13:14:42.487+0000] {processor.py:161} INFO - Started process (PID=6183) to work on /opt/airflow/dags/telegraph_dag.py
[2026-05-29T13:14:42.491+0000] {processor.py:830} INFO - Processing file /opt/airflow/dags/telegraph_dag.py for tasks to queue
[2026-05-29T13:14:42.494+0000] {logging_mixin.py:188} INFO - [2026-05-29T13:14:42.493+0000] {dagbag.py:540} INFO - Filling up the DagBag from /opt/airflow/dags/telegraph_dag.py
[2026-05-29T13:14:42.551+0000] {processor.py:840} INFO - DAG(s) 'telegraph_scraper' retrieved from /opt/airflow/dags/telegraph_dag.py
[2026-05-29T13:14:42.632+0000] {logging_mixin.py:188} INFO - [2026-05-29T13:14:42.632+0000] {dag.py:3047} INFO - Sync 1 DAGs
[2026-05-29T13:14:42.697+0000] {logging_mixin.py:188} INFO - [2026-05-29T13:14:42.696+0000] {dag.py:3834} INFO - Setting next_dagrun for telegraph_scraper to 2026-05-29 00:00:00+00:00, run_after=2026-05-30 00:00:00+00:00
[2026-05-29T13:14:42.750+0000] {processor.py:183} INFO - Processing /opt/airflow/dags/telegraph_dag.py took 0.274 seconds
[2026-05-29T13:15:12.900+0000] {processor.py:161} INFO - Started process (PID=6213) to work on /opt/airflow/dags/telegraph_dag.py
[2026-05-29T13:15:12.915+0000] {processor.py:830} INFO - Processing file /opt/airflow/dags/telegraph_dag.py for tasks to queue
[2026-05-29T13:15:12.934+0000] {logging_mixin.py:188} INFO - [2026-05-29T13:15:12.932+0000] {dagbag.py:540} INFO - Filling up the DagBag from /opt/airflow/dags/telegraph_dag.py
[2026-05-29T13:15:13.329+0000] {processor.py:840} INFO - DAG(s) 'telegraph_scraper' retrieved from /opt/airflow/dags/telegraph_dag.py
[2026-05-29T13:15:13.530+0000] {logging_mixin.py:188} INFO - [2026-05-29T13:15:13.530+0000] {dag.py:3047} INFO - Sync 1 DAGs
[2026-05-29T13:15:13.644+0000] {logging_mixin.py:188} INFO - [2026-05-29T13:15:13.643+0000] {dag.py:3834} INFO - Setting next_dagrun for telegraph_scraper to 2026-05-29 00:00:00+00:00, run_after=2026-05-30 00:00:00+00:00
[2026-05-29T13:15:14.122+0000] {processor.py:183} INFO - Processing /opt/airflow/dags/telegraph_dag.py took 1.235 seconds
